order_item_id,order_id,item_id,quantity,unit_price,discount_amount
5059292,1024327,17,1,12.49,0.00
5059293,1024327,19,2,3.99,0.00
5059294,1024327,30,1,3.29,0.00
5059295,1024328,11,2,13.49,0.00
5059296,1024329,10,4,10.99,6.59
5059297,1024329,34,1,4.49,0.67
5059298,1024330,17,1,12.49,0.00
5059299,1024330,20,1,4.49,0.00
5059300,1024330,27,1,2.49,0.00
5059301,1024331,17,1,12.49,0.00
5059302,1024331,26,1,2.49,0.00
5059303,1024331,33,1,5.49,0.00
5059304,1024332,4,1,14.99,0.00
5059305,1024332,1,1,11.49,0.00
5059306,1024333,2,1,11.99,0.00
5059307,1024333,34,1,4.49,0.00
5059308,1024333,28,1,3.49,0.00
5059309,1024334,6,1,12.99,0.00
5059310,1024334,17,1,12.49,0.00
5059311,1024334,27,1,2.49,0.00
5059312,1024335,1,1,11.49,0.00
5059313,1024335,20,1,4.49,0.00
5059314,1024335,27,1,2.49,0.00
5059315,1024335,25,1,6.49,0.00
5059316,1024336,17,-2,12.49,0.00
5059317,1024336,7,2,11.99,0.00
5059318,1024336,18,1,5.49,0.00
5059319,1024336,29,1,3.49,0.00
5059320,1024337,9,1,13.99,0.00
5059321,1024337,19,1,3.99,0.00
5059322,1024338,10,1,10.99,0.00
5059323,1024338,21,1,3.99,0.00
5059324,1024339,1,1,11.49,0.00
5059325,1024340,2,1,11.99,0.00
5059326,1024340,20,1,4.49,0.00
5059327,1024341,17,1,12.49,0.00
5059328,1024341,32,1,4.99,0.00
5059329,1024341,18,1,5.49,0.00
5059330,1024342,17,2,12.49,3.75
5059331,1024342,27,1,2.49,0.37
5059332,1024342,25,1,6.49,0.97
5059333,1024343,13,1,9.99,0.00
5059334,1024343,24,2,3.49,0.00
5059335,1024343,19,1,3.99,0.00
5059336,1024344,17,1,12.49,0.00
5059337,1024344,34,1,4.49,0.00
5059338,1024344,30,2,3.29,0.00
5059339,1024345,17,1,12.49,0.00
5059340,1024345,18,3,5.49,0.00
5059341,1024346,1,1,11.49,0.00
5059342,1024346,26,1,2.49,0.00
5059343,1024346,19,2,3.99,0.00
5059344,1024346,18,1,5.49,0.00
5059345,1024347,7,1,11.99,0.00
5059346,1024348,1,1,11.49,0.00
5059347,1024348,27,1,2.49,0.00
5059348,1024348,19,1,3.99,0.00
5059349,1024348,20,1,4.49,0.00
5059350,1024348,29,3,3.49,0.00
5059351,1024349,11,1,13.49,0.00
5059352,1024349,20,2,4.49,0.00
5059353,1024349,26,1,2.49,0.00
5059354,1024350,13,1,9.99,0.00
5059355,1024350,24,1,3.49,0.00
5059356,1024350,23,1,3.99,0.00
5059357,1024350,20,1,4.49,0.00
5059358,1024351,17,1,12.49,0.00
5059359,1024351,28,1,3.49,0.00
5059360,1024351,25,1,6.49,0.00
5059361,1024351,30,1,3.29,0.00
5059362,1024352,1,3,11.49,0.00
5059363,1024353,8,1,12.49,0.00
5059364,1024353,29,1,3.49,0.00
5059365,1024354,8,1,12.49,0.00
5059366,1024354,27,1,2.49,0.00
5059367,1024355,3,1,10.49,0.00
5059368,1024356,17,1,12.49,0.00
5059369,1024356,28,1,3.49,0.00
5059370,1024356,32,1,4.99,0.00
5059371,1024357,7,1,11.99,0.00
5059372,1024357,26,1,2.49,0.00
5059373,1024357,2,1,11.99,0.00
5059374,1024358,2,1,11.99,0.00
5059375,1024358,18,1,5.49,0.00
5059376,1024358,31,1,3.49,0.00
5059377,1024359,1,2,11.49,0.00
5059378,1024359,20,1,4.49,0.00
5059379,1024359,21,3,3.99,0.00
5059380,1024359,27,1,2.49,0.00
5059381,1024360,17,1,12.49,0.00
5059382,1024360,22,1,4.49,0.00
5059383,1024360,32,1,4.99,0.00
5059384,1024361,13,1,9.99,0.00
5059385,1024361,20,1,4.49,0.00
5059386,1024362,1,1,11.49,0.00
5059387,1024362,31,1,3.49,0.00
5059388,1024362,17,1,12.49,0.00
5059389,1024363,17,1,12.49,0.00
5059390,1024364,17,1,12.49,0.00
5059391,1024365,17,1,12.49,0.00
5059392,1024365,18,2,5.49,0.00
5059393,1024365,27,1,2.49,0.00
5059394,1024366,4,1,14.99,0.00
5059395,1024367,1,1,11.49,0.00
5059396,1024367,23,1,3.99,0.00
5059397,1024367,30,1,3.29,0.00
5059398,1024368,17,2,12.49,0.00
5059399,1024368,26,1,2.49,0.00
5059400,1024369,5,1,13.49,0.00
5059401,1024369,26,1,2.49,0.00
5059402,1024370,8,1,12.49,0.00
5059403,1024370,18,1,5.49,0.00
5059404,1024371,17,1,12.49,1.87
5059405,1024372,17,1,12.49,0.00
5059406,1024372,20,1,4.49,0.00
5059407,1024372,32,1,4.99,0.00
5059408,1024372,27,1,2.49,0.00
5059409,1024373,6,1,12.99,0.00
5059410,1024373,29,2,3.49,0.00
5059411,1024373,23,2,3.99,0.00
5059412,1024373,8,2,12.49,0.00
5059413,1024374,7,2,11.99,0.00
5059414,1024375,16,1,10.49,0.00
5059415,1024375,32,1,4.99,0.00
5059416,1024376,16,1,10.49,0.00
5059417,1024376,19,1,3.99,0.00
5059418,1024376,33,1,5.49,0.00
5059419,1024377,2,1,11.99,0.00
5059420,1024377,33,1,5.49,0.00
5059421,1024378,17,1,12.49,0.00
5059422,1024378,27,1,2.49,0.00
5059423,1024379,15,1,10.99,0.00
5059424,1024379,21,2,3.99,0.00
5059425,1024379,25,1,6.49,0.00
5059426,1024379,20,1,4.49,0.00
5059427,1024380,3,3,10.49,0.00
5059428,1024380,23,1,3.99,0.00
5059429,1024381,2,2,11.99,0.00
5059430,1024381,34,3,4.49,0.00
5059431,1024382,17,1,12.49,1.87
5059432,1024383,7,1,11.99,0.00
5059433,1024384,4,1,14.99,0.00
5059434,1024384,26,1,2.49,0.00
5059435,1024384,18,1,5.49,0.00
5059436,1024385,5,1,13.49,0.00
5059437,1024385,25,1,6.49,0.00
5059438,1024385,33,1,5.49,0.00
5059439,1024385,18,1,5.49,0.00
5059440,1024385,24,1,3.49,0.00
5059441,1024386,17,2,12.49,0.00
5059442,1024386,34,1,4.49,0.00
5059443,1024387,8,1,12.49,1.87
5059444,1024387,32,1,4.99,0.75
5059445,1024388,8,3,12.49,0.00
5059446,1024389,8,1,12.49,0.00
5059447,1024389,23,2,3.99,0.00
5059448,1024389,33,1,5.49,0.00
5059449,1024390,17,1,12.49,0.00
5059450,1024390,31,1,3.49,0.00
5059451,1024390,27,1,2.49,0.00
5059452,1024391,9,1,13.99,0.00
5059453,1024391,33,1,5.49,0.00
5059454,1024392,17,1,12.49,0.00
5059455,1024392,26,1,2.49,0.00
5059456,1024393,10,1,10.99,0.00
5059457,1024393,27,1,2.49,0.00
5059458,1024394,9,2,13.99,0.00
5059459,1024395,17,2,12.49,0.00
5059460,1024395,26,1,2.49,0.00
5059461,1024396,3,1,10.49,0.00
5059462,1024397,10,2,10.99,3.30
5059463,1024397,35,1,2.99,0.45
5059464,1024397,31,1,3.49,0.52
5059465,1024397,18,1,5.49,0.82
5059466,1024398,1,1,11.49,0.00
5059467,1024398,21,1,3.99,0.00
5059468,1024398,20,1,4.49,0.00
5059469,1024398,30,2,3.29,0.00
5059470,1024399,11,1,13.49,0.00
5059471,1024399,22,1,4.49,0.00
5059472,1024399,26,1,2.49,0.00
5059473,1024400,1,1,11.49,0.00
5059474,1024400,19,1,3.99,0.00
5059475,1024401,6,1,12.99,0.00
5059476,1024401,19,3,3.99,0.00
5059477,1024402,6,1,12.99,0.00
5059478,1024403,17,1,12.49,1.87
5059479,1024404,17,1,12.49,0.00
5059480,1024405,3,1,10.49,0.00
5059481,1024405,26,2,2.49,0.00
5059482,1024405,4,2,14.99,0.00
5059483,1024405,27,1,2.49,0.00
5059484,1024406,17,1,12.49,0.00
5059485,1024406,23,1,3.99,0.00
5059486,1024406,27,1,2.49,0.00
5059487,1024406,34,1,4.49,0.00
5059488,1024406,29,2,3.49,0.00
5059489,1024406,6,1,12.99,0.00
5059490,1024407,11,2,13.49,0.00
5059491,1024408,17,1,12.49,0.00
5059492,1024408,19,3,3.99,0.00
5059493,1024408,25,1,6.49,0.00
5059494,1024408,22,1,4.49,0.00
5059495,1024409,17,2,12.49,0.00
5059496,1024409,29,1,3.49,0.00
5059497,1024409,21,1,3.99,0.00
5059498,1024409,22,1,4.49,0.00
5059499,1024410,17,1,12.49,0.00
5059500,1024411,6,1,12.99,0.00
5059501,1024411,17,1,12.49,0.00
5059502,1024412,5,2,13.49,0.00
5059503,1024412,35,1,2.99,0.00
5059504,1024413,3,1,10.49,0.00
5059505,1024413,20,1,4.49,0.00
5059506,1024413,32,1,4.99,0.00
5059507,1024414,17,1,12.49,0.00
5059508,1024414,20,1,4.49,0.00
5059509,1024415,1,2,11.49,0.00
5059510,1024415,23,1,3.99,0.00
5059511,1024416,16,1,10.49,0.00
5059512,1024416,27,1,2.49,0.00
5059513,1024416,32,1,4.99,0.00
5059514,1024417,14,2,10.49,0.00
5059515,1024418,10,1,10.99,0.00
5059516,1024418,26,1,2.49,0.00
5059517,1024418,18,1,5.49,0.00
5059518,1024419,4,1,14.99,0.00
5059519,1024419,25,1,6.49,0.00
5059520,1024419,34,1,4.49,0.00
5059521,1024420,17,1,12.49,0.00
5059522,1024420,31,2,3.49,0.00
5059523,1024421,17,1,12.49,0.00
5059524,1024421,21,1,3.99,0.00
5059525,1024422,15,2,10.99,0.00
5059526,1024422,34,1,4.49,0.00
5059527,1024422,30,1,3.29,0.00
5059528,1024423,16,2,10.49,0.00
5059529,1024424,17,3,12.49,0.00
5059530,1024425,2,1,11.99,0.00
5059531,1024425,23,1,3.99,0.00
5059532,1024426,16,1,10.49,0.00
5059533,1024426,18,1,5.49,0.00
5059534,1024426,35,1,2.99,0.00
5059535,1024427,8,1,12.49,0.00
5059536,1024428,6,1,12.99,0.00
5059537,1024428,30,1,3.29,0.00
5059538,1024428,18,3,5.49,0.00
5059539,1024428,26,1,2.49,0.00
5059540,1024428,25,1,6.49,0.00
5059541,1024429,7,1,11.99,0.00
5059542,1024429,31,1,3.49,0.00
5059543,1024430,17,1,12.49,0.00
5059544,1024430,24,1,3.49,0.00
5059545,1024431,13,0,9.99,0.00
5059546,1024431,30,1,3.29,0.00
5059547,1024431,20,1,4.49,0.00
5059548,1024432,12,1,18.99,0.00
5059549,1024432,21,1,3.99,0.00
5059550,1024432,32,1,4.99,0.00
5059551,1024433,17,1,12.49,0.00
5059552,1024433,21,1,3.99,0.00
5059553,1024434,10,1,10.99,0.00
5059554,1024434,21,1,3.99,0.00
5059555,1024435,16,1,10.49,0.00
5059556,1024435,28,1,3.49,0.00
5059557,1024436,11,1,13.49,0.00
5059558,1024436,31,1,3.49,0.00
5059559,1024437,10,1,10.99,0.00
5059560,1024437,23,1,3.99,0.00
5059561,1024437,26,1,2.49,0.00
5059562,1024438,10,1,10.99,0.00
5059563,1024438,27,2,2.49,0.00
5059564,1024438,22,1,4.49,0.00
5059565,1024439,17,1,12.49,0.00
5059566,1024439,21,1,3.99,0.00
5059567,1024439,34,1,4.49,0.00
5059568,1024439,18,1,5.49,0.00
5059569,1024439,26,1,2.49,0.00
5059570,1024440,15,2,10.99,0.00
5059571,1024440,20,1,4.49,0.00
5059572,1024440,31,1,3.49,0.00
5059573,1024441,10,1,10.99,0.00
5059574,1024441,27,2,2.49,0.00
5059575,1024441,9,1,13.99,0.00
5059576,1024441,25,1,6.49,0.00
5059577,1024442,2,-1,11.99,0.00
5059578,1024442,34,1,4.49,0.00
5059579,1024442,24,1,3.49,0.00
5059580,1024443,4,1,14.99,0.00
5059581,1024443,27,1,2.49,0.00
5059582,1024443,24,1,3.49,0.00
5059583,1024443,25,1,6.49,0.00
5059584,1024444,1,2,11.49,0.00
5059585,1024444,23,1,3.99,0.00
5059586,1024445,5,3,13.49,0.00
5059587,1024445,34,1,4.49,0.00
5059588,1024446,2,1,11.99,0.00
5059589,1024446,26,1,2.49,0.00
5059590,1024447,6,1,12.99,0.00
5059591,1024447,27,1,2.49,0.00
5059592,1024447,18,1,5.49,0.00
5059593,1024448,5,1,13.49,0.00
5059594,1024449,14,2,10.49,0.00
5059595,1024449,26,1,2.49,0.00
5059596,1024449,19,1,3.99,0.00
5059597,1024450,1,1,11.49,0.00
5059598,1024450,19,1,3.99,0.00
5059599,1024450,30,1,3.29,0.00
5059600,1024451,1,3,11.49,0.00
5059601,1024451,18,1,5.49,0.00
5059602,1024451,32,1,4.99,0.00
5059603,1024451,20,1,4.49,0.00
5059604,1024451,17,1,12.49,0.00
5059605,1024451,22,1,4.49,0.00
5059606,1024452,6,1,12.99,1.95
5059607,1024452,34,1,4.49,0.67
5059608,1024453,11,1,13.49,0.00
5059609,1024453,29,1,3.49,0.00
5059610,1024454,6,1,12.99,0.00
5059611,1024455,16,1,10.49,0.00
5059612,1024456,8,1,12.49,0.00
5059613,1024456,27,2,2.49,0.00
5059614,1024456,28,1,3.49,0.00
5059615,1024457,1,1,11.49,0.00
5059616,1024457,24,1,3.49,0.00
5059617,1024458,2,1,11.99,0.00
5059618,1024458,26,1,2.49,0.00
5059619,1024458,32,1,4.99,0.00
5059620,1024459,9,1,13.99,0.00
5059621,1024459,33,1,5.49,0.00
5059622,1024460,11,1,13.49,0.00
5059623,1024460,20,2,4.49,0.00
5059624,1024460,33,2,5.49,0.00
5059625,1024460,18,1,5.49,0.00
5059626,1024461,6,1,12.99,0.00
5059627,1024461,33,1,5.49,0.00
5059628,1024462,4,1,14.99,0.00
5059629,1024462,18,3,5.49,0.00
5059630,1024462,32,1,4.99,0.00
5059631,1024462,25,1,6.49,0.00
5059632,1024462,5,1,13.49,0.00
5059633,1024463,9,1,13.99,0.00
5059634,1024463,31,2,3.49,0.00
5059635,1024463,28,1,3.49,0.00
5059636,1024463,34,1,4.49,0.00
5059637,1024464,17,1,12.49,0.00
5059638,1024465,13,1,9.99,0.00
5059639,1024466,6,1,12.99,0.00
5059640,1024466,28,1,3.49,0.00
5059641,1024467,17,1,12.49,0.00
5059642,1024467,29,1,3.49,0.00
5059643,1024467,7,1,11.99,0.00
5059644,1024468,17,1,12.49,0.00
5059645,1024469,1,1,11.49,0.00
5059646,1024469,2,1,11.99,0.00
5059647,1024469,21,1,3.99,0.00
5059648,1024470,14,2,10.49,0.00
5059649,1024470,26,1,2.49,0.00
5059650,1024470,2,1,11.99,0.00
5059651,1024470,32,1,4.99,0.00
5059652,1024470,30,1,3.29,0.00
5059653,1024471,3,1,10.49,0.00
5059654,1024472,14,1,10.49,0.00
5059655,1024472,30,1,3.29,0.00
5059656,1024473,6,1,12.99,0.00
5059657,1024474,7,1,11.99,0.00
5059658,1024474,25,1,6.49,0.00
5059659,1024474,21,1,3.99,0.00
5059660,1024474,23,1,3.99,0.00
5059661,1024475,3,1,10.49,0.00
5059662,1024475,27,1,2.49,0.00
5059663,1024476,11,1,13.49,0.00
5059664,1024477,7,1,11.99,0.00
5059665,1024477,26,1,2.49,0.00
5059666,1024477,31,1,3.49,0.00
5059667,1024478,15,1,10.99,1.65
5059668,1024479,1,1,11.49,0.00
5059669,1024479,28,1,3.49,0.00
5059670,1024480,4,1,14.99,0.00
5059671,1024480,35,1,2.99,0.00
5059672,1024480,26,1,2.49,0.00
5059673,1024481,1,1,11.49,0.00
5059674,1024481,32,1,4.99,0.00
5059675,1024482,17,1,12.49,0.00
5059676,1024482,23,1,3.99,0.00
5059677,1024482,26,1,2.49,0.00
5059678,1024483,16,1,10.49,0.00
5059679,1024483,26,1,2.49,0.00
5059680,1024483,8,1,12.49,0.00
5059681,1024484,8,1,12.49,0.00
5059682,1024484,30,1,3.29,0.00
5059683,1024485,6,1,12.99,0.00
5059684,1024486,11,3,13.49,6.07
5059685,1024486,30,4,3.29,1.97
5059686,1024486,33,1,5.49,0.82
5059687,1024486,18,1,5.49,0.82
5059688,1024487,5,1,13.49,0.00
5059689,1024487,20,1,4.49,0.00
5059690,1024487,22,1,4.49,0.00
5059691,1024487,28,1,3.49,0.00
5059692,1024488,3,1,10.49,0.00
5059693,1024488,23,2,3.99,0.00
5059694,1024488,33,1,5.49,0.00
5059695,1024489,5,1,13.49,0.00
5059696,1024489,27,2,2.49,0.00
5059697,1024489,34,1,4.49,0.00
5059698,1024490,17,1,12.49,0.00
5059699,1024490,21,1,3.99,0.00
5059700,1024490,18,1,5.49,0.00
5059701,1024491,7,1,11.99,0.00
5059702,1024492,17,1,12.49,0.00
5059703,1024493,3,1,10.49,0.00
5059704,1024493,19,1,3.99,0.00
5059705,1024494,12,2,18.99,0.00
5059706,1024494,26,1,2.49,0.00
5059707,1024495,15,2,10.99,0.00
5059708,1024496,17,2,12.49,0.00
5059709,1024496,19,1,3.99,0.00
5059710,1024497,16,1,10.49,0.00
5059711,1024497,22,1,4.49,0.00
5059712,1024498,11,1,13.49,0.00
5059713,1024498,20,1,4.49,0.00
5059714,1024498,21,1,3.99,0.00
5059715,1024499,9,1,13.99,0.00
5059716,1024499,26,1,2.49,0.00
5059717,1024500,7,1,11.99,0.00
5059718,1024500,17,1,12.49,0.00
5059719,1024500,26,2,2.49,0.00
5059720,1024501,13,1,9.99,0.00
5059721,1024502,4,2,14.99,0.00
5059722,1024502,19,1,3.99,0.00
5059723,1024502,20,1,4.49,0.00
5059724,1024502,26,1,2.49,0.00
5059725,1024503,1,1,11.49,0.00
5059726,1024503,21,3,3.99,0.00
5059727,1024504,3,1,10.49,1.57
5059728,1024505,3,1,10.49,1.57
5059729,1024505,31,1,3.49,0.52
5059730,1024505,26,1,2.49,0.37
5059731,1024505,7,1,11.99,1.80
5059732,1024506,16,1,10.49,0.00
5059733,1024506,23,1,3.99,0.00
5059734,1024506,25,1,6.49,0.00
5059735,1024507,3,1,10.49,0.00
5059736,1024507,21,1,3.99,0.00
5059737,1024508,1,1,11.49,0.00
5059738,1024508,10,1,10.99,0.00
5059739,1024508,26,2,2.49,0.00
5059740,1024508,20,1,4.49,0.00
5059741,1024508,19,2,3.99,0.00
5059742,1024509,17,1,12.49,0.00
5059743,1024509,31,1,3.49,0.00
5059744,1024510,12,1,18.99,0.00
5059745,1024510,20,1,4.49,0.00
5059746,1024510,1,3,11.49,0.00
5059747,1024510,33,3,5.49,0.00
5059748,1024510,11,1,13.49,0.00
5059749,1024511,5,1,13.49,0.00
5059750,1024511,28,1,3.49,0.00
5059751,1024512,9,1,13.99,0.00
5059752,1024512,26,3,2.49,0.00
5059753,1024512,35,1,2.99,0.00
5059754,1024513,10,1,10.99,0.00
5059755,1024513,19,3,3.99,0.00
5059756,1024513,20,1,4.49,0.00
5059757,1024514,17,1,12.49,0.00
5059758,1024514,23,2,3.99,0.00
5059759,1024514,26,1,2.49,0.00
5059760,1024515,6,1,12.99,0.00
5059761,1024515,19,1,3.99,0.00
5059762,1024516,1,1,11.49,0.00
5059763,1024516,27,1,2.49,0.00
5059764,1024516,19,1,3.99,0.00
5059765,1024516,21,3,3.99,0.00
5059766,1024517,17,1,12.49,0.00
5059767,1024517,22,1,4.49,0.00
5059768,1024518,3,1,10.49,0.00
5059769,1024518,34,1,4.49,0.00
5059770,1024519,17,1,12.49,0.00
5059771,1024519,21,1,3.99,0.00
5059772,1024520,3,1,10.49,0.00
5059773,1024520,29,1,3.49,0.00
5059774,1024520,24,1,3.49,0.00
5059775,1024520,22,1,4.49,0.00
5059776,1024520,26,1,2.49,0.00
5059777,1024521,9,1,13.99,0.00
5059778,1024521,17,1,12.49,0.00
5059779,1024521,27,1,2.49,0.00
5059780,1024521,22,1,4.49,0.00
5059781,1024522,17,1,12.49,0.00
5059782,1024522,20,1,4.49,0.00
5059783,1024522,32,1,4.99,0.00
5059784,1024523,2,1,11.99,0.00
5059785,1024523,30,1,3.29,0.00
5059786,1024523,28,1,3.49,0.00
5059787,1024523,21,2,3.99,0.00
5059788,1024524,14,1,10.49,0.00
5059789,1024524,31,2,3.49,0.00
5059790,1024525,3,1,10.49,0.00
5059791,1024525,24,1,3.49,0.00
5059792,1024525,28,1,3.49,0.00
5059793,1024525,7,1,11.99,0.00
5059794,1024526,17,0,12.49,1.87
5059795,1024526,20,1,4.49,0.67
5059796,1024527,14,1,10.49,0.00
5059797,1024528,17,1,12.49,0.00
5059798,1024528,19,1,3.99,0.00
5059799,1024529,1,2,11.49,0.00
5059800,1024530,9,1,13.99,2.10
5059801,1024531,17,1,12.49,0.00
5059802,1024531,26,1,2.49,0.00
5059803,1024532,7,1,11.99,0.00
5059804,1024532,26,1,2.49,0.00
5059805,1024533,7,1,11.99,0.00
5059806,1024534,13,1,9.99,0.00
5059807,1024534,19,1,3.99,0.00
5059808,1024534,21,1,3.99,0.00
5059809,1024535,17,1,12.49,0.00
5059810,1024535,31,1,3.49,0.00
5059811,1024535,23,1,3.99,0.00
5059812,1024535,21,1,3.99,0.00
5059813,1024536,17,1,12.49,0.00
5059814,1024536,29,1,3.49,0.00
5059815,1024537,9,2,13.99,0.00
5059816,1024537,24,1,3.49,0.00
5059817,1024538,17,1,12.49,0.00
5059818,1024538,27,1,2.49,0.00
5059819,1024538,21,1,3.99,0.00
5059820,1024539,16,1,10.49,0.00
5059821,1024539,27,1,2.49,0.00
5059822,1024539,33,1,5.49,0.00
5059823,1024540,5,1,13.49,0.00
5059824,1024540,27,1,2.49,0.00
5059825,1024540,6,3,12.99,0.00
5059826,1024541,17,1,12.49,0.00
5059827,1024541,18,1,5.49,0.00
5059828,1024541,20,1,4.49,0.00
5059829,1024541,28,2,3.49,0.00
5059830,1024542,7,3,11.99,5.40
5059831,1024542,25,1,6.49,0.97
5059832,1024543,7,1,11.99,0.00
5059833,1024543,27,1,2.49,0.00
5059834,1024544,7,1,11.99,0.00
5059835,1024545,6,1,12.99,0.00
5059836,1024545,18,1,5.49,0.00
5059837,1024546,4,1,14.99,0.00
5059838,1024546,22,1,4.49,0.00
5059839,1024546,21,1,3.99,0.00
5059840,1024547,8,1,12.49,0.00
5059841,1024548,9,1,13.99,0.00
5059842,1024548,25,2,6.49,0.00
5059843,1024549,7,1,11.99,0.00
5059844,1024550,3,1,10.49,0.00
5059845,1024550,25,1,6.49,0.00
5059846,1024550,17,1,12.49,0.00
5059847,1024551,16,1,10.49,0.00
5059848,1024551,27,1,2.49,0.00
5059849,1024552,10,1,10.99,0.00
5059850,1024552,26,1,2.49,0.00
5059851,1024552,20,2,4.49,0.00
5059852,1024552,30,3,3.29,0.00
5059853,1024553,16,1,10.49,0.00
5059854,1024554,9,3,13.99,0.00
5059855,1024554,22,2,4.49,0.00
5059856,1024555,4,1,14.99,2.25
5059857,1024556,1,1,11.49,0.00
5059858,1024556,26,1,2.49,0.00
5059859,1024556,19,2,3.99,0.00
5059860,1024556,32,1,4.99,0.00
5059861,1024557,7,1,11.99,0.00
5059862,1024557,29,1,3.49,0.00
5059863,1024558,17,1,12.49,0.00
5059864,1024558,18,1,5.49,0.00
5059865,1024558,21,1,3.99,0.00
5059866,1024558,27,1,2.49,0.00
5059867,1024559,8,1,12.49,0.00
5059868,1024559,26,1,2.49,0.00
5059869,1024560,9,1,13.99,0.00
5059870,1024560,30,1,3.29,0.00
5059871,1024561,8,1,12.49,0.00
5059872,1024561,32,1,4.99,0.00
5059873,1024561,26,1,2.49,0.00
5059874,1024561,9,1,13.99,0.00
5059875,1024561,25,1,6.49,0.00
5059876,1024562,12,3,18.99,0.00
5059877,1024562,19,2,3.99,0.00
5059878,1024562,31,1,3.49,0.00
5059879,1024562,18,1,5.49,0.00
5059880,1024562,29,1,3.49,0.00
5059881,1024563,17,1,12.49,0.00
5059882,1024563,26,1,2.49,0.00
5059883,1024564,11,2,13.49,0.00
5059884,1024565,6,1,12.99,0.00
5059885,1024565,1,1,11.49,0.00
5059886,1024566,9,1,13.99,2.10
5059887,1024567,3,1,10.49,0.00
5059888,1024567,18,1,5.49,0.00
5059889,1024568,15,1,10.99,0.00
5059890,1024569,17,3,12.49,0.00
5059891,1024570,4,1,14.99,0.00
5059892,1024570,18,1,5.49,0.00
5059893,1024570,20,1,4.49,0.00
5059894,1024571,17,1,12.49,0.00
5059895,1024572,8,1,12.49,0.00
5059896,1024572,29,1,3.49,0.00
5059897,1024573,6,1,12.99,0.00
5059898,1024573,22,1,4.49,0.00
5059899,1024574,13,1,9.99,0.00
5059900,1024574,6,2,12.99,0.00
5059901,1024575,1,2,11.49,0.00
5059902,1024576,17,1,12.49,0.00
5059903,1024576,19,-1,3.99,0.00
5059904,1024576,26,1,2.49,0.00
5059905,1024577,15,1,10.99,0.00
5059906,1024577,29,1,3.49,0.00
5059907,1024577,26,1,2.49,0.00
5059908,1024578,16,1,10.49,0.00
5059909,1024578,27,1,2.49,0.00
5059910,1024578,19,2,3.99,0.00
5059911,1024579,14,2,10.49,0.00
5059912,1024579,24,1,3.49,0.00
5059913,1024580,9,2,13.99,0.00
5059914,1024580,18,2,5.49,0.00
5059915,1024581,6,1,12.99,0.00
5059916,1024581,19,2,3.99,0.00
5059917,1024582,13,1,9.99,0.00
5059918,1024582,33,1,5.49,0.00
5059919,1024582,20,1,4.49,0.00
5059920,1024583,1,3,11.49,5.17
5059921,1024583,23,1,3.99,0.60
5059922,1024583,27,1,2.49,0.37
5059923,1024584,8,1,12.49,0.00
5059924,1024584,23,1,3.99,0.00
5059925,1024585,14,1,10.49,0.00
5059926,1024585,19,2,3.99,0.00
5059927,1024585,25,1,6.49,0.00
5059928,1024586,6,1,12.99,0.00
5059929,1024586,23,1,3.99,0.00
5059930,1024587,17,1,12.49,0.00
5059931,1024587,25,0,6.49,0.00
5059932,1024587,32,1,4.99,0.00
5059933,1024588,3,1,10.49,0.00
5059934,1024588,30,1,3.29,0.00
5059935,1024589,1,2,11.49,0.00
5059936,1024589,20,2,4.49,0.00
5059937,1024589,21,1,3.99,0.00
5059938,1024590,10,1,10.99,0.00
5059939,1024590,24,2,3.49,0.00
5059940,1024590,25,1,6.49,0.00
5059941,1024591,2,1,11.99,0.00
5059942,1024591,27,1,2.49,0.00
5059943,1024592,6,1,12.99,0.00
5059944,1024592,27,1,2.49,0.00
5059945,1024592,9,1,13.99,0.00
5059946,1024593,17,3,12.49,0.00
5059947,1024593,26,1,2.49,0.00
5059948,1024593,21,1,3.99,0.00
5059949,1024594,9,1,13.99,0.00
5059950,1024594,26,1,2.49,0.00
5059951,1024594,33,1,5.49,0.00
5059952,1024595,3,1,10.49,0.00
5059953,1024595,25,2,6.49,0.00
5059954,1024595,34,1,4.49,0.00
5059955,1024595,29,1,3.49,0.00
5059956,1024596,17,1,12.49,0.00
5059957,1024597,9,1,13.99,0.00
5059958,1024597,19,1,3.99,0.00
5059959,1024597,31,1,3.49,0.00
5059960,1024598,11,1,13.49,0.00
5059961,1024598,3,1,10.49,0.00
5059962,1024599,1,1,11.49,0.00
5059963,1024599,17,1,12.49,0.00
5059964,1024599,30,1,3.29,0.00
5059965,1024599,35,1,2.99,0.00
5059966,1024599,20,1,4.49,0.00
5059967,1024599,21,1,3.99,0.00
5059968,1024600,13,1,9.99,0.00
5059969,1024601,2,1,11.99,0.00
5059970,1024601,20,1,4.49,0.00
5059971,1024602,11,1,13.49,0.00
5059972,1024602,26,2,2.49,0.00
5059973,1024602,18,1,5.49,0.00
5059974,1024603,17,1,12.49,0.00
5059975,1024603,35,2,2.99,0.00
5059976,1024604,14,1,10.49,1.57
5059977,1024605,3,2,10.49,3.15
5059978,1024605,28,1,3.49,0.52
5059979,1024605,26,2,2.49,0.75
5059980,1024606,2,1,11.99,0.00
5059981,1024606,22,1,4.49,0.00
5059982,1024607,15,2,10.99,3.30
5059983,1024608,17,-2,12.49,0.00
5059984,1024608,19,1,3.99,0.00
5059985,1024609,15,1,10.99,0.00
5059986,1024610,7,1,11.99,0.00
5059987,1024610,25,1,6.49,0.00
5059988,1024610,20,1,4.49,0.00
5059989,1024611,5,1,13.49,0.00
5059990,1024611,18,2,5.49,0.00
5059991,1024611,32,2,4.99,0.00
5059992,1024611,27,1,2.49,0.00
5059993,1024612,9,2,13.99,0.00
5059994,1024612,20,1,4.49,0.00
5059995,1024613,17,1,12.49,0.00
5059996,1024613,20,1,4.49,0.00
5059997,1024613,28,1,3.49,0.00
5059998,1024614,7,1,11.99,0.00
5059999,1024614,19,1,3.99,0.00
5060000,1024615,14,1,10.49,0.00
5060001,1024615,28,1,3.49,0.00
5060002,1024616,2,1,11.99,0.00
5060003,1024616,20,1,4.49,0.00
5060004,1024617,15,1,10.99,0.00
5060005,1024618,15,1,10.99,0.00
5060006,1024618,32,1,4.99,0.00
5060007,1024618,33,0,5.49,0.00
5060008,1024618,26,1,2.49,0.00
5060009,1024619,17,1,12.49,0.00
5060010,1024619,26,1,2.49,0.00
5060011,1024619,18,1,5.49,0.00
5060012,1024620,11,1,13.49,0.00
5060013,1024620,14,1,10.49,0.00
5060014,1024620,30,1,3.29,0.00
5060015,1024620,21,2,3.99,0.00
5060016,1024620,22,1,4.49,0.00
5060017,1024620,26,1,2.49,0.00
5060018,1024621,17,1,12.49,0.00
5060019,1024622,3,1,10.49,0.00
5060020,1024622,19,1,3.99,0.00
5060021,1024622,22,1,4.49,0.00
5060022,1024623,13,1,9.99,0.00
5060023,1024623,25,1,6.49,0.00
5060024,1024624,16,3,10.49,0.00
5060025,1024624,23,1,3.99,0.00
5060026,1024625,17,-1,12.49,0.00
5060027,1024625,18,1,5.49,0.00
5060028,1024625,29,2,3.49,0.00
5060029,1024626,6,3,12.99,0.00
5060030,1024626,28,1,3.49,0.00
5060031,1024627,16,1,10.49,0.00
5060032,1024628,5,1,13.49,0.00
5060033,1024629,7,1,11.99,0.00
5060034,1024629,3,1,10.49,0.00
5060035,1024629,17,2,12.49,0.00
5060036,1024629,32,1,4.99,0.00
5060037,1024629,25,1,6.49,0.00
5060038,1024630,14,1,10.49,0.00
5060039,1024630,26,1,2.49,0.00
5060040,1024631,15,3,10.99,0.00
5060041,1024631,25,1,6.49,0.00
5060042,1024631,32,1,4.99,0.00
5060043,1024632,11,2,13.49,0.00
5060044,1024632,28,1,3.49,0.00
5060045,1024633,7,2,11.99,0.00
5060046,1024634,8,1,12.49,0.00
5060047,1024634,27,1,2.49,0.00
5060048,1024634,26,1,2.49,0.00
5060049,1024635,6,1,12.99,0.00
5060050,1024636,17,1,12.49,0.00
5060051,1024636,26,1,2.49,0.00
5060052,1024636,18,1,5.49,0.00
5060053,1024636,19,3,3.99,0.00
5060054,1024637,17,2,12.49,0.00
5060055,1024637,28,1,3.49,0.00
5060056,1024637,23,1,3.99,0.00
5060057,1024638,1,1,11.49,0.00
5060058,1024638,20,1,4.49,0.00
5060059,1024639,17,1,12.49,0.00
5060060,1024640,7,1,11.99,1.80
5060061,1024641,12,1,18.99,0.00
5060062,1024641,28,1,3.49,0.00
5060063,1024642,15,1,10.99,0.00
5060064,1024642,21,1,3.99,0.00
5060065,1024643,7,1,11.99,1.80
5060066,1024643,27,1,2.49,0.37
5060067,1024644,3,1,10.49,0.00
5060068,1024644,30,1,3.29,0.00
5060069,1024645,13,1,9.99,0.00
5060070,1024645,18,1,5.49,0.00
5060071,1024646,7,1,11.99,0.00
5060072,1024646,24,1,3.49,0.00
5060073,1024647,5,1,13.49,0.00
5060074,1024647,32,1,4.99,0.00
5060075,1024648,11,1,13.49,0.00
5060076,1024649,5,1,13.49,0.00
5060077,1024650,14,1,10.49,0.00
5060078,1024650,27,3,2.49,0.00
5060079,1024650,8,1,12.49,0.00
5060080,1024651,14,2,10.49,0.00
5060081,1024651,24,1,3.49,0.00
5060082,1024651,33,3,5.49,0.00
5060083,1024651,29,1,3.49,0.00
5060084,1024652,17,1,12.49,0.00
5060085,1024652,19,1,3.99,0.00
5060086,1024653,17,1,12.49,0.00
5060087,1024654,17,1,12.49,0.00
5060088,1024655,17,1,12.49,0.00
5060089,1024655,20,1,4.49,0.00
5060090,1024655,18,1,5.49,0.00
5060091,1024655,28,1,3.49,0.00
5060092,1024655,35,1,2.99,0.00
5060093,1024656,3,1,10.49,0.00
5060094,1024657,17,1,12.49,0.00
5060095,1024657,29,1,3.49,0.00
5060096,1024657,22,1,4.49,0.00
5060097,1024658,16,1,10.49,0.00
5060098,1024658,32,1,4.99,0.00
5060099,1024659,7,1,11.99,0.00
5060100,1024659,18,2,5.49,0.00
5060101,1024660,16,1,10.49,0.00
5060102,1024661,17,1,12.49,0.00
5060103,1024662,15,1,10.99,0.00
5060104,1024662,31,1,3.49,0.00
5060105,1024662,18,1,5.49,0.00
5060106,1024663,11,1,13.49,0.00
5060107,1024664,1,1,11.49,0.00
5060108,1024665,17,1,12.49,0.00
5060109,1024665,29,1,3.49,0.00
5060110,1024665,20,1,4.49,0.00
5060111,1024666,17,2,12.49,0.00
5060112,1024667,12,1,18.99,0.00
5060113,1024667,28,1,3.49,0.00
5060114,1024667,24,1,3.49,0.00
5060115,1024667,33,1,5.49,0.00
5060116,1024667,30,1,3.29,0.00
5060117,1024668,3,1,10.49,0.00
5060118,1024668,18,1,5.49,0.00
5060119,1024669,13,1,9.99,0.00
5060120,1024669,23,1,3.99,0.00
5060121,1024670,9,1,13.99,0.00
5060122,1024671,8,1,12.49,0.00
5060123,1024671,33,1,5.49,0.00
5060124,1024671,35,2,2.99,0.00
5060125,1024671,30,1,3.29,0.00
5060126,1024671,32,1,4.99,0.00
5060127,1024671,18,1,5.49,0.00
5060128,1024672,6,1,12.99,0.00
5060129,1024672,33,1,5.49,0.00
5060130,1024672,23,1,3.99,0.00
5060131,1024673,8,1,12.49,0.00
5060132,1024674,4,1,14.99,0.00
5060133,1024674,9,1,13.99,0.00
5060134,1024675,17,1,12.49,0.00
5060135,1024675,16,1,10.49,0.00
5060136,1024675,22,1,4.49,0.00
5060137,1024676,8,1,12.49,0.00
5060138,1024676,21,1,3.99,0.00
5060139,1024676,19,1,3.99,0.00
5060140,1024676,26,2,2.49,0.00
5060141,1024677,6,1,12.99,0.00
5060142,1024677,18,1,5.49,0.00
5060143,1024677,28,1,3.49,0.00
5060144,1024678,7,1,11.99,0.00
5060145,1024678,26,1,2.49,0.00
5060146,1024679,12,1,18.99,0.00
5060147,1024679,20,1,4.49,0.00
5060148,1024679,18,2,5.49,0.00
5060149,1024679,27,1,2.49,0.00
5060150,1024680,17,1,12.49,0.00
5060151,1024680,21,1,3.99,0.00
5060152,1024680,29,1,3.49,0.00
5060153,1024680,28,1,3.49,0.00
5060154,1024681,4,1,14.99,0.00
5060155,1024681,28,1,3.49,0.00
5060156,1024681,27,1,2.49,0.00
5060157,1024681,26,1,2.49,0.00
5060158,1024682,3,1,10.49,0.00
5060159,1024682,19,1,3.99,0.00
5060160,1024682,18,1,5.49,0.00
5060161,1024683,17,1,12.49,0.00
5060162,1024683,9,1,13.99,0.00
5060163,1024683,26,1,2.49,0.00
5060164,1024684,2,1,11.99,0.00
5060165,1024684,27,1,2.49,0.00
5060166,1024685,4,1,14.99,0.00
5060167,1024685,28,1,3.49,0.00
5060168,1024686,17,1,12.49,0.00
5060169,1024686,25,1,6.49,0.00
5060170,1024687,17,1,12.49,0.00
5060171,1024687,28,1,3.49,0.00
5060172,1024687,21,1,3.99,0.00
5060173,1024687,32,1,4.99,0.00
5060174,1024688,11,1,13.49,0.00
5060175,1024689,17,1,12.49,0.00
5060176,1024689,21,2,3.99,0.00
5060177,1024689,32,1,4.99,0.00
5060178,1024689,19,2,3.99,0.00
5060179,1024689,18,1,5.49,0.00
5060180,1024690,6,1,12.99,0.00
5060181,1024690,29,1,3.49,0.00
5060182,1024690,26,1,2.49,0.00
5060183,1024691,17,1,12.49,0.00
5060184,1024692,3,2,10.49,0.00
5060185,1024692,28,1,3.49,0.00
5060186,1024693,15,1,10.99,0.00
5060187,1024694,15,1,10.99,0.00
5060188,1024694,25,1,6.49,0.00
5060189,1024694,26,1,2.49,0.00
5060190,1024695,14,1,10.49,0.00
5060191,1024695,23,1,3.99,0.00
5060192,1024696,13,1,9.99,0.00
5060193,1024697,15,1,10.99,0.00
5060194,1024697,26,1,2.49,0.00
5060195,1024698,2,2,11.99,0.00
5060196,1024699,1,1,11.49,1.72
5060197,1024700,17,1,12.49,0.00
5060198,1024701,17,1,12.49,0.00
5060199,1024701,21,2,3.99,0.00
5060200,1024701,3,1,10.49,0.00
5060201,1024702,14,2,10.49,0.00
5060202,1024702,21,1,3.99,0.00
5060203,1024702,26,1,2.49,0.00
5060204,1024703,17,1,12.49,0.00
5060205,1024703,28,4,3.49,0.00
5060206,1024703,22,1,4.49,0.00
5060207,1024703,26,1,2.49,0.00
5060208,1024703,34,1,4.49,0.00
5060209,1024704,3,1,10.49,0.00
5060210,1024704,30,1,3.29,0.00
5060211,1024704,20,3,4.49,0.00
5060212,1024704,24,2,3.49,0.00
5060213,1024704,28,1,3.49,0.00
5060214,1024704,27,1,2.49,0.00
5060215,1024705,17,2,12.49,0.00
5060216,1024705,19,1,3.99,0.00
5060217,1024705,18,1,5.49,0.00
5060218,1024706,3,1,10.49,0.00
5060219,1024706,29,1,3.49,0.00
5060220,1024707,2,1,11.99,0.00
5060221,1024707,28,1,3.49,0.00
5060222,1024707,27,1,2.49,0.00
5060223,1024708,7,1,11.99,0.00
5060224,1024708,27,1,2.49,0.00
5060225,1024709,3,1,10.49,0.00
5060226,1024710,8,1,12.49,0.00
5060227,1024710,3,1,10.49,0.00
5060228,1024711,2,1,11.99,0.00
5060229,1024712,17,2,12.49,0.00
5060230,1024712,29,-1,3.49,0.00
5060231,1024712,20,1,4.49,0.00
5060232,1024712,30,1,3.29,0.00
5060233,1024713,7,1,11.99,0.00
5060234,1024713,26,2,2.49,0.00
5060235,1024713,23,1,3.99,0.00
5060236,1024714,11,1,13.49,0.00
5060237,1024714,28,3,3.49,0.00
5060238,1024714,31,1,3.49,0.00
5060239,1024715,9,0,13.99,0.00
5060240,1024716,14,2,10.49,0.00
5060241,1024716,11,1,13.49,0.00
5060242,1024717,6,1,12.99,0.00
5060243,1024717,23,1,3.99,0.00
5060244,1024717,21,2,3.99,0.00
5060245,1024717,31,1,3.49,0.00
5060246,1024718,17,2,12.49,0.00
5060247,1024719,7,1,11.99,0.00
5060248,1024720,17,1,12.49,0.00
5060249,1024721,17,1,12.49,0.00
5060250,1024722,11,1,13.49,0.00
5060251,1024722,26,1,2.49,0.00
5060252,1024723,4,1,14.99,0.00
5060253,1024723,26,2,2.49,0.00
5060254,1024724,7,1,11.99,0.00
5060255,1024724,25,1,6.49,0.00
5060256,1024724,10,2,10.99,0.00
5060257,1024725,3,1,10.49,0.00
5060258,1024726,5,1,13.49,0.00
5060259,1024726,21,1,3.99,0.00
5060260,1024727,17,2,12.49,0.00
5060261,1024727,26,1,2.49,0.00
5060262,1024727,22,1,4.49,0.00
5060263,1024728,17,1,12.49,0.00
5060264,1024728,27,1,2.49,0.00
5060265,1024728,26,1,2.49,0.00
5060266,1024728,18,1,5.49,0.00
5060267,1024729,4,1,14.99,0.00
5060268,1024729,23,1,3.99,0.00
5060269,1024729,26,1,2.49,0.00
5060270,1024730,3,2,10.49,0.00
5060271,1024730,30,2,3.29,0.00
5060272,1024730,34,1,4.49,0.00
5060273,1024730,31,1,3.49,0.00
5060274,1024731,10,1,10.99,0.00
5060275,1024731,29,1,3.49,0.00
5060276,1024732,11,1,13.49,0.00
5060277,1024733,17,1,12.49,0.00
5060278,1024733,26,1,2.49,0.00
5060279,1024733,30,1,3.29,0.00
5060280,1024734,2,1,11.99,0.00
5060281,1024734,17,1,12.49,0.00
5060282,1024734,30,1,3.29,0.00
5060283,1024734,26,-1,2.49,0.00
5060284,1024734,35,2,2.99,0.00
5060285,1024735,14,1,10.49,0.00
5060286,1024735,26,1,2.49,0.00
5060287,1024736,5,1,13.49,0.00
5060288,1024736,27,2,2.49,0.00
5060289,1024736,22,1,4.49,0.00
5060290,1024736,19,1,3.99,0.00
5060291,1024737,7,2,11.99,0.00
5060292,1024737,19,1,3.99,0.00
5060293,1024737,17,1,12.49,0.00
5060294,1024737,26,2,2.49,0.00
5060295,1024738,17,1,12.49,0.00
5060296,1024738,22,1,4.49,0.00
5060297,1024738,18,1,5.49,0.00
5060298,1024739,2,1,11.99,1.80
5060299,1024740,9,1,13.99,0.00
5060300,1024740,18,1,5.49,0.00
5060301,1024740,29,1,3.49,0.00
5060302,1024741,17,1,12.49,0.00
5060303,1024741,18,1,5.49,0.00
5060304,1024741,35,1,2.99,0.00
5060305,1024741,22,1,4.49,0.00
5060306,1024741,31,1,3.49,0.00
5060307,1024742,1,2,11.49,0.00
5060308,1024742,30,1,3.29,0.00
5060309,1024742,26,2,2.49,0.00
5060310,1024743,5,1,13.49,0.00
5060311,1024743,1,2,11.49,0.00
5060312,1024743,15,1,10.99,0.00
5060313,1024744,10,1,10.99,0.00
5060314,1024745,5,1,13.49,0.00
5060315,1024746,6,1,12.99,0.00
5060316,1024747,6,1,12.99,0.00
5060317,1024748,8,1,12.49,0.00
5060318,1024748,20,1,4.49,0.00
5060319,1024749,9,1,13.99,2.10
5060320,1024749,18,1,5.49,0.82
5060321,1024749,24,1,3.49,0.52
5060322,1024750,11,1,13.49,0.00
5060323,1024750,27,1,2.49,0.00
5060324,1024750,23,1,3.99,0.00
5060325,1024751,11,1,13.49,2.02
5060326,1024752,8,2,12.49,3.75
5060327,1024753,10,1,10.99,0.00
5060328,1024754,7,1,11.99,0.00
5060329,1024754,30,1,3.29,0.00
5060330,1024754,19,1,3.99,0.00
5060331,1024755,17,1,12.49,0.00
5060332,1024756,15,1,10.99,0.00
5060333,1024756,33,1,5.49,0.00
5060334,1024757,17,3,12.49,0.00
5060335,1024757,22,1,4.49,0.00
5060336,1024757,20,1,4.49,0.00
5060337,1024758,13,1,9.99,0.00
5060338,1024759,11,1,13.49,0.00
5060339,1024759,30,1,3.29,0.00
5060340,1024759,33,2,5.49,0.00
5060341,1024759,20,1,4.49,0.00
5060342,1024760,9,1,13.99,0.00
5060343,1024760,29,2,3.49,0.00
5060344,1024761,8,1,12.49,0.00
5060345,1024761,20,1,4.49,0.00
5060346,1024761,26,1,2.49,0.00
5060347,1024762,2,1,11.99,0.00
5060348,1024762,28,2,3.49,0.00
5060349,1024763,13,1,9.99,0.00
5060350,1024763,19,1,3.99,0.00
5060351,1024763,26,1,2.49,0.00
5060352,1024763,22,1,4.49,0.00
5060353,1024764,17,1,12.49,0.00
5060354,1024764,19,1,3.99,0.00
5060355,1024765,2,1,11.99,0.00
5060356,1024765,35,3,2.99,0.00
5060357,1024765,27,1,2.49,0.00
5060358,1024766,9,1,13.99,0.00
5060359,1024766,25,1,6.49,0.00
5060360,1024767,17,2,12.49,0.00
5060361,1024767,22,1,4.49,0.00
5060362,1024768,10,1,10.99,0.00
5060363,1024769,10,1,10.99,0.00
5060364,1024770,6,1,12.99,0.00
5060365,1024770,20,1,4.49,0.00
5060366,1024770,19,1,3.99,0.00
5060367,1024771,8,1,12.49,0.00
5060368,1024771,18,1,5.49,0.00
5060369,1024772,1,1,11.49,0.00
5060370,1024772,34,2,4.49,0.00
5060371,1024773,3,1,10.49,1.57
5060372,1024773,27,1,2.49,0.37
5060373,1024773,23,1,3.99,0.60
5060374,1024774,15,2,10.99,0.00
5060375,1024774,32,2,4.99,0.00
5060376,1024775,12,1,18.99,2.85
5060377,1024776,2,1,11.99,0.00
5060378,1024777,1,1,11.49,0.00
5060379,1024777,24,1,3.49,0.00
5060380,1024777,31,1,3.49,0.00
5060381,1024777,32,1,4.99,0.00
5060382,1024778,12,1,18.99,0.00
5060383,1024778,26,1,2.49,0.00
5060384,1024778,27,1,2.49,0.00
5060385,1024779,7,1,11.99,0.00
5060386,1024780,17,1,12.49,0.00
5060387,1024781,6,1,12.99,0.00
5060388,1024781,33,1,5.49,0.00
5060389,1024781,28,1,3.49,0.00
5060390,1024781,26,2,2.49,0.00
5060391,1024781,34,1,4.49,0.00
5060392,1024782,9,1,13.99,0.00
5060393,1024782,17,1,12.49,0.00
5060394,1024782,16,1,10.49,0.00
5060395,1024783,7,1,11.99,0.00
5060396,1024784,2,1,11.99,0.00
5060397,1024785,12,1,18.99,0.00
5060398,1024785,18,1,5.49,0.00
5060399,1024786,7,1,11.99,0.00
5060400,1024786,15,2,10.99,0.00
5060401,1024787,3,1,10.49,0.00
5060402,1024787,23,1,3.99,0.00
5060403,1024787,18,1,5.49,0.00
5060404,1024787,12,1,18.99,0.00
5060405,1024788,9,1,13.99,0.00
5060406,1024788,28,1,3.49,0.00
5060407,1024788,19,1,3.99,0.00
5060408,1024789,11,1,13.49,0.00
5060409,1024789,35,1,2.99,0.00
5060410,1024790,13,1,9.99,0.00
5060411,1024791,6,1,12.99,0.00
5060412,1024791,22,1,4.49,0.00
5060413,1024791,25,1,6.49,0.00
5060414,1024791,23,1,3.99,0.00
5060415,1024792,17,1,12.49,0.00
5060416,1024792,20,1,4.49,0.00
5060417,1024793,10,1,10.99,0.00
5060418,1024794,17,2,12.49,0.00
5060419,1024795,17,0,12.49,3.75
5060420,1024795,25,1,6.49,0.97
5060421,1024796,17,1,12.49,0.00
5060422,1024796,20,1,4.49,0.00
5060423,1024797,11,1,13.49,0.00
5060424,1024798,2,1,11.99,0.00
5060425,1024799,3,2,10.49,0.00
5060426,1024799,26,1,2.49,0.00
5060427,1024799,31,1,3.49,0.00
5060428,1024800,9,1,13.99,2.10
5060429,1024800,26,1,2.49,0.37
5060430,1024800,18,1,5.49,0.82
5060431,1024800,34,1,4.49,0.67
5060432,1024800,31,1,3.49,0.52
5060433,1024801,3,1,10.49,0.00
5060434,1024801,29,1,3.49,0.00
5060435,1024802,10,1,10.99,0.00
5060436,1024803,9,1,13.99,0.00
5060437,1024803,18,1,5.49,0.00
5060438,1024804,1,0,11.49,0.00
5060439,1024804,5,1,13.49,0.00
5060440,1024804,28,1,3.49,0.00
5060441,1024805,4,1,14.99,0.00
5060442,1024805,26,1,2.49,0.00
5060443,1024805,3,1,10.49,0.00
5060444,1024806,2,1,11.99,0.00
5060445,1024806,18,1,5.49,0.00
5060446,1024807,17,1,12.49,0.00
5060447,1024807,30,1,3.29,0.00
5060448,1024808,17,1,12.49,0.00
5060449,1024808,28,1,3.49,0.00
5060450,1024809,7,1,11.99,0.00
5060451,1024809,28,1,3.49,0.00
5060452,1024809,34,1,4.49,0.00
5060453,1024809,26,1,2.49,0.00
5060454,1024810,17,1,12.49,0.00
5060455,1024811,5,1,13.49,0.00
5060456,1024811,29,1,3.49,0.00
5060457,1024811,33,1,5.49,0.00
5060458,1024812,9,1,13.99,0.00
5060459,1024812,21,1,3.99,0.00
5060460,1024812,27,2,2.49,0.00
5060461,1024813,7,1,11.99,0.00
5060462,1024813,28,1,3.49,0.00
5060463,1024814,11,1,13.49,0.00
5060464,1024814,18,1,5.49,0.00
5060465,1024815,2,1,11.99,0.00
5060466,1024816,14,1,10.49,0.00
5060467,1024816,32,1,4.99,0.00
5060468,1024816,31,2,3.49,0.00
5060469,1024817,1,1,11.49,0.00
5060470,1024817,34,3,4.49,0.00
5060471,1024817,30,1,3.29,0.00
5060472,1024818,1,2,11.49,0.00
5060473,1024819,4,1,14.99,2.25
5060474,1024820,15,1,10.99,0.00
5060475,1024820,21,1,3.99,0.00
5060476,1024821,1,1,11.49,0.00
5060477,1024821,19,1,3.99,0.00
5060478,1024821,20,1,4.49,0.00
5060479,1024822,7,2,11.99,0.00
5060480,1024822,21,1,3.99,0.00
5060481,1024822,25,1,6.49,0.00
5060482,1024823,17,1,12.49,0.00
5060483,1024823,29,1,3.49,0.00
5060484,1024824,17,1,12.49,0.00
5060485,1024824,6,1,12.99,0.00
5060486,1024824,31,1,3.49,0.00
5060487,1024825,17,1,12.49,0.00
5060488,1024825,34,1,4.49,0.00
5060489,1024826,1,1,11.49,0.00
5060490,1024826,34,1,4.49,0.00
5060491,1024826,10,1,10.99,0.00
5060492,1024826,25,2,6.49,0.00
5060493,1024826,26,1,2.49,0.00
5060494,1024826,20,1,4.49,0.00
5060495,1024827,11,1,13.49,0.00
5060496,1024827,22,2,4.49,0.00
5060497,1024827,20,1,4.49,0.00
5060498,1024828,3,3,10.49,4.72
5060499,1024828,26,1,2.49,0.37
5060500,1024828,22,1,4.49,0.67
5060501,1024829,11,1,13.49,0.00
5060502,1024829,35,1,2.99,0.00
5060503,1024830,6,1,12.99,0.00
5060504,1024831,1,1,11.49,0.00
5060505,1024831,29,1,3.49,0.00
5060506,1024831,18,1,5.49,0.00
5060507,1024832,13,1,9.99,0.00
5060508,1024833,17,1,12.49,0.00
5060509,1024833,18,1,5.49,0.00
5060510,1024834,8,1,12.49,0.00
5060511,1024834,29,1,3.49,0.00
5060512,1024834,31,1,3.49,0.00
5060513,1024835,1,1,11.49,0.00
5060514,1024836,17,1,12.49,0.00
5060515,1024837,4,1,14.99,0.00
5060516,1024838,12,1,18.99,0.00
5060517,1024838,29,1,3.49,0.00
5060518,1024838,32,1,4.99,0.00
5060519,1024838,26,1,2.49,0.00
5060520,1024839,17,2,12.49,3.75
5060521,1024839,23,1,3.99,0.60
5060522,1024839,21,1,3.99,0.60
5060523,1024840,17,1,12.49,0.00
5060524,1024840,26,1,2.49,0.00
5060525,1024841,13,1,9.99,0.00
5060526,1024841,28,1,3.49,0.00
5060527,1024842,17,1,12.49,0.00
5060528,1024842,9,1,13.99,0.00
5060529,1024843,7,1,11.99,0.00
5060530,1024843,28,1,3.49,0.00
5060531,1024843,17,2,12.49,0.00
5060532,1024844,17,3,12.49,0.00
5060533,1024844,22,1,4.49,0.00
5060534,1024844,19,1,3.99,0.00
5060535,1024845,14,1,10.49,0.00
5060536,1024845,33,1,5.49,0.00
5060537,1024845,28,1,3.49,0.00
5060538,1024846,4,1,14.99,0.00
5060539,1024846,18,1,5.49,0.00
5060540,1024847,17,1,12.49,0.00
5060541,1024848,15,1,10.99,0.00
5060542,1024848,19,1,3.99,0.00
5060543,1024848,4,1,14.99,0.00
5060544,1024849,10,1,10.99,0.00
5060545,1024850,8,1,12.49,0.00
5060546,1024850,22,1,4.49,0.00
5060547,1024850,32,1,4.99,0.00
5060548,1024851,1,1,11.49,1.72
5060549,1024852,4,1,14.99,0.00
5060550,1024852,16,1,10.49,0.00
5060551,1024853,7,1,11.99,0.00
5060552,1024853,22,2,4.49,0.00
5060553,1024854,6,1,12.99,0.00
5060554,1024854,26,1,2.49,0.00
5060555,1024854,31,1,3.49,0.00
5060556,1024854,28,2,3.49,0.00
5060557,1024855,7,1,11.99,0.00
5060558,1024856,14,1,10.49,0.00
5060559,1024857,1,1,11.49,0.00
5060560,1024857,28,1,3.49,0.00
5060561,1024857,10,1,10.99,0.00
5060562,1024858,3,1,10.49,0.00
5060563,1024859,9,1,13.99,0.00
5060564,1024859,19,2,3.99,0.00
5060565,1024860,17,1,12.49,0.00
5060566,1024860,23,1,3.99,0.00
5060567,1024861,17,2,12.49,0.00
5060568,1024861,18,1,5.49,0.00
5060569,1024861,33,1,5.49,0.00
5060570,1024862,7,1,11.99,0.00
5060571,1024863,4,2,14.99,0.00
5060572,1024863,30,1,3.29,0.00
5060573,1024863,25,1,6.49,0.00
5060574,1024864,2,1,11.99,0.00
5060575,1024864,33,1,5.49,0.00
5060576,1024864,26,2,2.49,0.00
5060577,1024865,17,1,12.49,0.00
5060578,1024865,18,2,5.49,0.00
5060579,1024866,17,2,12.49,0.00
5060580,1024866,27,1,2.49,0.00
5060581,1024867,16,1,10.49,0.00
5060582,1024867,21,1,3.99,0.00
5060583,1024867,23,2,3.99,0.00
5060584,1024868,10,1,10.99,0.00
5060585,1024868,26,1,2.49,0.00
5060586,1024868,25,2,6.49,0.00
5060587,1024869,1,1,11.49,0.00
5060588,1024870,11,1,13.49,2.02
5060589,1024871,7,1,11.99,0.00
5060590,1024872,14,1,10.49,0.00
5060591,1024872,25,1,6.49,0.00
5060592,1024873,15,1,10.99,0.00
5060593,1024874,9,1,13.99,0.00
5060594,1024875,3,1,10.49,0.00
5060595,1024875,18,1,5.49,0.00
5060596,1024875,27,2,2.49,0.00
5060597,1024876,11,1,13.49,0.00
5060598,1024876,25,1,6.49,0.00
5060599,1024877,1,1,11.49,0.00
5060600,1024877,32,1,4.99,0.00
5060601,1024877,19,1,3.99,0.00
5060602,1024877,16,1,10.49,0.00
5060603,1024877,17,1,12.49,0.00
5060604,1024878,5,1,13.49,0.00
5060605,1024878,26,1,2.49,0.00
5060606,1024878,30,1,3.29,0.00
5060607,1024879,15,1,10.99,0.00
5060608,1024879,35,1,2.99,0.00
5060609,1024880,8,1,12.49,0.00
5060610,1024880,21,1,3.99,0.00
5060611,1024880,29,1,3.49,0.00
5060612,1024881,15,1,10.99,0.00
5060613,1024881,25,1,6.49,0.00
5060614,1024881,32,1,4.99,0.00
5060615,1024882,1,1,11.49,0.00
5060616,1024882,14,1,10.49,0.00
5060617,1024882,22,2,4.49,0.00
5060618,1024883,7,1,11.99,0.00
5060619,1024883,23,1,3.99,0.00
5060620,1024883,27,1,2.49,0.00
5060621,1024883,22,1,4.49,0.00
5060622,1024884,1,3,11.49,0.00
5060623,1024884,22,1,4.49,0.00
5060624,1024884,20,2,4.49,0.00
5060625,1024885,12,1,18.99,0.00
5060626,1024885,33,1,5.49,0.00
5060627,1024885,34,3,4.49,0.00
5060628,1024886,9,1,13.99,0.00
5060629,1024886,7,1,11.99,0.00
5060630,1024887,9,1,13.99,0.00
5060631,1024887,21,2,3.99,0.00
5060632,1024888,15,2,10.99,0.00
5060633,1024888,25,1,6.49,0.00
5060634,1024888,20,1,4.49,0.00
5060635,1024889,15,1,10.99,0.00
5060636,1024889,6,1,12.99,0.00
5060637,1024890,3,1,10.49,0.00
5060638,1024890,31,3,3.49,0.00
5060639,1024891,17,1,12.49,0.00
5060640,1024891,35,1,2.99,0.00
5060641,1024892,5,1,13.49,0.00
5060642,1024893,1,1,11.49,0.00
5060643,1024893,27,1,2.49,0.00
5060644,1024893,25,1,6.49,0.00
5060645,1024894,17,1,12.49,0.00
5060646,1024894,28,1,3.49,0.00
5060647,1024895,1,1,11.49,1.72
5060648,1024896,3,1,10.49,0.00
5060649,1024896,18,1,5.49,0.00
5060650,1024897,1,1,11.49,0.00
5060651,1024898,17,1,12.49,0.00
5060652,1024898,27,1,2.49,0.00
5060653,1024898,7,1,11.99,0.00
5060654,1024899,6,1,12.99,0.00
5060655,1024899,31,1,3.49,0.00
5060656,1024900,4,1,14.99,0.00
5060657,1024900,31,1,3.49,0.00
5060658,1024900,17,2,12.49,0.00
5060659,1024900,19,1,3.99,0.00
5060660,1024901,8,1,12.49,0.00
5060661,1024902,2,2,11.99,0.00
5060662,1024902,30,1,3.29,0.00
5060663,1024903,7,1,11.99,0.00
5060664,1024903,30,1,3.29,0.00
5060665,1024903,24,1,3.49,0.00
5060666,1024904,3,1,10.49,0.00
5060667,1024905,2,1,11.99,0.00
5060668,1024905,21,1,3.99,0.00
5060669,1024905,20,1,4.49,0.00
5060670,1024906,7,3,11.99,5.40
5060671,1024906,28,1,3.49,0.52
5060672,1024906,20,1,4.49,0.67
5060673,1024906,26,1,2.49,0.37
5060674,1024907,1,1,11.49,0.00
5060675,1024907,7,2,11.99,0.00
5060676,1024907,19,1,3.99,0.00
5060677,1024907,35,1,2.99,0.00
5060678,1024908,1,1,11.49,0.00
5060679,1024908,26,1,2.49,0.00
5060680,1024908,23,1,3.99,0.00
5060681,1024909,17,1,12.49,0.00
5060682,1024909,28,1,3.49,0.00
5060683,1024909,21,1,3.99,0.00
5060684,1024910,1,2,11.49,0.00
5060685,1024911,5,2,13.49,0.00
5060686,1024911,18,1,5.49,0.00
5060687,1024911,32,1,4.99,0.00
5060688,1024912,2,0,11.99,0.00
5060689,1024912,32,1,4.99,0.00
5060690,1024913,9,1,13.99,0.00
5060691,1024913,34,1,4.49,0.00
5060692,1024913,2,1,11.99,0.00
5060693,1024914,17,1,12.49,0.00
5060694,1024914,34,1,4.49,0.00
5060695,1024914,22,1,4.49,0.00
5060696,1024915,17,1,12.49,1.87
5060697,1024915,26,1,2.49,0.37
5060698,1024915,30,1,3.29,0.49
5060699,1024915,31,3,3.49,1.57
5060700,1024915,29,1,3.49,0.52
5060701,1024916,17,1,12.49,0.00
5060702,1024916,24,1,3.49,0.00
5060703,1024917,7,1,11.99,0.00
5060704,1024917,29,1,3.49,0.00
5060705,1024917,22,1,4.49,0.00
5060706,1024918,1,2,11.49,0.00
5060707,1024919,17,1,12.49,0.00
5060708,1024920,12,1,18.99,0.00
5060709,1024920,26,1,2.49,0.00
5060710,1024921,5,1,13.49,0.00
5060711,1024921,21,1,3.99,0.00
5060712,1024922,6,1,12.99,0.00
5060713,1024922,24,2,3.49,0.00
5060714,1024922,28,2,3.49,0.00
5060715,1024922,31,1,3.49,0.00
5060716,1024922,23,2,3.99,0.00
5060717,1024923,8,3,12.49,0.00
5060718,1024923,27,1,2.49,0.00
5060719,1024923,33,1,5.49,0.00
5060720,1024924,14,1,10.49,0.00
5060721,1024924,31,2,3.49,0.00
5060722,1024925,1,1,11.49,0.00
5060723,1024925,21,1,3.99,0.00
5060724,1024925,30,1,3.29,0.00
5060725,1024926,5,1,13.49,0.00
5060726,1024926,25,1,6.49,0.00
5060727,1024926,9,1,13.99,0.00
5060728,1024926,19,1,3.99,0.00
5060729,1024927,4,1,14.99,0.00
5060730,1024928,1,1,11.49,0.00
5060731,1024929,7,2,11.99,0.00
5060732,1024929,30,1,3.29,0.00
5060733,1024929,18,1,5.49,0.00
5060734,1024929,26,2,2.49,0.00
5060735,1024929,21,1,3.99,0.00
5060736,1024930,15,1,10.99,0.00
5060737,1024930,17,1,12.49,0.00
5060738,1024930,32,1,4.99,0.00
5060739,1024931,3,2,10.49,0.00
5060740,1024931,27,1,2.49,0.00
5060741,1024931,11,1,13.49,0.00
5060742,1024931,25,1,6.49,0.00
5060743,1024931,29,1,3.49,0.00
5060744,1024932,8,1,12.49,0.00
5060745,1024932,34,1,4.49,0.00
5060746,1024932,25,1,6.49,0.00
5060747,1024933,8,1,12.49,0.00
5060748,1024934,7,2,11.99,0.00
5060749,1024934,32,1,4.99,0.00
5060750,1024934,27,1,2.49,0.00
5060751,1024934,35,1,2.99,0.00
5060752,1024934,9,1,13.99,0.00
5060753,1024935,17,3,12.49,0.00
5060754,1024935,7,1,11.99,0.00
5060755,1024936,1,1,11.49,0.00
5060756,1024936,12,1,18.99,0.00
5060757,1024936,25,1,6.49,0.00
5060758,1024936,20,1,4.49,0.00
5060759,1024937,8,1,12.49,0.00
5060760,1024938,3,1,10.49,0.00
5060761,1024938,21,1,3.99,0.00
5060762,1024938,28,1,3.49,0.00
5060763,1024938,20,1,4.49,0.00
5060764,1024939,7,1,11.99,0.00
5060765,1024939,20,3,4.49,0.00
5060766,1024939,26,1,2.49,0.00
5060767,1024940,13,1,9.99,0.00
5060768,1024940,7,1,11.99,0.00
5060769,1024940,26,2,2.49,0.00
5060770,1024941,17,1,12.49,0.00
5060771,1024941,23,1,3.99,0.00
5060772,1024942,2,1,11.99,0.00
5060773,1024942,31,1,3.49,0.00
5060774,1024942,32,1,4.99,0.00
5060775,1024942,18,1,5.49,0.00
5060776,1024943,1,2,11.49,0.00
5060777,1024943,35,1,2.99,0.00
5060778,1024943,33,-1,5.49,0.00
5060779,1024943,19,1,3.99,0.00
5060780,1024944,1,2,11.49,0.00
5060781,1024944,18,1,5.49,0.00
5060782,1024944,27,1,2.49,0.00
5060783,1024945,5,1,13.49,0.00
5060784,1024945,19,3,3.99,0.00
5060785,1024946,7,1,11.99,0.00
5060786,1024947,17,3,12.49,0.00
5060787,1024947,13,1,9.99,0.00
5060788,1024948,9,1,13.99,0.00
5060789,1024948,18,1,5.49,0.00
5060790,1024949,3,1,10.49,0.00
5060791,1024949,30,1,3.29,0.00
5060792,1024950,17,1,12.49,0.00
5060793,1024950,27,1,2.49,0.00
5060794,1024951,8,1,12.49,0.00
5060795,1024951,27,2,2.49,0.00
5060796,1024952,14,1,10.49,0.00
5060797,1024952,8,2,12.49,0.00
5060798,1024952,34,1,4.49,0.00
5060799,1024953,11,1,13.49,0.00
5060800,1024953,4,1,14.99,0.00
5060801,1024953,19,1,3.99,0.00
5060802,1024954,17,1,12.49,0.00
5060803,1024954,18,1,5.49,0.00
5060804,1024954,23,1,3.99,0.00
5060805,1024954,26,3,2.49,0.00
5060806,1024954,21,1,3.99,0.00
5060807,1024955,6,2,12.99,0.00
5060808,1024956,13,1,9.99,0.00
5060809,1024956,31,1,3.49,0.00
5060810,1024957,11,1,13.49,0.00
5060811,1024957,27,1,2.49,0.00
5060812,1024957,23,1,3.99,0.00
5060813,1024958,9,1,13.99,0.00
5060814,1024958,15,1,10.99,0.00
5060815,1024959,11,1,13.49,0.00
5060816,1024959,35,1,2.99,0.00
5060817,1024959,22,2,4.49,0.00
5060818,1024960,16,1,10.49,0.00
5060819,1024961,1,1,11.49,0.00
5060820,1024961,26,2,2.49,0.00
5060821,1024962,7,2,11.99,0.00
5060822,1024962,23,1,3.99,0.00
5060823,1024963,5,1,13.49,0.00
5060824,1024963,7,1,11.99,0.00
5060825,1024963,19,1,3.99,0.00
5060826,1024964,4,1,14.99,2.25
5060827,1024964,18,2,5.49,1.65
5060828,1024964,30,2,3.29,0.99
5060829,1024964,20,0,4.49,1.35
5060830,1024965,15,1,10.99,0.00
5060831,1024965,21,2,3.99,0.00
5060832,1024965,27,1,2.49,0.00
5060833,1024966,7,1,11.99,0.00
5060834,1024966,28,2,3.49,0.00
5060835,1024966,18,1,5.49,0.00
5060836,1024967,7,1,11.99,0.00
5060837,1024967,26,4,2.49,0.00
5060838,1024967,31,1,3.49,0.00
5060839,1024968,6,2,12.99,0.00
5060840,1024968,28,1,3.49,0.00
5060841,1024969,8,2,12.49,0.00
5060842,1024970,17,1,12.49,0.00
5060843,1024970,1,1,11.49,0.00
5060844,1024971,1,1,11.49,0.00
5060845,1024971,18,1,5.49,0.00
5060846,1024972,2,1,11.99,0.00
5060847,1024972,21,1,3.99,0.00
5060848,1024972,29,1,3.49,0.00
5060849,1024972,31,1,3.49,0.00
5060850,1024973,17,1,12.49,0.00
5060851,1024974,7,1,11.99,0.00
5060852,1024975,4,1,14.99,0.00
5060853,1024975,25,3,6.49,0.00
5060854,1024976,11,1,13.49,0.00
5060855,1024976,21,1,3.99,0.00
5060856,1024976,28,1,3.49,0.00
5060857,1024976,17,1,12.49,0.00
5060858,1024976,26,1,2.49,0.00
5060859,1024977,12,1,18.99,0.00
5060860,1024977,19,1,3.99,0.00
5060861,1024977,26,1,2.49,0.00
5060862,1024978,2,3,11.99,0.00
5060863,1024978,21,3,3.99,0.00
5060864,1024978,17,1,12.49,0.00
5060865,1024978,29,2,3.49,0.00
5060866,1024979,17,1,12.49,0.00
5060867,1024979,19,2,3.99,0.00
5060868,1024980,8,1,12.49,0.00
5060869,1024980,27,2,2.49,0.00
5060870,1024981,15,1,10.99,0.00
5060871,1024981,35,1,2.99,0.00
5060872,1024982,6,1,12.99,0.00
5060873,1024982,5,2,13.49,0.00
5060874,1024982,16,1,10.49,0.00
5060875,1024982,20,1,4.49,0.00
5060876,1024983,17,3,12.49,0.00
5060877,1024983,28,1,3.49,0.00
5060878,1024983,20,1,4.49,0.00
5060879,1024983,31,1,3.49,0.00
5060880,1024984,1,1,11.49,0.00
5060881,1024984,21,1,3.99,0.00
5060882,1024985,1,1,11.49,0.00
5060883,1024985,25,1,6.49,0.00
5060884,1024985,28,1,3.49,0.00
5060885,1024985,20,1,4.49,0.00
5060886,1024986,2,1,11.99,0.00
5060887,1024986,32,1,4.99,0.00
5060888,1024986,27,1,2.49,0.00
5060889,1024986,33,1,5.49,0.00
5060890,1024986,26,1,2.49,0.00
5060891,1024986,4,1,14.99,0.00
5060892,1024987,17,1,12.49,0.00
5060893,1024987,23,1,3.99,0.00
5060894,1024988,17,1,12.49,0.00
5060895,1024988,26,1,2.49,0.00
5060896,1024989,11,1,13.49,0.00
5060897,1024989,31,1,3.49,0.00
5060898,1024989,21,2,3.99,0.00
5060899,1024990,4,2,14.99,0.00
5060900,1024990,27,1,2.49,0.00
5060901,1024991,3,2,10.49,0.00
5060902,1024991,22,1,4.49,0.00
5060903,1024991,28,3,3.49,0.00
5060904,1024991,25,2,6.49,0.00
5060905,1024992,2,1,11.99,0.00
5060906,1024992,20,1,4.49,0.00
5060907,1024992,28,1,3.49,0.00
5060908,1024993,11,1,13.49,0.00
5060909,1024993,33,1,5.49,0.00
5060910,1024993,25,1,6.49,0.00
5060911,1024994,5,2,13.49,0.00
5060912,1024994,26,1,2.49,0.00
5060913,1024995,13,1,9.99,0.00
5060914,1024995,26,2,2.49,0.00
5060915,1024996,7,1,11.99,0.00
5060916,1024996,33,1,5.49,0.00
5060917,1024996,18,1,5.49,0.00
5060918,1024997,14,2,10.49,0.00
5060919,1024998,1,1,11.49,0.00
5060920,1024999,8,1,12.49,0.00
5060921,1024999,27,1,2.49,0.00
5060922,1024999,29,1,3.49,0.00
5060923,1024999,18,1,5.49,0.00
5060924,1025000,3,1,10.49,0.00
5060925,1025001,11,1,13.49,0.00
5060926,1025002,5,1,13.49,0.00
5060927,1025002,22,2,4.49,0.00
5060928,1025003,11,1,13.49,0.00
5060929,1025003,17,1,12.49,0.00
5060930,1025003,26,2,2.49,0.00
5060931,1025003,28,1,3.49,0.00
5060932,1025003,31,1,3.49,0.00
5060933,1025003,35,1,2.99,0.00
5060934,1025004,15,3,10.99,0.00
5060935,1025005,2,1,11.99,0.00
5060936,1025005,22,2,4.49,0.00
5060937,1025006,1,1,11.49,0.00
5060938,1025007,16,2,10.49,0.00
5060939,1025007,31,1,3.49,0.00
5060940,1025007,26,2,2.49,0.00
5060941,1025008,17,1,12.49,0.00
5060942,1025009,16,1,10.49,0.00
5060943,1025009,21,1,3.99,0.00
5060944,1025010,7,1,11.99,0.00
5060945,1025010,29,1,3.49,0.00
5060946,1025010,17,1,12.49,0.00
5060947,1025011,17,1,12.49,0.00
5060948,1025011,30,1,3.29,0.00
5060949,1025012,15,1,10.99,0.00
5060950,1025012,30,1,3.29,0.00
5060951,1025013,17,1,12.49,0.00
5060952,1025013,33,2,5.49,0.00
5060953,1025013,25,3,6.49,0.00
5060954,1025014,3,1,10.49,0.00
5060955,1025014,34,1,4.49,0.00
5060956,1025015,9,1,13.99,0.00
5060957,1025015,17,1,12.49,0.00
5060958,1025015,18,2,5.49,0.00
5060959,1025016,3,1,10.49,0.00
5060960,1025016,22,1,4.49,0.00
5060961,1025017,15,1,10.99,1.65
5060962,1025017,26,1,2.49,0.37
5060963,1025017,25,1,6.49,0.97
5060964,1025018,17,1,12.49,1.87
5060965,1025018,2,1,11.99,1.80
5060966,1025019,17,1,12.49,0.00
5060967,1025019,31,1,3.49,0.00
5060968,1025019,22,1,4.49,0.00
5060969,1025019,29,1,3.49,0.00
5060970,1025020,8,1,12.49,0.00
5060971,1025020,26,2,2.49,0.00
5060972,1025021,10,1,10.99,0.00
5060973,1025022,1,1,11.49,0.00
5060974,1025022,27,1,2.49,0.00
5060975,1025023,11,1,13.49,0.00
5060976,1025024,5,1,13.49,0.00
5060977,1025024,26,2,2.49,0.00
5060978,1025025,9,1,13.99,0.00
5060979,1025025,28,1,3.49,0.00
5060980,1025025,12,2,18.99,0.00
5060981,1025025,25,1,6.49,0.00
5060982,1025025,17,1,12.49,0.00
5060983,1025026,3,2,10.49,0.00
5060984,1025026,21,1,3.99,0.00
5060985,1025027,1,1,11.49,0.00
5060986,1025028,17,1,12.49,0.00
5060987,1025029,5,1,13.49,0.00
5060988,1025029,27,1,2.49,0.00
5060989,1025029,28,1,3.49,0.00
5060990,1025030,17,1,12.49,0.00
5060991,1025030,18,1,5.49,0.00
5060992,1025030,25,1,6.49,0.00
5060993,1025031,15,1,10.99,0.00
5060994,1025031,35,1,2.99,0.00
5060995,1025032,7,1,11.99,1.80
5060996,1025033,2,1,11.99,0.00
5060997,1025033,23,1,3.99,0.00
5060998,1025034,6,1,12.99,1.95
5060999,1025034,22,1,4.49,0.67
5061000,1025034,26,1,2.49,0.37
5061001,1025035,15,1,10.99,0.00
5061002,1025035,22,-1,4.49,0.00
5061003,1025035,27,1,2.49,0.00
5061004,1025035,19,1,3.99,0.00
5061005,1025035,25,1,6.49,0.00
5061006,1025036,2,1,11.99,0.00
5061007,1025036,22,1,4.49,0.00
5061008,1025036,29,2,3.49,0.00
5061009,1025037,7,1,11.99,0.00
5061010,1025038,17,1,12.49,0.00
5061011,1025038,29,1,3.49,0.00
5061012,1025038,35,1,2.99,0.00
5061013,1025039,2,1,11.99,0.00
5061014,1025040,17,1,12.49,0.00
5061015,1025040,27,2,2.49,0.00
5061016,1025041,13,1,9.99,0.00
5061017,1025041,18,1,5.49,0.00
5061018,1025041,34,1,4.49,0.00
5061019,1025042,6,2,12.99,0.00
5061020,1025042,27,1,2.49,0.00
5061021,1025043,3,1,10.49,0.00
5061022,1025043,23,2,3.99,0.00
5061023,1025043,26,2,2.49,0.00
5061024,1025043,20,1,4.49,0.00
5061025,1025044,8,1,12.49,0.00
5061026,1025044,18,3,5.49,0.00
5061027,1025045,17,1,12.49,0.00
5061028,1025045,22,1,4.49,0.00
5061029,1025046,7,1,11.99,0.00
5061030,1025046,25,1,6.49,0.00
5061031,1025046,31,1,3.49,0.00
5061032,1025046,21,1,3.99,0.00
5061033,1025046,33,1,5.49,0.00
5061034,1025047,3,1,10.49,0.00
5061035,1025047,18,1,5.49,0.00
5061036,1025047,31,1,3.49,0.00
5061037,1025048,8,2,12.49,0.00
5061038,1025048,30,2,3.29,0.00
5061039,1025049,9,1,13.99,0.00
5061040,1025049,3,1,10.49,0.00
5061041,1025049,30,2,3.29,0.00
5061042,1025050,17,1,12.49,0.00
5061043,1025050,22,1,4.49,0.00
5061044,1025050,26,1,2.49,0.00
5061045,1025051,10,1,10.99,0.00
5061046,1025051,21,1,3.99,0.00
5061047,1025051,20,1,4.49,0.00
5061048,1025051,35,1,2.99,0.00
5061049,1025052,5,1,13.49,0.00
5061050,1025052,18,1,5.49,0.00
5061051,1025052,22,1,4.49,0.00
5061052,1025053,8,1,12.49,1.87
5061053,1025053,18,1,5.49,0.82
5061054,1025053,26,2,2.49,0.75
5061055,1025054,1,1,11.49,0.00
5061056,1025054,27,1,2.49,0.00
5061057,1025054,35,2,2.99,0.00
5061058,1025054,29,2,3.49,0.00
5061059,1025055,7,2,11.99,0.00
5061060,1025055,29,1,3.49,0.00
5061061,1025055,32,1,4.99,0.00
5061062,1025055,21,1,3.99,0.00
5061063,1025056,15,1,10.99,0.00
5061064,1025056,21,1,3.99,0.00
5061065,1025056,26,1,2.49,0.00
5061066,1025057,11,1,13.49,0.00
5061067,1025057,27,1,2.49,0.00
5061068,1025058,14,1,10.49,0.00
5061069,1025058,25,1,6.49,0.00
5061070,1025059,7,1,11.99,0.00
5061071,1025059,1,1,11.49,0.00
5061072,1025059,23,1,3.99,0.00
5061073,1025060,17,2,12.49,0.00
5061074,1025060,13,1,9.99,0.00
5061075,1025061,17,1,12.49,0.00
5061076,1025062,14,1,10.49,0.00
5061077,1025062,22,1,4.49,0.00
5061078,1025063,9,1,13.99,0.00
5061079,1025064,14,1,10.49,0.00
5061080,1025064,18,3,5.49,0.00
5061081,1025065,17,1,12.49,0.00
5061082,1025065,23,1,3.99,0.00
5061083,1025066,3,1,10.49,0.00
5061084,1025066,17,1,12.49,0.00
5061085,1025066,27,1,2.49,0.00
5061086,1025067,6,1,12.99,0.00
5061087,1025068,17,1,12.49,0.00
5061088,1025068,21,1,3.99,0.00
5061089,1025068,34,1,4.49,0.00
5061090,1025068,26,1,2.49,0.00
5061091,1025069,17,2,12.49,0.00
5061092,1025069,22,1,4.49,0.00
5061093,1025069,30,2,3.29,0.00
5061094,1025070,15,1,10.99,0.00
5061095,1025070,19,1,3.99,0.00
5061096,1025070,25,1,6.49,0.00
5061097,1025071,8,1,12.49,0.00
5061098,1025071,27,1,2.49,0.00
5061099,1025071,26,1,2.49,0.00
5061100,1025072,15,1,10.99,0.00
5061101,1025072,17,1,12.49,0.00
5061102,1025072,28,1,3.49,0.00
5061103,1025072,22,2,4.49,0.00
5061104,1025072,23,1,3.99,0.00
5061105,1025073,17,2,12.49,0.00
5061106,1025073,18,1,5.49,0.00
5061107,1025073,23,1,3.99,0.00
5061108,1025074,6,1,12.99,0.00
5061109,1025074,24,3,3.49,0.00
5061110,1025075,17,2,12.49,0.00
5061111,1025075,11,1,13.49,0.00
5061112,1025076,2,1,11.99,0.00
5061113,1025076,34,2,4.49,0.00
5061114,1025076,19,1,3.99,0.00
5061115,1025077,10,1,10.99,0.00
5061116,1025077,19,1,3.99,0.00
5061117,1025077,21,3,3.99,0.00
5061118,1025078,17,1,12.49,0.00
5061119,1025079,8,1,12.49,0.00
5061120,1025079,26,2,2.49,0.00
5061121,1025080,16,2,10.49,0.00
5061122,1025080,21,1,3.99,0.00
5061123,1025081,5,1,13.49,0.00
5061124,1025081,23,1,3.99,0.00
5061125,1025081,11,3,13.49,0.00
5061126,1025082,14,1,10.49,0.00
5061127,1025082,28,1,3.49,0.00
5061128,1025083,14,1,10.49,0.00
5061129,1025083,29,-1,3.49,0.00
5061130,1025083,25,2,6.49,0.00
5061131,1025084,8,2,12.49,0.00
5061132,1025084,22,2,4.49,0.00
5061133,1025084,18,1,5.49,0.00
5061134,1025085,7,1,11.99,0.00
5061135,1025085,26,1,2.49,0.00
5061136,1025086,17,1,12.49,0.00
5061137,1025086,28,1,3.49,0.00
5061138,1025086,26,1,2.49,0.00
5061139,1025087,9,1,13.99,0.00
5061140,1025087,24,1,3.49,0.00
5061141,1025087,22,1,4.49,0.00
5061142,1025087,23,1,3.99,0.00
5061143,1025088,17,1,12.49,0.00
5061144,1025088,19,1,3.99,0.00
5061145,1025089,17,1,12.49,0.00
5061146,1025090,17,2,12.49,0.00
5061147,1025090,21,1,3.99,0.00
5061148,1025091,3,1,10.49,0.00
5061149,1025091,24,1,3.49,0.00
5061150,1025091,26,1,2.49,0.00
5061151,1025091,19,1,3.99,0.00
5061152,1025092,2,1,11.99,0.00
5061153,1025092,24,1,3.49,0.00
5061154,1025093,5,1,13.49,0.00
5061155,1025093,31,1,3.49,0.00
5061156,1025093,22,1,4.49,0.00
5061157,1025094,17,1,12.49,0.00
5061158,1025094,27,2,2.49,0.00
5061159,1025094,29,1,3.49,0.00
5061160,1025094,34,1,4.49,0.00
5061161,1025094,18,1,5.49,0.00
5061162,1025095,7,1,11.99,0.00
5061163,1025095,34,1,4.49,0.00
5061164,1025096,17,1,12.49,0.00
5061165,1025096,21,1,3.99,0.00
5061166,1025096,34,1,4.49,0.00
5061167,1025097,17,1,12.49,0.00
5061168,1025098,17,2,12.49,0.00
5061169,1025098,22,1,4.49,0.00
5061170,1025098,32,1,4.99,0.00
5061171,1025099,9,1,13.99,0.00
5061172,1025099,19,0,3.99,0.00
5061173,1025099,20,1,4.49,0.00
5061174,1025100,2,1,11.99,0.00
5061175,1025100,26,1,2.49,0.00
5061176,1025101,9,1,13.99,0.00
5061177,1025101,16,1,10.49,0.00
5061178,1025101,28,1,3.49,0.00
5061179,1025102,17,1,12.49,0.00
5061180,1025102,18,1,5.49,0.00
5061181,1025102,32,1,4.99,0.00
5061182,1025103,6,1,12.99,0.00
5061183,1025104,17,2,12.49,0.00
5061184,1025105,9,2,13.99,0.00
5061185,1025106,9,1,13.99,0.00
5061186,1025106,26,1,2.49,0.00
5061187,1025106,22,1,4.49,0.00
5061188,1025106,17,1,12.49,0.00
5061189,1025106,21,1,3.99,0.00
5061190,1025107,13,2,9.99,0.00
5061191,1025107,8,1,12.49,0.00
5061192,1025107,20,1,4.49,0.00
5061193,1025107,31,1,3.49,0.00
5061194,1025108,17,2,12.49,0.00
5061195,1025108,28,1,3.49,0.00
5061196,1025108,21,2,3.99,0.00
5061197,1025109,8,2,12.49,0.00
5061198,1025110,2,2,11.99,0.00
5061199,1025110,29,1,3.49,0.00
5061200,1025111,2,1,11.99,0.00
5061201,1025111,27,1,2.49,0.00
5061202,1025111,28,2,3.49,0.00
5061203,1025111,33,1,5.49,0.00
5061204,1025112,3,1,10.49,0.00
5061205,1025112,23,-1,3.99,0.00
5061206,1025112,32,1,4.99,0.00
5061207,1025113,1,1,11.49,0.00
5061208,1025113,31,1,3.49,0.00
5061209,1025113,21,1,3.99,0.00
5061210,1025113,18,1,5.49,0.00
5061211,1025114,14,1,10.49,0.00
5061212,1025114,25,1,6.49,0.00
5061213,1025114,2,1,11.99,0.00
5061214,1025114,19,1,3.99,0.00
5061215,1025114,29,1,3.49,0.00
5061216,1025115,5,2,13.49,0.00
5061217,1025115,3,1,10.49,0.00
5061218,1025116,1,1,11.49,0.00
5061219,1025116,26,2,2.49,0.00
5061220,1025117,3,1,10.49,0.00
5061221,1025117,29,1,3.49,0.00
5061222,1025117,26,2,2.49,0.00
5061223,1025117,32,1,4.99,0.00
5061224,1025117,19,1,3.99,0.00
5061225,1025118,17,3,12.49,0.00
5061226,1025118,20,1,4.49,0.00
5061227,1025119,17,1,12.49,0.00
5061228,1025119,25,1,6.49,0.00
5061229,1025119,28,1,3.49,0.00
5061230,1025119,32,1,4.99,0.00
5061231,1025119,18,1,5.49,0.00
5061232,1025120,17,1,12.49,0.00
5061233,1025120,21,1,3.99,0.00
5061234,1025121,10,1,10.99,0.00
5061235,1025121,26,1,2.49,0.00
5061236,1025121,20,2,4.49,0.00
5061237,1025122,17,1,12.49,0.00
5061238,1025122,27,1,2.49,0.00
5061239,1025123,13,1,9.99,0.00
5061240,1025123,25,1,6.49,0.00
5061241,1025123,19,1,3.99,0.00
5061242,1025123,24,1,3.49,0.00
5061243,1025124,1,1,11.49,0.00
5061244,1025124,25,1,6.49,0.00
5061245,1025125,17,1,12.49,0.00
5061246,1025125,18,4,5.49,0.00
5061247,1025126,16,1,10.49,0.00
5061248,1025126,28,1,3.49,0.00
5061249,1025127,2,1,11.99,0.00
5061250,1025128,10,1,10.99,0.00
5061251,1025128,28,2,3.49,0.00
5061252,1025129,1,1,11.49,0.00
5061253,1025129,28,1,3.49,0.00
5061254,1025130,3,1,10.49,0.00
5061255,1025130,34,1,4.49,0.00
5061256,1025131,17,1,12.49,0.00
5061257,1025131,27,1,2.49,0.00
5061258,1025131,21,2,3.99,0.00
5061259,1025131,23,1,3.99,0.00
5061260,1025132,15,1,10.99,0.00
5061261,1025132,30,1,3.29,0.00
5061262,1025133,1,2,11.49,0.00
5061263,1025134,13,1,9.99,0.00
5061264,1025134,23,1,3.99,0.00
5061265,1025135,11,1,13.49,0.00
5061266,1025135,30,1,3.29,0.00
5061267,1025136,17,1,12.49,0.00
5061268,1025136,2,2,11.99,0.00
5061269,1025136,24,1,3.49,0.00
5061270,1025136,33,1,5.49,0.00
5061271,1025137,17,1,12.49,0.00
5061272,1025138,17,1,12.49,0.00
5061273,1025138,28,4,3.49,0.00
5061274,1025138,3,1,10.49,0.00
5061275,1025138,20,1,4.49,0.00
5061276,1025139,1,1,11.49,0.00
5061277,1025139,21,1,3.99,0.00
5061278,1025139,6,1,12.99,0.00
5061279,1025139,3,2,10.49,0.00
5061280,1025139,7,1,11.99,0.00
5061281,1025140,1,1,11.49,0.00
5061282,1025141,2,1,11.99,0.00
5061283,1025142,8,1,12.49,0.00
5061284,1025142,24,2,3.49,0.00
5061285,1025143,11,1,13.49,0.00
5061286,1025143,3,1,10.49,0.00
5061287,1025144,11,1,13.49,0.00
5061288,1025145,17,1,12.49,0.00
5061289,1025145,27,1,2.49,0.00
5061290,1025145,24,1,3.49,0.00
5061291,1025146,2,1,11.99,0.00
5061292,1025146,26,1,2.49,0.00
5061293,1025146,35,1,2.99,0.00
5061294,1025147,12,1,18.99,0.00
5061295,1025148,1,1,11.49,0.00
5061296,1025148,21,1,3.99,0.00
5061297,1025148,33,1,5.49,0.00
5061298,1025149,3,2,10.49,0.00
5061299,1025150,15,1,10.99,0.00
5061300,1025150,25,2,6.49,0.00
5061301,1025150,27,1,2.49,0.00
5061302,1025151,8,1,12.49,0.00
5061303,1025151,16,1,10.49,0.00
5061304,1025151,21,1,3.99,0.00
5061305,1025151,20,1,4.49,0.00
5061306,1025151,26,1,2.49,0.00
5061307,1025152,17,1,12.49,0.00
5061308,1025152,32,1,4.99,0.00
5061309,1025153,11,2,13.49,0.00
5061310,1025153,19,1,3.99,0.00
5061311,1025153,32,1,4.99,0.00
5061312,1025153,20,2,4.49,0.00
5061313,1025154,2,1,11.99,0.00
5061314,1025154,23,1,3.99,0.00
5061315,1025155,17,1,12.49,0.00
5061316,1025155,27,1,2.49,0.00
5061317,1025156,17,1,12.49,0.00
5061318,1025156,15,1,10.99,0.00
5061319,1025157,10,1,10.99,0.00
5061320,1025157,31,1,3.49,0.00
5061321,1025157,11,1,13.49,0.00
5061322,1025158,13,2,9.99,0.00
5061323,1025158,26,1,2.49,0.00
5061324,1025159,4,1,14.99,0.00
5061325,1025159,23,1,3.99,0.00
5061326,1025160,17,1,12.49,0.00
5061327,1025160,26,1,2.49,0.00
5061328,1025160,23,1,3.99,0.00
5061329,1025161,15,1,10.99,0.00
5061330,1025162,10,2,10.99,0.00
5061331,1025162,26,1,2.49,0.00
5061332,1025162,21,2,3.99,0.00
5061333,1025163,3,2,10.49,0.00
5061334,1025163,20,1,4.49,0.00
5061335,1025163,29,3,3.49,0.00
5061336,1025164,10,1,10.99,0.00
5061337,1025164,18,1,5.49,0.00
5061338,1025164,31,1,3.49,0.00
5061339,1025165,17,3,12.49,0.00
5061340,1025166,17,1,12.49,0.00
5061341,1025167,17,1,12.49,0.00
5061342,1025167,18,1,5.49,0.00
5061343,1025168,17,2,12.49,0.00
5061344,1025168,26,1,2.49,0.00
5061345,1025168,21,1,3.99,0.00
5061346,1025169,3,1,10.49,0.00
5061347,1025169,33,-2,5.49,0.00
5061348,1025170,17,1,12.49,0.00
5061349,1025170,34,2,4.49,0.00
5061350,1025170,26,1,2.49,0.00
5061351,1025171,7,1,11.99,0.00
5061352,1025171,22,1,4.49,0.00
5061353,1025171,1,1,11.49,0.00
5061354,1025172,8,1,12.49,0.00
5061355,1025172,18,1,5.49,0.00
5061356,1025173,4,0,14.99,0.00
5061357,1025174,10,1,10.99,0.00
5061358,1025174,31,1,3.49,0.00
5061359,1025175,1,1,11.49,0.00
5061360,1025176,17,1,12.49,0.00
5061361,1025176,20,1,4.49,0.00
5061362,1025177,4,1,14.99,0.00
5061363,1025177,21,1,3.99,0.00
5061364,1025177,25,1,6.49,0.00
5061365,1025177,18,1,5.49,0.00
5061366,1025178,6,1,12.99,0.00
5061367,1025178,19,1,3.99,0.00
5061368,1025178,12,1,18.99,0.00
5061369,1025179,8,1,12.49,0.00
5061370,1025179,13,2,9.99,0.00
5061371,1025179,20,1,4.49,0.00
5061372,1025179,22,1,4.49,0.00
5061373,1025179,27,1,2.49,0.00
5061374,1025180,17,1,12.49,1.87
5061375,1025180,23,1,3.99,0.60
5061376,1025180,28,1,3.49,0.52
5061377,1025181,1,1,11.49,1.72
5061378,1025182,10,1,10.99,0.00
5061379,1025182,29,1,3.49,0.00
5061380,1025182,26,1,2.49,0.00
5061381,1025183,8,1,12.49,0.00
5061382,1025183,18,2,5.49,0.00
5061383,1025184,17,-1,12.49,0.00
5061384,1025184,21,1,3.99,0.00
5061385,1025184,30,1,3.29,0.00
5061386,1025184,18,1,5.49,0.00
5061387,1025185,3,1,10.49,0.00
5061388,1025185,19,2,3.99,0.00
5061389,1025185,28,3,3.49,0.00
5061390,1025186,11,2,13.49,4.05
5061391,1025186,27,2,2.49,0.75
5061392,1025186,28,1,3.49,0.52
5061393,1025187,7,1,11.99,0.00
5061394,1025187,32,2,4.99,0.00
5061395,1025187,33,1,5.49,0.00
5061396,1025187,31,1,3.49,0.00
5061397,1025188,13,1,9.99,0.00
5061398,1025188,26,1,2.49,0.00
5061399,1025189,17,1,12.49,0.00
5061400,1025189,27,1,2.49,0.00
5061401,1025189,30,1,3.29,0.00
5061402,1025190,2,1,11.99,0.00
5061403,1025191,6,1,12.99,0.00
5061404,1025192,17,1,12.49,0.00
5061405,1025192,34,2,4.49,0.00
5061406,1025193,9,1,13.99,0.00
5061407,1025193,18,1,5.49,0.00
5061408,1025194,14,1,10.49,0.00
5061409,1025194,19,4,3.99,0.00
5061410,1025194,34,1,4.49,0.00
5061411,1025195,1,1,11.49,0.00
5061412,1025195,19,2,3.99,0.00
5061413,1025195,18,1,5.49,0.00
5061414,1025196,9,2,13.99,0.00
5061415,1025196,34,1,4.49,0.00
5061416,1025197,2,1,11.99,0.00
5061417,1025197,29,1,3.49,0.00
5061418,1025198,4,1,14.99,0.00
5061419,1025198,17,3,12.49,0.00
5061420,1025199,17,1,12.49,0.00
5061421,1025199,6,1,12.99,0.00
5061422,1025199,23,2,3.99,0.00
5061423,1025200,10,1,10.99,0.00
5061424,1025200,18,1,5.49,0.00
5061425,1025200,35,1,2.99,0.00
5061426,1025201,1,1,11.49,0.00
5061427,1025201,30,0,3.29,0.00
5061428,1025201,23,2,3.99,0.00
5061429,1025202,7,1,11.99,0.00
5061430,1025202,18,1,5.49,0.00
5061431,1025203,14,1,10.49,0.00
5061432,1025203,27,1,2.49,0.00
5061433,1025203,28,2,3.49,0.00
5061434,1025204,3,2,10.49,0.00
5061435,1025204,18,1,5.49,0.00
5061436,1025205,17,1,12.49,0.00
5061437,1025205,33,1,5.49,0.00
5061438,1025205,31,1,3.49,0.00
5061439,1025206,5,1,13.49,0.00
5061440,1025206,9,1,13.99,0.00
5061441,1025207,6,-1,12.99,0.00
5061442,1025207,22,2,4.49,0.00
5061443,1025208,4,1,14.99,0.00
5061444,1025208,25,1,6.49,0.00
5061445,1025208,32,1,4.99,0.00
5061446,1025209,17,0,12.49,0.00
5061447,1025209,21,1,3.99,0.00
5061448,1025209,27,1,2.49,0.00
5061449,1025209,35,1,2.99,0.00
5061450,1025210,17,1,12.49,0.00
5061451,1025210,18,1,5.49,0.00
5061452,1025211,17,1,12.49,0.00
5061453,1025212,17,1,12.49,0.00
5061454,1025212,23,1,3.99,0.00
5061455,1025213,17,1,12.49,0.00
5061456,1025214,9,1,13.99,0.00
5061457,1025214,28,1,3.49,0.00
5061458,1025214,18,2,5.49,0.00
5061459,1025214,35,1,2.99,0.00
5061460,1025215,17,1,12.49,0.00
5061461,1025216,17,3,12.49,0.00
5061462,1025216,27,1,2.49,0.00
5061463,1025217,17,2,12.49,0.00
5061464,1025217,23,2,3.99,0.00
5061465,1025218,2,1,11.99,0.00
5061466,1025218,29,1,3.49,0.00
5061467,1025219,1,1,11.49,0.00
5061468,1025219,32,1,4.99,0.00
5061469,1025220,14,1,10.49,0.00
5061470,1025220,25,1,6.49,0.00
5061471,1025221,7,1,11.99,0.00
5061472,1025221,21,2,3.99,0.00
5061473,1025222,7,1,11.99,0.00
5061474,1025223,17,1,12.49,0.00
5061475,1025223,27,1,2.49,0.00
5061476,1025224,4,2,14.99,0.00
5061477,1025224,34,1,4.49,0.00
5061478,1025224,22,1,4.49,0.00
5061479,1025224,31,1,3.49,0.00
5061480,1025225,17,1,12.49,0.00
5061481,1025226,9,2,13.99,0.00
5061482,1025227,8,2,12.49,0.00
5061483,1025227,20,2,4.49,0.00
5061484,1025227,28,1,3.49,0.00
5061485,1025228,1,1,11.49,0.00
5061486,1025228,21,1,3.99,0.00
5061487,1025228,33,2,5.49,0.00
5061488,1025228,26,1,2.49,0.00
5061489,1025228,27,1,2.49,0.00
5061490,1025228,7,1,11.99,0.00
5061491,1025229,17,1,12.49,0.00
5061492,1025229,28,2,3.49,0.00
5061493,1025229,22,1,4.49,0.00
5061494,1025229,19,1,3.99,0.00
5061495,1025230,16,0,10.49,0.00
5061496,1025231,4,1,14.99,0.00
5061497,1025231,27,1,2.49,0.00
5061498,1025232,14,1,10.49,0.00
5061499,1025232,27,1,2.49,0.00
5061500,1025233,8,1,12.49,0.00
5061501,1025233,17,2,12.49,0.00
5061502,1025233,22,2,4.49,0.00
5061503,1025234,15,1,10.99,0.00
5061504,1025235,6,2,12.99,0.00
5061505,1025236,10,1,10.99,0.00
5061506,1025236,19,1,3.99,0.00
5061507,1025237,17,1,12.49,0.00
5061508,1025237,30,1,3.29,0.00
5061509,1025237,27,1,2.49,0.00
5061510,1025237,22,2,4.49,0.00
5061511,1025237,28,1,3.49,0.00
5061512,1025237,26,1,2.49,0.00
5061513,1025238,17,1,12.49,0.00
5061514,1025238,21,1,3.99,0.00
5061515,1025239,17,1,12.49,0.00
5061516,1025239,20,1,4.49,0.00
5061517,1025240,6,2,12.99,0.00
5061518,1025240,35,1,2.99,0.00
5061519,1025240,22,1,4.49,0.00
5061520,1025241,17,1,12.49,0.00
5061521,1025241,19,1,3.99,0.00
5061522,1025241,26,1,2.49,0.00
5061523,1025242,17,1,12.49,0.00
5061524,1025242,34,1,4.49,0.00
5061525,1025242,9,1,13.99,0.00
5061526,1025242,27,3,2.49,0.00
5061527,1025243,17,1,12.49,0.00
5061528,1025243,23,1,3.99,0.00
5061529,1025243,25,1,6.49,0.00
5061530,1025244,1,1,11.49,0.00
5061531,1025244,20,1,4.49,0.00
5061532,1025244,18,1,5.49,0.00
5061533,1025244,31,1,3.49,0.00
5061534,1025244,27,1,2.49,0.00
5061535,1025245,1,1,11.49,0.00
5061536,1025245,28,1,3.49,0.00
5061537,1025245,26,1,2.49,0.00
5061538,1025246,8,1,12.49,0.00
5061539,1025246,6,1,12.99,0.00
5061540,1025246,21,1,3.99,0.00
5061541,1025246,19,1,3.99,0.00
5061542,1025247,6,1,12.99,0.00
5061543,1025247,31,2,3.49,0.00
5061544,1025248,3,1,10.49,0.00
5061545,1025248,27,2,2.49,0.00
5061546,1025248,23,1,3.99,0.00
5061547,1025248,26,1,2.49,0.00
5061548,1025249,16,1,10.49,0.00
5061549,1025250,6,2,12.99,0.00
5061550,1025250,25,1,6.49,0.00
5061551,1025250,32,2,4.99,0.00
5061552,1025251,5,1,13.49,0.00
5061553,1025252,8,1,12.49,0.00
5061554,1025252,18,3,5.49,0.00
5061555,1025253,8,1,12.49,0.00
5061556,1025253,22,1,4.49,0.00
5061557,1025254,2,1,11.99,0.00
5061558,1025254,23,1,3.99,0.00
5061559,1025254,20,1,4.49,0.00
5061560,1025254,19,2,3.99,0.00
5061561,1025255,3,1,10.49,0.00
5061562,1025256,11,1,13.49,0.00
5061563,1025256,17,1,12.49,0.00
5061564,1025257,17,1,12.49,0.00
5061565,1025257,25,1,6.49,0.00
5061566,1025258,1,1,11.49,1.72
5061567,1025259,5,1,13.49,0.00
5061568,1025260,11,1,13.49,0.00
5061569,1025260,22,1,4.49,0.00
5061570,1025260,26,2,2.49,0.00
5061571,1025261,15,1,10.99,0.00
5061572,1025262,3,1,10.49,0.00
5061573,1025262,29,1,3.49,0.00
5061574,1025262,6,1,12.99,0.00
5061575,1025262,8,2,12.49,0.00
5061576,1025262,22,1,4.49,0.00
5061577,1025262,27,1,2.49,0.00
5061578,1025263,12,1,18.99,0.00
5061579,1025263,27,2,2.49,0.00
5061580,1025264,4,1,14.99,0.00
5061581,1025264,30,1,3.29,0.00
5061582,1025265,1,1,11.49,0.00
5061583,1025265,34,1,4.49,0.00
5061584,1025266,11,1,13.49,0.00
5061585,1025266,28,1,3.49,0.00
5061586,1025266,4,1,14.99,0.00
5061587,1025267,4,1,14.99,0.00
5061588,1025267,19,1,3.99,0.00
5061589,1025268,3,2,10.49,3.15
5061590,1025268,28,1,3.49,0.52
5061591,1025268,20,2,4.49,1.35
5061592,1025268,27,1,2.49,0.37
5061593,1025269,8,1,12.49,0.00
5061594,1025269,27,1,2.49,0.00
5061595,1025270,17,3,12.49,0.00
5061596,1025270,25,1,6.49,0.00
5061597,1025271,10,1,10.99,0.00
5061598,1025271,26,1,2.49,0.00
5061599,1025272,8,1,12.49,0.00
5061600,1025272,22,1,4.49,0.00
5061601,1025273,14,1,10.49,0.00
5061602,1025273,34,2,4.49,0.00
5061603,1025274,3,1,10.49,0.00
5061604,1025274,30,1,3.29,0.00
5061605,1025274,18,1,5.49,0.00
5061606,1025274,33,1,5.49,0.00
5061607,1025275,17,1,12.49,0.00
5061608,1025276,2,1,11.99,0.00
5061609,1025276,19,1,3.99,0.00
5061610,1025277,17,1,12.49,0.00
5061611,1025277,20,1,4.49,0.00
5061612,1025277,26,1,2.49,0.00
5061613,1025277,22,1,4.49,0.00
5061614,1025278,6,1,12.99,0.00
5061615,1025278,34,1,4.49,0.00
5061616,1025278,27,3,2.49,0.00
5061617,1025278,20,1,4.49,0.00
5061618,1025279,2,1,11.99,0.00
5061619,1025280,15,1,10.99,0.00
5061620,1025280,18,1,5.49,0.00
5061621,1025280,33,1,5.49,0.00
5061622,1025281,17,1,12.49,0.00
5061623,1025282,17,1,12.49,0.00
5061624,1025282,30,1,3.29,0.00
5061625,1025282,22,2,4.49,0.00
5061626,1025283,17,1,12.49,0.00
5061627,1025284,17,1,12.49,0.00
5061628,1025284,27,1,2.49,0.00
5061629,1025285,15,1,10.99,0.00
5061630,1025285,16,1,10.49,0.00
5061631,1025285,34,1,4.49,0.00
5061632,1025286,17,1,12.49,0.00
5061633,1025286,10,1,10.99,0.00
5061634,1025287,17,2,12.49,0.00
5061635,1025288,17,1,12.49,0.00
5061636,1025288,24,1,3.49,0.00
5061637,1025288,27,1,2.49,0.00
5061638,1025288,29,3,3.49,0.00
5061639,1025288,26,1,2.49,0.00
5061640,1025288,11,1,13.49,0.00
5061641,1025289,15,1,10.99,0.00
5061642,1025289,28,1,3.49,0.00
5061643,1025289,30,1,3.29,0.00
5061644,1025290,17,1,12.49,0.00
5061645,1025291,17,2,12.49,0.00
5061646,1025291,31,1,3.49,0.00
5061647,1025292,17,1,12.49,0.00
5061648,1025292,28,1,3.49,0.00
5061649,1025293,4,1,14.99,0.00
5061650,1025293,26,2,2.49,0.00
5061651,1025293,18,2,5.49,0.00
5061652,1025293,1,1,11.49,0.00
5061653,1025294,1,1,11.49,0.00
5061654,1025294,18,1,5.49,0.00
5061655,1025294,15,1,10.99,0.00
5061656,1025294,33,1,5.49,0.00
5061657,1025295,17,1,12.49,0.00
5061658,1025295,15,1,10.99,0.00
5061659,1025295,27,1,2.49,0.00
5061660,1025296,7,1,11.99,1.80
5061661,1025296,28,1,3.49,0.52
5061662,1025296,25,1,6.49,0.97
5061663,1025296,8,2,12.49,3.75
5061664,1025296,21,1,3.99,0.60
5061665,1025297,1,1,11.49,0.00
5061666,1025298,17,1,12.49,1.87
5061667,1025298,26,2,2.49,0.75
5061668,1025299,1,-1,11.49,0.00
5061669,1025299,23,1,3.99,0.00
5061670,1025299,32,1,4.99,0.00
5061671,1025299,35,2,2.99,0.00
5061672,1025300,5,1,13.49,0.00
5061673,1025300,34,1,4.49,0.00
5061674,1025301,17,1,12.49,0.00
5061675,1025301,19,3,3.99,0.00
5061676,1025302,5,1,13.49,0.00
5061677,1025302,25,1,6.49,0.00
5061678,1025303,9,1,13.99,0.00
5061679,1025303,17,2,12.49,0.00
5061680,1025303,31,1,3.49,0.00
5061681,1025304,4,1,14.99,0.00
5061682,1025304,23,1,3.99,0.00
5061683,1025305,17,1,12.49,0.00
5061684,1025305,21,2,3.99,0.00
5061685,1025306,17,1,12.49,0.00
5061686,1025306,28,2,3.49,0.00
5061687,1025307,9,1,13.99,0.00
5061688,1025307,18,1,5.49,0.00
5061689,1025308,17,1,12.49,0.00
5061690,1025308,24,1,3.49,0.00
5061691,1025309,8,1,12.49,0.00
5061692,1025309,31,1,3.49,0.00
5061693,1025309,33,1,5.49,0.00
5061694,1025309,27,1,2.49,0.00
5061695,1025310,17,1,12.49,0.00
5061696,1025310,1,1,11.49,0.00
5061697,1025310,34,1,4.49,0.00
5061698,1025311,2,1,11.99,0.00
5061699,1025312,1,1,11.49,0.00
5061700,1025312,19,1,3.99,0.00
5061701,1025313,7,1,11.99,0.00
5061702,1025314,13,1,9.99,0.00
5061703,1025314,30,1,3.29,0.00
5061704,1025314,32,1,4.99,0.00
5061705,1025314,6,1,12.99,0.00
5061706,1025315,17,1,12.49,0.00
5061707,1025315,21,1,3.99,0.00
5061708,1025315,29,1,3.49,0.00
5061709,1025315,27,1,2.49,0.00
5061710,1025316,7,1,11.99,0.00
5061711,1025316,18,2,5.49,0.00
5061712,1025316,26,1,2.49,0.00
5061713,1025316,20,1,4.49,0.00
5061714,1025317,17,1,12.49,0.00
5061715,1025318,17,-1,12.49,0.00
5061716,1025318,32,1,4.99,0.00
5061717,1025318,18,1,5.49,0.00
5061718,1025318,20,1,4.49,0.00
5061719,1025319,11,1,13.49,0.00
5061720,1025319,27,1,2.49,0.00
5061721,1025320,17,1,12.49,0.00
5061722,1025320,22,1,4.49,0.00
5061723,1025320,27,1,2.49,0.00
5061724,1025321,7,1,11.99,0.00
5061725,1025321,27,1,2.49,0.00
5061726,1025322,17,1,12.49,0.00
5061727,1025323,5,1,13.49,0.00
5061728,1025324,9,3,13.99,0.00
5061729,1025324,12,1,18.99,0.00
5061730,1025325,17,1,12.49,0.00
5061731,1025326,1,1,11.49,0.00
5061732,1025326,20,1,4.49,0.00
5061733,1025327,17,1,12.49,0.00
5061734,1025327,31,1,3.49,0.00
5061735,1025328,8,1,12.49,0.00
5061736,1025328,21,-1,3.99,0.00
5061737,1025328,22,1,4.49,0.00
5061738,1025329,3,1,10.49,0.00
5061739,1025330,14,3,10.49,0.00
5061740,1025331,14,1,10.49,0.00
5061741,1025331,26,1,2.49,0.00
5061742,1025332,2,1,11.99,0.00
5061743,1025333,4,1,14.99,0.00
5061744,1025333,27,1,2.49,0.00
5061745,1025334,15,1,10.99,0.00
5061746,1025334,20,1,4.49,0.00
5061747,1025334,26,1,2.49,0.00
5061748,1025334,31,1,3.49,0.00
5061749,1025335,5,1,13.49,0.00
5061750,1025335,20,1,4.49,0.00
5061751,1025335,21,2,3.99,0.00
5061752,1025336,17,1,12.49,0.00
5061753,1025336,16,1,10.49,0.00
5061754,1025337,2,2,11.99,0.00
5061755,1025337,17,1,12.49,0.00
5061756,1025337,31,1,3.49,0.00
5061757,1025337,33,1,5.49,0.00
5061758,1025337,27,1,2.49,0.00
5061759,1025338,4,1,14.99,2.25
5061760,1025339,17,3,12.49,0.00
5061761,1025340,10,1,10.99,0.00
5061762,1025341,17,1,12.49,0.00
5061763,1025341,34,1,4.49,0.00
5061764,1025341,25,1,6.49,0.00
5061765,1025342,2,1,11.99,0.00
5061766,1025342,32,1,4.99,0.00
5061767,1025343,5,1,13.49,0.00
5061768,1025343,20,1,4.49,0.00
5061769,1025344,17,1,12.49,0.00
5061770,1025344,21,1,3.99,0.00
5061771,1025344,26,1,2.49,0.00
5061772,1025345,5,2,13.49,4.05
5061773,1025346,8,1,12.49,0.00
5061774,1025346,33,1,5.49,0.00
5061775,1025346,9,1,13.99,0.00
5061776,1025347,17,1,12.49,0.00
5061777,1025348,16,1,10.49,0.00
5061778,1025349,14,1,10.49,0.00
5061779,1025349,21,1,3.99,0.00
5061780,1025350,17,2,12.49,0.00
5061781,1025350,32,1,4.99,0.00
5061782,1025350,18,2,5.49,0.00
5061783,1025350,25,1,6.49,0.00
5061784,1025351,10,1,10.99,0.00
5061785,1025351,26,2,2.49,0.00
5061786,1025352,1,1,11.49,0.00
5061787,1025353,17,1,12.49,0.00
5061788,1025353,27,1,2.49,0.00
5061789,1025354,17,1,12.49,0.00
5061790,1025355,17,1,12.49,1.87
5061791,1025355,23,1,3.99,0.60
5061792,1025355,18,1,5.49,0.82
5061793,1025355,29,1,3.49,0.52
5061794,1025356,12,1,18.99,0.00
5061795,1025356,23,1,3.99,0.00
5061796,1025357,3,1,10.49,0.00
5061797,1025358,7,2,11.99,0.00
5061798,1025358,18,1,5.49,0.00
5061799,1025358,21,1,3.99,0.00
5061800,1025359,4,1,14.99,0.00
5061801,1025360,15,3,10.99,4.95
5061802,1025360,18,1,5.49,0.82
5061803,1025361,2,1,11.99,0.00
5061804,1025362,3,1,10.49,0.00
5061805,1025362,28,1,3.49,0.00
5061806,1025363,2,3,11.99,0.00
5061807,1025363,24,1,3.49,0.00
5061808,1025364,11,1,13.49,0.00
5061809,1025364,24,1,3.49,0.00
5061810,1025365,17,1,12.49,0.00
5061811,1025365,20,1,4.49,0.00
5061812,1025366,17,1,12.49,0.00
5061813,1025366,21,1,3.99,0.00
5061814,1025367,17,1,12.49,0.00
5061815,1025367,32,1,4.99,0.00
5061816,1025367,26,1,2.49,0.00
5061817,1025367,19,1,3.99,0.00
5061818,1025367,21,1,3.99,0.00
5061819,1025367,25,2,6.49,0.00
5061820,1025368,13,1,9.99,0.00
5061821,1025368,34,1,4.49,0.00
5061822,1025368,33,1,5.49,0.00
5061823,1025369,5,1,13.49,0.00
5061824,1025369,18,1,5.49,0.00
5061825,1025369,26,1,2.49,0.00
5061826,1025370,6,1,12.99,0.00
5061827,1025370,21,2,3.99,0.00
5061828,1025370,23,1,3.99,0.00
5061829,1025371,5,1,13.49,0.00
5061830,1025371,27,1,2.49,0.00
5061831,1025372,17,3,12.49,0.00
5061832,1025373,17,1,12.49,0.00
5061833,1025373,28,1,3.49,0.00
5061834,1025374,1,1,11.49,1.72
5061835,1025374,21,1,3.99,0.60
5061836,1025374,27,1,2.49,0.37
5061837,1025375,10,1,10.99,0.00
5061838,1025375,17,1,12.49,0.00
5061839,1025376,6,1,12.99,0.00
5061840,1025376,21,1,3.99,0.00
5061841,1025376,30,1,3.29,0.00
5061842,1025377,3,1,10.49,0.00
5061843,1025377,17,1,12.49,0.00
5061844,1025378,9,1,13.99,0.00
5061845,1025378,20,1,4.49,0.00
5061846,1025378,26,1,2.49,0.00
5061847,1025379,10,1,10.99,0.00
5061848,1025379,32,1,4.99,0.00
5061849,1025379,19,1,3.99,0.00
5061850,1025380,5,1,13.49,0.00
5061851,1025380,29,1,3.49,0.00
5061852,1025380,26,1,2.49,0.00
5061853,1025380,35,2,2.99,0.00
5061854,1025380,22,1,4.49,0.00
5061855,1025381,1,1,11.49,0.00
5061856,1025381,30,2,3.29,0.00
5061857,1025382,17,1,12.49,0.00
5061858,1025382,27,1,2.49,0.00
5061859,1025382,15,1,10.99,0.00
5061860,1025383,6,1,12.99,0.00
5061861,1025383,25,1,6.49,0.00
5061862,1025384,3,1,10.49,0.00
5061863,1025384,30,1,3.29,0.00
5061864,1025385,17,1,12.49,0.00
5061865,1025385,23,1,3.99,0.00
5061866,1025386,3,1,10.49,0.00
5061867,1025387,9,1,13.99,0.00
5061868,1025388,3,1,10.49,0.00
5061869,1025388,26,1,2.49,0.00
5061870,1025389,17,1,12.49,0.00
5061871,1025389,20,1,4.49,0.00
5061872,1025389,26,2,2.49,0.00
5061873,1025389,31,1,3.49,0.00
5061874,1025389,27,1,2.49,0.00
5061875,1025390,14,1,10.49,0.00
5061876,1025391,8,1,12.49,0.00
5061877,1025391,21,1,3.99,0.00
5061878,1025392,14,3,10.49,0.00
5061879,1025392,7,2,11.99,0.00
5061880,1025393,1,1,11.49,1.72
5061881,1025393,32,1,4.99,0.75
5061882,1025393,18,1,5.49,0.82
5061883,1025394,9,1,13.99,0.00
5061884,1025394,31,1,3.49,0.00
5061885,1025394,6,1,12.99,0.00
5061886,1025395,17,1,12.49,0.00
5061887,1025395,21,1,3.99,0.00
5061888,1025396,17,1,12.49,0.00
5061889,1025397,6,3,12.99,0.00
5061890,1025398,1,1,11.49,1.72
5061891,1025398,23,1,3.99,0.60
5061892,1025398,34,1,4.49,0.67
5061893,1025399,9,2,13.99,0.00
5061894,1025400,17,1,12.49,0.00
5061895,1025401,17,1,12.49,1.87
5061896,1025402,17,1,12.49,0.00
5061897,1025402,18,1,5.49,0.00
5061898,1025402,33,1,5.49,0.00
5061899,1025403,1,1,11.49,0.00
5061900,1025403,22,1,4.49,0.00
5061901,1025404,9,2,13.99,0.00
5061902,1025405,4,1,14.99,0.00
5061903,1025405,31,1,3.49,0.00
5061904,1025405,7,1,11.99,0.00
5061905,1025405,17,1,12.49,0.00
5061906,1025406,10,1,10.99,0.00
5061907,1025406,27,4,2.49,0.00
5061908,1025407,8,1,12.49,0.00
5061909,1025407,27,1,2.49,0.00
5061910,1025407,10,3,10.99,0.00
5061911,1025408,17,2,12.49,0.00
5061912,1025409,15,1,10.99,0.00
5061913,1025409,23,2,3.99,0.00
5061914,1025410,5,1,13.49,0.00
5061915,1025410,26,3,2.49,0.00
5061916,1025410,18,1,5.49,0.00
5061917,1025411,17,1,12.49,0.00
5061918,1025411,28,1,3.49,0.00
5061919,1025411,27,1,2.49,0.00
5061920,1025412,15,1,10.99,1.65
5061921,1025413,17,1,12.49,0.00
5061922,1025413,26,1,2.49,0.00
5061923,1025413,25,1,6.49,0.00
5061924,1025413,21,1,3.99,0.00
5061925,1025413,19,1,3.99,0.00
5061926,1025414,17,2,12.49,0.00
5061927,1025415,4,1,14.99,2.25
5061928,1025415,22,1,4.49,0.67
5061929,1025415,32,1,4.99,0.75
5061930,1025416,6,1,12.99,0.00
5061931,1025416,30,1,3.29,0.00
5061932,1025417,17,3,12.49,0.00
5061933,1025417,24,1,3.49,0.00
5061934,1025418,11,3,13.49,0.00
5061935,1025419,7,3,11.99,0.00
5061936,1025419,18,1,5.49,0.00
5061937,1025420,14,1,10.49,0.00
5061938,1025420,29,1,3.49,0.00
5061939,1025421,6,1,12.99,0.00
5061940,1025421,19,1,3.99,0.00
5061941,1025422,16,1,10.49,0.00
5061942,1025422,31,3,3.49,0.00
5061943,1025423,16,1,10.49,0.00
5061944,1025423,28,1,3.49,0.00
5061945,1025424,1,1,11.49,0.00
5061946,1025424,29,1,3.49,0.00
5061947,1025425,1,1,11.49,0.00
5061948,1025425,24,1,3.49,0.00
5061949,1025425,20,1,4.49,0.00
5061950,1025425,26,1,2.49,0.00
5061951,1025426,3,1,10.49,0.00
5061952,1025427,1,3,11.49,0.00
5061953,1025427,28,1,3.49,0.00
5061954,1025427,18,2,5.49,0.00
5061955,1025428,3,1,10.49,0.00
5061956,1025428,9,1,13.99,0.00
5061957,1025429,14,2,10.49,0.00
5061958,1025430,8,1,12.49,0.00
5061959,1025430,26,2,2.49,0.00
5061960,1025430,20,1,4.49,0.00
5061961,1025431,17,1,12.49,0.00
5061962,1025431,35,1,2.99,0.00
5061963,1025431,18,1,5.49,0.00
5061964,1025431,21,1,3.99,0.00
5061965,1025432,7,2,11.99,0.00
5061966,1025433,6,1,12.99,0.00
5061967,1025433,33,1,5.49,0.00
5061968,1025433,26,0,2.49,0.00
5061969,1025433,28,1,3.49,0.00
5061970,1025433,24,1,3.49,0.00
5061971,1025434,9,1,13.99,0.00
5061972,1025434,31,1,3.49,0.00
5061973,1025434,29,2,3.49,0.00
5061974,1025435,17,1,12.49,0.00
5061975,1025436,13,1,9.99,0.00
5061976,1025436,25,2,6.49,0.00
5061977,1025437,17,1,12.49,0.00
5061978,1025437,29,1,3.49,0.00
5061979,1025438,3,1,10.49,0.00
5061980,1025438,27,1,2.49,0.00
5061981,1025438,23,1,3.99,0.00
5061982,1025438,28,1,3.49,0.00
5061983,1025438,19,1,3.99,0.00
5061984,1025438,32,1,4.99,0.00
5061985,1025439,14,1,10.49,0.00
5061986,1025439,32,1,4.99,0.00
5061987,1025439,17,1,12.49,0.00
5061988,1025440,7,1,11.99,0.00
5061989,1025440,21,1,3.99,0.00
5061990,1025441,9,1,13.99,0.00
5061991,1025441,29,1,3.49,0.00
5061992,1025441,32,1,4.99,0.00
5061993,1025442,1,1,11.49,1.72
5061994,1025442,26,1,2.49,0.37
5061995,1025443,3,1,10.49,0.00
5061996,1025444,5,1,13.49,0.00
5061997,1025445,10,1,10.99,0.00
5061998,1025445,18,1,5.49,0.00
5061999,1025445,22,1,4.49,0.00
5062000,1025446,6,1,12.99,0.00
5062001,1025446,34,1,4.49,0.00
5062002,1025447,5,1,13.49,0.00
5062003,1025448,9,1,13.99,0.00
5062004,1025448,31,1,3.49,0.00
5062005,1025449,7,1,11.99,0.00
5062006,1025449,18,1,5.49,0.00
5062007,1025449,28,1,3.49,0.00
5062008,1025450,1,3,11.49,0.00
5062009,1025450,2,1,11.99,0.00
5062010,1025451,5,1,13.49,0.00
5062011,1025451,30,1,3.29,0.00
5062012,1025451,32,1,4.99,0.00
5062013,1025451,34,3,4.49,0.00
5062014,1025451,19,2,3.99,0.00
5062015,1025451,20,1,4.49,0.00
5062016,1025452,7,3,11.99,0.00
5062017,1025452,26,1,2.49,0.00
5062018,1025452,10,3,10.99,0.00
5062019,1025453,17,1,12.49,0.00
5062020,1025453,35,1,2.99,0.00
5062021,1025453,28,1,3.49,0.00
5062022,1025453,29,1,3.49,0.00
5062023,1025454,17,1,12.49,0.00
5062024,1025454,29,1,3.49,0.00
5062025,1025455,17,1,12.49,0.00
5062026,1025455,21,1,3.99,0.00
5062027,1025455,19,2,3.99,0.00
5062028,1025456,8,1,12.49,0.00
5062029,1025456,2,1,11.99,0.00
5062030,1025456,24,1,3.49,0.00
5062031,1025456,26,2,2.49,0.00
5062032,1025456,20,3,4.49,0.00
5062033,1025457,17,1,12.49,0.00
5062034,1025457,32,1,4.99,0.00
5062035,1025457,25,1,6.49,0.00
5062036,1025457,28,1,3.49,0.00
5062037,1025458,4,1,14.99,0.00
5062038,1025458,34,1,4.49,0.00
5062039,1025458,24,3,3.49,0.00
5062040,1025459,4,1,14.99,0.00
5062041,1025460,17,1,12.49,0.00
5062042,1025460,22,1,4.49,0.00
5062043,1025461,3,1,10.49,0.00
5062044,1025462,6,1,12.99,0.00
5062045,1025463,17,2,12.49,0.00
5062046,1025463,27,1,2.49,0.00
5062047,1025463,20,1,4.49,0.00
5062048,1025463,18,3,5.49,0.00
5062049,1025464,12,1,18.99,0.00
5062050,1025464,27,1,2.49,0.00
5062051,1025465,15,1,10.99,0.00
5062052,1025466,17,1,12.49,0.00
5062053,1025467,17,1,12.49,0.00
5062054,1025468,4,1,14.99,0.00
5062055,1025468,28,1,3.49,0.00
5062056,1025468,19,2,3.99,0.00
5062057,1025468,21,2,3.99,0.00
5062058,1025469,5,1,13.49,0.00
5062059,1025469,6,1,12.99,0.00
5062060,1025470,17,1,12.49,0.00
5062061,1025470,28,2,3.49,0.00
5062062,1025470,33,1,5.49,0.00
5062063,1025471,11,1,13.49,0.00
5062064,1025471,27,1,2.49,0.00
5062065,1025471,30,1,3.29,0.00
5062066,1025472,11,1,13.49,0.00
5062067,1025472,5,2,13.49,0.00
5062068,1025473,9,2,13.99,0.00
5062069,1025474,17,1,12.49,0.00
5062070,1025475,9,1,13.99,0.00
5062071,1025476,16,1,10.49,0.00
5062072,1025476,17,1,12.49,0.00
5062073,1025476,2,1,11.99,0.00
5062074,1025476,32,1,4.99,0.00
5062075,1025477,17,1,12.49,0.00
5062076,1025477,18,1,5.49,0.00
5062077,1025477,23,1,3.99,0.00
5062078,1025477,26,1,2.49,0.00
5062079,1025478,17,1,12.49,1.87
5062080,1025478,6,1,12.99,1.95
5062081,1025478,27,1,2.49,0.37
5062082,1025479,5,1,13.49,0.00
5062083,1025479,27,1,2.49,0.00
5062084,1025479,26,1,2.49,0.00
5062085,1025480,17,1,12.49,0.00
5062086,1025480,25,1,6.49,0.00
5062087,1025480,30,1,3.29,0.00
5062088,1025481,4,1,14.99,0.00
5062089,1025481,28,1,3.49,0.00
5062090,1025481,20,1,4.49,0.00
5062091,1025481,18,1,5.49,0.00
5062092,1025481,33,1,5.49,0.00
5062093,1025482,9,2,13.99,0.00
5062094,1025482,20,1,4.49,0.00
5062095,1025483,2,1,11.99,0.00
5062096,1025484,4,1,14.99,0.00
5062097,1025484,18,1,5.49,0.00
5062098,1025485,17,1,12.49,0.00
5062099,1025485,26,1,2.49,0.00
5062100,1025486,10,1,10.99,0.00
5062101,1025486,26,1,2.49,0.00
5062102,1025486,22,1,4.49,0.00
5062103,1025486,31,1,3.49,0.00
5062104,1025487,7,1,11.99,0.00
5062105,1025487,27,3,2.49,0.00
5062106,1025488,17,1,12.49,0.00
5062107,1025488,27,1,2.49,0.00
5062108,1025488,23,3,3.99,0.00
5062109,1025489,12,1,18.99,0.00
5062110,1025489,21,1,3.99,0.00
5062111,1025490,12,1,18.99,0.00
5062112,1025490,33,1,5.49,0.00
5062113,1025491,2,1,11.99,1.80
5062114,1025491,34,1,4.49,0.67
5062115,1025491,22,1,4.49,0.67
5062116,1025491,18,1,5.49,0.82
5062117,1025491,30,0,3.29,0.49
5062118,1025491,29,1,3.49,0.52
5062119,1025492,17,1,12.49,0.00
5062120,1025493,7,1,11.99,0.00
5062121,1025493,29,1,3.49,0.00
5062122,1025493,28,1,3.49,0.00
5062123,1025494,17,1,12.49,0.00
5062124,1025494,23,1,3.99,0.00
5062125,1025494,21,1,3.99,0.00
5062126,1025495,10,1,10.99,0.00
5062127,1025496,4,1,14.99,0.00
5062128,1025496,31,1,3.49,0.00
5062129,1025497,7,1,11.99,0.00
5062130,1025498,3,1,10.49,1.57
5062131,1025498,26,1,2.49,0.37
5062132,1025498,24,1,3.49,0.52
5062133,1025499,10,2,10.99,0.00
5062134,1025499,34,1,4.49,0.00
5062135,1025499,16,1,10.49,0.00
5062136,1025500,2,1,11.99,0.00
5062137,1025500,29,1,3.49,0.00
5062138,1025500,23,1,3.99,0.00
5062139,1025501,1,1,11.49,0.00
5062140,1025501,18,1,5.49,0.00
5062141,1025501,21,1,3.99,0.00
5062142,1025502,11,1,13.49,0.00
5062143,1025503,7,2,11.99,0.00
5062144,1025504,15,1,10.99,0.00
5062145,1025504,25,1,6.49,0.00
5062146,1025505,9,1,13.99,0.00
5062147,1025505,26,1,2.49,0.00
5062148,1025506,16,2,10.49,0.00
5062149,1025506,27,1,2.49,0.00
5062150,1025507,2,1,11.99,0.00
5062151,1025507,26,1,2.49,0.00
5062152,1025507,19,1,3.99,0.00
5062153,1025508,8,1,12.49,0.00
5062154,1025509,8,1,12.49,0.00
5062155,1025510,6,1,12.99,1.95
5062156,1025510,25,1,6.49,0.97
5062157,1025511,5,2,13.49,0.00
5062158,1025511,26,1,2.49,0.00
5062159,1025511,13,2,9.99,0.00
5062160,1025512,11,1,13.49,0.00
5062161,1025512,18,1,5.49,0.00
5062162,1025512,33,1,5.49,0.00
5062163,1025512,25,1,6.49,0.00
5062164,1025513,6,1,12.99,0.00
5062165,1025513,4,3,14.99,0.00
5062166,1025513,22,1,4.49,0.00
5062167,1025514,14,1,10.49,0.00
5062168,1025514,18,1,5.49,0.00
5062169,1025514,24,1,3.49,0.00
5062170,1025514,34,1,4.49,0.00
5062171,1025514,29,1,3.49,0.00
5062172,1025515,17,1,12.49,0.00
5062173,1025515,27,1,2.49,0.00
5062174,1025515,18,1,5.49,0.00
5062175,1025515,19,1,3.99,0.00
5062176,1025516,17,1,12.49,0.00
5062177,1025516,31,1,3.49,0.00
5062178,1025517,4,1,14.99,0.00
5062179,1025517,27,3,2.49,0.00
5062180,1025517,1,1,11.49,0.00
5062181,1025517,25,1,6.49,0.00
5062182,1025518,8,1,12.49,0.00
5062183,1025518,18,2,5.49,0.00
5062184,1025518,33,3,5.49,0.00
5062185,1025519,17,1,12.49,0.00
5062186,1025519,26,2,2.49,0.00
5062187,1025520,3,2,10.49,0.00
5062188,1025520,24,1,3.49,0.00
5062189,1025520,26,1,2.49,0.00
5062190,1025521,2,2,11.99,0.00
5062191,1025521,26,2,2.49,0.00
5062192,1025521,19,1,3.99,0.00
5062193,1025522,4,1,14.99,0.00
5062194,1025522,22,1,4.49,0.00
5062195,1025522,35,1,2.99,0.00
5062196,1025523,3,3,10.49,0.00
5062197,1025524,10,1,10.99,0.00
5062198,1025524,3,2,10.49,0.00
5062199,1025524,30,1,3.29,0.00
5062200,1025524,32,1,4.99,0.00
5062201,1025525,3,1,10.49,0.00
5062202,1025525,21,2,3.99,0.00
5062203,1025525,25,1,6.49,0.00
5062204,1025526,7,1,11.99,0.00
5062205,1025527,15,1,10.99,0.00
5062206,1025528,1,1,11.49,1.72
5062207,1025529,17,1,12.49,0.00
5062208,1025529,29,1,3.49,0.00
5062209,1025529,30,2,3.29,0.00
5062210,1025529,26,2,2.49,0.00
5062211,1025530,17,2,12.49,0.00
5062212,1025530,21,1,3.99,0.00
5062213,1025530,26,1,2.49,0.00
5062214,1025531,1,-1,11.49,0.00
5062215,1025531,20,1,4.49,0.00
5062216,1025532,10,1,10.99,0.00
5062217,1025532,31,2,3.49,0.00
5062218,1025533,17,2,12.49,0.00
5062219,1025534,15,2,10.99,0.00
5062220,1025535,2,1,11.99,0.00
5062221,1025536,11,1,13.49,0.00
5062222,1025536,27,1,2.49,0.00
5062223,1025536,28,1,3.49,0.00
5062224,1025536,24,1,3.49,0.00
5062225,1025537,10,1,10.99,0.00
5062226,1025537,20,1,4.49,0.00
5062227,1025537,26,1,2.49,0.00
5062228,1025538,3,1,10.49,0.00
5062229,1025538,32,1,4.99,0.00
5062230,1025538,22,1,4.49,0.00
5062231,1025538,19,1,3.99,0.00
5062232,1025538,21,1,3.99,0.00
5062233,1025539,17,1,12.49,0.00
5062234,1025539,30,1,3.29,0.00
5062235,1025539,26,2,2.49,0.00
5062236,1025540,17,2,12.49,0.00
5062237,1025540,27,3,2.49,0.00
5062238,1025540,35,1,2.99,0.00
5062239,1025540,19,1,3.99,0.00
5062240,1025541,1,1,11.49,0.00
5062241,1025541,19,1,3.99,0.00
5062242,1025541,20,1,4.49,0.00
5062243,1025541,24,1,3.49,0.00
5062244,1025542,9,1,13.99,0.00
5062245,1025542,23,1,3.99,0.00
5062246,1025542,26,1,2.49,0.00
5062247,1025542,34,1,4.49,0.00
5062248,1025542,20,1,4.49,0.00
5062249,1025542,27,1,2.49,0.00
5062250,1025543,12,1,18.99,0.00
5062251,1025543,26,3,2.49,0.00
5062252,1025544,7,2,11.99,0.00
5062253,1025544,27,1,2.49,0.00
5062254,1025545,15,2,10.99,0.00
5062255,1025545,26,1,2.49,0.00
5062256,1025545,25,2,6.49,0.00
5062257,1025545,29,1,3.49,0.00
5062258,1025546,17,1,12.49,0.00
5062259,1025546,27,1,2.49,0.00
5062260,1025546,22,1,4.49,0.00
5062261,1025547,2,1,11.99,0.00
5062262,1025547,20,2,4.49,0.00
5062263,1025547,25,1,6.49,0.00
5062264,1025547,18,1,5.49,0.00
5062265,1025548,1,1,11.49,0.00
5062266,1025548,34,1,4.49,0.00
5062267,1025548,30,1,3.29,0.00
5062268,1025548,26,1,2.49,0.00
5062269,1025548,18,1,5.49,0.00
5062270,1025548,21,1,3.99,0.00
5062271,1025549,11,1,13.49,0.00
5062272,1025549,27,1,2.49,0.00
5062273,1025550,17,1,12.49,0.00
5062274,1025550,24,1,3.49,0.00
5062275,1025551,17,2,12.49,0.00
5062276,1025551,24,1,3.49,0.00
5062277,1025551,26,1,2.49,0.00
5062278,1025551,28,1,3.49,0.00
5062279,1025552,11,1,13.49,2.02
5062280,1025552,19,1,3.99,0.60
5062281,1025552,24,1,3.49,0.52
5062282,1025552,31,1,3.49,0.52
5062283,1025553,2,1,11.99,0.00
5062284,1025553,32,3,4.99,0.00
5062285,1025553,30,2,3.29,0.00
5062286,1025553,7,1,11.99,0.00
5062287,1025554,11,1,13.49,0.00
5062288,1025555,13,1,9.99,0.00
5062289,1025555,18,1,5.49,0.00
5062290,1025556,1,1,11.49,0.00
5062291,1025556,25,1,6.49,0.00
5062292,1025557,10,1,10.99,0.00
5062293,1025557,27,1,2.49,0.00
5062294,1025558,1,1,11.49,0.00
5062295,1025559,5,1,13.49,0.00
5062296,1025560,3,1,10.49,0.00
5062297,1025561,8,1,12.49,0.00
5062298,1025561,27,2,2.49,0.00
5062299,1025561,18,1,5.49,0.00
5062300,1025562,8,1,12.49,0.00
5062301,1025562,2,3,11.99,0.00
5062302,1025563,16,1,10.49,0.00
5062303,1025563,23,1,3.99,0.00
5062304,1025563,28,1,3.49,0.00
5062305,1025564,8,1,12.49,0.00
5062306,1025565,7,1,11.99,0.00
5062307,1025566,16,2,10.49,0.00
5062308,1025566,19,1,3.99,0.00
5062309,1025567,8,2,12.49,0.00
5062310,1025567,30,1,3.29,0.00
5062311,1025567,1,2,11.49,0.00
5062312,1025567,21,1,3.99,0.00
5062313,1025568,15,1,10.99,0.00
5062314,1025568,26,2,2.49,0.00
5062315,1025568,14,1,10.49,0.00
5062316,1025568,18,1,5.49,0.00
5062317,1025569,1,1,11.49,0.00
5062318,1025569,30,1,3.29,0.00
5062319,1025570,6,1,12.99,0.00
5062320,1025570,28,2,3.49,0.00
5062321,1025570,27,1,2.49,0.00
5062322,1025571,7,1,11.99,0.00
5062323,1025571,25,1,6.49,0.00
5062324,1025572,17,2,12.49,0.00
5062325,1025572,18,1,5.49,0.00
5062326,1025572,35,1,2.99,0.00
5062327,1025573,14,1,10.49,0.00
5062328,1025573,26,3,2.49,0.00
5062329,1025573,17,1,12.49,0.00
5062330,1025574,9,2,13.99,0.00
5062331,1025575,6,1,12.99,0.00
5062332,1025575,34,1,4.49,0.00
5062333,1025575,28,1,3.49,0.00
5062334,1025575,2,2,11.99,0.00
5062335,1025576,5,1,13.49,0.00
5062336,1025576,26,1,2.49,0.00
5062337,1025577,8,1,12.49,0.00
5062338,1025577,18,2,5.49,0.00
5062339,1025577,33,1,5.49,0.00
5062340,1025577,21,2,3.99,0.00
5062341,1025578,17,1,12.49,0.00
5062342,1025579,3,3,10.49,0.00
5062343,1025579,27,1,2.49,0.00
5062344,1025579,26,1,2.49,0.00
5062345,1025580,8,1,12.49,0.00
5062346,1025581,4,1,14.99,0.00
5062347,1025581,28,1,3.49,0.00
5062348,1025581,18,1,5.49,0.00
5062349,1025581,22,1,4.49,0.00
5062350,1025582,5,1,13.49,0.00
5062351,1025582,21,1,3.99,0.00
5062352,1025583,17,1,12.49,0.00
5062353,1025583,7,1,11.99,0.00
5062354,1025583,4,1,14.99,0.00
5062355,1025583,21,1,3.99,0.00
5062356,1025584,17,1,12.49,1.87
5062357,1025584,29,1,3.49,0.52
5062358,1025585,1,1,11.49,0.00
5062359,1025585,30,1,3.29,0.00
5062360,1025585,22,2,4.49,0.00
5062361,1025586,5,1,13.49,0.00
5062362,1025587,17,2,12.49,0.00
5062363,1025587,28,1,3.49,0.00
5062364,1025587,10,1,10.99,0.00
5062365,1025588,16,1,10.49,0.00
5062366,1025589,6,1,12.99,0.00
5062367,1025589,30,1,3.29,0.00
5062368,1025590,17,1,12.49,0.00
5062369,1025590,20,1,4.49,0.00
5062370,1025591,14,1,10.49,0.00
5062371,1025591,22,1,4.49,0.00
5062372,1025591,21,1,3.99,0.00
5062373,1025592,5,1,13.49,0.00
5062374,1025592,27,1,2.49,0.00
5062375,1025592,30,1,3.29,0.00
5062376,1025593,16,1,10.49,0.00
5062377,1025593,27,1,2.49,0.00
5062378,1025594,7,1,11.99,0.00
5062379,1025594,21,2,3.99,0.00
5062380,1025594,24,1,3.49,0.00
5062381,1025594,18,1,5.49,0.00
5062382,1025595,10,1,10.99,0.00
5062383,1025595,22,1,4.49,0.00
5062384,1025596,10,1,10.99,0.00
5062385,1025596,27,1,2.49,0.00
5062386,1025596,1,1,11.49,0.00
5062387,1025597,7,1,11.99,0.00
5062388,1025597,23,2,3.99,0.00
5062389,1025598,11,1,13.49,0.00
5062390,1025598,19,1,3.99,0.00
5062391,1025598,24,2,3.49,0.00
5062392,1025598,13,1,9.99,0.00
5062393,1025599,11,1,13.49,0.00
5062394,1025599,16,1,10.49,0.00
5062395,1025600,17,1,12.49,0.00
5062396,1025601,17,1,12.49,0.00
5062397,1025601,20,2,4.49,0.00
5062398,1025602,14,2,10.49,0.00
5062399,1025603,1,1,11.49,0.00
5062400,1025603,29,2,3.49,0.00
5062401,1025603,26,1,2.49,0.00
5062402,1025603,19,1,3.99,0.00
5062403,1025603,20,1,4.49,0.00
5062404,1025604,3,1,10.49,0.00
5062405,1025604,21,2,3.99,0.00
5062406,1025605,16,1,10.49,1.57
5062407,1025606,7,1,11.99,0.00
5062408,1025607,10,1,10.99,0.00
5062409,1025607,28,1,3.49,0.00
5062410,1025607,22,1,4.49,0.00
5062411,1025608,13,1,9.99,0.00
5062412,1025608,34,1,4.49,0.00
5062413,1025608,29,1,3.49,0.00
5062414,1025609,14,1,10.49,0.00
5062415,1025610,17,1,12.49,0.00
5062416,1025610,26,2,2.49,0.00
5062417,1025611,14,1,10.49,0.00
5062418,1025611,19,1,3.99,0.00
5062419,1025612,3,1,10.49,0.00
5062420,1025612,26,1,2.49,0.00
5062421,1025612,24,1,3.49,0.00
5062422,1025612,32,2,4.99,0.00
5062423,1025613,7,1,11.99,0.00
5062424,1025614,17,1,12.49,0.00
5062425,1025614,6,1,12.99,0.00
5062426,1025615,16,2,10.49,0.00
5062427,1025615,21,3,3.99,0.00
5062428,1025615,24,1,3.49,0.00
5062429,1025615,26,3,2.49,0.00
5062430,1025616,15,1,10.99,0.00
5062431,1025616,31,1,3.49,0.00
5062432,1025616,26,1,2.49,0.00
5062433,1025617,17,-1,12.49,0.00
5062434,1025618,14,1,10.49,0.00
5062435,1025618,26,1,2.49,0.00
5062436,1025619,3,1,10.49,0.00
5062437,1025619,33,1,5.49,0.00
5062438,1025620,17,1,12.49,0.00
5062439,1025620,20,1,4.49,0.00
5062440,1025621,3,1,10.49,0.00
5062441,1025621,19,2,3.99,0.00
5062442,1025622,17,2,12.49,0.00
5062443,1025623,5,1,13.49,2.02
5062444,1025623,14,1,10.49,1.57
5062445,1025624,14,3,10.49,0.00
5062446,1025625,4,1,14.99,0.00
5062447,1025625,23,1,3.99,0.00
5062448,1025626,13,1,9.99,0.00
5062449,1025626,1,1,11.49,0.00
5062450,1025626,28,1,3.49,0.00
5062451,1025626,21,1,3.99,0.00
5062452,1025626,27,1,2.49,0.00
5062453,1025626,3,1,10.49,0.00
5062454,1025627,4,1,14.99,0.00
5062455,1025627,22,1,4.49,0.00
5062456,1025628,17,1,12.49,0.00
5062457,1025628,22,1,4.49,0.00
5062458,1025628,34,1,4.49,0.00
5062459,1025628,18,-1,5.49,0.00
5062460,1025628,25,1,6.49,0.00
5062461,1025629,5,1,13.49,0.00
5062462,1025629,28,1,3.49,0.00
5062463,1025630,16,2,10.49,0.00
5062464,1025630,22,1,4.49,0.00
5062465,1025630,34,2,4.49,0.00
5062466,1025630,24,2,3.49,0.00
5062467,1025631,17,1,12.49,1.87
5062468,1025631,32,1,4.99,0.75
5062469,1025631,26,3,2.49,1.12
5062470,1025631,4,1,14.99,2.25
5062471,1025631,18,2,5.49,1.65
5062472,1025632,7,1,11.99,0.00
5062473,1025632,22,2,4.49,0.00
5062474,1025633,10,1,10.99,0.00
5062475,1025634,5,1,13.49,0.00
5062476,1025634,19,1,3.99,0.00
5062477,1025635,8,1,12.49,0.00
5062478,1025635,30,1,3.29,0.00
5062479,1025636,14,2,10.49,0.00
5062480,1025636,33,2,5.49,0.00
5062481,1025636,20,2,4.49,0.00
5062482,1025636,18,1,5.49,0.00
5062483,1025637,2,1,11.99,0.00
5062484,1025637,32,1,4.99,0.00
5062485,1025638,4,2,14.99,0.00
5062486,1025638,21,1,3.99,0.00
5062487,1025638,5,2,13.49,0.00
5062488,1025639,6,1,12.99,0.00
5062489,1025640,17,1,12.49,0.00
5062490,1025640,23,1,3.99,0.00
5062491,1025641,11,1,13.49,0.00
5062492,1025641,33,1,5.49,0.00
5062493,1025641,18,1,5.49,0.00
5062494,1025642,17,1,12.49,0.00
5062495,1025642,29,1,3.49,0.00
5062496,1025643,8,1,12.49,0.00
5062497,1025643,21,1,3.99,0.00
5062498,1025643,27,1,2.49,0.00
5062499,1025644,13,1,9.99,0.00
5062500,1025644,18,1,5.49,0.00
5062501,1025644,17,1,12.49,0.00
5062502,1025644,19,1,3.99,0.00
5062503,1025644,22,2,4.49,0.00
5062504,1025645,7,2,11.99,0.00
5062505,1025646,17,1,12.49,0.00
5062506,1025646,26,1,2.49,0.00
5062507,1025646,22,1,4.49,0.00
5062508,1025647,17,1,12.49,0.00
5062509,1025648,17,1,12.49,0.00
5062510,1025649,13,1,9.99,0.00
5062511,1025649,18,1,5.49,0.00
5062512,1025650,7,-1,11.99,0.00
5062513,1025651,17,1,12.49,0.00
5062514,1025652,5,1,13.49,0.00
5062515,1025652,21,1,3.99,0.00
5062516,1025653,17,1,12.49,0.00
5062517,1025654,17,1,12.49,0.00
5062518,1025654,30,1,3.29,0.00
5062519,1025655,17,1,12.49,0.00
5062520,1025655,5,1,13.49,0.00
5062521,1025655,24,1,3.49,0.00
5062522,1025655,31,1,3.49,0.00
5062523,1025656,2,1,11.99,0.00
5062524,1025657,9,1,13.99,0.00
5062525,1025657,18,2,5.49,0.00
5062526,1025657,24,1,3.49,0.00
5062527,1025658,9,1,13.99,0.00
5062528,1025658,18,1,5.49,0.00
5062529,1025659,1,1,11.49,0.00
5062530,1025659,25,1,6.49,0.00
5062531,1025660,14,1,10.49,0.00
5062532,1025660,20,1,4.49,0.00
5062533,1025661,3,2,10.49,0.00
5062534,1025662,9,1,13.99,0.00
5062535,1025662,26,2,2.49,0.00
5062536,1025662,19,2,3.99,0.00
5062537,1025663,2,1,11.99,0.00
5062538,1025664,11,3,13.49,0.00
5062539,1025664,27,1,2.49,0.00
5062540,1025665,11,1,13.49,0.00
5062541,1025665,32,1,4.99,0.00
5062542,1025665,29,1,3.49,0.00
5062543,1025665,27,2,2.49,0.00
5062544,1025666,4,1,14.99,0.00
5062545,1025666,21,1,3.99,0.00
5062546,1025666,30,2,3.29,0.00
5062547,1025667,8,1,12.49,0.00
5062548,1025667,35,1,2.99,0.00
5062549,1025668,17,1,12.49,1.87
5062550,1025668,25,1,6.49,0.97
5062551,1025668,32,1,4.99,0.75
5062552,1025669,7,1,11.99,0.00
5062553,1025670,14,1,10.49,0.00
5062554,1025670,34,1,4.49,0.00
5062555,1025670,30,1,3.29,0.00
5062556,1025671,6,-2,12.99,0.00
5062557,1025671,25,1,6.49,0.00
5062558,1025672,3,1,10.49,0.00
5062559,1025673,17,1,12.49,0.00
5062560,1025674,16,1,10.49,0.00
5062561,1025674,22,2,4.49,0.00
5062562,1025675,2,1,11.99,0.00
5062563,1025675,29,1,3.49,0.00
5062564,1025675,21,1,3.99,0.00
5062565,1025676,2,1,11.99,0.00
5062566,1025676,23,1,3.99,0.00
5062567,1025677,11,1,13.49,0.00
5062568,1025677,27,2,2.49,0.00
5062569,1025678,17,1,12.49,0.00
5062570,1025678,24,1,3.49,0.00
5062571,1025679,14,1,10.49,0.00
5062572,1025680,8,1,12.49,0.00
5062573,1025680,21,1,3.99,0.00
5062574,1025680,28,1,3.49,0.00
5062575,1025681,5,3,13.49,0.00
5062576,1025681,11,1,13.49,0.00
5062577,1025681,28,1,3.49,0.00
5062578,1025682,8,1,12.49,0.00
5062579,1025682,20,1,4.49,0.00
5062580,1025682,21,1,3.99,0.00
5062581,1025683,6,2,12.99,0.00
5062582,1025683,19,2,3.99,0.00
5062583,1025683,29,1,3.49,0.00
5062584,1025684,8,1,12.49,0.00
5062585,1025684,30,1,3.29,0.00
5062586,1025684,26,1,2.49,0.00
5062587,1025685,8,1,12.49,0.00
5062588,1025686,14,1,10.49,0.00
5062589,1025686,23,2,3.99,0.00
5062590,1025686,27,1,2.49,0.00
5062591,1025687,3,1,10.49,0.00
5062592,1025687,23,1,3.99,0.00
5062593,1025687,19,1,3.99,0.00
5062594,1025688,16,2,10.49,0.00
5062595,1025688,19,1,3.99,0.00
5062596,1025689,5,2,13.49,4.05
5062597,1025690,7,1,11.99,0.00
5062598,1025690,11,1,13.49,0.00
5062599,1025691,8,1,12.49,0.00
5062600,1025692,11,1,13.49,0.00
5062601,1025692,26,1,2.49,0.00
5062602,1025693,17,1,12.49,0.00
5062603,1025693,19,1,3.99,0.00
5062604,1025694,14,3,10.49,0.00
5062605,1025694,22,1,4.49,0.00
5062606,1025695,5,1,13.49,0.00
5062607,1025695,21,2,3.99,0.00
5062608,1025695,28,1,3.49,0.00
5062609,1025695,26,3,2.49,0.00
5062610,1025695,32,2,4.99,0.00
5062611,1025696,17,1,12.49,0.00
5062612,1025697,5,3,13.49,0.00
5062613,1025697,19,1,3.99,0.00
5062614,1025697,23,1,3.99,0.00
5062615,1025697,33,1,5.49,0.00
5062616,1025698,9,1,13.99,2.10
5062617,1025698,26,1,2.49,0.37
5062618,1025699,6,1,12.99,0.00
5062619,1025699,27,2,2.49,0.00
5062620,1025699,28,1,3.49,0.00
5062621,1025700,3,1,10.49,0.00
5062622,1025700,18,1,5.49,0.00
5062623,1025700,1,2,11.49,0.00
5062624,1025700,34,1,4.49,0.00
5062625,1025701,15,1,10.99,0.00
5062626,1025702,14,1,10.49,0.00
5062627,1025703,9,1,13.99,0.00
5062628,1025703,13,1,9.99,0.00
5062629,1025704,17,1,12.49,0.00
5062630,1025704,20,1,4.49,0.00
5062631,1025705,9,1,13.99,0.00
5062632,1025706,17,1,12.49,0.00
5062633,1025707,17,2,12.49,0.00
5062634,1025708,6,1,12.99,0.00
5062635,1025708,25,1,6.49,0.00
5062636,1025708,27,1,2.49,0.00
5062637,1025709,3,1,10.49,0.00
5062638,1025709,24,2,3.49,0.00
5062639,1025710,17,1,12.49,0.00
5062640,1025711,5,1,13.49,0.00
5062641,1025711,34,2,4.49,0.00
5062642,1025711,30,2,3.29,0.00
5062643,1025711,23,1,3.99,0.00
5062644,1025712,13,1,9.99,0.00
5062645,1025713,3,2,10.49,0.00
5062646,1025713,23,1,3.99,0.00
5062647,1025713,20,1,4.49,0.00
5062648,1025713,9,2,13.99,0.00
5062649,1025714,17,2,12.49,0.00
5062650,1025714,22,1,4.49,0.00
5062651,1025714,10,1,10.99,0.00
5062652,1025715,15,1,10.99,0.00
5062653,1025715,22,1,4.49,0.00
5062654,1025715,27,1,2.49,0.00
5062655,1025716,12,1,18.99,0.00
5062656,1025716,33,1,5.49,0.00
5062657,1025717,14,1,10.49,0.00
5062658,1025717,18,1,5.49,0.00
5062659,1025717,25,2,6.49,0.00
5062660,1025718,4,1,14.99,0.00
5062661,1025718,27,1,2.49,0.00
5062662,1025718,26,1,2.49,0.00
5062663,1025719,8,1,12.49,0.00
5062664,1025719,9,1,13.99,0.00
5062665,1025720,4,1,14.99,0.00
5062666,1025720,20,3,4.49,0.00
5062667,1025720,32,1,4.99,0.00
5062668,1025721,4,1,14.99,0.00
5062669,1025721,1,1,11.49,0.00
5062670,1025722,4,1,14.99,2.25
5062671,1025722,18,1,5.49,0.82
5062672,1025722,25,1,6.49,0.97
5062673,1025723,11,1,13.49,0.00
5062674,1025723,32,1,4.99,0.00
5062675,1025724,11,1,13.49,0.00
5062676,1025724,27,2,2.49,0.00
5062677,1025724,25,1,6.49,0.00
5062678,1025724,26,1,2.49,0.00
5062679,1025724,19,1,3.99,0.00
5062680,1025725,17,1,12.49,0.00
5062681,1025725,28,1,3.49,0.00
5062682,1025726,17,1,12.49,0.00
5062683,1025727,10,1,10.99,0.00
5062684,1025727,23,1,3.99,0.00
5062685,1025728,2,1,11.99,0.00
5062686,1025729,17,2,12.49,0.00
5062687,1025729,21,3,3.99,0.00
5062688,1025729,34,1,4.49,0.00
5062689,1025730,17,1,12.49,1.87
5062690,1025731,17,1,12.49,0.00
5062691,1025732,8,1,12.49,0.00
5062692,1025732,19,1,3.99,0.00
5062693,1025732,22,1,4.49,0.00
5062694,1025733,17,1,12.49,1.87
5062695,1025734,11,1,13.49,0.00
5062696,1025735,3,1,10.49,0.00
5062697,1025735,19,1,3.99,0.00
5062698,1025735,28,3,3.49,0.00
5062699,1025735,30,2,3.29,0.00
5062700,1025736,4,1,14.99,0.00
5062701,1025736,17,2,12.49,0.00
5062702,1025736,31,1,3.49,0.00
5062703,1025737,15,1,10.99,0.00
5062704,1025737,29,1,3.49,0.00
5062705,1025737,30,2,3.29,0.00
5062706,1025738,9,1,13.99,0.00
5062707,1025738,28,1,3.49,0.00
5062708,1025738,20,1,4.49,0.00
5062709,1025738,23,1,3.99,0.00
5062710,1025739,7,1,11.99,0.00
5062711,1025739,19,1,3.99,0.00
5062712,1025739,22,1,4.49,0.00
5062713,1025740,8,1,12.49,0.00
5062714,1025741,4,2,14.99,0.00
5062715,1025741,21,1,3.99,0.00
5062716,1025741,29,1,3.49,0.00
5062717,1025741,17,1,12.49,0.00
5062718,1025742,1,1,11.49,1.72
5062719,1025742,18,1,5.49,0.82
5062720,1025743,10,1,10.99,0.00
5062721,1025743,32,1,4.99,0.00
5062722,1025743,26,1,2.49,0.00
5062723,1025744,10,1,10.99,0.00
5062724,1025744,27,1,2.49,0.00
5062725,1025745,17,2,12.49,3.75
5062726,1025745,23,1,3.99,0.60
5062727,1025745,18,1,5.49,0.82
5062728,1025745,28,1,3.49,0.52
5062729,1025746,5,1,13.49,0.00
5062730,1025746,28,3,3.49,0.00
5062731,1025747,11,1,13.49,2.02
5062732,1025747,18,1,5.49,0.82
5062733,1025747,27,1,2.49,0.37
5062734,1025748,4,1,14.99,0.00
5062735,1025749,2,2,11.99,0.00
5062736,1025749,22,1,4.49,0.00
5062737,1025749,25,1,6.49,0.00
5062738,1025749,19,1,3.99,0.00
5062739,1025750,1,2,11.49,0.00
5062740,1025751,17,1,12.49,0.00
5062741,1025751,18,1,5.49,0.00
5062742,1025752,17,1,12.49,0.00
5062743,1025752,28,1,3.49,0.00
5062744,1025752,29,1,3.49,0.00
5062745,1025753,13,1,9.99,0.00
5062746,1025754,6,1,12.99,0.00
5062747,1025754,26,3,2.49,0.00
5062748,1025754,27,1,2.49,0.00
5062749,1025754,21,1,3.99,0.00
5062750,1025755,12,2,18.99,0.00
5062751,1025756,7,1,11.99,0.00
5062752,1025757,5,1,13.49,0.00
5062753,1025757,30,1,3.29,0.00
5062754,1025757,25,1,6.49,0.00
5062755,1025758,17,1,12.49,0.00
5062756,1025759,15,1,10.99,0.00
5062757,1025759,19,1,3.99,0.00
5062758,1025760,6,1,12.99,0.00
5062759,1025760,21,1,3.99,0.00
5062760,1025761,1,1,11.49,0.00
5062761,1025761,21,1,3.99,0.00
5062762,1025761,28,1,3.49,0.00
5062763,1025761,24,1,3.49,0.00
5062764,1025762,12,2,18.99,0.00
5062765,1025763,10,2,10.99,0.00
5062766,1025763,24,2,3.49,0.00
5062767,1025763,20,1,4.49,0.00
5062768,1025763,23,1,3.99,0.00
5062769,1025764,17,1,12.49,0.00
5062770,1025764,21,1,3.99,0.00
5062771,1025765,17,1,12.49,0.00
5062772,1025765,20,1,4.49,0.00
5062773,1025765,24,1,3.49,0.00
5062774,1025766,17,1,12.49,0.00
5062775,1025766,32,2,4.99,0.00
5062776,1025767,17,1,12.49,0.00
5062777,1025767,27,1,2.49,0.00
5062778,1025767,31,1,3.49,0.00
5062779,1025767,26,2,2.49,0.00
5062780,1025768,5,1,13.49,0.00
5062781,1025768,19,1,3.99,0.00
5062782,1025768,28,1,3.49,0.00
5062783,1025768,2,1,11.99,0.00
5062784,1025769,5,1,13.49,0.00
5062785,1025769,30,3,3.29,0.00
5062786,1025769,27,1,2.49,0.00
5062787,1025770,15,1,10.99,1.65
5062788,1025770,25,1,6.49,0.97
5062789,1025770,7,1,11.99,1.80
5062790,1025771,5,2,13.49,0.00
5062791,1025771,7,1,11.99,0.00
5062792,1025772,3,1,10.49,0.00
5062793,1025773,17,1,12.49,0.00
5062794,1025773,32,3,4.99,0.00
5062795,1025773,26,2,2.49,0.00
5062796,1025773,29,2,3.49,0.00
5062797,1025774,3,0,10.49,0.00
5062798,1025774,23,1,3.99,0.00
5062799,1025774,20,1,4.49,0.00
5062800,1025774,27,1,2.49,0.00
5062801,1025774,33,1,5.49,0.00
5062802,1025774,13,2,9.99,0.00
5062803,1025775,15,2,10.99,0.00
5062804,1025776,17,1,12.49,0.00
5062805,1025777,15,1,10.99,0.00
5062806,1025777,21,1,3.99,0.00
5062807,1025778,17,1,12.49,0.00
5062808,1025778,21,1,3.99,0.00
5062809,1025778,28,1,3.49,0.00
5062810,1025779,2,1,11.99,0.00
5062811,1025779,27,2,2.49,0.00
5062812,1025780,17,1,12.49,0.00
5062813,1025780,29,2,3.49,0.00
5062814,1025781,14,1,10.49,0.00
5062815,1025781,31,1,3.49,0.00
5062816,1025782,9,1,13.99,0.00
5062817,1025782,23,1,3.99,0.00
5062818,1025782,33,1,5.49,0.00
5062819,1025782,26,2,2.49,0.00
5062820,1025782,22,1,4.49,0.00
5062821,1025783,6,1,12.99,0.00
5062822,1025783,26,1,2.49,0.00
5062823,1025783,5,1,13.49,0.00
5062824,1025784,15,1,10.99,0.00
5062825,1025785,13,1,9.99,0.00
5062826,1025786,6,1,12.99,0.00
5062827,1025786,26,1,2.49,0.00
5062828,1025787,7,1,11.99,0.00
5062829,1025787,26,1,2.49,0.00
5062830,1025788,7,2,11.99,3.60
5062831,1025788,25,1,6.49,0.97
5062832,1025789,3,1,10.49,0.00
5062833,1025789,17,3,12.49,0.00
5062834,1025789,21,1,3.99,0.00
5062835,1025789,19,1,3.99,0.00
5062836,1025790,17,3,12.49,0.00
5062837,1025791,17,1,12.49,0.00
5062838,1025791,27,1,2.49,0.00
5062839,1025791,26,3,2.49,0.00
5062840,1025792,11,2,13.49,0.00
5062841,1025792,25,1,6.49,0.00
5062842,1025792,21,1,3.99,0.00
5062843,1025793,2,3,11.99,0.00
5062844,1025793,30,1,3.29,0.00
5062845,1025793,19,1,3.99,0.00
5062846,1025793,22,1,4.49,0.00
5062847,1025794,17,1,12.49,0.00
5062848,1025795,16,1,10.49,0.00
5062849,1025795,27,1,2.49,0.00
5062850,1025796,3,1,10.49,0.00
5062851,1025797,17,1,12.49,0.00
5062852,1025797,27,1,2.49,0.00
5062853,1025798,17,1,12.49,0.00
5062854,1025798,33,1,5.49,0.00
5062855,1025798,31,1,3.49,0.00
5062856,1025798,20,1,4.49,0.00
5062857,1025798,30,1,3.29,0.00
5062858,1025798,26,1,2.49,0.00
5062859,1025799,1,3,11.49,0.00
5062860,1025800,8,2,12.49,0.00
5062861,1025801,16,1,10.49,0.00
5062862,1025802,1,1,11.49,0.00
5062863,1025802,19,1,3.99,0.00
5062864,1025803,17,1,12.49,0.00
5062865,1025803,26,4,2.49,0.00
5062866,1025803,27,1,2.49,0.00
5062867,1025804,11,1,13.49,0.00
5062868,1025804,26,1,2.49,0.00
5062869,1025805,8,1,12.49,0.00
5062870,1025805,26,1,2.49,0.00
5062871,1025805,5,1,13.49,0.00
5062872,1025805,30,1,3.29,0.00
5062873,1025805,32,1,4.99,0.00
5062874,1025805,20,1,4.49,0.00
5062875,1025806,17,1,12.49,0.00
5062876,1025807,3,1,10.49,0.00
5062877,1025807,29,1,3.49,0.00
5062878,1025808,15,1,10.99,0.00
5062879,1025808,18,1,5.49,0.00
5062880,1025809,1,1,11.49,0.00
5062881,1025809,27,1,2.49,0.00
5062882,1025810,8,1,12.49,0.00
5062883,1025811,1,1,11.49,0.00
5062884,1025811,29,1,3.49,0.00
5062885,1025812,17,1,12.49,1.87
5062886,1025812,1,1,11.49,1.72
5062887,1025812,30,1,3.29,0.49
5062888,1025812,26,2,2.49,0.75
5062889,1025812,27,1,2.49,0.37
5062890,1025813,5,2,13.49,0.00
5062891,1025813,26,1,2.49,0.00
5062892,1025814,10,1,10.99,0.00
5062893,1025814,22,1,4.49,0.00
5062894,1025814,32,1,4.99,0.00
5062895,1025815,2,2,11.99,0.00
5062896,1025815,27,1,2.49,0.00
5062897,1025816,10,1,10.99,0.00
5062898,1025816,19,1,3.99,0.00
5062899,1025816,18,2,5.49,0.00
5062900,1025816,26,2,2.49,0.00
5062901,1025817,8,-1,12.49,0.00
5062902,1025817,21,1,3.99,0.00
5062903,1025817,18,1,5.49,0.00
5062904,1025817,26,1,2.49,0.00
5062905,1025818,17,2,12.49,0.00
5062906,1025818,21,1,3.99,0.00
5062907,1025819,16,1,10.49,0.00
5062908,1025819,27,2,2.49,0.00
5062909,1025820,17,2,12.49,0.00
5062910,1025820,30,1,3.29,0.00
5062911,1025820,27,2,2.49,0.00
5062912,1025821,6,1,12.99,0.00
5062913,1025821,30,1,3.29,0.00
5062914,1025821,22,1,4.49,0.00
5062915,1025821,19,1,3.99,0.00
5062916,1025821,35,1,2.99,0.00
5062917,1025822,1,1,11.49,0.00
5062918,1025822,25,2,6.49,0.00
5062919,1025823,9,1,13.99,0.00
5062920,1025823,32,1,4.99,0.00
5062921,1025823,20,1,4.49,0.00
5062922,1025824,9,1,13.99,0.00
5062923,1025825,6,1,12.99,0.00
5062924,1025825,30,1,3.29,0.00
5062925,1025826,17,2,12.49,0.00
5062926,1025826,32,1,4.99,0.00
5062927,1025826,24,1,3.49,0.00
5062928,1025827,17,1,12.49,0.00
5062929,1025827,30,2,3.29,0.00
5062930,1025827,20,1,4.49,0.00
5062931,1025828,17,1,12.49,0.00
5062932,1025829,7,1,11.99,0.00
5062933,1025829,29,1,3.49,0.00
5062934,1025829,21,1,3.99,0.00
5062935,1025829,35,1,2.99,0.00
5062936,1025829,18,1,5.49,0.00
5062937,1025830,3,1,10.49,1.57
5062938,1025831,17,1,12.49,0.00
5062939,1025831,23,1,3.99,0.00
5062940,1025832,7,1,11.99,0.00
5062941,1025832,32,1,4.99,0.00
5062942,1025832,33,1,5.49,0.00
5062943,1025833,11,1,13.49,0.00
5062944,1025833,20,1,4.49,0.00
5062945,1025833,25,1,6.49,0.00
5062946,1025834,11,1,13.49,0.00
5062947,1025835,17,1,12.49,0.00
5062948,1025835,22,1,4.49,0.00
5062949,1025836,8,1,12.49,0.00
5062950,1025836,22,1,4.49,0.00
5062951,1025836,19,1,3.99,0.00
5062952,1025837,17,1,12.49,0.00
5062953,1025837,26,1,2.49,0.00
5062954,1025837,18,4,5.49,0.00
5062955,1025837,31,1,3.49,0.00
5062956,1025837,20,1,4.49,0.00
5062957,1025838,15,1,10.99,1.65
5062958,1025838,31,1,3.49,0.52
5062959,1025839,11,1,13.49,0.00
5062960,1025839,27,2,2.49,0.00
5062961,1025839,25,1,6.49,0.00
5062962,1025840,2,3,11.99,0.00
5062963,1025841,11,1,13.49,0.00
5062964,1025841,27,1,2.49,0.00
5062965,1025841,21,3,3.99,0.00
5062966,1025842,3,2,10.49,0.00
5062967,1025842,17,1,12.49,0.00
5062968,1025842,23,1,3.99,0.00
5062969,1025843,17,1,12.49,1.87
5062970,1025843,23,1,3.99,0.60
5062971,1025843,30,1,3.29,0.49
5062972,1025843,12,1,18.99,2.85
5062973,1025843,25,2,6.49,1.95
5062974,1025844,10,2,10.99,0.00
5062975,1025844,28,1,3.49,0.00
5062976,1025844,14,1,10.49,0.00
5062977,1025845,2,1,11.99,0.00
5062978,1025845,17,1,12.49,0.00
5062979,1025846,17,1,12.49,0.00
5062980,1025846,20,1,4.49,0.00
5062981,1025846,31,1,3.49,0.00
5062982,1025846,24,1,3.49,0.00
5062983,1025847,9,1,13.99,0.00
5062984,1025847,18,1,5.49,0.00
5062985,1025847,26,2,2.49,0.00
5062986,1025848,17,1,12.49,0.00
5062987,1025848,21,1,3.99,0.00
5062988,1025849,3,1,10.49,0.00
5062989,1025849,27,1,2.49,0.00
5062990,1025850,3,1,10.49,0.00
5062991,1025850,34,1,4.49,0.00
5062992,1025851,4,1,14.99,0.00
5062993,1025852,1,1,11.49,0.00
5062994,1025852,18,1,5.49,0.00
5062995,1025852,17,1,12.49,0.00
5062996,1025853,10,2,10.99,0.00
5062997,1025853,32,1,4.99,0.00
5062998,1025854,10,1,10.99,0.00
5062999,1025854,21,1,3.99,0.00
5063000,1025854,27,1,2.49,0.00
5063001,1025854,30,1,3.29,0.00
5063002,1025854,22,2,4.49,0.00
5063003,1025854,24,1,3.49,0.00
5063004,1025855,4,1,14.99,0.00
5063005,1025856,9,1,13.99,0.00
5063006,1025856,31,1,3.49,0.00
5063007,1025857,2,1,11.99,0.00
5063008,1025857,17,1,12.49,0.00
5063009,1025857,16,1,10.49,0.00
5063010,1025857,19,1,3.99,0.00
5063011,1025857,25,1,6.49,0.00
5063012,1025858,17,1,12.49,0.00
5063013,1025859,7,3,11.99,0.00
5063014,1025860,17,1,12.49,0.00
5063015,1025861,3,1,10.49,0.00
5063016,1025862,8,2,12.49,0.00
5063017,1025862,21,1,3.99,0.00
5063018,1025863,2,1,11.99,0.00
5063019,1025864,4,1,14.99,0.00
5063020,1025864,21,1,3.99,0.00
5063021,1025865,5,1,13.49,0.00
5063022,1025865,23,1,3.99,0.00
5063023,1025866,6,1,12.99,0.00
5063024,1025866,32,1,4.99,0.00
5063025,1025867,8,1,12.49,0.00
5063026,1025868,6,1,12.99,0.00
5063027,1025869,10,1,10.99,0.00
5063028,1025869,30,1,3.29,0.00
5063029,1025869,26,2,2.49,0.00
5063030,1025870,11,1,13.49,0.00
5063031,1025870,17,1,12.49,0.00
5063032,1025870,32,1,4.99,0.00
5063033,1025870,21,2,3.99,0.00
5063034,1025870,26,1,2.49,0.00
5063035,1025871,17,2,12.49,0.00
5063036,1025872,7,1,11.99,0.00
5063037,1025872,17,3,12.49,0.00
5063038,1025873,13,1,9.99,0.00
5063039,1025873,20,1,4.49,0.00
5063040,1025873,26,1,2.49,0.00
5063041,1025874,2,1,11.99,0.00
5063042,1025874,21,2,3.99,0.00
5063043,1025875,5,1,13.49,0.00
5063044,1025876,13,1,9.99,0.00
5063045,1025877,17,1,12.49,0.00
5063046,1025877,21,1,3.99,0.00
5063047,1025878,4,1,14.99,0.00
5063048,1025878,32,1,4.99,0.00
5063049,1025878,29,1,3.49,0.00
5063050,1025879,6,1,12.99,0.00
5063051,1025880,2,1,11.99,0.00
5063052,1025880,18,1,5.49,0.00
5063053,1025880,26,1,2.49,0.00
5063054,1025881,6,1,12.99,0.00
5063055,1025881,21,1,3.99,0.00
5063056,1025881,20,1,4.49,0.00
5063057,1025882,6,1,12.99,0.00
5063058,1025882,8,1,12.49,0.00
5063059,1025882,25,1,6.49,0.00
5063060,1025883,3,1,10.49,0.00
5063061,1025883,26,2,2.49,0.00
5063062,1025883,33,1,5.49,0.00
5063063,1025884,6,1,12.99,0.00
5063064,1025884,17,1,12.49,0.00
5063065,1025884,33,1,5.49,0.00
5063066,1025884,31,1,3.49,0.00
5063067,1025885,17,1,12.49,0.00
5063068,1025885,26,1,2.49,0.00
5063069,1025885,29,1,3.49,0.00
5063070,1025885,21,1,3.99,0.00
5063071,1025886,6,1,12.99,0.00
5063072,1025886,29,1,3.49,0.00
5063073,1025886,32,1,4.99,0.00
5063074,1025887,11,2,13.49,0.00
5063075,1025887,18,1,5.49,0.00
5063076,1025887,5,1,13.49,0.00
5063077,1025887,17,1,12.49,0.00
5063078,1025887,14,1,10.49,0.00
5063079,1025887,29,1,3.49,0.00
5063080,1025888,9,1,13.99,0.00
5063081,1025888,19,1,3.99,0.00
5063082,1025888,26,1,2.49,0.00
5063083,1025889,8,1,12.49,1.87
5063084,1025890,4,2,14.99,0.00
5063085,1025890,30,1,3.29,0.00
5063086,1025890,21,1,3.99,0.00
5063087,1025890,18,2,5.49,0.00
5063088,1025890,31,1,3.49,0.00
5063089,1025891,3,1,10.49,0.00
5063090,1025891,26,2,2.49,0.00
5063091,1025892,3,1,10.49,0.00
5063092,1025892,26,1,2.49,0.00
5063093,1025892,17,1,12.49,0.00
5063094,1025893,11,1,13.49,0.00
5063095,1025893,25,2,6.49,0.00
5063096,1025893,23,1,3.99,0.00
5063097,1025893,21,1,3.99,0.00
5063098,1025893,18,1,5.49,0.00
5063099,1025894,1,1,11.49,0.00
5063100,1025894,25,4,6.49,0.00
5063101,1025894,22,2,4.49,0.00
5063102,1025894,23,1,3.99,0.00
5063103,1025895,17,1,12.49,0.00
5063104,1025895,18,1,5.49,0.00
5063105,1025896,17,1,12.49,0.00
5063106,1025897,9,1,13.99,0.00
5063107,1025897,24,1,3.49,0.00
5063108,1025897,34,1,4.49,0.00
5063109,1025897,32,1,4.99,0.00
5063110,1025898,17,1,12.49,0.00
5063111,1025899,16,1,10.49,0.00
5063112,1025899,28,1,3.49,0.00
5063113,1025899,21,1,3.99,0.00
5063114,1025900,8,1,12.49,0.00
5063115,1025900,26,2,2.49,0.00
5063116,1025901,5,2,13.49,0.00
5063117,1025901,28,1,3.49,0.00
5063118,1025901,30,3,3.29,0.00
5063119,1025901,29,1,3.49,0.00
5063120,1025901,22,1,4.49,0.00
5063121,1025902,12,2,18.99,0.00
5063122,1025903,15,1,10.99,0.00
5063123,1025903,30,1,3.29,0.00
5063124,1025903,19,1,3.99,0.00
5063125,1025904,3,1,10.49,0.00
5063126,1025904,26,1,2.49,0.00
5063127,1025904,31,2,3.49,0.00
5063128,1025904,25,3,6.49,0.00
5063129,1025905,4,1,14.99,0.00
5063130,1025905,34,1,4.49,0.00
5063131,1025905,21,1,3.99,0.00
5063132,1025906,17,1,12.49,0.00
5063133,1025906,18,1,5.49,0.00
5063134,1025906,21,1,3.99,0.00
5063135,1025907,10,1,10.99,0.00
5063136,1025907,18,1,5.49,0.00
5063137,1025908,12,1,18.99,0.00
5063138,1025908,20,1,4.49,0.00
5063139,1025909,15,1,10.99,0.00
5063140,1025909,19,2,3.99,0.00
5063141,1025909,18,1,5.49,0.00
5063142,1025910,6,1,12.99,0.00
5063143,1025910,26,2,2.49,0.00
5063144,1025910,33,1,5.49,0.00
5063145,1025911,3,1,10.49,0.00
5063146,1025911,30,1,3.29,0.00
5063147,1025911,20,1,4.49,0.00
5063148,1025912,17,2,12.49,0.00
5063149,1025912,29,1,3.49,0.00
5063150,1025912,27,1,2.49,0.00
5063151,1025912,21,1,3.99,0.00
5063152,1025913,17,1,12.49,0.00
5063153,1025913,27,1,2.49,0.00
5063154,1025913,26,1,2.49,0.00
5063155,1025914,13,2,9.99,3.00
5063156,1025914,18,1,5.49,0.82
5063157,1025915,8,1,12.49,0.00
5063158,1025915,18,1,5.49,0.00
5063159,1025916,16,1,10.49,0.00
5063160,1025916,19,1,3.99,0.00
5063161,1025916,25,1,6.49,0.00
5063162,1025916,35,1,2.99,0.00
5063163,1025917,17,1,12.49,0.00
5063164,1025918,9,1,13.99,0.00
5063165,1025918,28,1,3.49,0.00
5063166,1025919,8,2,12.49,0.00
5063167,1025919,34,1,4.49,0.00
5063168,1025919,19,1,3.99,0.00
5063169,1025920,2,1,11.99,0.00
5063170,1025920,14,1,10.49,0.00
5063171,1025920,34,1,4.49,0.00
5063172,1025921,7,1,11.99,0.00
5063173,1025921,26,1,2.49,0.00
5063174,1025921,5,1,13.49,0.00
5063175,1025921,21,1,3.99,0.00
5063176,1025922,13,1,9.99,0.00
5063177,1025922,22,1,4.49,0.00
5063178,1025923,1,1,11.49,1.72
5063179,1025923,22,1,4.49,0.67
5063180,1025923,25,1,6.49,0.97
5063181,1025924,15,1,10.99,0.00
5063182,1025925,17,1,12.49,1.87
5063183,1025925,2,1,11.99,1.80
5063184,1025925,26,1,2.49,0.37
5063185,1025925,27,1,2.49,0.37
5063186,1025925,30,1,3.29,0.49
5063187,1025926,8,2,12.49,0.00
5063188,1025926,21,2,3.99,0.00
5063189,1025926,30,1,3.29,0.00
5063190,1025927,1,1,11.49,1.72
5063191,1025927,19,1,3.99,0.60
5063192,1025927,33,1,5.49,0.82
5063193,1025928,17,1,12.49,0.00
5063194,1025928,28,1,3.49,0.00
5063195,1025929,6,1,12.99,0.00
5063196,1025929,28,1,3.49,0.00
5063197,1025929,20,1,4.49,0.00
5063198,1025929,26,1,2.49,0.00
5063199,1025930,6,1,12.99,0.00
5063200,1025930,31,2,3.49,0.00
5063201,1025931,17,1,12.49,0.00
5063202,1025931,25,1,6.49,0.00
5063203,1025931,4,1,14.99,0.00
5063204,1025932,17,1,12.49,1.87
5063205,1025932,26,1,2.49,0.37
5063206,1025933,14,1,10.49,0.00
5063207,1025933,26,1,2.49,0.00
5063208,1025934,12,1,18.99,0.00
5063209,1025935,2,1,11.99,0.00
5063210,1025935,25,1,6.49,0.00
5063211,1025936,3,1,10.49,0.00
5063212,1025936,30,1,3.29,0.00
5063213,1025936,25,1,6.49,0.00
5063214,1025937,9,1,13.99,0.00
5063215,1025938,4,1,14.99,0.00
5063216,1025938,33,1,5.49,0.00
5063217,1025938,27,2,2.49,0.00
5063218,1025939,4,1,14.99,0.00
5063219,1025940,15,2,10.99,0.00
5063220,1025940,23,1,3.99,0.00
5063221,1025941,10,1,10.99,0.00
5063222,1025941,29,1,3.49,0.00
5063223,1025942,9,1,13.99,0.00
5063224,1025942,15,1,10.99,0.00
5063225,1025943,17,1,12.49,1.87
5063226,1025943,23,1,3.99,0.60
5063227,1025943,27,3,2.49,1.12
5063228,1025944,17,1,12.49,0.00
5063229,1025944,11,1,13.49,0.00
5063230,1025944,6,1,12.99,0.00
5063231,1025945,6,2,12.99,0.00
5063232,1025945,24,1,3.49,0.00
5063233,1025945,22,1,4.49,0.00
5063234,1025945,28,1,3.49,0.00
5063235,1025946,6,1,12.99,0.00
5063236,1025946,29,1,3.49,0.00
5063237,1025947,3,2,10.49,0.00
5063238,1025947,30,1,3.29,0.00
5063239,1025948,4,1,14.99,0.00
5063240,1025948,31,1,3.49,0.00
5063241,1025949,7,1,11.99,0.00
5063242,1025949,26,1,2.49,0.00
5063243,1025949,34,1,4.49,0.00
5063244,1025950,6,1,12.99,0.00
5063245,1025950,25,2,6.49,0.00
5063246,1025950,27,2,2.49,0.00
5063247,1025951,9,1,13.99,0.00
5063248,1025951,26,1,2.49,0.00
5063249,1025951,34,1,4.49,0.00
5063250,1025951,20,1,4.49,0.00
5063251,1025951,25,1,6.49,0.00
5063252,1025952,2,1,11.99,0.00
5063253,1025952,33,1,5.49,0.00
5063254,1025952,30,1,3.29,0.00
5063255,1025952,19,1,3.99,0.00
5063256,1025953,11,2,13.49,0.00
5063257,1025954,13,1,9.99,0.00
5063258,1025954,34,1,4.49,0.00
5063259,1025954,27,1,2.49,0.00
5063260,1025955,9,1,13.99,0.00
5063261,1025956,10,1,10.99,0.00
5063262,1025957,3,1,10.49,0.00
5063263,1025957,28,1,3.49,0.00
5063264,1025957,2,2,11.99,0.00
5063265,1025958,7,1,11.99,0.00
5063266,1025958,30,1,3.29,0.00
5063267,1025959,9,1,13.99,2.10
5063268,1025959,29,1,3.49,0.52
5063269,1025960,5,1,13.49,0.00
5063270,1025960,18,1,5.49,0.00
5063271,1025960,30,2,3.29,0.00
5063272,1025960,26,2,2.49,0.00
5063273,1025961,2,1,11.99,0.00
5063274,1025962,3,1,10.49,0.00
5063275,1025963,17,1,12.49,0.00
5063276,1025963,26,1,2.49,0.00
5063277,1025964,17,1,12.49,0.00
5063278,1025965,9,1,13.99,0.00
5063279,1025966,2,1,11.99,0.00
5063280,1025967,12,1,18.99,0.00
5063281,1025967,22,1,4.49,0.00
5063282,1025967,19,1,3.99,0.00
5063283,1025967,31,1,3.49,0.00
5063284,1025968,1,2,11.49,0.00
5063285,1025968,25,1,6.49,0.00
5063286,1025968,27,1,2.49,0.00
5063287,1025968,18,1,5.49,0.00
5063288,1025968,28,1,3.49,0.00
5063289,1025969,15,1,10.99,0.00
5063290,1025969,21,1,3.99,0.00
5063291,1025969,29,1,3.49,0.00
5063292,1025970,17,1,12.49,0.00
5063293,1025970,26,1,2.49,0.00
5063294,1025971,4,1,14.99,2.25
5063295,1025971,26,1,2.49,0.37
5063296,1025971,32,1,4.99,0.75
5063297,1025972,2,1,11.99,0.00
5063298,1025972,22,1,4.49,0.00
5063299,1025972,25,1,6.49,0.00
5063300,1025972,29,1,3.49,0.00
5063301,1025973,17,1,12.49,0.00
5063302,1025973,31,1,3.49,0.00
5063303,1025974,7,1,11.99,0.00
5063304,1025974,1,2,11.49,0.00
5063305,1025975,17,3,12.49,0.00
5063306,1025975,31,3,3.49,0.00
5063307,1025976,17,1,12.49,0.00
5063308,1025977,6,1,12.99,0.00
5063309,1025977,32,1,4.99,0.00
5063310,1025978,16,1,10.49,0.00
5063311,1025978,27,1,2.49,0.00
5063312,1025978,26,1,2.49,0.00
5063313,1025979,5,1,13.49,0.00
5063314,1025980,14,2,10.49,0.00
5063315,1025980,29,1,3.49,0.00
5063316,1025981,6,1,12.99,1.95
5063317,1025981,28,-1,3.49,0.52
5063318,1025982,5,1,13.49,0.00
5063319,1025982,18,1,5.49,0.00
5063320,1025983,7,1,11.99,0.00
5063321,1025983,19,1,3.99,0.00
5063322,1025984,16,2,10.49,0.00
5063323,1025985,10,1,10.99,0.00
5063324,1025985,5,1,13.49,0.00
5063325,1025985,25,1,6.49,0.00
5063326,1025986,7,1,11.99,0.00
5063327,1025987,11,1,13.49,0.00
5063328,1025988,16,3,10.49,0.00
5063329,1025988,30,1,3.29,0.00
5063330,1025989,17,2,12.49,0.00
5063331,1025989,32,1,4.99,0.00
5063332,1025989,24,1,3.49,0.00
5063333,1025990,17,1,12.49,0.00
5063334,1025991,7,2,11.99,0.00
5063335,1025991,32,1,4.99,0.00
5063336,1025991,18,1,5.49,0.00
5063337,1025992,17,1,12.49,0.00
5063338,1025992,26,1,2.49,0.00
5063339,1025993,8,1,12.49,0.00
5063340,1025993,17,2,12.49,0.00
5063341,1025994,17,1,12.49,0.00
5063342,1025994,28,1,3.49,0.00
5063343,1025994,29,1,3.49,0.00
5063344,1025994,30,1,3.29,0.00
5063345,1025995,1,3,11.49,0.00
5063346,1025996,5,1,13.49,0.00
5063347,1025996,21,1,3.99,0.00
5063348,1025997,17,1,12.49,1.87
5063349,1025997,31,1,3.49,0.52
5063350,1025997,27,1,2.49,0.37
5063351,1025998,1,0,11.49,0.00
5063352,1025998,20,2,4.49,0.00
5063353,1025998,26,1,2.49,0.00
5063354,1025998,18,1,5.49,0.00
5063355,1025999,17,1,12.49,0.00
5063356,1025999,19,1,3.99,0.00
5063357,1026000,1,1,11.49,0.00
5063358,1026000,4,1,14.99,0.00
5063359,1026001,1,1,11.49,0.00
5063360,1026001,26,1,2.49,0.00
5063361,1026001,18,1,5.49,0.00
5063362,1026001,22,1,4.49,0.00
5063363,1026001,30,3,3.29,0.00
5063364,1026002,1,2,11.49,0.00
5063365,1026003,6,1,12.99,0.00
5063366,1026003,10,1,10.99,0.00
5063367,1026003,23,3,3.99,0.00
5063368,1026003,18,1,5.49,0.00
5063369,1026004,5,2,13.49,0.00
5063370,1026004,19,1,3.99,0.00
5063371,1026005,5,1,13.49,0.00
5063372,1026005,32,1,4.99,0.00
5063373,1026005,28,1,3.49,0.00
5063374,1026005,35,1,2.99,0.00
5063375,1026006,9,1,13.99,0.00
5063376,1026006,24,1,3.49,0.00
5063377,1026006,1,1,11.49,0.00
5063378,1026006,20,1,4.49,0.00
5063379,1026007,15,1,10.99,0.00
5063380,1026007,33,2,5.49,0.00
5063381,1026007,19,2,3.99,0.00
5063382,1026007,20,1,4.49,0.00
5063383,1026008,1,1,11.49,0.00
5063384,1026008,17,1,12.49,0.00
5063385,1026008,30,1,3.29,0.00
5063386,1026008,23,1,3.99,0.00
5063387,1026009,12,1,18.99,0.00
5063388,1026009,29,1,3.49,0.00
5063389,1026009,27,1,2.49,0.00
5063390,1026009,8,1,12.49,0.00
5063391,1026009,17,1,12.49,0.00
5063392,1026009,30,2,3.29,0.00
5063393,1026010,8,1,12.49,0.00
5063394,1026010,28,1,3.49,0.00
5063395,1026011,17,1,12.49,0.00
5063396,1026011,35,1,2.99,0.00
5063397,1026012,12,1,18.99,2.85
5063398,1026012,23,1,3.99,0.60
5063399,1026012,21,1,3.99,0.60
5063400,1026013,17,1,12.49,0.00
5063401,1026013,22,1,4.49,0.00
5063402,1026014,14,1,10.49,0.00
5063403,1026014,32,1,4.99,0.00
5063404,1026014,26,1,2.49,0.00
5063405,1026015,4,1,14.99,0.00
5063406,1026015,30,1,3.29,0.00
5063407,1026015,28,1,3.49,0.00
5063408,1026016,6,1,12.99,0.00
5063409,1026016,26,1,2.49,0.00
5063410,1026016,18,1,5.49,0.00
5063411,1026017,17,1,12.49,0.00
5063412,1026017,32,2,4.99,0.00
5063413,1026018,17,1,12.49,0.00
5063414,1026018,18,1,5.49,0.00
5063415,1026018,21,1,3.99,0.00
5063416,1026019,17,1,12.49,0.00
5063417,1026019,19,1,3.99,0.00
5063418,1026019,31,2,3.49,0.00
5063419,1026019,34,1,4.49,0.00
5063420,1026019,28,1,3.49,0.00
5063421,1026020,3,1,10.49,0.00
5063422,1026020,25,1,6.49,0.00
5063423,1026020,14,1,10.49,0.00
5063424,1026020,29,1,3.49,0.00
5063425,1026021,9,1,13.99,0.00
5063426,1026021,22,1,4.49,0.00
5063427,1026021,28,1,3.49,0.00
5063428,1026022,14,1,10.49,0.00
5063429,1026022,19,1,3.99,0.00
5063430,1026022,29,2,3.49,0.00
5063431,1026023,17,1,12.49,1.87
5063432,1026023,25,1,6.49,0.97
5063433,1026023,30,1,3.29,0.49
5063434,1026024,15,1,10.99,0.00
5063435,1026025,17,1,12.49,0.00
5063436,1026026,4,2,14.99,0.00
5063437,1026026,24,1,3.49,0.00
5063438,1026027,4,1,14.99,0.00
5063439,1026027,7,2,11.99,0.00
5063440,1026028,5,1,13.49,0.00
5063441,1026028,26,1,2.49,0.00
5063442,1026028,20,1,4.49,0.00
5063443,1026029,5,3,13.49,0.00
5063444,1026030,5,2,13.49,0.00
5063445,1026031,16,1,10.49,0.00
5063446,1026031,30,1,3.29,0.00
5063447,1026032,11,1,13.49,0.00
5063448,1026032,28,3,3.49,0.00
5063449,1026033,17,3,12.49,0.00
5063450,1026034,8,1,12.49,0.00
5063451,1026034,31,1,3.49,0.00
5063452,1026034,26,1,2.49,0.00
5063453,1026035,17,2,12.49,3.75
5063454,1026035,28,1,3.49,0.52
5063455,1026036,14,1,10.49,0.00
5063456,1026036,18,1,5.49,0.00
5063457,1026036,26,1,2.49,0.00
5063458,1026036,25,1,6.49,0.00
5063459,1026036,33,1,5.49,0.00
5063460,1026036,27,1,2.49,0.00
5063461,1026037,11,2,13.49,0.00
5063462,1026037,32,1,4.99,0.00
5063463,1026037,29,1,3.49,0.00
5063464,1026037,28,1,3.49,0.00
5063465,1026038,17,1,12.49,0.00
5063466,1026038,28,1,3.49,0.00
5063467,1026038,27,1,2.49,0.00
5063468,1026039,11,1,13.49,0.00
5063469,1026039,30,1,3.29,0.00
5063470,1026040,14,1,10.49,0.00
5063471,1026040,28,1,3.49,0.00
5063472,1026040,26,1,2.49,0.00
5063473,1026041,10,1,10.99,0.00
5063474,1026042,17,1,12.49,0.00
5063475,1026043,11,1,13.49,0.00
5063476,1026043,27,1,2.49,0.00
5063477,1026043,23,1,3.99,0.00
5063478,1026043,18,-1,5.49,0.00
5063479,1026044,6,1,12.99,0.00
5063480,1026044,19,1,3.99,0.00
5063481,1026045,17,1,12.49,0.00
5063482,1026045,26,2,2.49,0.00
5063483,1026046,17,1,12.49,0.00
5063484,1026046,34,1,4.49,0.00
5063485,1026046,26,1,2.49,0.00
5063486,1026047,12,1,18.99,0.00
5063487,1026047,35,1,2.99,0.00
5063488,1026048,1,1,11.49,0.00
5063489,1026048,24,1,3.49,0.00
5063490,1026048,18,1,5.49,0.00
5063491,1026049,11,1,13.49,0.00
5063492,1026050,8,1,12.49,0.00
5063493,1026050,27,1,2.49,0.00
5063494,1026051,8,2,12.49,0.00
5063495,1026051,34,2,4.49,0.00
5063496,1026051,27,1,2.49,0.00
5063497,1026052,4,1,14.99,0.00
5063498,1026052,30,1,3.29,0.00
5063499,1026053,8,1,12.49,0.00
5063500,1026054,11,2,13.49,0.00
5063501,1026054,14,1,10.49,0.00
5063502,1026055,7,1,11.99,0.00
5063503,1026056,1,1,11.49,0.00
5063504,1026057,17,1,12.49,0.00
5063505,1026057,27,1,2.49,0.00
5063506,1026057,32,1,4.99,0.00
5063507,1026057,25,1,6.49,0.00
5063508,1026058,17,1,12.49,0.00
5063509,1026059,12,2,18.99,0.00
5063510,1026059,28,1,3.49,0.00
5063511,1026060,5,1,13.49,0.00
5063512,1026061,17,1,12.49,0.00
5063513,1026061,30,1,3.29,0.00
5063514,1026062,1,1,11.49,0.00
5063515,1026062,33,1,5.49,0.00
5063516,1026062,32,2,4.99,0.00
5063517,1026063,13,1,9.99,0.00
5063518,1026063,28,1,3.49,0.00
5063519,1026063,27,1,2.49,0.00
5063520,1026064,17,1,12.49,0.00
5063521,1026064,26,1,2.49,0.00
5063522,1026064,30,2,3.29,0.00
5063523,1026064,7,1,11.99,0.00
5063524,1026064,23,1,3.99,0.00
5063525,1026065,1,1,11.49,0.00
5063526,1026065,34,1,4.49,0.00
5063527,1026066,5,1,13.49,0.00
5063528,1026066,18,1,5.49,0.00
5063529,1026066,35,1,2.99,0.00
5063530,1026067,13,3,9.99,0.00
5063531,1026068,11,3,13.49,0.00
5063532,1026068,28,1,3.49,0.00
5063533,1026068,34,1,4.49,0.00
5063534,1026068,29,1,3.49,0.00
5063535,1026069,17,1,12.49,0.00
5063536,1026070,2,1,11.99,0.00
5063537,1026070,22,1,4.49,0.00
5063538,1026071,2,1,11.99,0.00
5063539,1026071,28,1,3.49,0.00
5063540,1026072,6,1,12.99,0.00
5063541,1026072,33,1,5.49,0.00
5063542,1026073,3,1,10.49,0.00
5063543,1026073,28,1,3.49,0.00
5063544,1026074,1,1,11.49,0.00
5063545,1026074,21,1,3.99,0.00
5063546,1026075,4,1,14.99,0.00
5063547,1026076,3,2,10.49,0.00
5063548,1026077,2,1,11.99,0.00
5063549,1026077,26,1,2.49,0.00
5063550,1026077,28,1,3.49,0.00
5063551,1026078,3,1,10.49,0.00
5063552,1026078,28,1,3.49,0.00
5063553,1026078,19,1,3.99,0.00
5063554,1026078,26,2,2.49,0.00
5063555,1026079,1,1,11.49,0.00
5063556,1026079,25,1,6.49,0.00
5063557,1026080,17,1,12.49,0.00
5063558,1026080,13,1,9.99,0.00
5063559,1026080,18,1,5.49,0.00
5063560,1026080,33,1,5.49,0.00
5063561,1026080,30,1,3.29,0.00
5063562,1026080,4,2,14.99,0.00
5063563,1026081,10,1,10.99,0.00
5063564,1026081,19,1,3.99,0.00
5063565,1026082,10,1,10.99,0.00
5063566,1026083,17,1,12.49,0.00
5063567,1026083,28,1,3.49,0.00
5063568,1026083,27,2,2.49,0.00
5063569,1026084,11,1,13.49,0.00
5063570,1026084,21,1,3.99,0.00
5063571,1026084,34,1,4.49,0.00
5063572,1026085,16,1,10.49,0.00
5063573,1026085,27,1,2.49,0.00
5063574,1026085,18,1,5.49,0.00
5063575,1026086,13,2,9.99,0.00
5063576,1026087,11,1,13.49,0.00
5063577,1026088,2,1,11.99,0.00
5063578,1026088,33,1,5.49,0.00
5063579,1026088,21,1,3.99,0.00
5063580,1026088,27,-2,2.49,0.00
5063581,1026088,29,1,3.49,0.00
5063582,1026089,14,1,10.49,0.00
5063583,1026089,18,1,5.49,0.00
5063584,1026089,1,1,11.49,0.00
5063585,1026089,19,1,3.99,0.00
5063586,1026090,11,-2,13.49,0.00
5063587,1026090,23,1,3.99,0.00
5063588,1026090,26,1,2.49,0.00
5063589,1026090,8,1,12.49,0.00
5063590,1026091,13,1,9.99,0.00
5063591,1026091,10,2,10.99,0.00
5063592,1026092,2,1,11.99,0.00
5063593,1026093,1,1,11.49,0.00
5063594,1026093,4,1,14.99,0.00
5063595,1026094,17,1,12.49,0.00
5063596,1026094,18,1,5.49,0.00
5063597,1026094,21,1,3.99,0.00
5063598,1026095,1,1,11.49,0.00
5063599,1026095,28,1,3.49,0.00
5063600,1026096,10,1,10.99,0.00
5063601,1026096,26,1,2.49,0.00
5063602,1026096,31,1,3.49,0.00
5063603,1026097,9,1,13.99,0.00
5063604,1026097,17,1,12.49,0.00
5063605,1026097,33,2,5.49,0.00
5063606,1026098,14,1,10.49,0.00
5063607,1026098,28,3,3.49,0.00
5063608,1026098,27,1,2.49,0.00
5063609,1026099,3,1,10.49,0.00
5063610,1026099,17,1,12.49,0.00
5063611,1026100,17,2,12.49,3.75
5063612,1026101,8,1,12.49,0.00
5063613,1026101,27,1,2.49,0.00
5063614,1026101,24,2,3.49,0.00
5063615,1026102,5,2,13.49,0.00
5063616,1026102,33,2,5.49,0.00
5063617,1026102,17,1,12.49,0.00
5063618,1026102,22,1,4.49,0.00
5063619,1026102,25,1,6.49,0.00
5063620,1026103,3,1,10.49,1.57
5063621,1026104,11,2,13.49,0.00
5063622,1026104,26,1,2.49,0.00
5063623,1026104,29,1,3.49,0.00
5063624,1026105,16,2,10.49,0.00
5063625,1026105,21,1,3.99,0.00
5063626,1026106,15,1,10.99,0.00
5063627,1026107,1,1,11.49,0.00
5063628,1026108,14,1,10.49,0.00
5063629,1026108,27,1,2.49,0.00
5063630,1026109,17,1,12.49,0.00
5063631,1026110,11,2,13.49,0.00
5063632,1026110,26,2,2.49,0.00
5063633,1026110,20,1,4.49,0.00
5063634,1026111,8,1,12.49,0.00
5063635,1026111,26,1,2.49,0.00
5063636,1026111,32,2,4.99,0.00
5063637,1026111,25,1,6.49,0.00
5063638,1026111,21,1,3.99,0.00
5063639,1026111,24,1,3.49,0.00
5063640,1026112,9,1,13.99,0.00
5063641,1026112,21,2,3.99,0.00
5063642,1026112,34,1,4.49,0.00
5063643,1026112,1,1,11.49,0.00
5063644,1026113,14,1,10.49,0.00
5063645,1026113,28,1,3.49,0.00
5063646,1026113,23,1,3.99,0.00
5063647,1026114,2,1,11.99,0.00
5063648,1026114,27,1,2.49,0.00
5063649,1026114,15,1,10.99,0.00
5063650,1026115,10,1,10.99,1.65
5063651,1026115,29,1,3.49,0.52
5063652,1026116,3,1,10.49,0.00
5063653,1026117,17,2,12.49,0.00
5063654,1026117,19,1,3.99,0.00
5063655,1026118,14,1,10.49,0.00
5063656,1026118,24,1,3.49,0.00
5063657,1026119,4,1,14.99,0.00
5063658,1026119,21,4,3.99,0.00
5063659,1026119,23,2,3.99,0.00
5063660,1026120,1,2,11.49,0.00
5063661,1026120,21,1,3.99,0.00
5063662,1026121,13,1,9.99,0.00
5063663,1026121,32,1,4.99,0.00
5063664,1026122,10,1,10.99,0.00
5063665,1026123,1,1,11.49,0.00
5063666,1026123,28,1,3.49,0.00
5063667,1026124,9,1,13.99,0.00
5063668,1026125,5,1,13.49,0.00
5063669,1026126,17,2,12.49,0.00
5063670,1026126,30,1,3.29,0.00
5063671,1026126,32,2,4.99,0.00
5063672,1026126,27,1,2.49,0.00
5063673,1026127,12,1,18.99,0.00
5063674,1026127,26,1,2.49,0.00
5063675,1026128,9,1,13.99,0.00
5063676,1026128,20,1,4.49,0.00
5063677,1026128,19,1,3.99,0.00
5063678,1026128,28,1,3.49,0.00
5063679,1026129,17,1,12.49,0.00
5063680,1026130,3,1,10.49,0.00
5063681,1026130,21,1,3.99,0.00
5063682,1026130,18,1,5.49,0.00
5063683,1026131,6,3,12.99,0.00
5063684,1026131,21,2,3.99,0.00
5063685,1026131,32,1,4.99,0.00
5063686,1026131,28,1,3.49,0.00
5063687,1026132,6,2,12.99,0.00
5063688,1026132,25,1,6.49,0.00
5063689,1026133,15,1,10.99,0.00
5063690,1026133,26,1,2.49,0.00
5063691,1026133,23,1,3.99,0.00
5063692,1026133,25,1,6.49,0.00
5063693,1026134,12,1,18.99,0.00
5063694,1026135,7,1,11.99,0.00
5063695,1026135,23,1,3.99,0.00
5063696,1026135,25,1,6.49,0.00
5063697,1026136,6,1,12.99,0.00
5063698,1026136,27,1,2.49,0.00
5063699,1026136,20,2,4.49,0.00
5063700,1026136,34,1,4.49,0.00
5063701,1026137,5,1,13.49,0.00
5063702,1026137,25,2,6.49,0.00
5063703,1026137,27,1,2.49,0.00
5063704,1026138,15,2,10.99,0.00
5063705,1026138,18,1,5.49,0.00
5063706,1026139,15,1,10.99,0.00
5063707,1026139,33,1,5.49,0.00
5063708,1026139,18,1,5.49,0.00
5063709,1026140,3,1,10.49,0.00
5063710,1026141,17,3,12.49,0.00
5063711,1026141,15,1,10.99,0.00
5063712,1026141,23,1,3.99,0.00
5063713,1026142,11,1,13.49,0.00
5063714,1026142,26,2,2.49,0.00
5063715,1026142,27,1,2.49,0.00
5063716,1026143,17,1,12.49,0.00
5063717,1026143,20,1,4.49,0.00
5063718,1026143,31,1,3.49,0.00
5063719,1026144,13,2,9.99,0.00
5063720,1026144,32,1,4.99,0.00
5063721,1026145,17,1,12.49,0.00
5063722,1026145,19,1,3.99,0.00
5063723,1026146,11,1,13.49,0.00
5063724,1026146,30,1,3.29,0.00
5063725,1026146,18,2,5.49,0.00
5063726,1026147,3,1,10.49,0.00
5063727,1026147,34,3,4.49,0.00
5063728,1026148,6,1,12.99,0.00
5063729,1026148,32,2,4.99,0.00
5063730,1026148,26,1,2.49,0.00
5063731,1026149,12,2,18.99,0.00
5063732,1026149,31,3,3.49,0.00
5063733,1026150,17,1,12.49,0.00
5063734,1026150,18,1,5.49,0.00
5063735,1026150,26,1,2.49,0.00
5063736,1026151,17,1,12.49,0.00
5063737,1026151,19,1,3.99,0.00
5063738,1026152,7,1,11.99,0.00
5063739,1026153,16,1,10.49,0.00
5063740,1026154,2,1,11.99,0.00
5063741,1026154,29,1,3.49,0.00
5063742,1026155,6,1,12.99,0.00
5063743,1026155,29,1,3.49,0.00
5063744,1026155,21,2,3.99,0.00
5063745,1026156,17,1,12.49,0.00
5063746,1026156,24,1,3.49,0.00
5063747,1026157,17,1,12.49,0.00
5063748,1026158,1,1,11.49,0.00
5063749,1026158,20,1,4.49,0.00
5063750,1026158,25,1,6.49,0.00
5063751,1026159,12,1,18.99,0.00
5063752,1026159,33,1,5.49,0.00
5063753,1026160,10,1,10.99,0.00
5063754,1026160,20,3,4.49,0.00
5063755,1026161,6,2,12.99,3.90
5063756,1026162,1,3,11.49,0.00
5063757,1026163,12,1,18.99,2.85
5063758,1026163,18,1,5.49,0.82
5063759,1026164,3,1,10.49,0.00
5063760,1026165,9,1,13.99,0.00
5063761,1026165,26,3,2.49,0.00
5063762,1026166,10,1,10.99,0.00
5063763,1026166,32,1,4.99,0.00
5063764,1026166,2,1,11.99,0.00
5063765,1026166,21,1,3.99,0.00
5063766,1026167,17,1,12.49,0.00
5063767,1026167,18,1,5.49,0.00
5063768,1026167,35,2,2.99,0.00
5063769,1026168,8,1,12.49,0.00
5063770,1026169,11,1,13.49,0.00
5063771,1026170,17,1,12.49,0.00
5063772,1026170,27,1,2.49,0.00
5063773,1026170,18,1,5.49,0.00
5063774,1026171,3,2,10.49,0.00
5063775,1026171,19,1,3.99,0.00
5063776,1026171,21,2,3.99,0.00
5063777,1026172,17,1,12.49,0.00
5063778,1026172,18,1,5.49,0.00
5063779,1026172,28,1,3.49,0.00
5063780,1026172,8,1,12.49,0.00
5063781,1026173,9,2,13.99,4.20
5063782,1026173,1,0,11.49,1.72
5063783,1026173,29,1,3.49,0.52
5063784,1026173,18,1,5.49,0.82
5063785,1026174,3,1,10.49,0.00
5063786,1026175,3,1,10.49,0.00
5063787,1026176,2,1,11.99,0.00
5063788,1026176,26,2,2.49,0.00
5063789,1026177,2,2,11.99,0.00
5063790,1026177,28,2,3.49,0.00
5063791,1026177,31,2,3.49,0.00
5063792,1026178,14,1,10.49,0.00
5063793,1026178,23,1,3.99,0.00
5063794,1026178,26,2,2.49,0.00
5063795,1026178,25,1,6.49,0.00
5063796,1026178,18,1,5.49,0.00
5063797,1026178,29,1,3.49,0.00
5063798,1026179,14,3,10.49,0.00
5063799,1026180,7,1,11.99,0.00
5063800,1026180,28,2,3.49,0.00
5063801,1026181,17,1,12.49,0.00
5063802,1026181,25,1,6.49,0.00
5063803,1026181,18,1,5.49,0.00
5063804,1026182,5,1,13.49,0.00
5063805,1026182,33,1,5.49,0.00
5063806,1026182,29,1,3.49,0.00
5063807,1026183,14,1,10.49,0.00
5063808,1026183,28,1,3.49,0.00
5063809,1026183,21,1,3.99,0.00
5063810,1026184,1,2,11.49,0.00
5063811,1026184,7,1,11.99,0.00
5063812,1026184,5,1,13.49,0.00
5063813,1026185,1,2,11.49,0.00
5063814,1026185,20,1,4.49,0.00
5063815,1026185,33,1,5.49,0.00
5063816,1026186,4,2,14.99,0.00
5063817,1026186,21,3,3.99,0.00
5063818,1026187,1,2,11.49,0.00
5063819,1026188,16,1,10.49,0.00
5063820,1026188,21,1,3.99,0.00
5063821,1026189,2,1,11.99,0.00
5063822,1026189,32,1,4.99,0.00
5063823,1026190,17,1,12.49,0.00
5063824,1026190,1,1,11.49,0.00
5063825,1026191,11,1,13.49,0.00
5063826,1026192,6,1,12.99,0.00
5063827,1026192,27,1,2.49,0.00
5063828,1026192,28,1,3.49,0.00
5063829,1026192,20,1,4.49,0.00
5063830,1026193,14,1,10.49,0.00
5063831,1026193,23,1,3.99,0.00
5063832,1026194,17,1,12.49,0.00
5063833,1026194,25,1,6.49,0.00
5063834,1026194,21,1,3.99,0.00
5063835,1026195,7,1,11.99,0.00
5063836,1026196,1,0,11.49,0.00
5063837,1026196,2,1,11.99,0.00
5063838,1026196,22,1,4.49,0.00
5063839,1026197,17,1,12.49,0.00
5063840,1026197,21,1,3.99,0.00
5063841,1026198,17,1,12.49,0.00
5063842,1026198,34,2,4.49,0.00
5063843,1026199,7,1,11.99,0.00
5063844,1026199,27,1,2.49,0.00
5063845,1026200,1,1,11.49,0.00
5063846,1026200,21,2,3.99,0.00
5063847,1026200,26,1,2.49,0.00
5063848,1026201,10,1,10.99,0.00
5063849,1026202,11,1,13.49,0.00
5063850,1026202,14,1,10.49,0.00
5063851,1026202,28,1,3.49,0.00
5063852,1026202,19,3,3.99,0.00
5063853,1026203,8,1,12.49,0.00
5063854,1026203,27,1,2.49,0.00
5063855,1026204,17,3,12.49,0.00
5063856,1026204,29,1,3.49,0.00
5063857,1026205,17,1,12.49,0.00
5063858,1026205,30,1,3.29,0.00
5063859,1026205,10,1,10.99,0.00
5063860,1026205,22,1,4.49,0.00
5063861,1026205,35,2,2.99,0.00
5063862,1026205,2,1,11.99,0.00
5063863,1026206,2,1,11.99,0.00
5063864,1026206,18,1,5.49,0.00
5063865,1026206,28,2,3.49,0.00
5063866,1026207,2,1,11.99,0.00
5063867,1026207,26,1,2.49,0.00
5063868,1026207,17,1,12.49,0.00
5063869,1026208,1,1,11.49,0.00
5063870,1026208,28,1,3.49,0.00
5063871,1026208,12,1,18.99,0.00
5063872,1026209,15,2,10.99,0.00
5063873,1026210,7,2,11.99,0.00
5063874,1026210,27,1,2.49,0.00
5063875,1026211,8,-2,12.49,0.00
5063876,1026211,26,1,2.49,0.00
5063877,1026212,2,1,11.99,0.00
5063878,1026212,24,1,3.49,0.00
5063879,1026212,30,2,3.29,0.00
5063880,1026213,13,1,9.99,0.00
5063881,1026213,8,1,12.49,0.00
5063882,1026214,9,1,13.99,0.00
5063883,1026215,9,1,13.99,0.00
5063884,1026216,17,1,12.49,0.00
5063885,1026216,22,-2,4.49,0.00
5063886,1026217,1,1,11.49,0.00
5063887,1026217,27,1,2.49,0.00
5063888,1026218,15,1,10.99,0.00
5063889,1026218,23,3,3.99,0.00
5063890,1026218,26,2,2.49,0.00
5063891,1026219,1,2,11.49,0.00
5063892,1026219,22,1,4.49,0.00
5063893,1026220,1,1,11.49,0.00
5063894,1026221,5,1,13.49,0.00
5063895,1026221,26,1,2.49,0.00
5063896,1026222,8,1,12.49,0.00
5063897,1026222,30,1,3.29,0.00
5063898,1026222,25,2,6.49,0.00
5063899,1026222,4,1,14.99,0.00
5063900,1026222,18,1,5.49,0.00
5063901,1026222,27,1,2.49,0.00
5063902,1026223,15,1,10.99,1.65
5063903,1026223,7,1,11.99,1.80
5063904,1026223,26,1,2.49,0.37
5063905,1026223,34,1,4.49,0.67
5063906,1026223,24,1,3.49,0.52
5063907,1026223,18,1,5.49,0.82
5063908,1026224,2,1,11.99,0.00
5063909,1026224,23,1,3.99,0.00
5063910,1026225,4,1,14.99,0.00
5063911,1026225,14,1,10.49,0.00
5063912,1026226,8,1,12.49,0.00
5063913,1026226,30,1,3.29,0.00
5063914,1026226,21,1,3.99,0.00
5063915,1026227,5,1,13.49,0.00
5063916,1026227,32,1,4.99,0.00
5063917,1026228,8,1,12.49,0.00
5063918,1026228,18,1,5.49,0.00
5063919,1026229,3,1,10.49,0.00
5063920,1026229,28,1,3.49,0.00
5063921,1026230,17,1,12.49,1.87
5063922,1026230,30,1,3.29,0.49
5063923,1026231,8,1,12.49,0.00
5063924,1026231,27,1,2.49,0.00
5063925,1026231,20,1,4.49,0.00
5063926,1026232,4,1,14.99,0.00
5063927,1026232,26,1,2.49,0.00
5063928,1026232,25,1,6.49,0.00
5063929,1026233,4,1,14.99,0.00
5063930,1026233,29,1,3.49,0.00
5063931,1026233,31,2,3.49,0.00
5063932,1026234,8,1,12.49,0.00
5063933,1026235,17,1,12.49,0.00
5063934,1026235,26,1,2.49,0.00
5063935,1026235,29,2,3.49,0.00
5063936,1026236,17,1,12.49,0.00
5063937,1026236,18,1,5.49,0.00
5063938,1026237,17,2,12.49,0.00
5063939,1026237,27,2,2.49,0.00
5063940,1026238,5,1,13.49,0.00
5063941,1026238,22,1,4.49,0.00
5063942,1026238,18,1,5.49,0.00
5063943,1026239,2,1,11.99,0.00
5063944,1026239,30,3,3.29,0.00
5063945,1026240,17,1,12.49,0.00
5063946,1026240,19,2,3.99,0.00
5063947,1026241,9,2,13.99,0.00
5063948,1026242,12,1,18.99,0.00
5063949,1026242,26,1,2.49,0.00
5063950,1026242,25,1,6.49,0.00
5063951,1026242,23,1,3.99,0.00
5063952,1026243,2,1,11.99,0.00
5063953,1026243,28,1,3.49,0.00
5063954,1026243,9,1,13.99,0.00
5063955,1026244,4,1,14.99,0.00
5063956,1026244,30,1,3.29,0.00
5063957,1026244,25,1,6.49,0.00
5063958,1026245,17,1,12.49,0.00
5063959,1026246,16,1,10.49,0.00
5063960,1026247,17,1,12.49,0.00
5063961,1026247,32,1,4.99,0.00
5063962,1026247,31,1,3.49,0.00
5063963,1026247,3,1,10.49,0.00
5063964,1026248,17,1,12.49,0.00
5063965,1026248,22,1,4.49,0.00
5063966,1026249,1,1,11.49,0.00
5063967,1026249,21,1,3.99,0.00
5063968,1026250,17,1,12.49,0.00
5063969,1026250,21,2,3.99,0.00
5063970,1026250,1,1,11.49,0.00
5063971,1026251,17,1,12.49,0.00
5063972,1026251,24,1,3.49,0.00
5063973,1026251,22,1,4.49,0.00
5063974,1026252,17,2,12.49,0.00
5063975,1026252,22,1,4.49,0.00
5063976,1026252,19,1,3.99,0.00
5063977,1026253,17,1,12.49,0.00
5063978,1026253,28,1,3.49,0.00
5063979,1026254,11,1,13.49,0.00
5063980,1026254,32,1,4.99,0.00
5063981,1026254,35,1,2.99,0.00
5063982,1026254,28,1,3.49,0.00
5063983,1026255,14,1,10.49,1.57
5063984,1026256,17,1,12.49,0.00
5063985,1026257,1,1,11.49,0.00
5063986,1026257,23,1,3.99,0.00
5063987,1026257,29,1,3.49,0.00
5063988,1026257,28,2,3.49,0.00
5063989,1026258,6,1,12.99,0.00
5063990,1026259,5,1,13.49,0.00
5063991,1026259,30,2,3.29,0.00
5063992,1026259,22,1,4.49,0.00
5063993,1026259,28,1,3.49,0.00
5063994,1026260,17,1,12.49,0.00
5063995,1026260,4,1,14.99,0.00
5063996,1026261,17,1,12.49,0.00
5063997,1026261,26,1,2.49,0.00
5063998,1026262,17,1,12.49,0.00
5063999,1026262,18,1,5.49,0.00
5064000,1026263,7,1,11.99,0.00
5064001,1026263,27,1,2.49,0.00
5064002,1026263,18,1,5.49,0.00
5064003,1026264,17,1,12.49,0.00
5064004,1026264,32,2,4.99,0.00
5064005,1026265,8,1,12.49,0.00
5064006,1026265,30,2,3.29,0.00
5064007,1026265,3,1,10.49,0.00
5064008,1026266,3,2,10.49,0.00
5064009,1026266,7,1,11.99,0.00
5064010,1026267,5,1,13.49,0.00
5064011,1026267,19,1,3.99,0.00
5064012,1026267,28,1,3.49,0.00
5064013,1026267,34,1,4.49,0.00
5064014,1026268,17,3,12.49,0.00
5064015,1026268,23,1,3.99,0.00
5064016,1026269,16,1,10.49,0.00
5064017,1026269,34,1,4.49,0.00
5064018,1026270,6,3,12.99,0.00
5064019,1026270,26,1,2.49,0.00
5064020,1026270,15,1,10.99,0.00
5064021,1026270,18,1,5.49,0.00
5064022,1026270,28,2,3.49,0.00
5064023,1026271,1,1,11.49,0.00
5064024,1026271,26,1,2.49,0.00
5064025,1026272,1,2,11.49,0.00
5064026,1026272,31,1,3.49,0.00
5064027,1026272,21,1,3.99,0.00
5064028,1026272,20,1,4.49,0.00
5064029,1026273,11,1,13.49,0.00
5064030,1026274,15,1,10.99,0.00
5064031,1026274,23,1,3.99,0.00
5064032,1026275,1,1,11.49,0.00
5064033,1026275,24,1,3.49,0.00
5064034,1026275,19,2,3.99,0.00
5064035,1026275,25,2,6.49,0.00
5064036,1026276,17,1,12.49,0.00
5064037,1026276,29,1,3.49,0.00
5064038,1026276,35,1,2.99,0.00
5064039,1026277,3,2,10.49,0.00
5064040,1026277,17,1,12.49,0.00
5064041,1026277,21,3,3.99,0.00
5064042,1026278,17,1,12.49,0.00
5064043,1026278,18,1,5.49,0.00
5064044,1026278,29,1,3.49,0.00
5064045,1026278,21,1,3.99,0.00
5064046,1026279,4,1,14.99,0.00
5064047,1026280,2,1,11.99,0.00
5064048,1026280,32,2,4.99,0.00
5064049,1026281,17,1,12.49,0.00
5064050,1026281,18,1,5.49,0.00
5064051,1026281,32,1,4.99,0.00
5064052,1026281,22,1,4.49,0.00
5064053,1026281,24,1,3.49,0.00
5064054,1026282,7,1,11.99,0.00
5064055,1026282,31,1,3.49,0.00
5064056,1026282,22,1,4.49,0.00
5064057,1026283,2,1,11.99,0.00
5064058,1026283,19,1,3.99,0.00
5064059,1026283,35,1,2.99,0.00
5064060,1026284,6,1,12.99,0.00
5064061,1026284,26,1,2.49,0.00
5064062,1026284,31,1,3.49,0.00
5064063,1026285,5,1,13.49,0.00
5064064,1026285,24,1,3.49,0.00
5064065,1026286,7,1,11.99,0.00
5064066,1026286,30,1,3.29,0.00
5064067,1026286,22,1,4.49,0.00
5064068,1026286,17,1,12.49,0.00
5064069,1026287,7,1,11.99,0.00
5064070,1026288,6,1,12.99,0.00
5064071,1026288,28,4,3.49,0.00
5064072,1026289,17,1,12.49,0.00
5064073,1026289,25,1,6.49,0.00
5064074,1026289,21,2,3.99,0.00
5064075,1026289,26,1,2.49,0.00
5064076,1026289,19,1,3.99,0.00
5064077,1026290,14,1,10.49,0.00
5064078,1026291,17,1,12.49,0.00
5064079,1026292,5,1,13.49,0.00
5064080,1026292,26,1,2.49,0.00
5064081,1026292,21,1,3.99,0.00
5064082,1026292,29,3,3.49,0.00
5064083,1026292,27,1,2.49,0.00
5064084,1026293,17,1,12.49,0.00
5064085,1026293,20,1,4.49,0.00
5064086,1026294,9,1,13.99,0.00
5064087,1026294,18,1,5.49,0.00
5064088,1026294,28,1,3.49,0.00
5064089,1026295,13,1,9.99,0.00
5064090,1026295,26,1,2.49,0.00
5064091,1026296,17,1,12.49,0.00
5064092,1026296,26,1,2.49,0.00
5064093,1026297,3,1,10.49,0.00
5064094,1026298,6,1,12.99,1.95
5064095,1026299,12,-2,18.99,0.00
5064096,1026299,5,1,13.49,0.00
5064097,1026299,20,1,4.49,0.00
5064098,1026300,2,1,11.99,0.00
5064099,1026300,29,2,3.49,0.00
5064100,1026300,35,2,2.99,0.00
5064101,1026301,4,1,14.99,0.00
5064102,1026302,7,1,11.99,0.00
5064103,1026302,24,1,3.49,0.00
5064104,1026303,17,1,12.49,0.00
5064105,1026304,17,1,12.49,0.00
5064106,1026304,34,1,4.49,0.00
5064107,1026305,17,1,12.49,0.00
5064108,1026306,17,1,12.49,0.00
5064109,1026306,32,1,4.99,0.00
5064110,1026306,26,2,2.49,0.00
5064111,1026307,15,1,10.99,0.00
5064112,1026308,17,1,12.49,0.00
5064113,1026309,1,2,11.49,0.00
5064114,1026310,17,1,12.49,0.00
5064115,1026310,27,1,2.49,0.00
5064116,1026310,20,1,4.49,0.00
5064117,1026311,8,1,12.49,0.00
5064118,1026311,27,1,2.49,0.00
5064119,1026312,17,2,12.49,0.00
5064120,1026312,25,2,6.49,0.00
5064121,1026313,2,1,11.99,0.00
5064122,1026313,20,1,4.49,0.00
5064123,1026314,6,1,12.99,0.00
5064124,1026314,27,1,2.49,0.00
5064125,1026314,28,1,3.49,0.00
5064126,1026315,17,1,12.49,0.00
5064127,1026315,28,1,3.49,0.00
5064128,1026316,17,1,12.49,0.00
5064129,1026316,29,2,3.49,0.00
5064130,1026317,4,1,14.99,0.00
5064131,1026317,26,1,2.49,0.00
5064132,1026317,20,1,4.49,0.00
5064133,1026318,1,1,11.49,0.00
5064134,1026318,35,1,2.99,0.00
5064135,1026319,17,1,12.49,0.00
5064136,1026319,26,1,2.49,0.00
5064137,1026319,25,1,6.49,0.00
5064138,1026319,23,1,3.99,0.00
5064139,1026320,17,1,12.49,0.00
5064140,1026321,7,1,11.99,0.00
5064141,1026321,18,1,5.49,0.00
5064142,1026322,9,1,13.99,0.00
5064143,1026323,17,1,12.49,0.00
5064144,1026323,24,1,3.49,0.00
5064145,1026324,7,1,11.99,0.00
5064146,1026324,34,1,4.49,0.00
5064147,1026324,20,1,4.49,0.00
5064148,1026325,7,1,11.99,0.00
5064149,1026325,27,1,2.49,0.00
5064150,1026326,11,1,13.49,0.00
5064151,1026326,17,1,12.49,0.00
5064152,1026326,5,1,13.49,0.00
5064153,1026327,2,1,11.99,0.00
5064154,1026327,21,1,3.99,0.00
5064155,1026327,27,1,2.49,0.00
5064156,1026328,1,1,11.49,0.00
5064157,1026329,17,2,12.49,0.00
5064158,1026329,26,1,2.49,0.00
5064159,1026330,1,1,11.49,1.72
5064160,1026330,19,1,3.99,0.60
5064161,1026331,7,1,11.99,0.00
5064162,1026331,20,1,4.49,0.00
5064163,1026332,15,1,10.99,0.00
5064164,1026332,27,1,2.49,0.00
5064165,1026332,26,1,2.49,0.00
5064166,1026333,10,1,10.99,0.00
5064167,1026333,30,1,3.29,0.00
5064168,1026333,31,1,3.49,0.00
5064169,1026333,26,2,2.49,0.00
5064170,1026334,1,2,11.49,0.00
5064171,1026334,34,1,4.49,0.00
5064172,1026334,7,1,11.99,0.00
5064173,1026335,2,1,11.99,1.80
5064174,1026336,13,1,9.99,0.00
5064175,1026336,26,1,2.49,0.00
5064176,1026337,14,1,10.49,0.00
5064177,1026337,23,1,3.99,0.00
5064178,1026338,7,1,11.99,0.00
5064179,1026338,27,2,2.49,0.00
5064180,1026338,18,1,5.49,0.00
5064181,1026339,9,1,13.99,0.00
5064182,1026339,30,1,3.29,0.00
5064183,1026339,33,1,5.49,0.00
5064184,1026339,26,1,2.49,0.00
5064185,1026339,1,2,11.49,0.00
5064186,1026339,18,1,5.49,0.00
5064187,1026340,7,1,11.99,0.00
5064188,1026341,17,-1,12.49,0.00
5064189,1026342,7,-1,11.99,0.00
5064190,1026342,27,1,2.49,0.00
5064191,1026343,16,1,10.49,0.00
5064192,1026343,29,1,3.49,0.00
5064193,1026343,3,1,10.49,0.00
5064194,1026343,27,1,2.49,0.00
5064195,1026344,15,1,10.99,0.00
5064196,1026345,14,1,10.49,0.00
5064197,1026345,23,1,3.99,0.00
5064198,1026345,29,1,3.49,0.00
5064199,1026346,1,1,11.49,0.00
5064200,1026346,26,1,2.49,0.00
5064201,1026346,21,1,3.99,0.00
5064202,1026347,3,1,10.49,0.00
5064203,1026348,9,1,13.99,0.00
5064204,1026349,6,1,12.99,0.00
5064205,1026349,22,2,4.49,0.00
5064206,1026349,32,1,4.99,0.00
5064207,1026350,13,1,9.99,0.00
5064208,1026350,21,1,3.99,0.00
5064209,1026350,29,1,3.49,0.00
5064210,1026350,34,1,4.49,0.00
5064211,1026350,26,1,2.49,0.00
5064212,1026351,8,1,12.49,0.00
5064213,1026351,23,0,3.99,0.00
5064214,1026351,21,2,3.99,0.00
5064215,1026351,26,1,2.49,0.00
5064216,1026351,1,2,11.49,0.00
5064217,1026352,17,1,12.49,0.00
5064218,1026352,33,1,5.49,0.00
5064219,1026353,15,1,10.99,0.00
5064220,1026353,30,1,3.29,0.00
5064221,1026354,17,1,12.49,0.00
5064222,1026354,19,1,3.99,0.00
5064223,1026354,22,1,4.49,0.00
5064224,1026354,32,1,4.99,0.00
5064225,1026355,6,3,12.99,0.00
5064226,1026356,2,1,11.99,0.00
5064227,1026356,27,1,2.49,0.00
5064228,1026356,25,1,6.49,0.00
5064229,1026357,17,1,12.49,0.00
5064230,1026358,17,2,12.49,0.00
5064231,1026358,32,1,4.99,0.00
5064232,1026358,31,1,3.49,0.00
5064233,1026358,30,2,3.29,0.00
5064234,1026359,14,1,10.49,0.00
5064235,1026359,31,1,3.49,0.00
5064236,1026359,32,1,4.99,0.00
5064237,1026360,16,1,10.49,0.00
5064238,1026360,20,2,4.49,0.00
5064239,1026361,5,1,13.49,0.00
5064240,1026361,24,1,3.49,0.00
5064241,1026362,7,1,11.99,0.00
5064242,1026362,22,1,4.49,0.00
5064243,1026362,19,1,3.99,0.00
5064244,1026363,7,1,11.99,0.00
5064245,1026363,8,1,12.49,0.00
5064246,1026364,17,1,12.49,0.00
5064247,1026364,30,1,3.29,0.00
5064248,1026365,5,2,13.49,4.05
5064249,1026365,20,3,4.49,2.02
5064250,1026366,1,1,11.49,0.00
5064251,1026367,17,1,12.49,0.00
5064252,1026367,30,1,3.29,0.00
5064253,1026367,14,1,10.49,0.00
5064254,1026368,11,1,13.49,0.00
5064255,1026368,30,1,3.29,0.00
5064256,1026369,9,1,13.99,0.00
5064257,1026369,28,1,3.49,0.00
5064258,1026369,24,1,3.49,0.00
5064259,1026369,25,1,6.49,0.00
5064260,1026370,9,1,13.99,0.00
5064261,1026370,31,1,3.49,0.00
5064262,1026371,7,1,11.99,0.00
5064263,1026372,2,1,11.99,0.00
5064264,1026373,5,1,13.49,0.00
5064265,1026373,24,1,3.49,0.00
5064266,1026373,20,1,4.49,0.00
5064267,1026374,8,1,12.49,0.00
5064268,1026374,28,1,3.49,0.00
5064269,1026375,15,1,10.99,0.00
5064270,1026376,5,1,13.49,0.00
5064271,1026377,3,1,10.49,1.57
5064272,1026377,4,1,14.99,2.25
5064273,1026378,10,1,10.99,0.00
5064274,1026378,25,1,6.49,0.00
5064275,1026378,19,1,3.99,0.00
5064276,1026378,28,1,3.49,0.00
5064277,1026379,15,2,10.99,0.00
5064278,1026380,15,2,10.99,0.00
5064279,1026380,26,2,2.49,0.00
5064280,1026381,1,1,11.49,0.00
5064281,1026381,27,1,2.49,0.00
5064282,1026382,6,1,12.99,0.00
5064283,1026382,19,2,3.99,0.00
5064284,1026383,1,1,11.49,0.00
5064285,1026384,3,1,10.49,0.00
5064286,1026385,1,1,11.49,0.00
5064287,1026386,3,1,10.49,0.00
5064288,1026386,24,1,3.49,0.00
5064289,1026387,1,1,11.49,0.00
5064290,1026387,28,3,3.49,0.00
5064291,1026388,17,1,12.49,0.00
5064292,1026388,35,1,2.99,0.00
5064293,1026389,3,1,10.49,0.00
5064294,1026389,19,1,3.99,0.00
5064295,1026390,5,1,13.49,0.00
5064296,1026390,29,1,3.49,0.00
5064297,1026390,13,1,9.99,0.00
5064298,1026391,3,3,10.49,0.00
5064299,1026391,27,2,2.49,0.00
5064300,1026391,34,2,4.49,0.00
5064301,1026391,31,1,3.49,0.00
5064302,1026392,17,1,12.49,1.87
5064303,1026393,2,1,11.99,0.00
5064304,1026393,9,1,13.99,0.00
5064305,1026393,21,1,3.99,0.00
5064306,1026394,8,3,12.49,0.00
5064307,1026394,32,1,4.99,0.00
5064308,1026394,21,1,3.99,0.00
5064309,1026395,17,2,12.49,0.00
5064310,1026396,4,1,14.99,0.00
5064311,1026396,22,1,4.49,0.00
5064312,1026396,17,1,12.49,0.00
5064313,1026396,30,1,3.29,0.00
5064314,1026396,31,1,3.49,0.00
5064315,1026397,17,1,12.49,0.00
5064316,1026397,34,1,4.49,0.00
5064317,1026398,2,1,11.99,0.00
5064318,1026398,34,1,4.49,0.00
5064319,1026398,33,1,5.49,0.00
5064320,1026398,27,1,2.49,0.00
5064321,1026398,30,1,3.29,0.00
5064322,1026399,17,1,12.49,0.00
5064323,1026400,17,1,12.49,1.87
5064324,1026400,26,1,2.49,0.37
5064325,1026401,7,1,11.99,0.00
5064326,1026401,19,1,3.99,0.00
5064327,1026401,27,1,2.49,0.00
5064328,1026402,17,1,12.49,0.00
5064329,1026402,19,2,3.99,0.00
5064330,1026403,14,1,10.49,0.00
5064331,1026403,21,1,3.99,0.00
5064332,1026404,2,1,11.99,0.00
5064333,1026404,30,1,3.29,0.00
5064334,1026405,7,2,11.99,0.00
5064335,1026405,20,2,4.49,0.00
5064336,1026405,18,1,5.49,0.00
5064337,1026405,17,1,12.49,0.00
5064338,1026405,19,1,3.99,0.00
5064339,1026406,17,2,12.49,0.00
5064340,1026407,15,1,10.99,0.00
5064341,1026408,3,1,10.49,0.00
5064342,1026409,8,1,12.49,0.00
5064343,1026409,26,1,2.49,0.00
5064344,1026409,19,1,3.99,0.00
5064345,1026410,17,1,12.49,0.00
5064346,1026410,5,1,13.49,0.00
5064347,1026410,19,2,3.99,0.00
5064348,1026411,7,1,11.99,0.00
5064349,1026411,22,1,4.49,0.00
5064350,1026411,21,1,3.99,0.00
5064351,1026411,27,1,2.49,0.00
5064352,1026412,7,1,11.99,0.00
5064353,1026412,3,1,10.49,0.00
5064354,1026412,28,1,3.49,0.00
5064355,1026413,17,1,12.49,0.00
5064356,1026413,21,1,3.99,0.00
5064357,1026413,27,1,2.49,0.00
5064358,1026414,5,1,13.49,0.00
5064359,1026415,17,1,12.49,0.00
5064360,1026415,21,1,3.99,0.00
5064361,1026416,17,1,12.49,0.00
5064362,1026417,15,1,10.99,0.00
5064363,1026418,5,1,13.49,0.00
5064364,1026419,13,1,9.99,0.00
5064365,1026419,21,1,3.99,0.00
5064366,1026420,10,1,10.99,0.00
5064367,1026421,14,1,10.49,1.57
5064368,1026422,13,1,9.99,0.00
5064369,1026423,7,1,11.99,0.00
5064370,1026423,18,1,5.49,0.00
5064371,1026424,13,1,9.99,0.00
5064372,1026424,26,1,2.49,0.00
5064373,1026424,23,1,3.99,0.00
5064374,1026424,30,1,3.29,0.00
5064375,1026425,4,1,14.99,0.00
5064376,1026426,17,1,12.49,0.00
5064377,1026426,21,1,3.99,0.00
5064378,1026426,26,1,2.49,0.00
5064379,1026427,13,1,9.99,0.00
5064380,1026427,19,1,3.99,0.00
5064381,1026428,15,1,10.99,0.00
5064382,1026428,5,1,13.49,0.00
5064383,1026429,3,1,10.49,0.00
5064384,1026429,33,2,5.49,0.00
5064385,1026429,28,1,3.49,0.00
5064386,1026430,5,2,13.49,0.00
5064387,1026430,32,3,4.99,0.00
5064388,1026431,7,1,11.99,0.00
5064389,1026432,17,1,12.49,0.00
5064390,1026432,23,1,3.99,0.00
5064391,1026433,2,1,11.99,0.00
5064392,1026434,14,1,10.49,0.00
5064393,1026435,17,1,12.49,0.00
5064394,1026435,35,3,2.99,0.00
5064395,1026435,26,2,2.49,0.00
5064396,1026435,34,1,4.49,0.00
5064397,1026436,17,1,12.49,0.00
5064398,1026436,24,1,3.49,0.00
5064399,1026437,1,1,11.49,0.00
5064400,1026438,7,1,11.99,0.00
5064401,1026438,35,1,2.99,0.00
5064402,1026439,17,1,12.49,0.00
5064403,1026439,30,1,3.29,0.00
5064404,1026440,6,1,12.99,1.95
5064405,1026440,32,1,4.99,0.75
5064406,1026440,29,1,3.49,0.52
5064407,1026441,8,1,12.49,0.00
5064408,1026441,33,1,5.49,0.00
5064409,1026442,9,2,13.99,0.00
5064410,1026443,1,2,11.49,0.00
5064411,1026443,18,1,5.49,0.00
5064412,1026444,1,1,11.49,0.00
5064413,1026445,17,1,12.49,0.00
5064414,1026446,8,1,12.49,0.00
5064415,1026446,27,1,2.49,0.00
5064416,1026446,31,1,3.49,0.00
5064417,1026447,15,1,10.99,0.00
5064418,1026447,32,1,4.99,0.00
5064419,1026448,8,1,12.49,0.00
5064420,1026448,18,2,5.49,0.00
5064421,1026448,30,2,3.29,0.00
5064422,1026448,26,1,2.49,0.00
5064423,1026448,21,1,3.99,0.00
5064424,1026449,15,3,10.99,0.00
5064425,1026449,20,2,4.49,0.00
5064426,1026449,34,1,4.49,0.00
5064427,1026450,9,1,13.99,0.00
5064428,1026450,32,1,4.99,0.00
5064429,1026450,30,2,3.29,0.00
5064430,1026450,34,1,4.49,0.00
5064431,1026451,17,3,12.49,0.00
5064432,1026451,26,1,2.49,0.00
5064433,1026452,17,2,12.49,0.00
5064434,1026452,33,1,5.49,0.00
5064435,1026452,19,1,3.99,0.00
5064436,1026453,5,1,13.49,0.00
5064437,1026453,32,1,4.99,0.00
5064438,1026454,7,1,11.99,0.00
5064439,1026454,20,1,4.49,0.00
5064440,1026455,12,1,18.99,0.00
5064441,1026456,6,1,12.99,1.95
5064442,1026456,27,1,2.49,0.37
5064443,1026456,22,1,4.49,0.67
5064444,1026457,6,1,12.99,0.00
5064445,1026457,31,1,3.49,0.00
5064446,1026457,17,1,12.49,0.00
5064447,1026458,6,1,12.99,0.00
5064448,1026458,29,2,3.49,0.00
5064449,1026458,17,1,12.49,0.00
5064450,1026458,26,1,2.49,0.00
5064451,1026459,9,1,13.99,0.00
5064452,1026459,35,1,2.99,0.00
5064453,1026460,2,1,11.99,0.00
5064454,1026460,23,1,3.99,0.00
5064455,1026461,17,2,12.49,0.00
5064456,1026462,8,1,12.49,0.00
5064457,1026462,24,1,3.49,0.00
5064458,1026463,17,1,12.49,0.00
5064459,1026464,17,1,12.49,0.00
5064460,1026464,27,1,2.49,0.00
5064461,1026464,8,1,12.49,0.00
5064462,1026465,17,1,12.49,0.00
5064463,1026465,21,1,3.99,0.00
5064464,1026465,23,1,3.99,0.00
5064465,1026465,26,1,2.49,0.00
5064466,1026466,7,1,11.99,0.00
5064467,1026467,8,1,12.49,0.00
5064468,1026468,5,1,13.49,0.00
5064469,1026469,11,1,13.49,0.00
5064470,1026469,32,1,4.99,0.00
5064471,1026470,17,1,12.49,0.00
5064472,1026471,17,3,12.49,0.00
5064473,1026472,1,1,11.49,0.00
5064474,1026472,7,1,11.99,0.00
5064475,1026472,18,1,5.49,0.00
5064476,1026473,4,1,14.99,0.00
5064477,1026473,27,3,2.49,0.00
5064478,1026474,3,1,10.49,0.00
5064479,1026474,19,0,3.99,0.00
5064480,1026475,11,1,13.49,0.00
5064481,1026475,18,1,5.49,0.00
5064482,1026475,33,1,5.49,0.00
5064483,1026476,16,1,10.49,0.00
5064484,1026477,3,2,10.49,0.00
5064485,1026478,17,1,12.49,0.00
5064486,1026478,28,1,3.49,0.00
5064487,1026478,27,1,2.49,0.00
5064488,1026478,20,1,4.49,0.00
5064489,1026479,1,2,11.49,0.00
5064490,1026479,27,1,2.49,0.00
5064491,1026479,26,1,2.49,0.00
5064492,1026480,3,1,10.49,0.00
5064493,1026480,18,1,5.49,0.00
5064494,1026481,17,1,12.49,0.00
5064495,1026481,22,1,4.49,0.00
5064496,1026482,16,1,10.49,0.00
5064497,1026482,29,1,3.49,0.00
5064498,1026482,28,1,3.49,0.00
5064499,1026483,9,1,13.99,0.00
5064500,1026483,30,1,3.29,0.00
5064501,1026484,10,2,10.99,0.00
5064502,1026485,5,1,13.49,0.00
5064503,1026485,28,1,3.49,0.00
5064504,1026486,17,2,12.49,0.00
5064505,1026486,33,1,5.49,0.00
5064506,1026487,15,2,10.99,0.00
5064507,1026487,27,1,2.49,0.00
5064508,1026488,15,1,10.99,0.00
5064509,1026489,17,1,12.49,0.00
5064510,1026489,32,1,4.99,0.00
5064511,1026490,1,1,11.49,0.00
5064512,1026490,32,1,4.99,0.00
5064513,1026490,25,2,6.49,0.00
5064514,1026491,6,1,12.99,0.00
5064515,1026491,18,1,5.49,0.00
5064516,1026491,26,1,2.49,0.00
5064517,1026491,30,1,3.29,0.00
5064518,1026491,19,1,3.99,0.00
5064519,1026491,27,1,2.49,0.00
5064520,1026492,17,1,12.49,0.00
5064521,1026492,20,1,4.49,0.00
5064522,1026492,19,1,3.99,0.00
5064523,1026493,17,1,12.49,0.00
5064524,1026493,3,1,10.49,0.00
5064525,1026493,34,1,4.49,0.00
5064526,1026493,30,1,3.29,0.00
5064527,1026494,17,1,12.49,0.00
5064528,1026495,3,1,10.49,0.00
5064529,1026496,12,1,18.99,0.00
5064530,1026496,26,1,2.49,0.00
5064531,1026496,22,1,4.49,0.00
5064532,1026497,17,1,12.49,0.00
5064533,1026498,14,2,10.49,0.00
5064534,1026499,2,1,11.99,0.00
5064535,1026500,1,1,11.49,0.00
5064536,1026500,25,2,6.49,0.00
5064537,1026500,31,1,3.49,0.00
5064538,1026500,21,1,3.99,0.00
5064539,1026500,28,1,3.49,0.00
5064540,1026501,1,1,11.49,0.00
5064541,1026501,24,2,3.49,0.00
5064542,1026501,21,2,3.99,0.00
5064543,1026502,2,1,11.99,0.00
5064544,1026502,29,1,3.49,0.00
5064545,1026503,17,1,12.49,0.00
5064546,1026503,34,1,4.49,0.00
5064547,1026503,20,1,4.49,0.00
5064548,1026504,17,1,12.49,0.00
5064549,1026505,10,1,10.99,0.00
5064550,1026505,29,1,3.49,0.00
5064551,1026505,19,1,3.99,0.00
5064552,1026506,17,1,12.49,0.00
5064553,1026506,20,2,4.49,0.00
5064554,1026506,25,1,6.49,0.00
5064555,1026507,1,1,11.49,0.00
5064556,1026507,31,1,3.49,0.00
5064557,1026507,18,1,5.49,0.00
5064558,1026508,17,1,12.49,0.00
5064559,1026508,28,1,3.49,0.00
5064560,1026509,17,1,12.49,1.87
5064561,1026509,26,1,2.49,0.37
5064562,1026510,11,1,13.49,0.00
5064563,1026510,26,1,2.49,0.00
5064564,1026511,17,1,12.49,0.00
5064565,1026511,26,2,2.49,0.00
5064566,1026511,30,1,3.29,0.00
5064567,1026511,20,2,4.49,0.00
5064568,1026511,27,1,2.49,0.00
5064569,1026512,8,1,12.49,1.87
5064570,1026512,33,1,5.49,0.82
5064571,1026513,7,1,11.99,0.00
5064572,1026513,17,1,12.49,0.00
5064573,1026514,11,1,13.49,0.00
5064574,1026514,32,1,4.99,0.00
5064575,1026515,4,1,14.99,0.00
5064576,1026516,3,1,10.49,0.00
5064577,1026516,34,1,4.49,0.00
5064578,1026516,23,1,3.99,0.00
5064579,1026517,17,1,12.49,0.00
5064580,1026517,18,2,5.49,0.00
5064581,1026518,6,1,12.99,0.00
5064582,1026519,17,1,12.49,0.00
5064583,1026519,29,1,3.49,0.00
5064584,1026520,6,1,12.99,0.00
5064585,1026520,25,1,6.49,0.00
5064586,1026521,17,1,12.49,1.87
5064587,1026521,27,2,2.49,0.75
5064588,1026521,11,1,13.49,2.02
5064589,1026521,20,2,4.49,1.35
5064590,1026522,1,1,11.49,0.00
5064591,1026522,18,1,5.49,0.00
5064592,1026523,13,1,9.99,0.00
5064593,1026523,27,1,2.49,0.00
5064594,1026524,17,1,12.49,0.00
5064595,1026524,23,1,3.99,0.00
5064596,1026525,2,1,11.99,0.00
5064597,1026525,33,1,5.49,0.00
5064598,1026526,2,1,11.99,0.00
5064599,1026526,19,2,3.99,0.00
5064600,1026527,10,1,10.99,0.00
5064601,1026528,4,2,14.99,0.00
5064602,1026528,25,1,6.49,0.00
5064603,1026529,5,2,13.49,4.05
5064604,1026530,17,1,12.49,0.00
5064605,1026530,20,1,4.49,0.00
5064606,1026531,7,2,11.99,0.00
5064607,1026531,21,1,3.99,0.00
5064608,1026532,17,1,12.49,1.87
5064609,1026532,25,1,6.49,0.97
5064610,1026533,17,1,12.49,0.00
5064611,1026534,17,1,12.49,0.00
5064612,1026534,18,1,5.49,0.00
5064613,1026534,19,1,3.99,0.00
5064614,1026534,25,1,6.49,0.00
5064615,1026535,2,1,11.99,0.00
5064616,1026535,21,1,3.99,0.00
5064617,1026535,20,1,4.49,0.00
5064618,1026536,17,1,12.49,0.00
5064619,1026536,23,2,3.99,0.00
5064620,1026536,20,1,4.49,0.00
5064621,1026536,28,1,3.49,0.00
5064622,1026536,31,2,3.49,0.00
5064623,1026537,4,1,14.99,0.00
5064624,1026537,34,1,4.49,0.00
5064625,1026537,33,3,5.49,0.00
5064626,1026538,14,1,10.49,0.00
5064627,1026538,27,1,2.49,0.00
5064628,1026538,26,1,2.49,0.00
5064629,1026539,4,1,14.99,0.00
5064630,1026539,20,1,4.49,0.00
5064631,1026539,31,1,3.49,0.00
5064632,1026540,15,1,10.99,0.00
5064633,1026541,7,1,11.99,1.80
5064634,1026541,29,3,3.49,1.57
5064635,1026541,4,1,14.99,2.25
5064636,1026541,19,3,3.99,1.80
5064637,1026542,5,1,13.49,0.00
5064638,1026542,24,1,3.49,0.00
5064639,1026542,27,1,2.49,0.00
5064640,1026542,30,1,3.29,0.00
5064641,1026543,14,1,10.49,0.00
5064642,1026544,1,1,11.49,0.00
5064643,1026544,21,1,3.99,0.00
5064644,1026545,5,1,13.49,0.00
5064645,1026545,18,1,5.49,0.00
5064646,1026545,25,1,6.49,0.00
5064647,1026546,15,1,10.99,1.65
5064648,1026546,31,1,3.49,0.52
5064649,1026547,17,1,12.49,0.00
5064650,1026548,17,1,12.49,0.00
5064651,1026549,15,1,10.99,0.00
5064652,1026549,26,1,2.49,0.00
5064653,1026549,27,1,2.49,0.00
5064654,1026550,17,1,12.49,0.00
5064655,1026551,17,1,12.49,0.00
5064656,1026551,18,1,5.49,0.00
5064657,1026552,1,1,11.49,0.00
5064658,1026552,22,2,4.49,0.00
5064659,1026552,27,1,2.49,0.00
5064660,1026553,12,1,18.99,0.00
5064661,1026553,31,1,3.49,0.00
5064662,1026553,25,1,6.49,0.00
5064663,1026553,21,1,3.99,0.00
5064664,1026554,11,2,13.49,0.00
5064665,1026555,1,1,11.49,0.00
5064666,1026555,21,2,3.99,0.00
5064667,1026555,19,1,3.99,0.00
5064668,1026556,17,1,12.49,1.87
5064669,1026557,17,1,12.49,0.00
5064670,1026557,18,1,5.49,0.00
5064671,1026557,23,2,3.99,0.00
5064672,1026558,17,1,12.49,0.00
5064673,1026558,27,2,2.49,0.00
5064674,1026558,26,1,2.49,0.00
5064675,1026558,32,1,4.99,0.00
5064676,1026559,8,1,12.49,0.00
5064677,1026560,17,1,12.49,0.00
5064678,1026560,18,1,5.49,0.00
5064679,1026560,27,1,2.49,0.00
5064680,1026560,30,3,3.29,0.00
5064681,1026561,14,1,10.49,0.00
5064682,1026562,17,1,12.49,0.00
5064683,1026563,2,1,11.99,0.00
5064684,1026563,27,1,2.49,0.00
5064685,1026563,12,1,18.99,0.00
5064686,1026564,17,1,12.49,0.00
5064687,1026564,21,1,3.99,0.00
5064688,1026565,8,1,12.49,0.00
5064689,1026565,32,1,4.99,0.00
5064690,1026566,2,1,11.99,0.00
5064691,1026566,17,2,12.49,0.00
5064692,1026567,6,1,12.99,0.00
5064693,1026567,18,1,5.49,0.00
5064694,1026567,21,1,3.99,0.00
5064695,1026568,5,1,13.49,0.00
5064696,1026568,29,1,3.49,0.00
5064697,1026569,15,1,10.99,0.00
5064698,1026570,9,1,13.99,0.00
5064699,1026570,31,2,3.49,0.00
5064700,1026571,6,1,12.99,0.00
5064701,1026572,7,1,11.99,1.80
5064702,1026573,6,1,12.99,0.00
5064703,1026573,23,1,3.99,0.00
5064704,1026573,33,2,5.49,0.00
5064705,1026573,34,1,4.49,0.00
5064706,1026574,17,1,12.49,0.00
5064707,1026574,32,1,4.99,0.00
5064708,1026575,5,1,13.49,2.02
5064709,1026575,20,1,4.49,0.67
5064710,1026576,10,1,10.99,0.00
5064711,1026576,24,1,3.49,0.00
5064712,1026577,13,2,9.99,0.00
5064713,1026577,20,2,4.49,0.00
5064714,1026577,2,1,11.99,0.00
5064715,1026577,26,1,2.49,0.00
5064716,1026577,24,1,3.49,0.00
5064717,1026577,29,1,3.49,0.00
5064718,1026578,1,3,11.49,0.00
5064719,1026578,18,2,5.49,0.00
5064720,1026579,17,1,12.49,0.00
5064721,1026580,13,1,9.99,0.00
5064722,1026580,3,1,10.49,0.00
5064723,1026580,20,2,4.49,0.00
5064724,1026580,11,2,13.49,0.00
5064725,1026580,35,1,2.99,0.00
5064726,1026581,4,2,14.99,0.00
5064727,1026581,32,1,4.99,0.00
5064728,1026581,26,2,2.49,0.00
5064729,1026582,17,1,12.49,0.00
5064730,1026582,33,1,5.49,0.00
5064731,1026582,27,1,2.49,0.00
5064732,1026583,15,1,10.99,0.00
5064733,1026584,16,1,10.49,0.00
5064734,1026584,18,1,5.49,0.00
5064735,1026585,17,1,12.49,0.00
5064736,1026585,26,1,2.49,0.00
5064737,1026585,19,1,3.99,0.00
5064738,1026586,10,1,10.99,0.00
5064739,1026586,32,1,4.99,0.00
5064740,1026586,30,1,3.29,0.00
5064741,1026587,5,1,13.49,0.00
5064742,1026587,17,1,12.49,0.00
5064743,1026587,25,1,6.49,0.00
5064744,1026587,27,1,2.49,0.00
5064745,1026588,9,1,13.99,0.00
5064746,1026588,31,1,3.49,0.00
5064747,1026588,24,1,3.49,0.00
5064748,1026588,21,1,3.99,0.00
5064749,1026588,34,1,4.49,0.00
5064750,1026588,26,1,2.49,0.00
5064751,1026589,8,1,12.49,0.00
5064752,1026589,22,1,4.49,0.00
5064753,1026590,7,1,11.99,0.00
5064754,1026591,14,1,10.49,0.00
5064755,1026591,19,1,3.99,0.00
5064756,1026591,24,1,3.49,0.00
5064757,1026592,2,1,11.99,0.00
5064758,1026593,1,1,11.49,1.72
5064759,1026593,19,1,3.99,0.60
5064760,1026594,17,1,12.49,0.00
5064761,1026595,14,1,10.49,0.00
5064762,1026595,27,1,2.49,0.00
5064763,1026595,19,1,3.99,0.00
5064764,1026595,23,1,3.99,0.00
5064765,1026596,17,1,12.49,0.00
5064766,1026596,5,1,13.49,0.00
5064767,1026596,34,2,4.49,0.00
5064768,1026597,7,1,11.99,0.00
5064769,1026597,32,1,4.99,0.00
5064770,1026598,8,1,12.49,0.00
5064771,1026598,27,3,2.49,0.00
5064772,1026598,23,2,3.99,0.00
5064773,1026599,17,2,12.49,0.00
5064774,1026599,34,1,4.49,0.00
5064775,1026599,29,1,3.49,0.00
5064776,1026599,26,1,2.49,0.00
5064777,1026599,32,1,4.99,0.00
5064778,1026600,8,1,12.49,0.00
5064779,1026600,30,1,3.29,0.00
5064780,1026600,26,1,2.49,0.00
5064781,1026600,23,1,3.99,0.00
5064782,1026600,27,1,2.49,0.00
5064783,1026601,10,1,10.99,0.00
5064784,1026601,23,1,3.99,0.00
5064785,1026602,17,2,12.49,0.00
5064786,1026602,22,1,4.49,0.00
5064787,1026603,3,1,10.49,0.00
5064788,1026604,15,3,10.99,0.00
5064789,1026604,19,1,3.99,0.00
5064790,1026604,20,2,4.49,0.00
5064791,1026604,26,1,2.49,0.00
5064792,1026604,27,2,2.49,0.00
5064793,1026605,6,1,12.99,0.00
5064794,1026605,22,1,4.49,0.00
5064795,1026606,4,1,14.99,0.00
5064796,1026606,29,1,3.49,0.00
5064797,1026606,23,1,3.99,0.00
5064798,1026606,26,1,2.49,0.00
5064799,1026607,11,1,13.49,0.00
5064800,1026607,27,1,2.49,0.00
5064801,1026608,17,1,12.49,0.00
5064802,1026608,27,1,2.49,0.00
5064803,1026608,30,1,3.29,0.00
5064804,1026608,10,3,10.99,0.00
5064805,1026609,2,1,11.99,0.00
5064806,1026609,21,1,3.99,0.00
5064807,1026609,23,1,3.99,0.00
5064808,1026610,13,1,9.99,0.00
5064809,1026610,27,2,2.49,0.00
5064810,1026611,17,2,12.49,0.00
5064811,1026611,29,2,3.49,0.00
5064812,1026611,18,1,5.49,0.00
5064813,1026611,12,1,18.99,0.00
5064814,1026611,21,1,3.99,0.00
5064815,1026612,8,1,12.49,0.00
5064816,1026613,17,1,12.49,0.00
5064817,1026613,19,1,3.99,0.00
5064818,1026613,21,1,3.99,0.00
5064819,1026613,22,-1,4.49,0.00
5064820,1026613,28,2,3.49,0.00
5064821,1026614,12,1,18.99,0.00
5064822,1026615,6,1,12.99,0.00
5064823,1026615,26,-1,2.49,0.00
5064824,1026616,8,1,12.49,0.00
5064825,1026616,22,2,4.49,0.00
5064826,1026617,10,1,10.99,0.00
5064827,1026617,11,1,13.49,0.00
5064828,1026617,29,1,3.49,0.00
5064829,1026618,15,1,10.99,0.00
5064830,1026618,4,1,14.99,0.00
5064831,1026618,29,1,3.49,0.00
5064832,1026619,17,2,12.49,0.00
5064833,1026620,7,1,11.99,0.00
5064834,1026620,30,1,3.29,0.00
5064835,1026620,28,1,3.49,0.00
5064836,1026621,17,1,12.49,0.00
5064837,1026621,27,2,2.49,0.00
5064838,1026622,11,1,13.49,0.00
5064839,1026623,3,1,10.49,0.00
5064840,1026623,34,1,4.49,0.00
5064841,1026623,31,1,3.49,0.00
5064842,1026623,18,1,5.49,0.00
5064843,1026623,19,1,3.99,0.00
5064844,1026624,9,2,13.99,0.00
5064845,1026624,21,1,3.99,0.00
5064846,1026624,26,1,2.49,0.00
5064847,1026625,16,2,10.49,0.00
5064848,1026625,22,1,4.49,0.00
5064849,1026626,17,1,12.49,0.00
5064850,1026626,26,2,2.49,0.00
5064851,1026626,7,1,11.99,0.00
5064852,1026626,25,1,6.49,0.00
5064853,1026627,17,1,12.49,0.00
5064854,1026627,27,1,2.49,0.00
5064855,1026627,23,1,3.99,0.00
5064856,1026628,17,1,12.49,0.00
5064857,1026628,18,2,5.49,0.00
5064858,1026629,12,1,18.99,0.00
5064859,1026629,17,1,12.49,0.00
5064860,1026630,1,1,11.49,0.00
5064861,1026630,27,1,2.49,0.00
5064862,1026630,14,2,10.49,0.00
5064863,1026631,6,2,12.99,0.00
5064864,1026632,8,1,12.49,0.00
5064865,1026632,23,1,3.99,0.00
5064866,1026632,13,2,9.99,0.00
5064867,1026633,17,1,12.49,0.00
5064868,1026633,31,3,3.49,0.00
5064869,1026634,13,1,9.99,0.00
5064870,1026634,17,1,12.49,0.00
5064871,1026635,5,1,13.49,0.00
5064872,1026636,5,1,13.49,0.00
5064873,1026636,27,2,2.49,0.00
5064874,1026637,2,1,11.99,0.00
5064875,1026637,29,1,3.49,0.00
5064876,1026637,26,3,2.49,0.00
5064877,1026637,25,2,6.49,0.00
5064878,1026638,17,1,12.49,0.00
5064879,1026638,34,1,4.49,0.00
5064880,1026639,17,2,12.49,0.00
5064881,1026639,18,4,5.49,0.00
5064882,1026639,19,1,3.99,0.00
5064883,1026640,10,1,10.99,0.00
5064884,1026640,22,1,4.49,0.00
5064885,1026641,8,1,12.49,0.00
5064886,1026641,33,1,5.49,0.00
5064887,1026641,35,1,2.99,0.00
5064888,1026642,2,1,11.99,0.00
5064889,1026642,29,1,3.49,0.00
5064890,1026642,20,1,4.49,0.00
5064891,1026642,23,1,3.99,0.00
5064892,1026643,5,1,13.49,0.00
5064893,1026643,34,1,4.49,0.00
5064894,1026644,8,1,12.49,0.00
5064895,1026644,33,1,5.49,0.00
5064896,1026645,6,1,12.99,0.00
5064897,1026645,20,1,4.49,0.00
5064898,1026645,30,1,3.29,0.00
5064899,1026645,18,1,5.49,0.00
5064900,1026646,17,1,12.49,0.00
5064901,1026646,18,1,5.49,0.00
5064902,1026646,31,1,3.49,0.00
5064903,1026647,17,1,12.49,0.00
5064904,1026647,7,1,11.99,0.00
5064905,1026648,17,1,12.49,0.00
5064906,1026648,30,1,3.29,0.00
5064907,1026648,31,3,3.49,0.00
5064908,1026648,23,2,3.99,0.00
5064909,1026648,20,1,4.49,0.00
5064910,1026649,15,1,10.99,0.00
5064911,1026649,26,1,2.49,0.00
5064912,1026650,6,1,12.99,0.00
5064913,1026651,11,1,13.49,0.00
5064914,1026651,29,1,3.49,0.00
5064915,1026651,19,1,3.99,0.00
5064916,1026652,8,0,12.49,0.00
5064917,1026652,28,1,3.49,0.00
5064918,1026652,35,1,2.99,0.00
5064919,1026653,17,2,12.49,3.75
5064920,1026653,20,3,4.49,2.02
5064921,1026653,21,2,3.99,1.20
5064922,1026654,15,1,10.99,0.00
5064923,1026655,11,1,13.49,0.00
5064924,1026655,30,1,3.29,0.00
5064925,1026655,26,1,2.49,0.00
5064926,1026656,17,1,12.49,0.00
5064927,1026656,18,3,5.49,0.00
5064928,1026656,22,1,4.49,0.00
5064929,1026657,17,1,12.49,0.00
5064930,1026657,6,1,12.99,0.00
5064931,1026658,14,1,10.49,0.00
5064932,1026658,27,1,2.49,0.00
5064933,1026659,5,3,13.49,0.00
5064934,1026659,27,3,2.49,0.00
5064935,1026659,22,3,4.49,0.00
5064936,1026660,2,1,11.99,0.00
5064937,1026660,28,1,3.49,0.00
5064938,1026660,34,1,4.49,0.00
5064939,1026661,7,1,11.99,1.80
5064940,1026661,18,2,5.49,1.65
5064941,1026661,22,2,4.49,1.35
5064942,1026662,17,1,12.49,0.00
5064943,1026662,23,1,3.99,0.00
5064944,1026662,20,1,4.49,0.00
5064945,1026662,29,1,3.49,0.00
5064946,1026663,4,1,14.99,0.00
5064947,1026663,19,1,3.99,0.00
5064948,1026664,2,1,11.99,0.00
5064949,1026664,14,2,10.49,0.00
5064950,1026665,4,1,14.99,0.00
5064951,1026665,25,1,6.49,0.00
5064952,1026666,3,1,10.49,0.00
5064953,1026667,12,1,18.99,0.00
5064954,1026667,22,1,4.49,0.00
5064955,1026667,27,1,2.49,0.00
5064956,1026668,5,1,13.49,0.00
5064957,1026669,5,1,13.49,0.00
5064958,1026669,26,2,2.49,0.00
5064959,1026669,30,1,3.29,0.00
5064960,1026670,17,1,12.49,0.00
5064961,1026671,3,2,10.49,0.00
5064962,1026671,23,1,3.99,0.00
5064963,1026671,21,1,3.99,0.00
5064964,1026672,15,1,10.99,0.00
5064965,1026672,22,1,4.49,0.00
5064966,1026673,9,1,13.99,0.00
5064967,1026673,34,1,4.49,0.00
5064968,1026673,22,1,4.49,0.00
5064969,1026674,8,1,12.49,0.00
5064970,1026674,26,0,2.49,0.00
5064971,1026674,31,1,3.49,0.00
5064972,1026675,4,1,14.99,0.00
5064973,1026676,17,3,12.49,0.00
5064974,1026676,27,1,2.49,0.00
5064975,1026676,3,1,10.49,0.00
5064976,1026676,28,1,3.49,0.00
5064977,1026677,5,1,13.49,0.00
5064978,1026677,18,1,5.49,0.00
5064979,1026677,22,1,4.49,0.00
5064980,1026677,23,1,3.99,0.00
5064981,1026678,16,1,10.49,0.00
5064982,1026678,26,1,2.49,0.00
5064983,1026679,14,3,10.49,0.00
5064984,1026679,29,1,3.49,0.00
5064985,1026680,6,1,12.99,0.00
5064986,1026681,2,1,11.99,0.00
5064987,1026681,26,1,2.49,0.00
5064988,1026682,1,1,11.49,0.00
5064989,1026682,27,1,2.49,0.00
5064990,1026683,1,1,11.49,0.00
5064991,1026684,11,1,13.49,0.00
5064992,1026684,21,1,3.99,0.00
5064993,1026685,4,1,14.99,2.25
5064994,1026685,28,1,3.49,0.52
5064995,1026685,33,1,5.49,0.82
5064996,1026686,8,1,12.49,0.00
5064997,1026686,29,1,3.49,0.00
5064998,1026686,21,1,3.99,0.00
5064999,1026687,10,1,10.99,0.00
5065000,1026687,23,1,3.99,0.00
5065001,1026687,33,2,5.49,0.00
5065002,1026687,28,1,3.49,0.00
5065003,1026688,17,1,12.49,0.00
5065004,1026689,1,1,11.49,0.00
5065005,1026689,21,1,3.99,0.00
5065006,1026690,4,1,14.99,0.00
5065007,1026690,19,1,3.99,0.00
5065008,1026690,23,2,3.99,0.00
5065009,1026691,2,1,11.99,0.00
5065010,1026691,18,1,5.49,0.00
5065011,1026691,25,-2,6.49,0.00
5065012,1026692,13,1,9.99,0.00
5065013,1026692,19,1,3.99,0.00
5065014,1026693,4,1,14.99,2.25
5065015,1026693,25,2,6.49,1.95
5065016,1026693,28,1,3.49,0.52
5065017,1026694,17,3,12.49,0.00
5065018,1026695,17,2,12.49,0.00
5065019,1026695,31,1,3.49,0.00
5065020,1026696,1,1,11.49,1.72
5065021,1026696,26,1,2.49,0.37
5065022,1026697,3,3,10.49,0.00
5065023,1026697,31,1,3.49,0.00
5065024,1026697,26,1,2.49,0.00
5065025,1026697,18,1,5.49,0.00
5065026,1026698,6,1,12.99,0.00
5065027,1026698,18,1,5.49,0.00
5065028,1026699,1,1,11.49,0.00
5065029,1026699,30,1,3.29,0.00
5065030,1026699,26,1,2.49,0.00
5065031,1026699,32,2,4.99,0.00
5065032,1026700,2,1,11.99,0.00
5065033,1026701,17,1,12.49,0.00
5065034,1026701,32,2,4.99,0.00
5065035,1026701,19,1,3.99,0.00
5065036,1026702,7,-1,11.99,0.00
5065037,1026703,2,1,11.99,0.00
5065038,1026703,33,1,5.49,0.00
5065039,1026704,2,1,11.99,0.00
5065040,1026705,13,1,9.99,0.00
5065041,1026705,30,1,3.29,0.00
5065042,1026705,33,1,5.49,0.00
5065043,1026705,17,1,12.49,0.00
5065044,1026705,25,2,6.49,0.00
5065045,1026706,3,3,10.49,4.72
5065046,1026706,19,2,3.99,1.20
5065047,1026706,17,1,12.49,1.87
5065048,1026706,10,2,10.99,3.30
5065049,1026707,2,1,11.99,0.00
5065050,1026707,23,1,3.99,0.00
5065051,1026707,29,1,3.49,0.00
5065052,1026707,26,1,2.49,0.00
5065053,1026708,11,1,13.49,2.02
5065054,1026708,18,1,5.49,0.82
5065055,1026708,23,1,3.99,0.60
5065056,1026708,25,1,6.49,0.97
5065057,1026709,5,1,13.49,0.00
5065058,1026709,30,1,3.29,0.00
5065059,1026709,19,1,3.99,0.00
5065060,1026710,17,1,12.49,0.00
5065061,1026710,26,2,2.49,0.00
5065062,1026710,22,1,4.49,0.00
5065063,1026710,21,1,3.99,0.00
5065064,1026711,6,1,12.99,0.00
5065065,1026711,35,2,2.99,0.00
5065066,1026711,30,1,3.29,0.00
5065067,1026711,27,2,2.49,0.00
5065068,1026712,9,1,13.99,0.00
5065069,1026712,5,1,13.49,0.00
5065070,1026713,10,1,10.99,0.00
5065071,1026713,18,2,5.49,0.00
5065072,1026713,24,1,3.49,0.00
5065073,1026714,13,1,9.99,0.00
5065074,1026715,12,1,18.99,0.00
5065075,1026715,27,1,2.49,0.00
5065076,1026716,3,1,10.49,0.00
5065077,1026716,32,2,4.99,0.00
5065078,1026717,17,1,12.49,0.00
5065079,1026717,26,1,2.49,0.00
5065080,1026717,20,1,4.49,0.00
5065081,1026718,16,1,10.49,0.00
5065082,1026718,18,1,5.49,0.00
5065083,1026718,17,1,12.49,0.00
5065084,1026718,27,1,2.49,0.00
5065085,1026719,17,2,12.49,0.00
5065086,1026719,6,1,12.99,0.00
5065087,1026719,33,1,5.49,0.00
5065088,1026720,17,2,12.49,0.00
5065089,1026720,28,1,3.49,0.00
5065090,1026720,30,1,3.29,0.00
5065091,1026720,32,1,4.99,0.00
5065092,1026721,2,2,11.99,0.00
5065093,1026722,17,1,12.49,0.00
5065094,1026722,19,1,3.99,0.00
5065095,1026723,17,3,12.49,5.62
5065096,1026723,28,1,3.49,0.52
5065097,1026723,27,3,2.49,1.12
5065098,1026723,26,1,2.49,0.37
5065099,1026723,33,1,5.49,0.82
5065100,1026724,7,1,11.99,0.00
5065101,1026724,10,2,10.99,0.00
5065102,1026725,8,1,12.49,0.00
5065103,1026726,13,1,9.99,0.00
5065104,1026727,6,2,12.99,0.00
5065105,1026727,26,1,2.49,0.00
5065106,1026727,23,1,3.99,0.00
5065107,1026728,7,2,11.99,0.00
5065108,1026728,21,1,3.99,0.00
5065109,1026729,17,1,12.49,0.00
5065110,1026729,34,3,4.49,0.00
5065111,1026730,17,1,12.49,0.00
5065112,1026730,21,1,3.99,0.00
5065113,1026730,25,1,6.49,0.00
5065114,1026731,9,1,13.99,0.00
5065115,1026731,22,1,4.49,0.00
5065116,1026732,11,1,13.49,0.00
5065117,1026733,6,1,12.99,0.00
5065118,1026734,16,1,10.49,0.00
5065119,1026734,26,1,2.49,0.00
5065120,1026734,27,2,2.49,0.00
5065121,1026735,2,1,11.99,0.00
5065122,1026736,9,1,13.99,0.00
5065123,1026736,30,1,3.29,0.00
5065124,1026736,19,1,3.99,0.00
5065125,1026736,23,1,3.99,0.00
5065126,1026737,16,1,10.49,0.00
5065127,1026737,28,2,3.49,0.00
5065128,1026737,27,2,2.49,0.00
5065129,1026737,22,1,4.49,0.00
5065130,1026738,5,1,13.49,0.00
5065131,1026738,33,3,5.49,0.00
5065132,1026739,8,1,12.49,0.00
5065133,1026739,26,1,2.49,0.00
5065134,1026739,20,1,4.49,0.00
5065135,1026739,21,2,3.99,0.00
5065136,1026740,13,3,9.99,0.00
5065137,1026740,32,1,4.99,0.00
5065138,1026741,17,1,12.49,0.00
5065139,1026742,17,1,12.49,0.00
5065140,1026742,27,1,2.49,0.00
5065141,1026742,28,1,3.49,0.00
5065142,1026743,2,1,11.99,0.00
5065143,1026743,27,1,2.49,0.00
5065144,1026744,17,2,12.49,0.00
5065145,1026745,11,1,13.49,0.00
5065146,1026746,2,1,11.99,0.00
5065147,1026746,30,3,3.29,0.00
5065148,1026747,17,1,12.49,0.00
5065149,1026747,4,3,14.99,0.00
5065150,1026747,32,1,4.99,0.00
5065151,1026748,17,2,12.49,3.75
5065152,1026748,30,1,3.29,0.49
5065153,1026749,3,1,10.49,0.00
5065154,1026749,24,1,3.49,0.00
5065155,1026750,3,2,10.49,0.00
5065156,1026750,27,1,2.49,0.00
5065157,1026751,2,1,11.99,0.00
5065158,1026751,6,1,12.99,0.00
5065159,1026751,18,1,5.49,0.00
5065160,1026751,34,3,4.49,0.00
5065161,1026751,19,1,3.99,0.00
5065162,1026752,17,2,12.49,0.00
5065163,1026752,24,2,3.49,0.00
5065164,1026753,6,1,12.99,0.00
5065165,1026753,33,1,5.49,0.00
5065166,1026754,17,1,12.49,1.87
5065167,1026755,17,2,12.49,0.00
5065168,1026755,22,1,4.49,0.00
5065169,1026756,3,3,10.49,0.00
5065170,1026757,16,1,10.49,0.00
5065171,1026757,27,2,2.49,0.00
5065172,1026757,1,1,11.49,0.00
5065173,1026757,6,1,12.99,0.00
5065174,1026758,7,2,11.99,0.00
5065175,1026758,34,3,4.49,0.00
5065176,1026759,17,1,12.49,0.00
5065177,1026759,11,1,13.49,0.00
5065178,1026760,6,1,12.99,0.00
5065179,1026760,31,1,3.49,0.00
5065180,1026761,6,1,12.99,0.00
5065181,1026761,33,1,5.49,0.00
5065182,1026762,3,1,10.49,0.00
5065183,1026762,30,1,3.29,0.00
5065184,1026763,17,1,12.49,0.00
5065185,1026764,4,1,14.99,0.00
5065186,1026765,17,1,12.49,0.00
5065187,1026765,21,1,3.99,0.00
5065188,1026766,4,1,14.99,0.00
5065189,1026766,23,1,3.99,0.00
5065190,1026766,30,1,3.29,0.00
5065191,1026766,28,1,3.49,0.00
5065192,1026767,3,1,10.49,0.00
5065193,1026767,31,1,3.49,0.00
5065194,1026768,10,1,10.99,0.00
5065195,1026769,13,1,9.99,0.00
5065196,1026769,27,1,2.49,0.00
5065197,1026769,18,1,5.49,0.00
5065198,1026770,9,1,13.99,0.00
5065199,1026770,26,1,2.49,0.00
5065200,1026770,25,1,6.49,0.00
5065201,1026771,6,1,12.99,0.00
5065202,1026771,22,1,4.49,0.00
5065203,1026771,33,2,5.49,0.00
5065204,1026771,26,2,2.49,0.00
5065205,1026772,16,1,10.49,0.00
5065206,1026772,18,1,5.49,0.00
5065207,1026773,5,1,13.49,0.00
5065208,1026773,21,1,3.99,0.00
5065209,1026773,28,1,3.49,0.00
5065210,1026774,13,1,9.99,0.00
5065211,1026774,31,1,3.49,0.00
5065212,1026774,30,1,3.29,0.00
5065213,1026775,11,1,13.49,0.00
5065214,1026776,9,1,13.99,0.00
5065215,1026776,18,1,5.49,0.00
5065216,1026777,6,1,12.99,0.00
5065217,1026777,27,1,2.49,0.00
5065218,1026777,33,1,5.49,0.00
5065219,1026777,19,1,3.99,0.00
5065220,1026778,1,1,11.49,1.72
5065221,1026778,23,1,3.99,0.60
5065222,1026778,28,1,3.49,0.52
5065223,1026778,26,1,2.49,0.37
5065224,1026778,20,1,4.49,0.67
5065225,1026779,1,1,11.49,0.00
5065226,1026779,19,1,3.99,0.00
5065227,1026779,21,1,3.99,0.00
5065228,1026780,3,1,10.49,0.00
5065229,1026780,21,2,3.99,0.00
5065230,1026780,26,2,2.49,0.00
5065231,1026781,12,1,18.99,0.00
5065232,1026781,30,1,3.29,0.00
5065233,1026782,4,1,14.99,0.00
5065234,1026782,31,1,3.49,0.00
5065235,1026783,4,1,14.99,0.00
5065236,1026784,8,1,12.49,0.00
5065237,1026784,27,2,2.49,0.00
5065238,1026785,8,1,12.49,0.00
5065239,1026785,20,3,4.49,0.00
5065240,1026785,23,1,3.99,0.00
5065241,1026786,11,2,13.49,0.00
5065242,1026786,30,1,3.29,0.00
5065243,1026787,13,1,9.99,0.00
5065244,1026787,20,2,4.49,0.00
5065245,1026787,25,1,6.49,0.00
5065246,1026787,18,1,5.49,0.00
5065247,1026787,31,1,3.49,0.00
5065248,1026788,6,1,12.99,0.00
5065249,1026788,20,1,4.49,0.00
5065250,1026789,5,2,13.49,0.00
5065251,1026790,5,1,13.49,0.00
5065252,1026790,26,2,2.49,0.00
5065253,1026790,27,1,2.49,0.00
5065254,1026791,11,1,13.49,0.00
5065255,1026792,17,1,12.49,0.00
5065256,1026792,27,1,2.49,0.00
5065257,1026792,26,2,2.49,0.00
5065258,1026792,21,1,3.99,0.00
5065259,1026792,34,1,4.49,0.00
5065260,1026793,17,2,12.49,0.00
5065261,1026793,26,1,2.49,0.00
5065262,1026793,30,1,3.29,0.00
5065263,1026794,1,1,11.49,0.00
5065264,1026794,25,1,6.49,0.00
5065265,1026795,2,2,11.99,0.00
5065266,1026795,19,3,3.99,0.00
5065267,1026795,28,1,3.49,0.00
5065268,1026796,10,1,10.99,0.00
5065269,1026797,17,1,12.49,0.00
5065270,1026798,17,3,12.49,0.00
5065271,1026799,17,1,12.49,0.00
5065272,1026799,27,1,2.49,0.00
5065273,1026799,26,1,2.49,0.00
5065274,1026799,28,1,3.49,0.00
5065275,1026800,6,1,12.99,0.00
5065276,1026800,25,2,6.49,0.00
5065277,1026800,21,1,3.99,0.00
5065278,1026801,10,1,10.99,0.00
5065279,1026801,17,1,12.49,0.00
5065280,1026802,17,2,12.49,3.75
5065281,1026802,18,1,5.49,0.82
5065282,1026802,21,1,3.99,0.60
5065283,1026802,19,1,3.99,0.60
5065284,1026803,1,1,11.49,0.00
5065285,1026803,18,1,5.49,0.00
5065286,1026804,10,1,10.99,0.00
5065287,1026804,33,3,5.49,0.00
5065288,1026804,30,1,3.29,0.00
5065289,1026805,10,1,10.99,0.00
5065290,1026805,21,1,3.99,0.00
5065291,1026806,12,1,18.99,2.85
5065292,1026806,19,1,3.99,0.60
5065293,1026806,5,1,13.49,2.02
5065294,1026806,24,1,3.49,0.52
5065295,1026807,12,1,18.99,0.00
5065296,1026807,24,1,3.49,0.00
5065297,1026807,26,1,2.49,0.00
5065298,1026807,29,1,3.49,0.00
5065299,1026807,18,1,5.49,0.00
5065300,1026808,13,1,9.99,0.00
5065301,1026809,6,1,12.99,0.00
5065302,1026809,32,1,4.99,0.00
5065303,1026810,1,1,11.49,0.00
5065304,1026810,25,1,6.49,0.00
5065305,1026810,20,1,4.49,0.00
5065306,1026810,34,1,4.49,0.00
5065307,1026810,32,1,4.99,0.00
5065308,1026811,6,1,12.99,0.00
5065309,1026811,19,1,3.99,0.00
5065310,1026812,15,2,10.99,0.00
5065311,1026812,18,2,5.49,0.00
5065312,1026812,22,1,4.49,0.00
5065313,1026812,7,1,11.99,0.00
5065314,1026813,17,3,12.49,0.00
5065315,1026813,29,1,3.49,0.00
5065316,1026813,24,1,3.49,0.00
5065317,1026814,2,2,11.99,0.00
5065318,1026814,10,1,10.99,0.00
5065319,1026814,25,3,6.49,0.00
5065320,1026815,11,1,13.49,0.00
5065321,1026815,29,1,3.49,0.00
5065322,1026816,16,1,10.49,0.00
5065323,1026816,30,1,3.29,0.00
5065324,1026817,2,1,11.99,0.00
5065325,1026817,30,1,3.29,0.00
5065326,1026817,20,1,4.49,0.00
5065327,1026818,10,1,10.99,1.65
5065328,1026819,14,1,10.49,0.00
5065329,1026819,25,1,6.49,0.00
5065330,1026820,14,1,10.49,0.00
5065331,1026821,14,1,10.49,0.00
5065332,1026822,6,1,12.99,0.00
5065333,1026822,21,1,3.99,0.00
5065334,1026823,2,1,11.99,0.00
5065335,1026823,10,2,10.99,0.00
5065336,1026824,3,1,10.49,0.00
5065337,1026824,17,1,12.49,0.00
5065338,1026825,6,1,12.99,1.95
5065339,1026825,30,2,3.29,0.99
5065340,1026826,17,1,12.49,0.00
5065341,1026826,26,2,2.49,0.00
5065342,1026826,19,1,3.99,0.00
5065343,1026827,9,1,13.99,0.00
5065344,1026828,12,1,18.99,0.00
5065345,1026829,1,3,11.49,0.00
5065346,1026829,23,1,3.99,0.00
5065347,1026829,19,1,3.99,0.00
5065348,1026829,29,1,3.49,0.00
5065349,1026830,1,2,11.49,0.00
5065350,1026830,20,1,4.49,0.00
5065351,1026830,23,1,3.99,0.00
5065352,1026831,7,2,11.99,0.00
5065353,1026832,17,1,12.49,0.00
5065354,1026833,7,2,11.99,0.00
5065355,1026833,17,1,12.49,0.00
5065356,1026834,2,1,11.99,0.00
5065357,1026834,25,1,6.49,0.00
5065358,1026835,11,1,13.49,2.02
5065359,1026836,12,2,18.99,0.00
5065360,1026837,3,2,10.49,0.00
5065361,1026837,31,1,3.49,0.00
5065362,1026838,3,1,10.49,0.00
5065363,1026838,21,2,3.99,0.00
5065364,1026838,26,1,2.49,0.00
5065365,1026839,17,1,12.49,0.00
5065366,1026839,26,1,2.49,0.00
5065367,1026840,17,1,12.49,0.00
5065368,1026840,24,1,3.49,0.00
5065369,1026840,30,1,3.29,0.00
5065370,1026840,20,4,4.49,0.00
5065371,1026841,11,1,13.49,0.00
5065372,1026841,21,1,3.99,0.00
5065373,1026841,28,0,3.49,0.00
5065374,1026841,32,1,4.99,0.00
5065375,1026842,4,1,14.99,0.00
5065376,1026843,17,0,12.49,0.00
5065377,1026844,3,0,10.49,0.00
5065378,1026845,17,1,12.49,0.00
5065379,1026845,21,1,3.99,0.00
5065380,1026845,20,1,4.49,0.00
5065381,1026846,17,1,12.49,1.87
5065382,1026847,7,2,11.99,0.00
5065383,1026848,13,1,9.99,0.00
5065384,1026848,25,1,6.49,0.00
5065385,1026849,17,1,12.49,0.00
5065386,1026850,10,1,10.99,0.00
5065387,1026850,28,1,3.49,0.00
5065388,1026850,19,1,3.99,0.00
5065389,1026851,2,1,11.99,0.00
5065390,1026852,2,1,11.99,0.00
5065391,1026852,27,1,2.49,0.00
5065392,1026852,19,1,3.99,0.00
5065393,1026853,3,1,10.49,0.00
5065394,1026853,33,1,5.49,0.00
5065395,1026854,12,1,18.99,0.00
5065396,1026854,25,1,6.49,0.00
5065397,1026854,26,1,2.49,0.00
5065398,1026855,15,1,10.99,0.00
5065399,1026855,34,2,4.49,0.00
5065400,1026855,28,1,3.49,0.00
5065401,1026856,17,1,12.49,0.00
5065402,1026856,14,1,10.49,0.00
5065403,1026856,21,1,3.99,0.00
5065404,1026857,12,1,18.99,0.00
5065405,1026857,25,2,6.49,0.00
5065406,1026858,11,1,13.49,0.00
5065407,1026858,34,2,4.49,0.00
5065408,1026858,19,-1,3.99,0.00
5065409,1026858,22,1,4.49,0.00
5065410,1026858,23,1,3.99,0.00
5065411,1026859,1,2,11.49,0.00
5065412,1026860,15,1,10.99,0.00
5065413,1026860,23,1,3.99,0.00
5065414,1026860,26,1,2.49,0.00
5065415,1026860,28,1,3.49,0.00
5065416,1026861,6,1,12.99,0.00
5065417,1026861,26,1,2.49,0.00
5065418,1026862,3,1,10.49,0.00
5065419,1026862,25,1,6.49,0.00
5065420,1026862,33,1,5.49,0.00
5065421,1026862,32,2,4.99,0.00
5065422,1026862,31,1,3.49,0.00
5065423,1026863,5,1,13.49,0.00
5065424,1026863,26,1,2.49,0.00
5065425,1026863,17,2,12.49,0.00
5065426,1026863,34,1,4.49,0.00
5065427,1026864,3,1,10.49,0.00
5065428,1026864,17,2,12.49,0.00
5065429,1026864,26,3,2.49,0.00
5065430,1026865,17,1,12.49,0.00
5065431,1026865,20,1,4.49,0.00
5065432,1026865,31,1,3.49,0.00
5065433,1026866,4,1,14.99,0.00
5065434,1026866,25,1,6.49,0.00
5065435,1026866,6,1,12.99,0.00
5065436,1026867,13,1,9.99,0.00
5065437,1026867,31,1,3.49,0.00
5065438,1026868,17,1,12.49,0.00
5065439,1026868,21,1,3.99,0.00
5065440,1026868,18,1,5.49,0.00
5065441,1026869,17,1,12.49,0.00
5065442,1026869,35,1,2.99,0.00
5065443,1026870,2,1,11.99,0.00
5065444,1026870,27,1,2.49,0.00
5065445,1026870,35,1,2.99,0.00
5065446,1026870,22,1,4.49,0.00
5065447,1026871,3,1,10.49,0.00
5065448,1026872,14,1,10.49,0.00
5065449,1026872,20,2,4.49,0.00
5065450,1026872,21,1,3.99,0.00
5065451,1026872,24,1,3.49,0.00
5065452,1026873,10,1,10.99,0.00
5065453,1026874,2,1,11.99,0.00
5065454,1026875,17,1,12.49,0.00
5065455,1026875,27,2,2.49,0.00
5065456,1026876,17,1,12.49,0.00
5065457,1026876,21,2,3.99,0.00
5065458,1026876,23,1,3.99,0.00
5065459,1026876,29,1,3.49,0.00
5065460,1026877,17,1,12.49,0.00
5065461,1026877,21,1,3.99,0.00
5065462,1026878,17,1,12.49,0.00
5065463,1026878,25,1,6.49,0.00
5065464,1026878,28,1,3.49,0.00
5065465,1026879,5,1,13.49,0.00
5065466,1026879,23,1,3.99,0.00
5065467,1026880,14,1,10.49,0.00
5065468,1026880,26,1,2.49,0.00
5065469,1026881,15,1,10.99,0.00
5065470,1026881,19,1,3.99,0.00
5065471,1026881,30,1,3.29,0.00
5065472,1026881,32,1,4.99,0.00
5065473,1026882,1,1,11.49,0.00
5065474,1026882,29,1,3.49,0.00
5065475,1026882,23,1,3.99,0.00
5065476,1026883,3,1,10.49,0.00
5065477,1026883,21,1,3.99,0.00
5065478,1026883,29,2,3.49,0.00
5065479,1026883,32,1,4.99,0.00
5065480,1026883,24,1,3.49,0.00
5065481,1026883,25,2,6.49,0.00
5065482,1026884,14,1,10.49,0.00
5065483,1026884,31,1,3.49,0.00
5065484,1026884,33,1,5.49,0.00
5065485,1026885,13,1,9.99,0.00
5065486,1026885,24,1,3.49,0.00
5065487,1026885,21,1,3.99,0.00
5065488,1026885,34,1,4.49,0.00
5065489,1026886,17,2,12.49,3.75
5065490,1026887,1,1,11.49,0.00
5065491,1026888,11,1,13.49,2.02
5065492,1026888,18,1,5.49,0.82
5065493,1026888,23,1,3.99,0.60
5065494,1026888,8,1,12.49,1.87
5065495,1026889,17,1,12.49,0.00
5065496,1026889,8,1,12.49,0.00
5065497,1026889,28,1,3.49,0.00
5065498,1026890,15,1,10.99,0.00
5065499,1026890,23,2,3.99,0.00
5065500,1026890,27,1,2.49,0.00
5065501,1026891,17,1,12.49,0.00
5065502,1026891,26,1,2.49,0.00
5065503,1026891,29,1,3.49,0.00
5065504,1026892,14,1,10.49,0.00
5065505,1026892,23,1,3.99,0.00
5065506,1026892,26,1,2.49,0.00
5065507,1026893,2,1,11.99,0.00
5065508,1026893,27,1,2.49,0.00
5065509,1026893,29,1,3.49,0.00
5065510,1026893,30,1,3.29,0.00
5065511,1026893,20,2,4.49,0.00
5065512,1026894,7,2,11.99,0.00
5065513,1026895,8,1,12.49,0.00
5065514,1026895,26,1,2.49,0.00
5065515,1026896,6,1,12.99,0.00
5065516,1026896,20,1,4.49,0.00
5065517,1026896,35,2,2.99,0.00
5065518,1026896,33,1,5.49,0.00
5065519,1026897,17,2,12.49,0.00
5065520,1026898,14,1,10.49,0.00
5065521,1026899,4,1,14.99,0.00
5065522,1026899,23,1,3.99,0.00
5065523,1026900,14,2,10.49,0.00
5065524,1026900,19,1,3.99,0.00
5065525,1026900,18,1,5.49,0.00
5065526,1026901,17,1,12.49,0.00
5065527,1026901,20,1,4.49,0.00
5065528,1026901,18,1,5.49,0.00
5065529,1026901,19,2,3.99,0.00
5065530,1026902,3,1,10.49,0.00
5065531,1026902,21,3,3.99,0.00
5065532,1026903,17,2,12.49,0.00
5065533,1026903,16,1,10.49,0.00
5065534,1026903,28,2,3.49,0.00
5065535,1026904,4,1,14.99,0.00
5065536,1026904,33,1,5.49,0.00
5065537,1026905,16,1,10.49,0.00
5065538,1026905,18,1,5.49,0.00
5065539,1026905,26,1,2.49,0.00
5065540,1026905,29,1,3.49,0.00
5065541,1026906,2,1,11.99,0.00
5065542,1026907,17,1,12.49,0.00
5065543,1026907,27,1,2.49,0.00
5065544,1026908,1,2,11.49,0.00
5065545,1026908,28,1,3.49,0.00
5065546,1026909,15,3,10.99,0.00
5065547,1026909,34,1,4.49,0.00
5065548,1026910,14,3,10.49,0.00
5065549,1026911,1,1,11.49,0.00
5065550,1026912,17,2,12.49,0.00
5065551,1026912,29,1,3.49,0.00
5065552,1026912,30,1,3.29,0.00
5065553,1026912,20,1,4.49,0.00
5065554,1026913,10,1,10.99,0.00
5065555,1026913,29,1,3.49,0.00
5065556,1026914,17,1,12.49,0.00
5065557,1026914,4,1,14.99,0.00
5065558,1026914,30,3,3.29,0.00
5065559,1026915,17,3,12.49,0.00
5065560,1026915,19,1,3.99,0.00
5065561,1026915,7,2,11.99,0.00
5065562,1026916,17,1,12.49,0.00
5065563,1026917,4,1,14.99,0.00
5065564,1026917,19,1,3.99,0.00
5065565,1026918,13,1,9.99,0.00
5065566,1026918,3,1,10.49,0.00
5065567,1026919,17,1,12.49,0.00
5065568,1026919,18,1,5.49,0.00
5065569,1026919,28,1,3.49,0.00
5065570,1026920,17,1,12.49,0.00
5065571,1026920,30,1,3.29,0.00
5065572,1026920,25,1,6.49,0.00
5065573,1026921,15,-1,10.99,1.65
5065574,1026922,10,1,10.99,0.00
5065575,1026922,33,1,5.49,0.00
5065576,1026923,2,1,11.99,0.00
5065577,1026924,15,1,10.99,0.00
5065578,1026924,26,1,2.49,0.00
5065579,1026924,28,1,3.49,0.00
5065580,1026925,2,1,11.99,0.00
5065581,1026925,19,3,3.99,0.00
5065582,1026925,32,2,4.99,0.00
5065583,1026926,7,1,11.99,0.00
5065584,1026926,27,1,2.49,0.00
5065585,1026926,29,1,3.49,0.00
5065586,1026926,22,1,4.49,0.00
5065587,1026927,5,1,13.49,0.00
5065588,1026927,28,1,3.49,0.00
5065589,1026928,4,1,14.99,0.00
5065590,1026928,23,1,3.99,0.00
5065591,1026928,33,1,5.49,0.00
5065592,1026928,25,1,6.49,0.00
5065593,1026929,11,1,13.49,0.00
5065594,1026929,20,1,4.49,0.00
5065595,1026930,15,1,10.99,0.00
5065596,1026930,4,1,14.99,0.00
5065597,1026931,17,1,12.49,1.87
5065598,1026931,22,1,4.49,0.67
5065599,1026931,26,1,2.49,0.37
5065600,1026931,18,1,5.49,0.82
5065601,1026932,13,1,9.99,0.00
5065602,1026932,19,1,3.99,0.00
5065603,1026932,29,1,3.49,0.00
5065604,1026932,18,1,5.49,0.00
5065605,1026933,1,1,11.49,0.00
5065606,1026933,25,1,6.49,0.00
5065607,1026934,17,1,12.49,0.00
5065608,1026934,1,1,11.49,0.00
5065609,1026934,32,1,4.99,0.00
5065610,1026934,33,2,5.49,0.00
5065611,1026934,19,1,3.99,0.00
5065612,1026934,11,1,13.49,0.00
5065613,1026935,3,2,10.49,0.00
5065614,1026935,26,1,2.49,0.00
5065615,1026935,34,2,4.49,0.00
5065616,1026936,17,1,12.49,0.00
5065617,1026936,14,1,10.49,0.00
5065618,1026936,23,1,3.99,0.00
5065619,1026937,2,1,11.99,0.00
5065620,1026937,21,1,3.99,0.00
5065621,1026937,30,1,3.29,0.00
5065622,1026938,5,1,13.49,0.00
5065623,1026939,9,1,13.99,0.00
5065624,1026939,31,1,3.49,0.00
5065625,1026940,17,2,12.49,0.00
5065626,1026940,8,1,12.49,0.00
5065627,1026941,17,1,12.49,0.00
5065628,1026941,26,2,2.49,0.00
5065629,1026941,22,1,4.49,0.00
5065630,1026941,28,1,3.49,0.00
5065631,1026941,29,1,3.49,0.00
5065632,1026942,15,1,10.99,0.00
5065633,1026942,19,1,3.99,0.00
5065634,1026942,31,1,3.49,0.00
5065635,1026942,26,2,2.49,0.00
5065636,1026943,17,1,12.49,0.00
5065637,1026943,21,2,3.99,0.00
5065638,1026944,10,1,10.99,0.00
5065639,1026944,25,2,6.49,0.00
5065640,1026945,14,2,10.49,0.00
5065641,1026945,26,2,2.49,0.00
5065642,1026945,22,1,4.49,0.00
5065643,1026945,20,1,4.49,0.00
5065644,1026945,1,1,11.49,0.00
5065645,1026945,18,1,5.49,0.00
5065646,1026946,17,1,12.49,0.00
5065647,1026946,27,2,2.49,0.00
5065648,1026947,17,1,12.49,0.00
5065649,1026947,8,1,12.49,0.00
5065650,1026948,17,2,12.49,0.00
5065651,1026949,17,1,12.49,0.00
5065652,1026949,26,1,2.49,0.00
5065653,1026949,21,1,3.99,0.00
5065654,1026950,7,1,11.99,0.00
5065655,1026950,18,-1,5.49,0.00
5065656,1026951,13,1,9.99,0.00
5065657,1026951,20,1,4.49,0.00
5065658,1026951,33,1,5.49,0.00
5065659,1026952,17,1,12.49,0.00
5065660,1026953,17,1,12.49,0.00
5065661,1026953,19,1,3.99,0.00
5065662,1026953,15,1,10.99,0.00
5065663,1026954,4,1,14.99,0.00
5065664,1026954,18,1,5.49,0.00
5065665,1026954,14,1,10.49,0.00
5065666,1026955,17,1,12.49,1.87
5065667,1026956,17,1,12.49,0.00
5065668,1026956,26,1,2.49,0.00
5065669,1026957,14,1,10.49,0.00
5065670,1026957,25,1,6.49,0.00
5065671,1026957,29,1,3.49,0.00
5065672,1026958,2,1,11.99,0.00
5065673,1026959,17,2,12.49,0.00
5065674,1026959,9,1,13.99,0.00
5065675,1026959,21,1,3.99,0.00
5065676,1026959,26,2,2.49,0.00
5065677,1026959,35,1,2.99,0.00
5065678,1026960,5,1,13.49,0.00
5065679,1026960,30,1,3.29,0.00
5065680,1026960,10,-1,10.99,0.00
5065681,1026960,23,1,3.99,0.00
5065682,1026961,9,1,13.99,0.00
5065683,1026961,18,1,5.49,0.00
5065684,1026961,30,1,3.29,0.00
5065685,1026962,17,1,12.49,0.00
5065686,1026962,22,1,4.49,0.00
5065687,1026962,9,1,13.99,0.00
5065688,1026963,7,1,11.99,1.80
5065689,1026963,25,1,6.49,0.97
5065690,1026963,23,1,3.99,0.60
5065691,1026963,32,1,4.99,0.75
5065692,1026963,21,1,3.99,0.60
5065693,1026964,11,1,13.49,0.00
5065694,1026964,26,1,2.49,0.00
5065695,1026965,12,1,18.99,0.00
5065696,1026965,34,1,4.49,0.00
5065697,1026965,28,1,3.49,0.00
5065698,1026965,21,1,3.99,0.00
5065699,1026966,2,1,11.99,0.00
5065700,1026966,23,1,3.99,0.00
5065701,1026966,16,1,10.49,0.00
5065702,1026967,6,1,12.99,0.00
5065703,1026967,28,1,3.49,0.00
5065704,1026968,17,3,12.49,0.00
5065705,1026968,29,1,3.49,0.00
5065706,1026969,13,3,9.99,0.00
5065707,1026969,29,1,3.49,0.00
5065708,1026970,5,1,13.49,2.02
5065709,1026970,21,1,3.99,0.60
5065710,1026971,8,1,12.49,0.00
5065711,1026971,24,1,3.49,0.00
5065712,1026971,19,1,3.99,0.00
5065713,1026972,15,1,10.99,0.00
5065714,1026972,26,1,2.49,0.00
5065715,1026972,1,3,11.49,0.00
5065716,1026973,17,0,12.49,0.00
5065717,1026974,14,1,10.49,0.00
5065718,1026974,32,1,4.99,0.00
5065719,1026974,18,1,5.49,0.00
5065720,1026975,3,1,10.49,1.57
5065721,1026976,17,1,12.49,0.00
5065722,1026976,24,1,3.49,0.00
5065723,1026977,17,1,12.49,0.00
5065724,1026977,18,1,5.49,0.00
5065725,1026978,17,1,12.49,0.00
5065726,1026978,23,2,3.99,0.00
5065727,1026979,17,1,12.49,0.00
5065728,1026979,27,0,2.49,0.00
5065729,1026979,8,1,12.49,0.00
5065730,1026979,21,1,3.99,0.00
5065731,1026980,3,1,10.49,0.00
5065732,1026980,20,1,4.49,0.00
5065733,1026980,31,1,3.49,0.00
5065734,1026980,27,1,2.49,0.00
5065735,1026981,17,1,12.49,0.00
5065736,1026982,8,1,12.49,0.00
5065737,1026982,32,1,4.99,0.00
5065738,1026982,22,1,4.49,0.00
5065739,1026982,20,1,4.49,0.00
5065740,1026983,5,1,13.49,0.00
5065741,1026984,9,1,13.99,0.00
5065742,1026984,30,1,3.29,0.00
5065743,1026984,35,1,2.99,0.00
5065744,1026984,10,2,10.99,0.00
5065745,1026985,5,2,13.49,0.00
5065746,1026985,9,1,13.99,0.00
5065747,1026986,17,2,12.49,0.00
5065748,1026986,30,2,3.29,0.00
5065749,1026986,20,1,4.49,0.00
5065750,1026987,11,1,13.49,0.00
5065751,1026987,25,1,6.49,0.00
5065752,1026987,7,1,11.99,0.00
5065753,1026987,26,2,2.49,0.00
5065754,1026988,17,1,12.49,0.00
5065755,1026989,17,1,12.49,0.00
5065756,1026990,9,1,13.99,0.00
5065757,1026990,19,1,3.99,0.00
5065758,1026991,14,1,10.49,0.00
5065759,1026991,19,1,3.99,0.00
5065760,1026992,1,1,11.49,0.00
5065761,1026992,27,1,2.49,0.00
5065762,1026992,21,1,3.99,0.00
5065763,1026993,2,1,11.99,0.00
5065764,1026993,26,2,2.49,0.00
5065765,1026994,8,1,12.49,0.00
5065766,1026994,25,3,6.49,0.00
5065767,1026994,21,1,3.99,0.00
5065768,1026995,10,1,10.99,0.00
5065769,1026995,34,1,4.49,0.00
5065770,1026995,26,1,2.49,0.00
5065771,1026996,15,2,10.99,0.00
5065772,1026996,28,1,3.49,0.00
5065773,1026996,32,2,4.99,0.00
5065774,1026997,10,1,10.99,0.00
5065775,1026997,30,1,3.29,0.00
5065776,1026997,19,1,3.99,0.00
5065777,1026998,1,1,11.49,0.00
5065778,1026998,29,1,3.49,0.00
5065779,1026999,2,1,11.99,0.00
5065780,1026999,29,2,3.49,0.00
5065781,1026999,34,2,4.49,0.00
5065782,1027000,17,1,12.49,0.00
5065783,1027000,23,3,3.99,0.00
5065784,1027001,7,1,11.99,0.00
5065785,1027001,21,1,3.99,0.00
5065786,1027001,28,1,3.49,0.00
5065787,1027001,19,2,3.99,0.00
5065788,1027002,14,1,10.49,0.00
5065789,1027003,16,1,10.49,0.00
5065790,1027003,1,1,11.49,0.00
5065791,1027003,18,2,5.49,0.00
5065792,1027004,7,1,11.99,0.00
5065793,1027005,1,2,11.49,0.00
5065794,1027005,28,1,3.49,0.00
5065795,1027005,24,1,3.49,0.00
5065796,1027005,19,1,3.99,0.00
5065797,1027005,29,1,3.49,0.00
5065798,1027005,25,1,6.49,0.00
5065799,1027006,1,3,11.49,0.00
5065800,1027006,20,1,4.49,0.00
5065801,1027006,26,1,2.49,0.00
5065802,1027007,8,1,12.49,0.00
5065803,1027007,30,1,3.29,0.00
5065804,1027007,27,1,2.49,0.00
5065805,1027007,19,1,3.99,0.00
5065806,1027008,17,1,12.49,0.00
5065807,1027008,24,1,3.49,0.00
5065808,1027008,23,1,3.99,0.00
5065809,1027008,19,3,3.99,0.00
5065810,1027009,17,1,12.49,0.00
5065811,1027010,7,1,11.99,0.00
5065812,1027010,35,1,2.99,0.00
5065813,1027010,19,1,3.99,0.00
5065814,1027010,20,1,4.49,0.00
5065815,1027011,17,1,12.49,0.00
5065816,1027011,32,2,4.99,0.00
5065817,1027012,1,1,11.49,0.00
5065818,1027013,15,1,10.99,0.00
5065819,1027013,6,1,12.99,0.00
5065820,1027013,21,1,3.99,0.00
5065821,1027013,18,1,5.49,0.00
5065822,1027013,17,2,12.49,0.00
5065823,1027014,5,1,13.49,0.00
5065824,1027015,10,1,10.99,0.00
5065825,1027015,29,2,3.49,0.00
5065826,1027015,26,1,2.49,0.00
5065827,1027015,4,2,14.99,0.00
5065828,1027016,17,1,12.49,1.87
5065829,1027016,33,2,5.49,1.65
5065830,1027017,12,1,18.99,0.00
5065831,1027017,1,1,11.49,0.00
5065832,1027017,19,1,3.99,0.00
5065833,1027017,18,0,5.49,0.00
5065834,1027017,20,1,4.49,0.00
5065835,1027018,17,3,12.49,0.00
5065836,1027019,17,1,12.49,0.00
5065837,1027019,26,1,2.49,0.00
5065838,1027020,11,1,13.49,0.00
5065839,1027020,32,1,4.99,0.00
5065840,1027021,8,1,12.49,0.00
5065841,1027021,19,2,3.99,0.00
5065842,1027021,22,1,4.49,0.00
5065843,1027022,14,2,10.49,0.00
5065844,1027022,28,1,3.49,0.00
5065845,1027023,10,1,10.99,0.00
5065846,1027023,31,1,3.49,0.00
5065847,1027024,17,1,12.49,0.00
5065848,1027024,18,1,5.49,0.00
5065849,1027025,7,1,11.99,0.00
5065850,1027025,17,1,12.49,0.00
5065851,1027026,7,1,11.99,0.00
5065852,1027026,32,1,4.99,0.00
5065853,1027027,9,1,13.99,0.00
5065854,1027027,21,2,3.99,0.00
5065855,1027027,31,1,3.49,0.00
5065856,1027028,6,1,12.99,0.00
5065857,1027028,23,1,3.99,0.00
5065858,1027028,26,2,2.49,0.00
5065859,1027028,30,2,3.29,0.00
5065860,1027029,3,1,10.49,0.00
5065861,1027029,34,1,4.49,0.00
5065862,1027029,28,1,3.49,0.00
5065863,1027030,3,1,10.49,0.00
5065864,1027031,3,1,10.49,0.00
5065865,1027031,26,1,2.49,0.00
5065866,1027031,28,1,3.49,0.00
5065867,1027032,17,1,12.49,0.00
5065868,1027033,14,1,10.49,0.00
5065869,1027033,30,2,3.29,0.00
5065870,1027034,4,1,14.99,0.00
5065871,1027034,18,2,5.49,0.00
5065872,1027035,17,2,12.49,0.00
5065873,1027036,17,1,12.49,0.00
5065874,1027036,27,1,2.49,0.00
5065875,1027036,18,1,5.49,0.00
5065876,1027037,14,2,10.49,0.00
5065877,1027037,26,1,2.49,0.00
5065878,1027037,19,1,3.99,0.00
5065879,1027037,25,1,6.49,0.00
5065880,1027038,16,1,10.49,0.00
5065881,1027038,32,1,4.99,0.00
5065882,1027038,21,1,3.99,0.00
5065883,1027039,5,1,13.49,0.00
5065884,1027040,1,1,11.49,0.00
5065885,1027041,7,1,11.99,0.00
5065886,1027041,27,1,2.49,0.00
5065887,1027042,16,2,10.49,0.00
5065888,1027042,28,1,3.49,0.00
5065889,1027042,26,1,2.49,0.00
5065890,1027042,30,1,3.29,0.00
5065891,1027043,17,1,12.49,1.87
5065892,1027044,5,0,13.49,0.00
5065893,1027044,10,1,10.99,0.00
5065894,1027045,8,1,12.49,0.00
5065895,1027045,18,1,5.49,0.00
5065896,1027045,29,1,3.49,0.00
5065897,1027045,21,2,3.99,0.00
5065898,1027046,2,1,11.99,0.00
5065899,1027046,27,3,2.49,0.00
5065900,1027046,25,1,6.49,0.00
5065901,1027047,15,1,10.99,1.65
5065902,1027047,26,1,2.49,0.37
5065903,1027048,5,1,13.49,0.00
5065904,1027049,6,1,12.99,0.00
5065905,1027049,34,1,4.49,0.00
5065906,1027049,22,1,4.49,0.00
5065907,1027050,6,1,12.99,0.00
5065908,1027050,20,1,4.49,0.00
5065909,1027050,29,1,3.49,0.00
5065910,1027051,16,1,10.49,0.00
5065911,1027051,23,2,3.99,0.00
5065912,1027051,19,1,3.99,0.00
5065913,1027052,17,1,12.49,0.00
5065914,1027052,26,1,2.49,0.00
5065915,1027053,7,1,11.99,0.00
5065916,1027053,31,1,3.49,0.00
5065917,1027054,2,1,11.99,0.00
5065918,1027054,28,1,3.49,0.00
5065919,1027055,5,1,13.49,0.00
5065920,1027055,28,2,3.49,0.00
5065921,1027055,30,1,3.29,0.00
5065922,1027056,9,1,13.99,0.00
5065923,1027056,26,2,2.49,0.00
5065924,1027057,14,1,10.49,0.00
5065925,1027058,17,1,12.49,0.00
5065926,1027058,29,1,3.49,0.00
5065927,1027058,31,1,3.49,0.00
5065928,1027059,5,1,13.49,0.00
5065929,1027059,29,1,3.49,0.00
5065930,1027059,19,2,3.99,0.00
5065931,1027060,17,2,12.49,0.00
5065932,1027060,19,1,3.99,0.00
5065933,1027060,25,1,6.49,0.00
5065934,1027061,16,1,10.49,0.00
5065935,1027061,1,1,11.49,0.00
5065936,1027061,26,1,2.49,0.00
5065937,1027061,27,2,2.49,0.00
5065938,1027062,15,1,10.99,0.00
5065939,1027062,19,1,3.99,0.00
5065940,1027063,2,1,11.99,1.80
5065941,1027063,26,2,2.49,0.75
5065942,1027063,31,2,3.49,1.05
5065943,1027064,14,-1,10.49,0.00
5065944,1027064,21,3,3.99,0.00
5065945,1027065,4,1,14.99,0.00
5065946,1027065,25,1,6.49,0.00
5065947,1027066,1,1,11.49,0.00
5065948,1027066,24,1,3.49,0.00
5065949,1027066,13,1,9.99,0.00
5065950,1027067,9,1,13.99,0.00
5065951,1027067,23,2,3.99,0.00
5065952,1027068,6,3,12.99,0.00
5065953,1027068,26,1,2.49,0.00
5065954,1027068,18,1,5.49,0.00
5065955,1027068,34,1,4.49,0.00
5065956,1027068,22,1,4.49,0.00
5065957,1027069,5,1,13.49,0.00
5065958,1027069,30,1,3.29,0.00
5065959,1027069,31,2,3.49,0.00
5065960,1027069,11,1,13.49,0.00
5065961,1027069,26,1,2.49,0.00
5065962,1027070,3,1,10.49,0.00
5065963,1027070,28,2,3.49,0.00
5065964,1027070,27,1,2.49,0.00
5065965,1027071,3,1,10.49,0.00
5065966,1027071,18,1,5.49,0.00
5065967,1027072,8,1,12.49,0.00
5065968,1027072,25,1,6.49,0.00
5065969,1027073,17,1,12.49,1.87
5065970,1027074,14,2,10.49,0.00
5065971,1027075,3,1,10.49,0.00
5065972,1027076,17,1,12.49,0.00
5065973,1027077,17,1,12.49,0.00
5065974,1027078,17,3,12.49,0.00
5065975,1027079,17,1,12.49,0.00
5065976,1027079,28,1,3.49,0.00
5065977,1027080,17,1,12.49,0.00
5065978,1027080,26,1,2.49,0.00
5065979,1027080,35,1,2.99,0.00
5065980,1027081,2,1,11.99,0.00
5065981,1027081,30,1,3.29,0.00
5065982,1027081,35,3,2.99,0.00
5065983,1027082,2,1,11.99,0.00
5065984,1027082,22,1,4.49,0.00
5065985,1027082,17,1,12.49,0.00
5065986,1027082,23,1,3.99,0.00
5065987,1027083,16,1,10.49,0.00
5065988,1027083,19,1,3.99,0.00
5065989,1027083,18,1,5.49,0.00
5065990,1027083,1,1,11.49,0.00
5065991,1027084,9,1,13.99,2.10
5065992,1027084,28,2,3.49,1.05
5065993,1027084,27,1,2.49,0.37
5065994,1027084,26,1,2.49,0.37
5065995,1027085,8,1,12.49,1.87
5065996,1027085,26,3,2.49,1.12
5065997,1027085,24,3,3.49,1.57
5065998,1027086,15,1,10.99,0.00
5065999,1027086,25,1,6.49,0.00
5066000,1027087,3,1,10.49,0.00
5066001,1027087,20,1,4.49,0.00
5066002,1027087,32,1,4.99,0.00
5066003,1027087,28,1,3.49,0.00
5066004,1027087,17,1,12.49,0.00
5066005,1027088,2,1,11.99,0.00
5066006,1027088,19,1,3.99,0.00
5066007,1027088,28,2,3.49,0.00
5066008,1027089,3,1,10.49,0.00
5066009,1027090,8,1,12.49,0.00
5066010,1027091,17,1,12.49,0.00
5066011,1027092,17,1,12.49,0.00
5066012,1027092,27,3,2.49,0.00
5066013,1027093,1,1,11.49,0.00
5066014,1027093,18,1,5.49,0.00
5066015,1027093,29,1,3.49,0.00
5066016,1027094,9,1,13.99,0.00
5066017,1027094,19,1,3.99,0.00
5066018,1027094,30,1,3.29,0.00
5066019,1027094,28,1,3.49,0.00
5066020,1027094,25,1,6.49,0.00
5066021,1027095,8,1,12.49,0.00
5066022,1027095,30,1,3.29,0.00
5066023,1027096,14,1,10.49,0.00
5066024,1027096,21,1,3.99,0.00
5066025,1027096,17,1,12.49,0.00
5066026,1027097,4,1,14.99,0.00
5066027,1027097,31,1,3.49,0.00
5066028,1027097,27,1,2.49,0.00
5066029,1027098,15,3,10.99,0.00
5066030,1027098,10,3,10.99,0.00
5066031,1027098,5,1,13.49,0.00
5066032,1027099,9,1,13.99,0.00
5066033,1027099,27,2,2.49,0.00
5066034,1027099,19,1,3.99,0.00
5066035,1027100,9,1,13.99,0.00
5066036,1027100,23,2,3.99,0.00
5066037,1027100,26,1,2.49,0.00
5066038,1027101,8,1,12.49,0.00
5066039,1027101,20,1,4.49,0.00
5066040,1027101,27,1,2.49,0.00
5066041,1027102,1,1,11.49,0.00
5066042,1027103,3,1,10.49,0.00
5066043,1027103,19,1,3.99,0.00
5066044,1027103,29,1,3.49,0.00
5066045,1027104,11,1,13.49,0.00
5066046,1027104,32,1,4.99,0.00
5066047,1027105,1,2,11.49,0.00
5066048,1027105,19,1,3.99,0.00
5066049,1027106,3,1,10.49,0.00
5066050,1027107,7,1,11.99,0.00
5066051,1027107,29,1,3.49,0.00
5066052,1027108,3,1,10.49,0.00
5066053,1027108,17,1,12.49,0.00
5066054,1027109,5,1,13.49,0.00
5066055,1027109,19,1,3.99,0.00
5066056,1027109,7,1,11.99,0.00
5066057,1027110,7,1,11.99,0.00
5066058,1027111,17,1,12.49,0.00
5066059,1027111,26,2,2.49,0.00
5066060,1027112,2,2,11.99,0.00
5066061,1027112,26,1,2.49,0.00
5066062,1027113,1,1,11.49,0.00
5066063,1027113,21,1,3.99,0.00
5066064,1027114,6,1,12.99,0.00
5066065,1027114,26,1,2.49,0.00
5066066,1027114,32,1,4.99,0.00
5066067,1027115,17,1,12.49,0.00
5066068,1027115,25,1,6.49,0.00
5066069,1027116,11,1,13.49,0.00
5066070,1027116,21,2,3.99,0.00
5066071,1027116,19,3,3.99,0.00
5066072,1027116,35,1,2.99,0.00
5066073,1027117,1,2,11.49,0.00
5066074,1027117,22,1,4.49,0.00
5066075,1027118,14,1,10.49,0.00
5066076,1027118,21,1,3.99,0.00
5066077,1027118,20,1,4.49,0.00
5066078,1027118,18,1,5.49,0.00
5066079,1027118,22,1,4.49,0.00
5066080,1027119,2,1,11.99,1.80
5066081,1027120,9,1,13.99,0.00
5066082,1027121,8,2,12.49,0.00
5066083,1027121,30,1,3.29,0.00
5066084,1027121,29,1,3.49,0.00
5066085,1027122,3,1,10.49,0.00
5066086,1027123,14,1,10.49,0.00
5066087,1027124,10,1,10.99,1.65
5066088,1027124,26,1,2.49,0.37
5066089,1027125,17,1,12.49,0.00
5066090,1027125,32,1,4.99,0.00
5066091,1027126,14,1,10.49,0.00
5066092,1027126,21,1,3.99,0.00
5066093,1027127,17,1,12.49,0.00
5066094,1027127,23,2,3.99,0.00
5066095,1027127,5,1,13.49,0.00
5066096,1027128,9,2,13.99,0.00
5066097,1027129,17,3,12.49,0.00
5066098,1027130,17,1,12.49,0.00
5066099,1027130,33,1,5.49,0.00
5066100,1027130,34,1,4.49,0.00
5066101,1027131,1,1,11.49,0.00
5066102,1027131,26,1,2.49,0.00
5066103,1027131,24,1,3.49,0.00
5066104,1027131,21,1,3.99,0.00
5066105,1027132,14,2,10.49,0.00
5066106,1027132,26,2,2.49,0.00
5066107,1027133,2,1,11.99,0.00
5066108,1027134,1,1,11.49,0.00
5066109,1027134,18,1,5.49,0.00
5066110,1027134,32,1,4.99,0.00
5066111,1027134,27,2,2.49,0.00
5066112,1027135,11,1,13.49,0.00
5066113,1027135,21,1,3.99,0.00
5066114,1027135,27,1,2.49,0.00
5066115,1027135,20,1,4.49,0.00
5066116,1027136,11,1,13.49,0.00
5066117,1027136,27,1,2.49,0.00
5066118,1027136,29,1,3.49,0.00
5066119,1027136,17,1,12.49,0.00
5066120,1027137,8,1,12.49,0.00
5066121,1027137,23,1,3.99,0.00
5066122,1027137,20,1,4.49,0.00
5066123,1027137,32,1,4.99,0.00
5066124,1027138,6,3,12.99,0.00
5066125,1027138,31,1,3.49,0.00
5066126,1027138,26,1,2.49,0.00
5066127,1027138,28,1,3.49,0.00
5066128,1027139,14,1,10.49,0.00
5066129,1027139,26,2,2.49,0.00
5066130,1027139,20,1,4.49,0.00
5066131,1027140,17,1,12.49,0.00
5066132,1027140,25,1,6.49,0.00
5066133,1027141,17,1,12.49,0.00
5066134,1027141,26,1,2.49,0.00
5066135,1027142,17,1,12.49,1.87
5066136,1027142,18,3,5.49,2.47
5066137,1027142,23,1,3.99,0.60
5066138,1027143,15,1,10.99,0.00
5066139,1027144,13,1,9.99,0.00
5066140,1027144,21,1,3.99,0.00
5066141,1027144,24,1,3.49,0.00
5066142,1027144,34,1,4.49,0.00
5066143,1027145,15,1,10.99,0.00
5066144,1027145,19,1,3.99,0.00
5066145,1027146,4,1,14.99,0.00
5066146,1027146,26,1,2.49,0.00
5066147,1027147,5,1,13.49,2.02
5066148,1027147,23,1,3.99,0.60
5066149,1027147,24,1,3.49,0.52
5066150,1027148,2,1,11.99,0.00
5066151,1027148,27,2,2.49,0.00
5066152,1027149,2,2,11.99,0.00
5066153,1027149,20,1,4.49,0.00
5066154,1027150,4,1,14.99,0.00
5066155,1027150,17,1,12.49,0.00
5066156,1027150,26,1,2.49,0.00
5066157,1027150,18,1,5.49,0.00
5066158,1027151,1,1,11.49,0.00
5066159,1027151,22,1,4.49,0.00
5066160,1027151,26,1,2.49,0.00
5066161,1027152,17,1,12.49,0.00
5066162,1027152,27,1,2.49,0.00
5066163,1027152,22,1,4.49,0.00
5066164,1027152,19,1,3.99,0.00
5066165,1027153,4,1,14.99,2.25
5066166,1027153,32,1,4.99,0.75
5066167,1027153,24,1,3.49,0.52
5066168,1027153,10,2,10.99,3.30
5066169,1027154,6,1,12.99,0.00
5066170,1027154,25,1,6.49,0.00
5066171,1027154,22,1,4.49,0.00
5066172,1027155,6,1,12.99,0.00
5066173,1027155,26,1,2.49,0.00
5066174,1027155,21,1,3.99,0.00
5066175,1027155,20,1,4.49,0.00
5066176,1027155,31,2,3.49,0.00
5066177,1027155,25,3,6.49,0.00
5066178,1027156,17,1,12.49,0.00
5066179,1027157,12,1,18.99,0.00
5066180,1027157,24,1,3.49,0.00
5066181,1027157,19,1,3.99,0.00
5066182,1027157,21,1,3.99,0.00
5066183,1027158,12,1,18.99,0.00
5066184,1027159,4,1,14.99,0.00
5066185,1027159,26,1,2.49,0.00
5066186,1027159,18,1,5.49,0.00
5066187,1027159,19,2,3.99,0.00
5066188,1027160,9,1,13.99,0.00
5066189,1027160,24,1,3.49,0.00
5066190,1027160,22,1,4.49,0.00
5066191,1027161,9,1,13.99,2.10
5066192,1027161,20,1,4.49,0.67
5066193,1027162,1,1,11.49,0.00
5066194,1027162,19,1,3.99,0.00
5066195,1027163,6,1,12.99,0.00
5066196,1027163,26,1,2.49,0.00
5066197,1027163,28,1,3.49,0.00
5066198,1027164,10,1,10.99,0.00
5066199,1027164,25,1,6.49,0.00
5066200,1027165,2,1,11.99,0.00
5066201,1027165,26,1,2.49,0.00
5066202,1027165,34,1,4.49,0.00
5066203,1027166,1,1,11.49,0.00
5066204,1027167,17,1,12.49,1.87
5066205,1027167,3,1,10.49,1.57
5066206,1027167,28,1,3.49,0.52
5066207,1027167,25,2,6.49,1.95
5066208,1027168,1,3,11.49,0.00
5066209,1027168,29,1,3.49,0.00
5066210,1027168,30,1,3.29,0.00
5066211,1027168,28,1,3.49,0.00
5066212,1027168,20,2,4.49,0.00
5066213,1027169,10,1,10.99,0.00
5066214,1027169,23,1,3.99,0.00
5066215,1027170,8,0,12.49,0.00
5066216,1027170,25,1,6.49,0.00
5066217,1027171,4,3,14.99,0.00
5066218,1027171,27,1,2.49,0.00
5066219,1027171,25,1,6.49,0.00
5066220,1027172,9,1,13.99,0.00
5066221,1027172,23,1,3.99,0.00
5066222,1027172,22,1,4.49,0.00
5066223,1027173,10,1,10.99,0.00
5066224,1027174,6,1,12.99,0.00
5066225,1027174,19,1,3.99,0.00
5066226,1027174,21,1,3.99,0.00
5066227,1027175,17,1,12.49,0.00
5066228,1027175,33,2,5.49,0.00
5066229,1027175,10,2,10.99,0.00
5066230,1027176,2,2,11.99,0.00
5066231,1027176,29,1,3.49,0.00
5066232,1027176,28,1,3.49,0.00
5066233,1027177,6,1,12.99,0.00
5066234,1027177,26,1,2.49,0.00
5066235,1027178,6,1,12.99,0.00
5066236,1027178,26,1,2.49,0.00
5066237,1027178,18,1,5.49,0.00
5066238,1027179,17,1,12.49,0.00
5066239,1027180,3,1,10.49,0.00
5066240,1027180,27,1,2.49,0.00
5066241,1027181,1,2,11.49,0.00
5066242,1027181,19,1,3.99,0.00
5066243,1027182,17,2,12.49,0.00
5066244,1027183,9,1,13.99,0.00
5066245,1027183,29,1,3.49,0.00
5066246,1027183,18,1,5.49,0.00
5066247,1027184,6,1,12.99,0.00
5066248,1027184,21,1,3.99,0.00
5066249,1027184,30,1,3.29,0.00
5066250,1027185,9,1,13.99,2.10
5066251,1027186,17,1,12.49,0.00
5066252,1027186,21,1,3.99,0.00
5066253,1027186,27,3,2.49,0.00
5066254,1027187,4,1,14.99,0.00
5066255,1027188,1,1,11.49,0.00
5066256,1027188,29,2,3.49,0.00
5066257,1027189,5,1,13.49,0.00
5066258,1027189,18,2,5.49,0.00
5066259,1027190,14,2,10.49,0.00
5066260,1027190,31,1,3.49,0.00
5066261,1027190,26,1,2.49,0.00
5066262,1027191,14,1,10.49,0.00
5066263,1027191,27,1,2.49,0.00
5066264,1027192,7,1,11.99,1.80
5066265,1027192,28,1,3.49,0.52
5066266,1027193,9,1,13.99,0.00
5066267,1027194,15,1,10.99,0.00
5066268,1027194,31,1,3.49,0.00
5066269,1027194,21,1,3.99,0.00
5066270,1027194,27,1,2.49,0.00
5066271,1027195,15,1,10.99,0.00
5066272,1027195,21,2,3.99,0.00
5066273,1027196,16,1,10.49,0.00
5066274,1027196,32,1,4.99,0.00
5066275,1027197,5,1,13.49,0.00
5066276,1027197,18,1,5.49,0.00
5066277,1027198,5,2,13.49,0.00
5066278,1027198,28,1,3.49,0.00
5066279,1027199,4,1,14.99,0.00
5066280,1027199,21,1,3.99,0.00
5066281,1027199,19,2,3.99,0.00
5066282,1027199,31,1,3.49,0.00
5066283,1027200,17,1,12.49,0.00
5066284,1027200,34,1,4.49,0.00
5066285,1027201,3,1,10.49,0.00
5066286,1027202,15,1,10.99,0.00
5066287,1027202,26,1,2.49,0.00
5066288,1027202,18,1,5.49,0.00
5066289,1027203,5,1,13.49,0.00
5066290,1027203,35,1,2.99,0.00
5066291,1027203,21,2,3.99,0.00
5066292,1027203,26,1,2.49,0.00
5066293,1027203,28,1,3.49,0.00
5066294,1027204,7,1,11.99,0.00
5066295,1027205,10,1,10.99,0.00
5066296,1027205,33,1,5.49,0.00
5066297,1027205,2,2,11.99,0.00
5066298,1027206,2,2,11.99,0.00
5066299,1027206,27,1,2.49,0.00
5066300,1027207,16,1,10.49,0.00
5066301,1027207,21,2,3.99,0.00
5066302,1027208,14,2,10.49,0.00
5066303,1027208,26,1,2.49,0.00
5066304,1027209,9,1,13.99,0.00
5066305,1027209,26,4,2.49,0.00
5066306,1027210,8,1,12.49,0.00
5066307,1027210,29,1,3.49,0.00
5066308,1027211,7,1,11.99,0.00
5066309,1027211,30,1,3.29,0.00
5066310,1027211,21,1,3.99,0.00
5066311,1027212,4,2,14.99,0.00
5066312,1027212,20,1,4.49,0.00
5066313,1027212,35,1,2.99,0.00
5066314,1027213,3,2,10.49,0.00
5066315,1027214,1,1,11.49,0.00
5066316,1027214,27,1,2.49,0.00
5066317,1027215,17,1,12.49,0.00
5066318,1027215,22,1,4.49,0.00
5066319,1027215,9,1,13.99,0.00
5066320,1027215,26,2,2.49,0.00
5066321,1027216,3,1,10.49,0.00
5066322,1027216,27,1,2.49,0.00
5066323,1027217,1,1,11.49,0.00
5066324,1027217,27,1,2.49,0.00
5066325,1027217,26,2,2.49,0.00
5066326,1027218,17,1,12.49,0.00
5066327,1027218,23,1,3.99,0.00
5066328,1027218,1,1,11.49,0.00
5066329,1027218,31,2,3.49,0.00
5066330,1027218,19,2,3.99,0.00
5066331,1027219,8,1,12.49,0.00
5066332,1027220,5,1,13.49,0.00
5066333,1027220,19,1,3.99,0.00
5066334,1027220,33,1,5.49,0.00
5066335,1027221,2,1,11.99,1.80
5066336,1027221,27,1,2.49,0.37
5066337,1027222,1,1,11.49,0.00
5066338,1027222,19,1,3.99,0.00
5066339,1027223,1,1,11.49,0.00
5066340,1027224,9,1,13.99,0.00
5066341,1027224,27,1,2.49,0.00
5066342,1027224,21,1,3.99,0.00
5066343,1027224,28,1,3.49,0.00
5066344,1027225,10,1,10.99,0.00
5066345,1027225,28,1,3.49,0.00
5066346,1027226,1,1,11.49,0.00
5066347,1027226,27,1,2.49,0.00
5066348,1027227,1,1,11.49,0.00
5066349,1027227,28,1,3.49,0.00
5066350,1027228,13,1,9.99,0.00
5066351,1027228,31,1,3.49,0.00
5066352,1027229,4,1,14.99,2.25
5066353,1027229,18,1,5.49,0.82
5066354,1027229,25,1,6.49,0.97
5066355,1027229,22,1,4.49,0.67
5066356,1027230,1,1,11.49,0.00
5066357,1027230,32,1,4.99,0.00
5066358,1027231,4,2,14.99,0.00
5066359,1027232,15,1,10.99,0.00
5066360,1027232,20,1,4.49,0.00
5066361,1027233,11,1,13.49,0.00
5066362,1027233,19,1,3.99,0.00
5066363,1027233,26,3,2.49,0.00
5066364,1027234,2,2,11.99,0.00
5066365,1027234,18,1,5.49,0.00
5066366,1027235,4,1,14.99,0.00
5066367,1027235,20,3,4.49,0.00
5066368,1027235,18,1,5.49,0.00
5066369,1027236,5,1,13.49,0.00
5066370,1027236,28,2,3.49,0.00
5066371,1027236,26,1,2.49,0.00
5066372,1027236,31,2,3.49,0.00
5066373,1027237,13,1,9.99,0.00
5066374,1027237,31,1,3.49,0.00
5066375,1027237,28,1,3.49,0.00
5066376,1027238,1,1,11.49,0.00
5066377,1027238,19,1,3.99,0.00
5066378,1027238,18,2,5.49,0.00
5066379,1027239,17,1,12.49,0.00
5066380,1027239,34,1,4.49,0.00
5066381,1027239,23,1,3.99,0.00
5066382,1027240,7,1,11.99,0.00
5066383,1027240,6,2,12.99,0.00
5066384,1027241,17,1,12.49,0.00
5066385,1027241,22,2,4.49,0.00
5066386,1027241,34,1,4.49,0.00
5066387,1027241,18,1,5.49,0.00
5066388,1027241,25,1,6.49,0.00
5066389,1027241,21,1,3.99,0.00
5066390,1027242,17,1,12.49,0.00
5066391,1027242,9,1,13.99,0.00
5066392,1027243,7,1,11.99,0.00
5066393,1027243,21,1,3.99,0.00
5066394,1027244,2,1,11.99,0.00
5066395,1027244,20,1,4.49,0.00
5066396,1027244,26,1,2.49,0.00
5066397,1027244,21,1,3.99,0.00
5066398,1027245,16,1,10.49,0.00
5066399,1027245,33,1,5.49,0.00
5066400,1027245,21,1,3.99,0.00
5066401,1027245,26,0,2.49,0.00
5066402,1027246,1,1,11.49,0.00
5066403,1027246,23,1,3.99,0.00
5066404,1027247,17,2,12.49,3.75
5066405,1027247,27,1,2.49,0.37
5066406,1027247,19,2,3.99,1.20
5066407,1027248,15,1,10.99,0.00
5066408,1027248,25,1,6.49,0.00
5066409,1027249,16,1,10.49,0.00
5066410,1027249,19,1,3.99,0.00
5066411,1027250,10,1,10.99,0.00
5066412,1027250,27,1,2.49,0.00
5066413,1027251,8,1,12.49,0.00
5066414,1027251,19,1,3.99,0.00
5066415,1027252,1,3,11.49,0.00
5066416,1027252,32,1,4.99,0.00
5066417,1027252,26,1,2.49,0.00
5066418,1027252,33,1,5.49,0.00
5066419,1027253,17,1,12.49,0.00
5066420,1027254,17,1,12.49,0.00
5066421,1027254,32,1,4.99,0.00
5066422,1027255,10,1,10.99,0.00
5066423,1027255,17,1,12.49,0.00
5066424,1027256,17,1,12.49,0.00
5066425,1027257,5,1,13.49,0.00
5066426,1027257,30,1,3.29,0.00
5066427,1027257,19,1,3.99,0.00
5066428,1027258,16,1,10.49,1.57
5066429,1027259,10,1,10.99,0.00
5066430,1027259,25,2,6.49,0.00
5066431,1027259,30,1,3.29,0.00
5066432,1027260,11,1,13.49,0.00
5066433,1027260,21,1,3.99,0.00
5066434,1027260,18,1,5.49,0.00
5066435,1027261,7,1,11.99,0.00
5066436,1027261,32,1,4.99,0.00
5066437,1027261,35,1,2.99,0.00
5066438,1027261,18,1,5.49,0.00
5066439,1027261,28,3,3.49,0.00
5066440,1027262,17,1,12.49,0.00
5066441,1027262,19,1,3.99,0.00
5066442,1027263,5,1,13.49,0.00
5066443,1027263,8,1,12.49,0.00
5066444,1027264,11,1,13.49,0.00
5066445,1027264,19,1,3.99,0.00
5066446,1027265,8,1,12.49,0.00
5066447,1027265,31,1,3.49,0.00
5066448,1027265,24,2,3.49,0.00
5066449,1027265,21,2,3.99,0.00
5066450,1027265,19,1,3.99,0.00
5066451,1027266,1,1,11.49,0.00
5066452,1027266,26,1,2.49,0.00
5066453,1027266,19,1,3.99,0.00
5066454,1027267,17,2,12.49,3.75
5066455,1027267,20,1,4.49,0.67
5066456,1027268,17,1,12.49,0.00
5066457,1027268,28,1,3.49,0.00
5066458,1027269,17,1,12.49,0.00
5066459,1027269,27,1,2.49,0.00
5066460,1027269,9,1,13.99,0.00
5066461,1027270,17,3,12.49,0.00
5066462,1027270,28,3,3.49,0.00
5066463,1027270,34,2,4.49,0.00
5066464,1027270,21,1,3.99,0.00
5066465,1027270,18,1,5.49,0.00
5066466,1027271,17,1,12.49,0.00
5066467,1027272,1,1,11.49,0.00
5066468,1027272,28,1,3.49,0.00
5066469,1027272,30,1,3.29,0.00
5066470,1027273,8,1,12.49,0.00
5066471,1027273,33,1,5.49,0.00
5066472,1027273,24,3,3.49,0.00
5066473,1027273,17,2,12.49,0.00
5066474,1027273,18,2,5.49,0.00
5066475,1027274,11,1,13.49,2.02
5066476,1027274,19,1,3.99,0.60
5066477,1027274,20,1,4.49,0.67
5066478,1027274,26,1,2.49,0.37
5066479,1027275,3,1,10.49,0.00
5066480,1027275,27,1,2.49,0.00
5066481,1027276,1,1,11.49,0.00
5066482,1027276,27,1,2.49,0.00
5066483,1027276,23,1,3.99,0.00
5066484,1027276,25,1,6.49,0.00
5066485,1027277,13,1,9.99,0.00
5066486,1027277,27,2,2.49,0.00
5066487,1027277,26,1,2.49,0.00
5066488,1027278,4,1,14.99,0.00
5066489,1027278,26,2,2.49,0.00
5066490,1027278,19,1,3.99,0.00
5066491,1027279,11,2,13.49,0.00
5066492,1027280,7,1,11.99,0.00
5066493,1027280,32,1,4.99,0.00
5066494,1027281,6,1,12.99,0.00
5066495,1027281,28,1,3.49,0.00
5066496,1027282,17,1,12.49,0.00
5066497,1027282,32,2,4.99,0.00
5066498,1027283,12,1,18.99,0.00
5066499,1027283,32,1,4.99,0.00
5066500,1027283,29,1,3.49,0.00
5066501,1027284,17,1,12.49,0.00
5066502,1027285,2,1,11.99,0.00
5066503,1027285,25,1,6.49,0.00
5066504,1027285,30,1,3.29,0.00
5066505,1027285,18,2,5.49,0.00
5066506,1027286,5,1,13.49,0.00
5066507,1027286,22,3,4.49,0.00
5066508,1027286,6,1,12.99,0.00
5066509,1027287,4,1,14.99,2.25
5066510,1027287,32,1,4.99,0.75
5066511,1027287,26,1,2.49,0.37
5066512,1027288,17,1,12.49,0.00
5066513,1027289,2,1,11.99,0.00
5066514,1027289,33,1,5.49,0.00
5066515,1027290,5,3,13.49,0.00
5066516,1027290,26,1,2.49,0.00
5066517,1027291,17,2,12.49,0.00
5066518,1027291,27,1,2.49,0.00
5066519,1027291,34,1,4.49,0.00
5066520,1027291,28,1,3.49,0.00
5066521,1027291,19,1,3.99,0.00
5066522,1027291,25,1,6.49,0.00
5066523,1027292,9,1,13.99,0.00
5066524,1027292,29,1,3.49,0.00
5066525,1027293,1,1,11.49,0.00
5066526,1027293,28,1,3.49,0.00
5066527,1027293,21,1,3.99,0.00
5066528,1027293,35,1,2.99,0.00
5066529,1027293,29,2,3.49,0.00
5066530,1027294,4,1,14.99,0.00
5066531,1027294,30,1,3.29,0.00
5066532,1027295,17,1,12.49,1.87
5066533,1027295,21,1,3.99,0.60
5066534,1027295,33,2,5.49,1.65
5066535,1027295,26,1,2.49,0.37
5066536,1027296,16,1,10.49,0.00
5066537,1027296,32,1,4.99,0.00
5066538,1027296,3,1,10.49,0.00
5066539,1027296,24,1,3.49,0.00
5066540,1027297,4,1,14.99,0.00
5066541,1027297,18,1,5.49,0.00
5066542,1027297,33,1,5.49,0.00
5066543,1027297,19,1,3.99,0.00
5066544,1027298,11,1,13.49,0.00
5066545,1027299,7,1,11.99,0.00
5066546,1027300,5,1,13.49,0.00
5066547,1027301,6,1,12.99,0.00
5066548,1027301,27,1,2.49,0.00
5066549,1027302,1,2,11.49,0.00
5066550,1027302,20,1,4.49,0.00
5066551,1027302,21,1,3.99,0.00
5066552,1027303,2,1,11.99,0.00
5066553,1027303,30,1,3.29,0.00
5066554,1027304,3,1,10.49,0.00
5066555,1027304,35,1,2.99,0.00
5066556,1027304,20,1,4.49,0.00
5066557,1027304,26,1,2.49,0.00
5066558,1027305,6,1,12.99,0.00
5066559,1027305,9,3,13.99,0.00
5066560,1027305,21,1,3.99,0.00
5066561,1027305,22,1,4.49,0.00
5066562,1027305,29,1,3.49,0.00
5066563,1027306,8,1,12.49,0.00
5066564,1027306,18,1,5.49,0.00
5066565,1027306,21,1,3.99,0.00
5066566,1027307,1,1,11.49,0.00
5066567,1027307,27,2,2.49,0.00
5066568,1027308,17,1,12.49,0.00
5066569,1027308,21,2,3.99,0.00
5066570,1027309,8,1,12.49,0.00
5066571,1027309,25,1,6.49,0.00
5066572,1027309,22,1,4.49,0.00
5066573,1027309,30,2,3.29,0.00
5066574,1027310,8,2,12.49,0.00
5066575,1027311,17,1,12.49,0.00
5066576,1027312,2,1,11.99,0.00
5066577,1027312,26,1,2.49,0.00
5066578,1027312,18,1,5.49,0.00
5066579,1027312,24,1,3.49,0.00
5066580,1027312,21,1,3.99,0.00
5066581,1027312,31,1,3.49,0.00
5066582,1027313,17,1,12.49,0.00
5066583,1027313,31,1,3.49,0.00
5066584,1027314,11,2,13.49,0.00
5066585,1027315,11,1,13.49,2.02
5066586,1027316,17,1,12.49,0.00
5066587,1027317,4,2,14.99,0.00
5066588,1027318,15,1,10.99,0.00
5066589,1027318,27,3,2.49,0.00
5066590,1027318,28,1,3.49,0.00
5066591,1027319,1,1,11.49,0.00
5066592,1027319,19,1,3.99,0.00
5066593,1027319,30,1,3.29,0.00
5066594,1027320,4,3,14.99,0.00
5066595,1027321,17,3,12.49,0.00
5066596,1027321,25,1,6.49,0.00
5066597,1027321,23,1,3.99,0.00
5066598,1027321,21,2,3.99,0.00
5066599,1027322,4,1,14.99,0.00
5066600,1027322,3,1,10.49,0.00
5066601,1027322,26,2,2.49,0.00
5066602,1027322,19,1,3.99,0.00
5066603,1027323,7,1,11.99,0.00
5066604,1027323,21,1,3.99,0.00
5066605,1027323,18,2,5.49,0.00
5066606,1027324,17,1,12.49,0.00
5066607,1027325,11,1,13.49,0.00
5066608,1027326,14,1,10.49,1.57
5066609,1027326,19,1,3.99,0.60
5066610,1027326,31,1,3.49,0.52
5066611,1027326,30,1,3.29,0.49
5066612,1027327,10,1,10.99,0.00
5066613,1027328,6,1,12.99,0.00
5066614,1027328,26,3,2.49,0.00
5066615,1027329,6,2,12.99,0.00
5066616,1027329,32,2,4.99,0.00
5066617,1027329,26,3,2.49,0.00
5066618,1027330,10,1,10.99,0.00
5066619,1027331,9,2,13.99,4.20
5066620,1027331,22,1,4.49,0.67
5066621,1027331,35,3,2.99,1.35
5066622,1027331,19,1,3.99,0.60
5066623,1027332,15,1,10.99,1.65
5066624,1027333,17,1,12.49,0.00
5066625,1027333,21,1,3.99,0.00
5066626,1027333,19,1,3.99,0.00
5066627,1027334,13,-1,9.99,0.00
5066628,1027334,27,1,2.49,0.00
5066629,1027335,17,1,12.49,0.00
5066630,1027335,27,1,2.49,0.00
5066631,1027335,23,1,3.99,0.00
5066632,1027336,12,1,18.99,0.00
5066633,1027337,1,1,11.49,0.00
5066634,1027337,24,1,3.49,0.00
5066635,1027337,31,1,3.49,0.00
5066636,1027337,18,1,5.49,0.00
5066637,1027337,20,1,4.49,0.00
5066638,1027337,21,3,3.99,0.00
5066639,1027338,13,1,9.99,1.50
5066640,1027338,21,1,3.99,0.60
5066641,1027338,23,1,3.99,0.60
5066642,1027339,1,1,11.49,0.00
5066643,1027340,17,2,12.49,0.00
5066644,1027341,7,1,11.99,0.00
5066645,1027341,28,1,3.49,0.00
5066646,1027341,23,1,3.99,0.00
5066647,1027342,17,1,12.49,0.00
5066648,1027343,4,1,14.99,2.25
5066649,1027343,29,1,3.49,0.52
5066650,1027344,1,1,11.49,0.00
5066651,1027344,21,1,3.99,0.00
5066652,1027345,17,1,12.49,0.00
5066653,1027345,24,1,3.49,0.00
5066654,1027346,14,2,10.49,0.00
5066655,1027346,26,1,2.49,0.00
5066656,1027347,4,1,14.99,0.00
5066657,1027347,29,2,3.49,0.00
5066658,1027348,14,1,10.49,0.00
5066659,1027349,13,1,9.99,0.00
5066660,1027349,26,1,2.49,0.00
5066661,1027349,24,1,3.49,0.00
5066662,1027350,9,1,13.99,0.00
5066663,1027350,27,1,2.49,0.00
5066664,1027351,15,1,10.99,0.00
5066665,1027351,19,1,3.99,0.00
5066666,1027351,22,2,4.49,0.00
5066667,1027352,11,1,13.49,0.00
5066668,1027352,25,1,6.49,0.00
5066669,1027353,9,1,13.99,0.00
5066670,1027354,5,2,13.49,0.00
5066671,1027354,32,3,4.99,0.00
5066672,1027355,4,1,14.99,0.00
5066673,1027355,26,2,2.49,0.00
5066674,1027356,3,1,10.49,0.00
5066675,1027356,35,1,2.99,0.00
5066676,1027356,19,1,3.99,0.00
5066677,1027356,18,1,5.49,0.00
5066678,1027357,11,2,13.49,0.00
5066679,1027357,23,1,3.99,0.00
5066680,1027357,27,1,2.49,0.00
5066681,1027358,2,1,11.99,0.00
5066682,1027358,24,1,3.49,0.00
5066683,1027358,22,1,4.49,0.00
5066684,1027358,30,1,3.29,0.00
5066685,1027359,3,1,10.49,0.00
5066686,1027359,21,1,3.99,0.00
5066687,1027360,13,1,9.99,0.00
5066688,1027361,11,1,13.49,0.00
5066689,1027361,24,2,3.49,0.00
5066690,1027361,32,1,4.99,0.00
5066691,1027362,6,1,12.99,0.00
5066692,1027363,17,1,12.49,0.00
5066693,1027363,30,1,3.29,0.00
5066694,1027363,21,2,3.99,0.00
5066695,1027363,20,1,4.49,0.00
5066696,1027364,10,1,10.99,0.00
5066697,1027365,10,2,10.99,0.00
5066698,1027365,26,1,2.49,0.00
5066699,1027366,8,3,12.49,0.00
5066700,1027367,1,3,11.49,5.17
5066701,1027367,30,1,3.29,0.49
5066702,1027368,17,1,12.49,0.00
5066703,1027368,28,1,3.49,0.00
5066704,1027368,33,1,5.49,0.00
5066705,1027368,18,1,5.49,0.00
5066706,1027369,14,1,10.49,0.00
5066707,1027369,29,1,3.49,0.00
5066708,1027369,31,1,3.49,0.00
5066709,1027369,27,1,2.49,0.00
5066710,1027369,1,1,11.49,0.00
5066711,1027370,2,2,11.99,3.60
5066712,1027371,1,1,11.49,0.00
5066713,1027371,3,1,10.49,0.00
5066714,1027371,22,1,4.49,0.00
5066715,1027372,15,1,10.99,0.00
5066716,1027372,19,1,3.99,0.00
5066717,1027372,21,1,3.99,0.00
5066718,1027373,8,1,12.49,0.00
5066719,1027373,21,1,3.99,0.00
5066720,1027373,22,1,4.49,0.00
5066721,1027374,3,2,10.49,0.00
5066722,1027374,27,3,2.49,0.00
5066723,1027375,15,1,10.99,1.65
5066724,1027376,17,1,12.49,0.00
5066725,1027376,23,1,3.99,0.00
5066726,1027377,5,1,13.49,0.00
5066727,1027378,17,1,12.49,0.00
5066728,1027378,28,1,3.49,0.00
5066729,1027379,5,1,13.49,0.00
5066730,1027379,27,1,2.49,0.00
5066731,1027379,26,1,2.49,0.00
5066732,1027380,11,1,13.49,0.00
5066733,1027380,23,1,3.99,0.00
5066734,1027380,22,1,4.49,0.00
5066735,1027381,8,1,12.49,0.00
5066736,1027381,27,2,2.49,0.00
5066737,1027381,28,1,3.49,0.00
5066738,1027381,23,1,3.99,0.00
5066739,1027381,30,1,3.29,0.00
5066740,1027382,7,1,11.99,0.00
5066741,1027382,19,2,3.99,0.00
5066742,1027383,17,2,12.49,0.00
5066743,1027383,28,1,3.49,0.00
5066744,1027383,31,1,3.49,0.00
5066745,1027384,8,1,12.49,0.00
5066746,1027384,29,2,3.49,0.00
5066747,1027384,22,1,4.49,0.00
5066748,1027384,19,1,3.99,0.00
5066749,1027385,6,1,12.99,0.00
5066750,1027386,5,1,13.49,0.00
5066751,1027386,9,1,13.99,0.00
5066752,1027387,7,1,11.99,0.00
5066753,1027387,23,1,3.99,0.00
5066754,1027388,16,1,10.49,0.00
5066755,1027388,26,2,2.49,0.00
5066756,1027389,14,0,10.49,0.00
5066757,1027389,17,1,12.49,0.00
5066758,1027389,25,1,6.49,0.00
5066759,1027389,30,1,3.29,0.00
5066760,1027390,1,1,11.49,0.00
5066761,1027391,3,1,10.49,0.00
5066762,1027391,30,1,3.29,0.00
5066763,1027391,20,1,4.49,0.00
5066764,1027392,17,1,12.49,0.00
5066765,1027392,29,1,3.49,0.00
5066766,1027393,6,1,12.99,0.00
5066767,1027393,34,1,4.49,0.00
5066768,1027393,18,2,5.49,0.00
5066769,1027393,29,1,3.49,0.00
5066770,1027394,15,1,10.99,0.00
5066771,1027395,2,1,11.99,0.00
5066772,1027395,28,1,3.49,0.00
5066773,1027395,33,1,5.49,0.00
5066774,1027395,24,1,3.49,0.00
5066775,1027396,9,1,13.99,2.10
5066776,1027396,27,2,2.49,0.75
5066777,1027396,31,1,3.49,0.52
5066778,1027396,22,1,4.49,0.67
5066779,1027397,8,1,12.49,0.00
5066780,1027397,19,1,3.99,0.00
5066781,1027398,7,1,11.99,0.00
5066782,1027398,27,1,2.49,0.00
5066783,1027398,13,1,9.99,0.00
5066784,1027399,1,2,11.49,0.00
5066785,1027400,17,3,12.49,0.00
5066786,1027400,18,2,5.49,0.00
5066787,1027400,12,1,18.99,0.00
5066788,1027400,21,1,3.99,0.00
5066789,1027401,6,1,12.99,0.00
5066790,1027402,10,1,10.99,0.00
5066791,1027402,23,1,3.99,0.00
5066792,1027402,7,1,11.99,0.00
5066793,1027403,16,1,10.49,0.00
5066794,1027403,33,1,5.49,0.00
5066795,1027404,4,1,14.99,0.00
5066796,1027405,17,1,12.49,0.00
5066797,1027405,26,2,2.49,0.00
5066798,1027405,11,1,13.49,0.00
5066799,1027406,3,1,10.49,0.00
5066800,1027406,18,2,5.49,0.00
5066801,1027406,32,1,4.99,0.00
5066802,1027406,30,2,3.29,0.00
5066803,1027406,26,1,2.49,0.00
5066804,1027407,9,1,13.99,0.00
5066805,1027407,18,1,5.49,0.00
5066806,1027408,3,1,10.49,0.00
5066807,1027408,27,1,2.49,0.00
5066808,1027409,16,1,10.49,0.00
5066809,1027409,25,1,6.49,0.00
5066810,1027410,17,2,12.49,0.00
5066811,1027410,24,1,3.49,0.00
5066812,1027410,18,1,5.49,0.00
5066813,1027411,1,2,11.49,0.00
5066814,1027411,21,1,3.99,0.00
5066815,1027412,16,1,10.49,0.00
5066816,1027412,26,1,2.49,0.00
5066817,1027413,16,2,10.49,0.00
5066818,1027414,14,2,10.49,0.00
5066819,1027414,28,1,3.49,0.00
5066820,1027414,31,1,3.49,0.00
5066821,1027415,17,1,12.49,1.87
5066822,1027415,20,2,4.49,1.35
5066823,1027416,6,1,12.99,0.00
5066824,1027416,35,1,2.99,0.00
5066825,1027416,27,1,2.49,0.00
5066826,1027416,2,1,11.99,0.00
5066827,1027417,11,2,13.49,0.00
5066828,1027417,20,2,4.49,0.00
5066829,1027418,10,2,10.99,0.00
5066830,1027418,32,1,4.99,0.00
5066831,1027418,20,1,4.49,0.00
5066832,1027419,15,1,10.99,0.00
5066833,1027419,19,1,3.99,0.00
5066834,1027419,26,3,2.49,0.00
5066835,1027420,8,1,12.49,0.00
5066836,1027420,28,1,3.49,0.00
5066837,1027421,12,2,18.99,0.00
5066838,1027422,17,1,12.49,1.87
5066839,1027422,26,1,2.49,0.37
5066840,1027423,9,1,13.99,0.00
5066841,1027423,27,1,2.49,0.00
5066842,1027424,9,1,13.99,0.00
5066843,1027424,32,2,4.99,0.00
5066844,1027424,18,1,5.49,0.00
5066845,1027424,21,1,3.99,0.00
5066846,1027425,9,2,13.99,0.00
5066847,1027425,32,1,4.99,0.00
5066848,1027426,17,1,12.49,1.87
5066849,1027426,21,1,3.99,0.60
5066850,1027427,9,1,13.99,0.00
5066851,1027427,19,2,3.99,0.00
5066852,1027427,26,2,2.49,0.00
5066853,1027428,2,1,11.99,0.00
5066854,1027428,26,1,2.49,0.00
5066855,1027429,17,1,12.49,0.00
5066856,1027429,27,1,2.49,0.00
5066857,1027430,17,1,12.49,0.00
5066858,1027430,34,1,4.49,0.00
5066859,1027430,32,1,4.99,0.00
5066860,1027430,25,2,6.49,0.00
5066861,1027431,7,1,11.99,0.00
5066862,1027432,10,3,10.99,0.00
5066863,1027433,7,1,11.99,0.00
5066864,1027434,2,1,11.99,0.00
5066865,1027434,20,1,4.49,0.00
5066866,1027435,1,1,11.49,0.00
5066867,1027435,27,2,2.49,0.00
5066868,1027436,3,1,10.49,0.00
5066869,1027436,2,1,11.99,0.00
5066870,1027436,19,1,3.99,0.00
5066871,1027437,15,2,10.99,0.00
5066872,1027438,8,1,12.49,0.00
5066873,1027438,27,2,2.49,0.00
5066874,1027439,9,2,13.99,0.00
5066875,1027439,21,1,3.99,0.00
5066876,1027439,34,1,4.49,0.00
5066877,1027440,1,1,11.49,0.00
5066878,1027440,25,1,6.49,0.00
5066879,1027441,9,1,13.99,0.00
5066880,1027441,21,1,3.99,0.00
5066881,1027441,35,2,2.99,0.00
5066882,1027442,11,2,13.49,0.00
5066883,1027443,14,1,10.49,0.00
5066884,1027443,26,1,2.49,0.00
5066885,1027443,21,-1,3.99,0.00
5066886,1027443,29,1,3.49,0.00
5066887,1027444,9,2,13.99,0.00
5066888,1027445,17,1,12.49,0.00
5066889,1027445,32,3,4.99,0.00
5066890,1027445,23,1,3.99,0.00
5066891,1027446,7,1,11.99,0.00
5066892,1027446,30,1,3.29,0.00
5066893,1027447,17,1,12.49,0.00
5066894,1027447,32,1,4.99,0.00
5066895,1027447,31,1,3.49,0.00
5066896,1027448,2,1,11.99,0.00
5066897,1027448,31,1,3.49,0.00
5066898,1027448,22,1,4.49,0.00
5066899,1027449,15,2,10.99,3.30
5066900,1027449,29,1,3.49,0.52
5066901,1027449,32,2,4.99,1.50
5066902,1027449,24,1,3.49,0.52
5066903,1027450,7,1,11.99,0.00
5066904,1027450,19,1,3.99,0.00
5066905,1027450,31,1,3.49,0.00
5066906,1027450,26,1,2.49,0.00
5066907,1027451,11,1,13.49,0.00
5066908,1027451,25,1,6.49,0.00
5066909,1027452,17,1,12.49,0.00
5066910,1027453,1,1,11.49,0.00
5066911,1027453,25,1,6.49,0.00
5066912,1027453,27,1,2.49,0.00
5066913,1027453,17,1,12.49,0.00
5066914,1027453,21,1,3.99,0.00
5066915,1027454,6,1,12.99,0.00
5066916,1027454,33,2,5.49,0.00
5066917,1027454,21,1,3.99,0.00
5066918,1027454,26,3,2.49,0.00
5066919,1027454,25,1,6.49,0.00
5066920,1027455,14,1,10.49,0.00
5066921,1027455,35,1,2.99,0.00
5066922,1027455,30,1,3.29,0.00
5066923,1027455,26,1,2.49,0.00
5066924,1027456,15,1,10.99,0.00
5066925,1027456,13,1,9.99,0.00
5066926,1027456,33,1,5.49,0.00
5066927,1027457,6,1,12.99,0.00
5066928,1027457,20,2,4.49,0.00
5066929,1027457,31,1,3.49,0.00
5066930,1027458,1,1,11.49,0.00
5066931,1027458,21,1,3.99,0.00
5066932,1027458,30,1,3.29,0.00
5066933,1027458,26,2,2.49,0.00
5066934,1027459,9,1,13.99,0.00
5066935,1027459,24,2,3.49,0.00
5066936,1027459,32,1,4.99,0.00
5066937,1027460,8,1,12.49,0.00
5066938,1027460,32,1,4.99,0.00
5066939,1027461,9,1,13.99,0.00
5066940,1027461,21,2,3.99,0.00
5066941,1027462,1,1,11.49,0.00
5066942,1027462,27,1,2.49,0.00
5066943,1027462,34,1,4.49,0.00
5066944,1027463,12,1,18.99,0.00
5066945,1027463,20,1,4.49,0.00
5066946,1027464,4,0,14.99,4.50
5066947,1027464,27,1,2.49,0.37
5066948,1027464,21,1,3.99,0.60
5066949,1027465,9,3,13.99,0.00
5066950,1027466,4,1,14.99,0.00
5066951,1027466,30,1,3.29,0.00
5066952,1027467,10,1,10.99,0.00
5066953,1027467,34,1,4.49,0.00
5066954,1027468,5,1,13.49,0.00
5066955,1027468,7,1,11.99,0.00
5066956,1027468,19,1,3.99,0.00
5066957,1027469,5,1,13.49,0.00
5066958,1027469,21,1,3.99,0.00
5066959,1027470,3,1,10.49,0.00
5066960,1027470,26,1,2.49,0.00
5066961,1027471,14,1,10.49,0.00
5066962,1027471,32,1,4.99,0.00
5066963,1027471,26,1,2.49,0.00
5066964,1027471,20,1,4.49,0.00
5066965,1027472,3,1,10.49,0.00
5066966,1027472,25,2,6.49,0.00
5066967,1027472,21,1,3.99,0.00
5066968,1027473,13,1,9.99,0.00
5066969,1027473,20,1,4.49,0.00
5066970,1027473,32,1,4.99,0.00
5066971,1027473,17,1,12.49,0.00
5066972,1027474,2,1,11.99,0.00
5066973,1027475,10,2,10.99,3.30
5066974,1027475,20,3,4.49,2.02
5066975,1027475,26,2,2.49,0.75
5066976,1027476,2,1,11.99,0.00
5066977,1027477,17,2,12.49,0.00
5066978,1027477,28,1,3.49,0.00
5066979,1027477,16,1,10.49,0.00
5066980,1027478,17,3,12.49,0.00
5066981,1027478,19,1,3.99,0.00
5066982,1027479,7,1,11.99,0.00
5066983,1027480,3,1,10.49,0.00
5066984,1027480,33,1,5.49,0.00
5066985,1027480,9,1,13.99,0.00
5066986,1027480,26,1,2.49,0.00
5066987,1027480,31,1,3.49,0.00
5066988,1027481,14,1,10.49,0.00
5066989,1027481,35,1,2.99,0.00
5066990,1027482,13,2,9.99,0.00
5066991,1027482,27,1,2.49,0.00
5066992,1027482,28,1,3.49,0.00
5066993,1027483,1,1,11.49,0.00
5066994,1027483,19,1,3.99,0.00
5066995,1027484,13,2,9.99,0.00
5066996,1027484,21,1,3.99,0.00
5066997,1027484,26,1,2.49,0.00
5066998,1027485,17,1,12.49,1.87
5066999,1027486,17,2,12.49,0.00
5067000,1027486,25,2,6.49,0.00
5067001,1027486,33,1,5.49,0.00
5067002,1027486,15,1,10.99,0.00
5067003,1027486,18,2,5.49,0.00
5067004,1027487,6,1,12.99,0.00
5067005,1027488,17,1,12.49,0.00
5067006,1027488,4,1,14.99,0.00
5067007,1027488,20,1,4.49,0.00
5067008,1027489,4,1,14.99,0.00
5067009,1027489,23,2,3.99,0.00
5067010,1027490,2,1,11.99,1.80
5067011,1027490,27,1,2.49,0.37
5067012,1027491,12,1,18.99,0.00
5067013,1027491,26,1,2.49,0.00
5067014,1027492,6,1,12.99,1.95
5067015,1027492,22,1,4.49,0.67
5067016,1027492,26,1,2.49,0.37
5067017,1027492,27,1,2.49,0.37
5067018,1027493,2,1,11.99,1.80
5067019,1027494,3,1,10.49,0.00
5067020,1027495,8,2,12.49,0.00
5067021,1027495,26,1,2.49,0.00
5067022,1027496,5,1,13.49,0.00
5067023,1027497,13,1,9.99,0.00
5067024,1027497,18,-1,5.49,0.00
5067025,1027497,20,1,4.49,0.00
5067026,1027498,10,2,10.99,0.00
5067027,1027499,5,2,13.49,0.00
5067028,1027499,7,1,11.99,0.00
5067029,1027499,18,2,5.49,0.00
5067030,1027499,30,1,3.29,0.00
5067031,1027499,19,1,3.99,0.00
5067032,1027500,13,1,9.99,0.00
5067033,1027501,2,1,11.99,0.00
5067034,1027501,7,1,11.99,0.00
5067035,1027501,28,1,3.49,0.00
5067036,1027502,15,1,10.99,0.00
5067037,1027502,19,1,3.99,0.00
5067038,1027503,5,2,13.49,0.00
5067039,1027503,19,1,3.99,0.00
5067040,1027504,3,1,10.49,1.57
5067041,1027504,13,1,9.99,1.50
5067042,1027505,3,2,10.49,0.00
5067043,1027505,30,1,3.29,0.00
5067044,1027505,32,1,4.99,0.00
5067045,1027506,9,1,13.99,0.00
5067046,1027506,26,1,2.49,0.00
5067047,1027507,4,1,14.99,0.00
5067048,1027507,34,1,4.49,0.00
5067049,1027508,8,1,12.49,1.87
5067050,1027508,21,1,3.99,0.60
5067051,1027508,23,1,3.99,0.60
5067052,1027509,6,1,12.99,0.00
5067053,1027509,29,2,3.49,0.00
5067054,1027509,27,1,2.49,0.00
5067055,1027509,18,1,5.49,0.00
5067056,1027509,28,1,3.49,0.00
5067057,1027510,17,1,12.49,0.00
5067058,1027510,28,1,3.49,0.00
5067059,1027510,19,2,3.99,0.00
5067060,1027511,7,1,11.99,0.00
5067061,1027512,15,1,10.99,0.00
5067062,1027512,32,1,4.99,0.00
5067063,1027513,10,1,10.99,0.00
5067064,1027513,21,3,3.99,0.00
5067065,1027513,18,1,5.49,0.00
5067066,1027514,11,1,13.49,0.00
5067067,1027515,17,1,12.49,0.00
5067068,1027515,31,1,3.49,0.00
5067069,1027515,26,1,2.49,0.00
5067070,1027516,17,1,12.49,0.00
5067071,1027516,7,2,11.99,0.00
5067072,1027517,13,1,9.99,0.00
5067073,1027517,30,1,3.29,0.00
5067074,1027517,27,1,2.49,0.00
5067075,1027518,9,1,13.99,0.00
5067076,1027518,26,1,2.49,0.00
5067077,1027519,11,1,13.49,0.00
5067078,1027519,21,1,3.99,0.00
5067079,1027520,17,1,12.49,0.00
5067080,1027520,27,1,2.49,0.00
5067081,1027521,2,1,11.99,0.00
5067082,1027521,29,1,3.49,0.00
5067083,1027521,32,1,4.99,0.00
5067084,1027521,15,1,10.99,0.00
5067085,1027522,5,1,13.49,0.00
5067086,1027522,21,1,3.99,0.00
5067087,1027522,25,1,6.49,0.00
5067088,1027522,35,1,2.99,0.00
5067089,1027523,2,1,11.99,0.00
5067090,1027523,23,1,3.99,0.00
5067091,1027523,32,1,4.99,0.00
5067092,1027523,19,3,3.99,0.00
5067093,1027524,8,1,12.49,0.00
5067094,1027524,31,1,3.49,0.00
5067095,1027524,29,1,3.49,0.00
5067096,1027524,24,1,3.49,0.00
5067097,1027525,8,1,12.49,0.00
5067098,1027525,32,1,4.99,0.00
5067099,1027525,26,1,2.49,0.00
5067100,1027525,27,1,2.49,0.00
5067101,1027525,24,1,3.49,0.00
5067102,1027526,8,1,12.49,0.00
5067103,1027526,34,1,4.49,0.00
5067104,1027527,17,1,12.49,1.87
5067105,1027527,20,2,4.49,1.35
5067106,1027528,12,1,18.99,0.00
5067107,1027529,17,1,12.49,0.00
5067108,1027529,20,1,4.49,0.00
5067109,1027530,17,1,12.49,0.00
5067110,1027530,29,1,3.49,0.00
5067111,1027530,13,1,9.99,0.00
5067112,1027531,11,1,13.49,0.00
5067113,1027531,19,1,3.99,0.00
5067114,1027532,17,3,12.49,0.00
5067115,1027532,21,1,3.99,0.00
5067116,1027533,6,1,12.99,1.95
5067117,1027533,21,1,3.99,0.60
5067118,1027534,1,1,11.49,0.00
5067119,1027535,16,1,10.49,0.00
5067120,1027535,24,1,3.49,0.00
5067121,1027535,27,2,2.49,0.00
5067122,1027536,17,1,12.49,0.00
5067123,1027536,22,1,4.49,0.00
5067124,1027536,4,1,14.99,0.00
5067125,1027537,17,1,12.49,0.00
5067126,1027538,8,1,12.49,0.00
5067127,1027538,20,1,4.49,0.00
5067128,1027538,18,1,5.49,0.00
5067129,1027538,30,1,3.29,0.00
5067130,1027538,23,1,3.99,0.00
5067131,1027539,9,1,13.99,0.00
5067132,1027539,31,1,3.49,0.00
5067133,1027540,17,1,12.49,0.00
5067134,1027540,26,1,2.49,0.00
5067135,1027541,8,1,12.49,0.00
5067136,1027541,32,1,4.99,0.00
5067137,1027541,29,-1,3.49,0.00
5067138,1027541,18,1,5.49,0.00
5067139,1027542,10,1,10.99,0.00
5067140,1027542,24,1,3.49,0.00
5067141,1027542,30,3,3.29,0.00
5067142,1027543,10,1,10.99,0.00
5067143,1027543,19,1,3.99,0.00
5067144,1027544,17,1,12.49,0.00
5067145,1027544,26,1,2.49,0.00
5067146,1027544,19,4,3.99,0.00
5067147,1027544,31,1,3.49,0.00
5067148,1027545,17,1,12.49,0.00
5067149,1027545,22,1,4.49,0.00
5067150,1027545,29,1,3.49,0.00
5067151,1027546,6,1,12.99,0.00
5067152,1027547,5,1,13.49,0.00
5067153,1027548,9,1,13.99,0.00
5067154,1027548,29,1,3.49,0.00
5067155,1027549,10,1,10.99,0.00
5067156,1027549,29,3,3.49,0.00
5067157,1027549,30,1,3.29,0.00
5067158,1027549,26,1,2.49,0.00
5067159,1027549,34,2,4.49,0.00
5067160,1027550,3,1,10.49,0.00
5067161,1027550,29,1,3.49,0.00
5067162,1027550,26,1,2.49,0.00
5067163,1027551,2,1,11.99,0.00
5067164,1027551,19,1,3.99,0.00
5067165,1027551,27,2,2.49,0.00
5067166,1027551,26,1,2.49,0.00
5067167,1027552,3,1,10.49,0.00
5067168,1027552,29,1,3.49,0.00
5067169,1027552,18,1,5.49,0.00
5067170,1027553,17,1,12.49,0.00
5067171,1027553,29,1,3.49,0.00
5067172,1027553,10,1,10.99,0.00
5067173,1027554,8,2,12.49,0.00
5067174,1027555,3,1,10.49,0.00
5067175,1027555,21,1,3.99,0.00
5067176,1027556,10,1,10.99,1.65
5067177,1027556,18,2,5.49,1.65
5067178,1027556,26,1,2.49,0.37
5067179,1027556,34,1,4.49,0.67
5067180,1027557,3,1,10.49,1.57
5067181,1027557,22,1,4.49,0.67
5067182,1027557,26,1,2.49,0.37
5067183,1027557,27,1,2.49,0.37
5067184,1027558,7,1,11.99,0.00
5067185,1027558,17,1,12.49,0.00
5067186,1027558,26,1,2.49,0.00
5067187,1027558,11,1,13.49,0.00
5067188,1027559,6,1,12.99,0.00
5067189,1027559,31,1,3.49,0.00
5067190,1027559,23,1,3.99,0.00
5067191,1027559,26,1,2.49,0.00
5067192,1027560,3,1,10.49,0.00
5067193,1027560,14,0,10.49,0.00
5067194,1027561,17,2,12.49,0.00
5067195,1027562,15,1,10.99,0.00
5067196,1027562,19,1,3.99,0.00
5067197,1027562,33,1,5.49,0.00
5067198,1027563,6,1,12.99,0.00
5067199,1027563,20,1,4.49,0.00
5067200,1027563,17,1,12.49,0.00
5067201,1027563,28,1,3.49,0.00
5067202,1027563,21,1,3.99,0.00
5067203,1027564,15,1,10.99,0.00
5067204,1027564,18,1,5.49,0.00
5067205,1027564,29,1,3.49,0.00
5067206,1027564,32,1,4.99,0.00
5067207,1027565,11,1,13.49,0.00
5067208,1027565,29,1,3.49,0.00
5067209,1027565,31,1,3.49,0.00
5067210,1027565,26,1,2.49,0.00
5067211,1027566,14,2,10.49,0.00
5067212,1027567,17,1,12.49,0.00
5067213,1027567,18,1,5.49,0.00
5067214,1027567,22,1,4.49,0.00
5067215,1027567,27,1,2.49,0.00
5067216,1027567,26,1,2.49,0.00
5067217,1027568,17,1,12.49,0.00
5067218,1027568,27,1,2.49,0.00
5067219,1027569,16,1,10.49,0.00
5067220,1027570,13,1,9.99,1.50
5067221,1027570,31,1,3.49,0.52
5067222,1027571,11,1,13.49,0.00
5067223,1027572,14,1,10.49,0.00
5067224,1027573,6,1,12.99,0.00
5067225,1027574,11,1,13.49,0.00
5067226,1027574,27,3,2.49,0.00
5067227,1027575,7,2,11.99,0.00
5067228,1027575,14,1,10.49,0.00
5067229,1027575,26,1,2.49,0.00
5067230,1027575,21,1,3.99,0.00
5067231,1027576,4,1,14.99,0.00
5067232,1027577,6,1,12.99,0.00
5067233,1027577,30,1,3.29,0.00
5067234,1027578,1,1,11.49,0.00
5067235,1027578,31,1,3.49,0.00
5067236,1027579,5,1,13.49,2.02
5067237,1027579,27,1,2.49,0.37
5067238,1027579,30,1,3.29,0.49
5067239,1027580,13,1,9.99,0.00
5067240,1027581,1,1,11.49,0.00
5067241,1027582,2,1,11.99,0.00
5067242,1027582,32,1,4.99,0.00
5067243,1027582,26,2,2.49,0.00
5067244,1027583,9,2,13.99,0.00
5067245,1027583,1,1,11.49,0.00
5067246,1027583,26,1,2.49,0.00
5067247,1027583,29,1,3.49,0.00
5067248,1027584,11,2,13.49,0.00
5067249,1027584,24,1,3.49,0.00
5067250,1027584,13,3,9.99,0.00
5067251,1027585,3,1,10.49,0.00
5067252,1027585,5,1,13.49,0.00
5067253,1027586,17,1,12.49,0.00
5067254,1027586,32,1,4.99,0.00
5067255,1027587,8,1,12.49,0.00
5067256,1027587,30,0,3.29,0.00
5067257,1027587,28,1,3.49,0.00
5067258,1027588,14,2,10.49,0.00
5067259,1027588,26,1,2.49,0.00
5067260,1027589,17,1,12.49,0.00
5067261,1027590,5,1,13.49,0.00
5067262,1027591,17,1,12.49,0.00
5067263,1027592,6,1,12.99,0.00
5067264,1027592,26,1,2.49,0.00
5067265,1027592,23,1,3.99,0.00
5067266,1027592,20,1,4.49,0.00
5067267,1027592,14,1,10.49,0.00
5067268,1027593,3,1,10.49,0.00
5067269,1027594,10,1,10.99,0.00
5067270,1027594,25,1,6.49,0.00
5067271,1027595,5,1,13.49,0.00
5067272,1027595,21,2,3.99,0.00
5067273,1027595,25,1,6.49,0.00
5067274,1027596,17,3,12.49,0.00
5067275,1027597,15,1,10.99,1.65
5067276,1027597,21,1,3.99,0.60
5067277,1027597,26,1,2.49,0.37
5067278,1027598,17,1,12.49,0.00
5067279,1027598,22,2,4.49,0.00
5067280,1027598,21,1,3.99,0.00
5067281,1027598,19,1,3.99,0.00
5067282,1027599,17,1,12.49,0.00
5067283,1027600,1,1,11.49,0.00
5067284,1027601,2,1,11.99,0.00
5067285,1027602,1,1,11.49,0.00
5067286,1027603,17,1,12.49,0.00
5067287,1027603,22,2,4.49,0.00
5067288,1027603,18,1,5.49,0.00
5067289,1027603,21,1,3.99,0.00
5067290,1027603,28,1,3.49,0.00
5067291,1027604,4,1,14.99,0.00
5067292,1027604,31,1,3.49,0.00
5067293,1027604,27,1,2.49,0.00
5067294,1027604,19,1,3.99,0.00
5067295,1027604,17,1,12.49,0.00
5067296,1027604,22,1,4.49,0.00
5067297,1027605,17,1,12.49,0.00
5067298,1027605,28,1,3.49,0.00
5067299,1027606,16,1,10.49,0.00
5067300,1027606,26,1,2.49,0.00
5067301,1027606,27,1,2.49,0.00
5067302,1027607,17,1,12.49,0.00
5067303,1027608,10,1,10.99,1.65
5067304,1027608,35,1,2.99,0.45
5067305,1027608,25,1,6.49,0.97
5067306,1027609,17,1,12.49,0.00
5067307,1027609,26,1,2.49,0.00
5067308,1027610,8,1,12.49,0.00
5067309,1027610,33,1,5.49,0.00
5067310,1027611,1,1,11.49,0.00
5067311,1027612,2,1,11.99,0.00
5067312,1027612,20,1,4.49,0.00
5067313,1027612,29,1,3.49,0.00
5067314,1027612,23,1,3.99,0.00
5067315,1027613,13,1,9.99,0.00
5067316,1027613,20,1,4.49,0.00
5067317,1027613,19,1,3.99,0.00
5067318,1027614,17,2,12.49,0.00
5067319,1027614,31,1,3.49,0.00
5067320,1027614,20,1,4.49,0.00
5067321,1027615,17,1,12.49,0.00
5067322,1027616,17,1,12.49,0.00
5067323,1027617,14,2,10.49,0.00
5067324,1027618,17,2,12.49,0.00
5067325,1027619,2,1,11.99,0.00
5067326,1027619,19,1,3.99,0.00
5067327,1027620,3,1,10.49,0.00
5067328,1027620,28,1,3.49,0.00
5067329,1027620,18,1,5.49,0.00
5067330,1027621,16,3,10.49,0.00
5067331,1027622,9,1,13.99,0.00
5067332,1027622,26,1,2.49,0.00
5067333,1027622,18,1,5.49,0.00
5067334,1027623,1,1,11.49,0.00
5067335,1027623,24,3,3.49,0.00
5067336,1027624,11,1,13.49,0.00
5067337,1027625,17,1,12.49,0.00
5067338,1027625,22,1,4.49,0.00
5067339,1027626,14,1,10.49,0.00
5067340,1027626,32,2,4.99,0.00
5067341,1027627,8,1,12.49,0.00
5067342,1027627,26,1,2.49,0.00
5067343,1027627,22,2,4.49,0.00
5067344,1027627,33,1,5.49,0.00
5067345,1027628,17,2,12.49,0.00
5067346,1027628,4,1,14.99,0.00
5067347,1027628,23,1,3.99,0.00
5067348,1027628,18,1,5.49,0.00
5067349,1027628,27,1,2.49,0.00
5067350,1027629,16,1,10.49,0.00
5067351,1027630,17,1,12.49,0.00
5067352,1027630,30,4,3.29,0.00
5067353,1027631,17,1,12.49,0.00
5067354,1027631,27,2,2.49,0.00
5067355,1027632,1,1,11.49,0.00
5067356,1027633,14,1,10.49,0.00
5067357,1027633,8,2,12.49,0.00
5067358,1027634,5,2,13.49,0.00
5067359,1027635,17,1,12.49,0.00
5067360,1027635,10,1,10.99,0.00
5067361,1027636,6,1,12.99,0.00
5067362,1027636,27,2,2.49,0.00
5067363,1027637,6,1,12.99,0.00
5067364,1027637,27,2,2.49,0.00
5067365,1027638,1,1,11.49,0.00
5067366,1027638,27,0,2.49,0.00
5067367,1027639,17,1,12.49,0.00
5067368,1027639,27,1,2.49,0.00
5067369,1027640,3,1,10.49,0.00
5067370,1027640,30,1,3.29,0.00
5067371,1027640,26,1,2.49,0.00
5067372,1027640,28,1,3.49,0.00
5067373,1027640,22,1,4.49,0.00
5067374,1027641,7,1,11.99,1.80
5067375,1027641,27,1,2.49,0.37
5067376,1027641,20,2,4.49,1.35
5067377,1027642,14,1,10.49,0.00
5067378,1027642,33,1,5.49,0.00
5067379,1027642,25,1,6.49,0.00
5067380,1027642,28,1,3.49,0.00
5067381,1027642,27,1,2.49,0.00
5067382,1027643,16,1,10.49,0.00
5067383,1027643,10,1,10.99,0.00
5067384,1027643,22,1,4.49,0.00
5067385,1027643,26,1,2.49,0.00
5067386,1027643,21,1,3.99,0.00
5067387,1027644,3,1,10.49,0.00
5067388,1027644,19,1,3.99,0.00
5067389,1027644,9,1,13.99,0.00
5067390,1027644,26,1,2.49,0.00
5067391,1027645,2,2,11.99,0.00
5067392,1027645,35,1,2.99,0.00
5067393,1027645,24,2,3.49,0.00
5067394,1027646,17,1,12.49,0.00
5067395,1027646,28,1,3.49,0.00
5067396,1027647,1,2,11.49,0.00
5067397,1027647,26,1,2.49,0.00
5067398,1027648,5,1,13.49,0.00
5067399,1027649,13,2,9.99,0.00
5067400,1027649,22,1,4.49,0.00
5067401,1027649,18,1,5.49,0.00
5067402,1027650,17,3,12.49,0.00
5067403,1027650,18,1,5.49,0.00
5067404,1027650,27,1,2.49,0.00
5067405,1027650,5,2,13.49,0.00
5067406,1027651,13,1,9.99,1.50
5067407,1027651,23,1,3.99,0.60
5067408,1027652,1,1,11.49,0.00
5067409,1027652,22,1,4.49,0.00
5067410,1027652,31,1,3.49,0.00
5067411,1027652,34,1,4.49,0.00
5067412,1027653,5,1,13.49,0.00
5067413,1027654,15,1,10.99,0.00
5067414,1027654,22,1,4.49,0.00
5067415,1027655,1,1,11.49,0.00
5067416,1027656,5,1,13.49,2.02
5067417,1027656,18,2,5.49,1.65
5067418,1027656,26,1,2.49,0.37
5067419,1027657,16,1,10.49,0.00
5067420,1027658,16,1,10.49,0.00
5067421,1027659,15,1,10.99,0.00
5067422,1027660,1,1,11.49,0.00
5067423,1027660,35,1,2.99,0.00
5067424,1027661,2,1,11.99,0.00
5067425,1027661,24,1,3.49,0.00
5067426,1027662,4,1,14.99,0.00
5067427,1027662,21,1,3.99,0.00
5067428,1027662,13,1,9.99,0.00
5067429,1027663,5,1,13.49,0.00
5067430,1027663,26,1,2.49,0.00
5067431,1027664,15,1,10.99,0.00
5067432,1027664,22,1,4.49,0.00
5067433,1027664,20,2,4.49,0.00
5067434,1027665,17,3,12.49,0.00
5067435,1027666,3,1,10.49,0.00
5067436,1027666,19,1,3.99,0.00
5067437,1027666,13,1,9.99,0.00
5067438,1027666,31,1,3.49,0.00
5067439,1027667,17,1,12.49,0.00
5067440,1027667,27,2,2.49,0.00
5067441,1027668,6,1,12.99,0.00
5067442,1027669,14,1,10.49,0.00
5067443,1027669,1,-1,11.49,0.00
5067444,1027670,4,1,14.99,0.00
5067445,1027671,13,2,9.99,0.00
5067446,1027671,14,2,10.49,0.00
5067447,1027671,29,1,3.49,0.00
5067448,1027671,33,1,5.49,0.00
5067449,1027672,2,1,11.99,0.00
5067450,1027673,8,1,12.49,0.00
5067451,1027673,4,1,14.99,0.00
5067452,1027673,10,1,10.99,0.00
5067453,1027673,33,1,5.49,0.00
5067454,1027674,5,1,13.49,0.00
5067455,1027674,1,1,11.49,0.00
5067456,1027675,7,1,11.99,0.00
5067457,1027675,32,1,4.99,0.00
5067458,1027676,17,1,12.49,0.00
5067459,1027676,19,1,3.99,0.00
5067460,1027676,29,1,3.49,0.00
5067461,1027677,17,1,12.49,0.00
5067462,1027677,24,1,3.49,0.00
5067463,1027678,9,1,13.99,0.00
5067464,1027679,8,3,12.49,0.00
5067465,1027679,30,1,3.29,0.00
5067466,1027679,33,1,5.49,0.00
5067467,1027680,8,1,12.49,0.00
5067468,1027680,28,1,3.49,0.00
5067469,1027680,31,1,3.49,0.00
5067470,1027681,7,1,11.99,0.00
5067471,1027681,27,2,2.49,0.00
5067472,1027682,16,1,10.49,0.00
5067473,1027683,14,2,10.49,0.00
5067474,1027683,19,1,3.99,0.00
5067475,1027683,28,1,3.49,0.00
5067476,1027684,7,1,11.99,0.00
5067477,1027684,24,1,3.49,0.00
5067478,1027685,1,1,11.49,0.00
5067479,1027685,25,1,6.49,0.00
5067480,1027686,17,1,12.49,0.00
5067481,1027686,27,1,2.49,0.00
5067482,1027687,8,1,12.49,0.00
5067483,1027687,26,1,2.49,0.00
5067484,1027688,15,1,10.99,0.00
5067485,1027688,20,1,4.49,0.00
5067486,1027689,2,2,11.99,0.00
5067487,1027689,19,1,3.99,0.00
5067488,1027690,17,1,12.49,0.00
5067489,1027690,18,1,5.49,0.00
5067490,1027690,26,2,2.49,0.00
5067491,1027691,17,1,12.49,0.00
5067492,1027691,14,3,10.49,0.00
5067493,1027692,17,3,12.49,5.62
5067494,1027693,17,1,12.49,0.00
5067495,1027693,30,2,3.29,0.00
5067496,1027693,26,2,2.49,0.00
5067497,1027693,24,1,3.49,0.00
5067498,1027694,7,1,11.99,0.00
5067499,1027694,19,1,3.99,0.00
5067500,1027695,6,1,12.99,0.00
5067501,1027695,25,1,6.49,0.00
5067502,1027696,17,1,12.49,0.00
5067503,1027696,18,3,5.49,0.00
5067504,1027696,26,1,2.49,0.00
5067505,1027697,5,1,13.49,0.00
5067506,1027697,17,2,12.49,0.00
5067507,1027697,27,2,2.49,0.00
5067508,1027698,3,1,10.49,1.57
5067509,1027698,22,3,4.49,2.02
5067510,1027699,17,1,12.49,0.00
5067511,1027699,18,1,5.49,0.00
5067512,1027699,19,2,3.99,0.00
5067513,1027699,25,1,6.49,0.00
5067514,1027700,2,1,11.99,0.00
5067515,1027700,32,1,4.99,0.00
5067516,1027700,21,1,3.99,0.00
5067517,1027700,27,1,2.49,0.00
5067518,1027701,13,3,9.99,0.00
5067519,1027701,21,1,3.99,0.00
5067520,1027701,32,1,4.99,0.00
5067521,1027701,31,1,3.49,0.00
5067522,1027701,23,1,3.99,0.00
5067523,1027702,11,1,13.49,0.00
5067524,1027702,29,1,3.49,0.00
5067525,1027703,17,1,12.49,1.87
5067526,1027703,32,1,4.99,0.75
5067527,1027703,24,1,3.49,0.52
5067528,1027703,26,1,2.49,0.37
5067529,1027704,3,1,10.49,0.00
5067530,1027704,22,1,4.49,0.00
5067531,1027704,26,2,2.49,0.00
5067532,1027704,24,1,3.49,0.00
5067533,1027705,17,1,12.49,0.00
5067534,1027705,5,1,13.49,0.00
5067535,1027706,7,1,11.99,0.00
5067536,1027706,33,1,5.49,0.00
5067537,1027706,32,1,4.99,0.00
5067538,1027707,17,1,12.49,0.00
5067539,1027707,21,2,3.99,0.00
5067540,1027707,22,1,4.49,0.00
5067541,1027708,10,1,10.99,0.00
5067542,1027708,18,1,5.49,0.00
5067543,1027709,13,1,9.99,0.00
5067544,1027709,23,1,3.99,0.00
5067545,1027710,12,1,18.99,0.00
5067546,1027711,17,1,12.49,0.00
5067547,1027711,32,1,4.99,0.00
5067548,1027712,17,1,12.49,0.00
5067549,1027713,15,1,10.99,0.00
5067550,1027713,29,1,3.49,0.00
5067551,1027713,24,1,3.49,0.00
5067552,1027714,17,1,12.49,0.00
5067553,1027715,3,1,10.49,0.00
5067554,1027715,20,3,4.49,0.00
5067555,1027715,32,1,4.99,0.00
5067556,1027715,29,1,3.49,0.00
5067557,1027716,17,1,12.49,0.00
5067558,1027716,23,1,3.99,0.00
5067559,1027716,22,1,4.49,0.00
5067560,1027717,17,1,12.49,0.00
5067561,1027717,22,1,4.49,0.00
5067562,1027718,3,1,10.49,0.00
5067563,1027718,29,3,3.49,0.00
5067564,1027719,1,1,11.49,0.00
5067565,1027720,11,1,13.49,0.00
5067566,1027720,35,1,2.99,0.00
5067567,1027720,20,1,4.49,0.00
5067568,1027720,28,1,3.49,0.00
5067569,1027721,9,1,13.99,0.00
5067570,1027721,28,1,3.49,0.00
5067571,1027722,7,1,11.99,0.00
5067572,1027722,26,1,2.49,0.00
5067573,1027722,27,1,2.49,0.00
5067574,1027723,16,2,10.49,0.00
5067575,1027723,25,1,6.49,0.00
5067576,1027724,16,1,10.49,0.00
5067577,1027724,26,1,2.49,0.00
5067578,1027725,10,3,10.99,0.00
5067579,1027725,26,1,2.49,0.00
5067580,1027726,2,1,11.99,0.00
5067581,1027726,21,1,3.99,0.00
5067582,1027726,20,1,4.49,0.00
5067583,1027727,5,1,13.49,0.00
5067584,1027728,14,1,10.49,1.57
5067585,1027728,34,1,4.49,0.67
5067586,1027728,26,1,2.49,0.37
5067587,1027728,1,1,11.49,1.72
5067588,1027729,11,1,13.49,0.00
5067589,1027729,32,1,4.99,0.00
5067590,1027730,14,1,10.49,0.00
5067591,1027730,25,1,6.49,0.00
5067592,1027731,11,1,13.49,0.00
5067593,1027731,27,1,2.49,0.00
5067594,1027731,23,1,3.99,0.00
5067595,1027732,6,1,12.99,0.00
5067596,1027733,14,1,10.49,0.00
5067597,1027733,32,1,4.99,0.00
5067598,1027734,1,1,11.49,0.00
5067599,1027734,24,1,3.49,0.00
5067600,1027734,2,1,11.99,0.00
5067601,1027734,33,1,5.49,0.00
5067602,1027735,11,1,13.49,0.00
5067603,1027735,27,1,2.49,0.00
5067604,1027735,18,1,5.49,0.00
5067605,1027735,19,1,3.99,0.00
5067606,1027736,10,1,10.99,0.00
5067607,1027736,20,1,4.49,0.00
5067608,1027737,7,1,11.99,0.00
5067609,1027737,27,1,2.49,0.00
5067610,1027737,31,1,3.49,0.00
5067611,1027738,4,1,14.99,0.00
5067612,1027738,18,1,5.49,0.00
5067613,1027738,20,1,4.49,0.00
5067614,1027739,17,1,12.49,0.00
5067615,1027740,1,1,11.49,0.00
5067616,1027740,29,1,3.49,0.00
5067617,1027740,21,1,3.99,0.00
5067618,1027741,15,1,10.99,0.00
5067619,1027741,8,1,12.49,0.00
5067620,1027742,8,1,12.49,0.00
5067621,1027742,24,1,3.49,0.00
5067622,1027742,20,1,4.49,0.00
5067623,1027742,21,1,3.99,0.00
5067624,1027742,23,1,3.99,0.00
5067625,1027743,1,1,11.49,0.00
5067626,1027744,16,2,10.49,0.00
5067627,1027744,25,1,6.49,0.00
5067628,1027744,20,1,4.49,0.00
5067629,1027745,1,1,11.49,0.00
5067630,1027746,2,1,11.99,0.00
5067631,1027746,32,1,4.99,0.00
5067632,1027746,21,2,3.99,0.00
5067633,1027747,8,1,12.49,0.00
5067634,1027747,19,1,3.99,0.00
5067635,1027748,8,1,12.49,0.00
5067636,1027749,4,1,14.99,0.00
5067637,1027749,33,1,5.49,0.00
5067638,1027749,31,1,3.49,0.00
5067639,1027749,23,1,3.99,0.00
5067640,1027750,3,2,10.49,0.00
5067641,1027750,20,1,4.49,0.00
5067642,1027751,11,1,13.49,0.00
5067643,1027752,12,1,18.99,0.00
5067644,1027753,17,-1,12.49,0.00
5067645,1027754,8,1,12.49,0.00
5067646,1027755,7,2,11.99,3.60
5067647,1027755,21,1,3.99,0.60
5067648,1027756,10,1,10.99,0.00
5067649,1027756,14,1,10.49,0.00
5067650,1027756,19,1,3.99,0.00
5067651,1027757,5,3,13.49,0.00
5067652,1027757,21,1,3.99,0.00
5067653,1027757,26,1,2.49,0.00
5067654,1027757,27,2,2.49,0.00
5067655,1027757,34,1,4.49,0.00
5067656,1027758,6,1,12.99,0.00
5067657,1027759,17,1,12.49,0.00
5067658,1027759,33,1,5.49,0.00
5067659,1027760,9,1,13.99,0.00
5067660,1027760,29,1,3.49,0.00
5067661,1027761,4,1,14.99,0.00
5067662,1027761,19,1,3.99,0.00
5067663,1027761,30,1,3.29,0.00
5067664,1027761,9,1,13.99,0.00
5067665,1027762,16,1,10.49,0.00
5067666,1027762,34,1,4.49,0.00
5067667,1027762,31,1,3.49,0.00
5067668,1027763,6,1,12.99,1.95
5067669,1027763,21,2,3.99,1.20
5067670,1027763,23,1,3.99,0.60
5067671,1027763,25,1,6.49,0.97
5067672,1027763,33,1,5.49,0.82
5067673,1027764,8,1,12.49,0.00
5067674,1027764,21,1,3.99,0.00
5067675,1027765,15,1,10.99,0.00
5067676,1027765,21,1,3.99,0.00
5067677,1027766,17,1,12.49,0.00
5067678,1027766,19,1,3.99,0.00
5067679,1027767,17,2,12.49,0.00
5067680,1027767,30,1,3.29,0.00
5067681,1027768,5,1,13.49,0.00
5067682,1027769,12,1,18.99,0.00
5067683,1027769,25,1,6.49,0.00
5067684,1027769,27,1,2.49,0.00
5067685,1027770,12,1,18.99,0.00
5067686,1027770,19,1,3.99,0.00
5067687,1027771,17,1,12.49,0.00
5067688,1027771,35,2,2.99,0.00
5067689,1027771,31,3,3.49,0.00
5067690,1027772,17,1,12.49,0.00
5067691,1027772,26,2,2.49,0.00
5067692,1027772,28,1,3.49,0.00
5067693,1027772,18,1,5.49,0.00
5067694,1027772,24,1,3.49,0.00
5067695,1027773,2,1,11.99,0.00
5067696,1027773,26,1,2.49,0.00
5067697,1027774,10,1,10.99,0.00
5067698,1027774,34,2,4.49,0.00
5067699,1027774,21,1,3.99,0.00
5067700,1027775,2,1,11.99,0.00
5067701,1027775,25,1,6.49,0.00
5067702,1027775,31,1,3.49,0.00
5067703,1027775,20,1,4.49,0.00
5067704,1027776,6,1,12.99,0.00
5067705,1027776,3,1,10.49,0.00
5067706,1027776,29,1,3.49,0.00
5067707,1027777,6,1,12.99,0.00
5067708,1027777,24,2,3.49,0.00
5067709,1027777,19,1,3.99,0.00
5067710,1027778,2,1,11.99,0.00
5067711,1027778,27,1,2.49,0.00
5067712,1027778,19,1,3.99,0.00
5067713,1027779,17,1,12.49,0.00
5067714,1027779,29,1,3.49,0.00
5067715,1027779,19,1,3.99,0.00
5067716,1027780,8,1,12.49,0.00
5067717,1027780,29,1,3.49,0.00
5067718,1027780,24,1,3.49,0.00
5067719,1027780,25,3,6.49,0.00
5067720,1027780,26,1,2.49,0.00
5067721,1027780,12,1,18.99,0.00
5067722,1027781,16,1,10.49,0.00
5067723,1027782,15,1,10.99,0.00
5067724,1027782,33,1,5.49,0.00
5067725,1027783,9,1,13.99,0.00
5067726,1027784,17,1,12.49,0.00
5067727,1027784,19,1,3.99,0.00
5067728,1027785,5,2,13.49,0.00
5067729,1027785,31,1,3.49,0.00
5067730,1027785,30,1,3.29,0.00
5067731,1027785,25,2,6.49,0.00
5067732,1027786,17,1,12.49,0.00
5067733,1027786,28,1,3.49,0.00
5067734,1027786,29,1,3.49,0.00
5067735,1027786,19,1,3.99,0.00
5067736,1027787,1,3,11.49,0.00
5067737,1027787,27,1,2.49,0.00
5067738,1027787,26,1,2.49,0.00
5067739,1027787,29,2,3.49,0.00
5067740,1027787,31,1,3.49,0.00
5067741,1027788,17,1,12.49,0.00
5067742,1027788,29,1,3.49,0.00
5067743,1027788,19,1,3.99,0.00
5067744,1027788,30,1,3.29,0.00
5067745,1027788,21,1,3.99,0.00
5067746,1027789,17,1,12.49,0.00
5067747,1027789,31,2,3.49,0.00
5067748,1027790,5,1,13.49,0.00
5067749,1027791,15,3,10.99,0.00
5067750,1027791,21,1,3.99,0.00
5067751,1027791,13,1,9.99,0.00
5067752,1027792,11,1,13.49,0.00
5067753,1027792,30,1,3.29,0.00
5067754,1027792,35,1,2.99,0.00
5067755,1027792,32,1,4.99,0.00
5067756,1027792,21,2,3.99,0.00
5067757,1027793,1,1,11.49,0.00
5067758,1027793,32,1,4.99,0.00
5067759,1027793,22,1,4.49,0.00
5067760,1027793,31,1,3.49,0.00
5067761,1027794,13,1,9.99,0.00
5067762,1027795,4,2,14.99,0.00
5067763,1027796,17,1,12.49,0.00
5067764,1027797,17,1,12.49,0.00
5067765,1027797,20,2,4.49,0.00
5067766,1027797,30,1,3.29,0.00
5067767,1027797,25,1,6.49,0.00
5067768,1027797,19,1,3.99,0.00
5067769,1027798,14,1,10.49,0.00
5067770,1027798,23,2,3.99,0.00
5067771,1027798,32,1,4.99,0.00
5067772,1027799,9,1,13.99,0.00
5067773,1027799,19,2,3.99,0.00
5067774,1027800,1,1,11.49,1.72
5067775,1027800,27,1,2.49,0.37
5067776,1027800,21,1,3.99,0.60
5067777,1027801,7,1,11.99,0.00
5067778,1027801,28,1,3.49,0.00
5067779,1027801,33,1,5.49,0.00
5067780,1027801,27,1,2.49,0.00
5067781,1027802,17,1,12.49,0.00
5067782,1027802,26,1,2.49,0.00
5067783,1027803,8,1,12.49,0.00
5067784,1027803,27,1,2.49,0.00
5067785,1027804,14,1,10.49,0.00
5067786,1027804,21,1,3.99,0.00
5067787,1027805,13,1,9.99,0.00
5067788,1027806,17,1,12.49,0.00
5067789,1027806,3,1,10.49,0.00
5067790,1027806,21,0,3.99,0.00
5067791,1027807,7,1,11.99,0.00
5067792,1027807,26,1,2.49,0.00
5067793,1027807,19,1,3.99,0.00
5067794,1027808,7,1,11.99,0.00
5067795,1027809,3,1,10.49,0.00
5067796,1027809,28,1,3.49,0.00
5067797,1027810,2,1,11.99,0.00
5067798,1027810,21,1,3.99,0.00
5067799,1027810,17,1,12.49,0.00
5067800,1027811,9,1,13.99,2.10
5067801,1027811,31,1,3.49,0.52
5067802,1027812,7,1,11.99,0.00
5067803,1027812,24,1,3.49,0.00
5067804,1027812,20,1,4.49,0.00
5067805,1027813,9,1,13.99,0.00
5067806,1027814,14,1,10.49,0.00
5067807,1027815,3,1,10.49,0.00
5067808,1027816,15,1,10.99,0.00
5067809,1027817,3,1,10.49,0.00
5067810,1027817,34,1,4.49,0.00
5067811,1027818,3,1,10.49,0.00
5067812,1027818,27,1,2.49,0.00
5067813,1027819,9,1,13.99,0.00
5067814,1027819,21,1,3.99,0.00
5067815,1027820,11,1,13.49,0.00
5067816,1027820,31,1,3.49,0.00
5067817,1027821,4,1,14.99,0.00
5067818,1027822,6,1,12.99,0.00
5067819,1027822,19,1,3.99,0.00
5067820,1027822,15,3,10.99,0.00
5067821,1027822,23,1,3.99,0.00
5067822,1027823,17,1,12.49,0.00
5067823,1027823,26,1,2.49,0.00
5067824,1027824,17,0,12.49,0.00
5067825,1027824,30,1,3.29,0.00
5067826,1027825,1,2,11.49,0.00
5067827,1027825,14,1,10.49,0.00
5067828,1027826,9,1,13.99,0.00
5067829,1027826,19,1,3.99,0.00
5067830,1027826,29,2,3.49,0.00
5067831,1027827,5,1,13.49,0.00
5067832,1027827,18,1,5.49,0.00
5067833,1027828,6,1,12.99,0.00
5067834,1027828,26,1,2.49,0.00
5067835,1027828,19,1,3.99,0.00
5067836,1027829,1,1,11.49,0.00
5067837,1027829,20,1,4.49,0.00
5067838,1027829,33,1,5.49,0.00
5067839,1027830,13,1,9.99,0.00
5067840,1027830,23,2,3.99,0.00
5067841,1027830,27,1,2.49,0.00
5067842,1027831,5,1,13.49,0.00
5067843,1027832,14,1,10.49,1.57
5067844,1027832,24,1,3.49,0.52
5067845,1027833,1,1,11.49,0.00
5067846,1027833,18,2,5.49,0.00
5067847,1027834,12,1,18.99,0.00
5067848,1027834,22,1,4.49,0.00
5067849,1027835,5,1,13.49,0.00
5067850,1027836,5,2,13.49,0.00
5067851,1027836,18,1,5.49,0.00
5067852,1027836,28,1,3.49,0.00
5067853,1027837,16,1,10.49,0.00
5067854,1027837,26,1,2.49,0.00
5067855,1027837,29,1,3.49,0.00
5067856,1027838,12,2,18.99,0.00
5067857,1027838,22,2,4.49,0.00
5067858,1027838,23,1,3.99,0.00
5067859,1027838,31,3,3.49,0.00
5067860,1027838,27,3,2.49,0.00
5067861,1027839,6,1,12.99,0.00
5067862,1027839,20,1,4.49,0.00
5067863,1027839,8,1,12.49,0.00
5067864,1027839,35,1,2.99,0.00
5067865,1027840,3,1,10.49,0.00
5067866,1027840,31,1,3.49,0.00
5067867,1027840,33,1,5.49,0.00
5067868,1027841,1,2,11.49,0.00
5067869,1027841,21,1,3.99,0.00
5067870,1027841,26,-2,2.49,0.00
5067871,1027842,7,1,11.99,0.00
5067872,1027842,33,1,5.49,0.00
5067873,1027843,2,1,11.99,0.00
5067874,1027843,27,1,2.49,0.00
5067875,1027844,17,1,12.49,0.00
5067876,1027845,8,1,12.49,0.00
5067877,1027845,15,1,10.99,0.00
5067878,1027845,18,2,5.49,0.00
5067879,1027845,19,1,3.99,0.00
5067880,1027846,6,2,12.99,0.00
5067881,1027847,17,1,12.49,0.00
5067882,1027847,19,1,3.99,0.00
5067883,1027848,7,1,11.99,0.00
5067884,1027848,33,3,5.49,0.00
5067885,1027848,30,1,3.29,0.00
5067886,1027849,16,1,10.49,0.00
5067887,1027849,19,1,3.99,0.00
5067888,1027849,26,1,2.49,0.00
5067889,1027850,11,1,13.49,0.00
5067890,1027851,2,1,11.99,0.00
5067891,1027851,27,1,2.49,0.00
5067892,1027852,11,1,13.49,0.00
5067893,1027852,5,1,13.49,0.00
5067894,1027853,1,1,11.49,1.72
5067895,1027854,8,1,12.49,0.00
5067896,1027854,26,1,2.49,0.00
5067897,1027854,29,2,3.49,0.00
5067898,1027855,15,1,10.99,0.00
5067899,1027855,21,1,3.99,0.00
5067900,1027855,22,1,4.49,0.00
5067901,1027856,15,1,10.99,0.00
5067902,1027856,26,1,2.49,0.00
5067903,1027857,3,1,10.49,0.00
5067904,1027857,18,2,5.49,0.00
5067905,1027858,3,1,10.49,0.00
5067906,1027858,27,2,2.49,0.00
5067907,1027859,9,1,13.99,0.00
5067908,1027860,10,1,10.99,0.00
5067909,1027860,18,2,5.49,0.00
5067910,1027860,26,1,2.49,0.00
5067911,1027861,15,1,10.99,0.00
5067912,1027862,17,1,12.49,0.00
5067913,1027862,21,1,3.99,0.00
5067914,1027862,27,1,2.49,0.00
5067915,1027862,35,1,2.99,0.00
5067916,1027863,17,1,12.49,0.00
5067917,1027864,3,1,10.49,0.00
5067918,1027865,2,1,11.99,0.00
5067919,1027865,20,1,4.49,0.00
5067920,1027866,2,1,11.99,0.00
5067921,1027867,6,3,12.99,0.00
5067922,1027868,5,1,13.49,0.00
5067923,1027868,22,1,4.49,0.00
5067924,1027868,18,1,5.49,0.00
5067925,1027869,4,1,14.99,2.25
5067926,1027870,14,1,10.49,0.00
5067927,1027870,18,1,5.49,0.00
5067928,1027870,34,1,4.49,0.00
5067929,1027870,26,1,2.49,0.00
5067930,1027870,27,1,2.49,0.00
5067931,1027870,21,1,3.99,0.00
5067932,1027871,17,2,12.49,0.00
5067933,1027871,25,1,6.49,0.00
5067934,1027871,28,1,3.49,0.00
5067935,1027871,33,1,5.49,0.00
5067936,1027871,35,3,2.99,0.00
5067937,1027872,8,1,12.49,0.00
5067938,1027873,11,1,13.49,0.00
5067939,1027874,17,1,12.49,0.00
5067940,1027874,25,1,6.49,0.00
5067941,1027874,26,1,2.49,0.00
5067942,1027875,1,2,11.49,0.00
5067943,1027875,22,2,4.49,0.00
5067944,1027875,28,1,3.49,0.00
5067945,1027876,15,1,10.99,0.00
5067946,1027876,30,1,3.29,0.00
5067947,1027876,25,2,6.49,0.00
5067948,1027877,5,1,13.49,0.00
5067949,1027878,6,1,12.99,0.00
5067950,1027878,22,1,4.49,0.00
5067951,1027879,6,3,12.99,0.00
5067952,1027879,31,1,3.49,0.00
5067953,1027879,34,2,4.49,0.00
5067954,1027880,3,1,10.49,0.00
5067955,1027880,18,2,5.49,0.00
5067956,1027881,17,1,12.49,0.00
5067957,1027881,24,2,3.49,0.00
5067958,1027881,27,1,2.49,0.00
5067959,1027881,11,2,13.49,0.00
5067960,1027881,32,1,4.99,0.00
5067961,1027882,7,1,11.99,0.00
5067962,1027882,18,1,5.49,0.00
5067963,1027883,8,1,12.49,0.00
5067964,1027883,31,1,3.49,0.00
5067965,1027884,13,1,9.99,0.00
5067966,1027885,12,2,18.99,0.00
5067967,1027885,14,1,10.49,0.00
5067968,1027886,11,1,13.49,0.00
5067969,1027886,19,1,3.99,0.00
5067970,1027887,17,3,12.49,0.00
5067971,1027887,6,1,12.99,0.00
5067972,1027887,26,2,2.49,0.00
5067973,1027888,11,1,13.49,0.00
5067974,1027888,35,1,2.99,0.00
5067975,1027888,27,1,2.49,0.00
5067976,1027889,9,1,13.99,0.00
5067977,1027889,27,1,2.49,0.00
5067978,1027890,10,1,10.99,0.00
5067979,1027890,26,1,2.49,0.00
5067980,1027890,19,1,3.99,0.00
5067981,1027891,14,1,10.49,0.00
5067982,1027892,16,1,10.49,0.00
5067983,1027892,6,1,12.99,0.00
5067984,1027892,19,2,3.99,0.00
5067985,1027892,33,1,5.49,0.00
5067986,1027893,17,1,12.49,0.00
5067987,1027893,30,3,3.29,0.00
5067988,1027894,5,3,13.49,0.00
5067989,1027895,2,1,11.99,0.00
5067990,1027895,33,1,5.49,0.00
5067991,1027895,30,1,3.29,0.00
5067992,1027896,10,1,10.99,0.00
5067993,1027896,24,2,3.49,0.00
5067994,1027897,4,1,14.99,2.25
5067995,1027897,11,1,13.49,2.02
5067996,1027898,17,1,12.49,0.00
5067997,1027899,7,1,11.99,0.00
5067998,1027900,1,1,11.49,0.00
5067999,1027900,24,1,3.49,0.00
5068000,1027901,17,1,12.49,0.00
5068001,1027901,23,3,3.99,0.00
5068002,1027902,17,1,12.49,0.00
5068003,1027902,32,1,4.99,0.00
5068004,1027902,9,1,13.99,0.00
5068005,1027903,6,2,12.99,0.00
5068006,1027903,32,1,4.99,0.00
5068007,1027904,17,2,12.49,0.00
5068008,1027904,2,1,11.99,0.00
5068009,1027904,25,1,6.49,0.00
5068010,1027905,3,1,10.49,0.00
5068011,1027905,20,1,4.49,0.00
5068012,1027905,26,1,2.49,0.00
5068013,1027906,10,1,10.99,0.00
5068014,1027907,17,1,12.49,0.00
5068015,1027907,26,2,2.49,0.00
5068016,1027907,32,3,4.99,0.00
5068017,1027907,30,1,3.29,0.00
5068018,1027908,17,1,12.49,0.00
5068019,1027908,23,1,3.99,0.00
5068020,1027909,2,1,11.99,0.00
5068021,1027909,20,1,4.49,0.00
5068022,1027910,2,2,11.99,0.00
5068023,1027911,6,2,12.99,0.00
5068024,1027911,35,1,2.99,0.00
5068025,1027912,2,1,11.99,0.00
5068026,1027913,17,1,12.49,0.00
5068027,1027913,29,1,3.49,0.00
5068028,1027913,33,2,5.49,0.00
5068029,1027914,3,2,10.49,0.00
5068030,1027915,12,1,18.99,0.00
5068031,1027916,2,1,11.99,0.00
5068032,1027916,34,1,4.49,0.00
5068033,1027917,10,1,10.99,0.00
5068034,1027917,30,3,3.29,0.00
5068035,1027918,6,1,12.99,0.00
5068036,1027918,30,1,3.29,0.00
5068037,1027919,1,1,11.49,0.00
5068038,1027919,14,1,10.49,0.00
5068039,1027920,1,1,11.49,1.72
5068040,1027920,29,1,3.49,0.52
5068041,1027921,8,1,12.49,0.00
5068042,1027921,29,1,3.49,0.00
5068043,1027921,16,1,10.49,0.00
5068044,1027921,32,1,4.99,0.00
5068045,1027921,24,1,3.49,0.00
5068046,1027922,4,1,14.99,0.00
5068047,1027922,19,1,3.99,0.00
5068048,1027922,20,1,4.49,0.00
5068049,1027923,17,1,12.49,0.00
5068050,1027924,6,1,12.99,0.00
5068051,1027925,17,1,12.49,0.00
5068052,1027925,32,1,4.99,0.00
5068053,1027926,17,1,12.49,0.00
5068054,1027926,20,1,4.49,0.00
5068055,1027926,19,1,3.99,0.00
5068056,1027927,11,1,13.49,0.00
5068057,1027928,14,1,10.49,0.00
5068058,1027928,18,1,5.49,0.00
5068059,1027929,2,2,11.99,3.60
5068060,1027929,26,1,2.49,0.37
5068061,1027930,8,1,12.49,0.00
5068062,1027930,21,3,3.99,0.00
5068063,1027930,26,1,2.49,0.00
5068064,1027931,13,2,9.99,0.00
5068065,1027931,19,1,3.99,0.00
5068066,1027931,28,1,3.49,0.00
5068067,1027932,8,2,12.49,0.00
5068068,1027932,27,2,2.49,0.00
5068069,1027932,22,1,4.49,0.00
5068070,1027933,17,1,12.49,0.00
5068071,1027933,27,1,2.49,0.00
5068072,1027933,3,1,10.49,0.00
5068073,1027934,5,1,13.49,0.00
5068074,1027934,31,1,3.49,0.00
5068075,1027934,34,1,4.49,0.00
5068076,1027934,24,1,3.49,0.00
5068077,1027935,15,1,10.99,0.00
5068078,1027935,32,1,4.99,0.00
5068079,1027935,33,2,5.49,0.00
5068080,1027935,26,1,2.49,0.00
5068081,1027936,17,2,12.49,0.00
5068082,1027936,20,1,4.49,0.00
5068083,1027937,5,1,13.49,0.00
5068084,1027937,30,1,3.29,0.00
5068085,1027938,17,1,12.49,0.00
5068086,1027938,20,1,4.49,0.00
5068087,1027939,17,1,12.49,0.00
5068088,1027939,30,1,3.29,0.00
5068089,1027940,10,1,10.99,0.00
5068090,1027940,34,1,4.49,0.00
5068091,1027940,18,1,5.49,0.00
5068092,1027940,30,1,3.29,0.00
5068093,1027941,3,1,10.49,0.00
5068094,1027941,1,1,11.49,0.00
5068095,1027941,29,2,3.49,0.00
5068096,1027942,16,1,10.49,0.00
5068097,1027942,17,1,12.49,0.00
5068098,1027942,34,1,4.49,0.00
5068099,1027943,17,1,12.49,0.00
5068100,1027944,17,1,12.49,0.00
5068101,1027944,28,1,3.49,0.00
5068102,1027944,31,2,3.49,0.00
5068103,1027945,2,1,11.99,0.00
5068104,1027945,23,1,3.99,0.00
5068105,1027946,17,2,12.49,0.00
5068106,1027946,3,1,10.49,0.00
5068107,1027946,30,1,3.29,0.00
5068108,1027946,33,1,5.49,0.00
5068109,1027947,3,1,10.49,0.00
5068110,1027947,31,1,3.49,0.00
5068111,1027947,28,1,3.49,0.00
5068112,1027948,8,1,12.49,0.00
5068113,1027948,28,1,3.49,0.00
5068114,1027948,27,1,2.49,0.00
5068115,1027949,17,1,12.49,0.00
5068116,1027950,17,1,12.49,0.00
5068117,1027950,25,1,6.49,0.00
5068118,1027951,14,1,10.49,0.00
5068119,1027952,9,1,13.99,0.00
5068120,1027952,21,1,3.99,0.00
5068121,1027952,29,2,3.49,0.00
5068122,1027952,27,1,2.49,0.00
5068123,1027952,20,1,4.49,0.00
5068124,1027953,1,1,11.49,0.00
5068125,1027953,21,2,3.99,0.00
5068126,1027954,1,1,11.49,1.72
5068127,1027954,26,1,2.49,0.37
5068128,1027954,21,1,3.99,0.60
5068129,1027955,15,1,10.99,0.00
5068130,1027955,27,1,2.49,0.00
5068131,1027955,29,2,3.49,0.00
5068132,1027955,22,1,4.49,0.00
5068133,1027956,2,2,11.99,0.00
5068134,1027956,21,1,3.99,0.00
5068135,1027957,17,2,12.49,0.00
5068136,1027957,23,2,3.99,0.00
5068137,1027957,28,1,3.49,0.00
5068138,1027958,2,1,11.99,0.00
5068139,1027958,27,1,2.49,0.00
5068140,1027959,5,1,13.49,0.00
5068141,1027959,20,1,4.49,0.00
5068142,1027960,17,1,12.49,0.00
5068143,1027960,23,1,3.99,0.00
5068144,1027960,25,3,6.49,0.00
5068145,1027960,21,1,3.99,0.00
5068146,1027960,19,1,3.99,0.00
5068147,1027961,17,1,12.49,0.00
5068148,1027962,5,1,13.49,2.02
5068149,1027963,17,1,12.49,1.87
5068150,1027963,28,1,3.49,0.52
5068151,1027964,17,1,12.49,0.00
5068152,1027964,27,1,2.49,0.00
5068153,1027964,25,1,6.49,0.00
5068154,1027964,31,1,3.49,0.00
5068155,1027964,28,1,3.49,0.00
5068156,1027965,15,1,10.99,1.65
5068157,1027965,30,2,3.29,0.99
5068158,1027966,8,1,12.49,0.00
5068159,1027966,20,1,4.49,0.00
5068160,1027967,6,1,12.99,0.00
5068161,1027967,31,1,3.49,0.00
5068162,1027968,3,1,10.49,0.00
5068163,1027969,15,1,10.99,0.00
5068164,1027969,28,1,3.49,0.00
5068165,1027970,6,1,12.99,0.00
5068166,1027971,3,1,10.49,0.00
5068167,1027971,26,2,2.49,0.00
5068168,1027972,8,1,12.49,0.00
5068169,1027972,18,1,5.49,0.00
5068170,1027972,31,1,3.49,0.00
5068171,1027972,23,1,3.99,0.00
5068172,1027973,3,1,10.49,0.00
5068173,1027973,30,2,3.29,0.00
5068174,1027974,1,1,11.49,0.00
5068175,1027975,1,1,11.49,0.00
5068176,1027976,3,1,10.49,0.00
5068177,1027976,28,1,3.49,0.00
5068178,1027976,29,1,3.49,0.00
5068179,1027977,17,1,12.49,0.00
5068180,1027977,29,2,3.49,0.00
5068181,1027978,11,0,13.49,0.00
5068182,1027978,19,1,3.99,0.00
5068183,1027978,18,1,5.49,0.00
5068184,1027979,1,1,11.49,0.00
5068185,1027980,7,1,11.99,0.00
5068186,1027980,28,1,3.49,0.00
5068187,1027980,30,4,3.29,0.00
5068188,1027981,9,1,13.99,0.00
5068189,1027981,30,1,3.29,0.00
5068190,1027981,28,1,3.49,0.00
5068191,1027982,1,1,11.49,0.00
5068192,1027982,28,1,3.49,0.00
5068193,1027982,22,2,4.49,0.00
5068194,1027983,9,1,13.99,0.00
5068195,1027983,25,1,6.49,0.00
5068196,1027983,32,1,4.99,0.00
5068197,1027983,30,2,3.29,0.00
5068198,1027983,18,1,5.49,0.00
5068199,1027984,2,1,11.99,0.00
5068200,1027984,27,1,2.49,0.00
5068201,1027985,2,1,11.99,0.00
5068202,1027986,17,2,12.49,0.00
5068203,1027986,32,1,4.99,0.00
5068204,1027986,34,1,4.49,0.00
5068205,1027986,26,1,2.49,0.00
5068206,1027986,21,1,3.99,0.00
5068207,1027987,17,3,12.49,0.00
5068208,1027987,18,3,5.49,0.00
5068209,1027988,5,1,13.49,0.00
5068210,1027989,17,1,12.49,0.00
5068211,1027989,31,1,3.49,0.00
5068212,1027990,5,1,13.49,0.00
5068213,1027990,33,1,5.49,0.00
5068214,1027990,26,1,2.49,0.00
5068215,1027990,27,1,2.49,0.00
5068216,1027990,31,1,3.49,0.00
5068217,1027991,17,2,12.49,0.00
5068218,1027991,19,1,3.99,0.00
5068219,1027991,34,1,4.49,0.00
5068220,1027992,17,1,12.49,0.00
5068221,1027992,26,1,2.49,0.00
5068222,1027992,29,1,3.49,0.00
5068223,1027992,24,1,3.49,0.00
5068224,1027993,7,1,11.99,0.00
5068225,1027993,18,2,5.49,0.00
5068226,1027993,34,1,4.49,0.00
5068227,1027994,17,1,12.49,0.00
5068228,1027994,24,1,3.49,0.00
5068229,1027994,21,1,3.99,0.00
5068230,1027995,4,1,14.99,0.00
5068231,1027995,11,1,13.49,0.00
5068232,1027995,19,2,3.99,0.00
5068233,1027995,35,1,2.99,0.00
5068234,1027995,20,1,4.49,0.00
5068235,1027996,5,1,13.49,0.00
5068236,1027996,18,1,5.49,0.00
5068237,1027996,21,1,3.99,0.00
5068238,1027997,7,1,11.99,0.00
5068239,1027997,21,1,3.99,0.00
5068240,1027998,2,1,11.99,0.00
5068241,1027998,20,2,4.49,0.00
5068242,1027999,8,1,12.49,0.00
5068243,1027999,34,1,4.49,0.00
5068244,1027999,32,1,4.99,0.00
5068245,1027999,18,1,5.49,0.00
5068246,1027999,26,1,2.49,0.00
5068247,1028000,1,1,11.49,0.00
5068248,1028000,28,1,3.49,0.00
5068249,1028001,2,1,11.99,0.00
5068250,1028001,22,1,4.49,0.00
5068251,1028002,15,1,10.99,0.00
5068252,1028002,33,1,5.49,0.00
5068253,1028002,2,1,11.99,0.00
5068254,1028003,2,1,11.99,0.00
5068255,1028003,35,1,2.99,0.00
5068256,1028003,27,1,2.49,0.00
5068257,1028004,5,3,13.49,0.00
5068258,1028004,27,1,2.49,0.00
5068259,1028004,28,1,3.49,0.00
5068260,1028004,26,1,2.49,0.00
5068261,1028005,7,1,11.99,0.00
5068262,1028005,21,2,3.99,0.00
5068263,1028006,3,1,10.49,0.00
5068264,1028007,17,1,12.49,0.00
5068265,1028007,31,1,3.49,0.00
5068266,1028007,19,2,3.99,0.00
5068267,1028008,17,1,12.49,1.87
5068268,1028008,2,1,11.99,1.80
5068269,1028008,30,2,3.29,0.99
5068270,1028009,7,1,11.99,0.00
5068271,1028009,20,1,4.49,0.00
5068272,1028009,21,1,3.99,0.00
5068273,1028010,8,1,12.49,0.00
5068274,1028011,5,2,13.49,4.05
5068275,1028011,18,1,5.49,0.82
5068276,1028011,28,1,3.49,0.52
5068277,1028012,5,1,13.49,0.00
5068278,1028012,35,1,2.99,0.00
5068279,1028012,19,1,3.99,0.00
5068280,1028013,17,1,12.49,0.00
5068281,1028014,17,1,12.49,0.00
5068282,1028014,30,2,3.29,0.00
5068283,1028014,26,2,2.49,0.00
5068284,1028014,5,1,13.49,0.00
5068285,1028014,14,1,10.49,0.00
5068286,1028015,17,1,12.49,0.00
5068287,1028016,1,3,11.49,0.00
5068288,1028016,26,1,2.49,0.00
5068289,1028016,22,1,4.49,0.00
5068290,1028017,3,1,10.49,0.00
5068291,1028017,27,1,2.49,0.00
5068292,1028017,28,1,3.49,0.00
5068293,1028017,26,3,2.49,0.00
5068294,1028018,15,1,10.99,0.00
5068295,1028018,31,1,3.49,0.00
5068296,1028018,19,1,3.99,0.00
5068297,1028018,30,1,3.29,0.00
5068298,1028019,16,1,10.49,0.00
5068299,1028019,32,1,4.99,0.00
5068300,1028019,18,0,5.49,0.00
5068301,1028020,13,1,9.99,0.00
5068302,1028020,34,1,4.49,0.00
5068303,1028020,26,1,2.49,0.00
5068304,1028020,27,1,2.49,0.00
5068305,1028021,8,1,12.49,0.00
5068306,1028022,17,1,12.49,0.00
5068307,1028022,26,1,2.49,0.00
5068308,1028023,2,-1,11.99,0.00
5068309,1028023,19,1,3.99,0.00
5068310,1028024,3,1,10.49,0.00
5068311,1028024,27,2,2.49,0.00
5068312,1028024,18,1,5.49,0.00
5068313,1028025,17,1,12.49,0.00
5068314,1028025,27,1,2.49,0.00
5068315,1028025,34,1,4.49,0.00
5068316,1028025,20,1,4.49,0.00
5068317,1028026,17,1,12.49,0.00
5068318,1028026,26,3,2.49,0.00
5068319,1028026,30,1,3.29,0.00
5068320,1028027,12,1,18.99,0.00
5068321,1028027,28,1,3.49,0.00
5068322,1028027,22,2,4.49,0.00
5068323,1028027,27,2,2.49,0.00
5068324,1028028,17,1,12.49,0.00
5068325,1028028,35,2,2.99,0.00
5068326,1028028,23,1,3.99,0.00
5068327,1028028,33,1,5.49,0.00
5068328,1028029,2,1,11.99,0.00
5068329,1028029,22,1,4.49,0.00
5068330,1028030,17,1,12.49,0.00
5068331,1028030,30,1,3.29,0.00
5068332,1028031,3,1,10.49,0.00
5068333,1028031,29,2,3.49,0.00
5068334,1028031,26,1,2.49,0.00
5068335,1028031,27,1,2.49,0.00
5068336,1028031,31,1,3.49,0.00
5068337,1028032,5,2,13.49,0.00
5068338,1028032,18,1,5.49,0.00
5068339,1028032,28,1,3.49,0.00
5068340,1028033,10,1,10.99,0.00
5068341,1028033,28,1,3.49,0.00
5068342,1028034,3,2,10.49,0.00
5068343,1028034,32,1,4.99,0.00
5068344,1028035,9,1,13.99,0.00
5068345,1028035,19,2,3.99,0.00
5068346,1028036,3,1,10.49,0.00
5068347,1028036,32,1,4.99,0.00
5068348,1028037,8,1,12.49,1.87
5068349,1028037,23,1,3.99,0.60
5068350,1028037,32,2,4.99,1.50
5068351,1028038,5,2,13.49,0.00
5068352,1028038,27,1,2.49,0.00
5068353,1028038,34,1,4.49,0.00
5068354,1028038,32,2,4.99,0.00
5068355,1028039,4,1,14.99,0.00
5068356,1028039,26,1,2.49,0.00
5068357,1028039,30,1,3.29,0.00
5068358,1028040,8,1,12.49,0.00
5068359,1028041,12,2,18.99,0.00
5068360,1028041,32,1,4.99,0.00
5068361,1028042,5,1,13.49,0.00
5068362,1028042,27,1,2.49,0.00
5068363,1028043,9,1,13.99,2.10
5068364,1028044,12,1,18.99,0.00
5068365,1028044,30,1,3.29,0.00
5068366,1028045,3,1,10.49,0.00
5068367,1028045,26,1,2.49,0.00
5068368,1028045,20,2,4.49,0.00
5068369,1028046,17,1,12.49,0.00
5068370,1028046,27,1,2.49,0.00
5068371,1028047,5,1,13.49,0.00
5068372,1028047,30,1,3.29,0.00
5068373,1028047,20,1,4.49,0.00
5068374,1028048,2,1,11.99,0.00
5068375,1028048,29,1,3.49,0.00
5068376,1028048,21,1,3.99,0.00
5068377,1028048,31,2,3.49,0.00
5068378,1028049,12,1,18.99,0.00
5068379,1028050,14,1,10.49,0.00
5068380,1028050,27,2,2.49,0.00
5068381,1028051,17,1,12.49,0.00
5068382,1028052,4,1,14.99,0.00
5068383,1028052,18,1,5.49,0.00
5068384,1028053,8,1,12.49,0.00
5068385,1028053,29,1,3.49,0.00
5068386,1028053,26,1,2.49,0.00
5068387,1028054,7,1,11.99,1.80
5068388,1028054,18,1,5.49,0.82
5068389,1028055,11,4,13.49,0.00
5068390,1028056,17,1,12.49,0.00
5068391,1028056,21,3,3.99,0.00
5068392,1028056,27,1,2.49,0.00
5068393,1028057,7,1,11.99,0.00
5068394,1028057,26,1,2.49,0.00
5068395,1028057,20,1,4.49,0.00
5068396,1028057,18,3,5.49,0.00
5068397,1028058,5,1,13.49,0.00
5068398,1028058,23,1,3.99,0.00
5068399,1028059,17,1,12.49,0.00
5068400,1028059,27,1,2.49,0.00
5068401,1028059,28,1,3.49,0.00
5068402,1028060,11,1,13.49,0.00
5068403,1028061,17,4,12.49,0.00
5068404,1028061,35,1,2.99,0.00
5068405,1028062,6,2,12.99,0.00
5068406,1028063,3,1,10.49,0.00
5068407,1028063,34,1,4.49,0.00
5068408,1028064,17,1,12.49,0.00
5068409,1028065,15,1,10.99,0.00
5068410,1028065,18,1,5.49,0.00
5068411,1028066,17,1,12.49,0.00
5068412,1028066,18,1,5.49,0.00
5068413,1028067,4,1,14.99,0.00
5068414,1028067,31,1,3.49,0.00
5068415,1028068,1,2,11.49,0.00
5068416,1028069,3,1,10.49,1.57
5068417,1028069,22,1,4.49,0.67
5068418,1028070,14,1,10.49,0.00
5068419,1028070,26,2,2.49,0.00
5068420,1028071,4,1,14.99,0.00
5068421,1028071,35,1,2.99,0.00
5068422,1028072,3,1,10.49,0.00
5068423,1028072,26,1,2.49,0.00
5068424,1028073,16,1,10.49,0.00
5068425,1028073,21,2,3.99,0.00
5068426,1028073,31,1,3.49,0.00
5068427,1028073,15,1,10.99,0.00
5068428,1028074,17,1,12.49,0.00
5068429,1028074,26,2,2.49,0.00
5068430,1028075,15,1,10.99,0.00
5068431,1028075,29,1,3.49,0.00
5068432,1028075,12,1,18.99,0.00
5068433,1028075,27,-1,2.49,0.00
5068434,1028076,1,1,11.49,0.00
5068435,1028076,26,1,2.49,0.00
5068436,1028077,17,1,12.49,0.00
5068437,1028077,22,1,4.49,0.00
5068438,1028077,19,1,3.99,0.00
5068439,1028077,31,1,3.49,0.00
5068440,1028078,4,1,14.99,0.00
5068441,1028079,13,1,9.99,0.00
5068442,1028079,28,1,3.49,0.00
5068443,1028079,31,1,3.49,0.00
5068444,1028080,4,1,14.99,0.00
5068445,1028081,14,1,10.49,1.57
5068446,1028081,31,1,3.49,0.52
5068447,1028082,15,3,10.99,4.95
5068448,1028082,3,1,10.49,1.57
5068449,1028082,22,1,4.49,0.67
5068450,1028083,17,1,12.49,0.00
5068451,1028083,21,1,3.99,0.00
5068452,1028084,10,1,10.99,1.65
5068453,1028084,17,3,12.49,5.62
5068454,1028085,16,1,10.49,0.00
5068455,1028086,1,1,11.49,0.00
5068456,1028086,17,1,12.49,0.00
5068457,1028087,17,1,12.49,1.87
5068458,1028087,26,2,2.49,0.75
5068459,1028088,14,1,10.49,0.00
5068460,1028088,17,1,12.49,0.00
5068461,1028088,26,1,2.49,0.00
5068462,1028088,22,1,4.49,0.00
5068463,1028088,30,1,3.29,0.00
5068464,1028089,6,1,12.99,0.00
5068465,1028089,19,1,3.99,0.00
5068466,1028089,21,1,3.99,0.00
5068467,1028090,3,1,10.49,0.00
5068468,1028090,18,1,5.49,0.00
5068469,1028090,5,1,13.49,0.00
5068470,1028091,9,1,13.99,0.00
5068471,1028091,34,1,4.49,0.00
5068472,1028092,16,1,10.49,0.00
5068473,1028092,18,1,5.49,0.00
5068474,1028093,3,1,10.49,0.00
5068475,1028093,20,1,4.49,0.00
5068476,1028094,8,1,12.49,0.00
5068477,1028094,23,1,3.99,0.00
5068478,1028095,3,1,10.49,0.00
5068479,1028095,21,1,3.99,0.00
5068480,1028096,8,1,12.49,0.00
5068481,1028096,32,2,4.99,0.00
5068482,1028096,26,1,2.49,0.00
5068483,1028097,1,1,11.49,0.00
5068484,1028097,35,1,2.99,0.00
5068485,1028097,26,1,2.49,0.00
5068486,1028098,15,2,10.99,0.00
5068487,1028098,19,1,3.99,0.00
5068488,1028099,17,1,12.49,0.00
5068489,1028100,2,1,11.99,0.00
5068490,1028100,32,1,4.99,0.00
5068491,1028101,11,1,13.49,0.00
5068492,1028101,26,1,2.49,0.00
5068493,1028102,13,1,9.99,0.00
5068494,1028103,17,1,12.49,0.00
5068495,1028104,17,1,12.49,0.00
5068496,1028104,14,3,10.49,0.00
5068497,1028105,5,1,13.49,0.00
5068498,1028105,29,1,3.49,0.00
5068499,1028106,17,1,12.49,0.00
5068500,1028106,15,1,10.99,0.00
5068501,1028107,16,1,10.49,0.00
5068502,1028107,26,1,2.49,0.00
5068503,1028107,22,0,4.49,0.00
5068504,1028107,1,1,11.49,0.00
5068505,1028108,17,1,12.49,0.00
5068506,1028108,25,1,6.49,0.00
5068507,1028108,24,2,3.49,0.00
5068508,1028109,14,1,10.49,0.00
5068509,1028109,24,1,3.49,0.00
5068510,1028110,3,1,10.49,1.57
5068511,1028110,26,1,2.49,0.37
5068512,1028110,25,1,6.49,0.97
5068513,1028111,1,1,11.49,0.00
5068514,1028112,4,1,14.99,0.00
5068515,1028112,20,3,4.49,0.00
5068516,1028112,32,1,4.99,0.00
5068517,1028113,8,1,12.49,0.00
5068518,1028114,4,2,14.99,0.00
5068519,1028114,30,1,3.29,0.00
5068520,1028115,6,1,12.99,1.95
5068521,1028116,6,1,12.99,0.00
5068522,1028117,14,1,10.49,0.00
5068523,1028117,5,1,13.49,0.00
5068524,1028118,3,1,10.49,0.00
5068525,1028118,27,1,2.49,0.00
5068526,1028119,5,1,13.49,0.00
5068527,1028120,17,1,12.49,0.00
5068528,1028120,18,1,5.49,0.00
5068529,1028120,25,1,6.49,0.00
5068530,1028121,11,1,13.49,0.00
5068531,1028122,14,1,10.49,0.00
5068532,1028122,32,1,4.99,0.00
5068533,1028122,1,1,11.49,0.00
5068534,1028122,31,1,3.49,0.00
5068535,1028122,27,2,2.49,0.00
5068536,1028123,1,1,11.49,0.00
5068537,1028123,27,1,2.49,0.00
5068538,1028123,26,1,2.49,0.00
5068539,1028124,5,1,13.49,0.00
5068540,1028125,1,1,11.49,0.00
5068541,1028125,32,2,4.99,0.00
5068542,1028126,4,3,14.99,0.00
5068543,1028126,35,2,2.99,0.00
5068544,1028126,23,1,3.99,0.00
5068545,1028127,9,1,13.99,0.00
5068546,1028128,8,1,12.49,0.00
5068547,1028128,21,1,3.99,0.00
5068548,1028128,7,1,11.99,0.00
5068549,1028129,4,1,14.99,0.00
5068550,1028129,24,1,3.49,0.00
5068551,1028129,22,1,4.49,0.00
5068552,1028130,13,2,9.99,0.00
5068553,1028130,32,1,4.99,0.00
5068554,1028130,21,1,3.99,0.00
5068555,1028131,17,1,12.49,0.00
5068556,1028131,19,2,3.99,0.00
5068557,1028131,20,1,4.49,0.00
5068558,1028131,27,1,2.49,0.00
5068559,1028132,2,1,11.99,0.00
5068560,1028133,11,1,13.49,0.00
5068561,1028133,23,1,3.99,0.00
5068562,1028134,17,1,12.49,0.00
5068563,1028134,26,1,2.49,0.00
5068564,1028134,21,1,3.99,0.00
5068565,1028135,4,1,14.99,0.00
5068566,1028135,25,3,6.49,0.00
5068567,1028135,24,1,3.49,0.00
5068568,1028136,13,1,9.99,0.00
5068569,1028136,29,1,3.49,0.00
5068570,1028136,26,1,2.49,0.00
5068571,1028136,21,1,3.99,0.00
5068572,1028136,33,1,5.49,0.00
5068573,1028137,3,1,10.49,0.00
5068574,1028137,33,1,5.49,0.00
5068575,1028137,8,1,12.49,0.00
5068576,1028137,24,1,3.49,0.00
5068577,1028138,13,1,9.99,0.00
5068578,1028138,26,1,2.49,0.00
5068579,1028138,31,1,3.49,0.00
5068580,1028139,17,1,12.49,0.00
5068581,1028139,16,1,10.49,0.00
5068582,1028140,17,1,12.49,0.00
5068583,1028140,24,1,3.49,0.00
5068584,1028141,15,1,10.99,0.00
5068585,1028141,30,1,3.29,0.00
5068586,1028142,14,1,10.49,0.00
5068587,1028142,22,1,4.49,0.00
5068588,1028143,11,1,13.49,0.00
5068589,1028143,18,1,5.49,0.00
5068590,1028143,22,1,4.49,0.00
5068591,1028144,17,1,12.49,0.00
5068592,1028145,17,1,12.49,0.00
5068593,1028145,35,1,2.99,0.00
5068594,1028146,6,1,12.99,0.00
5068595,1028147,8,1,12.49,0.00
5068596,1028147,26,1,2.49,0.00
5068597,1028147,28,1,3.49,0.00
5068598,1028147,32,1,4.99,0.00
5068599,1028148,12,1,18.99,0.00
5068600,1028148,27,2,2.49,0.00
5068601,1028148,35,1,2.99,0.00
5068602,1028148,23,1,3.99,0.00
5068603,1028148,17,1,12.49,0.00
5068604,1028149,13,1,9.99,0.00
5068605,1028150,6,1,12.99,0.00
5068606,1028151,12,1,18.99,0.00
5068607,1028151,32,1,4.99,0.00
5068608,1028152,3,1,10.49,0.00
5068609,1028152,30,1,3.29,0.00
5068610,1028153,6,1,12.99,0.00
5068611,1028153,19,1,3.99,0.00
5068612,1028153,30,1,3.29,0.00
5068613,1028153,25,1,6.49,0.00
5068614,1028154,13,1,9.99,1.50
5068615,1028155,5,1,13.49,0.00
5068616,1028155,27,1,2.49,0.00
5068617,1028156,1,1,11.49,0.00
5068618,1028156,21,2,3.99,0.00
5068619,1028156,24,2,3.49,0.00
5068620,1028157,1,1,11.49,0.00
5068621,1028157,32,1,4.99,0.00
5068622,1028158,4,1,14.99,0.00
5068623,1028158,19,2,3.99,0.00
5068624,1028158,35,1,2.99,0.00
5068625,1028158,21,2,3.99,0.00
5068626,1028159,2,1,11.99,0.00
5068627,1028160,2,1,11.99,0.00
5068628,1028161,5,1,13.49,0.00
5068629,1028161,27,3,2.49,0.00
5068630,1028162,17,1,12.49,0.00
5068631,1028162,21,1,3.99,0.00
5068632,1028162,24,1,3.49,0.00
5068633,1028163,1,1,11.49,0.00
5068634,1028163,13,1,9.99,0.00
5068635,1028163,33,1,5.49,0.00
5068636,1028164,14,1,10.49,0.00
5068637,1028164,28,2,3.49,0.00
5068638,1028165,9,3,13.99,0.00
5068639,1028165,2,1,11.99,0.00
5068640,1028165,29,1,3.49,0.00
5068641,1028165,33,1,5.49,0.00
5068642,1028165,30,1,3.29,0.00
5068643,1028166,17,1,12.49,0.00
5068644,1028167,3,1,10.49,0.00
5068645,1028167,32,1,4.99,0.00
5068646,1028168,15,1,10.99,0.00
5068647,1028168,26,1,2.49,0.00
5068648,1028168,28,1,3.49,0.00
5068649,1028169,1,1,11.49,0.00
5068650,1028169,21,1,3.99,0.00
5068651,1028169,2,1,11.99,0.00
5068652,1028169,17,-1,12.49,0.00
5068653,1028169,19,1,3.99,0.00
5068654,1028169,26,1,2.49,0.00
5068655,1028170,17,1,12.49,0.00
5068656,1028170,21,1,3.99,0.00
5068657,1028170,30,1,3.29,0.00
5068658,1028171,14,1,10.49,0.00
5068659,1028171,26,1,2.49,0.00
5068660,1028171,2,1,11.99,0.00
5068661,1028172,15,1,10.99,0.00
5068662,1028173,1,1,11.49,0.00
5068663,1028173,26,1,2.49,0.00
5068664,1028173,28,1,3.49,0.00
5068665,1028174,17,1,12.49,0.00
5068666,1028174,21,1,3.99,0.00
5068667,1028174,20,1,4.49,0.00
5068668,1028174,25,1,6.49,0.00
5068669,1028174,4,1,14.99,0.00
5068670,1028174,29,0,3.49,0.00
5068671,1028175,13,1,9.99,0.00
5068672,1028175,29,1,3.49,0.00
5068673,1028176,3,1,10.49,0.00
5068674,1028176,30,1,3.29,0.00
5068675,1028176,27,2,2.49,0.00
5068676,1028176,26,1,2.49,0.00
5068677,1028177,6,1,12.99,0.00
5068678,1028178,17,1,12.49,0.00
5068679,1028179,14,2,10.49,0.00
5068680,1028179,26,1,2.49,0.00
5068681,1028179,31,2,3.49,0.00
5068682,1028180,10,1,10.99,0.00
5068683,1028180,21,1,3.99,0.00
5068684,1028181,15,1,10.99,0.00
5068685,1028181,35,1,2.99,0.00
5068686,1028182,17,1,12.49,0.00
5068687,1028182,18,1,5.49,0.00
5068688,1028182,20,1,4.49,0.00
5068689,1028183,17,1,12.49,0.00
5068690,1028183,19,1,3.99,0.00
5068691,1028183,18,1,5.49,0.00
5068692,1028184,6,1,12.99,0.00
5068693,1028184,17,1,12.49,0.00
5068694,1028185,1,1,11.49,0.00
5068695,1028185,22,1,4.49,0.00
5068696,1028185,25,1,6.49,0.00
5068697,1028186,12,1,18.99,0.00
5068698,1028186,23,2,3.99,0.00
5068699,1028186,21,1,3.99,0.00
5068700,1028187,8,1,12.49,0.00
5068701,1028188,17,1,12.49,0.00
5068702,1028188,19,1,3.99,0.00
5068703,1028189,6,1,12.99,0.00
5068704,1028189,20,1,4.49,0.00
5068705,1028189,31,1,3.49,0.00
5068706,1028190,14,1,10.49,0.00
5068707,1028190,27,1,2.49,0.00
5068708,1028191,16,1,10.49,0.00
5068709,1028191,34,1,4.49,0.00
5068710,1028192,11,1,13.49,0.00
5068711,1028192,29,1,3.49,0.00
5068712,1028192,28,1,3.49,0.00
5068713,1028192,21,1,3.99,0.00
5068714,1028192,15,1,10.99,0.00
5068715,1028193,7,1,11.99,0.00
5068716,1028194,3,1,10.49,0.00
5068717,1028194,11,1,13.49,0.00
5068718,1028194,25,3,6.49,0.00
5068719,1028195,17,1,12.49,0.00
5068720,1028195,18,1,5.49,0.00
5068721,1028195,22,1,4.49,0.00
5068722,1028195,25,1,6.49,0.00
5068723,1028195,26,1,2.49,0.00
5068724,1028196,8,1,12.49,0.00
5068725,1028196,30,1,3.29,0.00
5068726,1028197,17,1,12.49,0.00
5068727,1028197,21,1,3.99,0.00
5068728,1028198,9,1,13.99,0.00
5068729,1028198,18,1,5.49,0.00
5068730,1028199,7,1,11.99,0.00
5068731,1028199,28,1,3.49,0.00
5068732,1028200,3,1,10.49,0.00
5068733,1028201,3,1,10.49,0.00
5068734,1028201,21,1,3.99,0.00
5068735,1028202,10,1,10.99,0.00
5068736,1028202,9,1,13.99,0.00
5068737,1028202,22,1,4.49,0.00
5068738,1028203,9,3,13.99,0.00
5068739,1028203,26,1,2.49,0.00
5068740,1028203,22,1,4.49,0.00
5068741,1028204,13,1,9.99,0.00
5068742,1028205,16,1,10.49,0.00
5068743,1028205,30,1,3.29,0.00
5068744,1028206,17,1,12.49,0.00
5068745,1028207,4,1,14.99,2.25
5068746,1028208,10,3,10.99,0.00
5068747,1028208,23,2,3.99,0.00
5068748,1028208,29,1,3.49,0.00
5068749,1028209,9,1,13.99,0.00
5068750,1028209,21,1,3.99,0.00
5068751,1028209,18,1,5.49,0.00
5068752,1028210,15,1,10.99,0.00
5068753,1028211,1,1,11.49,0.00
5068754,1028211,28,1,3.49,0.00
5068755,1028211,27,1,2.49,0.00
5068756,1028212,4,1,14.99,0.00
5068757,1028212,12,2,18.99,0.00
5068758,1028212,34,1,4.49,0.00
5068759,1028212,19,1,3.99,0.00
5068760,1028213,8,2,12.49,0.00
5068761,1028213,19,1,3.99,0.00
5068762,1028214,11,1,13.49,0.00
5068763,1028215,11,1,13.49,0.00
5068764,1028215,21,1,3.99,0.00
5068765,1028216,17,1,12.49,0.00
5068766,1028216,24,1,3.49,0.00
5068767,1028217,17,1,12.49,0.00
5068768,1028217,30,1,3.29,0.00
5068769,1028218,4,1,14.99,0.00
5068770,1028218,20,1,4.49,0.00
5068771,1028219,3,1,10.49,0.00
5068772,1028219,26,2,2.49,0.00
5068773,1028220,1,2,11.49,0.00
5068774,1028221,3,1,10.49,0.00
5068775,1028221,34,3,4.49,0.00
5068776,1028221,26,-1,2.49,0.00
5068777,1028222,1,1,11.49,0.00
5068778,1028222,19,1,3.99,0.00
5068779,1028222,21,1,3.99,0.00
5068780,1028223,5,1,13.49,0.00
5068781,1028223,30,1,3.29,0.00
5068782,1028224,11,1,13.49,0.00
5068783,1028224,21,1,3.99,0.00
5068784,1028225,13,1,9.99,0.00
5068785,1028225,19,1,3.99,0.00
5068786,1028226,6,2,12.99,0.00
5068787,1028226,29,1,3.49,0.00
5068788,1028226,17,1,12.49,0.00
5068789,1028227,17,2,12.49,0.00
5068790,1028227,18,1,5.49,0.00
5068791,1028227,34,1,4.49,0.00
5068792,1028228,13,1,9.99,0.00
5068793,1028228,27,1,2.49,0.00
5068794,1028228,33,3,5.49,0.00
5068795,1028229,10,2,10.99,0.00
5068796,1028230,1,2,11.49,0.00
5068797,1028230,27,1,2.49,0.00
5068798,1028230,21,1,3.99,0.00
5068799,1028230,30,1,3.29,0.00
5068800,1028231,17,2,12.49,0.00
5068801,1028231,20,1,4.49,0.00
5068802,1028231,28,1,3.49,0.00
5068803,1028232,3,1,10.49,0.00
5068804,1028232,27,1,2.49,0.00
5068805,1028232,18,1,5.49,0.00
5068806,1028233,9,1,13.99,0.00
5068807,1028233,31,1,3.49,0.00
5068808,1028233,32,1,4.99,0.00
5068809,1028233,26,1,2.49,0.00
5068810,1028234,7,1,11.99,0.00
5068811,1028234,19,1,3.99,0.00
5068812,1028235,6,1,12.99,0.00
5068813,1028235,32,1,4.99,0.00
5068814,1028235,7,1,11.99,0.00
5068815,1028235,23,1,3.99,0.00
5068816,1028235,27,2,2.49,0.00
5068817,1028236,3,1,10.49,0.00
5068818,1028237,8,1,12.49,0.00
5068819,1028237,25,2,6.49,0.00
5068820,1028237,28,2,3.49,0.00
5068821,1028237,18,1,5.49,0.00
5068822,1028238,11,1,13.49,0.00
5068823,1028238,29,1,3.49,0.00
5068824,1028239,4,1,14.99,0.00
5068825,1028239,28,1,3.49,0.00
5068826,1028239,26,1,2.49,0.00
5068827,1028239,30,1,3.29,0.00
5068828,1028239,24,2,3.49,0.00
5068829,1028240,14,1,10.49,0.00
5068830,1028240,32,1,4.99,0.00
5068831,1028240,23,2,3.99,0.00
5068832,1028241,8,1,12.49,0.00
5068833,1028241,21,1,3.99,0.00
5068834,1028242,5,2,13.49,0.00
5068835,1028242,26,1,2.49,0.00
5068836,1028243,17,1,12.49,1.87
5068837,1028243,28,2,3.49,1.05
5068838,1028243,27,3,2.49,1.12
5068839,1028244,5,1,13.49,0.00
5068840,1028244,22,1,4.49,0.00
5068841,1028245,17,1,12.49,0.00
5068842,1028245,27,2,2.49,0.00
5068843,1028245,21,2,3.99,0.00
5068844,1028246,5,1,13.49,0.00
5068845,1028246,26,1,2.49,0.00
5068846,1028247,5,1,13.49,0.00
5068847,1028248,17,1,12.49,0.00
5068848,1028249,17,1,12.49,0.00
5068849,1028249,20,1,4.49,0.00
5068850,1028250,7,1,11.99,0.00
5068851,1028250,28,1,3.49,0.00
5068852,1028250,19,4,3.99,0.00
5068853,1028250,22,1,4.49,0.00
5068854,1028251,17,2,12.49,0.00
5068855,1028252,5,1,13.49,0.00
5068856,1028252,9,1,13.99,0.00
5068857,1028253,1,1,11.49,0.00
5068858,1028253,30,1,3.29,0.00
5068859,1028253,28,2,3.49,0.00
5068860,1028253,27,2,2.49,0.00
5068861,1028254,7,1,11.99,0.00
5068862,1028255,10,1,10.99,0.00
5068863,1028256,5,1,13.49,0.00
5068864,1028256,26,1,2.49,0.00
5068865,1028256,21,1,3.99,0.00
5068866,1028257,10,1,10.99,0.00
5068867,1028257,30,1,3.29,0.00
5068868,1028258,4,1,14.99,0.00
5068869,1028258,18,1,5.49,0.00
5068870,1028259,16,1,10.49,0.00
5068871,1028259,25,2,6.49,0.00
5068872,1028259,22,1,4.49,0.00
5068873,1028259,27,2,2.49,0.00
5068874,1028260,6,1,12.99,0.00
5068875,1028260,28,1,3.49,0.00
5068876,1028260,21,1,3.99,0.00
5068877,1028261,7,1,11.99,0.00
5068878,1028261,28,1,3.49,0.00
5068879,1028261,23,3,3.99,0.00
5068880,1028261,18,1,5.49,0.00
5068881,1028262,8,1,12.49,0.00
5068882,1028262,25,1,6.49,0.00
5068883,1028263,5,1,13.49,0.00
5068884,1028264,17,1,12.49,0.00
5068885,1028264,30,2,3.29,0.00
5068886,1028265,17,1,12.49,0.00
5068887,1028266,6,1,12.99,0.00
5068888,1028266,27,1,2.49,0.00
5068889,1028266,26,1,2.49,0.00
5068890,1028267,7,1,11.99,0.00
5068891,1028267,25,1,6.49,0.00
5068892,1028267,20,1,4.49,0.00
5068893,1028267,26,1,2.49,0.00
5068894,1028268,13,1,9.99,0.00
5068895,1028268,20,1,4.49,0.00
5068896,1028269,4,3,14.99,0.00
5068897,1028269,28,1,3.49,0.00
5068898,1028270,17,1,12.49,0.00
5068899,1028270,27,1,2.49,0.00
5068900,1028270,24,1,3.49,0.00
5068901,1028271,15,1,10.99,0.00
5068902,1028271,27,1,2.49,0.00
5068903,1028272,7,1,11.99,0.00
5068904,1028273,13,1,9.99,0.00
5068905,1028273,24,1,3.49,0.00
5068906,1028274,17,1,12.49,0.00
5068907,1028274,20,1,4.49,0.00
5068908,1028274,30,1,3.29,0.00
5068909,1028274,23,1,3.99,0.00
5068910,1028275,14,1,10.49,0.00
5068911,1028276,1,1,11.49,1.72
5068912,1028276,31,1,3.49,0.52
5068913,1028276,32,1,4.99,0.75
5068914,1028277,1,1,11.49,0.00
5068915,1028278,1,1,11.49,0.00
5068916,1028278,26,1,2.49,0.00
5068917,1028279,15,1,10.99,0.00
5068918,1028280,14,1,10.49,0.00
5068919,1028280,18,1,5.49,0.00
5068920,1028280,7,1,11.99,0.00
5068921,1028280,27,1,2.49,0.00
5068922,1028280,34,0,4.49,0.00
5068923,1028280,29,1,3.49,0.00
5068924,1028281,17,1,12.49,0.00
5068925,1028282,3,1,10.49,0.00
5068926,1028282,30,1,3.29,0.00
5068927,1028283,16,1,10.49,0.00
5068928,1028283,19,1,3.99,0.00
5068929,1028283,28,1,3.49,0.00
5068930,1028284,17,1,12.49,0.00
5068931,1028284,27,1,2.49,0.00
5068932,1028285,5,1,13.49,2.02
5068933,1028285,31,1,3.49,0.52
5068934,1028286,12,1,18.99,0.00
5068935,1028286,27,1,2.49,0.00
5068936,1028286,28,1,3.49,0.00
5068937,1028286,19,1,3.99,0.00
5068938,1028287,11,1,13.49,0.00
5068939,1028287,26,1,2.49,0.00
5068940,1028287,32,1,4.99,0.00
5068941,1028288,7,3,11.99,0.00
5068942,1028289,15,1,10.99,0.00
5068943,1028290,2,2,11.99,0.00
5068944,1028290,31,1,3.49,0.00
5068945,1028290,26,1,2.49,0.00
5068946,1028291,1,2,11.49,0.00
5068947,1028291,21,1,3.99,0.00
5068948,1028291,22,1,4.49,0.00
5068949,1028292,6,1,12.99,0.00
5068950,1028293,2,1,11.99,0.00
5068951,1028294,3,1,10.49,1.57
5068952,1028294,23,2,3.99,1.20
5068953,1028294,31,1,3.49,0.52
5068954,1028295,17,1,12.49,0.00
5068955,1028295,22,1,4.49,0.00
5068956,1028295,31,1,3.49,0.00
5068957,1028296,8,1,12.49,0.00
5068958,1028297,17,1,12.49,0.00
5068959,1028298,17,1,12.49,0.00
5068960,1028298,27,1,2.49,0.00
5068961,1028299,2,1,11.99,0.00
5068962,1028300,5,1,13.49,0.00
5068963,1028300,28,1,3.49,0.00
5068964,1028300,35,1,2.99,0.00
5068965,1028301,8,1,12.49,0.00
5068966,1028301,21,1,3.99,0.00
5068967,1028302,6,1,12.99,0.00
5068968,1028302,21,1,3.99,0.00
5068969,1028303,2,1,11.99,0.00
5068970,1028303,27,1,2.49,0.00
5068971,1028304,6,1,12.99,0.00
5068972,1028305,14,1,10.49,0.00
5068973,1028305,1,1,11.49,0.00
5068974,1028306,11,1,13.49,0.00
5068975,1028306,23,2,3.99,0.00
5068976,1028307,2,1,11.99,0.00
5068977,1028307,21,1,3.99,0.00
5068978,1028307,28,1,3.49,0.00
5068979,1028308,6,1,12.99,0.00
5068980,1028308,26,1,2.49,0.00
5068981,1028308,35,1,2.99,0.00
5068982,1028309,15,3,10.99,0.00
5068983,1028310,6,1,12.99,0.00
5068984,1028310,26,4,2.49,0.00
5068985,1028311,2,3,11.99,0.00
5068986,1028311,31,1,3.49,0.00
5068987,1028312,14,3,10.49,0.00
5068988,1028313,7,1,11.99,0.00
5068989,1028314,10,1,10.99,1.65
5068990,1028314,35,1,2.99,0.45
5068991,1028314,28,1,3.49,0.52
5068992,1028314,17,1,12.49,1.87
5068993,1028314,34,1,4.49,0.67
5068994,1028314,25,1,6.49,0.97
5068995,1028315,13,1,9.99,0.00
5068996,1028316,2,1,11.99,0.00
5068997,1028317,2,1,11.99,0.00
5068998,1028317,27,1,2.49,0.00
5068999,1028317,12,1,18.99,0.00
5069000,1028318,5,1,13.49,2.02
5069001,1028318,27,1,2.49,0.37
5069002,1028319,7,1,11.99,0.00
5069003,1028320,8,1,12.49,0.00
5069004,1028320,18,1,5.49,0.00
5069005,1028321,2,1,11.99,0.00
5069006,1028321,21,1,3.99,0.00
5069007,1028321,27,1,2.49,0.00
5069008,1028321,30,2,3.29,0.00
5069009,1028322,17,1,12.49,0.00
5069010,1028322,3,2,10.49,0.00
5069011,1028323,8,2,12.49,0.00
5069012,1028323,23,1,3.99,0.00
5069013,1028323,27,1,2.49,0.00
5069014,1028324,17,1,12.49,0.00
5069015,1028325,2,1,11.99,0.00
5069016,1028325,34,1,4.49,0.00
5069017,1028326,9,1,13.99,0.00
5069018,1028326,21,1,3.99,0.00
5069019,1028327,10,1,10.99,1.65
5069020,1028327,26,3,2.49,1.12
5069021,1028327,24,1,3.49,0.52
5069022,1028328,7,1,11.99,0.00
5069023,1028329,6,1,12.99,0.00
5069024,1028329,32,1,4.99,0.00
5069025,1028329,26,1,2.49,0.00
5069026,1028330,15,1,10.99,0.00
5069027,1028330,31,1,3.49,0.00
5069028,1028330,19,1,3.99,0.00
5069029,1028330,20,1,4.49,0.00
5069030,1028331,11,1,13.49,0.00
5069031,1028331,28,3,3.49,0.00
5069032,1028331,23,1,3.99,0.00
5069033,1028332,1,1,11.49,0.00
5069034,1028332,17,2,12.49,0.00
5069035,1028332,26,1,2.49,0.00
5069036,1028332,32,1,4.99,0.00
5069037,1028332,20,1,4.49,0.00
5069038,1028333,12,1,18.99,0.00
5069039,1028334,7,1,11.99,0.00
5069040,1028335,4,1,14.99,0.00
5069041,1028335,20,1,4.49,0.00
5069042,1028335,27,2,2.49,0.00
5069043,1028336,6,1,12.99,0.00
5069044,1028336,21,1,3.99,0.00
5069045,1028336,26,1,2.49,0.00
5069046,1028336,27,1,2.49,0.00
5069047,1028336,22,1,4.49,0.00
5069048,1028336,30,0,3.29,0.00
5069049,1028337,5,1,13.49,0.00
5069050,1028337,21,1,3.99,0.00
5069051,1028338,2,1,11.99,0.00
5069052,1028339,7,2,11.99,3.60
5069053,1028339,17,1,12.49,1.87
5069054,1028339,11,2,13.49,4.05
5069055,1028339,18,1,5.49,0.82
5069056,1028340,3,1,10.49,0.00
5069057,1028340,31,1,3.49,0.00
5069058,1028341,13,1,9.99,0.00
5069059,1028341,21,1,3.99,0.00
5069060,1028342,5,1,13.49,0.00
5069061,1028342,23,1,3.99,0.00
5069062,1028343,7,1,11.99,0.00
5069063,1028343,18,1,5.49,0.00
5069064,1028343,25,1,6.49,0.00
5069065,1028344,11,1,13.49,0.00
5069066,1028344,22,1,4.49,0.00
5069067,1028345,5,1,13.49,2.02
5069068,1028345,19,1,3.99,0.60
5069069,1028345,26,1,2.49,0.37
5069070,1028346,9,1,13.99,0.00
5069071,1028347,10,1,10.99,0.00
5069072,1028347,25,2,6.49,0.00
5069073,1028348,17,1,12.49,0.00
5069074,1028348,24,1,3.49,0.00
5069075,1028349,10,1,10.99,0.00
5069076,1028349,17,1,12.49,0.00
5069077,1028349,19,2,3.99,0.00
5069078,1028350,17,1,12.49,0.00
5069079,1028350,18,1,5.49,0.00
5069080,1028350,30,1,3.29,0.00
5069081,1028351,6,1,12.99,0.00
5069082,1028351,18,1,5.49,0.00
5069083,1028351,2,1,11.99,0.00
5069084,1028352,3,2,10.49,0.00
5069085,1028352,30,1,3.29,0.00
5069086,1028352,17,1,12.49,0.00
5069087,1028352,20,3,4.49,0.00
5069088,1028352,18,1,5.49,0.00
5069089,1028352,27,1,2.49,0.00
5069090,1028353,17,1,12.49,0.00
5069091,1028353,19,2,3.99,0.00
5069092,1028353,23,1,3.99,0.00
5069093,1028354,9,3,13.99,0.00
5069094,1028354,31,1,3.49,0.00
5069095,1028354,21,2,3.99,0.00
5069096,1028355,17,1,12.49,0.00
5069097,1028355,27,1,2.49,0.00
5069098,1028356,2,1,11.99,0.00
5069099,1028356,25,1,6.49,0.00
5069100,1028356,22,1,4.49,0.00
5069101,1028357,6,1,12.99,0.00
5069102,1028357,9,1,13.99,0.00
5069103,1028358,4,1,14.99,0.00
5069104,1028358,25,1,6.49,0.00
5069105,1028358,29,1,3.49,0.00
5069106,1028358,22,2,4.49,0.00
5069107,1028358,33,1,5.49,0.00
5069108,1028359,7,1,11.99,0.00
5069109,1028360,5,1,13.49,0.00
5069110,1028360,32,3,4.99,0.00
5069111,1028360,18,1,5.49,0.00
5069112,1028360,22,1,4.49,0.00
5069113,1028360,29,1,3.49,0.00
5069114,1028361,17,1,12.49,0.00
5069115,1028362,6,1,12.99,0.00
5069116,1028362,20,1,4.49,0.00
5069117,1028362,26,1,2.49,0.00
5069118,1028363,13,2,9.99,0.00
5069119,1028363,30,1,3.29,0.00
5069120,1028363,8,1,12.49,0.00
5069121,1028364,9,1,13.99,2.10
5069122,1028364,27,1,2.49,0.37
5069123,1028364,33,2,5.49,1.65
5069124,1028365,3,1,10.49,0.00
5069125,1028366,4,1,14.99,0.00
5069126,1028366,29,3,3.49,0.00
5069127,1028367,14,1,10.49,0.00
5069128,1028367,26,3,2.49,0.00
5069129,1028367,23,2,3.99,0.00
5069130,1028368,17,1,12.49,1.87
5069131,1028368,24,2,3.49,1.05
5069132,1028368,28,1,3.49,0.52
5069133,1028369,17,1,12.49,0.00
5069134,1028369,15,1,10.99,0.00
5069135,1028370,4,1,14.99,0.00
5069136,1028371,4,1,14.99,2.25
5069137,1028371,28,1,3.49,0.52
5069138,1028372,6,2,12.99,0.00
5069139,1028372,31,1,3.49,0.00
5069140,1028373,17,1,12.49,0.00
5069141,1028374,12,1,18.99,0.00
5069142,1028375,7,1,11.99,0.00
5069143,1028375,18,2,5.49,0.00
5069144,1028376,17,1,12.49,0.00
5069145,1028376,18,1,5.49,0.00
5069146,1028376,21,1,3.99,0.00
5069147,1028377,8,1,12.49,0.00
5069148,1028377,32,1,4.99,0.00
5069149,1028377,21,1,3.99,0.00
5069150,1028377,28,1,3.49,0.00
5069151,1028378,15,1,10.99,0.00
5069152,1028379,17,1,12.49,0.00
5069153,1028380,17,1,12.49,0.00
5069154,1028381,6,1,12.99,0.00
5069155,1028381,28,1,3.49,0.00
5069156,1028381,19,1,3.99,0.00
5069157,1028382,2,1,11.99,0.00
5069158,1028383,13,1,9.99,0.00
5069159,1028384,2,2,11.99,0.00
5069160,1028385,5,1,13.49,0.00
5069161,1028386,3,1,10.49,0.00
5069162,1028386,8,1,12.49,0.00
5069163,1028386,26,1,2.49,0.00
5069164,1028386,30,1,3.29,0.00
5069165,1028387,1,1,11.49,0.00
5069166,1028388,3,1,10.49,0.00
5069167,1028388,17,1,12.49,0.00
5069168,1028388,21,1,3.99,0.00
5069169,1028388,22,1,4.49,0.00
5069170,1028388,27,1,2.49,0.00
5069171,1028389,1,1,11.49,0.00
5069172,1028389,18,1,5.49,0.00
5069173,1028390,10,1,10.99,0.00
5069174,1028390,17,1,12.49,0.00
5069175,1028390,28,1,3.49,0.00
5069176,1028391,17,1,12.49,0.00
5069177,1028391,32,1,4.99,0.00
5069178,1028391,26,2,2.49,0.00
5069179,1028392,17,1,12.49,0.00
5069180,1028392,28,1,3.49,0.00
5069181,1028392,2,1,11.99,0.00
5069182,1028393,7,1,11.99,0.00
5069183,1028393,14,1,10.49,0.00
5069184,1028393,28,1,3.49,0.00
5069185,1028394,2,2,11.99,0.00
5069186,1028394,19,1,3.99,0.00
5069187,1028394,27,1,2.49,0.00
5069188,1028395,16,3,10.49,0.00
5069189,1028396,17,1,12.49,0.00
5069190,1028396,27,1,2.49,0.00
5069191,1028396,29,1,3.49,0.00
5069192,1028397,4,1,14.99,0.00
5069193,1028397,27,1,2.49,0.00
5069194,1028397,19,2,3.99,0.00
5069195,1028398,15,1,10.99,0.00
5069196,1028398,30,1,3.29,0.00
5069197,1028399,14,-1,10.49,0.00
5069198,1028400,16,1,10.49,0.00
5069199,1028401,16,1,10.49,0.00
5069200,1028402,5,1,13.49,0.00
5069201,1028402,20,1,4.49,0.00
5069202,1028403,11,3,13.49,0.00
5069203,1028403,28,1,3.49,0.00
5069204,1028403,20,2,4.49,0.00
5069205,1028404,16,1,10.49,0.00
5069206,1028404,19,1,3.99,0.00
5069207,1028405,3,1,10.49,0.00
5069208,1028405,33,2,5.49,0.00
5069209,1028406,15,1,10.99,0.00
5069210,1028406,28,1,3.49,0.00
5069211,1028407,2,1,11.99,0.00
5069212,1028408,3,1,10.49,0.00
5069213,1028408,27,1,2.49,0.00
5069214,1028409,3,1,10.49,0.00
5069215,1028409,14,1,10.49,0.00
5069216,1028410,11,1,13.49,0.00
5069217,1028410,29,1,3.49,0.00
5069218,1028411,11,1,13.49,0.00
5069219,1028411,26,1,2.49,0.00
5069220,1028412,11,1,13.49,0.00
5069221,1028412,29,1,3.49,0.00
5069222,1028412,35,3,2.99,0.00
5069223,1028413,17,1,12.49,0.00
5069224,1028414,16,1,10.49,0.00
5069225,1028415,3,1,10.49,0.00
5069226,1028416,17,2,12.49,0.00
5069227,1028416,26,1,2.49,0.00
5069228,1028417,14,1,10.49,0.00
5069229,1028418,17,1,12.49,0.00
5069230,1028418,33,1,5.49,0.00
5069231,1028419,5,1,13.49,0.00
5069232,1028419,28,2,3.49,0.00
5069233,1028419,16,0,10.49,0.00
5069234,1028420,5,1,13.49,0.00
5069235,1028420,18,1,5.49,0.00
5069236,1028420,27,1,2.49,0.00
5069237,1028420,29,1,3.49,0.00
5069238,1028421,12,1,18.99,0.00
5069239,1028421,27,1,2.49,0.00
5069240,1028422,1,1,11.49,0.00
5069241,1028422,27,1,2.49,0.00
5069242,1028422,26,1,2.49,0.00
5069243,1028423,3,1,10.49,0.00
5069244,1028423,20,2,4.49,0.00
5069245,1028424,17,1,12.49,0.00
5069246,1028424,20,1,4.49,0.00
5069247,1028425,17,1,12.49,0.00
5069248,1028426,8,1,12.49,0.00
5069249,1028426,34,1,4.49,0.00
5069250,1028427,12,1,18.99,0.00
5069251,1028427,32,2,4.99,0.00
5069252,1028427,24,1,3.49,0.00
5069253,1028428,5,2,13.49,0.00
5069254,1028428,31,1,3.49,0.00
5069255,1028428,21,1,3.99,0.00
5069256,1028428,22,1,4.49,0.00
5069257,1028428,26,1,2.49,0.00
5069258,1028428,23,1,3.99,0.00
5069259,1028429,13,1,9.99,0.00
5069260,1028430,6,1,12.99,0.00
5069261,1028430,31,1,3.49,0.00
5069262,1028430,21,1,3.99,0.00
5069263,1028430,30,1,3.29,0.00
5069264,1028430,7,1,11.99,0.00
5069265,1028430,17,1,12.49,0.00
5069266,1028431,5,1,13.49,0.00
5069267,1028432,2,2,11.99,0.00
5069268,1028432,34,2,4.49,0.00
5069269,1028432,29,1,3.49,0.00
5069270,1028433,13,1,9.99,0.00
5069271,1028433,26,1,2.49,0.00
5069272,1028434,7,1,11.99,0.00
5069273,1028434,25,2,6.49,0.00
5069274,1028435,17,2,12.49,0.00
5069275,1028435,24,1,3.49,0.00
5069276,1028435,20,1,4.49,0.00
5069277,1028435,26,2,2.49,0.00
5069278,1028436,14,1,10.49,0.00
5069279,1028436,27,2,2.49,0.00
5069280,1028436,29,1,3.49,0.00
5069281,1028436,30,1,3.29,0.00
5069282,1028437,8,2,12.49,0.00
5069283,1028437,26,1,2.49,0.00
5069284,1028438,2,1,11.99,0.00
5069285,1028438,35,1,2.99,0.00
5069286,1028439,7,1,11.99,0.00
5069287,1028439,6,1,12.99,0.00
5069288,1028439,27,1,2.49,0.00
5069289,1028439,30,1,3.29,0.00
5069290,1028440,2,1,11.99,0.00
5069291,1028440,22,1,4.49,0.00
5069292,1028441,11,1,13.49,0.00
5069293,1028441,1,1,11.49,0.00
5069294,1028442,13,1,9.99,0.00
5069295,1028442,34,1,4.49,0.00
5069296,1028442,20,1,4.49,0.00
5069297,1028443,3,1,10.49,0.00
5069298,1028444,13,1,9.99,0.00
5069299,1028445,8,1,12.49,0.00
5069300,1028445,28,1,3.49,0.00
5069301,1028445,29,1,3.49,0.00
5069302,1028445,6,1,12.99,0.00
5069303,1028445,21,1,3.99,0.00
5069304,1028446,16,1,10.49,0.00
5069305,1028447,4,1,14.99,0.00
5069306,1028447,19,1,3.99,0.00
5069307,1028447,18,1,5.49,0.00
5069308,1028447,26,1,2.49,0.00
5069309,1028447,27,1,2.49,0.00
5069310,1028447,34,1,4.49,0.00
5069311,1028448,11,2,13.49,0.00
5069312,1028448,28,1,3.49,0.00
5069313,1028448,19,1,3.99,0.00
5069314,1028448,22,1,4.49,0.00
5069315,1028448,26,1,2.49,0.00
5069316,1028449,11,1,13.49,0.00
5069317,1028449,26,1,2.49,0.00
5069318,1028449,33,1,5.49,0.00
5069319,1028449,25,1,6.49,0.00
5069320,1028449,18,2,5.49,0.00
5069321,1028450,2,2,11.99,0.00
5069322,1028450,32,1,4.99,0.00
5069323,1028451,17,1,12.49,1.87
5069324,1028451,20,1,4.49,0.67
5069325,1028452,2,1,11.99,0.00
5069326,1028452,17,2,12.49,0.00
5069327,1028452,29,1,3.49,0.00
5069328,1028453,14,1,10.49,0.00
5069329,1028453,2,1,11.99,0.00
5069330,1028453,22,1,4.49,0.00
5069331,1028454,17,1,12.49,0.00
5069332,1028454,3,1,10.49,0.00
5069333,1028454,26,3,2.49,0.00
5069334,1028454,30,1,3.29,0.00
5069335,1028455,14,1,10.49,0.00
5069336,1028456,13,2,9.99,0.00
5069337,1028456,27,1,2.49,0.00
5069338,1028456,19,1,3.99,0.00
5069339,1028457,13,2,9.99,0.00
5069340,1028457,30,1,3.29,0.00
5069341,1028457,27,1,2.49,0.00
5069342,1028458,3,1,10.49,0.00
5069343,1028458,21,1,3.99,0.00
5069344,1028459,8,1,12.49,1.87
5069345,1028459,32,1,4.99,0.75
5069346,1028460,14,1,10.49,0.00
5069347,1028461,7,1,11.99,0.00
5069348,1028462,16,1,10.49,0.00
5069349,1028462,7,1,11.99,0.00
5069350,1028463,4,1,14.99,0.00
5069351,1028464,4,1,14.99,2.25
5069352,1028464,32,1,4.99,0.75
5069353,1028465,1,1,11.49,0.00
5069354,1028465,19,1,3.99,0.00
5069355,1028466,3,3,10.49,0.00
5069356,1028467,14,1,10.49,0.00
5069357,1028468,11,1,13.49,0.00
5069358,1028468,18,1,5.49,0.00
5069359,1028468,22,1,4.49,0.00
5069360,1028468,26,2,2.49,0.00
5069361,1028468,17,1,12.49,0.00
5069362,1028468,7,1,11.99,0.00
5069363,1028469,3,1,10.49,0.00
5069364,1028469,7,2,11.99,0.00
5069365,1028469,21,1,3.99,0.00
5069366,1028469,32,1,4.99,0.00
5069367,1028470,8,1,12.49,0.00
5069368,1028470,20,1,4.49,0.00
5069369,1028470,23,1,3.99,0.00
5069370,1028471,3,2,10.49,0.00
5069371,1028471,35,1,2.99,0.00
5069372,1028472,17,1,12.49,0.00
5069373,1028472,5,1,13.49,0.00
5069374,1028472,29,1,3.49,0.00
5069375,1028472,19,2,3.99,0.00
5069376,1028473,8,2,12.49,0.00
5069377,1028473,22,1,4.49,0.00
5069378,1028474,6,1,12.99,0.00
5069379,1028474,20,1,4.49,0.00
5069380,1028475,10,1,10.99,0.00
5069381,1028475,19,1,3.99,0.00
5069382,1028475,25,1,6.49,0.00
5069383,1028476,2,2,11.99,0.00
5069384,1028476,19,1,3.99,0.00
5069385,1028476,35,1,2.99,0.00
5069386,1028477,17,1,12.49,0.00
5069387,1028477,29,1,3.49,0.00
5069388,1028477,14,1,10.49,0.00
5069389,1028478,10,1,10.99,0.00
5069390,1028478,26,1,2.49,0.00
5069391,1028479,1,1,11.49,0.00
5069392,1028480,17,2,12.49,0.00
5069393,1028480,28,3,3.49,0.00
5069394,1028480,24,1,3.49,0.00
5069395,1028480,32,1,4.99,0.00
5069396,1028480,26,1,2.49,0.00
5069397,1028481,10,1,10.99,0.00
5069398,1028481,19,1,3.99,0.00
5069399,1028481,18,1,5.49,0.00
5069400,1028482,17,1,12.49,0.00
5069401,1028482,12,3,18.99,0.00
5069402,1028482,33,1,5.49,0.00
5069403,1028483,1,1,11.49,0.00
5069404,1028483,24,1,3.49,0.00
5069405,1028483,33,1,5.49,0.00
5069406,1028484,1,1,11.49,0.00
5069407,1028485,6,2,12.99,0.00
5069408,1028486,2,1,11.99,0.00
5069409,1028486,18,1,5.49,0.00
5069410,1028487,15,1,10.99,0.00
5069411,1028488,8,1,12.49,0.00
5069412,1028489,4,2,14.99,0.00
5069413,1028490,17,1,12.49,0.00
5069414,1028490,22,1,4.49,0.00
5069415,1028490,34,1,4.49,0.00
5069416,1028491,11,1,13.49,0.00
5069417,1028492,17,2,12.49,0.00
5069418,1028493,3,-1,10.49,0.00
5069419,1028494,8,1,12.49,0.00
5069420,1028494,29,1,3.49,0.00
5069421,1028495,17,1,12.49,0.00
5069422,1028495,19,1,3.99,0.00
5069423,1028495,31,1,3.49,0.00
5069424,1028495,27,1,2.49,0.00
5069425,1028496,17,1,12.49,0.00
5069426,1028496,26,2,2.49,0.00
5069427,1028497,16,1,10.49,0.00
5069428,1028498,1,1,11.49,0.00
5069429,1028499,17,1,12.49,0.00
5069430,1028499,21,1,3.99,0.00
5069431,1028499,9,1,13.99,0.00
5069432,1028499,28,1,3.49,0.00
5069433,1028500,17,1,12.49,0.00
5069434,1028500,18,1,5.49,0.00
5069435,1028500,29,2,3.49,0.00
5069436,1028500,33,1,5.49,0.00
5069437,1028500,19,1,3.99,0.00
5069438,1028501,10,1,10.99,0.00
5069439,1028501,27,3,2.49,0.00
5069440,1028501,18,1,5.49,0.00
5069441,1028502,2,1,11.99,0.00
5069442,1028502,23,1,3.99,0.00
5069443,1028502,18,1,5.49,0.00
5069444,1028502,26,3,2.49,0.00
5069445,1028503,17,1,12.49,0.00
5069446,1028503,19,1,3.99,0.00
5069447,1028504,3,1,10.49,0.00
5069448,1028505,6,1,12.99,0.00
5069449,1028505,32,1,4.99,0.00
5069450,1028505,30,-1,3.29,0.00
5069451,1028505,24,1,3.49,0.00
5069452,1028506,17,1,12.49,0.00
5069453,1028506,32,1,4.99,0.00
5069454,1028506,23,3,3.99,0.00
5069455,1028506,21,1,3.99,0.00
5069456,1028506,27,1,2.49,0.00
5069457,1028507,9,1,13.99,0.00
5069458,1028507,23,1,3.99,0.00
5069459,1028507,32,1,4.99,0.00
5069460,1028507,18,1,5.49,0.00
5069461,1028507,20,1,4.49,0.00
5069462,1028508,1,1,11.49,0.00
5069463,1028509,3,1,10.49,0.00
5069464,1028509,29,2,3.49,0.00
5069465,1028509,30,1,3.29,0.00
5069466,1028509,21,1,3.99,0.00
5069467,1028509,26,1,2.49,0.00
5069468,1028509,22,1,4.49,0.00
5069469,1028510,12,1,18.99,0.00
5069470,1028511,11,1,13.49,0.00
5069471,1028512,17,1,12.49,0.00
5069472,1028513,3,1,10.49,0.00
5069473,1028513,26,2,2.49,0.00
5069474,1028513,31,1,3.49,0.00
5069475,1028513,32,2,4.99,0.00
5069476,1028514,17,1,12.49,0.00
5069477,1028515,11,1,13.49,0.00
5069478,1028516,15,1,10.99,0.00
5069479,1028516,27,1,2.49,0.00
5069480,1028517,5,1,13.49,0.00
5069481,1028518,4,1,14.99,0.00
5069482,1028518,26,1,2.49,0.00
5069483,1028518,31,1,3.49,0.00
5069484,1028519,1,1,11.49,0.00
5069485,1028519,30,1,3.29,0.00
5069486,1028520,6,1,12.99,0.00
5069487,1028520,32,1,4.99,0.00
5069488,1028520,21,1,3.99,0.00
5069489,1028521,17,2,12.49,3.75
5069490,1028522,16,1,10.49,0.00
5069491,1028523,17,1,12.49,0.00
5069492,1028523,19,1,3.99,0.00
5069493,1028523,25,1,6.49,0.00
5069494,1028523,26,2,2.49,0.00
5069495,1028523,28,1,3.49,0.00
5069496,1028523,34,3,4.49,0.00
5069497,1028524,17,0,12.49,0.00
5069498,1028525,12,1,18.99,0.00
5069499,1028526,15,1,10.99,0.00
5069500,1028527,8,1,12.49,0.00
5069501,1028527,20,1,4.49,0.00
5069502,1028527,19,0,3.99,0.00
5069503,1028528,2,2,11.99,0.00
5069504,1028528,25,1,6.49,0.00
5069505,1028528,27,1,2.49,0.00
5069506,1028529,10,1,10.99,1.65
5069507,1028529,9,1,13.99,2.10
5069508,1028529,30,2,3.29,0.99
5069509,1028529,21,2,3.99,1.20
5069510,1028530,17,1,12.49,0.00
5069511,1028530,28,1,3.49,0.00
5069512,1028530,23,1,3.99,0.00
5069513,1028531,17,2,12.49,0.00
5069514,1028531,34,1,4.49,0.00
5069515,1028531,32,1,4.99,0.00
5069516,1028532,17,1,12.49,0.00
5069517,1028532,26,1,2.49,0.00
5069518,1028533,1,1,11.49,0.00
5069519,1028533,31,1,3.49,0.00
5069520,1028533,17,1,12.49,0.00
5069521,1028534,1,3,11.49,0.00
5069522,1028534,26,1,2.49,0.00
5069523,1028534,17,2,12.49,0.00
5069524,1028535,8,1,12.49,0.00
5069525,1028535,19,2,3.99,0.00
5069526,1028535,33,1,5.49,0.00
5069527,1028536,11,1,13.49,2.02
5069528,1028536,28,4,3.49,2.09
5069529,1028536,27,1,2.49,0.37
5069530,1028537,3,-1,10.49,0.00
5069531,1028537,19,1,3.99,0.00
5069532,1028537,26,1,2.49,0.00
5069533,1028537,32,1,4.99,0.00
5069534,1028538,1,3,11.49,0.00
5069535,1028538,21,1,3.99,0.00
5069536,1028539,17,1,12.49,0.00
5069537,1028540,12,1,18.99,0.00
5069538,1028541,1,1,11.49,0.00
5069539,1028541,19,1,3.99,0.00
5069540,1028541,30,1,3.29,0.00
5069541,1028542,11,1,13.49,0.00
5069542,1028543,5,1,13.49,0.00
5069543,1028543,26,1,2.49,0.00
5069544,1028543,27,1,2.49,0.00
5069545,1028544,5,1,13.49,2.02
5069546,1028544,23,2,3.99,1.20
5069547,1028544,30,1,3.29,0.49
5069548,1028545,14,1,10.49,0.00
5069549,1028545,27,1,2.49,0.00
5069550,1028545,28,1,3.49,0.00
5069551,1028545,26,1,2.49,0.00
5069552,1028546,8,1,12.49,0.00
5069553,1028546,27,3,2.49,0.00
5069554,1028547,17,1,12.49,0.00
5069555,1028548,1,1,11.49,0.00
5069556,1028548,35,1,2.99,0.00
5069557,1028549,17,1,12.49,0.00
5069558,1028549,33,1,5.49,0.00
5069559,1028549,18,1,5.49,0.00
5069560,1028549,2,1,11.99,0.00
5069561,1028550,3,1,10.49,0.00
5069562,1028550,21,1,3.99,0.00
5069563,1028550,22,1,4.49,0.00
5069564,1028551,8,1,12.49,0.00
5069565,1028552,7,1,11.99,0.00
5069566,1028552,25,1,6.49,0.00
5069567,1028552,18,1,5.49,0.00
5069568,1028552,20,1,4.49,0.00
5069569,1028553,3,1,10.49,0.00
5069570,1028554,16,1,10.49,0.00
5069571,1028554,23,1,3.99,0.00
5069572,1028554,19,1,3.99,0.00
5069573,1028554,31,1,3.49,0.00
5069574,1028555,5,1,13.49,0.00
5069575,1028555,28,1,3.49,0.00
5069576,1028555,18,1,5.49,0.00
5069577,1028556,2,1,11.99,0.00
5069578,1028556,18,2,5.49,0.00
5069579,1028557,16,1,10.49,0.00
5069580,1028558,8,1,12.49,1.87
5069581,1028558,23,1,3.99,0.60
5069582,1028559,17,1,12.49,0.00
5069583,1028559,23,2,3.99,0.00
5069584,1028560,17,2,12.49,0.00
5069585,1028560,18,1,5.49,0.00
5069586,1028560,30,1,3.29,0.00
5069587,1028561,5,1,13.49,0.00
5069588,1028561,30,1,3.29,0.00
5069589,1028561,28,1,3.49,0.00
5069590,1028562,15,1,10.99,0.00
5069591,1028562,14,2,10.49,0.00
5069592,1028562,28,1,3.49,0.00
5069593,1028562,8,1,12.49,0.00
5069594,1028563,17,2,12.49,0.00
5069595,1028563,30,1,3.29,0.00
5069596,1028563,27,1,2.49,0.00
5069597,1028564,2,2,11.99,0.00
5069598,1028564,18,2,5.49,0.00
5069599,1028564,21,1,3.99,0.00
5069600,1028564,25,1,6.49,0.00
5069601,1028565,4,1,14.99,0.00
5069602,1028565,25,1,6.49,0.00
5069603,1028566,17,1,12.49,0.00
5069604,1028566,29,1,3.49,0.00
5069605,1028567,17,1,12.49,0.00
5069606,1028567,26,1,2.49,0.00
5069607,1028567,31,3,3.49,0.00
5069608,1028568,12,1,18.99,0.00
5069609,1028568,17,1,12.49,0.00
5069610,1028569,9,2,13.99,0.00
5069611,1028569,22,1,4.49,0.00
5069612,1028570,8,1,12.49,0.00
5069613,1028570,20,2,4.49,0.00
5069614,1028570,32,1,4.99,0.00
5069615,1028570,19,1,3.99,0.00
5069616,1028571,14,1,10.49,0.00
5069617,1028571,27,1,2.49,0.00
5069618,1028572,12,1,18.99,0.00
5069619,1028572,21,3,3.99,0.00
5069620,1028572,29,1,3.49,0.00
5069621,1028572,19,1,3.99,0.00
5069622,1028573,2,1,11.99,0.00
5069623,1028573,31,1,3.49,0.00
5069624,1028574,16,1,10.49,0.00
5069625,1028574,27,1,2.49,0.00
5069626,1028575,17,1,12.49,0.00
5069627,1028575,29,1,3.49,0.00
5069628,1028576,17,1,12.49,0.00
5069629,1028576,30,1,3.29,0.00
5069630,1028576,34,2,4.49,0.00
5069631,1028577,17,1,12.49,1.87
5069632,1028577,30,1,3.29,0.49
5069633,1028577,5,1,13.49,2.02
5069634,1028577,18,1,5.49,0.82
5069635,1028578,16,1,10.49,0.00
5069636,1028579,17,2,12.49,0.00
5069637,1028579,20,1,4.49,0.00
5069638,1028580,16,1,10.49,0.00
5069639,1028580,11,3,13.49,0.00
5069640,1028581,7,1,11.99,0.00
5069641,1028581,20,1,4.49,0.00
5069642,1028582,7,1,11.99,0.00
5069643,1028583,9,1,13.99,0.00
5069644,1028583,30,2,3.29,0.00
5069645,1028583,26,1,2.49,0.00
5069646,1028584,17,1,12.49,0.00
5069647,1028584,20,1,4.49,0.00
5069648,1028585,8,1,12.49,0.00
5069649,1028586,17,1,12.49,0.00
5069650,1028587,3,1,10.49,0.00
5069651,1028587,17,1,12.49,0.00
5069652,1028587,33,1,5.49,0.00
5069653,1028587,24,-1,3.49,0.00
5069654,1028588,4,1,14.99,0.00
5069655,1028588,28,1,3.49,0.00
5069656,1028588,23,1,3.99,0.00
5069657,1028588,7,1,11.99,0.00
5069658,1028589,6,1,12.99,0.00
5069659,1028590,11,1,13.49,0.00
5069660,1028591,17,1,12.49,0.00
5069661,1028592,17,1,12.49,0.00
5069662,1028593,1,1,11.49,0.00
5069663,1028593,21,1,3.99,0.00
5069664,1028593,27,1,2.49,0.00
5069665,1028594,14,1,10.49,0.00
5069666,1028594,17,1,12.49,0.00
5069667,1028594,32,1,4.99,0.00
5069668,1028595,17,1,12.49,1.87
5069669,1028595,26,2,2.49,0.75
5069670,1028595,22,1,4.49,0.67
5069671,1028596,16,1,10.49,0.00
5069672,1028596,18,1,5.49,0.00
5069673,1028597,7,1,11.99,0.00
5069674,1028597,33,1,5.49,0.00
5069675,1028598,14,1,10.49,0.00
5069676,1028599,6,1,12.99,0.00
5069677,1028599,18,2,5.49,0.00
5069678,1028599,32,1,4.99,0.00
5069679,1028599,25,1,6.49,0.00
5069680,1028600,10,1,10.99,0.00
5069681,1028601,8,1,12.49,0.00
5069682,1028601,21,1,3.99,0.00
5069683,1028602,17,1,12.49,0.00
5069684,1028602,19,1,3.99,0.00
5069685,1028603,3,-1,10.49,0.00
5069686,1028604,17,1,12.49,1.87
5069687,1028605,17,2,12.49,0.00
5069688,1028605,34,3,4.49,0.00
5069689,1028606,1,1,11.49,0.00
5069690,1028607,6,1,12.99,0.00
5069691,1028607,5,1,13.49,0.00
5069692,1028607,21,1,3.99,0.00
5069693,1028607,33,1,5.49,0.00
5069694,1028608,4,1,14.99,0.00
5069695,1028608,35,2,2.99,0.00
5069696,1028608,18,1,5.49,0.00
5069697,1028608,28,1,3.49,0.00
5069698,1028609,8,1,12.49,0.00
5069699,1028610,1,1,11.49,0.00
5069700,1028611,1,1,11.49,0.00
5069701,1028611,34,1,4.49,0.00
5069702,1028612,1,1,11.49,0.00
5069703,1028612,23,2,3.99,0.00
5069704,1028613,7,1,11.99,0.00
5069705,1028613,6,1,12.99,0.00
5069706,1028613,22,1,4.49,0.00
5069707,1028613,25,2,6.49,0.00
5069708,1028614,17,1,12.49,0.00
5069709,1028615,1,1,11.49,0.00
5069710,1028615,18,1,5.49,0.00
5069711,1028616,3,1,10.49,0.00
5069712,1028616,22,1,4.49,0.00
5069713,1028617,6,2,12.99,0.00
5069714,1028618,17,1,12.49,0.00
5069715,1028618,28,1,3.49,0.00
5069716,1028619,1,1,11.49,0.00
5069717,1028619,18,1,5.49,0.00
5069718,1028620,11,3,13.49,0.00
5069719,1028620,19,1,3.99,0.00
5069720,1028621,11,3,13.49,0.00
5069721,1028621,29,1,3.49,0.00
5069722,1028622,17,2,12.49,0.00
5069723,1028622,27,1,2.49,0.00
5069724,1028622,26,1,2.49,0.00
5069725,1028623,1,1,11.49,0.00
5069726,1028624,11,3,13.49,0.00
5069727,1028624,27,1,2.49,0.00
5069728,1028624,24,1,3.49,0.00
5069729,1028624,18,1,5.49,0.00
5069730,1028625,2,1,11.99,1.80
5069731,1028625,23,1,3.99,0.60
5069732,1028625,10,1,10.99,1.65
5069733,1028625,8,1,12.49,1.87
5069734,1028626,17,1,12.49,0.00
5069735,1028626,27,1,2.49,0.00
5069736,1028626,26,1,2.49,0.00
5069737,1028627,13,1,9.99,0.00
5069738,1028627,17,2,12.49,0.00
5069739,1028627,26,2,2.49,0.00
5069740,1028627,32,1,4.99,0.00
5069741,1028628,8,1,12.49,0.00
5069742,1028628,22,1,4.49,0.00
5069743,1028629,2,1,11.99,0.00
5069744,1028629,26,1,2.49,0.00
5069745,1028630,6,1,12.99,0.00
5069746,1028630,24,1,3.49,0.00
5069747,1028631,3,1,10.49,0.00
5069748,1028631,21,2,3.99,0.00
5069749,1028631,18,1,5.49,0.00
5069750,1028631,26,1,2.49,0.00
5069751,1028631,19,1,3.99,0.00
5069752,1028632,8,1,12.49,0.00
5069753,1028632,24,1,3.49,0.00
5069754,1028632,10,2,10.99,0.00
5069755,1028632,29,1,3.49,0.00
5069756,1028633,3,1,10.49,0.00
5069757,1028633,20,1,4.49,0.00
5069758,1028634,13,2,9.99,0.00
5069759,1028634,26,1,2.49,0.00
5069760,1028635,17,1,12.49,0.00
5069761,1028635,32,1,4.99,0.00
5069762,1028635,21,1,3.99,0.00
5069763,1028636,2,1,11.99,0.00
5069764,1028636,27,1,2.49,0.00
5069765,1028637,10,1,10.99,0.00
5069766,1028638,2,1,11.99,0.00
5069767,1028638,33,1,5.49,0.00
5069768,1028639,17,1,12.49,0.00
5069769,1028639,5,1,13.49,0.00
5069770,1028640,9,1,13.99,0.00
5069771,1028640,34,1,4.49,0.00
5069772,1028640,26,1,2.49,0.00
5069773,1028641,13,0,9.99,0.00
5069774,1028642,7,1,11.99,1.80
5069775,1028642,26,1,2.49,0.37
5069776,1028642,29,1,3.49,0.52
5069777,1028643,17,1,12.49,0.00
5069778,1028643,19,2,3.99,0.00
5069779,1028644,5,1,13.49,0.00
5069780,1028644,35,1,2.99,0.00
5069781,1028644,11,1,13.49,0.00
5069782,1028645,17,1,12.49,1.87
5069783,1028645,10,1,10.99,1.65
5069784,1028646,12,1,18.99,0.00
5069785,1028646,30,1,3.29,0.00
5069786,1028646,19,2,3.99,0.00
5069787,1028646,23,1,3.99,0.00
5069788,1028646,18,3,5.49,0.00
5069789,1028647,17,1,12.49,0.00
5069790,1028647,28,1,3.49,0.00
5069791,1028648,17,1,12.49,0.00
5069792,1028648,20,2,4.49,0.00
5069793,1028648,18,1,5.49,0.00
5069794,1028648,35,1,2.99,0.00
5069795,1028648,24,2,3.49,0.00
5069796,1028649,7,1,11.99,0.00
5069797,1028649,18,2,5.49,0.00
5069798,1028649,20,2,4.49,0.00
5069799,1028649,11,1,13.49,0.00
5069800,1028650,1,1,11.49,1.72
5069801,1028650,23,1,3.99,0.60
5069802,1028651,17,2,12.49,0.00
5069803,1028651,26,2,2.49,0.00
5069804,1028651,30,1,3.29,0.00
5069805,1028652,7,1,11.99,0.00
5069806,1028652,25,1,6.49,0.00
5069807,1028653,1,1,11.49,1.72
5069808,1028653,23,1,3.99,0.60
5069809,1028653,28,1,3.49,0.52
5069810,1028654,17,1,12.49,0.00
5069811,1028654,27,1,2.49,0.00
5069812,1028654,24,1,3.49,0.00
5069813,1028655,9,1,13.99,2.10
5069814,1028656,5,1,13.49,0.00
5069815,1028656,34,1,4.49,0.00
5069816,1028656,24,1,3.49,0.00
5069817,1028656,18,1,5.49,0.00
5069818,1028656,27,1,2.49,0.00
5069819,1028656,26,1,2.49,0.00
5069820,1028657,17,1,12.49,0.00
5069821,1028657,21,2,3.99,0.00
5069822,1028657,29,1,3.49,0.00
5069823,1028657,18,1,5.49,0.00
5069824,1028657,32,1,4.99,0.00
5069825,1028658,17,1,12.49,0.00
5069826,1028658,18,1,5.49,0.00
5069827,1028659,5,2,13.49,0.00
5069828,1028660,17,1,12.49,0.00
5069829,1028660,26,1,2.49,0.00
5069830,1028661,17,1,12.49,0.00
5069831,1028661,21,3,3.99,0.00
5069832,1028662,4,1,14.99,0.00
5069833,1028662,30,1,3.29,0.00
5069834,1028662,34,1,4.49,0.00
5069835,1028663,7,1,11.99,0.00
5069836,1028663,34,1,4.49,0.00
5069837,1028664,7,1,11.99,0.00
5069838,1028664,15,1,10.99,0.00
5069839,1028665,9,1,13.99,0.00
5069840,1028665,24,1,3.49,0.00
5069841,1028665,7,1,11.99,0.00
5069842,1028665,21,1,3.99,0.00
5069843,1028666,17,1,12.49,0.00
5069844,1028666,34,1,4.49,0.00
5069845,1028666,24,1,3.49,0.00
5069846,1028667,7,1,11.99,1.80
5069847,1028668,7,1,11.99,0.00
5069848,1028669,10,1,10.99,0.00
5069849,1028669,18,1,5.49,0.00
5069850,1028669,33,2,5.49,0.00
5069851,1028670,3,1,10.49,1.57
5069852,1028670,19,2,3.99,1.20
5069853,1028670,18,1,5.49,0.82
5069854,1028671,1,1,11.49,1.72
5069855,1028671,21,1,3.99,0.60
5069856,1028671,18,1,5.49,0.82
5069857,1028672,15,1,10.99,0.00
5069858,1028673,12,2,18.99,0.00
5069859,1028673,33,1,5.49,0.00
5069860,1028673,32,1,4.99,0.00
5069861,1028674,3,1,10.49,0.00
5069862,1028675,3,1,10.49,0.00
5069863,1028675,1,1,11.49,0.00
5069864,1028676,16,1,10.49,0.00
5069865,1028676,29,3,3.49,0.00
5069866,1028677,2,1,11.99,0.00
5069867,1028677,20,1,4.49,0.00
5069868,1028678,17,1,12.49,0.00
5069869,1028679,6,1,12.99,0.00
5069870,1028679,32,1,4.99,0.00
5069871,1028679,28,1,3.49,0.00
5069872,1028679,18,2,5.49,0.00
5069873,1028679,23,3,3.99,0.00
5069874,1028680,5,1,13.49,0.00
5069875,1028680,26,1,2.49,0.00
5069876,1028681,13,1,9.99,0.00
5069877,1028682,17,1,12.49,0.00
5069878,1028683,3,1,10.49,0.00
5069879,1028683,22,1,4.49,0.00
5069880,1028683,28,1,3.49,0.00
5069881,1028683,19,1,3.99,0.00
5069882,1028684,7,1,11.99,0.00
5069883,1028685,7,1,11.99,0.00
5069884,1028686,11,1,13.49,0.00
5069885,1028686,18,1,5.49,0.00
5069886,1028686,27,1,2.49,0.00
5069887,1028686,29,2,3.49,0.00
5069888,1028687,12,1,18.99,0.00
5069889,1028688,1,3,11.49,0.00
5069890,1028688,19,1,3.99,0.00
5069891,1028688,5,2,13.49,0.00
5069892,1028689,14,1,10.49,0.00
5069893,1028689,27,1,2.49,0.00
5069894,1028690,17,1,12.49,0.00
5069895,1028690,27,-1,2.49,0.00
5069896,1028690,23,1,3.99,0.00
5069897,1028690,28,1,3.49,0.00
5069898,1028691,10,1,10.99,0.00
5069899,1028692,11,1,13.49,0.00
5069900,1028692,20,1,4.49,0.00
5069901,1028693,1,1,11.49,1.72
5069902,1028693,22,1,4.49,0.67
5069903,1028693,31,1,3.49,0.52
5069904,1028694,8,1,12.49,0.00
5069905,1028694,22,1,4.49,0.00
5069906,1028695,13,0,9.99,3.00
5069907,1028695,30,1,3.29,0.49
5069908,1028695,32,1,4.99,0.75
5069909,1028695,18,2,5.49,1.65
5069910,1028696,14,1,10.49,0.00
5069911,1028696,33,1,5.49,0.00
5069912,1028697,3,1,10.49,1.57
5069913,1028697,26,1,2.49,0.37
5069914,1028697,31,2,3.49,1.05
5069915,1028697,18,1,5.49,0.82
5069916,1028697,30,1,3.29,0.49
5069917,1028698,2,2,11.99,0.00
5069918,1028698,19,1,3.99,0.00
5069919,1028699,11,1,13.49,0.00
5069920,1028699,25,1,6.49,0.00
5069921,1028700,6,1,12.99,0.00
5069922,1028700,21,2,3.99,0.00
5069923,1028701,1,1,11.49,0.00
5069924,1028702,1,1,11.49,0.00
5069925,1028702,33,1,5.49,0.00
5069926,1028703,2,1,11.99,0.00
5069927,1028703,34,2,4.49,0.00
5069928,1028703,21,3,3.99,0.00
5069929,1028704,15,1,10.99,0.00
5069930,1028704,21,1,3.99,0.00
5069931,1028704,26,1,2.49,0.00
5069932,1028704,24,1,3.49,0.00
5069933,1028705,17,1,12.49,0.00
5069934,1028705,25,1,6.49,0.00
5069935,1028705,33,1,5.49,0.00
5069936,1028706,1,1,11.49,0.00
5069937,1028706,24,1,3.49,0.00
5069938,1028707,17,1,12.49,0.00
5069939,1028708,17,1,12.49,0.00
5069940,1028708,29,1,3.49,0.00
5069941,1028709,14,1,10.49,0.00
5069942,1028709,34,1,4.49,0.00
5069943,1028709,23,2,3.99,0.00
5069944,1028709,27,2,2.49,0.00
5069945,1028710,17,1,12.49,0.00
5069946,1028710,27,1,2.49,0.00
5069947,1028711,7,1,11.99,0.00
5069948,1028711,24,1,3.49,0.00
5069949,1028712,3,1,10.49,0.00
5069950,1028712,30,-2,3.29,0.00
5069951,1028713,13,2,9.99,0.00
5069952,1028713,18,1,5.49,0.00
5069953,1028714,14,3,10.49,0.00
5069954,1028714,1,1,11.49,0.00
5069955,1028715,17,1,12.49,0.00
5069956,1028715,21,1,3.99,0.00
5069957,1028715,27,1,2.49,0.00
5069958,1028716,2,1,11.99,0.00
5069959,1028716,26,1,2.49,0.00
5069960,1028717,6,1,12.99,0.00
5069961,1028717,30,3,3.29,0.00
5069962,1028717,18,3,5.49,0.00
5069963,1028717,17,1,12.49,0.00
5069964,1028718,9,1,13.99,0.00
5069965,1028718,26,1,2.49,0.00
5069966,1028719,2,1,11.99,0.00
5069967,1028720,4,1,14.99,0.00
5069968,1028720,24,1,3.49,0.00
5069969,1028720,29,1,3.49,0.00
5069970,1028720,32,1,4.99,0.00
5069971,1028721,7,1,11.99,0.00
5069972,1028721,26,1,2.49,0.00
5069973,1028721,17,1,12.49,0.00
5069974,1028722,17,1,12.49,0.00
5069975,1028722,8,1,12.49,0.00
5069976,1028723,4,1,14.99,0.00
5069977,1028723,21,1,3.99,0.00
5069978,1028724,8,1,12.49,0.00
5069979,1028724,24,2,3.49,0.00
5069980,1028725,4,1,14.99,0.00
5069981,1028725,24,1,3.49,0.00
5069982,1028725,29,2,3.49,0.00
5069983,1028726,2,1,11.99,1.80
5069984,1028726,19,1,3.99,0.60
5069985,1028727,2,1,11.99,0.00
5069986,1028728,15,1,10.99,0.00
5069987,1028729,9,1,13.99,0.00
5069988,1028729,21,1,3.99,0.00
5069989,1028729,26,1,2.49,0.00
5069990,1028729,2,1,11.99,0.00
5069991,1028730,8,2,12.49,0.00
5069992,1028730,22,1,4.49,0.00
5069993,1028730,4,1,14.99,0.00
5069994,1028730,28,1,3.49,0.00
5069995,1028731,16,1,10.49,1.57
5069996,1028731,27,1,2.49,0.37
5069997,1028732,3,2,10.49,0.00
5069998,1028733,6,1,12.99,0.00
5069999,1028734,9,1,13.99,0.00
5070000,1028735,9,1,13.99,0.00
5070001,1028735,22,1,4.49,0.00
5070002,1028735,26,1,2.49,0.00
5070003,1028736,14,1,10.49,0.00
5070004,1028736,20,2,4.49,0.00
5070005,1028736,25,1,6.49,0.00
5070006,1028737,6,1,12.99,0.00
5070007,1028738,14,1,10.49,0.00
5070008,1028738,26,1,2.49,0.00
5070009,1028738,23,2,3.99,0.00
5070010,1028739,13,1,9.99,0.00
5070011,1028740,12,1,18.99,0.00
5070012,1028740,33,1,5.49,0.00
5070013,1028740,26,1,2.49,0.00
5070014,1028741,17,1,12.49,0.00
5070015,1028741,19,1,3.99,0.00
5070016,1028742,12,1,18.99,0.00
5070017,1028742,8,1,12.49,0.00
5070018,1028742,23,1,3.99,0.00
5070019,1028742,26,1,2.49,0.00
5070020,1028742,30,2,3.29,0.00
5070021,1028742,31,1,3.49,0.00
5070022,1028743,2,1,11.99,0.00
5070023,1028743,27,2,2.49,0.00
5070024,1028743,18,1,5.49,0.00
5070025,1028744,6,1,12.99,0.00
5070026,1028744,18,1,5.49,0.00
5070027,1028744,27,1,2.49,0.00
5070028,1028745,4,1,14.99,0.00
5070029,1028745,23,1,3.99,0.00
5070030,1028745,21,1,3.99,0.00
5070031,1028746,17,1,12.49,0.00
5070032,1028747,4,1,14.99,0.00
5070033,1028748,17,1,12.49,0.00
5070034,1028749,9,1,13.99,0.00
5070035,1028749,25,1,6.49,0.00
5070036,1028749,29,1,3.49,0.00
5070037,1028749,34,2,4.49,0.00
5070038,1028750,6,1,12.99,0.00
5070039,1028750,22,1,4.49,0.00
5070040,1028750,2,1,11.99,0.00
5070041,1028751,2,1,11.99,0.00
5070042,1028751,30,1,3.29,0.00
5070043,1028752,6,1,12.99,0.00
5070044,1028752,26,1,2.49,0.00
5070045,1028752,21,1,3.99,0.00
5070046,1028752,27,1,2.49,0.00
5070047,1028753,2,1,11.99,0.00
5070048,1028753,18,1,5.49,0.00
5070049,1028754,3,1,10.49,1.57
5070050,1028754,27,3,2.49,1.12
5070051,1028754,26,2,2.49,0.75
5070052,1028755,10,1,10.99,0.00
5070053,1028755,23,1,3.99,0.00
5070054,1028755,18,2,5.49,0.00
5070055,1028756,16,1,10.49,0.00
5070056,1028756,29,1,3.49,0.00
5070057,1028756,19,3,3.99,0.00
5070058,1028757,8,1,12.49,0.00
5070059,1028757,6,1,12.99,0.00
5070060,1028757,21,1,3.99,0.00
5070061,1028757,7,1,11.99,0.00
5070062,1028758,17,1,12.49,0.00
5070063,1028758,5,1,13.49,0.00
5070064,1028758,4,2,14.99,0.00
5070065,1028759,5,1,13.49,0.00
5070066,1028759,18,1,5.49,0.00
5070067,1028760,13,1,9.99,0.00
5070068,1028760,27,3,2.49,0.00
5070069,1028760,12,1,18.99,0.00
5070070,1028761,17,2,12.49,0.00
5070071,1028761,20,2,4.49,0.00
5070072,1028762,17,1,12.49,0.00
5070073,1028762,24,1,3.49,0.00
5070074,1028763,4,1,14.99,0.00
5070075,1028763,26,1,2.49,0.00
5070076,1028763,33,1,5.49,0.00
5070077,1028764,10,1,10.99,0.00
5070078,1028764,23,1,3.99,0.00
5070079,1028765,7,1,11.99,0.00
5070080,1028765,25,1,6.49,0.00
5070081,1028766,7,1,11.99,0.00
5070082,1028767,15,1,10.99,0.00
5070083,1028767,17,1,12.49,0.00
5070084,1028768,13,1,9.99,0.00
5070085,1028768,23,1,3.99,0.00
5070086,1028768,21,1,3.99,0.00
5070087,1028768,33,1,5.49,0.00
5070088,1028769,8,1,12.49,1.87
5070089,1028770,5,1,13.49,2.02
5070090,1028770,25,1,6.49,0.97
5070091,1028771,17,1,12.49,0.00
5070092,1028771,33,1,5.49,0.00
5070093,1028772,1,1,11.49,0.00
5070094,1028773,17,1,12.49,0.00
5070095,1028774,4,1,14.99,0.00
5070096,1028774,27,2,2.49,0.00
5070097,1028774,35,1,2.99,0.00
5070098,1028775,7,1,11.99,0.00
5070099,1028775,26,0,2.49,0.00
5070100,1028775,25,1,6.49,0.00
5070101,1028775,30,1,3.29,0.00
5070102,1028776,17,1,12.49,0.00
5070103,1028776,31,1,3.49,0.00
5070104,1028777,14,1,10.49,0.00
5070105,1028777,26,3,2.49,0.00
5070106,1028777,28,3,3.49,0.00
5070107,1028778,3,2,10.49,0.00
5070108,1028778,27,3,2.49,0.00
5070109,1028778,29,1,3.49,0.00
5070110,1028779,5,1,13.49,0.00
5070111,1028779,34,3,4.49,0.00
5070112,1028780,7,1,11.99,0.00
5070113,1028781,17,1,12.49,0.00
5070114,1028781,33,1,5.49,0.00
5070115,1028782,8,1,12.49,0.00
5070116,1028782,23,1,3.99,0.00
5070117,1028782,34,1,4.49,0.00
5070118,1028783,11,1,13.49,0.00
5070119,1028783,18,1,5.49,0.00
5070120,1028784,17,1,12.49,0.00
5070121,1028784,30,3,3.29,0.00
5070122,1028784,18,0,5.49,0.00
5070123,1028785,12,1,18.99,0.00
5070124,1028785,28,1,3.49,0.00
5070125,1028785,7,2,11.99,0.00
5070126,1028785,17,1,12.49,0.00
5070127,1028785,20,2,4.49,0.00
5070128,1028786,14,2,10.49,0.00
5070129,1028786,34,1,4.49,0.00
5070130,1028787,15,1,10.99,0.00
5070131,1028788,17,2,12.49,0.00
5070132,1028788,23,1,3.99,0.00
5070133,1028789,12,1,18.99,0.00
5070134,1028789,27,1,2.49,0.00
5070135,1028790,13,1,9.99,0.00
5070136,1028790,25,1,6.49,0.00
5070137,1028791,1,1,11.49,0.00
5070138,1028791,21,1,3.99,0.00
5070139,1028791,32,1,4.99,0.00
5070140,1028791,25,1,6.49,0.00
5070141,1028792,8,2,12.49,0.00
5070142,1028793,7,1,11.99,0.00
5070143,1028794,9,1,13.99,0.00
5070144,1028795,17,1,12.49,0.00
5070145,1028796,15,1,10.99,0.00
5070146,1028796,25,1,6.49,0.00
5070147,1028797,15,1,10.99,0.00
5070148,1028797,30,1,3.29,0.00
5070149,1028797,23,1,3.99,0.00
5070150,1028798,10,2,10.99,3.30
5070151,1028798,20,1,4.49,0.67
5070152,1028799,6,1,12.99,0.00
5070153,1028799,32,1,4.99,0.00
5070154,1028800,3,3,10.49,0.00
5070155,1028801,10,1,10.99,1.65
5070156,1028802,1,2,11.49,0.00
5070157,1028803,11,1,13.49,0.00
5070158,1028803,29,1,3.49,0.00
5070159,1028803,32,1,4.99,0.00
5070160,1028803,30,1,3.29,0.00
5070161,1028804,7,1,11.99,1.80
5070162,1028805,7,0,11.99,0.00
5070163,1028805,26,1,2.49,0.00
5070164,1028806,4,1,14.99,0.00
5070165,1028806,21,1,3.99,0.00
5070166,1028806,28,1,3.49,0.00
5070167,1028806,27,1,2.49,0.00
5070168,1028806,11,1,13.49,0.00
5070169,1028807,7,1,11.99,0.00
5070170,1028807,22,1,4.49,0.00
5070171,1028807,18,1,5.49,0.00
5070172,1028807,21,1,3.99,0.00
5070173,1028808,1,1,11.49,1.72
5070174,1028808,18,2,5.49,1.65
5070175,1028809,6,1,12.99,0.00
5070176,1028809,3,1,10.49,0.00
5070177,1028809,20,1,4.49,0.00
5070178,1028809,35,1,2.99,0.00
5070179,1028810,14,1,10.49,0.00
5070180,1028810,25,1,6.49,0.00
5070181,1028810,26,1,2.49,0.00
5070182,1028811,6,1,12.99,0.00
5070183,1028811,28,1,3.49,0.00
5070184,1028811,34,3,4.49,0.00
5070185,1028811,20,2,4.49,0.00
5070186,1028812,6,1,12.99,0.00
5070187,1028812,27,2,2.49,0.00
5070188,1028813,1,1,11.49,0.00
5070189,1028814,17,1,12.49,0.00
5070190,1028815,14,1,10.49,0.00
5070191,1028815,19,1,3.99,0.00
5070192,1028815,29,1,3.49,0.00
5070193,1028815,25,1,6.49,0.00
5070194,1028816,11,1,13.49,0.00
5070195,1028817,11,1,13.49,0.00
5070196,1028817,6,1,12.99,0.00
5070197,1028817,20,1,4.49,0.00
5070198,1028817,24,-1,3.49,0.00
5070199,1028818,13,1,9.99,0.00
5070200,1028818,19,1,3.99,0.00
5070201,1028818,31,1,3.49,0.00
5070202,1028819,4,1,14.99,0.00
5070203,1028819,30,0,3.29,0.00
5070204,1028820,17,1,12.49,0.00
5070205,1028820,29,1,3.49,0.00
5070206,1028820,27,2,2.49,0.00
5070207,1028821,17,1,12.49,0.00
5070208,1028822,9,1,13.99,0.00
5070209,1028822,30,1,3.29,0.00
5070210,1028823,1,1,11.49,0.00
5070211,1028823,18,1,5.49,0.00
5070212,1028824,12,1,18.99,0.00
5070213,1028824,27,2,2.49,0.00
5070214,1028824,26,1,2.49,0.00
5070215,1028824,35,1,2.99,0.00
5070216,1028825,13,1,9.99,0.00
5070217,1028825,27,3,2.49,0.00
5070218,1028825,23,2,3.99,0.00
5070219,1028826,17,1,12.49,0.00
5070220,1028826,25,1,6.49,0.00
5070221,1028826,31,1,3.49,0.00
5070222,1028827,7,1,11.99,0.00
5070223,1028828,6,1,12.99,0.00
5070224,1028829,6,1,12.99,0.00
5070225,1028829,29,1,3.49,0.00
5070226,1028829,18,1,5.49,0.00
5070227,1028829,26,1,2.49,0.00
5070228,1028830,4,1,14.99,0.00
5070229,1028830,27,1,2.49,0.00
5070230,1028831,9,1,13.99,0.00
5070231,1028831,18,1,5.49,0.00
5070232,1028832,17,1,12.49,0.00
5070233,1028832,34,1,4.49,0.00
5070234,1028833,4,2,14.99,0.00
5070235,1028833,21,1,3.99,0.00
5070236,1028834,13,2,9.99,0.00
5070237,1028834,20,1,4.49,0.00
5070238,1028834,32,1,4.99,0.00
5070239,1028835,12,1,18.99,0.00
5070240,1028835,26,1,2.49,0.00
5070241,1028836,15,1,10.99,1.65
5070242,1028836,28,1,3.49,0.52
5070243,1028837,13,1,9.99,0.00
5070244,1028837,24,1,3.49,0.00
5070245,1028838,1,1,11.49,0.00
5070246,1028838,30,3,3.29,0.00
5070247,1028838,14,1,10.49,0.00
5070248,1028839,4,1,14.99,0.00
5070249,1028839,27,1,2.49,0.00
5070250,1028839,19,1,3.99,0.00
5070251,1028840,7,1,11.99,0.00
5070252,1028840,23,1,3.99,0.00
5070253,1028840,22,2,4.49,0.00
5070254,1028840,30,1,3.29,0.00
5070255,1028840,6,1,12.99,0.00
5070256,1028841,8,1,12.49,0.00
5070257,1028841,17,1,12.49,0.00
5070258,1028841,29,2,3.49,0.00
5070259,1028841,6,1,12.99,0.00
5070260,1028842,8,1,12.49,0.00
5070261,1028843,12,1,18.99,2.85
5070262,1028843,30,1,3.29,0.49
5070263,1028844,8,1,12.49,0.00
5070264,1028844,34,1,4.49,0.00
5070265,1028844,24,1,3.49,0.00
5070266,1028845,17,1,12.49,0.00
5070267,1028845,28,1,3.49,0.00
5070268,1028846,17,1,12.49,0.00
5070269,1028846,25,1,6.49,0.00
5070270,1028847,8,1,12.49,1.87
5070271,1028847,26,1,2.49,0.37
5070272,1028848,11,1,13.49,0.00
5070273,1028848,26,1,2.49,0.00
5070274,1028849,13,1,9.99,0.00
5070275,1028850,14,1,10.49,0.00
5070276,1028850,21,1,3.99,0.00
5070277,1028850,26,2,2.49,0.00
5070278,1028851,1,1,11.49,0.00
5070279,1028851,35,1,2.99,0.00
5070280,1028852,17,1,12.49,0.00
5070281,1028852,20,1,4.49,0.00
5070282,1028853,4,2,14.99,0.00
5070283,1028853,29,2,3.49,0.00
5070284,1028853,33,1,5.49,0.00
5070285,1028853,24,1,3.49,0.00
5070286,1028854,4,1,14.99,0.00
5070287,1028854,30,1,3.29,0.00
5070288,1028855,11,1,13.49,0.00
5070289,1028855,19,1,3.99,0.00
5070290,1028855,20,1,4.49,0.00
5070291,1028855,32,1,4.99,0.00
5070292,1028856,6,1,12.99,0.00
5070293,1028856,22,1,4.49,0.00
5070294,1028856,19,1,3.99,0.00
5070295,1028856,26,1,2.49,0.00
5070296,1028857,17,1,12.49,0.00
5070297,1028857,21,2,3.99,0.00
5070298,1028858,5,1,13.49,0.00
5070299,1028858,32,-1,4.99,0.00
5070300,1028859,17,1,12.49,0.00
5070301,1028860,17,1,12.49,0.00
5070302,1028861,11,1,13.49,2.02
5070303,1028861,23,1,3.99,0.60
5070304,1028862,5,1,13.49,0.00
5070305,1028862,18,1,5.49,0.00
5070306,1028862,27,1,2.49,0.00
5070307,1028863,17,1,12.49,0.00
5070308,1028864,14,1,10.49,1.57
5070309,1028865,17,1,12.49,0.00
5070310,1028865,33,1,5.49,0.00
5070311,1028865,35,1,2.99,0.00
5070312,1028866,15,2,10.99,0.00
5070313,1028866,29,1,3.49,0.00
5070314,1028866,23,2,3.99,0.00
5070315,1028866,26,1,2.49,0.00
5070316,1028866,31,1,3.49,0.00
5070317,1028866,22,3,4.49,0.00
5070318,1028867,14,1,10.49,0.00
5070319,1028867,24,1,3.49,0.00
5070320,1028867,10,1,10.99,0.00
5070321,1028867,34,1,4.49,0.00
5070322,1028868,11,1,13.49,0.00
5070323,1028868,31,1,3.49,0.00
5070324,1028868,27,1,2.49,0.00
5070325,1028868,32,1,4.99,0.00
5070326,1028868,29,1,3.49,0.00
5070327,1028869,14,1,10.49,0.00
5070328,1028869,26,2,2.49,0.00
5070329,1028869,17,1,12.49,0.00
5070330,1028870,11,1,13.49,0.00
5070331,1028870,30,1,3.29,0.00
5070332,1028870,27,1,2.49,0.00
5070333,1028870,25,1,6.49,0.00
5070334,1028871,2,1,11.99,0.00
5070335,1028871,12,1,18.99,0.00
5070336,1028871,19,1,3.99,0.00
5070337,1028872,2,1,11.99,0.00
5070338,1028873,1,1,11.49,0.00
5070339,1028873,19,1,3.99,0.00
5070340,1028874,12,1,18.99,0.00
5070341,1028875,6,1,12.99,0.00
5070342,1028876,7,1,11.99,0.00
5070343,1028876,26,1,2.49,0.00
5070344,1028877,12,2,18.99,0.00
5070345,1028878,14,1,10.49,0.00
5070346,1028878,21,1,3.99,0.00
5070347,1028878,29,2,3.49,0.00
5070348,1028878,26,1,2.49,0.00
5070349,1028879,11,3,13.49,0.00
5070350,1028879,5,1,13.49,0.00
5070351,1028880,13,1,9.99,0.00
5070352,1028880,33,1,5.49,0.00
5070353,1028880,24,1,3.49,0.00
5070354,1028881,10,1,10.99,0.00
5070355,1028881,22,1,4.49,0.00
5070356,1028881,19,2,3.99,0.00
5070357,1028881,34,1,4.49,0.00
5070358,1028882,12,1,18.99,2.85
5070359,1028882,23,1,3.99,0.60
5070360,1028882,26,1,2.49,0.37
5070361,1028883,17,2,12.49,0.00
5070362,1028883,22,1,4.49,0.00
5070363,1028883,27,1,2.49,0.00
5070364,1028884,11,1,13.49,0.00
5070365,1028884,21,1,3.99,0.00
5070366,1028884,18,2,5.49,0.00
5070367,1028885,1,1,11.49,0.00
5070368,1028886,11,1,13.49,0.00
5070369,1028886,24,1,3.49,0.00
5070370,1028887,11,1,13.49,0.00
5070371,1028887,19,1,3.99,0.00
5070372,1028888,2,1,11.99,0.00
5070373,1028888,27,1,2.49,0.00
5070374,1028889,9,1,13.99,0.00
5070375,1028889,26,1,2.49,0.00
5070376,1028890,8,1,12.49,0.00
5070377,1028890,18,1,5.49,0.00
5070378,1028891,17,1,12.49,0.00
5070379,1028891,27,1,2.49,0.00
5070380,1028891,31,1,3.49,0.00
5070381,1028891,20,1,4.49,0.00
5070382,1028892,17,2,12.49,0.00
5070383,1028892,4,1,14.99,0.00
5070384,1028893,17,1,12.49,0.00
5070385,1028893,26,1,2.49,0.00
5070386,1028893,27,1,2.49,0.00
5070387,1028893,21,1,3.99,0.00
5070388,1028894,1,2,11.49,0.00
5070389,1028894,22,1,4.49,0.00
5070390,1028894,17,1,12.49,0.00
5070391,1028895,1,2,11.49,0.00
5070392,1028895,26,2,2.49,0.00
5070393,1028895,29,1,3.49,0.00
5070394,1028895,20,1,4.49,0.00
5070395,1028896,4,1,14.99,0.00
5070396,1028896,23,1,3.99,0.00
5070397,1028897,15,1,10.99,0.00
5070398,1028897,26,1,2.49,0.00
5070399,1028897,23,1,3.99,0.00
5070400,1028897,24,1,3.49,0.00
5070401,1028898,17,1,12.49,0.00
5070402,1028898,29,1,3.49,0.00
5070403,1028898,33,1,5.49,0.00
5070404,1028899,3,1,10.49,0.00
5070405,1028899,18,1,5.49,0.00
5070406,1028900,10,1,10.99,0.00
5070407,1028900,20,1,4.49,0.00
5070408,1028900,26,1,2.49,0.00
5070409,1028901,6,1,12.99,0.00
5070410,1028901,28,1,3.49,0.00
5070411,1028901,33,1,5.49,0.00
5070412,1028901,20,1,4.49,0.00
5070413,1028902,6,1,12.99,0.00
5070414,1028902,24,1,3.49,0.00
5070415,1028902,22,2,4.49,0.00
5070416,1028903,6,1,12.99,0.00
5070417,1028903,17,1,12.49,0.00
5070418,1028904,6,1,12.99,0.00
5070419,1028905,9,1,13.99,0.00
5070420,1028905,23,1,3.99,0.00
5070421,1028905,28,1,3.49,0.00
5070422,1028906,14,1,10.49,0.00
5070423,1028906,30,1,3.29,0.00
5070424,1028906,29,2,3.49,0.00
5070425,1028906,17,1,12.49,0.00
5070426,1028906,26,1,2.49,0.00
5070427,1028906,18,1,5.49,0.00
5070428,1028907,3,1,10.49,0.00
5070429,1028907,26,1,2.49,0.00
5070430,1028907,33,1,5.49,0.00
5070431,1028907,19,1,3.99,0.00
5070432,1028908,17,1,12.49,0.00
5070433,1028909,12,1,18.99,0.00
5070434,1028910,15,1,10.99,0.00
5070435,1028910,18,1,5.49,0.00
5070436,1028910,26,1,2.49,0.00
5070437,1028910,27,1,2.49,0.00
5070438,1028910,29,1,3.49,0.00
5070439,1028911,6,1,12.99,0.00
5070440,1028911,31,1,3.49,0.00
5070441,1028911,7,1,11.99,0.00
5070442,1028911,27,1,2.49,0.00
5070443,1028911,22,1,4.49,0.00
5070444,1028912,11,2,13.49,0.00
5070445,1028913,2,1,11.99,0.00
5070446,1028913,28,1,3.49,0.00
5070447,1028914,17,1,12.49,0.00
5070448,1028915,17,1,12.49,0.00
5070449,1028915,7,1,11.99,0.00
5070450,1028916,2,1,11.99,0.00
5070451,1028916,30,1,3.29,0.00
5070452,1028916,19,1,3.99,0.00
5070453,1028917,9,1,13.99,0.00
5070454,1028917,34,1,4.49,0.00
5070455,1028918,15,2,10.99,0.00
5070456,1028918,2,1,11.99,0.00
5070457,1028918,21,1,3.99,0.00
5070458,1028919,17,1,12.49,0.00
5070459,1028919,34,2,4.49,0.00
5070460,1028919,25,1,6.49,0.00
5070461,1028920,1,1,11.49,0.00
5070462,1028920,34,1,4.49,0.00
5070463,1028921,14,1,10.49,0.00
5070464,1028921,20,0,4.49,0.00
5070465,1028921,32,1,4.99,0.00
5070466,1028921,22,2,4.49,0.00
5070467,1028921,35,1,2.99,0.00
5070468,1028921,26,1,2.49,0.00
5070469,1028922,17,1,12.49,0.00
5070470,1028923,13,1,9.99,0.00
5070471,1028923,27,1,2.49,0.00
5070472,1028923,17,1,12.49,0.00
5070473,1028923,26,1,2.49,0.00
5070474,1028923,35,2,2.99,0.00
5070475,1028923,29,1,3.49,0.00
5070476,1028924,13,1,9.99,0.00
5070477,1028924,26,1,2.49,0.00
5070478,1028924,31,1,3.49,0.00
5070479,1028925,17,1,12.49,0.00
5070480,1028925,26,1,2.49,0.00
5070481,1028925,28,2,3.49,0.00
5070482,1028925,29,1,3.49,0.00
5070483,1028926,11,2,13.49,0.00
5070484,1028927,3,1,10.49,0.00
5070485,1028927,29,2,3.49,0.00
5070486,1028927,18,1,5.49,0.00
5070487,1028928,15,1,10.99,0.00
5070488,1028928,33,1,5.49,0.00
5070489,1028929,15,1,10.99,0.00
5070490,1028929,26,1,2.49,0.00
5070491,1028929,19,1,3.99,0.00
5070492,1028930,15,1,10.99,0.00
5070493,1028930,23,1,3.99,0.00
5070494,1028931,17,2,12.49,0.00
5070495,1028932,6,1,12.99,0.00
5070496,1028932,28,1,3.49,0.00
5070497,1028933,3,1,10.49,0.00
5070498,1028933,35,1,2.99,0.00
5070499,1028933,25,1,6.49,0.00
5070500,1028933,26,1,2.49,0.00
5070501,1028934,11,2,13.49,0.00
5070502,1028935,12,1,18.99,0.00
5070503,1028935,21,1,3.99,0.00
5070504,1028935,23,0,3.99,0.00
5070505,1028936,8,1,12.49,0.00
5070506,1028937,15,1,10.99,1.65
5070507,1028937,21,1,3.99,0.60
5070508,1028937,25,1,6.49,0.97
5070509,1028938,17,1,12.49,0.00
5070510,1028939,17,1,12.49,0.00
5070511,1028939,18,3,5.49,0.00
5070512,1028939,21,1,3.99,0.00
5070513,1028940,6,1,12.99,0.00
5070514,1028940,21,2,3.99,0.00
5070515,1028941,12,1,18.99,0.00
5070516,1028941,28,2,3.49,0.00
5070517,1028942,7,1,11.99,0.00
5070518,1028942,18,1,5.49,0.00
5070519,1028943,17,1,12.49,0.00
5070520,1028943,28,2,3.49,0.00
5070521,1028944,2,4,11.99,0.00
5070522,1028944,23,1,3.99,0.00
5070523,1028944,20,1,4.49,0.00
5070524,1028945,1,1,11.49,0.00
5070525,1028945,21,1,3.99,0.00
5070526,1028945,19,1,3.99,0.00
5070527,1028945,33,1,5.49,0.00
5070528,1028946,9,1,13.99,0.00
5070529,1028946,32,1,4.99,0.00
5070530,1028947,6,1,12.99,0.00
5070531,1028947,29,1,3.49,0.00
5070532,1028947,20,1,4.49,0.00
5070533,1028947,30,1,3.29,0.00
5070534,1028948,15,1,10.99,0.00
5070535,1028948,2,1,11.99,0.00
5070536,1028949,10,1,10.99,0.00
5070537,1028949,28,1,3.49,0.00
5070538,1028950,6,1,12.99,0.00
5070539,1028950,21,1,3.99,0.00
5070540,1028950,11,3,13.49,0.00
5070541,1028951,17,1,12.49,0.00
5070542,1028952,11,1,13.49,0.00
5070543,1028952,23,2,3.99,0.00
5070544,1028952,8,3,12.49,0.00
5070545,1028953,17,3,12.49,0.00
5070546,1028953,9,1,13.99,0.00
5070547,1028954,1,1,11.49,0.00
5070548,1028954,27,1,2.49,0.00
5070549,1028954,17,1,12.49,0.00
5070550,1028955,8,3,12.49,0.00
5070551,1028955,26,1,2.49,0.00
5070552,1028956,17,1,12.49,0.00
5070553,1028956,21,1,3.99,0.00
5070554,1028957,17,1,12.49,0.00
5070555,1028957,28,1,3.49,0.00
5070556,1028957,21,1,3.99,0.00
5070557,1028957,18,1,5.49,0.00
5070558,1028958,17,2,12.49,0.00
5070559,1028958,21,1,3.99,0.00
5070560,1028959,8,2,12.49,0.00
5070561,1028959,32,1,4.99,0.00
5070562,1028960,13,1,9.99,0.00
5070563,1028960,28,1,3.49,0.00
5070564,1028960,31,2,3.49,0.00
5070565,1028960,7,1,11.99,0.00
5070566,1028961,11,1,13.49,0.00
5070567,1028961,17,2,12.49,0.00
5070568,1028962,8,1,12.49,0.00
5070569,1028963,17,1,12.49,0.00
5070570,1028963,20,1,4.49,0.00
5070571,1028963,18,1,5.49,0.00
5070572,1028963,6,1,12.99,0.00
5070573,1028963,21,1,3.99,0.00
5070574,1028964,2,1,11.99,0.00
5070575,1028965,5,1,13.49,0.00
5070576,1028965,35,1,2.99,0.00
5070577,1028965,28,1,3.49,0.00
5070578,1028966,5,1,13.49,0.00
5070579,1028966,22,2,4.49,0.00
5070580,1028966,34,2,4.49,0.00
5070581,1028966,27,1,2.49,0.00
5070582,1028967,3,1,10.49,0.00
5070583,1028967,22,1,4.49,0.00
5070584,1028968,14,1,10.49,0.00
5070585,1028968,18,1,5.49,0.00
5070586,1028969,17,1,12.49,0.00
5070587,1028969,25,0,6.49,0.00
5070588,1028970,11,1,13.49,2.02
5070589,1028970,20,1,4.49,0.67
5070590,1028971,6,1,12.99,0.00
5070591,1028971,33,1,5.49,0.00
5070592,1028971,28,1,3.49,0.00
5070593,1028971,32,1,4.99,0.00
5070594,1028972,5,1,13.49,0.00
5070595,1028972,16,2,10.49,0.00
5070596,1028972,33,1,5.49,0.00
5070597,1028973,17,1,12.49,0.00
5070598,1028974,4,1,14.99,0.00
5070599,1028974,27,2,2.49,0.00
5070600,1028975,4,2,14.99,0.00
5070601,1028975,21,1,3.99,0.00
5070602,1028976,16,1,10.49,0.00
5070603,1028976,22,1,4.49,0.00
5070604,1028977,7,1,11.99,1.80
5070605,1028978,7,1,11.99,0.00
5070606,1028978,21,1,3.99,0.00
5070607,1028978,19,1,3.99,0.00
5070608,1028979,11,1,13.49,0.00
5070609,1028980,17,1,12.49,0.00
5070610,1028980,18,1,5.49,0.00
5070611,1028980,5,1,13.49,0.00
5070612,1028981,5,1,13.49,0.00
5070613,1028982,3,3,10.49,0.00
5070614,1028983,7,1,11.99,0.00
5070615,1028983,25,1,6.49,0.00
5070616,1028983,24,1,3.49,0.00
5070617,1028983,29,2,3.49,0.00
5070618,1028983,22,1,4.49,0.00
5070619,1028984,9,1,13.99,0.00
5070620,1028984,33,1,5.49,0.00
5070621,1028984,27,1,2.49,0.00
5070622,1028985,17,1,12.49,0.00
5070623,1028985,25,2,6.49,0.00
5070624,1028986,17,1,12.49,0.00
5070625,1028986,23,1,3.99,0.00
5070626,1028987,10,1,10.99,0.00
5070627,1028988,7,1,11.99,0.00
5070628,1028988,28,1,3.49,0.00
5070629,1028988,21,1,3.99,0.00
5070630,1028989,5,1,13.49,0.00
5070631,1028989,10,1,10.99,0.00
5070632,1028990,7,1,11.99,0.00
5070633,1028990,23,1,3.99,0.00
5070634,1028991,3,3,10.49,0.00
5070635,1028992,3,1,10.49,0.00
5070636,1028992,21,2,3.99,0.00
5070637,1028993,9,1,13.99,0.00
5070638,1028993,31,1,3.49,0.00
5070639,1028993,25,1,6.49,0.00
5070640,1028994,10,1,10.99,0.00
5070641,1028994,19,2,3.99,0.00
5070642,1028994,22,2,4.49,0.00
5070643,1028995,14,1,10.49,0.00
5070644,1028995,27,1,2.49,0.00
5070645,1028996,15,1,10.99,0.00
5070646,1028996,26,1,2.49,0.00
5070647,1028996,18,1,5.49,0.00
5070648,1028997,7,1,11.99,0.00
5070649,1028997,21,1,3.99,0.00
5070650,1028997,30,1,3.29,0.00
5070651,1028998,17,1,12.49,0.00
5070652,1028998,18,1,5.49,0.00
5070653,1028998,25,1,6.49,0.00
5070654,1028999,1,1,11.49,0.00
5070655,1028999,26,1,2.49,0.00
5070656,1028999,33,1,5.49,0.00
5070657,1028999,18,1,5.49,0.00
5070658,1029000,4,1,14.99,2.25
5070659,1029001,17,1,12.49,1.87
5070660,1029001,27,1,2.49,0.37
5070661,1029001,26,1,2.49,0.37
5070662,1029002,17,1,12.49,1.87
5070663,1029002,31,1,3.49,0.52
5070664,1029002,30,2,3.29,0.99
5070665,1029003,1,1,11.49,0.00
5070666,1029003,34,1,4.49,0.00
5070667,1029003,26,1,2.49,0.00
5070668,1029004,9,1,13.99,2.10
5070669,1029005,17,1,12.49,0.00
5070670,1029005,35,1,2.99,0.00
5070671,1029005,13,1,9.99,0.00
5070672,1029006,3,1,10.49,0.00
5070673,1029007,12,1,18.99,0.00
5070674,1029007,25,1,6.49,0.00
5070675,1029008,10,1,10.99,0.00
5070676,1029008,20,2,4.49,0.00
5070677,1029008,29,1,3.49,0.00
5070678,1029009,17,1,12.49,0.00
5070679,1029010,7,3,11.99,0.00
5070680,1029010,26,2,2.49,0.00
5070681,1029011,16,1,10.49,1.57
5070682,1029012,2,1,11.99,0.00
5070683,1029012,26,1,2.49,0.00
5070684,1029012,31,2,3.49,0.00
5070685,1029012,28,1,3.49,0.00
5070686,1029013,17,1,12.49,0.00
5070687,1029013,2,1,11.99,0.00
5070688,1029013,33,1,5.49,0.00
5070689,1029013,26,1,2.49,0.00
5070690,1029013,32,1,4.99,0.00
5070691,1029014,5,1,13.49,0.00
5070692,1029014,29,1,3.49,0.00
5070693,1029014,19,3,3.99,0.00
5070694,1029015,3,1,10.49,0.00
5070695,1029015,21,3,3.99,0.00
5070696,1029015,26,1,2.49,0.00
5070697,1029015,27,1,2.49,0.00
5070698,1029015,19,1,3.99,0.00
5070699,1029016,8,1,12.49,0.00
5070700,1029016,30,1,3.29,0.00
5070701,1029017,17,2,12.49,0.00
5070702,1029017,27,-1,2.49,0.00
5070703,1029017,25,1,6.49,0.00
5070704,1029018,5,1,13.49,0.00
5070705,1029018,33,2,5.49,0.00
5070706,1029019,14,1,10.49,0.00
5070707,1029019,20,1,4.49,0.00
5070708,1029020,17,1,12.49,0.00
5070709,1029020,27,1,2.49,0.00
5070710,1029021,1,1,11.49,0.00
5070711,1029021,19,1,3.99,0.00
5070712,1029021,29,3,3.49,0.00
5070713,1029021,21,2,3.99,0.00
5070714,1029022,17,1,12.49,0.00
5070715,1029022,21,2,3.99,0.00
5070716,1029023,9,1,13.99,0.00
5070717,1029024,7,1,11.99,0.00
5070718,1029024,30,1,3.29,0.00
5070719,1029024,10,1,10.99,0.00
5070720,1029025,8,1,12.49,0.00
5070721,1029025,28,1,3.49,0.00
5070722,1029026,15,1,10.99,0.00
5070723,1029026,26,2,2.49,0.00
5070724,1029026,14,1,10.49,0.00
5070725,1029026,29,1,3.49,0.00
5070726,1029027,3,1,10.49,1.57
5070727,1029027,22,1,4.49,0.67
5070728,1029027,21,1,3.99,0.60
5070729,1029028,14,1,10.49,0.00
5070730,1029028,34,1,4.49,0.00
5070731,1029029,2,1,11.99,0.00
5070732,1029029,20,1,4.49,0.00
5070733,1029030,9,1,13.99,0.00
5070734,1029030,19,1,3.99,0.00
5070735,1029031,1,1,11.49,0.00
5070736,1029031,30,1,3.29,0.00
5070737,1029031,25,1,6.49,0.00
5070738,1029031,22,1,4.49,0.00
5070739,1029032,16,1,10.49,0.00
5070740,1029033,3,2,10.49,3.15
5070741,1029033,32,3,4.99,2.25
5070742,1029033,27,1,2.49,0.37
5070743,1029033,21,1,3.99,0.60
5070744,1029034,17,1,12.49,0.00
5070745,1029034,34,2,4.49,0.00
5070746,1029035,10,1,10.99,0.00
5070747,1029035,27,3,2.49,0.00
5070748,1029035,26,1,2.49,0.00
5070749,1029036,17,1,12.49,0.00
5070750,1029037,14,1,10.49,0.00
5070751,1029038,12,1,18.99,0.00
5070752,1029038,9,1,13.99,0.00
5070753,1029039,6,1,12.99,0.00
5070754,1029039,27,1,2.49,0.00
5070755,1029040,12,1,18.99,0.00
5070756,1029041,13,1,9.99,0.00
5070757,1029041,27,1,2.49,0.00
5070758,1029041,29,1,3.49,0.00
5070759,1029041,25,1,6.49,0.00
5070760,1029042,3,1,10.49,0.00
5070761,1029043,3,1,10.49,0.00
5070762,1029043,18,1,5.49,0.00
5070763,1029043,23,1,3.99,0.00
5070764,1029044,7,-1,11.99,0.00
5070765,1029044,23,1,3.99,0.00
5070766,1029045,10,1,10.99,0.00
5070767,1029045,29,1,3.49,0.00
5070768,1029046,1,1,11.49,0.00
5070769,1029046,21,2,3.99,0.00
5070770,1029046,11,1,13.49,0.00
5070771,1029047,13,2,9.99,0.00
5070772,1029047,12,1,18.99,0.00
5070773,1029048,17,1,12.49,0.00
5070774,1029048,23,1,3.99,0.00
5070775,1029048,26,1,2.49,0.00
5070776,1029049,17,1,12.49,0.00
5070777,1029050,17,1,12.49,0.00
5070778,1029051,17,1,12.49,0.00
5070779,1029051,24,1,3.49,0.00
5070780,1029051,27,1,2.49,0.00
5070781,1029051,21,1,3.99,0.00
5070782,1029051,32,1,4.99,0.00
5070783,1029052,3,1,10.49,0.00
5070784,1029052,26,1,2.49,0.00
5070785,1029052,34,1,4.49,0.00
5070786,1029053,17,1,12.49,0.00
5070787,1029053,32,1,4.99,0.00
5070788,1029054,2,1,11.99,0.00
5070789,1029054,19,1,3.99,0.00
5070790,1029055,15,2,10.99,0.00
5070791,1029056,7,1,11.99,1.80
5070792,1029057,9,1,13.99,0.00
5070793,1029057,15,2,10.99,0.00
5070794,1029057,29,1,3.49,0.00
5070795,1029057,26,1,2.49,0.00
5070796,1029058,15,1,10.99,0.00
5070797,1029058,19,1,3.99,0.00
5070798,1029059,1,1,11.49,0.00
5070799,1029059,27,1,2.49,0.00
5070800,1029060,4,1,14.99,0.00
5070801,1029060,26,1,2.49,0.00
5070802,1029061,17,1,12.49,0.00
5070803,1029062,10,1,10.99,1.65
5070804,1029062,27,1,2.49,0.37
5070805,1029062,29,2,3.49,1.05
5070806,1029062,17,1,12.49,1.87
5070807,1029063,6,1,12.99,0.00
5070808,1029063,28,2,3.49,0.00
5070809,1029063,26,2,2.49,0.00
5070810,1029063,31,2,3.49,0.00
5070811,1029064,8,1,12.49,0.00
5070812,1029064,24,2,3.49,0.00
5070813,1029064,19,2,3.99,0.00
5070814,1029064,20,1,4.49,0.00
5070815,1029064,27,1,2.49,0.00
5070816,1029065,3,1,10.49,0.00
5070817,1029066,4,1,14.99,0.00
5070818,1029066,29,1,3.49,0.00
5070819,1029066,3,2,10.49,0.00
5070820,1029066,20,1,4.49,0.00
5070821,1029066,21,1,3.99,0.00
5070822,1029066,23,1,3.99,0.00
5070823,1029067,9,1,13.99,0.00
5070824,1029067,19,1,3.99,0.00
5070825,1029067,30,1,3.29,0.00
5070826,1029068,3,2,10.49,0.00
5070827,1029068,25,1,6.49,0.00
5070828,1029068,26,1,2.49,0.00
5070829,1029068,21,1,3.99,0.00
5070830,1029069,12,1,18.99,0.00
5070831,1029070,17,1,12.49,0.00
5070832,1029070,29,2,3.49,0.00
5070833,1029071,9,1,13.99,0.00
5070834,1029072,17,1,12.49,1.87
5070835,1029072,20,2,4.49,1.35
5070836,1029072,28,1,3.49,0.52
5070837,1029072,27,1,2.49,0.37
5070838,1029073,10,2,10.99,0.00
5070839,1029073,25,1,6.49,0.00
5070840,1029074,6,1,12.99,0.00
5070841,1029074,25,1,6.49,0.00
5070842,1029075,3,2,10.49,0.00
5070843,1029075,25,1,6.49,0.00
5070844,1029075,30,1,3.29,0.00
5070845,1029075,20,1,4.49,0.00
5070846,1029076,5,1,13.49,0.00
5070847,1029077,9,1,13.99,0.00
5070848,1029077,17,1,12.49,0.00
5070849,1029078,7,1,11.99,0.00
5070850,1029079,2,3,11.99,0.00
5070851,1029079,27,1,2.49,0.00
5070852,1029080,17,1,12.49,0.00
5070853,1029080,28,2,3.49,0.00
5070854,1029080,29,1,3.49,0.00
5070855,1029080,21,1,3.99,0.00
5070856,1029081,17,1,12.49,0.00
5070857,1029081,18,1,5.49,0.00
5070858,1029081,24,1,3.49,0.00
5070859,1029082,17,1,12.49,0.00
5070860,1029082,20,-1,4.49,0.00
5070861,1029083,15,2,10.99,0.00
5070862,1029084,17,1,12.49,0.00
5070863,1029084,20,1,4.49,0.00
5070864,1029085,17,1,12.49,0.00
5070865,1029085,22,2,4.49,0.00
5070866,1029085,26,2,2.49,0.00
5070867,1029086,6,1,12.99,0.00
5070868,1029086,31,1,3.49,0.00
5070869,1029086,28,1,3.49,0.00
5070870,1029087,15,1,10.99,0.00
5070871,1029087,18,2,5.49,0.00
5070872,1029088,14,1,10.49,1.57
5070873,1029089,17,1,12.49,0.00
5070874,1029089,26,1,2.49,0.00
5070875,1029090,3,1,10.49,0.00
5070876,1029091,13,2,9.99,0.00
5070877,1029091,26,2,2.49,0.00
5070878,1029092,3,1,10.49,1.57
5070879,1029092,18,1,5.49,0.82
5070880,1029093,2,1,11.99,0.00
5070881,1029094,1,1,11.49,0.00
5070882,1029094,19,1,3.99,0.00
5070883,1029095,4,1,14.99,0.00
5070884,1029095,5,3,13.49,0.00
5070885,1029096,7,1,11.99,0.00
5070886,1029096,27,2,2.49,0.00
5070887,1029096,21,1,3.99,0.00
5070888,1029096,28,1,3.49,0.00
5070889,1029097,12,1,18.99,0.00
5070890,1029097,15,3,10.99,0.00
5070891,1029097,30,1,3.29,0.00
5070892,1029098,16,1,10.49,0.00
5070893,1029098,26,1,2.49,0.00
5070894,1029099,4,1,14.99,0.00
5070895,1029099,21,1,3.99,0.00
5070896,1029099,31,2,3.49,0.00
5070897,1029099,11,1,13.49,0.00
5070898,1029100,9,1,13.99,0.00
5070899,1029101,11,1,13.49,0.00
5070900,1029101,29,1,3.49,0.00
5070901,1029102,3,1,10.49,0.00
5070902,1029103,15,1,10.99,0.00
5070903,1029103,20,1,4.49,0.00
5070904,1029104,6,1,12.99,0.00
5070905,1029105,13,1,9.99,0.00
5070906,1029105,32,1,4.99,0.00
5070907,1029106,12,1,18.99,0.00
5070908,1029106,31,1,3.49,0.00
5070909,1029107,9,1,13.99,0.00
5070910,1029107,21,1,3.99,0.00
5070911,1029108,2,1,11.99,0.00
5070912,1029108,21,3,3.99,0.00
5070913,1029109,1,1,11.49,0.00
5070914,1029110,15,1,10.99,0.00
5070915,1029110,24,1,3.49,0.00
5070916,1029111,9,2,13.99,0.00
5070917,1029111,34,1,4.49,0.00
5070918,1029111,27,1,2.49,0.00
5070919,1029112,4,2,14.99,0.00
5070920,1029112,29,1,3.49,0.00
5070921,1029112,28,3,3.49,0.00
5070922,1029113,11,1,13.49,0.00
5070923,1029113,26,1,2.49,0.00
5070924,1029114,17,1,12.49,0.00
5070925,1029114,18,2,5.49,0.00
5070926,1029114,20,3,4.49,0.00
5070927,1029115,17,1,12.49,0.00
5070928,1029116,17,1,12.49,0.00
5070929,1029116,29,1,3.49,0.00
5070930,1029116,31,2,3.49,0.00
5070931,1029117,16,1,10.49,0.00
5070932,1029117,17,1,12.49,0.00
5070933,1029117,27,2,2.49,0.00
5070934,1029118,9,1,13.99,0.00
5070935,1029118,30,1,3.29,0.00
5070936,1029118,17,1,12.49,0.00
5070937,1029118,16,1,10.49,0.00
5070938,1029119,9,1,13.99,0.00
5070939,1029120,17,1,12.49,0.00
5070940,1029121,13,1,9.99,0.00
5070941,1029122,15,1,10.99,0.00
5070942,1029122,11,1,13.49,0.00
5070943,1029122,18,1,5.49,0.00
5070944,1029122,26,1,2.49,0.00
5070945,1029122,3,1,10.49,0.00
5070946,1029122,28,1,3.49,0.00
5070947,1029123,14,1,10.49,0.00
5070948,1029123,31,2,3.49,0.00
5070949,1029124,17,2,12.49,0.00
5070950,1029124,7,3,11.99,0.00
5070951,1029124,21,1,3.99,0.00
5070952,1029124,29,1,3.49,0.00
5070953,1029125,16,1,10.49,0.00
5070954,1029125,23,2,3.99,0.00
5070955,1029126,8,1,12.49,0.00
5070956,1029126,25,1,6.49,0.00
5070957,1029126,26,1,2.49,0.00
5070958,1029126,27,1,2.49,0.00
5070959,1029126,21,2,3.99,0.00
5070960,1029127,17,1,12.49,0.00
5070961,1029127,30,1,3.29,0.00
5070962,1029128,6,1,12.99,0.00
5070963,1029128,27,1,2.49,0.00
5070964,1029128,24,1,3.49,0.00
5070965,1029128,26,2,2.49,0.00
5070966,1029129,1,1,11.49,0.00
5070967,1029129,27,1,2.49,0.00
5070968,1029130,2,1,11.99,0.00
5070969,1029130,27,2,2.49,0.00
5070970,1029130,30,1,3.29,0.00
5070971,1029130,29,1,3.49,0.00
5070972,1029131,17,1,12.49,0.00
5070973,1029131,22,1,4.49,0.00
5070974,1029131,21,1,3.99,0.00
5070975,1029131,35,1,2.99,0.00
5070976,1029131,33,1,5.49,0.00
5070977,1029132,17,1,12.49,0.00
5070978,1029132,23,1,3.99,0.00
5070979,1029132,31,1,3.49,0.00
5070980,1029132,20,1,4.49,0.00
5070981,1029133,8,1,12.49,0.00
5070982,1029133,29,1,3.49,0.00
5070983,1029133,17,1,12.49,0.00
5070984,1029133,3,1,10.49,0.00
5070985,1029133,23,1,3.99,0.00
5070986,1029133,27,2,2.49,0.00
5070987,1029134,7,3,11.99,0.00
5070988,1029134,30,1,3.29,0.00
5070989,1029135,12,1,18.99,0.00
5070990,1029135,21,1,3.99,0.00
5070991,1029135,29,1,3.49,0.00
5070992,1029136,17,2,12.49,0.00
5070993,1029136,31,1,3.49,0.00
5070994,1029136,18,1,5.49,0.00
5070995,1029137,15,1,10.99,0.00
5070996,1029137,30,1,3.29,0.00
5070997,1029138,16,1,10.49,0.00
5070998,1029138,22,1,4.49,0.00
5070999,1029139,16,1,10.49,0.00
5071000,1029139,19,1,3.99,0.00
5071001,1029139,27,1,2.49,0.00
5071002,1029140,17,1,12.49,0.00
5071003,1029140,29,1,3.49,0.00
5071004,1029140,15,1,10.99,0.00
5071005,1029141,2,1,11.99,0.00
5071006,1029141,26,2,2.49,0.00
5071007,1029141,22,2,4.49,0.00
5071008,1029141,18,1,5.49,0.00
5071009,1029142,15,1,10.99,0.00
5071010,1029142,20,1,4.49,0.00
5071011,1029143,4,1,14.99,0.00
5071012,1029144,17,1,12.49,0.00
5071013,1029144,22,1,4.49,0.00
5071014,1029145,7,3,11.99,0.00
5071015,1029145,33,1,5.49,0.00
5071016,1029146,10,1,10.99,0.00
5071017,1029146,25,1,6.49,0.00
5071018,1029147,4,1,14.99,0.00
5071019,1029147,30,1,3.29,0.00
5071020,1029147,34,1,4.49,0.00
5071021,1029148,11,1,13.49,0.00
5071022,1029149,1,1,11.49,0.00
5071023,1029149,25,3,6.49,0.00
5071024,1029150,17,1,12.49,0.00
5071025,1029150,33,1,5.49,0.00
5071026,1029151,7,3,11.99,0.00
5071027,1029151,26,1,2.49,0.00
5071028,1029151,31,1,3.49,0.00
5071029,1029151,22,1,4.49,0.00
5071030,1029151,27,2,2.49,0.00
5071031,1029152,6,1,12.99,0.00
5071032,1029152,22,1,4.49,0.00
5071033,1029153,1,1,11.49,0.00
5071034,1029153,18,1,5.49,0.00
5071035,1029154,15,1,10.99,0.00
5071036,1029154,3,2,10.49,0.00
5071037,1029154,20,1,4.49,0.00
5071038,1029155,17,1,12.49,0.00
5071039,1029155,30,1,3.29,0.00
5071040,1029156,1,1,11.49,0.00
5071041,1029156,23,1,3.99,0.00
5071042,1029157,12,1,18.99,0.00
5071043,1029157,25,1,6.49,0.00
5071044,1029157,21,1,3.99,0.00
5071045,1029157,31,1,3.49,0.00
5071046,1029157,30,1,3.29,0.00
5071047,1029158,2,2,11.99,3.60
5071048,1029159,17,1,12.49,0.00
5071049,1029159,18,1,5.49,0.00
5071050,1029159,21,2,3.99,0.00
5071051,1029160,13,1,9.99,0.00
5071052,1029160,2,1,11.99,0.00
5071053,1029160,33,1,5.49,0.00
5071054,1029161,3,1,10.49,0.00
5071055,1029161,33,1,5.49,0.00
5071056,1029162,7,1,11.99,0.00
5071057,1029162,30,1,3.29,0.00
5071058,1029162,31,1,3.49,0.00
5071059,1029162,32,1,4.99,0.00
5071060,1029163,8,2,12.49,0.00
5071061,1029164,14,1,10.49,0.00
5071062,1029165,7,1,11.99,0.00
5071063,1029166,17,1,12.49,0.00
5071064,1029166,28,1,3.49,0.00
5071065,1029166,22,1,4.49,0.00
5071066,1029167,2,1,11.99,1.80
5071067,1029167,29,1,3.49,0.52
5071068,1029167,31,1,3.49,0.52
5071069,1029168,7,1,11.99,0.00
5071070,1029168,23,1,3.99,0.00
5071071,1029168,29,1,3.49,0.00
5071072,1029168,31,2,3.49,0.00
5071073,1029169,17,1,12.49,0.00
5071074,1029169,28,1,3.49,0.00
5071075,1029169,33,1,5.49,0.00
5071076,1029169,27,1,2.49,0.00
5071077,1029170,17,2,12.49,0.00
5071078,1029170,18,2,5.49,0.00
5071079,1029170,28,2,3.49,0.00
5071080,1029171,10,1,10.99,0.00
5071081,1029171,27,1,2.49,0.00
5071082,1029171,32,1,4.99,0.00
5071083,1029172,5,1,13.49,0.00
5071084,1029173,17,2,12.49,0.00
5071085,1029173,29,1,3.49,0.00
5071086,1029173,26,3,2.49,0.00
5071087,1029174,8,1,12.49,0.00
5071088,1029174,29,2,3.49,0.00
5071089,1029175,3,2,10.49,0.00
5071090,1029176,3,1,10.49,0.00
5071091,1029176,25,1,6.49,0.00
5071092,1029177,17,1,12.49,0.00
5071093,1029177,34,1,4.49,0.00
5071094,1029178,17,1,12.49,0.00
5071095,1029178,24,1,3.49,0.00
5071096,1029179,17,2,12.49,0.00
5071097,1029179,26,1,2.49,0.00
5071098,1029180,2,1,11.99,0.00
5071099,1029180,9,1,13.99,0.00
5071100,1029181,3,1,10.49,1.57
5071101,1029181,18,1,5.49,0.82
5071102,1029182,3,1,10.49,0.00
5071103,1029182,32,2,4.99,0.00
5071104,1029183,17,1,12.49,0.00
5071105,1029183,8,1,12.49,0.00
5071106,1029184,9,2,13.99,0.00
5071107,1029184,33,1,5.49,0.00
5071108,1029185,7,-1,11.99,0.00
5071109,1029186,5,3,13.49,0.00
5071110,1029186,27,2,2.49,0.00
5071111,1029186,2,1,11.99,0.00
5071112,1029187,1,2,11.49,0.00
5071113,1029187,27,1,2.49,0.00
5071114,1029187,17,2,12.49,0.00
5071115,1029187,35,1,2.99,0.00
5071116,1029188,1,1,11.49,0.00
5071117,1029188,29,1,3.49,0.00
5071118,1029189,17,1,12.49,0.00
5071119,1029189,22,3,4.49,0.00
5071120,1029190,11,1,13.49,0.00
5071121,1029190,33,1,5.49,0.00
5071122,1029191,6,1,12.99,0.00
5071123,1029192,5,3,13.49,0.00
5071124,1029192,23,2,3.99,0.00
5071125,1029192,26,1,2.49,0.00
5071126,1029193,2,2,11.99,0.00
5071127,1029194,17,1,12.49,0.00
5071128,1029194,28,1,3.49,0.00
5071129,1029194,9,1,13.99,0.00
5071130,1029195,15,1,10.99,0.00
5071131,1029195,29,1,3.49,0.00
5071132,1029195,31,1,3.49,0.00
5071133,1029196,9,1,13.99,0.00
5071134,1029197,2,1,11.99,0.00
5071135,1029197,23,1,3.99,0.00
5071136,1029198,17,1,12.49,0.00
5071137,1029198,22,1,4.49,0.00
5071138,1029198,25,1,6.49,0.00
5071139,1029198,19,1,3.99,0.00
5071140,1029199,1,1,11.49,0.00
5071141,1029199,26,2,2.49,0.00
5071142,1029199,28,2,3.49,0.00
5071143,1029199,25,1,6.49,0.00
5071144,1029199,27,1,2.49,0.00
5071145,1029200,2,1,11.99,0.00
5071146,1029200,14,1,10.49,0.00
5071147,1029201,6,1,12.99,0.00
5071148,1029202,6,1,12.99,0.00
5071149,1029202,30,1,3.29,0.00
5071150,1029202,20,1,4.49,0.00
5071151,1029202,29,1,3.49,0.00
5071152,1029203,16,1,10.49,0.00
5071153,1029203,34,1,4.49,0.00
5071154,1029203,24,2,3.49,0.00
5071155,1029204,10,2,10.99,0.00
5071156,1029204,28,1,3.49,0.00
5071157,1029205,17,1,12.49,0.00
5071158,1029205,18,2,5.49,0.00
5071159,1029206,11,1,13.49,0.00
5071160,1029206,27,1,2.49,0.00
5071161,1029206,31,1,3.49,0.00
5071162,1029207,1,1,11.49,0.00
5071163,1029207,26,1,2.49,0.00
5071164,1029207,20,1,4.49,0.00
5071165,1029208,15,1,10.99,0.00
5071166,1029208,27,2,2.49,0.00
5071167,1029208,21,1,3.99,0.00
5071168,1029208,32,1,4.99,0.00
5071169,1029208,25,2,6.49,0.00
5071170,1029209,17,1,12.49,0.00
5071171,1029209,30,1,3.29,0.00
5071172,1029209,27,1,2.49,0.00
5071173,1029210,12,1,18.99,0.00
5071174,1029210,27,1,2.49,0.00
5071175,1029211,1,1,11.49,0.00
5071176,1029212,10,1,10.99,0.00
5071177,1029212,29,1,3.49,0.00
5071178,1029213,13,1,9.99,1.50
5071179,1029213,23,1,3.99,0.60
5071180,1029214,15,1,10.99,0.00
5071181,1029215,15,1,10.99,0.00
5071182,1029216,1,1,11.49,0.00
5071183,1029216,21,2,3.99,0.00
5071184,1029217,17,1,12.49,0.00
5071185,1029217,21,1,3.99,0.00
5071186,1029217,34,2,4.49,0.00
5071187,1029217,20,1,4.49,0.00
5071188,1029218,17,1,12.49,0.00
5071189,1029218,19,1,3.99,0.00
5071190,1029219,10,1,10.99,0.00
5071191,1029220,17,1,12.49,0.00
5071192,1029221,17,1,12.49,0.00
5071193,1029221,26,1,2.49,0.00
5071194,1029222,7,1,11.99,0.00
5071195,1029222,23,2,3.99,0.00
5071196,1029222,27,3,2.49,0.00
5071197,1029222,1,1,11.49,0.00
5071198,1029223,17,1,12.49,0.00
5071199,1029224,5,1,13.49,0.00
5071200,1029224,20,1,4.49,0.00
5071201,1029225,14,2,10.49,0.00
5071202,1029225,17,1,12.49,0.00
5071203,1029226,5,1,13.49,0.00
5071204,1029226,33,1,5.49,0.00
5071205,1029226,19,1,3.99,0.00
5071206,1029226,17,1,12.49,0.00
5071207,1029227,17,1,12.49,0.00
5071208,1029227,27,1,2.49,0.00
5071209,1029227,23,1,3.99,0.00
5071210,1029228,15,1,10.99,0.00
5071211,1029228,27,1,2.49,0.00
5071212,1029228,26,1,2.49,0.00
5071213,1029228,25,1,6.49,0.00
5071214,1029229,10,2,10.99,0.00
5071215,1029229,18,1,5.49,0.00
5071216,1029229,30,2,3.29,0.00
5071217,1029230,9,1,13.99,0.00
5071218,1029230,28,1,3.49,0.00
5071219,1029230,21,1,3.99,0.00
5071220,1029230,23,1,3.99,0.00
5071221,1029231,6,1,12.99,0.00
5071222,1029232,17,1,12.49,0.00
5071223,1029232,29,1,3.49,0.00
5071224,1029233,17,1,12.49,0.00
5071225,1029233,24,1,3.49,0.00
5071226,1029233,19,1,3.99,0.00
5071227,1029234,17,1,12.49,0.00
5071228,1029234,19,2,3.99,0.00
5071229,1029234,16,1,10.49,0.00
5071230,1029235,1,1,11.49,0.00
5071231,1029235,25,1,6.49,0.00
5071232,1029235,13,2,9.99,0.00
5071233,1029235,27,1,2.49,0.00
5071234,1029236,4,1,14.99,0.00
5071235,1029236,20,2,4.49,0.00
5071236,1029237,3,1,10.49,0.00
5071237,1029237,21,1,3.99,0.00
5071238,1029237,20,1,4.49,0.00
5071239,1029238,2,3,11.99,5.40
5071240,1029238,34,1,4.49,0.67
5071241,1029238,18,1,5.49,0.82
5071242,1029238,27,1,2.49,0.37
5071243,1029239,8,1,12.49,0.00
5071244,1029239,20,1,4.49,0.00
5071245,1029240,2,1,11.99,0.00
5071246,1029240,17,1,12.49,0.00
5071247,1029241,8,1,12.49,0.00
5071248,1029241,23,1,3.99,0.00
5071249,1029241,32,1,4.99,0.00
5071250,1029242,5,1,13.49,0.00
5071251,1029243,9,1,13.99,0.00
5071252,1029243,32,1,4.99,0.00
5071253,1029243,14,1,10.49,0.00
5071254,1029244,1,1,11.49,0.00
5071255,1029244,21,2,3.99,0.00
5071256,1029244,3,1,10.49,0.00
5071257,1029244,29,2,3.49,0.00
5071258,1029244,30,1,3.29,0.00
5071259,1029245,9,1,13.99,0.00
5071260,1029246,4,1,14.99,0.00
5071261,1029247,9,1,13.99,0.00
5071262,1029247,28,2,3.49,0.00
5071263,1029247,14,1,10.49,0.00
5071264,1029247,30,1,3.29,0.00
5071265,1029248,17,1,12.49,0.00
5071266,1029248,20,1,4.49,0.00
5071267,1029249,4,1,14.99,0.00
5071268,1029249,29,1,3.49,0.00
5071269,1029249,24,1,3.49,0.00
5071270,1029250,17,1,12.49,0.00
5071271,1029251,8,1,12.49,0.00
5071272,1029251,16,1,10.49,0.00
5071273,1029251,21,1,3.99,0.00
5071274,1029251,29,1,3.49,0.00
5071275,1029252,8,2,12.49,0.00
5071276,1029252,21,1,3.99,0.00
5071277,1029252,19,1,3.99,0.00
5071278,1029253,14,1,10.49,0.00
5071279,1029253,21,1,3.99,0.00
5071280,1029253,27,1,2.49,0.00
5071281,1029253,28,0,3.49,0.00
5071282,1029253,33,2,5.49,0.00
5071283,1029254,4,1,14.99,0.00
5071284,1029254,27,2,2.49,0.00
5071285,1029255,10,1,10.99,0.00
5071286,1029255,35,1,2.99,0.00
5071287,1029255,26,1,2.49,0.00
5071288,1029256,14,1,10.49,0.00
5071289,1029256,17,1,12.49,0.00
5071290,1029257,17,1,12.49,0.00
5071291,1029257,2,1,11.99,0.00
5071292,1029258,1,1,11.49,0.00
5071293,1029259,9,2,13.99,4.20
5071294,1029259,27,1,2.49,0.37
5071295,1029260,17,1,12.49,0.00
5071296,1029260,11,1,13.49,0.00
5071297,1029260,27,-2,2.49,0.00
5071298,1029261,14,1,10.49,0.00
5071299,1029261,19,1,3.99,0.00
5071300,1029262,17,1,12.49,0.00
5071301,1029262,26,1,2.49,0.00
5071302,1029262,27,1,2.49,0.00
5071303,1029263,13,1,9.99,0.00
5071304,1029263,25,1,6.49,0.00
5071305,1029264,3,1,10.49,0.00
5071306,1029264,20,1,4.49,0.00
5071307,1029264,13,1,9.99,0.00
5071308,1029264,18,1,5.49,0.00
5071309,1029265,7,3,11.99,0.00
5071310,1029265,2,1,11.99,0.00
5071311,1029265,27,1,2.49,0.00
5071312,1029265,26,1,2.49,0.00
5071313,1029265,5,1,13.49,0.00
5071314,1029266,6,1,12.99,0.00
5071315,1029266,29,1,3.49,0.00
5071316,1029266,27,1,2.49,0.00
5071317,1029266,22,1,4.49,0.00
5071318,1029266,32,1,4.99,0.00
5071319,1029267,15,1,10.99,0.00
5071320,1029267,34,1,4.49,0.00
5071321,1029267,22,1,4.49,0.00
5071322,1029268,2,1,11.99,0.00
5071323,1029268,5,1,13.49,0.00
5071324,1029268,35,1,2.99,0.00
5071325,1029269,8,1,12.49,0.00
5071326,1029269,19,1,3.99,0.00
5071327,1029270,17,1,12.49,0.00
5071328,1029270,20,1,4.49,0.00
5071329,1029271,8,1,12.49,0.00
5071330,1029271,33,1,5.49,0.00
5071331,1029271,35,1,2.99,0.00
5071332,1029272,9,1,13.99,0.00
5071333,1029272,20,1,4.49,0.00
5071334,1029273,7,1,11.99,0.00
5071335,1029273,34,1,4.49,0.00
5071336,1029273,28,1,3.49,0.00
5071337,1029274,17,1,12.49,1.87
5071338,1029274,26,1,2.49,0.37
5071339,1029275,9,1,13.99,0.00
5071340,1029276,2,1,11.99,0.00
5071341,1029276,30,1,3.29,0.00
5071342,1029276,27,1,2.49,0.00
5071343,1029277,2,2,11.99,0.00
5071344,1029277,19,1,3.99,0.00
5071345,1029277,18,-2,5.49,0.00
5071346,1029277,28,1,3.49,0.00
5071347,1029278,7,1,11.99,0.00
5071348,1029278,10,1,10.99,0.00
5071349,1029278,32,1,4.99,0.00
5071350,1029279,9,1,13.99,0.00
5071351,1029279,30,1,3.29,0.00
5071352,1029280,12,1,18.99,0.00
5071353,1029280,33,1,5.49,0.00
5071354,1029281,3,1,10.49,0.00
5071355,1029281,30,1,3.29,0.00
5071356,1029282,4,2,14.99,0.00
5071357,1029282,19,2,3.99,0.00
5071358,1029283,10,1,10.99,0.00
5071359,1029284,17,1,12.49,0.00
5071360,1029285,3,2,10.49,0.00
5071361,1029285,25,1,6.49,0.00
5071362,1029286,1,1,11.49,0.00
5071363,1029286,12,2,18.99,0.00
5071364,1029287,13,1,9.99,0.00
5071365,1029287,17,1,12.49,0.00
5071366,1029288,10,1,10.99,0.00
5071367,1029288,30,1,3.29,0.00
5071368,1029289,14,2,10.49,0.00
5071369,1029290,3,1,10.49,0.00
5071370,1029291,17,1,12.49,0.00
5071371,1029291,19,1,3.99,0.00
5071372,1029291,30,1,3.29,0.00
5071373,1029292,17,1,12.49,0.00
5071374,1029292,29,4,3.49,0.00
5071375,1029292,20,1,4.49,0.00
5071376,1029292,2,1,11.99,0.00
5071377,1029292,27,1,2.49,0.00
5071378,1029293,17,1,12.49,0.00
5071379,1029293,32,1,4.99,0.00
5071380,1029294,5,1,13.49,0.00
5071381,1029294,28,1,3.49,0.00
5071382,1029295,4,-1,14.99,2.25
5071383,1029295,21,1,3.99,0.60
5071384,1029295,35,2,2.99,0.90
5071385,1029296,15,1,10.99,0.00
5071386,1029296,31,1,3.49,0.00
5071387,1029297,17,1,12.49,0.00
5071388,1029298,7,1,11.99,0.00
5071389,1029298,30,1,3.29,0.00
5071390,1029299,5,1,13.49,0.00
5071391,1029299,2,1,11.99,0.00
5071392,1029300,6,1,12.99,0.00
5071393,1029300,34,2,4.49,0.00
5071394,1029301,17,1,12.49,0.00
5071395,1029302,12,1,18.99,0.00
5071396,1029302,19,1,3.99,0.00
5071397,1029303,6,1,12.99,0.00
5071398,1029303,22,1,4.49,0.00
5071399,1029303,28,1,3.49,0.00
5071400,1029303,27,2,2.49,0.00
5071401,1029304,12,2,18.99,0.00
5071402,1029304,19,1,3.99,0.00
5071403,1029304,20,2,4.49,0.00
5071404,1029305,6,1,12.99,0.00
5071405,1029305,19,1,3.99,0.00
5071406,1029305,32,1,4.99,0.00
5071407,1029305,28,1,3.49,0.00
5071408,1029305,18,1,5.49,0.00
5071409,1029305,29,1,3.49,0.00
5071410,1029306,2,1,11.99,0.00
5071411,1029307,13,1,9.99,0.00
5071412,1029307,23,2,3.99,0.00
5071413,1029308,2,1,11.99,0.00
5071414,1029309,13,1,9.99,0.00
5071415,1029309,28,1,3.49,0.00
5071416,1029309,27,1,2.49,0.00
5071417,1029310,6,1,12.99,0.00
5071418,1029310,30,1,3.29,0.00
5071419,1029311,8,1,12.49,0.00
5071420,1029311,15,1,10.99,0.00
5071421,1029312,17,1,12.49,0.00
5071422,1029312,18,1,5.49,0.00
5071423,1029312,35,1,2.99,0.00
5071424,1029313,11,1,13.49,0.00
5071425,1029313,10,1,10.99,0.00
5071426,1029313,19,1,3.99,0.00
5071427,1029314,7,1,11.99,0.00
5071428,1029314,18,1,5.49,0.00
5071429,1029315,17,1,12.49,0.00
5071430,1029316,12,1,18.99,0.00
5071431,1029316,20,1,4.49,0.00
5071432,1029317,17,1,12.49,0.00
5071433,1029318,17,2,12.49,0.00
5071434,1029318,34,1,4.49,0.00
5071435,1029319,4,1,14.99,0.00
5071436,1029319,20,1,4.49,0.00
5071437,1029319,17,1,12.49,0.00
5071438,1029319,27,1,2.49,0.00
5071439,1029319,22,1,4.49,0.00
5071440,1029320,13,1,9.99,0.00
5071441,1029320,18,2,5.49,0.00
5071442,1029321,3,1,10.49,0.00
5071443,1029321,28,1,3.49,0.00
5071444,1029321,21,1,3.99,0.00
5071445,1029322,17,1,12.49,0.00
5071446,1029322,30,1,3.29,0.00
5071447,1029323,2,1,11.99,0.00
5071448,1029324,8,2,12.49,0.00
5071449,1029324,29,2,3.49,0.00
5071450,1029324,22,1,4.49,0.00
5071451,1029325,17,1,12.49,0.00
5071452,1029325,30,1,3.29,0.00
5071453,1029326,5,1,13.49,0.00
5071454,1029326,25,1,6.49,0.00
5071455,1029327,5,1,13.49,0.00
5071456,1029327,29,1,3.49,0.00
5071457,1029328,10,1,10.99,0.00
5071458,1029328,18,2,5.49,0.00
5071459,1029329,17,1,12.49,0.00
5071460,1029329,26,1,2.49,0.00
5071461,1029329,27,1,2.49,0.00
5071462,1029330,17,1,12.49,0.00
5071463,1029330,26,1,2.49,0.00
5071464,1029331,7,1,11.99,0.00
5071465,1029331,30,1,3.29,0.00
5071466,1029331,28,1,3.49,0.00
5071467,1029332,17,1,12.49,0.00
5071468,1029332,23,1,3.99,0.00
5071469,1029333,17,1,12.49,0.00
5071470,1029333,21,1,3.99,0.00
5071471,1029333,27,2,2.49,0.00
5071472,1029334,17,1,12.49,0.00
5071473,1029334,27,1,2.49,0.00
5071474,1029334,30,1,3.29,0.00
5071475,1029335,17,1,12.49,0.00
5071476,1029336,17,1,12.49,0.00
5071477,1029337,5,1,13.49,0.00
5071478,1029337,28,1,3.49,0.00
5071479,1029338,9,1,13.99,0.00
5071480,1029338,10,1,10.99,0.00
5071481,1029339,17,1,12.49,0.00
5071482,1029340,1,1,11.49,0.00
5071483,1029340,28,2,3.49,0.00
5071484,1029340,33,2,5.49,0.00
5071485,1029340,23,3,3.99,0.00
5071486,1029340,20,1,4.49,0.00
5071487,1029341,8,1,12.49,0.00
5071488,1029341,20,1,4.49,0.00
5071489,1029342,17,3,12.49,0.00
5071490,1029343,2,1,11.99,0.00
5071491,1029343,27,1,2.49,0.00
5071492,1029343,20,3,4.49,0.00
5071493,1029344,15,1,10.99,0.00
5071494,1029344,19,1,3.99,0.00
5071495,1029344,26,1,2.49,0.00
5071496,1029344,24,1,3.49,0.00
5071497,1029345,11,1,13.49,0.00
5071498,1029345,18,1,5.49,0.00
5071499,1029346,1,2,11.49,0.00
5071500,1029347,17,2,12.49,0.00
5071501,1029347,30,1,3.29,0.00
5071502,1029347,33,1,5.49,0.00
5071503,1029348,17,1,12.49,0.00
5071504,1029348,19,2,3.99,0.00
5071505,1029348,31,1,3.49,0.00
5071506,1029348,29,1,3.49,0.00
5071507,1029349,9,1,13.99,0.00
5071508,1029349,18,1,5.49,0.00
5071509,1029349,11,1,13.49,0.00
5071510,1029350,17,1,12.49,0.00
5071511,1029350,19,1,3.99,0.00
5071512,1029351,4,1,14.99,0.00
5071513,1029351,26,2,2.49,0.00
5071514,1029352,5,1,13.49,0.00
5071515,1029352,24,1,3.49,0.00
5071516,1029353,17,1,12.49,0.00
5071517,1029354,7,1,11.99,0.00
5071518,1029354,23,1,3.99,0.00
5071519,1029354,26,1,2.49,0.00
5071520,1029355,17,1,12.49,0.00
5071521,1029355,23,1,3.99,0.00
5071522,1029356,14,1,10.49,0.00
5071523,1029356,29,1,3.49,0.00
5071524,1029356,34,2,4.49,0.00
5071525,1029356,32,1,4.99,0.00
5071526,1029356,26,1,2.49,0.00
5071527,1029356,27,1,2.49,0.00
5071528,1029357,3,1,10.49,0.00
5071529,1029357,19,2,3.99,0.00
5071530,1029358,17,1,12.49,0.00
5071531,1029358,22,1,4.49,0.00
5071532,1029358,32,1,4.99,0.00
5071533,1029358,28,1,3.49,0.00
5071534,1029358,20,1,4.49,0.00
5071535,1029358,25,1,6.49,0.00
5071536,1029359,17,1,12.49,0.00
5071537,1029359,35,2,2.99,0.00
5071538,1029359,33,1,5.49,0.00
5071539,1029360,17,1,12.49,0.00
5071540,1029360,23,1,3.99,0.00
5071541,1029360,30,1,3.29,0.00
5071542,1029360,34,1,4.49,0.00
5071543,1029361,15,1,10.99,0.00
5071544,1029362,17,1,12.49,0.00
5071545,1029362,24,1,3.49,0.00
5071546,1029362,30,1,3.29,0.00
5071547,1029363,14,1,10.49,0.00
5071548,1029363,34,1,4.49,0.00
5071549,1029364,5,1,13.49,2.02
5071550,1029365,12,1,18.99,0.00
5071551,1029365,26,2,2.49,0.00
5071552,1029365,24,1,3.49,0.00
5071553,1029366,2,1,11.99,0.00
5071554,1029367,16,1,10.49,0.00
5071555,1029367,26,1,2.49,0.00
5071556,1029367,6,1,12.99,0.00
5071557,1029367,29,1,3.49,0.00
5071558,1029367,34,1,4.49,0.00
5071559,1029368,8,1,12.49,0.00
5071560,1029368,3,1,10.49,0.00
5071561,1029369,8,2,12.49,0.00
5071562,1029369,21,1,3.99,0.00
5071563,1029369,33,1,5.49,0.00
5071564,1029370,6,1,12.99,0.00
5071565,1029370,29,1,3.49,0.00
5071566,1029370,30,1,3.29,0.00
5071567,1029371,8,1,12.49,0.00
5071568,1029372,1,2,11.49,0.00
5071569,1029372,27,2,2.49,0.00
5071570,1029373,16,1,10.49,0.00
5071571,1029373,19,1,3.99,0.00
5071572,1029374,8,1,12.49,0.00
5071573,1029375,17,1,12.49,0.00
5071574,1029376,15,1,10.99,0.00
5071575,1029376,28,1,3.49,0.00
5071576,1029376,27,1,2.49,0.00
5071577,1029377,2,1,11.99,0.00
5071578,1029377,24,1,3.49,0.00
5071579,1029377,20,1,4.49,0.00
5071580,1029377,26,3,2.49,0.00
5071581,1029378,11,2,13.49,0.00
5071582,1029378,27,1,2.49,0.00
5071583,1029379,11,1,13.49,0.00
5071584,1029380,11,1,13.49,0.00
5071585,1029380,28,1,3.49,0.00
5071586,1029381,6,1,12.99,0.00
5071587,1029381,19,3,3.99,0.00
5071588,1029382,1,1,11.49,0.00
5071589,1029382,27,1,2.49,0.00
5071590,1029383,5,1,13.49,0.00
5071591,1029384,3,1,10.49,0.00
5071592,1029384,19,1,3.99,0.00
5071593,1029384,30,2,3.29,0.00
5071594,1029385,10,-2,10.99,0.00
5071595,1029385,26,1,2.49,0.00
5071596,1029385,32,1,4.99,0.00
5071597,1029386,14,1,10.49,0.00
5071598,1029386,26,1,2.49,0.00
5071599,1029386,19,1,3.99,0.00
5071600,1029386,27,2,2.49,0.00
5071601,1029387,1,1,11.49,0.00
5071602,1029387,30,1,3.29,0.00
5071603,1029387,29,3,3.49,0.00
5071604,1029387,22,2,4.49,0.00
5071605,1029388,14,1,10.49,0.00
5071606,1029388,26,1,2.49,0.00
5071607,1029389,4,1,14.99,0.00
5071608,1029389,25,1,6.49,0.00
5071609,1029389,35,1,2.99,0.00
5071610,1029389,21,1,3.99,0.00
5071611,1029389,27,2,2.49,0.00
5071612,1029390,3,1,10.49,0.00
5071613,1029390,28,1,3.49,0.00
5071614,1029391,10,1,10.99,0.00
5071615,1029392,7,2,11.99,0.00
5071616,1029392,26,2,2.49,0.00
5071617,1029392,17,1,12.49,0.00
5071618,1029393,6,1,12.99,0.00
5071619,1029393,29,3,3.49,0.00
5071620,1029393,20,1,4.49,0.00
5071621,1029394,15,1,10.99,0.00
5071622,1029394,34,1,4.49,0.00
5071623,1029394,32,2,4.99,0.00
5071624,1029395,17,1,12.49,0.00
5071625,1029395,21,1,3.99,0.00
5071626,1029396,17,1,12.49,0.00
5071627,1029396,32,1,4.99,0.00
5071628,1029397,2,1,11.99,0.00
5071629,1029397,31,1,3.49,0.00
5071630,1029397,29,1,3.49,0.00
5071631,1029398,17,2,12.49,0.00
5071632,1029398,19,1,3.99,0.00
5071633,1029398,33,1,5.49,0.00
5071634,1029399,14,1,10.49,0.00
5071635,1029400,2,2,11.99,0.00
5071636,1029400,26,2,2.49,0.00
5071637,1029400,19,1,3.99,0.00
5071638,1029401,17,2,12.49,0.00
5071639,1029402,17,1,12.49,0.00
5071640,1029402,14,1,10.49,0.00
5071641,1029403,3,2,10.49,0.00
5071642,1029403,27,2,2.49,0.00
5071643,1029404,2,1,11.99,0.00
5071644,1029405,9,2,13.99,0.00
5071645,1029405,3,1,10.49,0.00
5071646,1029405,19,1,3.99,0.00
5071647,1029406,17,1,12.49,0.00
5071648,1029406,20,3,4.49,0.00
5071649,1029406,27,1,2.49,0.00
5071650,1029406,29,1,3.49,0.00
5071651,1029407,14,1,10.49,0.00
5071652,1029407,30,1,3.29,0.00
5071653,1029407,26,1,2.49,0.00
5071654,1029408,6,1,12.99,1.95
5071655,1029408,18,1,5.49,0.82
5071656,1029408,34,1,4.49,0.67
5071657,1029409,11,1,13.49,0.00
5071658,1029409,20,1,4.49,0.00
5071659,1029409,18,1,5.49,0.00
5071660,1029410,13,1,9.99,0.00
5071661,1029410,19,1,3.99,0.00
5071662,1029411,17,1,12.49,0.00
5071663,1029411,26,1,2.49,0.00
5071664,1029412,9,1,13.99,0.00
5071665,1029412,21,1,3.99,0.00
5071666,1029413,13,2,9.99,0.00
5071667,1029413,26,1,2.49,0.00
5071668,1029414,9,1,13.99,2.10
5071669,1029414,18,2,5.49,1.65
5071670,1029414,19,1,3.99,0.60
5071671,1029414,24,2,3.49,1.05
5071672,1029414,28,1,3.49,0.52
5071673,1029415,17,1,12.49,0.00
5071674,1029415,34,1,4.49,0.00
5071675,1029415,26,1,2.49,0.00
5071676,1029416,3,2,10.49,0.00
5071677,1029417,13,1,9.99,0.00
5071678,1029418,17,1,12.49,0.00
5071679,1029419,7,1,11.99,0.00
5071680,1029419,22,1,4.49,0.00
5071681,1029420,17,1,12.49,0.00
5071682,1029421,14,1,10.49,0.00
5071683,1029421,27,1,2.49,0.00
5071684,1029421,23,2,3.99,0.00
5071685,1029422,7,1,11.99,1.80
5071686,1029423,16,2,10.49,0.00
5071687,1029423,18,1,5.49,0.00
5071688,1029423,28,1,3.49,0.00
5071689,1029424,5,1,13.49,0.00
5071690,1029425,11,2,13.49,0.00
5071691,1029425,30,1,3.29,0.00
5071692,1029425,3,1,10.49,0.00
5071693,1029426,3,2,10.49,0.00
5071694,1029426,32,1,4.99,0.00
5071695,1029427,4,0,14.99,0.00
5071696,1029427,29,1,3.49,0.00
5071697,1029428,3,1,10.49,0.00
5071698,1029428,35,1,2.99,0.00
5071699,1029428,23,1,3.99,0.00
5071700,1029428,21,1,3.99,0.00
5071701,1029428,18,1,5.49,0.00
5071702,1029428,33,1,5.49,0.00
5071703,1029429,17,1,12.49,0.00
5071704,1029430,2,1,11.99,1.80
5071705,1029431,17,1,12.49,0.00
5071706,1029431,34,1,4.49,0.00
5071707,1029431,21,1,3.99,0.00
5071708,1029431,24,1,3.49,0.00
5071709,1029432,9,1,13.99,0.00
5071710,1029432,33,1,5.49,0.00
5071711,1029432,25,1,6.49,0.00
5071712,1029432,32,1,4.99,0.00
5071713,1029432,29,1,3.49,0.00
5071714,1029433,17,1,12.49,0.00
5071715,1029433,27,2,2.49,0.00
5071716,1029434,17,1,12.49,0.00
5071717,1029435,2,1,11.99,0.00
5071718,1029435,3,1,10.49,0.00
5071719,1029436,5,1,13.49,0.00
5071720,1029436,27,1,2.49,0.00
5071721,1029436,19,1,3.99,0.00
5071722,1029437,17,1,12.49,0.00
5071723,1029437,29,2,3.49,0.00
5071724,1029437,18,1,5.49,0.00
5071725,1029438,3,-1,10.49,0.00
5071726,1029438,29,1,3.49,0.00
5071727,1029439,17,1,12.49,1.87
5071728,1029440,7,1,11.99,0.00
5071729,1029440,20,1,4.49,0.00
5071730,1029440,28,1,3.49,0.00
5071731,1029441,15,0,10.99,0.00
5071732,1029441,19,1,3.99,0.00
5071733,1029442,1,1,11.49,0.00
5071734,1029442,7,1,11.99,0.00
5071735,1029442,28,1,3.49,0.00
5071736,1029443,3,3,10.49,0.00
5071737,1029443,4,2,14.99,0.00
5071738,1029444,2,1,11.99,0.00
5071739,1029444,22,2,4.49,0.00
5071740,1029445,17,1,12.49,0.00
5071741,1029445,18,1,5.49,0.00
5071742,1029446,15,1,10.99,0.00
5071743,1029447,8,1,12.49,0.00
5071744,1029447,30,2,3.29,0.00
5071745,1029447,7,1,11.99,0.00
5071746,1029447,24,1,3.49,0.00
5071747,1029448,3,1,10.49,0.00
5071748,1029448,18,1,5.49,0.00
5071749,1029449,7,1,11.99,0.00
5071750,1029449,21,1,3.99,0.00
5071751,1029450,17,1,12.49,0.00
5071752,1029451,6,2,12.99,0.00
5071753,1029451,4,1,14.99,0.00
5071754,1029451,31,1,3.49,0.00
5071755,1029452,13,1,9.99,0.00
5071756,1029452,33,1,5.49,0.00
5071757,1029453,11,1,13.49,0.00
5071758,1029453,19,1,3.99,0.00
5071759,1029454,17,1,12.49,0.00
5071760,1029454,1,2,11.49,0.00
5071761,1029455,11,1,13.49,0.00
5071762,1029455,27,1,2.49,0.00
5071763,1029455,29,0,3.49,0.00
5071764,1029456,3,1,10.49,0.00
5071765,1029456,27,1,2.49,0.00
5071766,1029456,22,1,4.49,0.00
5071767,1029457,17,1,12.49,1.87
5071768,1029457,32,0,4.99,0.75
5071769,1029458,17,1,12.49,0.00
5071770,1029458,30,2,3.29,0.00
5071771,1029458,19,1,3.99,0.00
5071772,1029459,4,2,14.99,0.00
5071773,1029459,27,1,2.49,0.00
5071774,1029459,19,1,3.99,0.00
5071775,1029460,2,1,11.99,0.00
5071776,1029460,18,1,5.49,0.00
5071777,1029461,15,1,10.99,0.00
5071778,1029462,5,1,13.49,0.00
5071779,1029462,23,1,3.99,0.00
5071780,1029463,15,1,10.99,0.00
5071781,1029464,5,1,13.49,0.00
5071782,1029465,10,3,10.99,0.00
5071783,1029466,8,1,12.49,0.00
5071784,1029467,8,2,12.49,0.00
5071785,1029467,33,1,5.49,0.00
5071786,1029467,28,1,3.49,0.00
5071787,1029468,17,1,12.49,0.00
5071788,1029468,1,2,11.49,0.00
5071789,1029468,35,1,2.99,0.00
5071790,1029468,26,1,2.49,0.00
5071791,1029469,9,2,13.99,0.00
5071792,1029470,1,1,11.49,0.00
5071793,1029470,26,1,2.49,0.00
5071794,1029471,2,1,11.99,0.00
5071795,1029472,13,1,9.99,0.00
5071796,1029472,30,2,3.29,0.00
5071797,1029473,2,1,11.99,0.00
5071798,1029473,19,1,3.99,0.00
5071799,1029473,27,1,2.49,0.00
5071800,1029473,26,1,2.49,0.00
5071801,1029474,1,2,11.49,0.00
5071802,1029474,3,1,10.49,0.00
5071803,1029474,29,1,3.49,0.00
5071804,1029474,26,1,2.49,0.00
5071805,1029475,4,1,14.99,0.00
5071806,1029475,31,1,3.49,0.00
5071807,1029475,32,1,4.99,0.00
5071808,1029476,6,1,12.99,0.00
5071809,1029476,24,1,3.49,0.00
5071810,1029477,3,2,10.49,0.00
5071811,1029478,14,1,10.49,0.00
5071812,1029478,33,2,5.49,0.00
5071813,1029479,5,1,13.49,0.00
5071814,1029479,29,1,3.49,0.00
5071815,1029479,26,1,2.49,0.00
5071816,1029479,18,1,5.49,0.00
5071817,1029480,1,1,11.49,0.00
5071818,1029480,27,1,2.49,0.00
5071819,1029481,2,2,11.99,0.00
5071820,1029481,23,2,3.99,0.00
5071821,1029481,1,1,11.49,0.00
5071822,1029482,17,1,12.49,1.87
5071823,1029482,18,1,5.49,0.82
5071824,1029482,22,1,4.49,0.67
5071825,1029482,31,1,3.49,0.52
5071826,1029482,33,2,5.49,1.65
5071827,1029483,8,1,12.49,0.00
5071828,1029483,27,2,2.49,0.00
5071829,1029484,4,1,14.99,0.00
5071830,1029484,21,1,3.99,0.00
5071831,1029485,15,1,10.99,0.00
5071832,1029485,27,1,2.49,0.00
5071833,1029486,8,1,12.49,0.00
5071834,1029486,23,3,3.99,0.00
5071835,1029487,11,1,13.49,2.02
5071836,1029487,22,2,4.49,1.35
5071837,1029488,17,1,12.49,0.00
5071838,1029488,27,1,2.49,0.00
5071839,1029488,32,1,4.99,0.00
5071840,1029489,6,2,12.99,0.00
5071841,1029489,29,1,3.49,0.00
5071842,1029489,26,1,2.49,0.00
5071843,1029489,18,1,5.49,0.00
5071844,1029489,1,1,11.49,0.00
5071845,1029490,1,1,11.49,0.00
5071846,1029490,30,1,3.29,0.00
5071847,1029490,4,1,14.99,0.00
5071848,1029491,11,1,13.49,0.00
5071849,1029491,30,2,3.29,0.00
5071850,1029492,7,1,11.99,0.00
5071851,1029492,26,1,2.49,0.00
5071852,1029493,17,1,12.49,0.00
5071853,1029493,21,3,3.99,0.00
5071854,1029494,2,1,11.99,0.00
5071855,1029494,22,2,4.49,0.00
5071856,1029495,17,1,12.49,0.00
5071857,1029496,17,2,12.49,0.00
5071858,1029496,22,1,4.49,0.00
5071859,1029496,26,1,2.49,0.00
5071860,1029496,19,1,3.99,0.00
5071861,1029496,15,1,10.99,0.00
5071862,1029497,17,3,12.49,0.00
5071863,1029497,20,1,4.49,0.00
5071864,1029498,10,1,10.99,0.00
5071865,1029499,17,1,12.49,0.00
5071866,1029500,4,1,14.99,0.00
5071867,1029501,2,3,11.99,0.00
5071868,1029501,25,1,6.49,0.00
5071869,1029501,21,1,3.99,0.00
5071870,1029502,7,1,11.99,0.00
5071871,1029502,23,1,3.99,0.00
5071872,1029503,3,1,10.49,0.00
5071873,1029503,20,1,4.49,0.00
5071874,1029504,3,1,10.49,0.00
5071875,1029504,31,2,3.49,0.00
5071876,1029504,21,1,3.99,0.00
5071877,1029505,9,1,13.99,0.00
5071878,1029506,4,1,14.99,0.00
5071879,1029506,27,1,2.49,0.00
5071880,1029507,6,3,12.99,0.00
5071881,1029507,30,1,3.29,0.00
5071882,1029508,17,1,12.49,0.00
5071883,1029509,4,1,14.99,0.00
5071884,1029509,29,1,3.49,0.00
5071885,1029509,22,0,4.49,0.00
5071886,1029510,7,1,11.99,0.00
5071887,1029510,12,1,18.99,0.00
5071888,1029510,29,1,3.49,0.00
5071889,1029511,11,1,13.49,0.00
5071890,1029511,32,2,4.99,0.00
5071891,1029511,18,1,5.49,0.00
5071892,1029511,19,2,3.99,0.00
5071893,1029512,17,1,12.49,0.00
5071894,1029512,30,1,3.29,0.00
5071895,1029513,7,1,11.99,0.00
5071896,1029513,23,1,3.99,0.00
5071897,1029513,32,1,4.99,0.00
5071898,1029514,7,2,11.99,0.00
5071899,1029514,19,1,3.99,0.00
5071900,1029514,30,1,3.29,0.00
5071901,1029515,15,1,10.99,0.00
5071902,1029515,26,1,2.49,0.00
5071903,1029516,6,1,12.99,1.95
5071904,1029516,18,1,5.49,0.82
5071905,1029517,17,2,12.49,0.00
5071906,1029518,4,1,14.99,0.00
5071907,1029519,10,1,10.99,0.00
5071908,1029519,32,1,4.99,0.00
5071909,1029519,33,1,5.49,0.00
5071910,1029520,5,1,13.49,2.02
5071911,1029521,1,0,11.49,0.00
5071912,1029522,14,1,10.49,0.00
5071913,1029522,31,1,3.49,0.00
5071914,1029523,2,1,11.99,0.00
5071915,1029523,26,1,2.49,0.00
5071916,1029524,14,1,10.49,0.00
5071917,1029525,1,1,11.49,0.00
5071918,1029525,34,1,4.49,0.00
5071919,1029525,25,-1,6.49,0.00
5071920,1029526,11,1,13.49,0.00
5071921,1029526,33,1,5.49,0.00
5071922,1029526,1,1,11.49,0.00
5071923,1029527,3,1,10.49,0.00
5071924,1029527,18,1,5.49,0.00
5071925,1029527,33,2,5.49,0.00
5071926,1029527,31,1,3.49,0.00
5071927,1029528,3,1,10.49,0.00
5071928,1029529,2,2,11.99,0.00
5071929,1029529,25,1,6.49,0.00
5071930,1029530,17,1,12.49,0.00
5071931,1029530,31,1,3.49,0.00
5071932,1029530,8,1,12.49,0.00
5071933,1029530,26,1,2.49,0.00
5071934,1029530,20,1,4.49,0.00
5071935,1029531,2,2,11.99,3.60
5071936,1029531,27,1,2.49,0.37
5071937,1029532,14,1,10.49,0.00
5071938,1029532,1,1,11.49,0.00
5071939,1029532,20,1,4.49,0.00
5071940,1029533,5,1,13.49,0.00
5071941,1029533,20,1,4.49,0.00
5071942,1029533,19,1,3.99,0.00
5071943,1029534,3,2,10.49,0.00
5071944,1029534,19,2,3.99,0.00
5071945,1029535,7,1,11.99,0.00
5071946,1029535,28,1,3.49,0.00
5071947,1029535,24,1,3.49,0.00
5071948,1029535,32,1,4.99,0.00
5071949,1029535,21,1,3.99,0.00
5071950,1029536,13,1,9.99,0.00
5071951,1029536,17,1,12.49,0.00
5071952,1029536,25,3,6.49,0.00
5071953,1029536,19,1,3.99,0.00
5071954,1029536,27,1,2.49,0.00
5071955,1029537,17,1,12.49,0.00
5071956,1029537,26,1,2.49,0.00
5071957,1029537,31,1,3.49,0.00
5071958,1029537,32,1,4.99,0.00
5071959,1029537,30,2,3.29,0.00
5071960,1029537,15,1,10.99,0.00
5071961,1029538,1,1,11.49,0.00
5071962,1029539,2,1,11.99,0.00
5071963,1029539,18,2,5.49,0.00
5071964,1029540,3,2,10.49,0.00
5071965,1029540,28,2,3.49,0.00
5071966,1029540,19,3,3.99,0.00
5071967,1029540,29,1,3.49,0.00
5071968,1029541,3,1,10.49,0.00
5071969,1029541,19,1,3.99,0.00
5071970,1029541,24,1,3.49,0.00
5071971,1029542,17,2,12.49,0.00
5071972,1029542,29,1,3.49,0.00
5071973,1029543,17,2,12.49,0.00
5071974,1029543,33,1,5.49,0.00
5071975,1029544,2,0,11.99,0.00
5071976,1029544,27,1,2.49,0.00
5071977,1029544,18,1,5.49,0.00
5071978,1029545,12,1,18.99,0.00
5071979,1029546,6,1,12.99,0.00
5071980,1029547,5,2,13.49,0.00
5071981,1029547,28,1,3.49,0.00
5071982,1029548,5,1,13.49,0.00
5071983,1029548,26,1,2.49,0.00
5071984,1029549,6,1,12.99,0.00
5071985,1029549,26,1,2.49,0.00
5071986,1029550,3,1,10.49,0.00
5071987,1029551,2,2,11.99,0.00
5071988,1029551,19,1,3.99,0.00
5071989,1029551,29,1,3.49,0.00
5071990,1029551,28,1,3.49,0.00
5071991,1029552,17,1,12.49,0.00
5071992,1029552,18,1,5.49,0.00
5071993,1029553,2,1,11.99,0.00
5071994,1029553,22,1,4.49,0.00
5071995,1029554,17,1,12.49,0.00
5071996,1029554,22,1,4.49,0.00
5071997,1029554,28,1,3.49,0.00
5071998,1029555,12,1,18.99,0.00
5071999,1029555,27,1,2.49,0.00
5072000,1029555,26,2,2.49,0.00
5072001,1029556,5,1,13.49,0.00
5072002,1029556,34,1,4.49,0.00
5072003,1029556,30,1,3.29,0.00
5072004,1029557,9,1,13.99,2.10
5072005,1029557,31,1,3.49,0.52
5072006,1029558,17,1,12.49,0.00
5072007,1029558,21,1,3.99,0.00
5072008,1029558,28,1,3.49,0.00
5072009,1029558,23,1,3.99,0.00
5072010,1029559,16,1,10.49,0.00
5072011,1029559,21,3,3.99,0.00
5072012,1029560,17,2,12.49,0.00
5072013,1029560,23,1,3.99,0.00
5072014,1029561,11,3,13.49,0.00
5072015,1029561,26,2,2.49,0.00
5072016,1029561,1,1,11.49,0.00
5072017,1029561,27,2,2.49,0.00
5072018,1029561,8,1,12.49,0.00
5072019,1029561,28,1,3.49,0.00
5072020,1029562,4,1,14.99,0.00
5072021,1029563,2,2,11.99,0.00
5072022,1029563,1,1,11.49,0.00
5072023,1029563,29,1,3.49,0.00
5072024,1029563,25,1,6.49,0.00
5072025,1029564,9,1,13.99,0.00
5072026,1029564,22,1,4.49,0.00
5072027,1029564,17,1,12.49,0.00
5072028,1029564,21,1,3.99,0.00
5072029,1029565,4,1,14.99,0.00
5072030,1029565,31,1,3.49,0.00
5072031,1029565,23,1,3.99,0.00
5072032,1029566,12,1,18.99,0.00
5072033,1029566,19,2,3.99,0.00
5072034,1029566,27,-1,2.49,0.00
5072035,1029567,2,1,11.99,0.00
5072036,1029567,34,1,4.49,0.00
5072037,1029567,19,1,3.99,0.00
5072038,1029568,17,1,12.49,0.00
5072039,1029568,22,1,4.49,0.00
5072040,1029568,12,1,18.99,0.00
5072041,1029569,1,1,11.49,1.72
5072042,1029569,27,1,2.49,0.37
5072043,1029570,7,2,11.99,0.00
5072044,1029570,4,1,14.99,0.00
5072045,1029570,28,2,3.49,0.00
5072046,1029570,8,1,12.49,0.00
5072047,1029570,2,1,11.99,0.00
5072048,1029571,1,3,11.49,0.00
5072049,1029571,21,1,3.99,0.00
5072050,1029571,26,1,2.49,0.00
5072051,1029572,7,1,11.99,0.00
5072052,1029572,35,1,2.99,0.00
5072053,1029573,17,1,12.49,0.00
5072054,1029573,22,1,4.49,0.00
5072055,1029574,17,1,12.49,0.00
5072056,1029574,29,1,3.49,0.00
5072057,1029574,25,1,6.49,0.00
5072058,1029574,34,1,4.49,0.00
5072059,1029575,17,1,12.49,0.00
5072060,1029576,3,1,10.49,0.00
5072061,1029576,20,1,4.49,0.00
5072062,1029577,3,1,10.49,0.00
5072063,1029578,8,1,12.49,0.00
5072064,1029578,6,1,12.99,0.00
5072065,1029579,8,1,12.49,0.00
5072066,1029579,30,1,3.29,0.00
5072067,1029580,6,1,12.99,0.00
5072068,1029580,27,1,2.49,0.00
5072069,1029580,23,1,3.99,0.00
5072070,1029580,33,2,5.49,0.00
5072071,1029581,4,1,14.99,0.00
5072072,1029581,27,1,2.49,0.00
5072073,1029581,31,1,3.49,0.00
5072074,1029582,17,1,12.49,0.00
5072075,1029582,18,3,5.49,0.00
5072076,1029583,1,1,11.49,0.00
5072077,1029583,29,1,3.49,0.00
5072078,1029583,26,1,2.49,0.00
5072079,1029584,17,1,12.49,0.00
5072080,1029585,3,2,10.49,0.00
5072081,1029585,18,1,5.49,0.00
5072082,1029585,27,2,2.49,0.00
5072083,1029585,30,1,3.29,0.00
5072084,1029586,3,1,10.49,0.00
5072085,1029587,1,2,11.49,0.00
5072086,1029587,33,1,5.49,0.00
5072087,1029587,21,1,3.99,0.00
5072088,1029588,17,1,12.49,0.00
5072089,1029588,34,1,4.49,0.00
5072090,1029588,20,1,4.49,0.00
5072091,1029589,11,1,13.49,0.00
5072092,1029590,14,1,10.49,0.00
5072093,1029591,8,1,12.49,0.00
5072094,1029591,31,1,3.49,0.00
5072095,1029592,10,1,10.99,0.00
5072096,1029592,2,1,11.99,0.00
5072097,1029592,27,1,2.49,0.00
5072098,1029592,20,1,4.49,0.00
5072099,1029593,9,1,13.99,0.00
5072100,1029593,15,1,10.99,0.00
5072101,1029593,33,2,5.49,0.00
5072102,1029594,9,1,13.99,0.00
5072103,1029594,28,2,3.49,0.00
5072104,1029595,6,1,12.99,1.95
5072105,1029595,23,1,3.99,0.60
5072106,1029596,6,1,12.99,0.00
5072107,1029596,31,1,3.49,0.00
5072108,1029597,4,1,14.99,2.25
5072109,1029597,30,1,3.29,0.49
5072110,1029597,19,1,3.99,0.60
5072111,1029597,29,1,3.49,0.52
5072112,1029598,13,1,9.99,0.00
5072113,1029598,24,1,3.49,0.00
5072114,1029598,26,3,2.49,0.00
5072115,1029598,34,1,4.49,0.00
5072116,1029598,18,1,5.49,0.00
5072117,1029599,1,1,11.49,0.00
5072118,1029600,17,1,12.49,0.00
5072119,1029600,26,2,2.49,0.00
5072120,1029600,30,1,3.29,0.00
5072121,1029601,14,1,10.49,0.00
5072122,1029601,22,1,4.49,0.00
5072123,1029601,20,1,4.49,0.00
5072124,1029602,17,2,12.49,0.00
5072125,1029602,27,2,2.49,0.00
5072126,1029603,16,3,10.49,0.00
5072127,1029603,20,2,4.49,0.00
5072128,1029604,1,1,11.49,0.00
5072129,1029605,7,1,11.99,0.00
5072130,1029605,26,1,2.49,0.00
5072131,1029605,25,1,6.49,0.00
5072132,1029606,4,1,14.99,0.00
5072133,1029606,26,1,2.49,0.00
5072134,1029607,17,1,12.49,0.00
5072135,1029607,29,2,3.49,0.00
5072136,1029608,17,2,12.49,0.00
5072137,1029609,14,1,10.49,0.00
5072138,1029609,26,2,2.49,0.00
5072139,1029609,27,1,2.49,0.00
5072140,1029610,17,1,12.49,0.00
5072141,1029611,1,1,11.49,1.72
5072142,1029611,25,2,6.49,1.95
5072143,1029612,5,1,13.49,0.00
5072144,1029612,29,1,3.49,0.00
5072145,1029612,26,1,2.49,0.00
5072146,1029612,18,1,5.49,0.00
5072147,1029613,17,1,12.49,0.00
5072148,1029613,29,1,3.49,0.00
5072149,1029613,20,1,4.49,0.00
5072150,1029614,11,1,13.49,0.00
5072151,1029614,26,2,2.49,0.00
5072152,1029614,18,1,5.49,0.00
5072153,1029614,28,2,3.49,0.00
5072154,1029615,6,1,12.99,1.95
5072155,1029615,18,1,5.49,0.82
5072156,1029616,13,1,9.99,0.00
5072157,1029617,3,1,10.49,0.00
5072158,1029618,17,1,12.49,0.00
5072159,1029619,8,1,12.49,0.00
5072160,1029619,34,1,4.49,0.00
5072161,1029619,31,1,3.49,0.00
5072162,1029620,17,1,12.49,0.00
5072163,1029621,9,1,13.99,0.00
5072164,1029621,21,1,3.99,0.00
5072165,1029621,31,1,3.49,0.00
5072166,1029622,4,1,14.99,0.00
5072167,1029622,27,1,2.49,0.00
5072168,1029622,21,2,3.99,0.00
5072169,1029623,17,1,12.49,0.00
5072170,1029623,22,1,4.49,0.00
5072171,1029624,1,2,11.49,0.00
5072172,1029624,23,1,3.99,0.00
5072173,1029624,25,1,6.49,0.00
5072174,1029625,17,1,12.49,0.00
5072175,1029625,27,1,2.49,0.00
5072176,1029625,28,1,3.49,0.00
5072177,1029626,17,1,12.49,1.87
5072178,1029626,20,1,4.49,0.67
5072179,1029626,19,1,3.99,0.60
5072180,1029627,9,1,13.99,0.00
5072181,1029627,29,3,3.49,0.00
5072182,1029628,17,1,12.49,0.00
5072183,1029628,20,1,4.49,0.00
5072184,1029628,23,1,3.99,0.00
5072185,1029628,29,1,3.49,0.00
5072186,1029629,9,3,13.99,6.30
5072187,1029629,18,2,5.49,1.65
5072188,1029629,21,1,3.99,0.60
5072189,1029630,9,1,13.99,0.00
5072190,1029630,23,3,3.99,0.00
5072191,1029631,15,1,10.99,0.00
5072192,1029632,17,1,12.49,0.00
5072193,1029632,28,1,3.49,0.00
5072194,1029632,21,1,3.99,0.00
5072195,1029633,17,1,12.49,0.00
5072196,1029633,34,1,4.49,0.00
5072197,1029633,23,1,3.99,0.00
5072198,1029634,4,1,14.99,0.00
5072199,1029634,15,1,10.99,0.00
5072200,1029634,19,1,3.99,0.00
5072201,1029634,21,2,3.99,0.00
5072202,1029635,15,1,10.99,0.00
5072203,1029636,17,2,12.49,3.75
5072204,1029636,34,1,4.49,0.67
5072205,1029636,31,2,3.49,1.05
5072206,1029636,27,1,2.49,0.37
5072207,1029637,14,1,10.49,0.00
5072208,1029637,23,1,3.99,0.00
5072209,1029638,17,1,12.49,0.00
5072210,1029638,19,1,3.99,0.00
5072211,1029638,26,2,2.49,0.00
5072212,1029638,21,1,3.99,0.00
5072213,1029639,7,1,11.99,0.00
5072214,1029640,8,1,12.49,0.00
5072215,1029640,27,1,2.49,0.00
5072216,1029641,17,1,12.49,0.00
5072217,1029642,5,1,13.49,0.00
5072218,1029643,17,1,12.49,0.00
5072219,1029644,17,1,12.49,0.00
5072220,1029644,26,2,2.49,0.00
5072221,1029644,21,1,3.99,0.00
5072222,1029645,10,1,10.99,0.00
5072223,1029645,9,3,13.99,0.00
5072224,1029646,13,1,9.99,0.00
5072225,1029646,17,2,12.49,0.00
5072226,1029646,30,1,3.29,0.00
5072227,1029647,1,1,11.49,0.00
5072228,1029647,30,1,3.29,0.00
5072229,1029648,7,1,11.99,1.80
5072230,1029648,26,1,2.49,0.37
5072231,1029649,17,1,12.49,0.00
5072232,1029649,18,3,5.49,0.00
5072233,1029650,4,1,14.99,0.00
5072234,1029650,7,1,11.99,0.00
5072235,1029651,11,3,13.49,0.00
5072236,1029651,22,1,4.49,0.00
5072237,1029652,17,2,12.49,0.00
5072238,1029652,26,1,2.49,0.00
5072239,1029653,13,3,9.99,0.00
5072240,1029653,20,1,4.49,0.00
5072241,1029654,15,1,10.99,0.00
5072242,1029654,18,1,5.49,0.00
5072243,1029655,17,2,12.49,0.00
5072244,1029655,18,1,5.49,0.00
5072245,1029656,17,2,12.49,0.00
5072246,1029656,20,1,4.49,0.00
5072247,1029657,17,1,12.49,0.00
5072248,1029658,1,2,11.49,0.00
5072249,1029658,30,1,3.29,0.00
5072250,1029659,16,2,10.49,0.00
5072251,1029659,22,1,4.49,0.00
5072252,1029660,16,1,10.49,0.00
5072253,1029660,33,2,5.49,0.00
5072254,1029661,6,1,12.99,0.00
5072255,1029662,2,4,11.99,0.00
5072256,1029662,29,1,3.49,0.00
5072257,1029663,17,1,12.49,0.00
5072258,1029663,28,1,3.49,0.00
5072259,1029664,3,1,10.49,0.00
5072260,1029664,30,1,3.29,0.00
5072261,1029665,3,1,10.49,0.00
5072262,1029666,4,1,14.99,0.00
5072263,1029666,24,1,3.49,0.00
5072264,1029666,18,1,5.49,0.00
5072265,1029666,21,1,3.99,0.00
5072266,1029667,5,2,13.49,0.00
5072267,1029668,7,1,11.99,0.00
5072268,1029668,29,4,3.49,0.00
5072269,1029668,25,1,6.49,0.00
5072270,1029669,17,1,12.49,0.00
5072271,1029670,1,1,11.49,0.00
5072272,1029670,27,2,2.49,0.00
5072273,1029670,26,1,2.49,0.00
5072274,1029671,14,1,10.49,0.00
5072275,1029671,19,1,3.99,0.00
5072276,1029672,17,1,12.49,0.00
5072277,1029672,26,1,2.49,0.00
5072278,1029673,5,1,13.49,0.00
5072279,1029673,15,1,10.99,0.00
5072280,1029673,34,1,4.49,0.00
5072281,1029674,7,1,11.99,0.00
5072282,1029674,17,1,12.49,0.00
5072283,1029674,21,1,3.99,0.00
5072284,1029674,33,1,5.49,0.00
5072285,1029675,9,1,13.99,0.00
5072286,1029675,32,1,4.99,0.00
5072287,1029676,12,1,18.99,0.00
5072288,1029676,18,1,5.49,0.00
5072289,1029677,3,2,10.49,0.00
5072290,1029677,20,1,4.49,0.00
5072291,1029677,26,1,2.49,0.00
5072292,1029678,17,2,12.49,0.00
5072293,1029679,3,1,10.49,0.00
5072294,1029679,25,1,6.49,0.00
5072295,1029680,2,1,11.99,0.00
5072296,1029680,23,2,3.99,0.00
5072297,1029681,3,1,10.49,0.00
5072298,1029681,22,1,4.49,0.00
5072299,1029681,13,1,9.99,0.00
5072300,1029682,12,1,18.99,2.85
5072301,1029682,26,1,2.49,0.37
5072302,1029683,13,1,9.99,0.00
5072303,1029683,28,2,3.49,0.00
5072304,1029683,20,1,4.49,0.00
5072305,1029684,14,1,10.49,0.00
5072306,1029684,27,2,2.49,0.00
5072307,1029684,33,1,5.49,0.00
5072308,1029684,13,1,9.99,0.00
5072309,1029684,22,1,4.49,0.00
5072310,1029685,17,1,12.49,0.00
5072311,1029685,31,1,3.49,0.00
5072312,1029685,26,3,2.49,0.00
5072313,1029685,23,1,3.99,0.00
5072314,1029685,28,2,3.49,0.00
5072315,1029685,22,1,4.49,0.00
5072316,1029686,7,1,11.99,0.00
5072317,1029686,24,1,3.49,0.00
5072318,1029687,17,1,12.49,1.87
5072319,1029687,21,1,3.99,0.60
5072320,1029688,6,2,12.99,0.00
5072321,1029688,33,2,5.49,0.00
5072322,1029689,17,1,12.49,0.00
5072323,1029689,8,2,12.49,0.00
5072324,1029690,5,3,13.49,0.00
5072325,1029690,21,1,3.99,0.00
5072326,1029690,20,1,4.49,0.00
5072327,1029691,1,1,11.49,0.00
5072328,1029691,18,1,5.49,0.00
5072329,1029691,20,1,4.49,0.00
5072330,1029692,17,1,12.49,1.87
5072331,1029692,29,1,3.49,0.52
5072332,1029693,3,1,10.49,1.57
5072333,1029693,18,1,5.49,0.82
5072334,1029694,3,1,10.49,0.00
5072335,1029694,26,2,2.49,0.00
5072336,1029695,17,1,12.49,0.00
5072337,1029696,17,1,12.49,0.00
5072338,1029696,32,1,4.99,0.00
5072339,1029696,34,1,4.49,0.00
5072340,1029696,25,2,6.49,0.00
5072341,1029696,20,1,4.49,0.00
5072342,1029697,11,1,13.49,0.00
5072343,1029698,10,1,10.99,0.00
5072344,1029698,29,1,3.49,0.00
5072345,1029698,18,1,5.49,0.00
5072346,1029698,21,1,3.99,0.00
5072347,1029699,7,1,11.99,0.00
5072348,1029699,27,1,2.49,0.00
5072349,1029699,20,1,4.49,0.00
5072350,1029700,2,1,11.99,0.00
5072351,1029700,35,2,2.99,0.00
5072352,1029700,26,3,2.49,0.00
5072353,1029700,30,1,3.29,0.00
5072354,1029701,2,1,11.99,0.00
5072355,1029701,31,1,3.49,0.00
5072356,1029702,1,2,11.49,0.00
5072357,1029702,21,1,3.99,0.00
5072358,1029703,13,1,9.99,1.50
5072359,1029703,19,1,3.99,0.60
5072360,1029704,12,1,18.99,0.00
5072361,1029705,9,2,13.99,4.20
5072362,1029705,32,1,4.99,0.75
5072363,1029705,30,2,3.29,0.99
5072364,1029705,27,1,2.49,0.37
5072365,1029705,3,1,10.49,1.57
5072366,1029705,34,2,4.49,1.35
5072367,1029706,17,1,12.49,0.00
5072368,1029706,23,3,3.99,0.00
5072369,1029706,21,2,3.99,0.00
5072370,1029707,9,1,13.99,0.00
5072371,1029708,6,1,12.99,0.00
5072372,1029709,5,1,13.49,0.00
5072373,1029709,23,1,3.99,0.00
5072374,1029709,30,1,3.29,0.00
5072375,1029710,12,1,18.99,0.00
5072376,1029710,34,1,4.49,0.00
5072377,1029711,4,1,14.99,0.00
5072378,1029712,3,1,10.49,0.00
5072379,1029713,10,1,10.99,1.65
5072380,1029714,4,1,14.99,0.00
5072381,1029714,35,-1,2.99,0.00
5072382,1029715,3,2,10.49,0.00
5072383,1029716,8,1,12.49,0.00
5072384,1029716,3,2,10.49,0.00
5072385,1029717,15,1,10.99,0.00
5072386,1029717,32,1,4.99,0.00
5072387,1029717,30,1,3.29,0.00
5072388,1029718,2,1,11.99,0.00
5072389,1029719,9,1,13.99,0.00
5072390,1029719,30,1,3.29,0.00
5072391,1029719,27,1,2.49,0.00
5072392,1029719,35,2,2.99,0.00
5072393,1029720,5,1,13.49,0.00
5072394,1029720,26,1,2.49,0.00
5072395,1029720,6,1,12.99,0.00
5072396,1029721,2,2,11.99,0.00
5072397,1029722,7,1,11.99,0.00
5072398,1029722,34,2,4.49,0.00
5072399,1029722,29,1,3.49,0.00
5072400,1029722,30,2,3.29,0.00
5072401,1029722,28,1,3.49,0.00
5072402,1029723,16,1,10.49,0.00
5072403,1029724,14,1,10.49,0.00
5072404,1029724,20,1,4.49,0.00
5072405,1029724,26,1,2.49,0.00
5072406,1029725,14,1,10.49,0.00
5072407,1029725,30,1,3.29,0.00
5072408,1029725,17,1,12.49,0.00
5072409,1029726,6,1,12.99,0.00
5072410,1029726,34,1,4.49,0.00
5072411,1029726,19,1,3.99,0.00
5072412,1029727,10,1,10.99,0.00
5072413,1029727,31,1,3.49,0.00
5072414,1029727,23,2,3.99,0.00
5072415,1029728,17,1,12.49,0.00
5072416,1029728,8,1,12.49,0.00
5072417,1029728,24,1,3.49,0.00
5072418,1029728,18,1,5.49,0.00
5072419,1029729,16,1,10.49,0.00
5072420,1029730,17,1,12.49,0.00
5072421,1029730,21,1,3.99,0.00
5072422,1029731,8,1,12.49,0.00
5072423,1029731,10,2,10.99,0.00
5072424,1029731,23,1,3.99,0.00
5072425,1029731,27,1,2.49,0.00
5072426,1029732,17,1,12.49,0.00
5072427,1029732,26,1,2.49,0.00
5072428,1029733,1,1,11.49,0.00
5072429,1029734,9,-1,13.99,0.00
5072430,1029734,13,1,9.99,0.00
5072431,1029734,21,1,3.99,0.00
5072432,1029735,9,1,13.99,0.00
5072433,1029735,22,1,4.49,0.00
5072434,1029736,6,1,12.99,0.00
5072435,1029736,23,1,3.99,0.00
5072436,1029736,18,1,5.49,0.00
5072437,1029737,7,1,11.99,0.00
5072438,1029737,27,1,2.49,0.00
5072439,1029737,28,1,3.49,0.00
5072440,1029737,26,2,2.49,0.00
5072441,1029738,7,1,11.99,0.00
5072442,1029738,34,1,4.49,0.00
5072443,1029738,31,1,3.49,0.00
5072444,1029738,30,1,3.29,0.00
5072445,1029739,17,1,12.49,0.00
5072446,1029739,18,1,5.49,0.00
5072447,1029739,19,1,3.99,0.00
5072448,1029740,8,1,12.49,0.00
5072449,1029740,21,1,3.99,0.00
5072450,1029741,5,1,13.49,0.00
5072451,1029741,31,2,3.49,0.00
5072452,1029742,6,1,12.99,0.00
5072453,1029742,27,1,2.49,0.00
5072454,1029742,31,1,3.49,0.00
5072455,1029742,21,1,3.99,0.00
5072456,1029743,3,3,10.49,0.00
5072457,1029744,6,1,12.99,0.00
5072458,1029745,17,1,12.49,0.00
5072459,1029745,21,2,3.99,0.00
5072460,1029745,24,1,3.49,0.00
5072461,1029746,7,1,11.99,0.00
5072462,1029747,17,1,12.49,0.00
5072463,1029748,17,1,12.49,0.00
5072464,1029748,21,1,3.99,0.00
5072465,1029748,25,1,6.49,0.00
5072466,1029749,17,1,12.49,0.00
5072467,1029749,27,1,2.49,0.00
5072468,1029749,21,1,3.99,0.00
5072469,1029750,15,1,10.99,0.00
5072470,1029750,27,1,2.49,0.00
5072471,1029751,6,1,12.99,0.00
5072472,1029751,24,2,3.49,0.00
5072473,1029752,11,1,13.49,0.00
5072474,1029752,19,1,3.99,0.00
5072475,1029752,28,1,3.49,0.00
5072476,1029752,26,1,2.49,0.00
5072477,1029753,17,1,12.49,0.00
5072478,1029753,31,1,3.49,0.00
5072479,1029754,17,1,12.49,0.00
5072480,1029755,7,1,11.99,0.00
5072481,1029755,19,-2,3.99,0.00
5072482,1029756,3,1,10.49,0.00
5072483,1029757,12,2,18.99,0.00
5072484,1029757,20,2,4.49,0.00
5072485,1029758,3,3,10.49,4.72
5072486,1029758,26,1,2.49,0.37
5072487,1029758,33,1,5.49,0.82
5072488,1029758,18,1,5.49,0.82
5072489,1029759,17,1,12.49,0.00
5072490,1029759,34,1,4.49,0.00
5072491,1029760,15,3,10.99,0.00
5072492,1029760,18,2,5.49,0.00
5072493,1029760,26,1,2.49,0.00
5072494,1029761,17,1,12.49,0.00
5072495,1029761,18,1,5.49,0.00
5072496,1029761,21,3,3.99,0.00
5072497,1029761,34,2,4.49,0.00
5072498,1029762,1,1,11.49,0.00
5072499,1029762,18,1,5.49,0.00
5072500,1029763,5,1,13.49,0.00
5072501,1029764,15,3,10.99,0.00
5072502,1029765,1,-2,11.49,0.00
5072503,1029765,20,1,4.49,0.00
5072504,1029766,17,2,12.49,0.00
5072505,1029767,15,1,10.99,0.00
5072506,1029767,26,2,2.49,0.00
5072507,1029767,28,3,3.49,0.00
5072508,1029767,27,1,2.49,0.00
5072509,1029767,33,1,5.49,0.00
5072510,1029768,5,1,13.49,0.00
5072511,1029768,6,2,12.99,0.00
5072512,1029769,4,1,14.99,0.00
5072513,1029769,19,1,3.99,0.00
5072514,1029769,26,1,2.49,0.00
5072515,1029769,27,1,2.49,0.00
5072516,1029770,10,1,10.99,0.00
5072517,1029770,27,1,2.49,0.00
5072518,1029770,29,1,3.49,0.00
5072519,1029771,9,2,13.99,0.00
5072520,1029771,25,2,6.49,0.00
5072521,1029772,17,1,12.49,0.00
5072522,1029773,15,1,10.99,0.00
5072523,1029774,11,2,13.49,0.00
5072524,1029774,18,1,5.49,0.00
5072525,1029774,29,1,3.49,0.00
5072526,1029775,11,1,13.49,0.00
5072527,1029775,28,1,3.49,0.00
5072528,1029775,19,1,3.99,0.00
5072529,1029776,16,1,10.49,0.00
5072530,1029776,26,1,2.49,0.00
5072531,1029777,16,1,10.49,0.00
5072532,1029778,10,1,10.99,1.65
5072533,1029778,32,1,4.99,0.75
5072534,1029779,17,1,12.49,0.00
5072535,1029779,20,1,4.49,0.00
5072536,1029780,7,1,11.99,0.00
5072537,1029780,27,2,2.49,0.00
5072538,1029780,24,1,3.49,0.00
5072539,1029780,22,1,4.49,0.00
5072540,1029781,5,1,13.49,0.00
5072541,1029781,27,1,2.49,0.00
5072542,1029782,17,1,12.49,1.87
5072543,1029782,26,1,2.49,0.37
5072544,1029782,22,1,4.49,0.67
5072545,1029782,18,2,5.49,1.65
5072546,1029783,3,1,10.49,0.00
5072547,1029783,32,2,4.99,0.00
5072548,1029784,2,1,11.99,0.00
5072549,1029784,21,0,3.99,0.00
5072550,1029785,13,1,9.99,0.00
5072551,1029786,15,-1,10.99,0.00
5072552,1029786,22,1,4.49,0.00
5072553,1029786,31,3,3.49,0.00
5072554,1029786,30,1,3.29,0.00
5072555,1029786,18,2,5.49,0.00
5072556,1029787,16,2,10.49,0.00
5072557,1029788,14,1,10.49,0.00
5072558,1029788,26,1,2.49,0.00
5072559,1029788,1,0,11.49,0.00
5072560,1029789,11,1,13.49,0.00
5072561,1029790,1,1,11.49,0.00
5072562,1029791,3,1,10.49,0.00
5072563,1029791,18,1,5.49,0.00
5072564,1029791,26,1,2.49,0.00
5072565,1029791,25,2,6.49,0.00
5072566,1029792,14,1,10.49,0.00
5072567,1029793,17,1,12.49,0.00
5072568,1029793,22,3,4.49,0.00
5072569,1029793,34,1,4.49,0.00
5072570,1029793,19,1,3.99,0.00
5072571,1029793,25,1,6.49,0.00
5072572,1029794,17,4,12.49,0.00
5072573,1029795,8,1,12.49,0.00
5072574,1029795,27,1,2.49,0.00
5072575,1029796,17,2,12.49,0.00
5072576,1029796,21,1,3.99,0.00
5072577,1029796,31,1,3.49,0.00
5072578,1029797,2,1,11.99,0.00
5072579,1029798,3,1,10.49,0.00
5072580,1029798,31,1,3.49,0.00
5072581,1029798,19,1,3.99,0.00
5072582,1029798,23,1,3.99,0.00
5072583,1029799,3,1,10.49,0.00
5072584,1029799,31,1,3.49,0.00
5072585,1029800,11,1,13.49,0.00
5072586,1029800,3,1,10.49,0.00
5072587,1029801,17,1,12.49,0.00
5072588,1029802,7,1,11.99,0.00
5072589,1029803,8,1,12.49,0.00
5072590,1029803,30,1,3.29,0.00
5072591,1029803,22,4,4.49,0.00
5072592,1029803,23,2,3.99,0.00
5072593,1029803,33,1,5.49,0.00
5072594,1029804,3,1,10.49,0.00
5072595,1029804,27,1,2.49,0.00
5072596,1029805,3,1,10.49,0.00
5072597,1029805,29,1,3.49,0.00
5072598,1029805,28,1,3.49,0.00
5072599,1029806,6,2,12.99,0.00
5072600,1029807,16,2,10.49,0.00
5072601,1029807,27,1,2.49,0.00
5072602,1029808,16,1,10.49,0.00
5072603,1029808,30,3,3.29,0.00
5072604,1029809,14,1,10.49,0.00
5072605,1029810,14,1,10.49,0.00
5072606,1029810,20,1,4.49,0.00
5072607,1029810,27,1,2.49,0.00
5072608,1029811,3,1,10.49,0.00
5072609,1029812,2,1,11.99,0.00
5072610,1029812,29,1,3.49,0.00
5072611,1029812,24,1,3.49,0.00
5072612,1029812,18,1,5.49,0.00
5072613,1029813,6,1,12.99,0.00
5072614,1029813,27,1,2.49,0.00
5072615,1029813,34,1,4.49,0.00
5072616,1029813,19,1,3.99,0.00
5072617,1029814,11,1,13.49,2.02
5072618,1029814,21,1,3.99,0.60
5072619,1029814,19,1,3.99,0.60
5072620,1029814,18,1,5.49,0.82
5072621,1029815,8,1,12.49,0.00
5072622,1029815,18,2,5.49,0.00
5072623,1029816,17,1,12.49,0.00
5072624,1029816,18,1,5.49,0.00
5072625,1029817,2,1,11.99,0.00
5072626,1029817,1,1,11.49,0.00
5072627,1029818,1,1,11.49,0.00
5072628,1029818,26,1,2.49,0.00
5072629,1029819,2,2,11.99,0.00
5072630,1029819,28,1,3.49,0.00
5072631,1029820,17,1,12.49,0.00
5072632,1029820,19,1,3.99,0.00
5072633,1029821,5,1,13.49,0.00
5072634,1029821,27,1,2.49,0.00
5072635,1029821,25,1,6.49,0.00
5072636,1029821,21,1,3.99,0.00
5072637,1029822,17,-1,12.49,0.00
5072638,1029822,21,1,3.99,0.00
5072639,1029823,17,1,12.49,0.00
5072640,1029824,10,1,10.99,0.00
5072641,1029824,30,1,3.29,0.00
5072642,1029824,31,1,3.49,0.00
5072643,1029825,8,1,12.49,0.00
5072644,1029825,30,1,3.29,0.00
5072645,1029826,2,2,11.99,0.00
5072646,1029826,25,1,6.49,0.00
5072647,1029826,32,1,4.99,0.00
5072648,1029827,9,1,13.99,0.00
5072649,1029827,1,1,11.49,0.00
5072650,1029827,20,2,4.49,0.00
5072651,1029827,30,1,3.29,0.00
5072652,1029828,17,1,12.49,0.00
5072653,1029828,21,1,3.99,0.00
5072654,1029828,23,1,3.99,0.00
5072655,1029829,17,1,12.49,0.00
5072656,1029829,35,2,2.99,0.00
5072657,1029830,2,3,11.99,5.40
5072658,1029831,17,3,12.49,0.00
5072659,1029832,14,2,10.49,0.00
5072660,1029832,31,1,3.49,0.00
5072661,1029832,25,1,6.49,0.00
5072662,1029832,22,1,4.49,0.00
5072663,1029833,4,2,14.99,0.00
5072664,1029833,27,1,2.49,0.00
5072665,1029833,21,1,3.99,0.00
5072666,1029834,5,2,13.49,0.00
5072667,1029835,11,1,13.49,0.00
5072668,1029835,20,1,4.49,0.00
5072669,1029835,34,1,4.49,0.00
5072670,1029836,5,1,13.49,0.00
5072671,1029837,17,1,12.49,0.00
5072672,1029837,26,1,2.49,0.00
5072673,1029837,29,1,3.49,0.00
5072674,1029838,13,1,9.99,0.00
5072675,1029838,32,1,4.99,0.00
5072676,1029838,27,1,2.49,0.00
5072677,1029838,25,1,6.49,0.00
5072678,1029838,28,1,3.49,0.00
5072679,1029839,8,1,12.49,0.00
5072680,1029839,21,1,3.99,0.00
5072681,1029840,1,1,11.49,0.00
5072682,1029840,18,1,5.49,0.00
5072683,1029840,33,1,5.49,0.00
5072684,1029841,16,1,10.49,0.00
5072685,1029841,19,1,3.99,0.00
5072686,1029842,1,1,11.49,0.00
5072687,1029842,27,1,2.49,0.00
5072688,1029843,4,1,14.99,0.00
5072689,1029844,10,1,10.99,0.00
5072690,1029844,26,1,2.49,0.00
5072691,1029845,1,1,11.49,0.00
5072692,1029845,28,1,3.49,0.00
5072693,1029845,29,1,3.49,0.00
5072694,1029846,11,1,13.49,0.00
5072695,1029846,26,2,2.49,0.00
5072696,1029847,9,1,13.99,0.00
5072697,1029847,29,1,3.49,0.00
5072698,1029848,17,1,12.49,0.00
5072699,1029849,6,1,12.99,0.00
5072700,1029849,18,1,5.49,0.00
5072701,1029849,25,2,6.49,0.00
5072702,1029849,20,1,4.49,0.00
5072703,1029850,10,1,10.99,0.00
5072704,1029850,22,1,4.49,0.00
5072705,1029850,27,1,2.49,0.00
5072706,1029850,26,1,2.49,0.00
5072707,1029850,4,1,14.99,0.00
5072708,1029851,3,1,10.49,0.00
5072709,1029851,20,1,4.49,0.00
5072710,1029851,25,1,6.49,0.00
5072711,1029851,28,2,3.49,0.00
5072712,1029851,23,1,3.99,0.00
5072713,1029852,15,1,10.99,0.00
5072714,1029852,26,1,2.49,0.00
5072715,1029852,27,3,2.49,0.00
5072716,1029852,18,1,5.49,0.00
5072717,1029852,28,1,3.49,0.00
5072718,1029853,17,1,12.49,0.00
5072719,1029853,26,1,2.49,0.00
5072720,1029853,20,1,4.49,0.00
5072721,1029854,10,1,10.99,0.00
5072722,1029854,23,1,3.99,0.00
5072723,1029855,5,1,13.49,0.00
5072724,1029855,9,1,13.99,0.00
5072725,1029855,19,1,3.99,0.00
5072726,1029856,4,1,14.99,0.00
5072727,1029857,17,1,12.49,0.00
5072728,1029858,17,1,12.49,0.00
5072729,1029859,6,1,12.99,0.00
5072730,1029859,24,2,3.49,0.00
5072731,1029860,17,1,12.49,0.00
5072732,1029860,25,1,6.49,0.00
5072733,1029861,2,1,11.99,0.00
5072734,1029862,15,2,10.99,0.00
5072735,1029862,27,1,2.49,0.00
5072736,1029863,16,1,10.49,0.00
5072737,1029863,19,1,3.99,0.00
5072738,1029863,32,1,4.99,0.00
5072739,1029864,11,1,13.49,0.00
5072740,1029864,26,2,2.49,0.00
5072741,1029865,14,1,10.49,0.00
5072742,1029866,3,2,10.49,0.00
5072743,1029866,7,1,11.99,0.00
5072744,1029866,10,1,10.99,0.00
5072745,1029866,30,1,3.29,0.00
5072746,1029867,12,1,18.99,0.00
5072747,1029868,1,1,11.49,0.00
5072748,1029868,26,1,2.49,0.00
5072749,1029869,16,1,10.49,0.00
5072750,1029869,21,1,3.99,0.00
5072751,1029870,17,2,12.49,0.00
5072752,1029870,27,1,2.49,0.00
5072753,1029871,16,1,10.49,0.00
5072754,1029871,27,2,2.49,0.00
5072755,1029871,19,1,3.99,0.00
5072756,1029872,17,1,12.49,1.87
5072757,1029872,25,1,6.49,0.97
5072758,1029873,17,1,12.49,0.00
5072759,1029874,11,1,13.49,0.00
5072760,1029874,27,1,2.49,0.00
5072761,1029874,35,1,2.99,0.00
5072762,1029875,17,1,12.49,0.00
5072763,1029875,27,1,2.49,0.00
5072764,1029876,7,1,11.99,0.00
5072765,1029876,26,2,2.49,0.00
5072766,1029877,8,1,12.49,0.00
5072767,1029877,21,1,3.99,0.00
5072768,1029878,7,1,11.99,0.00
5072769,1029878,27,1,2.49,0.00
5072770,1029879,17,1,12.49,0.00
5072771,1029879,32,1,4.99,0.00
5072772,1029879,26,1,2.49,0.00
5072773,1029880,17,3,12.49,0.00
5072774,1029880,33,1,5.49,0.00
5072775,1029880,18,1,5.49,0.00
5072776,1029881,6,1,12.99,0.00
5072777,1029881,18,1,5.49,0.00
5072778,1029881,19,1,3.99,0.00
5072779,1029881,21,1,3.99,0.00
5072780,1029881,28,1,3.49,0.00
5072781,1029882,15,1,10.99,0.00
5072782,1029882,18,1,5.49,0.00
5072783,1029882,17,1,12.49,0.00
5072784,1029883,7,1,11.99,0.00
5072785,1029883,27,1,2.49,0.00
5072786,1029884,10,0,10.99,0.00
5072787,1029884,22,1,4.49,0.00
5072788,1029884,21,1,3.99,0.00
5072789,1029884,25,3,6.49,0.00
5072790,1029885,17,1,12.49,0.00
5072791,1029886,8,1,12.49,0.00
5072792,1029887,17,1,12.49,0.00
5072793,1029888,13,1,9.99,1.50
5072794,1029888,21,1,3.99,0.60
5072795,1029889,7,1,11.99,0.00
5072796,1029889,30,1,3.29,0.00
5072797,1029889,10,2,10.99,0.00
5072798,1029890,6,3,12.99,0.00
5072799,1029890,15,1,10.99,0.00
5072800,1029890,23,4,3.99,0.00
5072801,1029890,35,1,2.99,0.00
5072802,1029891,15,1,10.99,0.00
5072803,1029891,30,1,3.29,0.00
5072804,1029892,8,1,12.49,0.00
5072805,1029892,34,1,4.49,0.00
5072806,1029893,6,1,12.99,0.00
5072807,1029893,34,2,4.49,0.00
5072808,1029894,6,1,12.99,0.00
5072809,1029894,26,1,2.49,0.00
5072810,1029894,32,1,4.99,0.00
5072811,1029894,20,1,4.49,0.00
5072812,1029895,10,1,10.99,0.00
5072813,1029895,28,1,3.49,0.00
5072814,1029895,18,2,5.49,0.00
5072815,1029896,1,1,11.49,0.00
5072816,1029896,26,1,2.49,0.00
5072817,1029896,27,1,2.49,0.00
5072818,1029896,21,1,3.99,0.00
5072819,1029897,7,1,11.99,0.00
5072820,1029897,9,1,13.99,0.00
5072821,1029898,5,2,13.49,0.00
5072822,1029898,25,1,6.49,0.00
5072823,1029898,27,1,2.49,0.00
5072824,1029898,32,1,4.99,0.00
5072825,1029899,8,1,12.49,0.00
5072826,1029900,11,1,13.49,0.00
5072827,1029900,28,3,3.49,0.00
5072828,1029900,27,1,2.49,0.00
5072829,1029901,3,1,10.49,0.00
5072830,1029902,14,1,10.49,0.00
5072831,1029902,35,1,2.99,0.00
5072832,1029902,23,1,3.99,0.00
5072833,1029903,11,1,13.49,0.00
5072834,1029904,6,1,12.99,0.00
5072835,1029904,19,1,3.99,0.00
5072836,1029905,4,1,14.99,0.00
5072837,1029906,8,1,12.49,1.87
5072838,1029906,19,1,3.99,0.60
5072839,1029907,4,1,14.99,2.25
5072840,1029907,29,1,3.49,0.52
5072841,1029908,17,3,12.49,0.00
5072842,1029908,33,2,5.49,0.00
5072843,1029908,8,2,12.49,0.00
5072844,1029909,5,1,13.49,0.00
5072845,1029910,6,1,12.99,0.00
5072846,1029911,17,1,12.49,0.00
5072847,1029911,23,1,3.99,0.00
5072848,1029912,16,1,10.49,0.00
5072849,1029912,29,1,3.49,0.00
5072850,1029912,32,1,4.99,0.00
5072851,1029912,26,1,2.49,0.00
5072852,1029912,18,1,5.49,0.00
5072853,1029912,24,1,3.49,0.00
5072854,1029913,17,1,12.49,0.00
5072855,1029913,26,1,2.49,0.00
5072856,1029913,19,1,3.99,0.00
5072857,1029914,7,1,11.99,1.80
5072858,1029914,19,2,3.99,1.20
5072859,1029915,10,1,10.99,0.00
5072860,1029915,30,2,3.29,0.00
5072861,1029916,7,1,11.99,0.00
5072862,1029916,11,1,13.49,0.00
5072863,1029916,19,1,3.99,0.00
5072864,1029917,5,1,13.49,0.00
5072865,1029917,22,1,4.49,0.00
5072866,1029918,17,1,12.49,0.00
5072867,1029918,27,1,2.49,0.00
5072868,1029918,29,1,3.49,0.00
5072869,1029919,7,1,11.99,0.00
5072870,1029919,27,1,2.49,0.00
5072871,1029920,16,2,10.49,0.00
5072872,1029920,3,1,10.49,0.00
5072873,1029921,5,1,13.49,0.00
5072874,1029921,19,1,3.99,0.00
5072875,1029921,23,1,3.99,0.00
5072876,1029921,18,1,5.49,0.00
5072877,1029922,8,1,12.49,0.00
5072878,1029922,23,1,3.99,0.00
5072879,1029922,25,2,6.49,0.00
5072880,1029923,7,1,11.99,0.00
5072881,1029923,25,1,6.49,0.00
5072882,1029924,17,1,12.49,0.00
5072883,1029924,18,1,5.49,0.00
5072884,1029924,29,1,3.49,0.00
5072885,1029924,35,1,2.99,0.00
5072886,1029924,25,1,6.49,0.00
5072887,1029924,27,1,2.49,0.00
5072888,1029925,17,1,12.49,1.87
5072889,1029926,17,1,12.49,0.00
5072890,1029926,27,1,2.49,0.00
5072891,1029927,17,1,12.49,1.87
5072892,1029927,28,1,3.49,0.52
5072893,1029928,10,1,10.99,0.00
5072894,1029928,20,1,4.49,0.00
5072895,1029928,33,1,5.49,0.00
5072896,1029929,1,1,11.49,0.00
5072897,1029929,14,1,10.49,0.00
5072898,1029930,2,1,11.99,0.00
5072899,1029930,30,1,3.29,0.00
5072900,1029931,17,1,12.49,0.00
5072901,1029931,1,1,11.49,0.00
5072902,1029932,16,1,10.49,0.00
5072903,1029932,29,2,3.49,0.00
5072904,1029932,35,1,2.99,0.00
5072905,1029933,16,1,10.49,0.00
5072906,1029933,31,2,3.49,0.00
5072907,1029933,20,1,4.49,0.00
5072908,1029933,27,1,2.49,0.00
5072909,1029933,21,3,3.99,0.00
5072910,1029934,4,1,14.99,0.00
5072911,1029934,30,1,3.29,0.00
5072912,1029935,6,2,12.99,0.00
5072913,1029935,33,1,5.49,0.00
5072914,1029935,4,1,14.99,0.00
5072915,1029935,21,2,3.99,0.00
5072916,1029936,3,1,10.49,0.00
5072917,1029936,21,1,3.99,0.00
5072918,1029937,17,1,12.49,0.00
5072919,1029937,21,1,3.99,0.00
5072920,1029938,15,1,10.99,0.00
5072921,1029938,19,1,3.99,0.00
5072922,1029939,17,1,12.49,0.00
5072923,1029939,24,1,3.49,0.00
5072924,1029940,5,1,13.49,0.00
5072925,1029940,27,1,2.49,0.00
5072926,1029941,15,1,10.99,0.00
5072927,1029941,26,1,2.49,0.00
5072928,1029941,27,1,2.49,0.00
5072929,1029942,17,1,12.49,0.00
5072930,1029942,31,3,3.49,0.00
5072931,1029942,34,1,4.49,0.00
5072932,1029943,8,2,12.49,0.00
5072933,1029944,4,1,14.99,2.25
5072934,1029945,17,1,12.49,1.87
5072935,1029946,9,1,13.99,0.00
5072936,1029946,30,1,3.29,0.00
5072937,1029946,27,1,2.49,0.00
5072938,1029946,20,1,4.49,0.00
5072939,1029947,6,1,12.99,0.00
5072940,1029947,29,1,3.49,0.00
5072941,1029948,5,1,13.49,0.00
5072942,1029948,21,2,3.99,0.00
5072943,1029949,8,1,12.49,0.00
5072944,1029949,31,1,3.49,0.00
5072945,1029949,20,1,4.49,0.00
5072946,1029949,22,1,4.49,0.00
5072947,1029949,30,2,3.29,0.00
5072948,1029950,7,1,11.99,0.00
5072949,1029950,27,1,2.49,0.00
5072950,1029951,7,1,11.99,0.00
5072951,1029951,32,-1,4.99,0.00
5072952,1029951,22,2,4.49,0.00
5072953,1029951,20,1,4.49,0.00
5072954,1029951,34,1,4.49,0.00
5072955,1029951,27,1,2.49,0.00
5072956,1029952,5,1,13.49,0.00
5072957,1029952,17,1,12.49,0.00
5072958,1029953,17,2,12.49,0.00
5072959,1029954,15,1,10.99,1.65
5072960,1029954,31,1,3.49,0.52
5072961,1029954,30,1,3.29,0.49
5072962,1029954,27,1,2.49,0.37
5072963,1029955,16,1,10.49,1.57
5072964,1029956,7,1,11.99,0.00
5072965,1029956,25,1,6.49,0.00
5072966,1029956,20,1,4.49,0.00
5072967,1029957,1,1,11.49,0.00
5072968,1029957,23,1,3.99,0.00
5072969,1029958,17,1,12.49,0.00
5072970,1029958,24,1,3.49,0.00
5072971,1029959,1,2,11.49,3.45
5072972,1029959,26,2,2.49,0.75
5072973,1029959,29,1,3.49,0.52
5072974,1029959,18,1,5.49,0.82
5072975,1029960,17,1,12.49,1.87
5072976,1029960,29,2,3.49,1.05
5072977,1029960,34,1,4.49,0.67
5072978,1029960,18,1,5.49,0.82
5072979,1029961,9,1,13.99,0.00
5072980,1029961,26,1,2.49,0.00
5072981,1029962,5,1,13.49,0.00
5072982,1029962,4,1,14.99,0.00
5072983,1029963,17,1,12.49,0.00
5072984,1029964,6,1,12.99,0.00
5072985,1029964,34,1,4.49,0.00
5072986,1029964,27,1,2.49,0.00
5072987,1029965,14,1,10.49,0.00
5072988,1029965,22,1,4.49,0.00
5072989,1029965,34,2,4.49,0.00
5072990,1029966,14,1,10.49,0.00
5072991,1029966,18,1,5.49,0.00
5072992,1029966,24,2,3.49,0.00
5072993,1029967,1,1,11.49,0.00
5072994,1029968,8,1,12.49,0.00
5072995,1029969,9,1,13.99,0.00
5072996,1029969,26,1,2.49,0.00
5072997,1029969,21,1,3.99,0.00
5072998,1029970,13,1,9.99,1.50
5072999,1029970,20,1,4.49,0.67
5073000,1029971,5,1,13.49,0.00
5073001,1029971,34,1,4.49,0.00
5073002,1029972,17,2,12.49,0.00
5073003,1029972,21,2,3.99,0.00
5073004,1029972,26,2,2.49,0.00
5073005,1029972,4,1,14.99,0.00
5073006,1029973,17,1,12.49,0.00
5073007,1029973,32,1,4.99,0.00
5073008,1029973,30,3,3.29,0.00
5073009,1029973,26,2,2.49,0.00
5073010,1029973,34,1,4.49,0.00
5073011,1029974,17,1,12.49,0.00
5073012,1029974,29,1,3.49,0.00
5073013,1029975,6,1,12.99,0.00
5073014,1029975,30,1,3.29,0.00
5073015,1029975,19,1,3.99,0.00
5073016,1029976,15,2,10.99,0.00
5073017,1029976,26,1,2.49,0.00
5073018,1029976,27,2,2.49,0.00
5073019,1029976,20,1,4.49,0.00
5073020,1029977,6,1,12.99,0.00
5073021,1029977,23,1,3.99,0.00
5073022,1029978,6,1,12.99,0.00
5073023,1029978,34,1,4.49,0.00
5073024,1029978,1,1,11.49,0.00
5073025,1029978,21,2,3.99,0.00
5073026,1029979,11,2,13.49,4.05
5073027,1029980,11,1,13.49,0.00
5073028,1029981,9,1,13.99,0.00
5073029,1029981,20,2,4.49,0.00
5073030,1029982,16,1,10.49,0.00
5073031,1029982,1,1,11.49,0.00
5073032,1029983,2,1,11.99,0.00
5073033,1029984,17,1,12.49,0.00
5073034,1029985,10,1,10.99,0.00
5073035,1029985,29,1,3.49,0.00
5073036,1029985,28,1,3.49,0.00
5073037,1029986,17,1,12.49,0.00
5073038,1029986,31,1,3.49,0.00
5073039,1029987,15,2,10.99,0.00
5073040,1029987,19,1,3.99,0.00
5073041,1029987,30,2,3.29,0.00
5073042,1029987,20,1,4.49,0.00
5073043,1029988,12,1,18.99,0.00
5073044,1029989,4,1,14.99,2.25
5073045,1029989,21,1,3.99,0.60
5073046,1029989,29,1,3.49,0.52
5073047,1029989,27,2,2.49,0.75
5073048,1029990,11,1,13.49,0.00
5073049,1029990,18,3,5.49,0.00
5073050,1029991,10,1,10.99,0.00
5073051,1029991,26,2,2.49,0.00
5073052,1029991,19,1,3.99,0.00
5073053,1029992,8,1,12.49,0.00
5073054,1029993,11,1,13.49,0.00
5073055,1029994,2,1,11.99,0.00
5073056,1029994,27,1,2.49,0.00
5073057,1029995,17,-1,12.49,0.00
5073058,1029995,22,1,4.49,0.00
5073059,1029995,18,1,5.49,0.00
5073060,1029996,1,2,11.49,0.00
5073061,1029997,6,1,12.99,0.00
5073062,1029998,17,1,12.49,0.00
5073063,1029998,32,-1,4.99,0.00
5073064,1029999,1,1,11.49,0.00
5073065,1029999,26,2,2.49,0.00
5073066,1030000,17,-1,12.49,0.00
5073067,1030001,2,1,11.99,0.00
5073068,1030002,17,1,12.49,1.87
5073069,1030002,30,1,3.29,0.49
5073070,1030003,17,1,12.49,0.00
5073071,1030003,27,2,2.49,0.00
5073072,1030003,29,1,3.49,0.00
5073073,1030003,22,1,4.49,0.00
5073074,1030004,17,1,12.49,0.00
5073075,1030004,33,1,5.49,0.00
5073076,1030004,34,1,4.49,0.00
5073077,1030005,2,1,11.99,0.00
5073078,1030005,29,1,3.49,0.00
5073079,1030005,32,1,4.99,0.00
5073080,1030006,1,1,11.49,0.00
5073081,1030007,13,1,9.99,0.00
5073082,1030007,26,1,2.49,0.00
5073083,1030007,29,3,3.49,0.00
5073084,1030008,17,1,12.49,0.00
5073085,1030009,17,1,12.49,0.00
5073086,1030009,23,1,3.99,0.00
5073087,1030009,20,3,4.49,0.00
5073088,1030010,11,1,13.49,0.00
5073089,1030010,34,1,4.49,0.00
5073090,1030010,29,1,3.49,0.00
5073091,1030011,7,1,11.99,0.00
5073092,1030011,30,1,3.29,0.00
5073093,1030011,20,1,4.49,0.00
5073094,1030011,22,1,4.49,0.00
5073095,1030012,9,2,13.99,0.00
5073096,1030013,17,1,12.49,0.00
5073097,1030013,18,1,5.49,0.00
5073098,1030013,23,2,3.99,0.00
5073099,1030014,6,1,12.99,0.00
5073100,1030014,20,1,4.49,0.00
5073101,1030015,7,2,11.99,0.00
5073102,1030015,29,1,3.49,0.00
5073103,1030016,2,1,11.99,0.00
5073104,1030017,2,2,11.99,0.00
5073105,1030017,32,1,4.99,0.00
5073106,1030017,26,1,2.49,0.00
5073107,1030018,3,1,10.49,0.00
5073108,1030019,17,1,12.49,0.00
5073109,1030019,22,1,4.49,0.00
5073110,1030019,27,1,2.49,0.00
5073111,1030020,15,1,10.99,0.00
5073112,1030020,24,1,3.49,0.00
5073113,1030021,6,1,12.99,0.00
5073114,1030022,16,1,10.49,0.00
5073115,1030022,18,1,5.49,0.00
5073116,1030022,27,1,2.49,0.00
5073117,1030023,17,1,12.49,0.00
5073118,1030024,17,2,12.49,0.00
5073119,1030025,11,1,13.49,2.02
5073120,1030025,23,4,3.99,2.39
5073121,1030025,25,1,6.49,0.97
5073122,1030025,28,1,3.49,0.52
5073123,1030025,20,1,4.49,0.67
5073124,1030026,17,1,12.49,0.00
5073125,1030027,7,1,11.99,0.00
5073126,1030028,17,1,12.49,0.00
5073127,1030028,31,1,3.49,0.00
5073128,1030028,18,1,5.49,0.00
5073129,1030028,26,1,2.49,0.00
5073130,1030029,15,1,10.99,0.00
5073131,1030029,30,1,3.29,0.00
5073132,1030030,13,1,9.99,0.00
5073133,1030030,28,1,3.49,0.00
5073134,1030031,15,1,10.99,0.00
5073135,1030031,24,1,3.49,0.00
5073136,1030031,18,1,5.49,0.00
5073137,1030031,26,1,2.49,0.00
5073138,1030032,12,2,18.99,0.00
5073139,1030032,18,2,5.49,0.00
5073140,1030032,19,3,3.99,0.00
5073141,1030033,7,1,11.99,0.00
5073142,1030033,15,1,10.99,0.00
5073143,1030034,4,1,14.99,0.00
5073144,1030035,17,1,12.49,0.00
5073145,1030036,10,1,10.99,0.00
5073146,1030036,26,1,2.49,0.00
5073147,1030036,30,1,3.29,0.00
5073148,1030036,22,1,4.49,0.00
5073149,1030037,3,1,10.49,0.00
5073150,1030037,30,2,3.29,0.00
5073151,1030038,11,1,13.49,0.00
5073152,1030038,29,1,3.49,0.00
5073153,1030039,12,1,18.99,0.00
5073154,1030039,32,1,4.99,0.00
5073155,1030039,29,1,3.49,0.00
5073156,1030039,26,4,2.49,0.00
5073157,1030039,31,1,3.49,0.00
5073158,1030040,17,1,12.49,1.87
5073159,1030040,26,2,2.49,0.75
5073160,1030041,1,1,11.49,0.00
5073161,1030041,34,1,4.49,0.00
5073162,1030042,6,1,12.99,0.00
5073163,1030042,32,1,4.99,0.00
5073164,1030042,25,1,6.49,0.00
5073165,1030043,9,1,13.99,0.00
5073166,1030043,26,1,2.49,0.00
5073167,1030044,4,1,14.99,0.00
5073168,1030045,11,1,13.49,0.00
5073169,1030045,23,1,3.99,0.00
5073170,1030045,26,1,2.49,0.00
5073171,1030046,1,1,11.49,0.00
5073172,1030046,19,1,3.99,0.00
5073173,1030046,26,1,2.49,0.00
5073174,1030047,17,1,12.49,1.87
5073175,1030048,5,1,13.49,0.00
5073176,1030048,26,1,2.49,0.00
5073177,1030048,18,1,5.49,0.00
5073178,1030049,17,1,12.49,0.00
5073179,1030049,31,1,3.49,0.00
5073180,1030050,5,1,13.49,0.00
5073181,1030051,2,1,11.99,0.00
5073182,1030051,7,1,11.99,0.00
5073183,1030051,26,1,2.49,0.00
5073184,1030052,11,1,13.49,0.00
5073185,1030052,18,1,5.49,0.00
5073186,1030052,21,1,3.99,0.00
5073187,1030053,11,1,13.49,0.00
5073188,1030053,2,1,11.99,0.00
5073189,1030053,32,1,4.99,0.00
5073190,1030054,7,1,11.99,0.00
5073191,1030054,30,1,3.29,0.00
5073192,1030054,26,1,2.49,0.00
5073193,1030055,17,1,12.49,0.00
5073194,1030055,28,1,3.49,0.00
5073195,1030055,19,2,3.99,0.00
5073196,1030056,9,3,13.99,0.00
5073197,1030056,14,1,10.49,0.00
5073198,1030056,25,2,6.49,0.00
5073199,1030056,28,1,3.49,0.00
5073200,1030057,1,1,11.49,0.00
5073201,1030058,17,4,12.49,0.00
5073202,1030058,32,1,4.99,0.00
5073203,1030059,4,1,14.99,0.00
5073204,1030059,31,1,3.49,0.00
5073205,1030059,20,1,4.49,0.00
5073206,1030060,17,1,12.49,0.00
5073207,1030060,18,1,5.49,0.00
5073208,1030060,11,1,13.49,0.00
5073209,1030061,1,1,11.49,0.00
5073210,1030062,1,1,11.49,0.00
5073211,1030062,21,1,3.99,0.00
5073212,1030062,28,2,3.49,0.00
5073213,1030063,9,1,13.99,0.00
5073214,1030063,5,1,13.49,0.00
5073215,1030063,33,1,5.49,0.00
5073216,1030064,3,1,10.49,0.00
5073217,1030064,18,1,5.49,0.00
5073218,1030064,30,1,3.29,0.00
5073219,1030064,21,1,3.99,0.00
5073220,1030065,2,2,11.99,0.00
5073221,1030066,3,1,10.49,0.00
5073222,1030066,20,1,4.49,0.00
5073223,1030066,18,1,5.49,0.00
5073224,1030066,32,4,4.99,0.00
5073225,1030066,30,2,3.29,0.00
5073226,1030067,6,1,12.99,0.00
5073227,1030067,24,1,3.49,0.00
5073228,1030067,22,1,4.49,0.00
5073229,1030067,18,1,5.49,0.00
5073230,1030067,26,2,2.49,0.00
5073231,1030068,6,1,12.99,0.00
5073232,1030068,18,1,5.49,0.00
5073233,1030069,3,1,10.49,0.00
5073234,1030069,29,2,3.49,0.00
5073235,1030069,20,1,4.49,0.00
5073236,1030069,30,1,3.29,0.00
5073237,1030070,13,1,9.99,0.00
5073238,1030070,26,1,2.49,0.00
5073239,1030070,18,1,5.49,0.00
5073240,1030071,1,1,11.49,0.00
5073241,1030071,21,2,3.99,0.00
5073242,1030071,18,1,5.49,0.00
5073243,1030072,17,2,12.49,0.00
5073244,1030072,35,1,2.99,0.00
5073245,1030073,15,1,10.99,1.65
5073246,1030074,6,2,12.99,0.00
5073247,1030074,18,1,5.49,0.00
5073248,1030074,19,2,3.99,0.00
5073249,1030075,3,2,10.49,0.00
5073250,1030076,6,1,12.99,0.00
5073251,1030076,26,1,2.49,0.00
5073252,1030076,22,-1,4.49,0.00
5073253,1030076,28,1,3.49,0.00
5073254,1030076,3,1,10.49,0.00
5073255,1030077,17,3,12.49,0.00
5073256,1030078,6,2,12.99,0.00
5073257,1030078,21,1,3.99,0.00
5073258,1030079,1,1,11.49,0.00
5073259,1030079,25,1,6.49,0.00
5073260,1030079,11,1,13.49,0.00
5073261,1030080,9,2,13.99,0.00
5073262,1030081,17,1,12.49,0.00
5073263,1030081,22,1,4.49,0.00
5073264,1030082,3,1,10.49,0.00
5073265,1030083,11,1,13.49,0.00
5073266,1030083,25,1,6.49,0.00
5073267,1030083,19,1,3.99,0.00
5073268,1030084,6,1,12.99,0.00
5073269,1030084,22,1,4.49,0.00
5073270,1030084,26,1,2.49,0.00
5073271,1030084,28,1,3.49,0.00
5073272,1030085,4,1,14.99,0.00
5073273,1030086,3,1,10.49,0.00
5073274,1030087,8,1,12.49,0.00
5073275,1030088,6,1,12.99,0.00
5073276,1030088,31,1,3.49,0.00
5073277,1030088,18,1,5.49,0.00
5073278,1030089,17,1,12.49,0.00
5073279,1030089,19,1,3.99,0.00
5073280,1030089,25,1,6.49,0.00
5073281,1030090,14,1,10.49,1.57
5073282,1030090,19,1,3.99,0.60
5073283,1030091,17,1,12.49,1.87
5073284,1030091,18,1,5.49,0.82
5073285,1030091,29,1,3.49,0.52
5073687,1031216,7,1,11.99,0.00
5073333,1031539,18,1,5.49,0.00
5073611,1031814,8,1,12.49,0.00
5073375,1032401,26,3,2.49,0.00
5073677,1034481,27,2,2.49,0.00
5073366,1036146,28,1,3.49,0.00
5073351,1037451,1,1,11.49,0.00
5073374,1038078,18,3,5.49,0.00
5073499,1040065,28,1,3.49,0.00
5073421,1040473,16,1,10.49,0.00
5073701,1040517,28,1,3.49,0.00
5073600,1040919,28,1,3.49,0.00
5073313,1040972,26,1,2.49,0.00
5073533,1041639,12,1,18.99,0.00
5073458,1042019,29,1,3.49,0.00
5073540,1043083,1,1,11.49,0.00
5073346,1044843,28,2,3.49,0.00
5073455,1046034,3,1,10.49,0.00
5073543,1046178,26,1,2.49,0.00
5073719,1046181,15,1,10.99,0.00
5073343,1047620,3,1,10.49,0.00
5073441,1050070,29,1,3.49,0.00
5073305,1050372,11,1,13.49,0.00
5073438,1051305,30,1,3.29,0.00
5073413,1052308,23,2,3.99,0.00
5073446,1053630,27,3,2.49,0.00
5073567,1053752,2,1,11.99,0.00
5073369,1053955,7,2,11.99,0.00
5073598,1054519,26,1,2.49,0.00
5073714,1055400,17,1,12.49,0.00
5073617,1055883,35,1,2.99,0.00
5073307,1055958,11,1,13.49,1.35
5073444,1056019,26,1,2.49,0.00
5073555,1057333,28,2,3.49,0.00
5073419,1057885,30,1,3.29,0.00
5073435,1058591,10,1,10.99,0.00
5073456,1059495,28,2,3.49,0.00
5073607,1059937,21,1,3.99,0.00
5073497,1061776,3,1,10.49,0.00
5073401,1062799,29,1,3.49,0.00
5073683,1062945,6,1,12.99,0.00
5073480,1063618,24,1,3.49,0.00
5073502,1064023,4,1,14.99,0.00
5073602,1065653,24,1,3.49,0.00
5073542,1066598,26,3,2.49,0.00
5073621,1067021,25,1,6.49,0.00
5073656,1067132,22,2,4.49,0.00
5073335,1068279,29,1,3.49,0.00
5073461,1068729,29,2,3.49,0.00
5073350,1069079,6,1,12.99,0.00
5073363,1069091,9,1,13.99,0.00
5073512,1069152,4,1,14.99,5.00
5073566,1072988,27,4,2.49,0.00
5073407,1073323,1,1,11.49,0.00
5073443,1074102,34,1,4.49,0.00
5073312,1074993,26,1,2.49,0.00
5073645,1075198,6,1,12.99,0.00
5073392,1077876,31,2,3.49,0.00
5073348,1078871,20,1,4.49,0.00
5073690,1079124,22,1,4.49,0.00
5073493,1079198,24,1,3.49,0.00
5073615,1079935,26,3,2.49,0.00
