order_item_id,order_id,item_id,quantity,unit_price,discount_amount
5045100,1018443,4,1,14.99,5.00
5045101,1018443,29,1,3.49,0.00
5045102,1018444,12,1,18.99,5.00
5045103,1018444,27,3,2.49,0.00
5045104,1018444,23,1,3.99,0.00
5045105,1018445,15,1,10.99,0.00
5045106,1018446,17,1,12.49,0.00
5045107,1018447,16,1,10.49,0.00
5045108,1018447,19,1,3.99,0.00
5045109,1018448,6,1,12.99,0.00
5045110,1018449,15,1,10.99,0.00
5045111,1018449,4,1,14.99,0.00
5045112,1018449,24,1,3.49,0.00
5045113,1018449,25,2,6.49,0.00
5045114,1018450,17,1,12.49,0.00
5045115,1018450,11,1,13.49,0.00
5045116,1018450,24,1,3.49,0.00
5045117,1018451,7,1,11.99,0.00
5045118,1018451,24,2,3.49,0.00
5045119,1018452,17,1,12.49,2.50
5045120,1018452,7,3,11.99,0.00
5045121,1018452,20,1,4.49,0.00
5045122,1018453,9,1,13.99,0.00
5045123,1018453,17,3,12.49,0.00
5045124,1018453,24,1,3.49,0.00
5045125,1018453,21,2,3.99,0.00
5045126,1018454,12,1,18.99,5.00
5045127,1018454,21,3,3.99,0.00
5045128,1018455,17,2,12.49,0.00
5045129,1018456,2,1,11.99,0.00
5045130,1018456,26,1,2.49,0.00
5045131,1018457,5,1,13.49,0.00
5045132,1018457,27,1,2.49,0.00
5045133,1018458,4,1,14.99,5.00
5045134,1018459,3,1,10.49,0.00
5045135,1018459,19,1,3.99,0.00
5045136,1018460,17,1,12.49,0.00
5045137,1018460,31,1,3.49,0.00
5045138,1018461,12,1,18.99,5.00
5045139,1018462,14,1,10.49,0.00
5045140,1018462,26,2,2.49,0.00
5045141,1018462,18,1,5.49,0.00
5045142,1018463,17,1,12.49,2.50
5045143,1018464,17,1,12.49,0.00
5045144,1018464,19,1,3.99,0.00
5045145,1018464,20,2,4.49,0.00
5045146,1018465,12,1,18.99,5.00
5045147,1018465,21,1,3.99,0.00
5045148,1018465,26,1,2.49,0.00
5045149,1018466,17,1,12.49,0.00
5045150,1018466,6,2,12.99,0.00
5045151,1018467,17,1,12.49,2.50
5045152,1018468,17,2,12.49,0.00
5045153,1018468,19,1,3.99,0.00
5045154,1018469,4,1,14.99,5.00
5045155,1018469,18,1,5.49,0.00
5045156,1018469,27,2,2.49,0.00
5045157,1018469,28,2,3.49,0.00
5045158,1018469,30,1,3.29,0.00
5045159,1018470,5,1,13.49,0.00
5045160,1018471,4,1,14.99,5.00
5045161,1018471,8,2,12.49,0.00
5045162,1018472,17,1,12.49,0.00
5045163,1018472,20,3,4.49,0.00
5045164,1018473,7,1,11.99,0.00
5045165,1018473,28,1,3.49,0.00
5045166,1018474,17,1,12.49,0.00
5045167,1018474,30,2,3.29,0.00
5045168,1018474,35,1,2.99,0.00
5045169,1018474,20,1,4.49,0.00
5045170,1018475,4,1,14.99,0.00
5045171,1018475,18,1,5.49,0.00
5045172,1018475,17,2,12.49,0.00
5045173,1018475,26,1,2.49,0.00
5045174,1018475,20,2,4.49,0.00
5045175,1018475,22,-1,4.49,0.00
5045176,1018476,9,1,13.99,0.00
5045177,1018476,27,1,2.49,0.00
5045178,1018477,12,1,18.99,5.00
5045179,1018477,30,1,3.29,0.00
5045180,1018477,34,1,4.49,0.00
5045181,1018478,14,1,10.49,0.00
5045182,1018479,13,1,9.99,0.00
5045183,1018479,32,1,4.99,0.00
5045184,1018479,17,-1,12.49,0.00
5045185,1018480,17,1,12.49,0.00
5045186,1018480,26,1,2.49,0.00
5045187,1018480,33,1,5.49,0.00
5045188,1018481,12,1,18.99,5.00
5045189,1018481,24,1,3.49,0.00
5045190,1018481,29,0,3.49,0.00
5045191,1018482,17,1,12.49,0.00
5045192,1018482,20,1,4.49,0.00
5045193,1018483,4,1,14.99,5.00
5045194,1018483,29,1,3.49,0.00
5045195,1018483,19,0,3.99,0.00
5045196,1018483,14,1,10.49,0.00
5045197,1018483,33,2,5.49,0.00
5045198,1018484,17,1,12.49,0.00
5045199,1018484,21,1,3.99,0.00
5045200,1018484,27,1,2.49,0.00
5045201,1018485,4,1,14.99,5.00
5045202,1018485,18,2,5.49,0.00
5045203,1018485,28,1,3.49,0.00
5045204,1018485,21,1,3.99,0.00
5045205,1018486,5,1,13.49,0.00
5045206,1018486,28,1,3.49,0.00
5045207,1018487,17,1,12.49,2.50
5045208,1018487,26,1,2.49,0.00
5045209,1018487,22,1,4.49,0.00
5045210,1018487,20,1,4.49,0.00
5045211,1018488,4,1,14.99,5.00
5045212,1018488,18,1,5.49,0.00
5045213,1018489,6,1,12.99,0.00
5045214,1018490,17,1,12.49,0.00
5045215,1018490,27,1,2.49,0.00
5045216,1018490,29,1,3.49,0.00
5045217,1018490,20,4,4.49,0.00
5045218,1018490,21,1,3.99,0.00
5045219,1018491,10,1,10.99,0.00
5045220,1018492,9,2,13.99,0.00
5045221,1018493,8,3,12.49,0.00
5045222,1018493,22,1,4.49,0.00
5045223,1018493,28,1,3.49,0.00
5045224,1018494,4,1,14.99,5.00
5045225,1018494,18,3,5.49,0.00
5045226,1018495,4,1,14.99,0.00
5045227,1018495,18,0,5.49,0.00
5045228,1018495,20,1,4.49,0.00
5045229,1018496,17,1,12.49,2.50
5045230,1018497,17,1,12.49,0.00
5045231,1018497,27,1,2.49,0.00
5045232,1018497,22,1,4.49,0.00
5045233,1018498,11,1,13.49,0.00
5045234,1018498,17,1,12.49,0.00
5045235,1018498,29,2,3.49,0.00
5045236,1018499,14,3,10.49,0.00
5045237,1018499,25,1,6.49,0.00
5045238,1018500,15,1,10.99,0.00
5045239,1018500,24,1,3.49,0.00
5045240,1018501,6,1,12.99,0.00
5045241,1018502,17,1,12.49,2.50
5045242,1018503,4,1,14.99,5.00
5045243,1018503,21,1,3.99,0.00
5045244,1018503,19,1,3.99,0.00
5045245,1018504,17,1,12.49,0.00
5045246,1018505,4,1,14.99,0.00
5045247,1018505,30,1,3.29,0.00
5045248,1018506,17,1,12.49,2.50
5045249,1018506,19,2,3.99,0.00
5045250,1018507,4,1,14.99,5.00
5045251,1018507,24,1,3.49,0.00
5045252,1018507,18,1,5.49,0.00
5045253,1018507,27,1,2.49,0.00
5045254,1018507,22,1,4.49,0.00
5045255,1018507,30,1,3.29,0.00
5045256,1018508,6,1,12.99,0.00
5045257,1018508,34,1,4.49,0.00
5045258,1018508,20,1,4.49,0.00
5045259,1018509,1,2,11.49,0.00
5045260,1018509,22,2,4.49,0.00
5045261,1018510,17,2,12.49,0.00
5045262,1018510,21,1,3.99,0.00
5045263,1018511,5,1,13.49,0.00
5045264,1018511,25,1,6.49,0.00
5045265,1018511,20,1,4.49,0.00
5045266,1018511,30,1,3.29,0.00
5045267,1018512,17,1,12.49,2.50
5045268,1018512,23,1,3.99,0.00
5045269,1018512,22,2,4.49,0.00
5045270,1018512,21,2,3.99,0.00
5045271,1018513,7,1,11.99,0.00
5045272,1018514,4,1,14.99,5.00
5045273,1018514,20,1,4.49,0.00
5045274,1018514,26,1,2.49,0.00
5045275,1018515,14,1,10.49,0.00
5045276,1018515,34,1,4.49,0.00
5045277,1018516,2,1,11.99,0.00
5045278,1018516,27,1,2.49,0.00
5045279,1018516,25,1,6.49,0.00
5045280,1018517,8,1,12.49,0.00
5045281,1018517,17,2,12.49,0.00
5045282,1018518,4,1,14.99,5.00
5045283,1018518,7,2,11.99,0.00
5045284,1018519,7,1,11.99,0.00
5045285,1018519,22,1,4.49,0.00
5045286,1018519,18,1,5.49,0.00
5045287,1018519,27,1,2.49,0.00
5045288,1018520,4,1,14.99,5.00
5045289,1018520,24,1,3.49,0.00
5045290,1018521,6,1,12.99,0.00
5045291,1018522,8,1,12.49,0.00
5045292,1018522,34,1,4.49,0.00
5045293,1018522,21,1,3.99,0.00
5045294,1018523,5,1,13.49,0.00
5045295,1018523,30,1,3.29,0.00
5045296,1018523,22,1,4.49,0.00
5045297,1018524,6,1,12.99,0.00
5045298,1018524,22,1,4.49,0.00
5045299,1018524,24,2,3.49,0.00
5045300,1018524,32,1,4.99,0.00
5045301,1018524,27,1,2.49,0.00
5045302,1018525,4,1,14.99,5.00
5045303,1018525,32,1,4.99,0.00
5045304,1018526,11,1,13.49,0.00
5045305,1018526,21,1,3.99,0.00
5045306,1018527,15,1,10.99,0.00
5045307,1018527,27,1,2.49,0.00
5045308,1018528,9,1,13.99,0.00
5045309,1018528,27,1,2.49,0.00
5045310,1018529,4,1,14.99,5.00
5045311,1018529,1,1,11.49,0.00
5045312,1018530,11,1,13.49,0.00
5045313,1018531,7,1,11.99,0.00
5045314,1018532,8,1,12.49,0.00
5045315,1018532,20,1,4.49,0.00
5045316,1018533,12,2,18.99,0.00
5045317,1018533,20,1,4.49,0.00
5045318,1018533,18,2,5.49,0.00
5045319,1018534,17,2,12.49,5.00
5045320,1018534,26,1,2.49,0.00
5045321,1018535,5,1,13.49,0.00
5045322,1018535,33,1,5.49,0.00
5045323,1018536,17,1,12.49,0.00
5045324,1018536,11,2,13.49,0.00
5045325,1018536,24,1,3.49,0.00
5045326,1018536,25,1,6.49,0.00
5045327,1018537,2,1,11.99,0.00
5045328,1018538,13,2,9.99,0.00
5045329,1018538,21,1,3.99,0.00
5045330,1018539,1,1,11.49,0.00
5045331,1018539,27,1,2.49,0.00
5045332,1018539,19,1,3.99,0.00
5045333,1018540,16,1,10.49,0.00
5045334,1018541,17,1,12.49,2.50
5045335,1018542,1,1,11.49,0.00
5045336,1018542,28,2,3.49,0.00
5045337,1018543,15,1,10.99,0.00
5045338,1018543,18,1,5.49,0.00
5045339,1018543,19,2,3.99,0.00
5045340,1018544,3,1,10.49,0.00
5045341,1018544,30,1,3.29,0.00
5045342,1018545,17,1,12.49,2.50
5045343,1018546,4,1,14.99,5.00
5045344,1018546,27,1,2.49,0.00
5045345,1018547,6,1,12.99,0.00
5045346,1018547,33,1,5.49,0.00
5045347,1018547,32,1,4.99,0.00
5045348,1018547,21,2,3.99,0.00
5045349,1018547,28,1,3.49,0.00
5045350,1018547,34,1,4.49,0.00
5045351,1018548,12,2,18.99,5.00
5045352,1018549,3,1,10.49,0.00
5045353,1018550,14,1,10.49,0.00
5045354,1018550,29,1,3.49,0.00
5045355,1018550,28,1,3.49,0.00
5045356,1018550,30,1,3.29,0.00
5045357,1018551,10,1,10.99,0.00
5045358,1018551,30,1,3.29,0.00
5045359,1018551,18,1,5.49,0.00
5045360,1018552,12,2,18.99,5.00
5045361,1018552,20,1,4.49,0.00
5045362,1018552,31,1,3.49,0.00
5045363,1018552,7,1,11.99,0.00
5045364,1018553,5,1,13.49,0.00
5045365,1018553,23,1,3.99,0.00
5045366,1018554,14,2,10.49,0.00
5045367,1018554,35,1,2.99,0.00
5045368,1018555,3,1,10.49,0.00
5045369,1018556,15,1,10.99,0.00
5045370,1018556,34,1,4.49,0.00
5045371,1018556,20,1,4.49,0.00
5045372,1018557,1,1,11.49,0.00
5045373,1018557,25,1,6.49,0.00
5045374,1018558,3,1,10.49,0.00
5045375,1018559,17,2,12.49,0.00
5045376,1018559,23,1,3.99,0.00
5045377,1018559,28,1,3.49,0.00
5045378,1018560,7,1,11.99,0.00
5045379,1018560,26,1,2.49,0.00
5045380,1018560,32,1,4.99,0.00
5045381,1018561,13,1,9.99,0.00
5045382,1018561,33,1,5.49,0.00
5045383,1018561,25,2,6.49,0.00
5045384,1018561,29,1,3.49,0.00
5045385,1018562,12,2,18.99,5.00
5045386,1018562,25,1,6.49,0.00
5045387,1018563,12,1,18.99,5.00
5045388,1018563,21,1,3.99,0.00
5045389,1018563,18,2,5.49,0.00
5045390,1018563,35,1,2.99,0.00
5045391,1018563,27,1,2.49,0.00
5045392,1018564,2,1,11.99,0.00
5045393,1018565,17,2,12.49,5.00
5045394,1018565,28,2,3.49,0.00
5045395,1018566,9,2,13.99,0.00
5045396,1018566,25,-1,6.49,0.00
5045397,1018567,10,1,10.99,0.00
5045398,1018568,6,1,12.99,0.00
5045399,1018568,17,1,12.49,0.00
5045400,1018569,17,1,12.49,0.00
5045401,1018569,19,1,3.99,0.00
5045402,1018569,26,1,2.49,0.00
5045403,1018569,18,1,5.49,0.00
5045404,1018570,3,1,10.49,0.00
5045405,1018570,33,1,5.49,0.00
5045406,1018570,28,1,3.49,0.00
5045407,1018570,5,1,13.49,0.00
5045408,1018571,17,1,12.49,0.00
5045409,1018571,28,1,3.49,0.00
5045410,1018571,14,1,10.49,0.00
5045411,1018571,26,1,2.49,0.00
5045412,1018572,17,2,12.49,5.00
5045413,1018573,4,1,14.99,0.00
5045414,1018573,20,1,4.49,0.00
5045415,1018573,21,1,3.99,0.00
5045416,1018573,30,1,3.29,0.00
5045417,1018574,7,1,11.99,0.00
5045418,1018574,21,1,3.99,0.00
5045419,1018575,17,1,12.49,0.00
5045420,1018575,26,4,2.49,0.00
5045421,1018575,25,1,6.49,0.00
5045422,1018575,28,1,3.49,0.00
5045423,1018575,19,1,3.99,0.00
5045424,1018576,17,1,12.49,0.00
5045425,1018576,2,1,11.99,0.00
5045426,1018577,17,1,12.49,0.00
5045427,1018577,32,1,4.99,0.00
5045428,1018577,19,1,3.99,0.00
5045429,1018577,26,3,2.49,0.00
5045430,1018578,4,1,14.99,5.00
5045431,1018578,18,1,5.49,0.00
5045432,1018578,32,1,4.99,0.00
5045433,1018579,12,1,18.99,5.00
5045434,1018579,21,1,3.99,0.00
5045435,1018579,29,1,3.49,0.00
5045436,1018580,17,2,12.49,0.00
5045437,1018580,21,1,3.99,0.00
5045438,1018580,26,1,2.49,0.00
5045439,1018580,22,1,4.49,0.00
5045440,1018580,30,1,3.29,0.00
5045441,1018581,17,1,12.49,0.00
5045442,1018581,25,1,6.49,0.00
5045443,1018581,27,1,2.49,0.00
5045444,1018581,26,1,2.49,0.00
5045445,1018582,13,1,9.99,0.00
5045446,1018582,20,1,4.49,0.00
5045447,1018582,11,1,13.49,0.00
5045448,1018583,17,1,12.49,0.00
5045449,1018583,18,1,5.49,0.00
5045450,1018583,27,1,2.49,0.00
5045451,1018584,12,1,18.99,5.00
5045452,1018584,33,1,5.49,0.00
5045453,1018585,6,1,12.99,0.00
5045454,1018585,31,1,3.49,0.00
5045455,1018585,22,1,4.49,0.00
5045456,1018585,28,1,3.49,0.00
5045457,1018586,4,1,14.99,5.00
5045458,1018586,18,1,5.49,0.00
5045459,1018587,17,1,12.49,0.00
5045460,1018587,26,1,2.49,0.00
5045461,1018587,32,1,4.99,0.00
5045462,1018588,7,1,11.99,0.00
5045463,1018589,7,1,11.99,0.00
5045464,1018589,12,1,18.99,0.00
5045465,1018589,26,1,2.49,0.00
5045466,1018590,17,1,12.49,0.00
5045467,1018590,30,1,3.29,0.00
5045468,1018590,21,1,3.99,0.00
5045469,1018590,25,-1,6.49,0.00
5045470,1018591,6,1,12.99,0.00
5045471,1018591,29,1,3.49,0.00
5045472,1018592,17,1,12.49,0.00
5045473,1018592,26,1,2.49,0.00
5045474,1018592,16,1,10.49,0.00
5045475,1018592,20,1,4.49,0.00
5045476,1018592,12,1,18.99,5.00
5045477,1018593,17,1,12.49,0.00
5045478,1018593,4,1,14.99,5.00
5045479,1018593,32,1,4.99,0.00
5045480,1018594,12,1,18.99,5.00
5045481,1018594,21,1,3.99,0.00
5045482,1018595,17,1,12.49,0.00
5045483,1018595,27,2,2.49,0.00
5045484,1018596,9,1,13.99,0.00
5045485,1018597,17,1,12.49,2.50
5045486,1018597,12,1,18.99,0.00
5045487,1018598,7,1,11.99,0.00
5045488,1018598,23,1,3.99,0.00
5045489,1018598,26,1,2.49,0.00
5045490,1018599,12,1,18.99,0.00
5045491,1018600,17,1,12.49,0.00
5045492,1018600,28,1,3.49,0.00
5045493,1018601,11,1,13.49,0.00
5045494,1018602,12,1,18.99,0.00
5045495,1018602,31,1,3.49,0.00
5045496,1018602,32,1,4.99,0.00
5045497,1018602,26,1,2.49,0.00
5045498,1018603,5,1,13.49,0.00
5045499,1018603,25,1,6.49,0.00
5045500,1018603,28,1,3.49,0.00
5045501,1018604,1,1,11.49,0.00
5045502,1018604,11,2,13.49,0.00
5045503,1018605,17,1,12.49,0.00
5045504,1018605,23,2,3.99,0.00
5045505,1018605,18,1,5.49,0.00
5045506,1018606,13,1,9.99,0.00
5045507,1018607,12,1,18.99,5.00
5045508,1018608,12,2,18.99,5.00
5045509,1018608,20,1,4.49,0.00
5045510,1018608,18,1,5.49,0.00
5045511,1018609,8,1,12.49,0.00
5045512,1018609,27,1,2.49,0.00
5045513,1018610,17,1,12.49,0.00
5045514,1018610,32,1,4.99,0.00
5045515,1018611,6,1,12.99,0.00
5045516,1018611,34,1,4.49,0.00
5045517,1018612,8,1,12.49,0.00
5045518,1018612,19,1,3.99,0.00
5045519,1018612,20,1,4.49,0.00
5045520,1018612,26,1,2.49,0.00
5045521,1018613,12,1,18.99,5.00
5045522,1018614,17,2,12.49,5.00
5045523,1018615,9,2,13.99,0.00
5045524,1018615,27,2,2.49,0.00
5045525,1018615,18,1,5.49,0.00
5045526,1018616,5,1,13.49,0.00
5045527,1018617,12,1,18.99,5.00
5045528,1018618,12,1,18.99,5.00
5045529,1018618,28,1,3.49,0.00
5045530,1018619,1,1,11.49,0.00
5045531,1018620,17,1,12.49,2.50
5045532,1018621,11,2,13.49,0.00
5045533,1018621,29,1,3.49,0.00
5045534,1018622,4,1,14.99,0.00
5045535,1018622,20,1,4.49,0.00
5045536,1018623,5,1,13.49,0.00
5045537,1018623,22,2,4.49,0.00
5045538,1018624,5,1,13.49,0.00
5045539,1018625,2,1,11.99,0.00
5045540,1018625,21,1,3.99,0.00
5045541,1018625,25,1,6.49,0.00
5045542,1018626,4,2,14.99,5.00
5045543,1018626,20,1,4.49,0.00
5045544,1018626,30,1,3.29,0.00
5045545,1018627,17,1,12.49,0.00
5045546,1018627,35,1,2.99,0.00
5045547,1018627,24,1,3.49,0.00
5045548,1018628,17,1,12.49,0.00
5045549,1018629,6,-1,12.99,0.00
5045550,1018629,35,1,2.99,0.00
5045551,1018630,17,2,12.49,0.00
5045552,1018631,4,1,14.99,5.00
5045553,1018631,22,2,4.49,0.00
5045554,1018632,14,1,10.49,0.00
5045555,1018632,34,1,4.49,0.00
5045556,1018632,24,1,3.49,0.00
5045557,1018633,17,1,12.49,0.00
5045558,1018633,21,1,3.99,0.00
5045559,1018633,19,1,3.99,0.00
5045560,1018633,28,1,3.49,0.00
5045561,1018634,17,1,12.49,2.50
5045562,1018634,21,1,3.99,0.00
5045563,1018635,3,2,10.49,0.00
5045564,1018635,24,1,3.49,0.00
5045565,1018635,28,3,3.49,0.00
5045566,1018635,26,1,2.49,0.00
5045567,1018636,4,2,14.99,5.00
5045568,1018636,20,1,4.49,0.00
5045569,1018636,29,1,3.49,0.00
5045570,1018637,17,1,12.49,2.50
5045571,1018637,21,1,3.99,0.00
5045572,1018638,12,1,18.99,5.00
5045573,1018638,26,2,2.49,0.00
5045574,1018638,21,2,3.99,0.00
5045575,1018638,34,1,4.49,0.00
5045576,1018638,33,1,5.49,0.00
5045577,1018638,18,1,5.49,0.00
5045578,1018639,5,1,13.49,0.00
5045579,1018639,30,-1,3.29,0.00
5045580,1018639,18,3,5.49,0.00
5045581,1018639,24,1,3.49,0.00
5045582,1018640,12,1,18.99,5.00
5045583,1018640,23,1,3.99,0.00
5045584,1018641,1,1,11.49,0.00
5045585,1018641,27,1,2.49,0.00
5045586,1018641,4,3,14.99,5.00
5045587,1018642,12,1,18.99,5.00
5045588,1018642,18,3,5.49,0.00
5045589,1018643,5,1,13.49,0.00
5045590,1018643,29,1,3.49,0.00
5045591,1018643,20,1,4.49,0.00
5045592,1018643,22,2,4.49,0.00
5045593,1018644,12,1,18.99,5.00
5045594,1018644,28,1,3.49,0.00
5045595,1018645,2,1,11.99,0.00
5045596,1018645,26,1,2.49,0.00
5045597,1018645,25,1,6.49,0.00
5045598,1018646,17,1,12.49,0.00
5045599,1018647,4,1,14.99,0.00
5045600,1018647,20,2,4.49,0.00
5045601,1018647,35,1,2.99,0.00
5045602,1018648,14,3,10.49,0.00
5045603,1018648,18,1,5.49,0.00
5045604,1018648,21,1,3.99,0.00
5045605,1018648,17,1,12.49,2.50
5045606,1018648,25,2,6.49,0.00
5045607,1018648,2,1,11.99,0.00
5045608,1018649,9,1,13.99,0.00
5045609,1018649,26,1,2.49,0.00
5045610,1018650,13,1,9.99,0.00
5045611,1018650,20,1,4.49,0.00
5045612,1018651,4,1,14.99,0.00
5045613,1018651,21,1,3.99,0.00
5045614,1018652,7,1,11.99,0.00
5045615,1018652,20,1,4.49,0.00
5045616,1018652,24,2,3.49,0.00
5045617,1018653,16,1,10.49,0.00
5045618,1018653,3,1,10.49,0.00
5045619,1018654,12,1,18.99,0.00
5045620,1018654,1,1,11.49,0.00
5045621,1018654,17,1,12.49,0.00
5045622,1018654,32,1,4.99,0.00
5045623,1018654,23,2,3.99,0.00
5045624,1018655,10,1,10.99,0.00
5045625,1018655,25,2,6.49,0.00
5045626,1018656,1,1,11.49,0.00
5045627,1018656,27,1,2.49,0.00
5045628,1018657,2,1,11.99,0.00
5045629,1018658,11,1,13.49,0.00
5045630,1018658,27,1,2.49,0.00
5045631,1018658,22,1,4.49,0.00
5045632,1018658,26,1,2.49,0.00
5045633,1018659,4,1,14.99,5.00
5045634,1018659,27,2,2.49,0.00
5045635,1018659,21,1,3.99,0.00
5045636,1018659,17,1,12.49,0.00
5045637,1018660,7,1,11.99,0.00
5045638,1018660,26,1,2.49,0.00
5045639,1018660,34,1,4.49,0.00
5045640,1018661,7,1,11.99,0.00
5045641,1018661,18,1,5.49,0.00
5045642,1018661,30,2,3.29,0.00
5045643,1018662,4,1,14.99,5.00
5045644,1018662,18,1,5.49,0.00
5045645,1018663,7,1,11.99,0.00
5045646,1018663,32,1,4.99,0.00
5045647,1018664,17,1,12.49,0.00
5045648,1018665,2,1,11.99,0.00
5045649,1018665,30,1,3.29,0.00
5045650,1018666,17,1,12.49,0.00
5045651,1018667,14,1,10.49,0.00
5045652,1018667,19,1,3.99,0.00
5045653,1018667,29,2,3.49,0.00
5045654,1018667,27,1,2.49,0.00
5045655,1018668,17,1,12.49,0.00
5045656,1018669,17,1,12.49,2.50
5045657,1018669,20,1,4.49,0.00
5045658,1018670,8,1,12.49,0.00
5045659,1018670,23,1,3.99,0.00
5045660,1018670,34,1,4.49,0.00
5045661,1018671,12,1,18.99,5.00
5045662,1018671,27,1,2.49,0.00
5045663,1018672,5,1,13.49,0.00
5045664,1018672,29,1,3.49,0.00
5045665,1018672,23,2,3.99,0.00
5045666,1018672,18,3,5.49,0.00
5045667,1018672,28,1,3.49,0.00
5045668,1018673,5,1,13.49,0.00
5045669,1018673,25,1,6.49,0.00
5045670,1018674,12,1,18.99,5.00
5045671,1018674,19,1,3.99,0.00
5045672,1018674,17,1,12.49,0.00
5045673,1018674,35,1,2.99,0.00
5045674,1018675,11,1,13.49,0.00
5045675,1018675,29,1,3.49,0.00
5045676,1018675,30,1,3.29,0.00
5045677,1018676,17,1,12.49,2.50
5045678,1018676,26,1,2.49,0.00
5045679,1018677,11,1,13.49,0.00
5045680,1018677,27,1,2.49,0.00
5045681,1018678,5,1,13.49,0.00
5045682,1018678,19,1,3.99,0.00
5045683,1018678,24,1,3.49,0.00
5045684,1018678,26,1,2.49,0.00
5045685,1018679,17,1,12.49,0.00
5045686,1018679,29,1,3.49,0.00
5045687,1018679,22,1,4.49,0.00
5045688,1018679,32,3,4.99,0.00
5045689,1018680,4,2,14.99,0.00
5045690,1018680,30,1,3.29,0.00
5045691,1018681,15,1,10.99,0.00
5045692,1018681,29,1,3.49,0.00
5045693,1018681,25,1,6.49,0.00
5045694,1018682,6,1,12.99,0.00
5045695,1018683,12,1,18.99,5.00
5045696,1018683,23,1,3.99,0.00
5045697,1018684,9,1,13.99,0.00
5045698,1018684,5,1,13.49,0.00
5045699,1018685,7,1,11.99,0.00
5045700,1018685,26,1,2.49,0.00
5045701,1018685,18,1,5.49,0.00
5045702,1018685,25,1,6.49,0.00
5045703,1018685,16,1,10.49,0.00
5045704,1018686,2,1,11.99,0.00
5045705,1018687,17,2,12.49,0.00
5045706,1018687,25,3,6.49,0.00
5045707,1018687,9,1,13.99,0.00
5045708,1018688,4,1,14.99,0.00
5045709,1018689,17,1,12.49,2.50
5045710,1018689,28,1,3.49,0.00
5045711,1018689,18,1,5.49,0.00
5045712,1018690,6,1,12.99,0.00
5045713,1018690,26,1,2.49,0.00
5045714,1018690,29,1,3.49,0.00
5045715,1018691,12,1,18.99,5.00
5045716,1018691,34,2,4.49,0.00
5045717,1018691,25,1,6.49,0.00
5045718,1018692,4,1,14.99,0.00
5045719,1018692,19,2,3.99,0.00
5045720,1018692,27,1,2.49,0.00
5045721,1018693,10,1,10.99,0.00
5045722,1018693,25,2,6.49,0.00
5045723,1018693,31,3,3.49,0.00
5045724,1018693,18,1,5.49,0.00
5045725,1018693,24,1,3.49,0.00
5045726,1018694,15,1,10.99,0.00
5045727,1018695,8,2,12.49,0.00
5045728,1018696,6,1,12.99,0.00
5045729,1018696,26,1,2.49,0.00
5045730,1018697,17,1,12.49,2.50
5045731,1018697,24,1,3.49,0.00
5045732,1018697,26,1,2.49,0.00
5045733,1018698,17,1,12.49,0.00
5045734,1018698,26,1,2.49,0.00
5045735,1018698,27,1,2.49,0.00
5045736,1018698,22,1,4.49,0.00
5045737,1018699,3,1,10.49,0.00
5045738,1018700,12,1,18.99,0.00
5045739,1018700,28,3,3.49,0.00
5045740,1018700,21,2,3.99,0.00
5045741,1018700,27,2,2.49,0.00
5045742,1018701,7,1,11.99,0.00
5045743,1018702,5,1,13.49,0.00
5045744,1018702,28,1,3.49,0.00
5045745,1018702,25,1,6.49,0.00
5045746,1018703,17,2,12.49,5.00
5045747,1018703,28,1,3.49,0.00
5045748,1018703,18,1,5.49,0.00
5045749,1018704,16,1,10.49,0.00
5045750,1018704,7,1,11.99,0.00
5045751,1018705,3,1,10.49,0.00
5045752,1018706,2,1,11.99,0.00
5045753,1018706,32,1,4.99,0.00
5045754,1018706,15,1,10.99,0.00
5045755,1018706,28,1,3.49,0.00
5045756,1018706,4,1,14.99,0.00
5045757,1018707,10,1,10.99,0.00
5045758,1018707,28,1,3.49,0.00
5045759,1018707,26,1,2.49,0.00
5045760,1018707,22,1,4.49,0.00
5045761,1018708,7,1,11.99,0.00
5045762,1018709,5,1,13.49,0.00
5045763,1018709,10,1,10.99,0.00
5045764,1018709,20,1,4.49,0.00
5045765,1018710,3,1,10.49,0.00
5045766,1018710,28,1,3.49,0.00
5045767,1018711,5,3,13.49,0.00
5045768,1018711,18,3,5.49,0.00
5045769,1018711,29,1,3.49,0.00
5045770,1018712,9,1,13.99,0.00
5045771,1018712,20,3,4.49,0.00
5045772,1018712,26,2,2.49,0.00
5045773,1018712,14,3,10.49,0.00
5045774,1018713,11,1,13.49,0.00
5045775,1018714,4,1,14.99,0.00
5045776,1018714,26,1,2.49,0.00
5045777,1018714,21,1,3.99,0.00
5045778,1018715,1,1,11.49,0.00
5045779,1018715,34,1,4.49,0.00
5045780,1018715,26,1,2.49,0.00
5045781,1018715,31,1,3.49,0.00
5045782,1018716,17,2,12.49,0.00
5045783,1018716,28,2,3.49,0.00
5045784,1018716,31,1,3.49,0.00
5045785,1018717,14,1,10.49,0.00
5045786,1018717,22,1,4.49,0.00
5045787,1018718,14,1,10.49,0.00
5045788,1018719,14,1,10.49,0.00
5045789,1018719,30,2,3.29,0.00
5045790,1018719,27,1,2.49,0.00
5045791,1018720,6,1,12.99,0.00
5045792,1018720,30,1,3.29,0.00
5045793,1018721,17,3,12.49,7.49
5045794,1018721,27,1,2.49,0.00
5045795,1018721,10,1,10.99,0.00
5045796,1018721,30,1,3.29,0.00
5045797,1018721,32,1,4.99,0.00
5045798,1018722,17,1,12.49,2.50
5045799,1018723,12,1,18.99,0.00
5045800,1018724,2,1,11.99,0.00
5045801,1018724,1,2,11.49,0.00
5045802,1018725,17,1,12.49,0.00
5045803,1018725,18,3,5.49,0.00
5045804,1018726,11,1,13.49,0.00
5045805,1018726,23,2,3.99,0.00
5045806,1018727,4,2,14.99,0.00
5045807,1018727,26,1,2.49,0.00
5045808,1018727,24,1,3.49,0.00
5045809,1018728,4,1,14.99,0.00
5045810,1018728,27,1,2.49,0.00
5045811,1018728,21,2,3.99,0.00
5045812,1018728,26,2,2.49,0.00
5045813,1018729,9,1,13.99,0.00
5045814,1018729,26,1,2.49,0.00
5045815,1018730,4,1,14.99,0.00
5045816,1018730,1,1,11.49,0.00
5045817,1018730,20,1,4.49,0.00
5045818,1018730,34,2,4.49,0.00
5045819,1018731,11,1,13.49,0.00
5045820,1018732,17,1,12.49,0.00
5045821,1018732,20,1,4.49,0.00
5045822,1018732,27,1,2.49,0.00
5045823,1018732,1,1,11.49,0.00
5045824,1018733,2,1,11.99,0.00
5045825,1018733,19,2,3.99,0.00
5045826,1018733,26,1,2.49,0.00
5045827,1018733,30,1,3.29,0.00
5045828,1018734,3,1,10.49,0.00
5045829,1018734,30,1,3.29,0.00
5045830,1018734,25,1,6.49,0.00
5045831,1018734,26,1,2.49,0.00
5045832,1018734,16,1,10.49,0.00
5045833,1018735,17,1,12.49,2.50
5045834,1018735,25,2,6.49,0.00
5045835,1018735,18,1,5.49,0.00
5045836,1018735,23,1,3.99,0.00
5045837,1018735,14,1,10.49,0.00
5045838,1018736,6,1,12.99,0.00
5045839,1018736,27,2,2.49,0.00
5045840,1018737,17,2,12.49,5.00
5045841,1018738,2,1,11.99,0.00
5045842,1018738,19,1,3.99,0.00
5045843,1018738,21,1,3.99,0.00
5045844,1018738,30,1,3.29,0.00
5045845,1018739,15,1,10.99,0.00
5045846,1018739,30,1,3.29,0.00
5045847,1018740,17,1,12.49,2.50
5045848,1018740,14,1,10.49,0.00
5045849,1018740,32,1,4.99,0.00
5045850,1018741,1,1,11.49,0.00
5045851,1018741,27,1,2.49,0.00
5045852,1018742,2,1,11.99,0.00
5045853,1018742,29,1,3.49,0.00
5045854,1018742,7,1,11.99,0.00
5045855,1018742,27,1,2.49,0.00
5045856,1018743,6,1,12.99,0.00
5045857,1018743,17,1,12.49,0.00
5045858,1018744,13,1,9.99,0.00
5045859,1018744,27,1,2.49,0.00
5045860,1018745,14,2,10.49,0.00
5045861,1018745,29,2,3.49,0.00
5045862,1018746,2,1,11.99,0.00
5045863,1018747,1,1,11.49,0.00
5045864,1018747,27,4,2.49,0.00
5045865,1018747,12,-1,18.99,0.00
5045866,1018748,17,2,12.49,0.00
5045867,1018748,22,-1,4.49,0.00
5045868,1018748,28,1,3.49,0.00
5045869,1018748,29,1,3.49,0.00
5045870,1018749,17,-2,12.49,2.50
5045871,1018749,27,1,2.49,0.00
5045872,1018749,30,2,3.29,0.00
5045873,1018750,1,1,11.49,0.00
5045874,1018750,23,1,3.99,0.00
5045875,1018751,17,2,12.49,5.00
5045876,1018751,32,1,4.99,0.00
5045877,1018751,21,1,3.99,0.00
5045878,1018751,22,1,4.49,0.00
5045879,1018751,26,1,2.49,0.00
5045880,1018752,5,1,13.49,0.00
5045881,1018753,6,1,12.99,0.00
5045882,1018753,22,1,4.49,0.00
5045883,1018753,23,1,3.99,0.00
5045884,1018753,13,1,9.99,0.00
5045885,1018753,32,1,4.99,0.00
5045886,1018754,15,1,10.99,0.00
5045887,1018755,7,1,11.99,0.00
5045888,1018755,22,1,4.49,0.00
5045889,1018756,10,1,10.99,0.00
5045890,1018756,26,1,2.49,0.00
5045891,1018757,6,1,12.99,0.00
5045892,1018758,3,1,10.49,0.00
5045893,1018758,18,1,5.49,0.00
5045894,1018759,5,1,13.49,0.00
5045895,1018759,18,1,5.49,0.00
5045896,1018759,10,1,10.99,0.00
5045897,1018759,23,1,3.99,0.00
5045898,1018760,1,1,11.49,0.00
5045899,1018760,20,1,4.49,0.00
5045900,1018760,29,1,3.49,0.00
5045901,1018761,4,2,14.99,0.00
5045902,1018761,23,1,3.99,0.00
5045903,1018761,26,1,2.49,0.00
5045904,1018762,9,2,13.99,0.00
5045905,1018762,18,1,5.49,0.00
5045906,1018762,22,1,4.49,0.00
5045907,1018763,17,2,12.49,0.00
5045908,1018763,18,2,5.49,0.00
5045909,1018763,26,1,2.49,0.00
5045910,1018763,22,1,4.49,0.00
5045911,1018764,17,1,12.49,2.50
5045912,1018764,27,1,2.49,0.00
5045913,1018765,15,1,10.99,0.00
5045914,1018765,17,1,12.49,0.00
5045915,1018765,24,1,3.49,0.00
5045916,1018766,6,1,12.99,0.00
5045917,1018766,21,2,3.99,0.00
5045918,1018766,31,2,3.49,0.00
5045919,1018767,17,1,12.49,0.00
5045920,1018767,18,1,5.49,0.00
5045921,1018768,17,2,12.49,0.00
5045922,1018768,22,1,4.49,0.00
5045923,1018769,8,1,12.49,0.00
5045924,1018769,17,1,12.49,0.00
5045925,1018770,12,1,18.99,0.00
5045926,1018770,20,1,4.49,0.00
5045927,1018770,28,2,3.49,0.00
5045928,1018770,24,1,3.49,0.00
5045929,1018770,25,2,6.49,0.00
5045930,1018770,19,1,3.99,0.00
5045931,1018771,3,1,10.49,0.00
5045932,1018771,21,1,3.99,0.00
5045933,1018771,24,1,3.49,0.00
5045934,1018771,29,1,3.49,0.00
5045935,1018772,1,1,11.49,0.00
5045936,1018772,4,1,14.99,0.00
5045937,1018773,8,1,12.49,0.00
5045938,1018773,20,1,4.49,0.00
5045939,1018774,17,1,12.49,0.00
5045940,1018774,18,1,5.49,0.00
5045941,1018774,25,1,6.49,0.00
5045942,1018775,17,1,12.49,0.00
5045943,1018775,19,1,3.99,0.00
5045944,1018775,34,2,4.49,0.00
5045945,1018775,13,1,9.99,0.00
5045946,1018775,18,1,5.49,0.00
5045947,1018776,17,2,12.49,0.00
5045948,1018776,24,2,3.49,0.00
5045949,1018776,26,2,2.49,0.00
5045950,1018777,16,3,10.49,0.00
5045951,1018777,21,0,3.99,0.00
5045952,1018777,24,3,3.49,0.00
5045953,1018778,17,1,12.49,2.50
5045954,1018778,29,1,3.49,0.00
5045955,1018779,7,1,11.99,0.00
5045956,1018779,35,1,2.99,0.00
5045957,1018780,1,1,11.49,0.00
5045958,1018780,29,1,3.49,0.00
5045959,1018780,16,2,10.49,0.00
5045960,1018781,2,2,11.99,0.00
5045961,1018782,4,2,14.99,0.00
5045962,1018782,18,1,5.49,0.00
5045963,1018782,19,2,3.99,0.00
5045964,1018783,17,1,12.49,2.50
5045965,1018783,26,1,2.49,0.00
5045966,1018784,7,1,11.99,0.00
5045967,1018784,32,1,4.99,0.00
5045968,1018784,30,1,3.29,0.00
5045969,1018784,9,1,13.99,0.00
5045970,1018784,15,1,10.99,0.00
5045971,1018785,14,1,10.49,0.00
5045972,1018785,29,1,3.49,0.00
5045973,1018785,22,2,4.49,0.00
5045974,1018785,20,1,4.49,0.00
5045975,1018786,5,1,13.49,0.00
5045976,1018787,5,2,13.49,0.00
5045977,1018787,20,1,4.49,0.00
5045978,1018788,1,1,11.49,0.00
5045979,1018788,19,3,3.99,0.00
5045980,1018789,13,3,9.99,0.00
5045981,1018789,18,1,5.49,0.00
5045982,1018790,4,1,14.99,0.00
5045983,1018790,21,1,3.99,0.00
5045984,1018791,17,1,12.49,0.00
5045985,1018791,28,1,3.49,0.00
5045986,1018791,34,1,4.49,0.00
5045987,1018791,35,1,2.99,0.00
5045988,1018791,24,1,3.49,0.00
5045989,1018792,15,1,10.99,0.00
5045990,1018793,14,2,10.49,0.00
5045991,1018793,17,1,12.49,0.00
5045992,1018794,1,2,11.49,0.00
5045993,1018794,35,1,2.99,0.00
5045994,1018794,28,3,3.49,0.00
5045995,1018795,3,1,10.49,0.00
5045996,1018795,19,1,3.99,0.00
5045997,1018795,30,1,3.29,0.00
5045998,1018796,9,1,13.99,0.00
5045999,1018796,27,2,2.49,0.00
5046000,1018797,17,1,12.49,0.00
5046001,1018798,4,1,14.99,0.00
5046002,1018798,31,1,3.49,0.00
5046003,1018798,2,1,11.99,0.00
5046004,1018799,6,2,12.99,0.00
5046005,1018799,18,1,5.49,0.00
5046006,1018799,13,1,9.99,0.00
5046007,1018799,24,1,3.49,0.00
5046008,1018799,19,1,3.99,0.00
5046009,1018799,32,1,4.99,0.00
5046010,1018800,10,1,10.99,0.00
5046011,1018800,24,1,3.49,0.00
5046012,1018800,31,1,3.49,0.00
5046013,1018801,1,1,11.49,0.00
5046014,1018801,26,2,2.49,0.00
5046015,1018801,24,2,3.49,0.00
5046016,1018802,3,1,10.49,0.00
5046017,1018802,21,1,3.99,0.00
5046018,1018803,17,1,12.49,0.00
5046019,1018803,34,1,4.49,0.00
5046020,1018803,22,1,4.49,0.00
5046021,1018803,31,1,3.49,0.00
5046022,1018803,30,2,3.29,0.00
5046023,1018804,17,1,12.49,2.50
5046024,1018805,5,1,13.49,0.00
5046025,1018805,26,3,2.49,0.00
5046026,1018806,4,1,14.99,0.00
5046027,1018806,30,1,3.29,0.00
5046028,1018806,10,1,10.99,0.00
5046029,1018807,17,3,12.49,0.00
5046030,1018807,20,3,4.49,0.00
5046031,1018807,12,1,18.99,0.00
5046032,1018808,1,1,11.49,0.00
5046033,1018808,19,1,3.99,0.00
5046034,1018809,1,2,11.49,0.00
5046035,1018810,16,1,10.49,0.00
5046036,1018811,16,1,10.49,0.00
5046037,1018811,28,1,3.49,0.00
5046038,1018811,27,3,2.49,0.00
5046039,1018812,17,1,12.49,0.00
5046040,1018813,14,3,10.49,0.00
5046041,1018813,33,1,5.49,0.00
5046042,1018813,30,1,3.29,0.00
5046043,1018814,17,1,12.49,0.00
5046044,1018814,27,1,2.49,0.00
5046045,1018815,17,2,12.49,0.00
5046046,1018815,22,-1,4.49,0.00
5046047,1018816,17,1,12.49,0.00
5046048,1018816,27,1,2.49,0.00
5046049,1018817,17,1,12.49,0.00
5046050,1018817,18,1,5.49,0.00
5046051,1018817,27,2,2.49,0.00
5046052,1018817,25,1,6.49,0.00
5046053,1018818,4,1,14.99,0.00
5046054,1018818,32,1,4.99,0.00
5046055,1018818,30,1,3.29,0.00
5046056,1018818,29,1,3.49,0.00
5046057,1018819,5,1,13.49,0.00
5046058,1018819,27,1,2.49,0.00
5046059,1018819,22,1,4.49,0.00
5046060,1018820,9,1,13.99,0.00
5046061,1018820,34,1,4.49,0.00
5046062,1018821,7,1,11.99,0.00
5046063,1018821,13,1,9.99,0.00
5046064,1018822,17,3,12.49,0.00
5046065,1018822,27,1,2.49,0.00
5046066,1018823,17,1,12.49,0.00
5046067,1018823,21,1,3.99,0.00
5046068,1018823,27,1,2.49,0.00
5046069,1018823,19,2,3.99,0.00
5046070,1018824,3,1,10.49,0.00
5046071,1018824,20,2,4.49,0.00
5046072,1018825,17,1,12.49,0.00
5046073,1018825,26,1,2.49,0.00
5046074,1018825,32,1,4.99,0.00
5046075,1018826,16,1,10.49,0.00
5046076,1018826,28,1,3.49,0.00
5046077,1018826,26,1,2.49,0.00
5046078,1018827,17,2,12.49,0.00
5046079,1018828,16,1,10.49,0.00
5046080,1018828,21,1,3.99,0.00
5046081,1018829,6,1,12.99,0.00
5046082,1018829,27,1,2.49,0.00
5046083,1018829,22,1,4.49,0.00
5046084,1018830,1,1,11.49,0.00
5046085,1018830,26,1,2.49,0.00
5046086,1018830,32,1,4.99,0.00
5046087,1018831,9,1,13.99,0.00
5046088,1018831,22,1,4.49,0.00
5046089,1018831,18,3,5.49,0.00
5046090,1018832,17,1,12.49,0.00
5046091,1018832,14,1,10.49,0.00
5046092,1018832,22,2,4.49,0.00
5046093,1018832,18,1,5.49,0.00
5046094,1018833,9,2,13.99,0.00
5046095,1018833,22,1,4.49,0.00
5046096,1018834,17,3,12.49,0.00
5046097,1018834,23,1,3.99,0.00
5046098,1018834,28,1,3.49,0.00
5046099,1018834,25,2,6.49,0.00
5046100,1018835,16,1,10.49,0.00
5046101,1018835,20,1,4.49,0.00
5046102,1018835,29,1,3.49,0.00
5046103,1018836,17,2,12.49,0.00
5046104,1018837,6,1,12.99,0.00
5046105,1018838,12,-2,18.99,0.00
5046106,1018838,19,1,3.99,0.00
5046107,1018838,23,2,3.99,0.00
5046108,1018839,9,1,13.99,0.00
5046109,1018840,9,1,13.99,0.00
5046110,1018840,18,1,5.49,0.00
5046111,1018840,4,1,14.99,0.00
5046112,1018840,21,1,3.99,0.00
5046113,1018841,17,1,12.49,0.00
5046114,1018841,27,1,2.49,0.00
5046115,1018841,35,1,2.99,0.00
5046116,1018841,30,2,3.29,0.00
5046117,1018841,33,1,5.49,0.00
5046118,1018841,20,1,4.49,0.00
5046119,1018842,8,1,12.49,0.00
5046120,1018842,22,1,4.49,0.00
5046121,1018842,17,2,12.49,0.00
5046122,1018842,19,1,3.99,0.00
5046123,1018843,7,1,11.99,0.00
5046124,1018843,31,1,3.49,0.00
5046125,1018844,8,1,12.49,0.00
5046126,1018844,26,1,2.49,0.00
5046127,1018844,35,1,2.99,0.00
5046128,1018844,20,1,4.49,0.00
5046129,1018845,8,1,12.49,0.00
5046130,1018845,27,1,2.49,0.00
5046131,1018846,1,1,11.49,0.00
5046132,1018846,29,2,3.49,0.00
5046133,1018846,20,1,4.49,0.00
5046134,1018847,8,1,12.49,0.00
5046135,1018848,17,1,12.49,0.00
5046136,1018848,26,1,2.49,0.00
5046137,1018849,5,1,13.49,0.00
5046138,1018849,33,1,5.49,0.00
5046139,1018849,27,1,2.49,0.00
5046140,1018850,17,1,12.49,2.50
5046141,1018850,26,1,2.49,0.00
5046142,1018851,15,1,10.99,0.00
5046143,1018852,9,2,13.99,0.00
5046144,1018852,21,1,3.99,0.00
5046145,1018853,9,1,13.99,0.00
5046146,1018853,25,2,6.49,0.00
5046147,1018853,6,1,12.99,0.00
5046148,1018853,27,1,2.49,0.00
5046149,1018854,11,1,13.49,0.00
5046150,1018855,6,1,12.99,0.00
5046151,1018855,31,1,3.49,0.00
5046152,1018855,21,1,3.99,0.00
5046153,1018856,17,1,12.49,0.00
5046154,1018856,29,1,3.49,0.00
5046155,1018857,2,1,11.99,0.00
5046156,1018857,13,1,9.99,0.00
5046157,1018858,6,1,12.99,0.00
5046158,1018858,26,1,2.49,0.00
5046159,1018858,20,1,4.49,0.00
5046160,1018859,1,1,11.49,0.00
5046161,1018859,35,1,2.99,0.00
5046162,1018860,16,1,10.49,0.00
5046163,1018861,15,1,10.99,0.00
5046164,1018861,11,1,13.49,0.00
5046165,1018861,27,2,2.49,0.00
5046166,1018861,34,1,4.49,0.00
5046167,1018862,6,1,12.99,0.00
5046168,1018862,21,1,3.99,0.00
5046169,1018863,1,1,11.49,0.00
5046170,1018863,24,2,3.49,0.00
5046171,1018864,5,1,13.49,0.00
5046172,1018864,3,2,10.49,0.00
5046173,1018865,10,1,10.99,0.00
5046174,1018865,28,2,3.49,0.00
5046175,1018865,15,1,10.99,0.00
5046176,1018866,2,1,11.99,0.00
5046177,1018867,8,1,12.49,0.00
5046178,1018868,13,1,9.99,0.00
5046179,1018868,25,1,6.49,0.00
5046180,1018869,5,2,13.49,0.00
5046181,1018869,27,1,2.49,0.00
5046182,1018870,17,1,12.49,0.00
5046183,1018871,17,1,12.49,0.00
5046184,1018871,26,1,2.49,0.00
5046185,1018871,27,1,2.49,0.00
5046186,1018872,8,1,12.49,0.00
5046187,1018872,12,2,18.99,0.00
5046188,1018873,4,1,14.99,0.00
5046189,1018873,33,1,5.49,0.00
5046190,1018874,4,1,14.99,0.00
5046191,1018874,33,1,5.49,0.00
5046192,1018874,35,1,2.99,0.00
5046193,1018874,30,1,3.29,0.00
5046194,1018874,18,1,5.49,0.00
5046195,1018875,7,1,11.99,0.00
5046196,1018876,17,2,12.49,0.00
5046197,1018876,26,1,2.49,0.00
5046198,1018877,7,1,11.99,0.00
5046199,1018877,18,1,5.49,0.00
5046200,1018877,29,1,3.49,0.00
5046201,1018877,33,1,5.49,0.00
5046202,1018878,5,1,13.49,0.00
5046203,1018879,2,1,11.99,0.00
5046204,1018879,4,1,14.99,0.00
5046205,1018880,7,1,11.99,0.00
5046206,1018880,29,1,3.49,0.00
5046207,1018880,21,1,3.99,0.00
5046208,1018880,24,2,3.49,0.00
5046209,1018880,35,1,2.99,0.00
5046210,1018881,6,2,12.99,0.00
5046211,1018882,3,1,10.49,0.00
5046212,1018882,31,1,3.49,0.00
5046213,1018882,23,2,3.99,0.00
5046214,1018882,18,1,5.49,0.00
5046215,1018882,28,2,3.49,0.00
5046216,1018882,30,1,3.29,0.00
5046217,1018883,13,2,9.99,0.00
5046218,1018884,17,3,12.49,0.00
5046219,1018884,26,1,2.49,0.00
5046220,1018885,2,1,11.99,0.00
5046221,1018885,19,1,3.99,0.00
5046222,1018886,3,1,10.49,0.00
5046223,1018887,12,1,18.99,0.00
5046224,1018887,35,1,2.99,0.00
5046225,1018888,17,1,12.49,0.00
5046226,1018888,24,1,3.49,0.00
5046227,1018888,27,4,2.49,0.00
5046228,1018889,15,1,10.99,0.00
5046229,1018889,8,1,12.49,0.00
5046230,1018890,2,1,11.99,0.00
5046231,1018890,20,1,4.49,0.00
5046232,1018891,4,2,14.99,0.00
5046233,1018891,23,1,3.99,0.00
5046234,1018891,21,1,3.99,0.00
5046235,1018891,26,2,2.49,0.00
5046236,1018892,9,1,13.99,0.00
5046237,1018892,26,1,2.49,0.00
5046238,1018893,14,1,10.49,0.00
5046239,1018893,26,1,2.49,0.00
5046240,1018893,34,1,4.49,0.00
5046241,1018893,31,1,3.49,0.00
5046242,1018894,9,1,13.99,0.00
5046243,1018894,33,1,5.49,0.00
5046244,1018894,32,1,4.99,0.00
5046245,1018895,4,3,14.99,0.00
5046246,1018895,26,1,2.49,0.00
5046247,1018895,30,1,3.29,0.00
5046248,1018896,15,2,10.99,0.00
5046249,1018896,18,1,5.49,0.00
5046250,1018896,34,1,4.49,0.00
5046251,1018896,20,1,4.49,0.00
5046252,1018896,19,1,3.99,0.00
5046253,1018897,4,1,14.99,0.00
5046254,1018897,20,1,4.49,0.00
5046255,1018898,15,1,10.99,0.00
5046256,1018898,32,1,4.99,0.00
5046257,1018898,27,1,2.49,0.00
5046258,1018898,26,1,2.49,0.00
5046259,1018899,11,1,13.49,0.00
5046260,1018899,18,1,5.49,0.00
5046261,1018899,33,1,5.49,0.00
5046262,1018900,17,1,12.49,0.00
5046263,1018901,17,1,12.49,0.00
5046264,1018901,31,2,3.49,0.00
5046265,1018902,6,1,12.99,0.00
5046266,1018903,11,1,13.49,0.00
5046267,1018904,3,1,10.49,0.00
5046268,1018904,26,1,2.49,0.00
5046269,1018904,15,2,10.99,0.00
5046270,1018904,4,3,14.99,0.00
5046271,1018905,4,1,14.99,0.00
5046272,1018905,28,1,3.49,0.00
5046273,1018906,3,1,10.49,0.00
5046274,1018906,4,1,14.99,0.00
5046275,1018906,22,1,4.49,0.00
5046276,1018906,20,1,4.49,0.00
5046277,1018907,17,1,12.49,0.00
5046278,1018907,18,1,5.49,0.00
5046279,1018907,32,1,4.99,0.00
5046280,1018907,22,1,4.49,0.00
5046281,1018907,27,2,2.49,0.00
5046282,1018907,20,1,4.49,0.00
5046283,1018908,1,1,11.49,0.00
5046284,1018908,27,1,2.49,0.00
5046285,1018908,23,1,3.99,0.00
5046286,1018908,31,1,3.49,0.00
5046287,1018909,6,1,12.99,0.00
5046288,1018910,16,1,10.49,0.00
5046289,1018911,6,1,12.99,0.00
5046290,1018912,3,1,10.49,0.00
5046291,1018912,35,1,2.99,0.00
5046292,1018912,18,3,5.49,0.00
5046293,1018913,10,1,10.99,0.00
5046294,1018914,1,1,11.49,0.00
5046295,1018914,21,1,3.99,0.00
5046296,1018915,11,1,13.49,0.00
5046297,1018915,34,1,4.49,0.00
5046298,1018916,17,1,12.49,0.00
5046299,1018917,16,1,10.49,0.00
5046300,1018917,27,1,2.49,0.00
5046301,1018918,16,1,10.49,0.00
5046302,1018919,13,-1,9.99,0.00
5046303,1018920,10,1,10.99,0.00
5046304,1018920,18,1,5.49,0.00
5046305,1018921,14,3,10.49,0.00
5046306,1018921,28,1,3.49,0.00
5046307,1018921,27,1,2.49,0.00
5046308,1018921,23,1,3.99,0.00
5046309,1018921,26,1,2.49,0.00
5046310,1018922,3,1,10.49,0.00
5046311,1018923,1,2,11.49,0.00
5046312,1018924,17,1,12.49,0.00
5046313,1018924,27,1,2.49,0.00
5046314,1018924,13,1,9.99,0.00
5046315,1018924,22,1,4.49,0.00
5046316,1018925,8,1,12.49,0.00
5046317,1018926,9,1,13.99,0.00
5046318,1018926,27,1,2.49,0.00
5046319,1018926,34,1,4.49,0.00
5046320,1018926,25,1,6.49,0.00
5046321,1018927,6,1,12.99,0.00
5046322,1018927,30,1,3.29,0.00
5046323,1018927,23,2,3.99,0.00
5046324,1018927,29,1,3.49,0.00
5046325,1018927,19,2,3.99,0.00
5046326,1018928,7,1,11.99,0.00
5046327,1018928,18,1,5.49,0.00
5046328,1018928,20,1,4.49,0.00
5046329,1018929,17,1,12.49,0.00
5046330,1018929,29,1,3.49,0.00
5046331,1018929,22,1,4.49,0.00
5046332,1018929,6,2,12.99,0.00
5046333,1018930,10,1,10.99,0.00
5046334,1018930,22,1,4.49,0.00
5046335,1018930,23,1,3.99,0.00
5046336,1018931,14,1,10.49,0.00
5046337,1018931,22,1,4.49,0.00
5046338,1018932,17,2,12.49,5.00
5046339,1018932,27,1,2.49,0.00
5046340,1018932,21,1,3.99,0.00
5046341,1018933,6,1,12.99,0.00
5046342,1018933,20,1,4.49,0.00
5046343,1018933,30,3,3.29,0.00
5046344,1018933,32,2,4.99,0.00
5046345,1018934,17,1,12.49,0.00
5046346,1018934,21,1,3.99,0.00
5046347,1018935,2,1,11.99,0.00
5046348,1018936,2,1,11.99,0.00
5046349,1018936,6,1,12.99,0.00
5046350,1018937,5,1,13.49,0.00
5046351,1018937,22,1,4.49,0.00
5046352,1018937,21,1,3.99,0.00
5046353,1018938,8,2,12.49,0.00
5046354,1018938,26,2,2.49,0.00
5046355,1018939,9,1,13.99,0.00
5046356,1018939,32,1,4.99,0.00
5046357,1018939,27,1,2.49,0.00
5046358,1018940,3,1,10.49,0.00
5046359,1018940,25,1,6.49,0.00
5046360,1018941,8,1,12.49,0.00
5046361,1018941,19,1,3.99,0.00
5046362,1018942,2,1,11.99,0.00
5046363,1018942,33,4,5.49,0.00
5046364,1018942,27,2,2.49,0.00
5046365,1018943,16,1,10.49,0.00
5046366,1018943,17,1,12.49,0.00
5046367,1018944,10,1,10.99,0.00
5046368,1018944,19,1,3.99,0.00
5046369,1018944,26,1,2.49,0.00
5046370,1018945,13,1,9.99,0.00
5046371,1018945,26,1,2.49,0.00
5046372,1018946,17,1,12.49,2.50
5046373,1018947,17,1,12.49,0.00
5046374,1018947,27,1,2.49,0.00
5046375,1018948,15,1,10.99,0.00
5046376,1018948,23,1,3.99,0.00
5046377,1018949,4,1,14.99,0.00
5046378,1018949,18,1,5.49,0.00
5046379,1018949,27,1,2.49,0.00
5046380,1018949,20,1,4.49,0.00
5046381,1018950,9,1,13.99,0.00
5046382,1018950,21,1,3.99,0.00
5046383,1018951,3,1,10.49,0.00
5046384,1018952,11,1,13.49,0.00
5046385,1018952,8,1,12.49,0.00
5046386,1018953,1,1,11.49,0.00
5046387,1018953,4,1,14.99,0.00
5046388,1018954,17,1,12.49,0.00
5046389,1018954,27,1,2.49,0.00
5046390,1018954,23,1,3.99,0.00
5046391,1018955,2,2,11.99,0.00
5046392,1018955,26,1,2.49,0.00
5046393,1018956,9,3,13.99,0.00
5046394,1018956,3,1,10.49,0.00
5046395,1018957,5,1,13.49,0.00
5046396,1018957,13,1,9.99,0.00
5046397,1018958,17,1,12.49,2.50
5046398,1018958,27,1,2.49,0.00
5046399,1018959,5,2,13.49,0.00
5046400,1018959,28,1,3.49,0.00
5046401,1018960,17,1,12.49,0.00
5046402,1018960,23,1,3.99,0.00
5046403,1018960,35,1,2.99,0.00
5046404,1018961,12,1,18.99,0.00
5046405,1018961,9,1,13.99,0.00
5046406,1018962,7,1,11.99,0.00
5046407,1018962,19,1,3.99,0.00
5046408,1018962,30,1,3.29,0.00
5046409,1018962,27,1,2.49,0.00
5046410,1018962,35,1,2.99,0.00
5046411,1018962,18,2,5.49,0.00
5046412,1018963,13,1,9.99,0.00
5046413,1018963,27,1,2.49,0.00
5046414,1018963,23,1,3.99,0.00
5046415,1018963,21,1,3.99,0.00
5046416,1018964,8,1,12.49,0.00
5046417,1018964,29,2,3.49,0.00
5046418,1018964,26,1,2.49,0.00
5046419,1018965,6,1,12.99,0.00
5046420,1018965,18,1,5.49,0.00
5046421,1018966,2,1,11.99,0.00
5046422,1018967,3,1,10.49,0.00
5046423,1018967,25,1,6.49,0.00
5046424,1018968,17,1,12.49,0.00
5046425,1018969,8,2,12.49,0.00
5046426,1018969,29,1,3.49,0.00
5046427,1018970,17,1,12.49,0.00
5046428,1018971,6,2,12.99,0.00
5046429,1018971,21,1,3.99,0.00
5046430,1018971,19,1,3.99,0.00
5046431,1018972,3,1,10.49,0.00
5046432,1018972,30,1,3.29,0.00
5046433,1018972,25,1,6.49,0.00
5046434,1018973,4,1,14.99,0.00
5046435,1018973,28,1,3.49,0.00
5046436,1018974,16,1,10.49,0.00
5046437,1018975,11,1,13.49,0.00
5046438,1018975,13,1,9.99,0.00
5046439,1018975,33,1,5.49,0.00
5046440,1018976,1,1,11.49,0.00
5046441,1018976,24,1,3.49,0.00
5046442,1018977,8,1,12.49,0.00
5046443,1018977,23,1,3.99,0.00
5046444,1018978,17,2,12.49,0.00
5046445,1018978,30,1,3.29,0.00
5046446,1018978,25,1,6.49,0.00
5046447,1018978,32,1,4.99,0.00
5046448,1018978,23,1,3.99,0.00
5046449,1018979,17,1,12.49,0.00
5046450,1018979,25,1,6.49,0.00
5046451,1018980,11,1,13.49,0.00
5046452,1018980,27,1,2.49,0.00
5046453,1018980,1,1,11.49,0.00
5046454,1018981,17,1,12.49,0.00
5046455,1018981,24,1,3.49,0.00
5046456,1018981,27,1,2.49,0.00
5046457,1018981,26,2,2.49,0.00
5046458,1018982,3,1,10.49,0.00
5046459,1018982,21,1,3.99,0.00
5046460,1018983,17,1,12.49,0.00
5046461,1018983,27,1,2.49,0.00
5046462,1018984,4,1,14.99,0.00
5046463,1018984,31,2,3.49,0.00
5046464,1018984,26,2,2.49,0.00
5046465,1018985,2,1,11.99,0.00
5046466,1018985,25,3,6.49,0.00
5046467,1018986,17,1,12.49,0.00
5046468,1018987,17,2,12.49,0.00
5046469,1018987,30,2,3.29,0.00
5046470,1018988,1,2,11.49,0.00
5046471,1018988,32,1,4.99,0.00
5046472,1018988,28,1,3.49,0.00
5046473,1018989,1,1,11.49,0.00
5046474,1018989,19,1,3.99,0.00
5046475,1018990,7,1,11.99,0.00
5046476,1018990,33,1,5.49,0.00
5046477,1018990,19,1,3.99,0.00
5046478,1018991,11,1,13.49,0.00
5046479,1018991,33,1,5.49,0.00
5046480,1018991,34,1,4.49,0.00
5046481,1018991,25,1,6.49,0.00
5046482,1018991,2,1,11.99,0.00
5046483,1018992,17,1,12.49,2.50
5046484,1018992,23,1,3.99,0.00
5046485,1018993,2,1,11.99,0.00
5046486,1018993,3,1,10.49,0.00
5046487,1018994,7,2,11.99,0.00
5046488,1018994,18,1,5.49,0.00
5046489,1018995,4,3,14.99,0.00
5046490,1018995,6,1,12.99,0.00
5046491,1018995,19,1,3.99,0.00
5046492,1018995,28,3,3.49,0.00
5046493,1018995,24,1,3.49,0.00
5046494,1018996,17,1,12.49,2.50
5046495,1018996,29,1,3.49,0.00
5046496,1018997,6,3,12.99,0.00
5046497,1018997,22,1,4.49,0.00
5046498,1018997,27,3,2.49,0.00
5046499,1018998,6,1,12.99,0.00
5046500,1018999,3,1,10.49,0.00
5046501,1018999,25,1,6.49,0.00
5046502,1018999,26,2,2.49,0.00
5046503,1019000,17,1,12.49,2.50
5046504,1019000,18,2,5.49,0.00
5046505,1019000,19,1,3.99,0.00
5046506,1019001,17,1,12.49,2.50
5046507,1019001,23,1,3.99,0.00
5046508,1019002,14,1,10.49,0.00
5046509,1019003,2,1,11.99,0.00
5046510,1019003,21,1,3.99,0.00
5046511,1019004,3,1,10.49,0.00
5046512,1019004,30,1,3.29,0.00
5046513,1019005,7,1,11.99,0.00
5046514,1019005,26,2,2.49,0.00
5046515,1019005,27,1,2.49,0.00
5046516,1019005,21,1,3.99,0.00
5046517,1019006,16,1,10.49,0.00
5046518,1019006,33,1,5.49,0.00
5046519,1019007,4,1,14.99,0.00
5046520,1019007,29,2,3.49,0.00
5046521,1019008,17,1,12.49,0.00
5046522,1019008,27,1,2.49,0.00
5046523,1019009,16,1,10.49,0.00
5046524,1019009,26,3,2.49,0.00
5046525,1019009,29,1,3.49,0.00
5046526,1019010,17,1,12.49,2.50
5046527,1019010,18,3,5.49,0.00
5046528,1019010,21,1,3.99,0.00
5046529,1019011,6,1,12.99,0.00
5046530,1019012,17,1,12.49,0.00
5046531,1019012,24,1,3.49,0.00
5046532,1019013,17,1,12.49,2.50
5046533,1019014,17,1,12.49,0.00
5046534,1019014,28,2,3.49,0.00
5046535,1019015,5,1,13.49,0.00
5046536,1019016,17,1,12.49,2.50
5046537,1019016,23,1,3.99,0.00
5046538,1019017,2,1,11.99,0.00
5046539,1019017,26,1,2.49,0.00
5046540,1019017,17,1,12.49,0.00
5046541,1019018,3,2,10.49,0.00
5046542,1019018,27,1,2.49,0.00
5046543,1019019,17,1,12.49,0.00
5046544,1019019,26,1,2.49,0.00
5046545,1019019,27,2,2.49,0.00
5046546,1019019,9,3,13.99,0.00
5046547,1019020,17,1,12.49,0.00
5046548,1019020,27,2,2.49,0.00
5046549,1019020,26,1,2.49,0.00
5046550,1019021,5,1,13.49,0.00
5046551,1019021,28,1,3.49,0.00
5046552,1019021,21,1,3.99,0.00
5046553,1019022,8,2,12.49,0.00
5046554,1019022,29,1,3.49,0.00
5046555,1019022,31,1,3.49,0.00
5046556,1019023,2,1,11.99,0.00
5046557,1019023,23,1,3.99,0.00
5046558,1019023,28,1,3.49,0.00
5046559,1019024,10,1,10.99,0.00
5046560,1019024,30,1,3.29,0.00
5046561,1019025,12,1,18.99,0.00
5046562,1019025,18,2,5.49,0.00
5046563,1019025,27,3,2.49,0.00
5046564,1019025,15,1,10.99,0.00
5046565,1019026,2,3,11.99,0.00
5046566,1019026,31,1,3.49,0.00
5046567,1019027,7,1,11.99,0.00
5046568,1019027,19,1,3.99,0.00
5046569,1019027,27,1,2.49,0.00
5046570,1019028,3,1,10.49,0.00
5046571,1019029,15,1,10.99,0.00
5046572,1019029,21,1,3.99,0.00
5046573,1019029,35,1,2.99,0.00
5046574,1019030,17,1,12.49,0.00
5046575,1019030,21,1,3.99,0.00
5046576,1019031,1,2,11.49,0.00
5046577,1019031,26,1,2.49,0.00
5046578,1019031,19,1,3.99,0.00
5046579,1019031,31,1,3.49,0.00
5046580,1019032,7,1,11.99,0.00
5046581,1019032,33,1,5.49,0.00
5046582,1019032,20,1,4.49,0.00
5046583,1019033,4,1,14.99,0.00
5046584,1019033,18,1,5.49,0.00
5046585,1019034,6,1,12.99,0.00
5046586,1019034,20,0,4.49,0.00
5046587,1019035,17,1,12.49,0.00
5046588,1019036,1,1,11.49,0.00
5046589,1019036,19,1,3.99,0.00
5046590,1019037,3,1,10.49,0.00
5046591,1019038,16,1,10.49,0.00
5046592,1019038,18,1,5.49,0.00
5046593,1019038,25,2,6.49,0.00
5046594,1019038,35,3,2.99,0.00
5046595,1019038,29,1,3.49,0.00
5046596,1019039,2,1,11.99,0.00
5046597,1019039,26,2,2.49,0.00
5046598,1019040,6,1,12.99,0.00
5046599,1019040,22,1,4.49,0.00
5046600,1019041,3,1,10.49,0.00
5046601,1019041,32,1,4.99,0.00
5046602,1019041,20,1,4.49,0.00
5046603,1019041,6,1,12.99,0.00
5046604,1019041,25,3,6.49,0.00
5046605,1019041,24,1,3.49,0.00
5046606,1019042,5,1,13.49,0.00
5046607,1019042,8,1,12.49,0.00
5046608,1019043,3,2,10.49,0.00
5046609,1019043,27,1,2.49,0.00
5046610,1019043,28,3,3.49,0.00
5046611,1019044,17,1,12.49,0.00
5046612,1019044,20,1,4.49,0.00
5046613,1019045,17,1,12.49,0.00
5046614,1019046,17,1,12.49,2.50
5046615,1019046,22,1,4.49,0.00
5046616,1019047,1,1,11.49,0.00
5046617,1019047,22,1,4.49,0.00
5046618,1019047,21,1,3.99,0.00
5046619,1019048,2,1,11.99,0.00
5046620,1019048,20,1,4.49,0.00
5046621,1019049,10,1,10.99,0.00
5046622,1019049,21,1,3.99,0.00
5046623,1019049,29,1,3.49,0.00
5046624,1019050,17,1,12.49,0.00
5046625,1019051,11,1,13.49,0.00
5046626,1019051,30,1,3.29,0.00
5046627,1019051,29,1,3.49,0.00
5046628,1019052,17,1,12.49,0.00
5046629,1019052,30,1,3.29,0.00
5046630,1019053,11,1,13.49,0.00
5046631,1019053,27,1,2.49,0.00
5046632,1019053,26,2,2.49,0.00
5046633,1019054,9,1,13.99,0.00
5046634,1019054,30,1,3.29,0.00
5046635,1019055,14,1,10.49,0.00
5046636,1019055,23,1,3.99,0.00
5046637,1019056,4,1,14.99,0.00
5046638,1019056,22,1,4.49,0.00
5046639,1019057,3,2,10.49,0.00
5046640,1019058,17,1,12.49,0.00
5046641,1019058,30,1,3.29,0.00
5046642,1019058,14,1,10.49,0.00
5046643,1019058,24,1,3.49,0.00
5046644,1019059,14,1,10.49,0.00
5046645,1019059,25,1,6.49,0.00
5046646,1019059,19,1,3.99,0.00
5046647,1019059,30,1,3.29,0.00
5046648,1019059,18,1,5.49,0.00
5046649,1019060,17,2,12.49,5.00
5046650,1019060,18,1,5.49,0.00
5046651,1019060,22,1,4.49,0.00
5046652,1019060,21,1,3.99,0.00
5046653,1019061,10,1,10.99,0.00
5046654,1019061,34,1,4.49,0.00
5046655,1019061,22,1,4.49,0.00
5046656,1019061,30,1,3.29,0.00
5046657,1019062,14,1,10.49,0.00
5046658,1019062,19,1,3.99,0.00
5046659,1019062,32,1,4.99,0.00
5046660,1019063,4,1,14.99,0.00
5046661,1019063,27,1,2.49,0.00
5046662,1019063,24,1,3.49,0.00
5046663,1019063,21,1,3.99,0.00
5046664,1019063,23,1,3.99,0.00
5046665,1019064,7,1,11.99,0.00
5046666,1019065,8,1,12.49,0.00
5046667,1019066,5,3,13.49,0.00
5046668,1019067,3,1,10.49,0.00
5046669,1019067,34,1,4.49,0.00
5046670,1019068,8,1,12.49,0.00
5046671,1019068,21,2,3.99,0.00
5046672,1019068,22,2,4.49,0.00
5046673,1019069,17,1,12.49,0.00
5046674,1019069,26,1,2.49,0.00
5046675,1019069,24,1,3.49,0.00
5046676,1019069,32,1,4.99,0.00
5046677,1019069,31,2,3.49,0.00
5046678,1019070,17,2,12.49,0.00
5046679,1019070,18,1,5.49,0.00
5046680,1019070,26,1,2.49,0.00
5046681,1019070,31,2,3.49,0.00
5046682,1019071,9,1,13.99,0.00
5046683,1019071,19,1,3.99,0.00
5046684,1019071,2,1,11.99,0.00
5046685,1019072,17,1,12.49,2.50
5046686,1019072,25,1,6.49,0.00
5046687,1019073,16,1,10.49,0.00
5046688,1019073,18,2,5.49,0.00
5046689,1019073,22,1,4.49,0.00
5046690,1019074,11,1,13.49,0.00
5046691,1019074,19,3,3.99,0.00
5046692,1019074,29,1,3.49,0.00
5046693,1019075,6,1,12.99,0.00
5046694,1019075,29,1,3.49,0.00
5046695,1019076,2,1,11.99,0.00
5046696,1019077,17,1,12.49,0.00
5046697,1019078,17,1,12.49,0.00
5046698,1019078,30,1,3.29,0.00
5046699,1019078,19,1,3.99,0.00
5046700,1019079,1,1,11.49,0.00
5046701,1019080,2,1,11.99,0.00
5046702,1019080,18,1,5.49,0.00
5046703,1019080,21,1,3.99,0.00
5046704,1019081,12,0,18.99,0.00
5046705,1019081,23,2,3.99,0.00
5046706,1019081,31,1,3.49,0.00
5046707,1019082,17,1,12.49,2.50
5046708,1019083,17,1,12.49,0.00
5046709,1019083,27,1,2.49,0.00
5046710,1019083,23,1,3.99,0.00
5046711,1019084,17,1,12.49,2.50
5046712,1019084,25,2,6.49,0.00
5046713,1019084,23,1,3.99,0.00
5046714,1019085,8,2,12.49,0.00
5046715,1019085,22,1,4.49,0.00
5046716,1019085,29,2,3.49,0.00
5046717,1019085,32,1,4.99,0.00
5046718,1019086,17,1,12.49,0.00
5046719,1019086,28,1,3.49,0.00
5046720,1019087,3,2,10.49,0.00
5046721,1019087,32,1,4.99,0.00
5046722,1019088,11,1,13.49,0.00
5046723,1019088,18,1,5.49,0.00
5046724,1019089,11,1,13.49,0.00
5046725,1019089,26,1,2.49,0.00
5046726,1019090,2,1,11.99,0.00
5046727,1019090,22,1,4.49,0.00
5046728,1019091,4,1,14.99,0.00
5046729,1019092,14,1,10.49,0.00
5046730,1019093,12,1,18.99,0.00
5046731,1019093,30,1,3.29,0.00
5046732,1019093,35,2,2.99,0.00
5046733,1019094,3,1,10.49,0.00
5046734,1019095,8,1,12.49,0.00
5046735,1019095,18,3,5.49,0.00
5046736,1019095,23,1,3.99,0.00
5046737,1019095,32,1,4.99,0.00
5046738,1019096,4,1,14.99,0.00
5046739,1019096,35,2,2.99,0.00
5046740,1019096,20,1,4.49,0.00
5046741,1019097,2,1,11.99,0.00
5046742,1019097,19,1,3.99,0.00
5046743,1019098,17,2,12.49,0.00
5046744,1019099,17,-1,12.49,0.00
5046745,1019099,12,1,18.99,0.00
5046746,1019099,18,1,5.49,0.00
5046747,1019100,4,1,14.99,0.00
5046748,1019100,34,1,4.49,0.00
5046749,1019101,17,2,12.49,0.00
5046750,1019101,23,1,3.99,0.00
5046751,1019101,27,1,2.49,0.00
5046752,1019102,17,1,12.49,0.00
5046753,1019102,22,1,4.49,0.00
5046754,1019102,27,1,2.49,0.00
5046755,1019103,14,2,10.49,0.00
5046756,1019103,22,2,4.49,0.00
5046757,1019104,9,1,13.99,0.00
5046758,1019104,20,1,4.49,0.00
5046759,1019105,17,1,12.49,0.00
5046760,1019105,22,3,4.49,0.00
5046761,1019105,20,1,4.49,0.00
5046762,1019106,4,1,14.99,0.00
5046763,1019106,24,2,3.49,0.00
5046764,1019107,3,3,10.49,0.00
5046765,1019107,28,2,3.49,0.00
5046766,1019107,30,1,3.29,0.00
5046767,1019108,8,3,12.49,0.00
5046768,1019109,4,1,14.99,0.00
5046769,1019110,17,1,12.49,2.50
5046770,1019110,26,0,2.49,0.00
5046771,1019111,9,1,13.99,0.00
5046772,1019111,31,1,3.49,0.00
5046773,1019111,18,1,5.49,0.00
5046774,1019112,10,1,10.99,0.00
5046775,1019113,9,1,13.99,0.00
5046776,1019113,22,1,4.49,0.00
5046777,1019113,32,1,4.99,0.00
5046778,1019113,23,1,3.99,0.00
5046779,1019114,17,1,12.49,0.00
5046780,1019114,33,1,5.49,0.00
5046781,1019114,26,1,2.49,0.00
5046782,1019114,28,3,3.49,0.00
5046783,1019114,18,1,5.49,0.00
5046784,1019115,6,1,12.99,0.00
5046785,1019115,21,1,3.99,0.00
5046786,1019115,22,1,4.49,0.00
5046787,1019115,28,1,3.49,0.00
5046788,1019116,13,1,9.99,0.00
5046789,1019116,21,1,3.99,0.00
5046790,1019116,22,1,4.49,0.00
5046791,1019116,29,3,3.49,0.00
5046792,1019116,28,1,3.49,0.00
5046793,1019117,17,1,12.49,0.00
5046794,1019117,29,1,3.49,0.00
5046795,1019117,19,1,3.99,0.00
5046796,1019118,17,1,12.49,0.00
5046797,1019119,5,1,13.49,0.00
5046798,1019119,18,3,5.49,0.00
5046799,1019119,27,1,2.49,0.00
5046800,1019120,1,1,11.49,0.00
5046801,1019121,8,1,12.49,0.00
5046802,1019121,32,1,4.99,0.00
5046803,1019121,27,2,2.49,0.00
5046804,1019122,7,1,11.99,0.00
5046805,1019122,25,1,6.49,0.00
5046806,1019122,34,1,4.49,0.00
5046807,1019122,22,1,4.49,0.00
5046808,1019122,26,1,2.49,0.00
5046809,1019123,17,1,12.49,0.00
5046810,1019124,2,1,11.99,0.00
5046811,1019124,18,1,5.49,0.00
5046812,1019125,13,1,9.99,0.00
5046813,1019126,17,1,12.49,0.00
5046814,1019126,18,1,5.49,0.00
5046815,1019126,26,1,2.49,0.00
5046816,1019126,4,1,14.99,0.00
5046817,1019126,20,1,4.49,0.00
5046818,1019126,9,1,13.99,0.00
5046819,1019127,17,2,12.49,0.00
5046820,1019128,3,1,10.49,0.00
5046821,1019128,11,2,13.49,0.00
5046822,1019129,9,1,13.99,0.00
5046823,1019129,29,1,3.49,0.00
5046824,1019129,5,3,13.49,0.00
5046825,1019130,6,1,12.99,0.00
5046826,1019131,6,1,12.99,0.00
5046827,1019131,26,1,2.49,0.00
5046828,1019131,27,2,2.49,0.00
5046829,1019132,3,1,10.49,0.00
5046830,1019132,25,1,6.49,0.00
5046831,1019132,28,1,3.49,0.00
5046832,1019132,33,1,5.49,0.00
5046833,1019133,11,1,13.49,0.00
5046834,1019133,23,2,3.99,0.00
5046835,1019133,21,2,3.99,0.00
5046836,1019134,7,1,11.99,0.00
5046837,1019134,32,1,4.99,0.00
5046838,1019134,22,1,4.49,0.00
5046839,1019135,11,1,13.49,0.00
5046840,1019135,28,1,3.49,0.00
5046841,1019136,5,1,13.49,0.00
5046842,1019137,17,1,12.49,0.00
5046843,1019137,32,1,4.99,0.00
5046844,1019138,11,1,13.49,0.00
5046845,1019139,12,2,18.99,0.00
5046846,1019140,3,1,10.49,0.00
5046847,1019140,33,2,5.49,0.00
5046848,1019140,2,1,11.99,0.00
5046849,1019141,17,2,12.49,0.00
5046850,1019142,1,1,11.49,0.00
5046851,1019142,26,1,2.49,0.00
5046852,1019143,17,2,12.49,5.00
5046853,1019143,19,1,3.99,0.00
5046854,1019143,4,1,14.99,0.00
5046855,1019143,27,1,2.49,0.00
5046856,1019143,20,1,4.49,0.00
5046857,1019143,18,1,5.49,0.00
5046858,1019144,5,2,13.49,0.00
5046859,1019144,22,1,4.49,0.00
5046860,1019145,7,3,11.99,0.00
5046861,1019145,14,1,10.49,0.00
5046862,1019145,22,1,4.49,0.00
5046863,1019145,33,1,5.49,0.00
5046864,1019146,17,2,12.49,5.00
5046865,1019146,7,2,11.99,0.00
5046866,1019147,11,1,13.49,0.00
5046867,1019147,26,1,2.49,0.00
5046868,1019148,9,1,13.99,0.00
5046869,1019148,20,1,4.49,0.00
5046870,1019149,17,1,12.49,2.50
5046871,1019149,23,1,3.99,0.00
5046872,1019149,34,1,4.49,0.00
5046873,1019150,1,1,11.49,0.00
5046874,1019150,30,1,3.29,0.00
5046875,1019151,11,1,13.49,0.00
5046876,1019151,35,1,2.99,0.00
5046877,1019151,26,1,2.49,0.00
5046878,1019151,18,1,5.49,0.00
5046879,1019152,13,1,9.99,0.00
5046880,1019152,28,3,3.49,0.00
5046881,1019152,18,1,5.49,0.00
5046882,1019152,21,1,3.99,0.00
5046883,1019152,20,1,4.49,0.00
5046884,1019152,23,1,3.99,0.00
5046885,1019153,17,2,12.49,0.00
5046886,1019154,6,1,12.99,0.00
5046887,1019154,20,1,4.49,0.00
5046888,1019155,17,1,12.49,0.00
5046889,1019155,18,1,5.49,0.00
5046890,1019156,3,1,10.49,0.00
5046891,1019157,5,3,13.49,0.00
5046892,1019157,26,3,2.49,0.00
5046893,1019157,27,1,2.49,0.00
5046894,1019158,17,2,12.49,0.00
5046895,1019158,32,1,4.99,0.00
5046896,1019158,35,1,2.99,0.00
5046897,1019159,13,1,9.99,0.00
5046898,1019159,33,1,5.49,0.00
5046899,1019159,27,1,2.49,0.00
5046900,1019159,18,1,5.49,0.00
5046901,1019160,7,1,11.99,0.00
5046902,1019160,22,2,4.49,0.00
5046903,1019161,10,1,10.99,0.00
5046904,1019162,3,1,10.49,0.00
5046905,1019162,21,1,3.99,0.00
5046906,1019163,17,2,12.49,0.00
5046907,1019163,23,2,3.99,0.00
5046908,1019163,7,1,11.99,0.00
5046909,1019164,12,1,18.99,0.00
5046910,1019164,27,1,2.49,0.00
5046911,1019165,7,1,11.99,0.00
5046912,1019165,27,1,2.49,0.00
5046913,1019165,18,1,5.49,0.00
5046914,1019166,17,1,12.49,2.50
5046915,1019167,2,3,11.99,0.00
5046916,1019167,30,1,3.29,0.00
5046917,1019168,4,1,14.99,0.00
5046918,1019168,25,1,6.49,0.00
5046919,1019169,5,3,13.49,0.00
5046920,1019169,24,1,3.49,0.00
5046921,1019170,10,1,10.99,0.00
5046922,1019170,17,1,12.49,0.00
5046923,1019170,20,1,4.49,0.00
5046924,1019170,26,2,2.49,0.00
5046925,1019171,1,1,11.49,0.00
5046926,1019171,18,1,5.49,0.00
5046927,1019171,22,2,4.49,0.00
5046928,1019172,16,1,10.49,0.00
5046929,1019172,24,3,3.49,0.00
5046930,1019172,35,1,2.99,0.00
5046931,1019172,33,1,5.49,0.00
5046932,1019173,2,1,11.99,0.00
5046933,1019173,25,2,6.49,0.00
5046934,1019173,24,1,3.49,0.00
5046935,1019173,20,1,4.49,0.00
5046936,1019174,8,3,12.49,0.00
5046937,1019175,5,2,13.49,0.00
5046938,1019175,31,1,3.49,0.00
5046939,1019176,9,1,13.99,0.00
5046940,1019176,35,1,2.99,0.00
5046941,1019176,20,1,4.49,0.00
5046942,1019177,11,1,13.49,0.00
5046943,1019178,17,1,12.49,2.50
5046944,1019178,29,1,3.49,0.00
5046945,1019179,7,1,11.99,0.00
5046946,1019179,21,1,3.99,0.00
5046947,1019179,17,1,12.49,0.00
5046948,1019179,26,1,2.49,0.00
5046949,1019180,5,1,13.49,0.00
5046950,1019180,29,1,3.49,0.00
5046951,1019180,27,1,2.49,0.00
5046952,1019181,14,1,10.49,0.00
5046953,1019181,27,1,2.49,0.00
5046954,1019182,17,1,12.49,0.00
5046955,1019183,2,1,11.99,0.00
5046956,1019184,3,1,10.49,0.00
5046957,1019184,23,1,3.99,0.00
5046958,1019184,20,1,4.49,0.00
5046959,1019185,15,1,10.99,0.00
5046960,1019185,21,1,3.99,0.00
5046961,1019185,31,1,3.49,0.00
5046962,1019185,11,1,13.49,0.00
5046963,1019186,3,1,10.49,0.00
5046964,1019187,8,1,12.49,0.00
5046965,1019188,14,1,10.49,0.00
5046966,1019188,18,1,5.49,0.00
5046967,1019188,19,1,3.99,0.00
5046968,1019188,26,1,2.49,0.00
5046969,1019189,7,1,11.99,0.00
5046970,1019189,9,1,13.99,0.00
5046971,1019190,13,1,9.99,0.00
5046972,1019190,27,1,2.49,0.00
5046973,1019191,2,2,11.99,0.00
5046974,1019191,24,1,3.49,0.00
5046975,1019192,7,1,11.99,0.00
5046976,1019193,4,1,14.99,0.00
5046977,1019193,26,1,2.49,0.00
5046978,1019193,28,1,3.49,0.00
5046979,1019194,4,1,14.99,0.00
5046980,1019194,26,2,2.49,0.00
5046981,1019194,32,1,4.99,0.00
5046982,1019195,17,1,12.49,0.00
5046983,1019195,20,1,4.49,0.00
5046984,1019196,7,1,11.99,0.00
5046985,1019196,30,1,3.29,0.00
5046986,1019196,21,1,3.99,0.00
5046987,1019196,19,3,3.99,0.00
5046988,1019197,17,1,12.49,0.00
5046989,1019197,19,1,3.99,0.00
5046990,1019198,11,1,13.49,0.00
5046991,1019199,6,1,12.99,0.00
5046992,1019199,24,1,3.49,0.00
5046993,1019199,19,2,3.99,0.00
5046994,1019200,17,1,12.49,0.00
5046995,1019200,26,1,2.49,0.00
5046996,1019200,25,1,6.49,0.00
5046997,1019201,17,1,12.49,0.00
5046998,1019202,17,1,12.49,2.50
5046999,1019202,27,1,2.49,0.00
5047000,1019203,8,3,12.49,0.00
5047001,1019203,18,2,5.49,0.00
5047002,1019203,20,3,4.49,0.00
5047003,1019204,17,1,12.49,0.00
5047004,1019204,26,1,2.49,0.00
5047005,1019204,18,1,5.49,0.00
5047006,1019205,15,1,10.99,0.00
5047007,1019205,29,3,3.49,0.00
5047008,1019205,16,2,10.49,0.00
5047009,1019206,6,1,12.99,0.00
5047010,1019206,26,1,2.49,0.00
5047011,1019206,21,1,3.99,0.00
5047012,1019206,34,1,4.49,0.00
5047013,1019206,17,1,12.49,0.00
5047014,1019207,7,1,11.99,0.00
5047015,1019207,10,1,10.99,0.00
5047016,1019208,15,1,10.99,0.00
5047017,1019208,4,1,14.99,0.00
5047018,1019209,1,1,11.49,0.00
5047019,1019209,30,1,3.29,0.00
5047020,1019210,17,1,12.49,0.00
5047021,1019210,35,1,2.99,0.00
5047022,1019211,17,1,12.49,0.00
5047023,1019211,28,3,3.49,0.00
5047024,1019211,25,3,6.49,0.00
5047025,1019211,3,1,10.49,0.00
5047026,1019212,3,1,10.49,0.00
5047027,1019213,7,1,11.99,0.00
5047028,1019213,22,1,4.49,0.00
5047029,1019213,13,1,9.99,0.00
5047030,1019214,13,1,9.99,0.00
5047031,1019214,28,1,3.49,0.00
5047032,1019215,10,2,10.99,0.00
5047033,1019215,26,2,2.49,0.00
5047034,1019216,6,1,12.99,0.00
5047035,1019216,22,1,4.49,0.00
5047036,1019217,15,1,10.99,0.00
5047037,1019218,9,1,13.99,0.00
5047038,1019218,30,0,3.29,0.00
5047039,1019218,27,1,2.49,0.00
5047040,1019218,23,1,3.99,0.00
5047041,1019219,8,1,12.49,0.00
5047042,1019219,32,1,4.99,0.00
5047043,1019219,22,1,4.49,0.00
5047044,1019220,17,1,12.49,0.00
5047045,1019221,11,2,13.49,0.00
5047046,1019221,23,3,3.99,0.00
5047047,1019221,19,1,3.99,0.00
5047048,1019221,31,1,3.49,0.00
5047049,1019222,2,2,11.99,0.00
5047050,1019222,25,1,6.49,0.00
5047051,1019223,4,1,14.99,0.00
5047052,1019224,15,1,10.99,0.00
5047053,1019224,27,1,2.49,0.00
5047054,1019225,9,1,13.99,0.00
5047055,1019225,27,1,2.49,0.00
5047056,1019225,32,1,4.99,0.00
5047057,1019226,15,1,10.99,0.00
5047058,1019227,10,1,10.99,0.00
5047059,1019227,24,1,3.49,0.00
5047060,1019227,23,1,3.99,0.00
5047061,1019227,18,1,5.49,0.00
5047062,1019227,27,1,2.49,0.00
5047063,1019227,29,1,3.49,0.00
5047064,1019228,17,1,12.49,0.00
5047065,1019229,17,1,12.49,0.00
5047066,1019230,6,2,12.99,0.00
5047067,1019231,1,1,11.49,0.00
5047068,1019231,32,1,4.99,0.00
5047069,1019232,11,1,13.49,0.00
5047070,1019233,16,1,10.49,0.00
5047071,1019233,26,1,2.49,0.00
5047072,1019234,2,1,11.99,0.00
5047073,1019235,17,1,12.49,0.00
5047074,1019235,18,3,5.49,0.00
5047075,1019235,10,1,10.99,0.00
5047076,1019236,7,1,11.99,0.00
5047077,1019236,12,1,18.99,0.00
5047078,1019236,22,1,4.49,0.00
5047079,1019236,25,1,6.49,0.00
5047080,1019237,1,1,11.49,0.00
5047081,1019237,33,1,5.49,0.00
5047082,1019238,6,3,12.99,0.00
5047083,1019238,19,1,3.99,0.00
5047084,1019238,24,1,3.49,0.00
5047085,1019239,3,1,10.49,0.00
5047086,1019240,9,1,13.99,0.00
5047087,1019240,26,1,2.49,0.00
5047088,1019240,2,1,11.99,0.00
5047089,1019241,17,3,12.49,0.00
5047090,1019241,24,2,3.49,0.00
5047091,1019241,22,1,4.49,0.00
5047092,1019241,20,1,4.49,0.00
5047093,1019241,19,1,3.99,0.00
5047094,1019242,6,3,12.99,0.00
5047095,1019242,23,1,3.99,0.00
5047096,1019243,7,1,11.99,0.00
5047097,1019243,30,1,3.29,0.00
5047098,1019243,18,1,5.49,0.00
5047099,1019244,6,1,12.99,0.00
5047100,1019244,28,1,3.49,0.00
5047101,1019245,17,1,12.49,0.00
5047102,1019245,9,1,13.99,0.00
5047103,1019245,24,1,3.49,0.00
5047104,1019245,27,2,2.49,0.00
5047105,1019246,7,1,11.99,0.00
5047106,1019246,32,1,4.99,0.00
5047107,1019246,33,1,5.49,0.00
5047108,1019247,7,1,11.99,0.00
5047109,1019247,23,1,3.99,0.00
5047110,1019248,8,1,12.49,0.00
5047111,1019249,12,1,18.99,0.00
5047112,1019249,30,1,3.29,0.00
5047113,1019250,17,2,12.49,5.00
5047114,1019250,19,1,3.99,0.00
5047115,1019250,32,1,4.99,0.00
5047116,1019251,7,1,11.99,0.00
5047117,1019251,30,1,3.29,0.00
5047118,1019252,15,1,10.99,0.00
5047119,1019253,17,2,12.49,0.00
5047120,1019253,30,2,3.29,0.00
5047121,1019254,1,2,11.49,0.00
5047122,1019254,18,1,5.49,0.00
5047123,1019254,5,1,13.49,0.00
5047124,1019255,10,1,10.99,0.00
5047125,1019256,13,1,9.99,0.00
5047126,1019257,10,1,10.99,0.00
5047127,1019257,18,1,5.49,0.00
5047128,1019258,9,1,13.99,0.00
5047129,1019258,23,1,3.99,0.00
5047130,1019258,26,1,2.49,0.00
5047131,1019258,19,1,3.99,0.00
5047132,1019258,33,1,5.49,0.00
5047133,1019259,5,1,13.49,0.00
5047134,1019259,26,1,2.49,0.00
5047135,1019259,19,1,3.99,0.00
5047136,1019259,23,1,3.99,0.00
5047137,1019259,30,1,3.29,0.00
5047138,1019260,17,1,12.49,2.50
5047139,1019260,25,1,6.49,0.00
5047140,1019260,21,1,3.99,0.00
5047141,1019261,8,1,12.49,0.00
5047142,1019261,27,2,2.49,0.00
5047143,1019262,9,1,13.99,0.00
5047144,1019263,17,1,12.49,0.00
5047145,1019263,26,1,2.49,0.00
5047146,1019264,17,1,12.49,0.00
5047147,1019264,29,1,3.49,0.00
5047148,1019265,7,1,11.99,0.00
5047149,1019265,31,1,3.49,0.00
5047150,1019265,23,1,3.99,0.00
5047151,1019266,17,1,12.49,0.00
5047152,1019266,25,1,6.49,0.00
5047153,1019266,21,1,3.99,0.00
5047154,1019267,7,1,11.99,0.00
5047155,1019267,28,1,3.49,0.00
5047156,1019268,17,1,12.49,0.00
5047157,1019268,26,1,2.49,0.00
5047158,1019269,4,1,14.99,0.00
5047159,1019269,22,1,4.49,0.00
5047160,1019269,21,1,3.99,0.00
5047161,1019270,2,1,11.99,0.00
5047162,1019270,23,1,3.99,0.00
5047163,1019270,33,1,5.49,0.00
5047164,1019271,5,2,13.49,0.00
5047165,1019271,27,1,2.49,0.00
5047166,1019272,17,1,12.49,0.00
5047167,1019272,15,1,10.99,0.00
5047168,1019272,23,2,3.99,0.00
5047169,1019272,29,1,3.49,0.00
5047170,1019272,28,1,3.49,0.00
5047171,1019273,4,1,14.99,0.00
5047172,1019273,34,1,4.49,0.00
5047173,1019274,17,1,12.49,0.00
5047174,1019275,9,1,13.99,0.00
5047175,1019275,21,2,3.99,0.00
5047176,1019275,26,1,2.49,0.00
5047177,1019275,20,1,4.49,0.00
5047178,1019276,7,1,11.99,0.00
5047179,1019276,21,1,3.99,0.00
5047180,1019276,18,1,5.49,0.00
5047181,1019276,23,1,3.99,0.00
5047182,1019277,6,1,12.99,0.00
5047183,1019278,14,2,10.49,0.00
5047184,1019279,10,1,10.99,0.00
5047185,1019279,17,2,12.49,0.00
5047186,1019280,2,1,11.99,0.00
5047187,1019280,28,1,3.49,0.00
5047188,1019280,30,1,3.29,0.00
5047189,1019280,21,1,3.99,0.00
5047190,1019281,1,1,11.49,0.00
5047191,1019282,3,1,10.49,0.00
5047192,1019282,21,1,3.99,0.00
5047193,1019283,7,1,11.99,0.00
5047194,1019284,2,1,11.99,0.00
5047195,1019284,28,1,3.49,0.00
5047196,1019285,2,1,11.99,0.00
5047197,1019285,20,1,4.49,0.00
5047198,1019286,17,1,12.49,0.00
5047199,1019287,4,1,14.99,0.00
5047200,1019288,2,1,11.99,0.00
5047201,1019289,10,1,10.99,0.00
5047202,1019290,17,1,12.49,0.00
5047203,1019290,26,1,2.49,0.00
5047204,1019291,12,1,18.99,0.00
5047205,1019291,30,1,3.29,0.00
5047206,1019291,34,1,4.49,0.00
5047207,1019292,8,1,12.49,0.00
5047208,1019293,10,1,10.99,0.00
5047209,1019293,29,1,3.49,0.00
5047210,1019293,27,1,2.49,0.00
5047211,1019294,17,1,12.49,2.50
5047212,1019295,2,1,11.99,0.00
5047213,1019295,29,1,3.49,0.00
5047214,1019295,27,1,2.49,0.00
5047215,1019296,10,2,10.99,0.00
5047216,1019296,31,3,3.49,0.00
5047217,1019297,17,1,12.49,0.00
5047218,1019297,35,1,2.99,0.00
5047219,1019297,26,1,2.49,0.00
5047220,1019298,12,1,18.99,0.00
5047221,1019298,31,1,3.49,0.00
5047222,1019298,30,1,3.29,0.00
5047223,1019299,1,1,11.49,0.00
5047224,1019299,27,1,2.49,0.00
5047225,1019299,19,1,3.99,0.00
5047226,1019299,18,1,5.49,0.00
5047227,1019299,20,1,4.49,0.00
5047228,1019300,11,1,13.49,0.00
5047229,1019300,18,1,5.49,0.00
5047230,1019300,27,1,2.49,0.00
5047231,1019300,26,2,2.49,0.00
5047232,1019301,2,1,11.99,0.00
5047233,1019302,12,1,18.99,0.00
5047234,1019303,8,1,12.49,0.00
5047235,1019303,18,1,5.49,0.00
5047236,1019303,28,1,3.49,0.00
5047237,1019304,17,1,12.49,0.00
5047238,1019305,4,1,14.99,0.00
5047239,1019305,26,0,2.49,0.00
5047240,1019306,17,1,12.49,2.50
5047241,1019307,9,1,13.99,0.00
5047242,1019307,19,3,3.99,0.00
5047243,1019307,23,1,3.99,0.00
5047244,1019307,30,1,3.29,0.00
5047245,1019308,17,1,12.49,0.00
5047246,1019308,31,1,3.49,0.00
5047247,1019308,34,1,4.49,0.00
5047248,1019309,6,1,12.99,0.00
5047249,1019309,27,1,2.49,0.00
5047250,1019310,5,1,13.49,0.00
5047251,1019311,15,1,10.99,0.00
5047252,1019312,3,1,10.49,0.00
5047253,1019312,24,1,3.49,0.00
5047254,1019312,18,1,5.49,0.00
5047255,1019312,26,1,2.49,0.00
5047256,1019313,2,1,11.99,0.00
5047257,1019314,17,1,12.49,0.00
5047258,1019315,7,1,11.99,0.00
5047259,1019315,25,2,6.49,0.00
5047260,1019316,4,1,14.99,0.00
5047261,1019316,26,1,2.49,0.00
5047262,1019316,28,1,3.49,0.00
5047263,1019317,7,1,11.99,0.00
5047264,1019317,34,1,4.49,0.00
5047265,1019318,1,1,11.49,0.00
5047266,1019318,2,1,11.99,0.00
5047267,1019319,2,1,11.99,0.00
5047268,1019320,17,1,12.49,2.50
5047269,1019320,18,1,5.49,0.00
5047270,1019321,8,2,12.49,0.00
5047271,1019321,25,3,6.49,0.00
5047272,1019321,19,1,3.99,0.00
5047273,1019322,6,1,12.99,0.00
5047274,1019323,6,3,12.99,0.00
5047275,1019323,26,1,2.49,0.00
5047276,1019324,1,1,11.49,0.00
5047277,1019325,3,1,10.49,0.00
5047278,1019326,2,1,11.99,0.00
5047279,1019326,29,2,3.49,0.00
5047280,1019327,9,1,13.99,0.00
5047281,1019327,27,2,2.49,0.00
5047282,1019327,20,3,4.49,0.00
5047283,1019328,16,1,10.49,0.00
5047284,1019328,23,1,3.99,0.00
5047285,1019328,32,1,4.99,0.00
5047286,1019328,25,1,6.49,0.00
5047287,1019328,26,1,2.49,0.00
5047288,1019329,15,1,10.99,0.00
5047289,1019330,9,1,13.99,0.00
5047290,1019330,26,1,2.49,0.00
5047291,1019330,20,2,4.49,0.00
5047292,1019330,23,3,3.99,0.00
5047293,1019331,17,1,12.49,2.50
5047294,1019331,27,1,2.49,0.00
5047295,1019332,6,1,12.99,0.00
5047296,1019332,33,1,5.49,0.00
5047297,1019333,17,1,12.49,2.50
5047298,1019333,22,2,4.49,0.00
5047299,1019334,16,1,10.49,0.00
5047300,1019334,21,2,3.99,0.00
5047301,1019334,18,1,5.49,0.00
5047302,1019335,15,1,10.99,0.00
5047303,1019335,26,1,2.49,0.00
5047304,1019335,18,4,5.49,0.00
5047305,1019335,27,1,2.49,0.00
5047306,1019336,5,1,13.49,0.00
5047307,1019336,11,1,13.49,0.00
5047308,1019336,32,1,4.99,0.00
5047309,1019336,28,1,3.49,0.00
5047310,1019337,8,2,12.49,0.00
5047311,1019337,35,1,2.99,0.00
5047312,1019337,11,2,13.49,0.00
5047313,1019338,15,1,10.99,0.00
5047314,1019338,31,1,3.49,0.00
5047315,1019339,2,1,11.99,0.00
5047316,1019339,22,1,4.49,0.00
5047317,1019340,1,1,11.49,0.00
5047318,1019340,4,1,14.99,0.00
5047319,1019340,17,1,12.49,0.00
5047320,1019341,1,1,11.49,0.00
5047321,1019341,26,3,2.49,0.00
5047322,1019342,11,1,13.49,0.00
5047323,1019342,26,1,2.49,0.00
5047324,1019343,17,1,12.49,0.00
5047325,1019344,1,1,11.49,0.00
5047326,1019344,17,1,12.49,0.00
5047327,1019344,21,1,3.99,0.00
5047328,1019345,17,1,12.49,0.00
5047329,1019345,27,1,2.49,0.00
5047330,1019346,4,1,14.99,0.00
5047331,1019347,1,1,11.49,0.00
5047332,1019347,21,1,3.99,0.00
5047333,1019348,4,1,14.99,0.00
5047334,1019348,28,3,3.49,0.00
5047335,1019349,17,1,12.49,0.00
5047336,1019350,17,1,12.49,2.50
5047337,1019350,18,1,5.49,0.00
5047338,1019351,3,2,10.49,0.00
5047339,1019352,15,1,10.99,0.00
5047340,1019352,30,1,3.29,0.00
5047341,1019352,24,2,3.49,0.00
5047342,1019352,10,2,10.99,0.00
5047343,1019353,17,1,12.49,0.00
5047344,1019354,9,1,13.99,0.00
5047345,1019354,27,4,2.49,0.00
5047346,1019354,22,2,4.49,0.00
5047347,1019355,6,1,12.99,0.00
5047348,1019355,22,1,4.49,0.00
5047349,1019356,3,1,10.49,0.00
5047350,1019357,2,1,11.99,0.00
5047351,1019357,25,1,6.49,0.00
5047352,1019358,15,1,10.99,0.00
5047353,1019359,10,1,10.99,0.00
5047354,1019359,26,1,2.49,0.00
5047355,1019359,29,1,3.49,0.00
5047356,1019359,33,1,5.49,0.00
5047357,1019360,17,1,12.49,0.00
5047358,1019360,33,1,5.49,0.00
5047359,1019360,28,2,3.49,0.00
5047360,1019361,4,1,14.99,0.00
5047361,1019362,17,1,12.49,2.50
5047362,1019362,21,1,3.99,0.00
5047363,1019363,2,1,11.99,0.00
5047364,1019363,23,1,3.99,0.00
5047365,1019363,29,1,3.49,0.00
5047366,1019364,1,2,11.49,0.00
5047367,1019365,17,1,12.49,0.00
5047368,1019365,28,1,3.49,0.00
5047369,1019366,5,1,13.49,0.00
5047370,1019367,1,1,11.49,0.00
5047371,1019367,32,1,4.99,0.00
5047372,1019367,16,1,10.49,0.00
5047373,1019368,7,1,11.99,0.00
5047374,1019368,33,1,5.49,0.00
5047375,1019369,17,2,12.49,0.00
5047376,1019369,25,1,6.49,0.00
5047377,1019369,30,2,3.29,0.00
5047378,1019369,28,1,3.49,0.00
5047379,1019370,17,1,12.49,2.50
5047380,1019370,22,2,4.49,0.00
5047381,1019371,13,1,9.99,0.00
5047382,1019371,25,1,6.49,0.00
5047383,1019371,29,2,3.49,0.00
5047384,1019372,5,1,13.49,0.00
5047385,1019373,17,1,12.49,0.00
5047386,1019373,23,1,3.99,0.00
5047387,1019373,26,1,2.49,0.00
5047388,1019374,14,1,10.49,0.00
5047389,1019374,34,1,4.49,0.00
5047390,1019375,2,1,11.99,0.00
5047391,1019375,22,1,4.49,0.00
5047392,1019376,4,1,14.99,0.00
5047393,1019376,29,1,3.49,0.00
5047394,1019376,27,1,2.49,0.00
5047395,1019377,11,1,13.49,0.00
5047396,1019377,30,1,3.29,0.00
5047397,1019377,31,1,3.49,0.00
5047398,1019378,4,2,14.99,0.00
5047399,1019378,21,1,3.99,0.00
5047400,1019379,7,1,11.99,0.00
5047401,1019379,26,1,2.49,0.00
5047402,1019379,21,1,3.99,0.00
5047403,1019380,9,1,13.99,0.00
5047404,1019380,26,1,2.49,0.00
5047405,1019380,27,1,2.49,0.00
5047406,1019381,2,1,11.99,0.00
5047407,1019382,1,2,11.49,0.00
5047408,1019383,17,1,12.49,0.00
5047409,1019383,5,1,13.49,0.00
5047410,1019383,19,1,3.99,0.00
5047411,1019384,17,1,12.49,0.00
5047412,1019384,18,2,5.49,0.00
5047413,1019385,17,1,12.49,0.00
5047414,1019385,27,2,2.49,0.00
5047415,1019386,6,1,12.99,0.00
5047416,1019386,28,1,3.49,0.00
5047417,1019386,22,3,4.49,0.00
5047418,1019386,27,1,2.49,0.00
5047419,1019387,7,1,11.99,0.00
5047420,1019388,3,1,10.49,0.00
5047421,1019388,33,1,5.49,0.00
5047422,1019388,25,2,6.49,0.00
5047423,1019388,34,1,4.49,0.00
5047424,1019388,18,1,5.49,0.00
5047425,1019389,9,1,13.99,0.00
5047426,1019389,28,1,3.49,0.00
5047427,1019390,17,1,12.49,2.50
5047428,1019391,6,3,12.99,0.00
5047429,1019391,26,1,2.49,0.00
5047430,1019391,25,1,6.49,0.00
5047431,1019391,19,1,3.99,0.00
5047432,1019392,6,3,12.99,0.00
5047433,1019392,26,1,2.49,0.00
5047434,1019393,17,2,12.49,0.00
5047435,1019394,2,1,11.99,0.00
5047436,1019394,23,1,3.99,0.00
5047437,1019394,21,1,3.99,0.00
5047438,1019395,15,1,10.99,0.00
5047439,1019395,29,2,3.49,0.00
5047440,1019396,3,1,10.49,0.00
5047441,1019396,11,2,13.49,0.00
5047442,1019396,29,1,3.49,0.00
5047443,1019396,27,1,2.49,0.00
5047444,1019397,3,1,10.49,0.00
5047445,1019397,21,1,3.99,0.00
5047446,1019398,6,1,12.99,0.00
5047447,1019398,28,1,3.49,0.00
5047448,1019399,8,1,12.49,0.00
5047449,1019399,35,1,2.99,0.00
5047450,1019399,22,2,4.49,0.00
5047451,1019400,3,1,10.49,0.00
5047452,1019400,34,1,4.49,0.00
5047453,1019400,26,2,2.49,0.00
5047454,1019401,3,1,10.49,0.00
5047455,1019401,18,1,5.49,0.00
5047456,1019402,17,1,12.49,0.00
5047457,1019403,1,1,11.49,0.00
5047458,1019403,27,2,2.49,0.00
5047459,1019403,25,1,6.49,0.00
5047460,1019403,29,1,3.49,0.00
5047461,1019404,2,1,11.99,0.00
5047462,1019404,28,1,3.49,0.00
5047463,1019404,19,3,3.99,0.00
5047464,1019404,30,2,3.29,0.00
5047465,1019405,5,3,13.49,0.00
5047466,1019406,10,1,10.99,0.00
5047467,1019407,17,1,12.49,0.00
5047468,1019407,25,1,6.49,0.00
5047469,1019408,2,1,11.99,0.00
5047470,1019408,18,1,5.49,0.00
5047471,1019408,21,1,3.99,0.00
5047472,1019408,32,1,4.99,0.00
5047473,1019409,17,1,12.49,2.50
5047474,1019410,4,2,14.99,0.00
5047475,1019410,8,1,12.49,0.00
5047476,1019410,19,1,3.99,0.00
5047477,1019411,15,1,10.99,0.00
5047478,1019411,24,1,3.49,0.00
5047479,1019411,19,1,3.99,0.00
5047480,1019412,17,1,12.49,0.00
5047481,1019413,1,1,11.49,0.00
5047482,1019413,33,1,5.49,0.00
5047483,1019413,26,1,2.49,0.00
5047484,1019414,4,1,14.99,0.00
5047485,1019414,28,1,3.49,0.00
5047486,1019415,10,2,10.99,0.00
5047487,1019415,18,1,5.49,0.00
5047488,1019416,6,1,12.99,0.00
5047489,1019417,17,1,12.49,2.50
5047490,1019417,24,1,3.49,0.00
5047491,1019417,27,1,2.49,0.00
5047492,1019418,17,1,12.49,0.00
5047493,1019418,18,1,5.49,0.00
5047494,1019419,6,1,12.99,0.00
5047495,1019419,21,2,3.99,0.00
5047496,1019419,26,1,2.49,0.00
5047497,1019420,6,1,12.99,0.00
5047498,1019420,19,1,3.99,0.00
5047499,1019421,17,1,12.49,0.00
5047500,1019421,31,1,3.49,0.00
5047501,1019421,22,1,4.49,0.00
5047502,1019421,2,1,11.99,0.00
5047503,1019421,18,1,5.49,0.00
5047504,1019421,4,1,14.99,0.00
5047505,1019422,3,1,10.49,0.00
5047506,1019422,15,1,10.99,0.00
5047507,1019423,2,1,11.99,0.00
5047508,1019423,27,1,2.49,0.00
5047509,1019423,7,2,11.99,0.00
5047510,1019423,22,1,4.49,0.00
5047511,1019424,1,1,11.49,0.00
5047512,1019424,21,1,3.99,0.00
5047513,1019425,17,1,12.49,0.00
5047514,1019425,28,1,3.49,0.00
5047515,1019425,21,1,3.99,0.00
5047516,1019426,5,1,13.49,0.00
5047517,1019426,30,1,3.29,0.00
5047518,1019426,31,2,3.49,0.00
5047519,1019427,9,1,13.99,0.00
5047520,1019427,35,1,2.99,0.00
5047521,1019427,27,1,2.49,0.00
5047522,1019428,10,1,10.99,0.00
5047523,1019429,17,2,12.49,5.00
5047524,1019429,28,1,3.49,0.00
5047525,1019429,25,1,6.49,0.00
5047526,1019430,8,1,12.49,0.00
5047527,1019431,2,1,11.99,0.00
5047528,1019431,20,1,4.49,0.00
5047529,1019432,2,1,11.99,0.00
5047530,1019432,32,1,4.99,0.00
5047531,1019433,17,1,12.49,2.50
5047532,1019433,33,1,5.49,0.00
5047533,1019434,9,1,13.99,0.00
5047534,1019434,19,1,3.99,0.00
5047535,1019435,7,1,11.99,0.00
5047536,1019435,18,1,5.49,0.00
5047537,1019436,11,1,13.49,0.00
5047538,1019436,21,1,3.99,0.00
5047539,1019437,9,1,13.99,0.00
5047540,1019437,20,1,4.49,0.00
5047541,1019437,26,1,2.49,0.00
5047542,1019437,23,1,3.99,0.00
5047543,1019438,3,1,10.49,0.00
5047544,1019438,30,1,3.29,0.00
5047545,1019438,26,1,2.49,0.00
5047546,1019438,24,1,3.49,0.00
5047547,1019438,27,1,2.49,0.00
5047548,1019439,13,1,9.99,0.00
5047549,1019440,17,1,12.49,0.00
5047550,1019441,7,1,11.99,0.00
5047551,1019441,18,1,5.49,0.00
5047552,1019441,32,3,4.99,0.00
5047553,1019441,30,1,3.29,0.00
5047554,1019441,16,1,10.49,0.00
5047555,1019442,3,1,10.49,0.00
5047556,1019442,18,2,5.49,0.00
5047557,1019442,20,1,4.49,0.00
5047558,1019443,17,1,12.49,0.00
5047559,1019443,21,1,3.99,0.00
5047560,1019443,20,1,4.49,0.00
5047561,1019444,4,1,14.99,0.00
5047562,1019444,26,1,2.49,0.00
5047563,1019445,6,2,12.99,0.00
5047564,1019445,32,1,4.99,0.00
5047565,1019446,2,1,11.99,0.00
5047566,1019446,15,1,10.99,0.00
5047567,1019447,3,1,10.49,0.00
5047568,1019447,8,1,12.49,0.00
5047569,1019448,17,1,12.49,0.00
5047570,1019449,5,1,13.49,0.00
5047571,1019449,19,2,3.99,0.00
5047572,1019450,13,3,9.99,0.00
5047573,1019450,25,1,6.49,0.00
5047574,1019451,11,1,13.49,0.00
5047575,1019452,17,2,12.49,0.00
5047576,1019453,17,1,12.49,0.00
5047577,1019453,28,1,3.49,0.00
5047578,1019453,3,2,10.49,0.00
5047579,1019453,26,1,2.49,0.00
5047580,1019453,27,1,2.49,0.00
5047581,1019454,17,1,12.49,2.50
5047582,1019454,30,1,3.29,0.00
5047583,1019454,19,1,3.99,0.00
5047584,1019455,7,1,11.99,0.00
5047585,1019456,1,2,11.49,0.00
5047586,1019456,27,1,2.49,0.00
5047587,1019456,11,1,13.49,0.00
5047588,1019457,7,1,11.99,0.00
5047589,1019457,5,1,13.49,0.00
5047590,1019457,23,1,3.99,0.00
5047591,1019457,26,1,2.49,0.00
5047592,1019458,12,1,18.99,0.00
5047593,1019458,30,1,3.29,0.00
5047594,1019459,13,1,9.99,0.00
5047595,1019459,25,1,6.49,0.00
5047596,1019460,2,1,11.99,0.00
5047597,1019461,17,1,12.49,0.00
5047598,1019461,7,2,11.99,0.00
5047599,1019462,17,1,12.49,2.50
5047600,1019462,27,1,2.49,0.00
5047601,1019463,1,2,11.49,0.00
5047602,1019463,26,1,2.49,0.00
5047603,1019463,20,1,4.49,0.00
5047604,1019464,10,1,10.99,0.00
5047605,1019464,18,1,5.49,0.00
5047606,1019464,21,1,3.99,0.00
5047607,1019465,11,1,13.49,0.00
5047608,1019465,26,1,2.49,0.00
5047609,1019465,25,2,6.49,0.00
5047610,1019466,5,1,13.49,0.00
5047611,1019466,32,1,4.99,0.00
5047612,1019466,28,1,3.49,0.00
5047613,1019467,7,0,11.99,0.00
5047614,1019467,26,1,2.49,0.00
5047615,1019468,6,-1,12.99,0.00
5047616,1019469,6,1,12.99,0.00
5047617,1019470,7,1,11.99,0.00
5047618,1019470,27,1,2.49,0.00
5047619,1019471,3,2,10.49,0.00
5047620,1019471,21,1,3.99,0.00
5047621,1019471,28,1,3.49,0.00
5047622,1019472,1,1,11.49,0.00
5047623,1019472,18,1,5.49,0.00
5047624,1019472,21,2,3.99,0.00
5047625,1019473,1,1,11.49,0.00
5047626,1019474,14,1,10.49,0.00
5047627,1019474,29,1,3.49,0.00
5047628,1019475,7,1,11.99,0.00
5047629,1019475,26,3,2.49,0.00
5047630,1019476,15,1,10.99,0.00
5047631,1019477,14,1,10.49,0.00
5047632,1019478,17,1,12.49,2.50
5047633,1019479,17,1,12.49,0.00
5047634,1019479,11,1,13.49,0.00
5047635,1019479,22,1,4.49,0.00
5047636,1019480,17,1,12.49,0.00
5047637,1019481,2,1,11.99,0.00
5047638,1019482,11,1,13.49,0.00
5047639,1019482,19,1,3.99,0.00
5047640,1019483,17,1,12.49,0.00
5047641,1019484,17,1,12.49,2.50
5047642,1019484,25,1,6.49,0.00
5047643,1019485,14,1,10.49,0.00
5047644,1019485,30,2,3.29,0.00
5047645,1019486,17,1,12.49,2.50
5047646,1019486,20,1,4.49,0.00
5047647,1019487,7,1,11.99,0.00
5047648,1019487,34,1,4.49,0.00
5047649,1019488,1,3,11.49,0.00
5047650,1019489,11,1,13.49,0.00
5047651,1019490,8,1,12.49,0.00
5047652,1019490,34,1,4.49,0.00
5047653,1019490,26,1,2.49,0.00
5047654,1019491,17,2,12.49,5.00
5047655,1019491,30,1,3.29,0.00
5047656,1019492,17,1,12.49,0.00
5047657,1019492,23,1,3.99,0.00
5047658,1019493,7,1,11.99,0.00
5047659,1019494,17,1,12.49,0.00
5047660,1019495,17,1,12.49,2.50
5047661,1019495,18,1,5.49,0.00
5047662,1019495,24,1,3.49,0.00
5047663,1019495,25,1,6.49,0.00
5047664,1019495,26,1,2.49,0.00
5047665,1019495,1,1,11.49,0.00
5047666,1019496,8,1,12.49,0.00
5047667,1019496,30,1,3.29,0.00
5047668,1019496,21,1,3.99,0.00
5047669,1019497,10,2,10.99,0.00
5047670,1019498,11,1,13.49,0.00
5047671,1019498,29,1,3.49,0.00
5047672,1019498,8,1,12.49,0.00
5047673,1019498,30,2,3.29,0.00
5047674,1019498,19,1,3.99,0.00
5047675,1019499,10,1,10.99,0.00
5047676,1019499,23,2,3.99,0.00
5047677,1019499,34,1,4.49,0.00
5047678,1019500,6,1,12.99,0.00
5047679,1019500,4,1,14.99,0.00
5047680,1019501,1,1,11.49,0.00
5047681,1019502,7,1,11.99,0.00
5047682,1019503,2,1,11.99,0.00
5047683,1019503,26,3,2.49,0.00
5047684,1019503,25,1,6.49,0.00
5047685,1019504,2,-1,11.99,0.00
5047686,1019504,18,1,5.49,0.00
5047687,1019505,8,1,12.49,0.00
5047688,1019505,30,2,3.29,0.00
5047689,1019505,31,1,3.49,0.00
5047690,1019506,1,2,11.49,0.00
5047691,1019506,31,1,3.49,0.00
5047692,1019506,26,1,2.49,0.00
5047693,1019507,1,1,11.49,0.00
5047694,1019507,3,1,10.49,0.00
5047695,1019508,17,1,12.49,0.00
5047696,1019509,8,1,12.49,0.00
5047697,1019509,26,0,2.49,0.00
5047698,1019509,27,1,2.49,0.00
5047699,1019509,18,3,5.49,0.00
5047700,1019510,7,1,11.99,0.00
5047701,1019510,29,2,3.49,0.00
5047702,1019510,20,1,4.49,0.00
5047703,1019511,5,2,13.49,0.00
5047704,1019512,1,1,11.49,0.00
5047705,1019512,25,2,6.49,0.00
5047706,1019512,26,1,2.49,0.00
5047707,1019512,24,1,3.49,0.00
5047708,1019512,17,1,12.49,0.00
5047709,1019512,32,2,4.99,0.00
5047710,1019513,10,2,10.99,0.00
5047711,1019513,30,1,3.29,0.00
5047712,1019514,17,1,12.49,0.00
5047713,1019514,23,1,3.99,0.00
5047714,1019515,17,1,12.49,0.00
5047715,1019515,32,1,4.99,0.00
5047716,1019515,29,3,3.49,0.00
5047717,1019515,18,1,5.49,0.00
5047718,1019516,4,1,14.99,0.00
5047719,1019516,18,1,5.49,0.00
5047720,1019517,14,1,10.49,0.00
5047721,1019517,27,1,2.49,0.00
5047722,1019518,17,1,12.49,2.50
5047723,1019519,17,1,12.49,2.50
5047724,1019519,27,1,2.49,0.00
5047725,1019519,18,1,5.49,0.00
5047726,1019520,17,1,12.49,0.00
5047727,1019520,9,1,13.99,0.00
5047728,1019521,5,1,13.49,0.00
5047729,1019521,28,3,3.49,0.00
5047730,1019521,23,1,3.99,0.00
5047731,1019521,30,3,3.29,0.00
5047732,1019521,32,2,4.99,0.00
5047733,1019522,17,1,12.49,2.50
5047734,1019522,27,1,2.49,0.00
5047735,1019523,1,1,11.49,0.00
5047736,1019524,3,1,10.49,0.00
5047737,1019525,3,1,10.49,0.00
5047738,1019525,26,1,2.49,0.00
5047739,1019525,4,1,14.99,0.00
5047740,1019526,9,1,13.99,0.00
5047741,1019526,26,1,2.49,0.00
5047742,1019527,11,1,13.49,0.00
5047743,1019527,25,1,6.49,0.00
5047744,1019527,33,1,5.49,0.00
5047745,1019528,16,-2,10.49,0.00
5047746,1019529,1,1,11.49,0.00
5047747,1019529,25,1,6.49,0.00
5047748,1019530,8,1,12.49,0.00
5047749,1019530,21,1,3.99,0.00
5047750,1019531,2,1,11.99,0.00
5047751,1019531,28,3,3.49,0.00
5047752,1019532,17,1,12.49,2.50
5047753,1019532,21,1,3.99,0.00
5047754,1019533,9,1,13.99,0.00
5047755,1019534,1,1,11.49,0.00
5047756,1019534,30,1,3.29,0.00
5047757,1019535,9,1,13.99,0.00
5047758,1019535,29,1,3.49,0.00
5047759,1019535,22,1,4.49,0.00
5047760,1019535,24,1,3.49,0.00
5047761,1019535,28,2,3.49,0.00
5047762,1019536,4,1,14.99,0.00
5047763,1019536,29,1,3.49,0.00
5047764,1019536,28,1,3.49,0.00
5047765,1019536,26,1,2.49,0.00
5047766,1019537,17,1,12.49,2.50
5047767,1019537,29,1,3.49,0.00
5047768,1019538,5,1,13.49,0.00
5047769,1019538,32,1,4.99,0.00
5047770,1019538,18,1,5.49,0.00
5047771,1019539,7,1,11.99,0.00
5047772,1019540,13,1,9.99,0.00
5047773,1019540,34,1,4.49,0.00
5047774,1019540,19,1,3.99,0.00
5047775,1019541,13,1,9.99,0.00
5047776,1019541,25,1,6.49,0.00
5047777,1019541,8,1,12.49,0.00
5047778,1019542,9,1,13.99,0.00
5047779,1019542,29,1,3.49,0.00
5047780,1019543,6,1,12.99,0.00
5047781,1019543,33,1,5.49,0.00
5047782,1019543,26,1,2.49,0.00
5047783,1019544,17,2,12.49,0.00
5047784,1019544,23,1,3.99,0.00
5047785,1019545,13,1,9.99,0.00
5047786,1019545,27,1,2.49,0.00
5047787,1019545,18,1,5.49,0.00
5047788,1019545,17,1,12.49,0.00
5047789,1019545,6,1,12.99,0.00
5047790,1019546,14,3,10.49,0.00
5047791,1019546,33,1,5.49,0.00
5047792,1019546,18,1,5.49,0.00
5047793,1019546,27,1,2.49,0.00
5047794,1019547,5,1,13.49,0.00
5047795,1019547,23,1,3.99,0.00
5047796,1019547,18,1,5.49,0.00
5047797,1019548,16,1,10.49,0.00
5047798,1019549,16,1,10.49,0.00
5047799,1019550,17,1,12.49,2.50
5047800,1019550,21,1,3.99,0.00
5047801,1019551,5,1,13.49,0.00
5047802,1019551,29,1,3.49,0.00
5047803,1019552,17,2,12.49,0.00
5047804,1019552,32,1,4.99,0.00
5047805,1019553,8,2,12.49,0.00
5047806,1019553,20,1,4.49,0.00
5047807,1019553,19,1,3.99,0.00
5047808,1019554,1,1,11.49,0.00
5047809,1019554,29,1,3.49,0.00
5047810,1019554,28,1,3.49,0.00
5047811,1019555,16,1,10.49,0.00
5047812,1019555,26,1,2.49,0.00
5047813,1019556,3,1,10.49,0.00
5047814,1019556,21,1,3.99,0.00
5047815,1019556,15,2,10.99,0.00
5047816,1019557,10,1,10.99,0.00
5047817,1019557,24,2,3.49,0.00
5047818,1019557,20,1,4.49,0.00
5047819,1019558,17,1,12.49,0.00
5047820,1019558,33,1,5.49,0.00
5047821,1019559,11,1,13.49,0.00
5047822,1019559,31,1,3.49,0.00
5047823,1019560,5,-1,13.49,0.00
5047824,1019560,26,1,2.49,0.00
5047825,1019561,13,2,9.99,0.00
5047826,1019561,24,1,3.49,0.00
5047827,1019562,7,1,11.99,0.00
5047828,1019562,19,1,3.99,0.00
5047829,1019563,9,2,13.99,0.00
5047830,1019563,24,1,3.49,0.00
5047831,1019563,18,1,5.49,0.00
5047832,1019564,17,1,12.49,0.00
5047833,1019564,27,1,2.49,0.00
5047834,1019565,11,1,13.49,0.00
5047835,1019565,23,1,3.99,0.00
5047836,1019565,27,1,2.49,0.00
5047837,1019566,17,1,12.49,2.50
5047838,1019566,27,1,2.49,0.00
5047839,1019567,17,2,12.49,5.00
5047840,1019567,29,1,3.49,0.00
5047841,1019567,20,1,4.49,0.00
5047842,1019567,28,3,3.49,0.00
5047843,1019567,22,1,4.49,0.00
5047844,1019568,9,1,13.99,0.00
5047845,1019569,17,2,12.49,0.00
5047846,1019569,18,1,5.49,0.00
5047847,1019570,4,1,14.99,0.00
5047848,1019570,27,1,2.49,0.00
5047849,1019571,10,1,10.99,0.00
5047850,1019571,20,1,4.49,0.00
5047851,1019572,13,1,9.99,0.00
5047852,1019573,15,1,10.99,0.00
5047853,1019573,19,1,3.99,0.00
5047854,1019573,35,0,2.99,0.00
5047855,1019574,10,1,10.99,0.00
5047856,1019575,1,1,11.49,0.00
5047857,1019575,23,1,3.99,0.00
5047858,1019575,28,1,3.49,0.00
5047859,1019576,7,1,11.99,0.00
5047860,1019576,28,1,3.49,0.00
5047861,1019576,26,2,2.49,0.00
5047862,1019576,29,1,3.49,0.00
5047863,1019576,22,1,4.49,0.00
5047864,1019576,31,1,3.49,0.00
5047865,1019577,8,1,12.49,0.00
5047866,1019577,21,1,3.99,0.00
5047867,1019577,18,1,5.49,0.00
5047868,1019578,17,1,12.49,0.00
5047869,1019579,8,2,12.49,0.00
5047870,1019580,10,1,10.99,0.00
5047871,1019581,4,1,14.99,0.00
5047872,1019581,28,1,3.49,0.00
5047873,1019582,1,-2,11.49,0.00
5047874,1019582,19,1,3.99,0.00
5047875,1019582,23,1,3.99,0.00
5047876,1019583,13,1,9.99,0.00
5047877,1019584,16,1,10.49,0.00
5047878,1019584,32,2,4.99,0.00
5047879,1019584,18,1,5.49,0.00
5047880,1019585,11,1,13.49,0.00
5047881,1019586,2,1,11.99,0.00
5047882,1019587,17,2,12.49,0.00
5047883,1019587,20,1,4.49,0.00
5047884,1019588,3,-1,10.49,0.00
5047885,1019588,30,1,3.29,0.00
5047886,1019589,6,1,12.99,0.00
5047887,1019590,10,3,10.99,0.00
5047888,1019591,17,1,12.49,0.00
5047889,1019591,23,1,3.99,0.00
5047890,1019591,3,1,10.49,0.00
5047891,1019591,35,1,2.99,0.00
5047892,1019592,17,1,12.49,0.00
5047893,1019592,27,1,2.49,0.00
5047894,1019592,20,1,4.49,0.00
5047895,1019593,4,1,14.99,0.00
5047896,1019594,9,3,13.99,0.00
5047897,1019594,27,1,2.49,0.00
5047898,1019595,4,3,14.99,0.00
5047899,1019595,19,2,3.99,0.00
5047900,1019595,35,-1,2.99,0.00
5047901,1019596,10,1,10.99,0.00
5047902,1019596,29,1,3.49,0.00
5047903,1019597,2,2,11.99,0.00
5047904,1019597,33,1,5.49,0.00
5047905,1019598,17,3,12.49,0.00
5047906,1019598,28,1,3.49,0.00
5047907,1019598,33,1,5.49,0.00
5047908,1019599,11,1,13.49,0.00
5047909,1019599,24,3,3.49,0.00
5047910,1019600,17,1,12.49,0.00
5047911,1019600,27,1,2.49,0.00
5047912,1019601,17,1,12.49,0.00
5047913,1019601,33,1,5.49,0.00
5047914,1019601,27,1,2.49,0.00
5047915,1019602,17,1,12.49,0.00
5047916,1019602,28,2,3.49,0.00
5047917,1019603,17,2,12.49,5.00
5047918,1019603,19,2,3.99,0.00
5047919,1019603,26,1,2.49,0.00
5047920,1019604,14,1,10.49,0.00
5047921,1019604,21,1,3.99,0.00
5047922,1019605,15,2,10.99,0.00
5047923,1019605,20,1,4.49,0.00
5047924,1019605,29,1,3.49,0.00
5047925,1019606,17,1,12.49,0.00
5047926,1019606,29,1,3.49,0.00
5047927,1019606,26,1,2.49,0.00
5047928,1019607,16,1,10.49,0.00
5047929,1019607,26,1,2.49,0.00
5047930,1019607,33,1,5.49,0.00
5047931,1019608,13,1,9.99,0.00
5047932,1019609,12,1,18.99,0.00
5047933,1019609,19,1,3.99,0.00
5047934,1019609,18,2,5.49,0.00
5047935,1019609,24,1,3.49,0.00
5047936,1019609,21,1,3.99,0.00
5047937,1019610,17,1,12.49,2.50
5047938,1019610,27,1,2.49,0.00
5047939,1019611,1,1,11.49,0.00
5047940,1019611,12,1,18.99,0.00
5047941,1019612,9,1,13.99,0.00
5047942,1019612,19,1,3.99,0.00
5047943,1019613,4,1,14.99,0.00
5047944,1019613,22,1,4.49,0.00
5047945,1019614,17,1,12.49,2.50
5047946,1019614,33,2,5.49,0.00
5047947,1019615,8,1,12.49,0.00
5047948,1019615,35,1,2.99,0.00
5047949,1019616,7,1,11.99,0.00
5047950,1019617,15,1,10.99,0.00
5047951,1019618,17,1,12.49,2.50
5047952,1019619,5,3,13.49,0.00
5047953,1019619,17,1,12.49,0.00
5047954,1019619,35,1,2.99,0.00
5047955,1019620,6,1,12.99,0.00
5047956,1019620,27,1,2.49,0.00
5047957,1019620,22,1,4.49,0.00
5047958,1019621,5,1,13.49,0.00
5047959,1019621,30,1,3.29,0.00
5047960,1019622,15,1,10.99,0.00
5047961,1019622,8,1,12.49,0.00
5047962,1019622,23,1,3.99,0.00
5047963,1019623,9,1,13.99,0.00
5047964,1019623,34,1,4.49,0.00
5047965,1019624,15,1,10.99,0.00
5047966,1019624,24,1,3.49,0.00
5047967,1019625,17,2,12.49,0.00
5047968,1019625,18,1,5.49,0.00
5047969,1019625,23,1,3.99,0.00
5047970,1019626,3,1,10.49,0.00
5047971,1019627,17,1,12.49,0.00
5047972,1019627,31,2,3.49,0.00
5047973,1019628,2,1,11.99,0.00
5047974,1019628,21,3,3.99,0.00
5047975,1019628,18,1,5.49,0.00
5047976,1019629,3,1,10.49,0.00
5047977,1019629,22,1,4.49,0.00
5047978,1019629,28,1,3.49,0.00
5047979,1019630,17,1,12.49,0.00
5047980,1019630,21,1,3.99,0.00
5047981,1019631,17,0,12.49,2.50
5047982,1019631,29,1,3.49,0.00
5047983,1019631,22,1,4.49,0.00
5047984,1019631,32,1,4.99,0.00
5047985,1019632,13,1,9.99,0.00
5047986,1019632,7,2,11.99,0.00
5047987,1019632,10,1,10.99,0.00
5047988,1019633,8,1,12.49,0.00
5047989,1019633,23,1,3.99,0.00
5047990,1019634,6,1,12.99,0.00
5047991,1019635,17,3,12.49,0.00
5047992,1019636,17,1,12.49,0.00
5047993,1019636,24,1,3.49,0.00
5047994,1019637,4,2,14.99,0.00
5047995,1019637,1,2,11.49,0.00
5047996,1019638,2,1,11.99,0.00
5047997,1019639,8,1,12.49,0.00
5047998,1019639,17,1,12.49,0.00
5047999,1019640,11,1,13.49,0.00
5048000,1019641,3,2,10.49,0.00
5048001,1019641,29,1,3.49,0.00
5048002,1019641,27,3,2.49,0.00
5048003,1019641,28,1,3.49,0.00
5048004,1019641,34,1,4.49,0.00
5048005,1019641,20,1,4.49,0.00
5048006,1019642,14,1,10.49,0.00
5048007,1019642,18,1,5.49,0.00
5048008,1019642,19,1,3.99,0.00
5048009,1019643,17,1,12.49,0.00
5048010,1019643,18,1,5.49,0.00
5048011,1019643,26,1,2.49,0.00
5048012,1019644,8,1,12.49,0.00
5048013,1019644,30,1,3.29,0.00
5048014,1019645,17,1,12.49,0.00
5048015,1019645,13,2,9.99,0.00
5048016,1019646,15,1,10.99,0.00
5048017,1019647,3,1,10.49,0.00
5048018,1019648,4,1,14.99,0.00
5048019,1019648,28,3,3.49,0.00
5048020,1019649,17,1,12.49,0.00
5048021,1019649,18,1,5.49,0.00
5048022,1019649,22,1,4.49,0.00
5048023,1019650,17,2,12.49,0.00
5048024,1019650,26,1,2.49,0.00
5048025,1019650,25,1,6.49,0.00
5048026,1019651,16,2,10.49,0.00
5048027,1019651,22,1,4.49,0.00
5048028,1019651,27,1,2.49,0.00
5048029,1019652,17,1,12.49,0.00
5048030,1019652,20,1,4.49,0.00
5048031,1019652,31,1,3.49,0.00
5048032,1019653,8,1,12.49,0.00
5048033,1019654,8,4,12.49,0.00
5048034,1019654,28,1,3.49,0.00
5048035,1019654,23,1,3.99,0.00
5048036,1019655,17,1,12.49,2.50
5048037,1019656,17,2,12.49,0.00
5048038,1019656,21,1,3.99,0.00
5048039,1019656,26,1,2.49,0.00
5048040,1019656,22,1,4.49,0.00
5048041,1019657,7,1,11.99,0.00
5048042,1019658,8,1,12.49,0.00
5048043,1019658,28,1,3.49,0.00
5048044,1019658,30,2,3.29,0.00
5048045,1019658,19,1,3.99,0.00
5048046,1019659,8,1,12.49,0.00
5048047,1019659,29,1,3.49,0.00
5048048,1019659,31,3,3.49,0.00
5048049,1019659,21,1,3.99,0.00
5048050,1019659,27,1,2.49,0.00
5048051,1019660,13,1,9.99,0.00
5048052,1019660,23,1,3.99,0.00
5048053,1019661,5,1,13.49,0.00
5048054,1019661,24,1,3.49,0.00
5048055,1019661,21,1,3.99,0.00
5048056,1019661,26,1,2.49,0.00
5048057,1019662,10,1,10.99,0.00
5048058,1019662,27,1,2.49,0.00
5048059,1019663,7,1,11.99,0.00
5048060,1019664,14,1,10.49,0.00
5048061,1019664,27,1,2.49,0.00
5048062,1019664,23,2,3.99,0.00
5048063,1019664,34,1,4.49,0.00
5048064,1019664,26,1,2.49,0.00
5048065,1019665,16,1,10.49,0.00
5048066,1019665,18,1,5.49,0.00
5048067,1019666,17,1,12.49,0.00
5048068,1019666,22,1,4.49,0.00
5048069,1019666,18,1,5.49,0.00
5048070,1019666,26,1,2.49,0.00
5048071,1019667,7,1,11.99,0.00
5048072,1019667,27,1,2.49,0.00
5048073,1019667,21,1,3.99,0.00
5048074,1019667,34,1,4.49,0.00
5048075,1019668,14,1,10.49,0.00
5048076,1019668,29,1,3.49,0.00
5048077,1019668,28,1,3.49,0.00
5048078,1019669,4,1,14.99,0.00
5048079,1019669,30,1,3.29,0.00
5048080,1019669,17,1,12.49,0.00
5048081,1019670,12,2,18.99,0.00
5048082,1019671,11,1,13.49,0.00
5048083,1019671,25,1,6.49,0.00
5048084,1019671,21,1,3.99,0.00
5048085,1019672,8,1,12.49,0.00
5048086,1019672,21,1,3.99,0.00
5048087,1019672,22,2,4.49,0.00
5048088,1019673,5,1,13.49,0.00
5048089,1019673,27,1,2.49,0.00
5048090,1019674,6,1,12.99,0.00
5048091,1019674,19,1,3.99,0.00
5048092,1019675,7,1,11.99,0.00
5048093,1019675,17,1,12.49,0.00
5048094,1019676,17,1,12.49,0.00
5048095,1019676,28,1,3.49,0.00
5048096,1019676,34,2,4.49,0.00
5048097,1019677,17,1,12.49,0.00
5048098,1019677,29,1,3.49,0.00
5048099,1019677,2,1,11.99,0.00
5048100,1019677,28,3,3.49,0.00
5048101,1019677,26,1,2.49,0.00
5048102,1019678,11,1,13.49,0.00
5048103,1019678,25,1,6.49,0.00
5048104,1019678,3,3,10.49,0.00
5048105,1019679,9,1,13.99,0.00
5048106,1019679,26,2,2.49,0.00
5048107,1019680,17,1,12.49,0.00
5048108,1019681,15,2,10.99,0.00
5048109,1019681,12,1,18.99,0.00
5048110,1019681,25,1,6.49,0.00
5048111,1019682,17,2,12.49,0.00
5048112,1019682,26,1,2.49,0.00
5048113,1019682,27,1,2.49,0.00
5048114,1019682,8,1,12.49,0.00
5048115,1019682,31,1,3.49,0.00
5048116,1019683,17,1,12.49,2.50
5048117,1019683,9,1,13.99,0.00
5048118,1019684,8,1,12.49,0.00
5048119,1019684,26,1,2.49,0.00
5048120,1019685,8,1,12.49,0.00
5048121,1019686,17,1,12.49,0.00
5048122,1019687,3,1,10.49,0.00
5048123,1019687,26,1,2.49,0.00
5048124,1019687,23,3,3.99,0.00
5048125,1019688,6,1,12.99,0.00
5048126,1019688,22,1,4.49,0.00
5048127,1019688,17,1,12.49,0.00
5048128,1019689,10,3,10.99,0.00
5048129,1019690,15,1,10.99,0.00
5048130,1019690,28,2,3.49,0.00
5048131,1019690,20,1,4.49,0.00
5048132,1019690,32,1,4.99,0.00
5048133,1019690,29,1,3.49,0.00
5048134,1019691,3,1,10.49,0.00
5048135,1019692,13,2,9.99,0.00
5048136,1019692,35,1,2.99,0.00
5048137,1019693,1,2,11.49,0.00
5048138,1019693,19,1,3.99,0.00
5048139,1019693,18,1,5.49,0.00
5048140,1019694,6,1,12.99,0.00
5048141,1019694,35,1,2.99,0.00
5048142,1019694,8,1,12.49,0.00
5048143,1019695,13,1,9.99,0.00
5048144,1019695,27,1,2.49,0.00
5048145,1019696,10,1,10.99,0.00
5048146,1019696,21,1,3.99,0.00
5048147,1019696,27,1,2.49,0.00
5048148,1019697,6,1,12.99,0.00
5048149,1019697,21,4,3.99,0.00
5048150,1019697,30,1,3.29,0.00
5048151,1019698,13,1,9.99,0.00
5048152,1019698,24,2,3.49,0.00
5048153,1019698,27,1,2.49,0.00
5048154,1019699,17,1,12.49,2.50
5048155,1019700,8,2,12.49,0.00
5048156,1019700,20,1,4.49,0.00
5048157,1019701,9,1,13.99,0.00
5048158,1019702,17,1,12.49,0.00
5048159,1019702,25,1,6.49,0.00
5048160,1019703,6,3,12.99,0.00
5048161,1019703,26,2,2.49,0.00
5048162,1019704,17,1,12.49,0.00
5048163,1019704,31,1,3.49,0.00
5048164,1019705,3,2,10.49,0.00
5048165,1019705,29,1,3.49,0.00
5048166,1019705,24,1,3.49,0.00
5048167,1019706,17,1,12.49,0.00
5048168,1019706,6,1,12.99,0.00
5048169,1019706,18,1,5.49,0.00
5048170,1019706,32,1,4.99,0.00
5048171,1019707,4,1,14.99,0.00
5048172,1019707,28,1,3.49,0.00
5048173,1019708,17,1,12.49,0.00
5048174,1019709,4,2,14.99,0.00
5048175,1019709,28,1,3.49,0.00
5048176,1019710,8,1,12.49,0.00
5048177,1019710,27,1,2.49,0.00
5048178,1019711,17,1,12.49,0.00
5048179,1019711,1,1,11.49,0.00
5048180,1019712,8,1,12.49,0.00
5048181,1019713,2,1,11.99,0.00
5048182,1019713,27,1,2.49,0.00
5048183,1019713,21,1,3.99,0.00
5048184,1019714,2,1,11.99,0.00
5048185,1019715,7,1,11.99,0.00
5048186,1019715,25,2,6.49,0.00
5048187,1019716,10,1,10.99,0.00
5048188,1019716,3,1,10.49,0.00
5048189,1019717,17,1,12.49,0.00
5048190,1019717,22,1,4.49,0.00
5048191,1019718,17,1,12.49,0.00
5048192,1019718,18,1,5.49,0.00
5048193,1019718,35,1,2.99,0.00
5048194,1019719,6,1,12.99,0.00
5048195,1019719,27,2,2.49,0.00
5048196,1019719,3,2,10.49,0.00
5048197,1019720,17,1,12.49,0.00
5048198,1019720,35,1,2.99,0.00
5048199,1019721,4,1,14.99,0.00
5048200,1019721,18,1,5.49,0.00
5048201,1019721,25,1,6.49,0.00
5048202,1019721,34,2,4.49,0.00
5048203,1019722,2,1,11.99,0.00
5048204,1019722,18,1,5.49,0.00
5048205,1019723,17,2,12.49,5.00
5048206,1019723,18,1,5.49,0.00
5048207,1019723,7,2,11.99,0.00
5048208,1019723,22,2,4.49,0.00
5048209,1019723,19,1,3.99,0.00
5048210,1019724,17,1,12.49,2.50
5048211,1019724,21,1,3.99,0.00
5048212,1019725,17,1,12.49,2.50
5048213,1019725,18,1,5.49,0.00
5048214,1019725,22,1,4.49,0.00
5048215,1019726,17,1,12.49,0.00
5048216,1019726,9,1,13.99,0.00
5048217,1019726,26,1,2.49,0.00
5048218,1019726,19,1,3.99,0.00
5048219,1019727,2,2,11.99,0.00
5048220,1019727,31,1,3.49,0.00
5048221,1019727,20,2,4.49,0.00
5048222,1019727,22,4,4.49,0.00
5048223,1019728,17,1,12.49,2.50
5048224,1019728,19,1,3.99,0.00
5048225,1019728,20,1,4.49,0.00
5048226,1019728,26,1,2.49,0.00
5048227,1019728,30,1,3.29,0.00
5048228,1019729,3,1,10.49,0.00
5048229,1019730,6,1,12.99,0.00
5048230,1019730,19,1,3.99,0.00
5048231,1019731,3,2,10.49,0.00
5048232,1019731,26,2,2.49,0.00
5048233,1019732,9,2,13.99,0.00
5048234,1019732,18,1,5.49,0.00
5048235,1019732,25,1,6.49,0.00
5048236,1019732,23,1,3.99,0.00
5048237,1019732,22,1,4.49,0.00
5048238,1019732,21,1,3.99,0.00
5048239,1019733,6,1,12.99,0.00
5048240,1019733,21,1,3.99,0.00
5048241,1019734,13,1,9.99,0.00
5048242,1019734,20,1,4.49,0.00
5048243,1019734,25,1,6.49,0.00
5048244,1019734,34,1,4.49,0.00
5048245,1019735,17,1,12.49,0.00
5048246,1019735,23,1,3.99,0.00
5048247,1019735,31,1,3.49,0.00
5048248,1019736,13,1,9.99,0.00
5048249,1019736,31,1,3.49,0.00
5048250,1019736,32,1,4.99,0.00
5048251,1019737,6,1,12.99,0.00
5048252,1019738,6,1,12.99,0.00
5048253,1019739,6,2,12.99,0.00
5048254,1019739,30,1,3.29,0.00
5048255,1019740,3,1,10.49,0.00
5048256,1019740,29,1,3.49,0.00
5048257,1019741,14,1,10.49,0.00
5048258,1019741,31,1,3.49,0.00
5048259,1019741,29,1,3.49,0.00
5048260,1019742,1,1,11.49,0.00
5048261,1019742,29,1,3.49,0.00
5048262,1019742,18,1,5.49,0.00
5048263,1019743,7,1,11.99,0.00
5048264,1019744,17,2,12.49,0.00
5048265,1019744,26,1,2.49,0.00
5048266,1019744,23,1,3.99,0.00
5048267,1019745,5,1,13.49,0.00
5048268,1019746,17,1,12.49,2.50
5048269,1019746,26,1,2.49,0.00
5048270,1019747,3,2,10.49,0.00
5048271,1019747,15,2,10.99,0.00
5048272,1019748,17,1,12.49,0.00
5048273,1019748,28,2,3.49,0.00
5048274,1019748,18,1,5.49,0.00
5048275,1019749,1,1,11.49,0.00
5048276,1019749,29,4,3.49,0.00
5048277,1019749,18,1,5.49,0.00
5048278,1019749,19,1,3.99,0.00
5048279,1019749,28,1,3.49,0.00
5048280,1019750,15,2,10.99,0.00
5048281,1019750,13,-1,9.99,0.00
5048282,1019751,7,1,11.99,0.00
5048283,1019751,26,1,2.49,0.00
5048284,1019752,3,3,10.49,0.00
5048285,1019752,30,1,3.29,0.00
5048286,1019752,32,1,4.99,0.00
5048287,1019753,3,3,10.49,0.00
5048288,1019753,21,1,3.99,0.00
5048289,1019753,23,1,3.99,0.00
5048290,1019754,3,1,10.49,0.00
5048291,1019755,15,1,10.99,0.00
5048292,1019756,17,1,12.49,0.00
5048293,1019756,24,1,3.49,0.00
5048294,1019757,13,1,9.99,0.00
5048295,1019758,5,2,13.49,0.00
5048296,1019759,6,-1,12.99,0.00
5048297,1019759,24,1,3.49,0.00
5048298,1019759,30,1,3.29,0.00
5048299,1019760,17,1,12.49,0.00
5048300,1019760,25,1,6.49,0.00
5048301,1019761,5,1,13.49,0.00
5048302,1019762,10,1,10.99,0.00
5048303,1019763,2,1,11.99,0.00
5048304,1019764,8,1,12.49,0.00
5048305,1019764,20,1,4.49,0.00
5048306,1019765,17,1,12.49,0.00
5048307,1019766,8,1,12.49,0.00
5048308,1019766,27,1,2.49,0.00
5048309,1019767,8,2,12.49,0.00
5048310,1019767,29,1,3.49,0.00
5048311,1019768,9,3,13.99,0.00
5048312,1019768,26,1,2.49,0.00
5048313,1019768,7,1,11.99,0.00
5048314,1019768,19,1,3.99,0.00
5048315,1019769,17,2,12.49,0.00
5048316,1019769,26,2,2.49,0.00
5048317,1019770,17,2,12.49,0.00
5048318,1019770,22,1,4.49,0.00
5048319,1019770,29,1,3.49,0.00
5048320,1019771,9,1,13.99,0.00
5048321,1019771,22,1,4.49,0.00
5048322,1019772,9,1,13.99,0.00
5048323,1019772,21,2,3.99,0.00
5048324,1019772,24,1,3.49,0.00
5048325,1019772,20,1,4.49,0.00
5048326,1019773,6,2,12.99,0.00
5048327,1019774,3,3,10.49,0.00
5048328,1019775,3,2,10.49,0.00
5048329,1019776,1,1,11.49,0.00
5048330,1019776,22,1,4.49,0.00
5048331,1019777,2,1,11.99,0.00
5048332,1019777,30,1,3.29,0.00
5048333,1019777,6,1,12.99,0.00
5048334,1019777,29,1,3.49,0.00
5048335,1019778,2,1,11.99,0.00
5048336,1019778,27,1,2.49,0.00
5048337,1019778,19,1,3.99,0.00
5048338,1019779,9,1,13.99,0.00
5048339,1019780,2,1,11.99,0.00
5048340,1019780,27,1,2.49,0.00
5048341,1019781,17,3,12.49,7.49
5048342,1019782,5,1,13.49,0.00
5048343,1019782,26,3,2.49,0.00
5048344,1019783,3,1,10.49,0.00
5048345,1019784,7,1,11.99,0.00
5048346,1019785,3,1,10.49,0.00
5048347,1019785,28,1,3.49,0.00
5048348,1019785,26,1,2.49,0.00
5048349,1019785,21,2,3.99,0.00
5048350,1019785,27,1,2.49,0.00
5048351,1019786,1,1,11.49,0.00
5048352,1019786,27,1,2.49,0.00
5048353,1019786,28,1,3.49,0.00
5048354,1019786,23,1,3.99,0.00
5048355,1019787,4,1,14.99,5.00
5048356,1019787,19,1,3.99,0.00
5048357,1019788,9,1,13.99,0.00
5048358,1019788,32,1,4.99,0.00
5048359,1019788,20,1,4.49,0.00
5048360,1019789,4,1,14.99,5.00
5048361,1019789,20,1,4.49,0.00
5048362,1019790,17,3,12.49,7.49
5048363,1019791,4,1,14.99,5.00
5048364,1019791,29,3,3.49,0.00
5048365,1019791,13,1,9.99,0.00
5048366,1019791,21,2,3.99,0.00
5048367,1019792,2,1,11.99,0.00
5048368,1019792,27,1,2.49,0.00
5048369,1019792,30,1,3.29,0.00
5048370,1019792,25,1,6.49,0.00
5048371,1019793,10,1,10.99,0.00
5048372,1019794,17,0,12.49,2.50
5048373,1019794,19,1,3.99,0.00
5048374,1019794,29,2,3.49,0.00
5048375,1019795,17,1,12.49,0.00
5048376,1019795,5,1,13.49,0.00
5048377,1019795,26,1,2.49,0.00
5048378,1019795,1,1,11.49,0.00
5048379,1019796,17,1,12.49,2.50
5048380,1019796,34,1,4.49,0.00
5048381,1019797,12,2,18.99,5.00
5048382,1019798,17,1,12.49,0.00
5048383,1019798,5,1,13.49,0.00
5048384,1019799,3,1,10.49,0.00
5048385,1019800,3,1,10.49,0.00
5048386,1019800,21,2,3.99,0.00
5048387,1019800,30,1,3.29,0.00
5048388,1019801,6,1,12.99,0.00
5048389,1019801,30,1,3.29,0.00
5048390,1019801,31,1,3.49,0.00
5048391,1019802,11,1,13.49,0.00
5048392,1019802,18,1,5.49,0.00
5048393,1019802,19,3,3.99,0.00
5048394,1019802,29,2,3.49,0.00
5048395,1019803,17,2,12.49,5.00
5048396,1019803,32,1,4.99,0.00
5048397,1019804,17,3,12.49,0.00
5048398,1019804,29,2,3.49,0.00
5048399,1019805,12,1,18.99,5.00
5048400,1019805,29,1,3.49,0.00
5048401,1019806,12,1,18.99,5.00
5048402,1019806,26,1,2.49,0.00
5048403,1019807,1,1,11.49,0.00
5048404,1019807,26,1,2.49,0.00
5048405,1019808,8,1,12.49,0.00
5048406,1019809,10,1,10.99,0.00
5048407,1019809,22,1,4.49,0.00
5048408,1019810,11,1,13.49,0.00
5048409,1019811,3,1,10.49,0.00
5048410,1019811,28,1,3.49,0.00
5048411,1019812,3,2,10.49,0.00
5048412,1019812,21,1,3.99,0.00
5048413,1019812,27,1,2.49,0.00
5048414,1019812,18,1,5.49,0.00
5048415,1019813,16,1,10.49,0.00
5048416,1019814,4,1,14.99,5.00
5048417,1019814,26,-2,2.49,0.00
5048418,1019815,17,3,12.49,0.00
5048419,1019816,7,2,11.99,0.00
5048420,1019816,30,1,3.29,0.00
5048421,1019816,34,2,4.49,0.00
5048422,1019817,12,1,18.99,5.00
5048423,1019818,4,1,14.99,0.00
5048424,1019819,17,1,12.49,0.00
5048425,1019820,17,2,12.49,0.00
5048426,1019820,23,1,3.99,0.00
5048427,1019821,17,1,12.49,0.00
5048428,1019821,21,1,3.99,0.00
5048429,1019822,11,1,13.49,0.00
5048430,1019822,32,1,4.99,0.00
5048431,1019822,27,2,2.49,0.00
5048432,1019822,28,1,3.49,0.00
5048433,1019823,12,2,18.99,5.00
5048434,1019823,24,3,3.49,0.00
5048435,1019823,28,2,3.49,0.00
5048436,1019823,18,2,5.49,0.00
5048437,1019824,12,3,18.99,5.00
5048438,1019825,17,1,12.49,2.50
5048439,1019825,19,1,3.99,0.00
5048440,1019825,28,2,3.49,0.00
5048441,1019825,20,1,4.49,0.00
5048442,1019826,9,1,13.99,0.00
5048443,1019826,30,2,3.29,0.00
5048444,1019827,10,1,10.99,0.00
5048445,1019827,27,1,2.49,0.00
5048446,1019827,32,2,4.99,0.00
5048447,1019827,30,1,3.29,0.00
5048448,1019827,20,1,4.49,0.00
5048449,1019828,4,1,14.99,5.00
5048450,1019828,27,1,2.49,0.00
5048451,1019828,3,1,10.49,0.00
5048452,1019828,28,1,3.49,0.00
5048453,1019829,8,1,12.49,0.00
5048454,1019829,27,1,2.49,0.00
5048455,1019829,6,3,12.99,0.00
5048456,1019829,2,1,11.99,0.00
5048457,1019830,17,1,12.49,0.00
5048458,1019830,35,2,2.99,0.00
5048459,1019830,6,3,12.99,0.00
5048460,1019831,2,1,11.99,0.00
5048461,1019832,17,1,12.49,0.00
5048462,1019833,1,2,11.49,0.00
5048463,1019834,7,1,11.99,0.00
5048464,1019834,29,1,3.49,0.00
5048465,1019835,16,1,10.49,0.00
5048466,1019835,27,1,2.49,0.00
5048467,1019835,32,1,4.99,0.00
5048468,1019835,21,1,3.99,0.00
5048469,1019836,15,1,10.99,0.00
5048470,1019837,5,1,13.49,0.00
5048471,1019837,32,1,4.99,0.00
5048472,1019838,9,1,13.99,0.00
5048473,1019838,20,2,4.49,0.00
5048474,1019839,17,1,12.49,0.00
5048475,1019839,33,3,5.49,0.00
5048476,1019839,32,1,4.99,0.00
5048477,1019840,4,1,14.99,0.00
5048478,1019840,12,1,18.99,0.00
5048479,1019841,15,1,10.99,0.00
5048480,1019841,22,1,4.49,0.00
5048481,1019842,12,1,18.99,5.00
5048482,1019843,17,1,12.49,0.00
5048483,1019843,21,1,3.99,0.00
5048484,1019843,26,1,2.49,0.00
5048485,1019844,2,2,11.99,0.00
5048486,1019844,25,1,6.49,0.00
5048487,1019845,3,1,10.49,0.00
5048488,1019845,26,1,2.49,0.00
5048489,1019845,33,1,5.49,0.00
5048490,1019846,4,1,14.99,0.00
5048491,1019846,25,1,6.49,0.00
5048492,1019846,18,1,5.49,0.00
5048493,1019847,11,1,13.49,0.00
5048494,1019847,29,1,3.49,0.00
5048495,1019848,11,1,13.49,0.00
5048496,1019849,4,1,14.99,5.00
5048497,1019849,23,1,3.99,0.00
5048498,1019850,5,1,13.49,0.00
5048499,1019850,26,1,2.49,0.00
5048500,1019851,17,1,12.49,0.00
5048501,1019851,29,1,3.49,0.00
5048502,1019851,28,1,3.49,0.00
5048503,1019851,21,1,3.99,0.00
5048504,1019852,14,1,10.49,0.00
5048505,1019852,26,1,2.49,0.00
5048506,1019853,14,1,10.49,0.00
5048507,1019854,3,1,10.49,0.00
5048508,1019854,13,1,9.99,0.00
5048509,1019854,26,1,2.49,0.00
5048510,1019854,27,1,2.49,0.00
5048511,1019854,31,2,3.49,0.00
5048512,1019854,30,1,3.29,0.00
5048513,1019855,1,1,11.49,0.00
5048514,1019855,29,1,3.49,0.00
5048515,1019855,32,1,4.99,0.00
5048516,1019855,19,1,3.99,0.00
5048517,1019856,17,1,12.49,0.00
5048518,1019856,35,1,2.99,0.00
5048519,1019857,9,1,13.99,0.00
5048520,1019857,7,1,11.99,0.00
5048521,1019858,13,1,9.99,0.00
5048522,1019858,30,1,3.29,0.00
5048523,1019859,12,1,18.99,5.00
5048524,1019859,10,1,10.99,0.00
5048525,1019860,12,2,18.99,5.00
5048526,1019860,27,1,2.49,0.00
5048527,1019861,15,1,10.99,0.00
5048528,1019861,18,2,5.49,0.00
5048529,1019862,3,1,10.49,0.00
5048530,1019862,21,1,3.99,0.00
5048531,1019862,23,1,3.99,0.00
5048532,1019863,4,1,14.99,5.00
5048533,1019864,3,1,10.49,0.00
5048534,1019864,33,1,5.49,0.00
5048535,1019865,17,1,12.49,0.00
5048536,1019865,34,1,4.49,0.00
5048537,1019866,4,1,14.99,5.00
5048538,1019867,8,1,12.49,0.00
5048539,1019867,18,1,5.49,0.00
5048540,1019868,12,1,18.99,5.00
5048541,1019868,23,1,3.99,0.00
5048542,1019868,21,2,3.99,0.00
5048543,1019868,27,3,2.49,0.00
5048544,1019868,19,1,3.99,0.00
5048545,1019869,12,1,18.99,5.00
5048546,1019870,3,1,10.49,0.00
5048547,1019870,21,1,3.99,0.00
5048548,1019870,22,1,4.49,0.00
5048549,1019870,4,1,14.99,0.00
5048550,1019870,29,1,3.49,0.00
5048551,1019870,20,1,4.49,0.00
5048552,1019871,2,1,11.99,0.00
5048553,1019871,32,1,4.99,0.00
5048554,1019872,16,1,10.49,0.00
5048555,1019873,13,1,9.99,0.00
5048556,1019873,18,1,5.49,0.00
5048557,1019873,29,1,3.49,0.00
5048558,1019874,4,1,14.99,5.00
5048559,1019874,28,1,3.49,0.00
5048560,1019874,6,1,12.99,0.00
5048561,1019874,29,1,3.49,0.00
5048562,1019875,7,1,11.99,0.00
5048563,1019875,6,1,12.99,0.00
5048564,1019875,26,1,2.49,0.00
5048565,1019875,16,1,10.49,0.00
5048566,1019876,4,1,14.99,5.00
5048567,1019876,26,1,2.49,0.00
5048568,1019877,11,1,13.49,0.00
5048569,1019877,19,1,3.99,0.00
5048570,1019877,30,1,3.29,0.00
5048571,1019877,32,1,4.99,0.00
5048572,1019877,22,2,4.49,0.00
5048573,1019877,9,1,13.99,0.00
5048574,1019878,17,1,12.49,2.50
5048575,1019878,20,1,4.49,0.00
5048576,1019879,5,1,13.49,0.00
5048577,1019879,25,1,6.49,0.00
5048578,1019880,4,1,14.99,0.00
5048579,1019880,26,1,2.49,0.00
5048580,1019881,17,1,12.49,0.00
5048581,1019881,30,2,3.29,0.00
5048582,1019881,27,1,2.49,0.00
5048583,1019882,17,1,12.49,2.50
5048584,1019883,14,1,10.49,0.00
5048585,1019883,18,1,5.49,0.00
5048586,1019884,17,2,12.49,5.00
5048587,1019884,27,1,2.49,0.00
5048588,1019884,24,1,3.49,0.00
5048589,1019885,17,1,12.49,0.00
5048590,1019885,21,1,3.99,0.00
5048591,1019886,1,1,11.49,0.00
5048592,1019886,25,3,6.49,0.00
5048593,1019886,24,1,3.49,0.00
5048594,1019886,26,1,2.49,0.00
5048595,1019887,2,1,11.99,0.00
5048596,1019887,32,1,4.99,0.00
5048597,1019888,4,1,14.99,5.00
5048598,1019888,30,1,3.29,0.00
5048599,1019889,17,1,12.49,0.00
5048600,1019889,26,1,2.49,0.00
5048601,1019889,21,1,3.99,0.00
5048602,1019890,15,1,10.99,0.00
5048603,1019890,17,1,12.49,0.00
5048604,1019891,13,1,9.99,0.00
5048605,1019891,18,1,5.49,0.00
5048606,1019891,17,1,12.49,0.00
5048607,1019891,27,1,2.49,0.00
5048608,1019892,12,1,18.99,5.00
5048609,1019892,33,1,5.49,0.00
5048610,1019892,7,1,11.99,0.00
5048611,1019892,26,1,2.49,0.00
5048612,1019893,6,1,12.99,0.00
5048613,1019893,19,2,3.99,0.00
5048614,1019893,30,1,3.29,0.00
5048615,1019894,12,1,18.99,5.00
5048616,1019894,17,1,12.49,0.00
5048617,1019894,18,1,5.49,0.00
5048618,1019895,17,1,12.49,2.50
5048619,1019895,21,2,3.99,0.00
5048620,1019895,26,1,2.49,0.00
5048621,1019895,20,2,4.49,0.00
5048622,1019896,15,1,10.99,0.00
5048623,1019896,18,1,5.49,0.00
5048624,1019897,17,1,12.49,2.50
5048625,1019897,18,1,5.49,0.00
5048626,1019897,27,1,2.49,0.00
5048627,1019898,17,1,12.49,0.00
5048628,1019898,28,1,3.49,0.00
5048629,1019898,19,1,3.99,0.00
5048630,1019899,17,1,12.49,0.00
5048631,1019899,28,1,3.49,0.00
5048632,1019899,32,1,4.99,0.00
5048633,1019900,12,1,18.99,5.00
5048634,1019900,27,2,2.49,0.00
5048635,1019901,14,1,10.49,0.00
5048636,1019901,20,1,4.49,0.00
5048637,1019901,1,1,11.49,0.00
5048638,1019901,25,1,6.49,0.00
5048639,1019901,18,1,5.49,0.00
5048640,1019902,17,1,12.49,2.50
5048641,1019903,9,1,13.99,0.00
5048642,1019903,34,1,4.49,0.00
5048643,1019904,14,1,10.49,0.00
5048644,1019904,27,1,2.49,0.00
5048645,1019905,7,1,11.99,0.00
5048646,1019905,27,1,2.49,0.00
5048647,1019905,2,1,11.99,0.00
5048648,1019905,15,1,10.99,0.00
5048649,1019906,17,1,12.49,0.00
5048650,1019906,28,1,3.49,0.00
5048651,1019906,24,1,3.49,0.00
5048652,1019906,21,2,3.99,0.00
5048653,1019907,2,1,11.99,0.00
5048654,1019907,18,1,5.49,0.00
5048655,1019907,32,1,4.99,0.00
5048656,1019907,27,1,2.49,0.00
5048657,1019908,9,1,13.99,0.00
5048658,1019908,23,2,3.99,0.00
5048659,1019908,19,1,3.99,0.00
5048660,1019909,5,1,13.49,0.00
5048661,1019910,7,1,11.99,0.00
5048662,1019910,25,2,6.49,0.00
5048663,1019910,24,1,3.49,0.00
5048664,1019910,27,1,2.49,0.00
5048665,1019910,23,1,3.99,0.00
5048666,1019911,4,2,14.99,0.00
5048667,1019911,19,1,3.99,0.00
5048668,1019911,17,1,12.49,0.00
5048669,1019911,33,3,5.49,0.00
5048670,1019912,17,1,12.49,0.00
5048671,1019912,20,1,4.49,0.00
5048672,1019912,27,1,2.49,0.00
5048673,1019912,5,1,13.49,0.00
5048674,1019912,18,0,5.49,0.00
5048675,1019913,17,1,12.49,0.00
5048676,1019913,26,1,2.49,0.00
5048677,1019914,17,1,12.49,0.00
5048678,1019914,33,1,5.49,0.00
5048679,1019914,28,1,3.49,0.00
5048680,1019915,4,1,14.99,0.00
5048681,1019916,4,1,14.99,5.00
5048682,1019916,18,1,5.49,0.00
5048683,1019917,1,1,11.49,0.00
5048684,1019917,25,1,6.49,0.00
5048685,1019917,23,1,3.99,0.00
5048686,1019918,17,1,12.49,0.00
5048687,1019919,17,3,12.49,7.49
5048688,1019919,20,1,4.49,0.00
5048689,1019919,29,1,3.49,0.00
5048690,1019919,23,1,3.99,0.00
5048691,1019920,3,2,10.49,0.00
5048692,1019920,19,2,3.99,0.00
5048693,1019920,28,1,3.49,0.00
5048694,1019920,29,2,3.49,0.00
5048695,1019921,4,1,14.99,5.00
5048696,1019921,26,1,2.49,0.00
5048697,1019921,18,2,5.49,0.00
5048698,1019921,27,1,2.49,0.00
5048699,1019922,17,1,12.49,2.50
5048700,1019922,5,1,13.49,0.00
5048701,1019923,12,1,18.99,5.00
5048702,1019923,18,2,5.49,0.00
5048703,1019923,26,1,2.49,0.00
5048704,1019923,27,1,2.49,0.00
5048705,1019924,12,1,18.99,5.00
5048706,1019924,21,1,3.99,0.00
5048707,1019924,8,1,12.49,0.00
5048708,1019924,26,1,2.49,0.00
5048709,1019925,12,1,18.99,0.00
5048710,1019925,27,1,2.49,0.00
5048711,1019925,23,2,3.99,0.00
5048712,1019925,26,1,2.49,0.00
5048713,1019926,4,1,14.99,5.00
5048714,1019927,2,1,11.99,0.00
5048715,1019927,19,1,3.99,0.00
5048716,1019928,17,2,12.49,0.00
5048717,1019928,27,1,2.49,0.00
5048718,1019928,19,2,3.99,0.00
5048719,1019929,17,1,12.49,0.00
5048720,1019929,27,1,2.49,0.00
5048721,1019930,5,1,13.49,0.00
5048722,1019931,12,1,18.99,0.00
5048723,1019931,27,1,2.49,0.00
5048724,1019932,17,1,12.49,0.00
5048725,1019933,1,2,11.49,0.00
5048726,1019934,17,2,12.49,0.00
5048727,1019934,26,1,2.49,0.00
5048728,1019935,6,1,12.99,0.00
5048729,1019935,30,2,3.29,0.00
5048730,1019935,22,1,4.49,0.00
5048731,1019936,4,1,14.99,0.00
5048732,1019936,35,2,2.99,0.00
5048733,1019936,18,1,5.49,0.00
5048734,1019937,4,1,14.99,5.00
5048735,1019937,21,1,3.99,0.00
5048736,1019937,19,1,3.99,0.00
5048737,1019937,25,1,6.49,0.00
5048738,1019938,17,1,12.49,0.00
5048739,1019938,26,1,2.49,0.00
5048740,1019939,17,1,12.49,0.00
5048741,1019939,21,1,3.99,0.00
5048742,1019939,18,1,5.49,0.00
5048743,1019939,33,1,5.49,0.00
5048744,1019940,12,1,18.99,5.00
5048745,1019940,26,3,2.49,0.00
5048746,1019940,21,1,3.99,0.00
5048747,1019940,23,1,3.99,0.00
5048748,1019940,27,1,2.49,0.00
5048749,1019941,17,1,12.49,0.00
5048750,1019941,28,2,3.49,0.00
5048751,1019942,5,1,13.49,0.00
5048752,1019943,17,1,12.49,0.00
5048753,1019943,35,1,2.99,0.00
5048754,1019943,19,1,3.99,0.00
5048755,1019944,6,0,12.99,0.00
5048756,1019945,17,1,12.49,0.00
5048757,1019945,18,1,5.49,0.00
5048758,1019946,8,1,12.49,0.00
5048759,1019946,19,1,3.99,0.00
5048760,1019946,30,1,3.29,0.00
5048761,1019947,1,1,11.49,0.00
5048762,1019948,4,1,14.99,0.00
5048763,1019948,29,1,3.49,0.00
5048764,1019948,18,1,5.49,0.00
5048765,1019949,2,1,11.99,0.00
5048766,1019949,28,2,3.49,0.00
5048767,1019950,16,2,10.49,0.00
5048768,1019950,27,4,2.49,0.00
5048769,1019951,16,1,10.49,0.00
5048770,1019951,30,0,3.29,0.00
5048771,1019951,23,1,3.99,0.00
5048772,1019951,20,1,4.49,0.00
5048773,1019952,4,1,14.99,5.00
5048774,1019952,27,1,2.49,0.00
5048775,1019953,17,1,12.49,0.00
5048776,1019954,12,1,18.99,5.00
5048777,1019954,34,1,4.49,0.00
5048778,1019955,12,1,18.99,5.00
5048779,1019955,26,1,2.49,0.00
5048780,1019955,3,1,10.49,0.00
5048781,1019955,20,1,4.49,0.00
5048782,1019955,27,1,2.49,0.00
5048783,1019956,1,1,11.49,0.00
5048784,1019957,16,1,10.49,0.00
5048785,1019958,12,1,18.99,5.00
5048786,1019958,27,1,2.49,0.00
5048787,1019959,17,1,12.49,0.00
5048788,1019960,2,1,11.99,0.00
5048789,1019961,1,1,11.49,0.00
5048790,1019961,27,1,2.49,0.00
5048791,1019961,8,1,12.49,0.00
5048792,1019961,2,1,11.99,0.00
5048793,1019962,4,2,14.99,0.00
5048794,1019963,7,1,11.99,0.00
5048795,1019963,28,1,3.49,0.00
5048796,1019964,4,1,14.99,5.00
5048797,1019964,33,1,5.49,0.00
5048798,1019965,15,1,10.99,0.00
5048799,1019966,17,2,12.49,0.00
5048800,1019966,19,1,3.99,0.00
5048801,1019967,17,1,12.49,0.00
5048802,1019967,15,1,10.99,0.00
5048803,1019967,21,1,3.99,0.00
5048804,1019968,17,1,12.49,0.00
5048805,1019968,21,1,3.99,0.00
5048806,1019969,2,1,11.99,0.00
5048807,1019969,26,1,2.49,0.00
5048808,1019970,4,1,14.99,5.00
5048809,1019970,31,1,3.49,0.00
5048810,1019970,29,2,3.49,0.00
5048811,1019971,8,1,12.49,0.00
5048812,1019971,18,1,5.49,0.00
5048813,1019971,27,2,2.49,0.00
5048814,1019972,13,1,9.99,0.00
5048815,1019972,31,1,3.49,0.00
5048816,1019973,7,1,11.99,0.00
5048817,1019974,4,1,14.99,0.00
5048818,1019974,29,1,3.49,0.00
5048819,1019974,27,1,2.49,0.00
5048820,1019974,22,1,4.49,0.00
5048821,1019975,8,1,12.49,0.00
5048822,1019976,12,2,18.99,5.00
5048823,1019976,25,1,6.49,0.00
5048824,1019977,12,2,18.99,5.00
5048825,1019978,9,1,13.99,0.00
5048826,1019978,30,1,3.29,0.00
5048827,1019979,3,1,10.49,0.00
5048828,1019979,28,1,3.49,0.00
5048829,1019979,22,1,4.49,0.00
5048830,1019979,26,1,2.49,0.00
5048831,1019980,2,1,11.99,0.00
5048832,1019981,1,1,11.49,0.00
5048833,1019981,18,1,5.49,0.00
5048834,1019981,33,1,5.49,0.00
5048835,1019982,12,1,18.99,5.00
5048836,1019982,19,3,3.99,0.00
5048837,1019982,26,1,2.49,0.00
5048838,1019982,33,1,5.49,0.00
5048839,1019983,17,2,12.49,0.00
5048840,1019983,19,1,3.99,0.00
5048841,1019984,12,1,18.99,5.00
5048842,1019984,25,1,6.49,0.00
5048843,1019984,28,1,3.49,0.00
5048844,1019985,6,1,12.99,0.00
5048845,1019986,4,1,14.99,5.00
5048846,1019986,19,1,3.99,0.00
5048847,1019987,3,1,10.49,0.00
5048848,1019987,26,2,2.49,0.00
5048849,1019987,18,1,5.49,0.00
5048850,1019987,27,1,2.49,0.00
5048851,1019988,3,2,10.49,0.00
5048852,1019989,4,3,14.99,0.00
5048853,1019989,21,1,3.99,0.00
5048854,1019989,19,1,3.99,0.00
5048855,1019989,26,1,2.49,0.00
5048856,1019990,2,1,11.99,0.00
5048857,1019990,17,1,12.49,0.00
5048858,1019991,16,1,10.49,0.00
5048859,1019991,23,1,3.99,0.00
5048860,1019991,18,1,5.49,0.00
5048861,1019991,26,1,2.49,0.00
5048862,1019991,21,2,3.99,0.00
5048863,1019992,17,2,12.49,0.00
5048864,1019992,31,1,3.49,0.00
5048865,1019993,17,1,12.49,2.50
5048866,1019993,24,1,3.49,0.00
5048867,1019993,26,1,2.49,0.00
5048868,1019994,1,3,11.49,0.00
5048869,1019994,29,1,3.49,0.00
5048870,1019995,5,1,13.49,0.00
5048871,1019996,6,1,12.99,0.00
5048872,1019996,27,1,2.49,0.00
5048873,1019997,12,2,18.99,0.00
5048874,1019998,12,1,18.99,0.00
5048875,1019998,21,2,3.99,0.00
5048876,1019998,26,1,2.49,0.00
5048877,1019999,17,1,12.49,0.00
5048878,1019999,20,1,4.49,0.00
5048879,1019999,29,1,3.49,0.00
5048880,1020000,17,2,12.49,0.00
5048881,1020000,26,1,2.49,0.00
5048882,1020001,4,2,14.99,5.00
5048883,1020002,11,2,13.49,0.00
5048884,1020002,25,1,6.49,0.00
5048885,1020003,10,1,10.99,0.00
5048886,1020003,27,1,2.49,0.00
5048887,1020003,26,1,2.49,0.00
5048888,1020004,17,1,12.49,0.00
5048889,1020004,21,1,3.99,0.00
5048890,1020005,17,2,12.49,0.00
5048891,1020005,3,1,10.49,0.00
5048892,1020005,32,1,4.99,0.00
5048893,1020006,4,1,14.99,5.00
5048894,1020006,30,1,3.29,0.00
5048895,1020007,4,1,14.99,0.00
5048896,1020007,19,1,3.99,0.00
5048897,1020007,30,1,3.29,0.00
5048898,1020008,13,1,9.99,0.00
5048899,1020008,27,1,2.49,0.00
5048900,1020009,12,1,18.99,5.00
5048901,1020009,11,1,13.49,0.00
5048902,1020009,18,1,5.49,0.00
5048903,1020009,27,1,2.49,0.00
5048904,1020010,7,1,11.99,0.00
5048905,1020010,18,-2,5.49,0.00
5048906,1020010,21,2,3.99,0.00
5048907,1020011,4,1,14.99,5.00
5048908,1020011,34,2,4.49,0.00
5048909,1020011,22,1,4.49,0.00
5048910,1020011,27,1,2.49,0.00
5048911,1020011,26,1,2.49,0.00
5048912,1020012,17,1,12.49,0.00
5048913,1020012,18,3,5.49,0.00
5048914,1020012,19,2,3.99,0.00
5048915,1020013,17,1,12.49,0.00
5048916,1020013,24,1,3.49,0.00
5048917,1020013,30,1,3.29,0.00
5048918,1020013,15,1,10.99,0.00
5048919,1020014,8,1,12.49,0.00
5048920,1020014,28,2,3.49,0.00
5048921,1020014,30,1,3.29,0.00
5048922,1020015,17,1,12.49,2.50
5048923,1020015,30,1,3.29,0.00
5048924,1020015,34,1,4.49,0.00
5048925,1020016,13,1,9.99,0.00
5048926,1020016,22,2,4.49,0.00
5048927,1020016,27,2,2.49,0.00
5048928,1020017,17,2,12.49,5.00
5048929,1020017,30,1,3.29,0.00
5048930,1020017,26,1,2.49,0.00
5048931,1020018,9,1,13.99,0.00
5048932,1020018,27,3,2.49,0.00
5048933,1020019,10,1,10.99,0.00
5048934,1020019,26,3,2.49,0.00
5048935,1020020,9,1,13.99,0.00
5048936,1020020,23,1,3.99,0.00
5048937,1020020,26,1,2.49,0.00
5048938,1020021,4,1,14.99,0.00
5048939,1020022,17,1,12.49,2.50
5048940,1020022,26,2,2.49,0.00
5048941,1020023,12,1,18.99,5.00
5048942,1020023,28,1,3.49,0.00
5048943,1020024,1,1,11.49,0.00
5048944,1020025,17,1,12.49,0.00
5048945,1020025,32,1,4.99,0.00
5048946,1020025,28,1,3.49,0.00
5048947,1020025,29,1,3.49,0.00
5048948,1020026,17,2,12.49,0.00
5048949,1020026,24,2,3.49,0.00
5048950,1020027,2,1,11.99,0.00
5048951,1020028,17,1,12.49,2.50
5048952,1020028,2,1,11.99,0.00
5048953,1020028,18,1,5.49,0.00
5048954,1020029,4,1,14.99,0.00
5048955,1020029,35,2,2.99,0.00
5048956,1020029,20,1,4.49,0.00
5048957,1020029,33,3,5.49,0.00
5048958,1020030,17,3,12.49,0.00
5048959,1020030,31,1,3.49,0.00
5048960,1020030,22,1,4.49,0.00
5048961,1020031,17,1,12.49,0.00
5048962,1020032,7,1,11.99,0.00
5048963,1020032,25,1,6.49,0.00
5048964,1020033,17,1,12.49,0.00
5048965,1020033,7,1,11.99,0.00
5048966,1020034,17,1,12.49,0.00
5048967,1020034,30,1,3.29,0.00
5048968,1020034,10,1,10.99,0.00
5048969,1020034,19,1,3.99,0.00
5048970,1020034,26,1,2.49,0.00
5048971,1020035,5,2,13.49,0.00
5048972,1020035,26,1,2.49,0.00
5048973,1020035,34,1,4.49,0.00
5048974,1020035,20,1,4.49,0.00
5048975,1020036,2,1,11.99,0.00
5048976,1020037,17,1,12.49,0.00
5048977,1020037,26,1,2.49,0.00
5048978,1020037,16,1,10.49,0.00
5048979,1020037,27,1,2.49,0.00
5048980,1020038,9,1,13.99,0.00
5048981,1020038,21,1,3.99,0.00
5048982,1020039,2,1,11.99,0.00
5048983,1020039,24,1,3.49,0.00
5048984,1020039,33,1,5.49,0.00
5048985,1020040,17,1,12.49,0.00
5048986,1020040,23,1,3.99,0.00
5048987,1020040,34,1,4.49,0.00
5048988,1020040,24,1,3.49,0.00
5048989,1020041,17,1,12.49,0.00
5048990,1020041,26,1,2.49,0.00
5048991,1020042,11,2,13.49,0.00
5048992,1020042,30,1,3.29,0.00
5048993,1020043,16,2,10.49,0.00
5048994,1020044,2,2,11.99,0.00
5048995,1020044,18,1,5.49,0.00
5048996,1020045,5,1,13.49,0.00
5048997,1020045,20,1,4.49,0.00
5048998,1020045,27,1,2.49,0.00
5048999,1020045,33,1,5.49,0.00
5049000,1020045,31,1,3.49,0.00
5049001,1020046,17,1,12.49,0.00
5049002,1020046,26,1,2.49,0.00
5049003,1020047,16,1,10.49,0.00
5049004,1020047,20,3,4.49,0.00
5049005,1020048,1,1,11.49,0.00
5049006,1020049,9,1,13.99,0.00
5049007,1020049,33,1,5.49,0.00
5049008,1020050,16,1,10.49,0.00
5049009,1020050,32,1,4.99,0.00
5049010,1020050,21,1,3.99,0.00
5049011,1020051,6,1,12.99,0.00
5049012,1020051,18,2,5.49,0.00
5049013,1020052,17,1,12.49,2.50
5049014,1020052,27,1,2.49,0.00
5049015,1020053,8,1,12.49,0.00
5049016,1020053,19,1,3.99,0.00
5049017,1020053,26,1,2.49,0.00
5049018,1020054,12,1,18.99,0.00
5049019,1020054,23,3,3.99,0.00
5049020,1020054,35,2,2.99,0.00
5049021,1020055,11,1,13.49,0.00
5049022,1020055,26,1,2.49,0.00
5049023,1020056,17,1,12.49,0.00
5049024,1020057,11,1,13.49,0.00
5049025,1020057,19,1,3.99,0.00
5049026,1020058,17,1,12.49,2.50
5049027,1020059,16,1,10.49,0.00
5049028,1020059,22,1,4.49,0.00
5049029,1020059,30,2,3.29,0.00
5049030,1020060,1,1,11.49,0.00
5049031,1020061,14,1,10.49,0.00
5049032,1020062,11,1,13.49,0.00
5049033,1020063,11,1,13.49,0.00
5049034,1020063,26,1,2.49,0.00
5049035,1020064,2,1,11.99,0.00
5049036,1020065,6,1,12.99,0.00
5049037,1020065,29,1,3.49,0.00
5049038,1020065,34,4,4.49,0.00
5049039,1020065,19,1,3.99,0.00
5049040,1020065,25,1,6.49,0.00
5049041,1020066,13,1,9.99,0.00
5049042,1020066,27,1,2.49,0.00
5049043,1020067,9,3,13.99,0.00
5049044,1020068,13,2,9.99,0.00
5049045,1020069,17,1,12.49,2.50
5049046,1020069,21,1,3.99,0.00
5049047,1020069,10,1,10.99,0.00
5049048,1020069,25,2,6.49,0.00
5049049,1020070,2,1,11.99,0.00
5049050,1020070,31,1,3.49,0.00
5049051,1020070,26,1,2.49,0.00
5049052,1020070,22,1,4.49,0.00
5049053,1020070,32,1,4.99,0.00
5049054,1020071,2,1,11.99,0.00
5049055,1020071,22,1,4.49,0.00
5049056,1020072,17,1,12.49,0.00
5049057,1020072,20,1,4.49,0.00
5049058,1020072,15,1,10.99,0.00
5049059,1020072,26,3,2.49,0.00
5049060,1020072,28,1,3.49,0.00
5049061,1020072,5,1,13.49,0.00
5049062,1020073,8,1,12.49,0.00
5049063,1020073,22,1,4.49,0.00
5049064,1020074,8,1,12.49,0.00
5049065,1020074,26,3,2.49,0.00
5049066,1020075,13,1,9.99,0.00
5049067,1020076,11,1,13.49,0.00
5049068,1020076,22,2,4.49,0.00
5049069,1020076,30,1,3.29,0.00
5049070,1020077,17,1,12.49,2.50
5049071,1020077,33,1,5.49,0.00
5049072,1020077,32,1,4.99,0.00
5049073,1020078,9,1,13.99,0.00
5049074,1020078,22,1,4.49,0.00
5049075,1020079,10,1,10.99,0.00
5049076,1020080,1,1,11.49,0.00
5049077,1020080,17,1,12.49,0.00
5049078,1020080,19,1,3.99,0.00
5049079,1020081,11,1,13.49,0.00
5049080,1020081,3,1,10.49,0.00
5049081,1020081,29,3,3.49,0.00
5049082,1020081,18,2,5.49,0.00
5049083,1020082,2,1,11.99,0.00
5049084,1020082,18,1,5.49,0.00
5049085,1020083,17,1,12.49,0.00
5049086,1020083,35,2,2.99,0.00
5049087,1020083,28,1,3.49,0.00
5049088,1020084,6,1,12.99,0.00
5049089,1020084,27,1,2.49,0.00
5049090,1020085,3,1,10.49,0.00
5049091,1020085,21,1,3.99,0.00
5049092,1020086,17,1,12.49,0.00
5049093,1020087,11,1,13.49,0.00
5049094,1020088,10,1,10.99,0.00
5049095,1020088,3,1,10.49,0.00
5049096,1020088,6,1,12.99,0.00
5049097,1020089,1,1,11.49,0.00
5049098,1020089,19,1,3.99,0.00
5049099,1020090,16,1,10.49,0.00
5049100,1020090,26,1,2.49,0.00
5049101,1020091,10,1,10.99,0.00
5049102,1020091,26,1,2.49,0.00
5049103,1020091,35,3,2.99,0.00
5049104,1020092,12,3,18.99,0.00
5049105,1020092,24,1,3.49,0.00
5049106,1020092,1,1,11.49,0.00
5049107,1020092,34,1,4.49,0.00
5049108,1020093,3,1,10.49,0.00
5049109,1020094,14,1,10.49,0.00
5049110,1020095,2,1,11.99,0.00
5049111,1020095,25,1,6.49,0.00
5049112,1020095,31,1,3.49,0.00
5049113,1020095,21,1,3.99,0.00
5049114,1020096,15,1,10.99,0.00
5049115,1020096,29,2,3.49,0.00
5049116,1020096,19,2,3.99,0.00
5049117,1020097,17,1,12.49,2.50
5049118,1020097,28,1,3.49,0.00
5049119,1020097,33,2,5.49,0.00
5049120,1020098,6,1,12.99,0.00
5049121,1020098,19,1,3.99,0.00
5049122,1020098,28,1,3.49,0.00
5049123,1020098,21,1,3.99,0.00
5049124,1020098,25,1,6.49,0.00
5049125,1020098,18,1,5.49,0.00
5049126,1020099,5,1,13.49,0.00
5049127,1020099,26,3,2.49,0.00
5049128,1020100,17,1,12.49,0.00
5049129,1020100,18,1,5.49,0.00
5049130,1020101,6,1,12.99,0.00
5049131,1020102,15,2,10.99,0.00
5049132,1020102,25,1,6.49,0.00
5049133,1020102,27,1,2.49,0.00
5049134,1020103,17,1,12.49,0.00
5049135,1020103,26,1,2.49,0.00
5049136,1020104,17,2,12.49,0.00
5049137,1020104,30,2,3.29,0.00
5049138,1020105,7,1,11.99,0.00
5049139,1020105,21,1,3.99,0.00
5049140,1020106,17,2,12.49,5.00
5049141,1020106,26,1,2.49,0.00
5049142,1020107,13,2,9.99,0.00
5049143,1020108,1,1,11.49,0.00
5049144,1020108,18,1,5.49,0.00
5049145,1020108,32,1,4.99,0.00
5049146,1020109,11,1,13.49,0.00
5049147,1020109,18,1,5.49,0.00
5049148,1020109,35,1,2.99,0.00
5049149,1020110,3,1,10.49,0.00
5049150,1020110,26,1,2.49,0.00
5049151,1020110,30,1,3.29,0.00
5049152,1020110,18,1,5.49,0.00
5049153,1020110,35,1,2.99,0.00
5049154,1020111,17,1,12.49,2.50
5049155,1020111,31,1,3.49,0.00
5049156,1020112,7,1,11.99,0.00
5049157,1020112,11,1,13.49,0.00
5049158,1020112,24,1,3.49,0.00
5049159,1020113,17,1,12.49,0.00
5049160,1020114,3,1,10.49,0.00
5049161,1020114,18,1,5.49,0.00
5049162,1020115,17,3,12.49,0.00
5049163,1020115,31,1,3.49,0.00
5049164,1020115,23,1,3.99,0.00
5049165,1020115,21,1,3.99,0.00
5049166,1020116,7,1,11.99,0.00
5049167,1020116,19,1,3.99,0.00
5049168,1020117,13,1,9.99,0.00
5049169,1020117,30,1,3.29,0.00
5049170,1020117,35,2,2.99,0.00
5049171,1020118,13,1,9.99,0.00
5049172,1020118,25,1,6.49,0.00
5049173,1020118,30,1,3.29,0.00
5049174,1020118,22,1,4.49,0.00
5049175,1020119,13,1,9.99,0.00
5049176,1020119,31,2,3.49,0.00
5049177,1020120,17,1,12.49,0.00
5049178,1020120,23,1,3.99,0.00
5049179,1020121,3,1,10.49,0.00
5049180,1020122,3,1,10.49,0.00
5049181,1020123,5,1,13.49,0.00
5049182,1020124,17,1,12.49,0.00
5049183,1020124,26,1,2.49,0.00
5049184,1020124,10,1,10.99,0.00
5049185,1020125,17,1,12.49,2.50
5049186,1020125,32,2,4.99,0.00
5049187,1020126,17,1,12.49,0.00
5049188,1020126,29,2,3.49,0.00
5049189,1020126,34,1,4.49,0.00
5049190,1020127,6,1,12.99,0.00
5049191,1020128,1,1,11.49,0.00
5049192,1020128,18,1,5.49,0.00
5049193,1020128,8,2,12.49,0.00
5049194,1020129,3,1,10.49,0.00
5049195,1020129,11,1,13.49,0.00
5049196,1020130,16,1,10.49,0.00
5049197,1020131,11,1,13.49,0.00
5049198,1020131,18,1,5.49,0.00
5049199,1020131,17,1,12.49,0.00
5049200,1020131,19,1,3.99,0.00
5049201,1020132,17,2,12.49,0.00
5049202,1020132,26,1,2.49,0.00
5049203,1020132,23,1,3.99,0.00
5049204,1020132,32,1,4.99,0.00
5049205,1020132,27,1,2.49,0.00
5049206,1020133,17,1,12.49,0.00
5049207,1020133,29,1,3.49,0.00
5049208,1020134,13,1,9.99,0.00
5049209,1020134,25,1,6.49,0.00
5049210,1020134,18,1,5.49,0.00
5049211,1020135,6,1,12.99,0.00
5049212,1020136,17,1,12.49,0.00
5049213,1020136,21,1,3.99,0.00
5049214,1020136,28,1,3.49,0.00
5049215,1020137,17,1,12.49,0.00
5049216,1020138,17,1,12.49,0.00
5049217,1020138,21,2,3.99,0.00
5049218,1020138,26,1,2.49,0.00
5049219,1020139,17,1,12.49,2.50
5049220,1020139,18,3,5.49,0.00
5049221,1020139,31,2,3.49,0.00
5049222,1020140,17,2,12.49,5.00
5049223,1020140,22,3,4.49,0.00
5049224,1020140,18,2,5.49,0.00
5049225,1020141,3,1,10.49,0.00
5049226,1020141,29,1,3.49,0.00
5049227,1020142,6,2,12.99,0.00
5049228,1020143,5,2,13.49,0.00
5049229,1020143,18,2,5.49,0.00
5049230,1020143,22,1,4.49,0.00
5049231,1020144,11,1,13.49,0.00
5049232,1020144,21,2,3.99,0.00
5049233,1020145,2,1,11.99,0.00
5049234,1020145,19,1,3.99,0.00
5049235,1020146,4,1,14.99,0.00
5049236,1020147,17,2,12.49,0.00
5049237,1020147,32,-1,4.99,0.00
5049238,1020147,20,2,4.49,0.00
5049239,1020147,31,1,3.49,0.00
5049240,1020148,1,1,11.49,0.00
5049241,1020148,26,2,2.49,0.00
5049242,1020148,22,1,4.49,0.00
5049243,1020148,21,1,3.99,0.00
5049244,1020149,11,3,13.49,0.00
5049245,1020149,22,1,4.49,0.00
5049246,1020149,18,1,5.49,0.00
5049247,1020150,7,1,11.99,0.00
5049248,1020150,21,1,3.99,0.00
5049249,1020150,26,1,2.49,0.00
5049250,1020151,7,2,11.99,0.00
5049251,1020152,7,1,11.99,0.00
5049252,1020152,30,1,3.29,0.00
5049253,1020152,18,1,5.49,0.00
5049254,1020153,11,1,13.49,0.00
5049255,1020154,1,1,11.49,0.00
5049256,1020154,26,1,2.49,0.00
5049257,1020155,17,1,12.49,0.00
5049258,1020155,33,1,5.49,0.00
5049259,1020156,8,1,12.49,0.00
5049260,1020156,19,2,3.99,0.00
5049261,1020157,2,1,11.99,0.00
5049262,1020157,26,3,2.49,0.00
5049263,1020157,22,1,4.49,0.00
5049264,1020158,16,1,10.49,0.00
5049265,1020158,19,1,3.99,0.00
5049266,1020158,31,1,3.49,0.00
5049267,1020159,7,1,11.99,0.00
5049268,1020159,30,1,3.29,0.00
5049269,1020159,27,2,2.49,0.00
5049270,1020160,8,1,12.49,0.00
5049271,1020160,19,1,3.99,0.00
5049272,1020161,2,2,11.99,0.00
5049273,1020162,4,1,14.99,0.00
5049274,1020162,24,1,3.49,0.00
5049275,1020162,29,1,3.49,0.00
5049276,1020162,26,1,2.49,0.00
5049277,1020163,17,1,12.49,0.00
5049278,1020163,21,1,3.99,0.00
5049279,1020163,26,1,2.49,0.00
5049280,1020164,6,1,12.99,0.00
5049281,1020164,21,1,3.99,0.00
5049282,1020164,19,1,3.99,0.00
5049283,1020165,15,1,10.99,0.00
5049284,1020165,18,2,5.49,0.00
5049285,1020165,26,1,2.49,0.00
5049286,1020166,17,1,12.49,2.50
5049287,1020166,18,1,5.49,0.00
5049288,1020166,21,1,3.99,0.00
5049289,1020167,13,2,9.99,0.00
5049290,1020167,26,1,2.49,0.00
5049291,1020168,7,1,11.99,0.00
5049292,1020168,18,1,5.49,0.00
5049293,1020168,31,1,3.49,0.00
5049294,1020168,20,1,4.49,0.00
5049295,1020168,25,1,6.49,0.00
5049296,1020169,14,1,10.49,0.00
5049297,1020169,33,2,5.49,0.00
5049298,1020170,8,1,12.49,0.00
5049299,1020170,34,2,4.49,0.00
5049300,1020171,17,1,12.49,0.00
5049301,1020171,35,1,2.99,0.00
5049302,1020172,12,2,18.99,0.00
5049303,1020173,16,1,10.49,0.00
5049304,1020173,31,1,3.49,0.00
5049305,1020173,26,1,2.49,0.00
5049306,1020173,35,1,2.99,0.00
5049307,1020173,20,2,4.49,0.00
5049308,1020174,5,1,13.49,0.00
5049309,1020174,29,1,3.49,0.00
5049310,1020175,1,1,11.49,0.00
5049311,1020175,34,3,4.49,0.00
5049312,1020176,14,2,10.49,0.00
5049313,1020176,17,1,12.49,0.00
5049314,1020177,9,1,13.99,0.00
5049315,1020178,10,1,10.99,0.00
5049316,1020178,28,1,3.49,0.00
5049317,1020178,30,1,3.29,0.00
5049318,1020179,5,2,13.49,0.00
5049319,1020179,32,1,4.99,0.00
5049320,1020180,5,1,13.49,0.00
5049321,1020181,1,1,11.49,0.00
5049322,1020181,32,1,4.99,0.00
5049323,1020181,25,1,6.49,0.00
5049324,1020182,11,1,13.49,0.00
5049325,1020183,5,1,13.49,0.00
5049326,1020184,3,1,10.49,0.00
5049327,1020184,18,1,5.49,0.00
5049328,1020184,30,1,3.29,0.00
5049329,1020184,27,2,2.49,0.00
5049330,1020185,1,1,11.49,0.00
5049331,1020185,27,1,2.49,0.00
5049332,1020186,3,2,10.49,0.00
5049333,1020187,10,1,10.99,0.00
5049334,1020187,27,2,2.49,0.00
5049335,1020187,20,1,4.49,0.00
5049336,1020187,26,1,2.49,0.00
5049337,1020188,17,1,12.49,2.50
5049338,1020188,32,1,4.99,0.00
5049339,1020188,20,2,4.49,0.00
5049340,1020189,16,1,10.49,0.00
5049341,1020190,16,1,10.49,0.00
5049342,1020190,13,-1,9.99,0.00
5049343,1020190,30,1,3.29,0.00
5049344,1020191,17,2,12.49,0.00
5049345,1020192,2,1,11.99,0.00
5049346,1020192,19,2,3.99,0.00
5049347,1020193,16,1,10.49,0.00
5049348,1020193,31,1,3.49,0.00
5049349,1020193,25,1,6.49,0.00
5049350,1020194,15,2,10.99,0.00
5049351,1020194,20,1,4.49,0.00
5049352,1020194,27,2,2.49,0.00
5049353,1020195,8,1,12.49,0.00
5049354,1020195,22,1,4.49,0.00
5049355,1020196,1,1,11.49,0.00
5049356,1020196,22,1,4.49,0.00
5049357,1020197,17,1,12.49,0.00
5049358,1020197,26,2,2.49,0.00
5049359,1020198,3,1,10.49,0.00
5049360,1020198,20,-1,4.49,0.00
5049361,1020198,26,1,2.49,0.00
5049362,1020198,17,1,12.49,0.00
5049363,1020198,19,1,3.99,0.00
5049364,1020199,2,1,11.99,0.00
5049365,1020199,30,1,3.29,0.00
5049366,1020199,27,2,2.49,0.00
5049367,1020199,20,1,4.49,0.00
5049368,1020200,7,1,11.99,0.00
5049369,1020200,22,1,4.49,0.00
5049370,1020201,5,1,13.49,0.00
5049371,1020202,13,1,9.99,0.00
5049372,1020202,18,1,5.49,0.00
5049373,1020203,17,1,12.49,0.00
5049374,1020203,26,1,2.49,0.00
5049375,1020203,6,1,12.99,0.00
5049376,1020203,18,1,5.49,0.00
5049377,1020204,12,1,18.99,0.00
5049378,1020204,27,1,2.49,0.00
5049379,1020204,19,1,3.99,0.00
5049380,1020205,1,1,11.49,0.00
5049381,1020205,22,1,4.49,0.00
5049382,1020205,26,1,2.49,0.00
5049383,1020206,1,1,11.49,0.00
5049384,1020206,26,1,2.49,0.00
5049385,1020206,19,1,3.99,0.00
5049386,1020207,17,1,12.49,0.00
5049387,1020207,20,1,4.49,0.00
5049388,1020208,1,1,11.49,0.00
5049389,1020209,2,1,11.99,0.00
5049390,1020209,3,1,10.49,0.00
5049391,1020209,27,1,2.49,0.00
5049392,1020210,1,1,11.49,0.00
5049393,1020211,7,1,11.99,0.00
5049394,1020211,27,2,2.49,0.00
5049395,1020212,6,1,12.99,0.00
5049396,1020212,27,1,2.49,0.00
5049397,1020213,2,2,11.99,0.00
5049398,1020214,17,1,12.49,0.00
5049399,1020214,30,1,3.29,0.00
5049400,1020214,32,1,4.99,0.00
5049401,1020215,9,1,13.99,0.00
5049402,1020215,34,1,4.49,0.00
5049403,1020216,8,1,12.49,0.00
5049404,1020216,23,1,3.99,0.00
5049405,1020216,26,3,2.49,0.00
5049406,1020216,32,1,4.99,0.00
5049407,1020217,1,1,11.49,0.00
5049408,1020218,17,1,12.49,0.00
5049409,1020218,18,1,5.49,0.00
5049410,1020219,15,3,10.99,0.00
5049411,1020219,26,1,2.49,0.00
5049412,1020220,1,1,11.49,0.00
5049413,1020220,35,1,2.99,0.00
5049414,1020221,17,1,12.49,2.50
5049415,1020221,30,2,3.29,0.00
5049416,1020221,18,1,5.49,0.00
5049417,1020221,25,1,6.49,0.00
5049418,1020222,17,3,12.49,7.49
5049419,1020223,17,1,12.49,0.00
5049420,1020223,24,1,3.49,0.00
5049421,1020223,29,1,3.49,0.00
5049422,1020224,2,1,11.99,0.00
5049423,1020225,3,1,10.49,0.00
5049424,1020225,24,1,3.49,0.00
5049425,1020226,7,1,11.99,0.00
5049426,1020226,23,1,3.99,0.00
5049427,1020227,2,1,11.99,0.00
5049428,1020227,35,1,2.99,0.00
5049429,1020228,15,1,10.99,0.00
5049430,1020228,23,1,3.99,0.00
5049431,1020229,10,1,10.99,0.00
5049432,1020229,18,1,5.49,0.00
5049433,1020229,19,1,3.99,0.00
5049434,1020230,2,2,11.99,0.00
5049435,1020230,33,1,5.49,0.00
5049436,1020231,17,2,12.49,0.00
5049437,1020231,25,1,6.49,0.00
5049438,1020231,29,1,3.49,0.00
5049439,1020232,5,1,13.49,0.00
5049440,1020232,19,1,3.99,0.00
5049441,1020232,18,1,5.49,0.00
5049442,1020232,26,1,2.49,0.00
5049443,1020233,17,1,12.49,2.50
5049444,1020234,6,1,12.99,0.00
5049445,1020234,34,1,4.49,0.00
5049446,1020235,17,2,12.49,5.00
5049447,1020235,26,2,2.49,0.00
5049448,1020235,31,1,3.49,0.00
5049449,1020236,9,1,13.99,0.00
5049450,1020236,30,1,3.29,0.00
5049451,1020237,14,1,10.49,0.00
5049452,1020237,23,1,3.99,0.00
5049453,1020237,35,1,2.99,0.00
5049454,1020237,17,1,12.49,0.00
5049455,1020238,6,1,12.99,0.00
5049456,1020238,21,1,3.99,0.00
5049457,1020238,28,1,3.49,0.00
5049458,1020239,6,1,12.99,0.00
5049459,1020239,21,1,3.99,0.00
5049460,1020239,10,1,10.99,0.00
5049461,1020240,1,1,11.49,0.00
5049462,1020240,28,1,3.49,0.00
5049463,1020241,2,1,11.99,0.00
5049464,1020241,29,1,3.49,0.00
5049465,1020241,34,1,4.49,0.00
5049466,1020242,11,1,13.49,0.00
5049467,1020243,17,1,12.49,2.50
5049468,1020243,32,2,4.99,0.00
5049469,1020244,14,1,10.49,0.00
5049470,1020244,30,1,3.29,0.00
5049471,1020244,15,1,10.99,0.00
5049472,1020244,26,1,2.49,0.00
5049473,1020245,17,1,12.49,2.50
5049474,1020245,29,1,3.49,0.00
5049475,1020246,17,1,12.49,0.00
5049476,1020246,22,1,4.49,0.00
5049477,1020247,13,2,9.99,0.00
5049478,1020247,32,1,4.99,0.00
5049479,1020247,20,1,4.49,0.00
5049480,1020247,33,1,5.49,0.00
5049481,1020248,5,3,13.49,0.00
5049482,1020248,27,1,2.49,0.00
5049483,1020248,19,1,3.99,0.00
5049484,1020248,35,2,2.99,0.00
5049485,1020249,15,1,10.99,0.00
5049486,1020250,1,1,11.49,0.00
5049487,1020250,29,1,3.49,0.00
5049488,1020250,26,1,2.49,0.00
5049489,1020251,9,1,13.99,0.00
5049490,1020252,8,1,12.49,0.00
5049491,1020252,14,1,10.49,0.00
5049492,1020252,25,1,6.49,0.00
5049493,1020253,1,1,11.49,0.00
5049494,1020253,19,1,3.99,0.00
5049495,1020253,22,1,4.49,0.00
5049496,1020254,9,2,13.99,0.00
5049497,1020254,28,1,3.49,0.00
5049498,1020255,17,1,12.49,0.00
5049499,1020256,13,1,9.99,0.00
5049500,1020257,17,1,12.49,0.00
5049501,1020257,28,3,3.49,0.00
5049502,1020257,23,1,3.99,0.00
5049503,1020257,35,1,2.99,0.00
5049504,1020258,4,1,14.99,0.00
5049505,1020259,17,1,12.49,0.00
5049506,1020259,28,1,3.49,0.00
5049507,1020259,27,2,2.49,0.00
5049508,1020259,20,1,4.49,0.00
5049509,1020260,5,1,13.49,0.00
5049510,1020260,31,1,3.49,0.00
5049511,1020261,7,1,11.99,0.00
5049512,1020261,4,1,14.99,0.00
5049513,1020262,17,2,12.49,5.00
5049514,1020262,31,1,3.49,0.00
5049515,1020263,3,1,10.49,0.00
5049516,1020263,22,1,4.49,0.00
5049517,1020263,28,1,3.49,0.00
5049518,1020264,17,1,12.49,0.00
5049519,1020264,25,1,6.49,0.00
5049520,1020264,5,1,13.49,0.00
5049521,1020265,10,3,10.99,0.00
5049522,1020265,31,1,3.49,0.00
5049523,1020265,23,1,3.99,0.00
5049524,1020265,21,1,3.99,0.00
5049525,1020266,10,1,10.99,0.00
5049526,1020266,18,2,5.49,0.00
5049527,1020266,30,1,3.29,0.00
5049528,1020267,12,1,18.99,0.00
5049529,1020267,30,2,3.29,0.00
5049530,1020267,19,2,3.99,0.00
5049531,1020268,13,1,9.99,0.00
5049532,1020269,11,1,13.49,0.00
5049533,1020269,16,1,10.49,0.00
5049534,1020269,27,1,2.49,0.00
5049535,1020270,7,2,11.99,0.00
5049536,1020270,34,1,4.49,0.00
5049537,1020270,33,1,5.49,0.00
5049538,1020271,17,1,12.49,0.00
5049539,1020271,18,1,5.49,0.00
5049540,1020271,26,1,2.49,0.00
5049541,1020272,17,1,12.49,2.50
5049542,1020272,28,1,3.49,0.00
5049543,1020272,34,1,4.49,0.00
5049544,1020273,17,1,12.49,0.00
5049545,1020273,31,1,3.49,0.00
5049546,1020273,26,1,2.49,0.00
5049547,1020274,11,1,13.49,0.00
5049548,1020275,4,1,14.99,0.00
5049549,1020275,19,1,3.99,0.00
5049550,1020275,30,1,3.29,0.00
5049551,1020276,12,1,18.99,0.00
5049552,1020276,32,1,4.99,0.00
5049553,1020276,31,1,3.49,0.00
5049554,1020276,23,2,3.99,0.00
5049555,1020277,17,1,12.49,0.00
5049556,1020277,29,1,3.49,0.00
5049557,1020278,5,1,13.49,0.00
5049558,1020278,19,1,3.99,0.00
5049559,1020278,21,1,3.99,0.00
5049560,1020278,27,1,2.49,0.00
5049561,1020278,28,1,3.49,0.00
5049562,1020279,10,1,10.99,0.00
5049563,1020279,22,1,4.49,0.00
5049564,1020279,21,1,3.99,0.00
5049565,1020280,13,1,9.99,0.00
5049566,1020280,25,1,6.49,0.00
5049567,1020280,23,2,3.99,0.00
5049568,1020281,7,1,11.99,0.00
5049569,1020282,17,1,12.49,0.00
5049570,1020283,9,1,13.99,0.00
5049571,1020283,21,1,3.99,0.00
5049572,1020283,25,1,6.49,0.00
5049573,1020283,8,1,12.49,0.00
5049574,1020283,31,1,3.49,0.00
5049575,1020283,30,1,3.29,0.00
5049576,1020284,15,1,10.99,0.00
5049577,1020284,26,3,2.49,0.00
5049578,1020284,7,1,11.99,0.00
5049579,1020284,27,2,2.49,0.00
5049580,1020285,17,2,12.49,0.00
5049581,1020285,31,1,3.49,0.00
5049582,1020285,16,2,10.49,0.00
5049583,1020286,11,1,13.49,0.00
5049584,1020286,26,1,2.49,0.00
5049585,1020287,15,1,10.99,0.00
5049586,1020288,7,1,11.99,0.00
5049587,1020288,21,1,3.99,0.00
5049588,1020288,22,1,4.49,0.00
5049589,1020288,26,1,2.49,0.00
5049590,1020289,17,1,12.49,2.50
5049591,1020289,30,1,3.29,0.00
5049592,1020290,2,1,11.99,0.00
5049593,1020291,1,1,11.49,0.00
5049594,1020291,26,1,2.49,0.00
5049595,1020291,32,1,4.99,0.00
5049596,1020292,17,1,12.49,0.00
5049597,1020293,9,1,13.99,0.00
5049598,1020293,27,1,2.49,0.00
5049599,1020293,26,1,2.49,0.00
5049600,1020293,32,1,4.99,0.00
5049601,1020293,25,1,6.49,0.00
5049602,1020294,9,1,13.99,0.00
5049603,1020294,21,1,3.99,0.00
5049604,1020294,33,2,5.49,0.00
5049605,1020295,1,1,11.49,0.00
5049606,1020295,2,1,11.99,0.00
5049607,1020295,26,1,2.49,0.00
5049608,1020296,11,1,13.49,0.00
5049609,1020296,13,1,9.99,0.00
5049610,1020297,13,2,9.99,0.00
5049611,1020298,2,1,11.99,0.00
5049612,1020298,19,1,3.99,0.00
5049613,1020299,5,1,13.49,0.00
5049614,1020300,5,1,13.49,0.00
5049615,1020300,31,1,3.49,0.00
5049616,1020300,26,1,2.49,0.00
5049617,1020300,20,1,4.49,0.00
5049618,1020301,17,1,12.49,2.50
5049619,1020301,22,1,4.49,0.00
5049620,1020301,26,1,2.49,0.00
5049621,1020302,10,1,10.99,0.00
5049622,1020303,2,1,11.99,0.00
5049623,1020303,26,1,2.49,0.00
5049624,1020303,32,1,4.99,0.00
5049625,1020303,25,1,6.49,0.00
5049626,1020304,17,1,12.49,0.00
5049627,1020304,9,1,13.99,0.00
5049628,1020304,35,1,2.99,0.00
5049629,1020305,17,1,12.49,0.00
5049630,1020305,27,2,2.49,0.00
5049631,1020306,3,1,10.49,0.00
5049632,1020307,9,3,13.99,0.00
5049633,1020307,22,1,4.49,0.00
5049634,1020307,20,1,4.49,0.00
5049635,1020307,24,1,3.49,0.00
5049636,1020307,27,1,2.49,0.00
5049637,1020307,31,2,3.49,0.00
5049638,1020308,8,1,12.49,0.00
5049639,1020308,27,1,2.49,0.00
5049640,1020308,33,1,5.49,0.00
5049641,1020308,22,1,4.49,0.00
5049642,1020309,17,1,12.49,0.00
5049643,1020309,25,1,6.49,0.00
5049644,1020310,17,1,12.49,0.00
5049645,1020310,25,1,6.49,0.00
5049646,1020311,17,2,12.49,0.00
5049647,1020311,23,1,3.99,0.00
5049648,1020311,34,1,4.49,0.00
5049649,1020312,4,2,14.99,0.00
5049650,1020312,23,1,3.99,0.00
5049651,1020313,1,1,11.49,0.00
5049652,1020313,28,2,3.49,0.00
5049653,1020313,27,2,2.49,0.00
5049654,1020314,10,3,10.99,0.00
5049655,1020314,27,2,2.49,0.00
5049656,1020315,8,1,12.49,0.00
5049657,1020315,18,1,5.49,0.00
5049658,1020315,9,1,13.99,0.00
5049659,1020315,15,1,10.99,0.00
5049660,1020315,20,1,4.49,0.00
5049661,1020316,17,1,12.49,0.00
5049662,1020316,23,1,3.99,0.00
5049663,1020317,1,1,11.49,0.00
5049664,1020317,28,2,3.49,0.00
5049665,1020317,20,1,4.49,0.00
5049666,1020318,5,1,13.49,0.00
5049667,1020318,22,1,4.49,0.00
5049668,1020318,20,1,4.49,0.00
5049669,1020318,29,1,3.49,0.00
5049670,1020318,23,1,3.99,0.00
5049671,1020319,10,2,10.99,0.00
5049672,1020319,18,2,5.49,0.00
5049673,1020319,23,2,3.99,0.00
5049674,1020319,21,1,3.99,0.00
5049675,1020320,16,1,10.49,0.00
5049676,1020320,31,1,3.49,0.00
5049677,1020321,17,1,12.49,0.00
5049678,1020321,25,2,6.49,0.00
5049679,1020322,17,1,12.49,0.00
5049680,1020322,7,1,11.99,0.00
5049681,1020322,22,1,4.49,0.00
5049682,1020322,32,1,4.99,0.00
5049683,1020322,21,1,3.99,0.00
5049684,1020323,17,1,12.49,0.00
5049685,1020323,26,1,2.49,0.00
5049686,1020323,20,1,4.49,0.00
5049687,1020324,4,2,14.99,0.00
5049688,1020325,8,1,12.49,0.00
5049689,1020325,30,1,3.29,0.00
5049690,1020326,17,1,12.49,0.00
5049691,1020326,18,2,5.49,0.00
5049692,1020327,8,2,12.49,0.00
5049693,1020327,23,1,3.99,0.00
5049694,1020327,22,1,4.49,0.00
5049695,1020327,27,1,2.49,0.00
5049696,1020327,15,1,10.99,0.00
5049697,1020327,30,1,3.29,0.00
5049698,1020328,17,1,12.49,0.00
5049699,1020328,26,1,2.49,0.00
5049700,1020328,29,2,3.49,0.00
5049701,1020329,4,2,14.99,0.00
5049702,1020329,18,1,5.49,0.00
5049703,1020329,21,1,3.99,0.00
5049704,1020330,4,1,14.99,0.00
5049705,1020330,26,2,2.49,0.00
5049706,1020330,32,2,4.99,0.00
5049707,1020331,17,1,12.49,2.50
5049708,1020331,19,1,3.99,0.00
5049709,1020332,8,1,12.49,0.00
5049710,1020332,35,1,2.99,0.00
5049711,1020333,17,1,12.49,0.00
5049712,1020333,21,1,3.99,0.00
5049713,1020333,26,2,2.49,0.00
5049714,1020334,5,1,13.49,0.00
5049715,1020334,18,1,5.49,0.00
5049716,1020335,6,1,12.99,0.00
5049717,1020336,17,2,12.49,5.00
5049718,1020336,23,2,3.99,0.00
5049719,1020336,18,1,5.49,0.00
5049720,1020336,28,1,3.49,0.00
5049721,1020337,3,1,10.49,0.00
5049722,1020337,21,1,3.99,0.00
5049723,1020338,17,1,12.49,0.00
5049724,1020339,13,3,9.99,0.00
5049725,1020339,19,2,3.99,0.00
5049726,1020339,31,3,3.49,0.00
5049727,1020340,2,2,11.99,0.00
5049728,1020340,26,1,2.49,0.00
5049729,1020341,1,1,11.49,0.00
5049730,1020341,19,2,3.99,0.00
5049731,1020341,27,1,2.49,0.00
5049732,1020342,4,1,14.99,0.00
5049733,1020342,34,0,4.49,0.00
5049734,1020343,17,1,12.49,0.00
5049735,1020343,29,1,3.49,0.00
5049736,1020343,23,1,3.99,0.00
5049737,1020343,30,1,3.29,0.00
5049738,1020344,12,1,18.99,0.00
5049739,1020345,2,1,11.99,0.00
5049740,1020345,19,2,3.99,0.00
5049741,1020345,31,2,3.49,0.00
5049742,1020346,14,1,10.49,0.00
5049743,1020347,2,1,11.99,0.00
5049744,1020348,8,2,12.49,0.00
5049745,1020349,1,1,11.49,0.00
5049746,1020350,17,1,12.49,0.00
5049747,1020350,26,1,2.49,0.00
5049748,1020351,17,1,12.49,0.00
5049749,1020352,6,1,12.99,0.00
5049750,1020352,32,2,4.99,0.00
5049751,1020352,34,1,4.49,0.00
5049752,1020352,18,1,5.49,0.00
5049753,1020353,17,1,12.49,0.00
5049754,1020353,20,1,4.49,0.00
5049755,1020354,17,1,12.49,0.00
5049756,1020355,15,1,10.99,0.00
5049757,1020355,34,1,4.49,0.00
5049758,1020355,27,1,2.49,0.00
5049759,1020356,3,3,10.49,0.00
5049760,1020356,27,1,2.49,0.00
5049761,1020356,21,1,3.99,0.00
5049762,1020356,23,1,3.99,0.00
5049763,1020356,25,1,6.49,0.00
5049764,1020357,17,1,12.49,0.00
5049765,1020357,24,1,3.49,0.00
5049766,1020357,26,1,2.49,0.00
5049767,1020358,17,2,12.49,0.00
5049768,1020358,22,1,4.49,0.00
5049769,1020358,23,2,3.99,0.00
5049770,1020358,30,1,3.29,0.00
5049771,1020359,17,1,12.49,0.00
5049772,1020359,32,1,4.99,0.00
5049773,1020359,30,3,3.29,0.00
5049774,1020360,6,2,12.99,0.00
5049775,1020360,19,1,3.99,0.00
5049776,1020360,28,1,3.49,0.00
5049777,1020361,16,1,10.49,0.00
5049778,1020361,15,2,10.99,0.00
5049779,1020361,22,1,4.49,0.00
5049780,1020362,5,2,13.49,0.00
5049781,1020363,13,1,9.99,0.00
5049782,1020364,17,2,12.49,5.00
5049783,1020365,9,1,13.99,0.00
5049784,1020365,18,1,5.49,0.00
5049785,1020365,35,1,2.99,0.00
5049786,1020365,34,2,4.49,0.00
5049787,1020366,7,1,11.99,0.00
5049788,1020366,19,1,3.99,0.00
5049789,1020366,32,1,4.99,0.00
5049790,1020366,8,1,12.49,0.00
5049791,1020367,11,1,13.49,0.00
5049792,1020367,27,1,2.49,0.00
5049793,1020368,14,1,10.49,0.00
5049794,1020368,22,2,4.49,0.00
5049795,1020369,11,1,13.49,0.00
5049796,1020369,26,1,2.49,0.00
5049797,1020370,17,2,12.49,0.00
5049798,1020370,32,1,4.99,0.00
5049799,1020370,34,1,4.49,0.00
5049800,1020371,5,1,13.49,0.00
5049801,1020371,22,1,4.49,0.00
5049802,1020371,20,2,4.49,0.00
5049803,1020371,27,1,2.49,0.00
5049804,1020372,2,1,11.99,0.00
5049805,1020372,32,1,4.99,0.00
5049806,1020372,28,1,3.49,0.00
5049807,1020373,4,1,14.99,0.00
5049808,1020373,20,1,4.49,0.00
5049809,1020373,25,1,6.49,0.00
5049810,1020374,14,2,10.49,0.00
5049811,1020374,20,1,4.49,0.00
5049812,1020375,17,1,12.49,0.00
5049813,1020375,32,1,4.99,0.00
5049814,1020375,23,1,3.99,0.00
5049815,1020376,17,1,12.49,0.00
5049816,1020376,19,1,3.99,0.00
5049817,1020376,32,1,4.99,0.00
5049818,1020377,3,1,10.49,0.00
5049819,1020377,19,1,3.99,0.00
5049820,1020377,34,1,4.49,0.00
5049821,1020378,1,1,11.49,0.00
5049822,1020379,17,1,12.49,2.50
5049823,1020379,35,3,2.99,0.00
5049824,1020380,2,1,11.99,0.00
5049825,1020381,17,1,12.49,2.50
5049826,1020381,24,2,3.49,0.00
5049827,1020381,26,2,2.49,0.00
5049828,1020382,17,1,12.49,0.00
5049829,1020382,20,1,4.49,0.00
5049830,1020383,10,1,10.99,0.00
5049831,1020384,17,2,12.49,0.00
5049832,1020385,17,1,12.49,0.00
5049833,1020385,29,2,3.49,0.00
5049834,1020386,8,1,12.49,0.00
5049835,1020387,17,1,12.49,0.00
5049836,1020388,12,2,18.99,0.00
5049837,1020388,27,1,2.49,0.00
5049838,1020388,33,1,5.49,0.00
5049839,1020388,21,1,3.99,0.00
5049840,1020388,20,1,4.49,0.00
5049841,1020388,7,1,11.99,0.00
5049842,1020389,15,1,10.99,0.00
5049843,1020390,9,1,13.99,0.00
5049844,1020390,25,1,6.49,0.00
5049845,1020390,30,1,3.29,0.00
5049846,1020391,17,3,12.49,7.49
5049847,1020391,26,1,2.49,0.00
5049848,1020392,17,1,12.49,2.50
5049849,1020392,18,-1,5.49,0.00
5049850,1020393,15,1,10.99,0.00
5049851,1020393,27,1,2.49,0.00
5049852,1020393,18,2,5.49,0.00
5049853,1020393,24,2,3.49,0.00
5049854,1020394,17,1,12.49,0.00
5049855,1020394,19,1,3.99,0.00
5049856,1020395,13,1,9.99,0.00
5049857,1020395,27,1,2.49,0.00
5049858,1020395,25,1,6.49,0.00
5049859,1020396,15,1,10.99,0.00
5049860,1020396,8,1,12.49,0.00
5049861,1020397,17,1,12.49,2.50
5049862,1020397,30,1,3.29,0.00
5049863,1020397,10,1,10.99,0.00
5049864,1020398,14,1,10.49,0.00
5049865,1020398,26,1,2.49,0.00
5049866,1020398,25,1,6.49,0.00
5049867,1020399,5,1,13.49,0.00
5049868,1020399,17,1,12.49,0.00
5049869,1020400,17,1,12.49,0.00
5049870,1020401,17,1,12.49,2.50
5049871,1020401,20,1,4.49,0.00
5049872,1020401,14,1,10.49,0.00
5049873,1020402,16,1,10.49,0.00
5049874,1020403,1,1,11.49,0.00
5049875,1020404,17,1,12.49,2.50
5049876,1020404,28,1,3.49,0.00
5049877,1020405,17,1,12.49,0.00
5049878,1020405,18,1,5.49,0.00
5049879,1020406,4,1,14.99,0.00
5049880,1020406,34,1,4.49,0.00
5049881,1020407,17,1,12.49,0.00
5049882,1020407,27,1,2.49,0.00
5049883,1020407,18,1,5.49,0.00
5049884,1020408,2,1,11.99,0.00
5049885,1020408,11,1,13.49,0.00
5049886,1020409,1,1,11.49,0.00
5049887,1020409,24,1,3.49,0.00
5049888,1020409,5,1,13.49,0.00
5049889,1020410,17,1,12.49,0.00
5049890,1020411,11,2,13.49,0.00
5049891,1020411,3,1,10.49,0.00
5049892,1020411,24,1,3.49,0.00
5049893,1020412,6,1,12.99,0.00
5049894,1020413,17,1,12.49,2.50
5049895,1020413,18,1,5.49,0.00
5049896,1020414,7,1,11.99,0.00
5049897,1020414,17,1,12.49,0.00
5049898,1020414,18,1,5.49,0.00
5049899,1020414,27,1,2.49,0.00
5049900,1020414,20,1,4.49,0.00
5049901,1020415,17,1,12.49,0.00
5049902,1020415,18,1,5.49,0.00
5049903,1020416,5,1,13.49,0.00
5049904,1020416,25,1,6.49,0.00
5049905,1020416,27,2,2.49,0.00
5049906,1020417,17,1,12.49,0.00
5049907,1020417,28,1,3.49,0.00
5049908,1020417,27,2,2.49,0.00
5049909,1020417,22,1,4.49,0.00
5049910,1020418,7,1,11.99,0.00
5049911,1020419,1,1,11.49,0.00
5049912,1020419,28,2,3.49,0.00
5049913,1020419,3,1,10.49,0.00
5049914,1020419,22,1,4.49,0.00
5049915,1020419,34,1,4.49,0.00
5049916,1020420,8,-1,12.49,0.00
5049917,1020420,30,1,3.29,0.00
5049918,1020421,2,1,11.99,0.00
5049919,1020421,20,2,4.49,0.00
5049920,1020422,17,1,12.49,0.00
5049921,1020422,31,1,3.49,0.00
5049922,1020422,32,1,4.99,0.00
5049923,1020422,19,1,3.99,0.00
5049924,1020422,28,2,3.49,0.00
5049925,1020423,9,2,13.99,0.00
5049926,1020424,3,1,10.49,0.00
5049927,1020425,2,1,11.99,0.00
5049928,1020426,3,2,10.49,0.00
5049929,1020426,18,1,5.49,0.00
5049930,1020427,17,1,12.49,0.00
5049931,1020427,21,1,3.99,0.00
5049932,1020427,4,1,14.99,0.00
5049933,1020427,27,1,2.49,0.00
5049934,1020428,17,1,12.49,0.00
5049935,1020428,28,1,3.49,0.00
5049936,1020429,16,1,10.49,0.00
5049937,1020429,21,1,3.99,0.00
5049938,1020430,17,1,12.49,0.00
5049939,1020430,32,1,4.99,0.00
5049940,1020431,6,1,12.99,0.00
5049941,1020431,28,1,3.49,0.00
5049942,1020431,26,2,2.49,0.00
5049943,1020431,25,-1,6.49,0.00
5049944,1020432,9,1,13.99,0.00
5049945,1020432,23,1,3.99,0.00
5049946,1020433,15,1,10.99,0.00
5049947,1020433,5,1,13.49,0.00
5049948,1020433,19,1,3.99,0.00
5049949,1020434,17,1,12.49,0.00
5049950,1020434,30,1,3.29,0.00
5049951,1020434,26,2,2.49,0.00
5049952,1020434,24,2,3.49,0.00
5049953,1020434,20,2,4.49,0.00
5049954,1020435,17,1,12.49,0.00
5049955,1020435,22,1,4.49,0.00
5049956,1020436,15,1,10.99,0.00
5049957,1020437,15,1,10.99,0.00
5049958,1020437,26,1,2.49,0.00
5049959,1020437,23,1,3.99,0.00
5049960,1020437,28,1,3.49,0.00
5049961,1020438,8,1,12.49,0.00
5049962,1020438,19,1,3.99,0.00
5049963,1020439,2,1,11.99,0.00
5049964,1020439,20,1,4.49,0.00
5049965,1020439,22,1,4.49,0.00
5049966,1020440,11,1,13.49,0.00
5049967,1020441,17,1,12.49,0.00
5049968,1020442,14,1,10.49,0.00
5049969,1020443,17,1,12.49,0.00
5049970,1020443,22,1,4.49,0.00
5049971,1020443,23,1,3.99,0.00
5049972,1020444,7,1,11.99,0.00
5049973,1020444,30,2,3.29,0.00
5049974,1020445,2,1,11.99,0.00
5049975,1020445,22,1,4.49,0.00
5049976,1020445,26,1,2.49,0.00
5049977,1020446,1,1,11.49,0.00
5049978,1020446,21,1,3.99,0.00
5049979,1020446,19,1,3.99,0.00
5049980,1020446,23,2,3.99,0.00
5049981,1020447,3,1,10.49,0.00
5049982,1020448,7,1,11.99,0.00
5049983,1020448,32,-2,4.99,0.00
5049984,1020449,17,1,12.49,0.00
5049985,1020450,11,1,13.49,0.00
5049986,1020450,29,1,3.49,0.00
5049987,1020450,28,4,3.49,0.00
5049988,1020451,7,1,11.99,0.00
5049989,1020451,28,1,3.49,0.00
5049990,1020451,20,1,4.49,0.00
5049991,1020452,17,2,12.49,0.00
5049992,1020452,34,1,4.49,0.00
5049993,1020452,22,1,4.49,0.00
5049994,1020453,5,1,13.49,0.00
5049995,1020454,3,1,10.49,0.00
5049996,1020454,31,1,3.49,0.00
5049997,1020455,10,1,10.99,0.00
5049998,1020456,16,2,10.49,0.00
5049999,1020456,30,1,3.29,0.00
5050000,1020456,28,1,3.49,0.00
5050001,1020457,17,1,12.49,0.00
5050002,1020458,2,2,11.99,0.00
5050003,1020458,26,3,2.49,0.00
5050004,1020458,24,1,3.49,0.00
5050005,1020458,14,1,10.49,0.00
5050006,1020459,4,2,14.99,0.00
5050007,1020459,19,1,3.99,0.00
5050008,1020459,34,1,4.49,0.00
5050009,1020460,16,1,10.49,0.00
5050010,1020460,20,1,4.49,0.00
5050011,1020460,27,1,2.49,0.00
5050012,1020460,18,2,5.49,0.00
5050013,1020460,32,1,4.99,0.00
5050014,1020461,3,2,10.49,0.00
5050015,1020461,29,1,3.49,0.00
5050016,1020462,6,1,12.99,0.00
5050017,1020462,27,1,2.49,0.00
5050018,1020463,17,1,12.49,0.00
5050019,1020464,1,1,11.49,0.00
5050020,1020464,26,1,2.49,0.00
5050021,1020464,28,1,3.49,0.00
5050022,1020465,17,1,12.49,0.00
5050023,1020465,34,1,4.49,0.00
5050024,1020465,30,1,3.29,0.00
5050025,1020466,17,2,12.49,5.00
5050026,1020466,31,1,3.49,0.00
5050027,1020467,17,1,12.49,2.50
5050028,1020467,20,1,4.49,0.00
5050029,1020467,30,1,3.29,0.00
5050030,1020468,1,2,11.49,0.00
5050031,1020469,1,1,11.49,0.00
5050032,1020469,31,1,3.49,0.00
5050033,1020469,26,1,2.49,0.00
5050034,1020469,33,1,5.49,0.00
5050035,1020469,30,1,3.29,0.00
5050036,1020470,17,1,12.49,0.00
5050037,1020470,18,3,5.49,0.00
5050038,1020470,20,1,4.49,0.00
5050039,1020470,22,1,4.49,0.00
5050040,1020471,17,1,12.49,0.00
5050041,1020471,25,0,6.49,0.00
5050042,1020472,9,1,13.99,0.00
5050043,1020472,26,1,2.49,0.00
5050044,1020472,30,3,3.29,0.00
5050045,1020472,24,2,3.49,0.00
5050046,1020473,11,1,13.49,0.00
5050047,1020473,22,1,4.49,0.00
5050048,1020474,1,1,11.49,0.00
5050049,1020474,30,1,3.29,0.00
5050050,1020474,26,1,2.49,0.00
5050051,1020474,33,1,5.49,0.00
5050052,1020475,14,1,10.49,0.00
5050053,1020475,21,1,3.99,0.00
5050054,1020475,20,1,4.49,0.00
5050055,1020475,17,1,12.49,0.00
5050056,1020476,2,1,11.99,0.00
5050057,1020476,26,1,2.49,0.00
5050058,1020477,17,2,12.49,5.00
5050059,1020477,32,1,4.99,0.00
5050060,1020478,2,1,11.99,0.00
5050061,1020478,18,2,5.49,0.00
5050062,1020478,19,1,3.99,0.00
5050063,1020478,29,1,3.49,0.00
5050064,1020478,34,1,4.49,0.00
5050065,1020478,33,1,5.49,0.00
5050066,1020479,8,1,12.49,0.00
5050067,1020480,17,1,12.49,0.00
5050068,1020481,11,1,13.49,0.00
5050069,1020481,29,1,3.49,0.00
5050070,1020481,26,1,2.49,0.00
5050071,1020481,17,2,12.49,5.00
5050072,1020482,9,2,13.99,0.00
5050073,1020482,21,1,3.99,0.00
5050074,1020483,8,1,12.49,0.00
5050075,1020484,10,1,10.99,0.00
5050076,1020485,17,1,12.49,2.50
5050077,1020485,31,1,3.49,0.00
5050078,1020486,17,1,12.49,0.00
5050079,1020486,32,1,4.99,0.00
5050080,1020486,28,1,3.49,0.00
5050081,1020486,19,1,3.99,0.00
5050082,1020487,4,1,14.99,0.00
5050083,1020487,21,2,3.99,0.00
5050084,1020487,34,1,4.49,0.00
5050085,1020487,18,1,5.49,0.00
5050086,1020488,7,1,11.99,0.00
5050087,1020488,24,1,3.49,0.00
5050088,1020488,23,1,3.99,0.00
5050089,1020489,11,3,13.49,0.00
5050090,1020489,26,1,2.49,0.00
5050091,1020490,7,1,11.99,0.00
5050092,1020490,31,1,3.49,0.00
5050093,1020490,19,1,3.99,0.00
5050094,1020491,2,1,11.99,0.00
5050095,1020491,18,1,5.49,0.00
5050096,1020492,13,1,9.99,0.00
5050097,1020492,24,2,3.49,0.00
5050098,1020492,11,1,13.49,0.00
5050099,1020492,21,1,3.99,0.00
5050100,1020492,18,1,5.49,0.00
5050101,1020493,1,1,11.49,0.00
5050102,1020493,27,1,2.49,0.00
5050103,1020493,21,2,3.99,0.00
5050104,1020494,3,1,10.49,0.00
5050105,1020494,34,1,4.49,0.00
5050106,1020494,18,1,5.49,0.00
5050107,1020495,17,1,12.49,0.00
5050108,1020496,13,1,9.99,0.00
5050109,1020497,8,1,12.49,0.00
5050110,1020497,26,1,2.49,0.00
5050111,1020498,17,1,12.49,0.00
5050112,1020498,27,1,2.49,0.00
5050113,1020499,15,1,10.99,0.00
5050114,1020499,24,1,3.49,0.00
5050115,1020500,12,1,18.99,0.00
5050116,1020500,23,1,3.99,0.00
5050117,1020501,8,1,12.49,0.00
5050118,1020501,19,1,3.99,0.00
5050119,1020501,24,1,3.49,0.00
5050120,1020502,3,1,10.49,0.00
5050121,1020502,35,1,2.99,0.00
5050122,1020502,32,1,4.99,0.00
5050123,1020503,12,1,18.99,0.00
5050124,1020503,27,1,2.49,0.00
5050125,1020504,16,1,10.49,0.00
5050126,1020505,1,1,11.49,0.00
5050127,1020506,8,1,12.49,0.00
5050128,1020506,22,3,4.49,0.00
5050129,1020507,2,1,11.99,0.00
5050130,1020508,8,1,12.49,0.00
5050131,1020508,25,1,6.49,0.00
5050132,1020509,17,1,12.49,0.00
5050133,1020510,17,1,12.49,0.00
5050134,1020510,30,1,3.29,0.00
5050135,1020511,2,2,11.99,0.00
5050136,1020512,3,1,10.49,0.00
5050137,1020513,17,2,12.49,5.00
5050138,1020514,11,1,13.49,0.00
5050139,1020514,22,1,4.49,0.00
5050140,1020515,8,2,12.49,0.00
5050141,1020515,34,1,4.49,0.00
5050142,1020516,5,1,13.49,0.00
5050143,1020516,29,1,3.49,0.00
5050144,1020517,17,1,12.49,0.00
5050145,1020517,21,1,3.99,0.00
5050146,1020518,17,1,12.49,2.50
5050147,1020518,1,3,11.49,0.00
5050148,1020519,15,1,10.99,0.00
5050149,1020519,18,1,5.49,0.00
5050150,1020520,1,1,11.49,0.00
5050151,1020520,24,0,3.49,0.00
5050152,1020521,16,3,10.49,0.00
5050153,1020521,28,1,3.49,0.00
5050154,1020522,17,3,12.49,0.00
5050155,1020522,29,1,3.49,0.00
5050156,1020523,15,2,10.99,0.00
5050157,1020523,21,1,3.99,0.00
5050158,1020523,25,1,6.49,0.00
5050159,1020524,9,1,13.99,0.00
5050160,1020524,21,1,3.99,0.00
5050161,1020524,7,1,11.99,0.00
5050162,1020524,26,-2,2.49,0.00
5050163,1020525,14,1,10.49,0.00
5050164,1020526,10,1,10.99,0.00
5050165,1020527,8,1,12.49,0.00
5050166,1020527,23,1,3.99,0.00
5050167,1020527,29,1,3.49,0.00
5050168,1020528,17,1,12.49,2.50
5050169,1020528,27,1,2.49,0.00
5050170,1020529,17,1,12.49,2.50
5050171,1020530,17,1,12.49,0.00
5050172,1020530,11,1,13.49,0.00
5050173,1020530,2,3,11.99,0.00
5050174,1020530,18,2,5.49,0.00
5050175,1020530,19,1,3.99,0.00
5050176,1020531,16,2,10.49,0.00
5050177,1020531,21,2,3.99,0.00
5050178,1020531,26,1,2.49,0.00
5050179,1020531,22,1,4.49,0.00
5050180,1020532,10,1,10.99,0.00
5050181,1020532,29,1,3.49,0.00
5050182,1020532,32,1,4.99,0.00
5050183,1020533,12,1,18.99,0.00
5050184,1020534,17,1,12.49,0.00
5050185,1020535,5,1,13.49,0.00
5050186,1020536,13,1,9.99,0.00
5050187,1020537,16,1,10.49,0.00
5050188,1020537,30,1,3.29,0.00
5050189,1020538,15,1,10.99,0.00
5050190,1020538,25,1,6.49,0.00
5050191,1020538,26,1,2.49,0.00
5050192,1020538,18,1,5.49,0.00
5050193,1020539,7,1,11.99,0.00
5050194,1020539,33,1,5.49,0.00
5050195,1020540,8,1,12.49,0.00
5050196,1020541,12,1,18.99,0.00
5050197,1020541,22,1,4.49,0.00
5050198,1020541,26,1,2.49,0.00
5050199,1020542,2,2,11.99,0.00
5050200,1020542,21,1,3.99,0.00
5050201,1020542,26,1,2.49,0.00
5050202,1020543,13,1,9.99,0.00
5050203,1020543,18,1,5.49,0.00
5050204,1020544,1,1,11.49,0.00
5050205,1020545,17,1,12.49,0.00
5050206,1020545,34,1,4.49,0.00
5050207,1020546,2,1,11.99,0.00
5050208,1020546,27,1,2.49,0.00
5050209,1020547,17,1,12.49,0.00
5050210,1020548,7,1,11.99,0.00
5050211,1020549,17,1,12.49,0.00
5050212,1020549,2,1,11.99,0.00
5050213,1020549,27,1,2.49,0.00
5050214,1020550,4,1,14.99,0.00
5050215,1020551,17,1,12.49,0.00
5050216,1020551,26,1,2.49,0.00
5050217,1020551,27,1,2.49,0.00
5050218,1020552,5,3,13.49,0.00
5050219,1020553,17,1,12.49,2.50
5050220,1020554,16,1,10.49,0.00
5050221,1020554,27,1,2.49,0.00
5050222,1020555,11,-1,13.49,0.00
5050223,1020555,27,2,2.49,0.00
5050224,1020555,25,1,6.49,0.00
5050225,1020556,5,1,13.49,0.00
5050226,1020556,24,1,3.49,0.00
5050227,1020556,20,1,4.49,0.00
5050228,1020556,26,1,2.49,0.00
5050229,1020557,4,1,14.99,0.00
5050230,1020557,29,3,3.49,0.00
5050231,1020557,26,3,2.49,0.00
5050232,1020558,8,1,12.49,0.00
5050233,1020558,21,1,3.99,0.00
5050234,1020559,2,1,11.99,0.00
5050235,1020559,31,1,3.49,0.00
5050236,1020559,19,1,3.99,0.00
5050237,1020560,10,1,10.99,0.00
5050238,1020560,20,1,4.49,0.00
5050239,1020560,28,1,3.49,0.00
5050240,1020561,2,1,11.99,0.00
5050241,1020561,20,2,4.49,0.00
5050242,1020562,11,1,13.49,0.00
5050243,1020562,21,2,3.99,0.00
5050244,1020563,1,1,11.49,0.00
5050245,1020563,31,2,3.49,0.00
5050246,1020564,4,1,14.99,0.00
5050247,1020565,5,1,13.49,0.00
5050248,1020565,24,1,3.49,0.00
5050249,1020565,25,1,6.49,0.00
5050250,1020566,5,1,13.49,0.00
5050251,1020567,16,1,10.49,0.00
5050252,1020568,1,1,11.49,0.00
5050253,1020568,24,1,3.49,0.00
5050254,1020568,21,2,3.99,0.00
5050255,1020569,17,2,12.49,0.00
5050256,1020570,14,1,10.49,0.00
5050257,1020570,7,1,11.99,0.00
5050258,1020571,15,1,10.99,0.00
5050259,1020571,27,2,2.49,0.00
5050260,1020571,23,1,3.99,0.00
5050261,1020572,17,1,12.49,2.50
5050262,1020572,30,2,3.29,0.00
5050263,1020573,10,1,10.99,0.00
5050264,1020573,25,1,6.49,0.00
5050265,1020574,11,1,13.49,0.00
5050266,1020574,24,1,3.49,0.00
5050267,1020575,15,2,10.99,0.00
5050268,1020575,29,2,3.49,0.00
5050269,1020575,27,1,2.49,0.00
5050270,1020575,18,1,5.49,0.00
5050271,1020576,17,1,12.49,0.00
5050272,1020576,27,1,2.49,0.00
5050273,1020576,30,1,3.29,0.00
5050274,1020576,22,1,4.49,0.00
5050275,1020577,6,1,12.99,0.00
5050276,1020578,7,1,11.99,0.00
5050277,1020578,19,1,3.99,0.00
5050278,1020578,26,1,2.49,0.00
5050279,1020578,28,1,3.49,0.00
5050280,1020579,17,-2,12.49,0.00
5050281,1020579,26,1,2.49,0.00
5050282,1020580,14,1,10.49,0.00
5050283,1020581,6,1,12.99,0.00
5050284,1020581,20,1,4.49,0.00
5050285,1020582,16,3,10.49,0.00
5050286,1020582,21,1,3.99,0.00
5050287,1020583,6,1,12.99,0.00
5050288,1020583,25,1,6.49,0.00
5050289,1020583,19,1,3.99,0.00
5050290,1020584,2,2,11.99,0.00
5050291,1020585,3,1,10.49,0.00
5050292,1020585,6,2,12.99,0.00
5050293,1020586,3,1,10.49,0.00
5050294,1020587,10,1,10.99,0.00
5050295,1020587,21,2,3.99,0.00
5050296,1020587,23,2,3.99,0.00
5050297,1020588,9,2,13.99,0.00
5050298,1020588,29,2,3.49,0.00
5050299,1020588,32,1,4.99,0.00
5050300,1020589,2,1,11.99,0.00
5050301,1020590,3,1,10.49,0.00
5050302,1020590,18,2,5.49,0.00
5050303,1020590,27,1,2.49,0.00
5050304,1020591,17,2,12.49,0.00
5050305,1020591,30,1,3.29,0.00
5050306,1020591,28,3,3.49,0.00
5050307,1020591,21,1,3.99,0.00
5050308,1020592,11,1,13.49,0.00
5050309,1020592,27,1,2.49,0.00
5050310,1020592,21,1,3.99,0.00
5050311,1020593,15,-1,10.99,0.00
5050312,1020594,2,1,11.99,0.00
5050313,1020594,28,1,3.49,0.00
5050314,1020595,17,1,12.49,0.00
5050315,1020595,13,1,9.99,0.00
5050316,1020596,11,2,13.49,0.00
5050317,1020597,6,1,12.99,0.00
5050318,1020597,30,1,3.29,0.00
5050319,1020598,3,1,10.49,0.00
5050320,1020598,26,2,2.49,0.00
5050321,1020599,1,1,11.49,0.00
5050322,1020600,3,1,10.49,0.00
5050323,1020600,23,3,3.99,0.00
5050324,1020600,28,1,3.49,0.00
5050325,1020600,26,1,2.49,0.00
5050326,1020600,30,1,3.29,0.00
5050327,1020601,3,2,10.49,0.00
5050328,1020601,29,1,3.49,0.00
5050329,1020601,21,1,3.99,0.00
5050330,1020602,7,1,11.99,0.00
5050331,1020603,17,2,12.49,5.00
5050332,1020603,20,1,4.49,0.00
5050333,1020603,25,1,6.49,0.00
5050334,1020604,17,1,12.49,2.50
5050335,1020605,8,1,12.49,0.00
5050336,1020605,30,1,3.29,0.00
5050337,1020605,26,1,2.49,0.00
5050338,1020606,15,1,10.99,0.00
5050339,1020606,21,1,3.99,0.00
5050340,1020607,12,1,18.99,0.00
5050341,1020607,27,2,2.49,0.00
5050342,1020608,5,1,13.49,0.00
5050343,1020608,27,1,2.49,0.00
5050344,1020608,32,1,4.99,0.00
5050345,1020609,1,1,11.49,0.00
5050346,1020609,14,1,10.49,0.00
5050347,1020609,23,1,3.99,0.00
5050348,1020610,15,1,10.99,0.00
5050349,1020610,34,1,4.49,0.00
5050350,1020610,33,1,5.49,0.00
5050351,1020611,17,1,12.49,0.00
5050352,1020611,31,1,3.49,0.00
5050353,1020612,2,1,11.99,0.00
5050354,1020612,28,1,3.49,0.00
5050355,1020613,2,1,11.99,0.00
5050356,1020613,19,1,3.99,0.00
5050357,1020614,2,3,11.99,0.00
5050358,1020615,17,1,12.49,0.00
5050359,1020615,28,1,3.49,0.00
5050360,1020616,1,1,11.49,0.00
5050361,1020616,26,2,2.49,0.00
5050362,1020616,28,1,3.49,0.00
5050363,1020616,17,3,12.49,0.00
5050364,1020616,25,1,6.49,0.00
5050365,1020617,17,2,12.49,0.00
5050366,1020617,28,1,3.49,0.00
5050367,1020617,4,1,14.99,0.00
5050368,1020617,21,1,3.99,0.00
5050369,1020617,22,1,4.49,0.00
5050370,1020618,17,1,12.49,2.50
5050371,1020619,17,1,12.49,0.00
5050372,1020619,24,1,3.49,0.00
5050373,1020619,19,1,3.99,0.00
5050374,1020619,7,1,11.99,0.00
5050375,1020620,17,1,12.49,2.50
5050376,1020620,4,1,14.99,0.00
5050377,1020620,25,1,6.49,0.00
5050378,1020621,9,1,13.99,0.00
5050379,1020621,26,1,2.49,0.00
5050380,1020621,21,1,3.99,0.00
5050381,1020621,22,1,4.49,0.00
5050382,1020621,35,1,2.99,0.00
5050383,1020621,25,1,6.49,0.00
5050384,1020622,4,1,14.99,0.00
5050385,1020623,17,1,12.49,2.50
5050386,1020624,17,1,12.49,0.00
5050387,1020625,2,3,11.99,0.00
5050388,1020625,35,1,2.99,0.00
5050389,1020626,6,1,12.99,0.00
5050390,1020626,24,1,3.49,0.00
5050391,1020627,15,1,10.99,0.00
5050392,1020627,22,1,4.49,0.00
5050393,1020628,17,1,12.49,0.00
5050394,1020628,26,1,2.49,0.00
5050395,1020628,27,1,2.49,0.00
5050396,1020629,4,2,14.99,0.00
5050397,1020630,8,1,12.49,0.00
5050398,1020630,25,1,6.49,0.00
5050399,1020631,13,1,9.99,0.00
5050400,1020631,32,3,4.99,0.00
5050401,1020631,23,1,3.99,0.00
5050402,1020632,6,1,12.99,0.00
5050403,1020633,8,3,12.49,0.00
5050404,1020634,1,1,11.49,0.00
5050405,1020634,30,1,3.29,0.00
5050406,1020635,13,-1,9.99,0.00
5050407,1020635,19,1,3.99,0.00
5050408,1020636,9,1,13.99,0.00
5050409,1020636,1,1,11.49,0.00
5050410,1020637,9,2,13.99,0.00
5050411,1020638,17,1,12.49,0.00
5050412,1020638,29,2,3.49,0.00
5050413,1020638,16,-1,10.49,0.00
5050414,1020639,17,1,12.49,0.00
5050415,1020639,27,1,2.49,0.00
5050416,1020640,5,1,13.49,0.00
5050417,1020641,17,1,12.49,2.50
5050418,1020642,7,3,11.99,0.00
5050419,1020642,26,1,2.49,0.00
5050420,1020642,32,2,4.99,0.00
5050421,1020642,18,1,5.49,0.00
5050422,1020642,28,2,3.49,0.00
5050423,1020643,3,1,10.49,0.00
5050424,1020643,20,2,4.49,0.00
5050425,1020644,17,1,12.49,2.50
5050426,1020645,14,1,10.49,0.00
5050427,1020645,11,1,13.49,0.00
5050428,1020646,13,1,9.99,0.00
5050429,1020646,19,1,3.99,0.00
5050430,1020646,32,1,4.99,0.00
5050431,1020646,25,1,6.49,0.00
5050432,1020646,28,1,3.49,0.00
5050433,1020647,9,1,13.99,0.00
5050434,1020648,7,1,11.99,0.00
5050435,1020648,27,2,2.49,0.00
5050436,1020648,22,1,4.49,0.00
5050437,1020649,17,-1,12.49,0.00
5050438,1020650,3,1,10.49,0.00
5050439,1020650,27,2,2.49,0.00
5050440,1020650,25,1,6.49,0.00
5050441,1020651,6,1,12.99,0.00
5050442,1020652,1,2,11.49,0.00
5050443,1020653,17,1,12.49,0.00
5050444,1020653,3,1,10.49,0.00
5050445,1020654,9,1,13.99,0.00
5050446,1020655,12,1,18.99,0.00
5050447,1020655,19,1,3.99,0.00
5050448,1020656,13,1,9.99,0.00
5050449,1020656,30,1,3.29,0.00
5050450,1020656,6,1,12.99,0.00
5050451,1020657,17,3,12.49,7.49
5050452,1020657,21,1,3.99,0.00
5050453,1020657,27,1,2.49,0.00
5050454,1020658,11,1,13.49,0.00
5050455,1020659,17,1,12.49,0.00
5050456,1020659,27,1,2.49,0.00
5050457,1020659,25,1,6.49,0.00
5050458,1020660,9,1,13.99,0.00
5050459,1020661,1,1,11.49,0.00
5050460,1020662,8,1,12.49,0.00
5050461,1020662,26,1,2.49,0.00
5050462,1020663,17,1,12.49,0.00
5050463,1020664,3,1,10.49,0.00
5050464,1020665,1,2,11.49,0.00
5050465,1020665,26,1,2.49,0.00
5050466,1020665,32,1,4.99,0.00
5050467,1020666,7,1,11.99,0.00
5050468,1020666,30,1,3.29,0.00
5050469,1020666,33,1,5.49,0.00
5050470,1020667,17,1,12.49,0.00
5050471,1020667,21,1,3.99,0.00
5050472,1020668,2,1,11.99,0.00
5050473,1020668,23,1,3.99,0.00
5050474,1020669,15,1,10.99,0.00
5050475,1020670,17,1,12.49,2.50
5050476,1020670,28,1,3.49,0.00
5050477,1020671,2,1,11.99,0.00
5050478,1020671,21,3,3.99,0.00
5050479,1020672,8,1,12.49,0.00
5050480,1020672,29,1,3.49,0.00
5050481,1020673,17,1,12.49,2.50
5050482,1020673,20,1,4.49,0.00
5050483,1020673,27,1,2.49,0.00
5050484,1020674,6,1,12.99,0.00
5050485,1020674,25,2,6.49,0.00
5050486,1020674,30,1,3.29,0.00
5050487,1020675,6,1,12.99,0.00
5050488,1020675,24,1,3.49,0.00
5050489,1020676,10,1,10.99,0.00
5050490,1020676,27,1,2.49,0.00
5050491,1020677,17,1,12.49,0.00
5050492,1020677,18,1,5.49,0.00
5050493,1020678,5,2,13.49,0.00
5050494,1020679,3,1,10.49,0.00
5050495,1020679,29,3,3.49,0.00
5050496,1020679,25,1,6.49,0.00
5050497,1020679,22,1,4.49,0.00
5050498,1020680,2,1,11.99,0.00
5050499,1020681,17,1,12.49,0.00
5050500,1020682,4,1,14.99,0.00
5050501,1020683,4,1,14.99,0.00
5050502,1020683,22,1,4.49,0.00
5050503,1020684,17,1,12.49,0.00
5050504,1020684,30,1,3.29,0.00
5050505,1020685,14,1,10.49,0.00
5050506,1020685,21,2,3.99,0.00
5050507,1020686,5,1,13.49,0.00
5050508,1020686,34,1,4.49,0.00
5050509,1020687,5,1,13.49,0.00
5050510,1020687,30,1,3.29,0.00
5050511,1020688,1,1,11.49,0.00
5050512,1020688,32,1,4.99,0.00
5050513,1020689,9,1,13.99,0.00
5050514,1020689,34,1,4.49,0.00
5050515,1020689,22,1,4.49,0.00
5050516,1020690,17,1,12.49,2.50
5050517,1020691,13,1,9.99,0.00
5050518,1020691,26,1,2.49,0.00
5050519,1020691,31,1,3.49,0.00
5050520,1020692,2,-1,11.99,0.00
5050521,1020693,16,2,10.49,0.00
5050522,1020693,21,3,3.99,0.00
5050523,1020693,25,1,6.49,0.00
5050524,1020694,1,1,11.49,0.00
5050525,1020694,8,1,12.49,0.00
5050526,1020694,19,1,3.99,0.00
5050527,1020694,18,2,5.49,0.00
5050528,1020695,3,1,10.49,0.00
5050529,1020696,8,1,12.49,0.00
5050530,1020696,21,1,3.99,0.00
5050531,1020696,27,2,2.49,0.00
5050532,1020697,17,1,12.49,0.00
5050533,1020697,21,1,3.99,0.00
5050534,1020697,35,1,2.99,0.00
5050535,1020698,13,2,9.99,0.00
5050536,1020698,31,1,3.49,0.00
5050537,1020698,22,1,4.49,0.00
5050538,1020698,18,1,5.49,0.00
5050539,1020699,1,1,11.49,0.00
5050540,1020699,26,3,2.49,0.00
5050541,1020699,24,1,3.49,0.00
5050542,1020700,13,1,9.99,0.00
5050543,1020700,30,2,3.29,0.00
5050544,1020701,16,1,10.49,0.00
5050545,1020701,21,1,3.99,0.00
5050546,1020702,17,1,12.49,0.00
5050547,1020702,26,1,2.49,0.00
5050548,1020702,34,1,4.49,0.00
5050549,1020702,30,1,3.29,0.00
5050550,1020702,25,1,6.49,0.00
5050551,1020703,17,1,12.49,0.00
5050552,1020703,20,1,4.49,0.00
5050553,1020704,17,1,12.49,0.00
5050554,1020704,20,1,4.49,0.00
5050555,1020704,33,1,5.49,0.00
5050556,1020705,4,1,14.99,0.00
5050557,1020705,17,2,12.49,0.00
5050558,1020706,4,1,14.99,0.00
5050559,1020706,29,1,3.49,0.00
5050560,1020707,6,1,12.99,0.00
5050561,1020707,29,1,3.49,0.00
5050562,1020708,10,-2,10.99,0.00
5050563,1020708,19,1,3.99,0.00
5050564,1020709,9,1,13.99,0.00
5050565,1020709,25,2,6.49,0.00
5050566,1020709,33,1,5.49,0.00
5050567,1020710,17,1,12.49,2.50
5050568,1020710,6,1,12.99,0.00
5050569,1020710,19,1,3.99,0.00
5050570,1020711,17,1,12.49,2.50
5050571,1020711,26,1,2.49,0.00
5050572,1020712,3,1,10.49,0.00
5050573,1020712,21,1,3.99,0.00
5050574,1020712,31,1,3.49,0.00
5050575,1020713,1,1,11.49,0.00
5050576,1020713,26,3,2.49,0.00
5050577,1020714,4,1,14.99,0.00
5050578,1020714,33,3,5.49,0.00
5050579,1020714,24,3,3.49,0.00
5050580,1020715,1,1,11.49,0.00
5050581,1020715,26,1,2.49,0.00
5050582,1020716,11,1,13.49,0.00
5050583,1020716,31,1,3.49,0.00
5050584,1020716,19,1,3.99,0.00
5050585,1020716,27,1,2.49,0.00
5050586,1020717,7,1,11.99,0.00
5050587,1020718,8,1,12.49,0.00
5050588,1020718,5,1,13.49,0.00
5050589,1020719,17,1,12.49,0.00
5050590,1020719,21,1,3.99,0.00
5050591,1020720,17,1,12.49,0.00
5050592,1020720,30,1,3.29,0.00
5050593,1020721,17,1,12.49,0.00
5050594,1020721,18,1,5.49,0.00
5050595,1020722,13,1,9.99,0.00
5050596,1020722,21,1,3.99,0.00
5050597,1020723,3,0,10.49,0.00
5050598,1020723,21,1,3.99,0.00
5050599,1020724,7,1,11.99,0.00
5050600,1020725,6,1,12.99,0.00
5050601,1020726,1,1,11.49,0.00
5050602,1020726,27,1,2.49,0.00
5050603,1020727,11,1,13.49,0.00
5050604,1020727,29,1,3.49,0.00
5050605,1020728,17,1,12.49,0.00
5050606,1020729,14,1,10.49,0.00
5050607,1020729,18,1,5.49,0.00
5050608,1020729,27,1,2.49,0.00
5050609,1020730,17,1,12.49,0.00
5050610,1020731,6,1,12.99,0.00
5050611,1020731,21,3,3.99,0.00
5050612,1020731,35,1,2.99,0.00
5050613,1020732,17,1,12.49,0.00
5050614,1020732,4,1,14.99,0.00
5050615,1020732,25,1,6.49,0.00
5050616,1020732,22,1,4.49,0.00
5050617,1020733,17,1,12.49,0.00
5050618,1020734,2,1,11.99,0.00
5050619,1020735,6,1,12.99,0.00
5050620,1020735,26,2,2.49,0.00
5050621,1020736,4,1,14.99,0.00
5050622,1020737,1,1,11.49,0.00
5050623,1020737,27,2,2.49,0.00
5050624,1020737,29,1,3.49,0.00
5050625,1020737,31,1,3.49,0.00
5050626,1020737,33,1,5.49,0.00
5050627,1020738,17,1,12.49,0.00
5050628,1020738,28,1,3.49,0.00
5050629,1020739,16,1,10.49,0.00
5050630,1020739,28,1,3.49,0.00
5050631,1020740,17,1,12.49,0.00
5050632,1020741,10,1,10.99,0.00
5050633,1020742,17,1,12.49,2.50
5050634,1020742,19,1,3.99,0.00
5050635,1020743,17,1,12.49,0.00
5050636,1020743,21,1,3.99,0.00
5050637,1020743,28,2,3.49,0.00
5050638,1020744,2,2,11.99,0.00
5050639,1020745,15,1,10.99,0.00
5050640,1020746,6,2,12.99,0.00
5050641,1020746,25,1,6.49,0.00
5050642,1020747,17,0,12.49,0.00
5050643,1020747,18,1,5.49,0.00
5050644,1020747,25,2,6.49,0.00
5050645,1020748,17,1,12.49,0.00
5050646,1020749,10,2,10.99,0.00
5050647,1020750,14,1,10.49,0.00
5050648,1020750,28,1,3.49,0.00
5050649,1020750,18,1,5.49,0.00
5050650,1020751,3,1,10.49,0.00
5050651,1020751,10,1,10.99,0.00
5050652,1020751,32,1,4.99,0.00
5050653,1020752,14,2,10.49,0.00
5050654,1020752,21,1,3.99,0.00
5050655,1020752,25,2,6.49,0.00
5050656,1020753,7,1,11.99,0.00
5050657,1020753,27,2,2.49,0.00
5050658,1020754,16,1,10.49,0.00
5050659,1020755,7,1,11.99,0.00
5050660,1020755,27,1,2.49,0.00
5050661,1020755,28,1,3.49,0.00
5050662,1020756,2,3,11.99,0.00
5050663,1020756,22,1,4.49,0.00
5050664,1020757,2,2,11.99,0.00
5050665,1020757,10,1,10.99,0.00
5050666,1020758,14,2,10.49,0.00
5050667,1020759,1,2,11.49,0.00
5050668,1020759,18,1,5.49,0.00
5050669,1020759,32,1,4.99,0.00
5050670,1020759,19,1,3.99,0.00
5050671,1020760,17,1,12.49,0.00
5050672,1020760,26,1,2.49,0.00
5050673,1020760,19,1,3.99,0.00
5050674,1020761,3,2,10.49,0.00
5050675,1020761,26,3,2.49,0.00
5050676,1020761,24,1,3.49,0.00
5050677,1020761,29,1,3.49,0.00
5050678,1020761,23,2,3.99,0.00
5050679,1020762,17,2,12.49,0.00
5050680,1020762,22,1,4.49,0.00
5050681,1020762,21,1,3.99,0.00
5050682,1020762,33,2,5.49,0.00
5050683,1020763,12,1,18.99,0.00
5050684,1020764,14,1,10.49,0.00
5050685,1020764,23,1,3.99,0.00
5050686,1020764,24,1,3.49,0.00
5050687,1020765,11,1,13.49,0.00
5050688,1020765,33,1,5.49,0.00
5050689,1020766,17,1,12.49,0.00
5050690,1020766,34,1,4.49,0.00
5050691,1020766,18,2,5.49,0.00
5050692,1020767,7,1,11.99,0.00
5050693,1020767,23,1,3.99,0.00
5050694,1020768,5,1,13.49,0.00
5050695,1020769,11,1,13.49,0.00
5050696,1020769,26,1,2.49,0.00
5050697,1020769,21,1,3.99,0.00
5050698,1020769,20,1,4.49,0.00
5050699,1020770,6,1,12.99,0.00
5050700,1020770,24,1,3.49,0.00
5050701,1020770,27,1,2.49,0.00
5050702,1020771,17,3,12.49,0.00
5050703,1020771,22,1,4.49,0.00
5050704,1020772,3,2,10.49,0.00
5050705,1020772,26,1,2.49,0.00
5050706,1020772,19,1,3.99,0.00
5050707,1020773,2,1,11.99,0.00
5050708,1020773,18,2,5.49,0.00
5050709,1020773,21,1,3.99,0.00
5050710,1020774,6,1,12.99,0.00
5050711,1020774,31,1,3.49,0.00
5050712,1020775,1,1,11.49,0.00
5050713,1020775,19,1,3.99,0.00
5050714,1020775,33,1,5.49,0.00
5050715,1020776,1,1,11.49,0.00
5050716,1020776,27,1,2.49,0.00
5050717,1020777,11,1,13.49,0.00
5050718,1020777,30,1,3.29,0.00
5050719,1020777,21,1,3.99,0.00
5050720,1020778,8,1,12.49,0.00
5050721,1020778,26,1,2.49,0.00
5050722,1020779,13,1,9.99,0.00
5050723,1020779,20,1,4.49,0.00
5050724,1020780,4,2,14.99,0.00
5050725,1020780,33,1,5.49,0.00
5050726,1020780,20,1,4.49,0.00
5050727,1020780,26,1,2.49,0.00
5050728,1020781,3,1,10.49,0.00
5050729,1020781,25,1,6.49,0.00
5050730,1020781,18,1,5.49,0.00
5050731,1020782,17,1,12.49,0.00
5050732,1020782,34,1,4.49,0.00
5050733,1020782,21,2,3.99,0.00
5050734,1020783,8,1,12.49,0.00
5050735,1020784,13,1,9.99,0.00
5050736,1020784,18,1,5.49,0.00
5050737,1020785,10,1,10.99,0.00
5050738,1020785,26,1,2.49,0.00
5050739,1020786,17,1,12.49,2.50
5050740,1020787,7,1,11.99,0.00
5050741,1020788,6,1,12.99,0.00
5050742,1020788,15,3,10.99,0.00
5050743,1020788,21,1,3.99,0.00
5050744,1020789,3,1,10.49,0.00
5050745,1020789,26,1,2.49,0.00
5050746,1020789,20,1,4.49,0.00
5050747,1020789,30,1,3.29,0.00
5050748,1020789,31,2,3.49,0.00
5050749,1020790,14,2,10.49,0.00
5050750,1020790,33,1,5.49,0.00
5050751,1020790,21,1,3.99,0.00
5050752,1020790,27,1,2.49,0.00
5050753,1020791,8,1,12.49,0.00
5050754,1020791,33,2,5.49,0.00
5050755,1020792,17,1,12.49,2.50
5050756,1020792,23,1,3.99,0.00
5050757,1020792,22,1,4.49,0.00
5050758,1020793,9,1,13.99,0.00
5050759,1020793,27,1,2.49,0.00
5050760,1020793,2,1,11.99,0.00
5050761,1020794,5,1,13.49,0.00
5050762,1020795,8,2,12.49,0.00
5050763,1020796,17,1,12.49,2.50
5050764,1020796,21,2,3.99,0.00
5050765,1020796,25,1,6.49,0.00
5050766,1020796,16,2,10.49,0.00
5050767,1020797,17,1,12.49,0.00
5050768,1020798,17,1,12.49,0.00
5050769,1020798,23,1,3.99,0.00
5050770,1020798,29,1,3.49,0.00
5050771,1020799,4,1,14.99,0.00
5050772,1020800,12,1,18.99,0.00
5050773,1020800,23,1,3.99,0.00
5050774,1020801,8,3,12.49,0.00
5050775,1020801,34,1,4.49,0.00
5050776,1020801,1,3,11.49,0.00
5050777,1020802,17,1,12.49,0.00
5050778,1020802,11,1,13.49,0.00
5050779,1020803,1,1,11.49,0.00
5050780,1020803,27,1,2.49,0.00
5050781,1020803,25,1,6.49,0.00
5050782,1020804,8,1,12.49,0.00
5050783,1020804,24,3,3.49,0.00
5050784,1020804,30,1,3.29,0.00
5050785,1020805,17,2,12.49,0.00
5050786,1020805,23,1,3.99,0.00
5050787,1020806,17,1,12.49,0.00
5050788,1020806,22,2,4.49,0.00
5050789,1020807,10,1,10.99,0.00
5050790,1020807,19,1,3.99,0.00
5050791,1020807,27,1,2.49,0.00
5050792,1020808,14,1,10.49,0.00
5050793,1020808,21,1,3.99,0.00
5050794,1020808,19,1,3.99,0.00
5050795,1020809,6,2,12.99,0.00
5050796,1020810,8,1,12.49,0.00
5050797,1020810,22,1,4.49,0.00
5050798,1020811,3,1,10.49,0.00
5050799,1020811,26,1,2.49,0.00
5050800,1020812,14,1,10.49,0.00
5050801,1020813,16,1,10.49,0.00
5050802,1020813,20,1,4.49,0.00
5050803,1020813,27,1,2.49,0.00
5050804,1020814,3,1,10.49,0.00
5050805,1020815,17,1,12.49,0.00
5050806,1020816,17,1,12.49,0.00
5050807,1020817,17,1,12.49,0.00
5050808,1020817,18,1,5.49,0.00
5050809,1020817,1,2,11.49,0.00
5050810,1020818,7,1,11.99,0.00
5050811,1020818,27,1,2.49,0.00
5050812,1020818,26,1,2.49,0.00
5050813,1020818,32,1,4.99,0.00
5050814,1020819,5,2,13.49,0.00
5050815,1020819,31,1,3.49,0.00
5050816,1020819,27,1,2.49,0.00
5050817,1020820,3,1,10.49,0.00
5050818,1020820,33,1,5.49,0.00
5050819,1020821,2,1,11.99,0.00
5050820,1020821,25,1,6.49,0.00
5050821,1020821,18,1,5.49,0.00
5050822,1020822,7,1,11.99,0.00
5050823,1020822,21,1,3.99,0.00
5050824,1020823,17,1,12.49,2.50
5050825,1020823,24,2,3.49,0.00
5050826,1020823,20,1,4.49,0.00
5050827,1020824,17,3,12.49,0.00
5050828,1020825,1,1,11.49,0.00
5050829,1020825,10,1,10.99,0.00
5050830,1020826,7,1,11.99,0.00
5050831,1020826,21,1,3.99,0.00
5050832,1020826,18,1,5.49,0.00
5050833,1020827,17,1,12.49,0.00
5050834,1020828,6,1,12.99,0.00
5050835,1020828,30,1,3.29,0.00
5050836,1020828,27,1,2.49,0.00
5050837,1020829,7,1,11.99,0.00
5050838,1020830,11,1,13.49,0.00
5050839,1020830,31,4,3.49,0.00
5050840,1020830,18,1,5.49,0.00
5050841,1020831,2,2,11.99,0.00
5050842,1020831,19,2,3.99,0.00
5050843,1020832,1,1,11.49,0.00
5050844,1020832,33,1,5.49,0.00
5050845,1020833,5,1,13.49,0.00
5050846,1020834,17,1,12.49,2.50
5050847,1020834,24,1,3.49,0.00
5050848,1020835,14,1,10.49,0.00
5050849,1020835,28,2,3.49,0.00
5050850,1020835,3,1,10.49,0.00
5050851,1020836,9,1,13.99,0.00
5050852,1020836,21,1,3.99,0.00
5050853,1020837,8,1,12.49,0.00
5050854,1020838,17,2,12.49,5.00
5050855,1020839,17,1,12.49,2.50
5050856,1020839,10,-1,10.99,0.00
5050857,1020840,13,1,9.99,0.00
5050858,1020841,14,1,10.49,0.00
5050859,1020841,22,1,4.49,0.00
5050860,1020841,34,1,4.49,0.00
5050861,1020842,17,1,12.49,0.00
5050862,1020843,7,1,11.99,0.00
5050863,1020843,20,1,4.49,0.00
5050864,1020844,17,1,12.49,2.50
5050865,1020844,18,1,5.49,0.00
5050866,1020845,17,1,12.49,0.00
5050867,1020846,2,1,11.99,0.00
5050868,1020846,30,2,3.29,0.00
5050869,1020847,17,1,12.49,0.00
5050870,1020847,19,1,3.99,0.00
5050871,1020848,12,1,18.99,0.00
5050872,1020848,7,1,11.99,0.00
5050873,1020849,7,1,11.99,0.00
5050874,1020850,17,1,12.49,0.00
5050875,1020850,26,1,2.49,0.00
5050876,1020851,15,1,10.99,0.00
5050877,1020851,32,3,4.99,0.00
5050878,1020852,1,1,11.49,0.00
5050879,1020852,10,1,10.99,0.00
5050880,1020853,17,2,12.49,0.00
5050881,1020853,29,-1,3.49,0.00
5050882,1020854,15,1,10.99,0.00
5050883,1020855,8,-1,12.49,0.00
5050884,1020855,33,1,5.49,0.00
5050885,1020855,34,1,4.49,0.00
5050886,1020855,24,1,3.49,0.00
5050887,1020855,19,1,3.99,0.00
5050888,1020856,3,2,10.49,0.00
5050889,1020856,23,1,3.99,0.00
5050890,1020857,13,1,9.99,0.00
5050891,1020857,30,1,3.29,0.00
5050892,1020857,18,2,5.49,0.00
5050893,1020858,8,1,12.49,0.00
5050894,1020859,1,1,11.49,0.00
5050895,1020859,17,1,12.49,0.00
5050896,1020859,29,2,3.49,0.00
5050897,1020860,7,1,11.99,0.00
5050898,1020860,29,1,3.49,0.00
5050899,1020861,10,1,10.99,0.00
5050900,1020862,2,1,11.99,0.00
5050901,1020862,22,1,4.49,0.00
5050902,1020863,10,1,10.99,0.00
5050903,1020863,29,1,3.49,0.00
5050904,1020863,27,1,2.49,0.00
5050905,1020863,33,1,5.49,0.00
5050906,1020864,7,1,11.99,0.00
5050907,1020864,18,2,5.49,0.00
5050908,1020865,8,1,12.49,0.00
5050909,1020866,12,2,18.99,0.00
5050910,1020866,18,1,5.49,0.00
5050911,1020866,19,1,3.99,0.00
5050912,1020867,16,1,10.49,0.00
5050913,1020867,26,1,2.49,0.00
5050914,1020867,4,1,14.99,0.00
5050915,1020868,4,1,14.99,0.00
5050916,1020868,9,1,13.99,0.00
5050917,1020868,28,1,3.49,0.00
5050918,1020869,7,1,11.99,0.00
5050919,1020869,33,2,5.49,0.00
5050920,1020870,17,1,12.49,0.00
5050921,1020871,10,3,10.99,0.00
5050922,1020871,26,1,2.49,0.00
5050923,1020871,23,2,3.99,0.00
5050924,1020871,32,1,4.99,0.00
5050925,1020872,5,3,13.49,0.00
5050926,1020872,28,2,3.49,0.00
5050927,1020873,17,3,12.49,0.00
5050928,1020873,30,1,3.29,0.00
5050929,1020873,21,2,3.99,0.00
5050930,1020874,5,1,13.49,0.00
5050931,1020874,18,1,5.49,0.00
5050932,1020875,5,1,13.49,0.00
5050933,1020875,19,1,3.99,0.00
5050934,1020876,17,1,12.49,0.00
5050935,1020877,11,1,13.49,0.00
5050936,1020877,34,1,4.49,0.00
5050937,1020878,5,1,13.49,0.00
5050938,1020878,20,1,4.49,0.00
5050939,1020878,29,1,3.49,0.00
5050940,1020878,28,1,3.49,0.00
5050941,1020879,7,1,11.99,0.00
5050942,1020879,17,1,12.49,2.50
5050943,1020880,7,1,11.99,0.00
5050944,1020880,22,1,4.49,0.00
5050945,1020881,13,1,9.99,0.00
5050946,1020881,28,1,3.49,0.00
5050947,1020882,2,1,11.99,0.00
5050948,1020882,26,1,2.49,0.00
5050949,1020882,32,1,4.99,0.00
5050950,1020883,8,1,12.49,0.00
5050951,1020883,25,1,6.49,0.00
5050952,1020884,14,1,10.49,0.00
5050953,1020885,12,1,18.99,0.00
5050954,1020885,19,1,3.99,0.00
5050955,1020886,17,1,12.49,2.50
5050956,1020886,29,3,3.49,0.00
5050957,1020887,13,1,9.99,0.00
5050958,1020887,26,2,2.49,0.00
5050959,1020888,5,1,13.49,0.00
5050960,1020888,31,1,3.49,0.00
5050961,1020888,27,1,2.49,0.00
5050962,1020889,4,1,14.99,0.00
5050963,1020889,28,1,3.49,0.00
5050964,1020889,10,1,10.99,0.00
5050965,1020890,14,1,10.49,0.00
5050966,1020890,23,1,3.99,0.00
5050967,1020890,24,1,3.49,0.00
5050968,1020891,13,1,9.99,0.00
5050969,1020892,17,2,12.49,0.00
5050970,1020893,17,2,12.49,0.00
5050971,1020893,20,1,4.49,0.00
5050972,1020893,18,2,5.49,0.00
5050973,1020894,15,1,10.99,0.00
5050974,1020894,25,1,6.49,0.00
5050975,1020894,18,1,5.49,0.00
5050976,1020895,14,1,10.49,0.00
5050977,1020895,23,2,3.99,0.00
5050978,1020896,8,1,12.49,0.00
5050979,1020896,31,1,3.49,0.00
5050980,1020896,26,1,2.49,0.00
5050981,1020896,23,1,3.99,0.00
5050982,1020896,30,1,3.29,0.00
5050983,1020897,15,1,10.99,0.00
5050984,1020898,17,1,12.49,0.00
5050985,1020898,33,1,5.49,0.00
5050986,1020899,17,1,12.49,0.00
5050987,1020899,28,2,3.49,0.00
5050988,1020899,27,1,2.49,0.00
5050989,1020900,17,1,12.49,2.50
5050990,1020900,21,1,3.99,0.00
5050991,1020900,22,1,4.49,0.00
5050992,1020900,27,1,2.49,0.00
5050993,1020901,14,1,10.49,0.00
5050994,1020901,18,1,5.49,0.00
5050995,1020902,8,1,12.49,0.00
5050996,1020902,26,1,2.49,0.00
5050997,1020903,11,1,13.49,0.00
5050998,1020903,19,1,3.99,0.00
5050999,1020903,15,1,10.99,0.00
5051000,1020904,4,1,14.99,0.00
5051001,1020904,20,1,4.49,0.00
5051002,1020905,17,1,12.49,0.00
5051003,1020905,25,1,6.49,0.00
5051004,1020906,10,1,10.99,0.00
5051005,1020906,19,3,3.99,0.00
5051006,1020907,17,1,12.49,0.00
5051007,1020907,33,1,5.49,0.00
5051008,1020908,2,1,11.99,0.00
5051009,1020908,31,1,3.49,0.00
5051010,1020909,12,1,18.99,0.00
5051011,1020909,24,1,3.49,0.00
5051012,1020909,27,3,2.49,0.00
5051013,1020909,23,1,3.99,0.00
5051014,1020910,3,1,10.49,0.00
5051015,1020910,29,1,3.49,0.00
5051016,1020910,35,1,2.99,0.00
5051017,1020911,17,1,12.49,0.00
5051018,1020911,35,1,2.99,0.00
5051019,1020912,7,1,11.99,0.00
5051020,1020912,18,1,5.49,0.00
5051021,1020913,10,1,10.99,0.00
5051022,1020913,20,1,4.49,0.00
5051023,1020914,1,1,11.49,0.00
5051024,1020914,29,1,3.49,0.00
5051025,1020914,26,1,2.49,0.00
5051026,1020915,11,1,13.49,0.00
5051027,1020915,21,1,3.99,0.00
5051028,1020916,1,1,11.49,0.00
5051029,1020916,17,1,12.49,0.00
5051030,1020917,13,1,9.99,0.00
5051031,1020918,8,1,12.49,0.00
5051032,1020918,34,1,4.49,0.00
5051033,1020919,15,1,10.99,0.00
5051034,1020919,31,1,3.49,0.00
5051035,1020919,30,1,3.29,0.00
5051036,1020920,17,1,12.49,0.00
5051037,1020920,19,3,3.99,0.00
5051038,1020921,2,1,11.99,0.00
5051039,1020922,1,1,11.49,0.00
5051040,1020922,21,1,3.99,0.00
5051041,1020923,5,1,13.49,0.00
5051042,1020923,20,1,4.49,0.00
5051043,1020923,27,1,2.49,0.00
5051044,1020924,13,1,9.99,0.00
5051045,1020924,29,2,3.49,0.00
5051046,1020925,3,1,10.49,0.00
5051047,1020925,15,1,10.99,0.00
5051048,1020925,26,2,2.49,0.00
5051049,1020925,22,1,4.49,0.00
5051050,1020925,20,1,4.49,0.00
5051051,1020926,12,1,18.99,0.00
5051052,1020927,17,1,12.49,0.00
5051053,1020927,22,1,4.49,0.00
5051054,1020928,2,1,11.99,0.00
5051055,1020928,20,1,4.49,0.00
5051056,1020929,17,3,12.49,0.00
5051057,1020930,7,1,11.99,0.00
5051058,1020930,18,1,5.49,0.00
5051059,1020930,26,1,2.49,0.00
5051060,1020930,23,3,3.99,0.00
5051061,1020930,25,1,6.49,0.00
5051062,1020931,17,1,12.49,0.00
5051063,1020931,24,1,3.49,0.00
5051064,1020932,2,2,11.99,0.00
5051065,1020932,21,1,3.99,0.00
5051066,1020932,19,2,3.99,0.00
5051067,1020932,22,1,4.49,0.00
5051068,1020933,15,1,10.99,0.00
5051069,1020933,21,1,3.99,0.00
5051070,1020934,5,1,13.49,0.00
5051071,1020934,17,1,12.49,0.00
5051072,1020935,17,1,12.49,0.00
5051073,1020935,21,1,3.99,0.00
5051074,1020936,6,1,12.99,0.00
5051075,1020937,3,1,10.49,0.00
5051076,1020937,27,1,2.49,0.00
5051077,1020937,30,1,3.29,0.00
5051078,1020938,11,1,13.49,0.00
5051079,1020938,27,2,2.49,0.00
5051080,1020938,26,1,2.49,0.00
5051081,1020939,3,1,10.49,0.00
5051082,1020940,11,1,13.49,0.00
5051083,1020940,19,1,3.99,0.00
5051084,1020940,20,1,4.49,0.00
5051085,1020941,14,1,10.49,0.00
5051086,1020941,30,2,3.29,0.00
5051087,1020942,10,1,10.99,0.00
5051088,1020942,26,2,2.49,0.00
5051089,1020943,14,1,10.49,0.00
5051090,1020943,28,1,3.49,0.00
5051091,1020944,17,1,12.49,0.00
5051092,1020944,18,1,5.49,0.00
5051093,1020944,35,1,2.99,0.00
5051094,1020945,17,1,12.49,2.50
5051095,1020945,24,1,3.49,0.00
5051096,1020946,13,1,9.99,0.00
5051097,1020946,21,1,3.99,0.00
5051098,1020947,17,1,12.49,2.50
5051099,1020948,17,1,12.49,2.50
5051100,1020948,29,0,3.49,0.00
5051101,1020948,23,1,3.99,0.00
5051102,1020949,6,2,12.99,0.00
5051103,1020949,32,1,4.99,0.00
5051104,1020949,18,1,5.49,0.00
5051105,1020950,2,1,11.99,0.00
5051106,1020950,27,2,2.49,0.00
5051107,1020950,26,1,2.49,0.00
5051108,1020950,24,1,3.49,0.00
5051109,1020950,20,1,4.49,0.00
5051110,1020951,5,1,13.49,0.00
5051111,1020951,26,1,2.49,0.00
5051112,1020951,34,1,4.49,0.00
5051113,1020952,4,1,14.99,0.00
5051114,1020952,18,1,5.49,0.00
5051115,1020952,19,1,3.99,0.00
5051116,1020952,23,1,3.99,0.00
5051117,1020952,33,1,5.49,0.00
5051118,1020952,24,1,3.49,0.00
5051119,1020953,1,1,11.49,0.00
5051120,1020953,18,2,5.49,0.00
5051121,1020954,13,1,9.99,0.00
5051122,1020954,22,1,4.49,0.00
5051123,1020955,13,1,9.99,0.00
5051124,1020956,17,1,12.49,0.00
5051125,1020957,8,1,12.49,0.00
5051126,1020958,3,1,10.49,0.00
5051127,1020958,21,1,3.99,0.00
5051128,1020958,24,1,3.49,0.00
5051129,1020959,9,2,13.99,0.00
5051130,1020959,22,2,4.49,0.00
5051131,1020959,35,1,2.99,0.00
5051132,1020960,12,1,18.99,0.00
5051133,1020960,20,1,4.49,0.00
5051134,1020961,17,1,12.49,0.00
5051135,1020961,18,1,5.49,0.00
5051136,1020961,30,1,3.29,0.00
5051137,1020962,13,1,9.99,0.00
5051138,1020962,24,3,3.49,0.00
5051139,1020962,33,1,5.49,0.00
5051140,1020962,16,3,10.49,0.00
5051141,1020963,5,1,13.49,0.00
5051142,1020963,26,3,2.49,0.00
5051143,1020964,8,1,12.49,0.00
5051144,1020964,26,1,2.49,0.00
5051145,1020964,19,1,3.99,0.00
5051146,1020965,14,1,10.49,0.00
5051147,1020965,21,1,3.99,0.00
5051148,1020966,17,1,12.49,0.00
5051149,1020967,17,1,12.49,0.00
5051150,1020967,26,2,2.49,0.00
5051151,1020968,17,1,12.49,2.50
5051152,1020968,30,-1,3.29,0.00
5051153,1020968,29,1,3.49,0.00
5051154,1020968,20,2,4.49,0.00
5051155,1020968,27,1,2.49,0.00
5051156,1020969,17,1,12.49,0.00
5051157,1020969,2,2,11.99,0.00
5051158,1020969,27,1,2.49,0.00
5051159,1020969,18,1,5.49,0.00
5051160,1020970,2,1,11.99,0.00
5051161,1020970,28,1,3.49,0.00
5051162,1020971,7,1,11.99,0.00
5051163,1020972,7,1,11.99,0.00
5051164,1020972,20,1,4.49,0.00
5051165,1020972,19,1,3.99,0.00
5051166,1020973,17,1,12.49,0.00
5051167,1020973,24,-1,3.49,0.00
5051168,1020974,6,1,12.99,0.00
5051169,1020975,17,2,12.49,0.00
5051170,1020976,6,2,12.99,0.00
5051171,1020976,25,1,6.49,0.00
5051172,1020977,17,1,12.49,2.50
5051173,1020977,24,1,3.49,0.00
5051174,1020978,17,2,12.49,0.00
5051175,1020978,35,1,2.99,0.00
5051176,1020978,25,1,6.49,0.00
5051177,1020978,26,1,2.49,0.00
5051178,1020979,17,1,12.49,0.00
5051179,1020980,3,1,10.49,0.00
5051180,1020980,28,2,3.49,0.00
5051181,1020980,27,1,2.49,0.00
5051182,1020981,17,1,12.49,0.00
5051183,1020981,26,3,2.49,0.00
5051184,1020981,1,1,11.49,0.00
5051185,1020982,6,2,12.99,0.00
5051186,1020982,22,1,4.49,0.00
5051187,1020982,31,1,3.49,0.00
5051188,1020983,15,1,10.99,0.00
5051189,1020983,28,1,3.49,0.00
5051190,1020983,21,1,3.99,0.00
5051191,1020984,4,1,14.99,0.00
5051192,1020984,17,3,12.49,0.00
5051193,1020984,29,1,3.49,0.00
5051194,1020985,1,1,11.49,0.00
5051195,1020985,27,1,2.49,0.00
5051196,1020986,17,1,12.49,0.00
5051197,1020986,23,1,3.99,0.00
5051198,1020987,11,1,13.49,0.00
5051199,1020987,28,1,3.49,0.00
5051200,1020988,2,1,11.99,0.00
5051201,1020988,25,1,6.49,0.00
5051202,1020988,5,1,13.49,0.00
5051203,1020989,8,1,12.49,0.00
5051204,1020989,1,1,11.49,0.00
5051205,1020990,12,1,18.99,0.00
5051206,1020990,20,1,4.49,0.00
5051207,1020991,11,1,13.49,0.00
5051208,1020992,6,3,12.99,0.00
5051209,1020992,27,1,2.49,0.00
5051210,1020992,34,1,4.49,0.00
5051211,1020992,35,1,2.99,0.00
5051212,1020993,9,2,13.99,0.00
5051213,1020993,19,1,3.99,0.00
5051214,1020994,14,1,10.49,0.00
5051215,1020994,22,1,4.49,0.00
5051216,1020994,27,1,2.49,0.00
5051217,1020995,9,1,13.99,0.00
5051218,1020995,24,1,3.49,0.00
5051219,1020995,20,1,4.49,0.00
5051220,1020996,17,1,12.49,2.50
5051221,1020996,28,1,3.49,0.00
5051222,1020997,17,1,12.49,2.50
5051223,1020997,34,2,4.49,0.00
5051224,1020997,30,1,3.29,0.00
5051225,1020998,13,1,9.99,0.00
5051226,1020999,14,3,10.49,0.00
5051227,1020999,34,1,4.49,0.00
5051228,1021000,2,1,11.99,0.00
5051229,1021000,27,1,2.49,0.00
5051230,1021001,9,2,13.99,0.00
5051231,1021001,26,1,2.49,0.00
5051232,1021002,14,1,10.49,0.00
5051233,1021002,32,1,4.99,0.00
5051234,1021003,11,1,13.49,0.00
5051235,1021003,18,3,5.49,0.00
5051236,1021003,26,1,2.49,0.00
5051237,1021004,17,2,12.49,0.00
5051238,1021005,11,1,13.49,0.00
5051239,1021005,25,2,6.49,0.00
5051240,1021006,17,1,12.49,0.00
5051241,1021006,26,1,2.49,0.00
5051242,1021007,9,2,13.99,0.00
5051243,1021007,28,2,3.49,0.00
5051244,1021007,23,1,3.99,0.00
5051245,1021008,1,1,11.49,0.00
5051246,1021008,35,1,2.99,0.00
5051247,1021009,6,1,12.99,0.00
5051248,1021010,9,1,13.99,0.00
5051249,1021010,34,1,4.49,0.00
5051250,1021010,22,2,4.49,0.00
5051251,1021011,11,1,13.49,0.00
5051252,1021012,8,0,12.49,0.00
5051253,1021012,30,1,3.29,0.00
5051254,1021012,25,1,6.49,0.00
5051255,1021013,6,1,12.99,0.00
5051256,1021014,10,1,10.99,0.00
5051257,1021015,6,2,12.99,0.00
5051258,1021015,32,2,4.99,0.00
5051259,1021015,26,1,2.49,0.00
5051260,1021016,17,1,12.49,0.00
5051261,1021017,17,2,12.49,0.00
5051262,1021017,25,1,6.49,0.00
5051263,1021017,10,1,10.99,0.00
5051264,1021017,32,2,4.99,0.00
5051265,1021018,12,1,18.99,0.00
5051266,1021019,4,1,14.99,0.00
5051267,1021019,1,1,11.49,0.00
5051268,1021019,24,1,3.49,0.00
5051269,1021020,14,1,10.49,0.00
5051270,1021020,20,1,4.49,0.00
5051271,1021020,33,1,5.49,0.00
5051272,1021021,16,1,10.49,0.00
5051273,1021021,18,3,5.49,0.00
5051274,1021021,26,1,2.49,0.00
5051275,1021022,17,1,12.49,0.00
5051276,1021022,31,1,3.49,0.00
5051277,1021023,8,1,12.49,0.00
5051278,1021023,27,1,2.49,0.00
5051279,1021023,17,1,12.49,0.00
5051280,1021023,24,2,3.49,0.00
5051281,1021023,30,1,3.29,0.00
5051282,1021023,21,1,3.99,0.00
5051283,1021024,14,1,10.49,0.00
5051284,1021025,4,1,14.99,0.00
5051285,1021026,17,1,12.49,0.00
5051286,1021026,26,4,2.49,0.00
5051287,1021026,27,1,2.49,0.00
5051288,1021026,21,1,3.99,0.00
5051289,1021027,15,1,10.99,0.00
5051290,1021028,3,1,10.49,0.00
5051291,1021028,26,1,2.49,0.00
5051292,1021028,19,1,3.99,0.00
5051293,1021029,5,1,13.49,0.00
5051294,1021029,34,1,4.49,0.00
5051295,1021030,11,1,13.49,0.00
5051296,1021030,18,1,5.49,0.00
5051297,1021030,22,1,4.49,0.00
5051298,1021031,17,1,12.49,2.50
5051299,1021031,19,1,3.99,0.00
5051300,1021032,2,1,11.99,0.00
5051301,1021033,17,1,12.49,0.00
5051302,1021033,29,1,3.49,0.00
5051303,1021034,7,2,11.99,0.00
5051304,1021035,4,1,14.99,0.00
5051305,1021036,6,1,12.99,0.00
5051306,1021036,19,1,3.99,0.00
5051307,1021037,5,1,13.49,0.00
5051308,1021037,24,1,3.49,0.00
5051309,1021038,4,1,14.99,0.00
5051310,1021038,26,1,2.49,0.00
5051311,1021038,32,2,4.99,0.00
5051312,1021039,17,1,12.49,0.00
5051313,1021039,6,1,12.99,0.00
5051314,1021039,19,1,3.99,0.00
5051315,1021039,18,1,5.49,0.00
5051316,1021039,31,2,3.49,0.00
5051317,1021040,11,1,13.49,0.00
5051318,1021041,17,2,12.49,0.00
5051319,1021041,14,1,10.49,0.00
5051320,1021041,18,1,5.49,0.00
5051321,1021041,21,1,3.99,0.00
5051322,1021042,12,1,18.99,0.00
5051323,1021043,17,1,12.49,0.00
5051324,1021043,3,1,10.49,0.00
5051325,1021044,17,1,12.49,0.00
5051326,1021044,32,2,4.99,0.00
5051327,1021044,28,1,3.49,0.00
5051328,1021044,23,1,3.99,0.00
5051329,1021045,17,1,12.49,0.00
5051330,1021046,6,1,12.99,0.00
5051331,1021046,24,1,3.49,0.00
5051332,1021047,2,1,11.99,0.00
5051333,1021047,27,1,2.49,0.00
5051334,1021048,8,1,12.49,0.00
5051335,1021048,24,1,3.49,0.00
5051336,1021049,6,1,12.99,0.00
5051337,1021049,31,1,3.49,0.00
5051338,1021049,11,2,13.49,0.00
5051339,1021049,20,1,4.49,0.00
5051340,1021049,29,-1,3.49,0.00
5051341,1021049,27,1,2.49,0.00
5051342,1021050,6,1,12.99,0.00
5051343,1021050,30,1,3.29,0.00
5051344,1021050,31,1,3.49,0.00
5051345,1021051,17,1,12.49,2.50
5051346,1021051,28,1,3.49,0.00
5051347,1021051,27,1,2.49,0.00
5051348,1021052,17,1,12.49,0.00
5051349,1021052,31,1,3.49,0.00
5051350,1021053,2,1,11.99,0.00
5051351,1021054,3,1,10.49,0.00
5051352,1021055,2,1,11.99,0.00
5051353,1021055,19,2,3.99,0.00
5051354,1021056,7,1,11.99,0.00
5051355,1021057,17,1,12.49,0.00
5051356,1021057,20,1,4.49,0.00
5051357,1021058,7,2,11.99,0.00
5051358,1021058,26,1,2.49,0.00
5051359,1021059,17,1,12.49,0.00
5051360,1021059,19,1,3.99,0.00
5051361,1021059,20,1,4.49,0.00
5051362,1021059,25,1,6.49,0.00
5051363,1021060,7,1,11.99,0.00
5051364,1021060,24,2,3.49,0.00
5051365,1021060,20,1,4.49,0.00
5051366,1021060,23,1,3.99,0.00
5051367,1021061,2,1,11.99,0.00
5051368,1021061,34,1,4.49,0.00
5051369,1021062,17,1,12.49,0.00
5051370,1021062,33,1,5.49,0.00
5051371,1021063,5,1,13.49,0.00
5051372,1021063,27,0,2.49,0.00
5051373,1021064,12,1,18.99,5.00
5051374,1021065,9,1,13.99,0.00
5051375,1021066,17,1,12.49,2.50
5051376,1021066,21,1,3.99,0.00
5051377,1021067,10,1,10.99,0.00
5051378,1021067,31,1,3.49,0.00
5051379,1021067,20,1,4.49,0.00
5051380,1021067,29,1,3.49,0.00
5051381,1021068,17,1,12.49,2.50
5051382,1021069,4,1,14.99,0.00
5051383,1021069,30,1,3.29,0.00
5051384,1021069,23,1,3.99,0.00
5051385,1021069,27,1,2.49,0.00
5051386,1021069,29,2,3.49,0.00
5051387,1021070,7,1,11.99,0.00
5051388,1021070,19,-2,3.99,0.00
5051389,1021071,10,1,10.99,0.00
5051390,1021071,22,1,4.49,0.00
5051391,1021071,27,3,2.49,0.00
5051392,1021071,28,2,3.49,0.00
5051393,1021071,26,0,2.49,0.00
5051394,1021072,4,1,14.99,0.00
5051395,1021072,26,1,2.49,0.00
5051396,1021073,15,2,10.99,0.00
5051397,1021073,25,1,6.49,0.00
5051398,1021073,26,2,2.49,0.00
5051399,1021074,10,1,10.99,0.00
5051400,1021074,25,3,6.49,0.00
5051401,1021075,7,1,11.99,0.00
5051402,1021075,21,1,3.99,0.00
5051403,1021076,7,1,11.99,0.00
5051404,1021077,1,1,11.49,0.00
5051405,1021077,30,1,3.29,0.00
5051406,1021078,1,1,11.49,0.00
5051407,1021078,18,2,5.49,0.00
5051408,1021078,25,2,6.49,0.00
5051409,1021078,4,1,14.99,5.00
5051410,1021078,21,1,3.99,0.00
5051411,1021079,11,1,13.49,0.00
5051412,1021080,17,1,12.49,0.00
5051413,1021080,28,3,3.49,0.00
5051414,1021081,17,1,12.49,2.50
5051415,1021081,28,1,3.49,0.00
5051416,1021081,27,1,2.49,0.00
5051417,1021082,17,1,12.49,0.00
5051418,1021082,33,1,5.49,0.00
5051419,1021082,27,2,2.49,0.00
5051420,1021083,17,1,12.49,0.00
5051421,1021083,20,1,4.49,0.00
5051422,1021084,17,1,12.49,0.00
5051423,1021084,30,1,3.29,0.00
5051424,1021084,18,1,5.49,0.00
5051425,1021085,11,2,13.49,0.00
5051426,1021085,21,1,3.99,0.00
5051427,1021085,33,1,5.49,0.00
5051428,1021086,15,2,10.99,0.00
5051429,1021086,29,1,3.49,0.00
5051430,1021087,12,1,18.99,5.00
5051431,1021087,18,1,5.49,0.00
5051432,1021087,34,1,4.49,0.00
5051433,1021088,17,2,12.49,5.00
5051434,1021088,22,1,4.49,0.00
5051435,1021089,12,1,18.99,0.00
5051436,1021089,29,1,3.49,0.00
5051437,1021090,1,2,11.49,0.00
5051438,1021090,21,1,3.99,0.00
5051439,1021090,28,2,3.49,0.00
5051440,1021090,30,1,3.29,0.00
5051441,1021090,4,1,14.99,5.00
5051442,1021090,19,1,3.99,0.00
5051443,1021091,15,1,10.99,0.00
5051444,1021092,11,1,13.49,0.00
5051445,1021092,29,1,3.49,0.00
5051446,1021092,31,1,3.49,0.00
5051447,1021092,33,1,5.49,0.00
5051448,1021092,17,1,12.49,0.00
5051449,1021093,4,1,14.99,5.00
5051450,1021093,30,2,3.29,0.00
5051451,1021094,3,2,10.49,0.00
5051452,1021094,26,2,2.49,0.00
5051453,1021094,27,1,2.49,0.00
5051454,1021095,7,1,11.99,0.00
5051455,1021095,26,1,2.49,0.00
5051456,1021095,21,1,3.99,0.00
5051457,1021096,1,1,11.49,0.00
5051458,1021096,27,1,2.49,0.00
5051459,1021096,6,1,12.99,0.00
5051460,1021097,12,1,18.99,5.00
5051461,1021097,21,1,3.99,0.00
5051462,1021097,18,1,5.49,0.00
5051463,1021098,6,1,12.99,0.00
5051464,1021098,35,1,2.99,0.00
5051465,1021098,27,1,2.49,0.00
5051466,1021099,17,1,12.49,2.50
5051467,1021099,29,1,3.49,0.00
5051468,1021100,17,1,12.49,0.00
5051469,1021101,2,1,11.99,0.00
5051470,1021101,30,1,3.29,0.00
5051471,1021101,27,1,2.49,0.00
5051472,1021102,6,1,12.99,0.00
5051473,1021102,30,1,3.29,0.00
5051474,1021102,9,1,13.99,0.00
5051475,1021103,12,1,18.99,5.00
5051476,1021104,1,3,11.49,0.00
5051477,1021104,31,1,3.49,0.00
5051478,1021104,18,1,5.49,0.00
5051479,1021104,30,1,3.29,0.00
5051480,1021105,5,1,13.49,0.00
5051481,1021105,28,1,3.49,0.00
5051482,1021106,17,2,12.49,5.00
5051483,1021106,27,1,2.49,0.00
5051484,1021107,16,1,10.49,0.00
5051485,1021107,18,1,5.49,0.00
5051486,1021107,22,1,4.49,0.00
5051487,1021108,17,1,12.49,0.00
5051488,1021108,18,1,5.49,0.00
5051489,1021108,32,1,4.99,0.00
5051490,1021108,28,1,3.49,0.00
5051491,1021109,12,1,18.99,5.00
5051492,1021109,22,1,4.49,0.00
5051493,1021110,17,1,12.49,0.00
5051494,1021110,25,1,6.49,0.00
5051495,1021111,16,2,10.49,0.00
5051496,1021111,23,1,3.99,0.00
5051497,1021112,17,1,12.49,0.00
5051498,1021112,1,1,11.49,0.00
5051499,1021112,34,1,4.49,0.00
5051500,1021112,25,1,6.49,0.00
5051501,1021113,4,1,14.99,5.00
5051502,1021113,33,1,5.49,0.00
5051503,1021113,28,1,3.49,0.00
5051504,1021113,29,2,3.49,0.00
5051505,1021113,10,1,10.99,0.00
5051506,1021114,5,1,13.49,0.00
5051507,1021114,31,2,3.49,0.00
5051508,1021115,17,1,12.49,0.00
5051509,1021116,16,1,10.49,0.00
5051510,1021116,26,1,2.49,0.00
5051511,1021117,17,3,12.49,7.49
5051512,1021118,9,1,13.99,0.00
5051513,1021118,34,1,4.49,0.00
5051514,1021118,26,1,2.49,0.00
5051515,1021119,17,1,12.49,0.00
5051516,1021119,19,1,3.99,0.00
5051517,1021120,5,1,13.49,0.00
5051518,1021121,4,1,14.99,0.00
5051519,1021122,17,2,12.49,0.00
5051520,1021122,28,1,3.49,0.00
5051521,1021123,4,3,14.99,5.00
5051522,1021124,6,1,12.99,0.00
5051523,1021124,32,1,4.99,0.00
5051524,1021125,17,1,12.49,2.50
5051525,1021125,31,1,3.49,0.00
5051526,1021125,27,2,2.49,0.00
5051527,1021125,30,2,3.29,0.00
5051528,1021125,35,1,2.99,0.00
5051529,1021126,15,2,10.99,0.00
5051530,1021126,33,1,5.49,0.00
5051531,1021126,23,1,3.99,0.00
5051532,1021126,17,1,12.49,0.00
5051533,1021127,4,1,14.99,5.00
5051534,1021127,27,2,2.49,0.00
5051535,1021128,4,1,14.99,0.00
5051536,1021128,27,4,2.49,0.00
5051537,1021128,32,1,4.99,0.00
5051538,1021128,29,1,3.49,0.00
5051539,1021129,9,1,13.99,0.00
5051540,1021129,22,1,4.49,0.00
5051541,1021129,21,4,3.99,0.00
5051542,1021129,27,-2,2.49,0.00
5051543,1021130,4,2,14.99,5.00
5051544,1021131,17,1,12.49,2.50
5051545,1021132,5,1,13.49,0.00
5051546,1021132,22,1,4.49,0.00
5051547,1021133,4,1,14.99,0.00
5051548,1021133,17,1,12.49,0.00
5051549,1021133,24,1,3.49,0.00
5051550,1021133,22,2,4.49,0.00
5051551,1021134,14,1,10.49,0.00
5051552,1021134,26,-1,2.49,0.00
5051553,1021134,11,1,13.49,0.00
5051554,1021135,4,1,14.99,5.00
5051555,1021135,33,1,5.49,0.00
5051556,1021135,29,1,3.49,0.00
5051557,1021135,30,1,3.29,0.00
5051558,1021135,31,1,3.49,0.00
5051559,1021135,28,1,3.49,0.00
5051560,1021136,3,1,10.49,0.00
5051561,1021136,22,1,4.49,0.00
5051562,1021137,12,1,18.99,5.00
5051563,1021137,1,1,11.49,0.00
5051564,1021138,1,2,11.49,0.00
5051565,1021138,33,1,5.49,0.00
5051566,1021139,12,1,18.99,5.00
5051567,1021139,19,1,3.99,0.00
5051568,1021140,4,1,14.99,0.00
5051569,1021140,18,1,5.49,0.00
5051570,1021141,17,2,12.49,0.00
5051571,1021141,20,1,4.49,0.00
5051572,1021141,18,1,5.49,0.00
5051573,1021142,16,1,10.49,0.00
5051574,1021142,27,1,2.49,0.00
5051575,1021143,6,1,12.99,0.00
5051576,1021144,11,1,13.49,0.00
5051577,1021144,18,1,5.49,0.00
5051578,1021144,22,1,4.49,0.00
5051579,1021145,17,1,12.49,0.00
5051580,1021145,27,1,2.49,0.00
5051581,1021145,24,1,3.49,0.00
5051582,1021145,3,1,10.49,0.00
5051583,1021146,17,1,12.49,0.00
5051584,1021147,11,1,13.49,0.00
5051585,1021148,17,1,12.49,0.00
5051586,1021149,17,1,12.49,0.00
5051587,1021149,34,1,4.49,0.00
5051588,1021149,32,1,4.99,0.00
5051589,1021150,4,1,14.99,0.00
5051590,1021150,25,1,6.49,0.00
5051591,1021151,12,2,18.99,5.00
5051592,1021151,15,1,10.99,0.00
5051593,1021152,10,1,10.99,0.00
5051594,1021152,21,1,3.99,0.00
5051595,1021152,27,1,2.49,0.00
5051596,1021153,17,1,12.49,0.00
5051597,1021154,4,1,14.99,5.00
5051598,1021154,29,1,3.49,0.00
5051599,1021155,4,1,14.99,5.00
5051600,1021155,19,1,3.99,0.00
5051601,1021155,34,1,4.49,0.00
5051602,1021155,27,1,2.49,0.00
5051603,1021155,33,1,5.49,0.00
5051604,1021156,17,2,12.49,0.00
5051605,1021156,18,1,5.49,0.00
5051606,1021156,35,1,2.99,0.00
5051607,1021157,12,1,18.99,5.00
5051608,1021157,19,1,3.99,0.00
5051609,1021158,17,1,12.49,0.00
5051610,1021158,32,3,4.99,0.00
5051611,1021159,13,3,9.99,0.00
5051612,1021159,28,1,3.49,0.00
5051613,1021160,4,2,14.99,0.00
5051614,1021160,19,2,3.99,0.00
5051615,1021160,26,1,2.49,0.00
5051616,1021161,6,1,12.99,0.00
5051617,1021161,10,1,10.99,0.00
5051618,1021161,20,1,4.49,0.00
5051619,1021162,17,1,12.49,0.00
5051620,1021162,27,1,2.49,0.00
5051621,1021163,16,1,10.49,0.00
5051622,1021163,28,1,3.49,0.00
5051623,1021163,1,1,11.49,0.00
5051624,1021164,1,1,11.49,0.00
5051625,1021164,28,1,3.49,0.00
5051626,1021164,25,2,6.49,0.00
5051627,1021165,6,1,12.99,0.00
5051628,1021165,23,1,3.99,0.00
5051629,1021166,15,1,10.99,0.00
5051630,1021166,26,2,2.49,0.00
5051631,1021167,3,2,10.49,0.00
5051632,1021167,33,1,5.49,0.00
5051633,1021167,30,1,3.29,0.00
5051634,1021168,11,1,13.49,0.00
5051635,1021168,26,1,2.49,0.00
5051636,1021169,13,1,9.99,0.00
5051637,1021169,26,1,2.49,0.00
5051638,1021169,18,1,5.49,0.00
5051639,1021170,11,1,13.49,0.00
5051640,1021170,24,1,3.49,0.00
5051641,1021171,17,1,12.49,0.00
5051642,1021171,19,1,3.99,0.00
5051643,1021172,11,1,13.49,0.00
5051644,1021172,22,2,4.49,0.00
5051645,1021173,3,1,10.49,0.00
5051646,1021174,9,2,13.99,0.00
5051647,1021174,21,-1,3.99,0.00
5051648,1021174,22,1,4.49,0.00
5051649,1021174,32,2,4.99,0.00
5051650,1021175,6,1,12.99,0.00
5051651,1021175,25,1,6.49,0.00
5051652,1021176,17,1,12.49,0.00
5051653,1021176,30,3,3.29,0.00
5051654,1021177,17,1,12.49,0.00
5051655,1021178,17,2,12.49,5.00
5051656,1021179,4,1,14.99,5.00
5051657,1021179,34,2,4.49,0.00
5051658,1021180,17,2,12.49,0.00
5051659,1021181,9,3,13.99,0.00
5051660,1021181,24,1,3.49,0.00
5051661,1021181,10,1,10.99,0.00
5051662,1021182,4,1,14.99,0.00
5051663,1021182,27,2,2.49,0.00
5051664,1021183,12,1,18.99,5.00
5051665,1021183,33,1,5.49,0.00
5051666,1021183,34,1,4.49,0.00
5051667,1021184,12,1,18.99,5.00
5051668,1021184,20,1,4.49,0.00
5051669,1021184,26,1,2.49,0.00
5051670,1021185,11,1,13.49,0.00
5051671,1021185,30,1,3.29,0.00
5051672,1021186,8,1,12.49,0.00
5051673,1021186,18,1,5.49,0.00
5051674,1021187,4,1,14.99,5.00
5051675,1021188,8,1,12.49,0.00
5051676,1021188,22,2,4.49,0.00
5051677,1021188,26,1,2.49,0.00
5051678,1021188,27,1,2.49,0.00
5051679,1021189,12,1,18.99,5.00
5051680,1021189,20,1,4.49,0.00
5051681,1021190,17,1,12.49,0.00
5051682,1021191,15,2,10.99,0.00
5051683,1021191,32,1,4.99,0.00
5051684,1021191,18,1,5.49,0.00
5051685,1021191,27,1,2.49,0.00
5051686,1021192,12,1,18.99,0.00
5051687,1021192,1,1,11.49,0.00
5051688,1021192,26,3,2.49,0.00
5051689,1021193,8,1,12.49,0.00
5051690,1021193,28,1,3.49,0.00
5051691,1021194,7,1,11.99,0.00
5051692,1021194,29,1,3.49,0.00
5051693,1021195,12,2,18.99,5.00
5051694,1021195,18,1,5.49,0.00
5051695,1021195,32,1,4.99,0.00
5051696,1021196,14,1,10.49,0.00
5051697,1021196,18,1,5.49,0.00
5051698,1021197,2,1,11.99,0.00
5051699,1021198,17,1,12.49,0.00
5051700,1021198,33,1,5.49,0.00
5051701,1021198,25,1,6.49,0.00
5051702,1021199,7,3,11.99,0.00
5051703,1021199,30,1,3.29,0.00
5051704,1021200,16,1,10.49,0.00
5051705,1021200,26,1,2.49,0.00
5051706,1021201,12,1,18.99,5.00
5051707,1021201,27,1,2.49,0.00
5051708,1021202,4,1,14.99,5.00
5051709,1021203,4,1,14.99,0.00
5051710,1021203,21,2,3.99,0.00
5051711,1021204,17,1,12.49,0.00
5051712,1021204,33,2,5.49,0.00
5051713,1021205,17,1,12.49,2.50
5051714,1021205,30,1,3.29,0.00
5051715,1021205,26,1,2.49,0.00
5051716,1021206,17,1,12.49,2.50
5051717,1021206,27,1,2.49,0.00
5051718,1021207,8,1,12.49,0.00
5051719,1021207,26,1,2.49,0.00
5051720,1021207,29,1,3.49,0.00
5051721,1021207,24,1,3.49,0.00
5051722,1021208,17,1,12.49,0.00
5051723,1021208,19,2,3.99,0.00
5051724,1021208,26,1,2.49,0.00
5051725,1021209,17,1,12.49,0.00
5051726,1021209,26,1,2.49,0.00
5051727,1021209,23,1,3.99,0.00
5051728,1021209,9,1,13.99,0.00
5051729,1021210,12,1,18.99,5.00
5051730,1021210,25,1,6.49,0.00
5051731,1021211,10,1,10.99,0.00
5051732,1021211,18,1,5.49,0.00
5051733,1021212,8,1,12.49,0.00
5051734,1021212,26,1,2.49,0.00
5051735,1021213,4,1,14.99,0.00
5051736,1021213,5,1,13.49,0.00
5051737,1021214,12,2,18.99,5.00
5051738,1021214,31,2,3.49,0.00
5051739,1021215,14,2,10.49,0.00
5051740,1021215,18,3,5.49,0.00
5051741,1021215,26,1,2.49,0.00
5051742,1021216,1,1,11.49,0.00
5051743,1021217,8,1,12.49,0.00
5051744,1021217,22,1,4.49,0.00
5051745,1021218,17,1,12.49,0.00
5051746,1021218,23,2,3.99,0.00
5051747,1021218,30,1,3.29,0.00
5051748,1021218,3,1,10.49,0.00
5051749,1021218,2,-1,11.99,0.00
5051750,1021219,8,2,12.49,0.00
5051751,1021220,4,1,14.99,5.00
5051752,1021220,27,2,2.49,0.00
5051753,1021220,23,1,3.99,0.00
5051754,1021220,25,1,6.49,0.00
5051755,1021221,5,2,13.49,0.00
5051756,1021221,4,1,14.99,0.00
5051757,1021222,14,1,10.49,0.00
5051758,1021222,23,1,3.99,0.00
5051759,1021222,17,1,12.49,0.00
5051760,1021222,26,3,2.49,0.00
5051761,1021223,4,1,14.99,5.00
5051762,1021223,26,2,2.49,0.00
5051763,1021223,3,2,10.49,0.00
5051764,1021224,17,1,12.49,0.00
5051765,1021224,26,1,2.49,0.00
5051766,1021224,33,1,5.49,0.00
5051767,1021225,12,1,18.99,5.00
5051768,1021225,28,0,3.49,0.00
5051769,1021226,4,1,14.99,5.00
5051770,1021226,21,3,3.99,0.00
5051771,1021227,4,1,14.99,5.00
5051772,1021227,29,1,3.49,0.00
5051773,1021227,35,1,2.99,0.00
5051774,1021228,17,1,12.49,0.00
5051775,1021228,22,1,4.49,0.00
5051776,1021228,20,1,4.49,0.00
5051777,1021229,17,1,12.49,2.50
5051778,1021229,9,1,13.99,0.00
5051779,1021229,29,2,3.49,0.00
5051780,1021229,8,1,12.49,0.00
5051781,1021229,33,2,5.49,0.00
5051782,1021230,4,1,14.99,5.00
5051783,1021231,8,1,12.49,0.00
5051784,1021231,19,1,3.99,0.00
5051785,1021231,31,1,3.49,0.00
5051786,1021231,27,1,2.49,0.00
5051787,1021232,4,1,14.99,5.00
5051788,1021232,30,2,3.29,0.00
5051789,1021232,18,1,5.49,0.00
5051790,1021233,8,-2,12.49,0.00
5051791,1021233,35,1,2.99,0.00
5051792,1021234,4,1,14.99,0.00
5051793,1021234,21,1,3.99,0.00
5051794,1021235,9,1,13.99,0.00
5051795,1021235,31,2,3.49,0.00
5051796,1021235,22,1,4.49,0.00
5051797,1021236,17,1,12.49,2.50
5051798,1021236,21,1,3.99,0.00
5051799,1021236,35,1,2.99,0.00
5051800,1021237,1,1,11.49,0.00
5051801,1021238,4,1,14.99,5.00
5051802,1021238,24,1,3.49,0.00
5051803,1021238,18,1,5.49,0.00
5051804,1021239,8,2,12.49,0.00
5051805,1021239,26,1,2.49,0.00
5051806,1021239,4,1,14.99,5.00
5051807,1021239,28,2,3.49,0.00
5051808,1021239,27,1,2.49,0.00
5051809,1021240,1,1,11.49,0.00
5051810,1021240,20,1,4.49,0.00
5051811,1021241,17,1,12.49,0.00
5051812,1021242,12,1,18.99,5.00
5051813,1021243,9,1,13.99,0.00
5051814,1021243,26,1,2.49,0.00
5051815,1021244,13,1,9.99,0.00
5051816,1021244,35,1,2.99,0.00
5051817,1021244,28,1,3.49,0.00
5051818,1021245,5,1,13.49,0.00
5051819,1021245,32,1,4.99,0.00
5051820,1021246,12,1,18.99,5.00
5051821,1021246,5,1,13.49,0.00
5051822,1021246,26,1,2.49,0.00
5051823,1021247,17,1,12.49,0.00
5051824,1021248,14,3,10.49,0.00
5051825,1021248,20,3,4.49,0.00
5051826,1021249,17,1,12.49,0.00
5051827,1021249,18,2,5.49,0.00
5051828,1021249,29,1,3.49,0.00
5051829,1021249,26,1,2.49,0.00
5051830,1021249,23,2,3.99,0.00
5051831,1021250,9,2,13.99,0.00
5051832,1021250,35,2,2.99,0.00
5051833,1021250,2,2,11.99,0.00
5051834,1021251,12,3,18.99,5.00
5051835,1021251,23,1,3.99,0.00
5051836,1021251,22,1,4.49,0.00
5051837,1021252,3,1,10.49,0.00
5051838,1021253,17,1,12.49,0.00
5051839,1021254,3,1,10.49,0.00
5051840,1021254,19,1,3.99,0.00
5051841,1021254,30,1,3.29,0.00
5051842,1021254,23,1,3.99,0.00
5051843,1021255,4,1,14.99,5.00
5051844,1021256,9,1,13.99,0.00
5051845,1021256,11,1,13.49,0.00
5051846,1021257,6,1,12.99,0.00
5051847,1021257,33,1,5.49,0.00
5051848,1021257,27,1,2.49,0.00
5051849,1021257,26,1,2.49,0.00
5051850,1021258,17,1,12.49,0.00
5051851,1021258,26,1,2.49,0.00
5051852,1021258,29,2,3.49,0.00
5051853,1021258,18,1,5.49,0.00
5051854,1021258,9,1,13.99,0.00
5051855,1021258,19,1,3.99,0.00
5051856,1021259,7,1,11.99,0.00
5051857,1021260,1,1,11.49,0.00
5051858,1021260,26,1,2.49,0.00
5051859,1021260,23,1,3.99,0.00
5051860,1021261,17,1,12.49,0.00
5051861,1021262,14,1,10.49,0.00
5051862,1021262,26,1,2.49,0.00
5051863,1021263,9,2,13.99,0.00
5051864,1021263,32,1,4.99,0.00
5051865,1021264,5,1,13.49,0.00
5051866,1021265,11,1,13.49,0.00
5051867,1021265,24,1,3.49,0.00
5051868,1021265,20,1,4.49,0.00
5051869,1021265,27,1,2.49,0.00
5051870,1021266,6,2,12.99,0.00
5051871,1021266,30,1,3.29,0.00
5051872,1021266,32,2,4.99,0.00
5051873,1021267,4,1,14.99,5.00
5051874,1021268,17,2,12.49,0.00
5051875,1021268,30,1,3.29,0.00
5051876,1021268,7,2,11.99,0.00
5051877,1021268,25,1,6.49,0.00
5051878,1021268,32,1,4.99,0.00
5051879,1021269,4,1,14.99,5.00
5051880,1021269,25,3,6.49,0.00
5051881,1021269,22,1,4.49,0.00
5051882,1021270,13,1,9.99,0.00
5051883,1021270,25,2,6.49,0.00
5051884,1021271,1,2,11.49,0.00
5051885,1021271,31,1,3.49,0.00
5051886,1021271,18,1,5.49,0.00
5051887,1021271,19,1,3.99,0.00
5051888,1021271,33,1,5.49,0.00
5051889,1021272,17,1,12.49,0.00
5051890,1021272,30,1,3.29,0.00
5051891,1021273,4,1,14.99,5.00
5051892,1021273,26,1,2.49,0.00
5051893,1021274,17,2,12.49,5.00
5051894,1021274,22,1,4.49,0.00
5051895,1021275,12,1,18.99,5.00
5051896,1021276,4,1,14.99,5.00
5051897,1021276,19,1,3.99,0.00
5051898,1021277,5,1,13.49,0.00
5051899,1021277,24,1,3.49,0.00
5051900,1021277,27,1,2.49,0.00
5051901,1021277,29,2,3.49,0.00
5051902,1021277,19,1,3.99,0.00
5051903,1021277,31,1,3.49,0.00
5051904,1021278,17,1,12.49,0.00
5051905,1021278,26,1,2.49,0.00
5051906,1021278,29,1,3.49,0.00
5051907,1021279,13,2,9.99,0.00
5051908,1021279,32,1,4.99,0.00
5051909,1021280,3,1,10.49,0.00
5051910,1021280,18,2,5.49,0.00
5051911,1021280,32,2,4.99,0.00
5051912,1021280,28,2,3.49,0.00
5051913,1021281,11,1,13.49,0.00
5051914,1021281,26,1,2.49,0.00
5051915,1021281,30,2,3.29,0.00
5051916,1021282,12,1,18.99,5.00
5051917,1021282,23,1,3.99,0.00
5051918,1021282,30,1,3.29,0.00
5051919,1021282,18,1,5.49,0.00
5051920,1021282,26,2,2.49,0.00
5051921,1021282,2,1,11.99,0.00
5051922,1021283,7,1,11.99,0.00
5051923,1021283,19,1,3.99,0.00
5051924,1021283,27,1,2.49,0.00
5051925,1021283,17,1,12.49,0.00
5051926,1021283,16,1,10.49,0.00
5051927,1021284,12,3,18.99,5.00
5051928,1021284,14,1,10.49,0.00
5051929,1021285,17,1,12.49,2.50
5051930,1021286,3,1,10.49,0.00
5051931,1021286,26,1,2.49,0.00
5051932,1021286,25,1,6.49,0.00
5051933,1021287,17,1,12.49,0.00
5051934,1021288,4,3,14.99,5.00
5051935,1021288,19,1,3.99,0.00
5051936,1021289,17,1,12.49,0.00
5051937,1021289,28,1,3.49,0.00
5051938,1021290,14,1,10.49,0.00
5051939,1021290,27,1,2.49,0.00
5051940,1021290,33,1,5.49,0.00
5051941,1021290,2,1,11.99,0.00
5051942,1021290,30,2,3.29,0.00
5051943,1021291,12,1,18.99,5.00
5051944,1021291,22,1,4.49,0.00
5051945,1021291,33,1,5.49,0.00
5051946,1021292,12,1,18.99,5.00
5051947,1021292,16,1,10.49,0.00
5051948,1021293,6,1,12.99,0.00
5051949,1021293,28,2,3.49,0.00
5051950,1021293,30,1,3.29,0.00
5051951,1021293,25,1,6.49,0.00
5051952,1021293,23,1,3.99,0.00
5051953,1021294,4,1,14.99,5.00
5051954,1021294,8,1,12.49,0.00
5051955,1021295,3,1,10.49,0.00
5051956,1021296,15,2,10.99,0.00
5051957,1021296,27,2,2.49,0.00
5051958,1021296,32,1,4.99,0.00
5051959,1021297,17,1,12.49,0.00
5051960,1021297,32,1,4.99,0.00
5051961,1021297,34,1,4.49,0.00
5051962,1021298,17,1,12.49,2.50
5051963,1021298,26,1,2.49,0.00
5051964,1021299,17,1,12.49,0.00
5051965,1021299,25,3,6.49,0.00
5051966,1021300,17,1,12.49,0.00
5051967,1021301,4,1,14.99,0.00
5051968,1021301,25,1,6.49,0.00
5051969,1021302,17,1,12.49,0.00
5051970,1021303,17,1,12.49,0.00
5051971,1021303,21,2,3.99,0.00
5051972,1021303,24,1,3.49,0.00
5051973,1021303,35,1,2.99,0.00
5051974,1021304,11,1,13.49,0.00
5051975,1021304,32,1,4.99,0.00
5051976,1021304,19,1,3.99,0.00
5051977,1021305,17,2,12.49,0.00
5051978,1021305,27,2,2.49,0.00
5051979,1021306,14,1,10.49,0.00
5051980,1021306,20,2,4.49,0.00
5051981,1021306,18,1,5.49,0.00
5051982,1021307,4,1,14.99,5.00
5051983,1021308,4,1,14.99,0.00
5051984,1021308,27,1,2.49,0.00
5051985,1021308,26,1,2.49,0.00
5051986,1021308,23,1,3.99,0.00
5051987,1021309,8,1,12.49,0.00
5051988,1021310,14,1,10.49,0.00
5051989,1021310,24,1,3.49,0.00
5051990,1021311,1,1,11.49,0.00
5051991,1021311,29,1,3.49,0.00
5051992,1021312,9,1,13.99,0.00
5051993,1021312,29,1,3.49,0.00
5051994,1021312,26,2,2.49,0.00
5051995,1021312,31,1,3.49,0.00
5051996,1021312,18,1,5.49,0.00
5051997,1021312,25,1,6.49,0.00
5051998,1021313,7,1,11.99,0.00
5051999,1021313,29,1,3.49,0.00
5052000,1021313,26,1,2.49,0.00
5052001,1021314,17,1,12.49,0.00
5052002,1021314,25,1,6.49,0.00
5052003,1021315,17,1,12.49,0.00
5052004,1021315,25,1,6.49,0.00
5052005,1021316,17,1,12.49,0.00
5052006,1021316,31,1,3.49,0.00
5052007,1021317,10,1,10.99,0.00
5052008,1021318,14,1,10.49,0.00
5052009,1021318,18,2,5.49,0.00
5052010,1021319,2,3,11.99,0.00
5052011,1021319,21,2,3.99,0.00
5052012,1021320,4,2,14.99,5.00
5052013,1021321,12,2,18.99,5.00
5052014,1021321,19,1,3.99,0.00
5052015,1021322,15,3,10.99,0.00
5052016,1021322,22,2,4.49,0.00
5052017,1021322,28,2,3.49,0.00
5052018,1021323,3,1,10.49,0.00
5052019,1021323,20,1,4.49,0.00
5052020,1021324,1,3,11.49,0.00
5052021,1021324,24,1,3.49,0.00
5052022,1021324,20,3,4.49,0.00
5052023,1021325,2,1,11.99,0.00
5052024,1021325,17,1,12.49,0.00
5052025,1021326,13,1,9.99,0.00
5052026,1021326,19,1,3.99,0.00
5052027,1021327,17,1,12.49,0.00
5052028,1021328,4,1,14.99,5.00
5052029,1021329,8,3,12.49,0.00
5052030,1021329,17,1,12.49,0.00
5052031,1021330,8,1,12.49,0.00
5052032,1021330,21,3,3.99,0.00
5052033,1021331,17,1,12.49,0.00
5052034,1021331,26,1,2.49,0.00
5052035,1021332,3,1,10.49,0.00
5052036,1021332,26,1,2.49,0.00
5052037,1021333,16,1,10.49,0.00
5052038,1021333,22,1,4.49,0.00
5052039,1021334,12,1,18.99,5.00
5052040,1021334,28,1,3.49,0.00
5052041,1021334,26,2,2.49,0.00
5052042,1021335,8,1,12.49,0.00
5052043,1021335,27,1,2.49,0.00
5052044,1021336,13,1,9.99,0.00
5052045,1021337,1,1,11.49,0.00
5052046,1021337,26,2,2.49,0.00
5052047,1021337,27,1,2.49,0.00
5052048,1021338,5,1,13.49,0.00
5052049,1021338,31,1,3.49,0.00
5052050,1021339,7,1,11.99,0.00
5052051,1021339,27,1,2.49,0.00
5052052,1021339,24,1,3.49,0.00
5052053,1021339,23,1,3.99,0.00
5052054,1021340,15,1,10.99,0.00
5052055,1021340,9,1,13.99,0.00
5052056,1021340,20,1,4.49,0.00
5052057,1021341,17,1,12.49,0.00
5052058,1021341,19,1,3.99,0.00
5052059,1021341,24,1,3.49,0.00
5052060,1021342,9,1,13.99,0.00
5052061,1021342,27,1,2.49,0.00
5052062,1021343,8,1,12.49,0.00
5052063,1021343,24,1,3.49,0.00
5052064,1021343,1,1,11.49,0.00
5052065,1021344,5,1,13.49,0.00
5052066,1021344,27,1,2.49,0.00
5052067,1021345,17,1,12.49,2.50
5052068,1021345,20,2,4.49,0.00
5052069,1021346,1,1,11.49,0.00
5052070,1021346,21,1,3.99,0.00
5052071,1021347,2,1,11.99,0.00
5052072,1021347,31,1,3.49,0.00
5052073,1021347,28,2,3.49,0.00
5052074,1021347,17,1,12.49,0.00
5052075,1021348,2,1,11.99,0.00
5052076,1021349,17,1,12.49,0.00
5052077,1021350,6,1,12.99,0.00
5052078,1021351,6,1,12.99,0.00
5052079,1021351,19,1,3.99,0.00
5052080,1021351,32,1,4.99,0.00
5052081,1021352,7,2,11.99,0.00
5052082,1021353,5,1,13.49,0.00
5052083,1021353,20,1,4.49,0.00
5052084,1021353,30,2,3.29,0.00
5052085,1021353,27,2,2.49,0.00
5052086,1021353,19,1,3.99,0.00
5052087,1021354,15,1,10.99,0.00
5052088,1021355,13,1,9.99,0.00
5052089,1021355,34,1,4.49,0.00
5052090,1021355,29,1,3.49,0.00
5052091,1021355,30,2,3.29,0.00
5052092,1021355,18,1,5.49,0.00
5052093,1021356,9,1,13.99,0.00
5052094,1021356,26,1,2.49,0.00
5052095,1021356,21,2,3.99,0.00
5052096,1021356,4,1,14.99,0.00
5052097,1021357,1,1,11.49,0.00
5052098,1021357,30,1,3.29,0.00
5052099,1021358,17,1,12.49,0.00
5052100,1021358,18,3,5.49,0.00
5052101,1021358,23,1,3.99,0.00
5052102,1021359,4,1,14.99,0.00
5052103,1021360,14,1,10.49,0.00
5052104,1021360,34,1,4.49,0.00
5052105,1021361,12,1,18.99,0.00
5052106,1021361,34,1,4.49,0.00
5052107,1021362,8,1,12.49,0.00
5052108,1021363,4,1,14.99,0.00
5052109,1021364,12,1,18.99,0.00
5052110,1021365,1,1,11.49,0.00
5052111,1021366,5,1,13.49,0.00
5052112,1021366,20,1,4.49,0.00
5052113,1021366,25,1,6.49,0.00
5052114,1021367,4,2,14.99,0.00
5052115,1021367,27,1,2.49,0.00
5052116,1021368,2,1,11.99,0.00
5052117,1021368,35,1,2.99,0.00
5052118,1021369,17,2,12.49,0.00
5052119,1021369,25,1,6.49,0.00
5052120,1021369,26,2,2.49,0.00
5052121,1021370,17,1,12.49,2.50
5052122,1021371,16,1,10.49,0.00
5052123,1021371,29,1,3.49,0.00
5052124,1021372,15,2,10.99,0.00
5052125,1021372,23,1,3.99,0.00
5052126,1021373,2,2,11.99,0.00
5052127,1021373,26,1,2.49,0.00
5052128,1021373,3,1,10.49,0.00
5052129,1021374,4,1,14.99,0.00
5052130,1021374,26,2,2.49,0.00
5052131,1021375,7,1,11.99,0.00
5052132,1021375,29,1,3.49,0.00
5052133,1021375,20,1,4.49,0.00
5052134,1021376,17,1,12.49,0.00
5052135,1021376,28,1,3.49,0.00
5052136,1021376,25,1,6.49,0.00
5052137,1021377,13,1,9.99,0.00
5052138,1021378,17,1,12.49,0.00
5052139,1021378,26,2,2.49,0.00
5052140,1021378,31,1,3.49,0.00
5052141,1021378,10,1,10.99,0.00
5052142,1021379,17,1,12.49,0.00
5052143,1021379,25,1,6.49,0.00
5052144,1021380,17,1,12.49,0.00
5052145,1021380,21,2,3.99,0.00
5052146,1021380,19,1,3.99,0.00
5052147,1021380,27,2,2.49,0.00
5052148,1021381,8,1,12.49,0.00
5052149,1021381,22,1,4.49,0.00
5052150,1021382,3,1,10.49,0.00
5052151,1021382,29,1,3.49,0.00
5052152,1021383,17,2,12.49,0.00
5052153,1021383,30,1,3.29,0.00
5052154,1021383,31,1,3.49,0.00
5052155,1021383,21,1,3.99,0.00
5052156,1021384,7,1,11.99,0.00
5052157,1021385,17,1,12.49,0.00
5052158,1021385,21,1,3.99,0.00
5052159,1021385,25,1,6.49,0.00
5052160,1021385,19,1,3.99,0.00
5052161,1021385,32,2,4.99,0.00
5052162,1021386,7,3,11.99,0.00
5052163,1021387,6,1,12.99,0.00
5052164,1021387,23,1,3.99,0.00
5052165,1021388,11,1,13.49,0.00
5052166,1021388,21,1,3.99,0.00
5052167,1021389,17,1,12.49,0.00
5052168,1021389,30,1,3.29,0.00
5052169,1021390,17,2,12.49,0.00
5052170,1021390,19,2,3.99,0.00
5052171,1021390,25,1,6.49,0.00
5052172,1021390,20,1,4.49,0.00
5052173,1021391,9,2,13.99,0.00
5052174,1021391,23,1,3.99,0.00
5052175,1021391,17,2,12.49,0.00
5052176,1021392,2,1,11.99,0.00
5052177,1021393,4,1,14.99,0.00
5052178,1021393,25,1,6.49,0.00
5052179,1021394,2,1,11.99,0.00
5052180,1021395,14,1,10.49,0.00
5052181,1021395,35,1,2.99,0.00
5052182,1021395,26,2,2.49,0.00
5052183,1021396,17,1,12.49,2.50
5052184,1021397,13,1,9.99,0.00
5052185,1021397,26,1,2.49,0.00
5052186,1021398,17,1,12.49,0.00
5052187,1021398,8,1,12.49,0.00
5052188,1021398,21,1,3.99,0.00
5052189,1021399,17,1,12.49,0.00
5052190,1021399,26,2,2.49,0.00
5052191,1021400,4,1,14.99,0.00
5052192,1021400,23,2,3.99,0.00
5052193,1021400,18,3,5.49,0.00
5052194,1021400,31,1,3.49,0.00
5052195,1021401,17,1,12.49,0.00
5052196,1021401,28,1,3.49,0.00
5052197,1021401,18,2,5.49,0.00
5052198,1021401,19,1,3.99,0.00
5052199,1021401,26,1,2.49,0.00
5052200,1021401,27,1,2.49,0.00
5052201,1021402,11,1,13.49,0.00
5052202,1021402,26,1,2.49,0.00
5052203,1021402,21,1,3.99,0.00
5052204,1021403,17,1,12.49,0.00
5052205,1021403,34,1,4.49,0.00
5052206,1021404,17,1,12.49,0.00
5052207,1021404,28,1,3.49,0.00
5052208,1021405,5,1,13.49,0.00
5052209,1021405,20,1,4.49,0.00
5052210,1021406,7,1,11.99,0.00
5052211,1021406,29,2,3.49,0.00
5052212,1021406,21,1,3.99,0.00
5052213,1021407,15,3,10.99,0.00
5052214,1021408,1,1,11.49,0.00
5052215,1021408,22,1,4.49,0.00
5052216,1021409,17,1,12.49,2.50
5052217,1021409,20,1,4.49,0.00
5052218,1021410,9,1,13.99,0.00
5052219,1021410,29,1,3.49,0.00
5052220,1021411,12,1,18.99,0.00
5052221,1021411,21,2,3.99,0.00
5052222,1021411,17,1,12.49,0.00
5052223,1021412,17,1,12.49,0.00
5052224,1021412,26,1,2.49,0.00
5052225,1021412,32,1,4.99,0.00
5052226,1021412,19,1,3.99,0.00
5052227,1021412,27,1,2.49,0.00
5052228,1021413,17,1,12.49,2.50
5052229,1021413,34,1,4.49,0.00
5052230,1021414,6,1,12.99,0.00
5052231,1021414,23,1,3.99,0.00
5052232,1021414,26,1,2.49,0.00
5052233,1021414,5,2,13.49,0.00
5052234,1021414,20,1,4.49,0.00
5052235,1021414,18,1,5.49,0.00
5052236,1021415,17,2,12.49,5.00
5052237,1021416,3,1,10.49,0.00
5052238,1021417,17,1,12.49,0.00
5052239,1021417,20,1,4.49,0.00
5052240,1021418,8,2,12.49,0.00
5052241,1021418,19,1,3.99,0.00
5052242,1021418,23,1,3.99,0.00
5052243,1021419,17,1,12.49,0.00
5052244,1021419,35,1,2.99,0.00
5052245,1021420,17,2,12.49,0.00
5052246,1021420,27,1,2.49,0.00
5052247,1021421,17,2,12.49,0.00
5052248,1021422,1,1,11.49,0.00
5052249,1021422,22,1,4.49,0.00
5052250,1021422,30,1,3.29,0.00
5052251,1021422,12,2,18.99,0.00
5052252,1021423,17,1,12.49,0.00
5052253,1021423,20,2,4.49,0.00
5052254,1021423,6,1,12.99,0.00
5052255,1021424,17,1,12.49,2.50
5052256,1021424,30,1,3.29,0.00
5052257,1021425,4,1,14.99,0.00
5052258,1021425,9,1,13.99,0.00
5052259,1021425,27,2,2.49,0.00
5052260,1021426,17,1,12.49,2.50
5052261,1021426,30,1,3.29,0.00
5052262,1021426,33,2,5.49,0.00
5052263,1021426,18,1,5.49,0.00
5052264,1021426,19,1,3.99,0.00
5052265,1021426,35,1,2.99,0.00
5052266,1021427,3,1,10.49,0.00
5052267,1021427,35,1,2.99,0.00
5052268,1021428,3,1,10.49,0.00
5052269,1021428,27,1,2.49,0.00
5052270,1021429,6,3,12.99,0.00
5052271,1021429,34,1,4.49,0.00
5052272,1021430,13,2,9.99,0.00
5052273,1021430,28,1,3.49,0.00
5052274,1021430,30,1,3.29,0.00
5052275,1021431,3,1,10.49,0.00
5052276,1021431,17,1,12.49,0.00
5052277,1021431,27,1,2.49,0.00
5052278,1021432,7,1,11.99,0.00
5052279,1021433,17,1,12.49,2.50
5052280,1021433,18,1,5.49,0.00
5052281,1021433,31,1,3.49,0.00
5052282,1021434,7,3,11.99,0.00
5052283,1021434,33,1,5.49,0.00
5052284,1021435,5,1,13.49,0.00
5052285,1021435,26,1,2.49,0.00
5052286,1021435,25,1,6.49,0.00
5052287,1021435,24,0,3.49,0.00
5052288,1021436,11,1,13.49,0.00
5052289,1021436,21,1,3.99,0.00
5052290,1021436,32,1,4.99,0.00
5052291,1021437,17,1,12.49,0.00
5052292,1021437,34,1,4.49,0.00
5052293,1021437,21,1,3.99,0.00
5052294,1021438,17,1,12.49,0.00
5052295,1021438,27,2,2.49,0.00
5052296,1021438,29,1,3.49,0.00
5052297,1021439,4,1,14.99,0.00
5052298,1021439,27,1,2.49,0.00
5052299,1021439,14,1,10.49,0.00
5052300,1021439,2,1,11.99,0.00
5052301,1021440,6,2,12.99,0.00
5052302,1021440,22,1,4.49,0.00
5052303,1021441,2,3,11.99,0.00
5052304,1021441,21,1,3.99,0.00
5052305,1021441,19,2,3.99,0.00
5052306,1021441,18,1,5.49,0.00
5052307,1021442,17,1,12.49,2.50
5052308,1021442,23,1,3.99,0.00
5052309,1021442,27,1,2.49,0.00
5052310,1021443,2,1,11.99,0.00
5052311,1021443,22,1,4.49,0.00
5052312,1021443,30,1,3.29,0.00
5052313,1021443,23,1,3.99,0.00
5052314,1021443,27,1,2.49,0.00
5052315,1021444,8,1,12.49,0.00
5052316,1021444,31,1,3.49,0.00
5052317,1021445,17,3,12.49,0.00
5052318,1021445,24,1,3.49,0.00
5052319,1021446,1,1,11.49,0.00
5052320,1021447,17,1,12.49,0.00
5052321,1021448,2,1,11.99,0.00
5052322,1021448,13,1,9.99,0.00
5052323,1021448,6,1,12.99,0.00
5052324,1021448,26,1,2.49,0.00
5052325,1021449,17,1,12.49,0.00
5052326,1021449,34,1,4.49,0.00
5052327,1021449,25,1,6.49,0.00
5052328,1021449,21,3,3.99,0.00
5052329,1021449,31,1,3.49,0.00
5052330,1021450,1,1,11.49,0.00
5052331,1021450,25,1,6.49,0.00
5052332,1021451,7,1,11.99,0.00
5052333,1021451,31,1,3.49,0.00
5052334,1021452,17,3,12.49,7.49
5052335,1021453,3,1,10.49,0.00
5052336,1021453,26,1,2.49,0.00
5052337,1021453,19,1,3.99,0.00
5052338,1021454,15,1,10.99,0.00
5052339,1021455,17,1,12.49,0.00
5052340,1021456,17,1,12.49,0.00
5052341,1021456,23,1,3.99,0.00
5052342,1021456,27,2,2.49,0.00
5052343,1021456,18,1,5.49,0.00
5052344,1021456,26,1,2.49,0.00
5052345,1021457,6,1,12.99,0.00
5052346,1021457,29,1,3.49,0.00
5052347,1021457,15,1,10.99,0.00
5052348,1021458,14,1,10.49,0.00
5052349,1021458,19,1,3.99,0.00
5052350,1021458,21,1,3.99,0.00
5052351,1021458,22,1,4.49,0.00
5052352,1021459,15,1,10.99,0.00
5052353,1021459,24,1,3.49,0.00
5052354,1021460,16,3,10.49,0.00
5052355,1021460,21,1,3.99,0.00
5052356,1021461,17,2,12.49,0.00
5052357,1021461,30,1,3.29,0.00
5052358,1021461,21,1,3.99,0.00
5052359,1021462,12,1,18.99,0.00
5052360,1021462,28,1,3.49,0.00
5052361,1021462,34,1,4.49,0.00
5052362,1021462,25,1,6.49,0.00
5052363,1021462,30,1,3.29,0.00
5052364,1021463,10,1,10.99,0.00
5052365,1021463,29,1,3.49,0.00
5052366,1021463,28,2,3.49,0.00
5052367,1021463,26,2,2.49,0.00
5052368,1021464,6,1,12.99,0.00
5052369,1021464,27,1,2.49,0.00
5052370,1021464,29,2,3.49,0.00
5052371,1021464,26,1,2.49,0.00
5052372,1021464,19,1,3.99,0.00
5052373,1021464,31,1,3.49,0.00
5052374,1021465,4,3,14.99,0.00
5052375,1021465,26,1,2.49,0.00
5052376,1021465,27,1,2.49,0.00
5052377,1021466,17,1,12.49,0.00
5052378,1021466,27,1,2.49,0.00
5052379,1021466,26,1,2.49,0.00
5052380,1021467,4,1,14.99,0.00
5052381,1021468,17,1,12.49,2.50
5052382,1021468,35,1,2.99,0.00
5052383,1021469,8,1,12.49,0.00
5052384,1021470,4,1,14.99,0.00
5052385,1021470,32,1,4.99,0.00
5052386,1021470,19,1,3.99,0.00
5052387,1021471,8,1,12.49,0.00
5052388,1021471,23,1,3.99,0.00
5052389,1021472,17,1,12.49,0.00
5052390,1021473,10,1,10.99,0.00
5052391,1021473,25,1,6.49,0.00
5052392,1021474,7,1,11.99,0.00
5052393,1021474,18,1,5.49,0.00
5052394,1021474,25,1,6.49,0.00
5052395,1021475,1,1,11.49,0.00
5052396,1021475,31,1,3.49,0.00
5052397,1021475,32,1,4.99,0.00
5052398,1021476,11,1,13.49,0.00
5052399,1021477,17,1,12.49,2.50
5052400,1021477,13,1,9.99,0.00
5052401,1021478,17,1,12.49,0.00
5052402,1021479,11,1,13.49,0.00
5052403,1021479,27,1,2.49,0.00
5052404,1021479,10,1,10.99,0.00
5052405,1021480,4,1,14.99,0.00
5052406,1021481,17,2,12.49,0.00
5052407,1021481,27,1,2.49,0.00
5052408,1021482,1,1,11.49,0.00
5052409,1021482,19,2,3.99,0.00
5052410,1021482,30,1,3.29,0.00
5052411,1021483,7,1,11.99,0.00
5052412,1021483,2,1,11.99,0.00
5052413,1021483,28,1,3.49,0.00
5052414,1021484,14,1,10.49,0.00
5052415,1021484,28,3,3.49,0.00
5052416,1021485,1,1,11.49,0.00
5052417,1021486,10,2,10.99,0.00
5052418,1021487,2,1,11.99,0.00
5052419,1021487,17,3,12.49,0.00
5052420,1021488,3,1,10.49,0.00
5052421,1021488,32,1,4.99,0.00
5052422,1021488,24,1,3.49,0.00
5052423,1021489,17,1,12.49,0.00
5052424,1021490,17,1,12.49,0.00
5052425,1021490,29,1,3.49,0.00
5052426,1021490,6,1,12.99,0.00
5052427,1021490,21,2,3.99,0.00
5052428,1021491,17,1,12.49,0.00
5052429,1021491,29,1,3.49,0.00
5052430,1021492,10,1,10.99,0.00
5052431,1021492,26,2,2.49,0.00
5052432,1021492,22,1,4.49,0.00
5052433,1021493,14,2,10.49,0.00
5052434,1021493,17,1,12.49,0.00
5052435,1021493,20,1,4.49,0.00
5052436,1021493,18,1,5.49,0.00
5052437,1021494,9,1,13.99,0.00
5052438,1021494,22,1,4.49,0.00
5052439,1021494,18,1,5.49,0.00
5052440,1021495,4,1,14.99,0.00
5052441,1021495,28,1,3.49,0.00
5052442,1021495,31,1,3.49,0.00
5052443,1021496,17,1,12.49,0.00
5052444,1021496,31,1,3.49,0.00
5052445,1021497,17,1,12.49,0.00
5052446,1021498,7,1,11.99,0.00
5052447,1021499,10,1,10.99,0.00
5052448,1021499,22,1,4.49,0.00
5052449,1021499,28,1,3.49,0.00
5052450,1021500,17,1,12.49,2.50
5052451,1021500,23,1,3.99,0.00
5052452,1021501,17,1,12.49,0.00
5052453,1021501,23,1,3.99,0.00
5052454,1021501,29,1,3.49,0.00
5052455,1021501,26,2,2.49,0.00
5052456,1021502,2,1,11.99,0.00
5052457,1021503,3,1,10.49,0.00
5052458,1021503,29,1,3.49,0.00
5052459,1021503,23,1,3.99,0.00
5052460,1021503,17,1,12.49,0.00
5052461,1021504,15,1,10.99,0.00
5052462,1021504,35,1,2.99,0.00
5052463,1021504,18,1,5.49,0.00
5052464,1021504,2,1,11.99,0.00
5052465,1021505,17,1,12.49,0.00
5052466,1021505,30,1,3.29,0.00
5052467,1021506,17,1,12.49,0.00
5052468,1021506,19,1,3.99,0.00
5052469,1021507,16,1,10.49,0.00
5052470,1021507,30,1,3.29,0.00
5052471,1021507,25,1,6.49,0.00
5052472,1021508,2,2,11.99,0.00
5052473,1021508,26,2,2.49,0.00
5052474,1021508,29,1,3.49,0.00
5052475,1021509,17,1,12.49,2.50
5052476,1021509,28,1,3.49,0.00
5052477,1021509,18,1,5.49,0.00
5052478,1021510,11,1,13.49,0.00
5052479,1021510,19,1,3.99,0.00
5052480,1021510,27,3,2.49,0.00
5052481,1021510,18,1,5.49,0.00
5052482,1021511,2,1,11.99,0.00
5052483,1021512,1,1,11.49,0.00
5052484,1021513,17,1,12.49,0.00
5052485,1021513,24,1,3.49,0.00
5052486,1021513,18,1,5.49,0.00
5052487,1021514,5,1,13.49,0.00
5052488,1021514,26,1,2.49,0.00
5052489,1021514,18,1,5.49,0.00
5052490,1021515,17,1,12.49,0.00
5052491,1021516,16,1,10.49,0.00
5052492,1021516,27,1,2.49,0.00
5052493,1021516,28,1,3.49,0.00
5052494,1021517,12,1,18.99,0.00
5052495,1021518,16,1,10.49,0.00
5052496,1021518,26,1,2.49,0.00
5052497,1021518,24,1,3.49,0.00
5052498,1021519,11,1,13.49,0.00
5052499,1021519,27,1,2.49,0.00
5052500,1021520,17,1,12.49,0.00
5052501,1021521,12,1,18.99,0.00
5052502,1021521,26,1,2.49,0.00
5052503,1021521,33,1,5.49,0.00
5052504,1021522,17,1,12.49,0.00
5052505,1021523,9,1,13.99,0.00
5052506,1021523,28,1,3.49,0.00
5052507,1021524,2,1,11.99,0.00
5052508,1021524,26,1,2.49,0.00
5052509,1021525,17,1,12.49,0.00
5052510,1021525,18,1,5.49,0.00
5052511,1021525,19,2,3.99,0.00
5052512,1021525,26,1,2.49,0.00
5052513,1021526,4,1,14.99,0.00
5052514,1021526,33,1,5.49,0.00
5052515,1021527,17,1,12.49,2.50
5052516,1021527,12,1,18.99,0.00
5052517,1021527,18,1,5.49,0.00
5052518,1021528,3,1,10.49,0.00
5052519,1021528,18,1,5.49,0.00
5052520,1021528,5,1,13.49,0.00
5052521,1021529,17,1,12.49,0.00
5052522,1021529,20,2,4.49,0.00
5052523,1021530,14,1,10.49,0.00
5052524,1021531,7,2,11.99,0.00
5052525,1021532,5,1,13.49,0.00
5052526,1021532,19,1,3.99,0.00
5052527,1021532,25,1,6.49,0.00
5052528,1021533,2,1,11.99,0.00
5052529,1021533,17,1,12.49,0.00
5052530,1021534,3,1,10.49,0.00
5052531,1021534,25,1,6.49,0.00
5052532,1021534,23,1,3.99,0.00
5052533,1021534,27,1,2.49,0.00
5052534,1021534,18,1,5.49,0.00
5052535,1021535,6,1,12.99,0.00
5052536,1021536,15,1,10.99,0.00
5052537,1021536,21,1,3.99,0.00
5052538,1021536,25,1,6.49,0.00
5052539,1021536,19,3,3.99,0.00
5052540,1021536,27,1,2.49,0.00
5052541,1021537,17,2,12.49,0.00
5052542,1021537,26,2,2.49,0.00
5052543,1021538,10,1,10.99,0.00
5052544,1021538,28,1,3.49,0.00
5052545,1021539,8,1,12.49,0.00
5052546,1021539,32,1,4.99,0.00
5052547,1021539,26,1,2.49,0.00
5052548,1021540,17,1,12.49,2.50
5052549,1021540,20,1,4.49,0.00
5052550,1021541,8,1,12.49,0.00
5052551,1021542,17,1,12.49,0.00
5052552,1021542,18,1,5.49,0.00
5052553,1021542,30,1,3.29,0.00
5052554,1021542,23,1,3.99,0.00
5052555,1021543,8,1,12.49,0.00
5052556,1021544,17,1,12.49,0.00
5052557,1021545,17,1,12.49,0.00
5052558,1021545,22,1,4.49,0.00
5052559,1021546,5,1,13.49,0.00
5052560,1021546,26,1,2.49,0.00
5052561,1021547,2,1,11.99,0.00
5052562,1021548,7,1,11.99,0.00
5052563,1021548,2,2,11.99,0.00
5052564,1021548,26,1,2.49,0.00
5052565,1021549,3,3,10.49,0.00
5052566,1021550,17,1,12.49,2.50
5052567,1021550,30,1,3.29,0.00
5052568,1021550,18,1,5.49,0.00
5052569,1021551,3,1,10.49,0.00
5052570,1021552,17,2,12.49,0.00
5052571,1021552,30,1,3.29,0.00
5052572,1021553,3,1,10.49,0.00
5052573,1021553,22,1,4.49,0.00
5052574,1021553,33,1,5.49,0.00
5052575,1021554,17,1,12.49,0.00
5052576,1021554,23,1,3.99,0.00
5052577,1021554,5,1,13.49,0.00
5052578,1021555,6,1,12.99,0.00
5052579,1021556,17,1,12.49,2.50
5052580,1021556,24,2,3.49,0.00
5052581,1021556,19,1,3.99,0.00
5052582,1021557,17,1,12.49,0.00
5052583,1021557,34,1,4.49,0.00
5052584,1021558,13,1,9.99,0.00
5052585,1021559,17,1,12.49,2.50
5052586,1021560,17,1,12.49,0.00
5052587,1021560,6,1,12.99,0.00
5052588,1021561,7,1,11.99,0.00
5052589,1021562,17,1,12.49,0.00
5052590,1021562,20,1,4.49,0.00
5052591,1021563,5,1,13.49,0.00
5052592,1021563,26,1,2.49,0.00
5052593,1021563,7,2,11.99,0.00
5052594,1021564,12,1,18.99,0.00
5052595,1021564,21,1,3.99,0.00
5052596,1021565,17,1,12.49,0.00
5052597,1021565,25,1,6.49,0.00
5052598,1021565,29,1,3.49,0.00
5052599,1021566,11,1,13.49,0.00
5052600,1021566,28,1,3.49,0.00
5052601,1021566,18,2,5.49,0.00
5052602,1021567,7,1,11.99,0.00
5052603,1021568,6,1,12.99,0.00
5052604,1021568,22,2,4.49,0.00
5052605,1021569,13,2,9.99,0.00
5052606,1021569,20,2,4.49,0.00
5052607,1021570,4,1,14.99,0.00
5052608,1021571,15,1,10.99,0.00
5052609,1021571,28,1,3.49,0.00
5052610,1021572,5,1,13.49,0.00
5052611,1021572,18,1,5.49,0.00
5052612,1021572,34,1,4.49,0.00
5052613,1021572,26,1,2.49,0.00
5052614,1021573,17,1,12.49,0.00
5052615,1021573,26,1,2.49,0.00
5052616,1021573,27,1,2.49,0.00
5052617,1021573,19,1,3.99,0.00
5052618,1021573,31,1,3.49,0.00
5052619,1021574,7,1,11.99,0.00
5052620,1021575,2,1,11.99,0.00
5052621,1021575,19,1,3.99,0.00
5052622,1021575,28,1,3.49,0.00
5052623,1021576,5,1,13.49,0.00
5052624,1021576,26,4,2.49,0.00
5052625,1021576,25,1,6.49,0.00
5052626,1021576,22,1,4.49,0.00
5052627,1021576,31,1,3.49,0.00
5052628,1021577,17,1,12.49,0.00
5052629,1021577,27,1,2.49,0.00
5052630,1021577,26,1,2.49,0.00
5052631,1021578,2,3,11.99,0.00
5052632,1021578,19,1,3.99,0.00
5052633,1021579,12,1,18.99,0.00
5052634,1021579,18,1,5.49,0.00
5052635,1021580,6,1,12.99,0.00
5052636,1021580,26,1,2.49,0.00
5052637,1021580,29,1,3.49,0.00
5052638,1021581,6,1,12.99,0.00
5052639,1021581,26,2,2.49,0.00
5052640,1021581,32,1,4.99,0.00
5052641,1021582,14,1,10.49,0.00
5052642,1021582,29,1,3.49,0.00
5052643,1021582,30,1,3.29,0.00
5052644,1021583,17,1,12.49,0.00
5052645,1021583,27,2,2.49,0.00
5052646,1021583,8,1,12.49,0.00
5052647,1021584,4,1,14.99,0.00
5052648,1021584,25,1,6.49,0.00
5052649,1021585,14,1,10.49,0.00
5052650,1021585,18,1,5.49,0.00
5052651,1021585,25,1,6.49,0.00
5052652,1021585,27,1,2.49,0.00
5052653,1021586,2,1,11.99,0.00
5052654,1021587,17,1,12.49,0.00
5052655,1021587,26,2,2.49,0.00
5052656,1021587,33,1,5.49,0.00
5052657,1021588,8,1,12.49,0.00
5052658,1021588,33,1,5.49,0.00
5052659,1021588,29,2,3.49,0.00
5052660,1021589,3,1,10.49,0.00
5052661,1021589,32,1,4.99,0.00
5052662,1021589,26,1,2.49,0.00
5052663,1021590,11,1,13.49,0.00
5052664,1021590,21,4,3.99,0.00
5052665,1021590,26,1,2.49,0.00
5052666,1021591,17,1,12.49,0.00
5052667,1021591,25,-1,6.49,0.00
5052668,1021591,27,1,2.49,0.00
5052669,1021591,29,1,3.49,0.00
5052670,1021592,1,1,11.49,0.00
5052671,1021592,19,2,3.99,0.00
5052672,1021592,30,1,3.29,0.00
5052673,1021593,5,1,13.49,0.00
5052674,1021593,27,3,2.49,0.00
5052675,1021593,17,-1,12.49,0.00
5052676,1021593,22,2,4.49,0.00
5052677,1021594,3,1,10.49,0.00
5052678,1021595,7,1,11.99,0.00
5052679,1021595,32,1,4.99,0.00
5052680,1021596,13,1,9.99,0.00
5052681,1021596,8,1,12.49,0.00
5052682,1021596,28,1,3.49,0.00
5052683,1021596,29,2,3.49,0.00
5052684,1021597,11,1,13.49,0.00
5052685,1021597,27,1,2.49,0.00
5052686,1021597,32,1,4.99,0.00
5052687,1021597,26,1,2.49,0.00
5052688,1021598,8,1,12.49,0.00
5052689,1021598,34,2,4.49,0.00
5052690,1021598,7,1,11.99,0.00
5052691,1021598,23,1,3.99,0.00
5052692,1021599,17,1,12.49,0.00
5052693,1021600,8,4,12.49,0.00
5052694,1021600,23,1,3.99,0.00
5052695,1021600,21,1,3.99,0.00
5052696,1021601,9,1,13.99,0.00
5052697,1021601,21,2,3.99,0.00
5052698,1021601,29,1,3.49,0.00
5052699,1021602,13,-2,9.99,0.00
5052700,1021602,21,1,3.99,0.00
5052701,1021602,27,1,2.49,0.00
5052702,1021602,18,2,5.49,0.00
5052703,1021602,26,2,2.49,0.00
5052704,1021603,6,1,12.99,0.00
5052705,1021603,18,1,5.49,0.00
5052706,1021604,7,1,11.99,0.00
5052707,1021604,18,1,5.49,0.00
5052708,1021604,24,1,3.49,0.00
5052709,1021605,7,2,11.99,0.00
5052710,1021606,17,1,12.49,0.00
5052711,1021606,29,2,3.49,0.00
5052712,1021606,26,3,2.49,0.00
5052713,1021606,34,1,4.49,0.00
5052714,1021607,1,1,11.49,0.00
5052715,1021607,34,1,4.49,0.00
5052716,1021607,26,1,2.49,0.00
5052717,1021608,2,1,11.99,0.00
5052718,1021608,8,2,12.49,0.00
5052719,1021608,26,1,2.49,0.00
5052720,1021608,29,1,3.49,0.00
5052721,1021608,25,1,6.49,0.00
5052722,1021609,1,1,11.49,0.00
5052723,1021610,10,1,10.99,0.00
5052724,1021610,31,2,3.49,0.00
5052725,1021611,4,2,14.99,0.00
5052726,1021612,2,1,11.99,0.00
5052727,1021612,18,3,5.49,0.00
5052728,1021612,26,1,2.49,0.00
5052729,1021612,21,1,3.99,0.00
5052730,1021612,34,1,4.49,0.00
5052731,1021612,30,1,3.29,0.00
5052732,1021613,16,1,10.49,0.00
5052733,1021614,17,1,12.49,2.50
5052734,1021614,30,1,3.29,0.00
5052735,1021615,11,1,13.49,0.00
5052736,1021615,20,1,4.49,0.00
5052737,1021616,11,1,13.49,0.00
5052738,1021616,27,1,2.49,0.00
5052739,1021616,26,1,2.49,0.00
5052740,1021617,5,1,13.49,0.00
5052741,1021617,18,1,5.49,0.00
5052742,1021617,31,1,3.49,0.00
5052743,1021618,17,1,12.49,2.50
5052744,1021618,24,1,3.49,0.00
5052745,1021618,31,1,3.49,0.00
5052746,1021618,34,1,4.49,0.00
5052747,1021619,17,1,12.49,0.00
5052748,1021619,18,2,5.49,0.00
5052749,1021619,29,1,3.49,0.00
5052750,1021620,13,1,9.99,0.00
5052751,1021621,11,1,13.49,0.00
5052752,1021621,17,1,12.49,0.00
5052753,1021621,28,1,3.49,0.00
5052754,1021621,21,1,3.99,0.00
5052755,1021621,26,1,2.49,0.00
5052756,1021622,1,2,11.49,0.00
5052757,1021623,14,1,10.49,0.00
5052758,1021623,25,1,6.49,0.00
5052759,1021624,17,1,12.49,0.00
5052760,1021625,1,2,11.49,0.00
5052761,1021625,28,1,3.49,0.00
5052762,1021626,10,1,10.99,0.00
5052763,1021626,30,1,3.29,0.00
5052764,1021626,34,1,4.49,0.00
5052765,1021626,3,1,10.49,0.00
5052766,1021627,17,1,12.49,0.00
5052767,1021627,24,1,3.49,0.00
5052768,1021628,17,3,12.49,0.00
5052769,1021628,21,1,3.99,0.00
5052770,1021629,4,1,14.99,0.00
5052771,1021630,17,1,12.49,0.00
5052772,1021630,22,2,4.49,0.00
5052773,1021630,27,1,2.49,0.00
5052774,1021631,13,1,9.99,0.00
5052775,1021631,20,1,4.49,0.00
5052776,1021631,27,1,2.49,0.00
5052777,1021631,21,1,3.99,0.00
5052778,1021632,15,1,10.99,0.00
5052779,1021632,21,1,3.99,0.00
5052780,1021632,27,2,2.49,0.00
5052781,1021632,26,1,2.49,0.00
5052782,1021633,17,1,12.49,0.00
5052783,1021633,26,1,2.49,0.00
5052784,1021634,10,1,10.99,0.00
5052785,1021635,17,1,12.49,0.00
5052786,1021635,26,2,2.49,0.00
5052787,1021635,18,1,5.49,0.00
5052788,1021636,8,1,12.49,0.00
5052789,1021636,30,1,3.29,0.00
5052790,1021637,15,3,10.99,0.00
5052791,1021637,26,1,2.49,0.00
5052792,1021638,13,2,9.99,0.00
5052793,1021638,29,1,3.49,0.00
5052794,1021639,6,2,12.99,0.00
5052795,1021640,1,1,11.49,0.00
5052796,1021640,31,1,3.49,0.00
5052797,1021641,6,1,12.99,0.00
5052798,1021641,29,2,3.49,0.00
5052799,1021642,16,1,10.49,0.00
5052800,1021642,32,1,4.99,0.00
5052801,1021642,23,1,3.99,0.00
5052802,1021643,9,1,13.99,0.00
5052803,1021644,2,1,11.99,0.00
5052804,1021644,21,1,3.99,0.00
5052805,1021644,18,1,5.49,0.00
5052806,1021645,7,1,11.99,0.00
5052807,1021646,17,1,12.49,0.00
5052808,1021646,23,1,3.99,0.00
5052809,1021647,8,3,12.49,0.00
5052810,1021648,1,1,11.49,0.00
5052811,1021648,24,1,3.49,0.00
5052812,1021648,14,2,10.49,0.00
5052813,1021648,25,2,6.49,0.00
5052814,1021649,12,0,18.99,0.00
5052815,1021649,21,1,3.99,0.00
5052816,1021649,26,1,2.49,0.00
5052817,1021649,27,1,2.49,0.00
5052818,1021650,5,1,13.49,0.00
5052819,1021650,32,3,4.99,0.00
5052820,1021651,6,2,12.99,0.00
5052821,1021651,30,1,3.29,0.00
5052822,1021651,25,2,6.49,0.00
5052823,1021652,13,1,9.99,0.00
5052824,1021652,24,1,3.49,0.00
5052825,1021653,13,1,9.99,0.00
5052826,1021653,26,1,2.49,0.00
5052827,1021653,25,1,6.49,0.00
5052828,1021654,17,1,12.49,2.50
5052829,1021655,8,1,12.49,0.00
5052830,1021655,20,3,4.49,0.00
5052831,1021655,30,1,3.29,0.00
5052832,1021656,7,1,11.99,0.00
5052833,1021656,28,1,3.49,0.00
5052834,1021656,22,1,4.49,0.00
5052835,1021657,7,1,11.99,0.00
5052836,1021657,32,1,4.99,0.00
5052837,1021658,17,1,12.49,0.00
5052838,1021658,18,1,5.49,0.00
5052839,1021659,6,1,12.99,0.00
5052840,1021659,33,1,5.49,0.00
5052841,1021660,8,1,12.49,0.00
5052842,1021660,32,1,4.99,0.00
5052843,1021661,16,1,10.49,0.00
5052844,1021662,1,1,11.49,0.00
5052845,1021662,19,1,3.99,0.00
5052846,1021662,30,1,3.29,0.00
5052847,1021662,8,1,12.49,0.00
5052848,1021663,7,1,11.99,0.00
5052849,1021664,8,1,12.49,0.00
5052850,1021665,1,1,11.49,0.00
5052851,1021665,28,1,3.49,0.00
5052852,1021665,27,1,2.49,0.00
5052853,1021666,17,1,12.49,0.00
5052854,1021666,26,1,2.49,0.00
5052855,1021666,19,1,3.99,0.00
5052856,1021667,1,2,11.49,0.00
5052857,1021667,29,1,3.49,0.00
5052858,1021668,8,1,12.49,0.00
5052859,1021668,28,1,3.49,0.00
5052860,1021669,5,1,13.49,0.00
5052861,1021669,25,1,6.49,0.00
5052862,1021670,5,1,13.49,0.00
5052863,1021670,19,1,3.99,0.00
5052864,1021670,23,1,3.99,0.00
5052865,1021671,3,1,10.49,0.00
5052866,1021671,21,1,3.99,0.00
5052867,1021672,17,1,12.49,2.50
5052868,1021673,9,1,13.99,0.00
5052869,1021674,3,1,10.49,0.00
5052870,1021674,31,1,3.49,0.00
5052871,1021674,26,1,2.49,0.00
5052872,1021675,17,3,12.49,0.00
5052873,1021675,19,1,3.99,0.00
5052874,1021675,31,1,3.49,0.00
5052875,1021676,17,1,12.49,2.50
5052876,1021677,11,1,13.49,0.00
5052877,1021677,25,1,6.49,0.00
5052878,1021678,17,1,12.49,0.00
5052879,1021678,27,1,2.49,0.00
5052880,1021678,26,1,2.49,0.00
5052881,1021679,17,2,12.49,5.00
5052882,1021679,14,1,10.49,0.00
5052883,1021679,31,1,3.49,0.00
5052884,1021680,17,1,12.49,0.00
5052885,1021681,5,1,13.49,0.00
5052886,1021681,22,1,4.49,0.00
5052887,1021682,1,1,11.49,0.00
5052888,1021682,17,3,12.49,0.00
5052889,1021682,21,1,3.99,0.00
5052890,1021683,17,1,12.49,0.00
5052891,1021683,25,1,6.49,0.00
5052892,1021683,19,1,3.99,0.00
5052893,1021684,8,3,12.49,0.00
5052894,1021684,27,1,2.49,0.00
5052895,1021685,17,1,12.49,0.00
5052896,1021685,31,1,3.49,0.00
5052897,1021686,17,1,12.49,2.50
5052898,1021686,18,1,5.49,0.00
5052899,1021687,14,1,10.49,0.00
5052900,1021687,25,2,6.49,0.00
5052901,1021687,21,1,3.99,0.00
5052902,1021687,32,2,4.99,0.00
5052903,1021688,6,1,12.99,0.00
5052904,1021689,3,1,10.49,0.00
5052905,1021689,18,1,5.49,0.00
5052906,1021690,1,1,11.49,0.00
5052907,1021690,33,1,5.49,0.00
5052908,1021691,17,1,12.49,0.00
5052909,1021692,7,2,11.99,0.00
5052910,1021692,28,1,3.49,0.00
5052911,1021693,2,1,11.99,0.00
5052912,1021693,16,1,10.49,0.00
5052913,1021693,27,1,2.49,0.00
5052914,1021694,10,2,10.99,0.00
5052915,1021695,6,1,12.99,0.00
5052916,1021695,27,1,2.49,0.00
5052917,1021695,33,1,5.49,0.00
5052918,1021696,16,2,10.49,0.00
5052919,1021696,21,1,3.99,0.00
5052920,1021697,7,1,11.99,0.00
5052921,1021697,26,1,2.49,0.00
5052922,1021698,9,1,13.99,0.00
5052923,1021699,4,1,14.99,0.00
5052924,1021699,21,1,3.99,0.00
5052925,1021700,3,1,10.49,0.00
5052926,1021700,27,1,2.49,0.00
5052927,1021701,1,1,11.49,0.00
5052928,1021701,21,1,3.99,0.00
5052929,1021701,22,1,4.49,0.00
5052930,1021702,16,1,10.49,0.00
5052931,1021703,1,1,11.49,0.00
5052932,1021704,6,1,12.99,0.00
5052933,1021704,26,1,2.49,0.00
5052934,1021705,17,1,12.49,0.00
5052935,1021705,26,1,2.49,0.00
5052936,1021706,5,2,13.49,0.00
5052937,1021707,9,1,13.99,0.00
5052938,1021708,8,1,12.49,0.00
5052939,1021708,34,1,4.49,0.00
5052940,1021709,8,1,12.49,0.00
5052941,1021709,29,1,3.49,0.00
5052942,1021710,1,1,11.49,0.00
5052943,1021710,26,1,2.49,0.00
5052944,1021711,4,1,14.99,0.00
5052945,1021712,5,1,13.49,0.00
5052946,1021712,22,3,4.49,0.00
5052947,1021712,26,1,2.49,0.00
5052948,1021712,28,1,3.49,0.00
5052949,1021713,3,1,10.49,0.00
5052950,1021713,19,1,3.99,0.00
5052951,1021714,14,1,10.49,0.00
5052952,1021714,22,1,4.49,0.00
5052953,1021715,2,1,11.99,0.00
5052954,1021715,20,1,4.49,0.00
5052955,1021715,19,1,3.99,0.00
5052956,1021715,26,1,2.49,0.00
5052957,1021715,30,1,3.29,0.00
5052958,1021716,5,1,13.49,0.00
5052959,1021716,18,1,5.49,0.00
5052960,1021717,17,1,12.49,0.00
5052961,1021717,26,1,2.49,0.00
5052962,1021718,4,2,14.99,0.00
5052963,1021718,22,1,4.49,0.00
5052964,1021718,2,2,11.99,0.00
5052965,1021719,9,1,13.99,0.00
5052966,1021720,5,1,13.49,0.00
5052967,1021720,7,1,11.99,0.00
5052968,1021720,28,1,3.49,0.00
5052969,1021721,11,1,13.49,0.00
5052970,1021721,31,1,3.49,0.00
5052971,1021721,30,1,3.29,0.00
5052972,1021722,1,1,11.49,0.00
5052973,1021722,18,3,5.49,0.00
5052974,1021723,2,2,11.99,0.00
5052975,1021723,23,1,3.99,0.00
5052976,1021723,31,1,3.49,0.00
5052977,1021723,26,1,2.49,0.00
5052978,1021724,6,1,12.99,0.00
5052979,1021725,17,1,12.49,0.00
5052980,1021725,25,1,6.49,0.00
5052981,1021725,19,1,3.99,0.00
5052982,1021725,24,1,3.49,0.00
5052983,1021725,22,1,4.49,0.00
5052984,1021726,3,1,10.49,0.00
5052985,1021726,21,1,3.99,0.00
5052986,1021726,27,1,2.49,0.00
5052987,1021726,24,1,3.49,0.00
5052988,1021727,1,1,11.49,0.00
5052989,1021727,26,1,2.49,0.00
5052990,1021727,24,1,3.49,0.00
5052991,1021728,1,1,11.49,0.00
5052992,1021728,26,1,2.49,0.00
5052993,1021729,1,1,11.49,0.00
5052994,1021729,30,2,3.29,0.00
5052995,1021729,31,1,3.49,0.00
5052996,1021730,8,1,12.49,0.00
5052997,1021730,33,1,5.49,0.00
5052998,1021731,2,1,11.99,0.00
5052999,1021731,34,3,4.49,0.00
5053000,1021732,2,1,11.99,0.00
5053001,1021733,17,1,12.49,0.00
5053002,1021734,1,1,11.49,0.00
5053003,1021734,25,1,6.49,0.00
5053004,1021735,17,1,12.49,0.00
5053005,1021735,16,1,10.49,0.00
5053006,1021735,30,1,3.29,0.00
5053007,1021736,17,0,12.49,0.00
5053008,1021737,15,1,10.99,0.00
5053009,1021737,24,1,3.49,0.00
5053010,1021737,18,2,5.49,0.00
5053011,1021737,19,1,3.99,0.00
5053012,1021738,17,1,12.49,0.00
5053013,1021738,22,1,4.49,0.00
5053014,1021738,15,1,10.99,0.00
5053015,1021739,17,1,12.49,2.50
5053016,1021739,34,1,4.49,0.00
5053017,1021739,22,1,4.49,0.00
5053018,1021740,4,1,14.99,0.00
5053019,1021741,17,1,12.49,0.00
5053020,1021742,6,1,12.99,0.00
5053021,1021742,28,1,3.49,0.00
5053022,1021742,20,2,4.49,0.00
5053023,1021742,18,1,5.49,0.00
5053024,1021742,13,1,9.99,0.00
5053025,1021743,17,3,12.49,0.00
5053026,1021743,26,1,2.49,0.00
5053027,1021744,7,1,11.99,0.00
5053028,1021745,17,1,12.49,2.50
5053029,1021745,26,1,2.49,0.00
5053030,1021746,17,1,12.49,2.50
5053031,1021747,8,1,12.49,0.00
5053032,1021747,23,3,3.99,0.00
5053033,1021747,18,3,5.49,0.00
5053034,1021748,1,3,11.49,0.00
5053035,1021748,33,1,5.49,0.00
5053036,1021748,27,1,2.49,0.00
5053037,1021748,22,2,4.49,0.00
5053038,1021748,19,1,3.99,0.00
5053039,1021749,8,1,12.49,0.00
5053040,1021750,11,1,13.49,0.00
5053041,1021750,20,1,4.49,0.00
5053042,1021751,17,1,12.49,2.50
5053043,1021752,17,1,12.49,2.50
5053044,1021752,30,1,3.29,0.00
5053045,1021752,29,1,3.49,0.00
5053046,1021752,28,1,3.49,0.00
5053047,1021753,6,1,12.99,0.00
5053048,1021754,4,1,14.99,0.00
5053049,1021755,7,1,11.99,0.00
5053050,1021755,26,2,2.49,0.00
5053051,1021756,13,1,9.99,0.00
5053052,1021756,25,1,6.49,0.00
5053053,1021756,12,1,18.99,0.00
5053054,1021756,8,1,12.49,0.00
5053055,1021757,14,1,10.49,0.00
5053056,1021757,29,1,3.49,0.00
5053057,1021758,11,1,13.49,0.00
5053058,1021759,15,1,10.99,0.00
5053059,1021759,26,1,2.49,0.00
5053060,1021759,27,1,2.49,0.00
5053061,1021760,11,1,13.49,0.00
5053062,1021760,29,2,3.49,0.00
5053063,1021761,10,1,10.99,0.00
5053064,1021761,21,2,3.99,0.00
5053065,1021762,17,1,12.49,2.50
5053066,1021762,34,3,4.49,0.00
5053067,1021762,21,1,3.99,0.00
5053068,1021762,8,1,12.49,0.00
5053069,1021762,26,1,2.49,0.00
5053070,1021763,4,1,14.99,0.00
5053071,1021764,13,1,9.99,0.00
5053072,1021764,19,1,3.99,0.00
5053073,1021764,11,1,13.49,0.00
5053074,1021765,1,1,11.49,0.00
5053075,1021765,35,1,2.99,0.00
5053076,1021766,10,1,10.99,0.00
5053077,1021766,23,1,3.99,0.00
5053078,1021766,33,2,5.49,0.00
5053079,1021767,4,1,14.99,0.00
5053080,1021767,29,1,3.49,0.00
5053081,1021768,15,1,10.99,0.00
5053082,1021768,34,1,4.49,0.00
5053083,1021768,19,3,3.99,0.00
5053084,1021768,27,2,2.49,0.00
5053085,1021768,28,1,3.49,0.00
5053086,1021769,17,0,12.49,5.00
5053087,1021769,31,1,3.49,0.00
5053088,1021770,12,1,18.99,0.00
5053089,1021771,17,1,12.49,0.00
5053090,1021771,30,1,3.29,0.00
5053091,1021772,8,1,12.49,0.00
5053092,1021772,30,1,3.29,0.00
5053093,1021773,10,1,10.99,0.00
5053094,1021773,27,1,2.49,0.00
5053095,1021773,18,1,5.49,0.00
5053096,1021774,7,1,11.99,0.00
5053097,1021774,20,1,4.49,0.00
5053098,1021774,3,1,10.49,0.00
5053099,1021774,19,1,3.99,0.00
5053100,1021775,2,1,11.99,0.00
5053101,1021775,25,1,6.49,0.00
5053102,1021776,6,1,12.99,0.00
5053103,1021776,29,1,3.49,0.00
5053104,1021776,26,1,2.49,0.00
5053105,1021777,6,1,12.99,0.00
5053106,1021777,19,1,3.99,0.00
5053107,1021778,17,2,12.49,5.00
5053108,1021778,24,1,3.49,0.00
5053109,1021778,21,1,3.99,0.00
5053110,1021779,2,1,11.99,0.00
5053111,1021779,21,1,3.99,0.00
5053112,1021780,10,1,10.99,0.00
5053113,1021780,27,1,2.49,0.00
5053114,1021781,6,2,12.99,0.00
5053115,1021781,27,1,2.49,0.00
5053116,1021782,8,1,12.49,0.00
5053117,1021783,7,1,11.99,0.00
5053118,1021784,9,1,13.99,0.00
5053119,1021784,18,1,5.49,0.00
5053120,1021784,24,1,3.49,0.00
5053121,1021785,3,1,10.49,0.00
5053122,1021786,17,1,12.49,2.50
5053123,1021786,24,2,3.49,0.00
5053124,1021786,29,1,3.49,0.00
5053125,1021787,17,1,12.49,0.00
5053126,1021787,31,1,3.49,0.00
5053127,1021787,4,1,14.99,0.00
5053128,1021787,18,1,5.49,0.00
5053129,1021788,17,1,12.49,2.50
5053130,1021788,21,1,3.99,0.00
5053131,1021788,26,1,2.49,0.00
5053132,1021788,34,1,4.49,0.00
5053133,1021789,6,1,12.99,0.00
5053134,1021789,32,1,4.99,0.00
5053135,1021789,18,1,5.49,0.00
5053136,1021790,9,1,13.99,0.00
5053137,1021790,31,1,3.49,0.00
5053138,1021791,7,1,11.99,0.00
5053139,1021791,19,1,3.99,0.00
5053140,1021791,35,1,2.99,0.00
5053141,1021792,3,2,10.49,0.00
5053142,1021792,26,2,2.49,0.00
5053143,1021792,30,1,3.29,0.00
5053144,1021793,6,1,12.99,0.00
5053145,1021793,17,1,12.49,0.00
5053146,1021794,3,1,10.49,0.00
5053147,1021795,8,1,12.49,0.00
5053148,1021795,32,3,4.99,0.00
5053149,1021795,27,1,2.49,0.00
5053150,1021796,1,1,11.49,0.00
5053151,1021797,5,1,13.49,0.00
5053152,1021797,28,1,3.49,0.00
5053153,1021798,17,1,12.49,0.00
5053154,1021798,28,2,3.49,0.00
5053155,1021799,17,1,12.49,2.50
5053156,1021799,26,2,2.49,0.00
5053157,1021800,13,1,9.99,0.00
5053158,1021801,17,1,12.49,2.50
5053159,1021801,22,1,4.49,0.00
5053160,1021801,29,1,3.49,0.00
5053161,1021802,14,1,10.49,0.00
5053162,1021802,33,1,5.49,0.00
5053163,1021802,26,1,2.49,0.00
5053164,1021803,6,1,12.99,0.00
5053165,1021803,28,1,3.49,0.00
5053166,1021803,30,1,3.29,0.00
5053167,1021804,11,1,13.49,0.00
5053168,1021804,26,1,2.49,0.00
5053169,1021804,30,1,3.29,0.00
5053170,1021805,4,1,14.99,0.00
5053171,1021806,17,1,12.49,0.00
5053172,1021806,22,1,4.49,0.00
5053173,1021807,14,1,10.49,0.00
5053174,1021807,20,1,4.49,0.00
5053175,1021807,22,1,4.49,0.00
5053176,1021808,17,1,12.49,2.50
5053177,1021808,29,-1,3.49,0.00
5053178,1021809,14,3,10.49,0.00
5053179,1021809,21,1,3.99,0.00
5053180,1021809,28,1,3.49,0.00
5053181,1021810,6,1,12.99,0.00
5053182,1021810,23,1,3.99,0.00
5053183,1021811,6,1,12.99,0.00
5053184,1021811,8,1,12.49,0.00
5053185,1021812,3,1,10.49,0.00
5053186,1021812,24,1,3.49,0.00
5053187,1021813,7,2,11.99,0.00
5053188,1021813,32,1,4.99,0.00
5053189,1021813,34,1,4.49,0.00
5053190,1021814,1,2,11.49,0.00
5053191,1021814,19,3,3.99,0.00
5053192,1021814,27,1,2.49,0.00
5053193,1021815,17,2,12.49,0.00
5053194,1021815,28,1,3.49,0.00
5053195,1021815,22,1,4.49,0.00
5053196,1021816,2,2,11.99,0.00
5053197,1021816,3,1,10.49,0.00
5053198,1021817,13,1,9.99,0.00
5053199,1021817,26,1,2.49,0.00
5053200,1021818,8,1,12.49,0.00
5053201,1021818,20,1,4.49,0.00
5053202,1021819,17,1,12.49,0.00
5053203,1021819,34,2,4.49,0.00
5053204,1021819,3,1,10.49,0.00
5053205,1021820,17,1,12.49,0.00
5053206,1021820,29,2,3.49,0.00
5053207,1021821,1,1,11.49,0.00
5053208,1021821,26,1,2.49,0.00
5053209,1021821,28,1,3.49,0.00
5053210,1021822,10,2,10.99,0.00
5053211,1021822,30,1,3.29,0.00
5053212,1021823,17,1,12.49,0.00
5053213,1021823,18,1,5.49,0.00
5053214,1021824,2,1,11.99,0.00
5053215,1021824,21,1,3.99,0.00
5053216,1021825,17,1,12.49,0.00
5053217,1021825,26,1,2.49,0.00
5053218,1021826,5,1,13.49,0.00
5053219,1021826,26,1,2.49,0.00
5053220,1021827,10,1,10.99,0.00
5053221,1021827,20,1,4.49,0.00
5053222,1021827,24,1,3.49,0.00
5053223,1021828,5,3,13.49,0.00
5053224,1021828,30,2,3.29,0.00
5053225,1021829,6,1,12.99,0.00
5053226,1021829,27,1,2.49,0.00
5053227,1021830,8,1,12.49,0.00
5053228,1021830,18,1,5.49,0.00
5053229,1021831,14,1,10.49,0.00
5053230,1021831,30,2,3.29,0.00
5053231,1021831,33,1,5.49,0.00
5053232,1021831,27,2,2.49,0.00
5053233,1021831,26,1,2.49,0.00
5053234,1021832,4,1,14.99,0.00
5053235,1021833,10,1,10.99,0.00
5053236,1021833,26,1,2.49,0.00
5053237,1021833,24,1,3.49,0.00
5053238,1021834,16,1,10.49,0.00
5053239,1021834,19,1,3.99,0.00
5053240,1021834,18,1,5.49,0.00
5053241,1021834,21,1,3.99,0.00
5053242,1021835,17,1,12.49,2.50
5053243,1021835,29,1,3.49,0.00
5053244,1021836,17,1,12.49,0.00
5053245,1021836,21,1,3.99,0.00
5053246,1021836,30,1,3.29,0.00
5053247,1021837,17,1,12.49,0.00
5053248,1021838,1,1,11.49,0.00
5053249,1021839,14,3,10.49,0.00
5053250,1021839,29,1,3.49,0.00
5053251,1021839,26,1,2.49,0.00
5053252,1021839,23,1,3.99,0.00
5053253,1021840,17,1,12.49,2.50
5053254,1021840,20,1,4.49,0.00
5053255,1021840,27,1,2.49,0.00
5053256,1021841,7,1,11.99,0.00
5053257,1021841,27,1,2.49,0.00
5053258,1021841,1,1,11.49,0.00
5053259,1021841,32,1,4.99,0.00
5053260,1021842,5,1,13.49,0.00
5053261,1021842,27,1,2.49,0.00
5053262,1021842,30,1,3.29,0.00
5053263,1021842,26,1,2.49,0.00
5053264,1021843,12,4,18.99,0.00
5053265,1021844,7,1,11.99,0.00
5053266,1021844,25,1,6.49,0.00
5053267,1021845,17,1,12.49,0.00
5053268,1021845,18,1,5.49,0.00
5053269,1021846,2,1,11.99,0.00
5053270,1021846,27,3,2.49,0.00
5053271,1021847,16,2,10.49,0.00
5053272,1021848,17,2,12.49,0.00
5053273,1021848,24,3,3.49,0.00
5053274,1021849,15,1,10.99,0.00
5053275,1021849,28,1,3.49,0.00
5053276,1021849,25,1,6.49,0.00
5053277,1021849,23,1,3.99,0.00
5053278,1021850,2,1,11.99,0.00
5053279,1021850,26,1,2.49,0.00
5053280,1021851,3,1,10.49,0.00
5053281,1021851,32,2,4.99,0.00
5053282,1021851,24,3,3.49,0.00
5053283,1021851,14,1,10.49,0.00
5053284,1021851,18,1,5.49,0.00
5053285,1021852,16,1,10.49,0.00
5053286,1021852,29,1,3.49,0.00
5053287,1021853,9,2,13.99,0.00
5053288,1021853,12,0,18.99,0.00
5053289,1021853,27,1,2.49,0.00
5053290,1021854,16,1,10.49,0.00
5053291,1021854,29,1,3.49,0.00
5053292,1021854,28,1,3.49,0.00
5053293,1021855,2,1,11.99,0.00
5053294,1021856,17,1,12.49,0.00
5053295,1021857,17,1,12.49,0.00
5053296,1021857,20,1,4.49,0.00
5053297,1021858,12,1,18.99,0.00
5053298,1021858,23,1,3.99,0.00
5053299,1021858,31,1,3.49,0.00
5053300,1021859,3,1,10.49,0.00
5053301,1021859,18,2,5.49,0.00
5053302,1021859,29,1,3.49,0.00
5053303,1021859,26,1,2.49,0.00
5053304,1021860,17,1,12.49,0.00
5053305,1021860,21,1,3.99,0.00
5053306,1021861,7,1,11.99,0.00
5053307,1021862,17,1,12.49,2.50
5053308,1021862,28,1,3.49,0.00
5053309,1021863,15,1,10.99,0.00
5053310,1021863,28,1,3.49,0.00
5053311,1021863,30,1,3.29,0.00
5053312,1021863,34,1,4.49,0.00
5053313,1021863,20,2,4.49,0.00
5053314,1021863,26,1,2.49,0.00
5053315,1021864,9,1,13.99,0.00
5053316,1021864,33,1,5.49,0.00
5053317,1021865,7,3,11.99,0.00
5053318,1021865,21,1,3.99,0.00
5053319,1021865,3,1,10.49,0.00
5053320,1021865,26,1,2.49,0.00
5053321,1021866,14,1,10.49,0.00
5053322,1021866,25,1,6.49,0.00
5053323,1021866,28,1,3.49,0.00
5053324,1021867,6,1,12.99,0.00
5053325,1021867,34,1,4.49,0.00
5053326,1021867,28,1,3.49,0.00
5053327,1021868,6,1,12.99,0.00
5053328,1021869,7,1,11.99,0.00
5053329,1021869,33,1,5.49,0.00
5053330,1021870,7,1,11.99,0.00
5053331,1021870,28,1,3.49,0.00
5053332,1021870,31,1,3.49,0.00
5053333,1021870,32,1,4.99,0.00
5053334,1021871,17,2,12.49,0.00
5053335,1021872,4,1,14.99,0.00
5053336,1021872,26,1,2.49,0.00
5053337,1021872,27,1,2.49,0.00
5053338,1021873,17,1,12.49,0.00
5053339,1021874,17,1,12.49,0.00
5053340,1021874,21,1,3.99,0.00
5053341,1021875,15,1,10.99,0.00
5053342,1021875,23,1,3.99,0.00
5053343,1021876,6,1,12.99,0.00
5053344,1021876,27,1,2.49,0.00
5053345,1021877,17,-1,12.49,2.50
5053346,1021877,19,1,3.99,0.00
5053347,1021878,17,1,12.49,0.00
5053348,1021878,25,1,6.49,0.00
5053349,1021878,26,1,2.49,0.00
5053350,1021879,17,1,12.49,0.00
5053351,1021879,20,1,4.49,0.00
5053352,1021879,19,1,3.99,0.00
5053353,1021880,8,1,12.49,0.00
5053354,1021881,13,1,9.99,0.00
5053355,1021881,21,1,3.99,0.00
5053356,1021882,17,1,12.49,0.00
5053357,1021882,23,1,3.99,0.00
5053358,1021883,17,1,12.49,0.00
5053359,1021883,32,1,4.99,0.00
5053360,1021883,27,1,2.49,0.00
5053361,1021884,6,1,12.99,0.00
5053362,1021884,19,1,3.99,0.00
5053363,1021884,21,1,3.99,0.00
5053364,1021884,17,1,12.49,0.00
5053365,1021885,17,1,12.49,0.00
5053366,1021885,18,3,5.49,0.00
5053367,1021886,4,1,14.99,0.00
5053368,1021886,30,1,3.29,0.00
5053369,1021887,17,2,12.49,0.00
5053370,1021888,14,1,10.49,0.00
5053371,1021889,16,1,10.49,0.00
5053372,1021889,19,1,3.99,0.00
5053373,1021890,15,1,10.99,0.00
5053374,1021890,17,2,12.49,0.00
5053375,1021891,3,1,10.49,0.00
5053376,1021891,27,3,2.49,0.00
5053377,1021891,28,1,3.49,0.00
5053378,1021891,26,3,2.49,0.00
5053379,1021892,17,2,12.49,0.00
5053380,1021893,11,1,13.49,0.00
5053381,1021893,4,1,14.99,0.00
5053382,1021894,17,1,12.49,0.00
5053383,1021894,21,1,3.99,0.00
5053384,1021894,30,1,3.29,0.00
5053385,1021894,28,2,3.49,0.00
5053386,1021894,26,1,2.49,0.00
5053387,1021895,1,1,11.49,0.00
5053388,1021896,17,2,12.49,5.00
5053389,1021896,21,1,3.99,0.00
5053390,1021896,19,1,3.99,0.00
5053391,1021896,31,1,3.49,0.00
5053392,1021897,7,2,11.99,0.00
5053393,1021897,28,1,3.49,0.00
5053394,1021897,33,1,5.49,0.00
5053395,1021897,1,1,11.49,0.00
5053396,1021897,19,2,3.99,0.00
5053397,1021898,3,1,10.49,0.00
5053398,1021898,27,1,2.49,0.00
5053399,1021898,29,1,3.49,0.00
5053400,1021898,18,1,5.49,0.00
5053401,1021898,4,1,14.99,0.00
5053402,1021899,11,1,13.49,0.00
5053403,1021899,33,1,5.49,0.00
5053404,1021900,17,1,12.49,0.00
5053405,1021901,17,2,12.49,0.00
5053406,1021901,27,5,2.49,0.00
5053407,1021902,17,2,12.49,0.00
5053408,1021902,26,1,2.49,0.00
5053409,1021902,24,1,3.49,0.00
5053410,1021902,32,2,4.99,0.00
5053411,1021903,1,1,11.49,0.00
5053412,1021903,25,1,6.49,0.00
5053413,1021903,23,1,3.99,0.00
5053414,1021903,27,1,2.49,0.00
5053415,1021904,17,1,12.49,2.50
5053416,1021905,3,1,10.49,0.00
5053417,1021905,14,1,10.49,0.00
5053418,1021905,26,2,2.49,0.00
5053419,1021906,17,2,12.49,0.00
5053420,1021906,19,1,3.99,0.00
5053421,1021906,27,1,2.49,0.00
5053422,1021906,14,1,10.49,0.00
5053423,1021906,26,1,2.49,0.00
5053424,1021906,21,1,3.99,0.00
5053425,1021907,8,1,12.49,0.00
5053426,1021908,11,1,13.49,0.00
5053427,1021908,34,1,4.49,0.00
5053428,1021908,31,1,3.49,0.00
5053429,1021908,18,1,5.49,0.00
5053430,1021908,29,1,3.49,0.00
5053431,1021908,28,1,3.49,0.00
5053432,1021909,17,1,12.49,2.50
5053433,1021910,8,1,12.49,0.00
5053434,1021911,2,1,11.99,0.00
5053435,1021911,18,1,5.49,0.00
5053436,1021911,25,1,6.49,0.00
5053437,1021912,8,1,12.49,0.00
5053438,1021912,34,1,4.49,0.00
5053439,1021912,18,1,5.49,0.00
5053440,1021913,10,1,10.99,0.00
5053441,1021913,18,1,5.49,0.00
5053442,1021913,27,1,2.49,0.00
5053443,1021914,17,1,12.49,0.00
5053444,1021915,11,2,13.49,0.00
5053445,1021915,19,1,3.99,0.00
5053446,1021916,2,1,11.99,0.00
5053447,1021916,29,2,3.49,0.00
5053448,1021917,1,-1,11.49,0.00
5053449,1021917,32,1,4.99,0.00
5053450,1021918,1,2,11.49,0.00
5053451,1021918,25,1,6.49,0.00
5053452,1021919,17,1,12.49,0.00
5053453,1021919,23,1,3.99,0.00
5053454,1021920,8,1,12.49,0.00
5053455,1021921,17,1,12.49,0.00
5053456,1021922,3,2,10.49,0.00
5053457,1021923,13,2,9.99,0.00
5053458,1021923,19,2,3.99,0.00
5053459,1021924,8,1,12.49,0.00
5053460,1021925,17,1,12.49,2.50
5053461,1021925,6,1,12.99,0.00
5053462,1021926,1,1,11.49,0.00
5053463,1021926,20,1,4.49,0.00
5053464,1021927,9,1,13.99,0.00
5053465,1021927,18,1,5.49,0.00
5053466,1021927,27,1,2.49,0.00
5053467,1021927,29,3,3.49,0.00
5053468,1021928,1,1,11.49,0.00
5053469,1021928,26,2,2.49,0.00
5053470,1021929,17,2,12.49,0.00
5053471,1021930,17,1,12.49,0.00
5053472,1021930,22,1,4.49,0.00
5053473,1021931,17,1,12.49,0.00
5053474,1021931,18,2,5.49,0.00
5053475,1021932,17,1,12.49,0.00
5053476,1021932,25,3,6.49,0.00
5053477,1021932,26,1,2.49,0.00
5053478,1021932,34,1,4.49,0.00
5053479,1021933,1,0,11.49,0.00
5053480,1021933,27,1,2.49,0.00
5053481,1021933,19,1,3.99,0.00
5053482,1021934,5,1,13.49,0.00
5053483,1021934,18,1,5.49,0.00
5053484,1021934,32,1,4.99,0.00
5053485,1021934,27,1,2.49,0.00
5053486,1021935,11,1,13.49,0.00
5053487,1021936,3,2,10.49,0.00
5053488,1021936,35,1,2.99,0.00
5053489,1021937,9,1,13.99,0.00
5053490,1021938,13,1,9.99,0.00
5053491,1021938,27,1,2.49,0.00
5053492,1021938,5,1,13.49,0.00
5053493,1021938,2,1,11.99,0.00
5053494,1021939,17,2,12.49,0.00
5053495,1021939,23,1,3.99,0.00
5053496,1021940,2,1,11.99,0.00
5053497,1021941,17,1,12.49,2.50
5053498,1021941,31,1,3.49,0.00
5053499,1021941,26,1,2.49,0.00
5053500,1021942,2,1,11.99,0.00
5053501,1021942,16,1,10.49,0.00
5053502,1021943,16,1,10.49,0.00
5053503,1021943,29,2,3.49,0.00
5053504,1021943,18,1,5.49,0.00
5053505,1021943,19,3,3.99,0.00
5053506,1021944,17,1,12.49,2.50
5053507,1021944,33,1,5.49,0.00
5053508,1021944,23,2,3.99,0.00
5053509,1021945,5,2,13.49,0.00
5053510,1021945,26,1,2.49,0.00
5053511,1021945,19,1,3.99,0.00
5053512,1021946,8,-1,12.49,0.00
5053513,1021946,28,1,3.49,0.00
5053514,1021947,11,1,13.49,0.00
5053515,1021947,34,2,4.49,0.00
5053516,1021947,20,1,4.49,0.00
5053517,1021948,5,1,13.49,0.00
5053518,1021948,13,2,9.99,0.00
5053519,1021949,13,1,9.99,0.00
5053520,1021949,26,1,2.49,0.00
5053521,1021950,11,1,13.49,0.00
5053522,1021951,8,1,12.49,0.00
5053523,1021951,17,1,12.49,0.00
5053524,1021951,29,1,3.49,0.00
5053525,1021951,18,1,5.49,0.00
5053526,1021952,17,1,12.49,0.00
5053527,1021952,19,1,3.99,0.00
5053528,1021952,29,1,3.49,0.00
5053529,1021952,18,1,5.49,0.00
5053530,1021953,7,1,11.99,0.00
5053531,1021953,19,1,3.99,0.00
5053532,1021953,30,1,3.29,0.00
5053533,1021953,22,1,4.49,0.00
5053534,1021954,9,1,13.99,0.00
5053535,1021954,26,1,2.49,0.00
5053536,1021954,23,2,3.99,0.00
5053537,1021955,1,1,11.49,0.00
5053538,1021955,28,2,3.49,0.00
5053539,1021955,19,1,3.99,0.00
5053540,1021955,25,1,6.49,0.00
5053541,1021955,24,2,3.49,0.00
5053542,1021956,3,1,10.49,0.00
5053543,1021956,26,1,2.49,0.00
5053544,1021956,32,1,4.99,0.00
5053545,1021957,15,1,10.99,0.00
5053546,1021957,11,1,13.49,0.00
5053547,1021957,28,1,3.49,0.00
5053548,1021957,33,1,5.49,0.00
5053549,1021958,9,1,13.99,0.00
5053550,1021958,24,1,3.49,0.00
5053551,1021958,28,1,3.49,0.00
5053552,1021959,3,1,10.49,0.00
5053553,1021960,7,1,11.99,0.00
5053554,1021960,11,2,13.49,0.00
5053555,1021960,25,1,6.49,0.00
5053556,1021961,17,1,12.49,0.00
5053557,1021961,3,1,10.49,0.00
5053558,1021962,1,1,11.49,0.00
5053559,1021962,29,1,3.49,0.00
5053560,1021962,20,1,4.49,0.00
5053561,1021963,16,2,10.49,0.00
5053562,1021963,17,2,12.49,0.00
5053563,1021963,32,1,4.99,0.00
5053564,1021964,7,1,11.99,0.00
5053565,1021964,29,1,3.49,0.00
5053566,1021964,18,1,5.49,0.00
5053567,1021965,2,1,11.99,0.00
5053568,1021965,27,1,2.49,0.00
5053569,1021965,23,1,3.99,0.00
5053570,1021965,26,1,2.49,0.00
5053571,1021966,1,3,11.49,0.00
5053572,1021966,32,1,4.99,0.00
5053573,1021967,17,1,12.49,0.00
5053574,1021967,31,1,3.49,0.00
5053575,1021967,32,1,4.99,0.00
5053576,1021968,11,1,13.49,0.00
5053577,1021968,33,1,5.49,0.00
5053578,1021968,35,1,2.99,0.00
5053579,1021968,20,1,4.49,0.00
5053580,1021969,6,1,12.99,0.00
5053581,1021969,27,3,2.49,0.00
5053582,1021969,18,1,5.49,0.00
5053583,1021970,1,1,11.49,0.00
5053584,1021971,5,1,13.49,0.00
5053585,1021971,3,3,10.49,0.00
5053586,1021972,16,1,10.49,0.00
5053587,1021973,7,2,11.99,0.00
5053588,1021973,25,1,6.49,0.00
5053589,1021974,8,1,12.49,0.00
5053590,1021975,4,1,14.99,0.00
5053591,1021975,20,1,4.49,0.00
5053592,1021976,13,2,9.99,0.00
5053593,1021976,26,1,2.49,0.00
5053594,1021977,1,1,11.49,0.00
5053595,1021977,17,2,12.49,5.00
5053596,1021977,19,3,3.99,0.00
5053597,1021978,3,1,10.49,0.00
5053598,1021979,2,1,11.99,0.00
5053599,1021979,30,1,3.29,0.00
5053600,1021980,1,2,11.49,0.00
5053601,1021980,34,1,4.49,0.00
5053602,1021980,32,1,4.99,0.00
5053603,1021981,12,1,18.99,0.00
5053604,1021981,33,1,5.49,0.00
5053605,1021982,1,1,11.49,0.00
5053606,1021983,1,1,11.49,0.00
5053607,1021983,10,1,10.99,0.00
5053608,1021983,20,1,4.49,0.00
5053609,1021984,13,1,9.99,0.00
5053610,1021985,6,2,12.99,0.00
5053611,1021985,27,3,2.49,0.00
5053612,1021986,5,1,13.49,0.00
5053613,1021986,26,1,2.49,0.00
5053614,1021986,27,-1,2.49,0.00
5053615,1021987,10,1,10.99,0.00
5053616,1021987,26,1,2.49,0.00
5053617,1021987,1,1,11.49,0.00
5053618,1021988,1,1,11.49,0.00
5053619,1021988,9,1,13.99,0.00
5053620,1021989,11,1,13.49,0.00
5053621,1021989,18,1,5.49,0.00
5053622,1021989,30,1,3.29,0.00
5053623,1021990,1,1,11.49,0.00
5053624,1021990,25,1,6.49,0.00
5053625,1021991,17,1,12.49,0.00
5053626,1021991,21,1,3.99,0.00
5053627,1021992,12,1,18.99,0.00
5053628,1021993,2,1,11.99,0.00
5053629,1021993,27,2,2.49,0.00
5053630,1021993,31,1,3.49,0.00
5053631,1021994,14,1,10.49,0.00
5053632,1021994,29,1,3.49,0.00
5053633,1021994,22,1,4.49,0.00
5053634,1021994,30,1,3.29,0.00
5053635,1021995,7,1,11.99,0.00
5053636,1021995,21,2,3.99,0.00
5053637,1021995,25,2,6.49,0.00
5053638,1021996,17,1,12.49,0.00
5053639,1021997,10,1,10.99,0.00
5053640,1021997,1,1,11.49,0.00
5053641,1021998,1,1,11.49,0.00
5053642,1021998,6,1,12.99,0.00
5053643,1021998,21,1,3.99,0.00
5053644,1021999,4,1,14.99,0.00
5053645,1022000,5,1,13.49,0.00
5053646,1022000,20,1,4.49,0.00
5053647,1022000,21,2,3.99,0.00
5053648,1022000,24,1,3.49,0.00
5053649,1022000,18,1,5.49,0.00
5053650,1022001,17,1,12.49,2.50
5053651,1022001,25,1,6.49,0.00
5053652,1022002,4,1,14.99,0.00
5053653,1022002,10,1,10.99,0.00
5053654,1022003,17,2,12.49,0.00
5053655,1022003,27,1,2.49,0.00
5053656,1022003,18,1,5.49,0.00
5053657,1022003,30,1,3.29,0.00
5053658,1022004,3,1,10.49,0.00
5053659,1022004,29,1,3.49,0.00
5053660,1022005,17,1,12.49,2.50
5053661,1022005,25,1,6.49,0.00
5053662,1022005,19,1,3.99,0.00
5053663,1022006,16,1,10.49,0.00
5053664,1022006,27,1,2.49,0.00
5053665,1022007,7,1,11.99,0.00
5053666,1022007,26,1,2.49,0.00
5053667,1022008,7,1,11.99,0.00
5053668,1022008,16,1,10.49,0.00
5053669,1022008,23,1,3.99,0.00
5053670,1022008,24,1,3.49,0.00
5053671,1022009,9,1,13.99,0.00
5053672,1022009,22,1,4.49,0.00
5053673,1022009,26,1,2.49,0.00
5053674,1022009,19,1,3.99,0.00
5053675,1022009,2,1,11.99,0.00
5053676,1022010,8,1,12.49,0.00
5053677,1022010,18,1,5.49,0.00
5053678,1022011,11,1,13.49,0.00
5053679,1022011,35,2,2.99,0.00
5053680,1022012,6,1,12.99,0.00
5053681,1022013,17,2,12.49,5.00
5053682,1022013,27,1,2.49,0.00
5053683,1022014,15,1,10.99,0.00
5053684,1022014,28,1,3.49,0.00
5053685,1022015,11,1,13.49,0.00
5053686,1022015,19,1,3.99,0.00
5053687,1022015,31,1,3.49,0.00
5053688,1022016,2,1,11.99,0.00
5053689,1022017,1,1,11.49,0.00
5053690,1022017,26,1,2.49,0.00
5053691,1022017,29,2,3.49,0.00
5053692,1022018,17,1,12.49,2.50
5053693,1022018,27,1,2.49,0.00
5053694,1022018,8,2,12.49,0.00
5053695,1022019,14,1,10.49,0.00
5053696,1022020,17,1,12.49,2.50
5053697,1022020,18,1,5.49,0.00
5053698,1022021,9,1,13.99,0.00
5053699,1022022,8,1,12.49,0.00
5053700,1022022,21,1,3.99,0.00
5053701,1022022,34,1,4.49,0.00
5053702,1022023,12,1,18.99,0.00
5053703,1022023,27,1,2.49,0.00
5053704,1022024,8,1,12.49,0.00
5053705,1022024,4,1,14.99,0.00
5053706,1022024,31,1,3.49,0.00
5053707,1022025,15,2,10.99,0.00
5053708,1022025,32,1,4.99,0.00
5053709,1022025,22,-1,4.49,0.00
5053710,1022026,17,1,12.49,0.00
5053711,1022026,32,1,4.99,0.00
5053712,1022026,26,1,2.49,0.00
5053713,1022027,5,1,13.49,0.00
5053714,1022027,23,1,3.99,0.00
5053715,1022028,8,1,12.49,0.00
5053716,1022028,26,1,2.49,0.00
5053717,1022028,30,1,3.29,0.00
5053718,1022029,17,1,12.49,0.00
5053719,1022029,21,1,3.99,0.00
5053720,1022029,32,1,4.99,0.00
5053721,1022029,29,1,3.49,0.00
5053722,1022030,3,2,10.49,0.00
5053723,1022030,16,1,10.49,0.00
5053724,1022031,17,1,12.49,2.50
5053725,1022031,10,1,10.99,0.00
5053726,1022032,11,1,13.49,0.00
5053727,1022032,23,2,3.99,0.00
5053728,1022032,34,1,4.49,0.00
5053729,1022033,17,2,12.49,0.00
5053730,1022033,20,1,4.49,0.00
5053731,1022034,2,1,11.99,0.00
5053732,1022034,34,1,4.49,0.00
5053733,1022034,25,1,6.49,0.00
5053734,1022035,9,1,13.99,0.00
5053735,1022035,7,1,11.99,0.00
5053736,1022036,15,1,10.99,0.00
5053737,1022036,28,1,3.49,0.00
5053738,1022037,8,1,12.49,0.00
5053739,1022037,14,1,10.49,0.00
5053740,1022037,27,1,2.49,0.00
5053741,1022038,13,2,9.99,0.00
5053742,1022038,29,1,3.49,0.00
5053743,1022039,15,1,10.99,0.00
5053744,1022040,17,1,12.49,0.00
5053745,1022040,19,1,3.99,0.00
5053746,1022040,20,1,4.49,0.00
5053747,1022040,28,1,3.49,0.00
5053748,1022041,2,1,11.99,0.00
5053749,1022041,25,1,6.49,0.00
5053750,1022042,3,1,10.49,0.00
5053751,1022042,30,1,3.29,0.00
5053752,1022043,17,1,12.49,0.00
5053753,1022044,17,1,12.49,0.00
5053754,1022044,29,1,3.49,0.00
5053755,1022044,30,1,3.29,0.00
5053756,1022044,4,3,14.99,0.00
5053757,1022044,25,1,6.49,0.00
5053758,1022045,9,1,13.99,0.00
5053759,1022045,10,1,10.99,0.00
5053760,1022045,21,1,3.99,0.00
5053761,1022045,23,1,3.99,0.00
5053762,1022046,9,3,13.99,0.00
5053763,1022047,17,2,12.49,0.00
5053764,1022048,8,3,12.49,0.00
5053765,1022049,13,1,9.99,0.00
5053766,1022049,16,0,10.49,0.00
5053767,1022049,19,1,3.99,0.00
5053768,1022049,29,1,3.49,0.00
5053769,1022050,17,1,12.49,0.00
5053770,1022051,17,1,12.49,0.00
5053771,1022051,26,1,2.49,0.00
5053772,1022051,22,4,4.49,0.00
5053773,1022052,16,1,10.49,0.00
5053774,1022052,22,2,4.49,0.00
5053775,1022052,19,1,3.99,0.00
5053776,1022053,12,1,18.99,0.00
5053777,1022053,28,1,3.49,0.00
5053778,1022054,17,1,12.49,0.00
5053779,1022054,18,1,5.49,0.00
5053780,1022054,22,1,4.49,0.00
5053781,1022055,14,1,10.49,0.00
5053782,1022055,32,1,4.99,0.00
5053783,1022055,26,1,2.49,0.00
5053784,1022056,14,1,10.49,0.00
5053785,1022056,19,1,3.99,0.00
5053786,1022056,27,1,2.49,0.00
5053787,1022056,32,1,4.99,0.00
5053788,1022056,22,1,4.49,0.00
5053789,1022056,17,2,12.49,0.00
5053790,1022057,3,1,10.49,0.00
5053791,1022057,29,2,3.49,0.00
5053792,1022058,7,1,11.99,0.00
5053793,1022058,19,1,3.99,0.00
5053794,1022059,17,1,12.49,0.00
5053795,1022060,3,1,10.49,0.00
5053796,1022061,5,1,13.49,0.00
5053797,1022061,32,1,4.99,0.00
5053798,1022061,30,1,3.29,0.00
5053799,1022061,3,1,10.49,0.00
5053800,1022062,2,1,11.99,0.00
5053801,1022062,20,1,4.49,0.00
5053802,1022063,3,1,10.49,0.00
5053803,1022063,21,1,3.99,0.00
5053804,1022064,17,1,12.49,2.50
5053805,1022064,33,1,5.49,0.00
5053806,1022064,19,2,3.99,0.00
5053807,1022064,26,1,2.49,0.00
5053808,1022065,17,1,12.49,0.00
5053809,1022065,26,1,2.49,0.00
5053810,1022065,22,1,4.49,0.00
5053811,1022066,15,2,10.99,0.00
5053812,1022066,32,1,4.99,0.00
5053813,1022066,17,1,12.49,2.50
5053814,1022067,14,1,10.49,0.00
5053815,1022067,21,3,3.99,0.00
5053816,1022068,11,3,13.49,0.00
5053817,1022068,28,3,3.49,0.00
5053818,1022068,31,1,3.49,0.00
5053819,1022068,27,2,2.49,0.00
5053820,1022069,1,1,11.49,0.00
5053821,1022069,21,1,3.99,0.00
5053822,1022070,11,2,13.49,0.00
5053823,1022070,6,1,12.99,0.00
5053824,1022070,15,1,10.99,0.00
5053825,1022071,1,1,11.49,0.00
5053826,1022072,7,1,11.99,0.00
5053827,1022072,25,1,6.49,0.00
5053828,1022072,31,1,3.49,0.00
5053829,1022072,4,1,14.99,0.00
5053830,1022072,19,1,3.99,0.00
5053831,1022072,34,1,4.49,0.00
5053832,1022073,17,1,12.49,0.00
5053833,1022073,27,1,2.49,0.00
5053834,1022074,2,1,11.99,0.00
5053835,1022075,4,1,14.99,0.00
5053836,1022076,17,1,12.49,0.00
5053837,1022077,11,2,13.49,0.00
5053838,1022077,24,1,3.49,0.00
5053839,1022078,17,1,12.49,0.00
5053840,1022078,26,1,2.49,0.00
5053841,1022079,17,1,12.49,0.00
5053842,1022079,18,2,5.49,0.00
5053843,1022080,8,1,12.49,0.00
5053844,1022080,17,1,12.49,2.50
5053845,1022080,26,1,2.49,0.00
5053846,1022081,3,1,10.49,0.00
5053847,1022081,29,1,3.49,0.00
5053848,1022082,1,1,11.49,0.00
5053849,1022082,19,1,3.99,0.00
5053850,1022083,17,1,12.49,0.00
5053851,1022084,14,2,10.49,0.00
5053852,1022084,26,1,2.49,0.00
5053853,1022085,7,1,11.99,0.00
5053854,1022086,1,2,11.49,0.00
5053855,1022087,11,1,13.49,0.00
5053856,1022087,34,1,4.49,0.00
5053857,1022087,26,1,2.49,0.00
5053858,1022088,17,2,12.49,0.00
5053859,1022088,30,1,3.29,0.00
5053860,1022088,34,1,4.49,0.00
5053861,1022088,29,1,3.49,0.00
5053862,1022089,6,1,12.99,0.00
5053863,1022089,26,1,2.49,0.00
5053864,1022089,27,1,2.49,0.00
5053865,1022090,15,1,10.99,0.00
5053866,1022090,17,3,12.49,0.00
5053867,1022090,30,-1,3.29,0.00
5053868,1022091,15,1,10.99,0.00
5053869,1022091,21,1,3.99,0.00
5053870,1022092,3,1,10.49,0.00
5053871,1022093,11,1,13.49,0.00
5053872,1022093,29,1,3.49,0.00
5053873,1022093,19,1,3.99,0.00
5053874,1022094,17,2,12.49,0.00
5053875,1022094,31,1,3.49,0.00
5053876,1022094,26,1,2.49,0.00
5053877,1022095,17,1,12.49,0.00
5053878,1022095,24,1,3.49,0.00
5053879,1022096,7,1,11.99,0.00
5053880,1022097,9,1,13.99,0.00
5053881,1022097,18,2,5.49,0.00
5053882,1022097,19,1,3.99,0.00
5053883,1022097,3,1,10.49,0.00
5053884,1022097,25,1,6.49,0.00
5053885,1022098,17,1,12.49,0.00
5053886,1022099,17,1,12.49,2.50
5053887,1022100,8,1,12.49,0.00
5053888,1022100,21,2,3.99,0.00
5053889,1022101,17,1,12.49,2.50
5053890,1022101,23,1,3.99,0.00
5053891,1022102,15,1,10.99,0.00
5053892,1022102,29,1,3.49,0.00
5053893,1022103,5,1,13.49,0.00
5053894,1022103,18,1,5.49,0.00
5053895,1022103,27,1,2.49,0.00
5053896,1022104,8,2,12.49,0.00
5053897,1022104,27,1,2.49,0.00
5053898,1022105,1,1,11.49,0.00
5053899,1022105,27,2,2.49,0.00
5053900,1022105,23,1,3.99,0.00
5053901,1022105,30,1,3.29,0.00
5053902,1022106,17,3,12.49,0.00
5053903,1022106,28,1,3.49,0.00
5053904,1022107,17,1,12.49,0.00
5053905,1022107,26,2,2.49,0.00
5053906,1022107,35,2,2.99,0.00
5053907,1022108,12,1,18.99,0.00
5053908,1022108,21,1,3.99,0.00
5053909,1022108,18,1,5.49,0.00
5053910,1022108,26,1,2.49,0.00
5053911,1022109,17,2,12.49,0.00
5053912,1022109,26,1,2.49,0.00
5053913,1022110,17,1,12.49,0.00
5053914,1022110,29,1,3.49,0.00
5053915,1022110,25,1,6.49,0.00
5053916,1022111,8,0,12.49,0.00
5053917,1022111,31,1,3.49,0.00
5053918,1022111,34,1,4.49,0.00
5053919,1022111,15,1,10.99,0.00
5053920,1022111,2,2,11.99,0.00
5053921,1022112,17,1,12.49,2.50
5053922,1022112,31,2,3.49,0.00
5053923,1022112,30,1,3.29,0.00
5053924,1022113,13,1,9.99,0.00
5053925,1022114,17,1,12.49,0.00
5053926,1022115,17,2,12.49,0.00
5053927,1022115,21,1,3.99,0.00
5053928,1022115,32,1,4.99,0.00
5053929,1022116,17,1,12.49,2.50
5053930,1022116,29,1,3.49,0.00
5053931,1022117,6,1,12.99,0.00
5053932,1022118,17,1,12.49,2.50
5053933,1022118,25,1,6.49,0.00
5053934,1022118,23,1,3.99,0.00
5053935,1022119,3,1,10.49,0.00
5053936,1022119,30,1,3.29,0.00
5053937,1022120,17,1,12.49,0.00
5053938,1022120,27,1,2.49,0.00
5053939,1022121,3,2,10.49,0.00
5053940,1022121,2,2,11.99,0.00
5053941,1022121,19,1,3.99,0.00
5053942,1022122,17,2,12.49,0.00
5053943,1022122,33,1,5.49,0.00
5053944,1022122,21,1,3.99,0.00
5053945,1022123,6,1,12.99,0.00
5053946,1022123,35,1,2.99,0.00
5053947,1022123,21,1,3.99,0.00
5053948,1022124,1,1,11.49,0.00
5053949,1022125,8,1,12.49,0.00
5053950,1022125,34,1,4.49,0.00
5053951,1022125,20,2,4.49,0.00
5053952,1022125,28,-2,3.49,0.00
5053953,1022126,17,1,12.49,0.00
5053954,1022127,15,2,10.99,0.00
5053955,1022128,12,1,18.99,0.00
5053956,1022129,17,1,12.49,0.00
5053957,1022130,14,1,10.49,0.00
5053958,1022130,26,1,2.49,0.00
5053959,1022130,23,1,3.99,0.00
5053960,1022130,22,1,4.49,0.00
5053961,1022131,9,1,13.99,0.00
5053962,1022131,21,1,3.99,0.00
5053963,1022132,17,1,12.49,0.00
5053964,1022132,26,1,2.49,0.00
5053965,1022133,1,1,11.49,0.00
5053966,1022133,18,1,5.49,0.00
5053967,1022134,17,2,12.49,0.00
5053968,1022134,16,1,10.49,0.00
5053969,1022134,31,1,3.49,0.00
5053970,1022134,26,1,2.49,0.00
5053971,1022135,15,1,10.99,0.00
5053972,1022135,23,2,3.99,0.00
5053973,1022136,5,1,13.49,0.00
5053974,1022136,19,1,3.99,0.00
5053975,1022136,27,1,2.49,0.00
5053976,1022136,26,2,2.49,0.00
5053977,1022137,1,3,11.49,0.00
5053978,1022138,17,1,12.49,0.00
5053979,1022138,27,1,2.49,0.00
5053980,1022139,5,1,13.49,0.00
5053981,1022139,26,1,2.49,0.00
5053982,1022140,17,1,12.49,2.50
5053983,1022141,11,1,13.49,0.00
5053984,1022141,29,1,3.49,0.00
5053985,1022141,19,1,3.99,0.00
5053986,1022142,17,1,12.49,0.00
5053987,1022143,12,1,18.99,0.00
5053988,1022143,26,1,2.49,0.00
5053989,1022143,27,2,2.49,0.00
5053990,1022144,17,3,12.49,0.00
5053991,1022144,20,1,4.49,0.00
5053992,1022144,31,1,3.49,0.00
5053993,1022145,7,2,11.99,0.00
5053994,1022146,5,3,13.49,0.00
5053995,1022147,9,1,13.99,0.00
5053996,1022147,17,1,12.49,0.00
5053997,1022148,4,1,14.99,0.00
5053998,1022148,7,1,11.99,0.00
5053999,1022148,27,1,2.49,0.00
5054000,1022148,32,1,4.99,0.00
5054001,1022149,17,2,12.49,0.00
5054002,1022149,3,1,10.49,0.00
5054003,1022149,32,1,4.99,0.00
5054004,1022150,17,1,12.49,0.00
5054005,1022150,22,1,4.49,0.00
5054006,1022150,21,1,3.99,0.00
5054007,1022151,1,1,11.49,0.00
5054008,1022151,35,1,2.99,0.00
5054009,1022152,17,1,12.49,2.50
5054010,1022152,29,1,3.49,0.00
5054011,1022153,9,1,13.99,0.00
5054012,1022153,18,1,5.49,0.00
5054013,1022154,2,1,11.99,0.00
5054014,1022154,26,1,2.49,0.00
5054015,1022154,28,1,3.49,0.00
5054016,1022155,7,1,11.99,0.00
5054017,1022155,26,1,2.49,0.00
5054018,1022156,17,1,12.49,0.00
5054019,1022156,21,2,3.99,0.00
5054020,1022156,27,4,2.49,0.00
5054021,1022157,8,2,12.49,0.00
5054022,1022158,6,1,12.99,0.00
5054023,1022158,22,1,4.49,0.00
5054024,1022159,16,1,10.49,0.00
5054025,1022159,21,1,3.99,0.00
5054026,1022159,26,1,2.49,0.00
5054027,1022160,4,3,14.99,0.00
5054028,1022160,20,1,4.49,0.00
5054029,1022160,30,3,3.29,0.00
5054030,1022161,1,1,11.49,0.00
5054031,1022161,35,1,2.99,0.00
5054032,1022161,25,1,6.49,0.00
5054033,1022161,18,1,5.49,0.00
5054034,1022162,11,1,13.49,0.00
5054035,1022162,24,1,3.49,0.00
5054036,1022163,7,1,11.99,0.00
5054037,1022163,26,2,2.49,0.00
5054038,1022163,1,1,11.49,0.00
5054039,1022163,17,1,12.49,2.50
5054040,1022164,11,1,13.49,0.00
5054041,1022164,27,2,2.49,0.00
5054042,1022164,30,1,3.29,0.00
5054043,1022165,2,1,11.99,0.00
5054044,1022165,30,1,3.29,0.00
5054045,1022166,17,3,12.49,0.00
5054046,1022166,26,1,2.49,0.00
5054047,1022166,4,1,14.99,0.00
5054048,1022167,9,1,13.99,0.00
5054049,1022167,20,2,4.49,0.00
5054050,1022168,1,1,11.49,0.00
5054051,1022169,3,1,10.49,0.00
5054052,1022169,33,2,5.49,0.00
5054053,1022169,25,1,6.49,0.00
5054054,1022169,19,1,3.99,0.00
5054055,1022170,9,1,13.99,0.00
5054056,1022170,20,2,4.49,0.00
5054057,1022170,18,1,5.49,0.00
5054058,1022170,28,1,3.49,0.00
5054059,1022170,15,1,10.99,0.00
5054060,1022171,1,1,11.49,0.00
5054061,1022171,18,1,5.49,0.00
5054062,1022171,15,2,10.99,0.00
5054063,1022171,26,1,2.49,0.00
5054064,1022171,9,1,13.99,0.00
5054065,1022172,2,1,11.99,0.00
5054066,1022172,11,2,13.49,0.00
5054067,1022173,17,1,12.49,0.00
5054068,1022173,30,2,3.29,0.00
5054069,1022173,28,1,3.49,0.00
5054070,1022173,35,1,2.99,0.00
5054071,1022173,22,1,4.49,0.00
5054072,1022174,6,1,12.99,0.00
5054073,1022174,27,1,2.49,0.00
5054074,1022175,1,1,11.49,0.00
5054075,1022175,17,1,12.49,0.00
5054076,1022175,25,1,6.49,0.00
5054077,1022176,17,1,12.49,0.00
5054078,1022176,19,1,3.99,0.00
5054079,1022176,29,1,3.49,0.00
5054080,1022176,30,1,3.29,0.00
5054081,1022177,17,1,12.49,2.50
5054082,1022177,30,1,3.29,0.00
5054083,1022177,24,3,3.49,0.00
5054084,1022178,6,1,12.99,0.00
5054085,1022178,27,1,2.49,0.00
5054086,1022179,3,1,10.49,0.00
5054087,1022179,33,1,5.49,0.00
5054088,1022180,14,1,10.49,0.00
5054089,1022181,10,1,10.99,0.00
5054090,1022181,21,1,3.99,0.00
5054091,1022181,27,1,2.49,0.00
5054092,1022181,33,1,5.49,0.00
5054093,1022182,17,1,12.49,0.00
5054094,1022183,4,1,14.99,0.00
5054095,1022184,3,1,10.49,0.00
5054096,1022184,20,1,4.49,0.00
5054097,1022185,3,1,10.49,0.00
5054098,1022185,22,2,4.49,0.00
5054099,1022185,17,1,12.49,0.00
5054100,1022185,25,1,6.49,0.00
5054101,1022186,14,2,10.49,0.00
5054102,1022186,28,1,3.49,0.00
5054103,1022187,17,2,12.49,0.00
5054104,1022187,27,1,2.49,0.00
5054105,1022188,9,1,13.99,0.00
5054106,1022188,23,1,3.99,0.00
5054107,1022189,3,3,10.49,0.00
5054108,1022189,30,1,3.29,0.00
5054109,1022189,22,1,4.49,0.00
5054110,1022190,2,1,11.99,0.00
5054111,1022190,20,1,4.49,0.00
5054112,1022190,32,1,4.99,0.00
5054113,1022191,1,1,11.49,0.00
5054114,1022191,25,1,6.49,0.00
5054115,1022191,13,1,9.99,0.00
5054116,1022192,7,1,11.99,0.00
5054117,1022192,21,2,3.99,0.00
5054118,1022193,12,1,18.99,0.00
5054119,1022194,1,1,11.49,0.00
5054120,1022195,16,1,10.49,0.00
5054121,1022195,20,1,4.49,0.00
5054122,1022196,8,1,12.49,0.00
5054123,1022196,33,1,5.49,0.00
5054124,1022197,6,1,12.99,0.00
5054125,1022197,29,2,3.49,0.00
5054126,1022198,8,1,12.49,0.00
5054127,1022198,27,1,2.49,0.00
5054128,1022198,26,1,2.49,0.00
5054129,1022199,7,1,11.99,0.00
5054130,1022199,23,1,3.99,0.00
5054131,1022200,3,1,10.49,0.00
5054132,1022200,33,1,5.49,0.00
5054133,1022200,26,1,2.49,0.00
5054134,1022201,5,1,13.49,0.00
5054135,1022202,16,1,10.49,0.00
5054136,1022203,2,1,11.99,0.00
5054137,1022203,26,1,2.49,0.00
5054138,1022203,19,1,3.99,0.00
5054139,1022204,5,1,13.49,0.00
5054140,1022204,22,1,4.49,0.00
5054141,1022204,28,1,3.49,0.00
5054142,1022204,32,1,4.99,0.00
5054143,1022204,27,1,2.49,0.00
5054144,1022205,2,1,11.99,0.00
5054145,1022205,21,1,3.99,0.00
5054146,1022206,10,1,10.99,0.00
5054147,1022206,33,1,5.49,0.00
5054148,1022207,16,1,10.49,0.00
5054149,1022207,22,1,4.49,0.00
5054150,1022207,25,1,6.49,0.00
5054151,1022208,17,1,12.49,0.00
5054152,1022208,26,1,2.49,0.00
5054153,1022208,28,1,3.49,0.00
5054154,1022208,6,1,12.99,0.00
5054155,1022209,6,1,12.99,0.00
5054156,1022210,16,1,10.49,0.00
5054157,1022210,20,1,4.49,0.00
5054158,1022210,31,1,3.49,0.00
5054159,1022211,17,1,12.49,0.00
5054160,1022211,27,2,2.49,0.00
5054161,1022212,5,1,13.49,0.00
5054162,1022212,17,1,12.49,0.00
5054163,1022212,2,1,11.99,0.00
5054164,1022212,25,1,6.49,0.00
5054165,1022213,1,1,11.49,0.00
5054166,1022213,27,1,2.49,0.00
5054167,1022213,25,1,6.49,0.00
5054168,1022214,7,1,11.99,0.00
5054169,1022214,30,2,3.29,0.00
5054170,1022214,25,1,6.49,0.00
5054171,1022215,17,1,12.49,0.00
5054172,1022215,27,1,2.49,0.00
5054173,1022215,34,1,4.49,0.00
5054174,1022215,16,2,10.49,0.00
5054175,1022216,3,1,10.49,0.00
5054176,1022216,28,1,3.49,0.00
5054177,1022216,31,1,3.49,0.00
5054178,1022216,21,2,3.99,0.00
5054179,1022216,18,1,5.49,0.00
5054180,1022216,20,1,4.49,0.00
5054181,1022217,9,1,13.99,0.00
5054182,1022217,26,1,2.49,0.00
5054183,1022218,6,2,12.99,0.00
5054184,1022219,4,1,14.99,0.00
5054185,1022219,21,1,3.99,0.00
5054186,1022219,35,1,2.99,0.00
5054187,1022219,26,1,2.49,0.00
5054188,1022220,13,1,9.99,0.00
5054189,1022220,24,2,3.49,0.00
5054190,1022221,1,1,11.49,0.00
5054191,1022221,19,2,3.99,0.00
5054192,1022221,24,1,3.49,0.00
5054193,1022221,26,1,2.49,0.00
5054194,1022222,1,1,11.49,0.00
5054195,1022223,11,1,13.49,0.00
5054196,1022223,34,2,4.49,0.00
5054197,1022224,17,1,12.49,0.00
5054198,1022224,27,1,2.49,0.00
5054199,1022225,17,1,12.49,0.00
5054200,1022226,7,1,11.99,0.00
5054201,1022226,26,3,2.49,0.00
5054202,1022226,20,1,4.49,0.00
5054203,1022227,7,1,11.99,0.00
5054204,1022227,5,1,13.49,0.00
5054205,1022228,3,1,10.49,0.00
5054206,1022228,35,1,2.99,0.00
5054207,1022229,17,1,12.49,0.00
5054208,1022229,27,1,2.49,0.00
5054209,1022230,11,1,13.49,0.00
5054210,1022230,23,1,3.99,0.00
5054211,1022231,17,2,12.49,0.00
5054212,1022232,10,3,10.99,0.00
5054213,1022232,21,1,3.99,0.00
5054214,1022233,17,3,12.49,7.49
5054215,1022233,19,1,3.99,0.00
5054216,1022233,24,1,3.49,0.00
5054217,1022234,17,1,12.49,2.50
5054218,1022234,28,1,3.49,0.00
5054219,1022235,17,1,12.49,2.50
5054220,1022236,9,1,13.99,0.00
5054221,1022237,17,1,12.49,0.00
5054222,1022237,27,1,2.49,0.00
5054223,1022237,26,1,2.49,0.00
5054224,1022238,17,1,12.49,2.50
5054225,1022238,26,1,2.49,0.00
5054226,1022239,16,1,10.49,0.00
5054227,1022239,20,1,4.49,0.00
5054228,1022240,17,1,12.49,0.00
5054229,1022241,2,1,11.99,0.00
5054230,1022241,25,1,6.49,0.00
5054231,1022241,18,1,5.49,0.00
5054232,1022241,22,1,4.49,0.00
5054233,1022242,13,1,9.99,0.00
5054234,1022242,17,1,12.49,0.00
5054235,1022243,17,2,12.49,0.00
5054236,1022243,30,1,3.29,0.00
5054237,1022243,22,1,4.49,0.00
5054238,1022244,17,1,12.49,0.00
5054239,1022245,2,2,11.99,0.00
5054240,1022245,26,1,2.49,0.00
5054241,1022245,9,1,13.99,0.00
5054242,1022246,17,1,12.49,0.00
5054243,1022246,26,1,2.49,0.00
5054244,1022246,18,1,5.49,0.00
5054245,1022246,25,1,6.49,0.00
5054246,1022246,21,1,3.99,0.00
5054247,1022246,31,1,3.49,0.00
5054248,1022247,17,1,12.49,0.00
5054249,1022248,15,1,10.99,0.00
5054250,1022248,26,1,2.49,0.00
5054251,1022249,7,1,11.99,0.00
5054252,1022249,20,1,4.49,0.00
5054253,1022249,29,1,3.49,0.00
5054254,1022250,7,1,11.99,0.00
5054255,1022251,15,1,10.99,0.00
5054256,1022251,22,1,4.49,0.00
5054257,1022251,29,1,3.49,0.00
5054258,1022252,3,1,10.49,0.00
5054259,1022252,32,1,4.99,0.00
5054260,1022253,7,1,11.99,0.00
5054261,1022254,7,1,11.99,0.00
5054262,1022254,26,3,2.49,0.00
5054263,1022254,29,1,3.49,0.00
5054264,1022255,17,4,12.49,0.00
5054265,1022255,19,2,3.99,0.00
5054266,1022256,11,1,13.49,0.00
5054267,1022256,18,1,5.49,0.00
5054268,1022256,27,1,2.49,0.00
5054269,1022257,17,1,12.49,2.50
5054270,1022257,18,1,5.49,0.00
5054271,1022257,26,2,2.49,0.00
5054272,1022258,8,1,12.49,0.00
5054273,1022258,29,1,3.49,0.00
5054274,1022258,30,1,3.29,0.00
5054275,1022259,17,1,12.49,0.00
5054276,1022259,27,2,2.49,0.00
5054277,1022259,31,1,3.49,0.00
5054278,1022260,8,2,12.49,0.00
5054279,1022260,27,1,2.49,0.00
5054280,1022260,13,1,9.99,0.00
5054281,1022260,23,1,3.99,0.00
5054282,1022260,34,1,4.49,0.00
5054283,1022261,17,1,12.49,0.00
5054284,1022261,35,1,2.99,0.00
5054285,1022261,30,4,3.29,0.00
5054286,1022262,6,1,12.99,0.00
5054287,1022263,17,1,12.49,0.00
5054288,1022263,22,1,4.49,0.00
5054289,1022264,17,1,12.49,0.00
5054290,1022264,18,1,5.49,0.00
5054291,1022264,30,1,3.29,0.00
5054292,1022265,4,1,14.99,0.00
5054293,1022265,30,3,3.29,0.00
5054294,1022265,10,1,10.99,0.00
5054295,1022266,13,2,9.99,0.00
5054296,1022267,8,1,12.49,0.00
5054297,1022267,22,1,4.49,0.00
5054298,1022268,1,1,11.49,0.00
5054299,1022269,4,1,14.99,0.00
5054300,1022269,24,1,3.49,0.00
5054301,1022269,31,1,3.49,0.00
5054302,1022270,5,3,13.49,0.00
5054303,1022271,8,1,12.49,0.00
5054304,1022271,21,1,3.99,0.00
5054305,1022271,19,1,3.99,0.00
5054306,1022271,26,1,2.49,0.00
5054307,1022271,18,1,5.49,0.00
5054308,1022271,34,3,4.49,0.00
5054309,1022272,9,1,13.99,0.00
5054310,1022272,19,1,3.99,0.00
5054311,1022272,26,1,2.49,0.00
5054312,1022272,23,1,3.99,0.00
5054313,1022273,1,1,11.49,0.00
5054314,1022274,7,2,11.99,0.00
5054315,1022275,17,1,12.49,2.50
5054316,1022275,30,1,3.29,0.00
5054317,1022275,18,3,5.49,0.00
5054318,1022275,27,1,2.49,0.00
5054319,1022276,1,1,11.49,0.00
5054320,1022276,30,1,3.29,0.00
5054321,1022276,21,0,3.99,0.00
5054322,1022277,8,2,12.49,0.00
5054323,1022277,19,1,3.99,0.00
5054324,1022278,11,1,13.49,0.00
5054325,1022278,18,1,5.49,0.00
5054326,1022279,15,1,10.99,0.00
5054327,1022279,28,1,3.49,0.00
5054328,1022279,18,1,5.49,0.00
5054329,1022280,17,1,12.49,0.00
5054330,1022281,17,1,12.49,2.50
5054331,1022282,1,1,11.49,0.00
5054332,1022282,29,1,3.49,0.00
5054333,1022283,17,1,12.49,0.00
5054334,1022283,32,1,4.99,0.00
5054335,1022284,17,2,12.49,5.00
5054336,1022284,13,1,9.99,0.00
5054337,1022284,21,2,3.99,0.00
5054338,1022285,1,1,11.49,0.00
5054339,1022286,6,2,12.99,0.00
5054340,1022287,3,2,10.49,0.00
5054341,1022287,19,2,3.99,0.00
5054342,1022288,17,1,12.49,0.00
5054343,1022289,17,1,12.49,0.00
5054344,1022290,15,1,10.99,0.00
5054345,1022290,25,1,6.49,0.00
5054346,1022290,30,2,3.29,0.00
5054347,1022291,17,1,12.49,0.00
5054348,1022291,26,1,2.49,0.00
5054349,1022292,3,1,10.49,0.00
5054350,1022293,15,1,10.99,0.00
5054351,1022293,31,2,3.49,0.00
5054352,1022293,25,1,6.49,0.00
5054353,1022293,22,1,4.49,0.00
5054354,1022294,5,1,13.49,0.00
5054355,1022295,1,1,11.49,0.00
5054356,1022296,16,1,10.49,0.00
5054357,1022296,25,1,6.49,0.00
5054358,1022296,21,2,3.99,0.00
5054359,1022297,1,1,11.49,0.00
5054360,1022298,17,1,12.49,0.00
5054361,1022298,25,1,6.49,0.00
5054362,1022298,19,1,3.99,0.00
5054363,1022298,26,1,2.49,0.00
5054364,1022299,13,2,9.99,0.00
5054365,1022299,30,1,3.29,0.00
5054366,1022300,17,1,12.49,0.00
5054367,1022300,23,1,3.99,0.00
5054368,1022300,18,1,5.49,0.00
5054369,1022301,8,1,12.49,0.00
5054370,1022302,11,1,13.49,0.00
5054371,1022302,17,1,12.49,2.50
5054372,1022303,17,1,12.49,0.00
5054373,1022303,18,1,5.49,0.00
5054374,1022303,19,1,3.99,0.00
5054375,1022303,32,1,4.99,0.00
5054376,1022304,1,1,11.49,0.00
5054377,1022305,9,1,13.99,0.00
5054378,1022305,33,1,5.49,0.00
5054379,1022305,31,1,3.49,0.00
5054380,1022305,20,1,4.49,0.00
5054381,1022306,13,1,9.99,0.00
5054382,1022306,29,1,3.49,0.00
5054383,1022307,15,1,10.99,0.00
5054384,1022307,32,1,4.99,0.00
5054385,1022307,21,2,3.99,0.00
5054386,1022307,23,1,3.99,0.00
5054387,1022307,26,1,2.49,0.00
5054388,1022308,10,1,10.99,0.00
5054389,1022308,19,2,3.99,0.00
5054390,1022308,22,1,4.49,0.00
5054391,1022308,7,1,11.99,0.00
5054392,1022309,9,1,13.99,0.00
5054393,1022309,26,1,2.49,0.00
5054394,1022309,27,1,2.49,0.00
5054395,1022310,2,0,11.99,0.00
5054396,1022310,24,1,3.49,0.00
5054397,1022311,3,2,10.49,0.00
5054398,1022311,22,2,4.49,0.00
5054399,1022312,9,1,13.99,0.00
5054400,1022312,1,1,11.49,0.00
5054401,1022312,22,1,4.49,0.00
5054402,1022313,14,1,10.49,0.00
5054403,1022313,22,1,4.49,0.00
5054404,1022314,13,1,9.99,0.00
5054405,1022314,17,3,12.49,0.00
5054406,1022315,7,1,11.99,0.00
5054407,1022315,2,1,11.99,0.00
5054408,1022315,9,3,13.99,0.00
5054409,1022315,35,1,2.99,0.00
5054410,1022315,22,1,4.49,0.00
5054411,1022316,17,1,12.49,0.00
5054412,1022316,22,2,4.49,0.00
5054413,1022317,17,1,12.49,2.50
5054414,1022317,8,1,12.49,0.00
5054415,1022318,2,1,11.99,0.00
5054416,1022318,9,1,13.99,0.00
5054417,1022318,31,1,3.49,0.00
5054418,1022318,33,1,5.49,0.00
5054419,1022319,15,1,10.99,0.00
5054420,1022319,25,1,6.49,0.00
5054421,1022320,10,1,10.99,0.00
5054422,1022320,30,1,3.29,0.00
5054423,1022320,34,2,4.49,0.00
5054424,1022321,17,1,12.49,0.00
5054425,1022321,23,1,3.99,0.00
5054426,1022322,9,1,13.99,0.00
5054427,1022322,30,1,3.29,0.00
5054428,1022322,26,1,2.49,0.00
5054429,1022322,34,1,4.49,0.00
5054430,1022322,21,1,3.99,0.00
5054431,1022323,17,1,12.49,2.50
5054432,1022323,20,1,4.49,0.00
5054433,1022323,30,1,3.29,0.00
5054434,1022323,23,1,3.99,0.00
5054435,1022324,8,1,12.49,0.00
5054436,1022325,17,2,12.49,0.00
5054437,1022325,19,1,3.99,0.00
5054438,1022325,7,1,11.99,0.00
5054439,1022326,11,1,13.49,0.00
5054440,1022326,23,1,3.99,0.00
5054441,1022327,4,1,14.99,0.00
5054442,1022327,29,1,3.49,0.00
5054443,1022327,22,1,4.49,0.00
5054444,1022328,15,1,10.99,0.00
5054445,1022328,29,1,3.49,0.00
5054446,1022328,24,1,3.49,0.00
5054447,1022329,3,1,10.49,0.00
5054448,1022330,17,1,12.49,2.50
5054449,1022330,35,1,2.99,0.00
5054450,1022330,3,1,10.49,0.00
5054451,1022330,30,1,3.29,0.00
5054452,1022331,17,1,12.49,0.00
5054453,1022331,30,1,3.29,0.00
5054454,1022332,17,1,12.49,0.00
5054455,1022332,33,1,5.49,0.00
5054456,1022332,19,1,3.99,0.00
5054457,1022332,34,1,4.49,0.00
5054458,1022333,15,3,10.99,0.00
5054459,1022334,12,1,18.99,0.00
5054460,1022334,19,2,3.99,0.00
5054461,1022334,28,1,3.49,0.00
5054462,1022334,34,1,4.49,0.00
5054463,1022335,17,3,12.49,0.00
5054464,1022336,17,1,12.49,2.50
5054465,1022336,32,1,4.99,0.00
5054466,1022337,17,0,12.49,0.00
5054467,1022337,19,2,3.99,0.00
5054468,1022337,31,2,3.49,0.00
5054469,1022338,17,2,12.49,0.00
5054470,1022338,25,1,6.49,0.00
5054471,1022339,7,1,11.99,0.00
5054472,1022340,1,1,11.49,0.00
5054473,1022341,10,1,10.99,0.00
5054474,1022342,16,1,10.49,0.00
5054475,1022342,31,1,3.49,0.00
5054476,1022343,17,1,12.49,2.50
5054477,1022343,20,1,4.49,0.00
5054478,1022343,23,1,3.99,0.00
5054479,1022343,28,2,3.49,0.00
5054480,1022344,8,1,12.49,0.00
5054481,1022344,27,1,2.49,0.00
5054482,1022344,31,1,3.49,0.00
5054483,1022344,29,1,3.49,0.00
5054484,1022345,10,1,10.99,0.00
5054485,1022345,23,1,3.99,0.00
5054486,1022345,18,2,5.49,0.00
5054487,1022346,10,1,10.99,0.00
5054488,1022346,3,1,10.49,0.00
5054489,1022346,24,1,3.49,0.00
5054490,1022346,14,0,10.49,0.00
5054491,1022346,26,1,2.49,0.00
5054492,1022347,17,0,12.49,0.00
5054493,1022348,8,1,12.49,0.00
5054494,1022348,26,1,2.49,0.00
5054495,1022349,14,1,10.49,0.00
5054496,1022350,15,1,10.99,0.00
5054497,1022350,18,1,5.49,0.00
5054498,1022351,2,1,11.99,0.00
5054499,1022351,18,1,5.49,0.00
5054500,1022351,26,1,2.49,0.00
5054501,1022351,20,1,4.49,0.00
5054502,1022352,6,1,12.99,0.00
5054503,1022352,18,1,5.49,0.00
5054504,1022352,21,1,3.99,0.00
5054505,1022353,17,2,12.49,0.00
5054506,1022354,7,1,11.99,0.00
5054507,1022355,7,1,11.99,0.00
5054508,1022355,27,1,2.49,0.00
5054509,1022356,7,1,11.99,0.00
5054510,1022356,25,1,6.49,0.00
5054511,1022356,3,1,10.49,0.00
5054512,1022356,27,1,2.49,0.00
5054513,1022357,11,1,13.49,0.00
5054514,1022357,30,1,3.29,0.00
5054515,1022358,10,4,10.99,0.00
5054516,1022358,28,1,3.49,0.00
5054517,1022358,22,2,4.49,0.00
5054518,1022358,26,1,2.49,0.00
5054519,1022359,13,1,9.99,0.00
5054520,1022360,17,1,12.49,0.00
5054521,1022360,20,1,4.49,0.00
5054522,1022360,27,1,2.49,0.00
5054523,1022361,1,2,11.49,0.00
5054524,1022361,26,1,2.49,0.00
5054525,1022361,31,1,3.49,0.00
5054526,1022361,27,3,2.49,0.00
5054527,1022361,18,1,5.49,0.00
5054528,1022362,17,1,12.49,0.00
5054529,1022363,3,1,10.49,0.00
5054530,1022364,5,1,13.49,0.00
5054531,1022364,6,1,12.99,0.00
5054532,1022365,16,1,10.49,0.00
5054533,1022366,1,1,11.49,0.00
5054534,1022366,29,1,3.49,0.00
5054535,1022367,5,1,13.49,0.00
5054536,1022368,4,1,14.99,0.00
5054537,1022368,20,1,4.49,0.00
5054538,1022368,24,1,3.49,0.00
5054539,1022369,17,1,12.49,0.00
5054540,1022369,26,1,2.49,0.00
5054541,1022370,17,2,12.49,0.00
5054542,1022370,21,1,3.99,0.00
5054543,1022370,28,1,3.49,0.00
5054544,1022371,16,1,10.49,0.00
5054545,1022372,15,1,10.99,0.00
5054546,1022372,28,1,3.49,0.00
5054547,1022372,27,1,2.49,0.00
5054548,1022373,11,1,13.49,0.00
5054549,1022373,24,2,3.49,0.00
5054550,1022374,5,1,13.49,0.00
5054551,1022374,17,2,12.49,0.00
5054552,1022375,7,1,11.99,0.00
5054553,1022375,35,3,2.99,0.00
5054554,1022376,17,1,12.49,2.50
5054555,1022376,18,1,5.49,0.00
5054556,1022377,17,1,12.49,2.50
5054557,1022377,24,1,3.49,0.00
5054558,1022378,17,2,12.49,0.00
5054559,1022379,17,1,12.49,0.00
5054560,1022379,30,1,3.29,0.00
5054561,1022379,26,1,2.49,0.00
5054562,1022380,16,1,10.49,0.00
5054563,1022380,17,1,12.49,0.00
5054564,1022380,32,1,4.99,0.00
5054565,1022380,25,1,6.49,0.00
5054566,1022381,1,1,11.49,0.00
5054567,1022382,2,1,11.99,0.00
5054568,1022382,32,1,4.99,0.00
5054569,1022382,34,2,4.49,0.00
5054570,1022382,29,0,3.49,0.00
5054571,1022382,11,1,13.49,0.00
5054572,1022383,10,1,10.99,0.00
5054573,1022383,28,1,3.49,0.00
5054574,1022384,17,1,12.49,0.00
5054575,1022384,29,1,3.49,0.00
5054576,1022384,20,1,4.49,0.00
5054577,1022385,5,1,13.49,0.00
5054578,1022385,14,1,10.49,0.00
5054579,1022386,3,1,10.49,0.00
5054580,1022386,28,1,3.49,0.00
5054581,1022387,3,1,10.49,0.00
5054582,1022387,34,1,4.49,0.00
5054583,1022388,17,1,12.49,0.00
5054584,1022389,17,1,12.49,0.00
5054585,1022389,19,1,3.99,0.00
5054586,1022389,28,1,3.49,0.00
5054587,1022390,9,1,13.99,0.00
5054588,1022390,12,2,18.99,0.00
5054589,1022390,26,1,2.49,0.00
5054590,1022391,17,1,12.49,0.00
5054591,1022391,28,2,3.49,0.00
5054592,1022391,25,1,6.49,0.00
5054593,1022391,3,1,10.49,0.00
5054594,1022392,17,1,12.49,2.50
5054595,1022392,30,1,3.29,0.00
5054596,1022392,33,1,5.49,0.00
5054597,1022393,16,1,10.49,0.00
5054598,1022394,4,1,14.99,0.00
5054599,1022395,17,2,12.49,0.00
5054600,1022395,19,1,3.99,0.00
5054601,1022395,30,1,3.29,0.00
5054602,1022395,18,1,5.49,0.00
5054603,1022396,13,1,9.99,0.00
5054604,1022396,34,1,4.49,0.00
5054605,1022396,25,1,6.49,0.00
5054606,1022396,31,1,3.49,0.00
5054607,1022397,5,1,13.49,0.00
5054608,1022397,27,1,2.49,0.00
5054609,1022398,5,1,13.49,0.00
5054610,1022398,19,1,3.99,0.00
5054611,1022398,20,1,4.49,0.00
5054612,1022399,17,1,12.49,0.00
5054613,1022399,5,1,13.49,0.00
5054614,1022399,23,1,3.99,0.00
5054615,1022400,13,1,9.99,0.00
5054616,1022400,27,1,2.49,0.00
5054617,1022401,15,1,10.99,0.00
5054618,1022401,33,2,5.49,0.00
5054619,1022401,20,1,4.49,0.00
5054620,1022402,17,1,12.49,0.00
5054621,1022402,27,2,2.49,0.00
5054622,1022402,22,1,4.49,0.00
5054623,1022403,5,2,13.49,0.00
5054624,1022404,8,1,12.49,0.00
5054625,1022405,1,1,11.49,0.00
5054626,1022405,27,1,2.49,0.00
5054627,1022406,8,1,12.49,0.00
5054628,1022407,15,1,10.99,0.00
5054629,1022407,26,1,2.49,0.00
5054630,1022408,3,1,10.49,0.00
5054631,1022408,26,1,2.49,0.00
5054632,1022409,3,1,10.49,0.00
5054633,1022409,28,1,3.49,0.00
5054634,1022409,8,1,12.49,0.00
5054635,1022410,9,1,13.99,0.00
5054636,1022410,23,3,3.99,0.00
5054637,1022410,27,1,2.49,0.00
5054638,1022411,3,2,10.49,0.00
5054639,1022411,22,1,4.49,0.00
5054640,1022411,18,1,5.49,0.00
5054641,1022411,32,1,4.99,0.00
5054642,1022412,17,2,12.49,0.00
5054643,1022413,10,1,10.99,0.00
5054644,1022413,27,2,2.49,0.00
5054645,1022413,34,1,4.49,0.00
5054646,1022414,1,-1,11.49,0.00
5054647,1022414,34,2,4.49,0.00
5054648,1022415,17,1,12.49,2.50
5054649,1022415,30,1,3.29,0.00
5054650,1022416,17,1,12.49,2.50
5054651,1022416,21,1,3.99,0.00
5054652,1022417,10,3,10.99,0.00
5054653,1022417,18,1,5.49,0.00
5054654,1022418,17,1,12.49,0.00
5054655,1022418,24,1,3.49,0.00
5054656,1022419,17,1,12.49,2.50
5054657,1022419,33,1,5.49,0.00
5054658,1022420,2,1,11.99,0.00
5054659,1022420,25,1,6.49,0.00
5054660,1022421,17,1,12.49,2.50
5054661,1022421,18,1,5.49,0.00
5054662,1022421,32,1,4.99,0.00
5054663,1022422,14,1,10.49,0.00
5054664,1022422,22,1,4.49,0.00
5054665,1022422,26,1,2.49,0.00
5054666,1022423,7,1,11.99,0.00
5054667,1022423,21,1,3.99,0.00
5054668,1022423,30,1,3.29,0.00
5054669,1022423,26,1,2.49,0.00
5054670,1022424,12,1,18.99,5.00
5054671,1022424,32,2,4.99,0.00
5054672,1022425,15,2,10.99,0.00
5054673,1022426,4,2,14.99,5.00
5054674,1022426,21,1,3.99,0.00
5054675,1022427,5,1,13.49,0.00
5054676,1022427,26,1,2.49,0.00
5054677,1022427,1,-2,11.49,0.00
5054678,1022427,21,3,3.99,0.00
5054679,1022428,14,1,10.49,0.00
5054680,1022428,18,2,5.49,0.00
5054681,1022428,23,2,3.99,0.00
5054682,1022429,9,1,13.99,0.00
5054683,1022429,25,1,6.49,0.00
5054684,1022430,1,1,11.49,0.00
5054685,1022430,28,1,3.49,0.00
5054686,1022431,17,2,12.49,0.00
5054687,1022431,26,1,2.49,0.00
5054688,1022431,22,2,4.49,0.00
5054689,1022431,18,1,5.49,0.00
5054690,1022432,16,1,10.49,0.00
5054691,1022432,18,2,5.49,0.00
5054692,1022432,21,1,3.99,0.00
5054693,1022432,24,3,3.49,0.00
5054694,1022432,28,1,3.49,0.00
5054695,1022433,11,1,13.49,0.00
5054696,1022433,34,1,4.49,0.00
5054697,1022433,25,1,6.49,0.00
5054698,1022433,19,2,3.99,0.00
5054699,1022433,33,1,5.49,0.00
5054700,1022434,12,2,18.99,5.00
5054701,1022434,21,1,3.99,0.00
5054702,1022434,18,2,5.49,0.00
5054703,1022435,9,1,13.99,0.00
5054704,1022435,21,1,3.99,0.00
5054705,1022435,18,2,5.49,0.00
5054706,1022436,13,1,9.99,0.00
5054707,1022436,21,1,3.99,0.00
5054708,1022436,35,1,2.99,0.00
5054709,1022436,18,1,5.49,0.00
5054710,1022437,17,1,12.49,0.00
5054711,1022437,31,1,3.49,0.00
5054712,1022437,20,2,4.49,0.00
5054713,1022437,21,1,3.99,0.00
5054714,1022438,12,1,18.99,5.00
5054715,1022438,32,1,4.99,0.00
5054716,1022438,34,1,4.49,0.00
5054717,1022439,3,3,10.49,0.00
5054718,1022439,28,2,3.49,0.00
5054719,1022439,27,1,2.49,0.00
5054720,1022439,26,1,2.49,0.00
5054721,1022440,17,1,12.49,2.50
5054722,1022441,17,1,12.49,0.00
5054723,1022441,24,1,3.49,0.00
5054724,1022441,31,1,3.49,0.00
5054725,1022442,4,1,14.99,5.00
5054726,1022442,32,1,4.99,0.00
5054727,1022442,26,1,2.49,0.00
5054728,1022442,29,1,3.49,0.00
5054729,1022443,1,1,11.49,0.00
5054730,1022443,18,1,5.49,0.00
5054731,1022443,34,1,4.49,0.00
5054732,1022444,1,1,11.49,0.00
5054733,1022444,31,2,3.49,0.00
5054734,1022445,11,1,13.49,0.00
5054735,1022445,22,1,4.49,0.00
5054736,1022445,34,1,4.49,0.00
5054737,1022446,12,1,18.99,0.00
5054738,1022446,24,1,3.49,0.00
5054739,1022446,19,-1,3.99,0.00
5054740,1022447,4,1,14.99,5.00
5054741,1022447,30,1,3.29,0.00
5054742,1022447,25,1,6.49,0.00
5054743,1022448,4,1,14.99,5.00
5054744,1022448,18,4,5.49,0.00
5054745,1022448,22,1,4.49,0.00
5054746,1022448,26,1,2.49,0.00
5054747,1022449,1,1,11.49,0.00
5054748,1022449,20,2,4.49,0.00
5054749,1022449,27,1,2.49,0.00
5054750,1022450,3,1,10.49,0.00
5054751,1022450,22,1,4.49,0.00
5054752,1022451,12,1,18.99,5.00
5054753,1022452,5,1,13.49,0.00
5054754,1022453,6,2,12.99,0.00
5054755,1022453,21,1,3.99,0.00
5054756,1022453,17,1,12.49,0.00
5054757,1022454,8,1,12.49,0.00
5054758,1022455,12,1,18.99,5.00
5054759,1022455,30,1,3.29,0.00
5054760,1022456,17,1,12.49,2.50
5054761,1022457,2,1,11.99,0.00
5054762,1022458,17,1,12.49,0.00
5054763,1022459,8,1,12.49,0.00
5054764,1022459,18,1,5.49,0.00
5054765,1022459,23,3,3.99,0.00
5054766,1022459,28,1,3.49,0.00
5054767,1022460,1,1,11.49,0.00
5054768,1022460,17,1,12.49,0.00
5054769,1022460,21,2,3.99,0.00
5054770,1022460,27,1,2.49,0.00
5054771,1022460,3,1,10.49,0.00
5054772,1022461,5,1,13.49,0.00
5054773,1022461,22,1,4.49,0.00
5054774,1022462,4,1,14.99,5.00
5054775,1022463,12,1,18.99,5.00
5054776,1022463,26,1,2.49,0.00
5054777,1022464,11,1,13.49,0.00
5054778,1022464,29,1,3.49,0.00
5054779,1022464,27,1,2.49,0.00
5054780,1022465,8,1,12.49,0.00
5054781,1022466,14,1,10.49,0.00
5054782,1022466,26,1,2.49,0.00
5054783,1022466,25,1,6.49,0.00
5054784,1022467,6,1,12.99,0.00
5054785,1022468,4,1,14.99,0.00
5054786,1022468,28,1,3.49,0.00
5054787,1022468,32,1,4.99,0.00
5054788,1022469,10,1,10.99,0.00
5054789,1022469,26,1,2.49,0.00
5054790,1022470,14,1,10.49,0.00
5054791,1022470,1,1,11.49,0.00
5054792,1022471,17,1,12.49,2.50
5054793,1022471,26,1,2.49,0.00
5054794,1022471,2,2,11.99,0.00
5054795,1022472,12,1,18.99,5.00
5054796,1022473,6,1,12.99,0.00
5054797,1022473,25,1,6.49,0.00
5054798,1022474,2,1,11.99,0.00
5054799,1022474,32,1,4.99,0.00
5054800,1022475,12,1,18.99,0.00
5054801,1022475,30,1,3.29,0.00
5054802,1022476,9,2,13.99,0.00
5054803,1022476,26,3,2.49,0.00
5054804,1022477,17,1,12.49,0.00
5054805,1022478,4,1,14.99,0.00
5054806,1022478,26,1,2.49,0.00
5054807,1022478,19,1,3.99,0.00
5054808,1022478,18,1,5.49,0.00
5054809,1022478,34,1,4.49,0.00
5054810,1022479,5,1,13.49,0.00
5054811,1022479,30,1,3.29,0.00
5054812,1022479,21,1,3.99,0.00
5054813,1022479,32,1,4.99,0.00
5054814,1022479,8,1,12.49,0.00
5054815,1022480,2,1,11.99,0.00
5054816,1022480,20,1,4.49,0.00
5054817,1022480,18,2,5.49,0.00
5054818,1022481,16,3,10.49,0.00
5054819,1022481,23,1,3.99,0.00
5054820,1022481,12,1,18.99,0.00
5054821,1022482,12,2,18.99,0.00
5054822,1022482,21,2,3.99,0.00
5054823,1022482,26,1,2.49,0.00
5054824,1022482,20,1,4.49,0.00
5054825,1022483,4,1,14.99,5.00
5054826,1022483,18,1,5.49,0.00
5054827,1022484,4,1,14.99,5.00
5054828,1022484,31,1,3.49,0.00
5054829,1022485,13,1,9.99,0.00
5054830,1022485,27,1,2.49,0.00
5054831,1022485,19,1,3.99,0.00
5054832,1022486,1,1,11.49,0.00
5054833,1022486,18,1,5.49,0.00
5054834,1022487,17,1,12.49,0.00
5054835,1022487,29,1,3.49,0.00
5054836,1022487,19,1,3.99,0.00
5054837,1022488,17,1,12.49,0.00
5054838,1022488,25,1,6.49,0.00
5054839,1022489,14,1,10.49,0.00
5054840,1022489,17,1,12.49,0.00
5054841,1022489,20,1,4.49,0.00
5054842,1022490,17,2,12.49,0.00
5054843,1022490,20,2,4.49,0.00
5054844,1022490,1,1,11.49,0.00
5054845,1022490,27,1,2.49,0.00
5054846,1022491,3,1,10.49,0.00
5054847,1022492,3,1,10.49,0.00
5054848,1022492,18,1,5.49,0.00
5054849,1022493,12,1,18.99,5.00
5054850,1022494,17,1,12.49,0.00
5054851,1022495,3,1,10.49,0.00
5054852,1022496,4,1,14.99,5.00
5054853,1022496,26,1,2.49,0.00
5054854,1022497,12,1,18.99,5.00
5054855,1022497,20,1,4.49,0.00
5054856,1022498,12,1,18.99,5.00
5054857,1022498,23,1,3.99,0.00
5054858,1022498,31,1,3.49,0.00
5054859,1022499,13,2,9.99,0.00
5054860,1022499,26,1,2.49,0.00
5054861,1022500,5,1,13.49,0.00
5054862,1022500,31,1,3.49,0.00
5054863,1022500,1,1,11.49,0.00
5054864,1022500,18,1,5.49,0.00
5054865,1022500,20,1,4.49,0.00
5054866,1022501,10,2,10.99,0.00
5054867,1022501,26,1,2.49,0.00
5054868,1022502,7,1,11.99,0.00
5054869,1022502,22,1,4.49,0.00
5054870,1022502,30,1,3.29,0.00
5054871,1022503,2,1,11.99,0.00
5054872,1022503,12,1,18.99,0.00
5054873,1022504,12,2,18.99,5.00
5054874,1022504,26,1,2.49,0.00
5054875,1022504,27,1,2.49,0.00
5054876,1022505,17,0,12.49,0.00
5054877,1022505,27,1,2.49,0.00
5054878,1022505,21,1,3.99,0.00
5054879,1022505,3,1,10.49,0.00
5054880,1022506,15,3,10.99,0.00
5054881,1022506,27,1,2.49,0.00
5054882,1022506,31,1,3.49,0.00
5054883,1022506,19,1,3.99,0.00
5054884,1022507,12,1,18.99,5.00
5054885,1022507,25,1,6.49,0.00
5054886,1022508,8,1,12.49,0.00
5054887,1022508,29,1,3.49,0.00
5054888,1022509,10,1,10.99,0.00
5054889,1022509,26,1,2.49,0.00
5054890,1022509,23,1,3.99,0.00
5054891,1022510,15,1,10.99,0.00
5054892,1022511,2,1,11.99,0.00
5054893,1022512,10,1,10.99,0.00
5054894,1022512,18,1,5.49,0.00
5054895,1022513,1,1,11.49,0.00
5054896,1022513,34,1,4.49,0.00
5054897,1022514,17,2,12.49,0.00
5054898,1022514,23,1,3.99,0.00
5054899,1022515,8,2,12.49,0.00
5054900,1022515,32,1,4.99,0.00
5054901,1022515,29,1,3.49,0.00
5054902,1022516,11,1,13.49,0.00
5054903,1022517,14,1,10.49,0.00
5054904,1022517,18,2,5.49,0.00
5054905,1022518,1,1,11.49,0.00
5054906,1022519,7,1,11.99,0.00
5054907,1022519,18,1,5.49,0.00
5054908,1022519,20,1,4.49,0.00
5054909,1022520,17,2,12.49,0.00
5054910,1022520,34,1,4.49,0.00
5054911,1022521,17,1,12.49,2.50
5054912,1022522,4,1,14.99,0.00
5054913,1022523,4,1,14.99,0.00
5054914,1022523,27,1,2.49,0.00
5054915,1022524,2,2,11.99,0.00
5054916,1022524,27,1,2.49,0.00
5054917,1022525,7,1,11.99,0.00
5054918,1022525,28,2,3.49,0.00
5054919,1022526,12,2,18.99,0.00
5054920,1022526,31,1,3.49,0.00
5054921,1022526,26,2,2.49,0.00
5054922,1022526,14,3,10.49,0.00
5054923,1022527,12,1,18.99,5.00
5054924,1022527,30,2,3.29,0.00
5054925,1022527,19,2,3.99,0.00
5054926,1022528,17,1,12.49,0.00
5054927,1022528,23,1,3.99,0.00
5054928,1022528,28,3,3.49,0.00
5054929,1022529,17,1,12.49,0.00
5054930,1022529,26,1,2.49,0.00
5054931,1022530,4,1,14.99,5.00
5054932,1022530,23,1,3.99,0.00
5054933,1022530,32,1,4.99,0.00
5054934,1022531,5,1,13.49,0.00
5054935,1022532,6,1,12.99,0.00
5054936,1022533,17,1,12.49,2.50
5054937,1022533,29,1,3.49,0.00
5054938,1022534,7,1,11.99,0.00
5054939,1022535,9,1,13.99,0.00
5054940,1022535,28,1,3.49,0.00
5054941,1022535,22,1,4.49,0.00
5054942,1022536,17,1,12.49,0.00
5054943,1022536,23,2,3.99,0.00
5054944,1022537,17,1,12.49,0.00
5054945,1022537,26,1,2.49,0.00
5054946,1022538,17,2,12.49,5.00
5054947,1022538,23,2,3.99,0.00
5054948,1022538,27,1,2.49,0.00
5054949,1022539,6,1,12.99,0.00
5054950,1022539,22,1,4.49,0.00
5054951,1022540,17,4,12.49,0.00
5054952,1022540,4,1,14.99,0.00
5054953,1022541,4,1,14.99,5.00
5054954,1022541,30,2,3.29,0.00
5054955,1022541,26,1,2.49,0.00
5054956,1022542,8,1,12.49,0.00
5054957,1022543,14,2,10.49,0.00
5054958,1022543,11,1,13.49,0.00
5054959,1022543,27,1,2.49,0.00
5054960,1022543,31,1,3.49,0.00
5054961,1022544,5,1,13.49,0.00
5054962,1022544,25,2,6.49,0.00
5054963,1022544,7,1,11.99,0.00
5054964,1022545,12,1,18.99,5.00
5054965,1022546,5,1,13.49,0.00
5054966,1022546,26,1,2.49,0.00
5054967,1022546,28,1,3.49,0.00
5054968,1022546,27,1,2.49,0.00
5054969,1022546,29,2,3.49,0.00
5054970,1022547,4,1,14.99,5.00
5054971,1022548,14,1,10.49,0.00
5054972,1022548,19,1,3.99,0.00
5054973,1022549,2,1,11.99,0.00
5054974,1022549,26,1,2.49,0.00
5054975,1022549,28,1,3.49,0.00
5054976,1022550,12,1,18.99,5.00
5054977,1022550,30,1,3.29,0.00
5054978,1022550,18,1,5.49,0.00
5054979,1022551,7,1,11.99,0.00
5054980,1022552,2,2,11.99,0.00
5054981,1022552,27,2,2.49,0.00
5054982,1022552,29,3,3.49,0.00
5054983,1022553,14,1,10.49,0.00
5054984,1022553,29,1,3.49,0.00
5054985,1022553,9,1,13.99,0.00
5054986,1022554,12,1,18.99,5.00
5054987,1022554,28,1,3.49,0.00
5054988,1022555,4,1,14.99,5.00
5054989,1022555,32,1,4.99,0.00
5054990,1022555,31,1,3.49,0.00
5054991,1022556,14,1,10.49,0.00
5054992,1022556,21,1,3.99,0.00
5054993,1022557,17,1,12.49,0.00
5054994,1022557,18,2,5.49,0.00
5054995,1022557,31,1,3.49,0.00
5054996,1022557,33,1,5.49,0.00
5054997,1022558,4,1,14.99,5.00
5054998,1022558,33,1,5.49,0.00
5054999,1022558,19,1,3.99,0.00
5055000,1022558,30,1,3.29,0.00
5055001,1022559,10,1,10.99,0.00
5055002,1022559,32,1,4.99,0.00
5055003,1022560,17,1,12.49,2.50
5055004,1022560,34,1,4.49,0.00
5055005,1022560,24,1,3.49,0.00
5055006,1022561,12,2,18.99,5.00
5055007,1022561,30,1,3.29,0.00
5055008,1022562,3,1,10.49,0.00
5055009,1022562,22,1,4.49,0.00
5055010,1022563,17,1,12.49,0.00
5055011,1022563,25,3,6.49,0.00
5055012,1022563,28,2,3.49,0.00
5055013,1022563,32,1,4.99,0.00
5055014,1022563,27,1,2.49,0.00
5055015,1022563,24,1,3.49,0.00
5055016,1022564,17,1,12.49,0.00
5055017,1022564,22,1,4.49,0.00
5055018,1022565,10,1,10.99,0.00
5055019,1022565,27,3,2.49,0.00
5055020,1022565,26,1,2.49,0.00
5055021,1022566,2,2,11.99,0.00
5055022,1022566,30,1,3.29,0.00
5055023,1022567,12,1,18.99,5.00
5055024,1022567,33,1,5.49,0.00
5055025,1022568,17,2,12.49,5.00
5055026,1022568,21,1,3.99,0.00
5055027,1022569,13,1,9.99,0.00
5055028,1022570,17,1,12.49,2.50
5055029,1022570,27,1,2.49,0.00
5055030,1022571,8,1,12.49,0.00
5055031,1022571,4,1,14.99,0.00
5055032,1022571,26,1,2.49,0.00
5055033,1022571,28,1,3.49,0.00
5055034,1022572,17,1,12.49,2.50
5055035,1022572,32,1,4.99,0.00
5055036,1022573,11,2,13.49,0.00
5055037,1022573,6,1,12.99,0.00
5055038,1022574,17,2,12.49,0.00
5055039,1022574,26,1,2.49,0.00
5055040,1022575,17,1,12.49,0.00
5055041,1022575,27,1,2.49,0.00
5055042,1022576,2,1,11.99,0.00
5055043,1022576,22,1,4.49,0.00
5055044,1022576,28,1,3.49,0.00
5055045,1022577,10,1,10.99,0.00
5055046,1022578,1,1,11.49,0.00
5055047,1022578,20,1,4.49,0.00
5055048,1022578,27,2,2.49,0.00
5055049,1022578,29,1,3.49,0.00
5055050,1022579,6,1,12.99,0.00
5055051,1022579,17,1,12.49,0.00
5055052,1022579,30,1,3.29,0.00
5055053,1022579,18,2,5.49,0.00
5055054,1022580,6,1,12.99,0.00
5055055,1022580,10,1,10.99,0.00
5055056,1022580,32,1,4.99,0.00
5055057,1022581,17,1,12.49,0.00
5055058,1022582,12,1,18.99,5.00
5055059,1022583,17,1,12.49,0.00
5055060,1022583,32,1,4.99,0.00
5055061,1022583,27,1,2.49,0.00
5055062,1022584,4,1,14.99,5.00
5055063,1022584,27,1,2.49,0.00
5055064,1022585,9,1,13.99,0.00
5055065,1022585,21,1,3.99,0.00
5055066,1022585,26,1,2.49,0.00
5055067,1022586,17,1,12.49,2.50
5055068,1022586,20,1,4.49,0.00
5055069,1022586,35,1,2.99,0.00
5055070,1022587,14,1,10.49,0.00
5055071,1022587,29,1,3.49,0.00
5055072,1022588,7,2,11.99,0.00
5055073,1022588,30,1,3.29,0.00
5055074,1022588,31,1,3.49,0.00
5055075,1022588,34,1,4.49,0.00
5055076,1022589,3,3,10.49,0.00
5055077,1022589,19,1,3.99,0.00
5055078,1022589,31,1,3.49,0.00
5055079,1022589,34,1,4.49,0.00
5055080,1022590,17,1,12.49,0.00
5055081,1022591,5,1,13.49,0.00
5055082,1022591,28,1,3.49,0.00
5055083,1022591,26,1,2.49,0.00
5055084,1022592,16,1,10.49,0.00
5055085,1022593,4,1,14.99,0.00
5055086,1022593,25,1,6.49,0.00
5055087,1022593,18,1,5.49,0.00
5055088,1022594,5,2,13.49,0.00
5055089,1022594,25,1,6.49,0.00
5055090,1022594,34,1,4.49,0.00
5055091,1022595,7,1,11.99,0.00
5055092,1022595,34,1,4.49,0.00
5055093,1022596,12,1,18.99,5.00
5055094,1022596,22,1,4.49,0.00
5055095,1022597,3,3,10.49,0.00
5055096,1022597,22,1,4.49,0.00
5055097,1022598,4,1,14.99,5.00
5055098,1022598,22,1,4.49,0.00
5055099,1022598,21,1,3.99,0.00
5055100,1022599,17,2,12.49,0.00
5055101,1022599,27,2,2.49,0.00
5055102,1022600,12,1,18.99,5.00
5055103,1022600,20,1,4.49,0.00
5055104,1022600,28,1,3.49,0.00
5055105,1022601,12,1,18.99,5.00
5055106,1022602,1,1,11.49,0.00
5055107,1022602,29,2,3.49,0.00
5055108,1022602,27,1,2.49,0.00
5055109,1022603,7,1,11.99,0.00
5055110,1022603,34,1,4.49,0.00
5055111,1022604,11,3,13.49,0.00
5055112,1022604,30,1,3.29,0.00
5055113,1022605,3,1,10.49,0.00
5055114,1022605,23,-1,3.99,0.00
5055115,1022605,28,1,3.49,0.00
5055116,1022606,2,1,11.99,0.00
5055117,1022606,28,-1,3.49,0.00
5055118,1022606,26,1,2.49,0.00
5055119,1022606,31,2,3.49,0.00
5055120,1022607,12,1,18.99,5.00
5055121,1022607,32,1,4.99,0.00
5055122,1022607,17,1,12.49,0.00
5055123,1022608,14,1,10.49,0.00
5055124,1022608,26,1,2.49,0.00
5055125,1022609,7,1,11.99,0.00
5055126,1022609,26,1,2.49,0.00
5055127,1022609,22,1,4.49,0.00
5055128,1022610,13,1,9.99,0.00
5055129,1022610,27,1,2.49,0.00
5055130,1022610,21,1,3.99,0.00
5055131,1022610,20,1,4.49,0.00
5055132,1022611,7,1,11.99,0.00
5055133,1022611,19,1,3.99,0.00
5055134,1022611,27,1,2.49,0.00
5055135,1022612,4,1,14.99,5.00
5055136,1022612,19,1,3.99,0.00
5055137,1022612,29,2,3.49,0.00
5055138,1022613,4,2,14.99,0.00
5055139,1022613,17,1,12.49,2.50
5055140,1022614,17,1,12.49,0.00
5055141,1022614,35,1,2.99,0.00
5055142,1022614,20,1,4.49,0.00
5055143,1022614,28,1,3.49,0.00
5055144,1022614,27,1,2.49,0.00
5055145,1022615,6,1,12.99,0.00
5055146,1022615,27,1,2.49,0.00
5055147,1022615,19,5,3.99,0.00
5055148,1022615,29,2,3.49,0.00
5055149,1022615,30,1,3.29,0.00
5055150,1022616,17,1,12.49,2.50
5055151,1022617,8,1,12.49,0.00
5055152,1022617,21,1,3.99,0.00
5055153,1022617,19,1,3.99,0.00
5055154,1022617,27,1,2.49,0.00
5055155,1022618,17,1,12.49,0.00
5055156,1022619,14,1,10.49,0.00
5055157,1022620,17,1,12.49,0.00
5055158,1022620,28,1,3.49,0.00
5055159,1022621,16,1,10.49,0.00
5055160,1022622,17,1,12.49,0.00
5055161,1022622,27,1,2.49,0.00
5055162,1022623,4,1,14.99,0.00
5055163,1022623,28,1,3.49,0.00
5055164,1022623,24,2,3.49,0.00
5055165,1022623,34,1,4.49,0.00
5055166,1022624,12,1,18.99,5.00
5055167,1022625,12,1,18.99,5.00
5055168,1022626,3,2,10.49,0.00
5055169,1022626,17,1,12.49,0.00
5055170,1022627,14,1,10.49,0.00
5055171,1022627,32,1,4.99,0.00
5055172,1022627,23,1,3.99,0.00
5055173,1022628,17,2,12.49,0.00
5055174,1022628,27,1,2.49,0.00
5055175,1022628,29,1,3.49,0.00
5055176,1022629,9,2,13.99,0.00
5055177,1022629,29,1,3.49,0.00
5055178,1022629,34,1,4.49,0.00
5055179,1022630,17,1,12.49,0.00
5055180,1022630,26,1,2.49,0.00
5055181,1022631,6,1,12.99,0.00
5055182,1022631,29,1,3.49,0.00
5055183,1022631,32,1,4.99,0.00
5055184,1022632,2,1,11.99,0.00
5055185,1022632,35,1,2.99,0.00
5055186,1022633,2,1,11.99,0.00
5055187,1022633,23,2,3.99,0.00
5055188,1022633,30,1,3.29,0.00
5055189,1022634,3,1,10.49,0.00
5055190,1022634,13,1,9.99,0.00
5055191,1022635,4,2,14.99,5.00
5055192,1022636,16,1,10.49,0.00
5055193,1022636,32,1,4.99,0.00
5055194,1022636,1,1,11.49,0.00
5055195,1022636,28,1,3.49,0.00
5055196,1022637,1,1,11.49,0.00
5055197,1022638,6,1,12.99,0.00
5055198,1022638,21,1,3.99,0.00
5055199,1022638,23,1,3.99,0.00
5055200,1022639,17,1,12.49,2.50
5055201,1022639,34,1,4.49,0.00
5055202,1022639,27,1,2.49,0.00
5055203,1022639,15,1,10.99,0.00
5055204,1022639,26,1,2.49,0.00
5055205,1022640,17,2,12.49,0.00
5055206,1022640,30,1,3.29,0.00
5055207,1022640,29,1,3.49,0.00
5055208,1022640,20,1,4.49,0.00
5055209,1022641,1,1,11.49,0.00
5055210,1022641,18,1,5.49,0.00
5055211,1022642,12,1,18.99,0.00
5055212,1022642,29,1,3.49,0.00
5055213,1022643,17,1,12.49,2.50
5055214,1022643,28,1,3.49,0.00
5055215,1022644,14,1,10.49,0.00
5055216,1022644,29,1,3.49,0.00
5055217,1022645,17,1,12.49,0.00
5055218,1022645,18,1,5.49,0.00
5055219,1022646,8,1,12.49,0.00
5055220,1022646,28,1,3.49,0.00
5055221,1022646,25,1,6.49,0.00
5055222,1022647,12,1,18.99,5.00
5055223,1022647,30,3,3.29,0.00
5055224,1022647,19,1,3.99,0.00
5055225,1022648,10,1,10.99,0.00
5055226,1022648,28,1,3.49,0.00
5055227,1022649,4,1,14.99,5.00
5055228,1022649,34,1,4.49,0.00
5055229,1022649,22,2,4.49,0.00
5055230,1022650,4,1,14.99,0.00
5055231,1022650,32,1,4.99,0.00
5055232,1022650,25,1,6.49,0.00
5055233,1022651,2,1,11.99,0.00
5055234,1022652,11,1,13.49,0.00
5055235,1022652,4,1,14.99,0.00
5055236,1022652,8,1,12.49,0.00
5055237,1022653,17,1,12.49,0.00
5055238,1022653,26,1,2.49,0.00
5055239,1022653,28,2,3.49,0.00
5055240,1022654,4,1,14.99,5.00
5055241,1022655,17,1,12.49,2.50
5055242,1022655,10,1,10.99,0.00
5055243,1022655,23,1,3.99,0.00
5055244,1022655,30,1,3.29,0.00
5055245,1022656,10,1,10.99,0.00
5055246,1022656,19,1,3.99,0.00
5055247,1022656,34,1,4.49,0.00
5055248,1022657,8,0,12.49,0.00
5055249,1022658,12,1,18.99,5.00
5055250,1022658,18,1,5.49,0.00
5055251,1022659,17,1,12.49,0.00
5055252,1022659,25,1,6.49,0.00
5055253,1022660,11,3,13.49,0.00
5055254,1022661,7,1,11.99,0.00
5055255,1022661,25,1,6.49,0.00
5055256,1022662,12,1,18.99,5.00
5055257,1022662,34,1,4.49,0.00
5055258,1022662,33,1,5.49,0.00
5055259,1022662,18,1,5.49,0.00
5055260,1022662,30,1,3.29,0.00
5055261,1022663,11,1,13.49,0.00
5055262,1022664,17,1,12.49,0.00
5055263,1022664,22,1,4.49,0.00
5055264,1022664,24,1,3.49,0.00
5055265,1022665,17,2,12.49,5.00
5055266,1022665,26,3,2.49,0.00
5055267,1022665,27,1,2.49,0.00
5055268,1022666,2,1,11.99,0.00
5055269,1022666,31,1,3.49,0.00
5055270,1022667,16,1,10.49,0.00
5055271,1022668,17,2,12.49,0.00
5055272,1022669,4,1,14.99,0.00
5055273,1022669,19,1,3.99,0.00
5055274,1022669,21,1,3.99,0.00
5055275,1022670,11,2,13.49,0.00
5055276,1022670,29,1,3.49,0.00
5055277,1022670,21,1,3.99,0.00
5055278,1022670,23,1,3.99,0.00
5055279,1022671,8,2,12.49,0.00
5055280,1022671,27,2,2.49,0.00
5055281,1022672,8,1,12.49,0.00
5055282,1022673,6,1,12.99,0.00
5055283,1022673,28,1,3.49,0.00
5055284,1022674,4,1,14.99,5.00
5055285,1022675,17,1,12.49,0.00
5055286,1022676,16,1,10.49,0.00
5055287,1022677,8,1,12.49,0.00
5055288,1022677,20,1,4.49,0.00
5055289,1022678,17,2,12.49,0.00
5055290,1022678,21,1,3.99,0.00
5055291,1022679,3,1,10.49,0.00
5055292,1022679,33,1,5.49,0.00
5055293,1022679,26,1,2.49,0.00
5055294,1022679,32,1,4.99,0.00
5055295,1022680,4,1,14.99,0.00
5055296,1022680,30,1,3.29,0.00
5055297,1022680,27,1,2.49,0.00
5055298,1022681,1,1,11.49,0.00
5055299,1022682,17,1,12.49,0.00
5055300,1022682,28,3,3.49,0.00
5055301,1022682,26,1,2.49,0.00
5055302,1022683,5,1,13.49,0.00
5055303,1022684,14,1,10.49,0.00
5055304,1022684,12,1,18.99,0.00
5055305,1022685,5,1,13.49,0.00
5055306,1022685,18,1,5.49,0.00
5055307,1022686,8,1,12.49,0.00
5055308,1022686,18,1,5.49,0.00
5055309,1022687,4,1,14.99,5.00
5055310,1022687,20,1,4.49,0.00
5055311,1022687,27,1,2.49,0.00
5055312,1022687,28,1,3.49,0.00
5055313,1022688,3,1,10.49,0.00
5055314,1022689,15,2,10.99,0.00
5055315,1022689,27,3,2.49,0.00
5055316,1022689,9,2,13.99,0.00
5055317,1022690,8,1,12.49,0.00
5055318,1022690,29,2,3.49,0.00
5055319,1022691,2,2,11.99,0.00
5055320,1022691,21,1,3.99,0.00
5055321,1022692,13,-2,9.99,0.00
5055322,1022692,31,1,3.49,0.00
5055323,1022692,8,1,12.49,0.00
5055324,1022693,4,2,14.99,5.00
5055325,1022693,19,2,3.99,0.00
5055326,1022694,3,1,10.49,0.00
5055327,1022694,27,2,2.49,0.00
5055328,1022694,26,1,2.49,0.00
5055329,1022694,19,1,3.99,0.00
5055330,1022695,17,1,12.49,0.00
5055331,1022696,10,1,10.99,0.00
5055332,1022696,27,0,2.49,0.00
5055333,1022696,28,1,3.49,0.00
5055334,1022697,3,1,10.49,0.00
5055335,1022697,23,1,3.99,0.00
5055336,1022697,35,1,2.99,0.00
5055337,1022697,19,1,3.99,0.00
5055338,1022698,10,1,10.99,0.00
5055339,1022698,35,2,2.99,0.00
5055340,1022698,33,1,5.49,0.00
5055341,1022699,1,1,11.49,0.00
5055342,1022699,24,3,3.49,0.00
5055343,1022700,17,1,12.49,0.00
5055344,1022700,20,1,4.49,0.00
5055345,1022700,28,2,3.49,0.00
5055346,1022701,17,1,12.49,0.00
5055347,1022701,33,1,5.49,0.00
5055348,1022701,26,2,2.49,0.00
5055349,1022702,17,1,12.49,0.00
5055350,1022702,30,1,3.29,0.00
5055351,1022703,17,1,12.49,0.00
5055352,1022703,23,3,3.99,0.00
5055353,1022703,30,1,3.29,0.00
5055354,1022704,8,1,12.49,0.00
5055355,1022704,19,1,3.99,0.00
5055356,1022704,21,1,3.99,0.00
5055357,1022705,3,1,10.49,0.00
5055358,1022705,26,3,2.49,0.00
5055359,1022705,25,1,6.49,0.00
5055360,1022705,19,1,3.99,0.00
5055361,1022706,1,1,11.49,0.00
5055362,1022706,21,1,3.99,0.00
5055363,1022707,16,1,10.49,0.00
5055364,1022708,6,2,12.99,0.00
5055365,1022708,26,2,2.49,0.00
5055366,1022709,2,1,11.99,0.00
5055367,1022709,25,1,6.49,0.00
5055368,1022709,22,1,4.49,0.00
5055369,1022709,21,1,3.99,0.00
5055370,1022710,2,1,11.99,0.00
5055371,1022710,17,1,12.49,0.00
5055372,1022710,9,1,13.99,0.00
5055373,1022710,26,1,2.49,0.00
5055374,1022711,17,2,12.49,5.00
5055375,1022711,24,1,3.49,0.00
5055376,1022711,31,1,3.49,0.00
5055377,1022712,17,2,12.49,0.00
5055378,1022712,30,1,3.29,0.00
5055379,1022712,26,3,2.49,0.00
5055380,1022713,10,1,10.99,0.00
5055381,1022713,24,1,3.49,0.00
5055382,1022713,19,1,3.99,0.00
5055383,1022714,5,1,13.49,0.00
5055384,1022714,34,1,4.49,0.00
5055385,1022715,17,1,12.49,0.00
5055386,1022715,34,1,4.49,0.00
5055387,1022715,31,1,3.49,0.00
5055388,1022715,22,1,4.49,0.00
5055389,1022715,21,2,3.99,0.00
5055390,1022715,20,1,4.49,0.00
5055391,1022716,17,1,12.49,0.00
5055392,1022716,13,1,9.99,0.00
5055393,1022716,18,1,5.49,0.00
5055394,1022717,15,1,10.99,0.00
5055395,1022717,17,2,12.49,0.00
5055396,1022717,21,1,3.99,0.00
5055397,1022718,11,1,13.49,0.00
5055398,1022718,22,1,4.49,0.00
5055399,1022719,2,1,11.99,0.00
5055400,1022720,3,1,10.49,0.00
5055401,1022720,29,1,3.49,0.00
5055402,1022721,15,1,10.99,0.00
5055403,1022722,3,1,10.49,0.00
5055404,1022722,32,1,4.99,0.00
5055405,1022722,26,1,2.49,0.00
5055406,1022722,17,1,12.49,0.00
5055407,1022723,5,1,13.49,0.00
5055408,1022723,23,1,3.99,0.00
5055409,1022724,1,2,11.49,0.00
5055410,1022724,30,1,3.29,0.00
5055411,1022725,16,2,10.49,0.00
5055412,1022725,26,2,2.49,0.00
5055413,1022725,22,1,4.49,0.00
5055414,1022726,2,1,11.99,0.00
5055415,1022726,25,3,6.49,0.00
5055416,1022727,17,1,12.49,0.00
5055417,1022728,17,1,12.49,0.00
5055418,1022728,25,1,6.49,0.00
5055419,1022729,13,1,9.99,0.00
5055420,1022730,2,1,11.99,0.00
5055421,1022730,19,1,3.99,0.00
5055422,1022730,26,1,2.49,0.00
5055423,1022731,6,2,12.99,0.00
5055424,1022731,23,1,3.99,0.00
5055425,1022732,3,1,10.49,0.00
5055426,1022733,3,2,10.49,0.00
5055427,1022733,30,2,3.29,0.00
5055428,1022733,27,1,2.49,0.00
5055429,1022733,17,1,12.49,0.00
5055430,1022733,21,1,3.99,0.00
5055431,1022734,11,1,13.49,0.00
5055432,1022734,25,2,6.49,0.00
5055433,1022734,32,1,4.99,0.00
5055434,1022735,11,1,13.49,0.00
5055435,1022735,33,2,5.49,0.00
5055436,1022735,19,1,3.99,0.00
5055437,1022736,12,1,18.99,0.00
5055438,1022737,3,1,10.49,0.00
5055439,1022737,23,1,3.99,0.00
5055440,1022737,26,1,2.49,0.00
5055441,1022738,11,1,13.49,0.00
5055442,1022738,27,1,2.49,0.00
5055443,1022739,3,1,10.49,0.00
5055444,1022740,2,2,11.99,0.00
5055445,1022741,10,1,10.99,0.00
5055446,1022741,31,1,3.49,0.00
5055447,1022742,2,1,11.99,0.00
5055448,1022742,34,1,4.49,0.00
5055449,1022743,1,1,11.49,0.00
5055450,1022744,12,1,18.99,0.00
5055451,1022744,34,1,4.49,0.00
5055452,1022745,7,1,11.99,0.00
5055453,1022746,14,1,10.49,0.00
5055454,1022746,27,1,2.49,0.00
5055455,1022746,32,1,4.99,0.00
5055456,1022746,28,2,3.49,0.00
5055457,1022746,20,1,4.49,0.00
5055458,1022747,14,1,10.49,0.00
5055459,1022747,24,1,3.49,0.00
5055460,1022747,28,-1,3.49,0.00
5055461,1022747,27,1,2.49,0.00
5055462,1022748,8,1,12.49,0.00
5055463,1022749,6,1,12.99,0.00
5055464,1022749,2,1,11.99,0.00
5055465,1022750,12,1,18.99,0.00
5055466,1022750,29,1,3.49,0.00
5055467,1022750,30,1,3.29,0.00
5055468,1022751,8,1,12.49,0.00
5055469,1022752,2,1,11.99,0.00
5055470,1022752,19,2,3.99,0.00
5055471,1022753,11,2,13.49,0.00
5055472,1022754,7,1,11.99,0.00
5055473,1022754,18,1,5.49,0.00
5055474,1022755,9,2,13.99,0.00
5055475,1022755,27,2,2.49,0.00
5055476,1022755,28,1,3.49,0.00
5055477,1022755,21,3,3.99,0.00
5055478,1022756,6,1,12.99,0.00
5055479,1022756,19,3,3.99,0.00
5055480,1022756,27,1,2.49,0.00
5055481,1022756,32,1,4.99,0.00
5055482,1022757,2,1,11.99,0.00
5055483,1022757,19,2,3.99,0.00
5055484,1022757,21,1,3.99,0.00
5055485,1022758,2,1,11.99,0.00
5055486,1022759,1,1,11.49,0.00
5055487,1022760,1,1,11.49,0.00
5055488,1022760,22,1,4.49,0.00
5055489,1022761,17,1,12.49,0.00
5055490,1022762,17,1,12.49,0.00
5055491,1022762,24,1,3.49,0.00
5055492,1022762,27,1,2.49,0.00
5055493,1022762,30,1,3.29,0.00
5055494,1022763,1,1,11.49,0.00
5055495,1022763,27,2,2.49,0.00
5055496,1022763,24,1,3.49,0.00
5055497,1022764,14,1,10.49,0.00
5055498,1022764,26,1,2.49,0.00
5055499,1022764,25,1,6.49,0.00
5055500,1022765,16,1,10.49,0.00
5055501,1022765,27,1,2.49,0.00
5055502,1022766,13,1,9.99,0.00
5055503,1022766,32,1,4.99,0.00
5055504,1022767,8,1,12.49,0.00
5055505,1022767,2,2,11.99,0.00
5055506,1022767,22,1,4.49,0.00
5055507,1022768,8,1,12.49,0.00
5055508,1022768,27,1,2.49,0.00
5055509,1022769,9,1,13.99,0.00
5055510,1022769,29,2,3.49,0.00
5055511,1022770,7,1,11.99,0.00
5055512,1022771,6,1,12.99,0.00
5055513,1022772,5,1,13.49,0.00
5055514,1022772,34,1,4.49,0.00
5055515,1022772,19,1,3.99,0.00
5055516,1022772,25,1,6.49,0.00
5055517,1022772,28,1,3.49,0.00
5055518,1022773,17,2,12.49,0.00
5055519,1022773,21,1,3.99,0.00
5055520,1022774,9,1,13.99,0.00
5055521,1022774,28,1,3.49,0.00
5055522,1022775,6,1,12.99,0.00
5055523,1022775,26,1,2.49,0.00
5055524,1022775,23,1,3.99,0.00
5055525,1022775,18,1,5.49,0.00
5055526,1022776,14,1,10.49,0.00
5055527,1022776,19,1,3.99,0.00
5055528,1022777,17,1,12.49,2.50
5055529,1022777,32,1,4.99,0.00
5055530,1022777,31,2,3.49,0.00
5055531,1022777,11,1,13.49,0.00
5055532,1022778,5,1,13.49,0.00
5055533,1022779,7,1,11.99,0.00
5055534,1022779,20,3,4.49,0.00
5055535,1022779,31,1,3.49,0.00
5055536,1022780,7,1,11.99,0.00
5055537,1022780,28,2,3.49,0.00
5055538,1022780,25,2,6.49,0.00
5055539,1022780,18,2,5.49,0.00
5055540,1022781,13,1,9.99,0.00
5055541,1022781,28,2,3.49,0.00
5055542,1022781,23,1,3.99,0.00
5055543,1022782,8,1,12.49,0.00
5055544,1022783,17,1,12.49,0.00
5055545,1022783,26,4,2.49,0.00
5055546,1022783,28,1,3.49,0.00
5055547,1022783,19,2,3.99,0.00
5055548,1022784,17,1,12.49,0.00
5055549,1022784,31,1,3.49,0.00
5055550,1022785,13,1,9.99,0.00
5055551,1022785,26,1,2.49,0.00
5055552,1022786,12,1,18.99,0.00
5055553,1022787,5,2,13.49,0.00
5055554,1022787,26,1,2.49,0.00
5055555,1022788,17,1,12.49,0.00
5055556,1022788,25,1,6.49,0.00
5055557,1022788,26,3,2.49,0.00
5055558,1022789,2,1,11.99,0.00
5055559,1022789,24,2,3.49,0.00
5055560,1022790,17,1,12.49,0.00
5055561,1022790,27,1,2.49,0.00
5055562,1022791,17,1,12.49,0.00
5055563,1022792,10,2,10.99,0.00
5055564,1022792,32,1,4.99,0.00
5055565,1022793,5,1,13.49,0.00
5055566,1022793,4,1,14.99,0.00
5055567,1022794,6,1,12.99,0.00
5055568,1022794,25,1,6.49,0.00
5055569,1022795,2,1,11.99,0.00
5055570,1022795,27,1,2.49,0.00
5055571,1022796,14,1,10.49,0.00
5055572,1022796,23,2,3.99,0.00
5055573,1022797,4,2,14.99,0.00
5055574,1022798,12,2,18.99,0.00
5055575,1022799,17,1,12.49,0.00
5055576,1022800,17,1,12.49,0.00
5055577,1022800,28,2,3.49,0.00
5055578,1022800,25,2,6.49,0.00
5055579,1022800,26,1,2.49,0.00
5055580,1022801,9,1,13.99,0.00
5055581,1022801,24,2,3.49,0.00
5055582,1022801,21,2,3.99,0.00
5055583,1022801,22,1,4.49,0.00
5055584,1022801,30,1,3.29,0.00
5055585,1022802,7,1,11.99,0.00
5055586,1022802,27,1,2.49,0.00
5055587,1022803,7,1,11.99,0.00
5055588,1022803,31,2,3.49,0.00
5055589,1022804,10,1,10.99,0.00
5055590,1022804,29,1,3.49,0.00
5055591,1022804,21,1,3.99,0.00
5055592,1022804,34,1,4.49,0.00
5055593,1022804,9,3,13.99,0.00
5055594,1022805,10,1,10.99,0.00
5055595,1022806,1,2,11.49,0.00
5055596,1022806,29,1,3.49,0.00
5055597,1022807,2,2,11.99,0.00
5055598,1022807,19,1,3.99,0.00
5055599,1022807,33,1,5.49,0.00
5055600,1022808,16,2,10.49,0.00
5055601,1022808,27,1,2.49,0.00
5055602,1022809,17,1,12.49,2.50
5055603,1022809,20,1,4.49,0.00
5055604,1022809,5,1,13.49,0.00
5055605,1022809,34,1,4.49,0.00
5055606,1022810,6,1,12.99,0.00
5055607,1022810,26,1,2.49,0.00
5055608,1022810,19,1,3.99,0.00
5055609,1022810,25,1,6.49,0.00
5055610,1022811,5,1,13.49,0.00
5055611,1022812,17,1,12.49,2.50
5055612,1022812,34,1,4.49,0.00
5055613,1022812,26,1,2.49,0.00
5055614,1022812,31,1,3.49,0.00
5055615,1022813,4,2,14.99,0.00
5055616,1022814,17,1,12.49,0.00
5055617,1022815,17,1,12.49,0.00
5055618,1022815,9,1,13.99,0.00
5055619,1022815,20,1,4.49,0.00
5055620,1022815,26,2,2.49,0.00
5055621,1022816,17,1,12.49,0.00
5055622,1022817,17,1,12.49,2.50
5055623,1022817,34,1,4.49,0.00
5055624,1022817,21,1,3.99,0.00
5055625,1022818,5,1,13.49,0.00
5055626,1022818,30,1,3.29,0.00
5055627,1022819,3,3,10.49,0.00
5055628,1022819,29,1,3.49,0.00
5055629,1022820,17,1,12.49,0.00
5055630,1022820,23,1,3.99,0.00
5055631,1022820,4,1,14.99,0.00
5055632,1022821,13,1,9.99,0.00
5055633,1022821,24,2,3.49,0.00
5055634,1022821,22,1,4.49,0.00
5055635,1022822,12,1,18.99,0.00
5055636,1022822,26,1,2.49,0.00
5055637,1022822,23,2,3.99,0.00
5055638,1022822,20,1,4.49,0.00
5055639,1022823,17,1,12.49,2.50
5055640,1022823,32,1,4.99,0.00
5055641,1022824,17,1,12.49,0.00
5055642,1022824,26,1,2.49,0.00
5055643,1022824,7,1,11.99,0.00
5055644,1022825,10,1,10.99,0.00
5055645,1022825,32,1,4.99,0.00
5055646,1022825,28,1,3.49,0.00
5055647,1022826,11,1,13.49,0.00
5055648,1022826,30,1,3.29,0.00
5055649,1022826,21,1,3.99,0.00
5055650,1022826,27,1,2.49,0.00
5055651,1022827,17,1,12.49,0.00
5055652,1022827,28,1,3.49,0.00
5055653,1022827,24,1,3.49,0.00
5055654,1022827,34,1,4.49,0.00
5055655,1022827,25,1,6.49,0.00
5055656,1022828,14,1,10.49,0.00
5055657,1022829,17,1,12.49,2.50
5055658,1022829,18,0,5.49,0.00
5055659,1022829,21,1,3.99,0.00
5055660,1022830,17,1,12.49,0.00
5055661,1022831,16,1,10.49,0.00
5055662,1022831,31,1,3.49,0.00
5055663,1022832,14,1,10.49,0.00
5055664,1022832,21,1,3.99,0.00
5055665,1022832,27,1,2.49,0.00
5055666,1022832,32,2,4.99,0.00
5055667,1022833,17,1,12.49,0.00
5055668,1022833,21,1,3.99,0.00
5055669,1022834,17,1,12.49,0.00
5055670,1022834,35,1,2.99,0.00
5055671,1022834,33,1,5.49,0.00
5055672,1022834,21,-1,3.99,0.00
5055673,1022834,28,1,3.49,0.00
5055674,1022835,17,1,12.49,0.00
5055675,1022835,34,1,4.49,0.00
5055676,1022836,14,1,10.49,0.00
5055677,1022836,32,1,4.99,0.00
5055678,1022837,2,1,11.99,0.00
5055679,1022838,1,1,11.49,0.00
5055680,1022838,33,1,5.49,0.00
5055681,1022839,6,1,12.99,0.00
5055682,1022839,21,1,3.99,0.00
5055683,1022840,11,1,13.49,0.00
5055684,1022840,25,1,6.49,0.00
5055685,1022841,7,1,11.99,0.00
5055686,1022841,27,1,2.49,0.00
5055687,1022842,17,1,12.49,0.00
5055688,1022843,3,1,10.49,0.00
5055689,1022843,27,1,2.49,0.00
5055690,1022844,17,1,12.49,0.00
5055691,1022844,27,1,2.49,0.00
5055692,1022845,17,2,12.49,0.00
5055693,1022845,21,1,3.99,0.00
5055694,1022846,2,1,11.99,0.00
5055695,1022846,31,1,3.49,0.00
5055696,1022847,2,1,11.99,0.00
5055697,1022848,3,2,10.49,0.00
5055698,1022848,17,2,12.49,0.00
5055699,1022849,10,2,10.99,0.00
5055700,1022849,28,2,3.49,0.00
5055701,1022850,8,1,12.49,0.00
5055702,1022851,8,2,12.49,0.00
5055703,1022851,33,2,5.49,0.00
5055704,1022851,18,1,5.49,0.00
5055705,1022851,22,1,4.49,0.00
5055706,1022852,17,1,12.49,0.00
5055707,1022852,27,1,2.49,0.00
5055708,1022852,32,1,4.99,0.00
5055709,1022852,26,1,2.49,0.00
5055710,1022853,17,1,12.49,0.00
5055711,1022853,19,1,3.99,0.00
5055712,1022853,22,1,4.49,0.00
5055713,1022853,34,1,4.49,0.00
5055714,1022853,26,1,2.49,0.00
5055715,1022854,7,1,11.99,0.00
5055716,1022854,22,1,4.49,0.00
5055717,1022855,15,1,10.99,0.00
5055718,1022856,11,1,13.49,0.00
5055719,1022856,30,1,3.29,0.00
5055720,1022857,14,1,10.49,0.00
5055721,1022857,23,1,3.99,0.00
5055722,1022857,26,2,2.49,0.00
5055723,1022857,25,2,6.49,0.00
5055724,1022858,8,1,12.49,0.00
5055725,1022858,23,3,3.99,0.00
5055726,1022858,24,1,3.49,0.00
5055727,1022859,17,1,12.49,0.00
5055728,1022860,13,1,9.99,0.00
5055729,1022860,17,1,12.49,0.00
5055730,1022861,15,1,10.99,0.00
5055731,1022861,23,1,3.99,0.00
5055732,1022862,9,1,13.99,0.00
5055733,1022863,7,1,11.99,0.00
5055734,1022863,27,1,2.49,0.00
5055735,1022864,13,1,9.99,0.00
5055736,1022864,25,1,6.49,0.00
5055737,1022864,26,1,2.49,0.00
5055738,1022865,17,1,12.49,0.00
5055739,1022865,29,1,3.49,0.00
5055740,1022865,26,1,2.49,0.00
5055741,1022865,13,1,9.99,0.00
5055742,1022866,11,1,13.49,0.00
5055743,1022866,27,2,2.49,0.00
5055744,1022866,26,1,2.49,0.00
5055745,1022866,31,1,3.49,0.00
5055746,1022867,6,1,12.99,0.00
5055747,1022867,27,1,2.49,0.00
5055748,1022867,21,1,3.99,0.00
5055749,1022867,1,1,11.49,0.00
5055750,1022867,26,1,2.49,0.00
5055751,1022868,3,1,10.49,0.00
5055752,1022868,23,1,3.99,0.00
5055753,1022868,17,1,12.49,2.50
5055754,1022868,22,3,4.49,0.00
5055755,1022868,30,1,3.29,0.00
5055756,1022869,1,2,11.49,0.00
5055757,1022870,2,1,11.99,0.00
5055758,1022870,13,1,9.99,0.00
5055759,1022871,7,1,11.99,0.00
5055760,1022872,3,1,10.49,0.00
5055761,1022872,18,1,5.49,0.00
5055762,1022873,17,1,12.49,2.50
5055763,1022873,18,1,5.49,0.00
5055764,1022873,29,1,3.49,0.00
5055765,1022874,3,1,10.49,0.00
5055766,1022874,31,1,3.49,0.00
5055767,1022875,7,1,11.99,0.00
5055768,1022875,28,1,3.49,0.00
5055769,1022876,9,1,13.99,0.00
5055770,1022876,20,1,4.49,0.00
5055771,1022876,16,1,10.49,0.00
5055772,1022877,2,1,11.99,0.00
5055773,1022877,30,1,3.29,0.00
5055774,1022878,17,1,12.49,0.00
5055775,1022878,35,1,2.99,0.00
5055776,1022879,17,1,12.49,2.50
5055777,1022879,22,1,4.49,0.00
5055778,1022879,27,2,2.49,0.00
5055779,1022879,20,1,4.49,0.00
5055780,1022880,1,1,11.49,0.00
5055781,1022880,11,1,13.49,0.00
5055782,1022881,5,1,13.49,0.00
5055783,1022881,18,1,5.49,0.00
5055784,1022881,20,1,4.49,0.00
5055785,1022882,2,1,11.99,0.00
5055786,1022882,22,1,4.49,0.00
5055787,1022882,19,1,3.99,0.00
5055788,1022882,30,1,3.29,0.00
5055789,1022883,2,1,11.99,0.00
5055790,1022884,15,1,10.99,0.00
5055791,1022885,1,1,11.49,0.00
5055792,1022885,27,1,2.49,0.00
5055793,1022885,20,2,4.49,0.00
5055794,1022885,22,1,4.49,0.00
5055795,1022886,1,1,11.49,0.00
5055796,1022887,12,1,18.99,0.00
5055797,1022887,34,1,4.49,0.00
5055798,1022887,25,1,6.49,0.00
5055799,1022888,17,-2,12.49,0.00
5055800,1022889,14,1,10.49,0.00
5055801,1022889,7,1,11.99,0.00
5055802,1022889,22,1,4.49,0.00
5055803,1022890,15,1,10.99,0.00
5055804,1022890,28,1,3.49,0.00
5055805,1022891,10,1,10.99,0.00
5055806,1022891,9,1,13.99,0.00
5055807,1022891,18,1,5.49,0.00
5055808,1022891,7,2,11.99,0.00
5055809,1022892,12,1,18.99,0.00
5055810,1022892,35,1,2.99,0.00
5055811,1022893,8,0,12.49,0.00
5055812,1022893,23,1,3.99,0.00
5055813,1022894,8,1,12.49,0.00
5055814,1022894,28,1,3.49,0.00
5055815,1022895,17,1,12.49,0.00
5055816,1022895,20,1,4.49,0.00
5055817,1022896,2,1,11.99,0.00
5055818,1022896,11,1,13.49,0.00
5055819,1022896,28,1,3.49,0.00
5055820,1022897,1,1,11.49,0.00
5055821,1022897,32,-1,4.99,0.00
5055822,1022897,35,1,2.99,0.00
5055823,1022897,21,1,3.99,0.00
5055824,1022897,22,1,4.49,0.00
5055825,1022898,10,1,10.99,0.00
5055826,1022898,18,1,5.49,0.00
5055827,1022898,9,1,13.99,0.00
5055828,1022899,14,1,10.49,0.00
5055829,1022899,2,3,11.99,0.00
5055830,1022900,1,1,11.49,0.00
5055831,1022900,21,1,3.99,0.00
5055832,1022901,5,1,13.49,0.00
5055833,1022901,17,1,12.49,0.00
5055834,1022901,22,1,4.49,0.00
5055835,1022901,3,1,10.49,0.00
5055836,1022902,3,1,10.49,0.00
5055837,1022902,21,1,3.99,0.00
5055838,1022903,5,1,13.49,0.00
5055839,1022903,27,2,2.49,0.00
5055840,1022903,26,1,2.49,0.00
5055841,1022904,5,1,13.49,0.00
5055842,1022904,21,1,3.99,0.00
5055843,1022905,16,1,10.49,0.00
5055844,1022905,13,1,9.99,0.00
5055845,1022905,23,1,3.99,0.00
5055846,1022905,31,1,3.49,0.00
5055847,1022906,17,1,12.49,2.50
5055848,1022907,14,1,10.49,0.00
5055849,1022907,22,1,4.49,0.00
5055850,1022907,17,1,12.49,0.00
5055851,1022908,9,1,13.99,0.00
5055852,1022908,31,1,3.49,0.00
5055853,1022908,25,1,6.49,0.00
5055854,1022908,34,1,4.49,0.00
5055855,1022909,1,1,11.49,0.00
5055856,1022909,32,1,4.99,0.00
5055857,1022909,21,1,3.99,0.00
5055858,1022909,29,1,3.49,0.00
5055859,1022910,8,1,12.49,0.00
5055860,1022911,9,1,13.99,0.00
5055861,1022911,28,2,3.49,0.00
5055862,1022912,1,1,11.49,0.00
5055863,1022912,26,1,2.49,0.00
5055864,1022912,20,1,4.49,0.00
5055865,1022913,17,2,12.49,0.00
5055866,1022913,19,1,3.99,0.00
5055867,1022913,21,3,3.99,0.00
5055868,1022913,24,2,3.49,0.00
5055869,1022913,33,1,5.49,0.00
5055870,1022914,3,1,10.49,0.00
5055871,1022915,17,1,12.49,0.00
5055872,1022916,6,1,12.99,0.00
5055873,1022916,27,2,2.49,0.00
5055874,1022917,17,1,12.49,0.00
5055875,1022917,21,1,3.99,0.00
5055876,1022918,5,1,13.49,0.00
5055877,1022919,12,1,18.99,0.00
5055878,1022919,32,3,4.99,0.00
5055879,1022920,17,1,12.49,0.00
5055880,1022920,26,1,2.49,0.00
5055881,1022920,27,1,2.49,0.00
5055882,1022920,20,1,4.49,0.00
5055883,1022920,3,1,10.49,0.00
5055884,1022920,31,1,3.49,0.00
5055885,1022921,17,2,12.49,0.00
5055886,1022922,2,1,11.99,0.00
5055887,1022923,3,3,10.49,0.00
5055888,1022923,21,1,3.99,0.00
5055889,1022923,26,1,2.49,0.00
5055890,1022924,3,3,10.49,0.00
5055891,1022924,26,1,2.49,0.00
5055892,1022925,12,1,18.99,0.00
5055893,1022926,17,1,12.49,0.00
5055894,1022926,32,1,4.99,0.00
5055895,1022926,24,1,3.49,0.00
5055896,1022926,19,1,3.99,0.00
5055897,1022927,5,1,13.49,0.00
5055898,1022927,32,1,4.99,0.00
5055899,1022927,19,1,3.99,0.00
5055900,1022927,20,2,4.49,0.00
5055901,1022927,9,1,13.99,0.00
5055902,1022927,23,2,3.99,0.00
5055903,1022928,7,1,11.99,0.00
5055904,1022928,26,2,2.49,0.00
5055905,1022929,2,1,11.99,0.00
5055906,1022929,26,1,2.49,0.00
5055907,1022930,7,1,11.99,0.00
5055908,1022930,33,-2,5.49,0.00
5055909,1022931,9,1,13.99,0.00
5055910,1022932,13,1,9.99,0.00
5055911,1022933,9,1,13.99,0.00
5055912,1022933,28,2,3.49,0.00
5055913,1022933,25,1,6.49,0.00
5055914,1022934,8,1,12.49,0.00
5055915,1022934,26,1,2.49,0.00
5055916,1022934,21,1,3.99,0.00
5055917,1022934,20,1,4.49,0.00
5055918,1022934,32,1,4.99,0.00
5055919,1022935,11,1,13.49,0.00
5055920,1022935,27,1,2.49,0.00
5055921,1022935,25,1,6.49,0.00
5055922,1022935,30,1,3.29,0.00
5055923,1022935,20,1,4.49,0.00
5055924,1022936,16,2,10.49,0.00
5055925,1022936,12,1,18.99,0.00
5055926,1022937,15,1,10.99,0.00
5055927,1022937,29,1,3.49,0.00
5055928,1022937,28,1,3.49,0.00
5055929,1022938,17,2,12.49,0.00
5055930,1022938,25,2,6.49,0.00
5055931,1022939,1,1,11.49,0.00
5055932,1022940,4,1,14.99,0.00
5055933,1022941,6,1,12.99,0.00
5055934,1022942,17,1,12.49,0.00
5055935,1022942,23,1,3.99,0.00
5055936,1022942,21,2,3.99,0.00
5055937,1022943,11,1,13.49,0.00
5055938,1022944,1,1,11.49,0.00
5055939,1022944,25,1,6.49,0.00
5055940,1022945,16,2,10.49,0.00
5055941,1022945,28,1,3.49,0.00
5055942,1022945,19,1,3.99,0.00
5055943,1022945,18,1,5.49,0.00
5055944,1022946,11,1,13.49,0.00
5055945,1022946,18,2,5.49,0.00
5055946,1022947,1,1,11.49,0.00
5055947,1022947,30,1,3.29,0.00
5055948,1022948,13,1,9.99,0.00
5055949,1022948,27,2,2.49,0.00
5055950,1022949,7,1,11.99,0.00
5055951,1022949,26,1,2.49,0.00
5055952,1022949,20,1,4.49,0.00
5055953,1022949,19,1,3.99,0.00
5055954,1022950,6,1,12.99,0.00
5055955,1022950,18,1,5.49,0.00
5055956,1022951,2,1,11.99,0.00
5055957,1022952,17,1,12.49,0.00
5055958,1022952,26,1,2.49,0.00
5055959,1022952,29,3,3.49,0.00
5055960,1022953,4,1,14.99,0.00
5055961,1022954,16,1,10.49,0.00
5055962,1022954,26,3,2.49,0.00
5055963,1022954,20,1,4.49,0.00
5055964,1022954,25,1,6.49,0.00
5055965,1022955,2,2,11.99,0.00
5055966,1022955,27,1,2.49,0.00
5055967,1022956,2,1,11.99,0.00
5055968,1022956,18,1,5.49,0.00
5055969,1022957,15,1,10.99,0.00
5055970,1022957,19,1,3.99,0.00
5055971,1022958,6,0,12.99,0.00
5055972,1022959,6,1,12.99,0.00
5055973,1022959,17,1,12.49,0.00
5055974,1022960,14,2,10.49,0.00
5055975,1022960,31,2,3.49,0.00
5055976,1022960,23,1,3.99,0.00
5055977,1022960,6,2,12.99,0.00
5055978,1022961,17,1,12.49,2.50
5055979,1022961,28,4,3.49,0.00
5055980,1022961,14,1,10.49,0.00
5055981,1022961,19,1,3.99,0.00
5055982,1022961,21,1,3.99,0.00
5055983,1022962,1,2,11.49,0.00
5055984,1022962,25,3,6.49,0.00
5055985,1022962,29,1,3.49,0.00
5055986,1022962,18,1,5.49,0.00
5055987,1022963,16,1,10.49,0.00
5055988,1022963,29,1,3.49,0.00
5055989,1022963,18,1,5.49,0.00
5055990,1022964,8,1,12.49,0.00
5055991,1022964,18,2,5.49,0.00
5055992,1022964,30,1,3.29,0.00
5055993,1022964,26,1,2.49,0.00
5055994,1022965,17,1,12.49,0.00
5055995,1022965,30,1,3.29,0.00
5055996,1022965,29,1,3.49,0.00
5055997,1022965,27,1,2.49,0.00
5055998,1022965,31,1,3.49,0.00
5055999,1022966,7,1,11.99,0.00
5056000,1022966,28,1,3.49,0.00
5056001,1022966,19,1,3.99,0.00
5056002,1022967,17,1,12.49,0.00
5056003,1022967,28,1,3.49,0.00
5056004,1022967,23,1,3.99,0.00
5056005,1022967,26,1,2.49,0.00
5056006,1022968,14,1,10.49,0.00
5056007,1022968,23,1,3.99,0.00
5056008,1022969,3,1,10.49,0.00
5056009,1022969,21,2,3.99,0.00
5056010,1022969,30,1,3.29,0.00
5056011,1022970,11,2,13.49,0.00
5056012,1022970,18,2,5.49,0.00
5056013,1022970,25,2,6.49,0.00
5056014,1022970,32,1,4.99,0.00
5056015,1022971,13,1,9.99,0.00
5056016,1022972,15,2,10.99,0.00
5056017,1022972,27,1,2.49,0.00
5056018,1022973,15,1,10.99,0.00
5056019,1022973,26,1,2.49,0.00
5056020,1022974,3,2,10.49,0.00
5056021,1022974,19,1,3.99,0.00
5056022,1022975,17,1,12.49,0.00
5056023,1022976,14,1,10.49,0.00
5056024,1022976,17,1,12.49,0.00
5056025,1022976,18,1,5.49,0.00
5056026,1022977,4,1,14.99,0.00
5056027,1022977,24,1,3.49,0.00
5056028,1022978,3,1,10.49,0.00
5056029,1022978,30,1,3.29,0.00
5056030,1022978,32,1,4.99,0.00
5056031,1022978,26,1,2.49,0.00
5056032,1022979,2,1,11.99,0.00
5056033,1022979,33,2,5.49,0.00
5056034,1022980,7,1,11.99,0.00
5056035,1022981,7,1,11.99,0.00
5056036,1022982,5,1,13.49,0.00
5056037,1022983,8,1,12.49,0.00
5056038,1022983,20,1,4.49,0.00
5056039,1022984,17,1,12.49,2.50
5056040,1022984,29,1,3.49,0.00
5056041,1022984,26,1,2.49,0.00
5056042,1022985,7,1,11.99,0.00
5056043,1022985,13,1,9.99,0.00
5056044,1022985,27,1,2.49,0.00
5056045,1022986,17,1,12.49,0.00
5056046,1022986,22,1,4.49,0.00
5056047,1022986,20,1,4.49,0.00
5056048,1022986,29,1,3.49,0.00
5056049,1022986,34,1,4.49,0.00
5056050,1022986,18,1,5.49,0.00
5056051,1022987,1,1,11.49,0.00
5056052,1022988,17,1,12.49,0.00
5056053,1022988,32,1,4.99,0.00
5056054,1022989,7,1,11.99,0.00
5056055,1022989,4,2,14.99,0.00
5056056,1022990,17,1,12.49,0.00
5056057,1022990,27,2,2.49,0.00
5056058,1022990,26,1,2.49,0.00
5056059,1022991,12,1,18.99,0.00
5056060,1022992,1,1,11.49,0.00
5056061,1022992,34,1,4.49,0.00
5056062,1022992,22,1,4.49,0.00
5056063,1022993,12,1,18.99,0.00
5056064,1022993,23,1,3.99,0.00
5056065,1022994,17,1,12.49,0.00
5056066,1022994,23,1,3.99,0.00
5056067,1022995,6,1,12.99,0.00
5056068,1022995,24,1,3.49,0.00
5056069,1022996,6,-1,12.99,0.00
5056070,1022997,17,1,12.49,0.00
5056071,1022998,14,-1,10.49,0.00
5056072,1022998,26,1,2.49,0.00
5056073,1022999,5,1,13.49,0.00
5056074,1023000,7,1,11.99,0.00
5056075,1023000,2,1,11.99,0.00
5056076,1023001,17,2,12.49,0.00
5056077,1023001,29,1,3.49,0.00
5056078,1023001,32,2,4.99,0.00
5056079,1023002,6,1,12.99,0.00
5056080,1023002,27,3,2.49,0.00
5056081,1023003,3,2,10.49,0.00
5056082,1023004,17,1,12.49,0.00
5056083,1023004,26,1,2.49,0.00
5056084,1023005,7,1,11.99,0.00
5056085,1023005,28,1,3.49,0.00
5056086,1023006,16,1,10.49,0.00
5056087,1023006,32,1,4.99,0.00
5056088,1023006,27,1,2.49,0.00
5056089,1023007,3,1,10.49,0.00
5056090,1023007,27,2,2.49,0.00
5056091,1023008,10,1,10.99,0.00
5056092,1023008,19,1,3.99,0.00
5056093,1023008,29,1,3.49,0.00
5056094,1023008,23,1,3.99,0.00
5056095,1023008,28,1,3.49,0.00
5056096,1023009,5,1,13.49,0.00
5056097,1023009,20,2,4.49,0.00
5056098,1023009,29,1,3.49,0.00
5056099,1023010,3,1,10.49,0.00
5056100,1023010,25,1,6.49,0.00
5056101,1023010,21,1,3.99,0.00
5056102,1023011,8,1,12.49,0.00
5056103,1023011,34,1,4.49,0.00
5056104,1023011,4,1,14.99,0.00
5056105,1023012,5,1,13.49,0.00
5056106,1023013,1,1,11.49,0.00
5056107,1023013,22,1,4.49,0.00
5056108,1023013,23,2,3.99,0.00
5056109,1023013,3,1,10.49,0.00
5056110,1023014,2,1,11.99,0.00
5056111,1023014,23,1,3.99,0.00
5056112,1023015,14,1,10.49,0.00
5056113,1023016,16,1,10.49,0.00
5056114,1023017,3,1,10.49,0.00
5056115,1023017,21,1,3.99,0.00
5056116,1023017,8,1,12.49,0.00
5056117,1023017,25,1,6.49,0.00
5056118,1023017,18,1,5.49,0.00
5056119,1023018,6,1,12.99,0.00
5056120,1023018,21,1,3.99,0.00
5056121,1023019,17,2,12.49,0.00
5056122,1023019,20,1,4.49,0.00
5056123,1023019,19,1,3.99,0.00
5056124,1023019,18,1,5.49,0.00
5056125,1023019,27,1,2.49,0.00
5056126,1023020,17,1,12.49,0.00
5056127,1023021,7,1,11.99,0.00
5056128,1023021,19,1,3.99,0.00
5056129,1023021,28,1,3.49,0.00
5056130,1023022,1,-1,11.49,0.00
5056131,1023023,17,1,12.49,0.00
5056132,1023024,6,1,12.99,0.00
5056133,1023025,11,1,13.49,0.00
5056134,1023025,33,1,5.49,0.00
5056135,1023025,2,1,11.99,0.00
5056136,1023025,5,1,13.49,0.00
5056137,1023026,12,1,18.99,0.00
5056138,1023026,27,2,2.49,0.00
5056139,1023027,4,1,14.99,0.00
5056140,1023027,34,1,4.49,0.00
5056141,1023028,1,1,11.49,0.00
5056142,1023029,8,1,12.49,0.00
5056143,1023030,2,1,11.99,0.00
5056144,1023030,29,1,3.49,0.00
5056145,1023030,27,1,2.49,0.00
5056146,1023031,3,1,10.49,0.00
5056147,1023031,32,1,4.99,0.00
5056148,1023032,15,3,10.99,0.00
5056149,1023032,31,1,3.49,0.00
5056150,1023032,33,1,5.49,0.00
5056151,1023033,14,1,10.49,0.00
5056152,1023034,2,2,11.99,0.00
5056153,1023035,2,1,11.99,0.00
5056154,1023035,34,2,4.49,0.00
5056155,1023035,27,1,2.49,0.00
5056156,1023036,17,1,12.49,2.50
5056157,1023036,19,1,3.99,0.00
5056158,1023037,4,1,14.99,0.00
5056159,1023038,14,1,10.49,0.00
5056160,1023039,10,1,10.99,0.00
5056161,1023039,28,1,3.49,0.00
5056162,1023039,19,2,3.99,0.00
5056163,1023039,27,3,2.49,0.00
5056164,1023039,21,1,3.99,0.00
5056165,1023040,8,1,12.49,0.00
5056166,1023040,26,3,2.49,0.00
5056167,1023040,18,1,5.49,0.00
5056168,1023041,14,1,10.49,0.00
5056169,1023041,27,2,2.49,0.00
5056170,1023042,7,1,11.99,0.00
5056171,1023042,21,2,3.99,0.00
5056172,1023043,1,2,11.49,0.00
5056173,1023043,27,1,2.49,0.00
5056174,1023043,31,1,3.49,0.00
5056175,1023043,2,2,11.99,0.00
5056176,1023044,8,1,12.49,0.00
5056177,1023044,18,1,5.49,0.00
5056178,1023045,16,1,10.49,0.00
5056179,1023046,11,1,13.49,0.00
5056180,1023046,19,1,3.99,0.00
5056181,1023046,17,2,12.49,0.00
5056182,1023046,22,1,4.49,0.00
5056183,1023047,17,1,12.49,0.00
5056184,1023047,21,1,3.99,0.00
5056185,1023047,18,2,5.49,0.00
5056186,1023048,2,1,11.99,0.00
5056187,1023048,21,1,3.99,0.00
5056188,1023049,15,1,10.99,0.00
5056189,1023049,28,1,3.49,0.00
5056190,1023050,3,2,10.49,0.00
5056191,1023050,22,1,4.49,0.00
5056192,1023050,31,1,3.49,0.00
5056193,1023051,5,1,13.49,0.00
5056194,1023052,1,2,11.49,0.00
5056195,1023052,26,1,2.49,0.00
5056196,1023052,32,1,4.99,0.00
5056197,1023053,2,1,11.99,0.00
5056198,1023053,26,1,2.49,0.00
5056199,1023054,2,1,11.99,0.00
5056200,1023054,23,1,3.99,0.00
5056201,1023054,27,1,2.49,0.00
5056202,1023055,17,1,12.49,2.50
5056203,1023055,30,2,3.29,0.00
5056204,1023056,10,1,10.99,0.00
5056205,1023056,31,2,3.49,0.00
5056206,1023056,33,3,5.49,0.00
5056207,1023056,18,1,5.49,0.00
5056208,1023056,30,1,3.29,0.00
5056209,1023057,6,1,12.99,0.00
5056210,1023058,17,1,12.49,2.50
5056211,1023058,27,1,2.49,0.00
5056212,1023059,7,1,11.99,0.00
5056213,1023059,29,1,3.49,0.00
5056214,1023060,17,-1,12.49,2.50
5056215,1023060,19,3,3.99,0.00
5056216,1023060,31,1,3.49,0.00
5056217,1023060,27,1,2.49,0.00
5056218,1023061,4,1,14.99,0.00
5056219,1023061,26,1,2.49,0.00
5056220,1023061,34,0,4.49,0.00
5056221,1023062,17,1,12.49,0.00
5056222,1023063,3,1,10.49,0.00
5056223,1023063,34,1,4.49,0.00
5056224,1023063,19,2,3.99,0.00
5056225,1023063,27,3,2.49,0.00
5056226,1023063,25,1,6.49,0.00
5056227,1023064,3,1,10.49,0.00
5056228,1023065,14,1,10.49,0.00
5056229,1023066,1,1,11.49,0.00
5056230,1023067,16,1,10.49,0.00
5056231,1023067,34,1,4.49,0.00
5056232,1023068,5,1,13.49,0.00
5056233,1023069,7,2,11.99,0.00
5056234,1023069,33,1,5.49,0.00
5056235,1023070,15,1,10.99,0.00
5056236,1023070,21,1,3.99,0.00
5056237,1023070,18,1,5.49,0.00
5056238,1023071,3,2,10.49,0.00
5056239,1023071,20,1,4.49,0.00
5056240,1023072,14,1,10.49,0.00
5056241,1023072,18,1,5.49,0.00
5056242,1023073,9,1,13.99,0.00
5056243,1023073,30,1,3.29,0.00
5056244,1023074,15,1,10.99,0.00
5056245,1023074,27,1,2.49,0.00
5056246,1023075,5,1,13.49,0.00
5056247,1023076,3,2,10.49,0.00
5056248,1023076,32,2,4.99,0.00
5056249,1023076,17,1,12.49,0.00
5056250,1023077,17,1,12.49,2.50
5056251,1023077,27,1,2.49,0.00
5056252,1023078,17,1,12.49,0.00
5056253,1023078,27,2,2.49,0.00
5056254,1023078,3,2,10.49,0.00
5056255,1023079,8,1,12.49,0.00
5056256,1023080,16,-1,10.49,0.00
5056257,1023081,3,1,10.49,0.00
5056258,1023081,28,1,3.49,0.00
5056259,1023082,17,1,12.49,2.50
5056260,1023082,32,1,4.99,0.00
5056261,1023082,18,1,5.49,0.00
5056262,1023083,14,1,10.49,0.00
5056263,1023084,17,1,12.49,2.50
5056264,1023085,11,1,13.49,0.00
5056265,1023086,17,1,12.49,0.00
5056266,1023086,21,1,3.99,0.00
5056267,1023087,16,1,10.49,0.00
5056268,1023087,32,1,4.99,0.00
5056269,1023087,17,1,12.49,0.00
5056270,1023088,1,1,11.49,0.00
5056271,1023088,20,1,4.49,0.00
5056272,1023088,31,1,3.49,0.00
5056273,1023088,26,1,2.49,0.00
5056274,1023089,8,1,12.49,0.00
5056275,1023089,31,1,3.49,0.00
5056276,1023089,20,1,4.49,0.00
5056277,1023089,16,1,10.49,0.00
5056278,1023090,11,1,13.49,0.00
5056279,1023090,29,1,3.49,0.00
5056280,1023091,17,1,12.49,0.00
5056281,1023091,32,1,4.99,0.00
5056282,1023092,7,1,11.99,0.00
5056283,1023093,6,1,12.99,0.00
5056284,1023094,17,1,12.49,2.50
5056285,1023094,19,1,3.99,0.00
5056286,1023094,11,2,13.49,0.00
5056287,1023095,17,1,12.49,2.50
5056288,1023095,28,1,3.49,0.00
5056289,1023095,14,1,10.49,0.00
5056290,1023096,6,1,12.99,0.00
5056291,1023096,30,1,3.29,0.00
5056292,1023096,29,1,3.49,0.00
5056293,1023097,7,1,11.99,0.00
5056294,1023097,25,1,6.49,0.00
5056295,1023098,11,1,13.49,0.00
5056296,1023098,20,1,4.49,0.00
5056297,1023099,2,1,11.99,0.00
5056298,1023100,16,1,10.49,0.00
5056299,1023100,26,1,2.49,0.00
5056300,1023101,10,1,10.99,0.00
5056301,1023101,26,2,2.49,0.00
5056302,1023101,20,1,4.49,0.00
5056303,1023102,17,1,12.49,2.50
5056304,1023103,14,2,10.49,0.00
5056305,1023103,25,1,6.49,0.00
5056306,1023103,26,1,2.49,0.00
5056307,1023104,10,1,10.99,0.00
5056308,1023104,34,1,4.49,0.00
5056309,1023105,7,1,11.99,0.00
5056310,1023105,20,1,4.49,0.00
5056311,1023106,8,1,12.49,0.00
5056312,1023106,24,1,3.49,0.00
5056313,1023106,34,2,4.49,0.00
5056314,1023107,2,1,11.99,0.00
5056315,1023107,26,1,2.49,0.00
5056316,1023107,32,1,4.99,0.00
5056317,1023108,17,1,12.49,2.50
5056318,1023109,17,1,12.49,2.50
5056319,1023109,20,1,4.49,0.00
5056320,1023109,21,2,3.99,0.00
5056321,1023110,12,1,18.99,0.00
5056322,1023110,19,1,3.99,0.00
5056323,1023111,15,1,10.99,0.00
5056324,1023111,20,3,4.49,0.00
5056325,1023111,27,1,2.49,0.00
5056326,1023112,5,1,13.49,0.00
5056327,1023113,4,2,14.99,0.00
5056328,1023113,35,1,2.99,0.00
5056329,1023114,11,1,13.49,0.00
5056330,1023114,31,1,3.49,0.00
5056331,1023114,27,1,2.49,0.00
5056332,1023115,13,3,9.99,0.00
5056333,1023116,11,2,13.49,0.00
5056334,1023116,21,1,3.99,0.00
5056335,1023116,28,1,3.49,0.00
5056336,1023116,29,1,3.49,0.00
5056337,1023117,8,1,12.49,0.00
5056338,1023118,1,2,11.49,0.00
5056339,1023118,21,1,3.99,0.00
5056340,1023118,33,1,5.49,0.00
5056341,1023119,4,1,14.99,0.00
5056342,1023120,17,3,12.49,0.00
5056343,1023121,16,1,10.49,0.00
5056344,1023121,21,2,3.99,0.00
5056345,1023122,17,1,12.49,2.50
5056346,1023122,27,1,2.49,0.00
5056347,1023122,31,1,3.49,0.00
5056348,1023122,30,1,3.29,0.00
5056349,1023123,17,1,12.49,2.50
5056350,1023123,29,1,3.49,0.00
5056351,1023123,22,1,4.49,0.00
5056352,1023124,17,1,12.49,0.00
5056353,1023124,22,1,4.49,0.00
5056354,1023125,4,1,14.99,0.00
5056355,1023125,21,1,3.99,0.00
5056356,1023125,28,1,3.49,0.00
5056357,1023126,17,1,12.49,0.00
5056358,1023126,30,1,3.29,0.00
5056359,1023126,21,1,3.99,0.00
5056360,1023127,2,1,11.99,0.00
5056361,1023127,3,1,10.49,0.00
5056362,1023127,17,1,12.49,0.00
5056363,1023128,10,1,10.99,0.00
5056364,1023128,34,1,4.49,0.00
5056365,1023128,25,1,6.49,0.00
5056366,1023129,10,1,10.99,0.00
5056367,1023129,26,1,2.49,0.00
5056368,1023130,17,1,12.49,0.00
5056369,1023131,5,1,13.49,0.00
5056370,1023131,20,1,4.49,0.00
5056371,1023132,17,1,12.49,0.00
5056372,1023133,10,1,10.99,0.00
5056373,1023133,28,1,3.49,0.00
5056374,1023133,35,1,2.99,0.00
5056375,1023133,34,1,4.49,0.00
5056376,1023134,2,1,11.99,0.00
5056377,1023134,18,1,5.49,0.00
5056378,1023135,2,1,11.99,0.00
5056379,1023135,25,1,6.49,0.00
5056380,1023135,19,1,3.99,0.00
5056381,1023136,4,1,14.99,0.00
5056382,1023136,23,1,3.99,0.00
5056383,1023137,6,2,12.99,0.00
5056384,1023137,26,2,2.49,0.00
5056385,1023137,21,1,3.99,0.00
5056386,1023137,13,2,9.99,0.00
5056387,1023137,35,1,2.99,0.00
5056388,1023138,11,1,13.49,0.00
5056389,1023138,21,1,3.99,0.00
5056390,1023138,26,1,2.49,0.00
5056391,1023138,20,1,4.49,0.00
5056392,1023139,1,1,11.49,0.00
5056393,1023139,18,1,5.49,0.00
5056394,1023139,23,3,3.99,0.00
5056395,1023139,28,1,3.49,0.00
5056396,1023140,17,2,12.49,5.00
5056397,1023140,30,1,3.29,0.00
5056398,1023140,4,3,14.99,0.00
5056399,1023140,27,1,2.49,0.00
5056400,1023141,8,1,12.49,0.00
5056401,1023141,17,2,12.49,0.00
5056402,1023142,17,1,12.49,0.00
5056403,1023142,21,1,3.99,0.00
5056404,1023142,33,1,5.49,0.00
5056405,1023142,18,1,5.49,0.00
5056406,1023143,9,1,13.99,0.00
5056407,1023144,14,1,10.49,0.00
5056408,1023144,31,1,3.49,0.00
5056409,1023145,10,1,10.99,0.00
5056410,1023145,26,1,2.49,0.00
5056411,1023146,13,2,9.99,0.00
5056412,1023146,22,1,4.49,0.00
5056413,1023147,13,1,9.99,0.00
5056414,1023147,24,-2,3.49,0.00
5056415,1023147,23,1,3.99,0.00
5056416,1023147,27,1,2.49,0.00
5056417,1023148,2,1,11.99,0.00
5056418,1023148,20,1,4.49,0.00
5056419,1023149,3,1,10.49,0.00
5056420,1023149,32,1,4.99,0.00
5056421,1023149,25,1,6.49,0.00
5056422,1023150,17,1,12.49,0.00
5056423,1023151,6,1,12.99,0.00
5056424,1023151,13,1,9.99,0.00
5056425,1023151,27,1,2.49,0.00
5056426,1023152,16,2,10.49,0.00
5056427,1023152,25,1,6.49,0.00
5056428,1023152,18,1,5.49,0.00
5056429,1023153,9,1,13.99,0.00
5056430,1023153,27,2,2.49,0.00
5056431,1023154,7,1,11.99,0.00
5056432,1023154,23,1,3.99,0.00
5056433,1023155,5,2,13.49,0.00
5056434,1023156,1,1,11.49,0.00
5056435,1023156,25,1,6.49,0.00
5056436,1023157,3,1,10.49,0.00
5056437,1023157,26,1,2.49,0.00
5056438,1023158,6,1,12.99,0.00
5056439,1023158,28,1,3.49,0.00
5056440,1023159,17,1,12.49,0.00
5056441,1023159,19,1,3.99,0.00
5056442,1023159,27,1,2.49,0.00
5056443,1023160,2,1,11.99,0.00
5056444,1023160,27,1,2.49,0.00
5056445,1023160,21,1,3.99,0.00
5056446,1023161,11,1,13.49,0.00
5056447,1023161,26,1,2.49,0.00
5056448,1023162,8,1,12.49,0.00
5056449,1023163,16,1,10.49,0.00
5056450,1023164,7,3,11.99,0.00
5056451,1023164,29,1,3.49,0.00
5056452,1023164,26,1,2.49,0.00
5056453,1023165,17,2,12.49,5.00
5056454,1023165,26,1,2.49,0.00
5056455,1023166,9,1,13.99,0.00
5056456,1023166,27,3,2.49,0.00
5056457,1023167,6,2,12.99,0.00
5056458,1023167,29,2,3.49,0.00
5056459,1023167,28,1,3.49,0.00
5056460,1023167,26,1,2.49,0.00
5056461,1023167,7,1,11.99,0.00
5056462,1023168,17,1,12.49,2.50
5056463,1023168,23,1,3.99,0.00
5056464,1023168,21,1,3.99,0.00
5056465,1023168,25,2,6.49,0.00
5056466,1023169,17,1,12.49,0.00
5056467,1023169,34,1,4.49,0.00
5056468,1023170,17,1,12.49,0.00
5056469,1023170,34,1,4.49,0.00
5056470,1023170,20,2,4.49,0.00
5056471,1023170,31,2,3.49,0.00
5056472,1023170,18,2,5.49,0.00
5056473,1023171,17,1,12.49,0.00
5056474,1023171,22,1,4.49,0.00
5056475,1023171,28,1,3.49,0.00
5056476,1023171,25,1,6.49,0.00
5056477,1023171,18,1,5.49,0.00
5056478,1023172,17,1,12.49,2.50
5056479,1023172,25,1,6.49,0.00
5056480,1023172,28,1,3.49,0.00
5056481,1023173,2,1,11.99,0.00
5056482,1023173,26,1,2.49,0.00
5056483,1023173,23,3,3.99,0.00
5056484,1023174,17,2,12.49,0.00
5056485,1023174,28,1,3.49,0.00
5056486,1023174,30,1,3.29,0.00
5056487,1023174,21,1,3.99,0.00
5056488,1023174,10,1,10.99,0.00
5056489,1023175,17,1,12.49,0.00
5056490,1023176,17,1,12.49,0.00
5056491,1023176,27,1,2.49,0.00
5056492,1023177,15,1,10.99,0.00
5056493,1023178,11,1,13.49,0.00
5056494,1023178,27,1,2.49,0.00
5056495,1023178,23,1,3.99,0.00
5056496,1023178,25,1,6.49,0.00
5056497,1023179,8,3,12.49,0.00
5056498,1023179,21,1,3.99,0.00
5056499,1023180,1,2,11.49,0.00
5056500,1023181,17,1,12.49,0.00
5056501,1023182,17,1,12.49,0.00
5056502,1023182,9,1,13.99,0.00
5056503,1023182,18,1,5.49,0.00
5056504,1023182,29,1,3.49,0.00
5056505,1023182,26,1,2.49,0.00
5056506,1023183,7,1,11.99,0.00
5056507,1023183,5,1,13.49,0.00
5056508,1023184,7,1,11.99,0.00
5056509,1023184,16,1,10.49,0.00
5056510,1023184,17,1,12.49,0.00
5056511,1023185,8,1,12.49,0.00
5056512,1023185,27,1,2.49,0.00
5056513,1023186,17,1,12.49,2.50
5056514,1023186,22,1,4.49,0.00
5056515,1023186,23,1,3.99,0.00
5056516,1023186,29,1,3.49,0.00
5056517,1023186,32,1,4.99,0.00
5056518,1023186,25,1,6.49,0.00
5056519,1023187,17,1,12.49,0.00
5056520,1023187,8,1,12.49,0.00
5056521,1023187,19,1,3.99,0.00
5056522,1023188,6,1,12.99,0.00
5056523,1023188,15,1,10.99,0.00
5056524,1023189,9,1,13.99,0.00
5056525,1023189,27,2,2.49,0.00
5056526,1023189,32,2,4.99,0.00
5056527,1023190,17,1,12.49,0.00
5056528,1023190,35,3,2.99,0.00
5056529,1023191,15,1,10.99,0.00
5056530,1023191,30,1,3.29,0.00
5056531,1023191,33,1,5.49,0.00
5056532,1023191,24,1,3.49,0.00
5056533,1023192,1,2,11.49,0.00
5056534,1023192,22,1,4.49,0.00
5056535,1023192,25,1,6.49,0.00
5056536,1023192,9,2,13.99,0.00
5056537,1023193,9,1,13.99,0.00
5056538,1023193,27,1,2.49,0.00
5056539,1023193,18,2,5.49,0.00
5056540,1023194,14,1,10.49,0.00
5056541,1023194,11,1,13.49,0.00
5056542,1023194,34,1,4.49,0.00
5056543,1023194,28,1,3.49,0.00
5056544,1023195,6,2,12.99,0.00
5056545,1023195,22,1,4.49,0.00
5056546,1023196,6,1,12.99,0.00
5056547,1023196,19,1,3.99,0.00
5056548,1023197,7,1,11.99,0.00
5056549,1023197,28,2,3.49,0.00
5056550,1023197,18,1,5.49,0.00
5056551,1023198,4,1,14.99,0.00
5056552,1023198,19,1,3.99,0.00
5056553,1023198,32,1,4.99,0.00
5056554,1023199,17,1,12.49,0.00
5056555,1023199,23,1,3.99,0.00
5056556,1023199,28,2,3.49,0.00
5056557,1023200,15,1,10.99,0.00
5056558,1023200,29,1,3.49,0.00
5056559,1023200,27,1,2.49,0.00
5056560,1023200,17,1,12.49,0.00
5056561,1023200,30,2,3.29,0.00
5056562,1023200,22,1,4.49,0.00
5056563,1023201,5,1,13.49,0.00
5056564,1023201,26,2,2.49,0.00
5056565,1023201,1,1,11.49,0.00
5056566,1023202,15,1,10.99,0.00
5056567,1023202,17,4,12.49,0.00
5056568,1023202,21,2,3.99,0.00
5056569,1023202,23,1,3.99,0.00
5056570,1023203,15,1,10.99,0.00
5056571,1023203,9,1,13.99,0.00
5056572,1023203,20,1,4.49,0.00
5056573,1023203,33,1,5.49,0.00
5056574,1023204,5,1,13.49,0.00
5056575,1023204,19,1,3.99,0.00
5056576,1023205,17,1,12.49,0.00
5056577,1023205,25,1,6.49,0.00
5056578,1023206,17,1,12.49,0.00
5056579,1023206,25,1,6.49,0.00
5056580,1023206,19,1,3.99,0.00
5056581,1023207,11,1,13.49,0.00
5056582,1023208,9,1,13.99,0.00
5056583,1023208,32,1,4.99,0.00
5056584,1023208,20,1,4.49,0.00
5056585,1023209,2,1,11.99,0.00
5056586,1023209,26,2,2.49,0.00
5056587,1023210,9,1,13.99,0.00
5056588,1023211,17,1,12.49,0.00
5056589,1023211,34,1,4.49,0.00
5056590,1023211,26,1,2.49,0.00
5056591,1023212,5,1,13.49,0.00
5056592,1023213,17,1,12.49,0.00
5056593,1023213,21,1,3.99,0.00
5056594,1023214,5,1,13.49,0.00
5056595,1023214,26,1,2.49,0.00
5056596,1023214,27,1,2.49,0.00
5056597,1023215,15,1,10.99,0.00
5056598,1023216,17,3,12.49,7.49
5056599,1023216,28,2,3.49,0.00
5056600,1023217,1,1,11.49,0.00
5056601,1023217,26,1,2.49,0.00
5056602,1023218,4,1,14.99,0.00
5056603,1023218,26,2,2.49,0.00
5056604,1023219,15,1,10.99,0.00
5056605,1023220,3,1,10.49,0.00
5056606,1023220,26,1,2.49,0.00
5056607,1023220,21,1,3.99,0.00
5056608,1023221,17,1,12.49,0.00
5056609,1023221,31,3,3.49,0.00
5056610,1023222,10,1,10.99,0.00
5056611,1023222,27,1,2.49,0.00
5056612,1023223,14,1,10.49,0.00
5056613,1023223,28,1,3.49,0.00
5056614,1023224,14,1,10.49,0.00
5056615,1023224,26,1,2.49,0.00
5056616,1023224,23,1,3.99,0.00
5056617,1023225,15,1,10.99,0.00
5056618,1023226,4,3,14.99,0.00
5056619,1023226,19,1,3.99,0.00
5056620,1023226,26,1,2.49,0.00
5056621,1023227,17,1,12.49,2.50
5056622,1023227,27,1,2.49,0.00
5056623,1023228,5,1,13.49,0.00
5056624,1023228,18,1,5.49,0.00
5056625,1023228,20,1,4.49,0.00
5056626,1023228,29,1,3.49,0.00
5056627,1023229,7,1,11.99,0.00
5056628,1023230,10,1,10.99,0.00
5056629,1023230,26,1,2.49,0.00
5056630,1023230,27,1,2.49,0.00
5056631,1023230,18,1,5.49,0.00
5056632,1023230,32,1,4.99,0.00
5056633,1023231,5,1,13.49,0.00
5056634,1023231,26,1,2.49,0.00
5056635,1023231,18,4,5.49,0.00
5056636,1023231,19,1,3.99,0.00
5056637,1023232,14,1,10.49,0.00
5056638,1023232,21,1,3.99,0.00
5056639,1023232,20,2,4.49,0.00
5056640,1023232,25,1,6.49,0.00
5056641,1023233,17,1,12.49,2.50
5056642,1023233,27,2,2.49,0.00
5056643,1023233,26,1,2.49,0.00
5056644,1023234,2,1,11.99,0.00
5056645,1023235,1,2,11.49,0.00
5056646,1023235,34,1,4.49,0.00
5056647,1023235,32,1,4.99,0.00
5056648,1023235,25,1,6.49,0.00
5056649,1023236,16,1,10.49,0.00
5056650,1023237,2,2,11.99,0.00
5056651,1023237,20,1,4.49,0.00
5056652,1023237,33,2,5.49,0.00
5056653,1023238,3,1,10.49,0.00
5056654,1023238,18,1,5.49,0.00
5056655,1023238,27,1,2.49,0.00
5056656,1023239,17,1,12.49,0.00
5056657,1023239,26,1,2.49,0.00
5056658,1023239,18,0,5.49,0.00
5056659,1023239,24,1,3.49,0.00
5056660,1023239,19,1,3.99,0.00
5056661,1023239,1,0,11.49,0.00
5056662,1023240,10,1,10.99,0.00
5056663,1023240,30,1,3.29,0.00
5056664,1023240,19,1,3.99,0.00
5056665,1023241,4,1,14.99,0.00
5056666,1023241,30,1,3.29,0.00
5056667,1023241,26,1,2.49,0.00
5056668,1023242,17,1,12.49,0.00
5056669,1023243,17,1,12.49,0.00
5056670,1023244,17,1,12.49,2.50
5056671,1023244,13,2,9.99,0.00
5056672,1023244,35,-1,2.99,0.00
5056673,1023244,20,1,4.49,0.00
5056674,1023244,33,1,5.49,0.00
5056675,1023244,18,1,5.49,0.00
5056676,1023245,11,1,13.49,0.00
5056677,1023246,17,1,12.49,0.00
5056678,1023247,9,1,13.99,0.00
5056679,1023247,29,1,3.49,0.00
5056680,1023248,17,1,12.49,2.50
5056681,1023248,9,1,13.99,0.00
5056682,1023249,16,1,10.49,0.00
5056683,1023249,30,1,3.29,0.00
5056684,1023249,27,3,2.49,0.00
5056685,1023250,10,1,10.99,0.00
5056686,1023250,27,1,2.49,0.00
5056687,1023251,3,1,10.49,0.00
5056688,1023251,33,1,5.49,0.00
5056689,1023251,26,1,2.49,0.00
5056690,1023252,17,2,12.49,5.00
5056691,1023252,21,1,3.99,0.00
5056692,1023252,26,1,2.49,0.00
5056693,1023253,5,1,13.49,0.00
5056694,1023253,26,1,2.49,0.00
5056695,1023253,21,2,3.99,0.00
5056696,1023254,5,2,13.49,0.00
5056697,1023254,8,1,12.49,0.00
5056698,1023255,14,1,10.49,0.00
5056699,1023256,15,1,10.99,0.00
5056700,1023256,31,1,3.49,0.00
5056701,1023256,26,1,2.49,0.00
5056702,1023256,28,1,3.49,0.00
5056703,1023257,3,1,10.49,0.00
5056704,1023257,32,1,4.99,0.00
5056705,1023258,17,1,12.49,0.00
5056706,1023259,17,1,12.49,2.50
5056707,1023260,15,1,10.99,0.00
5056708,1023260,18,1,5.49,0.00
5056709,1023261,7,1,11.99,0.00
5056710,1023261,27,2,2.49,0.00
5056711,1023261,19,1,3.99,0.00
5056712,1023261,18,1,5.49,0.00
5056713,1023262,15,1,10.99,0.00
5056714,1023262,26,1,2.49,0.00
5056715,1023262,18,1,5.49,0.00
5056716,1023262,33,1,5.49,0.00
5056717,1023262,29,2,3.49,0.00
5056718,1023262,25,1,6.49,0.00
5056719,1023263,17,2,12.49,5.00
5056720,1023263,30,1,3.29,0.00
5056721,1023263,23,1,3.99,0.00
5056722,1023264,17,1,12.49,0.00
5056723,1023265,6,1,12.99,0.00
5056724,1023265,32,1,4.99,0.00
5056725,1023265,29,2,3.49,0.00
5056726,1023266,3,1,10.49,0.00
5056727,1023266,25,1,6.49,0.00
5056728,1023267,17,1,12.49,2.50
5056729,1023268,17,2,12.49,0.00
5056730,1023269,5,1,13.49,0.00
5056731,1023269,23,1,3.99,0.00
5056732,1023269,32,3,4.99,0.00
5056733,1023270,17,1,12.49,2.50
5056734,1023270,30,2,3.29,0.00
5056735,1023271,14,1,10.49,0.00
5056736,1023271,22,1,4.49,0.00
5056737,1023272,12,1,18.99,0.00
5056738,1023272,1,1,11.49,0.00
5056739,1023272,21,1,3.99,0.00
5056740,1023273,17,1,12.49,2.50
5056741,1023273,18,1,5.49,0.00
5056742,1023274,3,1,10.49,0.00
5056743,1023275,11,3,13.49,0.00
5056744,1023275,29,1,3.49,0.00
5056745,1023275,26,1,2.49,0.00
5056746,1023275,25,1,6.49,0.00
5056747,1023276,17,1,12.49,2.50
5056748,1023276,27,1,2.49,0.00
5056749,1023276,28,1,3.49,0.00
5056750,1023277,11,1,13.49,0.00
5056751,1023277,20,1,4.49,0.00
5056752,1023277,18,1,5.49,0.00
5056753,1023278,7,1,11.99,0.00
5056754,1023278,21,1,3.99,0.00
5056755,1023278,28,1,3.49,0.00
5056756,1023278,1,1,11.49,0.00
5056757,1023279,9,1,13.99,0.00
5056758,1023279,28,1,3.49,0.00
5056759,1023279,20,1,4.49,0.00
5056760,1023280,1,1,11.49,0.00
5056761,1023280,32,1,4.99,0.00
5056762,1023280,25,3,6.49,0.00
5056763,1023281,13,1,9.99,0.00
5056764,1023281,14,1,10.49,0.00
5056765,1023281,23,1,3.99,0.00
5056766,1023281,29,1,3.49,0.00
5056767,1023281,26,1,2.49,0.00
5056768,1023281,18,1,5.49,0.00
5056769,1023282,17,1,12.49,2.50
5056770,1023282,1,1,11.49,0.00
5056771,1023283,7,1,11.99,0.00
5056772,1023283,6,2,12.99,0.00
5056773,1023284,1,1,11.49,0.00
5056774,1023284,27,1,2.49,0.00
5056775,1023284,24,1,3.49,0.00
5056776,1023284,19,2,3.99,0.00
5056777,1023285,17,1,12.49,0.00
5056778,1023286,11,1,13.49,0.00
5056779,1023287,9,2,13.99,0.00
5056780,1023287,6,1,12.99,0.00
5056781,1023287,31,1,3.49,0.00
5056782,1023288,7,1,11.99,0.00
5056783,1023288,19,1,3.99,0.00
5056784,1023289,14,1,10.49,0.00
5056785,1023289,20,1,4.49,0.00
5056786,1023289,26,2,2.49,0.00
5056787,1023290,16,1,10.49,0.00
5056788,1023290,21,1,3.99,0.00
5056789,1023291,14,1,10.49,0.00
5056790,1023291,31,1,3.49,0.00
5056791,1023292,8,1,12.49,0.00
5056792,1023292,19,1,3.99,0.00
5056793,1023292,26,1,2.49,0.00
5056794,1023292,33,1,5.49,0.00
5056795,1023293,17,1,12.49,0.00
5056796,1023293,18,2,5.49,0.00
5056797,1023293,25,2,6.49,0.00
5056798,1023294,1,1,11.49,0.00
5056799,1023294,18,1,5.49,0.00
5056800,1023294,22,2,4.49,0.00
5056801,1023294,21,1,3.99,0.00
5056802,1023295,16,1,10.49,0.00
5056803,1023295,28,1,3.49,0.00
5056804,1023296,8,1,12.49,0.00
5056805,1023297,15,1,10.99,0.00
5056806,1023298,9,3,13.99,0.00
5056807,1023299,17,1,12.49,0.00
5056808,1023299,13,1,9.99,0.00
5056809,1023299,22,1,4.49,0.00
5056810,1023299,21,1,3.99,0.00
5056811,1023300,3,1,10.49,0.00
5056812,1023300,27,2,2.49,0.00
5056813,1023301,2,1,11.99,0.00
5056814,1023301,23,1,3.99,0.00
5056815,1023301,24,1,3.49,0.00
5056816,1023301,33,1,5.49,0.00
5056817,1023302,17,1,12.49,0.00
5056818,1023302,21,1,3.99,0.00
5056819,1023302,30,1,3.29,0.00
5056820,1023302,26,1,2.49,0.00
5056821,1023302,27,1,2.49,0.00
5056822,1023303,4,1,14.99,0.00
5056823,1023304,1,2,11.49,0.00
5056824,1023304,18,1,5.49,0.00
5056825,1023304,24,1,3.49,0.00
5056826,1023305,7,1,11.99,0.00
5056827,1023305,13,1,9.99,0.00
5056828,1023305,33,1,5.49,0.00
5056829,1023305,34,1,4.49,0.00
5056830,1023306,7,1,11.99,0.00
5056831,1023307,3,1,10.49,0.00
5056832,1023308,3,1,10.49,0.00
5056833,1023308,21,2,3.99,0.00
5056834,1023308,30,1,3.29,0.00
5056835,1023309,3,1,10.49,0.00
5056836,1023309,26,2,2.49,0.00
5056837,1023309,21,1,3.99,0.00
5056838,1023309,23,1,3.99,0.00
5056839,1023309,20,1,4.49,0.00
5056840,1023310,17,1,12.49,0.00
5056841,1023310,29,1,3.49,0.00
5056842,1023310,14,1,10.49,0.00
5056843,1023310,34,1,4.49,0.00
5056844,1023310,32,1,4.99,0.00
5056845,1023311,7,1,11.99,0.00
5056846,1023312,10,1,10.99,0.00
5056847,1023312,19,1,3.99,0.00
5056848,1023312,26,1,2.49,0.00
5056849,1023313,9,1,13.99,0.00
5056850,1023313,26,1,2.49,0.00
5056851,1023313,23,3,3.99,0.00
5056852,1023314,15,2,10.99,0.00
5056853,1023315,2,1,11.99,0.00
5056854,1023315,21,1,3.99,0.00
5056855,1023316,2,1,11.99,0.00
5056856,1023316,19,1,3.99,0.00
5056857,1023316,23,1,3.99,0.00
5056858,1023316,20,1,4.49,0.00
5056859,1023317,12,1,18.99,0.00
5056860,1023317,26,2,2.49,0.00
5056861,1023317,19,2,3.99,0.00
5056862,1023318,17,1,12.49,0.00
5056863,1023318,26,1,2.49,0.00
5056864,1023318,19,3,3.99,0.00
5056865,1023319,13,1,9.99,0.00
5056866,1023320,9,1,13.99,0.00
5056867,1023321,15,1,10.99,0.00
5056868,1023322,5,1,13.49,0.00
5056869,1023322,34,1,4.49,0.00
5056870,1023323,9,2,13.99,0.00
5056871,1023323,29,1,3.49,0.00
5056872,1023324,6,1,12.99,0.00
5056873,1023325,17,1,12.49,0.00
5056874,1023326,17,1,12.49,0.00
5056875,1023326,22,1,4.49,0.00
5056876,1023326,28,1,3.49,0.00
5056877,1023327,3,1,10.49,0.00
5056878,1023327,29,1,3.49,0.00
5056879,1023327,26,1,2.49,0.00
5056880,1023327,5,1,13.49,0.00
5056881,1023327,21,1,3.99,0.00
5056882,1023327,19,1,3.99,0.00
5056883,1023328,4,1,14.99,0.00
5056884,1023328,19,2,3.99,0.00
5056885,1023329,9,1,13.99,0.00
5056886,1023329,19,1,3.99,0.00
5056887,1023330,15,1,10.99,0.00
5056888,1023330,23,3,3.99,0.00
5056889,1023330,21,1,3.99,0.00
5056890,1023330,29,2,3.49,0.00
5056891,1023331,17,1,12.49,0.00
5056892,1023331,26,1,2.49,0.00
5056893,1023332,11,2,13.49,0.00
5056894,1023333,1,1,11.49,0.00
5056895,1023334,17,1,12.49,0.00
5056896,1023335,9,1,13.99,0.00
5056897,1023336,1,1,11.49,0.00
5056898,1023336,24,1,3.49,0.00
5056899,1023336,20,1,4.49,0.00
5056900,1023336,26,1,2.49,0.00
5056901,1023337,4,1,14.99,0.00
5056902,1023337,34,1,4.49,0.00
5056903,1023338,17,1,12.49,0.00
5056904,1023338,26,1,2.49,0.00
5056905,1023338,32,1,4.99,0.00
5056906,1023338,31,1,3.49,0.00
5056907,1023339,16,1,10.49,0.00
5056908,1023340,9,1,13.99,0.00
5056909,1023341,17,1,12.49,2.50
5056910,1023342,1,1,11.49,0.00
5056911,1023343,17,1,12.49,0.00
5056912,1023343,29,1,3.49,0.00
5056913,1023344,3,1,10.49,0.00
5056914,1023344,30,2,3.29,0.00
5056915,1023345,17,2,12.49,0.00
5056916,1023346,17,1,12.49,2.50
5056917,1023346,19,1,3.99,0.00
5056918,1023346,27,1,2.49,0.00
5056919,1023347,17,1,12.49,0.00
5056920,1023347,24,1,3.49,0.00
5056921,1023347,28,2,3.49,0.00
5056922,1023348,5,1,13.49,0.00
5056923,1023348,28,1,3.49,0.00
5056924,1023348,18,1,5.49,0.00
5056925,1023348,17,1,12.49,0.00
5056926,1023349,17,1,12.49,0.00
5056927,1023349,22,3,4.49,0.00
5056928,1023350,6,1,12.99,0.00
5056929,1023350,27,3,2.49,0.00
5056930,1023351,17,4,12.49,9.99
5056931,1023351,18,1,5.49,0.00
5056932,1023352,12,2,18.99,0.00
5056933,1023352,29,1,3.49,0.00
5056934,1023352,23,1,3.99,0.00
5056935,1023353,10,1,10.99,0.00
5056936,1023353,27,1,2.49,0.00
5056937,1023354,17,1,12.49,0.00
5056938,1023355,7,1,11.99,0.00
5056939,1023355,27,1,2.49,0.00
5056940,1023356,17,1,12.49,0.00
5056941,1023356,26,1,2.49,0.00
5056942,1023357,7,1,11.99,0.00
5056943,1023357,33,1,5.49,0.00
5056944,1023358,17,2,12.49,5.00
5056945,1023358,13,1,9.99,0.00
5056946,1023358,28,1,3.49,0.00
5056947,1023359,14,1,10.49,0.00
5056948,1023360,8,1,12.49,0.00
5056949,1023360,24,1,3.49,0.00
5056950,1023360,27,1,2.49,0.00
5056951,1023361,17,1,12.49,0.00
5056952,1023361,20,1,4.49,0.00
5056953,1023362,3,1,10.49,0.00
5056954,1023362,22,2,4.49,0.00
5056955,1023363,10,1,10.99,0.00
5056956,1023363,18,1,5.49,0.00
5056957,1023364,7,1,11.99,0.00
5056958,1023364,23,1,3.99,0.00
5056959,1023364,21,1,3.99,0.00
5056960,1023364,33,3,5.49,0.00
5056961,1023365,3,1,10.49,0.00
5056962,1023366,10,1,10.99,0.00
5056963,1023366,19,1,3.99,0.00
5056964,1023366,33,1,5.49,0.00
5056965,1023367,17,1,12.49,0.00
5056966,1023368,1,1,11.49,0.00
5056967,1023368,26,1,2.49,0.00
5056968,1023368,32,1,4.99,0.00
5056969,1023368,15,1,10.99,0.00
5056970,1023369,3,1,10.49,0.00
5056971,1023369,17,1,12.49,0.00
5056972,1023369,25,1,6.49,0.00
5056973,1023369,27,1,2.49,0.00
5056974,1023369,34,2,4.49,0.00
5056975,1023370,1,1,11.49,0.00
5056976,1023370,18,1,5.49,0.00
5056977,1023371,13,1,9.99,0.00
5056978,1023372,1,1,11.49,0.00
5056979,1023372,5,1,13.49,0.00
5056980,1023373,17,2,12.49,0.00
5056981,1023373,30,1,3.29,0.00
5056982,1023374,1,1,11.49,0.00
5056983,1023374,17,2,12.49,0.00
5056984,1023374,32,1,4.99,0.00
5056985,1023374,34,1,4.49,0.00
5056986,1023374,3,1,10.49,0.00
5056987,1023374,28,1,3.49,0.00
5056988,1023375,17,1,12.49,0.00
5056989,1023375,32,2,4.99,0.00
5056990,1023376,15,1,10.99,0.00
5056991,1023376,19,1,3.99,0.00
5056992,1023376,29,1,3.49,0.00
5056993,1023376,27,2,2.49,0.00
5056994,1023377,17,1,12.49,0.00
5056995,1023377,25,1,6.49,0.00
5056996,1023378,15,1,10.99,0.00
5056997,1023379,3,1,10.49,0.00
5056998,1023379,35,1,2.99,0.00
5056999,1023379,20,1,4.49,0.00
5057000,1023379,27,1,2.49,0.00
5057001,1023380,17,1,12.49,2.50
5057002,1023380,23,1,3.99,0.00
5057003,1023380,27,1,2.49,0.00
5057004,1023381,17,1,12.49,0.00
5057005,1023382,1,1,11.49,0.00
5057006,1023382,18,1,5.49,0.00
5057007,1023382,27,1,2.49,0.00
5057008,1023383,17,1,12.49,2.50
5057009,1023384,17,1,12.49,2.50
5057010,1023384,21,1,3.99,0.00
5057011,1023384,34,1,4.49,0.00
5057012,1023385,17,1,12.49,2.50
5057013,1023385,28,1,3.49,0.00
5057014,1023385,26,1,2.49,0.00
5057015,1023385,31,1,3.49,0.00
5057016,1023386,2,1,11.99,0.00
5057017,1023386,20,1,4.49,0.00
5057018,1023387,8,1,12.49,0.00
5057019,1023387,18,1,5.49,0.00
5057020,1023388,13,2,9.99,0.00
5057021,1023388,34,1,4.49,0.00
5057022,1023389,6,1,12.99,0.00
5057023,1023389,33,1,5.49,0.00
5057024,1023390,7,1,11.99,0.00
5057025,1023391,2,1,11.99,0.00
5057026,1023392,1,1,11.49,0.00
5057027,1023392,26,1,2.49,0.00
5057028,1023392,21,1,3.99,0.00
5057029,1023393,6,1,12.99,0.00
5057030,1023394,13,1,9.99,0.00
5057031,1023394,32,1,4.99,0.00
5057032,1023394,18,1,5.49,0.00
5057033,1023395,7,1,11.99,0.00
5057034,1023395,21,1,3.99,0.00
5057035,1023396,17,1,12.49,0.00
5057036,1023396,32,1,4.99,0.00
5057037,1023396,25,3,6.49,0.00
5057038,1023397,5,1,13.49,0.00
5057039,1023397,26,1,2.49,0.00
5057040,1023397,35,1,2.99,0.00
5057041,1023398,17,1,12.49,0.00
5057042,1023398,20,2,4.49,0.00
5057043,1023399,17,2,12.49,0.00
5057044,1023400,17,1,12.49,0.00
5057045,1023401,5,2,13.49,0.00
5057046,1023401,32,-1,4.99,0.00
5057047,1023402,17,1,12.49,0.00
5057048,1023402,19,1,3.99,0.00
5057049,1023402,34,1,4.49,0.00
5057050,1023403,17,1,12.49,0.00
5057051,1023403,24,1,3.49,0.00
5057052,1023404,8,1,12.49,0.00
5057053,1023404,31,1,3.49,0.00
5057054,1023404,35,1,2.99,0.00
5057055,1023405,3,1,10.49,0.00
5057056,1023405,27,1,2.49,0.00
5057057,1023406,8,3,12.49,0.00
5057058,1023406,26,2,2.49,0.00
5057059,1023407,17,1,12.49,0.00
5057060,1023408,14,1,10.49,0.00
5057061,1023409,7,2,11.99,0.00
5057062,1023409,26,1,2.49,0.00
5057063,1023410,9,1,13.99,0.00
5057064,1023410,30,1,3.29,0.00
5057065,1023410,6,1,12.99,0.00
5057066,1023411,4,1,14.99,0.00
5057067,1023411,25,1,6.49,0.00
5057068,1023412,12,1,18.99,0.00
5057069,1023412,19,2,3.99,0.00
5057070,1023412,25,1,6.49,0.00
5057071,1023412,26,1,2.49,0.00
5057072,1023412,32,1,4.99,0.00
5057073,1023413,10,1,10.99,0.00
5057074,1023413,28,1,3.49,0.00
5057075,1023414,5,1,13.49,0.00
5057076,1023414,31,1,3.49,0.00
5057077,1023414,30,1,3.29,0.00
5057078,1023415,3,1,10.49,0.00
5057079,1023415,25,1,6.49,0.00
5057080,1023416,7,1,11.99,0.00
5057081,1023417,17,3,12.49,7.49
5057082,1023417,3,2,10.49,0.00
5057083,1023417,25,1,6.49,0.00
5057084,1023418,6,1,12.99,0.00
5057085,1023419,8,1,12.49,0.00
5057086,1023420,15,1,10.99,0.00
5057087,1023420,26,1,2.49,0.00
5057088,1023420,18,1,5.49,0.00
5057089,1023421,17,1,12.49,2.50
5057090,1023421,24,1,3.49,0.00
5057091,1023421,19,1,3.99,0.00
5057092,1023422,15,1,10.99,0.00
5057093,1023423,4,1,14.99,0.00
5057094,1023423,25,1,6.49,0.00
5057095,1023424,6,3,12.99,0.00
5057096,1023424,34,2,4.49,0.00
5057097,1023424,22,1,4.49,0.00
5057098,1023424,20,1,4.49,0.00
5057099,1023425,13,1,9.99,0.00
5057100,1023425,24,1,3.49,0.00
5057101,1023426,12,1,18.99,0.00
5057102,1023427,5,1,13.49,0.00
5057103,1023427,18,1,5.49,0.00
5057104,1023428,1,1,11.49,0.00
5057105,1023428,32,1,4.99,0.00
5057106,1023428,18,2,5.49,0.00
5057107,1023428,27,1,2.49,0.00
5057108,1023429,17,1,12.49,0.00
5057109,1023429,4,1,14.99,0.00
5057110,1023429,25,1,6.49,0.00
5057111,1023429,27,1,2.49,0.00
5057112,1023430,6,1,12.99,0.00
5057113,1023430,19,1,3.99,0.00
5057114,1023431,15,1,10.99,0.00
5057115,1023431,26,1,2.49,0.00
5057116,1023431,21,1,3.99,0.00
5057117,1023431,20,1,4.49,0.00
5057118,1023432,14,1,10.49,0.00
5057119,1023432,7,1,11.99,0.00
5057120,1023433,2,1,11.99,0.00
5057121,1023433,34,1,4.49,0.00
5057122,1023434,17,1,12.49,2.50
5057123,1023434,22,1,4.49,0.00
5057124,1023434,25,1,6.49,0.00
5057125,1023434,31,1,3.49,0.00
5057126,1023435,17,3,12.49,0.00
5057127,1023435,27,1,2.49,0.00
5057128,1023435,29,1,3.49,0.00
5057129,1023436,10,1,10.99,0.00
5057130,1023436,27,1,2.49,0.00
5057131,1023436,23,1,3.99,0.00
5057132,1023437,11,1,13.49,0.00
5057133,1023437,34,2,4.49,0.00
5057134,1023438,10,1,10.99,0.00
5057135,1023438,34,1,4.49,0.00
5057136,1023438,19,2,3.99,0.00
5057137,1023439,1,1,11.49,0.00
5057138,1023439,5,1,13.49,0.00
5057139,1023440,1,1,11.49,0.00
5057140,1023440,20,1,4.49,0.00
5057141,1023441,16,1,10.49,0.00
5057142,1023441,3,2,10.49,0.00
5057143,1023441,35,1,2.99,0.00
5057144,1023441,17,1,12.49,0.00
5057145,1023441,27,1,2.49,0.00
5057146,1023442,10,1,10.99,0.00
5057147,1023442,19,2,3.99,0.00
5057148,1023443,17,1,12.49,0.00
5057149,1023443,26,1,2.49,0.00
5057150,1023443,23,1,3.99,0.00
5057151,1023444,8,1,12.49,0.00
5057152,1023444,28,1,3.49,0.00
5057153,1023445,16,1,10.49,0.00
5057154,1023445,10,1,10.99,0.00
5057155,1023445,27,2,2.49,0.00
5057156,1023446,3,1,10.49,0.00
5057157,1023446,29,1,3.49,0.00
5057158,1023447,5,1,13.49,0.00
5057159,1023447,31,1,3.49,0.00
5057160,1023448,7,1,11.99,0.00
5057161,1023448,26,1,2.49,0.00
5057162,1023448,19,1,3.99,0.00
5057163,1023449,5,2,13.49,0.00
5057164,1023449,23,2,3.99,0.00
5057165,1023449,26,1,2.49,0.00
5057166,1023450,11,1,13.49,0.00
5057167,1023450,26,1,2.49,0.00
5057168,1023451,6,1,12.99,0.00
5057169,1023452,3,1,10.49,0.00
5057170,1023453,2,1,11.99,0.00
5057171,1023453,27,1,2.49,0.00
5057172,1023454,5,1,13.49,0.00
5057173,1023454,27,1,2.49,0.00
5057174,1023455,14,1,10.49,0.00
5057175,1023455,18,3,5.49,0.00
5057176,1023455,9,1,13.99,0.00
5057177,1023455,27,1,2.49,0.00
5057178,1023456,3,1,10.49,0.00
5057179,1023456,18,1,5.49,0.00
5057180,1023457,17,1,12.49,0.00
5057181,1023458,2,1,11.99,0.00
5057182,1023458,20,1,4.49,0.00
5057183,1023458,1,1,11.49,0.00
5057184,1023458,4,1,14.99,0.00
5057185,1023458,19,1,3.99,0.00
5057186,1023459,6,1,12.99,0.00
5057187,1023459,19,3,3.99,0.00
5057188,1023459,27,1,2.49,0.00
5057189,1023459,20,1,4.49,0.00
5057190,1023460,7,1,11.99,0.00
5057191,1023460,30,1,3.29,0.00
5057192,1023460,35,1,2.99,0.00
5057193,1023460,27,2,2.49,0.00
5057194,1023461,11,1,13.49,0.00
5057195,1023461,26,1,2.49,0.00
5057196,1023462,14,1,10.49,0.00
5057197,1023462,23,1,3.99,0.00
5057198,1023462,18,1,5.49,0.00
5057199,1023463,17,1,12.49,0.00
5057200,1023463,2,1,11.99,0.00
5057201,1023463,24,1,3.49,0.00
5057202,1023463,26,1,2.49,0.00
5057203,1023464,17,2,12.49,0.00
5057204,1023464,27,1,2.49,0.00
5057205,1023465,17,1,12.49,0.00
5057206,1023465,24,2,3.49,0.00
5057207,1023465,34,1,4.49,0.00
5057208,1023466,17,1,12.49,0.00
5057209,1023466,31,2,3.49,0.00
5057210,1023467,2,1,11.99,0.00
5057211,1023468,5,1,13.49,0.00
5057212,1023469,6,1,12.99,0.00
5057213,1023470,4,1,14.99,0.00
5057214,1023471,10,1,10.99,0.00
5057215,1023471,27,2,2.49,0.00
5057216,1023471,32,3,4.99,0.00
5057217,1023471,33,1,5.49,0.00
5057218,1023472,17,2,12.49,5.00
5057219,1023473,14,3,10.49,0.00
5057220,1023474,14,1,10.49,0.00
5057221,1023474,27,-1,2.49,0.00
5057222,1023474,22,1,4.49,0.00
5057223,1023475,17,1,12.49,0.00
5057224,1023475,29,1,3.49,0.00
5057225,1023476,2,-2,11.99,0.00
5057226,1023477,17,1,12.49,2.50
5057227,1023477,30,1,3.29,0.00
5057228,1023478,17,1,12.49,2.50
5057229,1023478,25,2,6.49,0.00
5057230,1023479,13,1,9.99,0.00
5057231,1023479,28,2,3.49,0.00
5057232,1023480,17,2,12.49,0.00
5057233,1023480,19,2,3.99,0.00
5057234,1023480,27,1,2.49,0.00
5057235,1023481,3,1,10.49,0.00
5057236,1023481,34,1,4.49,0.00
5057237,1023482,6,1,12.99,0.00
5057238,1023482,22,1,4.49,0.00
5057239,1023482,27,2,2.49,0.00
5057240,1023482,21,1,3.99,0.00
5057241,1023483,17,1,12.49,2.50
5057242,1023483,26,1,2.49,0.00
5057243,1023483,21,1,3.99,0.00
5057244,1023483,31,1,3.49,0.00
5057245,1023484,13,1,9.99,0.00
5057246,1023484,28,2,3.49,0.00
5057247,1023485,1,1,11.49,0.00
5057248,1023485,34,2,4.49,0.00
5057249,1023485,19,2,3.99,0.00
5057250,1023485,26,1,2.49,0.00
5057251,1023486,14,1,10.49,0.00
5057252,1023486,3,1,10.49,0.00
5057253,1023486,26,2,2.49,0.00
5057254,1023486,35,3,2.99,0.00
5057255,1023486,30,1,3.29,0.00
5057256,1023487,10,1,10.99,0.00
5057257,1023488,12,1,18.99,0.00
5057258,1023489,1,1,11.49,0.00
5057259,1023489,31,1,3.49,0.00
5057260,1023489,21,1,3.99,0.00
5057261,1023489,28,1,3.49,0.00
5057262,1023490,6,1,12.99,0.00
5057263,1023491,1,1,11.49,0.00
5057264,1023491,29,2,3.49,0.00
5057265,1023491,18,1,5.49,0.00
5057266,1023492,12,1,18.99,0.00
5057267,1023492,30,1,3.29,0.00
5057268,1023492,5,1,13.49,0.00
5057269,1023493,8,1,12.49,0.00
5057270,1023493,4,1,14.99,0.00
5057271,1023494,17,1,12.49,0.00
5057272,1023494,22,1,4.49,0.00
5057273,1023494,30,2,3.29,0.00
5057274,1023494,27,3,2.49,0.00
5057275,1023495,4,1,14.99,0.00
5057276,1023495,31,1,3.49,0.00
5057277,1023496,3,1,10.49,0.00
5057278,1023496,21,1,3.99,0.00
5057279,1023497,5,1,13.49,0.00
5057280,1023497,34,2,4.49,0.00
5057281,1023498,3,2,10.49,0.00
5057282,1023498,26,2,2.49,0.00
5057283,1023498,27,1,2.49,0.00
5057284,1023498,8,1,12.49,0.00
5057285,1023498,21,1,3.99,0.00
5057286,1023499,13,1,9.99,0.00
5057287,1023499,27,1,2.49,0.00
5057288,1023500,13,1,9.99,0.00
5057289,1023500,23,1,3.99,0.00
5057290,1023501,14,1,10.49,0.00
5057291,1023501,20,1,4.49,0.00
5057292,1023501,24,3,3.49,0.00
5057293,1023501,23,1,3.99,0.00
5057294,1023502,7,1,11.99,0.00
5057295,1023502,30,1,3.29,0.00
5057296,1023502,28,1,3.49,0.00
5057297,1023503,8,1,12.49,0.00
5057298,1023503,18,1,5.49,0.00
5057299,1023503,20,2,4.49,0.00
5057300,1023504,3,1,10.49,0.00
5057301,1023504,28,1,3.49,0.00
5057302,1023504,27,2,2.49,0.00
5057303,1023504,33,1,5.49,0.00
5057304,1023504,30,1,3.29,0.00
5057305,1023505,15,1,10.99,0.00
5057306,1023506,17,2,12.49,0.00
5057307,1023506,26,1,2.49,0.00
5057308,1023506,28,1,3.49,0.00
5057309,1023506,21,1,3.99,0.00
5057310,1023507,5,1,13.49,0.00
5057311,1023507,27,1,2.49,0.00
5057312,1023508,10,1,10.99,0.00
5057313,1023509,10,1,10.99,0.00
5057314,1023509,35,1,2.99,0.00
5057315,1023510,6,1,12.99,0.00
5057316,1023510,2,1,11.99,0.00
5057317,1023510,9,1,13.99,0.00
5057318,1023510,26,1,2.49,0.00
5057319,1023510,29,2,3.49,0.00
5057320,1023510,22,1,4.49,0.00
5057321,1023511,5,1,13.49,0.00
5057322,1023511,25,2,6.49,0.00
5057323,1023511,23,1,3.99,0.00
5057324,1023512,4,1,14.99,0.00
5057325,1023512,20,1,4.49,0.00
5057326,1023513,17,1,12.49,0.00
5057327,1023513,18,1,5.49,0.00
5057328,1023513,8,1,12.49,0.00
5057329,1023514,17,1,12.49,0.00
5057330,1023514,34,1,4.49,0.00
5057331,1023514,18,1,5.49,0.00
5057332,1023514,28,1,3.49,0.00
5057333,1023515,17,1,12.49,0.00
5057334,1023515,28,1,3.49,0.00
5057335,1023515,27,1,2.49,0.00
5057336,1023516,15,1,10.99,0.00
5057337,1023516,28,1,3.49,0.00
5057338,1023516,35,1,2.99,0.00
5057339,1023517,7,1,11.99,0.00
5057340,1023517,23,1,3.99,0.00
5057341,1023517,15,1,10.99,0.00
5057342,1023517,29,1,3.49,0.00
5057343,1023518,17,2,12.49,0.00
5057344,1023518,26,1,2.49,0.00
5057345,1023518,28,2,3.49,0.00
5057346,1023519,17,1,12.49,2.50
5057347,1023519,23,2,3.99,0.00
5057348,1023519,30,1,3.29,0.00
5057349,1023520,17,2,12.49,5.00
5057350,1023520,33,1,5.49,0.00
5057351,1023521,1,1,11.49,0.00
5057352,1023521,30,1,3.29,0.00
5057353,1023521,31,1,3.49,0.00
5057354,1023521,26,1,2.49,0.00
5057355,1023522,1,1,11.49,0.00
5057356,1023523,17,1,12.49,0.00
5057357,1023523,19,1,3.99,0.00
5057358,1023523,25,1,6.49,0.00
5057359,1023524,2,2,11.99,0.00
5057360,1023524,27,1,2.49,0.00
5057361,1023524,34,1,4.49,0.00
5057362,1023524,35,1,2.99,0.00
5057363,1023525,9,1,13.99,0.00
5057364,1023525,18,-1,5.49,0.00
5057365,1023526,5,1,13.49,0.00
5057366,1023526,30,1,3.29,0.00
5057367,1023526,20,1,4.49,0.00
5057368,1023527,1,1,11.49,0.00
5057369,1023527,21,1,3.99,0.00
5057370,1023528,7,1,11.99,0.00
5057371,1023528,18,3,5.49,0.00
5057372,1023529,17,1,12.49,0.00
5057373,1023529,18,2,5.49,0.00
5057374,1023530,17,1,12.49,0.00
5057375,1023530,32,1,4.99,0.00
5057376,1023531,3,1,10.49,0.00
5057377,1023532,9,1,13.99,0.00
5057378,1023532,18,1,5.49,0.00
5057379,1023532,22,1,4.49,0.00
5057380,1023533,14,1,10.49,0.00
5057381,1023533,26,2,2.49,0.00
5057382,1023534,17,1,12.49,0.00
5057383,1023535,9,1,13.99,0.00
5057384,1023535,18,1,5.49,0.00
5057385,1023535,20,2,4.49,0.00
5057386,1023535,30,1,3.29,0.00
5057387,1023536,17,1,12.49,0.00
5057388,1023536,32,1,4.99,0.00
5057389,1023536,29,2,3.49,0.00
5057390,1023536,34,1,4.49,0.00
5057391,1023537,14,1,10.49,0.00
5057392,1023537,29,1,3.49,0.00
5057393,1023538,5,1,13.49,0.00
5057394,1023538,25,1,6.49,0.00
5057395,1023539,7,2,11.99,0.00
5057396,1023540,2,1,11.99,0.00
5057397,1023540,26,1,2.49,0.00
5057398,1023540,27,1,2.49,0.00
5057399,1023541,9,1,13.99,0.00
5057400,1023541,2,1,11.99,0.00
5057401,1023541,30,1,3.29,0.00
5057402,1023542,15,1,10.99,0.00
5057403,1023542,19,1,3.99,0.00
5057404,1023543,3,1,10.49,0.00
5057405,1023544,15,2,10.99,0.00
5057406,1023545,17,1,12.49,0.00
5057407,1023545,26,-1,2.49,0.00
5057408,1023545,30,1,3.29,0.00
5057409,1023545,23,1,3.99,0.00
5057410,1023546,9,1,13.99,0.00
5057411,1023546,31,1,3.49,0.00
5057412,1023546,26,1,2.49,0.00
5057413,1023546,28,2,3.49,0.00
5057414,1023546,18,1,5.49,0.00
5057415,1023547,8,1,12.49,0.00
5057416,1023547,21,1,3.99,0.00
5057417,1023547,27,1,2.49,0.00
5057418,1023548,11,1,13.49,0.00
5057419,1023549,17,1,12.49,0.00
5057420,1023549,31,1,3.49,0.00
5057421,1023550,13,2,9.99,0.00
5057422,1023550,26,1,2.49,0.00
5057423,1023551,17,2,12.49,5.00
5057424,1023551,25,2,6.49,0.00
5057425,1023552,1,1,11.49,0.00
5057426,1023553,6,1,12.99,0.00
5057427,1023553,19,1,3.99,0.00
5057428,1023554,17,1,12.49,0.00
5057429,1023554,24,1,3.49,0.00
5057430,1023554,29,1,3.49,0.00
5057431,1023554,23,1,3.99,0.00
5057432,1023555,17,1,12.49,0.00
5057433,1023555,21,2,3.99,0.00
5057434,1023556,17,1,12.49,0.00
5057435,1023556,20,1,4.49,0.00
5057436,1023557,17,1,12.49,0.00
5057437,1023558,10,1,10.99,0.00
5057438,1023558,27,1,2.49,0.00
5057439,1023559,8,1,12.49,0.00
5057440,1023559,18,1,5.49,0.00
5057441,1023560,9,1,13.99,0.00
5057442,1023560,26,1,2.49,0.00
5057443,1023560,17,1,12.49,0.00
5057444,1023560,19,2,3.99,0.00
5057445,1023560,33,1,5.49,0.00
5057446,1023561,3,1,10.49,0.00
5057447,1023561,34,1,4.49,0.00
5057448,1023562,17,2,12.49,0.00
5057449,1023562,23,2,3.99,0.00
5057450,1023562,19,1,3.99,0.00
5057451,1023563,9,-2,13.99,0.00
5057452,1023563,27,1,2.49,0.00
5057453,1023564,3,1,10.49,0.00
5057454,1023565,16,1,10.49,0.00
5057455,1023565,27,2,2.49,0.00
5057456,1023566,4,2,14.99,0.00
5057457,1023566,31,1,3.49,0.00
5057458,1023566,24,1,3.49,0.00
5057459,1023566,27,1,2.49,0.00
5057460,1023567,11,1,13.49,0.00
5057461,1023567,28,1,3.49,0.00
5057462,1023568,4,1,14.99,0.00
5057463,1023569,17,1,12.49,0.00
5057464,1023570,14,1,10.49,0.00
5057465,1023570,22,1,4.49,0.00
5057466,1023571,15,1,10.99,0.00
5057467,1023571,30,3,3.29,0.00
5057468,1023571,21,1,3.99,0.00
5057469,1023572,6,1,12.99,0.00
5057470,1023572,28,1,3.49,0.00
5057471,1023573,5,-1,13.49,0.00
5057472,1023573,30,1,3.29,0.00
5057473,1023574,1,1,11.49,0.00
5057474,1023574,18,1,5.49,0.00
5057475,1023575,13,1,9.99,0.00
5057476,1023575,27,1,2.49,0.00
5057477,1023575,29,1,3.49,0.00
5057478,1023575,28,1,3.49,0.00
5057479,1023575,32,1,4.99,0.00
5057480,1023575,19,1,3.99,0.00
5057481,1023576,5,1,13.49,0.00
5057482,1023577,10,1,10.99,0.00
5057483,1023577,35,2,2.99,0.00
5057484,1023577,27,1,2.49,0.00
5057485,1023577,34,1,4.49,0.00
5057486,1023578,5,1,13.49,0.00
5057487,1023578,19,1,3.99,0.00
5057488,1023578,34,1,4.49,0.00
5057489,1023579,5,1,13.49,0.00
5057490,1023579,26,3,2.49,0.00
5057491,1023580,5,1,13.49,0.00
5057492,1023580,31,1,3.49,0.00
5057493,1023581,17,1,12.49,0.00
5057494,1023582,5,1,13.49,0.00
5057495,1023582,19,1,3.99,0.00
5057496,1023583,1,2,11.49,0.00
5057497,1023583,21,1,3.99,0.00
5057498,1023584,17,3,12.49,0.00
5057499,1023584,14,1,10.49,0.00
5057500,1023585,13,1,9.99,0.00
5057501,1023585,22,1,4.49,0.00
5057502,1023585,25,1,6.49,0.00
5057503,1023586,16,2,10.49,0.00
5057504,1023586,26,1,2.49,0.00
5057505,1023586,22,1,4.49,0.00
5057506,1023587,8,1,12.49,0.00
5057507,1023587,26,1,2.49,0.00
5057508,1023588,17,1,12.49,0.00
5057509,1023588,29,2,3.49,0.00
5057510,1023588,26,1,2.49,0.00
5057511,1023589,5,1,13.49,0.00
5057512,1023590,8,1,12.49,0.00
5057513,1023590,25,1,6.49,0.00
5057514,1023590,24,1,3.49,0.00
5057515,1023591,17,1,12.49,0.00
5057516,1023591,25,1,6.49,0.00
5057517,1023591,20,1,4.49,0.00
5057518,1023591,14,1,10.49,0.00
5057519,1023591,2,1,11.99,0.00
5057520,1023592,1,2,11.49,0.00
5057521,1023592,31,1,3.49,0.00
5057522,1023592,26,1,2.49,0.00
5057523,1023593,10,1,10.99,0.00
5057524,1023593,26,5,2.49,0.00
5057525,1023593,27,1,2.49,0.00
5057526,1023594,3,1,10.49,0.00
5057527,1023594,13,1,9.99,0.00
5057528,1023594,26,1,2.49,0.00
5057529,1023595,17,1,12.49,0.00
5057530,1023595,30,2,3.29,0.00
5057531,1023595,28,2,3.49,0.00
5057532,1023595,19,1,3.99,0.00
5057533,1023596,17,1,12.49,2.50
5057534,1023596,19,1,3.99,0.00
5057535,1023597,17,1,12.49,0.00
5057536,1023597,31,2,3.49,0.00
5057537,1023598,12,1,18.99,0.00
5057538,1023598,26,1,2.49,0.00
5057539,1023598,31,2,3.49,0.00
5057540,1023599,6,2,12.99,0.00
5057541,1023599,24,2,3.49,0.00
5057542,1023600,2,1,11.99,0.00
5057543,1023600,30,1,3.29,0.00
5057544,1023601,17,1,12.49,0.00
5057545,1023601,33,1,5.49,0.00
5057546,1023601,30,2,3.29,0.00
5057547,1023602,9,1,13.99,0.00
5057548,1023602,29,1,3.49,0.00
5057549,1023603,10,1,10.99,0.00
5057550,1023604,12,1,18.99,0.00
5057551,1023604,18,1,5.49,0.00
5057552,1023604,19,1,3.99,0.00
5057553,1023604,21,1,3.99,0.00
5057554,1023605,16,1,10.49,0.00
5057555,1023606,10,1,10.99,0.00
5057556,1023606,32,1,4.99,0.00
5057557,1023607,7,1,11.99,0.00
5057558,1023607,27,2,2.49,0.00
5057559,1023607,8,1,12.49,0.00
5057560,1023608,17,1,12.49,0.00
5057561,1023608,19,2,3.99,0.00
5057562,1023608,18,1,5.49,0.00
5057563,1023608,35,1,2.99,0.00
5057564,1023608,28,1,3.49,0.00
5057565,1023608,29,1,3.49,0.00
5057566,1023609,3,1,10.49,0.00
5057567,1023609,30,1,3.29,0.00
5057568,1023609,26,1,2.49,0.00
5057569,1023609,15,1,10.99,0.00
5057570,1023610,2,1,11.99,0.00
5057571,1023610,25,1,6.49,0.00
5057572,1023610,32,1,4.99,0.00
5057573,1023611,17,1,12.49,2.50
5057574,1023611,19,1,3.99,0.00
5057575,1023612,3,1,10.49,0.00
5057576,1023612,18,1,5.49,0.00
5057577,1023613,9,1,13.99,0.00
5057578,1023614,6,1,12.99,0.00
5057579,1023614,17,1,12.49,0.00
5057580,1023614,8,1,12.49,0.00
5057581,1023615,5,1,13.49,0.00
5057582,1023615,29,1,3.49,0.00
5057583,1023615,27,1,2.49,0.00
5057584,1023615,21,1,3.99,0.00
5057585,1023615,26,1,2.49,0.00
5057586,1023615,31,1,3.49,0.00
5057587,1023616,3,1,10.49,0.00
5057588,1023616,25,2,6.49,0.00
5057589,1023617,13,1,9.99,0.00
5057590,1023617,24,1,3.49,0.00
5057591,1023617,30,1,3.29,0.00
5057592,1023617,21,1,3.99,0.00
5057593,1023617,23,1,3.99,0.00
5057594,1023618,9,2,13.99,0.00
5057595,1023619,13,1,9.99,0.00
5057596,1023620,5,2,13.49,0.00
5057597,1023620,29,1,3.49,0.00
5057598,1023620,30,1,3.29,0.00
5057599,1023621,17,1,12.49,2.50
5057600,1023621,25,2,6.49,0.00
5057601,1023622,17,1,12.49,0.00
5057602,1023622,21,1,3.99,0.00
5057603,1023623,17,1,12.49,0.00
5057604,1023623,33,1,5.49,0.00
5057605,1023623,30,2,3.29,0.00
5057606,1023624,17,1,12.49,0.00
5057607,1023624,18,1,5.49,0.00
5057608,1023625,1,1,11.49,0.00
5057609,1023625,21,1,3.99,0.00
5057610,1023625,27,1,2.49,0.00
5057611,1023626,17,-1,12.49,0.00
5057612,1023626,34,2,4.49,0.00
5057613,1023626,27,1,2.49,0.00
5057614,1023626,33,2,5.49,0.00
5057615,1023626,20,-1,4.49,0.00
5057616,1023626,30,1,3.29,0.00
5057617,1023627,11,1,13.49,0.00
5057618,1023628,3,1,10.49,0.00
5057619,1023628,19,1,3.99,0.00
5057620,1023629,2,1,11.99,0.00
5057621,1023629,30,1,3.29,0.00
5057622,1023629,26,1,2.49,0.00
5057623,1023630,14,1,10.49,0.00
5057624,1023630,27,1,2.49,0.00
5057625,1023631,17,1,12.49,0.00
5057626,1023631,10,1,10.99,0.00
5057627,1023632,6,1,12.99,0.00
5057628,1023632,20,1,4.49,0.00
5057629,1023632,32,1,4.99,0.00
5057630,1023633,1,1,11.49,0.00
5057631,1023633,27,1,2.49,0.00
5057632,1023633,20,2,4.49,0.00
5057633,1023633,25,1,6.49,0.00
5057634,1023633,26,3,2.49,0.00
5057635,1023634,17,1,12.49,2.50
5057636,1023634,35,1,2.99,0.00
5057637,1023635,6,1,12.99,0.00
5057638,1023636,17,1,12.49,0.00
5057639,1023636,21,1,3.99,0.00
5057640,1023637,1,1,11.49,0.00
5057641,1023637,26,1,2.49,0.00
5057642,1023637,20,1,4.49,0.00
5057643,1023637,21,1,3.99,0.00
5057644,1023637,19,1,3.99,0.00
5057645,1023638,17,1,12.49,0.00
5057646,1023638,28,1,3.49,0.00
5057647,1023638,22,1,4.49,0.00
5057648,1023639,17,3,12.49,0.00
5057649,1023639,29,1,3.49,0.00
5057650,1023640,17,1,12.49,0.00
5057651,1023640,30,1,3.29,0.00
5057652,1023641,8,1,12.49,0.00
5057653,1023641,21,1,3.99,0.00
5057654,1023641,17,1,12.49,0.00
5057655,1023642,1,2,11.49,0.00
5057656,1023642,33,2,5.49,0.00
5057657,1023643,14,1,10.49,0.00
5057658,1023643,24,1,3.49,0.00
5057659,1023643,27,1,2.49,0.00
5057660,1023644,8,1,12.49,0.00
5057661,1023645,8,0,12.49,0.00
5057662,1023645,18,1,5.49,0.00
5057663,1023645,28,1,3.49,0.00
5057664,1023645,29,1,3.49,0.00
5057665,1023645,30,2,3.29,0.00
5057666,1023646,4,1,14.99,0.00
5057667,1023646,33,1,5.49,0.00
5057668,1023646,18,3,5.49,0.00
5057669,1023646,26,1,2.49,0.00
5057670,1023647,10,1,10.99,0.00
5057671,1023647,23,1,3.99,0.00
5057672,1023647,18,1,5.49,0.00
5057673,1023647,29,1,3.49,0.00
5057674,1023648,1,1,11.49,0.00
5057675,1023649,17,1,12.49,0.00
5057676,1023649,24,1,3.49,0.00
5057677,1023649,32,2,4.99,0.00
5057678,1023649,29,1,3.49,0.00
5057679,1023650,17,1,12.49,0.00
5057680,1023651,4,1,14.99,0.00
5057681,1023651,21,2,3.99,0.00
5057682,1023651,24,1,3.49,0.00
5057683,1023652,1,1,11.49,0.00
5057684,1023652,22,1,4.49,0.00
5057685,1023653,16,1,10.49,0.00
5057686,1023653,5,1,13.49,0.00
5057687,1023654,2,1,11.99,0.00
5057688,1023655,17,1,12.49,2.50
5057689,1023655,21,2,3.99,0.00
5057690,1023655,19,1,3.99,0.00
5057691,1023656,17,1,12.49,0.00
5057692,1023657,14,1,10.49,0.00
5057693,1023658,17,2,12.49,5.00
5057694,1023658,28,1,3.49,0.00
5057695,1023658,3,1,10.49,0.00
5057696,1023658,23,2,3.99,0.00
5057697,1023659,17,1,12.49,0.00
5057698,1023659,22,1,4.49,0.00
5057699,1023660,3,2,10.49,0.00
5057700,1023660,29,1,3.49,0.00
5057701,1023660,16,2,10.49,0.00
5057702,1023660,26,1,2.49,0.00
5057703,1023661,17,-1,12.49,0.00
5057704,1023661,32,2,4.99,0.00
5057705,1023661,21,1,3.99,0.00
5057706,1023661,18,1,5.49,0.00
5057707,1023662,8,1,12.49,0.00
5057708,1023662,30,1,3.29,0.00
5057709,1023662,19,2,3.99,0.00
5057710,1023662,26,1,2.49,0.00
5057711,1023663,13,1,9.99,0.00
5057712,1023663,27,1,2.49,0.00
5057713,1023663,22,1,4.49,0.00
5057714,1023663,32,1,4.99,0.00
5057715,1023664,17,1,12.49,0.00
5057716,1023665,6,1,12.99,0.00
5057717,1023665,19,2,3.99,0.00
5057718,1023666,3,1,10.49,0.00
5057719,1023666,24,1,3.49,0.00
5057720,1023666,27,1,2.49,0.00
5057721,1023666,32,3,4.99,0.00
5057722,1023667,3,1,10.49,0.00
5057723,1023668,8,1,12.49,0.00
5057724,1023669,2,1,11.99,0.00
5057725,1023669,26,1,2.49,0.00
5057726,1023669,28,1,3.49,0.00
5057727,1023669,19,-1,3.99,0.00
5057728,1023670,17,1,12.49,0.00
5057729,1023670,31,2,3.49,0.00
5057730,1023671,2,1,11.99,0.00
5057731,1023671,33,1,5.49,0.00
5057732,1023672,13,1,9.99,0.00
5057733,1023672,23,2,3.99,0.00
5057734,1023673,2,1,11.99,0.00
5057735,1023674,17,3,12.49,0.00
5057736,1023675,10,1,10.99,0.00
5057737,1023676,17,1,12.49,2.50
5057738,1023676,27,1,2.49,0.00
5057739,1023676,28,1,3.49,0.00
5057740,1023676,35,3,2.99,0.00
5057741,1023676,32,1,4.99,0.00
5057742,1023676,26,0,2.49,0.00
5057743,1023677,3,2,10.49,0.00
5057744,1023677,21,1,3.99,0.00
5057745,1023678,3,2,10.49,0.00
5057746,1023678,28,2,3.49,0.00
5057747,1023678,34,2,4.49,0.00
5057748,1023678,18,2,5.49,0.00
5057749,1023679,3,3,10.49,0.00
5057750,1023679,35,1,2.99,0.00
5057751,1023680,3,1,10.49,0.00
5057752,1023680,27,2,2.49,0.00
5057753,1023680,13,1,9.99,0.00
5057754,1023680,19,1,3.99,0.00
5057755,1023681,17,2,12.49,0.00
5057756,1023681,19,1,3.99,0.00
5057757,1023681,31,1,3.49,0.00
5057758,1023682,1,1,11.49,0.00
5057759,1023682,22,1,4.49,0.00
5057760,1023682,28,1,3.49,0.00
5057761,1023683,12,1,18.99,0.00
5057762,1023683,26,2,2.49,0.00
5057763,1023684,7,1,11.99,0.00
5057764,1023684,23,1,3.99,0.00
5057765,1023684,27,1,2.49,0.00
5057766,1023685,17,2,12.49,0.00
5057767,1023685,18,1,5.49,0.00
5057768,1023685,24,1,3.49,0.00
5057769,1023685,34,1,4.49,0.00
5057770,1023685,32,2,4.99,0.00
5057771,1023686,14,1,10.49,0.00
5057772,1023686,27,1,2.49,0.00
5057773,1023686,22,2,4.49,0.00
5057774,1023686,24,1,3.49,0.00
5057775,1023686,21,1,3.99,0.00
5057776,1023687,10,1,10.99,0.00
5057777,1023687,24,2,3.49,0.00
5057778,1023688,17,3,12.49,0.00
5057779,1023688,19,2,3.99,0.00
5057780,1023688,27,1,2.49,0.00
5057781,1023689,9,2,13.99,0.00
5057782,1023689,24,1,3.49,0.00
5057783,1023690,3,1,10.49,0.00
5057784,1023690,32,1,4.99,0.00
5057785,1023690,1,1,11.49,0.00
5057786,1023691,4,2,14.99,5.00
5057787,1023691,15,1,10.99,0.00
5057788,1023692,3,1,10.49,0.00
5057789,1023692,28,1,3.49,0.00
5057790,1023693,4,1,14.99,5.00
5057791,1023693,25,1,6.49,0.00
5057792,1023694,11,1,13.49,0.00
5057793,1023695,17,1,12.49,0.00
5057794,1023695,22,1,4.49,0.00
5057795,1023696,17,1,12.49,2.50
5057796,1023696,9,1,13.99,0.00
5057797,1023696,27,2,2.49,0.00
5057798,1023697,4,1,14.99,5.00
5057799,1023697,21,2,3.99,0.00
5057800,1023698,16,1,10.49,0.00
5057801,1023698,26,1,2.49,0.00
5057802,1023698,19,1,3.99,0.00
5057803,1023699,10,1,10.99,0.00
5057804,1023699,30,1,3.29,0.00
5057805,1023699,32,1,4.99,0.00
5057806,1023700,17,1,12.49,0.00
5057807,1023700,8,1,12.49,0.00
5057808,1023700,22,1,4.49,0.00
5057809,1023701,11,1,13.49,0.00
5057810,1023701,19,1,3.99,0.00
5057811,1023701,34,2,4.49,0.00
5057812,1023702,11,1,13.49,0.00
5057813,1023703,17,1,12.49,2.50
5057814,1023703,23,1,3.99,0.00
5057815,1023704,12,1,18.99,5.00
5057816,1023704,27,4,2.49,0.00
5057817,1023705,5,1,13.49,0.00
5057818,1023705,19,1,3.99,0.00
5057819,1023705,24,2,3.49,0.00
5057820,1023705,23,1,3.99,0.00
5057821,1023705,7,1,11.99,0.00
5057822,1023706,4,2,14.99,5.00
5057823,1023706,31,1,3.49,0.00
5057824,1023707,17,1,12.49,2.50
5057825,1023707,30,1,3.29,0.00
5057826,1023707,23,1,3.99,0.00
5057827,1023708,13,1,9.99,0.00
5057828,1023708,34,1,4.49,0.00
5057829,1023708,31,2,3.49,0.00
5057830,1023708,25,1,6.49,0.00
5057831,1023708,19,1,3.99,0.00
5057832,1023709,5,1,13.49,0.00
5057833,1023709,26,1,2.49,0.00
5057834,1023709,27,1,2.49,0.00
5057835,1023710,2,3,11.99,0.00
5057836,1023710,20,1,4.49,0.00
5057837,1023710,27,1,2.49,0.00
5057838,1023710,19,1,3.99,0.00
5057839,1023711,7,1,11.99,0.00
5057840,1023712,17,2,12.49,0.00
5057841,1023712,34,3,4.49,0.00
5057842,1023713,4,1,14.99,5.00
5057843,1023713,28,1,3.49,0.00
5057844,1023713,22,1,4.49,0.00
5057845,1023714,12,1,18.99,0.00
5057846,1023715,8,1,12.49,0.00
5057847,1023715,35,1,2.99,0.00
5057848,1023716,11,1,13.49,0.00
5057849,1023716,26,2,2.49,0.00
5057850,1023716,25,1,6.49,0.00
5057851,1023716,2,1,11.99,0.00
5057852,1023716,19,1,3.99,0.00
5057853,1023717,7,1,11.99,0.00
5057854,1023717,18,1,5.49,0.00
5057855,1023717,21,1,3.99,0.00
5057856,1023717,20,1,4.49,0.00
5057857,1023718,14,1,10.49,0.00
5057858,1023718,18,1,5.49,0.00
5057859,1023719,12,2,18.99,0.00
5057860,1023720,17,1,12.49,0.00
5057861,1023720,30,1,3.29,0.00
5057862,1023721,2,1,11.99,0.00
5057863,1023721,23,1,3.99,0.00
5057864,1023721,28,1,3.49,0.00
5057865,1023721,27,1,2.49,0.00
5057866,1023722,4,1,14.99,0.00
5057867,1023722,25,1,6.49,0.00
5057868,1023722,17,1,12.49,0.00
5057869,1023722,30,2,3.29,0.00
5057870,1023722,20,2,4.49,0.00
5057871,1023723,12,1,18.99,5.00
5057872,1023723,17,1,12.49,0.00
5057873,1023724,6,1,12.99,0.00
5057874,1023724,33,1,5.49,0.00
5057875,1023725,14,1,10.49,0.00
5057876,1023725,27,1,2.49,0.00
5057877,1023726,17,2,12.49,0.00
5057878,1023726,27,1,2.49,0.00
5057879,1023726,21,1,3.99,0.00
5057880,1023726,34,1,4.49,0.00
5057881,1023727,14,1,10.49,0.00
5057882,1023728,8,1,12.49,0.00
5057883,1023728,26,1,2.49,0.00
5057884,1023729,17,1,12.49,0.00
5057885,1023729,19,1,3.99,0.00
5057886,1023729,28,1,3.49,0.00
5057887,1023730,7,2,11.99,0.00
5057888,1023730,21,1,3.99,0.00
5057889,1023731,4,1,14.99,5.00
5057890,1023731,23,1,3.99,0.00
5057891,1023732,12,1,18.99,5.00
5057892,1023732,33,1,5.49,0.00
5057893,1023732,22,1,4.49,0.00
5057894,1023733,17,1,12.49,2.50
5057895,1023734,7,1,11.99,0.00
5057896,1023734,18,2,5.49,0.00
5057897,1023734,26,1,2.49,0.00
5057898,1023734,32,1,4.99,0.00
5057899,1023735,11,1,13.49,0.00
5057900,1023735,21,1,3.99,0.00
5057901,1023736,17,1,12.49,2.50
5057902,1023736,22,1,4.49,0.00
5057903,1023736,26,1,2.49,0.00
5057904,1023737,5,1,13.49,0.00
5057905,1023738,7,1,11.99,0.00
5057906,1023739,1,1,11.49,0.00
5057907,1023740,4,1,14.99,0.00
5057908,1023740,18,2,5.49,0.00
5057909,1023740,28,1,3.49,0.00
5057910,1023741,1,1,11.49,0.00
5057911,1023741,20,2,4.49,0.00
5057912,1023741,27,1,2.49,0.00
5057913,1023742,2,1,11.99,0.00
5057914,1023742,23,1,3.99,0.00
5057915,1023742,19,1,3.99,0.00
5057916,1023743,8,1,12.49,0.00
5057917,1023743,25,1,6.49,0.00
5057918,1023743,27,2,2.49,0.00
5057919,1023744,17,1,12.49,2.50
5057920,1023744,22,1,4.49,0.00
5057921,1023744,18,1,5.49,0.00
5057922,1023745,17,1,12.49,2.50
5057923,1023745,30,1,3.29,0.00
5057924,1023745,20,1,4.49,0.00
5057925,1023746,12,1,18.99,5.00
5057926,1023746,21,1,3.99,0.00
5057927,1023746,27,1,2.49,0.00
5057928,1023746,29,3,3.49,0.00
5057929,1023747,5,2,13.49,0.00
5057930,1023747,24,1,3.49,0.00
5057931,1023747,22,1,4.49,0.00
5057932,1023748,4,1,14.99,5.00
5057933,1023748,23,1,3.99,0.00
5057934,1023749,6,1,12.99,0.00
5057935,1023749,17,1,12.49,0.00
5057936,1023750,17,1,12.49,0.00
5057937,1023750,28,1,3.49,0.00
5057938,1023750,34,1,4.49,0.00
5057939,1023750,2,1,11.99,0.00
5057940,1023751,17,1,12.49,0.00
5057941,1023751,34,1,4.49,0.00
5057942,1023752,17,-2,12.49,0.00
5057943,1023753,8,1,12.49,0.00
5057944,1023753,20,1,4.49,0.00
5057945,1023754,15,1,10.99,0.00
5057946,1023754,33,3,5.49,0.00
5057947,1023754,20,1,4.49,0.00
5057948,1023754,26,1,2.49,0.00
5057949,1023755,15,1,10.99,0.00
5057950,1023755,32,1,4.99,0.00
5057951,1023755,19,1,3.99,0.00
5057952,1023756,17,2,12.49,0.00
5057953,1023756,30,1,3.29,0.00
5057954,1023757,14,1,10.49,0.00
5057955,1023757,13,1,9.99,0.00
5057956,1023757,20,1,4.49,0.00
5057957,1023757,21,2,3.99,0.00
5057958,1023758,12,1,18.99,5.00
5057959,1023758,25,1,6.49,0.00
5057960,1023759,17,1,12.49,0.00
5057961,1023759,21,1,3.99,0.00
5057962,1023759,33,1,5.49,0.00
5057963,1023760,2,1,11.99,0.00
5057964,1023760,21,2,3.99,0.00
5057965,1023761,16,1,10.49,0.00
5057966,1023761,22,1,4.49,0.00
5057967,1023761,30,1,3.29,0.00
5057968,1023761,34,1,4.49,0.00
5057969,1023762,13,1,9.99,0.00
5057970,1023763,3,1,10.49,0.00
5057971,1023763,32,1,4.99,0.00
5057972,1023763,27,1,2.49,0.00
5057973,1023763,24,1,3.49,0.00
5057974,1023764,13,1,9.99,0.00
5057975,1023764,28,1,3.49,0.00
5057976,1023764,27,-1,2.49,0.00
5057977,1023764,26,3,2.49,0.00
5057978,1023765,4,1,14.99,5.00
5057979,1023765,31,1,3.49,0.00
5057980,1023765,27,1,2.49,0.00
5057981,1023766,17,2,12.49,0.00
5057982,1023766,26,1,2.49,0.00
5057983,1023767,8,1,12.49,0.00
5057984,1023767,18,1,5.49,0.00
5057985,1023768,4,1,14.99,5.00
5057986,1023768,34,1,4.49,0.00
5057987,1023768,20,1,4.49,0.00
5057988,1023769,17,1,12.49,2.50
5057989,1023769,27,1,2.49,0.00
5057990,1023769,23,1,3.99,0.00
5057991,1023770,15,1,10.99,0.00
5057992,1023770,28,1,3.49,0.00
5057993,1023771,17,1,12.49,0.00
5057994,1023771,20,1,4.49,0.00
5057995,1023772,8,2,12.49,0.00
5057996,1023772,26,1,2.49,0.00
5057997,1023773,1,1,11.49,0.00
5057998,1023773,29,2,3.49,0.00
5057999,1023773,19,1,3.99,0.00
5058000,1023774,11,1,13.49,0.00
5058001,1023774,32,2,4.99,0.00
5058002,1023775,7,1,11.99,0.00
5058003,1023775,26,1,2.49,0.00
5058004,1023776,17,1,12.49,0.00
5058005,1023776,27,1,2.49,0.00
5058006,1023776,18,1,5.49,0.00
5058007,1023776,20,1,4.49,0.00
5058008,1023777,17,1,12.49,0.00
5058009,1023778,17,1,12.49,0.00
5058010,1023778,13,1,9.99,0.00
5058011,1023778,18,2,5.49,0.00
5058012,1023779,4,3,14.99,0.00
5058013,1023779,32,1,4.99,0.00
5058014,1023779,33,1,5.49,0.00
5058015,1023780,12,1,18.99,0.00
5058016,1023780,29,1,3.49,0.00
5058017,1023780,27,1,2.49,0.00
5058018,1023780,31,1,3.49,0.00
5058019,1023781,17,1,12.49,0.00
5058020,1023781,22,2,4.49,0.00
5058021,1023781,28,1,3.49,0.00
5058022,1023782,12,1,18.99,0.00
5058023,1023782,33,1,5.49,0.00
5058024,1023782,27,1,2.49,0.00
5058025,1023782,26,1,2.49,0.00
5058026,1023783,12,1,18.99,5.00
5058027,1023784,17,1,12.49,0.00
5058028,1023784,27,1,2.49,0.00
5058029,1023784,26,3,2.49,0.00
5058030,1023785,14,1,10.49,0.00
5058031,1023785,18,1,5.49,0.00
5058032,1023786,10,1,10.99,0.00
5058033,1023786,28,1,3.49,0.00
5058034,1023786,30,1,3.29,0.00
5058035,1023786,15,1,10.99,0.00
5058036,1023786,3,1,10.49,0.00
5058037,1023787,12,1,18.99,5.00
5058038,1023787,19,1,3.99,0.00
5058039,1023788,8,1,12.49,0.00
5058040,1023788,3,1,10.49,0.00
5058041,1023789,2,3,11.99,0.00
5058042,1023789,34,1,4.49,0.00
5058043,1023789,21,1,3.99,0.00
5058044,1023790,17,1,12.49,0.00
5058045,1023790,31,1,3.49,0.00
5058046,1023790,19,1,3.99,0.00
5058047,1023791,5,-2,13.49,0.00
5058048,1023791,8,1,12.49,0.00
5058049,1023792,1,1,11.49,0.00
5058050,1023792,18,1,5.49,0.00
5058051,1023793,7,1,11.99,0.00
5058052,1023794,8,1,12.49,0.00
5058053,1023794,29,3,3.49,0.00
5058054,1023794,20,1,4.49,0.00
5058055,1023795,4,-1,14.99,5.00
5058056,1023795,22,1,4.49,0.00
5058057,1023796,11,1,13.49,0.00
5058058,1023796,24,1,3.49,0.00
5058059,1023796,27,1,2.49,0.00
5058060,1023797,6,1,12.99,0.00
5058061,1023798,11,1,13.49,0.00
5058062,1023798,26,2,2.49,0.00
5058063,1023798,28,1,3.49,0.00
5058064,1023798,24,1,3.49,0.00
5058065,1023799,15,2,10.99,0.00
5058066,1023799,19,1,3.99,0.00
5058067,1023799,30,1,3.29,0.00
5058068,1023800,11,1,13.49,0.00
5058069,1023800,18,1,5.49,0.00
5058070,1023801,1,1,11.49,0.00
5058071,1023802,17,1,12.49,0.00
5058072,1023803,17,1,12.49,0.00
5058073,1023804,3,1,10.49,0.00
5058074,1023804,19,1,3.99,0.00
5058075,1023805,10,1,10.99,0.00
5058076,1023805,7,1,11.99,0.00
5058077,1023805,27,1,2.49,0.00
5058078,1023806,15,1,10.99,0.00
5058079,1023806,26,2,2.49,0.00
5058080,1023806,20,1,4.49,0.00
5058081,1023807,3,1,10.49,0.00
5058082,1023807,18,1,5.49,0.00
5058083,1023808,6,2,12.99,0.00
5058084,1023809,4,1,14.99,0.00
5058085,1023810,17,2,12.49,0.00
5058086,1023810,20,1,4.49,0.00
5058087,1023810,19,1,3.99,0.00
5058088,1023810,31,1,3.49,0.00
5058089,1023811,17,2,12.49,0.00
5058090,1023811,18,1,5.49,0.00
5058091,1023812,17,1,12.49,0.00
5058092,1023812,30,1,3.29,0.00
5058093,1023812,26,2,2.49,0.00
5058094,1023813,11,1,13.49,0.00
5058095,1023814,8,1,12.49,0.00
5058096,1023814,18,2,5.49,0.00
5058097,1023814,25,1,6.49,0.00
5058098,1023815,12,1,18.99,5.00
5058099,1023815,26,1,2.49,0.00
5058100,1023815,28,1,3.49,0.00
5058101,1023816,10,1,10.99,0.00
5058102,1023816,19,1,3.99,0.00
5058103,1023816,29,1,3.49,0.00
5058104,1023816,28,2,3.49,0.00
5058105,1023817,11,1,13.49,0.00
5058106,1023817,33,1,5.49,0.00
5058107,1023817,26,1,2.49,0.00
5058108,1023817,24,1,3.49,0.00
5058109,1023817,34,1,4.49,0.00
5058110,1023818,10,1,10.99,0.00
5058111,1023818,19,1,3.99,0.00
5058112,1023819,17,1,12.49,0.00
5058113,1023819,30,1,3.29,0.00
5058114,1023820,5,1,13.49,0.00
5058115,1023820,26,1,2.49,0.00
5058116,1023820,30,1,3.29,0.00
5058117,1023821,17,1,12.49,0.00
5058118,1023821,21,3,3.99,0.00
5058119,1023821,18,1,5.49,0.00
5058120,1023822,12,2,18.99,5.00
5058121,1023822,30,1,3.29,0.00
5058122,1023823,17,2,12.49,0.00
5058123,1023824,13,1,9.99,0.00
5058124,1023824,29,1,3.49,0.00
5058125,1023824,25,1,6.49,0.00
5058126,1023824,26,1,2.49,0.00
5058127,1023824,21,2,3.99,0.00
5058128,1023825,1,1,11.49,0.00
5058129,1023825,25,1,6.49,0.00
5058130,1023825,35,1,2.99,0.00
5058131,1023825,27,1,2.49,0.00
5058132,1023825,26,1,2.49,0.00
5058133,1023826,14,1,10.49,0.00
5058134,1023827,3,1,10.49,0.00
5058135,1023828,1,1,11.49,0.00
5058136,1023828,24,1,3.49,0.00
5058137,1023829,17,1,12.49,2.50
5058138,1023829,2,1,11.99,0.00
5058139,1023830,11,1,13.49,0.00
5058140,1023830,28,1,3.49,0.00
5058141,1023831,1,1,11.49,0.00
5058142,1023831,28,1,3.49,0.00
5058143,1023831,29,1,3.49,0.00
5058144,1023831,18,1,5.49,0.00
5058145,1023832,2,1,11.99,0.00
5058146,1023832,23,1,3.99,0.00
5058147,1023832,35,1,2.99,0.00
5058148,1023833,17,1,12.49,0.00
5058149,1023833,34,2,4.49,0.00
5058150,1023834,12,1,18.99,5.00
5058151,1023834,28,2,3.49,0.00
5058152,1023835,4,1,14.99,5.00
5058153,1023836,4,1,14.99,5.00
5058154,1023836,29,2,3.49,0.00
5058155,1023836,25,1,6.49,0.00
5058156,1023837,14,2,10.49,0.00
5058157,1023838,17,1,12.49,0.00
5058158,1023838,30,1,3.29,0.00
5058159,1023839,11,1,13.49,0.00
5058160,1023839,5,1,13.49,0.00
5058161,1023839,30,2,3.29,0.00
5058162,1023840,14,1,10.49,0.00
5058163,1023840,29,1,3.49,0.00
5058164,1023841,7,1,11.99,0.00
5058165,1023841,33,1,5.49,0.00
5058166,1023841,21,1,3.99,0.00
5058167,1023842,8,1,12.49,0.00
5058168,1023843,13,1,9.99,0.00
5058169,1023843,25,1,6.49,0.00
5058170,1023844,13,3,9.99,0.00
5058171,1023844,6,1,12.99,0.00
5058172,1023845,12,1,18.99,5.00
5058173,1023845,8,1,12.49,0.00
5058174,1023845,24,2,3.49,0.00
5058175,1023845,11,2,13.49,0.00
5058176,1023845,35,1,2.99,0.00
5058177,1023846,17,1,12.49,0.00
5058178,1023847,17,1,12.49,0.00
5058179,1023847,21,2,3.99,0.00
5058180,1023847,34,2,4.49,0.00
5058181,1023848,17,1,12.49,2.50
5058182,1023848,31,1,3.49,0.00
5058183,1023848,30,2,3.29,0.00
5058184,1023848,24,1,3.49,0.00
5058185,1023848,27,3,2.49,0.00
5058186,1023849,12,1,18.99,5.00
5058187,1023849,19,1,3.99,0.00
5058188,1023850,17,1,12.49,2.50
5058189,1023850,25,1,6.49,0.00
5058190,1023851,9,1,13.99,0.00
5058191,1023851,32,1,4.99,0.00
5058192,1023852,17,1,12.49,0.00
5058193,1023853,17,1,12.49,0.00
5058194,1023853,29,1,3.49,0.00
5058195,1023853,26,1,2.49,0.00
5058196,1023854,2,1,11.99,0.00
5058197,1023854,31,1,3.49,0.00
5058198,1023855,2,2,11.99,0.00
5058199,1023856,12,1,18.99,5.00
5058200,1023856,21,1,3.99,0.00
5058201,1023856,30,1,3.29,0.00
5058202,1023856,31,1,3.49,0.00
5058203,1023857,12,1,18.99,5.00
5058204,1023857,2,1,11.99,0.00
5058205,1023857,27,2,2.49,0.00
5058206,1023857,26,1,2.49,0.00
5058207,1023857,22,1,4.49,0.00
5058208,1023858,7,1,11.99,0.00
5058209,1023858,21,1,3.99,0.00
5058210,1023859,13,2,9.99,0.00
5058211,1023859,33,1,5.49,0.00
5058212,1023859,14,1,10.49,0.00
5058213,1023860,2,1,11.99,0.00
5058214,1023861,12,1,18.99,5.00
5058215,1023861,18,1,5.49,0.00
5058216,1023862,8,1,12.49,0.00
5058217,1023862,26,1,2.49,0.00
5058218,1023862,7,1,11.99,0.00
5058219,1023863,17,1,12.49,0.00
5058220,1023863,27,1,2.49,0.00
5058221,1023863,23,1,3.99,0.00
5058222,1023864,4,3,14.99,5.00
5058223,1023864,23,2,3.99,0.00
5058224,1023864,14,1,10.49,0.00
5058225,1023865,15,1,10.99,0.00
5058226,1023865,17,1,12.49,0.00
5058227,1023865,21,1,3.99,0.00
5058228,1023866,17,1,12.49,0.00
5058229,1023866,23,1,3.99,0.00
5058230,1023867,12,1,18.99,0.00
5058231,1023867,33,1,5.49,0.00
5058232,1023867,26,1,2.49,0.00
5058233,1023868,11,1,13.49,0.00
5058234,1023868,23,1,3.99,0.00
5058235,1023868,19,1,3.99,0.00
5058236,1023868,30,2,3.29,0.00
5058237,1023869,7,1,11.99,0.00
5058238,1023870,17,2,12.49,5.00
5058239,1023870,19,1,3.99,0.00
5058240,1023870,28,1,3.49,0.00
5058241,1023871,11,1,13.49,0.00
5058242,1023871,29,1,3.49,0.00
5058243,1023872,13,1,9.99,0.00
5058244,1023873,17,1,12.49,0.00
5058245,1023873,34,2,4.49,0.00
5058246,1023874,17,1,12.49,2.50
5058247,1023874,31,1,3.49,0.00
5058248,1023875,5,1,13.49,0.00
5058249,1023875,19,1,3.99,0.00
5058250,1023876,13,1,9.99,0.00
5058251,1023877,17,1,12.49,2.50
5058252,1023877,26,1,2.49,0.00
5058253,1023877,30,2,3.29,0.00
5058254,1023877,3,3,10.49,0.00
5058255,1023877,19,1,3.99,0.00
5058256,1023878,16,1,10.49,0.00
5058257,1023878,19,1,3.99,0.00
5058258,1023878,18,1,5.49,0.00
5058259,1023879,4,1,14.99,5.00
5058260,1023879,1,1,11.49,0.00
5058261,1023880,17,2,12.49,0.00
5058262,1023880,30,1,3.29,0.00
5058263,1023880,18,2,5.49,0.00
5058264,1023881,8,1,12.49,0.00
5058265,1023882,9,2,13.99,0.00
5058266,1023882,27,1,2.49,0.00
5058267,1023882,18,-1,5.49,0.00
5058268,1023883,5,1,13.49,0.00
5058269,1023883,17,1,12.49,0.00
5058270,1023883,7,1,11.99,0.00
5058271,1023884,14,1,10.49,0.00
5058272,1023884,28,2,3.49,0.00
5058273,1023885,17,3,12.49,0.00
5058274,1023885,29,1,3.49,0.00
5058275,1023885,30,2,3.29,0.00
5058276,1023886,17,2,12.49,0.00
5058277,1023886,19,2,3.99,0.00
5058278,1023886,30,1,3.29,0.00
5058279,1023887,17,1,12.49,0.00
5058280,1023887,26,1,2.49,0.00
5058281,1023887,27,3,2.49,0.00
5058282,1023887,19,3,3.99,0.00
5058283,1023888,4,-2,14.99,5.00
5058284,1023889,6,1,12.99,0.00
5058285,1023889,20,1,4.49,0.00
5058286,1023889,29,1,3.49,0.00
5058287,1023889,27,1,2.49,0.00
5058288,1023890,4,1,14.99,5.00
5058289,1023891,8,1,12.49,0.00
5058290,1023891,17,1,12.49,0.00
5058291,1023891,21,1,3.99,0.00
5058292,1023892,4,1,14.99,5.00
5058293,1023892,30,1,3.29,0.00
5058294,1023893,12,1,18.99,5.00
5058295,1023893,28,1,3.49,0.00
5058296,1023893,29,3,3.49,0.00
5058297,1023893,26,1,2.49,0.00
5058298,1023894,6,2,12.99,0.00
5058299,1023894,29,1,3.49,0.00
5058300,1023895,10,1,10.99,0.00
5058301,1023895,26,1,2.49,0.00
5058302,1023895,19,2,3.99,0.00
5058303,1023896,12,1,18.99,0.00
5058304,1023896,26,1,2.49,0.00
5058305,1023896,23,1,3.99,0.00
5058306,1023897,9,1,13.99,0.00
5058307,1023897,26,1,2.49,0.00
5058308,1023898,6,1,12.99,0.00
5058309,1023898,17,1,12.49,0.00
5058310,1023898,18,1,5.49,0.00
5058311,1023899,7,1,11.99,0.00
5058312,1023900,17,0,12.49,2.50
5058313,1023900,27,1,2.49,0.00
5058314,1023900,21,2,3.99,0.00
5058315,1023900,18,1,5.49,0.00
5058316,1023901,5,1,13.49,0.00
5058317,1023901,27,1,2.49,0.00
5058318,1023901,33,1,5.49,0.00
5058319,1023902,4,1,14.99,5.00
5058320,1023902,28,1,3.49,0.00
5058321,1023903,17,1,12.49,2.50
5058322,1023903,20,1,4.49,0.00
5058323,1023903,15,1,10.99,0.00
5058324,1023903,18,1,5.49,0.00
5058325,1023904,17,1,12.49,2.50
5058326,1023904,26,2,2.49,0.00
5058327,1023904,33,1,5.49,0.00
5058328,1023905,1,1,11.49,0.00
5058329,1023906,17,1,12.49,0.00
5058330,1023906,24,1,3.49,0.00
5058331,1023906,19,1,3.99,0.00
5058332,1023907,17,1,12.49,2.50
5058333,1023908,16,1,10.49,0.00
5058334,1023908,26,2,2.49,0.00
5058335,1023909,7,1,11.99,0.00
5058336,1023909,33,1,5.49,0.00
5058337,1023910,2,2,11.99,0.00
5058338,1023911,8,1,12.49,0.00
5058339,1023911,22,1,4.49,0.00
5058340,1023912,4,1,14.99,5.00
5058341,1023912,21,1,3.99,0.00
5058342,1023912,27,1,2.49,0.00
5058343,1023913,7,2,11.99,0.00
5058344,1023914,1,1,11.49,0.00
5058345,1023914,23,1,3.99,0.00
5058346,1023915,17,3,12.49,7.49
5058347,1023916,15,1,10.99,0.00
5058348,1023916,26,1,2.49,0.00
5058349,1023917,17,1,12.49,0.00
5058350,1023917,20,1,4.49,0.00
5058351,1023917,19,1,3.99,0.00
5058352,1023918,7,1,11.99,0.00
5058353,1023919,17,1,12.49,0.00
5058354,1023919,26,1,2.49,0.00
5058355,1023920,4,2,14.99,5.00
5058356,1023920,2,1,11.99,0.00
5058357,1023921,17,1,12.49,0.00
5058358,1023921,28,1,3.49,0.00
5058359,1023921,26,1,2.49,0.00
5058360,1023921,16,1,10.49,0.00
5058361,1023921,31,1,3.49,0.00
5058362,1023922,17,1,12.49,2.50
5058363,1023922,26,1,2.49,0.00
5058364,1023922,27,1,2.49,0.00
5058365,1023923,17,1,12.49,0.00
5058366,1023923,30,1,3.29,0.00
5058367,1023923,26,1,2.49,0.00
5058368,1023923,27,1,2.49,0.00
5058369,1023924,4,1,14.99,5.00
5058370,1023924,27,1,2.49,0.00
5058371,1023925,15,2,10.99,0.00
5058372,1023925,18,2,5.49,0.00
5058373,1023926,5,1,13.49,0.00
5058374,1023926,33,1,5.49,0.00
5058375,1023926,25,1,6.49,0.00
5058376,1023926,23,1,3.99,0.00
5058377,1023927,2,1,11.99,0.00
5058378,1023927,27,1,2.49,0.00
5058379,1023927,25,1,6.49,0.00
5058380,1023928,17,2,12.49,0.00
5058381,1023928,8,1,12.49,0.00
5058382,1023928,26,2,2.49,0.00
5058383,1023928,27,1,2.49,0.00
5058384,1023929,6,1,12.99,0.00
5058385,1023929,26,1,2.49,0.00
5058386,1023929,29,1,3.49,0.00
5058387,1023929,19,1,3.99,0.00
5058388,1023930,8,1,12.49,0.00
5058389,1023930,20,1,4.49,0.00
5058390,1023930,33,1,5.49,0.00
5058391,1023930,23,1,3.99,0.00
5058392,1023931,3,1,10.49,0.00
5058393,1023931,6,1,12.99,0.00
5058394,1023931,31,1,3.49,0.00
5058395,1023931,28,2,3.49,0.00
5058396,1023932,17,2,12.49,5.00
5058397,1023932,30,1,3.29,0.00
5058398,1023933,17,1,12.49,2.50
5058399,1023933,30,1,3.29,0.00
5058400,1023933,26,2,2.49,0.00
5058401,1023934,6,1,12.99,0.00
5058402,1023934,2,2,11.99,0.00
5058403,1023935,10,1,10.99,0.00
5058404,1023936,4,1,14.99,0.00
5058405,1023936,26,2,2.49,0.00
5058406,1023936,32,1,4.99,0.00
5058407,1023937,1,1,11.49,0.00
5058408,1023937,21,1,3.99,0.00
5058409,1023938,17,2,12.49,0.00
5058410,1023938,35,1,2.99,0.00
5058411,1023938,32,2,4.99,0.00
5058412,1023938,18,1,5.49,0.00
5058413,1023939,1,1,11.49,0.00
5058414,1023939,19,1,3.99,0.00
5058415,1023940,13,1,9.99,0.00
5058416,1023940,27,1,2.49,0.00
5058417,1023941,5,2,13.49,0.00
5058418,1023941,32,1,4.99,0.00
5058419,1023941,33,1,5.49,0.00
5058420,1023942,17,1,12.49,0.00
5058421,1023942,30,1,3.29,0.00
5058422,1023942,31,3,3.49,0.00
5058423,1023943,8,1,12.49,0.00
5058424,1023943,29,1,3.49,0.00
5058425,1023944,8,1,12.49,0.00
5058426,1023944,34,1,4.49,0.00
5058427,1023944,20,1,4.49,0.00
5058428,1023945,2,1,11.99,0.00
5058429,1023946,2,1,11.99,0.00
5058430,1023946,19,1,3.99,0.00
5058431,1023947,2,1,11.99,0.00
5058432,1023947,27,1,2.49,0.00
5058433,1023947,20,1,4.49,0.00
5058434,1023947,33,1,5.49,0.00
5058435,1023948,14,2,10.49,0.00
5058436,1023948,28,1,3.49,0.00
5058437,1023948,18,1,5.49,0.00
5058438,1023949,17,1,12.49,2.50
5058439,1023949,27,1,2.49,0.00
5058440,1023949,26,1,2.49,0.00
5058441,1023950,11,1,13.49,0.00
5058442,1023950,25,1,6.49,0.00
5058443,1023951,17,1,12.49,2.50
5058444,1023952,3,3,10.49,0.00
5058445,1023952,27,1,2.49,0.00
5058446,1023953,2,1,11.99,0.00
5058447,1023953,34,2,4.49,0.00
5058448,1023953,31,2,3.49,0.00
5058449,1023953,23,1,3.99,0.00
5058450,1023954,8,1,12.49,0.00
5058451,1023954,23,1,3.99,0.00
5058452,1023954,21,1,3.99,0.00
5058453,1023955,11,1,13.49,0.00
5058454,1023955,32,1,4.99,0.00
5058455,1023955,20,1,4.49,0.00
5058456,1023956,5,1,13.49,0.00
5058457,1023957,3,1,10.49,0.00
5058458,1023957,26,1,2.49,0.00
5058459,1023957,18,1,5.49,0.00
5058460,1023958,17,1,12.49,0.00
5058461,1023958,33,1,5.49,0.00
5058462,1023958,19,1,3.99,0.00
5058463,1023958,15,1,10.99,0.00
5058464,1023959,1,1,11.49,0.00
5058465,1023959,23,1,3.99,0.00
5058466,1023959,21,1,3.99,0.00
5058467,1023959,15,1,10.99,0.00
5058468,1023960,6,1,12.99,0.00
5058469,1023961,6,1,12.99,0.00
5058470,1023962,2,1,11.99,0.00
5058471,1023962,22,1,4.49,0.00
5058472,1023962,26,1,2.49,0.00
5058473,1023962,19,1,3.99,0.00
5058474,1023963,7,1,11.99,0.00
5058475,1023963,2,1,11.99,0.00
5058476,1023963,19,1,3.99,0.00
5058477,1023964,7,1,11.99,0.00
5058478,1023965,6,1,12.99,0.00
5058479,1023965,22,1,4.49,0.00
5058480,1023965,34,1,4.49,0.00
5058481,1023966,10,1,10.99,0.00
5058482,1023966,33,1,5.49,0.00
5058483,1023967,5,1,13.49,0.00
5058484,1023967,18,1,5.49,0.00
5058485,1023968,17,1,12.49,0.00
5058486,1023969,7,1,11.99,0.00
5058487,1023969,21,1,3.99,0.00
5058488,1023969,19,1,3.99,0.00
5058489,1023970,8,2,12.49,0.00
5058490,1023970,26,1,2.49,0.00
5058491,1023971,15,1,10.99,0.00
5058492,1023972,16,2,10.49,0.00
5058493,1023972,32,1,4.99,0.00
5058494,1023973,5,1,13.49,0.00
5058495,1023973,22,1,4.49,0.00
5058496,1023973,19,1,3.99,0.00
5058497,1023973,6,1,12.99,0.00
5058498,1023973,18,1,5.49,0.00
5058499,1023973,26,1,2.49,0.00
5058500,1023974,15,1,10.99,0.00
5058501,1023974,23,1,3.99,0.00
5058502,1023974,26,1,2.49,0.00
5058503,1023974,28,1,3.49,0.00
5058504,1023975,17,1,12.49,0.00
5058505,1023976,2,1,11.99,0.00
5058506,1023977,13,1,9.99,0.00
5058507,1023977,26,1,2.49,0.00
5058508,1023977,33,1,5.49,0.00
5058509,1023977,27,1,2.49,0.00
5058510,1023978,9,1,13.99,0.00
5058511,1023978,17,1,12.49,0.00
5058512,1023978,31,1,3.49,0.00
5058513,1023978,25,1,6.49,0.00
5058514,1023979,17,1,12.49,0.00
5058515,1023979,26,2,2.49,0.00
5058516,1023980,17,1,12.49,0.00
5058517,1023980,29,1,3.49,0.00
5058518,1023980,22,1,4.49,0.00
5058519,1023981,3,1,10.49,0.00
5058520,1023981,30,1,3.29,0.00
5058521,1023982,5,1,13.49,0.00
5058522,1023983,17,1,12.49,0.00
5058523,1023983,29,1,3.49,0.00
5058524,1023983,6,1,12.99,0.00
5058525,1023983,19,1,3.99,0.00
5058526,1023984,6,1,12.99,0.00
5058527,1023984,26,1,2.49,0.00
5058528,1023984,24,1,3.49,0.00
5058529,1023985,2,2,11.99,0.00
5058530,1023985,32,1,4.99,0.00
5058531,1023986,15,1,10.99,0.00
5058532,1023986,34,1,4.49,0.00
5058533,1023987,17,1,12.49,2.50
5058534,1023987,31,1,3.49,0.00
5058535,1023988,2,1,11.99,0.00
5058536,1023988,26,1,2.49,0.00
5058537,1023989,7,1,11.99,0.00
5058538,1023989,24,1,3.49,0.00
5058539,1023989,27,1,2.49,0.00
5058540,1023990,3,1,10.49,0.00
5058541,1023990,21,1,3.99,0.00
5058542,1023991,1,1,11.49,0.00
5058543,1023992,17,1,12.49,0.00
5058544,1023992,23,1,3.99,0.00
5058545,1023992,32,1,4.99,0.00
5058546,1023993,17,1,12.49,0.00
5058547,1023993,35,1,2.99,0.00
5058548,1023994,9,2,13.99,0.00
5058549,1023994,27,1,2.49,0.00
5058550,1023994,26,2,2.49,0.00
5058551,1023994,24,1,3.49,0.00
5058552,1023995,14,1,10.49,0.00
5058553,1023996,6,1,12.99,0.00
5058554,1023996,35,1,2.99,0.00
5058555,1023997,6,1,12.99,0.00
5058556,1023998,6,1,12.99,0.00
5058557,1023998,20,1,4.49,0.00
5058558,1023998,24,1,3.49,0.00
5058559,1023998,33,1,5.49,0.00
5058560,1023999,7,1,11.99,0.00
5058561,1023999,32,2,4.99,0.00
5058562,1023999,34,1,4.49,0.00
5058563,1024000,17,1,12.49,0.00
5058564,1024000,26,1,2.49,0.00
5058565,1024001,6,1,12.99,0.00
5058566,1024002,17,2,12.49,0.00
5058567,1024003,11,1,13.49,0.00
5058568,1024004,17,2,12.49,0.00
5058569,1024004,31,1,3.49,0.00
5058570,1024004,30,1,3.29,0.00
5058571,1024004,28,1,3.49,0.00
5058572,1024005,17,1,12.49,0.00
5058573,1024005,32,1,4.99,0.00
5058574,1024006,2,1,11.99,0.00
5058575,1024006,20,1,4.49,0.00
5058576,1024006,34,1,4.49,0.00
5058577,1024006,29,1,3.49,0.00
5058578,1024006,28,1,3.49,0.00
5058579,1024007,2,1,11.99,0.00
5058580,1024007,28,1,3.49,0.00
5058581,1024007,26,1,2.49,0.00
5058582,1024008,11,1,13.49,0.00
5058583,1024009,13,1,9.99,0.00
5058584,1024009,35,1,2.99,0.00
5058585,1024010,1,1,11.49,0.00
5058586,1024011,9,1,13.99,0.00
5058587,1024012,15,1,10.99,0.00
5058588,1024012,25,2,6.49,0.00
5058589,1024012,29,1,3.49,0.00
5058590,1024012,34,1,4.49,0.00
5058591,1024012,31,2,3.49,0.00
5058592,1024012,27,1,2.49,0.00
5058593,1024013,11,2,13.49,0.00
5058594,1024013,33,1,5.49,0.00
5058595,1024014,17,1,12.49,0.00
5058596,1024014,27,1,2.49,0.00
5058597,1024014,20,1,4.49,0.00
5058598,1024015,15,1,10.99,0.00
5058599,1024015,21,1,3.99,0.00
5058600,1024015,17,1,12.49,0.00
5058601,1024016,11,1,13.49,0.00
5058602,1024016,19,1,3.99,0.00
5058603,1024016,21,1,3.99,0.00
5058604,1024016,31,2,3.49,0.00
5058605,1024017,11,1,13.49,0.00
5058606,1024017,25,1,6.49,0.00
5058607,1024017,22,1,4.49,0.00
5058608,1024018,12,1,18.99,0.00
5058609,1024018,31,1,3.49,0.00
5058610,1024018,23,1,3.99,0.00
5058611,1024018,25,1,6.49,0.00
5058612,1024019,3,1,10.49,0.00
5058613,1024019,20,1,4.49,0.00
5058614,1024020,17,3,12.49,7.49
5058615,1024020,29,1,3.49,0.00
5058616,1024021,3,1,10.49,0.00
5058617,1024021,29,1,3.49,0.00
5058618,1024021,19,1,3.99,0.00
5058619,1024022,3,2,10.49,0.00
5058620,1024022,31,1,3.49,0.00
5058621,1024023,13,1,9.99,0.00
5058622,1024024,8,1,12.49,0.00
5058623,1024024,23,2,3.99,0.00
5058624,1024025,8,1,12.49,0.00
5058625,1024025,28,1,3.49,0.00
5058626,1024025,18,1,5.49,0.00
5058627,1024026,2,1,11.99,0.00
5058628,1024026,26,2,2.49,0.00
5058629,1024027,9,1,13.99,0.00
5058630,1024028,17,1,12.49,0.00
5058631,1024028,27,1,2.49,0.00
5058632,1024029,15,1,10.99,0.00
5058633,1024029,28,1,3.49,0.00
5058634,1024030,17,2,12.49,5.00
5058635,1024030,33,2,5.49,0.00
5058636,1024030,21,2,3.99,0.00
5058637,1024030,31,1,3.49,0.00
5058638,1024030,26,1,2.49,0.00
5058639,1024031,1,1,11.49,0.00
5058640,1024031,32,1,4.99,0.00
5058641,1024031,23,1,3.99,0.00
5058642,1024032,1,1,11.49,0.00
5058643,1024032,30,1,3.29,0.00
5058644,1024033,2,1,11.99,0.00
5058645,1024033,29,1,3.49,0.00
5058646,1024033,20,1,4.49,0.00
5058647,1024034,17,1,12.49,0.00
5058648,1024035,17,1,12.49,2.50
5058649,1024035,26,1,2.49,0.00
5058650,1024035,24,2,3.49,0.00
5058651,1024036,13,1,9.99,0.00
5058652,1024036,25,1,6.49,0.00
5058653,1024037,17,1,12.49,0.00
5058654,1024037,30,1,3.29,0.00
5058655,1024038,8,1,12.49,0.00
5058656,1024039,3,2,10.49,0.00
5058657,1024040,5,1,13.49,0.00
5058658,1024041,10,1,10.99,0.00
5058659,1024041,21,1,3.99,0.00
5058660,1024041,27,1,2.49,0.00
5058661,1024042,17,4,12.49,0.00
5058662,1024042,18,1,5.49,0.00
5058663,1024042,24,2,3.49,0.00
5058664,1024042,26,1,2.49,0.00
5058665,1024043,11,1,13.49,0.00
5058666,1024043,28,2,3.49,0.00
5058667,1024044,17,1,12.49,0.00
5058668,1024044,23,1,3.99,0.00
5058669,1024044,21,1,3.99,0.00
5058670,1024044,20,1,4.49,0.00
5058671,1024045,11,1,13.49,0.00
5058672,1024045,28,1,3.49,0.00
5058673,1024046,9,1,13.99,0.00
5058674,1024047,16,1,10.49,0.00
5058675,1024048,15,1,10.99,0.00
5058676,1024048,27,1,2.49,0.00
5058677,1024048,28,1,3.49,0.00
5058678,1024049,17,1,12.49,0.00
5058679,1024049,20,1,4.49,0.00
5058680,1024049,26,1,2.49,0.00
5058681,1024050,17,1,12.49,0.00
5058682,1024051,11,1,13.49,0.00
5058683,1024052,1,1,11.49,0.00
5058684,1024053,17,1,12.49,0.00
5058685,1024053,22,1,4.49,0.00
5058686,1024054,6,2,12.99,0.00
5058687,1024054,24,1,3.49,0.00
5058688,1024055,17,1,12.49,2.50
5058689,1024056,4,2,14.99,0.00
5058690,1024057,6,1,12.99,0.00
5058691,1024057,17,1,12.49,0.00
5058692,1024058,12,2,18.99,0.00
5058693,1024059,13,1,9.99,0.00
5058694,1024059,20,2,4.49,0.00
5058695,1024059,25,1,6.49,0.00
5058696,1024060,10,1,10.99,0.00
5058697,1024060,31,1,3.49,0.00
5058698,1024060,26,1,2.49,0.00
5058699,1024061,17,1,12.49,2.50
5058700,1024061,34,1,4.49,0.00
5058701,1024062,6,1,12.99,0.00
5058702,1024062,28,1,3.49,0.00
5058703,1024063,9,1,13.99,0.00
5058704,1024063,14,1,10.49,0.00
5058705,1024063,31,2,3.49,0.00
5058706,1024064,6,1,12.99,0.00
5058707,1024065,14,1,10.49,0.00
5058708,1024065,26,1,2.49,0.00
5058709,1024066,14,1,10.49,0.00
5058710,1024066,27,2,2.49,0.00
5058711,1024066,21,2,3.99,0.00
5058712,1024067,17,3,12.49,0.00
5058713,1024067,21,1,3.99,0.00
5058714,1024067,20,1,4.49,0.00
5058715,1024068,16,2,10.49,0.00
5058716,1024068,32,1,4.99,0.00
5058717,1024069,17,1,12.49,0.00
5058718,1024069,35,1,2.99,0.00
5058719,1024070,2,1,11.99,0.00
5058720,1024070,19,1,3.99,0.00
5058721,1024071,7,2,11.99,0.00
5058722,1024072,2,1,11.99,0.00
5058723,1024072,24,-1,3.49,0.00
5058724,1024073,2,1,11.99,0.00
5058725,1024073,29,2,3.49,0.00
5058726,1024074,13,1,9.99,0.00
5058727,1024074,34,1,4.49,0.00
5058728,1024075,17,2,12.49,0.00
5058729,1024075,25,2,6.49,0.00
5058730,1024076,13,1,9.99,0.00
5058731,1024076,27,3,2.49,0.00
5058732,1024077,17,2,12.49,0.00
5058733,1024077,21,1,3.99,0.00
5058734,1024078,15,1,10.99,0.00
5058735,1024079,1,1,11.49,0.00
5058736,1024079,25,1,6.49,0.00
5058737,1024080,17,1,12.49,0.00
5058738,1024080,26,1,2.49,0.00
5058739,1024080,33,1,5.49,0.00
5058740,1024080,20,1,4.49,0.00
5058741,1024081,1,1,11.49,0.00
5058742,1024081,18,1,5.49,0.00
5058743,1024082,5,1,13.49,0.00
5058744,1024082,14,1,10.49,0.00
5058745,1024083,12,1,18.99,0.00
5058746,1024083,28,1,3.49,0.00
5058747,1024084,5,1,13.49,0.00
5058748,1024085,14,1,10.49,0.00
5058749,1024085,33,2,5.49,0.00
5058750,1024085,27,1,2.49,0.00
5058751,1024086,17,1,12.49,2.50
5058752,1024087,7,1,11.99,0.00
5058753,1024088,6,1,12.99,0.00
5058754,1024088,26,1,2.49,0.00
5058755,1024089,17,1,12.49,0.00
5058756,1024089,27,3,2.49,0.00
5058757,1024089,20,1,4.49,0.00
5058758,1024090,9,1,13.99,0.00
5058759,1024090,20,1,4.49,0.00
5058760,1024091,8,1,12.49,0.00
5058761,1024092,9,1,13.99,0.00
5058762,1024093,17,1,12.49,0.00
5058763,1024093,28,1,3.49,0.00
5058764,1024093,12,1,18.99,0.00
5058765,1024094,1,1,11.49,0.00
5058766,1024095,10,2,10.99,0.00
5058767,1024096,3,1,10.49,0.00
5058768,1024096,21,1,3.99,0.00
5058769,1024097,17,2,12.49,0.00
5058770,1024097,35,1,2.99,0.00
5058771,1024098,15,1,10.99,0.00
5058772,1024099,10,1,10.99,0.00
5058773,1024099,18,2,5.49,0.00
5058774,1024100,8,1,12.49,0.00
5058775,1024100,31,1,3.49,0.00
5058776,1024100,25,1,6.49,0.00
5058777,1024101,17,1,12.49,0.00
5058778,1024101,27,1,2.49,0.00
5058779,1024101,22,1,4.49,0.00
5058780,1024102,11,1,13.49,0.00
5058781,1024102,22,1,4.49,0.00
5058782,1024103,2,2,11.99,0.00
5058783,1024104,15,1,10.99,0.00
5058784,1024104,26,2,2.49,0.00
5058785,1024105,17,3,12.49,0.00
5058786,1024105,26,1,2.49,0.00
5058787,1024106,17,2,12.49,5.00
5058788,1024107,17,1,12.49,0.00
5058789,1024107,23,1,3.99,0.00
5058790,1024107,21,1,3.99,0.00
5058791,1024107,33,1,5.49,0.00
5058792,1024107,2,1,11.99,0.00
5058793,1024107,26,1,2.49,0.00
5058794,1024108,7,1,11.99,0.00
5058795,1024108,18,1,5.49,0.00
5058796,1024109,15,1,10.99,0.00
5058797,1024110,17,1,12.49,0.00
5058798,1024110,18,1,5.49,0.00
5058799,1024110,29,1,3.49,0.00
5058800,1024111,7,1,11.99,0.00
5058801,1024112,14,1,10.49,0.00
5058802,1024112,28,1,3.49,0.00
5058803,1024112,29,2,3.49,0.00
5058804,1024112,19,1,3.99,0.00
5058805,1024112,27,1,2.49,0.00
5058806,1024113,17,1,12.49,2.50
5058807,1024114,8,1,12.49,0.00
5058808,1024114,21,2,3.99,0.00
5058809,1024115,10,1,10.99,0.00
5058810,1024115,29,1,3.49,0.00
5058811,1024115,26,1,2.49,0.00
5058812,1024115,14,1,10.49,0.00
5058813,1024116,17,1,12.49,0.00
5058814,1024116,31,1,3.49,0.00
5058815,1024116,26,1,2.49,0.00
5058816,1024116,30,1,3.29,0.00
5058817,1024117,8,1,12.49,0.00
5058818,1024117,20,1,4.49,0.00
5058819,1024118,17,1,12.49,0.00
5058820,1024118,26,3,2.49,0.00
5058821,1024118,18,1,5.49,0.00
5058822,1024119,17,1,12.49,0.00
5058823,1024119,28,1,3.49,0.00
5058824,1024119,25,1,6.49,0.00
5058825,1024119,30,1,3.29,0.00
5058826,1024120,14,1,10.49,0.00
5058827,1024120,30,1,3.29,0.00
5058828,1024121,15,1,10.99,0.00
5058829,1024121,8,1,12.49,0.00
5058830,1024121,26,1,2.49,0.00
5058831,1024122,4,1,14.99,0.00
5058832,1024122,29,2,3.49,0.00
5058833,1024123,12,1,18.99,0.00
5058834,1024123,27,2,2.49,0.00
5058835,1024124,17,2,12.49,0.00
5058836,1024124,26,1,2.49,0.00
5058837,1024124,23,1,3.99,0.00
5058838,1024125,10,1,10.99,0.00
5058839,1024125,29,1,3.49,0.00
5058840,1024125,31,1,3.49,0.00
5058841,1024125,2,1,11.99,0.00
5058842,1024126,7,1,11.99,0.00
5058843,1024126,20,1,4.49,0.00
5058844,1024126,27,1,2.49,0.00
5058845,1024127,5,1,13.49,0.00
5058846,1024127,29,2,3.49,0.00
5058847,1024127,21,1,3.99,0.00
5058848,1024128,7,1,11.99,0.00
5058849,1024129,8,1,12.49,0.00
5058850,1024129,29,1,3.49,0.00
5058851,1024130,17,1,12.49,0.00
5058852,1024130,25,1,6.49,0.00
5058853,1024131,3,1,10.49,0.00
5058854,1024132,11,1,13.49,0.00
5058855,1024132,26,1,2.49,0.00
5058856,1024133,1,1,11.49,0.00
5058857,1024133,28,1,3.49,0.00
5058858,1024133,19,1,3.99,0.00
5058859,1024134,2,1,11.99,0.00
5058860,1024134,24,1,3.49,0.00
5058861,1024135,3,1,10.49,0.00
5058862,1024136,12,1,18.99,0.00
5058863,1024136,19,1,3.99,0.00
5058864,1024136,35,1,2.99,0.00
5058865,1024136,21,2,3.99,0.00
5058866,1024137,13,1,9.99,0.00
5058867,1024137,19,1,3.99,0.00
5058868,1024138,14,1,10.49,0.00
5058869,1024138,26,1,2.49,0.00
5058870,1024138,27,2,2.49,0.00
5058871,1024139,14,1,10.49,0.00
5058872,1024139,33,1,5.49,0.00
5058873,1024139,35,2,2.99,0.00
5058874,1024140,17,1,12.49,2.50
5058875,1024140,35,1,2.99,0.00
5058876,1024140,30,3,3.29,0.00
5058877,1024141,17,1,12.49,0.00
5058878,1024141,30,1,3.29,0.00
5058879,1024141,24,1,3.49,0.00
5058880,1024142,9,1,13.99,0.00
5058881,1024143,8,1,12.49,0.00
5058882,1024143,25,1,6.49,0.00
5058883,1024144,3,1,10.49,0.00
5058884,1024145,17,1,12.49,0.00
5058885,1024145,21,1,3.99,0.00
5058886,1024146,12,1,18.99,0.00
5058887,1024147,17,1,12.49,0.00
5058888,1024148,1,1,11.49,0.00
5058889,1024149,2,2,11.99,0.00
5058890,1024149,17,1,12.49,0.00
5058891,1024149,8,3,12.49,0.00
5058892,1024150,1,1,11.49,0.00
5058893,1024150,34,1,4.49,0.00
5058894,1024151,2,1,11.99,0.00
5058895,1024152,4,1,14.99,0.00
5058896,1024152,1,1,11.49,0.00
5058897,1024153,13,1,9.99,0.00
5058898,1024153,29,1,3.49,0.00
5058899,1024153,26,1,2.49,0.00
5058900,1024154,4,1,14.99,0.00
5058901,1024154,20,1,4.49,0.00
5058902,1024154,22,1,4.49,0.00
5058903,1024154,21,1,3.99,0.00
5058904,1024155,10,1,10.99,0.00
5058905,1024155,30,1,3.29,0.00
5058906,1024156,17,1,12.49,0.00
5058907,1024157,3,2,10.49,0.00
5058908,1024158,16,2,10.49,0.00
5058909,1024158,27,1,2.49,0.00
5058910,1024159,17,2,12.49,0.00
5058911,1024159,34,1,4.49,0.00
5058912,1024160,5,1,13.49,0.00
5058913,1024160,34,1,4.49,0.00
5058914,1024161,17,1,12.49,0.00
5058915,1024162,17,1,12.49,0.00
5058916,1024162,26,1,2.49,0.00
5058917,1024162,19,1,3.99,0.00
5058918,1024162,5,1,13.49,0.00
5058919,1024163,17,3,12.49,0.00
5058920,1024163,34,1,4.49,0.00
5058921,1024163,29,1,3.49,0.00
5058922,1024164,17,3,12.49,7.49
5058923,1024164,21,2,3.99,0.00
5058924,1024165,8,1,12.49,0.00
5058925,1024166,1,1,11.49,0.00
5058926,1024166,25,1,6.49,0.00
5058927,1024167,9,2,13.99,0.00
5058928,1024167,29,1,3.49,0.00
5058929,1024167,28,1,3.49,0.00
5058930,1024167,21,1,3.99,0.00
5058931,1024168,17,1,12.49,0.00
5058932,1024168,32,1,4.99,0.00
5058933,1024169,10,1,10.99,0.00
5058934,1024169,18,1,5.49,0.00
5058935,1024169,30,1,3.29,0.00
5058936,1024169,21,2,3.99,0.00
5058937,1024170,17,1,12.49,0.00
5058938,1024170,13,1,9.99,0.00
5058939,1024171,15,1,10.99,0.00
5058940,1024171,28,1,3.49,0.00
5058941,1024171,26,1,2.49,0.00
5058942,1024172,6,1,12.99,0.00
5058943,1024173,3,1,10.49,0.00
5058944,1024173,31,1,3.49,0.00
5058945,1024173,30,1,3.29,0.00
5058946,1024174,11,3,13.49,0.00
5058947,1024174,25,1,6.49,0.00
5058948,1024174,24,2,3.49,0.00
5058949,1024174,34,1,4.49,0.00
5058950,1024175,1,1,11.49,0.00
5058951,1024176,3,1,10.49,0.00
5058952,1024177,17,1,12.49,0.00
5058953,1024178,5,1,13.49,0.00
5058954,1024178,6,1,12.99,0.00
5058955,1024179,1,2,11.49,0.00
5058956,1024179,20,1,4.49,0.00
5058957,1024180,5,1,13.49,0.00
5058958,1024181,7,1,11.99,0.00
5058959,1024181,33,1,5.49,0.00
5058960,1024182,10,1,10.99,0.00
5058961,1024183,2,1,11.99,0.00
5058962,1024184,14,1,10.49,0.00
5058963,1024184,19,1,3.99,0.00
5058964,1024184,34,2,4.49,0.00
5058965,1024185,7,1,11.99,0.00
5058966,1024186,16,1,10.49,0.00
5058967,1024186,34,1,4.49,0.00
5058968,1024187,1,1,11.49,0.00
5058969,1024188,2,1,11.99,0.00
5058970,1024188,21,1,3.99,0.00
5058971,1024189,10,1,10.99,0.00
5058972,1024189,20,1,4.49,0.00
5058973,1024189,19,1,3.99,0.00
5058974,1024190,10,1,10.99,0.00
5058975,1024191,9,2,13.99,0.00
5058976,1024191,17,1,12.49,2.50
5058977,1024191,19,1,3.99,0.00
5058978,1024191,2,2,11.99,0.00
5058979,1024192,3,1,10.49,0.00
5058980,1024192,35,3,2.99,0.00
5058981,1024192,29,1,3.49,0.00
5058982,1024193,17,3,12.49,0.00
5058983,1024193,35,-1,2.99,0.00
5058984,1024193,25,1,6.49,0.00
5058985,1024193,27,2,2.49,0.00
5058986,1024194,14,1,10.49,0.00
5058987,1024194,24,1,3.49,0.00
5058988,1024195,8,1,12.49,0.00
5058989,1024195,26,1,2.49,0.00
5058990,1024196,7,2,11.99,0.00
5058991,1024196,21,2,3.99,0.00
5058992,1024196,26,1,2.49,0.00
5058993,1024197,7,1,11.99,0.00
5058994,1024197,29,1,3.49,0.00
5058995,1024197,21,1,3.99,0.00
5058996,1024197,19,2,3.99,0.00
5058997,1024198,17,1,12.49,0.00
5058998,1024198,27,1,2.49,0.00
5058999,1024199,14,1,10.49,0.00
5059000,1024199,26,1,2.49,0.00
5059001,1024200,17,1,12.49,0.00
5059002,1024200,20,1,4.49,0.00
5059003,1024201,8,1,12.49,0.00
5059004,1024202,17,3,12.49,0.00
5059005,1024203,11,1,13.49,0.00
5059006,1024204,17,1,12.49,2.50
5059007,1024204,30,2,3.29,0.00
5059008,1024204,21,1,3.99,0.00
5059009,1024204,23,3,3.99,0.00
5059010,1024205,17,1,12.49,0.00
5059011,1024205,1,2,11.49,0.00
5059012,1024206,8,1,12.49,0.00
5059013,1024206,28,1,3.49,0.00
5059014,1024207,5,1,13.49,0.00
5059015,1024208,11,1,13.49,0.00
5059016,1024208,22,1,4.49,0.00
5059017,1024208,26,2,2.49,0.00
5059018,1024208,27,3,2.49,0.00
5059019,1024208,35,1,2.99,0.00
5059020,1024209,16,1,10.49,0.00
5059021,1024210,9,1,13.99,0.00
5059022,1024211,16,1,10.49,0.00
5059023,1024211,27,1,2.49,0.00
5059024,1024212,14,1,10.49,0.00
5059025,1024213,6,1,12.99,0.00
5059026,1024213,27,1,2.49,0.00
5059027,1024214,1,1,11.49,0.00
5059028,1024214,19,1,3.99,0.00
5059029,1024214,26,1,2.49,0.00
5059030,1024214,33,1,5.49,0.00
5059031,1024215,3,1,10.49,0.00
5059032,1024215,30,1,3.29,0.00
5059033,1024215,22,2,4.49,0.00
5059034,1024216,15,1,10.99,0.00
5059035,1024216,7,1,11.99,0.00
5059036,1024217,2,1,11.99,0.00
5059037,1024218,10,1,10.99,0.00
5059038,1024218,6,0,12.99,0.00
5059039,1024219,6,1,12.99,0.00
5059040,1024219,21,1,3.99,0.00
5059041,1024219,22,1,4.49,0.00
5059042,1024220,2,1,11.99,0.00
5059043,1024220,19,1,3.99,0.00
5059044,1024220,33,1,5.49,0.00
5059045,1024220,26,1,2.49,0.00
5059046,1024220,21,1,3.99,0.00
5059047,1024221,7,1,11.99,0.00
5059048,1024221,21,1,3.99,0.00
5059049,1024222,9,2,13.99,0.00
5059050,1024222,28,1,3.49,0.00
5059051,1024222,1,1,11.49,0.00
5059052,1024222,27,1,2.49,0.00
5059053,1024222,23,1,3.99,0.00
5059054,1024222,29,1,3.49,0.00
5059055,1024223,17,1,12.49,2.50
5059056,1024224,2,1,11.99,0.00
5059057,1024225,16,1,10.49,0.00
5059058,1024225,34,1,4.49,0.00
5059059,1024225,26,1,2.49,0.00
5059060,1024225,27,1,2.49,0.00
5059061,1024226,11,1,13.49,0.00
5059062,1024226,27,1,2.49,0.00
5059063,1024227,11,1,13.49,0.00
5059064,1024228,10,1,10.99,0.00
5059065,1024228,21,2,3.99,0.00
5059066,1024229,11,1,13.49,0.00
5059067,1024229,35,1,2.99,0.00
5059068,1024229,29,1,3.49,0.00
5059069,1024230,17,1,12.49,0.00
5059070,1024230,18,1,5.49,0.00
5059071,1024231,16,1,10.49,0.00
5059072,1024231,22,1,4.49,0.00
5059073,1024231,27,1,2.49,0.00
5059074,1024232,17,1,12.49,2.50
5059075,1024233,3,3,10.49,0.00
5059076,1024233,10,1,10.99,0.00
5059077,1024233,16,1,10.49,0.00
5059078,1024234,17,1,12.49,0.00
5059079,1024234,27,3,2.49,0.00
5059080,1024235,6,1,12.99,0.00
5059081,1024235,3,1,10.49,0.00
5059082,1024235,21,2,3.99,0.00
5059083,1024235,34,1,4.49,0.00
5059084,1024236,1,1,11.49,0.00
5059085,1024236,26,1,2.49,0.00
5059086,1024236,30,1,3.29,0.00
5059087,1024237,17,2,12.49,0.00
5059088,1024237,26,1,2.49,0.00
5059089,1024237,28,1,3.49,0.00
5059090,1024238,8,1,12.49,0.00
5059091,1024238,23,1,3.99,0.00
5059092,1024238,22,1,4.49,0.00
5059093,1024239,17,1,12.49,0.00
5059094,1024239,27,2,2.49,0.00
5059095,1024239,33,1,5.49,0.00
5059096,1024239,29,1,3.49,0.00
5059097,1024240,7,3,11.99,0.00
5059098,1024241,9,1,13.99,0.00
5059099,1024241,25,3,6.49,0.00
5059100,1024241,19,1,3.99,0.00
5059101,1024241,5,1,13.49,0.00
5059102,1024242,6,1,12.99,0.00
5059103,1024243,17,1,12.49,2.50
5059104,1024244,7,1,11.99,0.00
5059105,1024245,10,1,10.99,0.00
5059106,1024245,26,1,2.49,0.00
5059107,1024245,28,1,3.49,0.00
5059108,1024246,17,1,12.49,0.00
5059109,1024246,20,1,4.49,0.00
5059110,1024246,30,1,3.29,0.00
5059111,1024247,17,1,12.49,2.50
5059112,1024247,30,1,3.29,0.00
5059113,1024247,19,1,3.99,0.00
5059114,1024248,16,1,10.49,0.00
5059115,1024249,12,1,18.99,0.00
5059116,1024249,27,1,2.49,0.00
5059117,1024250,17,1,12.49,0.00
5059118,1024250,18,1,5.49,0.00
5059119,1024251,11,1,13.49,0.00
5059120,1024251,32,1,4.99,0.00
5059121,1024251,28,1,3.49,0.00
5059122,1024251,20,1,4.49,0.00
5059123,1024251,27,1,2.49,0.00
5059124,1024251,19,1,3.99,0.00
5059125,1024252,1,1,11.49,0.00
5059126,1024252,21,1,3.99,0.00
5059127,1024253,2,1,11.99,0.00
5059128,1024253,33,1,5.49,0.00
5059129,1024254,15,1,10.99,0.00
5059130,1024255,15,1,10.99,0.00
5059131,1024255,8,2,12.49,0.00
5059132,1024255,28,1,3.49,0.00
5059133,1024255,18,1,5.49,0.00
5059134,1024255,31,-1,3.49,0.00
5059135,1024256,1,1,11.49,0.00
5059136,1024256,31,2,3.49,0.00
5059137,1024256,20,1,4.49,0.00
5059138,1024257,17,1,12.49,0.00
5059139,1024258,16,1,10.49,0.00
5059140,1024258,29,1,3.49,0.00
5059141,1024258,27,2,2.49,0.00
5059142,1024258,23,3,3.99,0.00
5059143,1024259,4,1,14.99,0.00
5059144,1024259,11,1,13.49,0.00
5059145,1024259,21,1,3.99,0.00
5059146,1024260,6,1,12.99,0.00
5059147,1024260,27,1,2.49,0.00
5059148,1024261,2,1,11.99,0.00
5059149,1024261,23,1,3.99,0.00
5059150,1024261,19,1,3.99,0.00
5059151,1024262,14,1,10.49,0.00
5059152,1024263,6,1,12.99,0.00
5059153,1024264,17,1,12.49,2.50
5059154,1024264,18,2,5.49,0.00
5059155,1024264,22,1,4.49,0.00
5059156,1024264,27,1,2.49,0.00
5059157,1024265,13,1,9.99,0.00
5059158,1024265,32,1,4.99,0.00
5059159,1024265,21,1,3.99,0.00
5059160,1024265,17,1,12.49,0.00
5059161,1024266,17,2,12.49,0.00
5059162,1024267,17,1,12.49,0.00
5059163,1024267,18,1,5.49,0.00
5059164,1024267,22,1,4.49,0.00
5059165,1024268,7,1,11.99,0.00
5059166,1024269,17,1,12.49,0.00
5059167,1024269,21,1,3.99,0.00
5059168,1024269,31,1,3.49,0.00
5059169,1024270,16,1,10.49,0.00
5059170,1024270,26,1,2.49,0.00
5059171,1024270,28,1,3.49,0.00
5059172,1024271,6,2,12.99,0.00
5059173,1024271,11,2,13.49,0.00
5059174,1024271,27,1,2.49,0.00
5059175,1024271,28,1,3.49,0.00
5059176,1024272,11,1,13.49,0.00
5059177,1024273,17,1,12.49,0.00
5059178,1024274,6,1,12.99,0.00
5059179,1024274,22,1,4.49,0.00
5059180,1024275,2,1,11.99,0.00
5059181,1024275,19,1,3.99,0.00
5059182,1024276,1,1,11.49,0.00
5059183,1024276,14,2,10.49,0.00
5059184,1024277,1,1,11.49,0.00
5059185,1024278,1,1,11.49,0.00
5059186,1024278,9,1,13.99,0.00
5059187,1024279,4,2,14.99,0.00
5059188,1024280,17,1,12.49,2.50
5059189,1024280,33,3,5.49,0.00
5059190,1024281,16,1,10.49,0.00
5059191,1024281,2,1,11.99,0.00
5059192,1024281,31,1,3.49,0.00
5059193,1024281,28,1,3.49,0.00
5059194,1024281,11,1,13.49,0.00
5059195,1024282,7,1,11.99,0.00
5059196,1024282,9,3,13.99,0.00
5059197,1024283,17,2,12.49,5.00
5059198,1024283,18,1,5.49,0.00
5059199,1024283,19,1,3.99,0.00
5059200,1024284,1,1,11.49,0.00
5059201,1024284,21,2,3.99,0.00
5059202,1024284,7,1,11.99,0.00
5059203,1024285,11,1,13.49,0.00
5059204,1024286,16,1,10.49,0.00
5059205,1024287,1,1,11.49,0.00
5059206,1024287,18,2,5.49,0.00
5059207,1024288,17,1,12.49,0.00
5059208,1024288,27,1,2.49,0.00
5059209,1024288,21,1,3.99,0.00
5059210,1024289,17,2,12.49,0.00
5059211,1024289,26,1,2.49,0.00
5059212,1024290,6,1,12.99,0.00
5059213,1024290,5,2,13.49,0.00
5059214,1024291,14,2,10.49,0.00
5059215,1024291,27,1,2.49,0.00
5059216,1024291,22,1,4.49,0.00
5059217,1024291,2,1,11.99,0.00
5059218,1024291,32,1,4.99,0.00
5059219,1024292,17,1,12.49,0.00
5059220,1024292,28,1,3.49,0.00
5059221,1024292,18,1,5.49,0.00
5059222,1024293,14,1,10.49,0.00
5059223,1024293,17,1,12.49,2.50
5059224,1024293,27,1,2.49,0.00
5059225,1024294,1,1,11.49,0.00
5059226,1024294,28,1,3.49,0.00
5059227,1024294,26,1,2.49,0.00
5059228,1024295,9,1,13.99,0.00
5059229,1024295,27,1,2.49,0.00
5059230,1024296,7,2,11.99,0.00
5059231,1024296,26,1,2.49,0.00
5059232,1024296,34,1,4.49,0.00
5059233,1024296,31,1,3.49,0.00
5059234,1024297,11,1,13.49,0.00
5059235,1024297,32,1,4.99,0.00
5059236,1024297,34,3,4.49,0.00
5059237,1024298,15,3,10.99,0.00
5059238,1024298,18,1,5.49,0.00
5059239,1024299,10,1,10.99,0.00
5059240,1024299,18,1,5.49,0.00
5059241,1024300,14,2,10.49,0.00
5059242,1024300,22,1,4.49,0.00
5059243,1024301,14,1,10.49,0.00
5059244,1024301,18,1,5.49,0.00
5059245,1024302,1,1,11.49,0.00
5059246,1024303,11,1,13.49,0.00
5059247,1024303,21,2,3.99,0.00
5059248,1024304,2,1,11.99,0.00
5059249,1024305,10,1,10.99,0.00
5059250,1024305,25,1,6.49,0.00
5059251,1024305,30,1,3.29,0.00
5059252,1024306,3,2,10.49,0.00
5059253,1024306,26,2,2.49,0.00
5059254,1024306,29,1,3.49,0.00
5059255,1024307,13,2,9.99,0.00
5059256,1024308,15,1,10.99,0.00
5059257,1024309,8,1,12.49,0.00
5059258,1024310,3,1,10.49,0.00
5059259,1024311,13,1,9.99,0.00
5059260,1024312,8,2,12.49,0.00
5059261,1024313,16,1,10.49,0.00
5059262,1024313,30,0,3.29,0.00
5059263,1024314,12,1,18.99,0.00
5059264,1024314,27,1,2.49,0.00
5059265,1024314,28,1,3.49,0.00
5059266,1024315,4,3,14.99,0.00
5059267,1024315,29,1,3.49,0.00
5059268,1024316,3,1,10.49,0.00
5059269,1024316,18,1,5.49,0.00
5059270,1024317,6,1,12.99,0.00
5059271,1024317,30,1,3.29,0.00
5059272,1024318,17,1,12.49,0.00
5059273,1024319,17,1,12.49,0.00
5059274,1024320,8,1,12.49,0.00
5059275,1024320,33,1,5.49,0.00
5059276,1024320,26,1,2.49,0.00
5059277,1024320,28,1,3.49,0.00
5059278,1024320,19,1,3.99,0.00
5059279,1024320,35,1,2.99,0.00
5059280,1024321,17,1,12.49,0.00
5059281,1024322,17,1,12.49,2.50
5059282,1024322,20,1,4.49,0.00
5059283,1024323,17,1,12.49,0.00
5059284,1024324,16,1,10.49,0.00
5059285,1024324,26,1,2.49,0.00
5059286,1024325,11,1,13.49,0.00
5059287,1024325,28,1,3.49,0.00
5059288,1024325,26,1,2.49,0.00
5059289,1024325,20,2,4.49,0.00
5059290,1024326,10,1,10.99,0.00
5059291,1024326,34,1,4.49,0.00
5073344,1031242,9,1,13.99,0.00
5073317,1031518,19,1,3.99,0.00
5073696,1031634,20,1,4.49,0.00
5073434,1031756,15,2,10.99,0.00
5073462,1031847,15,2,10.99,0.00
5073390,1032804,7,1,11.99,0.00
5073601,1034282,27,1,2.49,0.00
5073712,1035916,15,1,10.99,1.65
5073635,1035970,17,1,12.49,2.50
5073544,1036273,8,1,12.49,0.00
5073306,1037702,31,1,3.49,0.00
5073423,1038926,8,1,12.49,0.00
5073326,1039519,32,1,4.99,0.00
5073708,1040518,28,1,3.49,0.00
5073682,1040589,7,1,11.99,0.00
5073508,1042876,23,1,3.99,0.00
5073324,1043473,29,1,3.49,0.00
5073447,1044207,10,1,10.99,0.00
5073652,1044269,17,1,12.49,0.00
5073537,1045239,35,1,2.99,0.00
5073436,1045637,7,1,11.99,0.00
5073565,1045756,21,2,3.99,0.00
5073641,1046389,26,1,2.49,0.00
5073486,1047132,15,1,10.99,0.00
5073655,1048007,11,1,13.49,0.00
5073382,1048263,1,1,11.49,0.00
5073424,1048779,2,0,11.99,11.99
5073465,1048808,29,1,3.49,0.00
5073584,1050537,28,1,3.49,0.00
5073464,1051501,12,1,18.99,0.00
5073711,1051673,20,2,4.49,0.00
5073626,1051868,15,1,10.99,0.00
5073349,1054068,13,1,9.99,0.00
5073610,1054582,22,1,4.49,0.00
5073666,1054925,23,1,3.99,0.00
5073442,1055011,26,1,2.49,0.00
5073495,1055394,5,2,13.49,0.00
5073579,1056129,18,1,5.49,0.00
5073478,1056333,23,1,3.99,0.00
5073426,1056446,25,2,6.49,0.00
5073622,1057076,17,2,12.49,0.00
5073500,1058267,26,2,2.49,0.00
5073684,1058435,22,1,4.49,0.00
5073713,1059119,10,1,10.99,0.00
5073318,1060787,15,1,10.99,0.00
5073334,1061224,28,1,3.49,0.00
5073432,1062866,11,1,13.49,0.00
5073506,1063399,29,1,3.49,0.00
5073431,1064318,23,1,3.99,0.00
5073476,1065570,13,2,9.99,0.00
5073675,1065812,17,2,12.49,0.00
5073715,1066739,17,1,12.49,0.00
5073642,1067184,20,1,4.49,0.00
5073354,1069418,13,1,9.99,0.00
5073362,1070141,30,1,3.29,0.00
5073597,1070352,2,1,11.99,0.00
5073586,1070877,28,1,3.49,0.00
5073292,1071512,16,1,10.49,0.00
5073503,1071643,10,1,10.99,0.00
5073649,1072348,27,1,2.49,0.00
5073428,1072457,15,1,10.99,0.00
5073534,1073006,13,1,9.99,0.00
5073388,1075219,22,1,4.49,0.00
5073414,1077626,18,0,5.49,0.00
5073639,1079170,20,1,4.49,0.00
