order_item_id,order_id,item_id,quantity,unit_price,discount_amount
5021130,1008639,9,1,13.99,0.00
5021131,1008639,2,1,11.99,0.00
5021132,1008640,4,1,14.99,0.00
5021133,1008640,26,1,2.49,0.00
5021134,1008641,1,1,11.49,0.00
5021135,1008641,24,1,3.49,0.00
5021136,1008641,34,1,4.49,0.00
5021137,1008642,9,1,13.99,0.00
5021138,1008642,30,1,3.29,0.00
5021139,1008643,16,1,10.49,0.00
5021140,1008643,30,1,3.29,0.00
5021141,1008643,32,1,4.99,0.00
5021142,1008643,10,1,10.99,0.00
5021143,1008644,15,1,10.99,0.00
5021144,1008644,18,2,5.49,0.00
5021145,1008644,23,1,3.99,0.00
5021146,1008644,13,1,9.99,0.00
5021147,1008645,2,1,11.99,0.00
5021148,1008645,21,1,3.99,0.00
5021149,1008645,31,2,3.49,0.00
5021150,1008646,3,1,10.49,0.00
5021151,1008646,26,1,2.49,0.00
5021152,1008647,1,1,11.49,0.00
5021153,1008647,28,1,3.49,0.00
5021154,1008648,6,1,12.99,0.00
5021155,1008648,18,1,5.49,0.00
5021156,1008649,3,1,10.49,0.00
5021157,1008650,10,1,10.99,0.00
5021158,1008650,23,1,3.99,0.00
5021159,1008650,28,1,3.49,0.00
5021160,1008650,20,1,4.49,0.00
5021161,1008650,18,2,5.49,0.00
5021162,1008651,10,2,10.99,0.00
5021163,1008651,32,2,4.99,0.00
5021164,1008652,9,1,13.99,0.00
5021165,1008652,29,1,3.49,0.00
5021166,1008653,8,1,12.49,0.00
5021167,1008653,18,1,5.49,0.00
5021168,1008653,6,1,12.99,0.00
5021169,1008654,10,1,10.99,0.00
5021170,1008654,25,1,6.49,0.00
5021171,1008654,28,1,3.49,0.00
5021172,1008655,1,1,11.49,0.00
5021173,1008655,18,1,5.49,0.00
5021174,1008655,6,1,12.99,0.00
5021175,1008656,1,1,11.49,0.00
5021176,1008656,34,1,4.49,0.00
5021177,1008657,6,1,12.99,0.00
5021178,1008657,18,1,5.49,0.00
5021179,1008657,4,1,14.99,0.00
5021180,1008657,32,2,4.99,0.00
5021181,1008658,1,1,11.49,0.00
5021182,1008658,30,1,3.29,0.00
5021183,1008658,26,1,2.49,0.00
5021184,1008658,22,2,4.49,0.00
5021185,1008659,11,1,13.49,0.00
5021186,1008659,22,1,4.49,0.00
5021187,1008659,20,1,4.49,0.00
5021188,1008660,15,1,10.99,0.00
5021189,1008661,5,1,13.49,0.00
5021190,1008661,32,1,4.99,0.00
5021191,1008661,22,1,4.49,0.00
5021192,1008662,4,1,14.99,0.00
5021193,1008662,24,1,3.49,0.00
5021194,1008663,7,1,11.99,0.00
5021195,1008663,32,1,4.99,0.00
5021196,1008664,7,1,11.99,0.00
5021197,1008664,18,1,5.49,0.00
5021198,1008664,25,1,6.49,0.00
5021199,1008665,7,1,11.99,0.00
5021200,1008665,18,1,5.49,0.00
5021201,1008665,27,1,2.49,0.00
5021202,1008665,10,1,10.99,0.00
5021203,1008665,26,1,2.49,0.00
5021204,1008666,13,1,9.99,0.00
5021205,1008666,18,2,5.49,0.00
5021206,1008666,26,1,2.49,0.00
5021207,1008666,30,1,3.29,0.00
5021208,1008667,2,1,11.99,0.00
5021209,1008668,1,1,11.49,0.00
5021210,1008668,32,1,4.99,0.00
5021211,1008668,27,1,2.49,0.00
5021212,1008668,26,1,2.49,0.00
5021213,1008668,14,3,10.49,0.00
5021214,1008669,10,1,10.99,0.00
5021215,1008669,31,1,3.49,0.00
5021216,1008669,26,1,2.49,0.00
5021217,1008669,1,1,11.49,0.00
5021218,1008670,16,1,10.49,0.00
5021219,1008671,2,1,11.99,0.00
5021220,1008671,21,1,3.99,0.00
5021221,1008671,31,1,3.49,0.00
5021222,1008672,1,1,11.49,0.00
5021223,1008672,22,1,4.49,0.00
5021224,1008673,16,1,10.49,0.00
5021225,1008673,29,1,3.49,0.00
5021226,1008673,34,1,4.49,0.00
5021227,1008673,28,1,3.49,0.00
5021228,1008674,16,1,10.49,0.00
5021229,1008674,26,1,2.49,0.00
5021230,1008675,7,1,11.99,0.00
5021231,1008675,32,1,4.99,0.00
5021232,1008675,11,1,13.49,0.00
5021233,1008676,8,1,12.49,0.00
5021234,1008676,30,2,3.29,0.00
5021235,1008676,23,1,3.99,0.00
5021236,1008677,14,1,10.49,0.00
5021237,1008677,26,1,2.49,0.00
5021238,1008678,7,1,11.99,0.00
5021239,1008679,2,1,11.99,0.00
5021240,1008680,6,1,12.99,0.00
5021241,1008680,27,2,2.49,0.00
5021242,1008680,19,1,3.99,0.00
5021243,1008680,22,1,4.49,0.00
5021244,1008681,2,1,11.99,0.00
5021245,1008681,18,2,5.49,0.00
5021246,1008682,6,1,12.99,0.00
5021247,1008682,29,1,3.49,0.00
5021248,1008682,31,1,3.49,0.00
5021249,1008682,26,1,2.49,0.00
5021250,1008683,13,1,9.99,0.00
5021251,1008683,22,1,4.49,0.00
5021252,1008684,4,2,14.99,0.00
5021253,1008684,34,1,4.49,0.00
5021254,1008684,26,1,2.49,0.00
5021255,1008684,25,1,6.49,0.00
5021256,1008684,18,2,5.49,0.00
5021257,1008685,8,1,12.49,0.00
5021258,1008685,19,1,3.99,0.00
5021259,1008685,28,1,3.49,0.00
5021260,1008685,21,1,3.99,0.00
5021261,1008686,3,1,10.49,0.00
5021262,1008686,18,3,5.49,0.00
5021263,1008687,15,3,10.99,0.00
5021264,1008687,28,1,3.49,0.00
5021265,1008687,10,1,10.99,0.00
5021266,1008688,11,1,13.49,0.00
5021267,1008688,27,1,2.49,0.00
5021268,1008688,29,1,3.49,0.00
5021269,1008688,22,1,4.49,0.00
5021270,1008689,7,1,11.99,0.00
5021271,1008690,1,2,11.49,0.00
5021272,1008690,26,1,2.49,0.00
5021273,1008690,18,1,5.49,0.00
5021274,1008691,6,1,12.99,0.00
5021275,1008691,30,1,3.29,0.00
5021276,1008691,32,1,4.99,0.00
5021277,1008692,15,2,10.99,0.00
5021278,1008692,29,3,3.49,0.00
5021279,1008692,26,1,2.49,0.00
5021280,1008693,13,2,9.99,0.00
5021281,1008693,24,1,3.49,0.00
5021282,1008693,28,2,3.49,0.00
5021283,1008693,18,1,5.49,0.00
5021284,1008694,10,1,10.99,0.00
5021285,1008694,27,1,2.49,0.00
5021286,1008695,15,1,10.99,0.00
5021287,1008696,5,2,13.49,0.00
5021288,1008696,27,1,2.49,0.00
5021289,1008697,10,1,10.99,0.00
5021290,1008697,18,1,5.49,0.00
5021291,1008698,3,1,10.49,0.00
5021292,1008698,31,1,3.49,0.00
5021293,1008698,22,1,4.49,0.00
5021294,1008698,18,1,5.49,0.00
5021295,1008699,8,1,12.49,0.00
5021296,1008699,18,1,5.49,0.00
5021297,1008700,1,1,11.49,0.00
5021298,1008700,23,1,3.99,0.00
5021299,1008700,27,1,2.49,0.00
5021300,1008700,30,3,3.29,0.00
5021301,1008701,11,1,13.49,0.00
5021302,1008701,26,3,2.49,0.00
5021303,1008701,24,2,3.49,0.00
5021304,1008702,1,1,11.49,0.00
5021305,1008702,26,1,2.49,0.00
5021306,1008703,3,1,10.49,0.00
5021307,1008703,6,1,12.99,0.00
5021308,1008703,7,1,11.99,0.00
5021309,1008704,10,1,10.99,0.00
5021310,1008704,23,1,3.99,0.00
5021311,1008705,10,-2,10.99,0.00
5021312,1008705,29,1,3.49,0.00
5021313,1008705,22,1,4.49,0.00
5021314,1008706,5,1,13.49,0.00
5021315,1008706,8,1,12.49,0.00
5021316,1008706,21,1,3.99,0.00
5021317,1008706,18,1,5.49,0.00
5021318,1008707,2,1,11.99,0.00
5021319,1008708,7,1,11.99,0.00
5021320,1008708,28,1,3.49,0.00
5021321,1008709,9,1,13.99,0.00
5021322,1008709,19,1,3.99,0.00
5021323,1008709,20,1,4.49,0.00
5021324,1008710,2,1,11.99,0.00
5021325,1008710,26,1,2.49,0.00
5021326,1008711,1,1,11.49,0.00
5021327,1008711,24,1,3.49,0.00
5021328,1008711,30,1,3.29,0.00
5021329,1008711,27,1,2.49,0.00
5021330,1008712,8,2,12.49,0.00
5021331,1008712,20,1,4.49,0.00
5021332,1008712,21,1,3.99,0.00
5021333,1008712,25,1,6.49,0.00
5021334,1008712,27,1,2.49,0.00
5021335,1008713,4,2,14.99,0.00
5021336,1008713,18,1,5.49,0.00
5021337,1008714,10,1,10.99,0.00
5021338,1008714,31,1,3.49,0.00
5021339,1008714,25,1,6.49,0.00
5021340,1008715,10,3,10.99,0.00
5021341,1008716,9,1,13.99,0.00
5021342,1008716,13,1,9.99,0.00
5021343,1008716,25,1,6.49,0.00
5021344,1008717,6,3,12.99,0.00
5021345,1008717,35,1,2.99,0.00
5021346,1008718,5,1,13.49,0.00
5021347,1008719,14,1,10.49,0.00
5021348,1008720,16,3,10.49,0.00
5021349,1008720,26,1,2.49,0.00
5021350,1008721,14,3,10.49,0.00
5021351,1008721,29,2,3.49,0.00
5021352,1008721,27,1,2.49,0.00
5021353,1008722,8,1,12.49,0.00
5021354,1008723,7,1,11.99,0.00
5021355,1008724,5,1,13.49,0.00
5021356,1008725,9,1,13.99,0.00
5021357,1008725,1,1,11.49,0.00
5021358,1008725,20,2,4.49,0.00
5021359,1008725,29,1,3.49,0.00
5021360,1008726,1,2,11.49,0.00
5021361,1008727,5,2,13.49,0.00
5021362,1008728,1,2,11.49,0.00
5021363,1008728,28,3,3.49,0.00
5021364,1008728,27,1,2.49,0.00
5021365,1008728,19,1,3.99,0.00
5021366,1008729,3,1,10.49,0.00
5021367,1008730,3,1,10.49,0.00
5021368,1008730,28,1,3.49,0.00
5021369,1008731,7,1,11.99,0.00
5021370,1008731,21,3,3.99,0.00
5021371,1008732,13,1,9.99,0.00
5021372,1008732,30,1,3.29,0.00
5021373,1008732,4,1,14.99,0.00
5021374,1008732,18,1,5.49,0.00
5021375,1008733,2,1,11.99,0.00
5021376,1008733,30,2,3.29,0.00
5021377,1008733,22,1,4.49,0.00
5021378,1008733,23,1,3.99,0.00
5021379,1008733,32,1,4.99,0.00
5021380,1008733,18,2,5.49,0.00
5021381,1008734,6,1,12.99,0.00
5021382,1008734,12,1,18.99,0.00
5021383,1008735,9,1,13.99,0.00
5021384,1008735,26,1,2.49,0.00
5021385,1008735,25,1,6.49,0.00
5021386,1008736,11,2,13.49,0.00
5021387,1008736,26,1,2.49,0.00
5021388,1008737,3,2,10.49,0.00
5021389,1008737,23,1,3.99,0.00
5021390,1008737,25,1,6.49,0.00
5021391,1008737,32,1,4.99,0.00
5021392,1008737,30,2,3.29,0.00
5021393,1008738,16,1,10.49,0.00
5021394,1008738,19,1,3.99,0.00
5021395,1008739,15,1,10.99,0.00
5021396,1008739,26,1,2.49,0.00
5021397,1008739,5,1,13.49,0.00
5021398,1008740,15,1,10.99,0.00
5021399,1008740,26,2,2.49,0.00
5021400,1008740,27,1,2.49,0.00
5021401,1008741,2,2,11.99,0.00
5021402,1008742,1,2,11.49,0.00
5021403,1008743,2,1,11.99,0.00
5021404,1008743,22,1,4.49,0.00
5021405,1008744,2,1,11.99,0.00
5021406,1008745,5,2,13.49,0.00
5021407,1008745,26,1,2.49,0.00
5021408,1008746,7,1,11.99,0.00
5021409,1008747,9,1,13.99,0.00
5021410,1008747,27,1,2.49,0.00
5021411,1008747,30,1,3.29,0.00
5021412,1008748,5,3,13.49,0.00
5021413,1008748,22,1,4.49,0.00
5021414,1008748,26,1,2.49,0.00
5021415,1008749,11,2,13.49,0.00
5021416,1008749,6,1,12.99,0.00
5021417,1008750,2,1,11.99,0.00
5021418,1008750,26,2,2.49,0.00
5021419,1008750,22,1,4.49,0.00
5021420,1008750,29,1,3.49,0.00
5021421,1008751,1,2,11.49,0.00
5021422,1008751,30,1,3.29,0.00
5021423,1008752,12,1,18.99,0.00
5021424,1008752,3,2,10.49,0.00
5021425,1008752,30,2,3.29,0.00
5021426,1008753,1,1,11.49,0.00
5021427,1008753,27,1,2.49,0.00
5021428,1008753,22,1,4.49,0.00
5021429,1008753,25,1,6.49,0.00
5021430,1008753,7,1,11.99,0.00
5021431,1008754,5,1,13.49,0.00
5021432,1008755,16,1,10.49,0.00
5021433,1008756,3,1,10.49,0.00
5021434,1008756,28,1,3.49,0.00
5021435,1008756,2,1,11.99,0.00
5021436,1008757,13,1,9.99,0.00
5021437,1008757,27,1,2.49,0.00
5021438,1008757,31,1,3.49,0.00
5021439,1008757,29,0,3.49,0.00
5021440,1008758,10,2,10.99,0.00
5021441,1008758,20,1,4.49,0.00
5021442,1008758,23,1,3.99,0.00
5021443,1008759,8,2,12.49,0.00
5021444,1008759,26,2,2.49,0.00
5021445,1008760,14,1,10.49,0.00
5021446,1008760,34,2,4.49,0.00
5021447,1008760,29,1,3.49,0.00
5021448,1008760,28,1,3.49,0.00
5021449,1008761,5,1,13.49,0.00
5021450,1008762,16,1,10.49,0.00
5021451,1008762,19,2,3.99,0.00
5021452,1008763,11,1,13.49,0.00
5021453,1008763,25,1,6.49,0.00
5021454,1008764,4,1,14.99,0.00
5021455,1008764,26,1,2.49,0.00
5021456,1008765,7,1,11.99,0.00
5021457,1008765,32,1,4.99,0.00
5021458,1008765,31,1,3.49,0.00
5021459,1008765,34,1,4.49,0.00
5021460,1008766,9,1,13.99,0.00
5021461,1008766,2,1,11.99,0.00
5021462,1008766,34,1,4.49,0.00
5021463,1008767,15,1,10.99,0.00
5021464,1008767,29,3,3.49,0.00
5021465,1008767,10,1,10.99,0.00
5021466,1008768,13,1,9.99,0.00
5021467,1008768,19,2,3.99,0.00
5021468,1008768,31,3,3.49,0.00
5021469,1008768,20,2,4.49,0.00
5021470,1008769,7,1,11.99,0.00
5021471,1008769,35,1,2.99,0.00
5021472,1008770,1,1,11.49,0.00
5021473,1008771,1,1,11.49,0.00
5021474,1008771,26,1,2.49,0.00
5021475,1008771,22,1,4.49,0.00
5021476,1008771,30,1,3.29,0.00
5021477,1008771,21,2,3.99,0.00
5021478,1008772,15,1,10.99,0.00
5021479,1008772,26,1,2.49,0.00
5021480,1008772,18,1,5.49,0.00
5021481,1008773,11,1,13.49,0.00
5021482,1008773,26,1,2.49,0.00
5021483,1008773,22,1,4.49,0.00
5021484,1008774,7,1,11.99,0.00
5021485,1008774,24,1,3.49,0.00
5021486,1008775,7,1,11.99,0.00
5021487,1008775,33,1,5.49,0.00
5021488,1008776,9,1,13.99,0.00
5021489,1008777,1,1,11.49,0.00
5021490,1008777,4,1,14.99,0.00
5021491,1008777,27,1,2.49,0.00
5021492,1008778,15,1,10.99,0.00
5021493,1008778,20,1,4.49,0.00
5021494,1008778,1,1,11.49,0.00
5021495,1008779,13,1,9.99,0.00
5021496,1008779,32,2,4.99,0.00
5021497,1008780,1,1,11.49,0.00
5021498,1008780,19,3,3.99,0.00
5021499,1008780,21,1,3.99,0.00
5021500,1008780,27,1,2.49,0.00
5021501,1008780,28,2,3.49,0.00
5021502,1008781,1,3,11.49,0.00
5021503,1008781,32,1,4.99,0.00
5021504,1008782,1,2,11.49,0.00
5021505,1008782,10,-1,10.99,0.00
5021506,1008782,26,-1,2.49,0.00
5021507,1008783,6,1,12.99,0.00
5021508,1008783,33,1,5.49,0.00
5021509,1008784,13,1,9.99,0.00
5021510,1008785,3,1,10.49,0.00
5021511,1008785,28,1,3.49,0.00
5021512,1008785,27,1,2.49,0.00
5021513,1008785,1,2,11.49,0.00
5021514,1008786,5,1,13.49,0.00
5021515,1008786,24,1,3.49,0.00
5021516,1008786,30,1,3.29,0.00
5021517,1008787,12,1,18.99,0.00
5021518,1008788,16,2,10.49,0.00
5021519,1008788,26,1,2.49,0.00
5021520,1008788,30,1,3.29,0.00
5021521,1008788,19,1,3.99,0.00
5021522,1008789,11,1,13.49,0.00
5021523,1008789,15,1,10.99,0.00
5021524,1008789,25,1,6.49,0.00
5021525,1008789,32,1,4.99,0.00
5021526,1008789,27,1,2.49,0.00
5021527,1008790,14,1,10.49,0.00
5021528,1008791,13,1,9.99,0.00
5021529,1008791,27,1,2.49,0.00
5021530,1008791,32,1,4.99,0.00
5021531,1008792,9,1,13.99,0.00
5021532,1008793,1,1,11.49,0.00
5021533,1008794,4,1,14.99,0.00
5021534,1008795,16,1,10.49,0.00
5021535,1008795,21,1,3.99,0.00
5021536,1008796,3,1,10.49,0.00
5021537,1008796,27,1,2.49,0.00
5021538,1008797,10,1,10.99,0.00
5021539,1008797,27,1,2.49,0.00
5021540,1008797,31,1,3.49,0.00
5021541,1008797,22,1,4.49,0.00
5021542,1008798,7,1,11.99,0.00
5021543,1008798,30,4,3.29,0.00
5021544,1008798,19,1,3.99,0.00
5021545,1008799,11,1,13.49,0.00
5021546,1008799,29,1,3.49,0.00
5021547,1008799,18,2,5.49,0.00
5021548,1008800,1,1,11.49,0.00
5021549,1008800,35,1,2.99,0.00
5021550,1008800,30,1,3.29,0.00
5021551,1008800,19,1,3.99,0.00
5021552,1008801,10,1,10.99,0.00
5021553,1008801,22,1,4.49,0.00
5021554,1008802,16,1,10.49,0.00
5021555,1008803,6,-2,12.99,0.00
5021556,1008803,33,2,5.49,0.00
5021557,1008803,20,1,4.49,0.00
5021558,1008804,3,1,10.49,0.00
5021559,1008804,34,1,4.49,0.00
5021560,1008804,27,1,2.49,0.00
5021561,1008804,19,1,3.99,0.00
5021562,1008805,3,1,10.49,0.00
5021563,1008806,16,1,10.49,0.00
5021564,1008807,11,1,13.49,0.00
5021565,1008807,3,1,10.49,0.00
5021566,1008808,8,1,12.49,0.00
5021567,1008808,33,1,5.49,0.00
5021568,1008809,9,1,13.99,0.00
5021569,1008810,2,1,11.99,0.00
5021570,1008810,19,1,3.99,0.00
5021571,1008810,26,2,2.49,0.00
5021572,1008811,6,1,12.99,0.00
5021573,1008811,24,1,3.49,0.00
5021574,1008812,8,1,12.49,0.00
5021575,1008812,19,2,3.99,0.00
5021576,1008812,27,1,2.49,0.00
5021577,1008813,2,1,11.99,0.00
5021578,1008813,33,1,5.49,0.00
5021579,1008814,6,1,12.99,0.00
5021580,1008814,30,1,3.29,0.00
5021581,1008815,6,1,12.99,0.00
5021582,1008816,4,2,14.99,0.00
5021583,1008816,33,1,5.49,0.00
5021584,1008816,20,1,4.49,0.00
5021585,1008816,29,2,3.49,0.00
5021586,1008817,7,1,11.99,0.00
5021587,1008817,26,1,2.49,0.00
5021588,1008818,10,1,10.99,0.00
5021589,1008818,19,1,3.99,0.00
5021590,1008818,30,1,3.29,0.00
5021591,1008818,7,1,11.99,0.00
5021592,1008819,3,2,10.49,0.00
5021593,1008819,25,1,6.49,0.00
5021594,1008819,27,1,2.49,0.00
5021595,1008820,13,1,9.99,0.00
5021596,1008820,19,1,3.99,0.00
5021597,1008820,31,1,3.49,0.00
5021598,1008820,35,1,2.99,0.00
5021599,1008821,5,1,13.49,0.00
5021600,1008821,34,1,4.49,0.00
5021601,1008822,13,1,9.99,0.00
5021602,1008822,26,1,2.49,0.00
5021603,1008822,3,1,10.49,0.00
5021604,1008823,5,1,13.49,0.00
5021605,1008824,2,1,11.99,0.00
5021606,1008824,20,2,4.49,0.00
5021607,1008824,19,2,3.99,0.00
5021608,1008825,14,1,10.49,0.00
5021609,1008825,30,1,3.29,0.00
5021610,1008825,32,1,4.99,0.00
5021611,1008825,23,1,3.99,0.00
5021612,1008826,11,2,13.49,0.00
5021613,1008826,27,1,2.49,0.00
5021614,1008826,26,2,2.49,0.00
5021615,1008826,31,1,3.49,0.00
5021616,1008827,5,1,13.49,0.00
5021617,1008827,11,1,13.49,0.00
5021618,1008827,34,2,4.49,0.00
5021619,1008827,22,1,4.49,0.00
5021620,1008828,3,1,10.49,0.00
5021621,1008828,19,1,3.99,0.00
5021622,1008828,20,1,4.49,0.00
5021623,1008828,27,1,2.49,0.00
5021624,1008828,32,1,4.99,0.00
5021625,1008829,15,1,10.99,0.00
5021626,1008829,22,2,4.49,0.00
5021627,1008830,6,1,12.99,0.00
5021628,1008830,32,1,4.99,0.00
5021629,1008830,34,1,4.49,0.00
5021630,1008831,12,1,18.99,0.00
5021631,1008831,29,2,3.49,0.00
5021632,1008832,11,1,13.49,0.00
5021633,1008832,30,1,3.29,0.00
5021634,1008833,7,1,11.99,0.00
5021635,1008833,3,2,10.49,0.00
5021636,1008833,32,1,4.99,0.00
5021637,1008833,26,1,2.49,0.00
5021638,1008834,8,1,12.49,0.00
5021639,1008835,11,1,13.49,0.00
5021640,1008835,18,1,5.49,0.00
5021641,1008836,10,2,10.99,0.00
5021642,1008836,1,1,11.49,0.00
5021643,1008836,34,1,4.49,0.00
5021644,1008837,16,1,10.49,0.00
5021645,1008837,26,1,2.49,0.00
5021646,1008837,28,1,3.49,0.00
5021647,1008838,10,1,10.99,0.00
5021648,1008839,8,1,12.49,0.00
5021649,1008839,26,1,2.49,0.00
5021650,1008839,27,1,2.49,0.00
5021651,1008840,7,1,11.99,0.00
5021652,1008840,23,1,3.99,0.00
5021653,1008841,14,1,10.49,0.00
5021654,1008841,22,1,4.49,0.00
5021655,1008842,4,1,14.99,0.00
5021656,1008842,20,1,4.49,0.00
5021657,1008843,7,1,11.99,0.00
5021658,1008844,5,1,13.49,0.00
5021659,1008844,34,2,4.49,0.00
5021660,1008844,31,1,3.49,0.00
5021661,1008844,16,1,10.49,0.00
5021662,1008845,7,1,11.99,0.00
5021663,1008845,30,1,3.29,0.00
5021664,1008845,19,1,3.99,0.00
5021665,1008846,4,1,14.99,0.00
5021666,1008847,3,2,10.49,0.00
5021667,1008847,35,1,2.99,0.00
5021668,1008848,3,1,10.49,0.00
5021669,1008848,26,3,2.49,0.00
5021670,1008849,6,3,12.99,0.00
5021671,1008850,5,1,13.49,0.00
5021672,1008850,31,1,3.49,0.00
5021673,1008851,7,1,11.99,0.00
5021674,1008851,31,1,3.49,0.00
5021675,1008852,3,1,10.49,0.00
5021676,1008852,23,1,3.99,0.00
5021677,1008853,1,1,11.49,0.00
5021678,1008854,1,1,11.49,0.00
5021679,1008855,9,1,13.99,0.00
5021680,1008855,26,1,2.49,0.00
5021681,1008855,18,1,5.49,0.00
5021682,1008855,21,1,3.99,0.00
5021683,1008856,8,1,12.49,0.00
5021684,1008856,31,1,3.49,0.00
5021685,1008857,9,1,13.99,0.00
5021686,1008857,30,1,3.29,0.00
5021687,1008858,2,1,11.99,0.00
5021688,1008858,28,1,3.49,0.00
5021689,1008858,21,1,3.99,0.00
5021690,1008859,6,1,12.99,0.00
5021691,1008859,32,1,4.99,0.00
5021692,1008860,16,2,10.49,0.00
5021693,1008860,21,1,3.99,0.00
5021694,1008861,2,1,11.99,0.00
5021695,1008862,9,1,13.99,0.00
5021696,1008863,9,1,13.99,0.00
5021697,1008864,4,1,14.99,0.00
5021698,1008864,28,1,3.49,0.00
5021699,1008864,32,1,4.99,0.00
5021700,1008865,16,1,10.49,0.00
5021701,1008866,2,1,11.99,0.00
5021702,1008866,35,1,2.99,0.00
5021703,1008867,11,1,13.49,0.00
5021704,1008867,26,2,2.49,0.00
5021705,1008867,18,1,5.49,0.00
5021706,1008868,8,1,12.49,0.00
5021707,1008869,7,1,11.99,0.00
5021708,1008869,32,1,4.99,0.00
5021709,1008870,13,1,9.99,0.00
5021710,1008871,4,1,14.99,0.00
5021711,1008871,22,1,4.49,0.00
5021712,1008872,6,1,12.99,0.00
5021713,1008872,19,1,3.99,0.00
5021714,1008873,2,1,11.99,0.00
5021715,1008873,35,1,2.99,0.00
5021716,1008873,25,1,6.49,0.00
5021717,1008874,2,1,11.99,0.00
5021718,1008874,21,1,3.99,0.00
5021719,1008874,23,2,3.99,0.00
5021720,1008875,3,1,10.49,0.00
5021721,1008875,20,1,4.49,0.00
5021722,1008875,25,1,6.49,0.00
5021723,1008876,3,1,10.49,0.00
5021724,1008877,10,2,10.99,0.00
5021725,1008877,33,3,5.49,0.00
5021726,1008877,23,1,3.99,0.00
5021727,1008878,2,2,11.99,0.00
5021728,1008879,4,1,14.99,0.00
5021729,1008879,21,1,3.99,0.00
5021730,1008880,9,1,13.99,0.00
5021731,1008880,22,1,4.49,0.00
5021732,1008881,14,2,10.49,0.00
5021733,1008881,26,1,2.49,0.00
5021734,1008881,28,1,3.49,0.00
5021735,1008882,13,1,9.99,0.00
5021736,1008882,30,1,3.29,0.00
5021737,1008883,3,1,10.49,0.00
5021738,1008883,27,2,2.49,0.00
5021739,1008883,26,1,2.49,0.00
5021740,1008883,20,3,4.49,0.00
5021741,1008884,2,1,11.99,0.00
5021742,1008884,28,1,3.49,0.00
5021743,1008885,13,1,9.99,0.00
5021744,1008885,26,1,2.49,0.00
5021745,1008886,15,1,10.99,0.00
5021746,1008886,25,1,6.49,0.00
5021747,1008886,27,1,2.49,0.00
5021748,1008887,6,2,12.99,0.00
5021749,1008887,26,2,2.49,0.00
5021750,1008888,6,1,12.99,0.00
5021751,1008888,20,1,4.49,0.00
5021752,1008889,11,1,13.49,0.00
5021753,1008889,29,1,3.49,0.00
5021754,1008889,26,1,2.49,0.00
5021755,1008890,2,1,11.99,0.00
5021756,1008890,20,1,4.49,0.00
5021757,1008891,11,2,13.49,0.00
5021758,1008891,24,1,3.49,0.00
5021759,1008892,1,1,11.49,0.00
5021760,1008893,1,2,11.49,11.49
5021761,1008893,26,1,2.49,0.00
5021762,1008893,7,1,11.99,0.00
5021763,1008893,24,1,3.49,0.00
5021764,1008894,15,1,10.99,0.00
5021765,1008894,27,2,2.49,0.00
5021766,1008894,26,1,2.49,0.00
5021767,1008894,20,-2,4.49,0.00
5021768,1008895,2,2,11.99,11.99
5021769,1008896,6,1,12.99,0.00
5021770,1008897,5,1,13.49,0.00
5021771,1008897,22,1,4.49,0.00
5021772,1008897,20,1,4.49,0.00
5021773,1008898,2,2,11.99,11.99
5021774,1008898,29,2,3.49,0.00
5021775,1008899,2,2,11.99,11.99
5021776,1008899,27,1,2.49,0.00
5021777,1008900,2,2,11.99,11.99
5021778,1008901,1,2,11.49,11.49
5021779,1008902,5,1,13.49,0.00
5021780,1008902,24,1,3.49,0.00
5021781,1008903,3,1,10.49,0.00
5021782,1008904,1,2,11.49,11.49
5021783,1008905,3,2,10.49,10.49
5021784,1008905,31,1,3.49,0.00
5021785,1008905,20,1,4.49,0.00
5021786,1008906,1,2,11.49,11.49
5021787,1008907,2,1,11.99,0.00
5021788,1008907,18,1,5.49,0.00
5021789,1008908,1,2,11.49,11.49
5021790,1008909,2,2,11.99,11.99
5021791,1008909,22,2,4.49,0.00
5021792,1008909,26,1,2.49,0.00
5021793,1008910,11,1,13.49,0.00
5021794,1008911,3,2,10.49,10.49
5021795,1008911,27,1,2.49,0.00
5021796,1008911,35,1,2.99,0.00
5021797,1008911,25,1,6.49,0.00
5021798,1008912,1,1,11.49,0.00
5021799,1008912,31,1,3.49,0.00
5021800,1008912,23,1,3.99,0.00
5021801,1008913,2,2,11.99,11.99
5021802,1008914,2,1,11.99,0.00
5021803,1008914,18,4,5.49,0.00
5021804,1008915,1,2,11.49,11.49
5021805,1008915,26,1,2.49,0.00
5021806,1008915,27,1,2.49,0.00
5021807,1008916,6,1,12.99,0.00
5021808,1008917,1,1,11.49,0.00
5021809,1008917,3,1,10.49,0.00
5021810,1008917,31,2,3.49,0.00
5021811,1008918,7,2,11.99,0.00
5021812,1008918,33,2,5.49,0.00
5021813,1008919,3,3,10.49,10.49
5021814,1008919,19,2,3.99,0.00
5021815,1008920,3,1,10.49,0.00
5021816,1008920,31,1,3.49,0.00
5021817,1008920,32,1,4.99,0.00
5021818,1008920,26,1,2.49,0.00
5021819,1008921,2,2,11.99,11.99
5021820,1008921,28,2,3.49,0.00
5021821,1008922,6,1,12.99,0.00
5021822,1008923,6,1,12.99,0.00
5021823,1008924,2,1,11.99,0.00
5021824,1008924,21,1,3.99,0.00
5021825,1008924,15,1,10.99,0.00
5021826,1008924,25,3,6.49,0.00
5021827,1008924,19,1,3.99,0.00
5021828,1008925,2,1,11.99,0.00
5021829,1008925,1,1,11.49,0.00
5021830,1008925,26,3,2.49,0.00
5021831,1008926,16,1,10.49,0.00
5021832,1008926,18,1,5.49,0.00
5021833,1008926,23,0,3.99,0.00
5021834,1008927,3,2,10.49,10.49
5021835,1008928,3,2,10.49,10.49
5021836,1008928,2,1,11.99,0.00
5021837,1008928,19,2,3.99,0.00
5021838,1008929,1,2,11.49,11.49
5021839,1008929,29,1,3.49,0.00
5021840,1008930,1,2,11.49,11.49
5021841,1008931,10,1,10.99,0.00
5021842,1008931,21,1,3.99,0.00
5021843,1008931,27,1,2.49,0.00
5021844,1008932,3,2,10.49,10.49
5021845,1008932,32,1,4.99,0.00
5021846,1008933,8,1,12.49,0.00
5021847,1008933,18,1,5.49,0.00
5021848,1008933,25,3,6.49,0.00
5021849,1008933,34,1,4.49,0.00
5021850,1008933,7,2,11.99,0.00
5021851,1008934,1,2,11.49,11.49
5021852,1008934,29,1,3.49,0.00
5021853,1008935,2,2,11.99,11.99
5021854,1008936,2,2,11.99,11.99
5021855,1008936,22,1,4.49,0.00
5021856,1008936,20,2,4.49,0.00
5021857,1008937,3,2,10.49,10.49
5021858,1008937,25,2,6.49,0.00
5021859,1008937,22,1,4.49,0.00
5021860,1008937,29,1,3.49,0.00
5021861,1008937,6,1,12.99,0.00
5021862,1008938,9,1,13.99,0.00
5021863,1008938,28,1,3.49,0.00
5021864,1008939,3,2,10.49,10.49
5021865,1008939,32,1,4.99,0.00
5021866,1008940,5,1,13.49,0.00
5021867,1008940,30,1,3.29,0.00
5021868,1008941,2,2,11.99,11.99
5021869,1008941,26,1,2.49,0.00
5021870,1008941,27,1,2.49,0.00
5021871,1008941,6,2,12.99,0.00
5021872,1008942,3,2,10.49,10.49
5021873,1008942,23,1,3.99,0.00
5021874,1008943,16,1,10.49,0.00
5021875,1008943,23,1,3.99,0.00
5021876,1008944,12,1,18.99,0.00
5021877,1008945,3,2,10.49,10.49
5021878,1008946,1,2,11.49,11.49
5021879,1008946,30,1,3.29,0.00
5021880,1008947,15,1,10.99,0.00
5021881,1008947,21,1,3.99,0.00
5021882,1008948,3,1,10.49,0.00
5021883,1008948,26,1,2.49,0.00
5021884,1008949,2,2,11.99,11.99
5021885,1008949,19,1,3.99,0.00
5021886,1008950,1,2,11.49,11.49
5021887,1008950,30,1,3.29,0.00
5021888,1008951,13,1,9.99,0.00
5021889,1008951,2,2,11.99,11.99
5021890,1008952,6,1,12.99,0.00
5021891,1008952,32,1,4.99,0.00
5021892,1008953,9,1,13.99,0.00
5021893,1008953,19,1,3.99,0.00
5021894,1008954,2,1,11.99,0.00
5021895,1008955,3,2,10.49,10.49
5021896,1008956,3,2,10.49,0.00
5021897,1008956,19,1,3.99,0.00
5021898,1008957,2,2,11.99,11.99
5021899,1008957,20,2,4.49,0.00
5021900,1008957,26,1,2.49,0.00
5021901,1008957,3,1,10.49,0.00
5021902,1008958,1,2,11.49,11.49
5021903,1008959,2,2,11.99,11.99
5021904,1008959,27,1,2.49,0.00
5021905,1008960,2,2,11.99,11.99
5021906,1008960,18,2,5.49,0.00
5021907,1008961,6,3,12.99,0.00
5021908,1008962,2,2,11.99,0.00
5021909,1008962,4,1,14.99,0.00
5021910,1008962,18,1,5.49,0.00
5021911,1008962,27,3,2.49,0.00
5021912,1008963,1,2,11.49,11.49
5021913,1008963,19,2,3.99,0.00
5021914,1008963,22,1,4.49,0.00
5021915,1008964,16,1,10.49,0.00
5021916,1008964,27,1,2.49,0.00
5021917,1008964,20,1,4.49,0.00
5021918,1008964,24,1,3.49,0.00
5021919,1008965,1,2,11.49,11.49
5021920,1008965,26,1,2.49,0.00
5021921,1008966,7,1,11.99,0.00
5021922,1008967,8,1,12.49,0.00
5021923,1008967,26,1,2.49,0.00
5021924,1008968,15,1,10.99,0.00
5021925,1008969,5,1,13.49,0.00
5021926,1008969,18,1,5.49,0.00
5021927,1008970,6,1,12.99,0.00
5021928,1008970,27,1,2.49,0.00
5021929,1008970,33,1,5.49,0.00
5021930,1008970,35,1,2.99,0.00
5021931,1008970,21,1,3.99,0.00
5021932,1008971,1,2,11.49,11.49
5021933,1008971,23,1,3.99,0.00
5021934,1008971,26,1,2.49,0.00
5021935,1008972,2,2,11.99,11.99
5021936,1008972,35,2,2.99,0.00
5021937,1008973,2,2,11.99,11.99
5021938,1008974,2,2,11.99,11.99
5021939,1008975,5,1,13.49,0.00
5021940,1008975,28,2,3.49,0.00
5021941,1008976,3,2,10.49,10.49
5021942,1008976,32,2,4.99,0.00
5021943,1008977,1,2,11.49,11.49
5021944,1008977,11,1,13.49,0.00
5021945,1008978,2,3,11.99,11.99
5021946,1008978,25,1,6.49,0.00
5021947,1008979,3,2,10.49,10.49
5021948,1008979,31,1,3.49,0.00
5021949,1008980,3,2,10.49,10.49
5021950,1008980,23,1,3.99,0.00
5021951,1008981,3,2,10.49,10.49
5021952,1008982,8,1,12.49,0.00
5021953,1008983,1,2,11.49,11.49
5021954,1008984,2,1,11.99,0.00
5021955,1008984,33,1,5.49,0.00
5021956,1008985,2,2,11.99,11.99
5021957,1008985,19,1,3.99,0.00
5021958,1008985,33,1,5.49,0.00
5021959,1008986,6,1,12.99,0.00
5021960,1008986,27,2,2.49,0.00
5021961,1008986,25,1,6.49,0.00
5021962,1008986,7,1,11.99,0.00
5021963,1008986,26,2,2.49,0.00
5021964,1008987,2,1,11.99,0.00
5021965,1008988,2,-2,11.99,11.99
5021966,1008989,2,2,11.99,11.99
5021967,1008989,29,1,3.49,0.00
5021968,1008989,30,1,3.29,0.00
5021969,1008990,1,1,11.49,0.00
5021970,1008991,1,1,11.49,0.00
5021971,1008991,21,1,3.99,0.00
5021972,1008991,33,1,5.49,0.00
5021973,1008992,2,2,11.99,11.99
5021974,1008993,1,2,11.49,11.49
5021975,1008993,30,2,3.29,0.00
5021976,1008994,4,1,14.99,0.00
5021977,1008994,19,1,3.99,0.00
5021978,1008995,1,1,11.49,0.00
5021979,1008995,33,1,5.49,0.00
5021980,1008996,15,1,10.99,0.00
5021981,1008996,19,1,3.99,0.00
5021982,1008996,32,1,4.99,0.00
5021983,1008996,5,1,13.49,0.00
5021984,1008996,10,1,10.99,0.00
5021985,1008997,14,1,10.49,0.00
5021986,1008997,2,2,11.99,11.99
5021987,1008997,32,1,4.99,0.00
5021988,1008997,21,1,3.99,0.00
5021989,1008997,22,1,4.49,0.00
5021990,1008998,3,2,10.49,10.49
5021991,1008998,23,1,3.99,0.00
5021992,1008999,3,3,10.49,0.00
5021993,1008999,26,1,2.49,0.00
5021994,1008999,25,2,6.49,0.00
5021995,1008999,21,1,3.99,0.00
5021996,1008999,15,1,10.99,0.00
5021997,1009000,4,1,14.99,0.00
5021998,1009000,26,1,2.49,0.00
5021999,1009001,10,1,10.99,0.00
5022000,1009001,26,1,2.49,0.00
5022001,1009001,27,1,2.49,0.00
5022002,1009002,1,1,11.49,0.00
5022003,1009002,19,3,3.99,0.00
5022004,1009002,21,1,3.99,0.00
5022005,1009002,22,1,4.49,0.00
5022006,1009003,1,1,11.49,0.00
5022007,1009004,10,3,10.99,0.00
5022008,1009004,18,1,5.49,0.00
5022009,1009004,30,1,3.29,0.00
5022010,1009004,21,1,3.99,0.00
5022011,1009005,6,1,12.99,0.00
5022012,1009005,21,2,3.99,0.00
5022013,1009006,1,2,11.49,11.49
5022014,1009006,30,1,3.29,0.00
5022015,1009006,23,1,3.99,0.00
5022016,1009006,19,3,3.99,0.00
5022017,1009007,1,2,11.49,11.49
5022018,1009007,30,2,3.29,0.00
5022019,1009007,33,1,5.49,0.00
5022020,1009008,3,2,10.49,10.49
5022021,1009008,24,1,3.49,0.00
5022022,1009009,3,2,10.49,10.49
5022023,1009009,20,1,4.49,0.00
5022024,1009010,1,1,11.49,0.00
5022025,1009010,32,3,4.99,0.00
5022026,1009011,3,2,10.49,10.49
5022027,1009011,30,1,3.29,0.00
5022028,1009012,1,2,11.49,11.49
5022029,1009012,4,1,14.99,0.00
5022030,1009013,16,2,10.49,0.00
5022031,1009014,8,1,12.49,0.00
5022032,1009014,25,1,6.49,0.00
5022033,1009015,1,2,11.49,11.49
5022034,1009015,30,2,3.29,0.00
5022035,1009016,3,2,10.49,10.49
5022036,1009016,19,1,3.99,0.00
5022037,1009017,1,2,11.49,11.49
5022038,1009018,10,2,10.99,0.00
5022039,1009018,22,1,4.49,0.00
5022040,1009019,3,1,10.49,0.00
5022041,1009019,26,1,2.49,0.00
5022042,1009019,20,1,4.49,0.00
5022043,1009019,31,1,3.49,0.00
5022044,1009020,2,1,11.99,0.00
5022045,1009021,7,1,11.99,0.00
5022046,1009021,27,1,2.49,0.00
5022047,1009021,25,1,6.49,0.00
5022048,1009021,33,1,5.49,0.00
5022049,1009021,31,1,3.49,0.00
5022050,1009022,10,1,10.99,0.00
5022051,1009022,5,2,13.49,0.00
5022052,1009022,26,1,2.49,0.00
5022053,1009023,1,2,11.49,11.49
5022054,1009023,5,1,13.49,0.00
5022055,1009024,3,2,10.49,10.49
5022056,1009024,6,1,12.99,0.00
5022057,1009024,26,1,2.49,0.00
5022058,1009025,3,2,10.49,10.49
5022059,1009026,3,2,10.49,10.49
5022060,1009026,32,1,4.99,0.00
5022061,1009026,26,1,2.49,0.00
5022062,1009027,2,2,11.99,11.99
5022063,1009027,28,1,3.49,0.00
5022064,1009028,3,2,10.49,10.49
5022065,1009028,21,1,3.99,0.00
5022066,1009028,22,1,4.49,0.00
5022067,1009029,5,1,13.49,0.00
5022068,1009030,11,1,13.49,0.00
5022069,1009030,29,1,3.49,0.00
5022070,1009030,28,1,3.49,0.00
5022071,1009030,2,2,11.99,11.99
5022072,1009030,9,1,13.99,0.00
5022073,1009030,27,1,2.49,0.00
5022074,1009031,1,1,11.49,0.00
5022075,1009031,21,1,3.99,0.00
5022076,1009031,27,1,2.49,0.00
5022077,1009031,28,1,3.49,0.00
5022078,1009032,1,2,11.49,11.49
5022079,1009032,32,2,4.99,0.00
5022080,1009032,35,1,2.99,0.00
5022081,1009033,2,2,11.99,11.99
5022082,1009033,6,1,12.99,0.00
5022083,1009034,10,1,10.99,0.00
5022084,1009034,23,1,3.99,0.00
5022085,1009035,10,1,10.99,0.00
5022086,1009035,24,2,3.49,0.00
5022087,1009036,2,2,11.99,11.99
5022088,1009036,4,1,14.99,0.00
5022089,1009036,35,1,2.99,0.00
5022090,1009037,2,3,11.99,11.99
5022091,1009038,3,2,10.49,10.49
5022092,1009038,26,1,2.49,0.00
5022093,1009039,3,2,10.49,10.49
5022094,1009039,28,2,3.49,0.00
5022095,1009039,18,1,5.49,0.00
5022096,1009040,9,1,13.99,0.00
5022097,1009041,2,3,11.99,11.99
5022098,1009041,20,3,4.49,0.00
5022099,1009041,26,1,2.49,0.00
5022100,1009042,3,2,10.49,10.49
5022101,1009042,22,1,4.49,0.00
5022102,1009043,1,1,11.49,0.00
5022103,1009043,25,2,6.49,0.00
5022104,1009044,3,2,10.49,10.49
5022105,1009044,32,1,4.99,0.00
5022106,1009044,24,1,3.49,0.00
5022107,1009045,1,2,11.49,11.49
5022108,1009046,2,1,11.99,0.00
5022109,1009047,3,2,10.49,10.49
5022110,1009047,26,1,2.49,0.00
5022111,1009047,27,1,2.49,0.00
5022112,1009048,2,2,11.99,11.99
5022113,1009048,27,1,2.49,0.00
5022114,1009048,28,3,3.49,0.00
5022115,1009049,1,2,11.49,11.49
5022116,1009049,24,1,3.49,0.00
5022117,1009050,13,1,9.99,0.00
5022118,1009050,34,1,4.49,0.00
5022119,1009051,3,2,10.49,10.49
5022120,1009051,26,-1,2.49,0.00
5022121,1009051,19,1,3.99,0.00
5022122,1009052,6,1,12.99,0.00
5022123,1009052,15,1,10.99,0.00
5022124,1009052,19,1,3.99,0.00
5022125,1009053,3,2,10.49,10.49
5022126,1009054,2,1,11.99,0.00
5022127,1009054,27,1,2.49,0.00
5022128,1009054,26,1,2.49,0.00
5022129,1009055,9,1,13.99,0.00
5022130,1009055,5,1,13.49,0.00
5022131,1009056,7,1,11.99,0.00
5022132,1009056,18,1,5.49,0.00
5022133,1009056,32,1,4.99,0.00
5022134,1009057,5,1,13.49,0.00
5022135,1009057,27,2,2.49,0.00
5022136,1009058,3,2,10.49,0.00
5022137,1009058,27,1,2.49,0.00
5022138,1009058,34,1,4.49,0.00
5022139,1009059,10,1,10.99,0.00
5022140,1009060,11,1,13.49,0.00
5022141,1009060,28,2,3.49,0.00
5022142,1009060,3,2,10.49,0.00
5022143,1009060,20,1,4.49,0.00
5022144,1009061,4,1,14.99,0.00
5022145,1009062,3,2,10.49,10.49
5022146,1009062,29,1,3.49,0.00
5022147,1009063,1,2,11.49,11.49
5022148,1009064,7,-2,11.99,0.00
5022149,1009064,18,1,5.49,0.00
5022150,1009064,27,2,2.49,0.00
5022151,1009065,1,2,11.49,11.49
5022152,1009065,19,1,3.99,0.00
5022153,1009066,12,1,18.99,0.00
5022154,1009067,6,1,12.99,0.00
5022155,1009068,1,-1,11.49,11.49
5022156,1009068,19,1,3.99,0.00
5022157,1009069,13,1,9.99,0.00
5022158,1009069,2,1,11.99,0.00
5022159,1009070,11,1,13.49,0.00
5022160,1009071,3,2,10.49,0.00
5022161,1009071,31,1,3.49,0.00
5022162,1009072,3,1,10.49,0.00
5022163,1009072,27,1,2.49,0.00
5022164,1009072,22,1,4.49,0.00
5022165,1009073,3,2,10.49,10.49
5022166,1009074,1,2,11.49,11.49
5022167,1009074,33,1,5.49,0.00
5022168,1009074,19,1,3.99,0.00
5022169,1009074,30,1,3.29,0.00
5022170,1009074,20,1,4.49,0.00
5022171,1009075,10,1,10.99,0.00
5022172,1009075,28,1,3.49,0.00
5022173,1009076,2,1,11.99,0.00
5022174,1009077,2,1,11.99,0.00
5022175,1009077,27,1,2.49,0.00
5022176,1009078,2,2,11.99,11.99
5022177,1009078,26,1,2.49,0.00
5022178,1009079,1,2,11.49,11.49
5022179,1009079,32,1,4.99,0.00
5022180,1009080,3,2,10.49,10.49
5022181,1009080,27,1,2.49,0.00
5022182,1009081,5,1,13.49,0.00
5022183,1009081,28,-1,3.49,0.00
5022184,1009081,19,1,3.99,0.00
5022185,1009081,24,1,3.49,0.00
5022186,1009082,1,2,11.49,11.49
5022187,1009082,27,3,2.49,0.00
5022188,1009082,22,1,4.49,0.00
5022189,1009083,2,-1,11.99,11.99
5022190,1009083,11,1,13.49,0.00
5022191,1009084,1,2,11.49,11.49
5022192,1009084,12,2,18.99,0.00
5022193,1009085,14,1,10.49,0.00
5022194,1009085,18,2,5.49,0.00
5022195,1009086,1,2,11.49,11.49
5022196,1009086,32,1,4.99,0.00
5022197,1009087,2,1,11.99,0.00
5022198,1009087,3,1,10.49,0.00
5022199,1009087,32,1,4.99,0.00
5022200,1009087,19,1,3.99,0.00
5022201,1009088,3,1,10.49,0.00
5022202,1009088,21,2,3.99,0.00
5022203,1009088,24,1,3.49,0.00
5022204,1009088,27,1,2.49,0.00
5022205,1009088,19,2,3.99,0.00
5022206,1009089,6,1,12.99,0.00
5022207,1009089,13,1,9.99,0.00
5022208,1009089,30,1,3.29,0.00
5022209,1009090,3,2,10.49,10.49
5022210,1009090,33,1,5.49,0.00
5022211,1009091,9,1,13.99,0.00
5022212,1009091,21,1,3.99,0.00
5022213,1009092,1,3,11.49,11.49
5022214,1009092,21,1,3.99,0.00
5022215,1009092,26,1,2.49,0.00
5022216,1009092,27,1,2.49,0.00
5022217,1009093,3,1,10.49,0.00
5022218,1009093,26,1,2.49,0.00
5022219,1009093,28,1,3.49,0.00
5022220,1009093,22,1,4.49,0.00
5022221,1009094,1,2,11.49,11.49
5022222,1009094,30,1,3.29,0.00
5022223,1009095,2,2,11.99,11.99
5022224,1009095,29,1,3.49,0.00
5022225,1009096,3,2,10.49,10.49
5022226,1009097,7,3,11.99,0.00
5022227,1009097,25,3,6.49,0.00
5022228,1009097,24,1,3.49,0.00
5022229,1009098,4,1,14.99,0.00
5022230,1009099,1,2,11.49,11.49
5022231,1009100,11,2,13.49,0.00
5022232,1009101,14,1,10.49,0.00
5022233,1009102,1,2,11.49,11.49
5022234,1009102,27,1,2.49,0.00
5022235,1009102,18,2,5.49,0.00
5022236,1009102,35,1,2.99,0.00
5022237,1009103,11,1,13.49,0.00
5022238,1009104,3,2,10.49,10.49
5022239,1009105,1,2,11.49,11.49
5022240,1009106,1,2,11.49,11.49
5022241,1009106,32,1,4.99,0.00
5022242,1009106,23,1,3.99,0.00
5022243,1009106,27,2,2.49,0.00
5022244,1009107,2,2,11.99,11.99
5022245,1009107,27,1,2.49,0.00
5022246,1009107,33,1,5.49,0.00
5022247,1009107,29,1,3.49,0.00
5022248,1009108,3,2,10.49,10.49
5022249,1009108,21,1,3.99,0.00
5022250,1009108,29,1,3.49,0.00
5022251,1009109,3,1,10.49,0.00
5022252,1009110,4,1,14.99,0.00
5022253,1009110,23,1,3.99,0.00
5022254,1009111,1,2,11.49,11.49
5022255,1009112,2,2,11.99,11.99
5022256,1009112,30,1,3.29,0.00
5022257,1009113,1,2,11.49,11.49
5022258,1009114,3,2,10.49,10.49
5022259,1009114,21,1,3.99,0.00
5022260,1009115,3,2,10.49,10.49
5022261,1009115,34,1,4.49,0.00
5022262,1009115,25,1,6.49,0.00
5022263,1009116,9,1,13.99,0.00
5022264,1009116,3,-1,10.49,10.49
5022265,1009116,6,1,12.99,0.00
5022266,1009116,21,3,3.99,0.00
5022267,1009116,26,1,2.49,0.00
5022268,1009117,1,2,11.49,11.49
5022269,1009117,26,1,2.49,0.00
5022270,1009117,18,1,5.49,0.00
5022271,1009118,1,1,11.49,0.00
5022272,1009118,31,1,3.49,0.00
5022273,1009119,16,1,10.49,0.00
5022274,1009120,8,1,12.49,0.00
5022275,1009120,1,1,11.49,0.00
5022276,1009121,2,2,11.99,11.99
5022277,1009122,14,1,10.49,0.00
5022278,1009122,19,1,3.99,0.00
5022279,1009122,20,1,4.49,0.00
5022280,1009123,1,2,11.49,11.49
5022281,1009123,8,1,12.49,0.00
5022282,1009124,3,3,10.49,10.49
5022283,1009124,19,1,3.99,0.00
5022284,1009125,2,1,11.99,0.00
5022285,1009125,26,1,2.49,0.00
5022286,1009125,27,1,2.49,0.00
5022287,1009126,1,2,11.49,11.49
5022288,1009126,35,1,2.99,0.00
5022289,1009126,20,1,4.49,0.00
5022290,1009126,28,1,3.49,0.00
5022291,1009127,1,2,11.49,11.49
5022292,1009127,27,2,2.49,0.00
5022293,1009127,34,1,4.49,0.00
5022294,1009128,2,2,11.99,11.99
5022295,1009128,34,1,4.49,0.00
5022296,1009128,15,1,10.99,0.00
5022297,1009128,18,1,5.49,0.00
5022298,1009129,1,1,11.49,0.00
5022299,1009129,30,1,3.29,0.00
5022300,1009129,28,1,3.49,0.00
5022301,1009129,29,1,3.49,0.00
5022302,1009130,1,2,11.49,11.49
5022303,1009131,1,2,11.49,11.49
5022304,1009132,3,2,10.49,10.49
5022305,1009132,32,1,4.99,0.00
5022306,1009132,7,1,11.99,0.00
5022307,1009132,19,1,3.99,0.00
5022308,1009133,2,2,11.99,11.99
5022309,1009133,29,1,3.49,0.00
5022310,1009133,18,1,5.49,0.00
5022311,1009134,12,1,18.99,0.00
5022312,1009134,21,2,3.99,0.00
5022313,1009134,27,1,2.49,0.00
5022314,1009134,26,2,2.49,0.00
5022315,1009135,2,2,11.99,11.99
5022316,1009136,2,1,11.99,0.00
5022317,1009136,34,2,4.49,0.00
5022318,1009137,8,1,12.49,0.00
5022319,1009137,30,1,3.29,0.00
5022320,1009137,34,1,4.49,0.00
5022321,1009138,15,1,10.99,0.00
5022322,1009139,7,1,11.99,0.00
5022323,1009139,9,1,13.99,0.00
5022324,1009139,29,1,3.49,0.00
5022325,1009140,13,1,9.99,0.00
5022326,1009140,26,1,2.49,0.00
5022327,1009140,2,1,11.99,0.00
5022328,1009140,7,2,11.99,0.00
5022329,1009141,8,1,12.49,0.00
5022330,1009141,25,2,6.49,0.00
5022331,1009142,1,1,11.49,0.00
5022332,1009142,19,1,3.99,0.00
5022333,1009142,28,1,3.49,0.00
5022334,1009142,18,1,5.49,0.00
5022335,1009143,14,1,10.49,0.00
5022336,1009143,26,1,2.49,0.00
5022337,1009143,19,1,3.99,0.00
5022338,1009144,10,1,10.99,0.00
5022339,1009145,1,1,11.49,0.00
5022340,1009145,19,4,3.99,0.00
5022341,1009145,26,1,2.49,0.00
5022342,1009145,21,1,3.99,0.00
5022343,1009146,14,1,10.49,0.00
5022344,1009146,26,1,2.49,0.00
5022345,1009146,32,1,4.99,0.00
5022346,1009147,10,1,10.99,0.00
5022347,1009147,28,1,3.49,0.00
5022348,1009148,7,1,11.99,0.00
5022349,1009148,18,1,5.49,0.00
5022350,1009148,19,1,3.99,0.00
5022351,1009148,34,1,4.49,0.00
5022352,1009148,26,1,2.49,0.00
5022353,1009149,1,1,11.49,0.00
5022354,1009149,25,1,6.49,0.00
5022355,1009150,11,1,13.49,0.00
5022356,1009151,14,3,10.49,0.00
5022357,1009151,18,1,5.49,0.00
5022358,1009152,1,2,11.49,0.00
5022359,1009152,25,1,6.49,0.00
5022360,1009152,19,1,3.99,0.00
5022361,1009153,10,1,10.99,0.00
5022362,1009153,7,1,11.99,0.00
5022363,1009154,3,1,10.49,0.00
5022364,1009154,20,1,4.49,0.00
5022365,1009154,27,1,2.49,0.00
5022366,1009154,24,2,3.49,0.00
5022367,1009155,8,1,12.49,0.00
5022368,1009155,23,1,3.99,0.00
5022369,1009156,13,1,9.99,0.00
5022370,1009156,34,1,4.49,0.00
5022371,1009156,27,2,2.49,0.00
5022372,1009157,14,1,10.49,0.00
5022373,1009157,35,3,2.99,0.00
5022374,1009157,30,1,3.29,0.00
5022375,1009157,27,1,2.49,0.00
5022376,1009158,3,1,10.49,0.00
5022377,1009158,27,1,2.49,0.00
5022378,1009158,34,1,4.49,0.00
5022379,1009159,15,1,10.99,0.00
5022380,1009159,25,1,6.49,0.00
5022381,1009159,23,1,3.99,0.00
5022382,1009159,20,1,4.49,0.00
5022383,1009160,1,1,11.49,0.00
5022384,1009160,30,1,3.29,0.00
5022385,1009160,31,1,3.49,0.00
5022386,1009160,32,1,4.99,0.00
5022387,1009161,3,1,10.49,0.00
5022388,1009161,13,1,9.99,0.00
5022389,1009161,23,-1,3.99,0.00
5022390,1009162,7,1,11.99,0.00
5022391,1009163,12,1,18.99,0.00
5022392,1009163,25,1,6.49,0.00
5022393,1009164,1,1,11.49,0.00
5022394,1009165,9,1,13.99,0.00
5022395,1009166,8,1,12.49,0.00
5022396,1009166,14,1,10.49,0.00
5022397,1009167,14,1,10.49,0.00
5022398,1009167,24,1,3.49,0.00
5022399,1009168,2,1,11.99,0.00
5022400,1009168,21,1,3.99,0.00
5022401,1009168,18,1,5.49,0.00
5022402,1009168,26,1,2.49,0.00
5022403,1009169,9,-1,13.99,0.00
5022404,1009170,10,1,10.99,0.00
5022405,1009170,23,1,3.99,0.00
5022406,1009170,2,1,11.99,0.00
5022407,1009170,26,1,2.49,0.00
5022408,1009170,25,2,6.49,0.00
5022409,1009170,19,1,3.99,0.00
5022410,1009171,16,1,10.49,0.00
5022411,1009171,33,2,5.49,0.00
5022412,1009171,21,2,3.99,0.00
5022413,1009172,2,1,11.99,0.00
5022414,1009172,26,1,2.49,0.00
5022415,1009172,23,1,3.99,0.00
5022416,1009172,9,1,13.99,0.00
5022417,1009173,2,1,11.99,0.00
5022418,1009173,22,1,4.49,0.00
5022419,1009174,2,1,11.99,0.00
5022420,1009174,27,2,2.49,0.00
5022421,1009175,5,2,13.49,0.00
5022422,1009175,21,1,3.99,0.00
5022423,1009175,19,1,3.99,0.00
5022424,1009176,14,3,10.49,0.00
5022425,1009176,18,1,5.49,0.00
5022426,1009176,30,1,3.29,0.00
5022427,1009177,7,1,11.99,0.00
5022428,1009177,26,2,2.49,0.00
5022429,1009177,27,1,2.49,0.00
5022430,1009178,12,1,18.99,0.00
5022431,1009178,22,1,4.49,0.00
5022432,1009178,32,2,4.99,0.00
5022433,1009178,21,1,3.99,0.00
5022434,1009179,5,1,13.49,0.00
5022435,1009180,14,1,10.49,0.00
5022436,1009180,21,3,3.99,0.00
5022437,1009181,8,1,12.49,0.00
5022438,1009181,34,1,4.49,0.00
5022439,1009182,1,1,11.49,0.00
5022440,1009182,21,2,3.99,0.00
5022441,1009182,24,1,3.49,0.00
5022442,1009182,25,1,6.49,0.00
5022443,1009183,3,1,10.49,0.00
5022444,1009183,20,1,4.49,0.00
5022445,1009184,5,1,13.49,0.00
5022446,1009184,25,1,6.49,0.00
5022447,1009185,4,1,14.99,0.00
5022448,1009186,13,1,9.99,0.00
5022449,1009186,29,2,3.49,0.00
5022450,1009186,20,1,4.49,0.00
5022451,1009187,5,1,13.49,0.00
5022452,1009188,10,1,10.99,0.00
5022453,1009188,29,1,3.49,0.00
5022454,1009188,26,1,2.49,0.00
5022455,1009189,8,1,12.49,0.00
5022456,1009190,14,1,10.49,0.00
5022457,1009190,34,1,4.49,0.00
5022458,1009190,30,1,3.29,0.00
5022459,1009191,8,1,12.49,0.00
5022460,1009191,18,1,5.49,0.00
5022461,1009192,14,1,10.49,0.00
5022462,1009192,32,1,4.99,0.00
5022463,1009192,25,1,6.49,0.00
5022464,1009193,2,1,11.99,0.00
5022465,1009193,25,1,6.49,0.00
5022466,1009194,1,1,11.49,0.00
5022467,1009194,30,2,3.29,0.00
5022468,1009195,13,1,9.99,0.00
5022469,1009195,22,1,4.49,0.00
5022470,1009195,29,1,3.49,0.00
5022471,1009196,3,1,10.49,0.00
5022472,1009196,27,1,2.49,0.00
5022473,1009197,12,1,18.99,0.00
5022474,1009198,3,1,10.49,0.00
5022475,1009198,21,3,3.99,0.00
5022476,1009198,25,1,6.49,0.00
5022477,1009198,28,1,3.49,0.00
5022478,1009199,15,1,10.99,0.00
5022479,1009200,13,1,9.99,0.00
5022480,1009200,22,1,4.49,0.00
5022481,1009201,11,2,13.49,0.00
5022482,1009201,26,1,2.49,0.00
5022483,1009202,3,1,10.49,0.00
5022484,1009203,3,1,10.49,0.00
5022485,1009203,4,1,14.99,0.00
5022486,1009204,2,2,11.99,0.00
5022487,1009204,22,1,4.49,0.00
5022488,1009204,21,1,3.99,0.00
5022489,1009205,1,1,11.49,0.00
5022490,1009205,15,1,10.99,0.00
5022491,1009206,14,1,10.49,0.00
5022492,1009206,26,1,2.49,0.00
5022493,1009207,13,1,9.99,0.00
5022494,1009207,32,1,4.99,0.00
5022495,1009207,23,1,3.99,0.00
5022496,1009207,20,1,4.49,0.00
5022497,1009208,2,1,11.99,0.00
5022498,1009208,30,2,3.29,0.00
5022499,1009208,26,1,2.49,0.00
5022500,1009208,22,1,4.49,0.00
5022501,1009208,18,1,5.49,0.00
5022502,1009209,8,2,12.49,0.00
5022503,1009209,35,1,2.99,0.00
5022504,1009209,27,1,2.49,0.00
5022505,1009209,19,1,3.99,0.00
5022506,1009209,22,1,4.49,0.00
5022507,1009210,1,1,11.49,0.00
5022508,1009210,27,2,2.49,0.00
5022509,1009211,2,1,11.99,0.00
5022510,1009212,9,1,13.99,0.00
5022511,1009213,8,1,12.49,0.00
5022512,1009213,26,1,2.49,0.00
5022513,1009214,11,1,13.49,0.00
5022514,1009214,27,1,2.49,0.00
5022515,1009214,21,2,3.99,0.00
5022516,1009214,33,1,5.49,0.00
5022517,1009215,14,1,10.49,0.00
5022518,1009215,10,1,10.99,0.00
5022519,1009216,16,1,10.49,0.00
5022520,1009216,34,1,4.49,0.00
5022521,1009216,27,1,2.49,0.00
5022522,1009217,1,2,11.49,0.00
5022523,1009217,14,1,10.49,0.00
5022524,1009217,19,1,3.99,0.00
5022525,1009217,34,1,4.49,0.00
5022526,1009218,5,1,13.49,0.00
5022527,1009218,25,3,6.49,0.00
5022528,1009218,20,1,4.49,0.00
5022529,1009219,3,1,10.49,0.00
5022530,1009219,21,1,3.99,0.00
5022531,1009219,30,1,3.29,0.00
5022532,1009219,27,1,2.49,0.00
5022533,1009219,26,1,2.49,0.00
5022534,1009220,3,2,10.49,0.00
5022535,1009220,19,1,3.99,0.00
5022536,1009220,34,2,4.49,0.00
5022537,1009221,14,1,10.49,0.00
5022538,1009221,32,1,4.99,0.00
5022539,1009221,18,1,5.49,0.00
5022540,1009222,13,3,9.99,0.00
5022541,1009222,8,2,12.49,0.00
5022542,1009222,26,1,2.49,0.00
5022543,1009222,24,3,3.49,0.00
5022544,1009222,29,1,3.49,0.00
5022545,1009223,13,1,9.99,0.00
5022546,1009223,31,1,3.49,0.00
5022547,1009223,21,1,3.99,0.00
5022548,1009223,1,1,11.49,0.00
5022549,1009224,10,1,10.99,0.00
5022550,1009224,21,1,3.99,0.00
5022551,1009224,26,1,2.49,0.00
5022552,1009225,16,1,10.49,0.00
5022553,1009226,1,1,11.49,0.00
5022554,1009226,27,1,2.49,0.00
5022555,1009227,9,1,13.99,0.00
5022556,1009227,26,1,2.49,0.00
5022557,1009227,29,1,3.49,0.00
5022558,1009228,8,2,12.49,0.00
5022559,1009228,2,1,11.99,0.00
5022560,1009228,32,1,4.99,0.00
5022561,1009229,6,1,12.99,0.00
5022562,1009229,20,1,4.49,0.00
5022563,1009229,21,1,3.99,0.00
5022564,1009229,25,1,6.49,0.00
5022565,1009229,26,1,2.49,0.00
5022566,1009230,4,1,14.99,0.00
5022567,1009230,32,2,4.99,0.00
5022568,1009231,14,1,10.49,0.00
5022569,1009231,28,1,3.49,0.00
5022570,1009232,12,1,18.99,0.00
5022571,1009232,32,1,4.99,0.00
5022572,1009232,9,1,13.99,0.00
5022573,1009232,35,1,2.99,0.00
5022574,1009233,9,2,13.99,0.00
5022575,1009234,16,1,10.49,0.00
5022576,1009234,33,3,5.49,0.00
5022577,1009235,16,1,10.49,0.00
5022578,1009235,22,1,4.49,0.00
5022579,1009235,27,1,2.49,0.00
5022580,1009235,25,1,6.49,0.00
5022581,1009236,6,2,12.99,0.00
5022582,1009236,27,1,2.49,0.00
5022583,1009237,11,1,13.49,0.00
5022584,1009237,35,1,2.99,0.00
5022585,1009238,3,1,10.49,0.00
5022586,1009238,16,2,10.49,0.00
5022587,1009239,6,1,12.99,0.00
5022588,1009239,21,1,3.99,0.00
5022589,1009239,30,1,3.29,0.00
5022590,1009239,19,1,3.99,0.00
5022591,1009240,3,3,10.49,0.00
5022592,1009241,3,2,10.49,0.00
5022593,1009241,25,2,6.49,0.00
5022594,1009242,2,1,11.99,0.00
5022595,1009242,31,1,3.49,0.00
5022596,1009243,6,2,12.99,0.00
5022597,1009243,26,1,2.49,0.00
5022598,1009244,12,1,18.99,0.00
5022599,1009245,11,1,13.49,0.00
5022600,1009246,11,1,13.49,0.00
5022601,1009247,16,1,10.49,0.00
5022602,1009247,26,2,2.49,0.00
5022603,1009248,5,2,13.49,0.00
5022604,1009248,26,2,2.49,0.00
5022605,1009248,18,1,5.49,0.00
5022606,1009248,31,1,3.49,0.00
5022607,1009249,4,2,14.99,0.00
5022608,1009249,3,1,10.49,0.00
5022609,1009249,22,1,4.49,0.00
5022610,1009249,1,1,11.49,0.00
5022611,1009250,12,1,18.99,0.00
5022612,1009250,29,1,3.49,0.00
5022613,1009251,2,1,11.99,0.00
5022614,1009252,15,1,10.99,0.00
5022615,1009252,21,1,3.99,0.00
5022616,1009253,8,1,12.49,0.00
5022617,1009253,28,2,3.49,0.00
5022618,1009253,27,1,2.49,0.00
5022619,1009254,16,1,10.49,0.00
5022620,1009254,32,1,4.99,0.00
5022621,1009254,30,1,3.29,0.00
5022622,1009255,14,1,10.49,0.00
5022623,1009256,1,1,11.49,0.00
5022624,1009256,27,1,2.49,0.00
5022625,1009257,1,1,11.49,0.00
5022626,1009258,15,1,10.99,0.00
5022627,1009259,14,1,10.49,0.00
5022628,1009259,29,1,3.49,0.00
5022629,1009259,26,1,2.49,0.00
5022630,1009260,4,1,14.99,0.00
5022631,1009261,11,1,13.49,0.00
5022632,1009261,35,1,2.99,0.00
5022633,1009261,19,1,3.99,0.00
5022634,1009262,6,3,12.99,0.00
5022635,1009262,22,2,4.49,0.00
5022636,1009263,3,1,10.49,0.00
5022637,1009263,11,1,13.49,0.00
5022638,1009264,6,1,12.99,0.00
5022639,1009264,26,1,2.49,0.00
5022640,1009264,19,1,3.99,0.00
5022641,1009264,18,2,5.49,0.00
5022642,1009265,16,1,10.49,0.00
5022643,1009265,25,1,6.49,0.00
5022644,1009265,28,1,3.49,0.00
5022645,1009265,21,1,3.99,0.00
5022646,1009265,20,1,4.49,0.00
5022647,1009266,5,2,13.49,0.00
5022648,1009266,28,1,3.49,0.00
5022649,1009266,26,2,2.49,0.00
5022650,1009266,20,1,4.49,0.00
5022651,1009267,11,2,13.49,0.00
5022652,1009267,26,1,2.49,0.00
5022653,1009267,22,1,4.49,0.00
5022654,1009267,34,1,4.49,0.00
5022655,1009267,24,1,3.49,0.00
5022656,1009268,8,1,12.49,0.00
5022657,1009268,24,1,3.49,0.00
5022658,1009268,19,1,3.99,0.00
5022659,1009268,22,1,4.49,0.00
5022660,1009269,16,1,10.49,0.00
5022661,1009269,22,1,4.49,0.00
5022662,1009269,21,1,3.99,0.00
5022663,1009270,8,1,12.49,0.00
5022664,1009271,4,1,14.99,0.00
5022665,1009271,21,1,3.99,0.00
5022666,1009272,3,1,10.49,0.00
5022667,1009273,9,1,13.99,0.00
5022668,1009273,19,1,3.99,0.00
5022669,1009273,24,1,3.49,0.00
5022670,1009273,27,1,2.49,0.00
5022671,1009274,13,1,9.99,0.00
5022672,1009274,27,4,2.49,0.00
5022673,1009274,34,2,4.49,0.00
5022674,1009274,30,2,3.29,0.00
5022675,1009275,5,1,13.49,0.00
5022676,1009275,7,1,11.99,0.00
5022677,1009275,32,2,4.99,0.00
5022678,1009276,5,2,13.49,0.00
5022679,1009276,19,1,3.99,0.00
5022680,1009276,32,1,4.99,0.00
5022681,1009276,28,1,3.49,0.00
5022682,1009277,15,1,10.99,0.00
5022683,1009277,20,1,4.49,0.00
5022684,1009277,1,1,11.49,0.00
5022685,1009277,26,1,2.49,0.00
5022686,1009277,23,2,3.99,0.00
5022687,1009278,10,1,10.99,0.00
5022688,1009278,29,1,3.49,0.00
5022689,1009278,5,2,13.49,0.00
5022690,1009278,22,1,4.49,0.00
5022691,1009279,8,3,12.49,0.00
5022692,1009279,19,1,3.99,0.00
5022693,1009279,18,2,5.49,0.00
5022694,1009280,12,1,18.99,0.00
5022695,1009280,15,1,10.99,0.00
5022696,1009280,21,1,3.99,0.00
5022697,1009281,9,1,13.99,0.00
5022698,1009282,8,1,12.49,0.00
5022699,1009282,28,1,3.49,0.00
5022700,1009283,5,1,13.49,0.00
5022701,1009283,29,1,3.49,0.00
5022702,1009284,14,1,10.49,0.00
5022703,1009284,29,3,3.49,0.00
5022704,1009285,3,1,10.49,0.00
5022705,1009285,27,2,2.49,0.00
5022706,1009285,19,1,3.99,0.00
5022707,1009286,9,1,13.99,0.00
5022708,1009286,18,0,5.49,0.00
5022709,1009287,3,1,10.49,0.00
5022710,1009287,30,1,3.29,0.00
5022711,1009287,8,1,12.49,0.00
5022712,1009287,27,1,2.49,0.00
5022713,1009287,5,1,13.49,0.00
5022714,1009288,11,1,13.49,0.00
5022715,1009288,7,1,11.99,0.00
5022716,1009288,27,2,2.49,0.00
5022717,1009289,5,1,13.49,0.00
5022718,1009289,28,1,3.49,0.00
5022719,1009289,21,1,3.99,0.00
5022720,1009289,32,1,4.99,0.00
5022721,1009289,34,1,4.49,0.00
5022722,1009289,29,1,3.49,0.00
5022723,1009290,8,1,12.49,0.00
5022724,1009290,26,1,2.49,0.00
5022725,1009290,27,2,2.49,0.00
5022726,1009291,3,1,10.49,0.00
5022727,1009291,25,1,6.49,0.00
5022728,1009291,23,1,3.99,0.00
5022729,1009292,11,1,13.49,0.00
5022730,1009292,19,1,3.99,0.00
5022731,1009292,25,1,6.49,0.00
5022732,1009292,26,1,2.49,0.00
5022733,1009293,4,1,14.99,0.00
5022734,1009293,34,1,4.49,0.00
5022735,1009294,7,1,11.99,0.00
5022736,1009294,34,1,4.49,0.00
5022737,1009294,18,1,5.49,0.00
5022738,1009295,9,1,13.99,0.00
5022739,1009296,1,1,11.49,0.00
5022740,1009296,3,1,10.49,0.00
5022741,1009296,21,1,3.99,0.00
5022742,1009297,7,1,11.99,0.00
5022743,1009298,13,2,9.99,0.00
5022744,1009298,27,1,2.49,0.00
5022745,1009298,26,3,2.49,0.00
5022746,1009299,1,1,11.49,0.00
5022747,1009299,22,1,4.49,0.00
5022748,1009299,27,1,2.49,0.00
5022749,1009300,8,2,12.49,0.00
5022750,1009300,26,3,2.49,0.00
5022751,1009300,28,1,3.49,0.00
5022752,1009300,29,1,3.49,0.00
5022753,1009300,18,1,5.49,0.00
5022754,1009301,5,1,13.49,0.00
5022755,1009301,31,1,3.49,0.00
5022756,1009302,4,1,14.99,0.00
5022757,1009302,24,1,3.49,0.00
5022758,1009302,31,3,3.49,0.00
5022759,1009303,3,1,10.49,0.00
5022760,1009303,11,2,13.49,0.00
5022761,1009304,8,1,12.49,0.00
5022762,1009304,22,1,4.49,0.00
5022763,1009305,10,2,10.99,0.00
5022764,1009305,21,1,3.99,0.00
5022765,1009306,8,1,12.49,0.00
5022766,1009306,31,1,3.49,0.00
5022767,1009307,8,1,12.49,0.00
5022768,1009307,2,1,11.99,0.00
5022769,1009308,11,1,13.49,0.00
5022770,1009308,19,1,3.99,0.00
5022771,1009309,7,1,11.99,0.00
5022772,1009310,9,1,13.99,0.00
5022773,1009311,6,1,12.99,0.00
5022774,1009311,23,1,3.99,0.00
5022775,1009311,20,3,4.49,0.00
5022776,1009312,15,1,10.99,0.00
5022777,1009312,18,1,5.49,0.00
5022778,1009313,5,1,13.49,0.00
5022779,1009313,27,1,2.49,0.00
5022780,1009314,5,1,13.49,0.00
5022781,1009315,3,1,10.49,0.00
5022782,1009315,5,1,13.49,0.00
5022783,1009315,28,2,3.49,0.00
5022784,1009316,3,1,10.49,0.00
5022785,1009317,6,1,12.99,0.00
5022786,1009317,34,2,4.49,0.00
5022787,1009317,18,2,5.49,0.00
5022788,1009318,10,1,10.99,0.00
5022789,1009318,6,1,12.99,0.00
5022790,1009318,26,1,2.49,0.00
5022791,1009319,2,1,11.99,0.00
5022792,1009319,22,1,4.49,0.00
5022793,1009320,3,2,10.49,0.00
5022794,1009321,2,1,11.99,0.00
5022795,1009321,21,1,3.99,0.00
5022796,1009322,1,1,11.49,0.00
5022797,1009322,28,1,3.49,0.00
5022798,1009322,11,1,13.49,0.00
5022799,1009323,6,1,12.99,0.00
5022800,1009323,19,2,3.99,0.00
5022801,1009323,29,1,3.49,0.00
5022802,1009323,22,1,4.49,0.00
5022803,1009324,3,1,10.49,0.00
5022804,1009324,26,1,2.49,0.00
5022805,1009324,28,1,3.49,0.00
5022806,1009325,15,1,10.99,0.00
5022807,1009325,27,2,2.49,0.00
5022808,1009325,20,1,4.49,0.00
5022809,1009325,26,0,2.49,0.00
5022810,1009326,16,1,10.49,0.00
5022811,1009327,11,3,13.49,0.00
5022812,1009327,27,1,2.49,0.00
5022813,1009328,10,2,10.99,0.00
5022814,1009328,8,1,12.49,0.00
5022815,1009328,18,1,5.49,0.00
5022816,1009329,15,1,10.99,0.00
5022817,1009329,24,1,3.49,0.00
5022818,1009330,12,1,18.99,0.00
5022819,1009331,9,1,13.99,0.00
5022820,1009331,32,1,4.99,0.00
5022821,1009331,25,1,6.49,0.00
5022822,1009331,22,1,4.49,0.00
5022823,1009332,3,1,10.49,0.00
5022824,1009333,7,2,11.99,0.00
5022825,1009333,32,1,4.99,0.00
5022826,1009333,35,1,2.99,0.00
5022827,1009334,3,1,10.49,0.00
5022828,1009335,13,1,9.99,0.00
5022829,1009335,3,2,10.49,0.00
5022830,1009336,1,1,11.49,0.00
5022831,1009336,19,1,3.99,0.00
5022832,1009337,13,1,9.99,0.00
5022833,1009337,27,1,2.49,0.00
5022834,1009338,3,1,10.49,0.00
5022835,1009338,29,1,3.49,0.00
5022836,1009338,30,1,3.29,0.00
5022837,1009338,26,1,2.49,0.00
5022838,1009339,7,1,11.99,0.00
5022839,1009339,27,1,2.49,0.00
5022840,1009339,26,2,2.49,0.00
5022841,1009340,12,1,18.99,0.00
5022842,1009340,27,1,2.49,0.00
5022843,1009341,12,2,18.99,0.00
5022844,1009342,3,1,10.49,0.00
5022845,1009342,25,1,6.49,0.00
5022846,1009343,15,1,10.99,0.00
5022847,1009343,19,1,3.99,0.00
5022848,1009343,24,1,3.49,0.00
5022849,1009343,21,2,3.99,0.00
5022850,1009344,11,1,13.49,0.00
5022851,1009345,11,1,13.49,0.00
5022852,1009345,25,1,6.49,0.00
5022853,1009346,14,1,10.49,0.00
5022854,1009346,29,1,3.49,0.00
5022855,1009347,1,1,11.49,0.00
5022856,1009348,3,3,10.49,0.00
5022857,1009348,23,1,3.99,0.00
5022858,1009348,32,1,4.99,0.00
5022859,1009348,18,1,5.49,0.00
5022860,1009348,26,1,2.49,0.00
5022861,1009349,4,1,14.99,0.00
5022862,1009350,6,1,12.99,0.00
5022863,1009350,27,1,2.49,0.00
5022864,1009350,23,2,3.99,0.00
5022865,1009350,26,1,2.49,0.00
5022866,1009351,5,1,13.49,0.00
5022867,1009351,33,1,5.49,0.00
5022868,1009351,7,2,11.99,0.00
5022869,1009351,27,2,2.49,0.00
5022870,1009352,14,1,10.49,0.00
5022871,1009353,2,-1,11.99,0.00
5022872,1009353,21,1,3.99,0.00
5022873,1009353,28,3,3.49,0.00
5022874,1009353,32,1,4.99,0.00
5022875,1009354,7,1,11.99,0.00
5022876,1009354,19,3,3.99,0.00
5022877,1009354,29,1,3.49,0.00
5022878,1009354,22,1,4.49,0.00
5022879,1009354,27,1,2.49,0.00
5022880,1009355,3,1,10.49,0.00
5022881,1009356,11,1,13.49,0.00
5022882,1009356,26,-1,2.49,0.00
5022883,1009357,8,1,12.49,0.00
5022884,1009357,26,1,2.49,0.00
5022885,1009358,3,1,10.49,0.00
5022886,1009359,4,1,14.99,0.00
5022887,1009360,2,1,11.99,0.00
5022888,1009361,2,1,11.99,0.00
5022889,1009361,25,1,6.49,0.00
5022890,1009362,3,1,10.49,0.00
5022891,1009362,21,1,3.99,0.00
5022892,1009363,10,1,10.99,0.00
5022893,1009363,28,1,3.49,0.00
5022894,1009364,3,1,10.49,0.00
5022895,1009364,24,1,3.49,0.00
5022896,1009365,2,1,11.99,0.00
5022897,1009365,20,1,4.49,0.00
5022898,1009366,11,1,13.49,0.00
5022899,1009366,21,2,3.99,0.00
5022900,1009367,8,1,12.49,0.00
5022901,1009368,14,1,10.49,0.00
5022902,1009369,8,1,12.49,0.00
5022903,1009369,26,1,2.49,0.00
5022904,1009369,23,1,3.99,0.00
5022905,1009369,10,1,10.99,0.00
5022906,1009370,1,1,11.49,0.00
5022907,1009370,26,1,2.49,0.00
5022908,1009370,32,1,4.99,0.00
5022909,1009371,7,1,11.99,0.00
5022910,1009372,8,2,12.49,0.00
5022911,1009372,22,1,4.49,0.00
5022912,1009373,6,1,12.99,0.00
5022913,1009374,7,2,11.99,0.00
5022914,1009374,27,1,2.49,0.00
5022915,1009374,24,1,3.49,0.00
5022916,1009374,5,2,13.49,0.00
5022917,1009375,8,1,12.49,0.00
5022918,1009375,27,1,2.49,0.00
5022919,1009375,29,1,3.49,0.00
5022920,1009375,18,1,5.49,0.00
5022921,1009376,5,1,13.49,0.00
5022922,1009377,1,1,11.49,0.00
5022923,1009377,27,1,2.49,0.00
5022924,1009378,15,2,10.99,0.00
5022925,1009379,2,1,11.99,0.00
5022926,1009379,24,1,3.49,0.00
5022927,1009379,29,1,3.49,0.00
5022928,1009379,18,1,5.49,0.00
5022929,1009379,28,1,3.49,0.00
5022930,1009380,14,1,10.49,0.00
5022931,1009381,14,1,10.49,0.00
5022932,1009382,3,1,10.49,0.00
5022933,1009382,21,1,3.99,0.00
5022934,1009382,19,1,3.99,0.00
5022935,1009383,6,1,12.99,0.00
5022936,1009383,32,1,4.99,0.00
5022937,1009384,6,1,12.99,0.00
5022938,1009384,1,1,11.49,0.00
5022939,1009385,13,1,9.99,0.00
5022940,1009385,28,2,3.49,0.00
5022941,1009385,25,2,6.49,0.00
5022942,1009386,9,2,13.99,0.00
5022943,1009386,27,1,2.49,0.00
5022944,1009387,6,1,12.99,0.00
5022945,1009387,21,2,3.99,0.00
5022946,1009387,26,1,2.49,0.00
5022947,1009387,27,1,2.49,0.00
5022948,1009388,8,1,12.49,0.00
5022949,1009388,21,2,3.99,0.00
5022950,1009388,30,1,3.29,0.00
5022951,1009389,3,1,10.49,0.00
5022952,1009389,23,1,3.99,0.00
5022953,1009390,6,1,12.99,0.00
5022954,1009390,18,1,5.49,0.00
5022955,1009391,5,2,13.49,0.00
5022956,1009391,28,2,3.49,0.00
5022957,1009391,29,1,3.49,0.00
5022958,1009392,13,1,9.99,0.00
5022959,1009392,11,1,13.49,0.00
5022960,1009392,26,1,2.49,0.00
5022961,1009392,32,1,4.99,0.00
5022962,1009393,3,1,10.49,0.00
5022963,1009393,22,1,4.49,0.00
5022964,1009393,23,1,3.99,0.00
5022965,1009394,12,2,18.99,0.00
5022966,1009394,32,2,4.99,0.00
5022967,1009395,5,1,13.49,0.00
5022968,1009395,26,1,2.49,0.00
5022969,1009395,32,1,4.99,0.00
5022970,1009396,11,1,13.49,0.00
5022971,1009396,14,1,10.49,0.00
5022972,1009396,28,1,3.49,0.00
5022973,1009397,4,1,14.99,0.00
5022974,1009398,11,3,13.49,0.00
5022975,1009398,34,2,4.49,0.00
5022976,1009398,22,1,4.49,0.00
5022977,1009398,21,1,3.99,0.00
5022978,1009399,5,1,13.49,0.00
5022979,1009399,1,1,11.49,0.00
5022980,1009399,34,1,4.49,0.00
5022981,1009399,19,1,3.99,0.00
5022982,1009399,30,1,3.29,0.00
5022983,1009400,6,1,12.99,0.00
5022984,1009400,18,1,5.49,0.00
5022985,1009401,4,1,14.99,0.00
5022986,1009401,28,1,3.49,0.00
5022987,1009401,25,2,6.49,0.00
5022988,1009402,6,1,12.99,0.00
5022989,1009402,22,1,4.49,0.00
5022990,1009403,11,1,13.49,0.00
5022991,1009403,34,1,4.49,0.00
5022992,1009404,13,1,9.99,0.00
5022993,1009404,34,1,4.49,0.00
5022994,1009405,8,1,12.49,0.00
5022995,1009405,18,1,5.49,0.00
5022996,1009405,28,1,3.49,0.00
5022997,1009405,21,3,3.99,0.00
5022998,1009406,3,1,10.49,0.00
5022999,1009406,25,1,6.49,0.00
5023000,1009407,7,1,11.99,0.00
5023001,1009407,2,1,11.99,0.00
5023002,1009407,29,2,3.49,0.00
5023003,1009408,14,2,10.49,0.00
5023004,1009408,18,1,5.49,0.00
5023005,1009408,32,1,4.99,0.00
5023006,1009408,25,1,6.49,0.00
5023007,1009408,27,1,2.49,0.00
5023008,1009409,15,1,10.99,0.00
5023009,1009409,20,1,4.49,0.00
5023010,1009409,7,1,11.99,0.00
5023011,1009409,28,1,3.49,0.00
5023012,1009409,35,1,2.99,0.00
5023013,1009409,26,1,2.49,0.00
5023014,1009410,12,1,18.99,0.00
5023015,1009411,5,1,13.49,0.00
5023016,1009411,26,1,2.49,0.00
5023017,1009411,27,1,2.49,0.00
5023018,1009411,21,1,3.99,0.00
5023019,1009412,11,1,13.49,0.00
5023020,1009412,27,1,2.49,0.00
5023021,1009413,11,1,13.49,0.00
5023022,1009413,26,1,2.49,0.00
5023023,1009413,27,1,2.49,0.00
5023024,1009413,19,1,3.99,0.00
5023025,1009413,21,1,3.99,0.00
5023026,1009414,6,1,12.99,0.00
5023027,1009414,19,1,3.99,0.00
5023028,1009415,15,1,10.99,0.00
5023029,1009415,19,1,3.99,0.00
5023030,1009416,8,1,12.49,0.00
5023031,1009416,19,3,3.99,0.00
5023032,1009417,1,1,11.49,0.00
5023033,1009417,18,1,5.49,0.00
5023034,1009417,31,2,3.49,0.00
5023035,1009418,11,1,13.49,0.00
5023036,1009418,27,1,2.49,0.00
5023037,1009419,1,1,11.49,0.00
5023038,1009419,21,1,3.99,0.00
5023039,1009420,14,1,10.49,0.00
5023040,1009420,34,1,4.49,0.00
5023041,1009420,23,1,3.99,0.00
5023042,1009421,2,1,11.99,0.00
5023043,1009422,7,1,11.99,0.00
5023044,1009422,34,0,4.49,0.00
5023045,1009422,27,1,2.49,0.00
5023046,1009422,33,1,5.49,0.00
5023047,1009423,2,1,11.99,0.00
5023048,1009423,19,1,3.99,0.00
5023049,1009424,1,1,11.49,0.00
5023050,1009424,27,1,2.49,0.00
5023051,1009425,1,1,11.49,0.00
5023052,1009425,20,1,4.49,0.00
5023053,1009425,23,1,3.99,0.00
5023054,1009425,27,1,2.49,0.00
5023055,1009426,15,1,10.99,0.00
5023056,1009426,30,2,3.29,0.00
5023057,1009427,3,1,10.49,0.00
5023058,1009427,34,1,4.49,0.00
5023059,1009427,28,1,3.49,0.00
5023060,1009428,15,1,10.99,0.00
5023061,1009428,18,1,5.49,0.00
5023062,1009429,8,1,12.49,0.00
5023063,1009429,4,1,14.99,0.00
5023064,1009430,2,1,11.99,0.00
5023065,1009430,26,1,2.49,0.00
5023066,1009431,11,1,13.49,0.00
5023067,1009432,1,1,11.49,0.00
5023068,1009432,23,1,3.99,0.00
5023069,1009433,14,2,10.49,0.00
5023070,1009434,4,1,14.99,0.00
5023071,1009434,19,1,3.99,0.00
5023072,1009434,22,1,4.49,0.00
5023073,1009434,8,1,12.49,0.00
5023074,1009435,16,1,10.49,0.00
5023075,1009435,32,1,4.99,0.00
5023076,1009435,34,1,4.49,0.00
5023077,1009436,1,1,11.49,0.00
5023078,1009436,26,2,2.49,0.00
5023079,1009436,18,1,5.49,0.00
5023080,1009436,21,-1,3.99,0.00
5023081,1009437,15,1,10.99,0.00
5023082,1009437,23,2,3.99,0.00
5023083,1009437,27,1,2.49,0.00
5023084,1009438,13,1,9.99,0.00
5023085,1009439,5,1,13.49,0.00
5023086,1009440,6,1,12.99,0.00
5023087,1009440,18,1,5.49,0.00
5023088,1009440,31,3,3.49,0.00
5023089,1009440,26,2,2.49,0.00
5023090,1009440,27,-1,2.49,0.00
5023091,1009441,14,1,10.49,0.00
5023092,1009441,30,1,3.29,0.00
5023093,1009442,7,1,11.99,0.00
5023094,1009442,29,1,3.49,0.00
5023095,1009442,28,1,3.49,0.00
5023096,1009443,5,1,13.49,0.00
5023097,1009444,9,1,13.99,0.00
5023098,1009444,29,1,3.49,0.00
5023099,1009445,8,1,12.49,0.00
5023100,1009445,26,1,2.49,0.00
5023101,1009446,8,1,12.49,0.00
5023102,1009446,29,1,3.49,0.00
5023103,1009447,3,1,10.49,0.00
5023104,1009447,27,1,2.49,0.00
5023105,1009448,10,1,10.99,0.00
5023106,1009448,33,1,5.49,0.00
5023107,1009449,4,1,14.99,0.00
5023108,1009449,32,1,4.99,0.00
5023109,1009450,16,1,10.49,0.00
5023110,1009450,21,2,3.99,0.00
5023111,1009450,26,1,2.49,0.00
5023112,1009451,8,1,12.49,0.00
5023113,1009452,12,1,18.99,0.00
5023114,1009452,23,1,3.99,0.00
5023115,1009453,9,1,13.99,0.00
5023116,1009453,22,1,4.49,0.00
5023117,1009454,8,1,12.49,0.00
5023118,1009454,29,1,3.49,0.00
5023119,1009454,22,1,4.49,0.00
5023120,1009454,16,2,10.49,0.00
5023121,1009455,1,1,11.49,0.00
5023122,1009455,28,1,3.49,0.00
5023123,1009455,7,1,11.99,0.00
5023124,1009456,3,2,10.49,0.00
5023125,1009456,26,1,2.49,0.00
5023126,1009456,28,1,3.49,0.00
5023127,1009456,31,1,3.49,0.00
5023128,1009456,20,1,4.49,0.00
5023129,1009457,5,1,13.49,0.00
5023130,1009457,19,2,3.99,0.00
5023131,1009458,14,1,10.49,0.00
5023132,1009458,18,1,5.49,0.00
5023133,1009459,16,1,10.49,0.00
5023134,1009459,25,1,6.49,0.00
5023135,1009459,27,1,2.49,0.00
5023136,1009460,2,2,11.99,0.00
5023137,1009460,19,1,3.99,0.00
5023138,1009461,2,1,11.99,0.00
5023139,1009461,34,2,4.49,0.00
5023140,1009462,15,1,10.99,0.00
5023141,1009462,1,1,11.49,0.00
5023142,1009463,14,1,10.49,0.00
5023143,1009464,2,2,11.99,0.00
5023144,1009464,27,1,2.49,0.00
5023145,1009464,30,1,3.29,0.00
5023146,1009464,20,1,4.49,0.00
5023147,1009464,18,1,5.49,0.00
5023148,1009465,9,1,13.99,0.00
5023149,1009465,19,1,3.99,0.00
5023150,1009466,1,1,11.49,0.00
5023151,1009466,14,1,10.49,0.00
5023152,1009466,34,1,4.49,0.00
5023153,1009467,13,1,9.99,0.00
5023154,1009467,26,1,2.49,0.00
5023155,1009467,21,2,3.99,0.00
5023156,1009467,19,1,3.99,0.00
5023157,1009467,23,1,3.99,0.00
5023158,1009468,1,1,11.49,0.00
5023159,1009469,7,1,11.99,0.00
5023160,1009469,30,1,3.29,0.00
5023161,1009469,31,1,3.49,0.00
5023162,1009470,13,1,9.99,0.00
5023163,1009470,27,1,2.49,0.00
5023164,1009470,19,1,3.99,0.00
5023165,1009470,34,1,4.49,0.00
5023166,1009471,15,-2,10.99,0.00
5023167,1009471,28,2,3.49,0.00
5023168,1009472,16,1,10.49,0.00
5023169,1009472,35,1,2.99,0.00
5023170,1009472,33,1,5.49,0.00
5023171,1009472,2,0,11.99,0.00
5023172,1009473,12,2,18.99,0.00
5023173,1009473,21,1,3.99,0.00
5023174,1009473,22,1,4.49,0.00
5023175,1009474,1,2,11.49,0.00
5023176,1009475,1,1,11.49,0.00
5023177,1009475,32,1,4.99,0.00
5023178,1009475,2,1,11.99,0.00
5023179,1009475,27,1,2.49,0.00
5023180,1009476,3,1,10.49,0.00
5023181,1009476,31,2,3.49,0.00
5023182,1009477,1,1,11.49,0.00
5023183,1009477,33,1,5.49,0.00
5023184,1009478,8,1,12.49,0.00
5023185,1009478,21,1,3.99,0.00
5023186,1009478,27,1,2.49,0.00
5023187,1009478,28,1,3.49,0.00
5023188,1009479,14,2,10.49,0.00
5023189,1009479,7,3,11.99,0.00
5023190,1009480,11,1,13.49,0.00
5023191,1009480,22,1,4.49,0.00
5023192,1009481,3,1,10.49,0.00
5023193,1009481,23,1,3.99,0.00
5023194,1009481,29,1,3.49,0.00
5023195,1009482,4,1,14.99,0.00
5023196,1009483,15,3,10.99,0.00
5023197,1009483,35,1,2.99,0.00
5023198,1009483,26,1,2.49,0.00
5023199,1009484,1,3,11.49,0.00
5023200,1009484,35,1,2.99,0.00
5023201,1009485,10,1,10.99,0.00
5023202,1009486,1,1,11.49,0.00
5023203,1009486,2,1,11.99,0.00
5023204,1009486,25,1,6.49,0.00
5023205,1009486,26,2,2.49,0.00
5023206,1009487,13,0,9.99,0.00
5023207,1009488,13,1,9.99,0.00
5023208,1009488,18,3,5.49,0.00
5023209,1009489,1,2,11.49,0.00
5023210,1009490,1,1,11.49,0.00
5023211,1009490,26,1,2.49,0.00
5023212,1009490,18,1,5.49,0.00
5023213,1009491,13,1,9.99,0.00
5023214,1009491,27,2,2.49,0.00
5023215,1009491,25,1,6.49,0.00
5023216,1009491,20,2,4.49,0.00
5023217,1009492,14,1,10.49,0.00
5023218,1009492,5,1,13.49,0.00
5023219,1009493,4,1,14.99,0.00
5023220,1009494,7,1,11.99,0.00
5023221,1009494,27,1,2.49,0.00
5023222,1009494,34,1,4.49,0.00
5023223,1009494,29,1,3.49,0.00
5023224,1009495,14,1,10.49,0.00
5023225,1009496,7,1,11.99,0.00
5023226,1009496,29,1,3.49,0.00
5023227,1009496,26,2,2.49,0.00
5023228,1009496,34,2,4.49,0.00
5023229,1009496,28,2,3.49,0.00
5023230,1009497,5,1,13.49,0.00
5023231,1009497,21,1,3.99,0.00
5023232,1009498,4,1,14.99,0.00
5023233,1009498,26,1,2.49,0.00
5023234,1009499,9,1,13.99,0.00
5023235,1009499,35,1,2.99,0.00
5023236,1009499,22,1,4.49,0.00
5023237,1009500,1,1,11.49,0.00
5023238,1009500,28,1,3.49,0.00
5023239,1009501,3,1,10.49,0.00
5023240,1009501,22,1,4.49,0.00
5023241,1009501,33,1,5.49,0.00
5023242,1009502,10,1,10.99,0.00
5023243,1009502,30,1,3.29,0.00
5023244,1009503,8,-1,12.49,0.00
5023245,1009504,6,1,12.99,0.00
5023246,1009504,21,1,3.99,0.00
5023247,1009504,27,1,2.49,0.00
5023248,1009505,12,1,18.99,0.00
5023249,1009506,3,2,10.49,0.00
5023250,1009506,34,1,4.49,0.00
5023251,1009507,16,1,10.49,0.00
5023252,1009507,27,1,2.49,0.00
5023253,1009508,8,2,12.49,0.00
5023254,1009508,25,1,6.49,0.00
5023255,1009509,8,1,12.49,0.00
5023256,1009509,26,1,2.49,0.00
5023257,1009510,3,1,10.49,0.00
5023258,1009510,30,3,3.29,0.00
5023259,1009510,21,1,3.99,0.00
5023260,1009510,20,1,4.49,0.00
5023261,1009510,27,1,2.49,0.00
5023262,1009511,10,1,10.99,0.00
5023263,1009511,29,1,3.49,0.00
5023264,1009512,6,1,12.99,0.00
5023265,1009512,25,1,6.49,0.00
5023266,1009513,10,1,10.99,0.00
5023267,1009513,28,1,3.49,0.00
5023268,1009514,6,1,12.99,0.00
5023269,1009514,30,1,3.29,0.00
5023270,1009514,13,1,9.99,0.00
5023271,1009515,1,1,11.49,0.00
5023272,1009515,29,1,3.49,0.00
5023273,1009515,18,2,5.49,0.00
5023274,1009515,23,2,3.99,0.00
5023275,1009516,15,2,10.99,0.00
5023276,1009516,19,5,3.99,0.00
5023277,1009516,26,1,2.49,0.00
5023278,1009517,5,1,13.49,0.00
5023279,1009517,27,1,2.49,0.00
5023280,1009517,35,1,2.99,0.00
5023281,1009518,14,1,10.49,0.00
5023282,1009518,26,1,2.49,0.00
5023283,1009519,2,1,11.99,0.00
5023284,1009519,20,2,4.49,0.00
5023285,1009520,2,3,11.99,0.00
5023286,1009521,15,1,10.99,0.00
5023287,1009521,21,2,3.99,0.00
5023288,1009522,4,3,14.99,0.00
5023289,1009522,24,1,3.49,0.00
5023290,1009522,22,1,4.49,0.00
5023291,1009523,8,1,12.49,0.00
5023292,1009523,22,1,4.49,0.00
5023293,1009523,18,1,5.49,0.00
5023294,1009523,33,1,5.49,0.00
5023295,1009524,6,1,12.99,0.00
5023296,1009525,5,1,13.49,0.00
5023297,1009525,28,1,3.49,0.00
5023298,1009526,5,1,13.49,0.00
5023299,1009526,24,1,3.49,0.00
5023300,1009527,15,1,10.99,0.00
5023301,1009527,26,1,2.49,0.00
5023302,1009528,1,1,11.49,0.00
5023303,1009528,24,1,3.49,0.00
5023304,1009529,14,1,10.49,0.00
5023305,1009529,4,1,14.99,0.00
5023306,1009530,2,1,11.99,0.00
5023307,1009530,21,1,3.99,0.00
5023308,1009530,19,1,3.99,0.00
5023309,1009530,26,1,2.49,0.00
5023310,1009530,18,1,5.49,0.00
5023311,1009530,32,1,4.99,0.00
5023312,1009531,6,1,12.99,0.00
5023313,1009531,25,1,6.49,0.00
5023314,1009531,26,1,2.49,0.00
5023315,1009532,8,1,12.49,0.00
5023316,1009532,2,1,11.99,0.00
5023317,1009532,28,1,3.49,0.00
5023318,1009532,29,2,3.49,0.00
5023319,1009533,3,1,10.49,0.00
5023320,1009533,35,1,2.99,0.00
5023321,1009533,27,1,2.49,0.00
5023322,1009534,9,3,13.99,0.00
5023323,1009534,1,1,11.49,0.00
5023324,1009534,23,1,3.99,0.00
5023325,1009535,3,1,10.49,0.00
5023326,1009535,34,2,4.49,0.00
5023327,1009536,1,1,11.49,0.00
5023328,1009537,4,2,14.99,0.00
5023329,1009538,4,1,14.99,0.00
5023330,1009539,7,1,11.99,0.00
5023331,1009539,29,1,3.49,0.00
5023332,1009540,16,2,10.49,0.00
5023333,1009540,32,1,4.99,0.00
5023334,1009541,12,1,18.99,0.00
5023335,1009541,19,1,3.99,0.00
5023336,1009542,1,1,11.49,0.00
5023337,1009543,4,1,14.99,0.00
5023338,1009543,29,1,3.49,0.00
5023339,1009544,2,1,11.99,0.00
5023340,1009544,27,1,2.49,0.00
5023341,1009545,1,1,11.49,0.00
5023342,1009545,26,2,2.49,0.00
5023343,1009545,21,3,3.99,0.00
5023344,1009546,3,1,10.49,0.00
5023345,1009546,22,2,4.49,0.00
5023346,1009546,28,1,3.49,0.00
5023347,1009547,4,1,14.99,0.00
5023348,1009547,27,1,2.49,0.00
5023349,1009548,11,2,13.49,0.00
5023350,1009548,27,1,2.49,0.00
5023351,1009548,26,1,2.49,0.00
5023352,1009549,8,1,12.49,0.00
5023353,1009550,13,1,9.99,0.00
5023354,1009551,5,1,13.49,0.00
5023355,1009551,26,1,2.49,0.00
5023356,1009552,6,1,12.99,0.00
5023357,1009552,26,1,2.49,0.00
5023358,1009552,19,1,3.99,0.00
5023359,1009553,11,1,13.49,0.00
5023360,1009553,27,1,2.49,0.00
5023361,1009554,11,1,13.49,0.00
5023362,1009555,6,1,12.99,0.00
5023363,1009555,26,2,2.49,0.00
5023364,1009555,9,1,13.99,0.00
5023365,1009555,25,1,6.49,0.00
5023366,1009556,10,1,10.99,0.00
5023367,1009556,24,1,3.49,0.00
5023368,1009556,22,1,4.49,0.00
5023369,1009556,18,1,5.49,0.00
5023370,1009556,26,-1,2.49,0.00
5023371,1009557,8,1,12.49,0.00
5023372,1009557,20,1,4.49,0.00
5023373,1009558,14,1,10.49,0.00
5023374,1009558,26,2,2.49,0.00
5023375,1009559,3,1,10.49,0.00
5023376,1009559,27,2,2.49,0.00
5023377,1009559,32,1,4.99,0.00
5023378,1009560,8,1,12.49,0.00
5023379,1009560,28,1,3.49,0.00
5023380,1009561,1,1,11.49,0.00
5023381,1009561,31,1,3.49,0.00
5023382,1009562,4,1,14.99,0.00
5023383,1009562,29,1,3.49,0.00
5023384,1009563,11,1,13.49,0.00
5023385,1009563,19,3,3.99,0.00
5023386,1009563,23,1,3.99,0.00
5023387,1009563,24,1,3.49,0.00
5023388,1009563,22,1,4.49,0.00
5023389,1009563,27,3,2.49,0.00
5023390,1009564,2,1,11.99,0.00
5023391,1009564,26,2,2.49,0.00
5023392,1009564,31,1,3.49,0.00
5023393,1009565,3,3,10.49,0.00
5023394,1009566,8,2,12.49,0.00
5023395,1009566,27,1,2.49,0.00
5023396,1009566,22,1,4.49,0.00
5023397,1009567,7,1,11.99,0.00
5023398,1009567,15,1,10.99,0.00
5023399,1009567,35,1,2.99,0.00
5023400,1009568,12,1,18.99,0.00
5023401,1009569,2,3,11.99,0.00
5023402,1009569,30,3,3.29,0.00
5023403,1009569,28,1,3.49,0.00
5023404,1009569,26,1,2.49,0.00
5023405,1009569,29,1,3.49,0.00
5023406,1009570,8,1,12.49,0.00
5023407,1009570,25,1,6.49,0.00
5023408,1009570,7,1,11.99,0.00
5023409,1009570,11,1,13.49,0.00
5023410,1009571,11,2,13.49,0.00
5023411,1009571,22,1,4.49,0.00
5023412,1009571,32,1,4.99,0.00
5023413,1009572,15,2,10.99,0.00
5023414,1009573,5,1,13.49,0.00
5023415,1009574,5,1,13.49,0.00
5023416,1009574,20,1,4.49,0.00
5023417,1009575,8,1,12.49,0.00
5023418,1009575,35,1,2.99,0.00
5023419,1009576,12,1,18.99,0.00
5023420,1009577,6,1,12.99,0.00
5023421,1009577,34,3,4.49,0.00
5023422,1009578,6,3,12.99,0.00
5023423,1009578,31,1,3.49,0.00
5023424,1009579,12,1,18.99,0.00
5023425,1009579,18,1,5.49,0.00
5023426,1009579,29,1,3.49,0.00
5023427,1009579,33,1,5.49,0.00
5023428,1009580,13,2,9.99,0.00
5023429,1009580,23,1,3.99,0.00
5023430,1009581,3,1,10.49,0.00
5023431,1009581,11,1,13.49,0.00
5023432,1009582,6,1,12.99,0.00
5023433,1009583,5,2,13.49,0.00
5023434,1009584,16,1,10.49,0.00
5023435,1009585,15,1,10.99,0.00
5023436,1009585,30,2,3.29,0.00
5023437,1009586,4,1,14.99,0.00
5023438,1009586,23,1,3.99,0.00
5023439,1009586,31,1,3.49,0.00
5023440,1009587,15,1,10.99,0.00
5023441,1009587,25,1,6.49,0.00
5023442,1009587,32,1,4.99,0.00
5023443,1009588,9,1,13.99,0.00
5023444,1009588,21,1,3.99,0.00
5023445,1009588,20,1,4.49,0.00
5023446,1009588,34,1,4.49,0.00
5023447,1009589,6,2,12.99,0.00
5023448,1009589,27,1,2.49,0.00
5023449,1009590,4,1,14.99,0.00
5023450,1009590,26,1,2.49,0.00
5023451,1009590,28,1,3.49,0.00
5023452,1009590,21,1,3.99,0.00
5023453,1009591,10,1,10.99,0.00
5023454,1009591,28,1,3.49,0.00
5023455,1009591,27,1,2.49,0.00
5023456,1009592,8,1,12.49,0.00
5023457,1009592,26,2,2.49,0.00
5023458,1009593,3,3,10.49,0.00
5023459,1009593,20,1,4.49,0.00
5023460,1009594,2,1,11.99,0.00
5023461,1009594,34,2,4.49,0.00
5023462,1009594,30,1,3.29,0.00
5023463,1009594,19,1,3.99,0.00
5023464,1009594,1,1,11.49,0.00
5023465,1009595,14,1,10.49,0.00
5023466,1009595,18,1,5.49,0.00
5023467,1009595,21,1,3.99,0.00
5023468,1009595,29,1,3.49,0.00
5023469,1009595,33,1,5.49,0.00
5023470,1009596,7,3,11.99,0.00
5023471,1009596,18,3,5.49,0.00
5023472,1009596,27,2,2.49,0.00
5023473,1009596,26,3,2.49,0.00
5023474,1009597,1,3,11.49,0.00
5023475,1009598,8,1,12.49,0.00
5023476,1009598,26,1,2.49,0.00
5023477,1009598,22,1,4.49,0.00
5023478,1009599,15,1,10.99,0.00
5023479,1009599,22,1,4.49,0.00
5023480,1009599,30,1,3.29,0.00
5023481,1009599,32,1,4.99,0.00
5023482,1009600,5,1,13.49,0.00
5023483,1009600,2,1,11.99,0.00
5023484,1009601,2,1,11.99,0.00
5023485,1009601,20,1,4.49,0.00
5023486,1009602,6,1,12.99,0.00
5023487,1009602,35,1,2.99,0.00
5023488,1009603,12,1,18.99,0.00
5023489,1009603,1,1,11.49,0.00
5023490,1009603,7,2,11.99,0.00
5023491,1009604,1,1,11.49,0.00
5023492,1009605,6,1,12.99,0.00
5023493,1009605,24,1,3.49,0.00
5023494,1009605,16,1,10.49,0.00
5023495,1009605,31,2,3.49,0.00
5023496,1009606,2,2,11.99,0.00
5023497,1009606,31,1,3.49,0.00
5023498,1009607,6,1,12.99,0.00
5023499,1009607,27,3,2.49,0.00
5023500,1009607,28,1,3.49,0.00
5023501,1009608,1,1,11.49,0.00
5023502,1009608,29,1,3.49,0.00
5023503,1009609,3,1,10.49,0.00
5023504,1009609,19,1,3.99,0.00
5023505,1009610,5,1,13.49,0.00
5023506,1009611,15,1,10.99,0.00
5023507,1009611,18,2,5.49,0.00
5023508,1009611,25,1,6.49,0.00
5023509,1009612,2,1,11.99,0.00
5023510,1009612,3,1,10.49,0.00
5023511,1009613,13,3,9.99,0.00
5023512,1009613,20,1,4.49,0.00
5023513,1009613,24,1,3.49,0.00
5023514,1009614,7,1,11.99,0.00
5023515,1009614,31,1,3.49,0.00
5023516,1009615,6,1,12.99,0.00
5023517,1009615,20,1,4.49,0.00
5023518,1009615,29,2,3.49,0.00
5023519,1009615,5,1,13.49,0.00
5023520,1009615,26,1,2.49,0.00
5023521,1009615,35,1,2.99,0.00
5023522,1009616,1,1,11.49,0.00
5023523,1009617,6,1,12.99,0.00
5023524,1009618,1,3,11.49,0.00
5023525,1009618,27,1,2.49,0.00
5023526,1009619,16,1,10.49,0.00
5023527,1009619,27,1,2.49,0.00
5023528,1009619,30,2,3.29,0.00
5023529,1009619,28,1,3.49,0.00
5023530,1009620,9,1,13.99,0.00
5023531,1009620,21,1,3.99,0.00
5023532,1009621,3,2,10.49,0.00
5023533,1009621,27,2,2.49,0.00
5023534,1009621,29,1,3.49,0.00
5023535,1009622,15,1,10.99,0.00
5023536,1009623,3,1,10.49,0.00
5023537,1009624,1,1,11.49,0.00
5023538,1009624,26,1,2.49,0.00
5023539,1009624,24,1,3.49,0.00
5023540,1009625,8,1,12.49,0.00
5023541,1009625,28,2,3.49,0.00
5023542,1009625,27,1,2.49,0.00
5023543,1009625,18,1,5.49,0.00
5023544,1009626,15,1,10.99,0.00
5023545,1009626,29,2,3.49,0.00
5023546,1009626,22,1,4.49,0.00
5023547,1009627,6,1,12.99,0.00
5023548,1009627,32,1,4.99,0.00
5023549,1009628,15,1,10.99,0.00
5023550,1009628,27,1,2.49,0.00
5023551,1009629,12,1,18.99,0.00
5023552,1009629,23,1,3.99,0.00
5023553,1009630,1,1,11.49,0.00
5023554,1009631,11,1,13.49,0.00
5023555,1009631,18,1,5.49,0.00
5023556,1009632,7,2,11.99,0.00
5023557,1009632,25,1,6.49,0.00
5023558,1009633,11,1,13.49,0.00
5023559,1009633,21,2,3.99,0.00
5023560,1009633,32,1,4.99,0.00
5023561,1009633,20,1,4.49,0.00
5023562,1009634,13,1,9.99,0.00
5023563,1009634,23,2,3.99,0.00
5023564,1009635,11,1,13.49,0.00
5023565,1009635,18,2,5.49,0.00
5023566,1009635,22,1,4.49,0.00
5023567,1009636,6,2,12.99,0.00
5023568,1009636,19,1,3.99,0.00
5023569,1009636,22,1,4.49,0.00
5023570,1009637,1,1,11.49,0.00
5023571,1009638,2,1,11.99,0.00
5023572,1009639,15,1,10.99,0.00
5023573,1009639,26,1,2.49,0.00
5023574,1009639,31,1,3.49,0.00
5023575,1009639,24,1,3.49,0.00
5023576,1009640,2,0,11.99,0.00
5023577,1009640,26,1,2.49,0.00
5023578,1009640,31,1,3.49,0.00
5023579,1009640,6,1,12.99,0.00
5023580,1009641,7,1,11.99,0.00
5023581,1009641,20,1,4.49,0.00
5023582,1009642,6,1,12.99,0.00
5023583,1009642,19,1,3.99,0.00
5023584,1009642,23,1,3.99,0.00
5023585,1009643,13,1,9.99,0.00
5023586,1009643,33,1,5.49,0.00
5023587,1009643,18,2,5.49,0.00
5023588,1009643,27,1,2.49,0.00
5023589,1009644,7,1,11.99,0.00
5023590,1009644,27,2,2.49,0.00
5023591,1009644,32,1,4.99,0.00
5023592,1009644,31,3,3.49,0.00
5023593,1009645,12,2,18.99,0.00
5023594,1009645,33,1,5.49,0.00
5023595,1009645,35,1,2.99,0.00
5023596,1009646,5,1,13.49,0.00
5023597,1009646,32,1,4.99,0.00
5023598,1009646,34,1,4.49,0.00
5023599,1009646,30,2,3.29,0.00
5023600,1009647,1,1,11.49,0.00
5023601,1009647,22,1,4.49,0.00
5023602,1009647,28,1,3.49,0.00
5023603,1009648,11,1,13.49,0.00
5023604,1009648,27,1,2.49,0.00
5023605,1009648,28,1,3.49,0.00
5023606,1009649,15,1,10.99,0.00
5023607,1009650,13,2,9.99,0.00
5023608,1009650,24,1,3.49,0.00
5023609,1009650,21,1,3.99,0.00
5023610,1009650,26,0,2.49,0.00
5023611,1009650,29,2,3.49,0.00
5023612,1009651,2,1,11.99,0.00
5023613,1009651,28,2,3.49,0.00
5023614,1009651,20,1,4.49,0.00
5023615,1009651,27,1,2.49,0.00
5023616,1009652,2,1,11.99,0.00
5023617,1009652,30,1,3.29,0.00
5023618,1009653,13,1,9.99,0.00
5023619,1009653,18,1,5.49,0.00
5023620,1009653,31,1,3.49,0.00
5023621,1009654,15,1,10.99,0.00
5023622,1009654,23,1,3.99,0.00
5023623,1009654,27,2,2.49,0.00
5023624,1009654,19,1,3.99,0.00
5023625,1009654,26,1,2.49,0.00
5023626,1009654,25,1,6.49,0.00
5023627,1009655,9,1,13.99,0.00
5023628,1009655,11,1,13.49,0.00
5023629,1009656,7,2,11.99,0.00
5023630,1009656,19,2,3.99,0.00
5023631,1009656,26,1,2.49,0.00
5023632,1009656,29,1,3.49,0.00
5023633,1009657,5,1,13.49,0.00
5023634,1009658,1,1,11.49,0.00
5023635,1009659,10,1,10.99,0.00
5023636,1009659,32,1,4.99,0.00
5023637,1009660,14,1,10.49,0.00
5023638,1009660,34,2,4.49,0.00
5023639,1009661,4,2,14.99,0.00
5023640,1009661,22,1,4.49,0.00
5023641,1009662,3,1,10.49,0.00
5023642,1009662,27,1,2.49,0.00
5023643,1009662,20,1,4.49,0.00
5023644,1009662,19,1,3.99,0.00
5023645,1009663,15,1,10.99,0.00
5023646,1009663,32,2,4.99,0.00
5023647,1009664,14,1,10.49,0.00
5023648,1009664,27,1,2.49,0.00
5023649,1009665,1,1,11.49,0.00
5023650,1009665,5,1,13.49,0.00
5023651,1009666,10,1,10.99,0.00
5023652,1009667,2,1,11.99,0.00
5023653,1009667,18,1,5.49,0.00
5023654,1009668,4,3,14.99,0.00
5023655,1009668,28,2,3.49,0.00
5023656,1009668,30,1,3.29,0.00
5023657,1009669,1,1,11.49,0.00
5023658,1009670,5,1,13.49,0.00
5023659,1009670,7,2,11.99,0.00
5023660,1009670,24,1,3.49,0.00
5023661,1009671,9,1,13.99,0.00
5023662,1009671,18,1,5.49,0.00
5023663,1009671,21,1,3.99,0.00
5023664,1009671,26,1,2.49,0.00
5023665,1009672,5,1,13.49,0.00
5023666,1009672,21,1,3.99,0.00
5023667,1009673,10,1,10.99,0.00
5023668,1009673,19,1,3.99,0.00
5023669,1009674,7,1,11.99,0.00
5023670,1009674,27,1,2.49,0.00
5023671,1009674,29,1,3.49,0.00
5023672,1009675,11,1,13.49,0.00
5023673,1009675,27,1,2.49,0.00
5023674,1009675,31,1,3.49,0.00
5023675,1009676,1,1,11.49,0.00
5023676,1009676,21,1,3.99,0.00
5023677,1009676,5,1,13.49,0.00
5023678,1009677,8,1,12.49,0.00
5023679,1009677,21,1,3.99,0.00
5023680,1009677,23,1,3.99,0.00
5023681,1009677,31,1,3.49,0.00
5023682,1009678,2,2,11.99,0.00
5023683,1009678,29,1,3.49,0.00
5023684,1009678,25,2,6.49,0.00
5023685,1009679,1,2,11.49,0.00
5023686,1009679,29,1,3.49,0.00
5023687,1009679,23,1,3.99,0.00
5023688,1009680,3,1,10.49,0.00
5023689,1009680,30,1,3.29,0.00
5023690,1009681,11,1,13.49,0.00
5023691,1009681,30,2,3.29,0.00
5023692,1009681,19,2,3.99,0.00
5023693,1009681,18,1,5.49,0.00
5023694,1009681,20,1,4.49,0.00
5023695,1009682,1,1,11.49,0.00
5023696,1009682,26,1,2.49,0.00
5023697,1009682,29,1,3.49,0.00
5023698,1009683,15,1,10.99,0.00
5023699,1009683,35,1,2.99,0.00
5023700,1009683,19,1,3.99,0.00
5023701,1009684,5,1,13.49,0.00
5023702,1009684,23,1,3.99,0.00
5023703,1009684,18,2,5.49,0.00
5023704,1009685,14,1,10.49,0.00
5023705,1009686,16,1,10.49,0.00
5023706,1009686,9,1,13.99,0.00
5023707,1009687,11,1,13.49,0.00
5023708,1009688,3,1,10.49,0.00
5023709,1009688,25,1,6.49,0.00
5023710,1009688,29,1,3.49,0.00
5023711,1009689,4,1,14.99,0.00
5023712,1009689,23,1,3.99,0.00
5023713,1009689,30,1,3.29,0.00
5023714,1009690,6,1,12.99,0.00
5023715,1009690,19,1,3.99,0.00
5023716,1009691,11,1,13.49,0.00
5023717,1009692,7,1,11.99,0.00
5023718,1009693,4,1,14.99,0.00
5023719,1009693,28,1,3.49,0.00
5023720,1009694,8,1,12.49,0.00
5023721,1009695,10,1,10.99,0.00
5023722,1009696,9,1,13.99,0.00
5023723,1009696,25,2,6.49,0.00
5023724,1009696,32,1,4.99,0.00
5023725,1009697,12,1,18.99,0.00
5023726,1009697,23,1,3.99,0.00
5023727,1009697,26,1,2.49,0.00
5023728,1009697,30,3,3.29,0.00
5023729,1009698,6,2,12.99,0.00
5023730,1009698,30,2,3.29,0.00
5023731,1009698,34,1,4.49,0.00
5023732,1009698,26,2,2.49,0.00
5023733,1009699,7,1,11.99,0.00
5023734,1009700,9,1,13.99,0.00
5023735,1009700,18,3,5.49,0.00
5023736,1009700,28,1,3.49,0.00
5023737,1009700,27,1,2.49,0.00
5023738,1009701,3,1,10.49,0.00
5023739,1009701,22,1,4.49,0.00
5023740,1009701,31,1,3.49,0.00
5023741,1009702,14,1,10.49,0.00
5023742,1009703,14,1,10.49,0.00
5023743,1009704,15,1,10.99,0.00
5023744,1009704,20,2,4.49,0.00
5023745,1009704,5,1,13.49,0.00
5023746,1009705,7,1,11.99,0.00
5023747,1009706,4,1,14.99,0.00
5023748,1009707,16,2,10.49,0.00
5023749,1009707,22,1,4.49,0.00
5023750,1009707,18,1,5.49,0.00
5023751,1009708,7,1,11.99,0.00
5023752,1009708,21,4,3.99,0.00
5023753,1009709,6,3,12.99,0.00
5023754,1009709,20,1,4.49,0.00
5023755,1009709,32,1,4.99,0.00
5023756,1009710,10,1,10.99,0.00
5023757,1009710,34,1,4.49,0.00
5023758,1009710,35,1,2.99,0.00
5023759,1009710,28,1,3.49,0.00
5023760,1009711,2,1,11.99,0.00
5023761,1009712,4,-1,14.99,0.00
5023762,1009713,1,1,11.49,0.00
5023763,1009713,33,1,5.49,0.00
5023764,1009714,10,3,10.99,0.00
5023765,1009714,33,1,5.49,0.00
5023766,1009714,20,1,4.49,0.00
5023767,1009715,6,1,12.99,0.00
5023768,1009715,33,1,5.49,0.00
5023769,1009715,22,1,4.49,0.00
5023770,1009716,3,1,10.49,0.00
5023771,1009716,20,1,4.49,0.00
5023772,1009716,26,2,2.49,0.00
5023773,1009717,3,1,10.49,0.00
5023774,1009718,6,1,12.99,0.00
5023775,1009718,21,1,3.99,0.00
5023776,1009719,8,1,12.49,0.00
5023777,1009720,8,1,12.49,0.00
5023778,1009720,23,1,3.99,0.00
5023779,1009721,14,1,10.49,0.00
5023780,1009721,32,1,4.99,0.00
5023781,1009721,18,1,5.49,0.00
5023782,1009722,3,1,10.49,0.00
5023783,1009723,13,1,9.99,0.00
5023784,1009723,28,4,3.49,0.00
5023785,1009723,21,3,3.99,0.00
5023786,1009723,26,1,2.49,0.00
5023787,1009724,5,1,13.49,0.00
5023788,1009725,7,2,11.99,0.00
5023789,1009725,23,1,3.99,0.00
5023790,1009725,33,1,5.49,0.00
5023791,1009726,13,1,9.99,0.00
5023792,1009727,8,1,12.49,0.00
5023793,1009727,18,1,5.49,0.00
5023794,1009727,5,1,13.49,0.00
5023795,1009727,9,1,13.99,0.00
5023796,1009728,11,1,13.49,0.00
5023797,1009728,7,1,11.99,0.00
5023798,1009729,5,1,13.49,0.00
5023799,1009729,30,2,3.29,0.00
5023800,1009729,20,2,4.49,0.00
5023801,1009730,11,1,13.49,0.00
5023802,1009731,7,1,11.99,0.00
5023803,1009732,3,1,10.49,0.00
5023804,1009732,22,2,4.49,0.00
5023805,1009732,8,1,12.49,0.00
5023806,1009733,4,1,14.99,0.00
5023807,1009734,13,1,9.99,0.00
5023808,1009734,34,2,4.49,0.00
5023809,1009734,29,2,3.49,0.00
5023810,1009735,13,1,9.99,0.00
5023811,1009736,1,1,11.49,0.00
5023812,1009736,28,1,3.49,0.00
5023813,1009736,18,2,5.49,0.00
5023814,1009737,6,1,12.99,0.00
5023815,1009738,5,1,13.49,0.00
5023816,1009738,33,1,5.49,0.00
5023817,1009738,34,1,4.49,0.00
5023818,1009739,3,1,10.49,0.00
5023819,1009739,25,1,6.49,0.00
5023820,1009739,21,1,3.99,0.00
5023821,1009739,14,1,10.49,0.00
5023822,1009740,1,1,11.49,0.00
5023823,1009740,23,1,3.99,0.00
5023824,1009740,26,1,2.49,0.00
5023825,1009740,30,1,3.29,0.00
5023826,1009741,1,1,11.49,0.00
5023827,1009741,2,1,11.99,0.00
5023828,1009741,31,1,3.49,0.00
5023829,1009742,8,2,12.49,0.00
5023830,1009743,8,1,12.49,0.00
5023831,1009743,19,1,3.99,0.00
5023832,1009744,6,1,12.99,0.00
5023833,1009745,1,1,11.49,0.00
5023834,1009745,20,2,4.49,0.00
5023835,1009745,32,1,4.99,0.00
5023836,1009746,3,1,10.49,0.00
5023837,1009746,26,2,2.49,0.00
5023838,1009746,30,3,3.29,0.00
5023839,1009747,11,1,13.49,0.00
5023840,1009747,27,1,2.49,0.00
5023841,1009748,8,1,12.49,0.00
5023842,1009748,19,3,3.99,0.00
5023843,1009748,18,1,5.49,0.00
5023844,1009749,5,1,13.49,0.00
5023845,1009749,31,1,3.49,0.00
5023846,1009749,12,1,18.99,0.00
5023847,1009749,21,2,3.99,0.00
5023848,1009750,2,1,11.99,0.00
5023849,1009751,8,1,12.49,0.00
5023850,1009752,4,1,14.99,0.00
5023851,1009753,7,3,11.99,0.00
5023852,1009753,18,3,5.49,0.00
5023853,1009754,3,1,10.49,0.00
5023854,1009754,29,1,3.49,0.00
5023855,1009755,9,2,13.99,0.00
5023856,1009755,18,1,5.49,0.00
5023857,1009755,35,1,2.99,0.00
5023858,1009756,15,3,10.99,0.00
5023859,1009756,33,1,5.49,0.00
5023860,1009757,6,1,12.99,0.00
5023861,1009757,26,1,2.49,0.00
5023862,1009757,21,1,3.99,0.00
5023863,1009757,20,1,4.49,0.00
5023864,1009757,22,1,4.49,0.00
5023865,1009758,12,1,18.99,0.00
5023866,1009758,22,1,4.49,0.00
5023867,1009759,7,1,11.99,0.00
5023868,1009760,3,1,10.49,0.00
5023869,1009760,22,2,4.49,0.00
5023870,1009760,26,1,2.49,0.00
5023871,1009761,16,2,10.49,0.00
5023872,1009761,34,1,4.49,0.00
5023873,1009761,27,1,2.49,0.00
5023874,1009762,2,1,11.99,0.00
5023875,1009762,9,1,13.99,0.00
5023876,1009762,28,2,3.49,0.00
5023877,1009763,15,1,10.99,0.00
5023878,1009763,34,2,4.49,0.00
5023879,1009763,23,2,3.99,0.00
5023880,1009763,26,1,2.49,0.00
5023881,1009764,13,1,9.99,0.00
5023882,1009764,20,1,4.49,0.00
5023883,1009764,18,3,5.49,0.00
5023884,1009765,5,1,13.49,0.00
5023885,1009765,29,1,3.49,0.00
5023886,1009766,5,1,13.49,0.00
5023887,1009767,10,1,10.99,0.00
5023888,1009767,28,1,3.49,0.00
5023889,1009767,26,3,2.49,0.00
5023890,1009767,18,1,5.49,0.00
5023891,1009767,27,2,2.49,0.00
5023892,1009768,1,1,11.49,0.00
5023893,1009768,30,1,3.29,0.00
5023894,1009768,18,1,5.49,0.00
5023895,1009769,1,1,11.49,0.00
5023896,1009769,21,1,3.99,0.00
5023897,1009769,32,1,4.99,0.00
5023898,1009770,6,2,12.99,0.00
5023899,1009771,6,0,12.99,0.00
5023900,1009771,29,1,3.49,0.00
5023901,1009772,7,1,11.99,0.00
5023902,1009773,8,1,12.49,0.00
5023903,1009773,22,2,4.49,0.00
5023904,1009773,23,2,3.99,0.00
5023905,1009773,27,1,2.49,0.00
5023906,1009773,26,1,2.49,0.00
5023907,1009774,13,1,9.99,0.00
5023908,1009774,35,-2,2.99,0.00
5023909,1009774,2,1,11.99,0.00
5023910,1009775,15,1,10.99,0.00
5023911,1009775,26,1,2.49,0.00
5023912,1009776,14,1,10.49,0.00
5023913,1009776,21,1,3.99,0.00
5023914,1009776,27,1,2.49,0.00
5023915,1009776,30,2,3.29,0.00
5023916,1009777,6,1,12.99,0.00
5023917,1009777,27,1,2.49,0.00
5023918,1009778,2,1,11.99,0.00
5023919,1009778,27,1,2.49,0.00
5023920,1009778,28,1,3.49,0.00
5023921,1009779,5,1,13.49,0.00
5023922,1009780,10,1,10.99,0.00
5023923,1009781,10,1,10.99,0.00
5023924,1009781,26,3,2.49,0.00
5023925,1009781,24,2,3.49,0.00
5023926,1009781,25,1,6.49,0.00
5023927,1009782,5,2,13.49,0.00
5023928,1009783,10,3,10.99,0.00
5023929,1009783,18,2,5.49,0.00
5023930,1009784,15,1,10.99,0.00
5023931,1009784,30,1,3.29,0.00
5023932,1009785,15,1,10.99,0.00
5023933,1009785,32,1,4.99,0.00
5023934,1009786,7,1,11.99,0.00
5023935,1009786,29,1,3.49,0.00
5023936,1009786,22,1,4.49,0.00
5023937,1009787,2,2,11.99,0.00
5023938,1009787,29,1,3.49,0.00
5023939,1009788,2,1,11.99,0.00
5023940,1009788,22,-1,4.49,0.00
5023941,1009788,23,1,3.99,0.00
5023942,1009788,6,1,12.99,0.00
5023943,1009788,24,2,3.49,0.00
5023944,1009789,10,2,10.99,0.00
5023945,1009789,20,1,4.49,0.00
5023946,1009790,3,1,10.49,0.00
5023947,1009791,6,2,12.99,0.00
5023948,1009792,11,1,13.49,0.00
5023949,1009793,1,1,11.49,0.00
5023950,1009793,22,1,4.49,0.00
5023951,1009793,14,1,10.49,0.00
5023952,1009793,18,1,5.49,0.00
5023953,1009794,14,1,10.49,0.00
5023954,1009794,19,1,3.99,0.00
5023955,1009795,1,1,11.49,0.00
5023956,1009795,30,1,3.29,0.00
5023957,1009795,20,1,4.49,0.00
5023958,1009795,27,1,2.49,0.00
5023959,1009796,13,2,9.99,0.00
5023960,1009796,35,1,2.99,0.00
5023961,1009796,26,1,2.49,0.00
5023962,1009796,5,1,13.49,0.00
5023963,1009797,7,1,11.99,0.00
5023964,1009797,26,3,2.49,0.00
5023965,1009798,8,1,12.49,0.00
5023966,1009798,24,1,3.49,0.00
5023967,1009798,28,1,3.49,0.00
5023968,1009799,14,1,10.49,0.00
5023969,1009800,5,1,13.49,0.00
5023970,1009800,31,1,3.49,0.00
5023971,1009801,10,1,10.99,0.00
5023972,1009801,29,2,3.49,0.00
5023973,1009801,26,1,2.49,0.00
5023974,1009802,10,1,10.99,0.00
5023975,1009803,2,1,11.99,0.00
5023976,1009803,31,1,3.49,0.00
5023977,1009803,27,3,2.49,0.00
5023978,1009804,1,1,11.49,0.00
5023979,1009804,32,1,4.99,0.00
5023980,1009805,14,1,10.49,0.00
5023981,1009805,23,2,3.99,0.00
5023982,1009805,30,1,3.29,0.00
5023983,1009805,11,1,13.49,0.00
5023984,1009806,2,1,11.99,0.00
5023985,1009806,20,1,4.49,0.00
5023986,1009807,16,1,10.49,0.00
5023987,1009807,30,1,3.29,0.00
5023988,1009807,23,0,3.99,0.00
5023989,1009808,9,3,13.99,0.00
5023990,1009808,28,1,3.49,0.00
5023991,1009809,16,1,10.49,0.00
5023992,1009809,29,1,3.49,0.00
5023993,1009809,19,1,3.99,0.00
5023994,1009810,4,1,14.99,0.00
5023995,1009810,34,1,4.49,0.00
5023996,1009810,23,1,3.99,0.00
5023997,1009811,1,1,11.49,0.00
5023998,1009812,3,1,10.49,0.00
5023999,1009812,1,1,11.49,0.00
5024000,1009812,30,1,3.29,0.00
5024001,1009812,21,1,3.99,0.00
5024002,1009813,7,1,11.99,0.00
5024003,1009814,9,1,13.99,0.00
5024004,1009814,18,1,5.49,0.00
5024005,1009814,26,1,2.49,0.00
5024006,1009814,20,1,4.49,0.00
5024007,1009814,29,1,3.49,0.00
5024008,1009815,2,1,11.99,0.00
5024009,1009816,6,1,12.99,0.00
5024010,1009817,5,1,13.49,0.00
5024011,1009817,33,1,5.49,0.00
5024012,1009818,6,1,12.99,0.00
5024013,1009818,21,1,3.99,0.00
5024014,1009819,2,1,11.99,0.00
5024015,1009819,24,1,3.49,0.00
5024016,1009819,5,1,13.49,0.00
5024017,1009819,23,2,3.99,0.00
5024018,1009820,9,1,13.99,0.00
5024019,1009820,20,1,4.49,0.00
5024020,1009821,15,1,10.99,0.00
5024021,1009821,21,1,3.99,0.00
5024022,1009822,9,2,13.99,0.00
5024023,1009822,34,1,4.49,0.00
5024024,1009822,26,1,2.49,0.00
5024025,1009823,1,1,11.49,0.00
5024026,1009823,8,1,12.49,0.00
5024027,1009824,2,1,11.99,0.00
5024028,1009824,18,1,5.49,0.00
5024029,1009824,25,1,6.49,0.00
5024030,1009825,1,1,11.49,0.00
5024031,1009825,18,1,5.49,0.00
5024032,1009825,32,1,4.99,0.00
5024033,1009826,5,1,13.49,0.00
5024034,1009826,28,1,3.49,0.00
5024035,1009827,15,-2,10.99,0.00
5024036,1009827,19,1,3.99,0.00
5024037,1009827,29,1,3.49,0.00
5024038,1009828,6,1,12.99,0.00
5024039,1009828,21,1,3.99,0.00
5024040,1009828,34,2,4.49,0.00
5024041,1009829,11,1,13.49,0.00
5024042,1009829,30,1,3.29,0.00
5024043,1009830,8,2,12.49,0.00
5024044,1009830,13,1,9.99,0.00
5024045,1009830,9,1,13.99,0.00
5024046,1009831,8,1,12.49,0.00
5024047,1009832,10,1,10.99,0.00
5024048,1009832,20,1,4.49,0.00
5024049,1009832,18,2,5.49,0.00
5024050,1009833,2,1,11.99,0.00
5024051,1009833,19,1,3.99,0.00
5024052,1009834,1,1,11.49,0.00
5024053,1009835,12,1,18.99,0.00
5024054,1009835,19,2,3.99,0.00
5024055,1009836,1,1,11.49,0.00
5024056,1009837,9,1,13.99,0.00
5024057,1009837,24,1,3.49,0.00
5024058,1009838,15,2,10.99,0.00
5024059,1009838,20,1,4.49,0.00
5024060,1009838,21,1,3.99,0.00
5024061,1009839,8,1,12.49,0.00
5024062,1009839,31,1,3.49,0.00
5024063,1009840,1,1,11.49,0.00
5024064,1009840,18,2,5.49,0.00
5024065,1009840,20,2,4.49,0.00
5024066,1009841,16,1,10.49,0.00
5024067,1009842,12,1,18.99,0.00
5024068,1009842,26,1,2.49,0.00
5024069,1009842,19,1,3.99,0.00
5024070,1009843,2,1,11.99,0.00
5024071,1009843,21,1,3.99,0.00
5024072,1009844,11,1,13.49,0.00
5024073,1009845,5,1,13.49,0.00
5024074,1009845,22,1,4.49,0.00
5024075,1009845,21,1,3.99,0.00
5024076,1009845,15,1,10.99,0.00
5024077,1009846,5,4,13.49,0.00
5024078,1009846,19,1,3.99,0.00
5024079,1009846,28,1,3.49,0.00
5024080,1009846,4,-1,14.99,0.00
5024081,1009847,7,1,11.99,0.00
5024082,1009847,31,1,3.49,0.00
5024083,1009847,30,1,3.29,0.00
5024084,1009847,26,2,2.49,0.00
5024085,1009847,32,1,4.99,0.00
5024086,1009848,2,1,11.99,0.00
5024087,1009848,33,1,5.49,0.00
5024088,1009849,7,1,11.99,0.00
5024089,1009849,30,1,3.29,0.00
5024090,1009849,26,2,2.49,0.00
5024091,1009850,8,1,12.49,0.00
5024092,1009850,33,1,5.49,0.00
5024093,1009850,21,1,3.99,0.00
5024094,1009851,15,1,10.99,0.00
5024095,1009852,1,2,11.49,0.00
5024096,1009853,8,1,12.49,0.00
5024097,1009853,6,-1,12.99,0.00
5024098,1009854,11,1,13.49,0.00
5024099,1009855,3,2,10.49,0.00
5024100,1009856,8,1,12.49,0.00
5024101,1009856,26,1,2.49,0.00
5024102,1009856,28,1,3.49,0.00
5024103,1009857,8,1,12.49,0.00
5024104,1009857,24,1,3.49,0.00
5024105,1009858,11,1,13.49,0.00
5024106,1009858,27,2,2.49,0.00
5024107,1009858,33,1,5.49,0.00
5024108,1009859,13,2,9.99,0.00
5024109,1009859,27,1,2.49,0.00
5024110,1009860,2,1,11.99,0.00
5024111,1009860,34,1,4.49,0.00
5024112,1009860,8,2,12.49,0.00
5024113,1009860,32,2,4.99,0.00
5024114,1009860,27,1,2.49,0.00
5024115,1009861,8,1,12.49,0.00
5024116,1009861,26,1,2.49,0.00
5024117,1009862,13,1,9.99,0.00
5024118,1009862,24,1,3.49,0.00
5024119,1009863,16,1,10.49,0.00
5024120,1009863,30,2,3.29,0.00
5024121,1009864,3,1,10.49,0.00
5024122,1009864,31,1,3.49,0.00
5024123,1009865,1,1,11.49,0.00
5024124,1009866,14,1,10.49,0.00
5024125,1009866,28,1,3.49,0.00
5024126,1009866,3,1,10.49,0.00
5024127,1009867,8,2,12.49,0.00
5024128,1009868,10,1,10.99,0.00
5024129,1009868,27,1,2.49,0.00
5024130,1009868,29,2,3.49,0.00
5024131,1009869,4,1,14.99,0.00
5024132,1009869,3,1,10.49,0.00
5024133,1009870,15,1,10.99,0.00
5024134,1009870,26,1,2.49,0.00
5024135,1009870,28,2,3.49,0.00
5024136,1009870,31,1,3.49,0.00
5024137,1009871,10,1,10.99,0.00
5024138,1009871,28,1,3.49,0.00
5024139,1009872,6,1,12.99,0.00
5024140,1009872,23,2,3.99,0.00
5024141,1009872,11,1,13.49,0.00
5024142,1009873,7,1,11.99,0.00
5024143,1009873,28,1,3.49,0.00
5024144,1009874,7,1,11.99,0.00
5024145,1009875,4,2,14.99,0.00
5024146,1009875,18,1,5.49,0.00
5024147,1009875,27,1,2.49,0.00
5024148,1009875,13,1,9.99,0.00
5024149,1009875,26,2,2.49,0.00
5024150,1009876,3,1,10.49,0.00
5024151,1009876,25,2,6.49,0.00
5024152,1009877,5,1,13.49,0.00
5024153,1009877,35,1,2.99,0.00
5024154,1009878,11,1,13.49,0.00
5024155,1009878,4,1,14.99,0.00
5024156,1009879,3,1,10.49,0.00
5024157,1009880,7,1,11.99,0.00
5024158,1009881,15,-1,10.99,0.00
5024159,1009881,28,1,3.49,0.00
5024160,1009882,12,1,18.99,0.00
5024161,1009883,6,1,12.99,0.00
5024162,1009883,32,1,4.99,0.00
5024163,1009884,13,1,9.99,0.00
5024164,1009884,21,1,3.99,0.00
5024165,1009884,29,1,3.49,0.00
5024166,1009884,26,1,2.49,0.00
5024167,1009885,11,1,13.49,0.00
5024168,1009885,25,1,6.49,0.00
5024169,1009886,13,1,9.99,0.00
5024170,1009886,22,1,4.49,0.00
5024171,1009886,31,1,3.49,0.00
5024172,1009886,35,1,2.99,0.00
5024173,1009887,3,1,10.49,0.00
5024174,1009887,22,1,4.49,0.00
5024175,1009887,35,1,2.99,0.00
5024176,1009888,16,2,10.49,0.00
5024177,1009888,26,1,2.49,0.00
5024178,1009889,1,3,11.49,0.00
5024179,1009889,34,1,4.49,0.00
5024180,1009890,10,1,10.99,0.00
5024181,1009890,21,2,3.99,0.00
5024182,1009890,23,1,3.99,0.00
5024183,1009890,34,1,4.49,0.00
5024184,1009891,8,1,12.49,0.00
5024185,1009892,2,1,11.99,0.00
5024186,1009892,26,1,2.49,0.00
5024187,1009892,27,1,2.49,0.00
5024188,1009893,4,1,14.99,0.00
5024189,1009894,10,1,10.99,0.00
5024190,1009894,27,1,2.49,0.00
5024191,1009895,3,1,10.49,0.00
5024192,1009895,35,1,2.99,0.00
5024193,1009895,25,1,6.49,0.00
5024194,1009895,22,1,4.49,0.00
5024195,1009896,15,1,10.99,0.00
5024196,1009896,35,1,2.99,0.00
5024197,1009897,12,1,18.99,0.00
5024198,1009897,20,1,4.49,0.00
5024199,1009897,21,1,3.99,0.00
5024200,1009897,28,1,3.49,0.00
5024201,1009898,4,1,14.99,0.00
5024202,1009898,35,1,2.99,0.00
5024203,1009898,18,1,5.49,0.00
5024204,1009899,4,1,14.99,0.00
5024205,1009899,26,2,2.49,0.00
5024206,1009899,27,2,2.49,0.00
5024207,1009900,16,1,10.49,0.00
5024208,1009900,5,1,13.49,0.00
5024209,1009901,8,1,12.49,0.00
5024210,1009901,27,1,2.49,0.00
5024211,1009902,9,1,13.99,0.00
5024212,1009902,32,2,4.99,0.00
5024213,1009903,8,1,12.49,0.00
5024214,1009903,27,3,2.49,0.00
5024215,1009903,23,2,3.99,0.00
5024216,1009903,21,1,3.99,0.00
5024217,1009903,24,1,3.49,0.00
5024218,1009904,8,1,12.49,0.00
5024219,1009904,31,1,3.49,0.00
5024220,1009904,21,3,3.99,0.00
5024221,1009905,8,1,12.49,0.00
5024222,1009905,31,1,3.49,0.00
5024223,1009906,1,2,11.49,0.00
5024224,1009907,13,2,9.99,0.00
5024225,1009908,3,1,10.49,0.00
5024226,1009908,19,1,3.99,0.00
5024227,1009908,34,1,4.49,0.00
5024228,1009909,16,2,10.49,0.00
5024229,1009910,8,1,12.49,0.00
5024230,1009910,26,1,2.49,0.00
5024231,1009910,25,2,6.49,0.00
5024232,1009910,27,1,2.49,0.00
5024233,1009911,11,1,13.49,0.00
5024234,1009912,5,1,13.49,0.00
5024235,1009912,21,1,3.99,0.00
5024236,1009912,22,1,4.49,0.00
5024237,1009913,2,1,11.99,0.00
5024238,1009914,10,1,10.99,0.00
5024239,1009914,2,1,11.99,0.00
5024240,1009915,5,1,13.49,0.00
5024241,1009915,18,1,5.49,0.00
5024242,1009915,32,1,4.99,0.00
5024243,1009915,27,1,2.49,0.00
5024244,1009916,8,1,12.49,0.00
5024245,1009916,29,1,3.49,0.00
5024246,1009917,4,1,14.99,0.00
5024247,1009918,8,1,12.49,0.00
5024248,1009918,25,1,6.49,0.00
5024249,1009918,27,1,2.49,0.00
5024250,1009919,5,1,13.49,0.00
5024251,1009920,14,1,10.49,0.00
5024252,1009920,21,0,3.99,0.00
5024253,1009921,11,1,13.49,0.00
5024254,1009921,25,2,6.49,0.00
5024255,1009921,18,1,5.49,0.00
5024256,1009922,1,1,11.49,0.00
5024257,1009923,5,1,13.49,0.00
5024258,1009923,31,1,3.49,0.00
5024259,1009924,3,1,10.49,0.00
5024260,1009925,16,1,10.49,0.00
5024261,1009925,30,1,3.29,0.00
5024262,1009925,28,1,3.49,0.00
5024263,1009926,1,1,11.49,0.00
5024264,1009927,5,1,13.49,0.00
5024265,1009927,30,2,3.29,0.00
5024266,1009928,8,2,12.49,0.00
5024267,1009928,26,1,2.49,0.00
5024268,1009929,15,1,10.99,0.00
5024269,1009929,23,1,3.99,0.00
5024270,1009929,26,1,2.49,0.00
5024271,1009930,5,1,13.49,0.00
5024272,1009930,26,1,2.49,0.00
5024273,1009930,30,1,3.29,0.00
5024274,1009930,35,-2,2.99,0.00
5024275,1009931,6,1,12.99,0.00
5024276,1009931,35,1,2.99,0.00
5024277,1009931,27,2,2.49,0.00
5024278,1009931,22,1,4.49,0.00
5024279,1009932,5,2,13.49,0.00
5024280,1009932,19,1,3.99,0.00
5024281,1009933,5,1,13.49,0.00
5024282,1009933,19,1,3.99,0.00
5024283,1009934,3,3,10.49,0.00
5024284,1009934,21,1,3.99,0.00
5024285,1009935,5,1,13.49,0.00
5024286,1009935,22,1,4.49,0.00
5024287,1009936,1,2,11.49,0.00
5024288,1009936,21,1,3.99,0.00
5024289,1009936,31,1,3.49,0.00
5024290,1009936,20,1,4.49,0.00
5024291,1009936,16,1,10.49,0.00
5024292,1009937,15,2,10.99,0.00
5024293,1009937,23,1,3.99,0.00
5024294,1009938,5,1,13.49,0.00
5024295,1009938,18,1,5.49,0.00
5024296,1009938,27,1,2.49,0.00
5024297,1009938,29,1,3.49,0.00
5024298,1009939,2,3,11.99,0.00
5024299,1009940,1,1,11.49,0.00
5024300,1009940,18,1,5.49,0.00
5024301,1009941,1,1,11.49,0.00
5024302,1009941,19,1,3.99,0.00
5024303,1009941,24,1,3.49,0.00
5024304,1009942,8,1,12.49,0.00
5024305,1009942,28,3,3.49,0.00
5024306,1009942,32,1,4.99,0.00
5024307,1009943,15,1,10.99,0.00
5024308,1009943,1,1,11.49,0.00
5024309,1009943,9,1,13.99,0.00
5024310,1009944,1,2,11.49,0.00
5024311,1009944,29,1,3.49,0.00
5024312,1009944,26,3,2.49,0.00
5024313,1009944,30,1,3.29,0.00
5024314,1009944,34,1,4.49,0.00
5024315,1009945,13,1,9.99,0.00
5024316,1009945,27,2,2.49,0.00
5024317,1009945,8,1,12.49,0.00
5024318,1009946,5,1,13.49,0.00
5024319,1009946,32,1,4.99,0.00
5024320,1009946,26,1,2.49,0.00
5024321,1009947,8,1,12.49,0.00
5024322,1009947,26,2,2.49,0.00
5024323,1009947,24,1,3.49,0.00
5024324,1009948,7,1,11.99,0.00
5024325,1009948,31,1,3.49,0.00
5024326,1009948,26,1,2.49,0.00
5024327,1009948,35,1,2.99,0.00
5024328,1009949,8,2,12.49,0.00
5024329,1009949,33,2,5.49,0.00
5024330,1009949,25,2,6.49,0.00
5024331,1009949,19,1,3.99,0.00
5024332,1009950,7,1,11.99,0.00
5024333,1009951,5,1,13.49,0.00
5024334,1009951,27,1,2.49,0.00
5024335,1009952,11,3,13.49,0.00
5024336,1009952,30,1,3.29,0.00
5024337,1009953,6,3,12.99,0.00
5024338,1009953,26,1,2.49,0.00
5024339,1009953,19,1,3.99,0.00
5024340,1009954,11,1,13.49,0.00
5024341,1009954,26,4,2.49,0.00
5024342,1009954,23,1,3.99,0.00
5024343,1009955,15,2,10.99,0.00
5024344,1009955,19,3,3.99,0.00
5024345,1009955,23,1,3.99,0.00
5024346,1009955,33,1,5.49,0.00
5024347,1009955,8,2,12.49,0.00
5024348,1009955,29,1,3.49,0.00
5024349,1009956,9,1,13.99,0.00
5024350,1009956,30,1,3.29,0.00
5024351,1009956,29,2,3.49,0.00
5024352,1009957,3,1,10.49,0.00
5024353,1009957,28,1,3.49,0.00
5024354,1009957,31,1,3.49,0.00
5024355,1009957,8,2,12.49,0.00
5024356,1009958,10,1,10.99,0.00
5024357,1009959,7,1,11.99,0.00
5024358,1009959,27,3,2.49,0.00
5024359,1009960,9,1,13.99,0.00
5024360,1009961,6,1,12.99,0.00
5024361,1009961,26,1,2.49,0.00
5024362,1009961,32,1,4.99,0.00
5024363,1009961,18,1,5.49,0.00
5024364,1009961,27,1,2.49,0.00
5024365,1009962,1,1,11.49,0.00
5024366,1009963,3,1,10.49,0.00
5024367,1009963,27,1,2.49,0.00
5024368,1009964,14,1,10.49,0.00
5024369,1009964,27,3,2.49,0.00
5024370,1009964,33,2,5.49,0.00
5024371,1009964,34,1,4.49,0.00
5024372,1009965,13,1,9.99,0.00
5024373,1009966,1,1,11.49,0.00
5024374,1009966,33,1,5.49,0.00
5024375,1009966,27,1,2.49,0.00
5024376,1009967,4,1,14.99,0.00
5024377,1009968,15,1,10.99,0.00
5024378,1009969,4,1,14.99,0.00
5024379,1009969,31,1,3.49,0.00
5024380,1009970,2,1,11.99,0.00
5024381,1009970,26,1,2.49,0.00
5024382,1009971,10,1,10.99,0.00
5024383,1009971,31,1,3.49,0.00
5024384,1009971,23,1,3.99,0.00
5024385,1009972,11,1,13.49,0.00
5024386,1009973,6,1,12.99,0.00
5024387,1009973,18,1,5.49,0.00
5024388,1009973,19,1,3.99,0.00
5024389,1009973,26,1,2.49,0.00
5024390,1009974,4,1,14.99,0.00
5024391,1009974,26,1,2.49,0.00
5024392,1009975,5,1,13.49,0.00
5024393,1009975,32,1,4.99,0.00
5024394,1009976,14,1,10.49,0.00
5024395,1009976,24,1,3.49,0.00
5024396,1009977,7,1,11.99,0.00
5024397,1009977,27,1,2.49,0.00
5024398,1009977,20,1,4.49,0.00
5024399,1009977,26,1,2.49,0.00
5024400,1009978,7,1,11.99,0.00
5024401,1009978,18,1,5.49,0.00
5024402,1009979,5,1,13.49,0.00
5024403,1009980,8,1,12.49,0.00
5024404,1009980,29,1,3.49,0.00
5024405,1009980,26,1,2.49,0.00
5024406,1009981,15,1,10.99,0.00
5024407,1009981,18,1,5.49,0.00
5024408,1009982,11,1,13.49,0.00
5024409,1009982,1,1,11.49,0.00
5024410,1009983,9,1,13.99,0.00
5024411,1009983,21,1,3.99,0.00
5024412,1009984,14,1,10.49,0.00
5024413,1009984,23,1,3.99,0.00
5024414,1009984,28,1,3.49,0.00
5024415,1009985,3,1,10.49,0.00
5024416,1009985,26,1,2.49,0.00
5024417,1009985,28,1,3.49,0.00
5024418,1009986,1,2,11.49,11.49
5024419,1009986,22,1,4.49,0.00
5024420,1009987,1,2,11.49,11.49
5024421,1009987,31,1,3.49,0.00
5024422,1009988,4,1,14.99,0.00
5024423,1009988,32,1,4.99,0.00
5024424,1009989,14,1,10.49,0.00
5024425,1009989,29,1,3.49,0.00
5024426,1009989,18,1,5.49,0.00
5024427,1009990,3,2,10.49,10.49
5024428,1009991,9,1,13.99,0.00
5024429,1009991,33,1,5.49,0.00
5024430,1009991,21,1,3.99,0.00
5024431,1009991,31,1,3.49,0.00
5024432,1009991,29,0,3.49,0.00
5024433,1009992,5,1,13.49,0.00
5024434,1009992,33,2,5.49,0.00
5024435,1009993,13,1,9.99,0.00
5024436,1009993,27,1,2.49,0.00
5024437,1009993,21,1,3.99,0.00
5024438,1009994,2,2,11.99,11.99
5024439,1009994,26,2,2.49,0.00
5024440,1009995,3,2,10.49,10.49
5024441,1009995,28,1,3.49,0.00
5024442,1009996,10,1,10.99,0.00
5024443,1009997,12,1,18.99,0.00
5024444,1009997,7,1,11.99,0.00
5024445,1009997,18,1,5.49,0.00
5024446,1009997,21,2,3.99,0.00
5024447,1009997,30,1,3.29,0.00
5024448,1009998,3,2,10.49,10.49
5024449,1009998,25,2,6.49,0.00
5024450,1009999,1,2,11.49,11.49
5024451,1009999,30,1,3.29,0.00
5024452,1010000,1,2,11.49,11.49
5024453,1010000,26,1,2.49,0.00
5024454,1010001,1,2,11.49,0.00
5024455,1010001,31,2,3.49,0.00
5024456,1010001,23,2,3.99,0.00
5024457,1010001,28,1,3.49,0.00
5024458,1010002,1,2,11.49,11.49
5024459,1010003,15,1,10.99,0.00
5024460,1010003,30,1,3.29,0.00
5024461,1010004,5,1,13.49,0.00
5024462,1010005,1,1,11.49,0.00
5024463,1010005,26,1,2.49,0.00
5024464,1010005,21,3,3.99,0.00
5024465,1010006,14,2,10.49,0.00
5024466,1010006,35,1,2.99,0.00
5024467,1010006,2,1,11.99,0.00
5024468,1010007,1,2,11.49,11.49
5024469,1010007,35,1,2.99,0.00
5024470,1010007,30,1,3.29,0.00
5024471,1010007,15,1,10.99,0.00
5024472,1010007,23,1,3.99,0.00
5024473,1010007,27,1,2.49,0.00
5024474,1010008,2,3,11.99,0.00
5024475,1010008,28,1,3.49,0.00
5024476,1010008,18,1,5.49,0.00
5024477,1010009,3,1,10.49,0.00
5024478,1010009,19,1,3.99,0.00
5024479,1010010,14,1,10.49,0.00
5024480,1010010,30,1,3.29,0.00
5024481,1010010,28,2,3.49,0.00
5024482,1010010,26,1,2.49,0.00
5024483,1010011,3,2,10.49,10.49
5024484,1010011,26,2,2.49,0.00
5024485,1010012,5,1,13.49,0.00
5024486,1010013,9,1,13.99,0.00
5024487,1010013,32,1,4.99,0.00
5024488,1010013,18,2,5.49,0.00
5024489,1010014,2,2,11.99,11.99
5024490,1010014,20,1,4.49,0.00
5024491,1010015,3,2,10.49,10.49
5024492,1010015,18,1,5.49,0.00
5024493,1010015,20,3,4.49,0.00
5024494,1010016,8,1,12.49,0.00
5024495,1010016,24,2,3.49,0.00
5024496,1010017,3,2,10.49,10.49
5024497,1010017,28,1,3.49,0.00
5024498,1010017,32,1,4.99,0.00
5024499,1010018,15,1,10.99,0.00
5024500,1010018,19,1,3.99,0.00
5024501,1010018,35,1,2.99,0.00
5024502,1010018,30,2,3.29,0.00
5024503,1010019,3,3,10.49,10.49
5024504,1010019,26,1,2.49,0.00
5024505,1010020,16,1,10.49,0.00
5024506,1010020,26,1,2.49,0.00
5024507,1010020,32,1,4.99,0.00
5024508,1010021,2,2,11.99,11.99
5024509,1010021,25,1,6.49,0.00
5024510,1010021,21,1,3.99,0.00
5024511,1010022,15,2,10.99,0.00
5024512,1010022,21,1,3.99,0.00
5024513,1010023,2,2,11.99,11.99
5024514,1010023,21,3,3.99,0.00
5024515,1010023,27,1,2.49,0.00
5024516,1010024,3,2,10.49,10.49
5024517,1010024,24,1,3.49,0.00
5024518,1010024,19,3,3.99,0.00
5024519,1010025,3,3,10.49,10.49
5024520,1010025,22,1,4.49,0.00
5024521,1010025,30,2,3.29,0.00
5024522,1010025,27,1,2.49,0.00
5024523,1010026,3,2,10.49,10.49
5024524,1010026,19,1,3.99,0.00
5024525,1010027,3,2,10.49,10.49
5024526,1010027,26,1,2.49,0.00
5024527,1010028,3,2,10.49,10.49
5024528,1010028,20,1,4.49,0.00
5024529,1010029,10,1,10.99,0.00
5024530,1010030,2,1,11.99,0.00
5024531,1010030,27,1,2.49,0.00
5024532,1010031,11,1,13.49,0.00
5024533,1010031,34,1,4.49,0.00
5024534,1010032,2,2,11.99,11.99
5024535,1010032,18,2,5.49,0.00
5024536,1010032,26,1,2.49,0.00
5024537,1010033,3,2,10.49,10.49
5024538,1010034,2,2,11.99,11.99
5024539,1010034,15,1,10.99,0.00
5024540,1010034,32,1,4.99,0.00
5024541,1010035,2,2,11.99,11.99
5024542,1010035,29,1,3.49,0.00
5024543,1010035,18,1,5.49,0.00
5024544,1010036,3,0,10.49,10.49
5024545,1010036,19,1,3.99,0.00
5024546,1010037,4,1,14.99,0.00
5024547,1010037,20,1,4.49,0.00
5024548,1010038,2,2,11.99,11.99
5024549,1010038,27,1,2.49,0.00
5024550,1010038,28,1,3.49,0.00
5024551,1010039,8,1,12.49,0.00
5024552,1010039,19,1,3.99,0.00
5024553,1010040,3,2,10.49,10.49
5024554,1010040,20,1,4.49,0.00
5024555,1010040,31,2,3.49,0.00
5024556,1010041,5,1,13.49,0.00
5024557,1010041,18,1,5.49,0.00
5024558,1010041,21,1,3.99,0.00
5024559,1010041,23,1,3.99,0.00
5024560,1010042,9,1,13.99,0.00
5024561,1010042,32,1,4.99,0.00
5024562,1010042,26,1,2.49,0.00
5024563,1010042,18,1,5.49,0.00
5024564,1010043,4,1,14.99,0.00
5024565,1010043,23,1,3.99,0.00
5024566,1010044,3,2,10.49,10.49
5024567,1010044,27,1,2.49,0.00
5024568,1010045,12,1,18.99,0.00
5024569,1010045,21,1,3.99,0.00
5024570,1010046,2,2,11.99,11.99
5024571,1010046,31,3,3.49,0.00
5024572,1010047,3,3,10.49,10.49
5024573,1010047,20,1,4.49,0.00
5024574,1010047,21,2,3.99,0.00
5024575,1010048,3,2,10.49,10.49
5024576,1010048,26,1,2.49,0.00
5024577,1010049,14,1,10.49,0.00
5024578,1010049,20,1,4.49,0.00
5024579,1010050,13,1,9.99,0.00
5024580,1010050,26,1,2.49,0.00
5024581,1010050,27,2,2.49,0.00
5024582,1010050,22,1,4.49,0.00
5024583,1010050,21,2,3.99,0.00
5024584,1010051,1,2,11.49,11.49
5024585,1010051,31,1,3.49,0.00
5024586,1010052,16,1,10.49,0.00
5024587,1010052,19,1,3.99,0.00
5024588,1010052,34,1,4.49,0.00
5024589,1010053,16,1,10.49,0.00
5024590,1010053,26,2,2.49,0.00
5024591,1010054,1,2,11.49,11.49
5024592,1010054,28,1,3.49,0.00
5024593,1010055,2,2,11.99,11.99
5024594,1010056,3,2,10.49,10.49
5024595,1010056,11,1,13.49,0.00
5024596,1010057,2,2,11.99,11.99
5024597,1010057,5,1,13.49,0.00
5024598,1010058,4,1,14.99,0.00
5024599,1010058,26,2,2.49,0.00
5024600,1010058,18,3,5.49,0.00
5024601,1010059,4,1,14.99,0.00
5024602,1010060,3,2,10.49,10.49
5024603,1010060,33,1,5.49,0.00
5024604,1010061,3,2,10.49,10.49
5024605,1010062,2,2,11.99,11.99
5024606,1010062,19,2,3.99,0.00
5024607,1010063,2,2,11.99,11.99
5024608,1010063,33,1,5.49,0.00
5024609,1010063,9,1,13.99,0.00
5024610,1010064,15,2,10.99,0.00
5024611,1010065,14,1,10.49,0.00
5024612,1010065,31,1,3.49,0.00
5024613,1010066,8,1,12.49,0.00
5024614,1010066,27,1,2.49,0.00
5024615,1010066,30,1,3.29,0.00
5024616,1010067,8,1,12.49,0.00
5024617,1010068,6,1,12.99,0.00
5024618,1010068,23,1,3.99,0.00
5024619,1010068,19,1,3.99,0.00
5024620,1010069,3,2,10.49,10.49
5024621,1010069,26,1,2.49,0.00
5024622,1010070,1,2,11.49,11.49
5024623,1010070,4,1,14.99,0.00
5024624,1010070,33,2,5.49,0.00
5024625,1010071,3,2,10.49,10.49
5024626,1010071,28,1,3.49,0.00
5024627,1010071,35,1,2.99,0.00
5024628,1010071,21,1,3.99,0.00
5024629,1010072,2,2,11.99,11.99
5024630,1010072,7,1,11.99,0.00
5024631,1010072,25,1,6.49,0.00
5024632,1010072,15,1,10.99,0.00
5024633,1010073,1,2,11.49,11.49
5024634,1010073,26,1,2.49,0.00
5024635,1010073,27,1,2.49,0.00
5024636,1010074,2,2,11.99,11.99
5024637,1010075,15,1,10.99,0.00
5024638,1010075,27,1,2.49,0.00
5024639,1010076,1,2,11.49,11.49
5024640,1010076,27,1,2.49,0.00
5024641,1010077,3,1,10.49,0.00
5024642,1010077,26,1,2.49,0.00
5024643,1010078,2,2,11.99,0.00
5024644,1010078,22,1,4.49,0.00
5024645,1010079,11,1,13.49,0.00
5024646,1010079,29,1,3.49,0.00
5024647,1010079,18,1,5.49,0.00
5024648,1010079,25,1,6.49,0.00
5024649,1010079,27,1,2.49,0.00
5024650,1010080,4,1,14.99,0.00
5024651,1010080,28,1,3.49,0.00
5024652,1010080,26,1,2.49,0.00
5024653,1010081,6,1,12.99,0.00
5024654,1010081,30,1,3.29,0.00
5024655,1010082,11,1,13.49,0.00
5024656,1010083,3,1,10.49,0.00
5024657,1010083,18,1,5.49,0.00
5024658,1010084,1,2,11.49,11.49
5024659,1010084,6,1,12.99,0.00
5024660,1010084,28,1,3.49,0.00
5024661,1010084,18,2,5.49,0.00
5024662,1010084,27,1,2.49,0.00
5024663,1010085,2,2,11.99,11.99
5024664,1010085,22,1,4.49,0.00
5024665,1010085,31,1,3.49,0.00
5024666,1010086,2,2,11.99,11.99
5024667,1010086,13,1,9.99,0.00
5024668,1010087,2,2,11.99,11.99
5024669,1010088,1,2,11.49,11.49
5024670,1010088,35,1,2.99,0.00
5024671,1010088,24,3,3.49,0.00
5024672,1010089,3,2,10.49,10.49
5024673,1010089,18,1,5.49,0.00
5024674,1010090,2,3,11.99,11.99
5024675,1010091,1,2,11.49,11.49
5024676,1010091,11,1,13.49,0.00
5024677,1010092,3,2,10.49,10.49
5024678,1010092,22,2,4.49,0.00
5024679,1010092,20,1,4.49,0.00
5024680,1010093,7,1,11.99,0.00
5024681,1010094,8,1,12.49,0.00
5024682,1010094,2,2,11.99,11.99
5024683,1010095,11,1,13.49,0.00
5024684,1010095,1,3,11.49,11.49
5024685,1010095,21,1,3.99,0.00
5024686,1010096,5,1,13.49,0.00
5024687,1010096,21,1,3.99,0.00
5024688,1010097,1,2,11.49,11.49
5024689,1010097,23,1,3.99,0.00
5024690,1010097,9,1,13.99,0.00
5024691,1010098,15,1,10.99,0.00
5024692,1010098,2,1,11.99,0.00
5024693,1010099,2,2,11.99,11.99
5024694,1010100,2,2,11.99,11.99
5024695,1010101,1,2,11.49,11.49
5024696,1010101,16,1,10.49,0.00
5024697,1010101,27,1,2.49,0.00
5024698,1010101,29,1,3.49,0.00
5024699,1010102,10,1,10.99,0.00
5024700,1010103,2,2,11.99,11.99
5024701,1010103,32,1,4.99,0.00
5024702,1010103,31,2,3.49,0.00
5024703,1010104,1,1,11.49,0.00
5024704,1010104,2,1,11.99,0.00
5024705,1010105,1,2,11.49,11.49
5024706,1010105,13,1,9.99,0.00
5024707,1010106,1,1,11.49,0.00
5024708,1010106,28,1,3.49,0.00
5024709,1010107,15,1,10.99,0.00
5024710,1010108,1,2,11.49,11.49
5024711,1010108,23,1,3.99,0.00
5024712,1010109,2,2,11.99,11.99
5024713,1010109,19,1,3.99,0.00
5024714,1010110,2,2,11.99,11.99
5024715,1010110,26,1,2.49,0.00
5024716,1010111,5,1,13.49,0.00
5024717,1010112,11,2,13.49,0.00
5024718,1010113,12,1,18.99,0.00
5024719,1010113,20,1,4.49,0.00
5024720,1010114,1,2,11.49,11.49
5024721,1010114,29,1,3.49,0.00
5024722,1010114,31,1,3.49,0.00
5024723,1010115,7,1,11.99,0.00
5024724,1010116,9,1,13.99,0.00
5024725,1010116,23,1,3.99,0.00
5024726,1010116,20,1,4.49,0.00
5024727,1010117,3,2,10.49,10.49
5024728,1010117,31,1,3.49,0.00
5024729,1010117,26,1,2.49,0.00
5024730,1010117,21,1,3.99,0.00
5024731,1010117,24,1,3.49,0.00
5024732,1010117,30,1,3.29,0.00
5024733,1010118,15,1,10.99,0.00
5024734,1010118,32,1,4.99,0.00
5024735,1010118,25,1,6.49,0.00
5024736,1010119,1,2,11.49,11.49
5024737,1010119,18,1,5.49,0.00
5024738,1010119,33,1,5.49,0.00
5024739,1010119,25,3,6.49,0.00
5024740,1010120,2,2,11.99,11.99
5024741,1010120,27,1,2.49,0.00
5024742,1010121,1,1,11.49,0.00
5024743,1010121,9,1,13.99,0.00
5024744,1010121,27,1,2.49,0.00
5024745,1010121,34,3,4.49,0.00
5024746,1010122,4,1,14.99,0.00
5024747,1010122,27,1,2.49,0.00
5024748,1010123,14,2,10.49,0.00
5024749,1010124,14,1,10.49,0.00
5024750,1010124,26,1,2.49,0.00
5024751,1010124,28,1,3.49,0.00
5024752,1010124,19,1,3.99,0.00
5024753,1010125,13,1,9.99,0.00
5024754,1010125,23,1,3.99,0.00
5024755,1010125,27,1,2.49,0.00
5024756,1010126,3,2,10.49,10.49
5024757,1010126,26,1,2.49,0.00
5024758,1010126,33,2,5.49,0.00
5024759,1010127,8,1,12.49,0.00
5024760,1010127,23,2,3.99,0.00
5024761,1010128,4,1,14.99,0.00
5024762,1010128,30,1,3.29,0.00
5024763,1010129,3,1,10.49,0.00
5024764,1010129,27,1,2.49,0.00
5024765,1010130,1,2,11.49,11.49
5024766,1010130,30,1,3.29,0.00
5024767,1010131,2,0,11.99,11.99
5024768,1010131,20,1,4.49,0.00
5024769,1010131,22,1,4.49,0.00
5024770,1010132,8,1,12.49,0.00
5024771,1010132,28,1,3.49,0.00
5024772,1010133,1,2,11.49,11.49
5024773,1010133,21,1,3.99,0.00
5024774,1010133,28,1,3.49,0.00
5024775,1010133,30,1,3.29,0.00
5024776,1010134,2,1,11.99,0.00
5024777,1010134,25,2,6.49,0.00
5024778,1010134,3,1,10.49,0.00
5024779,1010135,2,2,11.99,11.99
5024780,1010135,24,2,3.49,0.00
5024781,1010135,30,1,3.29,0.00
5024782,1010136,1,2,11.49,11.49
5024783,1010136,26,1,2.49,0.00
5024784,1010137,3,2,10.49,10.49
5024785,1010137,30,1,3.29,0.00
5024786,1010138,3,2,10.49,10.49
5024787,1010138,11,1,13.49,0.00
5024788,1010139,3,2,10.49,10.49
5024789,1010139,22,2,4.49,0.00
5024790,1010139,26,1,2.49,0.00
5024791,1010139,28,2,3.49,0.00
5024792,1010139,32,1,4.99,0.00
5024793,1010140,2,2,11.99,11.99
5024794,1010140,18,2,5.49,0.00
5024795,1010141,1,1,11.49,0.00
5024796,1010141,24,1,3.49,0.00
5024797,1010142,9,1,13.99,0.00
5024798,1010142,18,1,5.49,0.00
5024799,1010142,34,2,4.49,0.00
5024800,1010142,27,1,2.49,0.00
5024801,1010143,3,2,10.49,10.49
5024802,1010143,20,2,4.49,0.00
5024803,1010144,2,1,11.99,0.00
5024804,1010144,29,1,3.49,0.00
5024805,1010145,3,1,10.49,0.00
5024806,1010145,33,1,5.49,0.00
5024807,1010145,26,1,2.49,0.00
5024808,1010145,27,1,2.49,0.00
5024809,1010146,8,1,12.49,0.00
5024810,1010147,2,3,11.99,11.99
5024811,1010147,30,2,3.29,0.00
5024812,1010148,3,2,10.49,10.49
5024813,1010148,30,0,3.29,0.00
5024814,1010148,19,2,3.99,0.00
5024815,1010148,27,1,2.49,0.00
5024816,1010148,2,1,11.99,0.00
5024817,1010148,32,1,4.99,0.00
5024818,1010149,1,2,11.49,11.49
5024819,1010149,26,1,2.49,0.00
5024820,1010149,30,1,3.29,0.00
5024821,1010150,3,2,10.49,10.49
5024822,1010150,20,2,4.49,0.00
5024823,1010150,34,1,4.49,0.00
5024824,1010150,27,1,2.49,0.00
5024825,1010151,1,1,11.49,0.00
5024826,1010151,18,1,5.49,0.00
5024827,1010151,30,1,3.29,0.00
5024828,1010152,3,1,10.49,0.00
5024829,1010152,28,1,3.49,0.00
5024830,1010152,31,1,3.49,0.00
5024831,1010152,29,1,3.49,0.00
5024832,1010153,5,1,13.49,0.00
5024833,1010154,6,1,12.99,0.00
5024834,1010154,3,2,10.49,10.49
5024835,1010154,19,1,3.99,0.00
5024836,1010155,5,3,13.49,0.00
5024837,1010155,35,1,2.99,0.00
5024838,1010156,3,2,10.49,10.49
5024839,1010156,23,1,3.99,0.00
5024840,1010157,4,1,14.99,0.00
5024841,1010157,33,1,5.49,0.00
5024842,1010158,16,1,10.49,0.00
5024843,1010158,12,1,18.99,0.00
5024844,1010158,21,2,3.99,0.00
5024845,1010159,3,1,10.49,0.00
5024846,1010159,19,2,3.99,0.00
5024847,1010159,28,1,3.49,0.00
5024848,1010160,15,1,10.99,0.00
5024849,1010160,18,1,5.49,0.00
5024850,1010160,31,1,3.49,0.00
5024851,1010161,1,2,11.49,11.49
5024852,1010161,28,1,3.49,0.00
5024853,1010161,31,1,3.49,0.00
5024854,1010162,1,1,11.49,0.00
5024855,1010163,2,2,11.99,11.99
5024856,1010163,26,1,2.49,0.00
5024857,1010164,2,2,11.99,11.99
5024858,1010165,2,1,11.99,0.00
5024859,1010166,15,1,10.99,0.00
5024860,1010166,30,1,3.29,0.00
5024861,1010167,1,1,11.49,0.00
5024862,1010167,27,1,2.49,0.00
5024863,1010167,9,1,13.99,0.00
5024864,1010167,14,1,10.49,0.00
5024865,1010168,2,2,11.99,11.99
5024866,1010168,26,1,2.49,0.00
5024867,1010168,27,1,2.49,0.00
5024868,1010169,1,1,11.49,0.00
5024869,1010169,26,1,2.49,0.00
5024870,1010169,22,1,4.49,0.00
5024871,1010170,2,1,11.99,0.00
5024872,1010170,5,1,13.49,0.00
5024873,1010170,18,1,5.49,0.00
5024874,1010170,26,1,2.49,0.00
5024875,1010171,12,1,18.99,0.00
5024876,1010171,26,1,2.49,0.00
5024877,1010171,18,1,5.49,0.00
5024878,1010172,2,2,11.99,11.99
5024879,1010172,30,2,3.29,0.00
5024880,1010172,33,1,5.49,0.00
5024881,1010173,1,2,11.49,11.49
5024882,1010173,30,1,3.29,0.00
5024883,1010173,23,1,3.99,0.00
5024884,1010173,27,2,2.49,0.00
5024885,1010174,2,2,11.99,11.99
5024886,1010174,27,2,2.49,0.00
5024887,1010174,26,1,2.49,0.00
5024888,1010175,3,2,10.49,10.49
5024889,1010175,26,1,2.49,0.00
5024890,1010176,1,2,11.49,11.49
5024891,1010176,23,1,3.99,0.00
5024892,1010176,21,2,3.99,0.00
5024893,1010176,18,1,5.49,0.00
5024894,1010177,10,2,10.99,0.00
5024895,1010177,30,1,3.29,0.00
5024896,1010177,26,1,2.49,0.00
5024897,1010178,3,2,10.49,10.49
5024898,1010178,33,1,5.49,0.00
5024899,1010178,32,1,4.99,0.00
5024900,1010178,23,1,3.99,0.00
5024901,1010179,13,1,9.99,0.00
5024902,1010180,3,2,10.49,10.49
5024903,1010181,3,2,10.49,10.49
5024904,1010181,25,1,6.49,0.00
5024905,1010182,13,1,9.99,0.00
5024906,1010182,8,2,12.49,0.00
5024907,1010182,23,1,3.99,0.00
5024908,1010183,7,1,11.99,0.00
5024909,1010183,27,1,2.49,0.00
5024910,1010183,22,1,4.49,0.00
5024911,1010183,34,1,4.49,0.00
5024912,1010184,2,2,11.99,11.99
5024913,1010185,3,2,10.49,10.49
5024914,1010185,27,3,2.49,0.00
5024915,1010186,3,2,10.49,10.49
5024916,1010187,6,1,12.99,0.00
5024917,1010187,30,1,3.29,0.00
5024918,1010188,8,1,12.49,0.00
5024919,1010188,26,1,2.49,0.00
5024920,1010189,9,2,13.99,0.00
5024921,1010189,18,1,5.49,0.00
5024922,1010189,26,1,2.49,0.00
5024923,1010190,14,1,10.49,0.00
5024924,1010190,25,1,6.49,0.00
5024925,1010191,6,1,12.99,0.00
5024926,1010191,24,1,3.49,0.00
5024927,1010192,2,1,11.99,0.00
5024928,1010192,25,1,6.49,0.00
5024929,1010193,3,3,10.49,0.00
5024930,1010193,18,2,5.49,0.00
5024931,1010194,1,1,11.49,0.00
5024932,1010195,1,1,11.49,0.00
5024933,1010195,10,1,10.99,0.00
5024934,1010195,26,1,2.49,0.00
5024935,1010195,23,1,3.99,0.00
5024936,1010195,34,1,4.49,0.00
5024937,1010196,5,1,13.49,0.00
5024938,1010196,18,1,5.49,0.00
5024939,1010197,2,1,11.99,0.00
5024940,1010197,30,1,3.29,0.00
5024941,1010197,19,2,3.99,0.00
5024942,1010198,6,1,12.99,0.00
5024943,1010198,31,2,3.49,0.00
5024944,1010199,11,1,13.49,0.00
5024945,1010199,24,0,3.49,0.00
5024946,1010199,19,1,3.99,0.00
5024947,1010200,9,1,13.99,0.00
5024948,1010200,20,1,4.49,0.00
5024949,1010201,13,1,9.99,0.00
5024950,1010201,31,1,3.49,0.00
5024951,1010202,15,1,10.99,0.00
5024952,1010202,31,1,3.49,0.00
5024953,1010202,26,1,2.49,0.00
5024954,1010202,18,3,5.49,0.00
5024955,1010202,21,1,3.99,0.00
5024956,1010202,33,2,5.49,0.00
5024957,1010203,10,1,10.99,0.00
5024958,1010203,19,1,3.99,0.00
5024959,1010203,21,1,3.99,0.00
5024960,1010203,22,1,4.49,0.00
5024961,1010203,28,1,3.49,0.00
5024962,1010204,15,3,10.99,0.00
5024963,1010205,7,1,11.99,0.00
5024964,1010205,32,1,4.99,0.00
5024965,1010206,9,1,13.99,0.00
5024966,1010206,26,1,2.49,0.00
5024967,1010206,35,1,2.99,0.00
5024968,1010207,5,1,13.49,0.00
5024969,1010207,30,1,3.29,0.00
5024970,1010208,13,1,9.99,0.00
5024971,1010208,26,1,2.49,0.00
5024972,1010208,27,1,2.49,0.00
5024973,1010209,2,2,11.99,0.00
5024974,1010209,33,1,5.49,0.00
5024975,1010209,27,1,2.49,0.00
5024976,1010209,30,1,3.29,0.00
5024977,1010209,19,1,3.99,0.00
5024978,1010210,15,1,10.99,0.00
5024979,1010210,34,1,4.49,0.00
5024980,1010211,14,2,10.49,0.00
5024981,1010211,28,2,3.49,0.00
5024982,1010211,18,1,5.49,0.00
5024983,1010212,8,1,12.49,0.00
5024984,1010212,30,1,3.29,0.00
5024985,1010212,22,1,4.49,0.00
5024986,1010213,2,1,11.99,0.00
5024987,1010213,20,1,4.49,0.00
5024988,1010213,33,1,5.49,0.00
5024989,1010213,25,1,6.49,0.00
5024990,1010213,30,1,3.29,0.00
5024991,1010214,13,1,9.99,0.00
5024992,1010215,1,1,11.49,0.00
5024993,1010216,4,2,14.99,0.00
5024994,1010216,30,1,3.29,0.00
5024995,1010216,20,1,4.49,0.00
5024996,1010217,1,2,11.49,0.00
5024997,1010217,21,2,3.99,0.00
5024998,1010217,27,1,2.49,0.00
5024999,1010218,1,2,11.49,0.00
5025000,1010218,27,1,2.49,0.00
5025001,1010218,21,1,3.99,0.00
5025002,1010218,18,1,5.49,0.00
5025003,1010218,22,1,4.49,0.00
5025004,1010218,19,1,3.99,0.00
5025005,1010219,1,1,11.49,0.00
5025006,1010220,15,2,10.99,0.00
5025007,1010220,21,1,3.99,0.00
5025008,1010221,5,2,13.49,0.00
5025009,1010221,26,1,2.49,0.00
5025010,1010222,2,1,11.99,0.00
5025011,1010222,34,3,4.49,0.00
5025012,1010222,28,2,3.49,0.00
5025013,1010223,12,1,18.99,0.00
5025014,1010224,6,1,12.99,0.00
5025015,1010225,11,1,13.49,0.00
5025016,1010225,26,2,2.49,0.00
5025017,1010226,11,1,13.49,0.00
5025018,1010226,26,1,2.49,0.00
5025019,1010226,20,1,4.49,0.00
5025020,1010227,2,1,11.99,0.00
5025021,1010227,27,2,2.49,0.00
5025022,1010227,26,1,2.49,0.00
5025023,1010228,7,1,11.99,0.00
5025024,1010228,12,1,18.99,0.00
5025025,1010228,20,1,4.49,0.00
5025026,1010228,26,2,2.49,0.00
5025027,1010229,3,2,10.49,0.00
5025028,1010229,34,1,4.49,0.00
5025029,1010230,5,1,13.49,0.00
5025030,1010231,15,1,10.99,0.00
5025031,1010232,10,1,10.99,0.00
5025032,1010232,34,1,4.49,0.00
5025033,1010233,7,1,11.99,0.00
5025034,1010233,11,1,13.49,0.00
5025035,1010234,2,3,11.99,0.00
5025036,1010234,34,1,4.49,0.00
5025037,1010235,2,1,11.99,0.00
5025038,1010236,3,1,10.49,0.00
5025039,1010236,24,1,3.49,0.00
5025040,1010236,35,1,2.99,0.00
5025041,1010237,3,1,10.49,0.00
5025042,1010237,20,2,4.49,0.00
5025043,1010237,29,1,3.49,0.00
5025044,1010237,23,1,3.99,0.00
5025045,1010237,4,1,14.99,0.00
5025046,1010238,8,1,12.49,0.00
5025047,1010238,21,1,3.99,0.00
5025048,1010238,20,1,4.49,0.00
5025049,1010239,16,1,10.49,0.00
5025050,1010239,32,1,4.99,0.00
5025051,1010239,28,2,3.49,0.00
5025052,1010240,4,1,14.99,0.00
5025053,1010240,19,1,3.99,0.00
5025054,1010240,23,1,3.99,0.00
5025055,1010241,5,1,13.49,0.00
5025056,1010242,2,1,11.99,0.00
5025057,1010242,27,-1,2.49,0.00
5025058,1010243,5,1,13.49,0.00
5025059,1010244,5,1,13.49,0.00
5025060,1010245,8,1,12.49,0.00
5025061,1010245,30,1,3.29,0.00
5025062,1010245,1,1,11.49,0.00
5025063,1010245,27,2,2.49,0.00
5025064,1010246,8,1,12.49,0.00
5025065,1010246,31,1,3.49,0.00
5025066,1010246,21,1,3.99,0.00
5025067,1010247,15,2,10.99,0.00
5025068,1010247,35,1,2.99,0.00
5025069,1010247,8,1,12.49,0.00
5025070,1010247,26,1,2.49,0.00
5025071,1010247,28,1,3.49,0.00
5025072,1010248,8,1,12.49,0.00
5025073,1010249,10,1,10.99,0.00
5025074,1010249,26,1,2.49,0.00
5025075,1010249,21,1,3.99,0.00
5025076,1010249,27,1,2.49,0.00
5025077,1010250,4,1,14.99,0.00
5025078,1010250,22,1,4.49,0.00
5025079,1010250,30,1,3.29,0.00
5025080,1010251,3,2,10.49,0.00
5025081,1010251,14,3,10.49,0.00
5025082,1010251,8,1,12.49,0.00
5025083,1010252,7,1,11.99,0.00
5025084,1010253,14,1,10.49,0.00
5025085,1010253,21,1,3.99,0.00
5025086,1010254,4,1,14.99,0.00
5025087,1010254,20,1,4.49,0.00
5025088,1010254,32,1,4.99,0.00
5025089,1010254,25,1,6.49,0.00
5025090,1010254,19,1,3.99,0.00
5025091,1010255,14,1,10.49,0.00
5025092,1010255,18,1,5.49,0.00
5025093,1010256,1,1,11.49,0.00
5025094,1010257,15,1,10.99,0.00
5025095,1010257,22,1,4.49,0.00
5025096,1010258,14,1,10.49,0.00
5025097,1010258,26,1,2.49,0.00
5025098,1010259,2,1,11.99,0.00
5025099,1010260,1,1,11.49,0.00
5025100,1010261,2,1,11.99,0.00
5025101,1010261,20,1,4.49,0.00
5025102,1010261,19,1,3.99,0.00
5025103,1010262,10,1,10.99,0.00
5025104,1010263,5,2,13.49,0.00
5025105,1010263,28,1,3.49,0.00
5025106,1010263,20,1,4.49,0.00
5025107,1010264,16,1,10.49,0.00
5025108,1010264,30,1,3.29,0.00
5025109,1010264,29,1,3.49,0.00
5025110,1010265,6,1,12.99,0.00
5025111,1010266,16,2,10.49,0.00
5025112,1010266,20,1,4.49,0.00
5025113,1010267,5,1,13.49,0.00
5025114,1010267,4,1,14.99,0.00
5025115,1010268,10,1,10.99,0.00
5025116,1010269,2,1,11.99,0.00
5025117,1010269,19,1,3.99,0.00
5025118,1010269,29,1,3.49,0.00
5025119,1010270,6,1,12.99,0.00
5025120,1010270,19,1,3.99,0.00
5025121,1010270,30,1,3.29,0.00
5025122,1010270,34,1,4.49,0.00
5025123,1010271,7,1,11.99,0.00
5025124,1010272,1,1,11.49,0.00
5025125,1010272,3,1,10.49,0.00
5025126,1010272,20,1,4.49,0.00
5025127,1010272,27,1,2.49,0.00
5025128,1010273,16,1,10.49,0.00
5025129,1010273,25,2,6.49,0.00
5025130,1010273,30,1,3.29,0.00
5025131,1010273,31,1,3.49,0.00
5025132,1010273,28,1,3.49,0.00
5025133,1010274,3,1,10.49,0.00
5025134,1010274,35,1,2.99,0.00
5025135,1010274,20,1,4.49,0.00
5025136,1010275,5,1,13.49,0.00
5025137,1010275,9,1,13.99,0.00
5025138,1010276,1,1,11.49,0.00
5025139,1010277,1,1,11.49,0.00
5025140,1010277,28,1,3.49,0.00
5025141,1010278,7,1,11.99,0.00
5025142,1010278,31,1,3.49,0.00
5025143,1010278,23,1,3.99,0.00
5025144,1010278,6,1,12.99,0.00
5025145,1010278,11,1,13.49,0.00
5025146,1010279,3,1,10.49,0.00
5025147,1010279,21,1,3.99,0.00
5025148,1010279,6,3,12.99,0.00
5025149,1010279,15,1,10.99,0.00
5025150,1010280,1,1,11.49,0.00
5025151,1010280,30,1,3.29,0.00
5025152,1010280,19,1,3.99,0.00
5025153,1010281,5,1,13.49,0.00
5025154,1010281,26,3,2.49,0.00
5025155,1010282,15,1,10.99,0.00
5025156,1010282,27,1,2.49,0.00
5025157,1010282,30,2,3.29,0.00
5025158,1010283,13,1,9.99,0.00
5025159,1010283,4,1,14.99,0.00
5025160,1010284,12,1,18.99,0.00
5025161,1010285,3,1,10.49,0.00
5025162,1010285,7,1,11.99,0.00
5025163,1010285,29,1,3.49,0.00
5025164,1010286,6,2,12.99,0.00
5025165,1010286,24,1,3.49,0.00
5025166,1010286,29,2,3.49,0.00
5025167,1010287,4,1,14.99,0.00
5025168,1010287,34,2,4.49,0.00
5025169,1010287,25,1,6.49,0.00
5025170,1010287,24,2,3.49,0.00
5025171,1010287,26,2,2.49,0.00
5025172,1010288,7,1,11.99,0.00
5025173,1010288,26,1,2.49,0.00
5025174,1010289,1,1,11.49,0.00
5025175,1010289,2,1,11.99,0.00
5025176,1010289,9,1,13.99,0.00
5025177,1010290,10,-1,10.99,0.00
5025178,1010290,27,1,2.49,0.00
5025179,1010291,5,1,13.49,0.00
5025180,1010291,21,1,3.99,0.00
5025181,1010291,19,1,3.99,0.00
5025182,1010292,1,3,11.49,0.00
5025183,1010292,28,1,3.49,0.00
5025184,1010292,26,1,2.49,0.00
5025185,1010292,27,1,2.49,0.00
5025186,1010293,1,3,11.49,0.00
5025187,1010294,9,1,13.99,0.00
5025188,1010294,20,1,4.49,0.00
5025189,1010294,1,1,11.49,0.00
5025190,1010295,13,1,9.99,0.00
5025191,1010295,20,1,4.49,0.00
5025192,1010296,12,1,18.99,0.00
5025193,1010296,3,1,10.49,0.00
5025194,1010296,21,1,3.99,0.00
5025195,1010296,26,1,2.49,0.00
5025196,1010296,29,1,3.49,0.00
5025197,1010296,22,1,4.49,0.00
5025198,1010297,6,2,12.99,0.00
5025199,1010297,18,1,5.49,0.00
5025200,1010297,23,1,3.99,0.00
5025201,1010297,26,1,2.49,0.00
5025202,1010298,11,1,13.49,0.00
5025203,1010298,2,1,11.99,0.00
5025204,1010298,33,2,5.49,0.00
5025205,1010298,27,2,2.49,0.00
5025206,1010299,7,1,11.99,0.00
5025207,1010299,23,1,3.99,0.00
5025208,1010299,30,1,3.29,0.00
5025209,1010299,25,1,6.49,0.00
5025210,1010300,3,1,10.49,0.00
5025211,1010300,22,1,4.49,0.00
5025212,1010300,18,1,5.49,0.00
5025213,1010301,3,1,10.49,0.00
5025214,1010301,21,1,3.99,0.00
5025215,1010301,18,1,5.49,0.00
5025216,1010302,9,1,13.99,0.00
5025217,1010303,13,2,9.99,0.00
5025218,1010303,29,1,3.49,0.00
5025219,1010304,5,1,13.49,0.00
5025220,1010304,27,1,2.49,0.00
5025221,1010304,23,1,3.99,0.00
5025222,1010305,1,1,11.49,0.00
5025223,1010305,31,1,3.49,0.00
5025224,1010305,30,1,3.29,0.00
5025225,1010305,26,2,2.49,0.00
5025226,1010306,9,1,13.99,0.00
5025227,1010306,29,1,3.49,0.00
5025228,1010307,9,1,13.99,0.00
5025229,1010308,1,1,11.49,0.00
5025230,1010308,23,1,3.99,0.00
5025231,1010308,11,1,13.49,0.00
5025232,1010309,4,2,14.99,0.00
5025233,1010309,7,1,11.99,0.00
5025234,1010309,22,1,4.49,0.00
5025235,1010310,13,1,9.99,0.00
5025236,1010310,8,1,12.49,0.00
5025237,1010311,13,1,9.99,0.00
5025238,1010311,33,2,5.49,0.00
5025239,1010312,7,1,11.99,0.00
5025240,1010313,2,1,11.99,0.00
5025241,1010313,27,1,2.49,0.00
5025242,1010314,15,1,10.99,0.00
5025243,1010315,3,1,10.49,0.00
5025244,1010315,32,1,4.99,0.00
5025245,1010316,10,1,10.99,0.00
5025246,1010316,12,1,18.99,0.00
5025247,1010316,27,1,2.49,0.00
5025248,1010316,34,1,4.49,0.00
5025249,1010316,21,1,3.99,0.00
5025250,1010317,13,1,9.99,0.00
5025251,1010318,6,1,12.99,0.00
5025252,1010318,26,2,2.49,0.00
5025253,1010319,2,1,11.99,0.00
5025254,1010319,26,1,2.49,0.00
5025255,1010319,28,1,3.49,0.00
5025256,1010320,6,1,12.99,0.00
5025257,1010320,29,1,3.49,0.00
5025258,1010320,34,1,4.49,0.00
5025259,1010320,23,1,3.99,0.00
5025260,1010321,10,1,10.99,0.00
5025261,1010321,20,1,4.49,0.00
5025262,1010321,35,1,2.99,0.00
5025263,1010321,21,1,3.99,0.00
5025264,1010321,26,1,2.49,0.00
5025265,1010321,28,1,3.49,0.00
5025266,1010322,4,1,14.99,0.00
5025267,1010322,2,3,11.99,0.00
5025268,1010323,8,1,12.49,0.00
5025269,1010323,28,1,3.49,0.00
5025270,1010323,35,1,2.99,0.00
5025271,1010323,33,2,5.49,0.00
5025272,1010324,5,1,13.49,0.00
5025273,1010325,14,1,10.49,0.00
5025274,1010325,26,1,2.49,0.00
5025275,1010325,18,1,5.49,0.00
5025276,1010326,8,1,12.49,0.00
5025277,1010326,27,1,2.49,0.00
5025278,1010326,22,1,4.49,0.00
5025279,1010327,2,1,11.99,0.00
5025280,1010327,23,1,3.99,0.00
5025281,1010327,19,1,3.99,0.00
5025282,1010328,8,1,12.49,0.00
5025283,1010328,28,1,3.49,0.00
5025284,1010329,2,1,11.99,0.00
5025285,1010329,21,1,3.99,0.00
5025286,1010330,11,1,13.49,0.00
5025287,1010330,19,1,3.99,0.00
5025288,1010330,25,1,6.49,0.00
5025289,1010330,32,1,4.99,0.00
5025290,1010331,10,1,10.99,0.00
5025291,1010331,29,1,3.49,0.00
5025292,1010331,1,1,11.49,0.00
5025293,1010331,27,1,2.49,0.00
5025294,1010332,4,2,14.99,0.00
5025295,1010332,26,2,2.49,0.00
5025296,1010332,21,1,3.99,0.00
5025297,1010332,34,1,4.49,0.00
5025298,1010333,11,1,13.49,0.00
5025299,1010333,19,1,3.99,0.00
5025300,1010334,10,1,10.99,0.00
5025301,1010334,35,1,2.99,0.00
5025302,1010335,14,1,10.49,0.00
5025303,1010335,32,1,4.99,0.00
5025304,1010335,18,1,5.49,0.00
5025305,1010336,10,1,10.99,0.00
5025306,1010336,21,1,3.99,0.00
5025307,1010336,27,1,2.49,0.00
5025308,1010337,6,1,12.99,0.00
5025309,1010337,22,2,4.49,0.00
5025310,1010338,13,1,9.99,0.00
5025311,1010338,3,-1,10.49,0.00
5025312,1010339,12,1,18.99,0.00
5025313,1010339,21,1,3.99,0.00
5025314,1010340,1,1,11.49,0.00
5025315,1010340,21,1,3.99,0.00
5025316,1010340,9,1,13.99,0.00
5025317,1010340,23,4,3.99,0.00
5025318,1010341,6,1,12.99,0.00
5025319,1010342,10,1,10.99,0.00
5025320,1010342,29,1,3.49,0.00
5025321,1010342,21,1,3.99,0.00
5025322,1010343,9,1,13.99,0.00
5025323,1010343,32,1,4.99,0.00
5025324,1010344,8,2,12.49,0.00
5025325,1010344,30,1,3.29,0.00
5025326,1010344,26,1,2.49,0.00
5025327,1010345,5,1,13.49,0.00
5025328,1010346,1,1,11.49,0.00
5025329,1010346,18,1,5.49,0.00
5025330,1010346,19,1,3.99,0.00
5025331,1010347,11,1,13.49,0.00
5025332,1010347,27,2,2.49,0.00
5025333,1010347,21,1,3.99,0.00
5025334,1010347,24,1,3.49,0.00
5025335,1010348,14,1,10.49,0.00
5025336,1010349,5,1,13.49,0.00
5025337,1010349,23,1,3.99,0.00
5025338,1010350,6,1,12.99,0.00
5025339,1010351,4,1,14.99,0.00
5025340,1010351,22,2,4.49,0.00
5025341,1010352,11,1,13.49,0.00
5025342,1010352,35,3,2.99,0.00
5025343,1010353,10,1,10.99,0.00
5025344,1010354,6,1,12.99,0.00
5025345,1010354,21,1,3.99,0.00
5025346,1010354,25,2,6.49,0.00
5025347,1010355,6,1,12.99,0.00
5025348,1010356,12,1,18.99,0.00
5025349,1010356,19,1,3.99,0.00
5025350,1010356,24,1,3.49,0.00
5025351,1010357,2,1,11.99,0.00
5025352,1010358,12,1,18.99,0.00
5025353,1010358,21,1,3.99,0.00
5025354,1010358,23,0,3.99,0.00
5025355,1010359,16,1,10.49,0.00
5025356,1010359,29,1,3.49,0.00
5025357,1010360,3,2,10.49,0.00
5025358,1010360,1,1,11.49,0.00
5025359,1010360,27,1,2.49,0.00
5025360,1010361,5,1,13.49,0.00
5025361,1010361,26,1,2.49,0.00
5025362,1010362,11,1,13.49,0.00
5025363,1010362,31,1,3.49,0.00
5025364,1010362,25,1,6.49,0.00
5025365,1010362,28,1,3.49,0.00
5025366,1010362,32,1,4.99,0.00
5025367,1010363,9,3,13.99,0.00
5025368,1010363,19,1,3.99,0.00
5025369,1010363,25,1,6.49,0.00
5025370,1010364,12,1,18.99,0.00
5025371,1010364,30,1,3.29,0.00
5025372,1010365,10,2,10.99,0.00
5025373,1010365,27,1,2.49,0.00
5025374,1010365,19,1,3.99,0.00
5025375,1010365,26,1,2.49,0.00
5025376,1010366,9,1,13.99,0.00
5025377,1010367,1,3,11.49,0.00
5025378,1010367,25,1,6.49,0.00
5025379,1010367,20,1,4.49,0.00
5025380,1010368,4,1,14.99,0.00
5025381,1010368,27,2,2.49,0.00
5025382,1010368,35,1,2.99,0.00
5025383,1010368,32,1,4.99,0.00
5025384,1010369,13,1,9.99,0.00
5025385,1010369,26,1,2.49,0.00
5025386,1010370,11,1,13.49,0.00
5025387,1010371,9,1,13.99,0.00
5025388,1010371,2,1,11.99,0.00
5025389,1010371,32,1,4.99,0.00
5025390,1010371,28,1,3.49,0.00
5025391,1010372,10,1,10.99,0.00
5025392,1010373,16,1,10.49,0.00
5025393,1010373,27,2,2.49,0.00
5025394,1010374,8,1,12.49,0.00
5025395,1010375,11,1,13.49,0.00
5025396,1010375,34,1,4.49,0.00
5025397,1010375,20,1,4.49,0.00
5025398,1010375,7,1,11.99,0.00
5025399,1010375,29,1,3.49,0.00
5025400,1010376,1,1,11.49,0.00
5025401,1010376,18,1,5.49,0.00
5025402,1010376,30,2,3.29,0.00
5025403,1010376,34,1,4.49,0.00
5025404,1010376,31,1,3.49,0.00
5025405,1010377,1,2,11.49,0.00
5025406,1010377,25,1,6.49,0.00
5025407,1010378,2,1,11.99,0.00
5025408,1010378,31,1,3.49,0.00
5025409,1010379,14,1,10.49,0.00
5025410,1010379,18,2,5.49,0.00
5025411,1010380,12,2,18.99,0.00
5025412,1010380,27,1,2.49,0.00
5025413,1010381,8,1,12.49,0.00
5025414,1010381,32,1,4.99,0.00
5025415,1010381,30,1,3.29,0.00
5025416,1010382,8,1,12.49,0.00
5025417,1010383,5,0,13.49,0.00
5025418,1010383,29,1,3.49,0.00
5025419,1010383,26,1,2.49,0.00
5025420,1010384,8,1,12.49,0.00
5025421,1010384,26,1,2.49,0.00
5025422,1010384,31,2,3.49,0.00
5025423,1010385,16,1,10.49,0.00
5025424,1010385,22,1,4.49,0.00
5025425,1010386,11,1,13.49,0.00
5025426,1010387,4,3,14.99,0.00
5025427,1010387,1,1,11.49,0.00
5025428,1010388,1,1,11.49,0.00
5025429,1010388,31,1,3.49,0.00
5025430,1010389,11,1,13.49,0.00
5025431,1010389,21,2,3.99,0.00
5025432,1010389,30,1,3.29,0.00
5025433,1010389,9,1,13.99,0.00
5025434,1010390,1,2,11.49,0.00
5025435,1010390,26,2,2.49,0.00
5025436,1010390,18,1,5.49,0.00
5025437,1010391,4,1,14.99,0.00
5025438,1010392,10,1,10.99,0.00
5025439,1010392,26,1,2.49,0.00
5025440,1010393,2,1,11.99,0.00
5025441,1010393,25,1,6.49,0.00
5025442,1010393,20,1,4.49,0.00
5025443,1010394,3,1,10.49,0.00
5025444,1010394,27,1,2.49,0.00
5025445,1010394,21,2,3.99,0.00
5025446,1010395,9,1,13.99,0.00
5025447,1010395,32,1,4.99,0.00
5025448,1010395,19,1,3.99,0.00
5025449,1010395,26,1,2.49,0.00
5025450,1010396,2,1,11.99,0.00
5025451,1010396,35,3,2.99,0.00
5025452,1010397,9,1,13.99,0.00
5025453,1010397,3,1,10.49,0.00
5025454,1010397,27,1,2.49,0.00
5025455,1010398,7,1,11.99,0.00
5025456,1010398,18,1,5.49,0.00
5025457,1010398,28,2,3.49,0.00
5025458,1010399,5,1,13.49,0.00
5025459,1010399,30,1,3.29,0.00
5025460,1010400,2,2,11.99,0.00
5025461,1010400,34,3,4.49,0.00
5025462,1010401,5,1,13.49,0.00
5025463,1010401,26,1,2.49,0.00
5025464,1010402,7,1,11.99,0.00
5025465,1010402,32,1,4.99,0.00
5025466,1010403,13,1,9.99,0.00
5025467,1010403,23,1,3.99,0.00
5025468,1010404,2,1,11.99,0.00
5025469,1010404,18,1,5.49,0.00
5025470,1010404,20,1,4.49,0.00
5025471,1010405,11,1,13.49,0.00
5025472,1010405,35,1,2.99,0.00
5025473,1010405,26,1,2.49,0.00
5025474,1010405,19,1,3.99,0.00
5025475,1010406,2,1,11.99,0.00
5025476,1010406,23,1,3.99,0.00
5025477,1010407,5,1,13.49,0.00
5025478,1010408,2,1,11.99,0.00
5025479,1010408,26,4,2.49,0.00
5025480,1010408,21,1,3.99,0.00
5025481,1010409,2,1,11.99,0.00
5025482,1010409,32,1,4.99,0.00
5025483,1010409,24,1,3.49,0.00
5025484,1010410,14,1,10.49,0.00
5025485,1010411,9,1,13.99,0.00
5025486,1010411,32,1,4.99,0.00
5025487,1010411,28,1,3.49,0.00
5025488,1010411,31,1,3.49,0.00
5025489,1010412,11,1,13.49,0.00
5025490,1010412,29,1,3.49,0.00
5025491,1010413,12,1,18.99,0.00
5025492,1010413,18,1,5.49,0.00
5025493,1010413,32,1,4.99,0.00
5025494,1010414,7,1,11.99,0.00
5025495,1010414,32,1,4.99,0.00
5025496,1010414,26,1,2.49,0.00
5025497,1010415,1,1,11.49,0.00
5025498,1010415,27,1,2.49,0.00
5025499,1010415,34,1,4.49,0.00
5025500,1010416,8,2,12.49,0.00
5025501,1010416,16,1,10.49,0.00
5025502,1010416,30,1,3.29,0.00
5025503,1010416,34,2,4.49,0.00
5025504,1010416,20,1,4.49,0.00
5025505,1010416,25,2,6.49,0.00
5025506,1010417,1,1,11.49,0.00
5025507,1010418,14,0,10.49,0.00
5025508,1010418,25,1,6.49,0.00
5025509,1010419,1,2,11.49,0.00
5025510,1010420,1,1,11.49,0.00
5025511,1010421,5,2,13.49,0.00
5025512,1010421,18,1,5.49,0.00
5025513,1010422,3,1,10.49,0.00
5025514,1010422,26,2,2.49,0.00
5025515,1010422,23,3,3.99,0.00
5025516,1010423,11,1,13.49,0.00
5025517,1010424,9,1,13.99,0.00
5025518,1010425,15,2,10.99,0.00
5025519,1010425,18,1,5.49,0.00
5025520,1010425,31,1,3.49,0.00
5025521,1010425,29,1,3.49,0.00
5025522,1010426,11,1,13.49,0.00
5025523,1010426,26,1,2.49,0.00
5025524,1010426,14,1,10.49,0.00
5025525,1010427,11,1,13.49,0.00
5025526,1010427,29,1,3.49,0.00
5025527,1010427,20,1,4.49,0.00
5025528,1010427,26,1,2.49,0.00
5025529,1010428,3,1,10.49,0.00
5025530,1010429,2,2,11.99,0.00
5025531,1010430,6,1,12.99,0.00
5025532,1010431,16,2,10.49,0.00
5025533,1010431,21,2,3.99,0.00
5025534,1010432,9,1,13.99,0.00
5025535,1010433,12,1,18.99,0.00
5025536,1010433,30,1,3.29,0.00
5025537,1010434,7,1,11.99,0.00
5025538,1010434,21,1,3.99,0.00
5025539,1010435,8,1,12.49,0.00
5025540,1010435,26,2,2.49,0.00
5025541,1010436,6,1,12.99,0.00
5025542,1010436,31,2,3.49,0.00
5025543,1010437,7,2,11.99,0.00
5025544,1010437,27,1,2.49,0.00
5025545,1010437,29,1,3.49,0.00
5025546,1010437,19,1,3.99,0.00
5025547,1010437,21,2,3.99,0.00
5025548,1010438,5,1,13.49,0.00
5025549,1010438,30,1,3.29,0.00
5025550,1010438,27,1,2.49,0.00
5025551,1010438,6,1,12.99,0.00
5025552,1010439,3,1,10.49,0.00
5025553,1010439,20,1,4.49,0.00
5025554,1010439,18,1,5.49,0.00
5025555,1010439,21,1,3.99,0.00
5025556,1010440,15,1,10.99,0.00
5025557,1010440,26,1,2.49,0.00
5025558,1010440,29,1,3.49,0.00
5025559,1010440,19,1,3.99,0.00
5025560,1010441,11,1,13.49,0.00
5025561,1010441,27,2,2.49,0.00
5025562,1010441,19,1,3.99,0.00
5025563,1010442,5,1,13.49,0.00
5025564,1010443,14,2,10.49,0.00
5025565,1010443,22,1,4.49,0.00
5025566,1010443,2,1,11.99,0.00
5025567,1010443,32,1,4.99,0.00
5025568,1010444,2,1,11.99,0.00
5025569,1010444,18,1,5.49,0.00
5025570,1010445,2,2,11.99,0.00
5025571,1010445,1,1,11.49,0.00
5025572,1010445,22,1,4.49,0.00
5025573,1010446,9,1,13.99,0.00
5025574,1010446,21,1,3.99,0.00
5025575,1010446,20,1,4.49,0.00
5025576,1010447,8,1,12.49,0.00
5025577,1010447,26,1,2.49,0.00
5025578,1010448,11,2,13.49,0.00
5025579,1010448,22,2,4.49,0.00
5025580,1010448,26,1,2.49,0.00
5025581,1010449,8,1,12.49,0.00
5025582,1010449,30,1,3.29,0.00
5025583,1010449,21,1,3.99,0.00
5025584,1010450,9,1,13.99,0.00
5025585,1010450,28,1,3.49,0.00
5025586,1010450,1,1,11.49,0.00
5025587,1010451,2,1,11.99,0.00
5025588,1010451,27,1,2.49,0.00
5025589,1010451,19,1,3.99,0.00
5025590,1010451,24,2,3.49,0.00
5025591,1010452,5,1,13.49,0.00
5025592,1010452,26,4,2.49,0.00
5025593,1010453,2,1,11.99,0.00
5025594,1010453,34,2,4.49,0.00
5025595,1010454,8,1,12.49,0.00
5025596,1010454,28,1,3.49,0.00
5025597,1010454,29,1,3.49,0.00
5025598,1010455,4,1,14.99,0.00
5025599,1010455,31,1,3.49,0.00
5025600,1010456,13,1,9.99,0.00
5025601,1010456,31,1,3.49,0.00
5025602,1010456,2,1,11.99,0.00
5025603,1010456,26,1,2.49,0.00
5025604,1010457,2,1,11.99,0.00
5025605,1010457,30,1,3.29,0.00
5025606,1010457,26,1,2.49,0.00
5025607,1010457,14,1,10.49,0.00
5025608,1010458,10,1,10.99,0.00
5025609,1010458,18,1,5.49,0.00
5025610,1010458,20,1,4.49,0.00
5025611,1010459,7,1,11.99,0.00
5025612,1010459,1,1,11.49,0.00
5025613,1010459,28,1,3.49,0.00
5025614,1010460,5,1,13.49,0.00
5025615,1010460,27,2,2.49,0.00
5025616,1010460,20,1,4.49,0.00
5025617,1010461,1,1,11.49,0.00
5025618,1010461,30,1,3.29,0.00
5025619,1010462,14,1,10.49,0.00
5025620,1010462,26,1,2.49,0.00
5025621,1010463,4,1,14.99,0.00
5025622,1010463,15,1,10.99,0.00
5025623,1010463,23,1,3.99,0.00
5025624,1010464,11,1,13.49,0.00
5025625,1010464,27,1,2.49,0.00
5025626,1010465,7,1,11.99,0.00
5025627,1010466,13,1,9.99,0.00
5025628,1010466,22,1,4.49,0.00
5025629,1010467,15,1,10.99,0.00
5025630,1010467,27,1,2.49,0.00
5025631,1010468,5,1,13.49,0.00
5025632,1010469,10,1,10.99,0.00
5025633,1010469,19,1,3.99,0.00
5025634,1010470,4,1,14.99,0.00
5025635,1010470,27,1,2.49,0.00
5025636,1010470,33,1,5.49,0.00
5025637,1010471,1,1,11.49,0.00
5025638,1010471,30,2,3.29,0.00
5025639,1010471,32,1,4.99,0.00
5025640,1010472,4,1,14.99,0.00
5025641,1010472,27,1,2.49,0.00
5025642,1010473,10,1,10.99,0.00
5025643,1010473,31,2,3.49,0.00
5025644,1010474,11,1,13.49,0.00
5025645,1010475,2,1,11.99,0.00
5025646,1010475,34,1,4.49,0.00
5025647,1010475,19,2,3.99,0.00
5025648,1010476,9,1,13.99,0.00
5025649,1010476,27,1,2.49,0.00
5025650,1010476,29,1,3.49,0.00
5025651,1010477,1,1,11.49,0.00
5025652,1010477,31,1,3.49,0.00
5025653,1010478,6,1,12.99,0.00
5025654,1010478,21,1,3.99,0.00
5025655,1010479,7,1,11.99,0.00
5025656,1010480,2,1,11.99,0.00
5025657,1010480,19,1,3.99,0.00
5025658,1010480,32,1,4.99,0.00
5025659,1010481,13,1,9.99,0.00
5025660,1010481,19,1,3.99,0.00
5025661,1010481,28,1,3.49,0.00
5025662,1010482,11,1,13.49,0.00
5025663,1010482,23,1,3.99,0.00
5025664,1010482,27,1,2.49,0.00
5025665,1010482,35,1,2.99,0.00
5025666,1010482,20,2,4.49,0.00
5025667,1010482,19,1,3.99,0.00
5025668,1010483,14,1,10.49,0.00
5025669,1010483,19,2,3.99,0.00
5025670,1010483,32,1,4.99,0.00
5025671,1010484,15,2,10.99,0.00
5025672,1010484,21,1,3.99,0.00
5025673,1010485,2,1,11.99,0.00
5025674,1010485,18,1,5.49,0.00
5025675,1010486,8,1,12.49,0.00
5025676,1010487,1,1,11.49,0.00
5025677,1010488,7,1,11.99,0.00
5025678,1010488,18,1,5.49,0.00
5025679,1010489,10,1,10.99,0.00
5025680,1010490,15,1,10.99,0.00
5025681,1010490,19,1,3.99,0.00
5025682,1010490,27,2,2.49,0.00
5025683,1010490,32,1,4.99,0.00
5025684,1010491,1,1,11.49,0.00
5025685,1010491,33,1,5.49,0.00
5025686,1010492,2,1,11.99,0.00
5025687,1010492,34,1,4.49,0.00
5025688,1010492,30,1,3.29,0.00
5025689,1010493,10,1,10.99,0.00
5025690,1010493,5,1,13.49,0.00
5025691,1010493,24,1,3.49,0.00
5025692,1010494,9,1,13.99,0.00
5025693,1010494,7,1,11.99,0.00
5025694,1010495,3,1,10.49,0.00
5025695,1010495,31,1,3.49,0.00
5025696,1010496,2,1,11.99,0.00
5025697,1010497,3,2,10.49,0.00
5025698,1010497,20,2,4.49,0.00
5025699,1010498,3,1,10.49,0.00
5025700,1010499,9,1,13.99,0.00
5025701,1010499,13,1,9.99,0.00
5025702,1010500,4,1,14.99,0.00
5025703,1010500,20,1,4.49,0.00
5025704,1010501,4,1,14.99,0.00
5025705,1010502,8,1,12.49,0.00
5025706,1010503,1,2,11.49,0.00
5025707,1010503,22,1,4.49,0.00
5025708,1010503,26,1,2.49,0.00
5025709,1010504,9,1,13.99,0.00
5025710,1010505,2,3,11.99,0.00
5025711,1010506,11,2,13.49,0.00
5025712,1010506,27,1,2.49,0.00
5025713,1010507,3,1,10.49,0.00
5025714,1010507,22,1,4.49,0.00
5025715,1010508,11,1,13.49,0.00
5025716,1010509,12,1,18.99,0.00
5025717,1010509,30,1,3.29,0.00
5025718,1010509,27,0,2.49,0.00
5025719,1010510,4,1,14.99,0.00
5025720,1010510,29,1,3.49,0.00
5025721,1010510,27,1,2.49,0.00
5025722,1010511,1,3,11.49,0.00
5025723,1010511,31,-1,3.49,0.00
5025724,1010511,20,1,4.49,0.00
5025725,1010512,1,2,11.49,0.00
5025726,1010512,22,1,4.49,0.00
5025727,1010513,3,1,10.49,0.00
5025728,1010513,32,1,4.99,0.00
5025729,1010514,6,1,12.99,0.00
5025730,1010514,18,1,5.49,0.00
5025731,1010514,30,1,3.29,0.00
5025732,1010515,16,1,10.49,0.00
5025733,1010515,22,1,4.49,0.00
5025734,1010516,1,1,11.49,0.00
5025735,1010516,31,2,3.49,0.00
5025736,1010517,14,1,10.49,0.00
5025737,1010517,26,1,2.49,0.00
5025738,1010517,22,1,4.49,0.00
5025739,1010517,27,1,2.49,0.00
5025740,1010518,1,1,11.49,0.00
5025741,1010518,18,1,5.49,0.00
5025742,1010519,8,1,12.49,0.00
5025743,1010519,27,1,2.49,0.00
5025744,1010520,3,1,10.49,0.00
5025745,1010520,29,1,3.49,0.00
5025746,1010520,22,1,4.49,0.00
5025747,1010521,5,1,13.49,0.00
5025748,1010522,15,1,10.99,0.00
5025749,1010522,26,1,2.49,0.00
5025750,1010523,5,1,13.49,0.00
5025751,1010523,23,1,3.99,0.00
5025752,1010523,24,1,3.49,0.00
5025753,1010524,1,1,11.49,0.00
5025754,1010524,29,1,3.49,0.00
5025755,1010524,27,3,2.49,0.00
5025756,1010525,1,1,11.49,0.00
5025757,1010526,14,1,10.49,0.00
5025758,1010526,18,1,5.49,0.00
5025759,1010527,13,1,9.99,0.00
5025760,1010527,23,1,3.99,0.00
5025761,1010527,19,2,3.99,0.00
5025762,1010528,15,1,10.99,0.00
5025763,1010528,22,1,4.49,0.00
5025764,1010528,23,1,3.99,0.00
5025765,1010529,6,1,12.99,0.00
5025766,1010530,14,1,10.49,0.00
5025767,1010530,22,1,4.49,0.00
5025768,1010530,27,2,2.49,0.00
5025769,1010531,1,2,11.49,0.00
5025770,1010531,27,1,2.49,0.00
5025771,1010532,7,1,11.99,0.00
5025772,1010533,3,2,10.49,0.00
5025773,1010533,24,1,3.49,0.00
5025774,1010534,1,1,11.49,0.00
5025775,1010534,26,1,2.49,0.00
5025776,1010535,15,1,10.99,0.00
5025777,1010536,16,1,10.49,0.00
5025778,1010536,31,1,3.49,0.00
5025779,1010537,8,1,12.49,0.00
5025780,1010537,30,2,3.29,0.00
5025781,1010537,27,1,2.49,0.00
5025782,1010538,14,2,10.49,0.00
5025783,1010538,18,1,5.49,0.00
5025784,1010539,3,1,10.49,0.00
5025785,1010539,28,1,3.49,0.00
5025786,1010540,14,1,10.49,0.00
5025787,1010540,24,1,3.49,0.00
5025788,1010540,27,1,2.49,0.00
5025789,1010541,5,3,13.49,0.00
5025790,1010541,32,1,4.99,0.00
5025791,1010541,22,1,4.49,0.00
5025792,1010541,30,1,3.29,0.00
5025793,1010542,3,1,10.49,0.00
5025794,1010543,3,1,10.49,0.00
5025795,1010543,30,1,3.29,0.00
5025796,1010543,33,1,5.49,0.00
5025797,1010544,7,0,11.99,0.00
5025798,1010545,10,1,10.99,0.00
5025799,1010545,18,1,5.49,0.00
5025800,1010546,14,1,10.49,0.00
5025801,1010546,33,1,5.49,0.00
5025802,1010547,4,1,14.99,0.00
5025803,1010548,6,1,12.99,0.00
5025804,1010548,34,1,4.49,0.00
5025805,1010548,24,1,3.49,0.00
5025806,1010549,5,1,13.49,0.00
5025807,1010549,28,3,3.49,0.00
5025808,1010549,32,3,4.99,0.00
5025809,1010549,18,1,5.49,0.00
5025810,1010550,3,1,10.49,0.00
5025811,1010551,7,1,11.99,0.00
5025812,1010551,25,1,6.49,0.00
5025813,1010551,22,1,4.49,0.00
5025814,1010552,8,1,12.49,0.00
5025815,1010552,30,1,3.29,0.00
5025816,1010553,13,1,9.99,0.00
5025817,1010553,32,2,4.99,0.00
5025818,1010553,33,1,5.49,0.00
5025819,1010553,1,1,11.49,0.00
5025820,1010554,6,1,12.99,0.00
5025821,1010555,1,1,11.49,0.00
5025822,1010555,33,2,5.49,0.00
5025823,1010555,30,1,3.29,0.00
5025824,1010556,8,2,12.49,0.00
5025825,1010556,28,1,3.49,0.00
5025826,1010557,3,1,10.49,0.00
5025827,1010557,14,1,10.49,0.00
5025828,1010557,28,1,3.49,0.00
5025829,1010558,9,1,13.99,0.00
5025830,1010558,29,1,3.49,0.00
5025831,1010559,1,2,11.49,0.00
5025832,1010559,27,1,2.49,0.00
5025833,1010559,19,1,3.99,0.00
5025834,1010559,25,1,6.49,0.00
5025835,1010560,9,1,13.99,0.00
5025836,1010560,29,2,3.49,0.00
5025837,1010561,10,1,10.99,0.00
5025838,1010561,11,1,13.49,0.00
5025839,1010561,15,2,10.99,0.00
5025840,1010561,8,1,12.49,0.00
5025841,1010562,13,1,9.99,0.00
5025842,1010563,15,1,10.99,0.00
5025843,1010563,29,1,3.49,0.00
5025844,1010564,5,1,13.49,0.00
5025845,1010565,2,1,11.99,0.00
5025846,1010566,15,1,10.99,0.00
5025847,1010566,23,1,3.99,0.00
5025848,1010566,26,2,2.49,0.00
5025849,1010566,21,1,3.99,0.00
5025850,1010566,34,1,4.49,0.00
5025851,1010566,27,2,2.49,0.00
5025852,1010567,12,1,18.99,0.00
5025853,1010567,33,1,5.49,0.00
5025854,1010567,30,1,3.29,0.00
5025855,1010567,15,1,10.99,0.00
5025856,1010568,14,1,10.49,0.00
5025857,1010568,18,1,5.49,0.00
5025858,1010568,19,1,3.99,0.00
5025859,1010568,32,2,4.99,0.00
5025860,1010569,9,2,13.99,0.00
5025861,1010570,5,1,13.49,0.00
5025862,1010570,20,0,4.49,0.00
5025863,1010570,30,1,3.29,0.00
5025864,1010571,2,1,11.99,0.00
5025865,1010571,19,1,3.99,0.00
5025866,1010572,3,1,10.49,0.00
5025867,1010573,1,1,11.49,0.00
5025868,1010573,29,2,3.49,0.00
5025869,1010573,26,1,2.49,0.00
5025870,1010573,24,1,3.49,0.00
5025871,1010574,10,1,10.99,0.00
5025872,1010574,18,1,5.49,0.00
5025873,1010574,26,1,2.49,0.00
5025874,1010574,28,1,3.49,0.00
5025875,1010575,10,1,10.99,0.00
5025876,1010576,11,1,13.49,0.00
5025877,1010576,20,1,4.49,0.00
5025878,1010577,6,1,12.99,0.00
5025879,1010577,19,1,3.99,0.00
5025880,1010577,33,1,5.49,0.00
5025881,1010578,8,1,12.49,0.00
5025882,1010578,4,1,14.99,0.00
5025883,1010579,2,1,11.99,0.00
5025884,1010579,32,2,4.99,0.00
5025885,1010580,2,1,11.99,0.00
5025886,1010581,6,1,12.99,0.00
5025887,1010581,26,1,2.49,0.00
5025888,1010581,24,1,3.49,0.00
5025889,1010582,1,1,11.49,0.00
5025890,1010583,3,1,10.49,0.00
5025891,1010583,29,1,3.49,0.00
5025892,1010583,7,1,11.99,0.00
5025893,1010584,10,1,10.99,0.00
5025894,1010584,29,1,3.49,0.00
5025895,1010585,13,2,9.99,0.00
5025896,1010585,19,2,3.99,0.00
5025897,1010586,1,1,11.49,0.00
5025898,1010587,1,1,11.49,0.00
5025899,1010588,7,1,11.99,0.00
5025900,1010588,34,1,4.49,0.00
5025901,1010589,8,1,12.49,0.00
5025902,1010589,28,1,3.49,0.00
5025903,1010590,12,1,18.99,0.00
5025904,1010590,27,1,2.49,0.00
5025905,1010590,19,1,3.99,0.00
5025906,1010591,5,1,13.49,0.00
5025907,1010592,7,0,11.99,0.00
5025908,1010592,30,1,3.29,0.00
5025909,1010592,23,1,3.99,0.00
5025910,1010593,10,1,10.99,0.00
5025911,1010594,5,2,13.49,0.00
5025912,1010594,31,1,3.49,0.00
5025913,1010595,7,2,11.99,0.00
5025914,1010595,29,1,3.49,0.00
5025915,1010595,21,1,3.99,0.00
5025916,1010595,1,1,11.49,0.00
5025917,1010596,5,1,13.49,0.00
5025918,1010596,27,1,2.49,0.00
5025919,1010597,3,1,10.49,0.00
5025920,1010598,3,1,10.49,0.00
5025921,1010598,19,2,3.99,0.00
5025922,1010599,6,1,12.99,0.00
5025923,1010599,9,1,13.99,0.00
5025924,1010600,4,1,14.99,0.00
5025925,1010600,11,1,13.49,0.00
5025926,1010601,8,1,12.49,0.00
5025927,1010601,18,3,5.49,0.00
5025928,1010601,28,1,3.49,0.00
5025929,1010602,6,1,12.99,0.00
5025930,1010603,9,1,13.99,0.00
5025931,1010603,28,1,3.49,0.00
5025932,1010604,7,1,11.99,0.00
5025933,1010604,29,2,3.49,0.00
5025934,1010604,34,1,4.49,0.00
5025935,1010604,28,1,3.49,0.00
5025936,1010605,16,1,10.49,0.00
5025937,1010605,20,1,4.49,0.00
5025938,1010605,18,1,5.49,0.00
5025939,1010605,35,1,2.99,0.00
5025940,1010606,4,1,14.99,0.00
5025941,1010607,4,1,14.99,0.00
5025942,1010607,28,1,3.49,0.00
5025943,1010607,20,1,4.49,0.00
5025944,1010608,15,1,10.99,0.00
5025945,1010608,27,1,2.49,0.00
5025946,1010608,32,1,4.99,0.00
5025947,1010609,4,1,14.99,0.00
5025948,1010610,4,1,14.99,0.00
5025949,1010610,28,1,3.49,0.00
5025950,1010611,11,1,13.49,0.00
5025951,1010612,15,1,10.99,0.00
5025952,1010612,18,2,5.49,0.00
5025953,1010612,22,1,4.49,0.00
5025954,1010613,4,1,14.99,0.00
5025955,1010613,19,2,3.99,0.00
5025956,1010613,30,1,3.29,0.00
5025957,1010613,24,1,3.49,0.00
5025958,1010613,21,1,3.99,0.00
5025959,1010614,8,2,12.49,0.00
5025960,1010615,2,1,11.99,0.00
5025961,1010615,21,1,3.99,0.00
5025962,1010616,8,1,12.49,0.00
5025963,1010616,26,2,2.49,0.00
5025964,1010616,23,1,3.99,0.00
5025965,1010617,15,1,10.99,0.00
5025966,1010617,21,1,3.99,0.00
5025967,1010618,16,1,10.49,0.00
5025968,1010618,18,1,5.49,0.00
5025969,1010619,3,1,10.49,0.00
5025970,1010620,4,1,14.99,0.00
5025971,1010620,20,1,4.49,0.00
5025972,1010620,18,1,5.49,0.00
5025973,1010621,3,1,10.49,0.00
5025974,1010622,5,1,13.49,0.00
5025975,1010622,22,1,4.49,0.00
5025976,1010623,13,1,9.99,0.00
5025977,1010623,29,1,3.49,0.00
5025978,1010623,27,1,2.49,0.00
5025979,1010624,3,2,10.49,0.00
5025980,1010624,32,1,4.99,0.00
5025981,1010624,27,1,2.49,0.00
5025982,1010624,30,1,3.29,0.00
5025983,1010625,8,1,12.49,0.00
5025984,1010625,19,1,3.99,0.00
5025985,1010625,28,1,3.49,0.00
5025986,1010626,15,1,10.99,0.00
5025987,1010627,5,3,13.49,0.00
5025988,1010628,16,1,10.49,0.00
5025989,1010628,20,1,4.49,0.00
5025990,1010628,28,1,3.49,0.00
5025991,1010628,35,1,2.99,0.00
5025992,1010628,25,1,6.49,0.00
5025993,1010629,3,1,10.49,0.00
5025994,1010629,31,1,3.49,0.00
5025995,1010630,9,1,13.99,0.00
5025996,1010630,28,1,3.49,0.00
5025997,1010631,6,1,12.99,0.00
5025998,1010631,26,1,2.49,0.00
5025999,1010632,6,1,12.99,0.00
5026000,1010633,2,1,11.99,0.00
5026001,1010634,1,1,11.49,0.00
5026002,1010634,21,1,3.99,0.00
5026003,1010634,10,1,10.99,0.00
5026004,1010635,9,3,13.99,0.00
5026005,1010635,23,1,3.99,0.00
5026006,1010636,4,1,14.99,0.00
5026007,1010637,7,2,11.99,0.00
5026008,1010638,1,1,11.49,0.00
5026009,1010638,31,1,3.49,0.00
5026010,1010639,2,2,11.99,0.00
5026011,1010639,31,1,3.49,0.00
5026012,1010640,9,1,13.99,0.00
5026013,1010640,27,1,2.49,0.00
5026014,1010641,10,3,10.99,0.00
5026015,1010641,28,1,3.49,0.00
5026016,1010641,21,1,3.99,0.00
5026017,1010641,18,1,5.49,0.00
5026018,1010641,7,1,11.99,0.00
5026019,1010642,4,1,14.99,0.00
5026020,1010642,26,1,2.49,0.00
5026021,1010643,3,1,10.49,0.00
5026022,1010643,25,1,6.49,0.00
5026023,1010643,18,1,5.49,0.00
5026024,1010644,8,1,12.49,0.00
5026025,1010644,23,1,3.99,0.00
5026026,1010644,31,1,3.49,0.00
5026027,1010644,34,1,4.49,0.00
5026028,1010645,2,3,11.99,0.00
5026029,1010645,27,1,2.49,0.00
5026030,1010646,4,1,14.99,0.00
5026031,1010646,20,1,4.49,0.00
5026032,1010647,5,1,13.49,0.00
5026033,1010647,22,1,4.49,0.00
5026034,1010648,9,1,13.99,0.00
5026035,1010648,25,2,6.49,0.00
5026036,1010649,6,1,12.99,0.00
5026037,1010649,26,2,2.49,0.00
5026038,1010649,28,1,3.49,0.00
5026039,1010650,7,1,11.99,0.00
5026040,1010650,25,1,6.49,0.00
5026041,1010650,26,1,2.49,0.00
5026042,1010650,27,1,2.49,0.00
5026043,1010651,9,1,13.99,0.00
5026044,1010651,14,2,10.49,0.00
5026045,1010651,13,1,9.99,0.00
5026046,1010651,21,1,3.99,0.00
5026047,1010652,12,1,18.99,0.00
5026048,1010652,32,3,4.99,0.00
5026049,1010653,16,1,10.49,0.00
5026050,1010653,22,1,4.49,0.00
5026051,1010654,1,1,11.49,0.00
5026052,1010655,5,1,13.49,0.00
5026053,1010655,18,1,5.49,0.00
5026054,1010655,19,1,3.99,0.00
5026055,1010656,11,1,13.49,0.00
5026056,1010656,31,2,3.49,0.00
5026057,1010657,10,1,10.99,0.00
5026058,1010657,26,1,2.49,0.00
5026059,1010658,3,3,10.49,0.00
5026060,1010659,1,1,11.49,0.00
5026061,1010659,33,1,5.49,0.00
5026062,1010659,19,1,3.99,0.00
5026063,1010659,27,1,2.49,0.00
5026064,1010659,26,1,2.49,0.00
5026065,1010659,35,1,2.99,0.00
5026066,1010660,13,2,9.99,0.00
5026067,1010660,33,1,5.49,0.00
5026068,1010661,12,1,18.99,0.00
5026069,1010661,34,1,4.49,0.00
5026070,1010661,24,3,3.49,0.00
5026071,1010662,1,1,11.49,0.00
5026072,1010662,27,1,2.49,0.00
5026073,1010663,4,1,14.99,0.00
5026074,1010663,27,1,2.49,0.00
5026075,1010663,29,2,3.49,0.00
5026076,1010663,35,1,2.99,0.00
5026077,1010663,15,1,10.99,0.00
5026078,1010664,5,1,13.49,0.00
5026079,1010665,14,2,10.49,0.00
5026080,1010665,28,1,3.49,0.00
5026081,1010666,12,1,18.99,0.00
5026082,1010667,8,1,12.49,0.00
5026083,1010668,1,1,11.49,0.00
5026084,1010668,23,1,3.99,0.00
5026085,1010669,2,1,11.99,0.00
5026086,1010669,32,1,4.99,0.00
5026087,1010670,6,1,12.99,0.00
5026088,1010670,19,1,3.99,0.00
5026089,1010671,1,1,11.49,0.00
5026090,1010671,27,1,2.49,0.00
5026091,1010671,26,1,2.49,0.00
5026092,1010672,10,1,10.99,0.00
5026093,1010672,2,1,11.99,0.00
5026094,1010672,21,1,3.99,0.00
5026095,1010672,29,1,3.49,0.00
5026096,1010672,27,1,2.49,0.00
5026097,1010673,16,1,10.49,0.00
5026098,1010673,18,1,5.49,0.00
5026099,1010674,7,1,11.99,0.00
5026100,1010675,8,1,12.49,0.00
5026101,1010675,28,2,3.49,0.00
5026102,1010676,1,1,11.49,0.00
5026103,1010676,25,1,6.49,0.00
5026104,1010676,15,1,10.99,0.00
5026105,1010676,19,3,3.99,0.00
5026106,1010677,8,1,12.49,0.00
5026107,1010677,27,1,2.49,0.00
5026108,1010678,14,2,10.49,0.00
5026109,1010678,20,1,4.49,0.00
5026110,1010678,28,2,3.49,0.00
5026111,1010678,27,1,2.49,0.00
5026112,1010679,8,1,12.49,0.00
5026113,1010679,21,1,3.99,0.00
5026114,1010679,34,1,4.49,0.00
5026115,1010680,3,1,10.49,0.00
5026116,1010680,26,3,2.49,0.00
5026117,1010681,2,1,11.99,0.00
5026118,1010681,28,1,3.49,0.00
5026119,1010682,5,1,13.49,0.00
5026120,1010682,20,1,4.49,0.00
5026121,1010682,18,1,5.49,0.00
5026122,1010682,10,1,10.99,0.00
5026123,1010683,4,1,14.99,0.00
5026124,1010683,28,2,3.49,0.00
5026125,1010683,21,1,3.99,0.00
5026126,1010684,2,2,11.99,0.00
5026127,1010684,20,1,4.49,0.00
5026128,1010684,30,1,3.29,0.00
5026129,1010684,32,1,4.99,0.00
5026130,1010685,4,1,14.99,0.00
5026131,1010685,26,1,2.49,0.00
5026132,1010686,8,1,12.49,0.00
5026133,1010686,7,1,11.99,0.00
5026134,1010686,4,2,14.99,0.00
5026135,1010686,19,1,3.99,0.00
5026136,1010687,2,2,11.99,0.00
5026137,1010687,29,1,3.49,0.00
5026138,1010687,34,1,4.49,0.00
5026139,1010687,23,2,3.99,0.00
5026140,1010688,5,1,13.49,0.00
5026141,1010688,21,2,3.99,0.00
5026142,1010689,3,1,10.49,0.00
5026143,1010690,5,1,13.49,0.00
5026144,1010691,3,1,10.49,0.00
5026145,1010692,6,1,12.99,0.00
5026146,1010692,32,1,4.99,0.00
5026147,1010692,23,1,3.99,0.00
5026148,1010692,21,1,3.99,0.00
5026149,1010693,4,1,14.99,0.00
5026150,1010693,7,1,11.99,0.00
5026151,1010694,8,1,12.49,0.00
5026152,1010695,12,1,18.99,0.00
5026153,1010696,5,1,13.49,0.00
5026154,1010696,33,1,5.49,0.00
5026155,1010696,28,3,3.49,0.00
5026156,1010696,22,1,4.49,0.00
5026157,1010697,9,1,13.99,0.00
5026158,1010698,7,1,11.99,0.00
5026159,1010698,25,1,6.49,0.00
5026160,1010698,27,1,2.49,0.00
5026161,1010698,28,1,3.49,0.00
5026162,1010698,29,1,3.49,0.00
5026163,1010699,15,1,10.99,0.00
5026164,1010699,26,1,2.49,0.00
5026165,1010699,33,1,5.49,0.00
5026166,1010699,34,1,4.49,0.00
5026167,1010699,5,1,13.49,0.00
5026168,1010700,3,1,10.49,0.00
5026169,1010700,30,1,3.29,0.00
5026170,1010701,15,1,10.99,0.00
5026171,1010701,31,1,3.49,0.00
5026172,1010701,26,3,2.49,0.00
5026173,1010702,3,2,10.49,0.00
5026174,1010702,26,1,2.49,0.00
5026175,1010703,5,1,13.49,0.00
5026176,1010703,24,1,3.49,0.00
5026177,1010703,20,1,4.49,0.00
5026178,1010703,19,1,3.99,0.00
5026179,1010703,3,1,10.49,0.00
5026180,1010703,18,1,5.49,0.00
5026181,1010704,11,1,13.49,0.00
5026182,1010705,8,1,12.49,0.00
5026183,1010705,23,1,3.99,0.00
5026184,1010706,8,1,12.49,0.00
5026185,1010706,20,1,4.49,0.00
5026186,1010706,30,2,3.29,0.00
5026187,1010707,1,1,11.49,0.00
5026188,1010707,20,1,4.49,0.00
5026189,1010708,2,1,11.99,0.00
5026190,1010709,9,1,13.99,0.00
5026191,1010709,27,1,2.49,0.00
5026192,1010709,32,1,4.99,0.00
5026193,1010710,9,1,13.99,0.00
5026194,1010710,30,1,3.29,0.00
5026195,1010711,7,1,11.99,0.00
5026196,1010711,24,1,3.49,0.00
5026197,1010712,2,1,11.99,0.00
5026198,1010713,1,1,11.49,0.00
5026199,1010714,10,1,10.99,0.00
5026200,1010714,27,1,2.49,0.00
5026201,1010714,6,1,12.99,0.00
5026202,1010715,10,1,10.99,0.00
5026203,1010716,8,1,12.49,0.00
5026204,1010717,3,1,10.49,0.00
5026205,1010717,29,1,3.49,0.00
5026206,1010718,5,1,13.49,0.00
5026207,1010718,27,1,2.49,0.00
5026208,1010719,5,3,13.49,0.00
5026209,1010719,32,2,4.99,0.00
5026210,1010720,5,1,13.49,0.00
5026211,1010720,24,1,3.49,0.00
5026212,1010720,21,1,3.99,0.00
5026213,1010720,22,2,4.49,0.00
5026214,1010721,15,2,10.99,0.00
5026215,1010722,2,1,11.99,0.00
5026216,1010722,20,1,4.49,0.00
5026217,1010723,1,2,11.49,0.00
5026218,1010723,18,1,5.49,0.00
5026219,1010724,11,1,13.49,0.00
5026220,1010724,29,1,3.49,0.00
5026221,1010724,31,1,3.49,0.00
5026222,1010725,16,1,10.49,0.00
5026223,1010726,13,1,9.99,0.00
5026224,1010727,12,1,18.99,0.00
5026225,1010727,18,1,5.49,0.00
5026226,1010728,9,1,13.99,0.00
5026227,1010728,28,1,3.49,0.00
5026228,1010729,15,1,10.99,0.00
5026229,1010730,3,1,10.49,0.00
5026230,1010730,21,1,3.99,0.00
5026231,1010730,27,1,2.49,0.00
5026232,1010730,23,1,3.99,0.00
5026233,1010731,13,2,9.99,0.00
5026234,1010731,20,1,4.49,0.00
5026235,1010731,23,1,3.99,0.00
5026236,1010732,10,1,10.99,0.00
5026237,1010732,27,1,2.49,0.00
5026238,1010733,5,1,13.49,0.00
5026239,1010734,7,1,11.99,0.00
5026240,1010734,31,1,3.49,0.00
5026241,1010735,8,1,12.49,0.00
5026242,1010735,7,2,11.99,0.00
5026243,1010735,19,1,3.99,0.00
5026244,1010736,2,1,11.99,0.00
5026245,1010736,18,1,5.49,0.00
5026246,1010736,23,1,3.99,0.00
5026247,1010737,16,1,10.49,0.00
5026248,1010738,4,2,14.99,0.00
5026249,1010738,30,1,3.29,0.00
5026250,1010738,21,2,3.99,0.00
5026251,1010738,24,1,3.49,0.00
5026252,1010739,1,1,11.49,0.00
5026253,1010739,27,1,2.49,0.00
5026254,1010739,19,1,3.99,0.00
5026255,1010740,13,2,9.99,0.00
5026256,1010740,21,1,3.99,0.00
5026257,1010741,9,1,13.99,0.00
5026258,1010742,13,1,9.99,0.00
5026259,1010742,5,1,13.49,0.00
5026260,1010742,24,2,3.49,0.00
5026261,1010742,34,1,4.49,0.00
5026262,1010742,31,1,3.49,0.00
5026263,1010743,2,2,11.99,0.00
5026264,1010744,16,2,10.49,0.00
5026265,1010744,35,1,2.99,0.00
5026266,1010745,16,1,10.49,0.00
5026267,1010745,34,1,4.49,0.00
5026268,1010746,5,2,13.49,0.00
5026269,1010746,18,1,5.49,0.00
5026270,1010746,23,1,3.99,0.00
5026271,1010747,2,1,11.99,0.00
5026272,1010748,1,1,11.49,0.00
5026273,1010748,31,1,3.49,0.00
5026274,1010749,7,1,11.99,0.00
5026275,1010750,5,1,13.49,0.00
5026276,1010750,20,1,4.49,0.00
5026277,1010750,6,1,12.99,0.00
5026278,1010751,7,1,11.99,0.00
5026279,1010752,14,1,10.49,0.00
5026280,1010752,20,1,4.49,0.00
5026281,1010753,7,1,11.99,0.00
5026282,1010754,15,1,10.99,0.00
5026283,1010754,29,1,3.49,0.00
5026284,1010754,14,1,10.49,0.00
5026285,1010754,24,1,3.49,0.00
5026286,1010755,15,1,10.99,0.00
5026287,1010755,34,1,4.49,0.00
5026288,1010755,6,1,12.99,0.00
5026289,1010756,10,1,10.99,0.00
5026290,1010757,1,1,11.49,0.00
5026291,1010757,23,1,3.99,0.00
5026292,1010757,18,1,5.49,0.00
5026293,1010757,24,2,3.49,0.00
5026294,1010758,1,1,11.49,0.00
5026295,1010758,26,1,2.49,0.00
5026296,1010758,27,1,2.49,0.00
5026297,1010759,9,2,13.99,0.00
5026298,1010759,25,1,6.49,0.00
5026299,1010759,27,1,2.49,0.00
5026300,1010759,1,1,11.49,0.00
5026301,1010759,29,1,3.49,0.00
5026302,1010760,2,2,11.99,0.00
5026303,1010760,26,1,2.49,0.00
5026304,1010761,8,1,12.49,0.00
5026305,1010761,23,1,3.99,0.00
5026306,1010761,26,1,2.49,0.00
5026307,1010761,24,3,3.49,0.00
5026308,1010762,1,2,11.49,0.00
5026309,1010763,11,1,13.49,0.00
5026310,1010763,26,1,2.49,0.00
5026311,1010763,29,1,3.49,0.00
5026312,1010763,15,1,10.99,0.00
5026313,1010764,3,2,10.49,0.00
5026314,1010764,2,2,11.99,0.00
5026315,1010765,3,1,10.49,0.00
5026316,1010765,28,1,3.49,0.00
5026317,1010765,22,2,4.49,0.00
5026318,1010765,32,1,4.99,0.00
5026319,1010765,19,1,3.99,0.00
5026320,1010766,15,2,10.99,0.00
5026321,1010767,11,1,13.49,0.00
5026322,1010767,18,1,5.49,0.00
5026323,1010767,34,1,4.49,0.00
5026324,1010768,9,2,13.99,0.00
5026325,1010768,19,1,3.99,0.00
5026326,1010768,18,1,5.49,0.00
5026327,1010768,30,1,3.29,0.00
5026328,1010769,15,0,10.99,0.00
5026329,1010769,19,1,3.99,0.00
5026330,1010770,6,1,12.99,0.00
5026331,1010770,20,1,4.49,0.00
5026332,1010770,26,1,2.49,0.00
5026333,1010770,18,1,5.49,0.00
5026334,1010771,9,1,13.99,0.00
5026335,1010771,27,3,2.49,0.00
5026336,1010772,15,1,10.99,0.00
5026337,1010773,6,1,12.99,0.00
5026338,1010773,28,1,3.49,0.00
5026339,1010774,11,1,13.49,0.00
5026340,1010774,21,1,3.99,0.00
5026341,1010775,4,1,14.99,0.00
5026342,1010775,33,1,5.49,0.00
5026343,1010775,18,1,5.49,0.00
5026344,1010775,21,1,3.99,0.00
5026345,1010776,9,1,13.99,0.00
5026346,1010777,7,2,11.99,0.00
5026347,1010777,1,1,11.49,0.00
5026348,1010777,23,2,3.99,0.00
5026349,1010777,21,1,3.99,0.00
5026350,1010778,1,1,11.49,0.00
5026351,1010778,18,1,5.49,0.00
5026352,1010779,6,1,12.99,0.00
5026353,1010779,25,1,6.49,0.00
5026354,1010779,26,1,2.49,0.00
5026355,1010779,29,1,3.49,0.00
5026356,1010780,15,1,10.99,0.00
5026357,1010780,26,1,2.49,0.00
5026358,1010781,3,1,10.49,0.00
5026359,1010782,1,1,11.49,0.00
5026360,1010783,2,1,11.99,0.00
5026361,1010783,33,3,5.49,0.00
5026362,1010784,1,3,11.49,0.00
5026363,1010784,31,3,3.49,0.00
5026364,1010784,29,2,3.49,0.00
5026365,1010785,7,1,11.99,0.00
5026366,1010785,24,1,3.49,0.00
5026367,1010786,1,1,11.49,0.00
5026368,1010786,29,1,3.49,0.00
5026369,1010786,28,1,3.49,0.00
5026370,1010787,2,1,11.99,0.00
5026371,1010787,32,1,4.99,0.00
5026372,1010788,6,2,12.99,0.00
5026373,1010789,4,1,14.99,0.00
5026374,1010789,18,3,5.49,0.00
5026375,1010790,16,3,10.49,0.00
5026376,1010790,27,2,2.49,0.00
5026377,1010790,30,3,3.29,0.00
5026378,1010790,21,1,3.99,0.00
5026379,1010790,34,1,4.49,0.00
5026380,1010791,3,1,10.49,0.00
5026381,1010791,18,1,5.49,0.00
5026382,1010792,6,1,12.99,0.00
5026383,1010792,31,1,3.49,0.00
5026384,1010792,20,1,4.49,0.00
5026385,1010793,9,1,13.99,0.00
5026386,1010794,7,1,11.99,0.00
5026387,1010794,20,1,4.49,0.00
5026388,1010794,25,2,6.49,0.00
5026389,1010794,10,1,10.99,0.00
5026390,1010795,6,1,12.99,0.00
5026391,1010795,26,1,2.49,0.00
5026392,1010795,10,1,10.99,0.00
5026393,1010795,20,1,4.49,0.00
5026394,1010796,1,1,11.49,0.00
5026395,1010796,23,1,3.99,0.00
5026396,1010797,1,3,11.49,0.00
5026397,1010798,9,1,13.99,0.00
5026398,1010798,27,1,2.49,0.00
5026399,1010798,26,1,2.49,0.00
5026400,1010799,6,1,12.99,0.00
5026401,1010799,29,1,3.49,0.00
5026402,1010800,7,1,11.99,0.00
5026403,1010801,11,1,13.49,0.00
5026404,1010801,26,1,2.49,0.00
5026405,1010802,14,1,10.49,0.00
5026406,1010802,26,1,2.49,0.00
5026407,1010803,3,1,10.49,0.00
5026408,1010803,27,1,2.49,0.00
5026409,1010803,26,1,2.49,0.00
5026410,1010803,22,1,4.49,0.00
5026411,1010804,13,1,9.99,0.00
5026412,1010805,14,1,10.49,0.00
5026413,1010806,13,1,9.99,0.00
5026414,1010806,24,1,3.49,0.00
5026415,1010806,35,1,2.99,0.00
5026416,1010806,29,1,3.49,0.00
5026417,1010807,1,1,11.49,0.00
5026418,1010807,33,1,5.49,0.00
5026419,1010807,19,1,3.99,0.00
5026420,1010807,18,1,5.49,0.00
5026421,1010807,29,1,3.49,0.00
5026422,1010808,8,1,12.49,0.00
5026423,1010808,32,2,4.99,0.00
5026424,1010808,24,1,3.49,0.00
5026425,1010809,7,1,11.99,0.00
5026426,1010809,30,1,3.29,0.00
5026427,1010810,2,1,11.99,0.00
5026428,1010810,27,1,2.49,0.00
5026429,1010811,4,1,14.99,0.00
5026430,1010812,6,2,12.99,0.00
5026431,1010813,1,1,11.49,0.00
5026432,1010813,9,1,13.99,0.00
5026433,1010813,34,1,4.49,0.00
5026434,1010814,6,1,12.99,0.00
5026435,1010814,29,1,3.49,0.00
5026436,1010814,20,1,4.49,0.00
5026437,1010815,11,1,13.49,0.00
5026438,1010815,29,2,3.49,0.00
5026439,1010816,10,1,10.99,0.00
5026440,1010817,3,1,10.49,0.00
5026441,1010817,21,1,3.99,0.00
5026442,1010818,16,1,10.49,0.00
5026443,1010818,19,1,3.99,0.00
5026444,1010818,20,1,4.49,0.00
5026445,1010819,13,1,9.99,0.00
5026446,1010820,1,1,11.49,0.00
5026447,1010820,27,1,2.49,0.00
5026448,1010820,2,1,11.99,0.00
5026449,1010821,2,1,11.99,0.00
5026450,1010822,1,1,11.49,0.00
5026451,1010823,7,1,11.99,0.00
5026452,1010823,22,1,4.49,0.00
5026453,1010823,31,2,3.49,0.00
5026454,1010824,1,1,11.49,0.00
5026455,1010824,18,1,5.49,0.00
5026456,1010824,34,1,4.49,0.00
5026457,1010825,6,1,12.99,0.00
5026458,1010825,34,1,4.49,0.00
5026459,1010825,21,2,3.99,0.00
5026460,1010825,18,1,5.49,0.00
5026461,1010826,1,1,11.49,0.00
5026462,1010826,31,1,3.49,0.00
5026463,1010826,27,1,2.49,0.00
5026464,1010826,22,1,4.49,0.00
5026465,1010827,8,1,12.49,0.00
5026466,1010828,16,1,10.49,0.00
5026467,1010829,14,1,10.49,0.00
5026468,1010829,28,3,3.49,0.00
5026469,1010829,34,1,4.49,0.00
5026470,1010829,27,1,2.49,0.00
5026471,1010830,14,1,10.49,0.00
5026472,1010830,19,1,3.99,0.00
5026473,1010831,5,1,13.49,0.00
5026474,1010831,19,1,3.99,0.00
5026475,1010832,7,1,11.99,0.00
5026476,1010832,23,1,3.99,0.00
5026477,1010832,30,1,3.29,0.00
5026478,1010832,26,1,2.49,0.00
5026479,1010833,11,1,13.49,0.00
5026480,1010833,25,1,6.49,0.00
5026481,1010834,10,1,10.99,0.00
5026482,1010835,5,1,13.49,0.00
5026483,1010835,26,1,2.49,0.00
5026484,1010835,30,1,3.29,0.00
5026485,1010836,6,2,12.99,0.00
5026486,1010836,23,1,3.99,0.00
5026487,1010836,25,1,6.49,0.00
5026488,1010836,28,1,3.49,0.00
5026489,1010837,14,2,10.49,0.00
5026490,1010838,13,1,9.99,0.00
5026491,1010839,1,1,11.49,0.00
5026492,1010840,13,1,9.99,0.00
5026493,1010840,35,1,2.99,0.00
5026494,1010841,15,1,10.99,0.00
5026495,1010841,19,1,3.99,0.00
5026496,1010841,31,2,3.49,0.00
5026497,1010842,14,1,10.49,0.00
5026498,1010842,27,1,2.49,0.00
5026499,1010843,9,1,13.99,0.00
5026500,1010843,20,1,4.49,0.00
5026501,1010844,8,1,12.49,0.00
5026502,1010844,35,1,2.99,0.00
5026503,1010845,2,1,11.99,0.00
5026504,1010845,33,1,5.49,0.00
5026505,1010846,11,1,13.49,0.00
5026506,1010846,19,1,3.99,0.00
5026507,1010846,33,2,5.49,0.00
5026508,1010846,24,1,3.49,0.00
5026509,1010847,16,2,10.49,0.00
5026510,1010847,18,1,5.49,0.00
5026511,1010848,2,1,11.99,0.00
5026512,1010849,10,1,10.99,0.00
5026513,1010849,21,2,3.99,0.00
5026514,1010850,14,1,10.49,0.00
5026515,1010850,11,1,13.49,0.00
5026516,1010850,31,1,3.49,0.00
5026517,1010850,27,2,2.49,0.00
5026518,1010850,28,1,3.49,0.00
5026519,1010850,7,1,11.99,0.00
5026520,1010851,8,1,12.49,0.00
5026521,1010852,10,1,10.99,0.00
5026522,1010853,3,1,10.49,0.00
5026523,1010853,20,1,4.49,0.00
5026524,1010853,30,1,3.29,0.00
5026525,1010854,3,1,10.49,0.00
5026526,1010854,8,1,12.49,0.00
5026527,1010854,9,2,13.99,0.00
5026528,1010854,24,1,3.49,0.00
5026529,1010855,7,2,11.99,0.00
5026530,1010855,33,1,5.49,0.00
5026531,1010855,20,1,4.49,0.00
5026532,1010856,2,1,11.99,0.00
5026533,1010856,3,1,10.49,0.00
5026534,1010856,32,1,4.99,0.00
5026535,1010856,20,1,4.49,0.00
5026536,1010857,7,1,11.99,0.00
5026537,1010858,7,1,11.99,0.00
5026538,1010858,15,1,10.99,0.00
5026539,1010859,1,1,11.49,0.00
5026540,1010859,30,1,3.29,0.00
5026541,1010859,25,1,6.49,0.00
5026542,1010860,3,3,10.49,0.00
5026543,1010860,30,2,3.29,0.00
5026544,1010860,19,1,3.99,0.00
5026545,1010861,8,1,12.49,0.00
5026546,1010861,27,2,2.49,0.00
5026547,1010861,30,1,3.29,0.00
5026548,1010862,10,3,10.99,0.00
5026549,1010862,26,2,2.49,0.00
5026550,1010862,28,1,3.49,0.00
5026551,1010863,5,1,13.49,0.00
5026552,1010863,29,1,3.49,0.00
5026553,1010863,27,1,2.49,0.00
5026554,1010863,21,1,3.99,0.00
5026555,1010863,23,1,3.99,0.00
5026556,1010864,12,1,18.99,0.00
5026557,1010864,22,2,4.49,0.00
5026558,1010865,3,1,10.49,0.00
5026559,1010866,3,2,10.49,0.00
5026560,1010866,32,1,4.99,0.00
5026561,1010867,2,1,11.99,0.00
5026562,1010867,18,1,5.49,0.00
5026563,1010868,12,1,18.99,0.00
5026564,1010868,21,1,3.99,0.00
5026565,1010868,27,1,2.49,0.00
5026566,1010868,23,1,3.99,0.00
5026567,1010869,3,1,10.49,0.00
5026568,1010869,23,3,3.99,0.00
5026569,1010869,30,1,3.29,0.00
5026570,1010870,10,1,10.99,0.00
5026571,1010870,27,1,2.49,0.00
5026572,1010870,19,1,3.99,0.00
5026573,1010871,12,1,18.99,0.00
5026574,1010871,3,1,10.49,0.00
5026575,1010871,29,1,3.49,0.00
5026576,1010872,6,1,12.99,0.00
5026577,1010873,1,1,11.49,0.00
5026578,1010873,16,1,10.49,0.00
5026579,1010874,1,1,11.49,0.00
5026580,1010874,34,1,4.49,0.00
5026581,1010875,8,1,12.49,0.00
5026582,1010875,11,1,13.49,0.00
5026583,1010876,8,1,12.49,0.00
5026584,1010876,34,0,4.49,0.00
5026585,1010876,29,1,3.49,0.00
5026586,1010876,27,1,2.49,0.00
5026587,1010877,5,1,13.49,0.00
5026588,1010878,3,1,10.49,0.00
5026589,1010878,34,1,4.49,0.00
5026590,1010878,18,1,5.49,0.00
5026591,1010879,2,1,11.99,0.00
5026592,1010879,33,1,5.49,0.00
5026593,1010880,16,1,10.49,0.00
5026594,1010881,8,1,12.49,0.00
5026595,1010881,29,1,3.49,0.00
5026596,1010882,8,1,12.49,0.00
5026597,1010882,24,1,3.49,0.00
5026598,1010883,4,1,14.99,0.00
5026599,1010883,26,1,2.49,0.00
5026600,1010883,18,1,5.49,0.00
5026601,1010884,5,1,13.49,0.00
5026602,1010884,18,2,5.49,0.00
5026603,1010884,22,1,4.49,0.00
5026604,1010884,31,1,3.49,0.00
5026605,1010885,5,1,13.49,0.00
5026606,1010885,18,1,5.49,0.00
5026607,1010885,26,1,2.49,0.00
5026608,1010885,4,1,14.99,0.00
5026609,1010885,19,2,3.99,0.00
5026610,1010886,14,1,10.49,0.00
5026611,1010886,21,1,3.99,0.00
5026612,1010887,8,1,12.49,0.00
5026613,1010887,21,1,3.99,0.00
5026614,1010888,3,1,10.49,0.00
5026615,1010888,21,1,3.99,0.00
5026616,1010889,6,1,12.99,0.00
5026617,1010889,21,1,3.99,0.00
5026618,1010889,20,1,4.49,0.00
5026619,1010890,14,1,10.49,0.00
5026620,1010891,13,1,9.99,0.00
5026621,1010891,28,1,3.49,0.00
5026622,1010891,23,1,3.99,0.00
5026623,1010891,27,2,2.49,0.00
5026624,1010891,32,1,4.99,0.00
5026625,1010892,3,1,10.49,0.00
5026626,1010892,33,1,5.49,0.00
5026627,1010892,29,2,3.49,0.00
5026628,1010893,1,1,11.49,0.00
5026629,1010894,10,1,10.99,0.00
5026630,1010895,2,1,11.99,0.00
5026631,1010895,18,1,5.49,0.00
5026632,1010896,2,1,11.99,0.00
5026633,1010896,33,2,5.49,0.00
5026634,1010896,22,2,4.49,0.00
5026635,1010897,3,1,10.49,0.00
5026636,1010897,23,1,3.99,0.00
5026637,1010897,18,1,5.49,0.00
5026638,1010897,21,1,3.99,0.00
5026639,1010898,14,1,10.49,0.00
5026640,1010899,11,1,13.49,0.00
5026641,1010899,20,1,4.49,0.00
5026642,1010900,2,1,11.99,0.00
5026643,1010901,3,1,10.49,0.00
5026644,1010901,6,1,12.99,0.00
5026645,1010902,4,1,14.99,0.00
5026646,1010902,27,2,2.49,0.00
5026647,1010902,32,1,4.99,0.00
5026648,1010903,9,1,13.99,0.00
5026649,1010903,32,1,4.99,0.00
5026650,1010903,24,1,3.49,0.00
5026651,1010903,23,2,3.99,0.00
5026652,1010904,7,1,11.99,0.00
5026653,1010904,33,2,5.49,0.00
5026654,1010904,32,1,4.99,0.00
5026655,1010904,25,1,6.49,0.00
5026656,1010904,29,1,3.49,0.00
5026657,1010904,18,1,5.49,0.00
5026658,1010905,10,1,10.99,0.00
5026659,1010905,20,1,4.49,0.00
5026660,1010905,1,1,11.49,0.00
5026661,1010905,21,3,3.99,0.00
5026662,1010906,1,1,11.49,0.00
5026663,1010906,26,2,2.49,0.00
5026664,1010907,1,1,11.49,0.00
5026665,1010907,34,1,4.49,0.00
5026666,1010907,32,1,4.99,0.00
5026667,1010908,9,1,13.99,0.00
5026668,1010908,34,1,4.49,0.00
5026669,1010908,13,1,9.99,0.00
5026670,1010909,9,1,13.99,0.00
5026671,1010909,28,1,3.49,0.00
5026672,1010909,20,1,4.49,0.00
5026673,1010910,15,1,10.99,0.00
5026674,1010910,30,2,3.29,0.00
5026675,1010910,6,1,12.99,0.00
5026676,1010910,27,1,2.49,0.00
5026677,1010911,13,1,9.99,0.00
5026678,1010911,23,1,3.99,0.00
5026679,1010912,8,1,12.49,0.00
5026680,1010912,18,1,5.49,0.00
5026681,1010912,28,2,3.49,0.00
5026682,1010913,4,1,14.99,0.00
5026683,1010913,28,1,3.49,0.00
5026684,1010913,2,3,11.99,0.00
5026685,1010914,2,1,11.99,0.00
5026686,1010915,16,1,10.49,0.00
5026687,1010916,3,1,10.49,0.00
5026688,1010916,27,1,2.49,0.00
5026689,1010916,19,1,3.99,0.00
5026690,1010917,11,2,13.49,0.00
5026691,1010917,31,1,3.49,0.00
5026692,1010917,32,1,4.99,0.00
5026693,1010918,14,1,10.49,0.00
5026694,1010919,1,1,11.49,0.00
5026695,1010919,18,1,5.49,0.00
5026696,1010919,30,1,3.29,0.00
5026697,1010919,22,1,4.49,0.00
5026698,1010920,9,1,13.99,0.00
5026699,1010920,28,1,3.49,0.00
5026700,1010920,23,2,3.99,0.00
5026701,1010921,14,1,10.49,0.00
5026702,1010921,35,2,2.99,0.00
5026703,1010921,9,1,13.99,0.00
5026704,1010922,9,1,13.99,0.00
5026705,1010922,19,1,3.99,0.00
5026706,1010922,27,2,2.49,0.00
5026707,1010923,13,1,9.99,0.00
5026708,1010923,35,1,2.99,0.00
5026709,1010923,34,1,4.49,0.00
5026710,1010924,1,1,11.49,0.00
5026711,1010925,9,1,13.99,0.00
5026712,1010926,5,1,13.49,0.00
5026713,1010926,18,2,5.49,0.00
5026714,1010926,28,1,3.49,0.00
5026715,1010927,9,1,13.99,0.00
5026716,1010927,18,1,5.49,0.00
5026717,1010928,16,2,10.49,0.00
5026718,1010928,27,1,2.49,0.00
5026719,1010929,4,1,14.99,0.00
5026720,1010930,9,2,13.99,0.00
5026721,1010930,21,1,3.99,0.00
5026722,1010930,31,1,3.49,0.00
5026723,1010931,4,1,14.99,0.00
5026724,1010931,22,1,4.49,0.00
5026725,1010932,7,1,11.99,0.00
5026726,1010932,27,2,2.49,0.00
5026727,1010933,7,-1,11.99,0.00
5026728,1010934,3,1,10.49,0.00
5026729,1010934,31,1,3.49,0.00
5026730,1010935,6,1,12.99,0.00
5026731,1010935,31,2,3.49,0.00
5026732,1010936,7,1,11.99,0.00
5026733,1010937,7,1,11.99,0.00
5026734,1010937,32,1,4.99,0.00
5026735,1010937,26,1,2.49,0.00
5026736,1010938,1,1,11.49,0.00
5026737,1010938,3,1,10.49,0.00
5026738,1010938,18,2,5.49,0.00
5026739,1010939,3,3,10.49,0.00
5026740,1010940,7,1,11.99,0.00
5026741,1010941,14,2,10.49,0.00
5026742,1010941,30,1,3.29,0.00
5026743,1010942,12,1,18.99,0.00
5026744,1010942,26,1,2.49,0.00
5026745,1010942,27,1,2.49,0.00
5026746,1010943,11,1,13.49,0.00
5026747,1010943,29,1,3.49,0.00
5026748,1010944,7,1,11.99,0.00
5026749,1010944,29,1,3.49,0.00
5026750,1010945,2,2,11.99,0.00
5026751,1010945,30,1,3.29,0.00
5026752,1010946,7,3,11.99,0.00
5026753,1010946,31,2,3.49,0.00
5026754,1010947,16,1,10.49,0.00
5026755,1010947,32,1,4.99,0.00
5026756,1010948,6,2,12.99,0.00
5026757,1010949,5,1,13.49,0.00
5026758,1010949,26,2,2.49,0.00
5026759,1010950,9,1,13.99,0.00
5026760,1010950,25,2,6.49,0.00
5026761,1010951,7,1,11.99,0.00
5026762,1010951,28,1,3.49,0.00
5026763,1010951,27,1,2.49,0.00
5026764,1010951,26,2,2.49,0.00
5026765,1010951,25,1,6.49,0.00
5026766,1010951,1,1,11.49,0.00
5026767,1010952,4,1,14.99,0.00
5026768,1010952,26,1,2.49,0.00
5026769,1010952,21,1,3.99,0.00
5026770,1010953,1,1,11.49,0.00
5026771,1010953,20,1,4.49,0.00
5026772,1010953,27,1,2.49,0.00
5026773,1010954,14,1,10.49,0.00
5026774,1010954,26,4,2.49,0.00
5026775,1010954,1,1,11.49,0.00
5026776,1010955,14,1,10.49,0.00
5026777,1010955,27,-1,2.49,0.00
5026778,1010956,5,1,13.49,0.00
5026779,1010957,3,1,10.49,0.00
5026780,1010957,28,1,3.49,0.00
5026781,1010957,23,1,3.99,0.00
5026782,1010958,6,1,12.99,0.00
5026783,1010958,27,1,2.49,0.00
5026784,1010958,22,1,4.49,0.00
5026785,1010958,20,1,4.49,0.00
5026786,1010958,2,1,11.99,0.00
5026787,1010959,8,1,12.49,0.00
5026788,1010959,28,1,3.49,0.00
5026789,1010959,20,2,4.49,0.00
5026790,1010960,1,1,11.49,0.00
5026791,1010960,34,2,4.49,0.00
5026792,1010961,14,1,10.49,0.00
5026793,1010961,26,1,2.49,0.00
5026794,1010962,9,1,13.99,0.00
5026795,1010963,4,1,14.99,0.00
5026796,1010963,18,2,5.49,0.00
5026797,1010963,28,1,3.49,0.00
5026798,1010963,23,1,3.99,0.00
5026799,1010964,4,2,14.99,0.00
5026800,1010964,24,2,3.49,0.00
5026801,1010964,26,2,2.49,0.00
5026802,1010964,29,1,3.49,0.00
5026803,1010965,2,1,11.99,0.00
5026804,1010965,19,1,3.99,0.00
5026805,1010966,1,2,11.49,0.00
5026806,1010967,13,1,9.99,0.00
5026807,1010967,29,1,3.49,0.00
5026808,1010967,20,1,4.49,0.00
5026809,1010968,9,1,13.99,0.00
5026810,1010969,11,1,13.49,0.00
5026811,1010970,6,1,12.99,0.00
5026812,1010970,20,1,4.49,0.00
5026813,1010970,21,1,3.99,0.00
5026814,1010971,5,1,13.49,0.00
5026815,1010971,28,2,3.49,0.00
5026816,1010972,9,2,13.99,0.00
5026817,1010972,26,2,2.49,0.00
5026818,1010973,6,1,12.99,0.00
5026819,1010973,33,1,5.49,0.00
5026820,1010974,16,1,10.49,0.00
5026821,1010974,35,1,2.99,0.00
5026822,1010974,30,1,3.29,0.00
5026823,1010974,29,1,3.49,0.00
5026824,1010974,25,1,6.49,0.00
5026825,1010975,7,1,11.99,0.00
5026826,1010975,30,1,3.29,0.00
5026827,1010975,13,1,9.99,0.00
5026828,1010975,32,1,4.99,0.00
5026829,1010975,29,2,3.49,0.00
5026830,1010975,21,1,3.99,0.00
5026831,1010976,14,2,10.49,0.00
5026832,1010976,28,1,3.49,0.00
5026833,1010977,4,1,14.99,0.00
5026834,1010978,7,1,11.99,0.00
5026835,1010978,29,1,3.49,0.00
5026836,1010978,21,1,3.99,0.00
5026837,1010979,11,1,13.49,0.00
5026838,1010979,18,1,5.49,0.00
5026839,1010979,32,1,4.99,0.00
5026840,1010980,7,1,11.99,0.00
5026841,1010981,12,1,18.99,0.00
5026842,1010981,18,1,5.49,0.00
5026843,1010981,25,1,6.49,0.00
5026844,1010982,2,1,11.99,0.00
5026845,1010982,18,1,5.49,0.00
5026846,1010983,13,2,9.99,0.00
5026847,1010983,20,1,4.49,0.00
5026848,1010983,30,1,3.29,0.00
5026849,1010984,15,1,10.99,0.00
5026850,1010984,29,1,3.49,0.00
5026851,1010984,20,1,4.49,0.00
5026852,1010984,2,1,11.99,0.00
5026853,1010984,18,1,5.49,0.00
5026854,1010985,1,1,11.49,0.00
5026855,1010985,21,1,3.99,0.00
5026856,1010985,27,1,2.49,0.00
5026857,1010985,20,1,4.49,0.00
5026858,1010986,9,1,13.99,0.00
5026859,1010986,7,1,11.99,0.00
5026860,1010987,6,2,12.99,0.00
5026861,1010987,9,1,13.99,0.00
5026862,1010988,4,1,14.99,0.00
5026863,1010988,30,1,3.29,0.00
5026864,1010988,20,1,4.49,0.00
5026865,1010989,15,1,10.99,0.00
5026866,1010990,6,1,12.99,0.00
5026867,1010991,6,1,12.99,0.00
5026868,1010991,19,2,3.99,0.00
5026869,1010991,3,1,10.49,0.00
5026870,1010992,3,1,10.49,0.00
5026871,1010992,27,1,2.49,0.00
5026872,1010992,22,1,4.49,0.00
5026873,1010992,19,1,3.99,0.00
5026874,1010992,18,1,5.49,0.00
5026875,1010992,26,1,2.49,0.00
5026876,1010993,9,1,13.99,0.00
5026877,1010993,30,1,3.29,0.00
5026878,1010993,29,1,3.49,0.00
5026879,1010993,26,2,2.49,0.00
5026880,1010993,5,1,13.49,0.00
5026881,1010993,25,2,6.49,0.00
5026882,1010994,9,1,13.99,0.00
5026883,1010995,4,1,14.99,0.00
5026884,1010995,22,1,4.49,0.00
5026885,1010995,27,1,2.49,0.00
5026886,1010996,1,1,11.49,0.00
5026887,1010996,27,2,2.49,0.00
5026888,1010997,7,1,11.99,0.00
5026889,1010997,22,1,4.49,0.00
5026890,1010998,9,2,13.99,0.00
5026891,1010998,32,1,4.99,0.00
5026892,1010998,12,1,18.99,0.00
5026893,1010999,7,1,11.99,0.00
5026894,1010999,21,3,3.99,0.00
5026895,1010999,26,1,2.49,0.00
5026896,1011000,10,1,10.99,0.00
5026897,1011000,18,1,5.49,0.00
5026898,1011000,26,1,2.49,0.00
5026899,1011001,4,1,14.99,0.00
5026900,1011001,25,1,6.49,0.00
5026901,1011002,14,1,10.49,0.00
5026902,1011003,1,1,11.49,0.00
5026903,1011003,15,1,10.99,0.00
5026904,1011003,21,1,3.99,0.00
5026905,1011003,2,1,11.99,0.00
5026906,1011004,6,2,12.99,0.00
5026907,1011004,35,1,2.99,0.00
5026908,1011005,4,1,14.99,0.00
5026909,1011005,23,1,3.99,0.00
5026910,1011006,8,1,12.49,0.00
5026911,1011006,23,2,3.99,0.00
5026912,1011007,1,1,11.49,0.00
5026913,1011008,8,1,12.49,0.00
5026914,1011008,19,2,3.99,0.00
5026915,1011009,2,1,11.99,0.00
5026916,1011009,18,1,5.49,0.00
5026917,1011009,10,1,10.99,0.00
5026918,1011010,5,1,13.49,0.00
5026919,1011011,12,1,18.99,0.00
5026920,1011011,35,1,2.99,0.00
5026921,1011012,12,2,18.99,0.00
5026922,1011012,19,1,3.99,0.00
5026923,1011012,21,1,3.99,0.00
5026924,1011013,11,1,13.49,0.00
5026925,1011013,3,1,10.49,0.00
5026926,1011013,24,1,3.49,0.00
5026927,1011013,22,1,4.49,0.00
5026928,1011013,27,1,2.49,0.00
5026929,1011014,2,1,11.99,0.00
5026930,1011014,30,1,3.29,0.00
5026931,1011014,20,1,4.49,0.00
5026932,1011015,9,1,13.99,0.00
5026933,1011015,33,1,5.49,0.00
5026934,1011015,19,1,3.99,0.00
5026935,1011016,5,1,13.49,0.00
5026936,1011016,21,1,3.99,0.00
5026937,1011016,20,2,4.49,0.00
5026938,1011017,6,1,12.99,0.00
5026939,1011017,30,3,3.29,0.00
5026940,1011018,3,1,10.49,0.00
5026941,1011018,33,1,5.49,0.00
5026942,1011019,10,1,10.99,0.00
5026943,1011019,31,1,3.49,0.00
5026944,1011019,29,1,3.49,0.00
5026945,1011019,28,1,3.49,0.00
5026946,1011020,15,1,10.99,0.00
5026947,1011020,26,2,2.49,0.00
5026948,1011020,20,1,4.49,0.00
5026949,1011020,30,1,3.29,0.00
5026950,1011021,10,1,10.99,0.00
5026951,1011021,18,1,5.49,0.00
5026952,1011021,29,1,3.49,0.00
5026953,1011022,2,1,11.99,0.00
5026954,1011022,31,1,3.49,0.00
5026955,1011023,3,1,10.49,0.00
5026956,1011023,25,1,6.49,0.00
5026957,1011024,14,1,10.49,0.00
5026958,1011025,6,1,12.99,0.00
5026959,1011025,30,1,3.29,0.00
5026960,1011026,12,1,18.99,0.00
5026961,1011026,20,1,4.49,0.00
5026962,1011026,13,1,9.99,0.00
5026963,1011027,11,1,13.49,0.00
5026964,1011027,18,1,5.49,0.00
5026965,1011027,32,1,4.99,0.00
5026966,1011028,8,1,12.49,0.00
5026967,1011029,7,1,11.99,0.00
5026968,1011029,22,3,4.49,0.00
5026969,1011029,30,1,3.29,0.00
5026970,1011030,7,1,11.99,0.00
5026971,1011030,33,3,5.49,0.00
5026972,1011030,29,1,3.49,0.00
5026973,1011030,32,1,4.99,0.00
5026974,1011031,2,1,11.99,0.00
5026975,1011031,20,1,4.49,0.00
5026976,1011031,19,1,3.99,0.00
5026977,1011032,3,1,10.49,0.00
5026978,1011032,26,1,2.49,0.00
5026979,1011033,3,1,10.49,0.00
5026980,1011033,22,2,4.49,0.00
5026981,1011033,30,1,3.29,0.00
5026982,1011034,4,1,14.99,0.00
5026983,1011034,23,1,3.99,0.00
5026984,1011034,21,1,3.99,0.00
5026985,1011035,14,1,10.49,0.00
5026986,1011035,31,1,3.49,0.00
5026987,1011036,15,1,10.99,0.00
5026988,1011037,3,1,10.49,0.00
5026989,1011037,2,1,11.99,0.00
5026990,1011037,18,1,5.49,0.00
5026991,1011038,7,1,11.99,0.00
5026992,1011038,34,1,4.49,0.00
5026993,1011038,8,1,12.49,0.00
5026994,1011039,14,1,10.49,0.00
5026995,1011039,31,1,3.49,0.00
5026996,1011039,12,1,18.99,0.00
5026997,1011040,4,1,14.99,0.00
5026998,1011040,27,1,2.49,0.00
5026999,1011040,1,1,11.49,0.00
5027000,1011040,28,1,3.49,0.00
5027001,1011041,5,1,13.49,0.00
5027002,1011041,32,1,4.99,0.00
5027003,1011042,3,3,10.49,0.00
5027004,1011042,21,1,3.99,0.00
5027005,1011042,26,2,2.49,0.00
5027006,1011042,22,1,4.49,0.00
5027007,1011043,11,1,13.49,0.00
5027008,1011044,2,1,11.99,0.00
5027009,1011044,34,3,4.49,0.00
5027010,1011044,21,2,3.99,0.00
5027011,1011044,26,1,2.49,0.00
5027012,1011044,20,1,4.49,0.00
5027013,1011045,3,1,10.49,0.00
5027014,1011045,28,1,3.49,0.00
5027015,1011046,14,1,10.49,0.00
5027016,1011047,2,1,11.99,0.00
5027017,1011047,30,2,3.29,0.00
5027018,1011047,32,1,4.99,0.00
5027019,1011048,8,1,12.49,0.00
5027020,1011049,11,3,13.49,0.00
5027021,1011049,30,1,3.29,0.00
5027022,1011050,2,1,11.99,0.00
5027023,1011050,8,1,12.49,0.00
5027024,1011051,7,1,11.99,0.00
5027025,1011051,9,1,13.99,0.00
5027026,1011051,18,2,5.49,0.00
5027027,1011051,26,1,2.49,0.00
5027028,1011052,3,1,10.49,0.00
5027029,1011053,2,1,11.99,0.00
5027030,1011053,26,1,2.49,0.00
5027031,1011053,32,1,4.99,0.00
5027032,1011053,19,2,3.99,0.00
5027033,1011053,22,1,4.49,0.00
5027034,1011053,15,2,10.99,0.00
5027035,1011054,11,1,13.49,0.00
5027036,1011054,27,1,2.49,0.00
5027037,1011055,3,1,10.49,0.00
5027038,1011055,30,2,3.29,0.00
5027039,1011056,6,1,12.99,0.00
5027040,1011056,25,1,6.49,0.00
5027041,1011057,1,1,11.49,0.00
5027042,1011057,32,1,4.99,0.00
5027043,1011057,20,1,4.49,0.00
5027044,1011058,11,1,13.49,0.00
5027045,1011058,26,1,2.49,0.00
5027046,1011058,20,1,4.49,0.00
5027047,1011058,32,1,4.99,0.00
5027048,1011059,11,1,13.49,0.00
5027049,1011059,35,1,2.99,0.00
5027050,1011059,30,0,3.29,0.00
5027051,1011060,1,2,11.49,0.00
5027052,1011060,28,1,3.49,0.00
5027053,1011060,18,1,5.49,0.00
5027054,1011060,26,1,2.49,0.00
5027055,1011060,24,1,3.49,0.00
5027056,1011061,6,1,12.99,0.00
5027057,1011061,18,1,5.49,0.00
5027058,1011061,29,1,3.49,0.00
5027059,1011061,33,1,5.49,0.00
5027060,1011062,8,1,12.49,0.00
5027061,1011062,18,2,5.49,0.00
5027062,1011063,14,1,10.49,0.00
5027063,1011064,3,1,10.49,0.00
5027064,1011065,9,1,13.99,0.00
5027065,1011065,27,1,2.49,0.00
5027066,1011065,25,1,6.49,0.00
5027067,1011065,18,1,5.49,0.00
5027068,1011066,11,2,13.49,0.00
5027069,1011066,6,2,12.99,0.00
5027070,1011066,35,1,2.99,0.00
5027071,1011067,8,1,12.49,0.00
5027072,1011068,7,1,11.99,0.00
5027073,1011068,30,1,3.29,0.00
5027074,1011069,7,1,11.99,0.00
5027075,1011069,30,1,3.29,0.00
5027076,1011069,23,1,3.99,0.00
5027077,1011069,20,1,4.49,0.00
5027078,1011069,32,1,4.99,0.00
5027079,1011070,15,1,10.99,0.00
5027080,1011070,19,1,3.99,0.00
5027081,1011070,20,1,4.49,0.00
5027082,1011071,1,1,11.49,0.00
5027083,1011072,11,1,13.49,0.00
5027084,1011072,32,1,4.99,0.00
5027085,1011073,5,1,13.49,0.00
5027086,1011073,27,1,2.49,0.00
5027087,1011073,20,1,4.49,0.00
5027088,1011074,14,1,10.49,0.00
5027089,1011074,30,1,3.29,0.00
5027090,1011074,9,1,13.99,0.00
5027091,1011075,9,1,13.99,0.00
5027092,1011075,21,1,3.99,0.00
5027093,1011075,19,1,3.99,0.00
5027094,1011075,26,2,2.49,0.00
5027095,1011076,9,1,13.99,0.00
5027096,1011076,33,1,5.49,0.00
5027097,1011077,3,2,10.49,0.00
5027098,1011077,22,1,4.49,0.00
5027099,1011077,30,1,3.29,0.00
5027100,1011078,7,2,11.99,0.00
5027101,1011078,25,2,6.49,0.00
5027102,1011078,26,1,2.49,0.00
5027103,1011078,29,2,3.49,0.00
5027104,1011078,21,2,3.99,0.00
5027105,1011078,27,1,2.49,0.00
5027106,1011079,3,1,10.49,0.00
5027107,1011079,24,1,3.49,0.00
5027108,1011079,6,1,12.99,0.00
5027109,1011080,10,1,10.99,0.00
5027110,1011080,21,1,3.99,0.00
5027111,1011081,10,3,10.99,0.00
5027112,1011081,27,1,2.49,0.00
5027113,1011081,23,1,3.99,0.00
5027114,1011082,12,1,18.99,0.00
5027115,1011083,11,1,13.49,0.00
5027116,1011083,22,1,4.49,0.00
5027117,1011083,34,1,4.49,0.00
5027118,1011084,8,1,12.49,0.00
5027119,1011084,26,1,2.49,0.00
5027120,1011085,15,1,10.99,0.00
5027121,1011085,23,1,3.99,0.00
5027122,1011085,26,1,2.49,0.00
5027123,1011085,35,1,2.99,0.00
5027124,1011086,12,1,18.99,0.00
5027125,1011086,23,1,3.99,0.00
5027126,1011086,28,4,3.49,0.00
5027127,1011086,25,1,6.49,0.00
5027128,1011087,7,1,11.99,0.00
5027129,1011087,31,1,3.49,0.00
5027130,1011088,16,1,10.49,0.00
5027131,1011088,19,1,3.99,0.00
5027132,1011089,12,1,18.99,0.00
5027133,1011089,18,1,5.49,0.00
5027134,1011089,25,1,6.49,0.00
5027135,1011090,3,1,10.49,0.00
5027136,1011090,34,1,4.49,0.00
5027137,1011090,21,2,3.99,0.00
5027138,1011091,8,1,12.49,0.00
5027139,1011091,33,1,5.49,0.00
5027140,1011092,3,1,10.49,0.00
5027141,1011092,26,1,2.49,0.00
5027142,1011092,28,1,3.49,0.00
5027143,1011093,8,1,12.49,0.00
5027144,1011093,22,2,4.49,0.00
5027145,1011093,15,1,10.99,0.00
5027146,1011094,2,1,11.99,0.00
5027147,1011094,26,1,2.49,0.00
5027148,1011095,8,1,12.49,0.00
5027149,1011095,18,1,5.49,0.00
5027150,1011095,32,1,4.99,0.00
5027151,1011096,5,1,13.49,0.00
5027152,1011096,27,4,2.49,0.00
5027153,1011097,6,1,12.99,0.00
5027154,1011098,10,1,10.99,0.00
5027155,1011099,16,1,10.49,0.00
5027156,1011100,2,2,11.99,0.00
5027157,1011100,15,1,10.99,0.00
5027158,1011100,27,1,2.49,0.00
5027159,1011100,26,1,2.49,0.00
5027160,1011101,11,1,13.49,0.00
5027161,1011101,32,1,4.99,0.00
5027162,1011101,34,1,4.49,0.00
5027163,1011102,14,1,10.49,0.00
5027164,1011102,25,1,6.49,0.00
5027165,1011103,3,1,10.49,0.00
5027166,1011103,30,3,3.29,0.00
5027167,1011103,22,1,4.49,0.00
5027168,1011104,14,1,10.49,0.00
5027169,1011105,16,1,10.49,0.00
5027170,1011105,21,2,3.99,0.00
5027171,1011105,26,3,2.49,0.00
5027172,1011105,6,1,12.99,0.00
5027173,1011106,2,2,11.99,11.99
5027174,1011107,4,1,14.99,0.00
5027175,1011107,19,1,3.99,0.00
5027176,1011108,4,1,14.99,0.00
5027177,1011109,3,2,10.49,10.49
5027178,1011110,1,2,11.49,11.49
5027179,1011111,1,2,11.49,11.49
5027180,1011111,27,1,2.49,0.00
5027181,1011112,11,1,13.49,0.00
5027182,1011112,22,1,4.49,0.00
5027183,1011113,7,1,11.99,0.00
5027184,1011113,26,1,2.49,0.00
5027185,1011113,25,1,6.49,0.00
5027186,1011113,30,0,3.29,0.00
5027187,1011114,3,2,10.49,10.49
5027188,1011114,27,1,2.49,0.00
5027189,1011115,1,2,11.49,11.49
5027190,1011115,19,1,3.99,0.00
5027191,1011116,1,2,11.49,11.49
5027192,1011116,20,1,4.49,0.00
5027193,1011117,13,1,9.99,0.00
5027194,1011117,30,1,3.29,0.00
5027195,1011118,2,1,11.99,0.00
5027196,1011118,27,1,2.49,0.00
5027197,1011118,29,1,3.49,0.00
5027198,1011118,21,1,3.99,0.00
5027199,1011118,24,1,3.49,0.00
5027200,1011119,4,1,14.99,0.00
5027201,1011119,22,1,4.49,0.00
5027202,1011120,2,1,11.99,0.00
5027203,1011120,19,1,3.99,0.00
5027204,1011120,23,1,3.99,0.00
5027205,1011121,13,1,9.99,0.00
5027206,1011121,28,1,3.49,0.00
5027207,1011121,21,1,3.99,0.00
5027208,1011121,3,1,10.49,0.00
5027209,1011122,1,2,11.49,11.49
5027210,1011122,34,1,4.49,0.00
5027211,1011122,18,1,5.49,0.00
5027212,1011122,33,1,5.49,0.00
5027213,1011123,2,2,11.99,11.99
5027214,1011123,28,2,3.49,0.00
5027215,1011123,26,1,2.49,0.00
5027216,1011123,35,1,2.99,0.00
5027217,1011123,25,1,6.49,0.00
5027218,1011123,20,1,4.49,0.00
5027219,1011124,3,2,10.49,10.49
5027220,1011124,21,1,3.99,0.00
5027221,1011125,3,0,10.49,10.49
5027222,1011126,9,1,13.99,0.00
5027223,1011127,14,1,10.49,0.00
5027224,1011127,34,2,4.49,0.00
5027225,1011127,3,1,10.49,0.00
5027226,1011128,1,1,11.49,0.00
5027227,1011128,32,1,4.99,0.00
5027228,1011128,30,1,3.29,0.00
5027229,1011129,3,2,10.49,10.49
5027230,1011130,12,1,18.99,0.00
5027231,1011131,3,1,10.49,0.00
5027232,1011131,31,1,3.49,0.00
5027233,1011131,24,1,3.49,0.00
5027234,1011132,7,1,11.99,0.00
5027235,1011132,29,1,3.49,0.00
5027236,1011133,2,2,11.99,11.99
5027237,1011133,7,2,11.99,0.00
5027238,1011133,27,1,2.49,0.00
5027239,1011134,2,2,11.99,11.99
5027240,1011134,31,1,3.49,0.00
5027241,1011135,5,1,13.49,0.00
5027242,1011135,34,1,4.49,0.00
5027243,1011135,30,1,3.29,0.00
5027244,1011135,20,1,4.49,0.00
5027245,1011136,1,1,11.49,0.00
5027246,1011136,22,1,4.49,0.00
5027247,1011136,27,2,2.49,0.00
5027248,1011136,26,1,2.49,0.00
5027249,1011137,12,3,18.99,0.00
5027250,1011137,22,2,4.49,0.00
5027251,1011138,5,1,13.49,0.00
5027252,1011138,35,1,2.99,0.00
5027253,1011139,2,2,11.99,11.99
5027254,1011139,29,1,3.49,0.00
5027255,1011139,30,2,3.29,0.00
5027256,1011140,1,2,11.49,11.49
5027257,1011141,14,1,10.49,0.00
5027258,1011141,7,3,11.99,0.00
5027259,1011141,15,1,10.99,0.00
5027260,1011141,20,1,4.49,0.00
5027261,1011141,35,1,2.99,0.00
5027262,1011142,10,1,10.99,0.00
5027263,1011143,7,1,11.99,0.00
5027264,1011143,27,1,2.49,0.00
5027265,1011144,1,2,11.49,11.49
5027266,1011144,23,1,3.99,0.00
5027267,1011144,18,2,5.49,0.00
5027268,1011144,27,1,2.49,0.00
5027269,1011144,9,1,13.99,0.00
5027270,1011145,2,2,11.99,11.99
5027271,1011145,27,1,2.49,0.00
5027272,1011145,28,1,3.49,0.00
5027273,1011146,2,2,11.99,11.99
5027274,1011146,25,2,6.49,0.00
5027275,1011146,20,2,4.49,0.00
5027276,1011147,2,2,11.99,11.99
5027277,1011147,31,1,3.49,0.00
5027278,1011147,26,1,2.49,0.00
5027279,1011147,18,1,5.49,0.00
5027280,1011147,28,1,3.49,0.00
5027281,1011148,1,2,11.49,11.49
5027282,1011148,30,1,3.29,0.00
5027283,1011148,23,1,3.99,0.00
5027284,1011148,29,1,3.49,0.00
5027285,1011149,3,1,10.49,0.00
5027286,1011149,21,1,3.99,0.00
5027287,1011149,25,1,6.49,0.00
5027288,1011150,14,1,10.49,0.00
5027289,1011150,18,1,5.49,0.00
5027290,1011150,20,1,4.49,0.00
5027291,1011151,1,1,11.49,0.00
5027292,1011152,3,2,10.49,10.49
5027293,1011152,32,2,4.99,0.00
5027294,1011152,23,2,3.99,0.00
5027295,1011153,9,1,13.99,0.00
5027296,1011154,3,2,10.49,10.49
5027297,1011154,29,1,3.49,0.00
5027298,1011155,1,2,11.49,11.49
5027299,1011155,28,2,3.49,0.00
5027300,1011156,1,1,11.49,0.00
5027301,1011156,31,1,3.49,0.00
5027302,1011157,2,2,11.99,11.99
5027303,1011157,19,2,3.99,0.00
5027304,1011157,26,1,2.49,0.00
5027305,1011157,22,2,4.49,0.00
5027306,1011158,3,2,10.49,10.49
5027307,1011158,27,1,2.49,0.00
5027308,1011158,26,1,2.49,0.00
5027309,1011159,15,-2,10.99,0.00
5027310,1011160,3,2,10.49,10.49
5027311,1011161,6,1,12.99,0.00
5027312,1011161,18,1,5.49,0.00
5027313,1011161,26,1,2.49,0.00
5027314,1011162,1,1,11.49,0.00
5027315,1011162,29,1,3.49,0.00
5027316,1011162,26,2,2.49,0.00
5027317,1011162,18,1,5.49,0.00
5027318,1011162,19,1,3.99,0.00
5027319,1011163,15,1,10.99,0.00
5027320,1011163,26,1,2.49,0.00
5027321,1011163,19,1,3.99,0.00
5027322,1011163,8,1,12.49,0.00
5027323,1011164,3,2,10.49,10.49
5027324,1011164,16,1,10.49,0.00
5027325,1011164,20,1,4.49,0.00
5027326,1011164,23,1,3.99,0.00
5027327,1011165,2,1,11.99,0.00
5027328,1011166,3,2,10.49,10.49
5027329,1011166,22,1,4.49,0.00
5027330,1011167,3,2,10.49,10.49
5027331,1011167,31,1,3.49,0.00
5027332,1011168,13,1,9.99,0.00
5027333,1011168,27,1,2.49,0.00
5027334,1011168,22,1,4.49,0.00
5027335,1011168,19,1,3.99,0.00
5027336,1011168,25,2,6.49,0.00
5027337,1011169,14,1,10.49,0.00
5027338,1011169,28,1,3.49,0.00
5027339,1011169,3,1,10.49,0.00
5027340,1011170,8,3,12.49,0.00
5027341,1011170,23,3,3.99,0.00
5027342,1011170,18,1,5.49,0.00
5027343,1011171,3,2,10.49,10.49
5027344,1011171,30,1,3.29,0.00
5027345,1011172,3,2,10.49,10.49
5027346,1011172,29,1,3.49,0.00
5027347,1011173,4,1,14.99,0.00
5027348,1011174,1,1,11.49,0.00
5027349,1011174,20,2,4.49,0.00
5027350,1011175,11,2,13.49,0.00
5027351,1011176,2,1,11.99,0.00
5027352,1011177,1,2,11.49,11.49
5027353,1011177,25,1,6.49,0.00
5027354,1011178,2,3,11.99,0.00
5027355,1011178,26,1,2.49,0.00
5027356,1011178,21,1,3.99,0.00
5027357,1011179,9,2,13.99,0.00
5027358,1011180,2,2,11.99,11.99
5027359,1011180,23,1,3.99,0.00
5027360,1011181,1,2,11.49,11.49
5027361,1011181,32,1,4.99,0.00
5027362,1011181,22,1,4.49,0.00
5027363,1011182,3,1,10.49,0.00
5027364,1011182,24,1,3.49,0.00
5027365,1011183,15,1,10.99,0.00
5027366,1011184,2,2,11.99,11.99
5027367,1011184,8,1,12.49,0.00
5027368,1011185,2,3,11.99,0.00
5027369,1011185,23,1,3.99,0.00
5027370,1011186,7,2,11.99,0.00
5027371,1011186,2,2,11.99,11.99
5027372,1011187,3,2,10.49,10.49
5027373,1011187,18,2,5.49,0.00
5027374,1011187,26,1,2.49,0.00
5027375,1011188,11,1,13.49,0.00
5027376,1011189,14,1,10.49,0.00
5027377,1011189,28,1,3.49,0.00
5027378,1011189,31,3,3.49,0.00
5027379,1011189,30,1,3.29,0.00
5027380,1011190,6,1,12.99,0.00
5027381,1011190,22,1,4.49,0.00
5027382,1011190,29,1,3.49,0.00
5027383,1011190,27,1,2.49,0.00
5027384,1011191,10,1,10.99,0.00
5027385,1011191,26,1,2.49,0.00
5027386,1011192,15,2,10.99,0.00
5027387,1011192,21,1,3.99,0.00
5027388,1011192,34,2,4.49,0.00
5027389,1011193,2,2,11.99,11.99
5027390,1011193,21,1,3.99,0.00
5027391,1011194,2,2,11.99,11.99
5027392,1011195,1,1,11.49,0.00
5027393,1011195,20,1,4.49,0.00
5027394,1011195,30,3,3.29,0.00
5027395,1011196,13,1,9.99,0.00
5027396,1011196,30,1,3.29,0.00
5027397,1011197,5,1,13.49,0.00
5027398,1011197,20,1,4.49,0.00
5027399,1011198,3,2,10.49,10.49
5027400,1011199,2,2,11.99,11.99
5027401,1011200,1,2,11.49,11.49
5027402,1011200,20,4,4.49,0.00
5027403,1011201,1,2,11.49,11.49
5027404,1011201,26,1,2.49,0.00
5027405,1011202,2,1,11.99,0.00
5027406,1011203,7,1,11.99,0.00
5027407,1011204,1,3,11.49,0.00
5027408,1011205,3,2,10.49,10.49
5027409,1011206,1,2,11.49,11.49
5027410,1011206,27,1,2.49,0.00
5027411,1011206,18,1,5.49,0.00
5027412,1011206,21,1,3.99,0.00
5027413,1011206,23,1,3.99,0.00
5027414,1011207,13,1,9.99,0.00
5027415,1011207,32,1,4.99,0.00
5027416,1011207,24,1,3.49,0.00
5027417,1011208,16,1,10.49,0.00
5027418,1011208,34,1,4.49,0.00
5027419,1011208,27,1,2.49,0.00
5027420,1011208,1,2,11.49,11.49
5027421,1011208,29,1,3.49,0.00
5027422,1011208,28,1,3.49,0.00
5027423,1011209,14,1,10.49,0.00
5027424,1011210,3,2,10.49,10.49
5027425,1011210,18,2,5.49,0.00
5027426,1011210,28,1,3.49,0.00
5027427,1011210,22,1,4.49,0.00
5027428,1011211,2,2,11.99,11.99
5027429,1011212,3,2,10.49,10.49
5027430,1011212,18,1,5.49,0.00
5027431,1011213,1,2,11.49,11.49
5027432,1011213,25,2,6.49,0.00
5027433,1011214,15,1,10.99,0.00
5027434,1011214,4,1,14.99,0.00
5027435,1011214,26,1,2.49,0.00
5027436,1011215,1,2,11.49,11.49
5027437,1011215,29,2,3.49,0.00
5027438,1011216,2,2,11.99,11.99
5027439,1011217,2,1,11.99,0.00
5027440,1011217,24,1,3.49,0.00
5027441,1011217,26,1,2.49,0.00
5027442,1011217,19,1,3.99,0.00
5027443,1011218,1,2,11.49,11.49
5027444,1011218,28,1,3.49,0.00
5027445,1011218,18,1,5.49,0.00
5027446,1011219,1,1,11.49,0.00
5027447,1011219,34,1,4.49,0.00
5027448,1011219,14,1,10.49,0.00
5027449,1011220,10,1,10.99,0.00
5027450,1011220,26,1,2.49,0.00
5027451,1011220,30,1,3.29,0.00
5027452,1011221,2,2,11.99,11.99
5027453,1011221,27,1,2.49,0.00
5027454,1011221,14,1,10.49,0.00
5027455,1011221,32,1,4.99,0.00
5027456,1011222,1,1,11.49,0.00
5027457,1011222,25,1,6.49,0.00
5027458,1011222,32,1,4.99,0.00
5027459,1011223,1,2,11.49,11.49
5027460,1011223,27,1,2.49,0.00
5027461,1011224,3,2,10.49,10.49
5027462,1011224,26,1,2.49,0.00
5027463,1011225,12,1,18.99,0.00
5027464,1011225,1,2,11.49,0.00
5027465,1011225,28,3,3.49,0.00
5027466,1011225,19,1,3.99,0.00
5027467,1011225,11,1,13.49,0.00
5027468,1011225,24,1,3.49,0.00
5027469,1011226,2,2,11.99,11.99
5027470,1011227,9,1,13.99,0.00
5027471,1011228,1,2,11.49,11.49
5027472,1011228,26,1,2.49,0.00
5027473,1011229,10,1,10.99,0.00
5027474,1011229,26,1,2.49,0.00
5027475,1011229,22,1,4.49,0.00
5027476,1011230,14,1,10.49,0.00
5027477,1011230,28,2,3.49,0.00
5027478,1011230,27,2,2.49,0.00
5027479,1011231,1,2,11.49,11.49
5027480,1011231,29,1,3.49,0.00
5027481,1011232,6,1,12.99,0.00
5027482,1011232,30,1,3.29,0.00
5027483,1011233,2,2,11.99,11.99
5027484,1011233,34,1,4.49,0.00
5027485,1011233,26,1,2.49,0.00
5027486,1011234,1,2,11.49,11.49
5027487,1011235,3,1,10.49,0.00
5027488,1011236,3,2,10.49,10.49
5027489,1011236,22,1,4.49,0.00
5027490,1011236,6,1,12.99,0.00
5027491,1011236,19,2,3.99,0.00
5027492,1011237,1,1,11.49,0.00
5027493,1011238,14,1,10.49,0.00
5027494,1011239,3,2,10.49,10.49
5027495,1011239,23,1,3.99,0.00
5027496,1011240,3,2,10.49,10.49
5027497,1011240,27,1,2.49,0.00
5027498,1011240,32,1,4.99,0.00
5027499,1011240,25,1,6.49,0.00
5027500,1011241,1,2,11.49,11.49
5027501,1011242,1,2,11.49,0.00
5027502,1011242,21,1,3.99,0.00
5027503,1011242,26,1,2.49,0.00
5027504,1011242,11,1,13.49,0.00
5027505,1011243,3,2,10.49,10.49
5027506,1011243,20,1,4.49,0.00
5027507,1011244,8,1,12.49,0.00
5027508,1011244,27,1,2.49,0.00
5027509,1011245,4,1,14.99,0.00
5027510,1011245,26,1,2.49,0.00
5027511,1011245,2,1,11.99,0.00
5027512,1011246,15,1,10.99,0.00
5027513,1011246,19,1,3.99,0.00
5027514,1011246,24,3,3.49,0.00
5027515,1011247,3,3,10.49,10.49
5027516,1011247,27,1,2.49,0.00
5027517,1011248,16,2,10.49,0.00
5027518,1011248,29,1,3.49,0.00
5027519,1011248,26,1,2.49,0.00
5027520,1011249,6,3,12.99,0.00
5027521,1011250,2,2,11.99,11.99
5027522,1011251,9,1,13.99,0.00
5027523,1011251,35,1,2.99,0.00
5027524,1011252,2,2,11.99,11.99
5027525,1011252,18,1,5.49,0.00
5027526,1011253,3,2,10.49,10.49
5027527,1011253,28,1,3.49,0.00
5027528,1011253,25,1,6.49,0.00
5027529,1011253,18,1,5.49,0.00
5027530,1011254,2,2,11.99,11.99
5027531,1011254,18,1,5.49,0.00
5027532,1011254,22,-1,4.49,0.00
5027533,1011254,33,1,5.49,0.00
5027534,1011255,1,2,11.49,11.49
5027535,1011255,26,1,2.49,0.00
5027536,1011256,8,1,12.49,0.00
5027537,1011256,21,1,3.99,0.00
5027538,1011256,26,1,2.49,0.00
5027539,1011257,10,1,10.99,0.00
5027540,1011257,26,1,2.49,0.00
5027541,1011257,18,1,5.49,0.00
5027542,1011258,3,2,10.49,10.49
5027543,1011259,12,1,18.99,0.00
5027544,1011259,33,1,5.49,0.00
5027545,1011260,3,2,10.49,10.49
5027546,1011261,3,2,10.49,10.49
5027547,1011261,32,2,4.99,0.00
5027548,1011262,11,1,13.49,0.00
5027549,1011262,20,1,4.49,0.00
5027550,1011262,34,1,4.49,0.00
5027551,1011263,4,2,14.99,0.00
5027552,1011263,18,1,5.49,0.00
5027553,1011264,1,1,11.49,0.00
5027554,1011264,19,1,3.99,0.00
5027555,1011265,3,2,10.49,10.49
5027556,1011265,9,1,13.99,0.00
5027557,1011265,26,1,2.49,0.00
5027558,1011266,2,2,11.99,11.99
5027559,1011266,18,1,5.49,0.00
5027560,1011266,26,1,2.49,0.00
5027561,1011266,24,1,3.49,0.00
5027562,1011267,7,2,11.99,0.00
5027563,1011267,27,1,2.49,0.00
5027564,1011268,2,2,11.99,11.99
5027565,1011268,26,1,2.49,0.00
5027566,1011268,29,1,3.49,0.00
5027567,1011268,30,1,3.29,0.00
5027568,1011268,28,1,3.49,0.00
5027569,1011268,21,1,3.99,0.00
5027570,1011269,3,2,10.49,10.49
5027571,1011269,26,1,2.49,0.00
5027572,1011269,21,1,3.99,0.00
5027573,1011269,32,1,4.99,0.00
5027574,1011270,1,2,11.49,11.49
5027575,1011270,6,1,12.99,0.00
5027576,1011271,6,-1,12.99,0.00
5027577,1011271,23,1,3.99,0.00
5027578,1011272,2,2,11.99,11.99
5027579,1011272,25,1,6.49,0.00
5027580,1011273,2,1,11.99,0.00
5027581,1011273,15,1,10.99,0.00
5027582,1011273,19,1,3.99,0.00
5027583,1011274,1,2,11.49,11.49
5027584,1011274,35,1,2.99,0.00
5027585,1011274,28,1,3.49,0.00
5027586,1011274,29,2,3.49,0.00
5027587,1011275,3,2,10.49,10.49
5027588,1011275,21,1,3.99,0.00
5027589,1011276,3,1,10.49,0.00
5027590,1011276,8,1,12.49,0.00
5027591,1011277,3,2,10.49,10.49
5027592,1011277,33,1,5.49,0.00
5027593,1011278,9,1,13.99,0.00
5027594,1011279,6,1,12.99,0.00
5027595,1011280,3,1,10.49,0.00
5027596,1011280,25,1,6.49,0.00
5027597,1011280,19,1,3.99,0.00
5027598,1011281,6,1,12.99,0.00
5027599,1011281,24,1,3.49,0.00
5027600,1011281,8,1,12.49,0.00
5027601,1011282,1,2,11.49,11.49
5027602,1011282,26,1,2.49,0.00
5027603,1011283,2,1,11.99,0.00
5027604,1011283,26,1,2.49,0.00
5027605,1011283,18,2,5.49,0.00
5027606,1011283,20,1,4.49,0.00
5027607,1011284,2,2,11.99,11.99
5027608,1011284,21,2,3.99,0.00
5027609,1011285,2,1,11.99,0.00
5027610,1011285,29,1,3.49,0.00
5027611,1011285,25,1,6.49,0.00
5027612,1011286,3,1,10.49,0.00
5027613,1011287,3,2,10.49,10.49
5027614,1011287,24,1,3.49,0.00
5027615,1011288,6,1,12.99,0.00
5027616,1011288,27,1,2.49,0.00
5027617,1011289,1,2,11.49,11.49
5027618,1011289,23,1,3.99,0.00
5027619,1011289,31,1,3.49,0.00
5027620,1011289,18,1,5.49,0.00
5027621,1011290,2,2,11.99,11.99
5027622,1011290,20,2,4.49,0.00
5027623,1011291,5,1,13.49,0.00
5027624,1011291,23,1,3.99,0.00
5027625,1011292,3,2,10.49,10.49
5027626,1011292,30,1,3.29,0.00
5027627,1011293,2,1,11.99,0.00
5027628,1011294,9,1,13.99,0.00
5027629,1011294,19,1,3.99,0.00
5027630,1011294,3,1,10.49,0.00
5027631,1011295,2,2,11.99,11.99
5027632,1011296,11,1,13.49,0.00
5027633,1011296,21,1,3.99,0.00
5027634,1011296,18,1,5.49,0.00
5027635,1011296,20,1,4.49,0.00
5027636,1011297,2,2,11.99,11.99
5027637,1011297,26,1,2.49,0.00
5027638,1011297,29,1,3.49,0.00
5027639,1011298,1,2,11.49,11.49
5027640,1011298,30,2,3.29,0.00
5027641,1011299,11,1,13.49,0.00
5027642,1011299,30,1,3.29,0.00
5027643,1011299,26,1,2.49,0.00
5027644,1011300,1,2,11.49,11.49
5027645,1011300,31,0,3.49,0.00
5027646,1011300,27,1,2.49,0.00
5027647,1011301,15,1,10.99,0.00
5027648,1011301,29,1,3.49,0.00
5027649,1011301,28,1,3.49,0.00
5027650,1011301,27,1,2.49,0.00
5027651,1011301,18,1,5.49,0.00
5027652,1011301,21,1,3.99,0.00
5027653,1011302,15,1,10.99,0.00
5027654,1011302,26,1,2.49,0.00
5027655,1011302,27,1,2.49,0.00
5027656,1011303,2,1,11.99,0.00
5027657,1011303,18,1,5.49,0.00
5027658,1011303,25,1,6.49,0.00
5027659,1011304,1,1,11.49,0.00
5027660,1011304,25,1,6.49,0.00
5027661,1011304,23,1,3.99,0.00
5027662,1011305,3,2,10.49,10.49
5027663,1011305,19,1,3.99,0.00
5027664,1011306,3,2,10.49,10.49
5027665,1011306,32,3,4.99,0.00
5027666,1011307,2,2,11.99,11.99
5027667,1011307,16,1,10.49,0.00
5027668,1011307,30,1,3.29,0.00
5027669,1011308,2,1,11.99,0.00
5027670,1011309,3,3,10.49,0.00
5027671,1011309,22,1,4.49,0.00
5027672,1011310,2,1,11.99,0.00
5027673,1011310,30,3,3.29,0.00
5027674,1011311,1,2,11.49,11.49
5027675,1011311,19,1,3.99,0.00
5027676,1011311,21,1,3.99,0.00
5027677,1011312,16,1,10.49,0.00
5027678,1011312,26,3,2.49,0.00
5027679,1011312,20,1,4.49,0.00
5027680,1011313,3,2,10.49,10.49
5027681,1011314,11,1,13.49,0.00
5027682,1011314,31,1,3.49,0.00
5027683,1011314,27,1,2.49,0.00
5027684,1011315,1,2,11.49,11.49
5027685,1011316,2,1,11.99,0.00
5027686,1011316,25,1,6.49,0.00
5027687,1011317,14,1,10.49,0.00
5027688,1011317,22,1,4.49,0.00
5027689,1011317,30,2,3.29,0.00
5027690,1011318,3,1,10.49,0.00
5027691,1011318,27,2,2.49,0.00
5027692,1011319,3,2,10.49,10.49
5027693,1011319,15,1,10.99,0.00
5027694,1011320,1,2,11.49,11.49
5027695,1011320,25,1,6.49,0.00
5027696,1011321,2,2,11.99,11.99
5027697,1011321,26,1,2.49,0.00
5027698,1011322,11,2,13.49,0.00
5027699,1011322,31,1,3.49,0.00
5027700,1011322,30,2,3.29,0.00
5027701,1011323,5,1,13.49,0.00
5027702,1011323,26,1,2.49,0.00
5027703,1011323,30,2,3.29,0.00
5027704,1011323,29,1,3.49,0.00
5027705,1011323,24,1,3.49,0.00
5027706,1011324,6,2,12.99,0.00
5027707,1011324,26,1,2.49,0.00
5027708,1011325,6,1,12.99,0.00
5027709,1011325,29,1,3.49,0.00
5027710,1011325,20,1,4.49,0.00
5027711,1011326,16,1,10.49,0.00
5027712,1011326,25,2,6.49,0.00
5027713,1011326,19,1,3.99,0.00
5027714,1011327,15,1,10.99,0.00
5027715,1011328,9,1,13.99,0.00
5027716,1011329,14,1,10.49,0.00
5027717,1011329,31,1,3.49,0.00
5027718,1011329,23,1,3.99,0.00
5027719,1011329,32,1,4.99,0.00
5027720,1011330,3,3,10.49,0.00
5027721,1011331,12,1,18.99,0.00
5027722,1011331,30,2,3.29,0.00
5027723,1011331,20,1,4.49,0.00
5027724,1011331,27,1,2.49,0.00
5027725,1011332,10,1,10.99,0.00
5027726,1011332,8,1,12.49,0.00
5027727,1011332,32,4,4.99,0.00
5027728,1011333,1,2,11.49,0.00
5027729,1011333,27,1,2.49,0.00
5027730,1011333,29,1,3.49,0.00
5027731,1011333,26,1,2.49,0.00
5027732,1011334,15,2,10.99,0.00
5027733,1011334,30,1,3.29,0.00
5027734,1011334,18,1,5.49,0.00
5027735,1011335,1,1,11.49,0.00
5027736,1011336,2,2,11.99,0.00
5027737,1011336,11,2,13.49,0.00
5027738,1011336,18,1,5.49,0.00
5027739,1011337,3,1,10.49,0.00
5027740,1011337,28,1,3.49,0.00
5027741,1011337,32,1,4.99,0.00
5027742,1011338,12,1,18.99,0.00
5027743,1011338,23,1,3.99,0.00
5027744,1011338,19,1,3.99,0.00
5027745,1011339,8,1,12.49,0.00
5027746,1011339,29,1,3.49,0.00
5027747,1011339,22,1,4.49,0.00
5027748,1011340,15,1,10.99,0.00
5027749,1011340,21,1,3.99,0.00
5027750,1011341,2,1,11.99,0.00
5027751,1011341,25,1,6.49,0.00
5027752,1011341,20,1,4.49,0.00
5027753,1011341,18,1,5.49,0.00
5027754,1011342,2,1,11.99,0.00
5027755,1011342,19,1,3.99,0.00
5027756,1011342,24,2,3.49,0.00
5027757,1011342,32,2,4.99,0.00
5027758,1011343,13,1,9.99,0.00
5027759,1011343,31,2,3.49,0.00
5027760,1011343,23,1,3.99,0.00
5027761,1011343,26,1,2.49,0.00
5027762,1011344,6,1,12.99,0.00
5027763,1011344,1,1,11.49,0.00
5027764,1011345,2,1,11.99,0.00
5027765,1011346,3,3,10.49,0.00
5027766,1011347,7,1,11.99,0.00
5027767,1011348,15,1,10.99,0.00
5027768,1011348,31,1,3.49,0.00
5027769,1011348,21,1,3.99,0.00
5027770,1011348,26,1,2.49,0.00
5027771,1011348,18,1,5.49,0.00
5027772,1011349,8,1,12.49,0.00
5027773,1011349,25,2,6.49,0.00
5027774,1011349,11,1,13.49,0.00
5027775,1011350,6,2,12.99,0.00
5027776,1011351,14,1,10.49,0.00
5027777,1011351,21,3,3.99,0.00
5027778,1011351,30,1,3.29,0.00
5027779,1011352,3,1,10.49,0.00
5027780,1011352,27,1,2.49,0.00
5027781,1011353,1,1,11.49,0.00
5027782,1011353,28,1,3.49,0.00
5027783,1011354,2,1,11.99,0.00
5027784,1011354,31,1,3.49,0.00
5027785,1011354,27,1,2.49,0.00
5027786,1011354,35,1,2.99,0.00
5027787,1011354,28,1,3.49,0.00
5027788,1011355,4,1,14.99,0.00
5027789,1011355,19,1,3.99,0.00
5027790,1011355,29,1,3.49,0.00
5027791,1011355,20,1,4.49,0.00
5027792,1011356,16,1,10.49,0.00
5027793,1011356,27,3,2.49,0.00
5027794,1011357,7,1,11.99,0.00
5027795,1011357,22,2,4.49,0.00
5027796,1011358,3,1,10.49,0.00
5027797,1011358,27,2,2.49,0.00
5027798,1011358,31,2,3.49,0.00
5027799,1011359,8,1,12.49,0.00
5027800,1011359,26,2,2.49,0.00
5027801,1011360,5,1,13.49,0.00
5027802,1011360,19,1,3.99,0.00
5027803,1011360,21,1,3.99,0.00
5027804,1011360,31,2,3.49,0.00
5027805,1011360,23,1,3.99,0.00
5027806,1011360,6,1,12.99,0.00
5027807,1011361,5,2,13.49,0.00
5027808,1011361,25,1,6.49,0.00
5027809,1011362,9,1,13.99,0.00
5027810,1011362,26,1,2.49,0.00
5027811,1011362,27,1,2.49,0.00
5027812,1011363,12,1,18.99,0.00
5027813,1011363,33,1,5.49,0.00
5027814,1011364,10,1,10.99,0.00
5027815,1011364,21,1,3.99,0.00
5027816,1011364,11,1,13.49,0.00
5027817,1011365,11,1,13.49,0.00
5027818,1011365,25,1,6.49,0.00
5027819,1011365,20,1,4.49,0.00
5027820,1011366,1,1,11.49,0.00
5027821,1011366,26,1,2.49,0.00
5027822,1011366,22,2,4.49,0.00
5027823,1011367,6,1,12.99,0.00
5027824,1011367,23,1,3.99,0.00
5027825,1011367,27,1,2.49,0.00
5027826,1011367,33,1,5.49,0.00
5027827,1011368,13,1,9.99,0.00
5027828,1011368,21,1,3.99,0.00
5027829,1011369,6,1,12.99,0.00
5027830,1011370,9,1,13.99,0.00
5027831,1011370,27,1,2.49,0.00
5027832,1011370,34,2,4.49,0.00
5027833,1011371,3,1,10.49,0.00
5027834,1011371,27,1,2.49,0.00
5027835,1011371,19,1,3.99,0.00
5027836,1011372,8,1,12.49,0.00
5027837,1011372,11,1,13.49,0.00
5027838,1011373,13,1,9.99,0.00
5027839,1011374,1,1,11.49,0.00
5027840,1011374,20,1,4.49,0.00
5027841,1011375,2,1,11.99,0.00
5027842,1011375,16,1,10.49,0.00
5027843,1011376,14,1,10.49,0.00
5027844,1011376,31,3,3.49,0.00
5027845,1011377,9,1,13.99,0.00
5027846,1011377,21,1,3.99,0.00
5027847,1011377,26,1,2.49,0.00
5027848,1011377,30,2,3.29,0.00
5027849,1011378,6,2,12.99,0.00
5027850,1011378,35,1,2.99,0.00
5027851,1011378,23,1,3.99,0.00
5027852,1011378,18,1,5.49,0.00
5027853,1011379,15,1,10.99,0.00
5027854,1011380,6,1,12.99,0.00
5027855,1011380,27,2,2.49,0.00
5027856,1011381,5,-2,13.49,0.00
5027857,1011381,30,2,3.29,0.00
5027858,1011382,12,1,18.99,0.00
5027859,1011382,16,1,10.49,0.00
5027860,1011382,34,1,4.49,0.00
5027861,1011383,4,1,14.99,0.00
5027862,1011383,26,1,2.49,0.00
5027863,1011383,32,1,4.99,0.00
5027864,1011383,21,1,3.99,0.00
5027865,1011384,6,3,12.99,0.00
5027866,1011385,7,1,11.99,0.00
5027867,1011385,2,2,11.99,0.00
5027868,1011385,21,1,3.99,0.00
5027869,1011385,28,1,3.49,0.00
5027870,1011385,9,1,13.99,0.00
5027871,1011386,16,1,10.49,0.00
5027872,1011386,30,1,3.29,0.00
5027873,1011386,27,2,2.49,0.00
5027874,1011387,2,1,11.99,0.00
5027875,1011387,28,1,3.49,0.00
5027876,1011388,3,1,10.49,0.00
5027877,1011388,28,1,3.49,0.00
5027878,1011389,4,1,14.99,0.00
5027879,1011389,27,1,2.49,0.00
5027880,1011390,12,1,18.99,0.00
5027881,1011390,28,2,3.49,0.00
5027882,1011390,27,1,2.49,0.00
5027883,1011391,14,1,10.49,0.00
5027884,1011391,26,1,2.49,0.00
5027885,1011391,30,1,3.29,0.00
5027886,1011391,20,1,4.49,0.00
5027887,1011392,8,1,12.49,0.00
5027888,1011392,34,1,4.49,0.00
5027889,1011392,23,3,3.99,0.00
5027890,1011393,5,1,13.49,0.00
5027891,1011393,33,1,5.49,0.00
5027892,1011393,11,2,13.49,0.00
5027893,1011393,19,1,3.99,0.00
5027894,1011394,6,0,12.99,0.00
5027895,1011394,21,1,3.99,0.00
5027896,1011394,34,-1,4.49,0.00
5027897,1011394,1,1,11.49,0.00
5027898,1011395,8,1,12.49,0.00
5027899,1011395,22,1,4.49,0.00
5027900,1011395,6,1,12.99,0.00
5027901,1011396,11,3,13.49,0.00
5027902,1011396,29,1,3.49,0.00
5027903,1011396,26,1,2.49,0.00
5027904,1011396,31,1,3.49,0.00
5027905,1011397,1,1,11.49,0.00
5027906,1011397,26,1,2.49,0.00
5027907,1011398,1,1,11.49,0.00
5027908,1011398,30,1,3.29,0.00
5027909,1011398,25,1,6.49,0.00
5027910,1011399,3,1,10.49,0.00
5027911,1011399,20,2,4.49,0.00
5027912,1011399,25,1,6.49,0.00
5027913,1011399,15,2,10.99,0.00
5027914,1011400,3,1,10.49,0.00
5027915,1011400,34,1,4.49,0.00
5027916,1011401,6,1,12.99,0.00
5027917,1011401,27,1,2.49,0.00
5027918,1011402,13,1,9.99,0.00
5027919,1011402,18,1,5.49,0.00
5027920,1011402,29,1,3.49,0.00
5027921,1011402,16,1,10.49,0.00
5027922,1011403,4,1,14.99,0.00
5027923,1011403,21,1,3.99,0.00
5027924,1011404,6,1,12.99,0.00
5027925,1011404,29,1,3.49,0.00
5027926,1011404,27,1,2.49,0.00
5027927,1011404,19,1,3.99,0.00
5027928,1011404,34,1,4.49,0.00
5027929,1011405,7,2,11.99,0.00
5027930,1011406,1,1,11.49,0.00
5027931,1011406,18,1,5.49,0.00
5027932,1011406,20,1,4.49,0.00
5027933,1011406,21,1,3.99,0.00
5027934,1011406,23,1,3.99,0.00
5027935,1011407,6,1,12.99,0.00
5027936,1011407,21,1,3.99,0.00
5027937,1011408,4,1,14.99,0.00
5027938,1011408,19,-1,3.99,0.00
5027939,1011409,15,1,10.99,0.00
5027940,1011409,6,1,12.99,0.00
5027941,1011409,14,1,10.49,0.00
5027942,1011410,1,1,11.49,0.00
5027943,1011411,3,1,10.49,0.00
5027944,1011412,11,-1,13.49,0.00
5027945,1011412,31,1,3.49,0.00
5027946,1011412,27,1,2.49,0.00
5027947,1011413,14,1,10.49,0.00
5027948,1011413,29,1,3.49,0.00
5027949,1011413,28,2,3.49,0.00
5027950,1011413,21,1,3.99,0.00
5027951,1011414,12,1,18.99,0.00
5027952,1011414,31,1,3.49,0.00
5027953,1011415,11,1,13.49,0.00
5027954,1011415,31,2,3.49,0.00
5027955,1011416,1,1,11.49,0.00
5027956,1011416,23,1,3.99,0.00
5027957,1011417,9,-2,13.99,0.00
5027958,1011418,3,1,10.49,0.00
5027959,1011419,5,1,13.49,0.00
5027960,1011420,1,1,11.49,0.00
5027961,1011421,15,2,10.99,0.00
5027962,1011421,27,1,2.49,0.00
5027963,1011422,2,1,11.99,0.00
5027964,1011422,27,1,2.49,0.00
5027965,1011422,26,3,2.49,0.00
5027966,1011422,25,1,6.49,0.00
5027967,1011423,1,1,11.49,0.00
5027968,1011423,26,2,2.49,0.00
5027969,1011423,31,1,3.49,0.00
5027970,1011424,16,1,10.49,0.00
5027971,1011424,8,1,12.49,0.00
5027972,1011424,26,1,2.49,0.00
5027973,1011425,4,1,14.99,0.00
5027974,1011425,26,2,2.49,0.00
5027975,1011425,29,2,3.49,0.00
5027976,1011425,28,1,3.49,0.00
5027977,1011426,7,1,11.99,0.00
5027978,1011426,29,2,3.49,0.00
5027979,1011426,27,1,2.49,0.00
5027980,1011427,6,1,12.99,0.00
5027981,1011427,23,1,3.99,0.00
5027982,1011427,30,1,3.29,0.00
5027983,1011428,2,1,11.99,0.00
5027984,1011428,29,1,3.49,0.00
5027985,1011428,18,2,5.49,0.00
5027986,1011429,14,1,10.49,0.00
5027987,1011429,22,1,4.49,0.00
5027988,1011430,13,1,9.99,0.00
5027989,1011430,28,1,3.49,0.00
5027990,1011430,26,1,2.49,0.00
5027991,1011431,4,1,14.99,0.00
5027992,1011432,15,1,10.99,0.00
5027993,1011432,18,1,5.49,0.00
5027994,1011433,2,1,11.99,0.00
5027995,1011433,21,1,3.99,0.00
5027996,1011433,30,1,3.29,0.00
5027997,1011434,2,3,11.99,0.00
5027998,1011434,27,1,2.49,0.00
5027999,1011435,1,1,11.49,0.00
5028000,1011435,35,1,2.99,0.00
5028001,1011436,7,1,11.99,0.00
5028002,1011436,20,1,4.49,0.00
5028003,1011436,18,2,5.49,0.00
5028004,1011437,9,1,13.99,0.00
5028005,1011438,10,1,10.99,0.00
5028006,1011438,20,1,4.49,0.00
5028007,1011439,1,2,11.49,0.00
5028008,1011439,18,1,5.49,0.00
5028009,1011439,27,1,2.49,0.00
5028010,1011440,12,1,18.99,0.00
5028011,1011441,9,1,13.99,0.00
5028012,1011441,26,1,2.49,0.00
5028013,1011442,12,1,18.99,0.00
5028014,1011442,27,1,2.49,0.00
5028015,1011442,32,1,4.99,0.00
5028016,1011443,8,1,12.49,0.00
5028017,1011443,28,1,3.49,0.00
5028018,1011444,5,2,13.49,0.00
5028019,1011444,21,2,3.99,0.00
5028020,1011444,4,1,14.99,0.00
5028021,1011445,1,2,11.49,0.00
5028022,1011445,19,1,3.99,0.00
5028023,1011445,20,1,4.49,0.00
5028024,1011445,26,1,2.49,0.00
5028025,1011445,25,1,6.49,0.00
5028026,1011446,7,1,11.99,0.00
5028027,1011446,23,1,3.99,0.00
5028028,1011446,27,1,2.49,0.00
5028029,1011446,18,1,5.49,0.00
5028030,1011447,3,1,10.49,0.00
5028031,1011447,25,1,6.49,0.00
5028032,1011447,23,1,3.99,0.00
5028033,1011447,21,1,3.99,0.00
5028034,1011448,8,1,12.49,0.00
5028035,1011448,27,1,2.49,0.00
5028036,1011449,7,1,11.99,0.00
5028037,1011450,5,1,13.49,0.00
5028038,1011450,28,1,3.49,0.00
5028039,1011451,3,1,10.49,0.00
5028040,1011451,31,1,3.49,0.00
5028041,1011452,4,1,14.99,0.00
5028042,1011452,31,1,3.49,0.00
5028043,1011453,9,1,13.99,0.00
5028044,1011453,30,1,3.29,0.00
5028045,1011454,6,1,12.99,0.00
5028046,1011454,30,1,3.29,0.00
5028047,1011455,3,2,10.49,0.00
5028048,1011455,30,1,3.29,0.00
5028049,1011455,1,3,11.49,0.00
5028050,1011455,20,1,4.49,0.00
5028051,1011456,8,1,12.49,0.00
5028052,1011456,26,2,2.49,0.00
5028053,1011456,27,3,2.49,0.00
5028054,1011457,6,1,12.99,0.00
5028055,1011458,1,1,11.49,0.00
5028056,1011458,35,1,2.99,0.00
5028057,1011458,3,1,10.49,0.00
5028058,1011459,1,1,11.49,0.00
5028059,1011459,21,1,3.99,0.00
5028060,1011460,4,1,14.99,0.00
5028061,1011460,23,1,3.99,0.00
5028062,1011461,9,2,13.99,0.00
5028063,1011462,15,1,10.99,0.00
5028064,1011462,22,3,4.49,0.00
5028065,1011463,5,1,13.49,0.00
5028066,1011463,26,1,2.49,0.00
5028067,1011463,22,1,4.49,0.00
5028068,1011464,9,3,13.99,0.00
5028069,1011464,26,1,2.49,0.00
5028070,1011465,3,2,10.49,0.00
5028071,1011465,30,1,3.29,0.00
5028072,1011466,10,1,10.99,0.00
5028073,1011466,27,1,2.49,0.00
5028074,1011466,23,1,3.99,0.00
5028075,1011467,11,1,13.49,0.00
5028076,1011468,11,1,13.49,0.00
5028077,1011469,11,1,13.49,0.00
5028078,1011470,16,1,10.49,0.00
5028079,1011470,22,1,4.49,0.00
5028080,1011470,8,1,12.49,0.00
5028081,1011470,35,1,2.99,0.00
5028082,1011470,24,1,3.49,0.00
5028083,1011470,29,1,3.49,0.00
5028084,1011471,10,1,10.99,0.00
5028085,1011471,5,1,13.49,0.00
5028086,1011472,4,1,14.99,0.00
5028087,1011472,5,1,13.49,0.00
5028088,1011473,13,1,9.99,0.00
5028089,1011473,23,1,3.99,0.00
5028090,1011473,25,1,6.49,0.00
5028091,1011473,31,1,3.49,0.00
5028092,1011473,29,1,3.49,0.00
5028093,1011474,4,2,14.99,0.00
5028094,1011474,25,2,6.49,0.00
5028095,1011474,28,2,3.49,0.00
5028096,1011474,18,1,5.49,0.00
5028097,1011475,4,1,14.99,0.00
5028098,1011475,27,1,2.49,0.00
5028099,1011476,13,1,9.99,0.00
5028100,1011476,28,1,3.49,0.00
5028101,1011476,20,1,4.49,0.00
5028102,1011476,22,1,4.49,0.00
5028103,1011476,26,1,2.49,0.00
5028104,1011477,5,1,13.49,0.00
5028105,1011477,29,2,3.49,0.00
5028106,1011478,4,1,14.99,0.00
5028107,1011478,24,1,3.49,0.00
5028108,1011478,29,1,3.49,0.00
5028109,1011478,22,1,4.49,0.00
5028110,1011479,3,1,10.49,0.00
5028111,1011479,26,2,2.49,0.00
5028112,1011480,1,2,11.49,0.00
5028113,1011480,26,-1,2.49,0.00
5028114,1011480,27,1,2.49,0.00
5028115,1011480,18,1,5.49,0.00
5028116,1011480,30,1,3.29,0.00
5028117,1011481,10,1,10.99,0.00
5028118,1011482,13,1,9.99,0.00
5028119,1011482,23,2,3.99,0.00
5028120,1011483,1,2,11.49,0.00
5028121,1011483,35,1,2.99,0.00
5028122,1011483,18,1,5.49,0.00
5028123,1011484,2,2,11.99,0.00
5028124,1011484,27,1,2.49,0.00
5028125,1011484,30,1,3.29,0.00
5028126,1011484,31,1,3.49,0.00
5028127,1011485,13,1,9.99,0.00
5028128,1011485,27,3,2.49,0.00
5028129,1011485,22,1,4.49,0.00
5028130,1011485,32,1,4.99,0.00
5028131,1011485,25,1,6.49,0.00
5028132,1011486,15,1,10.99,0.00
5028133,1011486,19,1,3.99,0.00
5028134,1011487,2,2,11.99,0.00
5028135,1011487,28,1,3.49,0.00
5028136,1011488,3,1,10.49,0.00
5028137,1011489,10,1,10.99,0.00
5028138,1011489,30,1,3.29,0.00
5028139,1011490,15,1,10.99,0.00
5028140,1011490,28,2,3.49,0.00
5028141,1011490,33,1,5.49,0.00
5028142,1011491,1,1,11.49,0.00
5028143,1011491,28,1,3.49,0.00
5028144,1011492,14,1,10.49,0.00
5028145,1011492,24,2,3.49,0.00
5028146,1011492,18,1,5.49,0.00
5028147,1011492,26,3,2.49,0.00
5028148,1011493,5,1,13.49,0.00
5028149,1011493,32,1,4.99,0.00
5028150,1011493,28,3,3.49,0.00
5028151,1011494,7,1,11.99,0.00
5028152,1011495,7,1,11.99,0.00
5028153,1011495,30,1,3.29,0.00
5028154,1011496,13,3,9.99,0.00
5028155,1011496,33,1,5.49,0.00
5028156,1011497,6,1,12.99,0.00
5028157,1011497,25,1,6.49,0.00
5028158,1011497,19,1,3.99,0.00
5028159,1011498,15,1,10.99,0.00
5028160,1011498,28,1,3.49,0.00
5028161,1011499,2,1,11.99,0.00
5028162,1011500,3,3,10.49,0.00
5028163,1011500,21,1,3.99,0.00
5028164,1011500,26,1,2.49,0.00
5028165,1011501,15,1,10.99,0.00
5028166,1011502,12,1,18.99,0.00
5028167,1011502,18,2,5.49,0.00
5028168,1011503,5,1,13.49,0.00
5028169,1011503,26,1,2.49,0.00
5028170,1011503,23,1,3.99,0.00
5028171,1011504,6,1,12.99,0.00
5028172,1011504,32,1,4.99,0.00
5028173,1011504,2,1,11.99,0.00
5028174,1011504,21,1,3.99,0.00
5028175,1011504,30,2,3.29,0.00
5028176,1011504,31,1,3.49,0.00
5028177,1011505,15,1,10.99,0.00
5028178,1011505,32,1,4.99,0.00
5028179,1011506,6,1,12.99,0.00
5028180,1011507,1,3,11.49,0.00
5028181,1011507,22,1,4.49,0.00
5028182,1011507,20,1,4.49,0.00
5028183,1011508,8,1,12.49,0.00
5028184,1011509,10,1,10.99,0.00
5028185,1011509,2,1,11.99,0.00
5028186,1011510,16,2,10.49,0.00
5028187,1011510,21,2,3.99,0.00
5028188,1011510,5,2,13.49,0.00
5028189,1011511,12,1,18.99,0.00
5028190,1011511,20,1,4.49,0.00
5028191,1011512,5,1,13.49,0.00
5028192,1011513,14,1,10.49,0.00
5028193,1011514,6,2,12.99,0.00
5028194,1011514,31,1,3.49,0.00
5028195,1011514,32,1,4.99,0.00
5028196,1011515,13,3,9.99,0.00
5028197,1011515,27,3,2.49,0.00
5028198,1011515,20,1,4.49,0.00
5028199,1011515,32,1,4.99,0.00
5028200,1011516,4,1,14.99,0.00
5028201,1011516,27,1,2.49,0.00
5028202,1011517,16,1,10.49,0.00
5028203,1011518,2,0,11.99,0.00
5028204,1011519,3,1,10.49,0.00
5028205,1011520,1,1,11.49,0.00
5028206,1011521,2,1,11.99,0.00
5028207,1011521,24,2,3.49,0.00
5028208,1011522,3,0,10.49,0.00
5028209,1011523,5,1,13.49,0.00
5028210,1011523,28,1,3.49,0.00
5028211,1011523,20,1,4.49,0.00
5028212,1011523,22,1,4.49,0.00
5028213,1011524,15,3,10.99,0.00
5028214,1011524,31,1,3.49,0.00
5028215,1011524,26,1,2.49,0.00
5028216,1011525,12,1,18.99,0.00
5028217,1011525,27,1,2.49,0.00
5028218,1011526,13,1,9.99,0.00
5028219,1011527,3,1,10.49,0.00
5028220,1011527,22,1,4.49,0.00
5028221,1011527,9,1,13.99,0.00
5028222,1011528,16,1,10.49,0.00
5028223,1011529,13,1,9.99,0.00
5028224,1011530,11,3,13.49,0.00
5028225,1011531,16,1,10.49,0.00
5028226,1011531,23,0,3.99,0.00
5028227,1011531,26,2,2.49,0.00
5028228,1011532,9,1,13.99,0.00
5028229,1011533,3,1,10.49,0.00
5028230,1011533,33,1,5.49,0.00
5028231,1011533,29,1,3.49,0.00
5028232,1011533,21,1,3.99,0.00
5028233,1011534,11,2,13.49,0.00
5028234,1011535,9,1,13.99,0.00
5028235,1011535,2,1,11.99,0.00
5028236,1011535,18,1,5.49,0.00
5028237,1011536,8,1,12.49,0.00
5028238,1011537,3,-2,10.49,0.00
5028239,1011537,27,1,2.49,0.00
5028240,1011537,26,1,2.49,0.00
5028241,1011537,31,1,3.49,0.00
5028242,1011538,3,2,10.49,0.00
5028243,1011538,26,1,2.49,0.00
5028244,1011539,8,1,12.49,0.00
5028245,1011539,25,1,6.49,0.00
5028246,1011540,7,1,11.99,0.00
5028247,1011540,22,1,4.49,0.00
5028248,1011540,29,1,3.49,0.00
5028249,1011541,6,1,12.99,0.00
5028250,1011541,23,2,3.99,0.00
5028251,1011541,4,1,14.99,0.00
5028252,1011542,1,1,11.49,0.00
5028253,1011542,28,1,3.49,0.00
5028254,1011543,1,1,11.49,0.00
5028255,1011543,24,1,3.49,0.00
5028256,1011544,2,2,11.99,0.00
5028257,1011544,26,1,2.49,0.00
5028258,1011544,29,2,3.49,0.00
5028259,1011545,13,1,9.99,0.00
5028260,1011545,35,1,2.99,0.00
5028261,1011546,8,1,12.49,0.00
5028262,1011546,34,1,4.49,0.00
5028263,1011546,18,1,5.49,0.00
5028264,1011546,19,1,3.99,0.00
5028265,1011547,3,1,10.49,0.00
5028266,1011548,6,1,12.99,0.00
5028267,1011548,26,1,2.49,0.00
5028268,1011549,2,2,11.99,0.00
5028269,1011549,20,1,4.49,0.00
5028270,1011550,15,2,10.99,0.00
5028271,1011550,28,1,3.49,0.00
5028272,1011550,24,2,3.49,0.00
5028273,1011550,22,1,4.49,0.00
5028274,1011551,15,2,10.99,0.00
5028275,1011551,22,1,4.49,0.00
5028276,1011551,4,1,14.99,0.00
5028277,1011552,4,1,14.99,0.00
5028278,1011552,21,4,3.99,0.00
5028279,1011553,5,0,13.49,0.00
5028280,1011553,4,1,14.99,0.00
5028281,1011553,26,1,2.49,0.00
5028282,1011554,5,1,13.49,0.00
5028283,1011554,34,1,4.49,0.00
5028284,1011554,26,3,2.49,0.00
5028285,1011554,27,1,2.49,0.00
5028286,1011555,14,1,10.49,0.00
5028287,1011556,1,1,11.49,0.00
5028288,1011556,32,2,4.99,0.00
5028289,1011556,23,1,3.99,0.00
5028290,1011556,27,1,2.49,0.00
5028291,1011557,6,1,12.99,0.00
5028292,1011557,19,2,3.99,0.00
5028293,1011558,7,1,11.99,0.00
5028294,1011558,25,1,6.49,0.00
5028295,1011558,24,2,3.49,0.00
5028296,1011559,4,2,14.99,0.00
5028297,1011559,26,1,2.49,0.00
5028298,1011559,28,2,3.49,0.00
5028299,1011559,10,1,10.99,0.00
5028300,1011560,1,2,11.49,0.00
5028301,1011560,18,1,5.49,0.00
5028302,1011560,30,1,3.29,0.00
5028303,1011560,29,1,3.49,0.00
5028304,1011560,19,1,3.99,0.00
5028305,1011561,9,1,13.99,0.00
5028306,1011561,26,1,2.49,0.00
5028307,1011561,27,1,2.49,0.00
5028308,1011562,11,1,13.49,0.00
5028309,1011563,14,1,10.49,0.00
5028310,1011563,18,1,5.49,0.00
5028311,1011564,16,1,10.49,0.00
5028312,1011564,26,1,2.49,0.00
5028313,1011564,21,2,3.99,0.00
5028314,1011565,11,1,13.49,0.00
5028315,1011565,26,1,2.49,0.00
5028316,1011566,16,1,10.49,0.00
5028317,1011567,2,1,11.99,0.00
5028318,1011567,30,1,3.29,0.00
5028319,1011567,24,1,3.49,0.00
5028320,1011568,2,1,11.99,0.00
5028321,1011568,19,2,3.99,0.00
5028322,1011569,2,1,11.99,0.00
5028323,1011570,14,2,10.49,0.00
5028324,1011570,34,3,4.49,0.00
5028325,1011570,20,1,4.49,0.00
5028326,1011571,6,1,12.99,0.00
5028327,1011571,19,3,3.99,0.00
5028328,1011572,15,1,10.99,0.00
5028329,1011572,13,1,9.99,0.00
5028330,1011573,12,1,18.99,0.00
5028331,1011573,21,1,3.99,0.00
5028332,1011574,7,1,11.99,0.00
5028333,1011574,23,1,3.99,0.00
5028334,1011574,19,1,3.99,0.00
5028335,1011575,2,1,11.99,0.00
5028336,1011575,34,1,4.49,0.00
5028337,1011575,33,1,5.49,0.00
5028338,1011576,9,1,13.99,0.00
5028339,1011576,21,1,3.99,0.00
5028340,1011577,1,1,11.49,0.00
5028341,1011577,27,1,2.49,0.00
5028342,1011578,9,1,13.99,0.00
5028343,1011578,18,1,5.49,0.00
5028344,1011578,21,1,3.99,0.00
5028345,1011579,12,1,18.99,0.00
5028346,1011579,19,1,3.99,0.00
5028347,1011580,9,1,13.99,0.00
5028348,1011580,32,1,4.99,0.00
5028349,1011580,28,1,3.49,0.00
5028350,1011580,18,1,5.49,0.00
5028351,1011581,3,1,10.49,0.00
5028352,1011581,19,1,3.99,0.00
5028353,1011581,25,1,6.49,0.00
5028354,1011582,10,1,10.99,0.00
5028355,1011582,30,1,3.29,0.00
5028356,1011583,14,1,10.49,0.00
5028357,1011583,32,3,4.99,0.00
5028358,1011584,8,1,12.49,0.00
5028359,1011584,34,2,4.49,0.00
5028360,1011585,4,1,14.99,0.00
5028361,1011585,28,1,3.49,0.00
5028362,1011585,27,3,2.49,0.00
5028363,1011585,18,1,5.49,0.00
5028364,1011586,1,1,11.49,0.00
5028365,1011586,35,1,2.99,0.00
5028366,1011586,21,1,3.99,0.00
5028367,1011586,26,1,2.49,0.00
5028368,1011587,8,1,12.49,0.00
5028369,1011587,31,1,3.49,0.00
5028370,1011587,35,1,2.99,0.00
5028371,1011588,9,1,13.99,0.00
5028372,1011588,31,1,3.49,0.00
5028373,1011589,13,2,9.99,0.00
5028374,1011589,31,1,3.49,0.00
5028375,1011589,26,1,2.49,0.00
5028376,1011590,4,1,14.99,0.00
5028377,1011590,34,1,4.49,0.00
5028378,1011590,27,1,2.49,0.00
5028379,1011591,4,1,14.99,0.00
5028380,1011591,29,1,3.49,0.00
5028381,1011591,26,1,2.49,0.00
5028382,1011591,31,3,3.49,0.00
5028383,1011592,2,1,11.99,0.00
5028384,1011592,29,1,3.49,0.00
5028385,1011593,3,1,10.49,0.00
5028386,1011594,12,1,18.99,0.00
5028387,1011594,21,1,3.99,0.00
5028388,1011595,9,3,13.99,0.00
5028389,1011595,23,1,3.99,0.00
5028390,1011595,27,1,2.49,0.00
5028391,1011595,28,1,3.49,0.00
5028392,1011595,35,3,2.99,0.00
5028393,1011596,10,1,10.99,0.00
5028394,1011596,30,1,3.29,0.00
5028395,1011597,3,1,10.49,0.00
5028396,1011597,18,1,5.49,0.00
5028397,1011597,30,1,3.29,0.00
5028398,1011597,28,2,3.49,0.00
5028399,1011597,20,1,4.49,0.00
5028400,1011597,26,2,2.49,0.00
5028401,1011598,9,1,13.99,0.00
5028402,1011598,29,2,3.49,0.00
5028403,1011598,22,1,4.49,0.00
5028404,1011598,31,1,3.49,0.00
5028405,1011599,11,1,13.49,0.00
5028406,1011599,24,1,3.49,0.00
5028407,1011599,26,1,2.49,0.00
5028408,1011600,2,1,11.99,0.00
5028409,1011600,29,1,3.49,0.00
5028410,1011600,26,1,2.49,0.00
5028411,1011600,21,1,3.99,0.00
5028412,1011601,16,2,10.49,0.00
5028413,1011602,3,2,10.49,0.00
5028414,1011602,8,1,12.49,0.00
5028415,1011603,4,1,14.99,0.00
5028416,1011604,7,1,11.99,0.00
5028417,1011604,19,1,3.99,0.00
5028418,1011605,11,2,13.49,0.00
5028419,1011606,10,1,10.99,0.00
5028420,1011607,9,3,13.99,0.00
5028421,1011607,32,1,4.99,0.00
5028422,1011608,11,1,13.49,0.00
5028423,1011608,32,1,4.99,0.00
5028424,1011609,13,1,9.99,0.00
5028425,1011610,15,1,10.99,0.00
5028426,1011610,26,1,2.49,0.00
5028427,1011610,32,2,4.99,0.00
5028428,1011610,22,1,4.49,0.00
5028429,1011610,33,1,5.49,0.00
5028430,1011610,29,1,3.49,0.00
5028431,1011611,11,1,13.49,0.00
5028432,1011611,26,3,2.49,0.00
5028433,1011611,25,1,6.49,0.00
5028434,1011612,8,1,12.49,0.00
5028435,1011612,24,1,3.49,0.00
5028436,1011612,26,1,2.49,0.00
5028437,1011613,6,1,12.99,0.00
5028438,1011614,7,1,11.99,0.00
5028439,1011614,25,2,6.49,0.00
5028440,1011614,21,1,3.99,0.00
5028441,1011614,23,1,3.99,0.00
5028442,1011615,8,2,12.49,0.00
5028443,1011615,33,1,5.49,0.00
5028444,1011616,9,1,13.99,0.00
5028445,1011617,3,1,10.49,0.00
5028446,1011617,18,1,5.49,0.00
5028447,1011618,11,1,13.49,0.00
5028448,1011618,26,3,2.49,0.00
5028449,1011619,3,1,10.49,0.00
5028450,1011619,18,1,5.49,0.00
5028451,1011620,6,2,12.99,0.00
5028452,1011621,15,1,10.99,0.00
5028453,1011621,14,1,10.49,0.00
5028454,1011622,4,1,14.99,0.00
5028455,1011622,27,2,2.49,0.00
5028456,1011622,18,1,5.49,0.00
5028457,1011622,31,1,3.49,0.00
5028458,1011623,12,1,18.99,0.00
5028459,1011623,8,1,12.49,0.00
5028460,1011624,10,1,10.99,0.00
5028461,1011624,25,3,6.49,0.00
5028462,1011625,8,1,12.49,0.00
5028463,1011625,19,1,3.99,0.00
5028464,1011626,7,1,11.99,0.00
5028465,1011626,23,1,3.99,0.00
5028466,1011626,30,0,3.29,0.00
5028467,1011627,5,1,13.49,0.00
5028468,1011627,2,1,11.99,0.00
5028469,1011627,27,1,2.49,0.00
5028470,1011628,1,1,11.49,0.00
5028471,1011628,34,1,4.49,0.00
5028472,1011628,19,1,3.99,0.00
5028473,1011629,5,1,13.49,0.00
5028474,1011629,26,1,2.49,0.00
5028475,1011630,9,1,13.99,0.00
5028476,1011630,26,3,2.49,0.00
5028477,1011630,30,1,3.29,0.00
5028478,1011631,7,1,11.99,0.00
5028479,1011631,9,1,13.99,0.00
5028480,1011632,9,1,13.99,0.00
5028481,1011632,27,1,2.49,0.00
5028482,1011632,35,1,2.99,0.00
5028483,1011633,8,1,12.49,0.00
5028484,1011634,16,1,10.49,0.00
5028485,1011635,16,1,10.49,0.00
5028486,1011635,26,1,2.49,0.00
5028487,1011636,8,1,12.49,0.00
5028488,1011636,28,2,3.49,0.00
5028489,1011636,26,1,2.49,0.00
5028490,1011637,12,1,18.99,0.00
5028491,1011637,21,1,3.99,0.00
5028492,1011638,14,1,10.49,0.00
5028493,1011638,30,1,3.29,0.00
5028494,1011638,34,1,4.49,0.00
5028495,1011638,27,1,2.49,0.00
5028496,1011639,11,1,13.49,0.00
5028497,1011639,20,2,4.49,0.00
5028498,1011639,19,1,3.99,0.00
5028499,1011639,26,2,2.49,0.00
5028500,1011640,14,2,10.49,0.00
5028501,1011640,6,1,12.99,0.00
5028502,1011641,13,1,9.99,0.00
5028503,1011641,21,2,3.99,0.00
5028504,1011641,3,1,10.49,0.00
5028505,1011642,6,2,12.99,0.00
5028506,1011643,15,1,10.99,0.00
5028507,1011643,26,2,2.49,0.00
5028508,1011644,2,1,11.99,0.00
5028509,1011644,27,1,2.49,0.00
5028510,1011644,19,2,3.99,0.00
5028511,1011645,3,1,10.49,0.00
5028512,1011645,35,2,2.99,0.00
5028513,1011645,26,1,2.49,0.00
5028514,1011646,5,1,13.49,0.00
5028515,1011646,19,1,3.99,0.00
5028516,1011646,27,2,2.49,0.00
5028517,1011646,22,0,4.49,0.00
5028518,1011646,29,1,3.49,0.00
5028519,1011647,10,1,10.99,0.00
5028520,1011647,25,1,6.49,0.00
5028521,1011648,1,1,11.49,0.00
5028522,1011649,3,1,10.49,0.00
5028523,1011649,29,1,3.49,0.00
5028524,1011649,19,1,3.99,0.00
5028525,1011650,11,1,13.49,0.00
5028526,1011650,26,1,2.49,0.00
5028527,1011651,10,1,10.99,0.00
5028528,1011651,25,2,6.49,0.00
5028529,1011652,9,1,13.99,0.00
5028530,1011653,16,1,10.49,0.00
5028531,1011653,20,1,4.49,0.00
5028532,1011654,4,1,14.99,0.00
5028533,1011654,19,1,3.99,0.00
5028534,1011654,21,1,3.99,0.00
5028535,1011655,2,1,11.99,0.00
5028536,1011656,3,1,10.49,0.00
5028537,1011656,26,1,2.49,0.00
5028538,1011657,1,1,11.49,0.00
5028539,1011657,30,1,3.29,0.00
5028540,1011658,3,2,10.49,0.00
5028541,1011658,21,1,3.99,0.00
5028542,1011658,34,1,4.49,0.00
5028543,1011658,23,1,3.99,0.00
5028544,1011659,15,1,10.99,0.00
5028545,1011660,13,1,9.99,0.00
5028546,1011660,29,1,3.49,0.00
5028547,1011660,27,1,2.49,0.00
5028548,1011661,3,1,10.49,0.00
5028549,1011661,28,1,3.49,0.00
5028550,1011661,32,1,4.99,0.00
5028551,1011662,8,2,12.49,0.00
5028552,1011662,19,-1,3.99,0.00
5028553,1011662,25,1,6.49,0.00
5028554,1011662,22,1,4.49,0.00
5028555,1011663,9,1,13.99,0.00
5028556,1011663,24,1,3.49,0.00
5028557,1011664,6,1,12.99,0.00
5028558,1011665,5,1,13.49,0.00
5028559,1011666,2,1,11.99,0.00
5028560,1011667,6,1,12.99,0.00
5028561,1011667,31,1,3.49,0.00
5028562,1011667,19,1,3.99,0.00
5028563,1011668,5,2,13.49,0.00
5028564,1011668,23,1,3.99,0.00
5028565,1011669,4,1,14.99,0.00
5028566,1011670,2,1,11.99,0.00
5028567,1011671,14,1,10.49,0.00
5028568,1011671,26,1,2.49,0.00
5028569,1011672,3,1,10.49,0.00
5028570,1011672,24,3,3.49,0.00
5028571,1011673,16,1,10.49,0.00
5028572,1011673,25,1,6.49,0.00
5028573,1011673,31,1,3.49,0.00
5028574,1011673,18,1,5.49,0.00
5028575,1011673,28,1,3.49,0.00
5028576,1011673,22,1,4.49,0.00
5028577,1011674,4,1,14.99,0.00
5028578,1011674,23,1,3.99,0.00
5028579,1011674,22,2,4.49,0.00
5028580,1011674,29,1,3.49,0.00
5028581,1011675,11,2,13.49,0.00
5028582,1011676,3,0,10.49,0.00
5028583,1011676,35,1,2.99,0.00
5028584,1011676,19,1,3.99,0.00
5028585,1011676,26,3,2.49,0.00
5028586,1011677,6,1,12.99,0.00
5028587,1011678,11,1,13.49,0.00
5028588,1011678,21,1,3.99,0.00
5028589,1011679,7,1,11.99,0.00
5028590,1011680,15,3,10.99,0.00
5028591,1011681,10,1,10.99,0.00
5028592,1011681,26,2,2.49,0.00
5028593,1011681,18,2,5.49,0.00
5028594,1011682,11,1,13.49,0.00
5028595,1011682,24,2,3.49,0.00
5028596,1011683,2,1,11.99,0.00
5028597,1011683,27,2,2.49,0.00
5028598,1011684,9,1,13.99,0.00
5028599,1011685,12,1,18.99,0.00
5028600,1011686,13,1,9.99,0.00
5028601,1011687,3,2,10.49,0.00
5028602,1011687,16,1,10.49,0.00
5028603,1011688,10,1,10.99,0.00
5028604,1011688,33,1,5.49,0.00
5028605,1011688,3,1,10.49,0.00
5028606,1011688,19,1,3.99,0.00
5028607,1011689,16,1,10.49,0.00
5028608,1011689,30,1,3.29,0.00
5028609,1011689,2,1,11.99,0.00
5028610,1011689,23,1,3.99,0.00
5028611,1011690,2,1,11.99,0.00
5028612,1011690,27,1,2.49,0.00
5028613,1011690,7,1,11.99,0.00
5028614,1011690,26,1,2.49,0.00
5028615,1011691,12,1,18.99,0.00
5028616,1011692,14,1,10.49,0.00
5028617,1011693,2,2,11.99,0.00
5028618,1011693,21,2,3.99,0.00
5028619,1011693,32,-2,4.99,0.00
5028620,1011694,9,1,13.99,0.00
5028621,1011694,20,1,4.49,0.00
5028622,1011695,1,1,11.49,0.00
5028623,1011695,19,1,3.99,0.00
5028624,1011695,25,1,6.49,0.00
5028625,1011696,8,2,12.49,0.00
5028626,1011696,31,1,3.49,0.00
5028627,1011697,9,2,13.99,0.00
5028628,1011697,20,2,4.49,0.00
5028629,1011697,26,4,2.49,0.00
5028630,1011697,31,1,3.49,0.00
5028631,1011698,8,1,12.49,0.00
5028632,1011699,13,1,9.99,0.00
5028633,1011699,33,1,5.49,0.00
5028634,1011699,34,3,4.49,0.00
5028635,1011699,28,1,3.49,0.00
5028636,1011700,12,2,18.99,0.00
5028637,1011700,34,1,4.49,0.00
5028638,1011700,20,1,4.49,0.00
5028639,1011701,2,1,11.99,0.00
5028640,1011701,34,1,4.49,0.00
5028641,1011701,19,1,3.99,0.00
5028642,1011702,6,1,12.99,0.00
5028643,1011702,32,1,4.99,0.00
5028644,1011703,1,1,11.49,0.00
5028645,1011704,5,1,13.49,0.00
5028646,1011705,11,1,13.49,0.00
5028647,1011705,32,1,4.99,0.00
5028648,1011706,2,1,11.99,0.00
5028649,1011706,30,1,3.29,0.00
5028650,1011707,5,1,13.49,0.00
5028651,1011707,27,2,2.49,0.00
5028652,1011707,18,1,5.49,0.00
5028653,1011708,3,1,10.49,0.00
5028654,1011708,16,1,10.49,0.00
5028655,1011709,4,1,14.99,0.00
5028656,1011709,30,1,3.29,0.00
5028657,1011710,11,1,13.49,0.00
5028658,1011710,12,1,18.99,0.00
5028659,1011711,3,1,10.49,0.00
5028660,1011711,19,1,3.99,0.00
5028661,1011712,16,1,10.49,0.00
5028662,1011712,30,1,3.29,0.00
5028663,1011713,14,2,10.49,0.00
5028664,1011714,14,1,10.49,0.00
5028665,1011715,10,1,10.99,0.00
5028666,1011715,19,1,3.99,0.00
5028667,1011716,6,1,12.99,0.00
5028668,1011716,19,1,3.99,0.00
5028669,1011716,7,1,11.99,0.00
5028670,1011717,3,1,10.49,0.00
5028671,1011718,8,1,12.49,0.00
5028672,1011718,30,1,3.29,0.00
5028673,1011718,1,3,11.49,0.00
5028674,1011718,24,1,3.49,0.00
5028675,1011719,15,1,10.99,0.00
5028676,1011720,5,2,13.49,0.00
5028677,1011720,26,3,2.49,0.00
5028678,1011720,19,1,3.99,0.00
5028679,1011720,15,1,10.99,0.00
5028680,1011721,7,2,11.99,0.00
5028681,1011722,16,1,10.49,0.00
5028682,1011723,3,1,10.49,0.00
5028683,1011723,31,2,3.49,0.00
5028684,1011723,10,2,10.99,0.00
5028685,1011724,11,1,13.49,0.00
5028686,1011724,1,1,11.49,0.00
5028687,1011724,21,1,3.99,0.00
5028688,1011725,5,2,13.49,0.00
5028689,1011726,4,1,14.99,0.00
5028690,1011727,3,3,10.49,0.00
5028691,1011727,26,1,2.49,0.00
5028692,1011727,11,1,13.49,0.00
5028693,1011727,21,2,3.99,0.00
5028694,1011728,11,1,13.49,0.00
5028695,1011728,27,1,2.49,0.00
5028696,1011729,9,1,13.99,0.00
5028697,1011729,24,3,3.49,0.00
5028698,1011730,15,1,10.99,0.00
5028699,1011730,22,3,4.49,0.00
5028700,1011730,9,1,13.99,0.00
5028701,1011730,26,1,2.49,0.00
5028702,1011731,11,2,13.49,0.00
5028703,1011731,23,1,3.99,0.00
5028704,1011732,4,1,14.99,0.00
5028705,1011732,18,3,5.49,0.00
5028706,1011732,24,1,3.49,0.00
5028707,1011732,21,1,3.99,0.00
5028708,1011733,1,1,11.49,0.00
5028709,1011733,35,1,2.99,0.00
5028710,1011734,2,1,11.99,0.00
5028711,1011734,27,1,2.49,0.00
5028712,1011734,35,1,2.99,0.00
5028713,1011735,5,1,13.49,0.00
5028714,1011736,3,1,10.49,0.00
5028715,1011736,31,1,3.49,0.00
5028716,1011737,1,1,11.49,0.00
5028717,1011737,27,1,2.49,0.00
5028718,1011737,11,1,13.49,0.00
5028719,1011738,1,1,11.49,0.00
5028720,1011739,6,2,12.99,0.00
5028721,1011739,24,2,3.49,0.00
5028722,1011739,18,1,5.49,0.00
5028723,1011739,20,1,4.49,0.00
5028724,1011740,4,1,14.99,0.00
5028725,1011740,21,1,3.99,0.00
5028726,1011741,11,1,13.49,0.00
5028727,1011741,18,1,5.49,0.00
5028728,1011741,31,1,3.49,0.00
5028729,1011742,14,1,10.49,0.00
5028730,1011742,28,1,3.49,0.00
5028731,1011742,25,1,6.49,0.00
5028732,1011743,9,1,13.99,0.00
5028733,1011743,27,1,2.49,0.00
5028734,1011743,25,3,6.49,0.00
5028735,1011744,15,1,10.99,0.00
5028736,1011745,11,1,13.49,0.00
5028737,1011745,18,2,5.49,0.00
5028738,1011746,13,1,9.99,0.00
5028739,1011747,2,1,11.99,0.00
5028740,1011747,33,1,5.49,0.00
5028741,1011748,15,2,10.99,0.00
5028742,1011749,9,1,13.99,0.00
5028743,1011749,28,1,3.49,0.00
5028744,1011749,18,1,5.49,0.00
5028745,1011750,10,1,10.99,0.00
5028746,1011750,26,1,2.49,0.00
5028747,1011750,22,1,4.49,0.00
5028748,1011751,2,1,11.99,0.00
5028749,1011752,11,3,13.49,0.00
5028750,1011752,27,1,2.49,0.00
5028751,1011752,35,1,2.99,0.00
5028752,1011752,26,1,2.49,0.00
5028753,1011753,16,1,10.49,0.00
5028754,1011753,32,1,4.99,0.00
5028755,1011754,6,2,12.99,0.00
5028756,1011754,31,1,3.49,0.00
5028757,1011754,15,1,10.99,0.00
5028758,1011754,19,1,3.99,0.00
5028759,1011755,6,1,12.99,0.00
5028760,1011755,25,2,6.49,0.00
5028761,1011756,2,1,11.99,0.00
5028762,1011756,21,1,3.99,0.00
5028763,1011757,15,2,10.99,0.00
5028764,1011758,9,1,13.99,0.00
5028765,1011758,31,1,3.49,0.00
5028766,1011758,24,1,3.49,0.00
5028767,1011758,25,1,6.49,0.00
5028768,1011758,19,1,3.99,0.00
5028769,1011758,28,1,3.49,0.00
5028770,1011759,3,1,10.49,0.00
5028771,1011760,4,1,14.99,0.00
5028772,1011760,18,3,5.49,0.00
5028773,1011760,25,1,6.49,0.00
5028774,1011761,9,1,13.99,0.00
5028775,1011761,24,1,3.49,0.00
5028776,1011761,23,1,3.99,0.00
5028777,1011761,27,1,2.49,0.00
5028778,1011762,11,1,13.49,0.00
5028779,1011762,28,1,3.49,0.00
5028780,1011762,21,1,3.99,0.00
5028781,1011763,2,1,11.99,0.00
5028782,1011763,20,1,4.49,0.00
5028783,1011764,6,1,12.99,0.00
5028784,1011764,29,1,3.49,0.00
5028785,1011765,8,1,12.49,0.00
5028786,1011765,7,1,11.99,0.00
5028787,1011765,20,1,4.49,0.00
5028788,1011766,4,1,14.99,0.00
5028789,1011766,15,1,10.99,0.00
5028790,1011766,22,1,4.49,0.00
5028791,1011767,8,1,12.49,0.00
5028792,1011767,26,1,2.49,0.00
5028793,1011767,24,1,3.49,0.00
5028794,1011768,4,1,14.99,0.00
5028795,1011768,7,1,11.99,0.00
5028796,1011769,2,1,11.99,0.00
5028797,1011770,5,1,13.49,0.00
5028798,1011770,29,3,3.49,0.00
5028799,1011770,20,2,4.49,0.00
5028800,1011771,15,1,10.99,0.00
5028801,1011771,27,1,2.49,0.00
5028802,1011771,19,1,3.99,0.00
5028803,1011771,18,1,5.49,0.00
5028804,1011772,16,1,10.49,0.00
5028805,1011773,3,1,10.49,0.00
5028806,1011773,25,1,6.49,0.00
5028807,1011774,2,1,11.99,0.00
5028808,1011774,29,1,3.49,0.00
5028809,1011775,1,1,11.49,0.00
5028810,1011775,34,2,4.49,0.00
5028811,1011775,26,3,2.49,0.00
5028812,1011775,29,1,3.49,0.00
5028813,1011775,28,1,3.49,0.00
5028814,1011775,18,1,5.49,0.00
5028815,1011776,16,3,10.49,0.00
5028816,1011776,27,1,2.49,0.00
5028817,1011776,32,1,4.99,0.00
5028818,1011776,28,3,3.49,0.00
5028819,1011776,35,1,2.99,0.00
5028820,1011777,15,1,10.99,0.00
5028821,1011777,29,1,3.49,0.00
5028822,1011778,16,1,10.49,0.00
5028823,1011778,31,2,3.49,0.00
5028824,1011778,29,1,3.49,0.00
5028825,1011778,27,1,2.49,0.00
5028826,1011778,22,1,4.49,0.00
5028827,1011779,13,1,9.99,0.00
5028828,1011779,26,2,2.49,0.00
5028829,1011780,7,1,11.99,0.00
5028830,1011780,18,1,5.49,0.00
5028831,1011780,20,1,4.49,0.00
5028832,1011781,8,1,12.49,0.00
5028833,1011781,15,1,10.99,0.00
5028834,1011781,19,2,3.99,0.00
5028835,1011781,21,1,3.99,0.00
5028836,1011781,18,1,5.49,0.00
5028837,1011782,7,1,11.99,0.00
5028838,1011782,21,1,3.99,0.00
5028839,1011783,6,1,12.99,0.00
5028840,1011784,5,2,13.49,0.00
5028841,1011785,8,1,12.49,0.00
5028842,1011785,15,2,10.99,0.00
5028843,1011785,31,1,3.49,0.00
5028844,1011785,23,3,3.99,0.00
5028845,1011786,9,1,13.99,0.00
5028846,1011786,23,1,3.99,0.00
5028847,1011787,11,1,13.49,0.00
5028848,1011788,1,1,11.49,0.00
5028849,1011789,3,1,10.49,0.00
5028850,1011789,30,1,3.29,0.00
5028851,1011790,15,1,10.99,0.00
5028852,1011790,23,1,3.99,0.00
5028853,1011791,10,1,10.99,0.00
5028854,1011791,27,1,2.49,0.00
5028855,1011792,12,1,18.99,0.00
5028856,1011792,29,1,3.49,0.00
5028857,1011792,25,1,6.49,0.00
5028858,1011793,9,1,13.99,0.00
5028859,1011794,1,1,11.49,0.00
5028860,1011794,22,1,4.49,0.00
5028861,1011795,5,1,13.49,0.00
5028862,1011795,18,1,5.49,0.00
5028863,1011795,21,1,3.99,0.00
5028864,1011796,7,1,11.99,0.00
5028865,1011796,21,1,3.99,0.00
5028866,1011796,35,1,2.99,0.00
5028867,1011796,22,1,4.49,0.00
5028868,1011797,2,1,11.99,0.00
5028869,1011797,35,1,2.99,0.00
5028870,1011797,19,2,3.99,0.00
5028871,1011797,29,1,3.49,0.00
5028872,1011798,3,1,10.49,0.00
5028873,1011798,19,1,3.99,0.00
5028874,1011798,27,1,2.49,0.00
5028875,1011798,31,1,3.49,0.00
5028876,1011799,8,1,12.49,0.00
5028877,1011800,8,1,12.49,0.00
5028878,1011800,33,1,5.49,0.00
5028879,1011800,32,2,4.99,0.00
5028880,1011800,19,3,3.99,0.00
5028881,1011800,26,1,2.49,0.00
5028882,1011801,11,1,13.49,0.00
5028883,1011801,19,2,3.99,0.00
5028884,1011801,26,1,2.49,0.00
5028885,1011801,18,1,5.49,0.00
5028886,1011801,21,2,3.99,0.00
5028887,1011802,16,1,10.49,0.00
5028888,1011803,2,1,11.99,0.00
5028889,1011803,27,1,2.49,0.00
5028890,1011803,31,1,3.49,0.00
5028891,1011803,34,1,4.49,0.00
5028892,1011804,8,1,12.49,0.00
5028893,1011804,26,1,2.49,0.00
5028894,1011805,3,2,10.49,0.00
5028895,1011806,15,1,10.99,0.00
5028896,1011806,26,1,2.49,0.00
5028897,1011807,8,1,12.49,0.00
5028898,1011807,30,1,3.29,0.00
5028899,1011808,5,1,13.49,0.00
5028900,1011808,26,1,2.49,0.00
5028901,1011808,6,1,12.99,0.00
5028902,1011809,6,0,12.99,0.00
5028903,1011809,1,1,11.49,0.00
5028904,1011810,3,1,10.49,0.00
5028905,1011811,15,1,10.99,0.00
5028906,1011811,25,1,6.49,0.00
5028907,1011812,2,1,11.99,0.00
5028908,1011812,27,1,2.49,0.00
5028909,1011812,18,1,5.49,0.00
5028910,1011813,3,1,10.49,0.00
5028911,1011813,27,1,2.49,0.00
5028912,1011813,22,1,4.49,0.00
5028913,1011814,14,1,10.49,0.00
5028914,1011814,21,1,3.99,0.00
5028915,1011815,11,1,13.49,0.00
5028916,1011816,10,1,10.99,0.00
5028917,1011816,25,2,6.49,0.00
5028918,1011817,3,1,10.49,0.00
5028919,1011817,26,3,2.49,0.00
5028920,1011817,19,1,3.99,0.00
5028921,1011818,1,1,11.49,0.00
5028922,1011818,26,2,2.49,0.00
5028923,1011819,3,2,10.49,0.00
5028924,1011819,30,1,3.29,0.00
5028925,1011819,28,1,3.49,0.00
5028926,1011820,4,1,14.99,0.00
5028927,1011820,28,1,3.49,0.00
5028928,1011821,11,1,13.49,0.00
5028929,1011821,20,1,4.49,0.00
5028930,1011821,25,1,6.49,0.00
5028931,1011821,27,1,2.49,0.00
5028932,1011821,32,1,4.99,0.00
5028933,1011822,16,1,10.49,0.00
5028934,1011822,26,1,2.49,0.00
5028935,1011823,15,1,10.99,0.00
5028936,1011824,8,1,12.49,0.00
5028937,1011824,19,1,3.99,0.00
5028938,1011825,1,1,11.49,0.00
5028939,1011826,14,1,10.49,0.00
5028940,1011826,6,2,12.99,0.00
5028941,1011827,8,1,12.49,0.00
5028942,1011827,23,0,3.99,0.00
5028943,1011828,10,1,10.99,0.00
5028944,1011829,11,1,13.49,0.00
5028945,1011829,21,1,3.99,0.00
5028946,1011830,14,1,10.49,0.00
5028947,1011830,26,1,2.49,0.00
5028948,1011831,15,1,10.99,0.00
5028949,1011831,35,1,2.99,0.00
5028950,1011831,19,1,3.99,0.00
5028951,1011831,6,1,12.99,0.00
5028952,1011832,16,1,10.49,0.00
5028953,1011832,27,1,2.49,0.00
5028954,1011833,8,1,12.49,0.00
5028955,1011833,5,1,13.49,0.00
5028956,1011834,2,1,11.99,0.00
5028957,1011835,3,1,10.49,0.00
5028958,1011836,13,2,9.99,0.00
5028959,1011836,30,1,3.29,0.00
5028960,1011836,27,1,2.49,0.00
5028961,1011837,5,1,13.49,0.00
5028962,1011837,7,1,11.99,0.00
5028963,1011837,21,1,3.99,0.00
5028964,1011838,9,1,13.99,0.00
5028965,1011838,34,2,4.49,0.00
5028966,1011838,33,1,5.49,0.00
5028967,1011839,6,1,12.99,0.00
5028968,1011839,28,1,3.49,0.00
5028969,1011840,7,1,11.99,0.00
5028970,1011840,23,1,3.99,0.00
5028971,1011841,5,1,13.49,0.00
5028972,1011841,26,3,2.49,0.00
5028973,1011842,10,1,10.99,0.00
5028974,1011843,15,1,10.99,0.00
5028975,1011843,30,1,3.29,0.00
5028976,1011844,15,1,10.99,0.00
5028977,1011844,25,1,6.49,0.00
5028978,1011844,18,1,5.49,0.00
5028979,1011845,11,1,13.49,0.00
5028980,1011845,25,1,6.49,0.00
5028981,1011846,14,3,10.49,0.00
5028982,1011846,27,2,2.49,0.00
5028983,1011847,10,1,10.99,0.00
5028984,1011847,18,1,5.49,0.00
5028985,1011847,27,1,2.49,0.00
5028986,1011847,30,1,3.29,0.00
5028987,1011848,9,1,13.99,0.00
5028988,1011848,25,1,6.49,0.00
5028989,1011848,27,1,2.49,0.00
5028990,1011849,10,1,10.99,0.00
5028991,1011849,3,1,10.49,0.00
5028992,1011850,9,1,13.99,0.00
5028993,1011850,25,1,6.49,0.00
5028994,1011850,26,1,2.49,0.00
5028995,1011850,19,1,3.99,0.00
5028996,1011851,11,1,13.49,0.00
5028997,1011851,33,3,5.49,0.00
5028998,1011851,27,1,2.49,0.00
5028999,1011851,2,1,11.99,0.00
5029000,1011852,7,1,11.99,0.00
5029001,1011852,19,1,3.99,0.00
5029002,1011853,13,1,9.99,0.00
5029003,1011853,26,2,2.49,0.00
5029004,1011854,13,1,9.99,0.00
5029005,1011854,29,1,3.49,0.00
5029006,1011854,27,1,2.49,0.00
5029007,1011854,25,1,6.49,0.00
5029008,1011854,31,3,3.49,0.00
5029009,1011855,3,1,10.49,0.00
5029010,1011855,7,1,11.99,0.00
5029011,1011855,32,1,4.99,0.00
5029012,1011855,25,1,6.49,0.00
5029013,1011856,2,1,11.99,0.00
5029014,1011856,19,1,3.99,0.00
5029015,1011856,23,1,3.99,0.00
5029016,1011856,29,1,3.49,0.00
5029017,1011856,27,1,2.49,0.00
5029018,1011857,14,2,10.49,0.00
5029019,1011857,23,1,3.99,0.00
5029020,1011857,26,1,2.49,0.00
5029021,1011858,11,1,13.49,0.00
5029022,1011858,26,1,2.49,0.00
5029023,1011859,3,1,10.49,0.00
5029024,1011859,21,1,3.99,0.00
5029025,1011860,5,1,13.49,0.00
5029026,1011860,26,1,2.49,0.00
5029027,1011860,18,1,5.49,0.00
5029028,1011861,7,1,11.99,0.00
5029029,1011862,14,3,10.49,0.00
5029030,1011862,27,2,2.49,0.00
5029031,1011863,6,1,12.99,0.00
5029032,1011863,2,1,11.99,0.00
5029033,1011863,26,1,2.49,0.00
5029034,1011864,6,1,12.99,0.00
5029035,1011864,26,1,2.49,0.00
5029036,1011864,12,1,18.99,0.00
5029037,1011865,1,2,11.49,0.00
5029038,1011865,19,1,3.99,0.00
5029039,1011865,21,1,3.99,0.00
5029040,1011866,15,1,10.99,0.00
5029041,1011866,21,1,3.99,0.00
5029042,1011866,18,1,5.49,0.00
5029043,1011866,23,1,3.99,0.00
5029044,1011866,28,1,3.49,0.00
5029045,1011867,12,2,18.99,0.00
5029046,1011867,30,2,3.29,0.00
5029047,1011867,18,1,5.49,0.00
5029048,1011868,15,1,10.99,0.00
5029049,1011868,22,1,4.49,0.00
5029050,1011868,19,1,3.99,0.00
5029051,1011868,26,1,2.49,0.00
5029052,1011869,9,2,13.99,0.00
5029053,1011870,14,1,10.49,0.00
5029054,1011870,29,1,3.49,0.00
5029055,1011870,28,2,3.49,0.00
5029056,1011871,7,1,11.99,0.00
5029057,1011872,5,1,13.49,0.00
5029058,1011873,10,1,10.99,0.00
5029059,1011874,1,1,11.49,0.00
5029060,1011874,30,1,3.29,0.00
5029061,1011874,25,2,6.49,0.00
5029062,1011875,15,1,10.99,0.00
5029063,1011875,1,1,11.49,0.00
5029064,1011876,10,1,10.99,0.00
5029065,1011876,19,2,3.99,0.00
5029066,1011876,4,1,14.99,0.00
5029067,1011877,16,1,10.49,0.00
5029068,1011878,15,2,10.99,0.00
5029069,1011878,28,1,3.49,0.00
5029070,1011878,21,2,3.99,0.00
5029071,1011878,31,1,3.49,0.00
5029072,1011879,9,1,13.99,0.00
5029073,1011879,29,1,3.49,0.00
5029074,1011879,26,1,2.49,0.00
5029075,1011880,6,1,12.99,0.00
5029076,1011880,19,2,3.99,0.00
5029077,1011881,14,1,10.49,0.00
5029078,1011881,3,3,10.49,0.00
5029079,1011881,23,1,3.99,0.00
5029080,1011882,4,1,14.99,0.00
5029081,1011882,26,1,2.49,0.00
5029082,1011882,24,1,3.49,0.00
5029083,1011883,14,1,10.49,0.00
5029084,1011883,19,1,3.99,0.00
5029085,1011883,3,1,10.49,0.00
5029086,1011884,13,1,9.99,0.00
5029087,1011885,7,1,11.99,0.00
5029088,1011885,27,3,2.49,0.00
5029089,1011885,18,3,5.49,0.00
5029090,1011886,1,1,11.49,0.00
5029091,1011886,31,1,3.49,0.00
5029092,1011886,28,1,3.49,0.00
5029093,1011886,34,1,4.49,0.00
5029094,1011887,2,1,11.99,0.00
5029095,1011887,18,1,5.49,0.00
5029096,1011888,7,1,11.99,0.00
5029097,1011888,24,1,3.49,0.00
5029098,1011888,31,2,3.49,0.00
5029099,1011889,2,1,11.99,0.00
5029100,1011889,18,3,5.49,0.00
5029101,1011889,27,3,2.49,0.00
5029102,1011889,30,1,3.29,0.00
5029103,1011890,5,1,13.49,0.00
5029104,1011891,5,1,13.49,0.00
5029105,1011891,26,1,2.49,0.00
5029106,1011891,27,1,2.49,0.00
5029107,1011892,3,1,10.49,0.00
5029108,1011892,30,1,3.29,0.00
5029109,1011892,1,1,11.49,0.00
5029110,1011893,1,1,11.49,0.00
5029111,1011894,6,1,12.99,0.00
5029112,1011894,29,1,3.49,0.00
5029113,1011895,15,1,10.99,0.00
5029114,1011895,27,1,2.49,0.00
5029115,1011896,5,1,13.49,0.00
5029116,1011896,27,1,2.49,0.00
5029117,1011896,24,1,3.49,0.00
5029118,1011897,2,2,11.99,0.00
5029119,1011897,25,1,6.49,0.00
5029120,1011898,3,1,10.49,0.00
5029121,1011898,29,1,3.49,0.00
5029122,1011898,34,3,4.49,0.00
5029123,1011898,21,1,3.99,0.00
5029124,1011898,26,1,2.49,0.00
5029125,1011899,4,1,14.99,0.00
5029126,1011899,26,2,2.49,0.00
5029127,1011900,4,2,14.99,0.00
5029128,1011901,10,1,10.99,0.00
5029129,1011901,7,1,11.99,0.00
5029130,1011902,6,1,12.99,0.00
5029131,1011903,11,1,13.49,0.00
5029132,1011903,25,1,6.49,0.00
5029133,1011904,7,1,11.99,0.00
5029134,1011905,4,1,14.99,0.00
5029135,1011905,29,2,3.49,0.00
5029136,1011905,19,1,3.99,0.00
5029137,1011906,10,2,10.99,0.00
5029138,1011906,30,1,3.29,0.00
5029139,1011907,12,1,18.99,0.00
5029140,1011907,19,1,3.99,0.00
5029141,1011908,3,1,10.49,0.00
5029142,1011908,24,1,3.49,0.00
5029143,1011908,26,1,2.49,0.00
5029144,1011909,8,1,12.49,0.00
5029145,1011909,32,1,4.99,0.00
5029146,1011909,31,1,3.49,0.00
5029147,1011910,14,1,10.49,0.00
5029148,1011910,23,1,3.99,0.00
5029149,1011911,11,1,13.49,0.00
5029150,1011912,5,1,13.49,0.00
5029151,1011912,26,1,2.49,0.00
5029152,1011913,14,1,10.49,0.00
5029153,1011913,26,1,2.49,0.00
5029154,1011913,19,1,3.99,0.00
5029155,1011914,13,1,9.99,0.00
5029156,1011915,11,1,13.49,0.00
5029157,1011916,16,1,10.49,0.00
5029158,1011916,33,1,5.49,0.00
5029159,1011916,5,1,13.49,0.00
5029160,1011916,19,1,3.99,0.00
5029161,1011917,8,1,12.49,0.00
5029162,1011917,22,3,4.49,0.00
5029163,1011917,24,1,3.49,0.00
5029164,1011917,20,1,4.49,0.00
5029165,1011917,25,1,6.49,0.00
5029166,1011917,27,1,2.49,0.00
5029167,1011918,7,1,11.99,0.00
5029168,1011918,26,1,2.49,0.00
5029169,1011919,3,-2,10.49,0.00
5029170,1011920,9,1,13.99,0.00
5029171,1011920,30,2,3.29,0.00
5029172,1011921,15,1,10.99,0.00
5029173,1011921,27,2,2.49,0.00
5029174,1011921,26,2,2.49,0.00
5029175,1011921,29,1,3.49,0.00
5029176,1011922,11,1,13.49,0.00
5029177,1011922,34,1,4.49,0.00
5029178,1011923,7,1,11.99,0.00
5029179,1011923,23,1,3.99,0.00
5029180,1011923,29,2,3.49,0.00
5029181,1011924,7,1,11.99,0.00
5029182,1011924,22,1,4.49,0.00
5029183,1011925,6,3,12.99,0.00
5029184,1011925,18,1,5.49,0.00
5029185,1011925,35,1,2.99,0.00
5029186,1011925,30,1,3.29,0.00
5029187,1011926,6,2,12.99,0.00
5029188,1011926,31,2,3.49,0.00
5029189,1011927,9,1,13.99,0.00
5029190,1011928,7,2,11.99,0.00
5029191,1011929,4,1,14.99,0.00
5029192,1011929,21,1,3.99,0.00
5029193,1011929,29,2,3.49,0.00
5029194,1011930,4,1,14.99,0.00
5029195,1011930,25,1,6.49,0.00
5029196,1011930,33,1,5.49,0.00
5029197,1011931,12,1,18.99,0.00
5029198,1011931,26,2,2.49,0.00
5029199,1011932,11,2,13.49,0.00
5029200,1011933,5,2,13.49,0.00
5029201,1011933,29,1,3.49,0.00
5029202,1011934,2,1,11.99,0.00
5029203,1011934,22,3,4.49,0.00
5029204,1011934,19,1,3.99,0.00
5029205,1011935,3,1,10.49,0.00
5029206,1011935,18,1,5.49,0.00
5029207,1011935,28,1,3.49,0.00
5029208,1011936,9,1,13.99,0.00
5029209,1011937,1,2,11.49,0.00
5029210,1011937,25,1,6.49,0.00
5029211,1011937,29,1,3.49,0.00
5029212,1011938,14,2,10.49,0.00
5029213,1011938,23,1,3.99,0.00
5029214,1011939,15,3,10.99,0.00
5029215,1011939,27,1,2.49,0.00
5029216,1011940,15,1,10.99,0.00
5029217,1011940,27,1,2.49,0.00
5029218,1011940,19,1,3.99,0.00
5029219,1011941,10,1,10.99,0.00
5029220,1011942,2,1,11.99,0.00
5029221,1011943,15,1,10.99,0.00
5029222,1011943,20,1,4.49,0.00
5029223,1011943,34,1,4.49,0.00
5029224,1011943,22,1,4.49,0.00
5029225,1011943,24,2,3.49,0.00
5029226,1011944,15,1,10.99,0.00
5029227,1011944,27,1,2.49,0.00
5029228,1011944,20,1,4.49,0.00
5029229,1011945,11,1,13.49,0.00
5029230,1011945,1,1,11.49,0.00
5029231,1011946,11,2,13.49,0.00
5029232,1011946,21,1,3.99,0.00
5029233,1011946,19,1,3.99,0.00
5029234,1011946,29,1,3.49,0.00
5029235,1011946,30,1,3.29,0.00
5029236,1011947,10,1,10.99,0.00
5029237,1011947,32,-1,4.99,0.00
5029238,1011947,6,1,12.99,0.00
5029239,1011947,28,1,3.49,0.00
5029240,1011947,27,1,2.49,0.00
5029241,1011948,5,1,13.49,0.00
5029242,1011948,20,1,4.49,0.00
5029243,1011948,29,1,3.49,0.00
5029244,1011949,11,1,13.49,0.00
5029245,1011950,6,1,12.99,0.00
5029246,1011951,1,1,11.49,0.00
5029247,1011951,4,1,14.99,0.00
5029248,1011952,3,1,10.49,0.00
5029249,1011952,19,1,3.99,0.00
5029250,1011952,21,1,3.99,0.00
5029251,1011952,27,2,2.49,0.00
5029252,1011953,1,1,11.49,0.00
5029253,1011954,3,1,10.49,0.00
5029254,1011954,32,1,4.99,0.00
5029255,1011954,5,1,13.49,0.00
5029256,1011955,6,1,12.99,0.00
5029257,1011955,34,3,4.49,0.00
5029258,1011956,8,2,12.49,0.00
5029259,1011956,27,1,2.49,0.00
5029260,1011956,26,1,2.49,0.00
5029261,1011957,14,1,10.49,0.00
5029262,1011958,6,1,12.99,0.00
5029263,1011958,35,1,2.99,0.00
5029264,1011959,1,1,11.49,0.00
5029265,1011959,28,1,3.49,0.00
5029266,1011960,10,1,10.99,0.00
5029267,1011961,1,1,11.49,0.00
5029268,1011961,26,2,2.49,0.00
5029269,1011962,13,1,9.99,0.00
5029270,1011962,21,2,3.99,0.00
5029271,1011962,19,1,3.99,0.00
5029272,1011962,28,1,3.49,0.00
5029273,1011963,11,1,13.49,0.00
5029274,1011963,32,2,4.99,0.00
5029275,1011964,12,1,18.99,0.00
5029276,1011964,21,3,3.99,0.00
5029277,1011964,19,5,3.99,0.00
5029278,1011964,7,1,11.99,0.00
5029279,1011965,14,1,10.49,0.00
5029280,1011966,3,1,10.49,0.00
5029281,1011966,15,1,10.99,0.00
5029282,1011967,3,1,10.49,0.00
5029283,1011967,30,1,3.29,0.00
5029284,1011967,20,2,4.49,0.00
5029285,1011968,2,2,11.99,0.00
5029286,1011968,18,1,5.49,0.00
5029287,1011968,27,1,2.49,0.00
5029288,1011968,23,1,3.99,0.00
5029289,1011969,3,3,10.49,0.00
5029290,1011969,23,1,3.99,0.00
5029291,1011970,2,1,11.99,0.00
5029292,1011970,19,1,3.99,0.00
5029293,1011970,1,1,11.49,0.00
5029294,1011970,34,1,4.49,0.00
5029295,1011971,7,1,11.99,0.00
5029296,1011971,4,1,14.99,0.00
5029297,1011971,30,1,3.29,0.00
5029298,1011972,4,1,14.99,0.00
5029299,1011973,6,0,12.99,0.00
5029300,1011973,28,1,3.49,0.00
5029301,1011973,20,2,4.49,0.00
5029302,1011974,2,1,11.99,0.00
5029303,1011975,8,1,12.49,0.00
5029304,1011975,20,1,4.49,0.00
5029305,1011975,26,1,2.49,0.00
5029306,1011976,14,1,10.49,0.00
5029307,1011976,26,2,2.49,0.00
5029308,1011977,9,2,13.99,0.00
5029309,1011977,18,2,5.49,0.00
5029310,1011977,25,1,6.49,0.00
5029311,1011978,15,1,10.99,0.00
5029312,1011979,15,1,10.99,0.00
5029313,1011979,32,3,4.99,0.00
5029314,1011979,33,2,5.49,0.00
5029315,1011979,23,2,3.99,0.00
5029316,1011979,18,1,5.49,0.00
5029317,1011980,4,2,14.99,0.00
5029318,1011981,14,1,10.49,0.00
5029319,1011981,18,1,5.49,0.00
5029320,1011982,3,1,10.49,0.00
5029321,1011982,22,1,4.49,0.00
5029322,1011982,30,1,3.29,0.00
5029323,1011983,5,2,13.49,0.00
5029324,1011984,13,1,9.99,0.00
5029325,1011984,28,1,3.49,0.00
5029326,1011985,12,1,18.99,0.00
5029327,1011985,33,1,5.49,0.00
5029328,1011986,7,1,11.99,0.00
5029329,1011987,5,1,13.49,0.00
5029330,1011988,2,1,11.99,0.00
5029331,1011988,18,1,5.49,0.00
5029332,1011989,5,1,13.49,0.00
5029333,1011989,29,1,3.49,0.00
5029334,1011989,24,1,3.49,0.00
5029335,1011990,1,3,11.49,0.00
5029336,1011990,21,2,3.99,0.00
5029337,1011990,20,1,4.49,0.00
5029338,1011991,11,1,13.49,0.00
5029339,1011991,26,1,2.49,0.00
5029340,1011992,12,1,18.99,0.00
5029341,1011992,22,1,4.49,0.00
5029342,1011992,29,1,3.49,0.00
5029343,1011993,10,1,10.99,0.00
5029344,1011993,34,1,4.49,0.00
5029345,1011993,31,3,3.49,0.00
5029346,1011993,19,1,3.99,0.00
5029347,1011993,27,1,2.49,0.00
5029348,1011994,3,1,10.49,0.00
5029349,1011995,16,1,10.49,0.00
5029350,1011995,6,1,12.99,0.00
5029351,1011996,15,1,10.99,0.00
5029352,1011997,5,3,13.49,0.00
5029353,1011997,23,1,3.99,0.00
5029354,1011997,30,1,3.29,0.00
5029355,1011998,9,1,13.99,0.00
5029356,1011998,30,2,3.29,0.00
5029357,1011998,27,1,2.49,0.00
5029358,1011998,22,1,4.49,0.00
5029359,1011999,12,1,18.99,0.00
5029360,1011999,19,1,3.99,0.00
5029361,1011999,34,1,4.49,0.00
5029362,1011999,26,1,2.49,0.00
5029363,1012000,6,1,12.99,0.00
5029364,1012000,33,1,5.49,0.00
5029365,1012000,27,1,2.49,0.00
5029366,1012000,20,1,4.49,0.00
5029367,1012001,6,1,12.99,0.00
5029368,1012001,30,1,3.29,0.00
5029369,1012002,5,1,13.49,0.00
5029370,1012003,2,1,11.99,0.00
5029371,1012003,28,1,3.49,0.00
5029372,1012004,6,1,12.99,0.00
5029373,1012004,26,1,2.49,0.00
5029374,1012004,23,1,3.99,0.00
5029375,1012005,10,1,10.99,0.00
5029376,1012005,34,1,4.49,0.00
5029377,1012006,9,1,13.99,0.00
5029378,1012006,24,2,3.49,0.00
5029379,1012007,3,1,10.49,0.00
5029380,1012007,25,1,6.49,0.00
5029381,1012007,27,1,2.49,0.00
5029382,1012008,14,1,10.49,0.00
5029383,1012008,7,1,11.99,0.00
5029384,1012008,3,1,10.49,0.00
5029385,1012009,8,1,12.49,0.00
5029386,1012009,33,1,5.49,0.00
5029387,1012009,28,1,3.49,0.00
5029388,1012010,3,1,10.49,0.00
5029389,1012010,18,4,5.49,0.00
5029390,1012010,29,1,3.49,0.00
5029391,1012011,3,1,10.49,0.00
5029392,1012011,19,1,3.99,0.00
5029393,1012011,18,1,5.49,0.00
5029394,1012011,34,1,4.49,0.00
5029395,1012012,14,1,10.49,0.00
5029396,1012012,33,1,5.49,0.00
5029397,1012012,27,0,2.49,0.00
5029398,1012013,7,1,11.99,0.00
5029399,1012013,18,-1,5.49,0.00
5029400,1012013,29,2,3.49,0.00
5029401,1012014,13,1,9.99,0.00
5029402,1012014,23,1,3.99,0.00
5029403,1012015,3,1,10.49,0.00
5029404,1012015,28,1,3.49,0.00
5029405,1012015,27,1,2.49,0.00
5029406,1012015,26,1,2.49,0.00
5029407,1012016,15,1,10.99,0.00
5029408,1012016,18,1,5.49,0.00
5029409,1012016,32,2,4.99,0.00
5029410,1012016,23,1,3.99,0.00
5029411,1012017,7,1,11.99,0.00
5029412,1012018,1,1,11.49,0.00
5029413,1012019,4,1,14.99,0.00
5029414,1012019,2,1,11.99,0.00
5029415,1012019,22,1,4.49,0.00
5029416,1012020,11,2,13.49,0.00
5029417,1012021,2,1,11.99,0.00
5029418,1012022,15,1,10.99,0.00
5029419,1012022,18,1,5.49,0.00
5029420,1012022,34,1,4.49,0.00
5029421,1012023,1,1,11.49,0.00
5029422,1012023,29,1,3.49,0.00
5029423,1012023,25,1,6.49,0.00
5029424,1012023,22,1,4.49,0.00
5029425,1012024,2,1,11.99,0.00
5029426,1012025,3,1,10.49,0.00
5029427,1012025,23,1,3.99,0.00
5029428,1012025,30,1,3.29,0.00
5029429,1012026,2,1,11.99,0.00
5029430,1012026,19,1,3.99,0.00
5029431,1012027,10,1,10.99,0.00
5029432,1012027,20,1,4.49,0.00
5029433,1012027,18,1,5.49,0.00
5029434,1012028,9,1,13.99,0.00
5029435,1012028,25,2,6.49,0.00
5029436,1012028,30,1,3.29,0.00
5029437,1012028,19,1,3.99,0.00
5029438,1012029,3,1,10.49,0.00
5029439,1012029,20,1,4.49,0.00
5029440,1012030,6,2,12.99,0.00
5029441,1012031,7,1,11.99,0.00
5029442,1012031,21,1,3.99,0.00
5029443,1012031,22,2,4.49,0.00
5029444,1012032,4,1,14.99,0.00
5029445,1012033,9,1,13.99,0.00
5029446,1012033,20,1,4.49,0.00
5029447,1012034,2,1,11.99,0.00
5029448,1012034,20,1,4.49,0.00
5029449,1012035,10,1,10.99,0.00
5029450,1012035,30,1,3.29,0.00
5029451,1012036,16,1,10.49,0.00
5029452,1012036,20,1,4.49,0.00
5029453,1012037,4,3,14.99,0.00
5029454,1012037,22,1,4.49,0.00
5029455,1012038,13,1,9.99,0.00
5029456,1012038,35,1,2.99,0.00
5029457,1012039,11,1,13.49,0.00
5029458,1012039,21,1,3.99,0.00
5029459,1012039,25,1,6.49,0.00
5029460,1012040,16,1,10.49,0.00
5029461,1012041,2,1,11.99,0.00
5029462,1012041,27,1,2.49,0.00
5029463,1012042,2,1,11.99,0.00
5029464,1012042,33,-1,5.49,0.00
5029465,1012042,26,1,2.49,0.00
5029466,1012042,24,1,3.49,0.00
5029467,1012043,9,3,13.99,0.00
5029468,1012043,33,1,5.49,0.00
5029469,1012044,10,1,10.99,0.00
5029470,1012044,24,1,3.49,0.00
5029471,1012045,6,1,12.99,0.00
5029472,1012045,20,1,4.49,0.00
5029473,1012045,28,2,3.49,0.00
5029474,1012045,27,1,2.49,0.00
5029475,1012046,7,1,11.99,0.00
5029476,1012046,24,3,3.49,0.00
5029477,1012047,7,1,11.99,0.00
5029478,1012047,27,1,2.49,0.00
5029479,1012047,6,1,12.99,0.00
5029480,1012047,19,1,3.99,0.00
5029481,1012048,10,1,10.99,0.00
5029482,1012048,25,1,6.49,0.00
5029483,1012049,3,1,10.49,0.00
5029484,1012049,18,1,5.49,0.00
5029485,1012050,15,3,10.99,0.00
5029486,1012050,33,2,5.49,0.00
5029487,1012051,16,1,10.49,0.00
5029488,1012051,25,2,6.49,0.00
5029489,1012051,24,1,3.49,0.00
5029490,1012052,1,1,11.49,0.00
5029491,1012052,27,1,2.49,0.00
5029492,1012052,34,1,4.49,0.00
5029493,1012053,8,1,12.49,0.00
5029494,1012053,31,2,3.49,0.00
5029495,1012053,30,1,3.29,0.00
5029496,1012053,25,1,6.49,0.00
5029497,1012054,5,1,13.49,0.00
5029498,1012055,1,1,11.49,0.00
5029499,1012056,13,1,9.99,0.00
5029500,1012056,26,1,2.49,0.00
5029501,1012057,14,1,10.49,0.00
5029502,1012057,34,1,4.49,0.00
5029503,1012057,29,1,3.49,0.00
5029504,1012057,22,1,4.49,0.00
5029505,1012058,11,1,13.49,0.00
5029506,1012059,2,1,11.99,0.00
5029507,1012059,30,1,3.29,0.00
5029508,1012060,3,1,10.49,0.00
5029509,1012060,21,1,3.99,0.00
5029510,1012061,11,1,13.49,0.00
5029511,1012062,9,1,13.99,0.00
5029512,1012063,1,1,11.49,0.00
5029513,1012064,13,1,9.99,0.00
5029514,1012064,16,1,10.49,0.00
5029515,1012064,33,1,5.49,0.00
5029516,1012064,26,2,2.49,0.00
5029517,1012064,29,3,3.49,0.00
5029518,1012065,10,1,10.99,0.00
5029519,1012065,6,1,12.99,0.00
5029520,1012066,12,1,18.99,0.00
5029521,1012066,30,2,3.29,0.00
5029522,1012067,7,1,11.99,0.00
5029523,1012067,21,1,3.99,0.00
5029524,1012067,4,1,14.99,0.00
5029525,1012067,31,1,3.49,0.00
5029526,1012068,8,1,12.49,0.00
5029527,1012069,7,1,11.99,0.00
5029528,1012070,12,1,18.99,0.00
5029529,1012070,26,1,2.49,0.00
5029530,1012071,6,1,12.99,0.00
5029531,1012071,28,2,3.49,0.00
5029532,1012071,25,1,6.49,0.00
5029533,1012072,12,1,18.99,0.00
5029534,1012073,1,2,11.49,0.00
5029535,1012073,2,1,11.99,0.00
5029536,1012074,8,1,12.49,0.00
5029537,1012074,18,1,5.49,0.00
5029538,1012075,1,2,11.49,0.00
5029539,1012075,33,1,5.49,0.00
5029540,1012075,27,1,2.49,0.00
5029541,1012075,19,1,3.99,0.00
5029542,1012076,3,1,10.49,0.00
5029543,1012076,23,1,3.99,0.00
5029544,1012076,26,1,2.49,0.00
5029545,1012076,2,1,11.99,0.00
5029546,1012077,5,1,13.49,0.00
5029547,1012077,34,3,4.49,0.00
5029548,1012078,11,1,13.49,0.00
5029549,1012078,26,1,2.49,0.00
5029550,1012079,1,1,11.49,0.00
5029551,1012079,19,1,3.99,0.00
5029552,1012080,3,1,10.49,0.00
5029553,1012080,18,1,5.49,0.00
5029554,1012081,15,1,10.99,0.00
5029555,1012082,7,1,11.99,0.00
5029556,1012082,16,1,10.49,0.00
5029557,1012082,25,2,6.49,0.00
5029558,1012082,21,1,3.99,0.00
5029559,1012082,18,1,5.49,0.00
5029560,1012083,8,1,12.49,0.00
5029561,1012083,22,1,4.49,0.00
5029562,1012084,14,1,10.49,0.00
5029563,1012084,24,1,3.49,0.00
5029564,1012085,6,3,12.99,0.00
5029565,1012085,34,1,4.49,0.00
5029566,1012086,12,1,18.99,0.00
5029567,1012086,28,2,3.49,0.00
5029568,1012087,4,1,14.99,0.00
5029569,1012088,10,1,10.99,0.00
5029570,1012088,11,1,13.49,0.00
5029571,1012089,14,1,10.49,0.00
5029572,1012089,24,1,3.49,0.00
5029573,1012089,12,1,18.99,0.00
5029574,1012089,18,3,5.49,0.00
5029575,1012090,12,1,18.99,0.00
5029576,1012090,26,1,2.49,0.00
5029577,1012091,8,2,12.49,0.00
5029578,1012092,2,2,11.99,0.00
5029579,1012093,12,1,18.99,0.00
5029580,1012094,9,1,13.99,0.00
5029581,1012094,21,1,3.99,0.00
5029582,1012094,23,1,3.99,0.00
5029583,1012095,2,1,11.99,0.00
5029584,1012095,26,2,2.49,0.00
5029585,1012095,21,1,3.99,0.00
5029586,1012095,34,1,4.49,0.00
5029587,1012096,3,1,10.49,0.00
5029588,1012097,4,1,14.99,0.00
5029589,1012097,27,1,2.49,0.00
5029590,1012097,20,1,4.49,0.00
5029591,1012097,19,1,3.99,0.00
5029592,1012097,24,1,3.49,0.00
5029593,1012098,6,1,12.99,0.00
5029594,1012098,23,2,3.99,0.00
5029595,1012098,33,2,5.49,0.00
5029596,1012099,13,1,9.99,0.00
5029597,1012100,14,1,10.49,0.00
5029598,1012101,2,1,11.99,0.00
5029599,1012101,23,1,3.99,0.00
5029600,1012101,33,1,5.49,0.00
5029601,1012101,18,1,5.49,0.00
5029602,1012101,21,1,3.99,0.00
5029603,1012102,15,1,10.99,0.00
5029604,1012102,23,1,3.99,0.00
5029605,1012103,10,2,10.99,0.00
5029606,1012103,26,1,2.49,0.00
5029607,1012103,32,1,4.99,0.00
5029608,1012104,2,1,11.99,0.00
5029609,1012104,31,2,3.49,0.00
5029610,1012104,26,1,2.49,0.00
5029611,1012105,7,1,11.99,0.00
5029612,1012106,5,1,13.49,0.00
5029613,1012106,24,2,3.49,0.00
5029614,1012106,29,1,3.49,0.00
5029615,1012106,28,1,3.49,0.00
5029616,1012106,30,1,3.29,0.00
5029617,1012107,15,2,10.99,0.00
5029618,1012108,13,1,9.99,0.00
5029619,1012108,25,1,6.49,0.00
5029620,1012109,1,1,11.49,0.00
5029621,1012109,26,1,2.49,0.00
5029622,1012110,9,1,13.99,0.00
5029623,1012110,32,2,4.99,0.00
5029624,1012111,11,1,13.49,0.00
5029625,1012111,26,1,2.49,0.00
5029626,1012111,29,1,3.49,0.00
5029627,1012112,7,1,11.99,0.00
5029628,1012112,27,1,2.49,0.00
5029629,1012112,25,1,6.49,0.00
5029630,1012113,8,1,12.49,0.00
5029631,1012113,20,1,4.49,0.00
5029632,1012114,10,1,10.99,0.00
5029633,1012114,1,3,11.49,0.00
5029634,1012114,19,1,3.99,0.00
5029635,1012114,14,1,10.49,0.00
5029636,1012115,7,2,11.99,0.00
5029637,1012115,26,2,2.49,0.00
5029638,1012116,1,1,11.49,0.00
5029639,1012116,30,1,3.29,0.00
5029640,1012117,14,1,10.49,0.00
5029641,1012118,10,1,10.99,0.00
5029642,1012118,22,1,4.49,0.00
5029643,1012119,2,2,11.99,0.00
5029644,1012119,22,1,4.49,0.00
5029645,1012119,31,1,3.49,0.00
5029646,1012119,23,1,3.99,0.00
5029647,1012120,11,1,13.49,0.00
5029648,1012121,6,1,12.99,0.00
5029649,1012121,13,2,9.99,0.00
5029650,1012121,22,1,4.49,0.00
5029651,1012122,8,2,12.49,0.00
5029652,1012122,30,1,3.29,0.00
5029653,1012122,6,2,12.99,0.00
5029654,1012122,20,1,4.49,0.00
5029655,1012123,14,1,10.49,0.00
5029656,1012124,8,1,12.49,0.00
5029657,1012124,27,3,2.49,0.00
5029658,1012125,2,1,11.99,0.00
5029659,1012126,15,2,10.99,0.00
5029660,1012127,15,1,10.99,0.00
5029661,1012127,27,1,2.49,0.00
5029662,1012127,18,1,5.49,0.00
5029663,1012127,23,1,3.99,0.00
5029664,1012128,12,2,18.99,0.00
5029665,1012129,7,2,11.99,0.00
5029666,1012129,28,1,3.49,0.00
5029667,1012129,23,1,3.99,0.00
5029668,1012130,10,1,10.99,0.00
5029669,1012131,14,1,10.49,0.00
5029670,1012131,29,1,3.49,0.00
5029671,1012131,26,1,2.49,0.00
5029672,1012132,11,1,13.49,0.00
5029673,1012132,21,1,3.99,0.00
5029674,1012133,4,2,14.99,0.00
5029675,1012133,31,1,3.49,0.00
5029676,1012133,2,3,11.99,0.00
5029677,1012133,29,1,3.49,0.00
5029678,1012133,23,1,3.99,0.00
5029679,1012134,8,1,12.49,0.00
5029680,1012134,32,1,4.99,0.00
5029681,1012135,8,1,12.49,0.00
5029682,1012135,18,1,5.49,0.00
5029683,1012135,26,1,2.49,0.00
5029684,1012135,24,1,3.49,0.00
5029685,1012136,14,1,10.49,0.00
5029686,1012136,35,1,2.99,0.00
5029687,1012136,20,1,4.49,0.00
5029688,1012137,9,1,13.99,0.00
5029689,1012137,26,1,2.49,0.00
5029690,1012137,23,3,3.99,0.00
5029691,1012138,2,1,11.99,0.00
5029692,1012138,23,1,3.99,0.00
5029693,1012139,16,1,10.49,0.00
5029694,1012139,31,1,3.49,0.00
5029695,1012140,1,1,11.49,0.00
5029696,1012140,32,1,4.99,0.00
5029697,1012140,20,1,4.49,0.00
5029698,1012141,3,1,10.49,0.00
5029699,1012141,23,1,3.99,0.00
5029700,1012142,7,1,11.99,0.00
5029701,1012142,4,1,14.99,0.00
5029702,1012143,4,2,14.99,0.00
5029703,1012143,26,1,2.49,0.00
5029704,1012144,3,1,10.49,0.00
5029705,1012144,28,1,3.49,0.00
5029706,1012144,27,1,2.49,0.00
5029707,1012144,30,1,3.29,0.00
5029708,1012144,21,1,3.99,0.00
5029709,1012145,8,1,12.49,0.00
5029710,1012145,26,1,2.49,0.00
5029711,1012146,2,1,11.99,0.00
5029712,1012146,26,1,2.49,0.00
5029713,1012146,19,2,3.99,0.00
5029714,1012146,25,1,6.49,0.00
5029715,1012146,1,1,11.49,0.00
5029716,1012147,7,1,11.99,0.00
5029717,1012147,31,1,3.49,0.00
5029718,1012148,12,1,18.99,0.00
5029719,1012148,23,1,3.99,0.00
5029720,1012149,7,1,11.99,0.00
5029721,1012149,24,1,3.49,0.00
5029722,1012150,6,2,12.99,0.00
5029723,1012150,23,1,3.99,0.00
5029724,1012150,35,1,2.99,0.00
5029725,1012150,18,2,5.49,0.00
5029726,1012151,3,1,10.49,0.00
5029727,1012152,13,1,9.99,0.00
5029728,1012152,19,1,3.99,0.00
5029729,1012152,18,1,5.49,0.00
5029730,1012153,7,1,11.99,0.00
5029731,1012153,21,2,3.99,0.00
5029732,1012154,9,1,13.99,0.00
5029733,1012154,8,1,12.49,0.00
5029734,1012154,27,1,2.49,0.00
5029735,1012154,24,1,3.49,0.00
5029736,1012155,9,1,13.99,0.00
5029737,1012156,12,1,18.99,0.00
5029738,1012156,27,1,2.49,0.00
5029739,1012157,1,-2,11.49,0.00
5029740,1012157,9,1,13.99,0.00
5029741,1012157,18,1,5.49,0.00
5029742,1012157,26,1,2.49,0.00
5029743,1012158,7,1,11.99,0.00
5029744,1012159,5,1,13.49,0.00
5029745,1012159,25,1,6.49,0.00
5029746,1012159,27,1,2.49,0.00
5029747,1012159,26,1,2.49,0.00
5029748,1012160,12,1,18.99,0.00
5029749,1012160,23,1,3.99,0.00
5029750,1012160,30,1,3.29,0.00
5029751,1012160,28,1,3.49,0.00
5029752,1012160,24,1,3.49,0.00
5029753,1012161,5,1,13.49,0.00
5029754,1012161,21,1,3.99,0.00
5029755,1012161,27,1,2.49,0.00
5029756,1012162,13,1,9.99,0.00
5029757,1012162,20,1,4.49,0.00
5029758,1012162,33,1,5.49,0.00
5029759,1012163,5,1,13.49,0.00
5029760,1012163,30,1,3.29,0.00
5029761,1012163,21,1,3.99,0.00
5029762,1012164,4,1,14.99,0.00
5029763,1012164,13,1,9.99,0.00
5029764,1012165,1,1,11.49,0.00
5029765,1012166,16,1,10.49,0.00
5029766,1012167,1,1,11.49,0.00
5029767,1012167,23,1,3.99,0.00
5029768,1012167,26,3,2.49,0.00
5029769,1012168,10,1,10.99,0.00
5029770,1012168,4,1,14.99,0.00
5029771,1012168,22,1,4.49,0.00
5029772,1012168,27,1,2.49,0.00
5029773,1012169,6,1,12.99,0.00
5029774,1012169,23,1,3.99,0.00
5029775,1012169,27,1,2.49,0.00
5029776,1012170,8,1,12.49,0.00
5029777,1012170,12,1,18.99,0.00
5029778,1012171,3,1,10.49,0.00
5029779,1012171,22,2,4.49,0.00
5029780,1012172,10,1,10.99,0.00
5029781,1012172,19,1,3.99,0.00
5029782,1012172,18,2,5.49,0.00
5029783,1012173,7,1,11.99,0.00
5029784,1012173,25,1,6.49,0.00
5029785,1012174,8,1,12.49,0.00
5029786,1012174,19,1,3.99,0.00
5029787,1012174,20,1,4.49,0.00
5029788,1012175,11,1,13.49,0.00
5029789,1012175,19,1,3.99,0.00
5029790,1012176,2,1,11.99,0.00
5029791,1012176,23,1,3.99,0.00
5029792,1012176,26,2,2.49,0.00
5029793,1012177,1,1,11.49,0.00
5029794,1012177,19,1,3.99,0.00
5029795,1012177,29,1,3.49,0.00
5029796,1012178,8,1,12.49,0.00
5029797,1012178,31,2,3.49,0.00
5029798,1012178,18,1,5.49,0.00
5029799,1012178,30,1,3.29,0.00
5029800,1012179,2,1,11.99,0.00
5029801,1012179,23,1,3.99,0.00
5029802,1012179,26,1,2.49,0.00
5029803,1012180,5,1,13.49,0.00
5029804,1012180,7,1,11.99,0.00
5029805,1012180,20,1,4.49,0.00
5029806,1012181,6,1,12.99,0.00
5029807,1012181,24,1,3.49,0.00
5029808,1012182,11,1,13.49,0.00
5029809,1012182,31,1,3.49,0.00
5029810,1012182,24,1,3.49,0.00
5029811,1012183,15,1,10.99,0.00
5029812,1012184,9,1,13.99,0.00
5029813,1012184,22,1,4.49,0.00
5029814,1012185,6,1,12.99,0.00
5029815,1012185,26,1,2.49,0.00
5029816,1012185,35,1,2.99,0.00
5029817,1012185,30,1,3.29,0.00
5029818,1012186,6,1,12.99,0.00
5029819,1012186,30,1,3.29,0.00
5029820,1012186,26,2,2.49,0.00
5029821,1012186,29,1,3.49,0.00
5029822,1012187,1,1,11.49,0.00
5029823,1012187,27,1,2.49,0.00
5029824,1012188,5,3,13.49,0.00
5029825,1012188,18,1,5.49,0.00
5029826,1012189,13,1,9.99,0.00
5029827,1012189,18,1,5.49,0.00
5029828,1012189,22,1,4.49,0.00
5029829,1012189,27,1,2.49,0.00
5029830,1012190,9,1,13.99,0.00
5029831,1012190,21,1,3.99,0.00
5029832,1012190,25,2,6.49,0.00
5029833,1012191,3,1,10.49,0.00
5029834,1012191,30,1,3.29,0.00
5029835,1012192,6,2,12.99,0.00
5029836,1012193,6,1,12.99,0.00
5029837,1012193,32,1,4.99,0.00
5029838,1012193,29,1,3.49,0.00
5029839,1012193,21,1,3.99,0.00
5029840,1012194,4,1,14.99,0.00
5029841,1012194,32,1,4.99,0.00
5029842,1012195,15,1,10.99,0.00
5029843,1012195,32,1,4.99,0.00
5029844,1012195,25,2,6.49,0.00
5029845,1012195,30,2,3.29,0.00
5029846,1012196,8,1,12.49,0.00
5029847,1012196,16,1,10.49,0.00
5029848,1012196,27,2,2.49,0.00
5029849,1012197,10,2,10.99,0.00
5029850,1012197,30,1,3.29,0.00
5029851,1012197,21,1,3.99,0.00
5029852,1012198,2,1,11.99,0.00
5029853,1012198,19,1,3.99,0.00
5029854,1012198,27,1,2.49,0.00
5029855,1012199,11,1,13.49,0.00
5029856,1012199,2,1,11.99,0.00
5029857,1012200,16,1,10.49,0.00
5029858,1012200,18,2,5.49,0.00
5029859,1012200,25,1,6.49,0.00
5029860,1012201,6,1,12.99,0.00
5029861,1012201,29,1,3.49,0.00
5029862,1012202,16,1,10.49,0.00
5029863,1012203,2,1,11.99,0.00
5029864,1012203,21,1,3.99,0.00
5029865,1012203,24,1,3.49,0.00
5029866,1012204,5,1,13.49,0.00
5029867,1012204,11,1,13.49,0.00
5029868,1012205,1,2,11.49,0.00
5029869,1012205,10,1,10.99,0.00
5029870,1012205,24,1,3.49,0.00
5029871,1012206,10,2,10.99,0.00
5029872,1012206,16,1,10.49,0.00
5029873,1012206,27,2,2.49,0.00
5029874,1012207,14,1,10.49,0.00
5029875,1012207,24,1,3.49,0.00
5029876,1012207,26,1,2.49,0.00
5029877,1012208,9,1,13.99,0.00
5029878,1012209,15,2,10.99,0.00
5029879,1012209,20,1,4.49,0.00
5029880,1012209,25,2,6.49,0.00
5029881,1012210,5,1,13.49,0.00
5029882,1012210,21,1,3.99,0.00
5029883,1012210,2,1,11.99,0.00
5029884,1012211,9,1,13.99,0.00
5029885,1012211,19,1,3.99,0.00
5029886,1012212,6,1,12.99,0.00
5029887,1012212,33,1,5.49,0.00
5029888,1012212,27,1,2.49,0.00
5029889,1012213,16,1,10.49,0.00
5029890,1012214,5,1,13.49,0.00
5029891,1012214,20,1,4.49,0.00
5029892,1012215,5,1,13.49,0.00
5029893,1012215,21,1,3.99,0.00
5029894,1012215,26,2,2.49,0.00
5029895,1012216,2,1,11.99,0.00
5029896,1012216,20,1,4.49,0.00
5029897,1012217,6,1,12.99,0.00
5029898,1012218,1,1,11.49,0.00
5029899,1012218,28,1,3.49,0.00
5029900,1012218,26,1,2.49,0.00
5029901,1012218,9,1,13.99,0.00
5029902,1012219,6,1,12.99,0.00
5029903,1012219,19,1,3.99,0.00
5029904,1012220,3,1,10.49,0.00
5029905,1012220,19,1,3.99,0.00
5029906,1012221,3,1,10.49,0.00
5029907,1012221,19,1,3.99,0.00
5029908,1012221,7,1,11.99,0.00
5029909,1012222,2,2,11.99,0.00
5029910,1012223,12,1,18.99,0.00
5029911,1012223,18,1,5.49,0.00
5029912,1012223,26,1,2.49,0.00
5029913,1012224,1,1,11.49,0.00
5029914,1012225,12,1,18.99,0.00
5029915,1012225,28,1,3.49,0.00
5029916,1012225,20,1,4.49,0.00
5029917,1012226,8,1,12.49,0.00
5029918,1012227,6,1,12.99,0.00
5029919,1012227,27,1,2.49,0.00
5029920,1012228,4,2,14.99,0.00
5029921,1012228,25,1,6.49,0.00
5029922,1012228,2,2,11.99,0.00
5029923,1012229,7,1,11.99,0.00
5029924,1012229,33,2,5.49,0.00
5029925,1012229,34,1,4.49,0.00
5029926,1012229,1,1,11.49,0.00
5029927,1012230,10,1,10.99,0.00
5029928,1012230,21,1,3.99,0.00
5029929,1012230,33,1,5.49,0.00
5029930,1012231,10,1,10.99,0.00
5029931,1012231,12,1,18.99,0.00
5029932,1012232,14,1,10.49,0.00
5029933,1012232,27,1,2.49,0.00
5029934,1012232,21,1,3.99,0.00
5029935,1012232,23,1,3.99,0.00
5029936,1012233,10,1,10.99,0.00
5029937,1012233,19,1,3.99,0.00
5029938,1012233,20,1,4.49,0.00
5029939,1012233,23,1,3.99,0.00
5029940,1012234,8,1,12.49,0.00
5029941,1012234,31,1,3.49,0.00
5029942,1012235,14,1,10.49,0.00
5029943,1012235,30,1,3.29,0.00
5029944,1012236,14,1,10.49,0.00
5029945,1012236,19,1,3.99,0.00
5029946,1012236,13,1,9.99,0.00
5029947,1012237,2,1,11.99,0.00
5029948,1012237,26,1,2.49,0.00
5029949,1012237,6,3,12.99,0.00
5029950,1012238,3,1,10.49,0.00
5029951,1012238,2,1,11.99,0.00
5029952,1012238,22,2,4.49,0.00
5029953,1012238,19,1,3.99,0.00
5029954,1012238,18,1,5.49,0.00
5029955,1012239,7,-1,11.99,0.00
5029956,1012239,21,1,3.99,0.00
5029957,1012240,3,1,10.49,0.00
5029958,1012240,33,1,5.49,0.00
5029959,1012241,9,1,13.99,0.00
5029960,1012241,6,1,12.99,0.00
5029961,1012242,5,1,13.49,0.00
5029962,1012242,19,1,3.99,0.00
5029963,1012242,23,1,3.99,0.00
5029964,1012243,3,3,10.49,0.00
5029965,1012243,35,1,2.99,0.00
5029966,1012243,27,1,2.49,0.00
5029967,1012243,30,1,3.29,0.00
5029968,1012244,3,1,10.49,0.00
5029969,1012244,18,1,5.49,0.00
5029970,1012245,6,1,12.99,0.00
5029971,1012245,21,1,3.99,0.00
5029972,1012246,10,1,10.99,0.00
5029973,1012247,15,1,10.99,0.00
5029974,1012247,26,1,2.49,0.00
5029975,1012247,27,2,2.49,0.00
5029976,1012247,31,1,3.49,0.00
5029977,1012247,32,1,4.99,0.00
5029978,1012248,4,1,14.99,0.00
5029979,1012248,27,1,2.49,0.00
5029980,1012249,1,1,11.49,0.00
5029981,1012250,8,1,12.49,0.00
5029982,1012250,9,1,13.99,0.00
5029983,1012250,29,1,3.49,0.00
5029984,1012251,9,1,13.99,0.00
5029985,1012251,27,1,2.49,0.00
5029986,1012251,20,1,4.49,0.00
5029987,1012251,26,2,2.49,0.00
5029988,1012252,5,2,13.49,0.00
5029989,1012252,28,2,3.49,0.00
5029990,1012252,19,1,3.99,0.00
5029991,1012253,10,2,10.99,0.00
5029992,1012253,32,1,4.99,0.00
5029993,1012253,34,1,4.49,0.00
5029994,1012254,2,1,11.99,0.00
5029995,1012254,34,1,4.49,0.00
5029996,1012254,20,1,4.49,0.00
5029997,1012254,30,1,3.29,0.00
5029998,1012255,6,3,12.99,0.00
5029999,1012255,32,1,4.99,0.00
5030000,1012256,9,1,13.99,0.00
5030001,1012257,1,-1,11.49,0.00
5030002,1012258,2,1,11.99,0.00
5030003,1012258,22,1,4.49,0.00
5030004,1012258,18,1,5.49,0.00
5030005,1012259,14,1,10.49,0.00
5030006,1012259,24,1,3.49,0.00
5030007,1012260,2,1,11.99,0.00
5030008,1012261,10,1,10.99,0.00
5030009,1012262,16,1,10.49,0.00
5030010,1012262,29,1,3.49,0.00
5030011,1012263,10,3,10.99,0.00
5030012,1012264,7,1,11.99,0.00
5030013,1012264,18,1,5.49,0.00
5030014,1012264,31,1,3.49,0.00
5030015,1012265,8,1,12.49,0.00
5030016,1012265,19,1,3.99,0.00
5030017,1012266,2,1,11.99,0.00
5030018,1012267,11,1,13.49,0.00
5030019,1012267,16,1,10.49,0.00
5030020,1012267,19,2,3.99,0.00
5030021,1012267,28,1,3.49,0.00
5030022,1012267,18,1,5.49,0.00
5030023,1012268,10,1,10.99,0.00
5030024,1012268,7,1,11.99,0.00
5030025,1012269,8,1,12.49,0.00
5030026,1012269,31,1,3.49,0.00
5030027,1012269,18,1,5.49,0.00
5030028,1012269,23,1,3.99,0.00
5030029,1012270,4,1,14.99,0.00
5030030,1012270,26,1,2.49,0.00
5030031,1012271,3,2,10.49,0.00
5030032,1012271,25,1,6.49,0.00
5030033,1012271,30,1,3.29,0.00
5030034,1012272,3,1,10.49,0.00
5030035,1012272,34,1,4.49,0.00
5030036,1012273,7,1,11.99,0.00
5030037,1012273,22,1,4.49,0.00
5030038,1012273,19,1,3.99,0.00
5030039,1012273,14,1,10.49,0.00
5030040,1012274,2,1,11.99,0.00
5030041,1012274,33,3,5.49,0.00
5030042,1012274,25,1,6.49,0.00
5030043,1012275,1,2,11.49,11.49
5030044,1012275,25,1,6.49,0.00
5030045,1012276,3,1,10.49,0.00
5030046,1012277,9,1,13.99,0.00
5030047,1012278,11,1,13.49,0.00
5030048,1012278,26,2,2.49,0.00
5030049,1012278,34,3,4.49,0.00
5030050,1012278,6,1,12.99,0.00
5030051,1012279,8,1,12.49,0.00
5030052,1012280,10,1,10.99,0.00
5030053,1012280,18,1,5.49,0.00
5030054,1012280,23,1,3.99,0.00
5030055,1012281,1,1,11.49,0.00
5030056,1012281,2,1,11.99,0.00
5030057,1012281,26,0,2.49,0.00
5030058,1012282,1,3,11.49,11.49
5030059,1012282,26,1,2.49,0.00
5030060,1012283,2,2,11.99,11.99
5030061,1012283,23,1,3.99,0.00
5030062,1012284,7,1,11.99,0.00
5030063,1012284,31,1,3.49,0.00
5030064,1012284,23,1,3.99,0.00
5030065,1012284,26,1,2.49,0.00
5030066,1012284,30,2,3.29,0.00
5030067,1012285,10,1,10.99,0.00
5030068,1012285,30,1,3.29,0.00
5030069,1012285,20,1,4.49,0.00
5030070,1012286,2,1,11.99,0.00
5030071,1012286,33,3,5.49,0.00
5030072,1012287,9,1,13.99,0.00
5030073,1012287,7,1,11.99,0.00
5030074,1012287,34,1,4.49,0.00
5030075,1012287,24,1,3.49,0.00
5030076,1012287,33,1,5.49,0.00
5030077,1012287,32,1,4.99,0.00
5030078,1012288,1,2,11.49,11.49
5030079,1012288,24,2,3.49,0.00
5030080,1012288,25,1,6.49,0.00
5030081,1012289,1,1,11.49,0.00
5030082,1012289,33,1,5.49,0.00
5030083,1012289,26,-2,2.49,0.00
5030084,1012289,27,1,2.49,0.00
5030085,1012290,10,1,10.99,0.00
5030086,1012291,4,1,14.99,0.00
5030087,1012292,4,1,14.99,0.00
5030088,1012292,30,1,3.29,0.00
5030089,1012293,13,1,9.99,0.00
5030090,1012294,2,2,11.99,11.99
5030091,1012295,1,2,11.49,11.49
5030092,1012295,27,2,2.49,0.00
5030093,1012295,16,1,10.49,0.00
5030094,1012295,23,1,3.99,0.00
5030095,1012296,2,3,11.99,11.99
5030096,1012296,26,1,2.49,0.00
5030097,1012296,19,1,3.99,0.00
5030098,1012296,32,1,4.99,0.00
5030099,1012297,2,2,11.99,11.99
5030100,1012297,19,1,3.99,0.00
5030101,1012298,3,2,10.49,10.49
5030102,1012298,19,1,3.99,0.00
5030103,1012299,7,1,11.99,0.00
5030104,1012299,18,1,5.49,0.00
5030105,1012299,28,1,3.49,0.00
5030106,1012299,33,1,5.49,0.00
5030107,1012300,1,2,11.49,11.49
5030108,1012300,20,1,4.49,0.00
5030109,1012300,25,1,6.49,0.00
5030110,1012301,1,2,11.49,11.49
5030111,1012301,27,2,2.49,0.00
5030112,1012301,31,1,3.49,0.00
5030113,1012301,18,1,5.49,0.00
5030114,1012301,19,1,3.99,0.00
5030115,1012302,8,2,12.49,0.00
5030116,1012303,3,2,10.49,10.49
5030117,1012304,2,2,11.99,11.99
5030118,1012304,26,1,2.49,0.00
5030119,1012305,2,1,11.99,0.00
5030120,1012305,29,1,3.49,0.00
5030121,1012305,28,3,3.49,0.00
5030122,1012306,3,2,10.49,10.49
5030123,1012307,1,2,11.49,11.49
5030124,1012307,32,1,4.99,0.00
5030125,1012308,2,2,11.99,11.99
5030126,1012308,18,1,5.49,0.00
5030127,1012308,28,1,3.49,0.00
5030128,1012309,2,2,11.99,11.99
5030129,1012309,29,1,3.49,0.00
5030130,1012310,1,2,11.49,11.49
5030131,1012310,26,1,2.49,0.00
5030132,1012311,11,1,13.49,0.00
5030133,1012312,1,2,11.49,0.00
5030134,1012312,29,1,3.49,0.00
5030135,1012312,28,1,3.49,0.00
5030136,1012312,21,1,3.99,0.00
5030137,1012313,11,2,13.49,0.00
5030138,1012313,26,1,2.49,0.00
5030139,1012313,30,1,3.29,0.00
5030140,1012314,3,2,10.49,10.49
5030141,1012314,32,1,4.99,0.00
5030142,1012315,13,1,9.99,0.00
5030143,1012315,27,1,2.49,0.00
5030144,1012316,2,3,11.99,11.99
5030145,1012316,25,2,6.49,0.00
5030146,1012316,26,1,2.49,0.00
5030147,1012317,13,1,9.99,0.00
5030148,1012317,22,1,4.49,0.00
5030149,1012318,4,1,14.99,0.00
5030150,1012319,10,1,10.99,0.00
5030151,1012320,2,2,11.99,11.99
5030152,1012320,23,1,3.99,0.00
5030153,1012320,30,1,3.29,0.00
5030154,1012321,1,2,11.49,11.49
5030155,1012321,30,1,3.29,0.00
5030156,1012321,29,1,3.49,0.00
5030157,1012321,31,1,3.49,0.00
5030158,1012322,8,1,12.49,0.00
5030159,1012322,26,1,2.49,0.00
5030160,1012323,1,2,11.49,11.49
5030161,1012323,32,1,4.99,0.00
5030162,1012323,26,2,2.49,0.00
5030163,1012323,18,1,5.49,0.00
5030164,1012323,21,1,3.99,0.00
5030165,1012324,15,1,10.99,0.00
5030166,1012325,11,1,13.49,0.00
5030167,1012325,26,1,2.49,0.00
5030168,1012325,30,1,3.29,0.00
5030169,1012326,2,2,11.99,11.99
5030170,1012326,22,2,4.49,0.00
5030171,1012326,20,1,4.49,0.00
5030172,1012326,26,3,2.49,0.00
5030173,1012327,1,2,11.49,0.00
5030174,1012328,14,1,10.49,0.00
5030175,1012328,22,1,4.49,0.00
5030176,1012328,31,2,3.49,0.00
5030177,1012329,3,2,10.49,10.49
5030178,1012329,4,1,14.99,0.00
5030179,1012330,11,1,13.49,0.00
5030180,1012331,3,2,10.49,10.49
5030181,1012331,34,1,4.49,0.00
5030182,1012332,8,1,12.49,0.00
5030183,1012333,1,2,11.49,11.49
5030184,1012334,2,2,11.99,11.99
5030185,1012334,28,2,3.49,0.00
5030186,1012335,7,1,11.99,0.00
5030187,1012335,19,1,3.99,0.00
5030188,1012336,3,2,10.49,10.49
5030189,1012336,19,1,3.99,0.00
5030190,1012337,2,2,11.99,11.99
5030191,1012337,26,1,2.49,0.00
5030192,1012338,2,1,11.99,0.00
5030193,1012338,12,1,18.99,0.00
5030194,1012339,3,2,10.49,10.49
5030195,1012339,25,1,6.49,0.00
5030196,1012339,20,1,4.49,0.00
5030197,1012340,1,3,11.49,0.00
5030198,1012340,25,1,6.49,0.00
5030199,1012341,12,1,18.99,0.00
5030200,1012341,14,1,10.49,0.00
5030201,1012341,22,1,4.49,0.00
5030202,1012342,7,1,11.99,0.00
5030203,1012343,2,2,11.99,11.99
5030204,1012343,29,1,3.49,0.00
5030205,1012344,8,1,12.49,0.00
5030206,1012345,1,2,11.49,11.49
5030207,1012346,3,2,10.49,10.49
5030208,1012346,11,1,13.49,0.00
5030209,1012347,1,1,11.49,0.00
5030210,1012348,3,0,10.49,10.49
5030211,1012348,26,1,2.49,0.00
5030212,1012349,1,2,11.49,11.49
5030213,1012349,26,2,2.49,0.00
5030214,1012349,24,1,3.49,0.00
5030215,1012350,1,2,11.49,11.49
5030216,1012351,1,2,11.49,11.49
5030217,1012352,3,2,10.49,10.49
5030218,1012352,25,1,6.49,0.00
5030219,1012352,35,1,2.99,0.00
5030220,1012353,5,1,13.49,0.00
5030221,1012353,32,1,4.99,0.00
5030222,1012354,2,2,11.99,0.00
5030223,1012354,28,1,3.49,0.00
5030224,1012355,13,3,9.99,0.00
5030225,1012355,33,1,5.49,0.00
5030226,1012356,9,1,13.99,0.00
5030227,1012356,26,1,2.49,0.00
5030228,1012357,12,1,18.99,0.00
5030229,1012357,27,1,2.49,0.00
5030230,1012358,1,2,11.49,11.49
5030231,1012358,27,1,2.49,0.00
5030232,1012359,10,1,10.99,0.00
5030233,1012359,34,1,4.49,0.00
5030234,1012360,2,-1,11.99,11.99
5030235,1012360,21,5,3.99,0.00
5030236,1012360,26,1,2.49,0.00
5030237,1012360,25,2,6.49,0.00
5030238,1012361,9,1,13.99,0.00
5030239,1012361,23,1,3.99,0.00
5030240,1012361,31,1,3.49,0.00
5030241,1012362,8,3,12.49,0.00
5030242,1012362,25,1,6.49,0.00
5030243,1012362,32,1,4.99,0.00
5030244,1012362,26,1,2.49,0.00
5030245,1012362,29,1,3.49,0.00
5030246,1012363,2,-2,11.99,11.99
5030247,1012364,10,1,10.99,0.00
5030248,1012364,26,1,2.49,0.00
5030249,1012365,1,2,11.49,11.49
5030250,1012365,22,1,4.49,0.00
5030251,1012366,2,2,11.99,11.99
5030252,1012366,26,1,2.49,0.00
5030253,1012366,25,2,6.49,0.00
5030254,1012367,1,2,11.49,11.49
5030255,1012368,2,2,11.99,11.99
5030256,1012368,30,3,3.29,0.00
5030257,1012369,7,1,11.99,0.00
5030258,1012369,21,1,3.99,0.00
5030259,1012369,6,1,12.99,0.00
5030260,1012370,2,2,11.99,11.99
5030261,1012370,25,1,6.49,0.00
5030262,1012371,2,2,11.99,11.99
5030263,1012372,1,2,11.49,11.49
5030264,1012372,21,1,3.99,0.00
5030265,1012372,18,1,5.49,0.00
5030266,1012373,10,1,10.99,0.00
5030267,1012373,34,1,4.49,0.00
5030268,1012374,3,2,10.49,10.49
5030269,1012374,19,1,3.99,0.00
5030270,1012375,2,1,11.99,0.00
5030271,1012375,23,1,3.99,0.00
5030272,1012375,21,1,3.99,0.00
5030273,1012375,25,1,6.49,0.00
5030274,1012376,9,1,13.99,0.00
5030275,1012376,1,3,11.49,11.49
5030276,1012377,1,2,11.49,11.49
5030277,1012377,7,1,11.99,0.00
5030278,1012377,30,1,3.29,0.00
5030279,1012378,1,2,11.49,11.49
5030280,1012379,2,2,11.99,11.99
5030281,1012379,33,3,5.49,0.00
5030282,1012380,4,1,14.99,0.00
5030283,1012380,18,1,5.49,0.00
5030284,1012380,26,1,2.49,0.00
5030285,1012381,2,2,11.99,11.99
5030286,1012382,2,1,11.99,0.00
5030287,1012382,24,1,3.49,0.00
5030288,1012382,27,1,2.49,0.00
5030289,1012383,2,2,11.99,11.99
5030290,1012383,34,1,4.49,0.00
5030291,1012383,26,1,2.49,0.00
5030292,1012384,3,2,10.49,10.49
5030293,1012384,26,2,2.49,0.00
5030294,1012385,2,2,11.99,11.99
5030295,1012385,28,2,3.49,0.00
5030296,1012385,25,1,6.49,0.00
5030297,1012386,2,1,11.99,0.00
5030298,1012386,20,2,4.49,0.00
5030299,1012387,3,2,10.49,10.49
5030300,1012387,32,1,4.99,0.00
5030301,1012388,1,2,11.49,11.49
5030302,1012388,35,1,2.99,0.00
5030303,1012388,30,1,3.29,0.00
5030304,1012389,7,1,11.99,0.00
5030305,1012389,3,2,10.49,10.49
5030306,1012389,18,1,5.49,0.00
5030307,1012390,1,2,11.49,11.49
5030308,1012390,29,1,3.49,0.00
5030309,1012390,34,3,4.49,0.00
5030310,1012391,3,2,10.49,10.49
5030311,1012392,3,2,10.49,10.49
5030312,1012392,28,1,3.49,0.00
5030313,1012392,26,1,2.49,0.00
5030314,1012393,10,1,10.99,0.00
5030315,1012393,8,1,12.49,0.00
5030316,1012394,8,2,12.49,0.00
5030317,1012395,1,2,11.49,11.49
5030318,1012396,9,3,13.99,0.00
5030319,1012397,15,1,10.99,0.00
5030320,1012398,1,2,11.49,11.49
5030321,1012398,18,1,5.49,0.00
5030322,1012398,29,1,3.49,0.00
5030323,1012398,26,1,2.49,0.00
5030324,1012398,24,2,3.49,0.00
5030325,1012399,4,2,14.99,0.00
5030326,1012400,3,2,10.49,10.49
5030327,1012401,6,1,12.99,0.00
5030328,1012401,21,1,3.99,0.00
5030329,1012402,8,1,12.49,0.00
5030330,1012402,19,1,3.99,0.00
5030331,1012402,28,1,3.49,0.00
5030332,1012403,3,2,10.49,10.49
5030333,1012404,5,1,13.49,0.00
5030334,1012404,1,2,11.49,11.49
5030335,1012405,1,2,11.49,11.49
5030336,1012405,19,1,3.99,0.00
5030337,1012406,4,1,14.99,0.00
5030338,1012406,20,1,4.49,0.00
5030339,1012407,7,1,11.99,0.00
5030340,1012407,27,1,2.49,0.00
5030341,1012407,26,1,2.49,0.00
5030342,1012407,28,2,3.49,0.00
5030343,1012408,1,1,11.49,0.00
5030344,1012408,30,1,3.29,0.00
5030345,1012409,1,2,11.49,11.49
5030346,1012409,26,1,2.49,0.00
5030347,1012410,15,1,10.99,0.00
5030348,1012410,6,1,12.99,0.00
5030349,1012410,20,1,4.49,0.00
5030350,1012410,27,1,2.49,0.00
5030351,1012410,28,1,3.49,0.00
5030352,1012410,2,2,11.99,0.00
5030353,1012411,3,2,10.49,10.49
5030354,1012412,10,1,10.99,0.00
5030355,1012413,1,2,11.49,11.49
5030356,1012413,24,1,3.49,0.00
5030357,1012413,19,1,3.99,0.00
5030358,1012414,9,1,13.99,0.00
5030359,1012414,18,1,5.49,0.00
5030360,1012414,30,1,3.29,0.00
5030361,1012415,15,1,10.99,0.00
5030362,1012415,30,3,3.29,0.00
5030363,1012415,3,2,10.49,0.00
5030364,1012415,26,1,2.49,0.00
5030365,1012416,2,1,11.99,0.00
5030366,1012416,34,1,4.49,0.00
5030367,1012417,5,2,13.49,0.00
5030368,1012417,26,1,2.49,0.00
5030369,1012417,28,1,3.49,0.00
5030370,1012417,29,1,3.49,0.00
5030371,1012418,3,2,10.49,10.49
5030372,1012418,30,1,3.29,0.00
5030373,1012418,22,1,4.49,0.00
5030374,1012419,1,2,11.49,11.49
5030375,1012419,25,2,6.49,0.00
5030376,1012419,4,1,14.99,0.00
5030377,1012419,26,3,2.49,0.00
5030378,1012420,1,1,11.49,0.00
5030379,1012420,21,2,3.99,0.00
5030380,1012421,9,1,13.99,0.00
5030381,1012421,27,1,2.49,0.00
5030382,1012422,16,2,10.49,0.00
5030383,1012422,25,1,6.49,0.00
5030384,1012422,27,2,2.49,0.00
5030385,1012423,3,2,10.49,10.49
5030386,1012424,6,1,12.99,0.00
5030387,1012425,3,1,10.49,0.00
5030388,1012425,27,1,2.49,0.00
5030389,1012426,6,1,12.99,0.00
5030390,1012427,3,2,10.49,10.49
5030391,1012427,19,2,3.99,0.00
5030392,1012428,2,1,11.99,0.00
5030393,1012428,19,1,3.99,0.00
5030394,1012428,30,0,3.29,0.00
5030395,1012429,1,2,11.49,11.49
5030396,1012429,24,1,3.49,0.00
5030397,1012429,5,2,13.49,0.00
5030398,1012430,3,2,10.49,10.49
5030399,1012430,23,1,3.99,0.00
5030400,1012431,1,2,11.49,11.49
5030401,1012431,30,1,3.29,0.00
5030402,1012432,13,1,9.99,0.00
5030403,1012432,29,1,3.49,0.00
5030404,1012432,14,1,10.49,0.00
5030405,1012432,27,1,2.49,0.00
5030406,1012433,7,1,11.99,0.00
5030407,1012433,18,3,5.49,0.00
5030408,1012433,27,1,2.49,0.00
5030409,1012433,21,1,3.99,0.00
5030410,1012434,1,2,11.49,11.49
5030411,1012434,22,2,4.49,0.00
5030412,1012435,1,2,11.49,0.00
5030413,1012436,13,1,9.99,0.00
5030414,1012436,26,1,2.49,0.00
5030415,1012436,25,1,6.49,0.00
5030416,1012436,21,3,3.99,0.00
5030417,1012437,1,2,11.49,11.49
5030418,1012437,25,2,6.49,0.00
5030419,1012437,20,1,4.49,0.00
5030420,1012438,2,1,11.99,0.00
5030421,1012439,14,1,10.49,0.00
5030422,1012439,34,1,4.49,0.00
5030423,1012440,16,1,10.49,0.00
5030424,1012440,19,1,3.99,0.00
5030425,1012441,1,2,11.49,11.49
5030426,1012442,1,1,11.49,0.00
5030427,1012442,28,1,3.49,0.00
5030428,1012442,20,2,4.49,0.00
5030429,1012443,1,2,11.49,11.49
5030430,1012443,34,1,4.49,0.00
5030431,1012444,2,2,11.99,11.99
5030432,1012444,35,1,2.99,0.00
5030433,1012444,19,1,3.99,0.00
5030434,1012445,2,2,11.99,11.99
5030435,1012445,21,-1,3.99,0.00
5030436,1012445,26,1,2.49,0.00
5030437,1012446,1,2,11.49,11.49
5030438,1012447,3,2,10.49,10.49
5030439,1012447,10,1,10.99,0.00
5030440,1012447,28,1,3.49,0.00
5030441,1012447,15,1,10.99,0.00
5030442,1012447,27,1,2.49,0.00
5030443,1012447,18,1,5.49,0.00
5030444,1012448,3,2,10.49,10.49
5030445,1012448,27,1,2.49,0.00
5030446,1012449,10,2,10.99,0.00
5030447,1012449,27,1,2.49,0.00
5030448,1012449,32,1,4.99,0.00
5030449,1012450,2,3,11.99,11.99
5030450,1012450,27,1,2.49,0.00
5030451,1012451,5,1,13.49,0.00
5030452,1012452,16,1,10.49,0.00
5030453,1012452,27,1,2.49,0.00
5030454,1012452,26,1,2.49,0.00
5030455,1012453,3,1,10.49,0.00
5030456,1012453,26,1,2.49,0.00
5030457,1012454,3,1,10.49,0.00
5030458,1012455,1,2,11.49,11.49
5030459,1012455,27,2,2.49,0.00
5030460,1012455,22,1,4.49,0.00
5030461,1012456,16,2,10.49,0.00
5030462,1012456,33,1,5.49,0.00
5030463,1012457,1,2,11.49,11.49
5030464,1012457,20,1,4.49,0.00
5030465,1012457,22,1,4.49,0.00
5030466,1012458,2,2,11.99,11.99
5030467,1012459,3,2,10.49,10.49
5030468,1012459,33,1,5.49,0.00
5030469,1012459,18,1,5.49,0.00
5030470,1012459,31,1,3.49,0.00
5030471,1012460,8,1,12.49,0.00
5030472,1012460,27,1,2.49,0.00
5030473,1012461,3,2,10.49,10.49
5030474,1012462,8,1,12.49,0.00
5030475,1012462,24,1,3.49,0.00
5030476,1012462,26,1,2.49,0.00
5030477,1012463,3,2,10.49,10.49
5030478,1012463,33,1,5.49,0.00
5030479,1012464,1,2,11.49,11.49
5030480,1012465,3,2,10.49,10.49
5030481,1012465,20,2,4.49,0.00
5030482,1012465,30,1,3.29,0.00
5030483,1012465,27,1,2.49,0.00
5030484,1012466,3,2,10.49,10.49
5030485,1012466,18,2,5.49,0.00
5030486,1012467,3,2,10.49,10.49
5030487,1012467,28,1,3.49,0.00
5030488,1012467,29,2,3.49,0.00
5030489,1012467,20,1,4.49,0.00
5030490,1012468,2,2,11.99,11.99
5030491,1012468,22,2,4.49,0.00
5030492,1012469,1,2,11.49,11.49
5030493,1012469,27,3,2.49,0.00
5030494,1012470,3,2,10.49,10.49
5030495,1012470,30,1,3.29,0.00
5030496,1012471,1,2,11.49,11.49
5030497,1012471,33,3,5.49,0.00
5030498,1012472,2,2,11.99,11.99
5030499,1012473,11,1,13.49,0.00
5030500,1012474,3,2,10.49,10.49
5030501,1012474,21,1,3.99,0.00
5030502,1012475,2,1,11.99,0.00
5030503,1012476,2,2,11.99,11.99
5030504,1012477,1,2,11.49,11.49
5030505,1012477,27,1,2.49,0.00
5030506,1012477,26,1,2.49,0.00
5030507,1012478,1,2,11.49,11.49
5030508,1012478,16,1,10.49,0.00
5030509,1012478,31,1,3.49,0.00
5030510,1012479,2,1,11.99,0.00
5030511,1012479,33,2,5.49,0.00
5030512,1012480,4,1,14.99,0.00
5030513,1012481,10,1,10.99,0.00
5030514,1012482,3,2,10.49,10.49
5030515,1012482,20,1,4.49,0.00
5030516,1012483,2,2,11.99,11.99
5030517,1012483,23,1,3.99,0.00
5030518,1012483,27,1,2.49,0.00
5030519,1012483,20,1,4.49,0.00
5030520,1012484,8,1,12.49,0.00
5030521,1012484,33,1,5.49,0.00
5030522,1012484,25,2,6.49,0.00
5030523,1012484,21,1,3.99,0.00
5030524,1012485,3,1,10.49,0.00
5030525,1012485,30,1,3.29,0.00
5030526,1012486,2,1,11.99,0.00
5030527,1012487,7,1,11.99,0.00
5030528,1012488,11,1,13.49,0.00
5030529,1012488,35,1,2.99,0.00
5030530,1012489,3,3,10.49,10.49
5030531,1012489,18,1,5.49,0.00
5030532,1012490,3,1,10.49,0.00
5030533,1012490,27,1,2.49,0.00
5030534,1012491,2,2,11.99,11.99
5030535,1012491,30,1,3.29,0.00
5030536,1012492,4,1,14.99,0.00
5030537,1012492,21,3,3.99,0.00
5030538,1012493,14,1,10.49,0.00
5030539,1012494,3,1,10.49,0.00
5030540,1012494,25,1,6.49,0.00
5030541,1012495,1,2,11.49,11.49
5030542,1012496,10,1,10.99,0.00
5030543,1012497,2,3,11.99,0.00
5030544,1012497,22,1,4.49,0.00
5030545,1012497,33,1,5.49,0.00
5030546,1012497,19,1,3.99,0.00
5030547,1012498,1,2,11.49,11.49
5030548,1012498,27,1,2.49,0.00
5030549,1012498,8,1,12.49,0.00
5030550,1012499,1,2,11.49,11.49
5030551,1012499,33,1,5.49,0.00
5030552,1012500,3,2,10.49,10.49
5030553,1012500,18,1,5.49,0.00
5030554,1012501,6,1,12.99,0.00
5030555,1012501,26,1,2.49,0.00
5030556,1012502,11,1,13.49,0.00
5030557,1012502,26,1,2.49,0.00
5030558,1012502,19,1,3.99,0.00
5030559,1012503,1,2,11.49,11.49
5030560,1012503,4,1,14.99,0.00
5030561,1012503,23,3,3.99,0.00
5030562,1012503,22,1,4.49,0.00
5030563,1012504,1,2,11.49,11.49
5030564,1012504,34,2,4.49,0.00
5030565,1012505,1,2,11.49,11.49
5030566,1012506,1,2,11.49,11.49
5030567,1012507,3,2,10.49,10.49
5030568,1012507,30,3,3.29,0.00
5030569,1012507,28,1,3.49,0.00
5030570,1012508,4,1,14.99,0.00
5030571,1012509,1,2,11.49,11.49
5030572,1012509,30,1,3.29,0.00
5030573,1012509,32,1,4.99,0.00
5030574,1012510,3,2,10.49,10.49
5030575,1012510,26,1,2.49,0.00
5030576,1012510,34,1,4.49,0.00
5030577,1012511,13,1,9.99,0.00
5030578,1012512,8,1,12.49,0.00
5030579,1012513,3,2,10.49,10.49
5030580,1012514,2,2,11.99,11.99
5030581,1012515,5,1,13.49,0.00
5030582,1012515,27,1,2.49,0.00
5030583,1012515,9,1,13.99,0.00
5030584,1012515,18,1,5.49,0.00
5030585,1012516,1,1,11.49,0.00
5030586,1012516,27,1,2.49,0.00
5030587,1012517,2,2,11.99,11.99
5030588,1012517,21,1,3.99,0.00
5030589,1012517,8,1,12.49,0.00
5030590,1012518,3,2,10.49,10.49
5030591,1012518,25,1,6.49,0.00
5030592,1012518,23,0,3.99,0.00
5030593,1012518,18,1,5.49,0.00
5030594,1012519,3,2,10.49,10.49
5030595,1012519,24,2,3.49,0.00
5030596,1012519,22,3,4.49,0.00
5030597,1012519,27,1,2.49,0.00
5030598,1012520,1,2,11.49,11.49
5030599,1012521,2,1,11.99,0.00
5030600,1012521,28,1,3.49,0.00
5030601,1012522,11,1,13.49,0.00
5030602,1012522,18,1,5.49,0.00
5030603,1012523,2,2,11.99,11.99
5030604,1012523,34,1,4.49,0.00
5030605,1012524,7,1,11.99,0.00
5030606,1012524,20,1,4.49,0.00
5030607,1012525,11,1,13.49,0.00
5030608,1012525,22,2,4.49,0.00
5030609,1012526,1,1,11.49,0.00
5030610,1012526,31,2,3.49,0.00
5030611,1012526,28,1,3.49,0.00
5030612,1012527,11,1,13.49,0.00
5030613,1012528,4,1,14.99,0.00
5030614,1012528,26,1,2.49,0.00
5030615,1012528,27,2,2.49,0.00
5030616,1012528,22,1,4.49,0.00
5030617,1012529,2,1,11.99,0.00
5030618,1012529,31,1,3.49,0.00
5030619,1012529,21,1,3.99,0.00
5030620,1012530,2,1,11.99,0.00
5030621,1012531,1,2,11.49,0.00
5030622,1012531,26,1,2.49,0.00
5030623,1012532,14,1,10.49,0.00
5030624,1012532,20,1,4.49,0.00
5030625,1012533,9,1,13.99,0.00
5030626,1012534,7,1,11.99,0.00
5030627,1012535,6,3,12.99,0.00
5030628,1012535,29,1,3.49,0.00
5030629,1012536,7,1,11.99,0.00
5030630,1012537,1,1,11.49,0.00
5030631,1012537,26,2,2.49,0.00
5030632,1012537,28,1,3.49,0.00
5030633,1012537,23,1,3.99,0.00
5030634,1012538,12,1,18.99,0.00
5030635,1012538,32,1,4.99,0.00
5030636,1012539,5,1,13.49,0.00
5030637,1012539,23,1,3.99,0.00
5030638,1012539,18,1,5.49,0.00
5030639,1012539,28,1,3.49,0.00
5030640,1012540,15,2,10.99,0.00
5030641,1012540,25,1,6.49,0.00
5030642,1012540,27,2,2.49,0.00
5030643,1012541,8,1,12.49,0.00
5030644,1012541,12,1,18.99,0.00
5030645,1012542,10,1,10.99,0.00
5030646,1012542,21,1,3.99,0.00
5030647,1012543,14,1,10.49,0.00
5030648,1012543,27,1,2.49,0.00
5030649,1012543,26,1,2.49,0.00
5030650,1012544,14,1,10.49,0.00
5030651,1012544,32,1,4.99,0.00
5030652,1012545,6,1,12.99,0.00
5030653,1012545,32,1,4.99,0.00
5030654,1012545,33,1,5.49,0.00
5030655,1012545,27,2,2.49,0.00
5030656,1012546,6,1,12.99,0.00
5030657,1012547,3,1,10.49,0.00
5030658,1012548,3,1,10.49,0.00
5030659,1012548,26,1,2.49,0.00
5030660,1012548,18,1,5.49,0.00
5030661,1012549,13,1,9.99,0.00
5030662,1012549,30,1,3.29,0.00
5030663,1012550,7,1,11.99,0.00
5030664,1012550,27,1,2.49,0.00
5030665,1012550,28,1,3.49,0.00
5030666,1012551,10,1,10.99,0.00
5030667,1012551,29,1,3.49,0.00
5030668,1012552,10,1,10.99,0.00
5030669,1012552,15,1,10.99,0.00
5030670,1012553,4,1,14.99,0.00
5030671,1012553,30,1,3.29,0.00
5030672,1012554,2,1,11.99,0.00
5030673,1012554,26,1,2.49,0.00
5030674,1012554,23,1,3.99,0.00
5030675,1012554,12,1,18.99,0.00
5030676,1012555,7,1,11.99,0.00
5030677,1012555,28,2,3.49,0.00
5030678,1012556,7,1,11.99,0.00
5030679,1012557,12,2,18.99,0.00
5030680,1012557,28,1,3.49,0.00
5030681,1012558,10,1,10.99,0.00
5030682,1012559,1,1,11.49,0.00
5030683,1012559,12,1,18.99,0.00
5030684,1012559,10,1,10.99,0.00
5030685,1012560,11,1,13.49,0.00
5030686,1012560,23,1,3.99,0.00
5030687,1012561,3,0,10.49,0.00
5030688,1012561,25,1,6.49,0.00
5030689,1012561,26,1,2.49,0.00
5030690,1012561,1,1,11.49,0.00
5030691,1012562,6,2,12.99,0.00
5030692,1012562,21,1,3.99,0.00
5030693,1012562,18,2,5.49,0.00
5030694,1012563,13,3,9.99,0.00
5030695,1012563,18,2,5.49,0.00
5030696,1012563,25,1,6.49,0.00
5030697,1012564,4,1,14.99,0.00
5030698,1012564,31,1,3.49,0.00
5030699,1012564,24,1,3.49,0.00
5030700,1012564,20,1,4.49,0.00
5030701,1012565,2,1,11.99,0.00
5030702,1012565,25,1,6.49,0.00
5030703,1012565,33,1,5.49,0.00
5030704,1012565,18,1,5.49,0.00
5030705,1012566,11,1,13.49,0.00
5030706,1012566,15,1,10.99,0.00
5030707,1012566,28,1,3.49,0.00
5030708,1012567,9,1,13.99,0.00
5030709,1012567,31,2,3.49,0.00
5030710,1012567,22,1,4.49,0.00
5030711,1012567,29,1,3.49,0.00
5030712,1012568,3,1,10.49,0.00
5030713,1012569,11,3,13.49,0.00
5030714,1012569,28,1,3.49,0.00
5030715,1012569,33,1,5.49,0.00
5030716,1012570,7,2,11.99,0.00
5030717,1012570,18,1,5.49,0.00
5030718,1012571,9,1,13.99,0.00
5030719,1012572,13,1,9.99,0.00
5030720,1012573,2,1,11.99,0.00
5030721,1012573,26,1,2.49,0.00
5030722,1012574,4,1,14.99,0.00
5030723,1012574,5,2,13.49,0.00
5030724,1012574,32,1,4.99,0.00
5030725,1012575,8,1,12.49,0.00
5030726,1012575,26,1,2.49,0.00
5030727,1012575,21,1,3.99,0.00
5030728,1012576,3,1,10.49,0.00
5030729,1012576,18,1,5.49,0.00
5030730,1012577,8,1,12.49,0.00
5030731,1012577,7,1,11.99,0.00
5030732,1012577,21,1,3.99,0.00
5030733,1012578,3,1,10.49,0.00
5030734,1012578,10,1,10.99,0.00
5030735,1012578,18,1,5.49,0.00
5030736,1012579,14,1,10.49,0.00
5030737,1012579,27,1,2.49,0.00
5030738,1012579,31,1,3.49,0.00
5030739,1012580,15,1,10.99,0.00
5030740,1012580,26,2,2.49,0.00
5030741,1012580,2,1,11.99,0.00
5030742,1012580,30,1,3.29,0.00
5030743,1012581,11,1,13.49,0.00
5030744,1012581,23,1,3.99,0.00
5030745,1012581,19,2,3.99,0.00
5030746,1012582,3,1,10.49,0.00
5030747,1012582,27,1,2.49,0.00
5030748,1012582,26,1,2.49,0.00
5030749,1012583,8,1,12.49,0.00
5030750,1012583,28,1,3.49,0.00
5030751,1012584,11,1,13.49,0.00
5030752,1012584,22,2,4.49,0.00
5030753,1012584,26,1,2.49,0.00
5030754,1012584,6,1,12.99,0.00
5030755,1012585,3,2,10.49,0.00
5030756,1012585,30,1,3.29,0.00
5030757,1012585,32,1,4.99,0.00
5030758,1012585,21,1,3.99,0.00
5030759,1012586,7,1,11.99,0.00
5030760,1012586,25,1,6.49,0.00
5030761,1012587,1,1,11.49,0.00
5030762,1012587,28,1,3.49,0.00
5030763,1012588,3,1,10.49,0.00
5030764,1012589,7,2,11.99,0.00
5030765,1012590,12,1,18.99,0.00
5030766,1012590,22,2,4.49,0.00
5030767,1012590,33,1,5.49,0.00
5030768,1012590,34,1,4.49,0.00
5030769,1012591,10,2,10.99,0.00
5030770,1012591,34,1,4.49,0.00
5030771,1012591,32,1,4.99,0.00
5030772,1012592,9,1,13.99,0.00
5030773,1012592,28,1,3.49,0.00
5030774,1012593,15,1,10.99,0.00
5030775,1012594,12,1,18.99,0.00
5030776,1012594,31,1,3.49,0.00
5030777,1012594,21,1,3.99,0.00
5030778,1012595,10,1,10.99,0.00
5030779,1012595,27,1,2.49,0.00
5030780,1012596,2,1,11.99,0.00
5030781,1012596,33,2,5.49,0.00
5030782,1012597,12,1,18.99,0.00
5030783,1012597,30,1,3.29,0.00
5030784,1012597,3,1,10.49,0.00
5030785,1012598,3,1,10.49,0.00
5030786,1012598,26,2,2.49,0.00
5030787,1012598,20,2,4.49,0.00
5030788,1012599,8,1,12.49,0.00
5030789,1012599,26,1,2.49,0.00
5030790,1012599,30,2,3.29,0.00
5030791,1012600,6,1,12.99,0.00
5030792,1012600,34,2,4.49,0.00
5030793,1012600,19,1,3.99,0.00
5030794,1012600,1,2,11.49,0.00
5030795,1012601,6,1,12.99,0.00
5030796,1012601,25,1,6.49,0.00
5030797,1012601,23,1,3.99,0.00
5030798,1012602,13,1,9.99,0.00
5030799,1012603,1,1,11.49,0.00
5030800,1012603,26,1,2.49,0.00
5030801,1012604,3,1,10.49,0.00
5030802,1012604,31,1,3.49,0.00
5030803,1012605,2,2,11.99,0.00
5030804,1012605,18,1,5.49,0.00
5030805,1012606,15,2,10.99,0.00
5030806,1012606,26,1,2.49,0.00
5030807,1012606,24,1,3.49,0.00
5030808,1012606,18,1,5.49,0.00
5030809,1012607,7,1,11.99,0.00
5030810,1012607,31,1,3.49,0.00
5030811,1012607,22,1,4.49,0.00
5030812,1012608,7,1,11.99,0.00
5030813,1012609,4,1,14.99,0.00
5030814,1012609,20,2,4.49,0.00
5030815,1012609,31,1,3.49,0.00
5030816,1012609,19,1,3.99,0.00
5030817,1012609,21,1,3.99,0.00
5030818,1012610,10,1,10.99,0.00
5030819,1012610,29,3,3.49,0.00
5030820,1012611,12,1,18.99,0.00
5030821,1012612,2,1,11.99,0.00
5030822,1012613,2,1,11.99,0.00
5030823,1012613,19,1,3.99,0.00
5030824,1012614,11,1,13.49,0.00
5030825,1012614,9,1,13.99,0.00
5030826,1012614,23,1,3.99,0.00
5030827,1012615,2,1,11.99,0.00
5030828,1012615,18,2,5.49,0.00
5030829,1012616,10,1,10.99,0.00
5030830,1012616,3,1,10.49,0.00
5030831,1012617,7,2,11.99,0.00
5030832,1012617,26,1,2.49,0.00
5030833,1012618,14,1,10.49,0.00
5030834,1012618,27,1,2.49,0.00
5030835,1012618,29,1,3.49,0.00
5030836,1012619,5,1,13.49,0.00
5030837,1012620,3,1,10.49,0.00
5030838,1012621,11,2,13.49,0.00
5030839,1012622,6,1,12.99,0.00
5030840,1012622,28,1,3.49,0.00
5030841,1012623,13,1,9.99,0.00
5030842,1012624,8,1,12.49,0.00
5030843,1012624,35,1,2.99,0.00
5030844,1012624,29,2,3.49,0.00
5030845,1012625,11,1,13.49,0.00
5030846,1012625,23,1,3.99,0.00
5030847,1012625,35,1,2.99,0.00
5030848,1012626,15,1,10.99,0.00
5030849,1012626,19,1,3.99,0.00
5030850,1012627,7,1,11.99,0.00
5030851,1012627,12,1,18.99,0.00
5030852,1012627,28,1,3.49,0.00
5030853,1012627,27,1,2.49,0.00
5030854,1012627,26,1,2.49,0.00
5030855,1012628,4,3,14.99,0.00
5030856,1012628,28,1,3.49,0.00
5030857,1012629,13,1,9.99,0.00
5030858,1012629,11,1,13.49,0.00
5030859,1012630,6,1,12.99,0.00
5030860,1012630,27,1,2.49,0.00
5030861,1012630,19,1,3.99,0.00
5030862,1012631,5,1,13.49,0.00
5030863,1012631,28,1,3.49,0.00
5030864,1012631,26,1,2.49,0.00
5030865,1012631,33,1,5.49,0.00
5030866,1012632,3,1,10.49,0.00
5030867,1012633,14,1,10.49,0.00
5030868,1012633,18,2,5.49,0.00
5030869,1012633,25,1,6.49,0.00
5030870,1012634,5,1,13.49,0.00
5030871,1012634,18,1,5.49,0.00
5030872,1012634,9,1,13.99,0.00
5030873,1012635,6,2,12.99,0.00
5030874,1012635,35,2,2.99,0.00
5030875,1012635,22,1,4.49,0.00
5030876,1012636,16,1,10.49,0.00
5030877,1012636,19,1,3.99,0.00
5030878,1012636,26,1,2.49,0.00
5030879,1012637,16,1,10.49,0.00
5030880,1012637,14,1,10.49,0.00
5030881,1012637,18,2,5.49,0.00
5030882,1012638,3,1,10.49,0.00
5030883,1012638,22,2,4.49,0.00
5030884,1012638,18,1,5.49,0.00
5030885,1012639,9,1,13.99,0.00
5030886,1012639,21,3,3.99,0.00
5030887,1012639,32,1,4.99,0.00
5030888,1012639,18,1,5.49,0.00
5030889,1012639,33,1,5.49,0.00
5030890,1012640,3,1,10.49,0.00
5030891,1012640,20,1,4.49,0.00
5030892,1012640,5,1,13.49,0.00
5030893,1012641,2,1,11.99,0.00
5030894,1012641,29,1,3.49,0.00
5030895,1012642,6,1,12.99,0.00
5030896,1012642,26,3,2.49,0.00
5030897,1012643,13,1,9.99,0.00
5030898,1012643,27,1,2.49,0.00
5030899,1012644,7,1,11.99,0.00
5030900,1012644,21,1,3.99,0.00
5030901,1012645,12,1,18.99,0.00
5030902,1012645,19,1,3.99,0.00
5030903,1012645,20,1,4.49,0.00
5030904,1012645,30,2,3.29,0.00
5030905,1012646,3,1,10.49,0.00
5030906,1012646,27,1,2.49,0.00
5030907,1012647,15,1,10.99,0.00
5030908,1012647,34,1,4.49,0.00
5030909,1012648,3,1,10.49,0.00
5030910,1012648,26,1,2.49,0.00
5030911,1012648,29,1,3.49,0.00
5030912,1012649,1,1,11.49,0.00
5030913,1012649,33,1,5.49,0.00
5030914,1012650,11,1,13.49,0.00
5030915,1012650,21,1,3.99,0.00
5030916,1012651,9,1,13.99,0.00
5030917,1012651,20,1,4.49,0.00
5030918,1012652,15,1,10.99,0.00
5030919,1012653,8,1,12.49,0.00
5030920,1012654,5,1,13.49,0.00
5030921,1012654,23,1,3.99,0.00
5030922,1012654,16,1,10.49,0.00
5030923,1012654,28,1,3.49,0.00
5030924,1012654,20,1,4.49,0.00
5030925,1012655,6,1,12.99,0.00
5030926,1012655,31,1,3.49,0.00
5030927,1012655,28,3,3.49,0.00
5030928,1012655,26,1,2.49,0.00
5030929,1012656,15,-2,10.99,0.00
5030930,1012657,13,2,9.99,0.00
5030931,1012657,21,1,3.99,0.00
5030932,1012658,6,1,12.99,0.00
5030933,1012658,4,2,14.99,0.00
5030934,1012658,1,1,11.49,0.00
5030935,1012658,23,1,3.99,0.00
5030936,1012659,15,1,10.99,0.00
5030937,1012660,6,1,12.99,0.00
5030938,1012661,2,1,11.99,0.00
5030939,1012662,11,2,13.49,0.00
5030940,1012662,27,1,2.49,0.00
5030941,1012662,21,1,3.99,0.00
5030942,1012663,7,1,11.99,0.00
5030943,1012663,22,1,4.49,0.00
5030944,1012664,5,1,13.49,0.00
5030945,1012664,26,2,2.49,0.00
5030946,1012664,20,1,4.49,0.00
5030947,1012665,4,1,14.99,0.00
5030948,1012666,12,1,18.99,0.00
5030949,1012667,11,1,13.49,0.00
5030950,1012667,29,1,3.49,0.00
5030951,1012668,8,1,12.49,0.00
5030952,1012669,3,1,10.49,0.00
5030953,1012669,28,1,3.49,0.00
5030954,1012669,26,1,2.49,0.00
5030955,1012670,2,1,11.99,0.00
5030956,1012670,32,1,4.99,0.00
5030957,1012671,1,1,11.49,0.00
5030958,1012672,12,1,18.99,0.00
5030959,1012672,26,2,2.49,0.00
5030960,1012672,18,1,5.49,0.00
5030961,1012673,3,1,10.49,0.00
5030962,1012673,1,1,11.49,0.00
5030963,1012673,18,1,5.49,0.00
5030964,1012674,15,1,10.99,0.00
5030965,1012674,28,1,3.49,0.00
5030966,1012674,33,1,5.49,0.00
5030967,1012674,20,1,4.49,0.00
5030968,1012675,5,1,13.49,0.00
5030969,1012675,30,3,3.29,0.00
5030970,1012675,10,1,10.99,0.00
5030971,1012675,23,2,3.99,0.00
5030972,1012675,35,1,2.99,0.00
5030973,1012676,9,1,13.99,0.00
5030974,1012677,3,2,10.49,0.00
5030975,1012677,27,2,2.49,0.00
5030976,1012677,26,1,2.49,0.00
5030977,1012677,22,1,4.49,0.00
5030978,1012677,7,1,11.99,0.00
5030979,1012678,3,1,10.49,0.00
5030980,1012678,18,1,5.49,0.00
5030981,1012679,8,2,12.49,0.00
5030982,1012679,22,1,4.49,0.00
5030983,1012680,15,1,10.99,0.00
5030984,1012681,16,1,10.49,0.00
5030985,1012681,14,1,10.49,0.00
5030986,1012681,25,1,6.49,0.00
5030987,1012681,31,1,3.49,0.00
5030988,1012682,13,2,9.99,0.00
5030989,1012683,15,1,10.99,0.00
5030990,1012684,1,1,11.49,0.00
5030991,1012685,14,1,10.49,0.00
5030992,1012685,30,1,3.29,0.00
5030993,1012686,3,1,10.49,0.00
5030994,1012687,2,1,11.99,0.00
5030995,1012687,18,1,5.49,0.00
5030996,1012687,33,1,5.49,0.00
5030997,1012688,2,1,11.99,0.00
5030998,1012688,29,1,3.49,0.00
5030999,1012689,14,1,10.49,0.00
5031000,1012690,9,1,13.99,0.00
5031001,1012690,28,1,3.49,0.00
5031002,1012691,2,1,11.99,0.00
5031003,1012692,9,1,13.99,0.00
5031004,1012692,20,2,4.49,0.00
5031005,1012693,6,1,12.99,0.00
5031006,1012693,22,1,4.49,0.00
5031007,1012693,27,1,2.49,0.00
5031008,1012694,12,1,18.99,0.00
5031009,1012694,19,1,3.99,0.00
5031010,1012694,10,1,10.99,0.00
5031011,1012694,33,1,5.49,0.00
5031012,1012695,9,1,13.99,0.00
5031013,1012695,28,1,3.49,0.00
5031014,1012695,18,1,5.49,0.00
5031015,1012696,8,2,12.49,0.00
5031016,1012696,29,1,3.49,0.00
5031017,1012697,9,1,13.99,0.00
5031018,1012698,7,1,11.99,0.00
5031019,1012698,31,1,3.49,0.00
5031020,1012699,7,3,11.99,0.00
5031021,1012699,28,1,3.49,0.00
5031022,1012700,12,1,18.99,0.00
5031023,1012700,33,1,5.49,0.00
5031024,1012701,4,1,14.99,0.00
5031025,1012702,8,1,12.49,0.00
5031026,1012702,32,1,4.99,0.00
5031027,1012702,5,1,13.49,0.00
5031028,1012703,6,1,12.99,0.00
5031029,1012703,28,2,3.49,0.00
5031030,1012704,1,1,11.49,0.00
5031031,1012704,32,1,4.99,0.00
5031032,1012704,26,1,2.49,0.00
5031033,1012704,21,1,3.99,0.00
5031034,1012705,8,1,12.49,0.00
5031035,1012705,26,1,2.49,0.00
5031036,1012705,27,1,2.49,0.00
5031037,1012706,16,1,10.49,0.00
5031038,1012706,22,1,4.49,0.00
5031039,1012707,13,3,9.99,0.00
5031040,1012707,11,1,13.49,0.00
5031041,1012707,28,1,3.49,0.00
5031042,1012707,15,1,10.99,0.00
5031043,1012708,5,1,13.49,0.00
5031044,1012708,18,2,5.49,0.00
5031045,1012709,1,1,11.49,0.00
5031046,1012710,5,1,13.49,0.00
5031047,1012710,25,1,6.49,0.00
5031048,1012710,32,1,4.99,0.00
5031049,1012711,1,1,11.49,0.00
5031050,1012711,18,1,5.49,0.00
5031051,1012712,5,1,13.49,0.00
5031052,1012712,7,1,11.99,0.00
5031053,1012712,26,1,2.49,0.00
5031054,1012713,5,1,13.49,0.00
5031055,1012714,6,1,12.99,0.00
5031056,1012714,33,1,5.49,0.00
5031057,1012715,3,1,10.49,0.00
5031058,1012716,16,1,10.49,0.00
5031059,1012717,6,2,12.99,0.00
5031060,1012717,30,1,3.29,0.00
5031061,1012718,5,1,13.49,0.00
5031062,1012718,21,2,3.99,0.00
5031063,1012718,34,1,4.49,0.00
5031064,1012719,12,1,18.99,0.00
5031065,1012719,29,1,3.49,0.00
5031066,1012719,26,1,2.49,0.00
5031067,1012720,11,1,13.49,0.00
5031068,1012720,9,1,13.99,0.00
5031069,1012721,3,3,10.49,0.00
5031070,1012721,24,1,3.49,0.00
5031071,1012721,5,1,13.49,0.00
5031072,1012721,29,1,3.49,0.00
5031073,1012721,30,1,3.29,0.00
5031074,1012722,14,1,10.49,0.00
5031075,1012723,14,2,10.49,0.00
5031076,1012723,35,1,2.99,0.00
5031077,1012724,1,1,11.49,0.00
5031078,1012724,23,1,3.99,0.00
5031079,1012725,4,1,14.99,0.00
5031080,1012725,20,1,4.49,0.00
5031081,1012725,32,1,4.99,0.00
5031082,1012726,2,1,11.99,0.00
5031083,1012726,18,1,5.49,0.00
5031084,1012726,20,1,4.49,0.00
5031085,1012726,26,1,2.49,0.00
5031086,1012727,15,1,10.99,0.00
5031087,1012727,21,3,3.99,0.00
5031088,1012728,12,1,18.99,0.00
5031089,1012728,29,2,3.49,0.00
5031090,1012728,18,1,5.49,0.00
5031091,1012729,10,1,10.99,0.00
5031092,1012729,19,3,3.99,0.00
5031093,1012730,13,1,9.99,0.00
5031094,1012730,23,1,3.99,0.00
5031095,1012730,27,1,2.49,0.00
5031096,1012731,9,1,13.99,0.00
5031097,1012731,27,1,2.49,0.00
5031098,1012732,15,1,10.99,0.00
5031099,1012732,27,1,2.49,0.00
5031100,1012732,21,1,3.99,0.00
5031101,1012732,30,1,3.29,0.00
5031102,1012733,10,1,10.99,0.00
5031103,1012733,19,1,3.99,0.00
5031104,1012734,14,1,10.49,0.00
5031105,1012734,34,1,4.49,0.00
5031106,1012735,12,2,18.99,0.00
5031107,1012736,5,1,13.49,0.00
5031108,1012737,14,1,10.49,0.00
5031109,1012737,30,3,3.29,0.00
5031110,1012738,4,1,14.99,0.00
5031111,1012739,7,1,11.99,0.00
5031112,1012739,26,1,2.49,0.00
5031113,1012739,22,1,4.49,0.00
5031114,1012739,21,1,3.99,0.00
5031115,1012740,10,1,10.99,0.00
5031116,1012740,29,1,3.49,0.00
5031117,1012741,3,1,10.49,0.00
5031118,1012742,1,1,11.49,0.00
5031119,1012742,31,1,3.49,0.00
5031120,1012743,1,1,11.49,0.00
5031121,1012743,33,2,5.49,0.00
5031122,1012743,19,2,3.99,0.00
5031123,1012744,13,1,9.99,0.00
5031124,1012744,28,1,3.49,0.00
5031125,1012745,4,1,14.99,0.00
5031126,1012746,11,1,13.49,0.00
5031127,1012746,18,1,5.49,0.00
5031128,1012746,32,1,4.99,0.00
5031129,1012747,15,1,10.99,0.00
5031130,1012748,2,1,11.99,0.00
5031131,1012748,24,2,3.49,0.00
5031132,1012748,8,1,12.49,0.00
5031133,1012749,13,1,9.99,0.00
5031134,1012750,1,1,11.49,0.00
5031135,1012750,29,1,3.49,0.00
5031136,1012750,33,1,5.49,0.00
5031137,1012750,18,3,5.49,0.00
5031138,1012751,2,1,11.99,0.00
5031139,1012752,6,2,12.99,0.00
5031140,1012752,27,1,2.49,0.00
5031141,1012753,4,1,14.99,0.00
5031142,1012753,31,1,3.49,0.00
5031143,1012753,27,1,2.49,0.00
5031144,1012754,10,1,10.99,0.00
5031145,1012755,13,1,9.99,0.00
5031146,1012755,19,1,3.99,0.00
5031147,1012755,21,1,3.99,0.00
5031148,1012755,20,1,4.49,0.00
5031149,1012755,26,1,2.49,0.00
5031150,1012756,10,1,10.99,0.00
5031151,1012757,12,1,18.99,0.00
5031152,1012757,19,4,3.99,0.00
5031153,1012757,18,1,5.49,0.00
5031154,1012757,14,1,10.49,0.00
5031155,1012758,3,1,10.49,0.00
5031156,1012758,20,1,4.49,0.00
5031157,1012759,14,1,10.49,0.00
5031158,1012759,25,1,6.49,0.00
5031159,1012759,28,2,3.49,0.00
5031160,1012760,8,1,12.49,0.00
5031161,1012760,34,1,4.49,0.00
5031162,1012760,32,1,4.99,0.00
5031163,1012760,20,1,4.49,0.00
5031164,1012760,29,1,3.49,0.00
5031165,1012760,21,3,3.99,0.00
5031166,1012761,1,1,11.49,0.00
5031167,1012761,25,1,6.49,0.00
5031168,1012761,20,1,4.49,0.00
5031169,1012762,16,2,10.49,0.00
5031170,1012763,16,2,10.49,0.00
5031171,1012763,18,1,5.49,0.00
5031172,1012763,9,1,13.99,0.00
5031173,1012763,22,2,4.49,0.00
5031174,1012763,20,1,4.49,0.00
5031175,1012764,10,1,10.99,0.00
5031176,1012764,33,1,5.49,0.00
5031177,1012764,30,1,3.29,0.00
5031178,1012765,9,1,13.99,0.00
5031179,1012765,27,1,2.49,0.00
5031180,1012765,21,1,3.99,0.00
5031181,1012765,18,2,5.49,0.00
5031182,1012766,6,1,12.99,0.00
5031183,1012766,30,1,3.29,0.00
5031184,1012766,26,1,2.49,0.00
5031185,1012767,10,1,10.99,0.00
5031186,1012767,19,1,3.99,0.00
5031187,1012768,6,1,12.99,0.00
5031188,1012768,25,1,6.49,0.00
5031189,1012769,9,1,13.99,0.00
5031190,1012770,4,1,14.99,0.00
5031191,1012770,34,1,4.49,0.00
5031192,1012770,26,1,2.49,0.00
5031193,1012770,31,1,3.49,0.00
5031194,1012771,4,1,14.99,0.00
5031195,1012772,6,1,12.99,0.00
5031196,1012772,28,1,3.49,0.00
5031197,1012772,30,1,3.29,0.00
5031198,1012773,12,1,18.99,0.00
5031199,1012773,25,1,6.49,0.00
5031200,1012774,13,1,9.99,0.00
5031201,1012774,34,1,4.49,0.00
5031202,1012775,2,1,11.99,0.00
5031203,1012775,7,1,11.99,0.00
5031204,1012775,26,1,2.49,0.00
5031205,1012775,29,1,3.49,0.00
5031206,1012776,12,1,18.99,0.00
5031207,1012776,32,1,4.99,0.00
5031208,1012777,3,2,10.49,0.00
5031209,1012777,21,1,3.99,0.00
5031210,1012777,34,1,4.49,0.00
5031211,1012778,6,1,12.99,0.00
5031212,1012779,8,1,12.49,0.00
5031213,1012779,30,1,3.29,0.00
5031214,1012779,26,2,2.49,0.00
5031215,1012780,6,1,12.99,0.00
5031216,1012780,28,1,3.49,0.00
5031217,1012781,11,2,13.49,0.00
5031218,1012781,33,1,5.49,0.00
5031219,1012782,10,1,10.99,0.00
5031220,1012783,7,1,11.99,0.00
5031221,1012783,20,1,4.49,0.00
5031222,1012783,32,1,4.99,0.00
5031223,1012783,31,1,3.49,0.00
5031224,1012783,26,1,2.49,0.00
5031225,1012784,1,1,11.49,0.00
5031226,1012784,27,1,2.49,0.00
5031227,1012784,20,1,4.49,0.00
5031228,1012785,13,2,9.99,0.00
5031229,1012785,26,1,2.49,0.00
5031230,1012786,11,1,13.49,0.00
5031231,1012786,30,1,3.29,0.00
5031232,1012787,9,1,13.99,0.00
5031233,1012787,33,1,5.49,0.00
5031234,1012788,14,2,10.49,0.00
5031235,1012788,22,1,4.49,0.00
5031236,1012788,19,1,3.99,0.00
5031237,1012789,8,1,12.49,0.00
5031238,1012789,28,1,3.49,0.00
5031239,1012789,9,1,13.99,0.00
5031240,1012790,7,1,11.99,0.00
5031241,1012790,21,1,3.99,0.00
5031242,1012791,5,1,13.49,0.00
5031243,1012791,27,1,2.49,0.00
5031244,1012791,35,1,2.99,0.00
5031245,1012792,5,2,13.49,0.00
5031246,1012793,6,1,12.99,0.00
5031247,1012793,19,1,3.99,0.00
5031248,1012794,12,1,18.99,0.00
5031249,1012795,5,1,13.49,0.00
5031250,1012795,27,0,2.49,0.00
5031251,1012795,26,1,2.49,0.00
5031252,1012796,8,1,12.49,0.00
5031253,1012796,28,1,3.49,0.00
5031254,1012796,23,1,3.99,0.00
5031255,1012797,11,1,13.49,0.00
5031256,1012797,32,1,4.99,0.00
5031257,1012797,28,2,3.49,0.00
5031258,1012798,3,1,10.49,0.00
5031259,1012798,9,1,13.99,0.00
5031260,1012798,27,2,2.49,0.00
5031261,1012799,4,1,14.99,0.00
5031262,1012799,18,2,5.49,0.00
5031263,1012799,34,1,4.49,0.00
5031264,1012799,26,1,2.49,0.00
5031265,1012800,11,3,13.49,0.00
5031266,1012800,22,1,4.49,0.00
5031267,1012800,31,1,3.49,0.00
5031268,1012800,20,1,4.49,0.00
5031269,1012800,25,1,6.49,0.00
5031270,1012801,15,1,10.99,0.00
5031271,1012801,13,1,9.99,0.00
5031272,1012801,33,1,5.49,0.00
5031273,1012802,7,1,11.99,0.00
5031274,1012803,4,1,14.99,0.00
5031275,1012804,15,1,10.99,0.00
5031276,1012804,22,1,4.49,0.00
5031277,1012805,15,1,10.99,0.00
5031278,1012806,14,1,10.49,0.00
5031279,1012807,1,2,11.49,0.00
5031280,1012807,13,1,9.99,0.00
5031281,1012807,20,1,4.49,0.00
5031282,1012808,7,1,11.99,0.00
5031283,1012809,14,1,10.49,0.00
5031284,1012810,7,2,11.99,0.00
5031285,1012810,24,1,3.49,0.00
5031286,1012811,16,1,10.49,0.00
5031287,1012812,8,1,12.49,0.00
5031288,1012812,21,1,3.99,0.00
5031289,1012812,26,1,2.49,0.00
5031290,1012813,12,1,18.99,0.00
5031291,1012814,16,1,10.49,0.00
5031292,1012814,25,1,6.49,0.00
5031293,1012815,13,1,9.99,0.00
5031294,1012815,30,1,3.29,0.00
5031295,1012816,5,1,13.49,0.00
5031296,1012816,33,1,5.49,0.00
5031297,1012817,5,1,13.49,0.00
5031298,1012817,20,1,4.49,0.00
5031299,1012818,14,1,10.49,0.00
5031300,1012818,18,1,5.49,0.00
5031301,1012819,7,1,11.99,0.00
5031302,1012819,21,1,3.99,0.00
5031303,1012819,27,1,2.49,0.00
5031304,1012820,9,1,13.99,0.00
5031305,1012821,13,1,9.99,0.00
5031306,1012821,18,2,5.49,0.00
5031307,1012822,6,1,12.99,0.00
5031308,1012822,25,1,6.49,0.00
5031309,1012823,2,1,11.99,0.00
5031310,1012823,28,3,3.49,0.00
5031311,1012823,30,1,3.29,0.00
5031312,1012823,23,1,3.99,0.00
5031313,1012823,33,1,5.49,0.00
5031314,1012824,2,1,11.99,0.00
5031315,1012824,26,1,2.49,0.00
5031316,1012824,32,1,4.99,0.00
5031317,1012824,18,1,5.49,0.00
5031318,1012825,2,2,11.99,0.00
5031319,1012825,19,1,3.99,0.00
5031320,1012825,32,2,4.99,0.00
5031321,1012826,1,1,11.49,0.00
5031322,1012826,34,1,4.49,0.00
5031323,1012827,6,2,12.99,0.00
5031324,1012827,31,1,3.49,0.00
5031325,1012827,19,1,3.99,0.00
5031326,1012828,9,3,13.99,0.00
5031327,1012828,28,2,3.49,0.00
5031328,1012829,8,1,12.49,0.00
5031329,1012829,19,1,3.99,0.00
5031330,1012830,14,1,10.49,0.00
5031331,1012830,10,3,10.99,0.00
5031332,1012831,9,1,13.99,0.00
5031333,1012831,28,1,3.49,0.00
5031334,1012831,30,-1,3.29,0.00
5031335,1012832,2,1,11.99,0.00
5031336,1012833,3,2,10.49,0.00
5031337,1012834,2,1,11.99,0.00
5031338,1012834,21,1,3.99,0.00
5031339,1012835,5,2,13.49,0.00
5031340,1012835,21,1,3.99,0.00
5031341,1012835,19,1,3.99,0.00
5031342,1012835,24,2,3.49,0.00
5031343,1012835,18,1,5.49,0.00
5031344,1012836,4,2,14.99,0.00
5031345,1012836,27,1,2.49,0.00
5031346,1012837,2,3,11.99,0.00
5031347,1012837,23,-1,3.99,0.00
5031348,1012838,1,1,11.49,0.00
5031349,1012838,27,2,2.49,0.00
5031350,1012838,26,1,2.49,0.00
5031351,1012839,2,1,11.99,0.00
5031352,1012839,28,1,3.49,0.00
5031353,1012840,15,1,10.99,0.00
5031354,1012840,28,2,3.49,0.00
5031355,1012840,6,1,12.99,0.00
5031356,1012841,6,1,12.99,0.00
5031357,1012841,30,1,3.29,0.00
5031358,1012841,8,1,12.49,0.00
5031359,1012841,27,1,2.49,0.00
5031360,1012842,7,1,11.99,0.00
5031361,1012843,5,1,13.49,0.00
5031362,1012843,19,1,3.99,0.00
5031363,1012843,26,2,2.49,0.00
5031364,1012844,12,1,18.99,0.00
5031365,1012844,26,1,2.49,0.00
5031366,1012844,19,1,3.99,0.00
5031367,1012844,29,2,3.49,0.00
5031368,1012844,1,1,11.49,0.00
5031369,1012845,12,1,18.99,0.00
5031370,1012846,14,1,10.49,0.00
5031371,1012846,27,1,2.49,0.00
5031372,1012847,9,1,13.99,0.00
5031373,1012847,20,2,4.49,0.00
5031374,1012847,27,1,2.49,0.00
5031375,1012847,28,1,3.49,0.00
5031376,1012847,18,1,5.49,0.00
5031377,1012848,5,1,13.49,0.00
5031378,1012849,3,1,10.49,0.00
5031379,1012849,23,2,3.99,0.00
5031380,1012849,21,1,3.99,0.00
5031381,1012849,26,1,2.49,0.00
5031382,1012849,31,1,3.49,0.00
5031383,1012850,3,1,10.49,0.00
5031384,1012850,30,1,3.29,0.00
5031385,1012850,32,1,4.99,0.00
5031386,1012851,1,1,11.49,0.00
5031387,1012851,27,1,2.49,0.00
5031388,1012851,21,1,3.99,0.00
5031389,1012852,10,1,10.99,0.00
5031390,1012852,23,1,3.99,0.00
5031391,1012852,20,1,4.49,0.00
5031392,1012853,3,1,10.49,0.00
5031393,1012854,4,1,14.99,0.00
5031394,1012854,27,2,2.49,0.00
5031395,1012854,35,1,2.99,0.00
5031396,1012855,6,1,12.99,0.00
5031397,1012855,22,1,4.49,0.00
5031398,1012855,26,1,2.49,0.00
5031399,1012855,30,1,3.29,0.00
5031400,1012855,4,1,14.99,0.00
5031401,1012856,15,1,10.99,0.00
5031402,1012856,21,1,3.99,0.00
5031403,1012856,34,1,4.49,0.00
5031404,1012856,30,1,3.29,0.00
5031405,1012856,4,1,14.99,0.00
5031406,1012857,5,1,13.49,0.00
5031407,1012857,18,1,5.49,0.00
5031408,1012857,2,1,11.99,0.00
5031409,1012858,1,1,11.49,0.00
5031410,1012858,31,1,3.49,0.00
5031411,1012859,3,2,10.49,0.00
5031412,1012859,28,1,3.49,0.00
5031413,1012859,34,1,4.49,0.00
5031414,1012860,4,1,14.99,0.00
5031415,1012861,2,1,11.99,0.00
5031416,1012862,15,2,10.99,0.00
5031417,1012862,34,1,4.49,0.00
5031418,1012863,9,1,13.99,0.00
5031419,1012863,30,1,3.29,0.00
5031420,1012863,27,2,2.49,0.00
5031421,1012864,11,1,13.49,0.00
5031422,1012864,28,1,3.49,0.00
5031423,1012865,4,1,14.99,0.00
5031424,1012865,29,2,3.49,0.00
5031425,1012866,6,1,12.99,0.00
5031426,1012866,29,1,3.49,0.00
5031427,1012866,35,1,2.99,0.00
5031428,1012866,20,1,4.49,0.00
5031429,1012867,5,1,13.49,0.00
5031430,1012868,1,1,11.49,0.00
5031431,1012868,21,2,3.99,0.00
5031432,1012869,15,2,10.99,0.00
5031433,1012869,25,1,6.49,0.00
5031434,1012870,11,2,13.49,0.00
5031435,1012870,35,1,2.99,0.00
5031436,1012870,32,1,4.99,0.00
5031437,1012870,28,1,3.49,0.00
5031438,1012871,7,1,11.99,0.00
5031439,1012871,23,1,3.99,0.00
5031440,1012871,25,1,6.49,0.00
5031441,1012872,12,1,18.99,0.00
5031442,1012872,25,1,6.49,0.00
5031443,1012872,35,1,2.99,0.00
5031444,1012873,14,1,10.49,0.00
5031445,1012873,19,1,3.99,0.00
5031446,1012873,24,1,3.49,0.00
5031447,1012874,7,1,11.99,0.00
5031448,1012874,27,1,2.49,0.00
5031449,1012874,26,2,2.49,0.00
5031450,1012874,20,1,4.49,0.00
5031451,1012874,25,1,6.49,0.00
5031452,1012875,1,1,11.49,0.00
5031453,1012875,30,1,3.29,0.00
5031454,1012875,21,2,3.99,0.00
5031455,1012875,18,1,5.49,0.00
5031456,1012875,28,1,3.49,0.00
5031457,1012876,5,3,13.49,0.00
5031458,1012876,25,1,6.49,0.00
5031459,1012876,11,1,13.49,0.00
5031460,1012876,34,1,4.49,0.00
5031461,1012876,10,1,10.99,0.00
5031462,1012877,9,2,13.99,0.00
5031463,1012878,9,1,13.99,0.00
5031464,1012878,21,1,3.99,0.00
5031465,1012878,15,1,10.99,0.00
5031466,1012878,18,1,5.49,0.00
5031467,1012878,34,1,4.49,0.00
5031468,1012879,8,2,12.49,0.00
5031469,1012879,27,1,2.49,0.00
5031470,1012880,1,1,11.49,0.00
5031471,1012880,15,2,10.99,0.00
5031472,1012880,30,1,3.29,0.00
5031473,1012881,4,1,14.99,0.00
5031474,1012881,19,1,3.99,0.00
5031475,1012881,5,1,13.49,0.00
5031476,1012881,34,1,4.49,0.00
5031477,1012881,35,1,2.99,0.00
5031478,1012881,20,1,4.49,0.00
5031479,1012882,2,1,11.99,0.00
5031480,1012883,8,1,12.49,0.00
5031481,1012884,7,1,11.99,0.00
5031482,1012884,29,1,3.49,0.00
5031483,1012884,20,1,4.49,0.00
5031484,1012884,32,1,4.99,0.00
5031485,1012885,13,1,9.99,0.00
5031486,1012885,22,1,4.49,0.00
5031487,1012886,9,2,13.99,0.00
5031488,1012886,29,1,3.49,0.00
5031489,1012886,19,1,3.99,0.00
5031490,1012886,18,1,5.49,0.00
5031491,1012887,4,1,14.99,0.00
5031492,1012888,9,1,13.99,0.00
5031493,1012889,1,1,11.49,0.00
5031494,1012889,30,1,3.29,0.00
5031495,1012889,7,1,11.99,0.00
5031496,1012889,23,1,3.99,0.00
5031497,1012889,26,1,2.49,0.00
5031498,1012889,5,1,13.49,0.00
5031499,1012890,11,3,13.49,0.00
5031500,1012890,20,1,4.49,0.00
5031501,1012890,22,1,4.49,0.00
5031502,1012891,8,1,12.49,0.00
5031503,1012891,24,1,3.49,0.00
5031504,1012891,21,1,3.99,0.00
5031505,1012891,18,2,5.49,0.00
5031506,1012892,15,1,10.99,0.00
5031507,1012892,32,1,4.99,0.00
5031508,1012893,3,1,10.49,0.00
5031509,1012893,18,1,5.49,0.00
5031510,1012893,28,1,3.49,0.00
5031511,1012893,25,1,6.49,0.00
5031512,1012894,15,1,10.99,0.00
5031513,1012894,33,1,5.49,0.00
5031514,1012894,23,1,3.99,0.00
5031515,1012895,8,1,12.49,0.00
5031516,1012895,26,1,2.49,0.00
5031517,1012896,7,1,11.99,0.00
5031518,1012896,19,2,3.99,0.00
5031519,1012897,7,1,11.99,0.00
5031520,1012898,7,2,11.99,0.00
5031521,1012899,3,1,10.49,0.00
5031522,1012899,27,1,2.49,0.00
5031523,1012900,2,1,11.99,0.00
5031524,1012900,26,1,2.49,0.00
5031525,1012901,11,1,13.49,0.00
5031526,1012901,30,1,3.29,0.00
5031527,1012901,28,1,3.49,0.00
5031528,1012901,7,1,11.99,0.00
5031529,1012902,6,1,12.99,0.00
5031530,1012902,22,1,4.49,0.00
5031531,1012902,26,1,2.49,0.00
5031532,1012903,9,1,13.99,0.00
5031533,1012903,26,1,2.49,0.00
5031534,1012904,8,1,12.49,0.00
5031535,1012905,6,1,12.99,0.00
5031536,1012905,34,2,4.49,0.00
5031537,1012906,13,1,9.99,0.00
5031538,1012906,27,1,2.49,0.00
5031539,1012906,26,1,2.49,0.00
5031540,1012907,2,2,11.99,0.00
5031541,1012908,7,2,11.99,0.00
5031542,1012908,32,1,4.99,0.00
5031543,1012909,3,1,10.49,0.00
5031544,1012909,29,2,3.49,0.00
5031545,1012909,26,1,2.49,0.00
5031546,1012909,27,1,2.49,0.00
5031547,1012909,23,1,3.99,0.00
5031548,1012910,3,1,10.49,0.00
5031549,1012910,27,2,2.49,0.00
5031550,1012910,30,1,3.29,0.00
5031551,1012911,4,1,14.99,0.00
5031552,1012911,31,2,3.49,0.00
5031553,1012911,34,1,4.49,0.00
5031554,1012912,1,1,11.49,0.00
5031555,1012913,8,1,12.49,0.00
5031556,1012913,25,1,6.49,0.00
5031557,1012914,1,1,11.49,0.00
5031558,1012914,34,1,4.49,0.00
5031559,1012915,7,1,11.99,0.00
5031560,1012915,23,1,3.99,0.00
5031561,1012916,16,1,10.49,0.00
5031562,1012916,23,1,3.99,0.00
5031563,1012916,35,2,2.99,0.00
5031564,1012916,27,1,2.49,0.00
5031565,1012916,26,1,2.49,0.00
5031566,1012917,11,1,13.49,0.00
5031567,1012917,1,1,11.49,0.00
5031568,1012917,15,1,10.99,0.00
5031569,1012917,16,1,10.49,0.00
5031570,1012918,14,1,10.49,0.00
5031571,1012919,4,1,14.99,0.00
5031572,1012919,26,1,2.49,0.00
5031573,1012919,30,1,3.29,0.00
5031574,1012919,29,1,3.49,0.00
5031575,1012920,6,1,12.99,0.00
5031576,1012920,18,1,5.49,0.00
5031577,1012920,28,2,3.49,0.00
5031578,1012920,11,1,13.49,0.00
5031579,1012921,9,1,13.99,0.00
5031580,1012922,5,1,13.49,0.00
5031581,1012923,9,1,13.99,0.00
5031582,1012923,18,2,5.49,0.00
5031583,1012923,26,1,2.49,0.00
5031584,1012924,1,1,11.49,0.00
5031585,1012925,1,1,11.49,0.00
5031586,1012925,24,1,3.49,0.00
5031587,1012925,18,2,5.49,0.00
5031588,1012925,32,1,4.99,0.00
5031589,1012925,22,1,4.49,0.00
5031590,1012926,16,1,10.49,0.00
5031591,1012927,14,1,10.49,0.00
5031592,1012927,21,1,3.99,0.00
5031593,1012927,31,1,3.49,0.00
5031594,1012928,8,1,12.49,0.00
5031595,1012929,7,2,11.99,0.00
5031596,1012929,30,1,3.29,0.00
5031597,1012929,23,1,3.99,0.00
5031598,1012929,35,2,2.99,0.00
5031599,1012930,3,1,10.49,0.00
5031600,1012930,23,1,3.99,0.00
5031601,1012931,15,1,10.99,0.00
5031602,1012931,18,1,5.49,0.00
5031603,1012931,11,1,13.49,0.00
5031604,1012932,2,1,11.99,0.00
5031605,1012933,4,1,14.99,0.00
5031606,1012934,2,1,11.99,0.00
5031607,1012934,3,1,10.49,0.00
5031608,1012935,5,1,13.49,0.00
5031609,1012935,33,2,5.49,0.00
5031610,1012936,15,2,10.99,0.00
5031611,1012936,18,1,5.49,0.00
5031612,1012936,22,1,4.49,0.00
5031613,1012936,19,1,3.99,0.00
5031614,1012936,35,1,2.99,0.00
5031615,1012937,5,1,13.49,0.00
5031616,1012938,9,1,13.99,0.00
5031617,1012938,30,1,3.29,0.00
5031618,1012938,26,1,2.49,0.00
5031619,1012939,1,2,11.49,0.00
5031620,1012940,2,1,11.99,0.00
5031621,1012941,2,2,11.99,0.00
5031622,1012941,26,1,2.49,0.00
5031623,1012941,31,1,3.49,0.00
5031624,1012941,32,1,4.99,0.00
5031625,1012942,7,2,11.99,0.00
5031626,1012943,1,2,11.49,0.00
5031627,1012943,20,1,4.49,0.00
5031628,1012943,29,1,3.49,0.00
5031629,1012943,19,1,3.99,0.00
5031630,1012944,7,1,11.99,0.00
5031631,1012944,27,2,2.49,0.00
5031632,1012944,28,1,3.49,0.00
5031633,1012945,12,1,18.99,0.00
5031634,1012945,22,3,4.49,0.00
5031635,1012945,30,1,3.29,0.00
5031636,1012945,32,1,4.99,0.00
5031637,1012946,2,2,11.99,0.00
5031638,1012946,27,1,2.49,0.00
5031639,1012946,19,1,3.99,0.00
5031640,1012947,11,1,13.49,0.00
5031641,1012947,26,1,2.49,0.00
5031642,1012947,34,1,4.49,0.00
5031643,1012947,32,1,4.99,0.00
5031644,1012948,2,1,11.99,0.00
5031645,1012948,32,2,4.99,0.00
5031646,1012948,31,1,3.49,0.00
5031647,1012949,1,2,11.49,0.00
5031648,1012949,30,1,3.29,0.00
5031649,1012949,19,1,3.99,0.00
5031650,1012950,3,1,10.49,0.00
5031651,1012950,27,2,2.49,0.00
5031652,1012950,23,2,3.99,0.00
5031653,1012950,28,1,3.49,0.00
5031654,1012951,5,1,13.49,0.00
5031655,1012951,26,1,2.49,0.00
5031656,1012951,34,3,4.49,0.00
5031657,1012951,16,1,10.49,0.00
5031658,1012951,29,1,3.49,0.00
5031659,1012952,7,1,11.99,0.00
5031660,1012952,13,1,9.99,0.00
5031661,1012952,18,2,5.49,0.00
5031662,1012953,15,1,10.99,0.00
5031663,1012953,27,1,2.49,0.00
5031664,1012953,18,1,5.49,0.00
5031665,1012954,1,1,11.49,0.00
5031666,1012954,32,1,4.99,0.00
5031667,1012955,11,1,13.49,0.00
5031668,1012955,30,1,3.29,0.00
5031669,1012956,9,1,13.99,0.00
5031670,1012956,22,1,4.49,0.00
5031671,1012956,27,1,2.49,0.00
5031672,1012956,21,1,3.99,0.00
5031673,1012957,4,1,14.99,0.00
5031674,1012958,1,1,11.49,0.00
5031675,1012959,1,2,11.49,0.00
5031676,1012960,14,1,10.49,0.00
5031677,1012960,32,1,4.99,0.00
5031678,1012960,26,1,2.49,0.00
5031679,1012961,2,1,11.99,0.00
5031680,1012961,21,1,3.99,0.00
5031681,1012962,11,1,13.49,0.00
5031682,1012962,1,1,11.49,0.00
5031683,1012962,2,1,11.99,0.00
5031684,1012963,12,2,18.99,0.00
5031685,1012964,10,2,10.99,0.00
5031686,1012964,25,1,6.49,0.00
5031687,1012965,2,1,11.99,0.00
5031688,1012965,26,1,2.49,0.00
5031689,1012966,11,1,13.49,0.00
5031690,1012966,22,2,4.49,0.00
5031691,1012967,14,1,10.49,0.00
5031692,1012967,28,1,3.49,0.00
5031693,1012967,23,2,3.99,0.00
5031694,1012968,13,1,9.99,0.00
5031695,1012968,12,1,18.99,0.00
5031696,1012969,1,1,11.49,0.00
5031697,1012969,28,1,3.49,0.00
5031698,1012969,20,1,4.49,0.00
5031699,1012969,25,1,6.49,0.00
5031700,1012969,26,1,2.49,0.00
5031701,1012970,9,1,13.99,0.00
5031702,1012971,4,1,14.99,0.00
5031703,1012971,29,1,3.49,0.00
5031704,1012972,16,1,10.49,0.00
5031705,1012972,32,3,4.99,0.00
5031706,1012972,9,1,13.99,0.00
5031707,1012972,27,1,2.49,0.00
5031708,1012973,2,1,11.99,0.00
5031709,1012973,23,1,3.99,0.00
5031710,1012973,27,1,2.49,0.00
5031711,1012974,4,1,14.99,0.00
5031712,1012975,2,1,11.99,0.00
5031713,1012976,7,1,11.99,0.00
5031714,1012976,29,2,3.49,0.00
5031715,1012976,30,1,3.29,0.00
5031716,1012976,28,1,3.49,0.00
5031717,1012976,19,1,3.99,0.00
5031718,1012976,26,1,2.49,0.00
5031719,1012977,13,1,9.99,0.00
5031720,1012977,24,1,3.49,0.00
5031721,1012978,4,1,14.99,0.00
5031722,1012978,20,1,4.49,0.00
5031723,1012978,27,3,2.49,0.00
5031724,1012978,32,1,4.99,0.00
5031725,1012979,11,1,13.49,0.00
5031726,1012980,13,1,9.99,0.00
5031727,1012980,25,1,6.49,0.00
5031728,1012980,32,1,4.99,0.00
5031729,1012981,4,1,14.99,0.00
5031730,1012981,27,1,2.49,0.00
5031731,1012982,2,1,11.99,0.00
5031732,1012982,23,1,3.99,0.00
5031733,1012982,30,1,3.29,0.00
5031734,1012983,9,1,13.99,0.00
5031735,1012983,32,1,4.99,0.00
5031736,1012983,22,1,4.49,0.00
5031737,1012984,2,2,11.99,0.00
5031738,1012984,19,1,3.99,0.00
5031739,1012984,33,1,5.49,0.00
5031740,1012985,13,1,9.99,0.00
5031741,1012985,23,1,3.99,0.00
5031742,1012985,33,1,5.49,0.00
5031743,1012985,29,1,3.49,0.00
5031744,1012985,18,1,5.49,0.00
5031745,1012985,2,1,11.99,0.00
5031746,1012986,2,1,11.99,0.00
5031747,1012986,21,1,3.99,0.00
5031748,1012987,4,1,14.99,0.00
5031749,1012988,7,1,11.99,0.00
5031750,1012989,5,1,13.49,0.00
5031751,1012989,28,2,3.49,0.00
5031752,1012989,21,1,3.99,0.00
5031753,1012990,13,2,9.99,0.00
5031754,1012990,22,1,4.49,0.00
5031755,1012991,6,1,12.99,0.00
5031756,1012991,26,1,2.49,0.00
5031757,1012992,14,1,10.49,0.00
5031758,1012992,9,1,13.99,0.00
5031759,1012992,4,1,14.99,0.00
5031760,1012993,4,1,14.99,0.00
5031761,1012993,30,2,3.29,0.00
5031762,1012993,22,1,4.49,0.00
5031763,1012994,2,2,11.99,0.00
5031764,1012994,26,1,2.49,0.00
5031765,1012995,1,1,11.49,0.00
5031766,1012996,4,1,14.99,0.00
5031767,1012996,26,2,2.49,0.00
5031768,1012996,19,1,3.99,0.00
5031769,1012997,5,1,13.49,0.00
5031770,1012998,7,1,11.99,0.00
5031771,1012999,10,1,10.99,0.00
5031772,1012999,23,1,3.99,0.00
5031773,1013000,3,1,10.49,0.00
5031774,1013000,31,1,3.49,0.00
5031775,1013000,33,2,5.49,0.00
5031776,1013000,26,1,2.49,0.00
5031777,1013000,21,1,3.99,0.00
5031778,1013001,7,1,11.99,0.00
5031779,1013001,24,1,3.49,0.00
5031780,1013001,23,1,3.99,0.00
5031781,1013002,8,1,12.49,0.00
5031782,1013002,27,1,2.49,0.00
5031783,1013002,32,1,4.99,0.00
5031784,1013003,10,1,10.99,0.00
5031785,1013004,14,1,10.49,0.00
5031786,1013004,26,1,2.49,0.00
5031787,1013004,23,1,3.99,0.00
5031788,1013005,3,1,10.49,0.00
5031789,1013006,14,1,10.49,0.00
5031790,1013006,19,1,3.99,0.00
5031791,1013007,10,1,10.99,0.00
5031792,1013008,2,1,11.99,0.00
5031793,1013008,27,1,2.49,0.00
5031794,1013008,5,1,13.49,0.00
5031795,1013008,26,1,2.49,0.00
5031796,1013009,13,1,9.99,0.00
5031797,1013009,34,1,4.49,0.00
5031798,1013010,8,1,12.49,0.00
5031799,1013011,9,1,13.99,0.00
5031800,1013011,30,1,3.29,0.00
5031801,1013012,1,1,11.49,0.00
5031802,1013012,19,1,3.99,0.00
5031803,1013012,25,1,6.49,0.00
5031804,1013012,21,2,3.99,0.00
5031805,1013013,7,1,11.99,0.00
5031806,1013013,19,3,3.99,0.00
5031807,1013014,15,1,10.99,0.00
5031808,1013014,14,2,10.49,0.00
5031809,1013014,21,3,3.99,0.00
5031810,1013014,30,3,3.29,0.00
5031811,1013015,7,1,11.99,0.00
5031812,1013015,26,1,2.49,0.00
5031813,1013016,6,1,12.99,0.00
5031814,1013016,22,1,4.49,0.00
5031815,1013016,31,1,3.49,0.00
5031816,1013017,11,1,13.49,0.00
5031817,1013017,29,1,3.49,0.00
5031818,1013017,20,1,4.49,0.00
5031819,1013018,8,3,12.49,0.00
5031820,1013018,25,1,6.49,0.00
5031821,1013019,8,2,12.49,0.00
5031822,1013019,35,1,2.99,0.00
5031823,1013019,28,2,3.49,0.00
5031824,1013020,1,1,11.49,0.00
5031825,1013020,18,2,5.49,0.00
5031826,1013021,9,1,13.99,0.00
5031827,1013022,9,1,13.99,0.00
5031828,1013023,4,2,14.99,0.00
5031829,1013023,20,1,4.49,0.00
5031830,1013023,23,1,3.99,0.00
5031831,1013024,8,3,12.49,0.00
5031832,1013024,25,1,6.49,0.00
5031833,1013025,5,1,13.49,0.00
5031834,1013025,23,1,3.99,0.00
5031835,1013026,11,1,13.49,0.00
5031836,1013026,27,1,2.49,0.00
5031837,1013026,6,1,12.99,0.00
5031838,1013026,24,1,3.49,0.00
5031839,1013026,20,1,4.49,0.00
5031840,1013027,3,2,10.49,0.00
5031841,1013027,27,2,2.49,0.00
5031842,1013027,25,1,6.49,0.00
5031843,1013027,1,2,11.49,0.00
5031844,1013027,26,1,2.49,0.00
5031845,1013028,3,1,10.49,0.00
5031846,1013028,18,3,5.49,0.00
5031847,1013029,11,1,13.49,0.00
5031848,1013030,4,1,14.99,0.00
5031849,1013030,29,1,3.49,0.00
5031850,1013031,4,1,14.99,0.00
5031851,1013031,30,1,3.29,0.00
5031852,1013032,9,1,13.99,0.00
5031853,1013032,19,1,3.99,0.00
5031854,1013033,9,3,13.99,0.00
5031855,1013034,13,2,9.99,0.00
5031856,1013034,21,1,3.99,0.00
5031857,1013034,27,1,2.49,0.00
5031858,1013034,20,1,4.49,0.00
5031859,1013035,2,2,11.99,0.00
5031860,1013035,30,1,3.29,0.00
5031861,1013035,21,2,3.99,0.00
5031862,1013035,26,3,2.49,0.00
5031863,1013036,10,1,10.99,0.00
5031864,1013036,30,1,3.29,0.00
5031865,1013036,34,1,4.49,0.00
5031866,1013036,7,1,11.99,0.00
5031867,1013037,8,1,12.49,0.00
5031868,1013037,28,-2,3.49,0.00
5031869,1013037,20,1,4.49,0.00
5031870,1013038,9,1,13.99,0.00
5031871,1013038,34,2,4.49,0.00
5031872,1013038,26,1,2.49,0.00
5031873,1013039,12,1,18.99,0.00
5031874,1013039,26,1,2.49,0.00
5031875,1013039,21,1,3.99,0.00
5031876,1013039,29,2,3.49,0.00
5031877,1013040,3,1,10.49,0.00
5031878,1013040,21,1,3.99,0.00
5031879,1013041,15,1,10.99,0.00
5031880,1013041,22,1,4.49,0.00
5031881,1013041,25,1,6.49,0.00
5031882,1013041,30,1,3.29,0.00
5031883,1013041,19,1,3.99,0.00
5031884,1013042,8,1,12.49,0.00
5031885,1013042,32,2,4.99,0.00
5031886,1013042,26,2,2.49,0.00
5031887,1013042,27,1,2.49,0.00
5031888,1013043,2,1,11.99,0.00
5031889,1013044,9,1,13.99,0.00
5031890,1013044,32,1,4.99,0.00
5031891,1013045,16,1,10.49,0.00
5031892,1013045,26,2,2.49,0.00
5031893,1013046,3,1,10.49,0.00
5031894,1013046,29,2,3.49,0.00
5031895,1013047,2,1,11.99,0.00
5031896,1013047,29,1,3.49,0.00
5031897,1013048,5,1,13.49,0.00
5031898,1013048,28,1,3.49,0.00
5031899,1013048,31,1,3.49,0.00
5031900,1013049,9,1,13.99,0.00
5031901,1013049,25,1,6.49,0.00
5031902,1013049,22,1,4.49,0.00
5031903,1013049,21,2,3.99,0.00
5031904,1013050,1,1,11.49,0.00
5031905,1013050,27,1,2.49,0.00
5031906,1013051,3,1,10.49,0.00
5031907,1013051,28,1,3.49,0.00
5031908,1013052,3,2,10.49,0.00
5031909,1013053,1,1,11.49,0.00
5031910,1013053,27,2,2.49,0.00
5031911,1013053,22,1,4.49,0.00
5031912,1013054,8,1,12.49,0.00
5031913,1013054,21,3,3.99,0.00
5031914,1013054,22,1,4.49,0.00
5031915,1013054,25,1,6.49,0.00
5031916,1013055,5,1,13.49,0.00
5031917,1013056,3,1,10.49,0.00
5031918,1013056,28,1,3.49,0.00
5031919,1013056,26,3,2.49,0.00
5031920,1013057,3,1,10.49,0.00
5031921,1013057,7,1,11.99,0.00
5031922,1013057,25,2,6.49,0.00
5031923,1013057,2,1,11.99,0.00
5031924,1013057,31,1,3.49,0.00
5031925,1013058,12,1,18.99,0.00
5031926,1013058,33,1,5.49,0.00
5031927,1013059,9,2,13.99,0.00
5031928,1013059,24,1,3.49,0.00
5031929,1013059,14,1,10.49,0.00
5031930,1013060,16,1,10.49,0.00
5031931,1013060,21,1,3.99,0.00
5031932,1013061,6,2,12.99,0.00
5031933,1013061,30,1,3.29,0.00
5031934,1013062,3,1,10.49,0.00
5031935,1013062,18,1,5.49,0.00
5031936,1013062,32,2,4.99,0.00
5031937,1013062,10,1,10.99,0.00
5031938,1013063,11,1,13.49,0.00
5031939,1013063,19,1,3.99,0.00
5031940,1013064,2,1,11.99,0.00
5031941,1013064,31,1,3.49,0.00
5031942,1013064,21,1,3.99,0.00
5031943,1013065,8,1,12.49,0.00
5031944,1013065,24,1,3.49,0.00
5031945,1013066,2,1,11.99,0.00
5031946,1013066,25,1,6.49,0.00
5031947,1013066,27,1,2.49,0.00
5031948,1013067,3,1,10.49,0.00
5031949,1013067,28,1,3.49,0.00
5031950,1013067,21,1,3.99,0.00
5031951,1013067,35,1,2.99,0.00
5031952,1013067,34,1,4.49,0.00
5031953,1013068,14,3,10.49,0.00
5031954,1013068,21,1,3.99,0.00
5031955,1013069,6,1,12.99,0.00
5031956,1013069,33,2,5.49,0.00
5031957,1013070,9,1,13.99,0.00
5031958,1013070,26,1,2.49,0.00
5031959,1013071,2,-1,11.99,0.00
5031960,1013071,22,1,4.49,0.00
5031961,1013071,26,1,2.49,0.00
5031962,1013071,19,1,3.99,0.00
5031963,1013072,6,1,12.99,0.00
5031964,1013073,13,1,9.99,0.00
5031965,1013074,5,1,13.49,0.00
5031966,1013074,21,1,3.99,0.00
5031967,1013074,26,1,2.49,0.00
5031968,1013075,2,1,11.99,0.00
5031969,1013075,18,2,5.49,0.00
5031970,1013075,24,1,3.49,0.00
5031971,1013075,21,1,3.99,0.00
5031972,1013076,9,2,13.99,0.00
5031973,1013076,31,1,3.49,0.00
5031974,1013076,26,1,2.49,0.00
5031975,1013077,9,1,13.99,0.00
5031976,1013078,13,1,9.99,0.00
5031977,1013078,27,1,2.49,0.00
5031978,1013079,7,1,11.99,0.00
5031979,1013080,2,1,11.99,0.00
5031980,1013080,30,1,3.29,0.00
5031981,1013081,5,1,13.49,0.00
5031982,1013081,26,2,2.49,0.00
5031983,1013081,25,1,6.49,0.00
5031984,1013082,7,1,11.99,0.00
5031985,1013083,8,1,12.49,0.00
5031986,1013083,27,1,2.49,0.00
5031987,1013084,14,1,10.49,0.00
5031988,1013084,35,1,2.99,0.00
5031989,1013084,25,1,6.49,0.00
5031990,1013085,1,1,11.49,0.00
5031991,1013085,19,2,3.99,0.00
5031992,1013085,27,1,2.49,0.00
5031993,1013086,16,3,10.49,0.00
5031994,1013086,30,1,3.29,0.00
5031995,1013087,16,1,10.49,0.00
5031996,1013087,25,1,6.49,0.00
5031997,1013088,7,1,11.99,0.00
5031998,1013088,23,1,3.99,0.00
5031999,1013088,22,1,4.49,0.00
5032000,1013089,8,1,12.49,0.00
5032001,1013090,10,2,10.99,0.00
5032002,1013090,26,1,2.49,0.00
5032003,1013091,2,1,11.99,0.00
5032004,1013091,18,1,5.49,0.00
5032005,1013091,27,1,2.49,0.00
5032006,1013092,15,2,10.99,0.00
5032007,1013092,23,1,3.99,0.00
5032008,1013092,33,1,5.49,0.00
5032009,1013092,22,1,4.49,0.00
5032010,1013093,5,2,13.49,0.00
5032011,1013093,34,1,4.49,0.00
5032012,1013093,27,3,2.49,0.00
5032013,1013094,6,1,12.99,0.00
5032014,1013094,33,1,5.49,0.00
5032015,1013094,27,1,2.49,0.00
5032016,1013094,18,1,5.49,0.00
5032017,1013094,28,1,3.49,0.00
5032018,1013095,8,1,12.49,0.00
5032019,1013095,28,1,3.49,0.00
5032020,1013095,34,1,4.49,0.00
5032021,1013096,9,2,13.99,0.00
5032022,1013096,18,1,5.49,0.00
5032023,1013096,25,1,6.49,0.00
5032024,1013097,12,1,18.99,0.00
5032025,1013097,21,2,3.99,0.00
5032026,1013097,26,1,2.49,0.00
5032027,1013098,16,1,10.49,0.00
5032028,1013098,19,1,3.99,0.00
5032029,1013098,33,1,5.49,0.00
5032030,1013099,2,1,11.99,0.00
5032031,1013100,15,1,10.99,0.00
5032032,1013100,18,1,5.49,0.00
5032033,1013100,31,1,3.49,0.00
5032034,1013100,26,1,2.49,0.00
5032035,1013101,11,1,13.49,0.00
5032036,1013101,2,1,11.99,0.00
5032037,1013102,10,1,10.99,0.00
5032038,1013102,27,1,2.49,0.00
5032039,1013103,7,2,11.99,0.00
5032040,1013103,20,1,4.49,0.00
5032041,1013103,22,1,4.49,0.00
5032042,1013104,1,1,11.49,0.00
5032043,1013104,29,3,3.49,0.00
5032044,1013104,35,1,2.99,0.00
5032045,1013105,1,1,11.49,0.00
5032046,1013105,21,1,3.99,0.00
5032047,1013106,10,1,10.99,0.00
5032048,1013106,30,1,3.29,0.00
5032049,1013106,18,1,5.49,0.00
5032050,1013107,5,1,13.49,0.00
5032051,1013107,21,1,3.99,0.00
5032052,1013107,35,1,2.99,0.00
5032053,1013107,34,1,4.49,0.00
5032054,1013108,9,1,13.99,0.00
5032055,1013108,34,1,4.49,0.00
5032056,1013109,15,1,10.99,0.00
5032057,1013109,23,1,3.99,0.00
5032058,1013109,19,1,3.99,0.00
5032059,1013110,7,1,11.99,0.00
5032060,1013111,8,1,12.49,0.00
5032061,1013111,18,1,5.49,0.00
5032062,1013111,28,2,3.49,0.00
5032063,1013111,20,1,4.49,0.00
5032064,1013111,30,1,3.29,0.00
5032065,1013112,8,1,12.49,0.00
5032066,1013112,16,1,10.49,0.00
5032067,1013112,33,1,5.49,0.00
5032068,1013113,7,1,11.99,0.00
5032069,1013114,3,1,10.49,0.00
5032070,1013115,16,1,10.49,0.00
5032071,1013115,7,2,11.99,0.00
5032072,1013115,27,1,2.49,0.00
5032073,1013116,15,1,10.99,0.00
5032074,1013116,21,2,3.99,0.00
5032075,1013116,27,2,2.49,0.00
5032076,1013117,5,1,13.49,0.00
5032077,1013117,30,1,3.29,0.00
5032078,1013117,24,2,3.49,0.00
5032079,1013118,11,1,13.49,0.00
5032080,1013119,15,2,10.99,0.00
5032081,1013119,20,1,4.49,0.00
5032082,1013120,16,1,10.49,0.00
5032083,1013121,3,3,10.49,0.00
5032084,1013121,10,1,10.99,0.00
5032085,1013121,26,1,2.49,0.00
5032086,1013122,9,1,13.99,0.00
5032087,1013122,31,1,3.49,0.00
5032088,1013122,29,1,3.49,0.00
5032089,1013123,2,2,11.99,0.00
5032090,1013124,6,1,12.99,0.00
5032091,1013125,9,2,13.99,0.00
5032092,1013125,24,1,3.49,0.00
5032093,1013126,11,1,13.49,0.00
5032094,1013126,29,1,3.49,0.00
5032095,1013127,6,1,12.99,0.00
5032096,1013127,29,1,3.49,0.00
5032097,1013127,28,1,3.49,0.00
5032098,1013128,11,2,13.49,0.00
5032099,1013128,18,1,5.49,0.00
5032100,1013128,22,1,4.49,0.00
5032101,1013128,30,1,3.29,0.00
5032102,1013128,27,1,2.49,0.00
5032103,1013129,10,1,10.99,0.00
5032104,1013129,28,2,3.49,0.00
5032105,1013129,20,2,4.49,0.00
5032106,1013130,5,1,13.49,0.00
5032107,1013131,8,1,12.49,0.00
5032108,1013131,19,1,3.99,0.00
5032109,1013131,25,2,6.49,0.00
5032110,1013131,23,1,3.99,0.00
5032111,1013131,27,1,2.49,0.00
5032112,1013132,15,1,10.99,0.00
5032113,1013132,28,2,3.49,0.00
5032114,1013132,21,1,3.99,0.00
5032115,1013133,1,1,11.49,0.00
5032116,1013133,18,1,5.49,0.00
5032117,1013134,8,1,12.49,0.00
5032118,1013134,27,1,2.49,0.00
5032119,1013134,23,1,3.99,0.00
5032120,1013134,19,1,3.99,0.00
5032121,1013135,9,1,13.99,0.00
5032122,1013135,24,1,3.49,0.00
5032123,1013136,4,1,14.99,0.00
5032124,1013137,16,1,10.49,0.00
5032125,1013138,15,1,10.99,0.00
5032126,1013138,21,1,3.99,0.00
5032127,1013138,25,1,6.49,0.00
5032128,1013138,22,3,4.49,0.00
5032129,1013139,3,2,10.49,0.00
5032130,1013139,19,1,3.99,0.00
5032131,1013139,8,1,12.49,0.00
5032132,1013140,11,2,13.49,0.00
5032133,1013140,28,1,3.49,0.00
5032134,1013141,5,1,13.49,0.00
5032135,1013141,15,1,10.99,0.00
5032136,1013141,23,1,3.99,0.00
5032137,1013142,16,1,10.49,0.00
5032138,1013142,22,1,4.49,0.00
5032139,1013142,32,1,4.99,0.00
5032140,1013142,28,-1,3.49,0.00
5032141,1013142,23,1,3.99,0.00
5032142,1013142,31,1,3.49,0.00
5032143,1013143,14,1,10.49,0.00
5032144,1013144,9,1,13.99,0.00
5032145,1013145,1,1,11.49,0.00
5032146,1013145,22,2,4.49,0.00
5032147,1013146,9,1,13.99,0.00
5032148,1013147,1,1,11.49,0.00
5032149,1013147,28,1,3.49,0.00
5032150,1013147,23,1,3.99,0.00
5032151,1013148,5,1,13.49,0.00
5032152,1013148,27,0,2.49,0.00
5032153,1013149,15,1,10.99,0.00
5032154,1013149,7,2,11.99,0.00
5032155,1013149,29,1,3.49,0.00
5032156,1013150,14,2,10.49,0.00
5032157,1013151,14,1,10.49,0.00
5032158,1013151,32,1,4.99,0.00
5032159,1013152,6,1,12.99,0.00
5032160,1013152,24,2,3.49,0.00
5032161,1013152,30,1,3.29,0.00
5032162,1013152,29,1,3.49,0.00
5032163,1013153,3,-2,10.49,0.00
5032164,1013153,32,1,4.99,0.00
5032165,1013153,27,2,2.49,0.00
5032166,1013153,34,1,4.49,0.00
5032167,1013154,3,1,10.49,0.00
5032168,1013154,26,1,2.49,0.00
5032169,1013155,6,1,12.99,0.00
5032170,1013155,19,2,3.99,0.00
5032171,1013155,31,1,3.49,0.00
5032172,1013155,22,1,4.49,0.00
5032173,1013156,15,1,10.99,0.00
5032174,1013157,8,1,12.49,0.00
5032175,1013158,4,1,14.99,0.00
5032176,1013159,11,1,13.49,0.00
5032177,1013159,21,3,3.99,0.00
5032178,1013159,1,1,11.49,0.00
5032179,1013159,34,1,4.49,0.00
5032180,1013159,22,1,4.49,0.00
5032181,1013160,6,1,12.99,0.00
5032182,1013161,7,2,11.99,0.00
5032183,1013161,25,1,6.49,0.00
5032184,1013162,4,1,14.99,0.00
5032185,1013162,3,1,10.49,0.00
5032186,1013162,8,1,12.49,0.00
5032187,1013163,16,2,10.49,0.00
5032188,1013163,18,2,5.49,0.00
5032189,1013163,33,1,5.49,0.00
5032190,1013164,3,2,10.49,0.00
5032191,1013164,34,1,4.49,0.00
5032192,1013165,3,1,10.49,0.00
5032193,1013166,6,1,12.99,0.00
5032194,1013166,18,1,5.49,0.00
5032195,1013167,2,4,11.99,0.00
5032196,1013167,18,1,5.49,0.00
5032197,1013167,23,1,3.99,0.00
5032198,1013168,11,1,13.49,0.00
5032199,1013169,11,2,13.49,0.00
5032200,1013169,21,1,3.99,0.00
5032201,1013169,32,1,4.99,0.00
5032202,1013169,23,1,3.99,0.00
5032203,1013169,30,1,3.29,0.00
5032204,1013170,1,-1,11.49,0.00
5032205,1013171,9,1,13.99,0.00
5032206,1013172,10,1,10.99,0.00
5032207,1013172,20,1,4.49,0.00
5032208,1013173,9,1,13.99,0.00
5032209,1013174,7,1,11.99,0.00
5032210,1013174,33,1,5.49,0.00
5032211,1013175,3,1,10.49,0.00
5032212,1013175,30,1,3.29,0.00
5032213,1013176,3,1,10.49,0.00
5032214,1013176,30,1,3.29,0.00
5032215,1013177,2,1,11.99,0.00
5032216,1013177,21,2,3.99,0.00
5032217,1013177,34,1,4.49,0.00
5032218,1013178,9,1,13.99,0.00
5032219,1013179,1,1,11.49,0.00
5032220,1013179,22,1,4.49,0.00
5032221,1013179,29,1,3.49,0.00
5032222,1013180,10,1,10.99,0.00
5032223,1013180,20,1,4.49,0.00
5032224,1013180,34,1,4.49,0.00
5032225,1013181,6,1,12.99,0.00
5032226,1013181,28,1,3.49,0.00
5032227,1013181,19,1,3.99,0.00
5032228,1013181,21,2,3.99,0.00
5032229,1013182,3,1,10.49,0.00
5032230,1013183,7,1,11.99,0.00
5032231,1013183,30,1,3.29,0.00
5032232,1013183,18,1,5.49,0.00
5032233,1013183,28,1,3.49,0.00
5032234,1013183,24,2,3.49,0.00
5032235,1013184,6,1,12.99,0.00
5032236,1013184,19,1,3.99,0.00
5032237,1013184,18,1,5.49,0.00
5032238,1013185,4,1,14.99,0.00
5032239,1013185,20,2,4.49,0.00
5032240,1013185,30,1,3.29,0.00
5032241,1013185,29,1,3.49,0.00
5032242,1013186,3,1,10.49,0.00
5032243,1013186,30,1,3.29,0.00
5032244,1013187,8,1,12.49,0.00
5032245,1013188,9,1,13.99,0.00
5032246,1013188,21,1,3.99,0.00
5032247,1013188,34,1,4.49,0.00
5032248,1013188,27,2,2.49,0.00
5032249,1013189,8,2,12.49,0.00
5032250,1013189,23,1,3.99,0.00
5032251,1013189,26,1,2.49,0.00
5032252,1013190,12,1,18.99,0.00
5032253,1013191,4,1,14.99,0.00
5032254,1013191,28,1,3.49,0.00
5032255,1013191,8,1,12.49,0.00
5032256,1013191,26,1,2.49,0.00
5032257,1013191,9,1,13.99,0.00
5032258,1013192,10,1,10.99,0.00
5032259,1013192,26,1,2.49,0.00
5032260,1013192,22,3,4.49,0.00
5032261,1013193,6,1,12.99,0.00
5032262,1013193,20,1,4.49,0.00
5032263,1013193,28,3,3.49,0.00
5032264,1013194,11,1,13.49,0.00
5032265,1013194,25,1,6.49,0.00
5032266,1013195,12,1,18.99,0.00
5032267,1013195,29,1,3.49,0.00
5032268,1013196,3,1,10.49,0.00
5032269,1013196,26,1,2.49,0.00
5032270,1013197,6,2,12.99,0.00
5032271,1013197,21,1,3.99,0.00
5032272,1013197,18,1,5.49,0.00
5032273,1013198,12,1,18.99,0.00
5032274,1013199,1,1,11.49,0.00
5032275,1013200,14,1,10.49,0.00
5032276,1013200,19,1,3.99,0.00
5032277,1013201,14,1,10.49,0.00
5032278,1013202,15,1,10.99,0.00
5032279,1013202,19,1,3.99,0.00
5032280,1013203,4,1,14.99,0.00
5032281,1013203,27,1,2.49,0.00
5032282,1013203,24,1,3.49,0.00
5032283,1013204,1,1,11.49,0.00
5032284,1013205,13,1,9.99,0.00
5032285,1013205,30,1,3.29,0.00
5032286,1013205,23,1,3.99,0.00
5032287,1013205,29,1,3.49,0.00
5032288,1013206,2,1,11.99,0.00
5032289,1013206,21,1,3.99,0.00
5032290,1013206,31,1,3.49,0.00
5032291,1013207,9,1,13.99,0.00
5032292,1013207,18,1,5.49,0.00
5032293,1013208,3,1,10.49,0.00
5032294,1013208,29,1,3.49,0.00
5032295,1013209,7,1,11.99,0.00
5032296,1013209,31,1,3.49,0.00
5032297,1013210,1,1,11.49,0.00
5032298,1013210,18,1,5.49,0.00
5032299,1013211,2,3,11.99,0.00
5032300,1013211,27,3,2.49,0.00
5032301,1013211,31,2,3.49,0.00
5032302,1013211,29,1,3.49,0.00
5032303,1013212,3,1,10.49,0.00
5032304,1013213,7,2,11.99,0.00
5032305,1013213,23,1,3.99,0.00
5032306,1013214,8,1,12.49,0.00
5032307,1013215,11,1,13.49,0.00
5032308,1013215,31,1,3.49,0.00
5032309,1013215,18,1,5.49,0.00
5032310,1013215,35,1,2.99,0.00
5032311,1013216,7,1,11.99,0.00
5032312,1013216,29,1,3.49,0.00
5032313,1013217,9,1,13.99,0.00
5032314,1013217,23,1,3.99,0.00
5032315,1013217,13,1,9.99,0.00
5032316,1013218,5,1,13.49,0.00
5032317,1013218,19,1,3.99,0.00
5032318,1013219,14,1,10.49,0.00
5032319,1013220,5,1,13.49,0.00
5032320,1013221,4,1,14.99,0.00
5032321,1013221,33,2,5.49,0.00
5032322,1013221,21,1,3.99,0.00
5032323,1013222,2,1,11.99,0.00
5032324,1013223,11,1,13.49,0.00
5032325,1013224,7,1,11.99,0.00
5032326,1013224,35,1,2.99,0.00
5032327,1013224,20,1,4.49,0.00
5032328,1013225,10,1,10.99,0.00
5032329,1013225,18,1,5.49,0.00
5032330,1013226,1,1,11.49,0.00
5032331,1013226,22,2,4.49,0.00
5032332,1013227,13,1,9.99,0.00
5032333,1013227,32,1,4.99,0.00
5032334,1013228,15,1,10.99,0.00
5032335,1013228,18,1,5.49,0.00
5032336,1013228,27,1,2.49,0.00
5032337,1013229,10,1,10.99,0.00
5032338,1013229,3,1,10.49,0.00
5032339,1013230,16,1,10.49,0.00
5032340,1013230,21,1,3.99,0.00
5032341,1013230,23,1,3.99,0.00
5032342,1013230,22,2,4.49,0.00
5032343,1013231,5,1,13.49,0.00
5032344,1013231,34,1,4.49,0.00
5032345,1013231,26,1,2.49,0.00
5032346,1013232,10,1,10.99,0.00
5032347,1013233,12,1,18.99,0.00
5032348,1013233,29,1,3.49,0.00
5032349,1013233,24,1,3.49,0.00
5032350,1013234,5,1,13.49,0.00
5032351,1013234,27,1,2.49,0.00
5032352,1013234,30,1,3.29,0.00
5032353,1013234,26,1,2.49,0.00
5032354,1013235,6,1,12.99,0.00
5032355,1013235,19,1,3.99,0.00
5032356,1013235,21,2,3.99,0.00
5032357,1013236,10,1,10.99,0.00
5032358,1013236,21,1,3.99,0.00
5032359,1013237,1,1,11.49,0.00
5032360,1013237,28,1,3.49,0.00
5032361,1013237,26,3,2.49,0.00
5032362,1013237,18,1,5.49,0.00
5032363,1013238,10,1,10.99,0.00
5032364,1013238,27,3,2.49,0.00
5032365,1013239,6,1,12.99,0.00
5032366,1013239,1,1,11.49,0.00
5032367,1013239,9,1,13.99,0.00
5032368,1013240,2,1,11.99,0.00
5032369,1013240,22,1,4.49,0.00
5032370,1013241,15,1,10.99,0.00
5032371,1013241,30,1,3.29,0.00
5032372,1013242,5,1,13.49,0.00
5032373,1013242,26,1,2.49,0.00
5032374,1013243,15,1,10.99,0.00
5032375,1013243,21,1,3.99,0.00
5032376,1013244,7,1,11.99,0.00
5032377,1013245,5,1,13.49,0.00
5032378,1013245,21,1,3.99,0.00
5032379,1013246,2,1,11.99,0.00
5032380,1013247,9,1,13.99,0.00
5032381,1013248,7,1,11.99,0.00
5032382,1013248,26,1,2.49,0.00
5032383,1013249,10,1,10.99,0.00
5032384,1013249,30,1,3.29,0.00
5032385,1013250,5,1,13.49,0.00
5032386,1013250,19,1,3.99,0.00
5032387,1013251,11,1,13.49,0.00
5032388,1013252,2,2,11.99,0.00
5032389,1013252,19,1,3.99,0.00
5032390,1013253,16,2,10.49,0.00
5032391,1013253,7,2,11.99,0.00
5032392,1013253,18,1,5.49,0.00
5032393,1013254,2,3,11.99,0.00
5032394,1013255,9,1,13.99,0.00
5032395,1013255,34,1,4.49,0.00
5032396,1013256,7,1,11.99,0.00
5032397,1013256,29,1,3.49,0.00
5032398,1013257,10,1,10.99,0.00
5032399,1013257,11,2,13.49,0.00
5032400,1013258,10,1,10.99,0.00
5032401,1013258,20,1,4.49,0.00
5032402,1013259,16,1,10.49,0.00
5032403,1013259,29,2,3.49,0.00
5032404,1013260,5,1,13.49,0.00
5032405,1013260,21,1,3.99,0.00
5032406,1013261,3,1,10.49,0.00
5032407,1013261,28,1,3.49,0.00
5032408,1013261,27,1,2.49,0.00
5032409,1013262,8,1,12.49,0.00
5032410,1013262,26,1,2.49,0.00
5032411,1013263,8,1,12.49,0.00
5032412,1013263,32,1,4.99,0.00
5032413,1013263,24,1,3.49,0.00
5032414,1013263,26,1,2.49,0.00
5032415,1013264,13,1,9.99,0.00
5032416,1013264,24,1,3.49,0.00
5032417,1013264,23,1,3.99,0.00
5032418,1013265,13,1,9.99,0.00
5032419,1013265,29,1,3.49,0.00
5032420,1013265,14,1,10.49,0.00
5032421,1013266,16,1,10.49,0.00
5032422,1013266,32,1,4.99,0.00
5032423,1013267,5,1,13.49,0.00
5032424,1013267,32,1,4.99,0.00
5032425,1013268,9,2,13.99,0.00
5032426,1013269,8,1,12.49,0.00
5032427,1013269,31,1,3.49,0.00
5032428,1013270,9,1,13.99,0.00
5032429,1013270,26,1,2.49,0.00
5032430,1013271,14,2,10.49,0.00
5032431,1013272,10,1,10.99,0.00
5032432,1013272,19,1,3.99,0.00
5032433,1013272,29,1,3.49,0.00
5032434,1013272,26,1,2.49,0.00
5032435,1013273,12,2,18.99,0.00
5032436,1013273,20,1,4.49,0.00
5032437,1013273,34,1,4.49,0.00
5032438,1013273,21,1,3.99,0.00
5032439,1013274,13,2,9.99,0.00
5032440,1013274,30,1,3.29,0.00
5032441,1013275,7,1,11.99,0.00
5032442,1013276,2,1,11.99,0.00
5032443,1013276,20,1,4.49,0.00
5032444,1013277,6,1,12.99,0.00
5032445,1013277,30,1,3.29,0.00
5032446,1013277,21,1,3.99,0.00
5032447,1013278,4,1,14.99,0.00
5032448,1013278,27,1,2.49,0.00
5032449,1013278,28,1,3.49,0.00
5032450,1013278,22,1,4.49,0.00
5032451,1013278,2,1,11.99,0.00
5032452,1013278,19,1,3.99,0.00
5032453,1013279,11,1,13.49,0.00
5032454,1013279,28,1,3.49,0.00
5032455,1013280,3,1,10.49,0.00
5032456,1013280,23,1,3.99,0.00
5032457,1013280,18,1,5.49,0.00
5032458,1013281,11,1,13.49,0.00
5032459,1013282,7,1,11.99,0.00
5032460,1013282,25,3,6.49,0.00
5032461,1013283,15,1,10.99,0.00
5032462,1013283,27,1,2.49,0.00
5032463,1013283,29,1,3.49,0.00
5032464,1013284,7,1,11.99,0.00
5032465,1013284,18,1,5.49,0.00
5032466,1013285,15,1,10.99,0.00
5032467,1013285,26,1,2.49,0.00
5032468,1013285,18,1,5.49,0.00
5032469,1013286,11,1,13.49,0.00
5032470,1013286,8,1,12.49,0.00
5032471,1013287,10,1,10.99,0.00
5032472,1013287,30,1,3.29,0.00
5032473,1013288,4,1,14.99,0.00
5032474,1013288,24,3,3.49,0.00
5032475,1013288,12,1,18.99,0.00
5032476,1013288,21,-1,3.99,0.00
5032477,1013289,15,1,10.99,0.00
5032478,1013289,28,1,3.49,0.00
5032479,1013290,9,1,13.99,0.00
5032480,1013291,6,1,12.99,0.00
5032481,1013291,28,1,3.49,0.00
5032482,1013291,7,1,11.99,0.00
5032483,1013292,15,1,10.99,0.00
5032484,1013293,9,2,13.99,0.00
5032485,1013294,11,1,13.49,0.00
5032486,1013295,9,1,13.99,0.00
5032487,1013295,26,1,2.49,0.00
5032488,1013295,33,1,5.49,0.00
5032489,1013296,14,1,10.49,0.00
5032490,1013296,26,1,2.49,0.00
5032491,1013297,15,1,10.99,0.00
5032492,1013297,28,1,3.49,0.00
5032493,1013298,16,1,10.49,0.00
5032494,1013299,16,1,10.49,0.00
5032495,1013299,34,1,4.49,0.00
5032496,1013300,8,1,12.49,0.00
5032497,1013300,33,1,5.49,0.00
5032498,1013300,26,1,2.49,0.00
5032499,1013301,16,1,10.49,0.00
5032500,1013301,25,3,6.49,0.00
5032501,1013302,6,2,12.99,0.00
5032502,1013302,20,1,4.49,0.00
5032503,1013303,3,3,10.49,0.00
5032504,1013303,26,1,2.49,0.00
5032505,1013304,13,1,9.99,0.00
5032506,1013305,15,1,10.99,0.00
5032507,1013305,11,1,13.49,0.00
5032508,1013306,15,1,10.99,0.00
5032509,1013306,18,1,5.49,0.00
5032510,1013307,3,1,10.49,0.00
5032511,1013307,24,1,3.49,0.00
5032512,1013308,13,2,9.99,0.00
5032513,1013308,33,1,5.49,0.00
5032514,1013309,13,1,9.99,0.00
5032515,1013310,6,1,12.99,0.00
5032516,1013310,33,1,5.49,0.00
5032517,1013311,11,1,13.49,0.00
5032518,1013311,7,3,11.99,0.00
5032519,1013311,23,2,3.99,0.00
5032520,1013311,1,1,11.49,0.00
5032521,1013311,24,1,3.49,0.00
5032522,1013312,6,1,12.99,0.00
5032523,1013312,19,1,3.99,0.00
5032524,1013313,6,1,12.99,0.00
5032525,1013314,6,0,12.99,0.00
5032526,1013314,24,1,3.49,0.00
5032527,1013315,1,1,11.49,0.00
5032528,1013315,32,1,4.99,0.00
5032529,1013316,16,2,10.49,0.00
5032530,1013316,26,1,2.49,0.00
5032531,1013316,34,1,4.49,0.00
5032532,1013317,5,1,13.49,0.00
5032533,1013317,25,1,6.49,0.00
5032534,1013317,23,2,3.99,0.00
5032535,1013318,2,1,11.99,0.00
5032536,1013318,24,1,3.49,0.00
5032537,1013318,19,1,3.99,0.00
5032538,1013318,18,1,5.49,0.00
5032539,1013319,1,1,11.49,0.00
5032540,1013319,33,1,5.49,0.00
5032541,1013320,7,1,11.99,0.00
5032542,1013321,15,1,10.99,0.00
5032543,1013321,6,1,12.99,0.00
5032544,1013321,8,2,12.49,0.00
5032545,1013321,24,1,3.49,0.00
5032546,1013322,3,3,10.49,0.00
5032547,1013322,19,1,3.99,0.00
5032548,1013322,26,1,2.49,0.00
5032549,1013323,3,1,10.49,0.00
5032550,1013323,18,2,5.49,0.00
5032551,1013324,13,1,9.99,0.00
5032552,1013324,27,1,2.49,0.00
5032553,1013325,5,1,13.49,0.00
5032554,1013326,5,3,13.49,0.00
5032555,1013326,27,3,2.49,0.00
5032556,1013327,12,1,18.99,0.00
5032557,1013328,5,1,13.49,0.00
5032558,1013329,4,1,14.99,0.00
5032559,1013329,20,1,4.49,0.00
5032560,1013330,8,1,12.49,0.00
5032561,1013330,19,1,3.99,0.00
5032562,1013330,20,1,4.49,0.00
5032563,1013331,5,1,13.49,0.00
5032564,1013331,26,2,2.49,0.00
5032565,1013332,14,-1,10.49,0.00
5032566,1013332,32,1,4.99,0.00
5032567,1013332,18,1,5.49,0.00
5032568,1013333,16,1,10.49,0.00
5032569,1013333,18,1,5.49,0.00
5032570,1013334,4,1,14.99,0.00
5032571,1013335,5,1,13.49,0.00
5032572,1013336,9,1,13.99,0.00
5032573,1013336,26,1,2.49,0.00
5032574,1013337,7,1,11.99,0.00
5032575,1013337,30,1,3.29,0.00
5032576,1013337,19,1,3.99,0.00
5032577,1013337,32,1,4.99,0.00
5032578,1013338,1,1,11.49,0.00
5032579,1013338,26,2,2.49,0.00
5032580,1013338,20,1,4.49,0.00
5032581,1013338,25,2,6.49,0.00
5032582,1013339,15,1,10.99,0.00
5032583,1013339,32,3,4.99,0.00
5032584,1013340,5,1,13.49,0.00
5032585,1013340,20,1,4.49,0.00
5032586,1013340,26,1,2.49,0.00
5032587,1013341,15,1,10.99,0.00
5032588,1013341,32,1,4.99,0.00
5032589,1013341,22,1,4.49,0.00
5032590,1013341,30,1,3.29,0.00
5032591,1013342,1,1,11.49,0.00
5032592,1013343,4,1,14.99,0.00
5032593,1013344,6,1,12.99,0.00
5032594,1013345,6,1,12.99,0.00
5032595,1013345,31,2,3.49,0.00
5032596,1013345,18,1,5.49,0.00
5032597,1013346,7,1,11.99,0.00
5032598,1013347,13,1,9.99,0.00
5032599,1013347,22,1,4.49,0.00
5032600,1013348,13,2,9.99,0.00
5032601,1013348,27,1,2.49,0.00
5032602,1013349,4,1,14.99,0.00
5032603,1013349,26,2,2.49,0.00
5032604,1013349,28,1,3.49,0.00
5032605,1013349,8,1,12.49,0.00
5032606,1013350,16,3,10.49,0.00
5032607,1013350,27,1,2.49,0.00
5032608,1013351,16,1,10.49,0.00
5032609,1013351,21,3,3.99,0.00
5032610,1013351,24,1,3.49,0.00
5032611,1013351,27,2,2.49,0.00
5032612,1013352,8,1,12.49,0.00
5032613,1013352,24,1,3.49,0.00
5032614,1013352,29,2,3.49,0.00
5032615,1013353,13,1,9.99,0.00
5032616,1013353,20,1,4.49,0.00
5032617,1013353,31,1,3.49,0.00
5032618,1013353,21,1,3.99,0.00
5032619,1013354,3,1,10.49,0.00
5032620,1013354,20,1,4.49,0.00
5032621,1013354,24,1,3.49,0.00
5032622,1013354,5,1,13.49,0.00
5032623,1013354,34,1,4.49,0.00
5032624,1013355,3,1,10.49,0.00
5032625,1013355,18,2,5.49,0.00
5032626,1013355,29,1,3.49,0.00
5032627,1013356,1,1,11.49,0.00
5032628,1013357,13,3,9.99,0.00
5032629,1013357,18,1,5.49,0.00
5032630,1013358,6,1,12.99,0.00
5032631,1013359,6,1,12.99,0.00
5032632,1013359,26,1,2.49,0.00
5032633,1013359,34,1,4.49,0.00
5032634,1013360,14,1,10.49,0.00
5032635,1013360,29,1,3.49,0.00
5032636,1013360,28,1,3.49,0.00
5032637,1013361,6,1,12.99,0.00
5032638,1013361,33,1,5.49,0.00
5032639,1013361,31,1,3.49,0.00
5032640,1013362,3,1,10.49,0.00
5032641,1013362,20,1,4.49,0.00
5032642,1013362,21,1,3.99,0.00
5032643,1013363,15,2,10.99,0.00
5032644,1013363,23,1,3.99,0.00
5032645,1013364,9,1,13.99,0.00
5032646,1013365,9,1,13.99,0.00
5032647,1013365,29,1,3.49,0.00
5032648,1013366,4,1,14.99,0.00
5032649,1013366,32,2,4.99,0.00
5032650,1013367,6,1,12.99,0.00
5032651,1013367,30,1,3.29,0.00
5032652,1013367,21,1,3.99,0.00
5032653,1013367,32,2,4.99,0.00
5032654,1013368,10,1,10.99,0.00
5032655,1013369,9,1,13.99,0.00
5032656,1013370,10,1,10.99,0.00
5032657,1013371,8,1,12.49,0.00
5032658,1013372,5,3,13.49,0.00
5032659,1013372,30,2,3.29,0.00
5032660,1013372,21,1,3.99,0.00
5032661,1013373,5,1,13.49,0.00
5032662,1013373,19,1,3.99,0.00
5032663,1013374,11,2,13.49,0.00
5032664,1013374,28,1,3.49,0.00
5032665,1013375,6,1,12.99,0.00
5032666,1013376,5,1,13.49,0.00
5032667,1013376,32,1,4.99,0.00
5032668,1013376,34,2,4.49,0.00
5032669,1013377,15,1,10.99,0.00
5032670,1013378,16,1,10.49,0.00
5032671,1013379,5,1,13.49,0.00
5032672,1013380,10,1,10.99,0.00
5032673,1013380,19,1,3.99,0.00
5032674,1013380,26,1,2.49,0.00
5032675,1013381,2,2,11.99,0.00
5032676,1013382,16,1,10.49,0.00
5032677,1013382,21,1,3.99,0.00
5032678,1013382,26,1,2.49,0.00
5032679,1013382,32,1,4.99,0.00
5032680,1013383,9,1,13.99,0.00
5032681,1013383,26,1,2.49,0.00
5032682,1013383,32,1,4.99,0.00
5032683,1013383,18,1,5.49,0.00
5032684,1013383,31,1,3.49,0.00
5032685,1013384,3,1,10.49,0.00
5032686,1013384,20,2,4.49,0.00
5032687,1013384,24,1,3.49,0.00
5032688,1013385,5,1,13.49,0.00
5032689,1013385,10,1,10.99,0.00
5032690,1013385,30,1,3.29,0.00
5032691,1013386,4,1,14.99,0.00
5032692,1013386,18,1,5.49,0.00
5032693,1013387,1,1,11.49,0.00
5032694,1013388,6,1,12.99,0.00
5032695,1013388,34,1,4.49,0.00
5032696,1013389,5,1,13.49,0.00
5032697,1013389,20,1,4.49,0.00
5032698,1013389,25,1,6.49,0.00
5032699,1013389,23,2,3.99,0.00
5032700,1013390,8,1,12.49,0.00
5032701,1013390,28,1,3.49,0.00
5032702,1013390,24,2,3.49,0.00
5032703,1013391,6,1,12.99,0.00
5032704,1013391,33,1,5.49,0.00
5032705,1013391,27,1,2.49,0.00
5032706,1013392,11,1,13.49,0.00
5032707,1013393,2,1,11.99,0.00
5032708,1013393,26,1,2.49,0.00
5032709,1013393,5,1,13.49,0.00
5032710,1013393,9,1,13.99,0.00
5032711,1013394,7,1,11.99,0.00
5032712,1013394,19,1,3.99,0.00
5032713,1013394,33,1,5.49,0.00
5032714,1013394,30,1,3.29,0.00
5032715,1013394,34,1,4.49,0.00
5032716,1013394,29,1,3.49,0.00
5032717,1013395,12,1,18.99,0.00
5032718,1013395,27,2,2.49,0.00
5032719,1013395,28,1,3.49,0.00
5032720,1013396,16,1,10.49,0.00
5032721,1013396,23,1,3.99,0.00
5032722,1013396,30,2,3.29,0.00
5032723,1013396,18,1,5.49,0.00
5032724,1013397,3,1,10.49,0.00
5032725,1013397,27,1,2.49,0.00
5032726,1013397,28,1,3.49,0.00
5032727,1013398,5,1,13.49,0.00
5032728,1013398,33,1,5.49,0.00
5032729,1013398,19,1,3.99,0.00
5032730,1013399,9,1,13.99,0.00
5032731,1013399,34,2,4.49,0.00
5032732,1013399,21,1,3.99,0.00
5032733,1013400,10,1,10.99,0.00
5032734,1013400,31,1,3.49,0.00
5032735,1013401,8,1,12.49,0.00
5032736,1013402,3,1,10.49,0.00
5032737,1013402,27,3,2.49,0.00
5032738,1013402,30,1,3.29,0.00
5032739,1013402,18,-1,5.49,0.00
5032740,1013402,28,1,3.49,0.00
5032741,1013402,24,1,3.49,0.00
5032742,1013403,13,1,9.99,0.00
5032743,1013403,22,2,4.49,0.00
5032744,1013404,15,1,10.99,0.00
5032745,1013404,1,3,11.49,0.00
5032746,1013405,16,2,10.49,0.00
5032747,1013406,7,1,11.99,0.00
5032748,1013407,3,1,10.49,0.00
5032749,1013407,34,1,4.49,0.00
5032750,1013408,11,1,13.49,0.00
5032751,1013408,28,1,3.49,0.00
5032752,1013409,16,2,10.49,0.00
5032753,1013409,34,1,4.49,0.00
5032754,1013409,23,2,3.99,0.00
5032755,1013409,26,2,2.49,0.00
5032756,1013410,11,1,13.49,0.00
5032757,1013411,8,2,12.49,0.00
5032758,1013412,10,2,10.99,0.00
5032759,1013412,26,1,2.49,0.00
5032760,1013412,18,1,5.49,0.00
5032761,1013412,34,1,4.49,0.00
5032762,1013413,14,1,10.49,0.00
5032763,1013414,3,1,10.49,0.00
5032764,1013414,27,1,2.49,0.00
5032765,1013415,8,1,12.49,0.00
5032766,1013415,15,1,10.99,0.00
5032767,1013416,1,2,11.49,11.49
5032768,1013417,1,2,11.49,11.49
5032769,1013418,2,2,11.99,11.99
5032770,1013418,30,2,3.29,0.00
5032771,1013419,1,2,11.49,11.49
5032772,1013420,1,2,11.49,11.49
5032773,1013421,3,2,10.49,10.49
5032774,1013421,25,1,6.49,0.00
5032775,1013422,7,1,11.99,0.00
5032776,1013423,2,1,11.99,0.00
5032777,1013423,27,1,2.49,0.00
5032778,1013424,14,3,10.49,0.00
5032779,1013425,10,2,10.99,0.00
5032780,1013426,3,2,10.49,10.49
5032781,1013426,28,1,3.49,0.00
5032782,1013426,24,1,3.49,0.00
5032783,1013427,1,2,11.49,11.49
5032784,1013427,21,1,3.99,0.00
5032785,1013428,3,1,10.49,0.00
5032786,1013428,6,1,12.99,0.00
5032787,1013429,5,1,13.49,0.00
5032788,1013429,34,1,4.49,0.00
5032789,1013429,26,1,2.49,0.00
5032790,1013430,3,2,10.49,10.49
5032791,1013430,30,1,3.29,0.00
5032792,1013430,23,1,3.99,0.00
5032793,1013431,2,2,11.99,11.99
5032794,1013431,19,1,3.99,0.00
5032795,1013432,1,2,11.49,11.49
5032796,1013432,21,1,3.99,0.00
5032797,1013432,28,1,3.49,0.00
5032798,1013432,33,1,5.49,0.00
5032799,1013432,25,1,6.49,0.00
5032800,1013433,1,2,11.49,11.49
5032801,1013433,23,2,3.99,0.00
5032802,1013433,25,1,6.49,0.00
5032803,1013433,30,1,3.29,0.00
5032804,1013434,3,2,10.49,10.49
5032805,1013435,4,1,14.99,0.00
5032806,1013436,7,1,11.99,0.00
5032807,1013436,24,1,3.49,0.00
5032808,1013436,21,1,3.99,0.00
5032809,1013436,29,1,3.49,0.00
5032810,1013436,34,1,4.49,0.00
5032811,1013437,8,1,12.49,0.00
5032812,1013438,13,1,9.99,0.00
5032813,1013438,27,1,2.49,0.00
5032814,1013439,7,3,11.99,0.00
5032815,1013440,3,2,10.49,10.49
5032816,1013440,32,1,4.99,0.00
5032817,1013440,27,1,2.49,0.00
5032818,1013441,11,1,13.49,0.00
5032819,1013441,27,1,2.49,0.00
5032820,1013441,22,1,4.49,0.00
5032821,1013442,1,2,11.49,11.49
5032822,1013442,14,1,10.49,0.00
5032823,1013442,18,1,5.49,0.00
5032824,1013443,3,2,10.49,10.49
5032825,1013443,26,1,2.49,0.00
5032826,1013444,1,2,11.49,11.49
5032827,1013444,29,2,3.49,0.00
5032828,1013445,3,1,10.49,0.00
5032829,1013446,11,1,13.49,0.00
5032830,1013446,32,1,4.99,0.00
5032831,1013446,20,1,4.49,0.00
5032832,1013447,1,1,11.49,0.00
5032833,1013447,25,1,6.49,0.00
5032834,1013447,21,2,3.99,0.00
5032835,1013447,19,1,3.99,0.00
5032836,1013447,18,1,5.49,0.00
5032837,1013448,2,2,11.99,11.99
5032838,1013448,30,1,3.29,0.00
5032839,1013448,34,2,4.49,0.00
5032840,1013448,29,1,3.49,0.00
5032841,1013448,26,1,2.49,0.00
5032842,1013449,15,1,10.99,0.00
5032843,1013449,20,1,4.49,0.00
5032844,1013449,30,1,3.29,0.00
5032845,1013450,1,2,11.49,11.49
5032846,1013450,26,1,2.49,0.00
5032847,1013451,3,2,10.49,10.49
5032848,1013451,31,1,3.49,0.00
5032849,1013451,26,1,2.49,0.00
5032850,1013452,3,2,10.49,10.49
5032851,1013452,11,1,13.49,0.00
5032852,1013453,1,1,11.49,0.00
5032853,1013453,25,1,6.49,0.00
5032854,1013453,30,1,3.29,0.00
5032855,1013454,6,2,12.99,0.00
5032856,1013454,30,1,3.29,0.00
5032857,1013454,32,1,4.99,0.00
5032858,1013454,4,1,14.99,0.00
5032859,1013454,18,1,5.49,0.00
5032860,1013455,2,2,11.99,11.99
5032861,1013456,9,1,13.99,0.00
5032862,1013456,18,2,5.49,0.00
5032863,1013456,21,1,3.99,0.00
5032864,1013457,3,2,10.49,10.49
5032865,1013457,10,1,10.99,0.00
5032866,1013458,8,1,12.49,0.00
5032867,1013459,3,2,10.49,10.49
5032868,1013459,27,1,2.49,0.00
5032869,1013460,4,2,14.99,0.00
5032870,1013460,30,2,3.29,0.00
5032871,1013460,3,1,10.49,0.00
5032872,1013461,1,2,11.49,11.49
5032873,1013461,19,2,3.99,0.00
5032874,1013461,18,2,5.49,0.00
5032875,1013462,3,1,10.49,0.00
5032876,1013463,1,2,11.49,11.49
5032877,1013464,2,2,11.99,0.00
5032878,1013464,26,1,2.49,0.00
5032879,1013465,2,2,11.99,11.99
5032880,1013465,26,1,2.49,0.00
5032881,1013465,1,1,11.49,0.00
5032882,1013465,21,1,3.99,0.00
5032883,1013466,2,2,11.99,11.99
5032884,1013466,29,1,3.49,0.00
5032885,1013467,1,2,11.49,0.00
5032886,1013467,18,1,5.49,0.00
5032887,1013468,15,1,10.99,0.00
5032888,1013469,2,1,11.99,0.00
5032889,1013469,30,1,3.29,0.00
5032890,1013469,18,1,5.49,0.00
5032891,1013470,3,1,10.49,0.00
5032892,1013470,23,1,3.99,0.00
5032893,1013470,21,2,3.99,0.00
5032894,1013470,28,1,3.49,0.00
5032895,1013471,3,2,10.49,10.49
5032896,1013472,15,1,10.99,0.00
5032897,1013472,20,1,4.49,0.00
5032898,1013473,7,1,11.99,0.00
5032899,1013473,20,2,4.49,0.00
5032900,1013473,24,3,3.49,0.00
5032901,1013474,1,2,11.49,11.49
5032902,1013474,2,1,11.99,0.00
5032903,1013474,21,1,3.99,0.00
5032904,1013474,11,1,13.49,0.00
5032905,1013475,2,2,11.99,11.99
5032906,1013476,2,1,11.99,0.00
5032907,1013476,23,2,3.99,0.00
5032908,1013477,3,2,10.49,10.49
5032909,1013478,7,2,11.99,0.00
5032910,1013478,26,1,2.49,0.00
5032911,1013479,3,2,10.49,10.49
5032912,1013479,25,1,6.49,0.00
5032913,1013480,1,2,11.49,11.49
5032914,1013480,19,1,3.99,0.00
5032915,1013480,18,2,5.49,0.00
5032916,1013480,32,1,4.99,0.00
5032917,1013481,2,2,11.99,11.99
5032918,1013482,3,2,10.49,10.49
5032919,1013482,32,2,4.99,0.00
5032920,1013482,31,1,3.49,0.00
5032921,1013482,25,1,6.49,0.00
5032922,1013483,3,2,10.49,10.49
5032923,1013483,27,1,2.49,0.00
5032924,1013483,18,1,5.49,0.00
5032925,1013484,3,2,10.49,10.49
5032926,1013485,1,2,11.49,11.49
5032927,1013485,25,1,6.49,0.00
5032928,1013486,3,2,10.49,10.49
5032929,1013486,27,1,2.49,0.00
5032930,1013486,22,1,4.49,0.00
5032931,1013487,1,2,11.49,11.49
5032932,1013487,25,1,6.49,0.00
5032933,1013488,1,1,11.49,0.00
5032934,1013488,29,1,3.49,0.00
5032935,1013489,7,1,11.99,0.00
5032936,1013489,35,1,2.99,0.00
5032937,1013490,1,1,11.49,0.00
5032938,1013491,13,1,9.99,0.00
5032939,1013491,27,1,2.49,0.00
5032940,1013491,26,1,2.49,0.00
5032941,1013492,15,1,10.99,0.00
5032942,1013492,18,1,5.49,0.00
5032943,1013493,12,1,18.99,0.00
5032944,1013494,3,2,10.49,10.49
5032945,1013495,2,2,11.99,11.99
5032946,1013495,21,1,3.99,0.00
5032947,1013496,3,2,10.49,10.49
5032948,1013496,32,1,4.99,0.00
5032949,1013496,19,2,3.99,0.00
5032950,1013497,1,2,11.49,11.49
5032951,1013498,9,1,13.99,0.00
5032952,1013498,26,1,2.49,0.00
5032953,1013499,1,1,11.49,0.00
5032954,1013499,29,1,3.49,0.00
5032955,1013500,1,2,11.49,11.49
5032956,1013500,27,2,2.49,0.00
5032957,1013500,21,1,3.99,0.00
5032958,1013500,24,1,3.49,0.00
5032959,1013500,18,1,5.49,0.00
5032960,1013500,26,1,2.49,0.00
5032961,1013501,1,1,11.49,0.00
5032962,1013501,34,1,4.49,0.00
5032963,1013501,30,1,3.29,0.00
5032964,1013502,1,2,11.49,11.49
5032965,1013502,32,2,4.99,0.00
5032966,1013502,21,1,3.99,0.00
5032967,1013503,1,2,11.49,11.49
5032968,1013504,3,1,10.49,0.00
5032969,1013504,20,2,4.49,0.00
5032970,1013504,30,2,3.29,0.00
5032971,1013505,10,1,10.99,0.00
5032972,1013505,23,1,3.99,0.00
5032973,1013506,2,2,11.99,11.99
5032974,1013506,31,1,3.49,0.00
5032975,1013506,30,1,3.29,0.00
5032976,1013507,11,1,13.49,0.00
5032977,1013507,27,1,2.49,0.00
5032978,1013507,7,2,11.99,0.00
5032979,1013508,3,1,10.49,0.00
5032980,1013508,20,1,4.49,0.00
5032981,1013508,27,1,2.49,0.00
5032982,1013509,1,2,11.49,11.49
5032983,1013510,15,1,10.99,0.00
5032984,1013511,2,2,11.99,11.99
5032985,1013511,27,2,2.49,0.00
5032986,1013511,26,2,2.49,0.00
5032987,1013512,1,2,11.49,11.49
5032988,1013513,3,1,10.49,0.00
5032989,1013514,3,2,10.49,10.49
5032990,1013515,13,1,9.99,0.00
5032991,1013515,31,1,3.49,0.00
5032992,1013516,3,2,10.49,10.49
5032993,1013517,9,1,13.99,0.00
5032994,1013517,20,1,4.49,0.00
5032995,1013518,1,2,11.49,11.49
5032996,1013519,1,1,11.49,0.00
5032997,1013519,28,1,3.49,0.00
5032998,1013519,18,2,5.49,0.00
5032999,1013520,1,1,11.49,0.00
5033000,1013520,28,1,3.49,0.00
5033001,1013521,7,1,11.99,0.00
5033002,1013522,3,2,10.49,10.49
5033003,1013522,20,1,4.49,0.00
5033004,1013522,14,1,10.49,0.00
5033005,1013522,27,1,2.49,0.00
5033006,1013523,2,2,11.99,11.99
5033007,1013524,2,2,11.99,0.00
5033008,1013524,22,1,4.49,0.00
5033009,1013524,29,1,3.49,0.00
5033010,1013524,27,1,2.49,0.00
5033011,1013525,2,2,11.99,11.99
5033012,1013525,35,1,2.99,0.00
5033013,1013525,21,1,3.99,0.00
5033014,1013526,4,1,14.99,0.00
5033015,1013526,28,1,3.49,0.00
5033016,1013526,27,1,2.49,0.00
5033017,1013527,7,1,11.99,0.00
5033018,1013527,2,2,11.99,11.99
5033019,1013527,20,1,4.49,0.00
5033020,1013527,29,2,3.49,0.00
5033021,1013528,3,2,10.49,10.49
5033022,1013528,6,1,12.99,0.00
5033023,1013529,2,2,11.99,11.99
5033024,1013529,18,1,5.49,0.00
5033025,1013529,35,2,2.99,0.00
5033026,1013530,5,1,13.49,0.00
5033027,1013530,26,0,2.49,0.00
5033028,1013531,3,2,10.49,10.49
5033029,1013531,31,1,3.49,0.00
5033030,1013531,19,1,3.99,0.00
5033031,1013532,8,1,12.49,0.00
5033032,1013533,2,2,11.99,11.99
5033033,1013534,1,1,11.49,0.00
5033034,1013534,25,1,6.49,0.00
5033035,1013535,3,2,10.49,10.49
5033036,1013535,18,2,5.49,0.00
5033037,1013535,19,2,3.99,0.00
5033038,1013536,13,1,9.99,0.00
5033039,1013537,2,2,11.99,11.99
5033040,1013537,33,2,5.49,0.00
5033041,1013537,20,1,4.49,0.00
5033042,1013537,18,1,5.49,0.00
5033043,1013538,2,2,11.99,11.99
5033044,1013538,23,1,3.99,0.00
5033045,1013538,25,1,6.49,0.00
5033046,1013538,21,1,3.99,0.00
5033047,1013539,3,2,10.49,10.49
5033048,1013539,24,1,3.49,0.00
5033049,1013540,3,2,10.49,10.49
5033050,1013540,27,1,2.49,0.00
5033051,1013540,11,1,13.49,0.00
5033052,1013541,13,1,9.99,0.00
5033053,1013541,32,1,4.99,0.00
5033054,1013542,1,2,11.49,11.49
5033055,1013542,30,2,3.29,0.00
5033056,1013542,33,1,5.49,0.00
5033057,1013542,25,1,6.49,0.00
5033058,1013542,19,1,3.99,0.00
5033059,1013543,3,1,10.49,0.00
5033060,1013543,31,1,3.49,0.00
5033061,1013544,11,1,13.49,0.00
5033062,1013545,11,1,13.49,0.00
5033063,1013545,24,1,3.49,0.00
5033064,1013546,2,2,11.99,11.99
5033065,1013546,26,1,2.49,0.00
5033066,1013546,33,1,5.49,0.00
5033067,1013546,18,1,5.49,0.00
5033068,1013547,1,2,11.49,11.49
5033069,1013547,28,1,3.49,0.00
5033070,1013548,1,2,11.49,11.49
5033071,1013548,20,1,4.49,0.00
5033072,1013549,2,2,11.99,11.99
5033073,1013549,29,1,3.49,0.00
5033074,1013549,4,1,14.99,0.00
5033075,1013549,20,1,4.49,0.00
5033076,1013550,3,2,10.49,10.49
5033077,1013550,21,1,3.99,0.00
5033078,1013550,30,1,3.29,0.00
5033079,1013551,2,2,11.99,0.00
5033080,1013551,26,2,2.49,0.00
5033081,1013552,1,2,11.49,11.49
5033082,1013553,1,1,11.49,0.00
5033083,1013553,19,1,3.99,0.00
5033084,1013553,2,1,11.99,0.00
5033085,1013554,3,1,10.49,0.00
5033086,1013554,18,1,5.49,0.00
5033087,1013554,26,1,2.49,0.00
5033088,1013555,3,2,10.49,10.49
5033089,1013556,2,2,11.99,11.99
5033090,1013556,18,1,5.49,0.00
5033091,1013556,24,1,3.49,0.00
5033092,1013557,2,2,11.99,11.99
5033093,1013557,22,1,4.49,0.00
5033094,1013558,10,1,10.99,0.00
5033095,1013558,14,1,10.49,0.00
5033096,1013558,31,1,3.49,0.00
5033097,1013559,2,1,11.99,0.00
5033098,1013559,20,1,4.49,0.00
5033099,1013560,7,1,11.99,0.00
5033100,1013560,22,1,4.49,0.00
5033101,1013560,6,1,12.99,0.00
5033102,1013561,3,2,10.49,10.49
5033103,1013562,8,3,12.49,0.00
5033104,1013562,30,1,3.29,0.00
5033105,1013562,26,1,2.49,0.00
5033106,1013563,3,2,10.49,10.49
5033107,1013563,27,1,2.49,0.00
5033108,1013564,8,1,12.49,0.00
5033109,1013564,32,1,4.99,0.00
5033110,1013564,22,2,4.49,0.00
5033111,1013565,1,1,11.49,0.00
5033112,1013565,18,1,5.49,0.00
5033113,1013565,26,1,2.49,0.00
5033114,1013566,2,2,11.99,11.99
5033115,1013567,10,1,10.99,0.00
5033116,1013568,16,1,10.49,0.00
5033117,1013568,19,1,3.99,0.00
5033118,1013568,28,1,3.49,0.00
5033119,1013569,3,2,10.49,10.49
5033120,1013569,21,2,3.99,0.00
5033121,1013569,22,1,4.49,0.00
5033122,1013569,29,2,3.49,0.00
5033123,1013570,3,2,10.49,10.49
5033124,1013570,30,1,3.29,0.00
5033125,1013570,27,2,2.49,0.00
5033126,1013570,20,1,4.49,0.00
5033127,1013570,34,1,4.49,0.00
5033128,1013571,1,2,11.49,11.49
5033129,1013571,23,1,3.99,0.00
5033130,1013571,26,1,2.49,0.00
5033131,1013572,3,1,10.49,0.00
5033132,1013572,29,1,3.49,0.00
5033133,1013573,2,2,11.99,11.99
5033134,1013573,28,1,3.49,0.00
5033135,1013573,26,1,2.49,0.00
5033136,1013574,9,2,13.99,0.00
5033137,1013574,26,1,2.49,0.00
5033138,1013574,20,2,4.49,0.00
5033139,1013574,29,1,3.49,0.00
5033140,1013574,27,1,2.49,0.00
5033141,1013575,4,1,14.99,0.00
5033142,1013575,33,1,5.49,0.00
5033143,1013576,4,3,14.99,0.00
5033144,1013576,18,1,5.49,0.00
5033145,1013577,8,1,12.49,0.00
5033146,1013577,20,1,4.49,0.00
5033147,1013577,25,1,6.49,0.00
5033148,1013577,22,1,4.49,0.00
5033149,1013578,1,2,11.49,11.49
5033150,1013578,26,1,2.49,0.00
5033151,1013579,3,2,10.49,10.49
5033152,1013580,1,2,11.49,11.49
5033153,1013580,26,2,2.49,0.00
5033154,1013580,23,1,3.99,0.00
5033155,1013581,2,2,11.99,11.99
5033156,1013581,27,1,2.49,0.00
5033157,1013581,20,2,4.49,0.00
5033158,1013582,1,2,11.49,11.49
5033159,1013582,20,2,4.49,0.00
5033160,1013583,1,2,11.49,11.49
5033161,1013583,25,1,6.49,0.00
5033162,1013583,31,1,3.49,0.00
5033163,1013583,21,1,3.99,0.00
5033164,1013584,3,1,10.49,0.00
5033165,1013584,6,1,12.99,0.00
5033166,1013585,7,1,11.99,0.00
5033167,1013585,20,1,4.49,0.00
5033168,1013585,18,1,5.49,0.00
5033169,1013586,2,2,11.99,11.99
5033170,1013587,3,2,10.49,10.49
5033171,1013587,21,1,3.99,0.00
5033172,1013587,22,1,4.49,0.00
5033173,1013588,7,1,11.99,0.00
5033174,1013588,26,1,2.49,0.00
5033175,1013589,8,1,12.49,0.00
5033176,1013589,20,1,4.49,0.00
5033177,1013590,3,2,10.49,10.49
5033178,1013590,28,1,3.49,0.00
5033179,1013590,26,1,2.49,0.00
5033180,1013591,1,2,11.49,11.49
5033181,1013591,35,1,2.99,0.00
5033182,1013592,1,2,11.49,11.49
5033183,1013592,24,2,3.49,0.00
5033184,1013592,20,2,4.49,0.00
5033185,1013593,7,1,11.99,0.00
5033186,1013593,27,1,2.49,0.00
5033187,1013593,22,1,4.49,0.00
5033188,1013593,28,1,3.49,0.00
5033189,1013594,2,-2,11.99,11.99
5033190,1013594,26,1,2.49,0.00
5033191,1013595,2,2,11.99,11.99
5033192,1013595,22,1,4.49,0.00
5033193,1013595,20,1,4.49,0.00
5033194,1013595,19,1,3.99,0.00
5033195,1013596,2,2,11.99,11.99
5033196,1013596,27,0,2.49,0.00
5033197,1013596,31,1,3.49,0.00
5033198,1013596,28,1,3.49,0.00
5033199,1013597,6,1,12.99,0.00
5033200,1013598,8,1,12.49,0.00
5033201,1013598,3,1,10.49,0.00
5033202,1013599,2,2,11.99,11.99
5033203,1013600,1,2,11.49,11.49
5033204,1013600,26,2,2.49,0.00
5033205,1013601,1,2,11.49,11.49
5033206,1013601,28,1,3.49,0.00
5033207,1013601,20,2,4.49,0.00
5033208,1013602,1,3,11.49,11.49
5033209,1013602,26,1,2.49,0.00
5033210,1013602,27,1,2.49,0.00
5033211,1013603,1,2,11.49,11.49
5033212,1013603,34,1,4.49,0.00
5033213,1013604,1,2,11.49,11.49
5033214,1013604,28,2,3.49,0.00
5033215,1013605,12,2,18.99,0.00
5033216,1013605,34,1,4.49,0.00
5033217,1013606,3,1,10.49,0.00
5033218,1013607,1,2,11.49,11.49
5033219,1013608,7,1,11.99,0.00
5033220,1013608,25,1,6.49,0.00
5033221,1013609,3,2,10.49,10.49
5033222,1013610,2,2,11.99,11.99
5033223,1013610,19,2,3.99,0.00
5033224,1013610,26,1,2.49,0.00
5033225,1013610,4,1,14.99,0.00
5033226,1013610,21,1,3.99,0.00
5033227,1013611,15,1,10.99,0.00
5033228,1013611,23,3,3.99,0.00
5033229,1013612,1,2,11.49,11.49
5033230,1013612,30,1,3.29,0.00
5033231,1013613,9,1,13.99,0.00
5033232,1013613,26,2,2.49,0.00
5033233,1013614,2,2,11.99,11.99
5033234,1013614,31,2,3.49,0.00
5033235,1013614,27,2,2.49,0.00
5033236,1013614,33,2,5.49,0.00
5033237,1013615,3,2,10.49,10.49
5033238,1013615,33,3,5.49,0.00
5033239,1013615,19,2,3.99,0.00
5033240,1013616,2,2,11.99,11.99
5033241,1013616,20,2,4.49,0.00
5033242,1013617,2,2,11.99,11.99
5033243,1013617,27,1,2.49,0.00
5033244,1013617,20,2,4.49,0.00
5033245,1013617,30,1,3.29,0.00
5033246,1013617,29,1,3.49,0.00
5033247,1013618,11,1,13.49,0.00
5033248,1013618,22,3,4.49,0.00
5033249,1013619,3,2,10.49,10.49
5033250,1013619,18,1,5.49,0.00
5033251,1013619,30,1,3.29,0.00
5033252,1013619,26,1,2.49,0.00
5033253,1013620,2,2,11.99,11.99
5033254,1013620,21,1,3.99,0.00
5033255,1013620,30,2,3.29,0.00
5033256,1013621,7,1,11.99,0.00
5033257,1013621,31,3,3.49,0.00
5033258,1013621,34,-1,4.49,0.00
5033259,1013622,3,2,10.49,10.49
5033260,1013623,3,2,10.49,10.49
5033261,1013623,21,2,3.99,0.00
5033262,1013623,28,1,3.49,0.00
5033263,1013624,3,2,10.49,10.49
5033264,1013624,27,1,2.49,0.00
5033265,1013624,30,1,3.29,0.00
5033266,1013624,29,1,3.49,0.00
5033267,1013624,26,1,2.49,0.00
5033268,1013625,8,2,12.49,0.00
5033269,1013625,21,1,3.99,0.00
5033270,1013625,20,1,4.49,0.00
5033271,1013625,9,1,13.99,0.00
5033272,1013626,1,2,11.49,11.49
5033273,1013626,19,1,3.99,0.00
5033274,1013627,2,2,11.99,11.99
5033275,1013627,19,1,3.99,0.00
5033276,1013628,3,1,10.49,0.00
5033277,1013628,18,1,5.49,0.00
5033278,1013629,9,1,13.99,0.00
5033279,1013630,3,2,10.49,10.49
5033280,1013630,10,1,10.99,0.00
5033281,1013630,34,1,4.49,0.00
5033282,1013630,30,1,3.29,0.00
5033283,1013630,23,1,3.99,0.00
5033284,1013631,2,2,11.99,11.99
5033285,1013631,30,1,3.29,0.00
5033286,1013632,1,1,11.49,0.00
5033287,1013632,26,1,2.49,0.00
5033288,1013633,1,2,11.49,11.49
5033289,1013633,18,1,5.49,0.00
5033290,1013633,32,1,4.99,0.00
5033291,1013633,9,1,13.99,0.00
5033292,1013634,2,2,11.99,11.99
5033293,1013634,19,1,3.99,0.00
5033294,1013634,27,2,2.49,0.00
5033295,1013635,3,2,10.49,10.49
5033296,1013635,27,3,2.49,0.00
5033297,1013636,1,2,11.49,11.49
5033298,1013636,26,2,2.49,0.00
5033299,1013636,23,1,3.99,0.00
5033300,1013636,25,1,6.49,0.00
5033301,1013636,29,1,3.49,0.00
5033302,1013637,3,2,10.49,10.49
5033303,1013637,28,2,3.49,0.00
5033304,1013637,27,1,2.49,0.00
5033305,1013638,2,2,11.99,11.99
5033306,1013638,21,1,3.99,0.00
5033307,1013638,25,1,6.49,0.00
5033308,1013639,1,2,11.49,11.49
5033309,1013639,21,1,3.99,0.00
5033310,1013639,23,2,3.99,0.00
5033311,1013639,30,1,3.29,0.00
5033312,1013639,20,1,4.49,0.00
5033313,1013640,8,1,12.49,0.00
5033314,1013640,34,1,4.49,0.00
5033315,1013640,21,1,3.99,0.00
5033316,1013640,27,1,2.49,0.00
5033317,1013641,1,2,11.49,11.49
5033318,1013641,26,1,2.49,0.00
5033319,1013641,21,3,3.99,0.00
5033320,1013642,11,1,13.49,0.00
5033321,1013642,29,1,3.49,0.00
5033322,1013643,3,2,10.49,10.49
5033323,1013643,28,1,3.49,0.00
5033324,1013644,2,2,11.99,11.99
5033325,1013644,22,1,4.49,0.00
5033326,1013644,18,1,5.49,0.00
5033327,1013644,30,1,3.29,0.00
5033328,1013645,12,1,18.99,0.00
5033329,1013645,20,1,4.49,0.00
5033330,1013645,29,1,3.49,0.00
5033331,1013646,5,1,13.49,0.00
5033332,1013646,33,1,5.49,0.00
5033333,1013647,2,2,11.99,11.99
5033334,1013647,26,1,2.49,0.00
5033335,1013648,2,1,11.99,0.00
5033336,1013649,1,2,11.49,11.49
5033337,1013649,10,1,10.99,0.00
5033338,1013649,21,2,3.99,0.00
5033339,1013650,9,1,13.99,0.00
5033340,1013650,15,1,10.99,0.00
5033341,1013650,23,2,3.99,0.00
5033342,1013650,27,1,2.49,0.00
5033343,1013650,22,1,4.49,0.00
5033344,1013650,19,1,3.99,0.00
5033345,1013651,7,1,11.99,0.00
5033346,1013651,21,1,3.99,0.00
5033347,1013651,23,1,3.99,0.00
5033348,1013652,11,1,13.49,0.00
5033349,1013652,30,1,3.29,0.00
5033350,1013653,1,2,11.49,11.49
5033351,1013653,32,1,4.99,0.00
5033352,1013654,7,1,11.99,0.00
5033353,1013654,34,2,4.49,0.00
5073631,1030706,29,1,3.49,0.00
5073624,1030918,9,1,13.99,0.00
5073686,1030923,7,1,11.99,0.00
5073408,1031720,30,2,3.29,0.00
5073587,1033095,2,1,11.99,0.00
5073661,1033625,2,1,11.99,0.00
5073514,1036136,23,3,3.99,0.00
5073516,1036422,32,1,4.99,0.00
5073302,1036777,21,1,3.99,0.00
5073629,1037433,26,1,2.49,0.00
5073430,1038584,3,1,10.49,0.00
5073515,1038743,20,3,4.49,0.00
5073328,1039358,21,-2,3.99,0.00
5073588,1040592,25,1,6.49,0.00
5073484,1040760,13,1,9.99,0.00
5073653,1041312,1,1,11.49,0.00
5073590,1043271,26,2,2.49,0.00
5073440,1043410,34,1,4.49,0.00
5073562,1043480,25,3,6.49,0.00
5073632,1043850,33,1,5.49,0.00
5073553,1043903,30,1,3.29,0.00
5073603,1044688,25,1,6.49,0.00
5073482,1044819,14,1,10.49,0.00
5073386,1047988,20,1,4.49,0.00
5073397,1048443,4,1,14.99,0.00
5073646,1050495,33,3,5.49,0.00
5073469,1050996,21,1,3.99,0.00
5073548,1051014,5,1,13.49,0.00
5073539,1051206,32,2,4.99,0.00
5073674,1051894,14,1,10.49,1.57
5073524,1052274,20,1,4.49,0.00
5073521,1052309,3,1,10.49,0.00
5073570,1052336,16,1,10.49,0.00
5073418,1052721,5,1,13.49,0.00
5073700,1052856,17,1,12.49,0.00
5073359,1052953,27,1,2.49,0.00
5073716,1053041,2,1,11.99,0.00
5073574,1053485,21,1,3.99,0.00
5073568,1055389,17,1,12.49,2.50
5073509,1056814,4,1,14.99,0.00
5073528,1060179,6,1,12.99,0.00
5073720,1060630,2,4,11.99,0.00
5073697,1061614,28,1,3.49,0.00
5073385,1061988,20,1,4.49,0.00
5073529,1064602,22,1,4.49,0.00
5073552,1065569,19,2,3.99,0.00
5073327,1065814,4,1,14.99,0.00
5073361,1066716,13,1,9.99,0.00
5073286,1067187,14,3,10.49,0.00
5073481,1067462,32,1,4.99,0.00
5073585,1067544,32,1,4.99,0.00
5073580,1068296,30,1,3.29,0.00
5073399,1068371,18,1,5.49,0.00
5073698,1068487,2,1,11.99,0.00
5073679,1070183,35,1,2.99,0.00
5073513,1070368,8,1,12.49,0.00
5073467,1071595,27,1,2.49,0.00
5073593,1071669,26,1,2.49,0.00
5073609,1072168,28,1,3.49,0.00
5073298,1072704,20,1,4.49,0.00
5073606,1072711,30,1,3.29,0.00
5073504,1073732,26,2,2.49,0.00
5073618,1073916,3,1,10.49,0.00
5073420,1074308,19,1,3.99,0.00
5073472,1074592,30,1,3.29,0.00
5073297,1075006,20,1,4.49,0.00
5073634,1075113,6,1,12.99,0.00
5073303,1075603,26,1,2.49,0.00
5073595,1077279,15,1,10.99,0.00
5073291,1077556,26,2,2.49,0.00
5073372,1079040,12,1,18.99,0.00
5073415,1079227,26,1,2.49,0.00
5073299,1079470,11,1,13.49,0.00
5073663,1079634,5,1,13.49,0.00
5073670,1079786,5,1,13.49,0.00
