order_id,location_id,customer_id,order_ts,channel,promo_code,payment_type,order_status
1004564,3,,2026-02-01 12:34:36,dine_in,,credit_card,completed
1004877,3,,2026-02-03 15:29:21,delivery,,credit_card,refunded
1004891,12,331,2026-02-03 17:58:11,takeout,,credit_card,completed
1004915,4,310,2026-02-03 19:22:34,delivery,,apple_pay,completed
1004974,11,,2026-02-04 12:28:56,dine_in,,cash,completed
1005104,9,1589,2026-02-05 12:10:03,dine_in,,cash,completed
1005124,17,805,2026-02-05 13:00:23,dine_in,,credit_card,completed
1005136,6,537,2026-02-05 13:26:13,drive_thru,,credit_card,refunded
1005234,3,2221,2026-02-06 12:20:20,takeout,,apple_pay,completed
1005411,16,,2026-02-07 12:17:51,takeout,,credit_card,completed
1005530,4,,2026-02-07 19:08:37,delivery,,credit_card,refunded
1005554,16,1584,2026-02-07 19:50:03,dine_in,,credit_card,completed
1005565,13,,2026-02-07 20:45:52,dine_in,,credit_card,completed
1005576,7,2373,2026-02-08 11:36:33,delivery,,credit_card,refunded
1005614,14,1048,2026-02-08 12:52:45,dine_in,,cash,refunded
1005727,8,1610,2026-02-09 12:25:01,dine_in,,gift_card,completed
1005730,13,,2026-02-09 12:27:32,takeout,,apple_pay,completed
1005771,10,,2026-02-09 17:38:45,dine_in,,credit_card,completed
1005854,10,1107,2026-02-10 11:49:50,takeout,,credit_card,refunded
1005862,9,,2026-02-10 12:06:32,drive_thru,,apple_pay,completed
1005930,17,1850,2026-02-10 18:21:38,takeout,MARDIGRAS,debit_card,refunded
1005957,4,879,2026-02-10 19:12:54,drive_thru,,debit_card,completed
1005977,10,,2026-02-10 20:39:24,drive_thru,,debit_card,refunded
1005978,15,1009,2026-02-10 20:44:59,dine_in,,credit_card,completed
1006021,4,1848,2026-02-11 12:37:50,dine_in,,credit_card,completed
1006052,4,2402,2026-02-11 16:22:37,drive_thru,,gift_card,completed
1006097,4,,2026-02-11 19:10:06,drive_thru,,cash,refunded
1006111,1,130,2026-02-11 19:38:09,takeout,,debit_card,completed
1006134,17,847,2026-02-12 11:29:32,delivery,,credit_card,completed
1006174,15,337,2026-02-12 12:55:21,delivery,,credit_card,completed
1006189,6,1189,2026-02-12 14:43:19,delivery,MARDIGRAS,credit_card,completed
1006233,17,1375,2026-02-12 19:22:46,takeout,MARDIGRAS,debit_card,completed
1006716,3,491,2026-02-15 18:22:39,dine_in,,debit_card,completed
1006750,18,1130,2026-02-15 19:17:08,delivery,,debit_card,completed
1006783,13,,2026-02-16 11:20:52,takeout,,credit_card,refunded
1006795,18,,2026-02-16 12:10:06,drive_thru,MARDIGRAS,credit_card,completed
1006882,12,165,2026-02-16 18:57:17,dine_in,,gift_card,completed
1006938,6,2169,2026-02-17 12:34:23,delivery,MARDIGRAS,debit_card,refunded
1006957,10,,2026-02-17 13:20:11,,,gift_card,refunded
1007153,6,1073,2026-02-18 21:07:45,dine_in,,credit_card,completed
1007161,3,220,2026-02-19 11:30:16,dine_in,,credit_card,completed
1007353,17,1393,2026-02-20 12:50:15,delivery,,apple_pay,completed
1007459,10,2115,2026-02-20 19:56:19,takeout,,cash,completed
1007533,19,,2026-02-21 12:57:27,takeout,,cash,refunded
1007789,7,1222,2026-02-23 10:49:32,takeout,,apple_pay,completed
1007877,3,983,2026-02-23 18:49:28,delivery,,debit_card,completed
1007950,18,,2026-02-24 12:50:28,delivery,,debit_card,completed
1007983,3,713,2026-02-24 17:37:02,takeout,,debit_card,completed
1007993,2,698,2026-02-24 18:15:16,dine_in,,credit_card,completed
1008019,2,,2026-02-24 19:11:20,dine_in,,apple_pay,completed
1008047,3,888,2026-02-25 11:34:52,dine_in,,credit_card,completed
1008474,6,1333,2026-02-28 12:29:14,drive_thru,,credit_card,completed
1008636,18,,2026-02-28 21:44:20,drive_thru,,debit_card,refunded
1008639,1,,2026-03-01 11:24:35,delivery,,debit_card,completed
1008640,18,,2026-03-01 11:34:24,delivery,,gift_card,completed
1008641,2,,2026-03-01 11:34:28,delivery,,credit_card,completed
1008642,18,876,2026-03-01 11:39:01,delivery,,credit_card,completed
1008643,16,693,2026-03-01 11:40:10,dine_in,,debit_card,completed
1008644,5,1527,2026-03-01 11:44:37,drive_thru,,credit_card,completed
1008645,16,,2026-03-01 11:45:06,dine_in,,credit_card,completed
1008646,6,88,2026-03-01 11:51:58,delivery,,gift_card,completed
1008647,7,2230,2026-03-01 11:58:39,dine_in,,credit_card,completed
1008648,17,1638,2026-03-01 12:01:42,dine_in,,cash,completed
1008649,4,,2026-03-01 12:03:23,delivery,,debit_card,completed
1008650,3,1211,2026-03-01 12:04:39,takeout,,cash,completed
1008651,4,,2026-03-01 12:08:23,dine_in,,apple_pay,completed
1008652,13,971,2026-03-01 12:11:46,takeout,,apple_pay,completed
1008653,6,525,2026-03-01 12:11:57,dine_in,,cash,refunded
1008654,14,2316,2026-03-01 12:12:15,dine_in,,credit_card,completed
1008655,4,1814,2026-03-01 12:14:57,drive_thru,,cash,completed
1008656,18,,2026-03-01 12:19:46,takeout,,credit_card,completed
1008657,19,301,2026-03-01 12:22:12,delivery,,credit_card,completed
1008658,9,2285,2026-03-01 12:22:24,takeout,,credit_card,completed
1008659,13,2345,2026-03-01 12:27:32,delivery,,debit_card,completed
1008660,15,1830,2026-03-01 12:28:51,drive_thru,,debit_card,completed
1008661,19,204,2026-03-01 12:29:22,takeout,,credit_card,completed
1008662,8,466,2026-03-01 12:31:18,takeout,,credit_card,completed
1008663,10,1208,2026-03-01 12:31:29,delivery,,apple_pay,completed
1008664,11,676,2026-03-01 12:31:30,takeout,,debit_card,completed
1008665,7,,2026-03-01 12:32:29,dine_in,,apple_pay,refunded
1008666,11,304,2026-03-01 12:37:12,takeout,,cash,completed
1008667,7,2108,2026-03-01 12:38:19,dine_in,,cash,completed
1008668,7,1810,2026-03-01 12:39:53,takeout,,credit_card,refunded
1008669,10,2115,2026-03-01 12:40:23,drive_thru,,credit_card,completed
1008670,2,920,2026-03-01 12:41:53,takeout,,credit_card,completed
1008671,13,,2026-03-01 12:44:38,dine_in,,credit_card,refunded
1008672,7,2355,2026-03-01 12:45:39,dine_in,,debit_card,completed
1008673,16,966,2026-03-01 12:45:55,dine_in,,credit_card,cancelled
1008674,9,1792,2026-03-01 12:47:39,delivery,,credit_card,completed
1008675,5,2100,2026-03-01 12:47:59,delivery,,credit_card,completed
1008676,16,,2026-03-01 12:49:15,dine_in,,gift_card,completed
1008677,12,,2026-03-01 12:52:07,dine_in,,cash,completed
1008678,4,,2026-03-01 12:52:18,takeout,,credit_card,completed
1008679,1,2331,2026-03-01 12:52:29,takeout,,credit_card,completed
1008680,11,2220,2026-03-01 12:53:34,drive_thru,,cash,completed
1008681,9,2491,2026-03-01 12:55:26,delivery,,gift_card,completed
1008682,15,2449,2026-03-01 12:56:30,takeout,,credit_card,completed
1008683,19,,2026-03-01 12:56:37,dine_in,,credit_card,completed
1008684,14,446,2026-03-01 12:57:50,takeout,,cash,completed
1008685,14,,03/01/2026 12:59,takeout,,cash,completed
1008686,15,2232,2026-03-01 13:00:01,takeout,,credit_card,completed
1008687,12,192,2026-03-01 13:00:55,takeout,,cash,completed
1008688,6,,2026-03-01 13:02:55,takeout,,credit_card,completed
1008689,13,,2026-03-01 13:05:31,delivery,,apple_pay,completed
1008690,6,,2026-03-01 13:08:13,drive_thru,,credit_card,completed
1008691,10,1901,2026-03-01 13:08:45,dine_in,,debit_card,completed
1008692,17,388,2026-03-01 13:08:48,takeout,,credit_card,completed
1008693,9,864,2026-03-01 13:12:37,delivery,,apple_pay,completed
1008694,3,2401,2026-03-01 13:18:31,takeout,,credit_card,completed
1008695,17,,2026-03-01 13:24:35,dine_in,,apple_pay,completed
1008696,6,,2026-03-01 13:30:43,takeout,,credit_card,completed
1008697,13,,2026-03-01 13:32:51,dine_in,,credit_card,completed
1008698,13,,2026-03-01 13:32:55,dine_in,,apple_pay,completed
1008699,4,,2026-03-01 13:33:04,drive_thru,,apple_pay,completed
1008700,7,2107,2026-03-01 13:34:09,delivery,,credit_card,completed
1008701,8,,2026-03-01 13:46:28,takeout,,credit_card,completed
1008702,19,1411,2026-03-01 13:57:54,dine_in,,apple_pay,completed
1008703,13,288,2026-03-01 14:21:06,delivery,,credit_card,completed
1008704,10,,2026-03-01 14:43:58,delivery,,debit_card,cancelled
1008705,9,1658,2026-03-01 15:16:40,takeout,,debit_card,cancelled
1008706,17,1079,2026-03-01 16:11:31,dine_in,,credit_card,completed
1008707,12,331,2026-03-01 16:39:52,takeout,,apple_pay,completed
1008708,10,,2026-03-01 17:24:15,drive_thru,,debit_card,completed
1008709,1,,2026-03-01 17:35:40,takeout,,credit_card,completed
1008710,1,,2026-03-01 17:38:12,takeout,,credit_card,completed
1008711,14,2406,2026-03-01 17:49:54,dine_in,,credit_card,completed
1008712,13,288,2026-03-01 18:00:11,dine_in,,credit_card,completed
1008713,1,1649,2026-03-01 18:00:34,delivery,,gift_card,completed
1008714,6,,2026-03-01 18:06:37,dine_in,,cash,completed
1008715,19,,2026-03-01 18:08:29,takeout,,credit_card,completed
1008716,5,,2026-03-01 18:09:37,delivery,,credit_card,completed
1008717,5,2354,2026-03-01 18:11:50,dine_in,,apple_pay,completed
1008718,6,,2026-03-01 18:14:20,drive_thru,,credit_card,completed
1008719,4,,03/01/2026 18:19,dine_in,,credit_card,completed
1008720,4,1944,2026-03-01 18:22:52,dine_in,,cash,completed
1008721,7,,2026-03-01 18:24:46,dine_in,,credit_card,completed
1008722,13,,2026-03-01 18:29:27,delivery,,credit_card,completed
1008723,17,388,2026-03-01 18:32:46,dine_in,,credit_card,completed
1008724,3,,2026-03-01 18:33:03,takeout,,cash,completed
1008725,7,1978,2026-03-01 18:38:43,dine_in,,credit_card,cancelled
1008726,7,,2026-03-01 18:39:38,dine_in,,cash,completed
1008727,3,1330,2026-03-01 18:39:43,dine_in,,cash,completed
1008728,6,247,2026-03-01 18:42:46,dine_in,,cash,completed
1008729,2,,2026-03-01 18:42:53,dine_in,,debit_card,completed
1008730,2,1471,2026-03-01 18:43:31,delivery,,credit_card,completed
1008731,4,865,2026-03-01 18:46:08,takeout,,debit_card,completed
1008732,12,214,2026-03-01 18:46:58,delivery,,debit_card,completed
1008733,11,,2026-03-01 18:47:54,takeout,,credit_card,completed
1008734,2,,2026-03-01 18:48:43,delivery,,credit_card,completed
1008735,17,275,2026-03-01 18:49:57,dine_in,,credit_card,completed
1008736,4,1588,2026-03-01 18:51:18,drive_thru,,debit_card,completed
1008737,14,2277,2026-03-01 18:52:12,,,apple_pay,completed
1008738,10,,2026-03-01 18:53:07,drive_thru,,credit_card,completed
1008739,6,800,2026-03-01 18:57:42,takeout,,apple_pay,completed
1008740,13,1109,2026-03-01 19:02:30,delivery,,credit_card,completed
1008741,18,583,2026-03-01 19:04:53,delivery,,debit_card,refunded
1008742,17,2465,2026-03-01 19:05:00,dine_in,,apple_pay,completed
1008743,13,1493,2026-03-01 19:05:16,dine_in,,credit_card,completed
1008744,18,,2026-03-01 19:06:05,delivery,,apple_pay,cancelled
1008745,2,1382,2026-03-01 19:06:50,dine_in,,cash,completed
1008746,1,105,2026-03-01 19:07:11,takeout,,credit_card,cancelled
1008747,2,2177,2026-03-01 19:09:25,takeout,,credit_card,completed
1008748,7,77,2026-03-01 19:10:32,delivery,,credit_card,completed
1008749,5,235,2026-03-01 19:10:36,delivery,,credit_card,completed
1008750,19,534,2026-03-01 19:10:47,dine_in,,cash,completed
1008751,13,1684,2026-03-01 19:12:06,dine_in,,credit_card,completed
1008752,16,33,2026-03-01 19:13:51,takeout,,credit_card,completed
1008753,15,,2026-03-01 19:15:16,takeout,,credit_card,completed
1008754,7,988,2026-03-01 19:18:32,dine_in,,credit_card,refunded
1008755,3,2222,2026-03-01 19:18:38,dine_in,,debit_card,completed
1008756,2,1096,2026-03-01 19:20:01,takeout,,debit_card,completed
1008757,13,,2026-03-01 19:31:57,delivery,,credit_card,completed
1008758,19,,2026-03-01 19:36:04,takeout,,debit_card,completed
1008759,8,1050,2026-03-01 19:39:54,dine_in,,cash,completed
1008760,8,2143,2026-03-01 19:40:13,takeout,,apple_pay,completed
1008761,19,1717,2026-03-01 19:42:17,drive_thru,,credit_card,completed
1008762,9,1922,2026-03-01 19:50:46,dine_in,,cash,completed
1008763,14,,2026-03-01 19:54:51,drive_thru,,credit_card,completed
1008764,6,425,2026-03-01 19:59:07,drive_thru,,credit_card,completed
1008765,16,26,2026-03-01 20:03:02,takeout,,debit_card,completed
1008766,13,,2026-03-01 20:09:15,dine_in,,apple_pay,completed
1008767,19,2195,2026-03-01 20:09:53,takeout,,debit_card,completed
1008768,8,1789,2026-03-01 20:17:54,dine_in,,cash,completed
1008769,1,,2026-03-01 20:18:22,dine_in,,credit_card,completed
1008770,13,473,2026-03-01 20:23:52,delivery,,debit_card,completed
1008771,9,1922,2026-03-01 20:44:55,takeout,,credit_card,completed
1008772,15,,2026-03-01 20:54:29,takeout,,credit_card,completed
1008773,15,1976,2026-03-01 21:15:00,takeout,,credit_card,completed
1008774,10,,2026-03-01 21:20:57,drive_thru,,credit_card,completed
1008775,14,654,2026-03-01 21:28:26,drive_thru,,debit_card,completed
1008776,11,2245,2026-03-02 10:37:26,dine_in,,credit_card,completed
1008777,2,644,2026-03-02 11:19:38,delivery,,gift_card,completed
1008778,14,,2026-03-02 11:25:25,dine_in,,credit_card,completed
1008779,6,,2026-03-02 11:41:24,drive_thru,,apple_pay,completed
1008780,14,617,2026-03-02 11:46:12,takeout,,credit_card,completed
1008781,11,2008,2026-03-02 11:47:12,drive_thru,,cash,completed
1008782,19,,2026-03-02 11:52:00,drive_thru,,credit_card,completed
1008783,8,,2026-03-02 11:56:35,takeout,,credit_card,completed
1008784,15,910,2026-03-02 11:57:07,dine_in,,apple_pay,completed
1008785,17,,2026-03-02 11:57:47,dine_in,,credit_card,completed
1008786,7,1405,2026-03-02 12:02:27,takeout,,debit_card,completed
1008787,17,,2026-03-02 12:03:49,delivery,,apple_pay,completed
1008788,11,1796,2026-03-02 12:03:51,dine_in,,credit_card,completed
1008789,11,1475,2026-03-02 12:07:19,takeout,,apple_pay,completed
1008790,17,1963,2026-03-02 12:08:39,takeout,,debit_card,completed
1008791,4,2294,2026-03-02 12:10:05,dine_in,,apple_pay,completed
1008792,1,2276,2026-03-02 12:12:27,dine_in,,debit_card,completed
1008793,18,1775,2026-03-02 12:19:52,delivery,,credit_card,completed
1008794,14,,03/02/2026 12:20,drive_thru,,credit_card,completed
1008795,11,1779,2026-03-02 12:21:07,dine_in,,credit_card,completed
1008796,2,,2026-03-02 12:21:46,takeout,,credit_card,completed
1008797,18,,2026-03-02 12:22:28,dine_in,,cash,completed
1008798,19,1824,2026-03-02 12:23:51,takeout,,gift_card,completed
1008799,16,555,2026-03-02 12:24:01,dine_in,,cash,completed
1008800,19,,2026-03-02 12:25:43,drive_thru,,debit_card,completed
1008801,19,300,2026-03-02 12:26:30,dine_in,,credit_card,completed
1008802,1,1649,2026-03-02 12:31:28,takeout,,apple_pay,completed
1008803,14,1990,2026-03-02 12:33:19,takeout,,credit_card,completed
1008804,11,1039,2026-03-02 12:35:08,drive_thru,,debit_card,completed
1008805,8,,2026-03-02 12:35:47,dine_in,,apple_pay,completed
1008806,2,262,2026-03-02 12:36:00,dine_in,,debit_card,completed
1008807,5,,2026-03-02 12:36:44,takeout,,debit_card,completed
1008808,14,1279,2026-03-02 12:37:34,takeout,,credit_card,completed
1008809,19,341,2026-03-02 12:38:15,takeout,,apple_pay,completed
1008810,11,,2026-03-02 12:39:32,drive_thru,,debit_card,completed
1008811,6,1580,2026-03-02 12:39:36,drive_thru,,credit_card,completed
1008812,2,1321,2026-03-02 12:45:14,dine_in,,credit_card,completed
1008813,6,,2026-03-02 12:46:41,delivery,,gift_card,completed
1008814,4,,2026-03-02 12:47:13,dine_in,,cash,completed
1008815,3,2029,2026-03-02 12:51:23,delivery,,credit_card,completed
1008816,7,1026,2026-03-02 12:52:25,,,debit_card,completed
1008817,15,,2026-03-02 12:54:19,dine_in,,credit_card,completed
1008818,15,,2026-03-02 12:57:08,,,cash,completed
1008819,4,,2026-03-02 12:59:48,dine_in,,cash,completed
1008820,3,651,03/02/2026 13:00,takeout,,gift_card,completed
1008821,6,,2026-03-02 13:03:58,dine_in,,credit_card,completed
1008822,6,1814,2026-03-02 13:04:38,drive_thru,,cash,completed
1008823,1,267,2026-03-02 13:06:18,delivery,,credit_card,completed
1008824,2,1916,2026-03-02 13:06:29,dine_in,,debit_card,completed
1008825,19,610,2026-03-02 13:14:47,takeout,,credit_card,completed
1008826,13,345,2026-03-02 13:19:11,dine_in,,debit_card,completed
1008827,12,574,2026-03-02 13:38:55,takeout,,credit_card,completed
1008828,14,,2026-03-02 13:42:25,delivery,,debit_card,completed
1008829,19,1537,2026-03-02 13:57:07,drive_thru,,credit_card,completed
1008830,14,,2026-03-02 14:07:44,delivery,,debit_card,completed
1008831,15,2118,2026-03-02 14:31:14,delivery,,credit_card,completed
1008832,17,1055,2026-03-02 14:58:06,takeout,,credit_card,completed
1008833,11,2350,2026-03-02 15:48:19,drive_thru,,credit_card,cancelled
1008834,3,744,2026-03-02 15:55:54,dine_in,,debit_card,completed
1008835,2,,2026-03-02 16:01:34,dine_in,,apple_pay,completed
1008836,5,1527,2026-03-02 16:27:59,takeout,,credit_card,completed
1008837,6,1524,2026-03-02 16:29:36,drive_thru,,cash,completed
1008838,6,,2026-03-02 17:04:11,takeout,,apple_pay,completed
1008839,19,,2026-03-02 17:26:31,dine_in,,apple_pay,completed
1008840,3,1145,2026-03-02 17:37:41,dine_in,,credit_card,completed
1008841,7,,2026-03-02 17:39:48,takeout,,credit_card,completed
1008842,15,,2026-03-02 17:59:09,takeout,,credit_card,completed
1008843,15,1127,2026-03-02 18:04:59,dine_in,,debit_card,completed
1008844,14,2453,2026-03-02 18:07:20,drive_thru,,credit_card,completed
1008845,9,1658,2026-03-02 18:12:07,dine_in,,apple_pay,completed
1008846,12,,2026-03-02 18:12:29,dine_in,,apple_pay,completed
1008847,7,2295,2026-03-02 18:16:10,delivery,,credit_card,completed
1008848,5,,2026-03-02 18:21:51,drive_thru,,credit_card,completed
1008849,6,2049,2026-03-02 18:27:00,delivery,,credit_card,completed
1008850,8,,2026-03-02 18:31:55,delivery,,credit_card,completed
1008851,5,1159,2026-03-02 18:43:25,delivery,,debit_card,completed
1008852,16,,2026-03-02 18:43:41,delivery,,credit_card,completed
1008853,3,2363,2026-03-02 18:44:19,dine_in,,debit_card,completed
1008854,1,1600,2026-03-02 18:45:25,takeout,,debit_card,completed
1008855,2,,2026-03-02 18:46:27,takeout,,credit_card,completed
1008856,3,,2026-03-02 18:47:32,dine_in,,credit_card,completed
1008857,2,1021,2026-03-02 18:48:13,takeout,,credit_card,completed
1008858,4,869,2026-03-02 18:53:59,delivery,,debit_card,completed
1008859,12,1432,2026-03-02 18:54:07,dine_in,,credit_card,completed
1008860,12,,2026-03-02 18:56:46,takeout,,credit_card,completed
1008861,7,14,2026-03-02 19:00:37,dine_in,,apple_pay,completed
1008862,15,413,2026-03-02 19:01:11,takeout,,debit_card,completed
1008863,7,930,2026-03-02 19:03:18,dine_in,,debit_card,completed
1008864,8,,2026-03-02 19:04:08,dine_in,,cash,completed
1008865,13,203,2026-03-02 19:05:51,delivery,,debit_card,completed
1008866,15,11,2026-03-02 19:08:47,drive_thru,,credit_card,refunded
1008867,17,2447,2026-03-02 19:09:16,takeout,,cash,completed
1008868,8,256,2026-03-02 19:15:40,dine_in,,credit_card,completed
1008869,9,129,2026-03-02 19:18:53,drive_thru,,credit_card,completed
1008870,5,462,2026-03-02 19:20:03,dine_in,,credit_card,completed
1008871,14,,2026-03-02 19:23:47,takeout,,credit_card,completed
1008872,2,1806,2026-03-02 19:24:22,dine_in,,cash,completed
1008873,15,196,2026-03-02 19:29:11,dine_in,,cash,completed
1008874,14,1339,2026-03-02 19:34:34,drive_thru,,apple_pay,completed
1008875,11,,2026-03-02 19:34:59,dine_in,,apple_pay,completed
1008876,12,,2026-03-02 19:35:51,dine_in,,credit_card,completed
1008877,19,,2026-03-02 19:37:33,takeout,,debit_card,completed
1008878,17,1391,2026-03-02 19:38:09,delivery,,debit_card,completed
1008879,3,,2026-03-02 19:38:13,delivery,,credit_card,completed
1008880,4,246,2026-03-02 19:45:16,dine_in,,debit_card,completed
1008881,11,2070,2026-03-02 19:49:15,drive_thru,,credit_card,completed
1008882,13,,2026-03-02 19:49:37,takeout,,cash,completed
1008883,4,831,2026-03-02 20:04:36,delivery,,gift_card,completed
1008884,15,,2026-03-02 20:15:15,delivery,,apple_pay,completed
1008885,11,,2026-03-02 20:15:31,takeout,,debit_card,completed
1008886,12,1736,2026-03-02 20:20:43,delivery,,debit_card,completed
1008887,4,,2026-03-02 20:22:34,dine_in,,cash,completed
1008888,4,,2026-03-02 20:22:40,dine_in,,debit_card,completed
1008889,1,,2026-03-02 20:50:23,dine_in,,debit_card,completed
1008890,13,,2026-03-02 21:00:28,delivery,,credit_card,completed
1008891,13,,2026-03-02 21:01:47,takeout,,credit_card,completed
1008892,9,,2026-03-02 21:39:55,drive_thru,,debit_card,completed
1008893,7,1866,2026-03-03 10:45:17,dine_in,TACOBOGO,credit_card,completed
1008894,19,,2026-03-03 11:00:24,takeout,,debit_card,completed
1008895,5,264,2026-03-03 11:11:33,dine_in,TACOBOGO,debit_card,completed
1008896,1,748,2026-03-03 11:16:31,delivery,,credit_card,completed
1008897,6,,2026-03-03 11:19:58,drive_thru,,credit_card,completed
1008898,6,54,2026-03-03 11:20:59,dine_in,TACOBOGO,cash,completed
1008899,16,1322,2026-03-03 11:23:39,takeout,TACOBOGO,cash,completed
1008900,11,,2026-03-03 11:28:06,dine_in,TACOBOGO,cash,completed
1008901,10,,2026-03-03 11:32:24,delivery,TACOBOGO,credit_card,completed
1008902,2,2443,2026-03-03 11:34:07,dine_in,,credit_card,completed
1008903,2,,2026-03-03 11:36:52,delivery,,debit_card,completed
1008904,6,120,2026-03-03 11:38:49,delivery,TACOBOGO,credit_card,completed
1008905,1,2018,2026-03-03 11:39:31,dine_in,TACOBOGO,apple_pay,completed
1008906,6,1153,2026-03-03 11:41:30,drive_thru,TACOBOGO,cash,completed
1008907,17,147,2026-03-03 11:41:34,dine_in,,credit_card,completed
1008908,2,,2026-03-03 11:42:04,dine_in,TACOBOGO,debit_card,completed
1008909,12,860,2026-03-03 11:46:32,delivery,TACOBOGO,apple_pay,cancelled
1008910,13,,2026-03-03 11:48:04,delivery,,credit_card,completed
1008911,9,1117,2026-03-03 11:50:45,dine_in,TACOBOGO,credit_card,completed
1008912,13,440,2026-03-03 11:51:46,dine_in,,credit_card,completed
1008913,7,,2026-03-03 11:54:55,delivery,TACOBOGO,debit_card,completed
1008914,8,1280,2026-03-03 11:55:40,dine_in,,credit_card,completed
1008915,2,2127,2026-03-03 11:58:22,dine_in,TACOBOGO,debit_card,completed
1008916,14,,2026-03-03 12:00:34,dine_in,,credit_card,completed
1008917,11,949,2026-03-03 12:01:17,drive_thru,,apple_pay,completed
1008918,1,,2026-03-03 12:03:51,dine_in,,credit_card,completed
1008919,2,644,2026-03-03 12:05:02,takeout,TACOBOGO,apple_pay,completed
1008920,10,,2026-03-03 12:07:07,takeout,,debit_card,completed
1008921,14,1576,2026-03-03 12:07:08,drive_thru,TACOBOGO,credit_card,completed
1008922,5,,2026-03-03 12:07:37,dine_in,,gift_card,cancelled
1008923,15,,2026-03-03 12:08:36,delivery,,credit_card,completed
1008924,18,1689,2026-03-03 12:09:15,takeout,,credit_card,completed
1008925,19,,2026-03-03 12:11:49,dine_in,,credit_card,completed
1008926,8,359,2026-03-03 12:13:01,dine_in,,debit_card,completed
1008927,11,,2026-03-03 12:13:39,takeout,TACOBOGO,credit_card,completed
1008928,13,459,2026-03-03 12:13:41,delivery,TACOBOGO,credit_card,completed
1008929,11,2350,2026-03-03 12:14:10,dine_in,TACOBOGO,debit_card,completed
1008930,13,1024,2026-03-03 12:14:29,delivery,TACOBOGO,credit_card,completed
1008931,18,856,2026-03-03 12:15:19,drive_thru,,apple_pay,completed
1008932,19,,2026-03-03 12:15:40,takeout,TACOBOGO,cash,completed
1008933,14,1990,2026-03-03 12:16:02,delivery,,credit_card,completed
1008934,18,,2026-03-03 12:17:41,drive_thru,TACOBOGO,credit_card,completed
1008935,5,,2026-03-03 12:18:04,drive_thru,TACOBOGO,credit_card,completed
1008936,6,2179,2026-03-03 12:18:45,dine_in,TACOBOGO,credit_card,completed
1008937,16,218,2026-03-03 12:21:42,takeout,TACOBOGO,cash,completed
1008938,2,,2026-03-03 12:21:49,dine_in,,credit_card,completed
1008939,17,1869,2026-03-03 12:21:52,delivery,TACOBOGO,credit_card,completed
1008940,18,,2026-03-03 12:22:21,drive_thru,,cash,completed
1008941,2,,2026-03-03 12:22:22,dine_in,TACOBOGO,debit_card,completed
1008942,12,1885,2026-03-03 12:23:00,takeout,TACOBOGO,apple_pay,completed
1008943,10,,2026-03-03 12:23:04,takeout,,cash,completed
1008944,3,1032,2026-03-03 12:23:51,dine_in,,credit_card,completed
1008945,1,2342,2026-03-03 12:24:59,dine_in,TACOBOGO,debit_card,completed
1008946,12,100,2026-03-03 12:28:48,dine_in,TACOBOGO,credit_card,completed
1008947,19,1958,2026-03-03 12:29:20,delivery,,credit_card,completed
1008948,12,334,2026-03-03 12:29:32,dine_in,,credit_card,completed
1008949,7,,2026-03-03 12:30:21,dine_in,TACOBOGO,credit_card,completed
1008950,13,,2026-03-03 12:30:23,delivery,TACOBOGO,apple_pay,completed
1008951,13,,2026-03-03 12:30:23,takeout,TACOBOGO,cash,completed
1008952,10,1470,2026-03-03 12:31:05,drive_thru,,credit_card,completed
1008953,19,,2026-03-03 12:31:21,drive_thru,,cash,completed
1008954,12,,2026-03-03 12:31:39,takeout,,credit_card,completed
1008955,7,1788,2026-03-03 12:32:34,delivery,TACOBOGO,credit_card,completed
1008956,8,2472,2026-03-03 12:34:36,takeout,,credit_card,completed
1008957,16,218,2026-03-03 12:35:26,dine_in,TACOBOGO,credit_card,completed
1008958,4,,2026-03-03 12:35:38,drive_thru,TACOBOGO,cash,completed
1008959,13,1445,2026-03-03 12:35:54,dine_in,TACOBOGO,credit_card,completed
1008960,8,2000,2026-03-03 12:40:17,dine_in,TACOBOGO,debit_card,completed
1008961,4,1202,2026-03-03 12:41:32,delivery,,credit_card,completed
1008962,5,,2026-03-03 12:43:35,dine_in,,credit_card,completed
1008963,19,2460,2026-03-03 12:44:31,drive_thru,TACOBOGO,cash,completed
1008964,4,869,2026-03-03 12:45:00,drive_thru,,gift_card,completed
1008965,5,,2026-03-03 12:45:15,delivery,TACOBOGO,apple_pay,completed
1008966,3,71,2026-03-03 12:48:22,delivery,,credit_card,completed
1008967,15,,2026-03-03 12:51:47,dine_in,,apple_pay,completed
1008968,15,1834,2026-03-03 12:51:59,dine_in,,credit_card,completed
1008969,3,953,2026-03-03 12:52:53,,,credit_card,completed
1008970,3,,2026-03-03 12:53:40,takeout,,debit_card,completed
1008971,17,242,2026-03-03 12:54:19,dine_in,TACOBOGO,apple_pay,completed
1008972,14,1768,2026-03-03 12:54:26,dine_in,TACOBOGO,apple_pay,completed
1008973,6,1309,2026-03-03 12:56:10,drive_thru,TACOBOGO,credit_card,completed
1008974,19,2182,2026-03-03 12:56:42,dine_in,TACOBOGO,credit_card,completed
1008975,4,2064,2026-03-03 12:57:25,drive_thru,,credit_card,completed
1008976,3,198,2026-03-03 12:57:43,dine_in,TACOBOGO,credit_card,completed
1008977,9,1532,2026-03-03 12:58:59,takeout,TACOBOGO,cash,completed
1008978,7,,2026-03-03 12:59:42,dine_in,TACOBOGO,debit_card,completed
1008979,15,,2026-03-03 12:59:44,takeout,TACOBOGO,credit_card,completed
1008980,14,,2026-03-03 13:00:11,delivery,TACOBOGO,credit_card,completed
1008981,4,64,2026-03-03 13:00:53,drive_thru,TACOBOGO,cash,completed
1008982,2,,2026-03-03 13:02:44,delivery,,gift_card,completed
1008983,3,,2026-03-03 13:10:18,dine_in,TACOBOGO,debit_card,completed
1008984,8,,2026-03-03 13:14:27,dine_in,,cash,completed
1008985,12,2129,2026-03-03 13:14:40,takeout,TACOBOGO,credit_card,completed
1008986,18,1717,2026-03-03 13:19:13,delivery,,credit_card,completed
1008987,15,729,2026-03-03 13:20:51,drive_thru,,cash,cancelled
1008988,4,,2026-03-03 13:21:30,drive_thru,TACOBOGO,apple_pay,completed
1008989,19,,2026-03-03 13:22:38,drive_thru,TACOBOGO,debit_card,completed
1008990,18,1369,2026-03-03 13:24:18,takeout,,cash,completed
1008991,17,147,2026-03-03 13:29:46,dine_in,,cash,completed
1008992,2,1210,2026-03-03 13:32:04,dine_in,TACOBOGO,apple_pay,completed
1008993,5,806,2026-03-03 13:32:30,drive_thru,TACOBOGO,credit_card,completed
1008994,12,,2026-03-03 13:34:33,takeout,,credit_card,completed
1008995,5,,2026-03-03 13:37:23,takeout,,gift_card,completed
1008996,6,151,2026-03-03 13:43:21,dine_in,,credit_card,cancelled
1008997,6,1226,03/03/2026 13:45,drive_thru,TACOBOGO,debit_card,completed
1008998,11,,2026-03-03 14:01:56,dine_in,TACOBOGO,credit_card,completed
1008999,15,,2026-03-03 14:11:38,takeout,,cash,completed
1009000,16,326,2026-03-03 14:25:13,dine_in,,apple_pay,refunded
1009001,1,1407,2026-03-03 14:26:57,dine_in,,debit_card,completed
1009002,5,,2026-03-03 14:27:49,drive_thru,,apple_pay,completed
1009003,14,,2026-03-03 14:30:25,dine_in,,debit_card,completed
1009004,10,710,2026-03-03 14:55:01,drive_thru,,debit_card,completed
1009005,8,2312,2026-03-03 15:28:42,dine_in,,credit_card,refunded
1009006,10,912,2026-03-03 15:30:55,dine_in,TACOBOGO,debit_card,completed
1009007,17,2357,2026-03-03 15:30:56,dine_in,TACOBOGO,credit_card,completed
1009008,10,2338,2026-03-03 15:37:17,takeout,TACOBOGO,credit_card,completed
1009009,6,,03/03/2026 15:51,delivery,TACOBOGO,credit_card,completed
1009010,3,422,2026-03-03 16:02:35,dine_in,,cash,completed
1009011,4,,2026-03-03 16:13:42,dine_in,TACOBOGO,debit_card,completed
1009012,6,1837,2026-03-03 16:21:28,drive_thru,TACOBOGO,credit_card,completed
1009013,1,,2026-03-03 16:28:49,dine_in,,credit_card,completed
1009014,11,,2026-03-03 17:01:53,dine_in,,credit_card,completed
1009015,15,,2026-03-03 17:12:42,takeout,TACOBOGO,cash,completed
1009016,3,,2026-03-03 17:18:37,dine_in,TACOBOGO,debit_card,completed
1009017,5,685,2026-03-03 17:24:53,drive_thru,TACOBOGO,apple_pay,completed
1009018,2,2443,2026-03-03 17:26:37,dine_in,,debit_card,completed
1009019,3,1376,2026-03-03 17:27:23,dine_in,,debit_card,completed
1009020,8,,2026-03-03 17:29:09,dine_in,,gift_card,completed
1009021,8,2380,2026-03-03 17:31:41,dine_in,,apple_pay,completed
1009022,4,1577,2026-03-03 17:37:04,drive_thru,,gift_card,completed
1009023,7,1045,2026-03-03 17:40:59,dine_in,TACOBOGO,debit_card,completed
1009024,1,1422,2026-03-03 17:42:40,delivery,TACOBOGO,gift_card,completed
1009025,8,,2026-03-03 17:46:46,dine_in,TACOBOGO,apple_pay,completed
1009026,13,,2026-03-03 17:55:21,delivery,TACOBOGO,credit_card,completed
1009027,1,,2026-03-03 17:58:37,takeout,TACOBOGO,credit_card,completed
1009028,17,1316,2026-03-03 18:00:08,dine_in,TACOBOGO,credit_card,completed
1009029,3,683,2026-03-03 18:02:19,dine_in,,cash,completed
1009030,8,2348,2026-03-03 18:05:03,dine_in,TACOBOGO,credit_card,completed
1009031,9,1590,2026-03-03 18:05:31,dine_in,,credit_card,completed
1009032,15,351,2026-03-03 18:07:46,dine_in,TACOBOGO,credit_card,completed
1009033,11,,2026-03-03 18:08:38,delivery,TACOBOGO,debit_card,completed
1009034,6,170,2026-03-03 18:10:21,delivery,,credit_card,completed
1009035,7,2070,2026-03-03 18:10:49,dine_in,,apple_pay,completed
1009036,4,,2026-03-03 18:11:17,dine_in,TACOBOGO,cash,completed
1009037,13,,2026-03-03 18:12:57,dine_in,TACOBOGO,cash,completed
1009038,5,1721,2026-03-03 18:14:26,dine_in,TACOBOGO,credit_card,completed
1009039,10,2461,2026-03-03 18:17:24,dine_in,TACOBOGO,credit_card,completed
1009040,12,2429,2026-03-03 18:20:37,dine_in,,credit_card,completed
1009041,9,2419,2026-03-03 18:20:45,dine_in,TACOBOGO,debit_card,completed
1009042,8,1320,2026-03-03 18:21:25,dine_in,TACOBOGO,credit_card,completed
1009043,10,,2026-03-03 18:21:54,delivery,,apple_pay,completed
1009044,10,2115,2026-03-03 18:23:21,drive_thru,TACOBOGO,credit_card,completed
1009045,9,,2026-03-03 18:23:34,takeout,TACOBOGO,credit_card,completed
1009046,10,1486,2026-03-03 18:23:50,dine_in,,gift_card,completed
1009047,4,1027,2026-03-03 18:26:25,drive_thru,TACOBOGO,debit_card,completed
1009048,2,,2026-03-03 18:26:34,dine_in,TACOBOGO,cash,completed
1009049,1,395,2026-03-03 18:27:31,takeout,TACOBOGO,debit_card,completed
1009050,3,,2026-03-03 18:27:34,dine_in,,credit_card,completed
1009051,10,2078,2026-03-03 18:28:37,delivery,TACOBOGO,credit_card,completed
1009052,16,,2026-03-03 18:29:02,takeout,,cash,completed
1009053,13,440,2026-03-03 18:29:07,takeout,TACOBOGO,credit_card,completed
1009054,15,1154,2026-03-03 18:30:19,dine_in,,credit_card,completed
1009055,7,766,2026-03-03 18:32:57,dine_in,,apple_pay,completed
1009056,8,,2026-03-03 18:36:14,dine_in,,debit_card,completed
1009057,15,,2026-03-03 18:37:11,dine_in,,debit_card,completed
1009058,7,2414,2026-03-03 18:40:02,dine_in,,credit_card,completed
1009059,13,1753,2026-03-03 18:40:49,dine_in,,cash,completed
1009060,9,1590,2026-03-03 18:40:59,,,debit_card,completed
1009061,1,515,2026-03-03 18:42:50,takeout,,apple_pay,completed
1009062,10,364,2026-03-03 18:49:01,drive_thru,TACOBOGO,debit_card,cancelled
1009063,13,2413,2026-03-03 18:49:55,dine_in,TACOBOGO,credit_card,completed
1009064,13,,2026-03-03 18:49:55,dine_in,,credit_card,completed
1009065,3,2457,2026-03-03 18:52:32,dine_in,TACOBOGO,cash,completed
1009066,19,2126,2026-03-03 18:54:31,,,credit_card,cancelled
1009067,7,,2026-03-03 18:55:37,delivery,,apple_pay,completed
1009068,6,,2026-03-03 18:56:56,delivery,TACOBOGO,credit_card,completed
1009069,1,,2026-03-03 18:57:05,takeout,,credit_card,completed
1009070,17,408,2026-03-03 18:57:26,takeout,,credit_card,completed
1009071,12,,2026-03-03 19:00:17,dine_in,,debit_card,completed
1009072,16,475,2026-03-03 19:00:52,dine_in,,credit_card,completed
1009073,18,150,2026-03-03 19:01:51,dine_in,TACOBOGO,cash,completed
1009074,4,758,2026-03-03 19:03:18,drive_thru,TACOBOGO,debit_card,completed
1009075,5,,2026-03-03 19:05:24,dine_in,,credit_card,cancelled
1009076,3,,2026-03-03 19:06:02,dine_in,,credit_card,completed
1009077,16,,2026-03-03 19:06:06,takeout,,credit_card,completed
1009078,14,2277,2026-03-03 19:06:32,takeout,TACOBOGO,debit_card,completed
1009079,7,782,2026-03-03 19:06:48,delivery,TACOBOGO,credit_card,completed
1009080,7,2240,2026-03-03 19:07:07,dine_in,TACOBOGO,credit_card,refunded
1009081,15,837,2026-03-03 19:07:15,dine_in,,credit_card,completed
1009082,3,1131,2026-03-03 19:07:37,takeout,TACOBOGO,credit_card,completed
1009083,12,,2026-03-03 19:10:11,dine_in,TACOBOGO,credit_card,completed
1009084,1,630,03/03/2026 19:11,dine_in,TACOBOGO,debit_card,completed
1009085,8,1338,2026-03-03 19:11:56,takeout,,credit_card,completed
1009086,15,2467,2026-03-03 19:12:02,drive_thru,TACOBOGO,debit_card,completed
1009087,15,1819,2026-03-03 19:12:52,delivery,,credit_card,completed
1009088,5,2018,2026-03-03 19:15:04,delivery,,debit_card,completed
1009089,4,1090,2026-03-03 19:15:20,dine_in,,credit_card,completed
1009090,15,2268,2026-03-03 19:16:04,drive_thru,TACOBOGO,cash,completed
1009091,8,839,2026-03-03 19:16:26,delivery,,debit_card,completed
1009092,12,1940,2026-03-03 19:17:19,takeout,TACOBOGO,credit_card,completed
1009093,3,1988,2026-03-03 19:17:34,delivery,,credit_card,completed
1009094,16,,2026-03-03 19:18:58,dine_in,TACOBOGO,cash,completed
1009095,6,2152,2026-03-03 19:19:49,dine_in,TACOBOGO,debit_card,completed
1009096,4,533,2026-03-03 19:20:11,dine_in,TACOBOGO,apple_pay,completed
1009097,1,721,2026-03-03 19:20:17,takeout,,credit_card,completed
1009098,8,1262,2026-03-03 19:21:20,takeout,,credit_card,completed
1009099,2,,2026-03-03 19:22:35,dine_in,TACOBOGO,credit_card,completed
1009100,15,,2026-03-03 19:22:36,takeout,,debit_card,completed
1009101,12,1227,2026-03-03 19:22:41,takeout,,credit_card,completed
1009102,16,2465,2026-03-03 19:24:08,dine_in,TACOBOGO,cash,completed
1009103,7,,2026-03-03 19:24:11,takeout,,apple_pay,completed
1009104,4,312,2026-03-03 19:24:54,dine_in,TACOBOGO,debit_card,completed
1009105,1,105,2026-03-03 19:24:57,takeout,TACOBOGO,credit_card,completed
1009106,8,1253,2026-03-03 19:25:30,takeout,TACOBOGO,cash,completed
1009107,6,,2026-03-03 19:26:33,drive_thru,TACOBOGO,debit_card,completed
1009108,19,483,2026-03-03 19:27:34,drive_thru,TACOBOGO,cash,completed
1009109,9,1302,2026-03-03 19:28:00,dine_in,,debit_card,completed
1009110,7,1158,2026-03-03 19:28:26,dine_in,,debit_card,completed
1009111,3,868,2026-03-03 19:30:22,delivery,TACOBOGO,credit_card,completed
1009112,19,2336,2026-03-03 19:32:50,dine_in,TACOBOGO,cash,completed
1009113,2,1356,2026-03-03 19:36:04,takeout,TACOBOGO,apple_pay,completed
1009114,17,1079,2026-03-03 19:38:22,delivery,TACOBOGO,apple_pay,completed
1009115,1,,2026-03-03 19:43:44,dine_in,TACOBOGO,credit_card,completed
1009116,7,107,2026-03-03 19:48:22,dine_in,TACOBOGO,cash,completed
1009117,7,1350,2026-03-03 19:50:55,takeout,TACOBOGO,debit_card,completed
1009118,18,1132,2026-03-03 19:51:55,dine_in,,cash,completed
1009119,4,1213,03/03/2026 19:52,dine_in,,debit_card,completed
1009120,2,,2026-03-03 19:57:55,dine_in,,cash,completed
1009121,13,,2026-03-03 19:59:44,dine_in,TACOBOGO,debit_card,completed
1009122,7,930,2026-03-03 20:03:42,delivery,,debit_card,completed
1009123,4,,2026-03-03 20:04:36,drive_thru,TACOBOGO,credit_card,completed
1009124,11,,2026-03-03 20:08:02,takeout,TACOBOGO,apple_pay,completed
1009125,12,1800,2026-03-03 20:09:26,dine_in,,credit_card,completed
1009126,3,983,2026-03-03 20:20:37,dine_in,TACOBOGO,debit_card,completed
1009127,17,1103,2026-03-03 20:20:54,dine_in,TACOBOGO,credit_card,completed
1009128,13,,2026-03-03 20:22:33,delivery,TACOBOGO,credit_card,completed
1009129,7,1135,2026-03-03 20:26:15,delivery,,apple_pay,completed
1009130,7,146,2026-03-03 20:29:31,dine_in,TACOBOGO,credit_card,completed
1009131,2,,2026-03-03 20:39:17,dine_in,TACOBOGO,credit_card,completed
1009132,5,1794,2026-03-03 20:42:07,drive_thru,TACOBOGO,apple_pay,completed
1009133,7,1567,2026-03-03 20:55:23,delivery,TACOBOGO,apple_pay,completed
1009134,15,498,2026-03-03 20:56:06,dine_in,,debit_card,completed
1009135,16,,2026-03-03 21:08:31,dine_in,TACOBOGO,cash,completed
1009136,15,,2026-03-03 21:44:03,delivery,,credit_card,completed
1009137,9,1788,2026-03-04 11:04:14,delivery,,debit_card,completed
1009138,1,2003,2026-03-04 11:11:53,dine_in,,credit_card,completed
1009139,16,2434,2026-03-04 11:12:03,takeout,,credit_card,completed
1009140,6,,2026-03-04 11:15:20,dine_in,,credit_card,completed
1009141,18,,2026-03-04 11:26:30,takeout,,credit_card,completed
1009142,7,1866,2026-03-04 11:32:54,takeout,,credit_card,cancelled
1009143,14,,2026-03-04 11:33:53,takeout,,apple_pay,completed
1009144,13,166,2026-03-04 11:34:00,takeout,,debit_card,completed
1009145,17,1143,2026-03-04 11:34:43,dine_in,,cash,completed
1009146,14,,2026-03-04 11:35:53,delivery,,credit_card,completed
1009147,14,,2026-03-04 11:37:26,delivery,,credit_card,completed
1009148,8,296,2026-03-04 11:39:10,dine_in,,credit_card,completed
1009149,8,224,2026-03-04 11:40:15,takeout,,credit_card,completed
1009150,18,1130,2026-03-04 11:44:22,dine_in,,apple_pay,completed
1009151,19,,2026-03-04 11:44:42,dine_in,,debit_card,completed
1009152,16,,2026-03-04 11:44:52,delivery,,credit_card,completed
1009153,13,2251,03/04/2026 11:47,dine_in,,credit_card,completed
1009154,11,,2026-03-04 11:48:15,dine_in,,gift_card,completed
1009155,14,646,2026-03-04 11:59:39,dine_in,,debit_card,completed
1009156,19,,2026-03-04 12:03:04,delivery,,debit_card,completed
1009157,7,930,2026-03-04 12:03:50,takeout,,credit_card,completed
1009158,13,1022,2026-03-04 12:04:32,dine_in,,credit_card,completed
1009159,4,869,2026-03-04 12:05:17,delivery,,credit_card,completed
1009160,3,2469,2026-03-04 12:07:19,delivery,,debit_card,completed
1009161,16,1557,2026-03-04 12:09:38,dine_in,,credit_card,completed
1009162,15,1653,2026-03-04 12:11:44,dine_in,,credit_card,completed
1009163,3,,2026-03-04 12:11:57,dine_in,,credit_card,completed
1009164,8,128,03/04/2026 12:12,,,apple_pay,completed
1009165,9,526,2026-03-04 12:15:05,drive_thru,,cash,completed
1009166,7,2352,2026-03-04 12:16:16,delivery,,credit_card,completed
1009167,15,,2026-03-04 12:17:02,drive_thru,,credit_card,completed
1009168,19,738,2026-03-04 12:22:18,drive_thru,,debit_card,completed
1009169,19,,2026-03-04 12:22:47,drive_thru,,credit_card,completed
1009170,13,,2026-03-04 12:29:51,dine_in,,debit_card,completed
1009171,1,2110,2026-03-04 12:31:28,dine_in,,debit_card,completed
1009172,11,1397,2026-03-04 12:33:13,takeout,,cash,completed
1009173,7,,2026-03-04 12:38:24,takeout,,credit_card,completed
1009174,8,2030,2026-03-04 12:40:15,dine_in,,apple_pay,completed
1009175,17,,2026-03-04 12:41:32,dine_in,,credit_card,completed
1009176,14,1293,2026-03-04 12:43:09,dine_in,,credit_card,completed
1009177,15,,2026-03-04 12:46:17,delivery,,gift_card,completed
1009178,5,1633,2026-03-04 12:46:52,delivery,,credit_card,completed
1009179,12,1940,2026-03-04 12:49:47,takeout,,cash,completed
1009180,13,1142,2026-03-04 12:50:43,delivery,,credit_card,completed
1009181,3,2401,2026-03-04 12:53:24,takeout,,debit_card,completed
1009182,19,,2026-03-04 12:53:47,delivery,,apple_pay,completed
1009183,3,1216,2026-03-04 12:56:05,dine_in,,credit_card,completed
1009184,12,340,2026-03-04 12:56:46,takeout,,credit_card,completed
1009185,9,709,2026-03-04 12:57:09,delivery,,debit_card,completed
1009186,19,1062,2026-03-04 12:59:39,takeout,,apple_pay,completed
1009187,15,,2026-03-04 13:00:56,drive_thru,,apple_pay,completed
1009188,3,,2026-03-04 13:10:43,dine_in,,debit_card,cancelled
1009189,8,,2026-03-04 13:10:51,takeout,,credit_card,completed
1009190,2,,2026-03-04 13:14:29,dine_in,,credit_card,completed
1009191,14,1614,2026-03-04 13:14:32,dine_in,,credit_card,completed
1009192,19,142,2026-03-04 13:16:11,delivery,,apple_pay,completed
1009193,8,104,2026-03-04 13:18:08,takeout,,credit_card,completed
1009194,13,1142,2026-03-04 13:26:14,delivery,,debit_card,completed
1009195,6,1384,2026-03-04 13:36:13,delivery,,debit_card,completed
1009196,4,,2026-03-04 13:49:18,drive_thru,,credit_card,completed
1009197,12,,2026-03-04 13:59:21,dine_in,,credit_card,completed
1009198,3,2314,2026-03-04 14:47:46,takeout,,credit_card,completed
1009199,14,859,2026-03-04 14:57:03,delivery,,credit_card,cancelled
1009200,10,,2026-03-04 15:32:52,drive_thru,,cash,completed
1009201,2,1163,2026-03-04 15:33:04,delivery,,debit_card,completed
1009202,14,2406,2026-03-04 15:50:04,takeout,,debit_card,completed
1009203,4,,2026-03-04 16:10:07,drive_thru,,cash,completed
1009204,3,2181,2026-03-04 16:26:52,dine_in,,debit_card,completed
1009205,1,1787,2026-03-04 16:47:29,,,credit_card,completed
1009206,10,,2026-03-04 17:29:05,dine_in,,cash,completed
1009207,18,386,2026-03-04 17:56:25,drive_thru,,apple_pay,completed
1009208,4,865,2026-03-04 17:58:25,delivery,,credit_card,completed
1009209,15,1819,2026-03-04 17:58:31,takeout,,credit_card,completed
1009210,18,,2026-03-04 18:04:12,dine_in,,credit_card,completed
1009211,8,461,2026-03-04 18:05:48,takeout,,credit_card,completed
1009212,6,1690,2026-03-04 18:07:32,delivery,,apple_pay,completed
1009213,14,,2026-03-04 18:11:55,takeout,,apple_pay,completed
1009214,10,1207,2026-03-04 18:14:28,dine_in,,credit_card,completed
1009215,4,,2026-03-04 18:16:43,dine_in,,credit_card,completed
1009216,13,1072,2026-03-04 18:18:16,takeout,,credit_card,completed
1009217,5,,2026-03-04 18:19:11,takeout,,credit_card,completed
1009218,12,2431,2026-03-04 18:19:21,dine_in,,debit_card,completed
1009219,10,1798,2026-03-04 18:25:04,drive_thru,,credit_card,completed
1009220,5,2080,2026-03-04 18:25:58,delivery,,credit_card,completed
1009221,4,1205,2026-03-04 18:30:49,drive_thru,,apple_pay,completed
1009222,8,1741,2026-03-04 18:33:05,takeout,,credit_card,completed
1009223,5,264,2026-03-04 18:37:59,dine_in,,credit_card,completed
1009224,12,,2026-03-04 18:41:47,dine_in,,credit_card,completed
1009225,14,426,2026-03-04 18:42:32,delivery,,apple_pay,completed
1009226,9,2122,2026-03-04 18:42:57,drive_thru,,debit_card,completed
1009227,7,,2026-03-04 18:43:22,takeout,,debit_card,completed
1009228,15,,2026-03-04 18:48:43,drive_thru,,gift_card,completed
1009229,3,2363,2026-03-04 18:50:24,takeout,,credit_card,completed
1009230,1,2003,2026-03-04 18:52:27,dine_in,,credit_card,completed
1009231,14,1898,03/04/2026 18:54,dine_in,,credit_card,completed
1009232,10,,2026-03-04 18:55:20,delivery,,apple_pay,completed
1009233,6,75,2026-03-04 18:58:25,dine_in,,credit_card,completed
1009234,6,,2026-03-04 18:59:45,dine_in,,cash,completed
1009235,3,1531,2026-03-04 19:00:00,takeout,,apple_pay,completed
1009236,8,1118,2026-03-04 19:07:04,dine_in,,credit_card,completed
1009237,18,,2026-03-04 19:09:07,delivery,,debit_card,completed
1009238,14,,2026-03-04 19:09:13,drive_thru,,credit_card,completed
1009239,14,1339,2026-03-04 19:13:34,delivery,,credit_card,completed
1009240,6,75,2026-03-04 19:20:06,drive_thru,,credit_card,completed
1009241,9,763,2026-03-04 19:24:54,takeout,,apple_pay,completed
1009242,14,2325,2026-03-04 19:26:34,drive_thru,,credit_card,completed
1009243,2,,2026-03-04 19:26:55,dine_in,,credit_card,refunded
1009244,19,,2026-03-04 19:30:04,takeout,,apple_pay,completed
1009245,11,,2026-03-04 19:30:45,takeout,,credit_card,completed
1009246,1,999,2026-03-04 19:30:50,dine_in,,credit_card,completed
1009247,7,,2026-03-04 19:31:14,dine_in,,credit_card,completed
1009248,4,2111,2026-03-04 19:32:08,dine_in,,credit_card,completed
1009249,12,225,2026-03-04 19:32:52,delivery,,credit_card,completed
1009250,10,118,2026-03-04 19:33:22,drive_thru,,debit_card,completed
1009251,4,519,2026-03-04 19:34:27,dine_in,,credit_card,completed
1009252,10,269,2026-03-04 19:36:40,delivery,,credit_card,completed
1009253,15,1912,2026-03-04 19:36:49,delivery,,credit_card,completed
1009254,9,,2026-03-04 19:48:47,drive_thru,,debit_card,completed
1009255,12,,2026-03-04 20:05:34,takeout,,credit_card,completed
1009256,15,1299,2026-03-04 20:07:59,drive_thru,,credit_card,completed
1009257,6,,2026-03-04 20:08:30,drive_thru,,cash,completed
1009258,3,79,2026-03-04 20:17:43,dine_in,,credit_card,completed
1009259,8,2315,2026-03-04 20:21:46,dine_in,,debit_card,completed
1009260,10,887,2026-03-04 20:32:34,takeout,,debit_card,completed
1009261,8,228,2026-03-04 21:01:46,dine_in,,cash,completed
1009262,15,,2026-03-04 21:09:52,drive_thru,,gift_card,refunded
1009263,19,,2026-03-04 21:13:15,drive_thru,,gift_card,completed
1009264,11,128,2026-03-04 21:28:05,delivery,,credit_card,completed
1009265,18,2147,2026-03-04 21:28:15,dine_in,,credit_card,completed
1009266,18,218,2026-03-04 21:29:36,delivery,,credit_card,completed
1009267,12,1412,2026-03-05 10:41:09,dine_in,,cash,cancelled
1009268,1,2209,2026-03-05 10:47:30,dine_in,,debit_card,completed
1009269,5,1633,2026-03-05 10:52:53,drive_thru,,debit_card,completed
1009270,7,,2026-03-05 11:03:56,delivery,,gift_card,completed
1009271,9,2052,2026-03-05 11:06:29,delivery,,credit_card,completed
1009272,12,373,2026-03-05 11:12:48,dine_in,,apple_pay,completed
1009273,7,1404,2026-03-05 11:26:00,delivery,,credit_card,completed
1009274,13,1022,2026-03-05 11:30:42,delivery,,credit_card,completed
1009275,12,,2026-03-05 11:31:39,dine_in,,credit_card,completed
1009276,8,457,2026-03-05 11:36:05,dine_in,,apple_pay,completed
1009277,19,,2026-03-05 11:37:39,takeout,,credit_card,completed
1009278,7,967,2026-03-05 11:41:58,dine_in,,credit_card,completed
1009279,3,17,2026-03-05 11:42:35,dine_in,,apple_pay,completed
1009280,3,,2026-03-05 11:42:49,dine_in,,cash,completed
1009281,13,2381,2026-03-05 11:45:18,takeout,,debit_card,completed
1009282,18,,2026-03-05 11:54:47,drive_thru,,credit_card,completed
1009283,19,975,2026-03-05 11:55:40,takeout,,credit_card,completed
1009284,12,,2026-03-05 11:55:54,takeout,,apple_pay,refunded
1009285,3,241,03/05/2026 11:58,delivery,,credit_card,completed
1009286,5,926,2026-03-05 11:58:20,dine_in,,cash,completed
1009287,5,1159,2026-03-05 12:03:04,dine_in,,credit_card,completed
1009288,16,,2026-03-05 12:03:49,dine_in,,debit_card,completed
1009289,8,302,2026-03-05 12:04:04,delivery,,credit_card,completed
1009290,14,2406,2026-03-05 12:04:26,drive_thru,,cash,completed
1009291,10,,2026-03-05 12:06:37,takeout,,credit_card,completed
1009292,6,777,2026-03-05 12:07:08,dine_in,,credit_card,completed
1009293,11,2240,2026-03-05 12:09:14,drive_thru,,credit_card,completed
1009294,16,,2026-03-05 12:09:22,takeout,,credit_card,completed
1009295,14,471,2026-03-05 12:10:14,takeout,,credit_card,completed
1009296,8,2303,2026-03-05 12:12:44,dine_in,,credit_card,completed
1009297,16,,2026-03-05 12:15:06,dine_in,,apple_pay,completed
1009298,13,,2026-03-05 12:15:55,takeout,,apple_pay,completed
1009299,3,,2026-03-05 12:18:41,dine_in,,debit_card,completed
1009300,8,1829,2026-03-05 12:18:45,dine_in,,cash,completed
1009301,10,,2026-03-05 12:18:58,drive_thru,,credit_card,completed
1009302,19,483,2026-03-05 12:21:32,dine_in,,apple_pay,completed
1009303,2,,2026-03-05 12:29:49,delivery,,debit_card,completed
1009304,7,145,2026-03-05 12:30:16,delivery,,credit_card,completed
1009305,11,308,2026-03-05 12:31:04,drive_thru,,debit_card,completed
1009306,11,,2026-03-05 12:31:51,takeout,,credit_card,completed
1009307,3,,2026-03-05 12:33:01,,,debit_card,completed
1009308,18,1629,2026-03-05 12:34:52,delivery,,debit_card,completed
1009309,17,,2026-03-05 12:36:05,dine_in,,debit_card,completed
1009310,2,1035,2026-03-05 12:36:50,takeout,,credit_card,completed
1009311,5,542,2026-03-05 12:42:52,takeout,,apple_pay,completed
1009312,18,482,2026-03-05 12:43:58,drive_thru,,credit_card,completed
1009313,6,1395,2026-03-05 12:45:01,delivery,,credit_card,completed
1009314,1,,2026-03-05 12:45:08,takeout,,credit_card,completed
1009315,9,1000,2026-03-05 12:48:14,delivery,,credit_card,completed
1009316,12,2023,2026-03-05 12:58:10,takeout,,credit_card,completed
1009317,3,888,2026-03-05 13:01:42,dine_in,,debit_card,completed
1009318,12,903,2026-03-05 13:05:27,delivery,,credit_card,completed
1009319,10,836,2026-03-05 13:06:01,delivery,,debit_card,cancelled
1009320,13,2228,2026-03-05 13:06:20,dine_in,,debit_card,completed
1009321,18,672,2026-03-05 13:16:12,drive_thru,,credit_card,completed
1009322,8,,2026-03-05 13:20:21,takeout,,credit_card,completed
1009323,4,2378,2026-03-05 13:52:03,dine_in,,debit_card,completed
1009324,8,,2026-03-05 13:57:22,delivery,,debit_card,completed
1009325,11,670,2026-03-05 14:29:18,dine_in,,debit_card,completed
1009326,18,1689,2026-03-05 14:39:36,dine_in,,debit_card,completed
1009327,1,116,2026-03-05 14:47:13,takeout,,debit_card,completed
1009328,8,720,2026-03-05 14:53:01,dine_in,,credit_card,completed
1009329,18,1775,03/05/2026 15:04,dine_in,,credit_card,completed
1009330,4,2062,2026-03-05 15:35:02,drive_thru,,debit_card,completed
1009331,15,554,03/05/2026 15:53,delivery,,credit_card,completed
1009332,11,,03/05/2026 15:55,delivery,,credit_card,completed
1009333,4,778,2026-03-05 16:35:11,dine_in,,apple_pay,completed
1009334,10,,2026-03-05 16:52:56,dine_in,,credit_card,completed
1009335,17,,2026-03-05 16:57:44,,,credit_card,completed
1009336,9,1658,2026-03-05 17:03:34,delivery,,credit_card,completed
1009337,14,989,2026-03-05 17:20:33,dine_in,,apple_pay,completed
1009338,17,1850,2026-03-05 17:38:34,dine_in,,credit_card,completed
1009339,10,,2026-03-05 17:42:03,dine_in,,credit_card,refunded
1009340,12,265,2026-03-05 18:05:03,dine_in,,credit_card,completed
1009341,9,590,2026-03-05 18:08:22,drive_thru,,apple_pay,completed
1009342,16,475,2026-03-05 18:08:57,delivery,,credit_card,completed
1009343,18,400,2026-03-05 18:15:56,,,cash,completed
1009344,16,,2026-03-05 18:17:19,dine_in,,credit_card,completed
1009345,19,,2026-03-05 18:19:35,takeout,,credit_card,completed
1009346,13,1542,2026-03-05 18:22:00,dine_in,,credit_card,completed
1009347,11,1719,2026-03-05 18:22:12,dine_in,,credit_card,completed
1009348,14,584,2026-03-05 18:29:57,drive_thru,,debit_card,completed
1009349,11,,2026-03-05 18:31:42,delivery,,credit_card,completed
1009350,16,2176,2026-03-05 18:37:29,dine_in,,apple_pay,completed
1009351,13,1341,2026-03-05 18:38:35,takeout,,apple_pay,completed
1009352,6,1033,2026-03-05 18:41:15,delivery,,debit_card,completed
1009353,8,,2026-03-05 18:42:05,dine_in,,debit_card,completed
1009354,9,,2026-03-05 18:46:38,drive_thru,,credit_card,completed
1009355,18,2237,2026-03-05 18:48:46,takeout,,credit_card,completed
1009356,5,1633,2026-03-05 18:49:32,drive_thru,,apple_pay,completed
1009357,18,,2026-03-05 18:53:01,dine_in,,debit_card,completed
1009358,1,,2026-03-05 18:56:04,dine_in,,debit_card,completed
1009359,12,1999,2026-03-05 18:56:33,takeout,,apple_pay,completed
1009360,8,2148,2026-03-05 19:08:02,dine_in,,credit_card,completed
1009361,7,1305,2026-03-05 19:08:28,dine_in,,credit_card,completed
1009362,7,1866,2026-03-05 19:12:37,dine_in,,credit_card,completed
1009363,19,,2026-03-05 19:12:59,delivery,,gift_card,completed
1009364,9,1182,2026-03-05 19:16:36,takeout,,credit_card,completed
1009365,1,1880,2026-03-05 19:16:40,takeout,,apple_pay,completed
1009366,13,699,2026-03-05 19:20:04,delivery,,credit_card,completed
1009367,19,273,2026-03-05 19:21:57,dine_in,,credit_card,completed
1009368,1,,2026-03-05 19:27:29,dine_in,,credit_card,cancelled
1009369,2,2174,2026-03-05 19:27:59,dine_in,,credit_card,completed
1009370,5,2333,2026-03-05 19:38:12,delivery,,credit_card,completed
1009371,13,1481,2026-03-05 19:39:28,takeout,,debit_card,completed
1009372,2,270,2026-03-05 19:41:58,dine_in,,credit_card,completed
1009373,6,,2026-03-05 19:43:42,dine_in,,credit_card,completed
1009374,1,,2026-03-05 19:44:21,delivery,,debit_card,completed
1009375,10,1013,2026-03-05 19:44:36,drive_thru,,apple_pay,completed
1009376,4,,2026-03-05 19:53:36,drive_thru,,gift_card,completed
1009377,4,951,2026-03-05 19:54:58,takeout,,debit_card,completed
1009378,14,,2026-03-05 20:01:00,dine_in,,apple_pay,refunded
1009379,8,2240,2026-03-05 20:04:19,dine_in,,credit_card,completed
1009380,7,,2026-03-05 20:04:52,dine_in,,cash,completed
1009381,4,,2026-03-05 20:11:29,dine_in,,credit_card,completed
1009382,14,2264,2026-03-05 20:17:15,drive_thru,,debit_card,completed
1009383,8,2033,2026-03-05 20:18:09,takeout,,credit_card,completed
1009384,17,1389,2026-03-05 20:28:58,dine_in,,debit_card,completed
1009385,7,995,2026-03-05 20:31:34,delivery,,credit_card,completed
1009386,9,,2026-03-05 20:32:57,drive_thru,,debit_card,completed
1009387,18,1717,03/05/2026 20:44,delivery,,credit_card,completed
1009388,2,,2026-03-05 21:11:58,takeout,,apple_pay,completed
1009389,14,1774,2026-03-05 21:25:31,dine_in,,credit_card,completed
1009390,6,,2026-03-05 21:40:24,drive_thru,,cash,completed
1009391,18,1369,2026-03-06 10:55:09,dine_in,,cash,completed
1009392,1,,2026-03-06 11:03:23,dine_in,,cash,completed
1009393,9,,2026-03-06 11:23:28,dine_in,,credit_card,completed
1009394,5,,2026-03-06 11:31:55,takeout,,credit_card,completed
1009395,6,,2026-03-06 11:32:45,drive_thru,,debit_card,refunded
1009396,13,2375,2026-03-06 11:38:05,takeout,,credit_card,refunded
1009397,15,2298,2026-03-06 11:38:58,delivery,,credit_card,completed
1009398,7,1973,2026-03-06 11:47:40,dine_in,,debit_card,completed
1009399,4,1624,2026-03-06 11:49:43,drive_thru,,credit_card,completed
1009400,19,1315,2026-03-06 11:49:57,dine_in,,credit_card,completed
1009401,16,,2026-03-06 11:51:39,delivery,,credit_card,completed
1009402,19,,2026-03-06 11:54:07,drive_thru,,debit_card,refunded
1009403,15,,2026-03-06 11:57:50,,,credit_card,completed
1009404,3,2059,2026-03-06 11:59:09,delivery,,credit_card,completed
1009405,6,1386,03/06/2026 11:59,takeout,,credit_card,completed
1009406,10,1456,2026-03-06 12:02:52,drive_thru,,cash,completed
1009407,1,,2026-03-06 12:03:50,dine_in,,credit_card,completed
1009408,4,1027,2026-03-06 12:04:01,drive_thru,,cash,completed
1009409,8,228,2026-03-06 12:04:44,delivery,,credit_card,completed
1009410,1,968,2026-03-06 12:04:57,dine_in,,credit_card,cancelled
1009411,7,2108,2026-03-06 12:06:23,delivery,,credit_card,refunded
1009412,14,1536,2026-03-06 12:10:38,drive_thru,,credit_card,completed
1009413,17,2193,2026-03-06 12:12:19,dine_in,,credit_card,completed
1009414,18,684,03/06/2026 12:13,drive_thru,,credit_card,completed
1009415,13,566,2026-03-06 12:15:08,takeout,,cash,cancelled
1009416,2,901,2026-03-06 12:15:17,dine_in,,debit_card,completed
1009417,18,,2026-03-06 12:15:42,delivery,,apple_pay,completed
1009418,7,2201,2026-03-06 12:18:38,takeout,,debit_card,completed
1009419,12,1751,2026-03-06 12:18:39,takeout,,credit_card,completed
1009420,9,,2026-03-06 12:20:06,drive_thru,,cash,completed
1009421,16,,2026-03-06 12:21:44,dine_in,,apple_pay,completed
1009422,6,1857,2026-03-06 12:22:44,dine_in,,debit_card,completed
1009423,3,,2026-03-06 12:23:25,dine_in,,cash,completed
1009424,15,351,2026-03-06 12:26:00,dine_in,,credit_card,completed
1009425,16,486,2026-03-06 12:28:57,dine_in,,credit_card,completed
1009426,3,2109,2026-03-06 12:31:16,dine_in,,credit_card,completed
1009427,3,984,2026-03-06 12:31:38,dine_in,,credit_card,completed
1009428,4,1247,2026-03-06 12:31:47,,,debit_card,completed
1009429,19,1427,2026-03-06 12:36:37,dine_in,,gift_card,completed
1009430,1,,2026-03-06 12:38:13,dine_in,,credit_card,completed
1009431,1,,2026-03-06 12:39:47,dine_in,,apple_pay,completed
1009432,7,674,2026-03-06 12:40:40,delivery,,apple_pay,completed
1009433,4,974,2026-03-06 12:41:16,dine_in,,credit_card,completed
1009434,8,1710,2026-03-06 12:45:43,takeout,,credit_card,completed
1009435,7,1707,2026-03-06 12:47:47,dine_in,,credit_card,completed
1009436,13,1782,2026-03-06 12:49:34,takeout,,credit_card,completed
1009437,11,,2026-03-06 12:49:53,drive_thru,,credit_card,completed
1009438,13,,2026-03-06 12:51:03,dine_in,,credit_card,completed
1009439,19,206,2026-03-06 12:52:29,dine_in,,credit_card,completed
1009440,13,2210,2026-03-06 12:52:38,delivery,,credit_card,completed
1009441,7,,2026-03-06 12:55:33,dine_in,,apple_pay,completed
1009442,3,525,2026-03-06 12:56:58,dine_in,,debit_card,completed
1009443,1,,2026-03-06 12:58:22,,,credit_card,completed
1009444,14,,2026-03-06 12:58:45,takeout,,credit_card,completed
1009445,12,428,2026-03-06 12:59:07,dine_in,,debit_card,refunded
1009446,9,2122,2026-03-06 13:00:25,dine_in,,debit_card,completed
1009447,2,981,2026-03-06 13:00:45,takeout,,credit_card,completed
1009448,1,116,2026-03-06 13:02:41,dine_in,,debit_card,completed
1009449,12,1598,2026-03-06 13:10:26,takeout,,debit_card,completed
1009450,13,2316,03/06/2026 13:11,dine_in,,cash,completed
1009451,16,1855,2026-03-06 13:13:55,dine_in,,debit_card,completed
1009452,17,543,2026-03-06 13:13:57,dine_in,,apple_pay,completed
1009453,1,,03/06/2026 13:18,takeout,,credit_card,completed
1009454,2,,2026-03-06 13:22:58,takeout,,debit_card,completed
1009455,10,2248,2026-03-06 13:23:23,dine_in,,credit_card,completed
1009456,6,685,2026-03-06 13:29:39,delivery,,credit_card,completed
1009457,19,2041,2026-03-06 13:32:26,takeout,,debit_card,completed
1009458,11,,2026-03-06 13:33:14,takeout,,debit_card,completed
1009459,19,2300,2026-03-06 13:37:45,dine_in,,credit_card,completed
1009460,11,,2026-03-06 13:38:11,dine_in,,debit_card,completed
1009461,4,1924,2026-03-06 13:55:19,dine_in,,apple_pay,completed
1009462,15,347,2026-03-06 14:06:37,drive_thru,,gift_card,completed
1009463,11,,2026-03-06 14:09:30,drive_thru,,credit_card,completed
1009464,19,2084,2026-03-06 14:22:09,delivery,,debit_card,completed
1009465,6,299,2026-03-06 15:11:55,drive_thru,,credit_card,completed
1009466,9,1338,2026-03-06 15:25:22,drive_thru,,credit_card,completed
1009467,3,,2026-03-06 15:41:34,takeout,,debit_card,completed
1009468,13,544,2026-03-06 15:50:27,dine_in,,credit_card,completed
1009469,19,1824,2026-03-06 16:07:01,drive_thru,,debit_card,completed
1009470,6,731,2026-03-06 16:14:57,delivery,,debit_card,completed
1009471,2,1770,2026-03-06 16:24:05,delivery,,credit_card,completed
1009472,6,487,2026-03-06 16:25:52,dine_in,,credit_card,completed
1009473,9,1253,2026-03-06 16:37:00,dine_in,,credit_card,completed
1009474,7,68,2026-03-06 17:13:42,delivery,,gift_card,completed
1009475,14,413,2026-03-06 17:27:33,dine_in,,apple_pay,completed
1009476,18,1733,2026-03-06 17:31:10,dine_in,,apple_pay,completed
1009477,9,,2026-03-06 17:38:22,dine_in,,credit_card,completed
1009478,17,2054,2026-03-06 17:40:17,delivery,,debit_card,completed
1009479,8,,2026-03-06 17:42:24,dine_in,,apple_pay,completed
1009480,15,2372,2026-03-06 17:49:18,drive_thru,,credit_card,completed
1009481,4,,2026-03-06 17:54:09,drive_thru,,credit_card,completed
1009482,16,2336,2026-03-06 17:58:12,takeout,,credit_card,completed
1009483,18,557,2026-03-06 18:07:15,delivery,,credit_card,completed
1009484,15,1156,2026-03-06 18:10:03,dine_in,,debit_card,completed
1009485,15,231,2026-03-06 18:10:03,delivery,,credit_card,completed
1009486,13,391,2026-03-06 18:13:54,dine_in,,apple_pay,completed
1009487,7,913,2026-03-06 18:15:18,dine_in,,apple_pay,completed
1009488,6,474,2026-03-06 18:18:49,delivery,,credit_card,completed
1009489,9,,2026-03-06 18:19:02,dine_in,,credit_card,completed
1009490,3,2190,2026-03-06 18:23:39,dine_in,,credit_card,completed
1009491,8,913,2026-03-06 18:24:04,delivery,,credit_card,completed
1009492,19,1812,2026-03-06 18:26:28,delivery,,credit_card,completed
1009493,16,307,2026-03-06 18:26:29,dine_in,,apple_pay,completed
1009494,16,,2026-03-06 18:27:09,dine_in,,cash,completed
1009495,7,107,2026-03-06 18:27:34,takeout,,credit_card,cancelled
1009496,6,2270,2026-03-06 18:31:22,delivery,,debit_card,completed
1009497,13,34,2026-03-06 18:32:53,dine_in,,credit_card,completed
1009498,2,1604,2026-03-06 18:33:46,takeout,,cash,completed
1009499,11,2009,03/06/2026 18:36,delivery,,apple_pay,completed
1009500,5,1309,2026-03-06 18:39:12,drive_thru,,credit_card,completed
1009501,8,,2026-03-06 18:41:19,dine_in,,credit_card,completed
1009502,1,,2026-03-06 18:41:43,delivery,,credit_card,completed
1009503,4,,2026-03-06 18:42:10,drive_thru,,credit_card,completed
1009504,1,2040,2026-03-06 18:42:45,dine_in,,credit_card,completed
1009505,2,2026,2026-03-06 18:43:12,dine_in,,credit_card,completed
1009506,1,,2026-03-06 18:49:21,dine_in,,credit_card,completed
1009507,11,476,2026-03-06 18:58:54,drive_thru,,apple_pay,completed
1009508,10,658,2026-03-06 18:59:58,takeout,,credit_card,completed
1009509,7,2068,2026-03-06 19:00:05,dine_in,,credit_card,completed
1009510,6,,2026-03-06 19:01:08,drive_thru,,credit_card,completed
1009511,10,1950,2026-03-06 19:03:09,delivery,,gift_card,completed
1009512,10,,2026-03-06 19:07:47,dine_in,,cash,completed
1009513,5,264,2026-03-06 19:08:56,delivery,,debit_card,completed
1009514,11,812,2026-03-06 19:11:47,dine_in,,credit_card,completed
1009515,6,2485,2026-03-06 19:12:33,dine_in,,cash,completed
1009516,19,872,2026-03-06 19:14:14,drive_thru,,credit_card,completed
1009517,12,992,2026-03-06 19:14:40,dine_in,,credit_card,completed
1009518,4,51,2026-03-06 19:18:27,delivery,,apple_pay,completed
1009519,6,,2026-03-06 19:20:36,delivery,,debit_card,cancelled
1009520,8,2293,2026-03-06 19:20:48,dine_in,,apple_pay,completed
1009521,6,761,2026-03-06 19:22:51,dine_in,,apple_pay,completed
1009522,1,,2026-03-06 19:25:53,dine_in,,cash,completed
1009523,9,42,2026-03-06 19:30:35,drive_thru,,credit_card,completed
1009524,9,,2026-03-06 19:38:30,dine_in,,apple_pay,completed
1009525,6,537,03/06/2026 19:40,drive_thru,,cash,completed
1009526,14,446,2026-03-06 19:40:39,drive_thru,,credit_card,completed
1009527,11,1844,2026-03-06 19:42:47,drive_thru,,apple_pay,completed
1009528,3,2171,2026-03-06 19:44:25,takeout,,apple_pay,completed
1009529,14,2453,2026-03-06 19:45:18,delivery,,apple_pay,completed
1009530,14,646,2026-03-06 19:47:16,drive_thru,,debit_card,completed
1009531,19,1265,2026-03-06 19:48:21,dine_in,,gift_card,completed
1009532,11,1454,2026-03-06 19:52:28,drive_thru,,credit_card,completed
1009533,5,1522,2026-03-06 20:02:59,delivery,,credit_card,completed
1009534,12,652,2026-03-06 20:07:47,takeout,,cash,completed
1009535,13,1845,2026-03-06 20:08:31,dine_in,,cash,completed
1009536,1,49,2026-03-06 20:11:35,delivery,,credit_card,completed
1009537,17,1835,2026-03-06 20:14:33,takeout,,debit_card,completed
1009538,15,,2026-03-06 20:16:01,drive_thru,,credit_card,completed
1009539,17,,2026-03-06 20:21:15,takeout,,credit_card,completed
1009540,7,,2026-03-06 20:23:41,dine_in,,cash,completed
1009541,16,1603,2026-03-06 20:28:09,takeout,,apple_pay,completed
1009542,9,,2026-03-06 20:50:43,dine_in,,credit_card,completed
1009543,7,2027,2026-03-06 21:00:08,dine_in,,credit_card,completed
1009544,4,696,2026-03-06 21:31:28,drive_thru,,credit_card,completed
1009545,18,1001,2026-03-07 10:40:04,drive_thru,,apple_pay,completed
1009546,15,,2026-03-07 10:40:52,takeout,,cash,completed
1009547,2,1415,2026-03-07 10:51:12,dine_in,,cash,completed
1009548,5,1527,03/07/2026 11:04,delivery,,gift_card,completed
1009549,17,847,2026-03-07 11:13:46,takeout,,apple_pay,completed
1009550,10,,2026-03-07 11:21:39,dine_in,,credit_card,completed
1009551,11,,2026-03-07 11:23:10,drive_thru,,debit_card,completed
1009552,13,,03/07/2026 11:30,dine_in,,debit_card,completed
1009553,12,2094,2026-03-07 11:31:57,dine_in,,cash,completed
1009554,6,2221,2026-03-07 11:35:42,,,apple_pay,completed
1009555,17,2465,2026-03-07 11:40:24,dine_in,,apple_pay,completed
1009556,18,1543,2026-03-07 11:41:54,dine_in,,cash,completed
1009557,19,,2026-03-07 11:42:17,delivery,,credit_card,cancelled
1009558,8,2008,2026-03-07 11:45:29,dine_in,,cash,completed
1009559,10,2030,2026-03-07 11:47:02,delivery,,debit_card,completed
1009560,16,1643,2026-03-07 11:49:15,dine_in,,cash,completed
1009561,6,381,2026-03-07 11:49:43,drive_thru,,credit_card,completed
1009562,18,482,2026-03-07 11:51:02,dine_in,,credit_card,completed
1009563,8,2466,2026-03-07 11:56:34,takeout,,apple_pay,cancelled
1009564,11,1668,2026-03-07 11:57:59,dine_in,,credit_card,completed
1009565,17,1638,2026-03-07 11:58:49,takeout,,apple_pay,completed
1009566,8,1050,2026-03-07 11:59:12,dine_in,,debit_card,completed
1009567,8,,2026-03-07 11:59:49,dine_in,,credit_card,completed
1009568,4,2204,2026-03-07 12:01:31,drive_thru,,debit_card,completed
1009569,15,337,2026-03-07 12:02:32,drive_thru,,credit_card,completed
1009570,8,2293,2026-03-07 12:03:33,dine_in,,credit_card,cancelled
1009571,18,,2026-03-07 12:04:27,delivery,,credit_card,cancelled
1009572,12,697,2026-03-07 12:05:44,takeout,,cash,completed
1009573,6,2493,03/07/2026 12:07,drive_thru,,debit_card,completed
1009574,12,1736,2026-03-07 12:08:09,takeout,,credit_card,completed
1009575,1,,2026-03-07 12:08:47,delivery,,debit_card,completed
1009576,6,1535,2026-03-07 12:12:41,drive_thru,,credit_card,completed
1009577,7,,2026-03-07 12:14:53,delivery,,credit_card,completed
1009578,12,,2026-03-07 12:16:08,delivery,,credit_card,completed
1009579,17,1064,2026-03-07 12:16:16,dine_in,,gift_card,completed
1009580,19,448,2026-03-07 12:16:37,drive_thru,,cash,completed
1009581,7,,2026-03-07 12:17:30,takeout,,credit_card,completed
1009582,12,,2026-03-07 12:19:43,dine_in,,cash,completed
1009583,6,,2026-03-07 12:20:18,drive_thru,,cash,completed
1009584,13,,2026-03-07 12:20:24,dine_in,,credit_card,completed
1009585,11,2350,2026-03-07 12:23:10,dine_in,,cash,completed
1009586,14,313,2026-03-07 12:23:11,delivery,,credit_card,completed
1009587,18,611,2026-03-07 12:23:12,takeout,,credit_card,completed
1009588,10,1861,2026-03-07 12:24:06,takeout,,cash,refunded
1009589,8,,2026-03-07 12:24:09,delivery,,apple_pay,completed
1009590,16,218,2026-03-07 12:26:10,dine_in,,apple_pay,completed
1009591,12,1042,2026-03-07 12:26:16,delivery,,credit_card,completed
1009592,1,,2026-03-07 12:26:38,dine_in,,credit_card,completed
1009593,3,30,2026-03-07 12:26:53,dine_in,,credit_card,cancelled
1009594,4,,2026-03-07 12:30:27,takeout,,credit_card,completed
1009595,2,1631,2026-03-07 12:32:05,dine_in,,credit_card,completed
1009596,13,,2026-03-07 12:33:27,dine_in,,debit_card,completed
1009597,12,428,2026-03-07 12:35:37,delivery,,apple_pay,completed
1009598,1,,2026-03-07 12:36:04,delivery,,credit_card,completed
1009599,14,927,2026-03-07 12:37:38,takeout,,debit_card,completed
1009600,12,,2026-03-07 12:40:28,delivery,,credit_card,completed
1009601,8,,2026-03-07 12:44:38,dine_in,,credit_card,completed
1009602,2,317,2026-03-07 12:45:04,delivery,,credit_card,completed
1009603,14,391,2026-03-07 12:45:44,dine_in,,debit_card,completed
1009604,15,,2026-03-07 12:47:34,drive_thru,,cash,completed
1009605,3,,2026-03-07 12:48:21,delivery,,credit_card,completed
1009606,7,,2026-03-07 12:48:39,dine_in,,gift_card,completed
1009607,12,1885,2026-03-07 12:48:47,takeout,,credit_card,completed
1009608,12,,2026-03-07 12:49:27,,,credit_card,completed
1009609,4,1825,2026-03-07 12:50:34,dine_in,,credit_card,completed
1009610,1,375,2026-03-07 12:52:42,delivery,,gift_card,completed
1009611,3,1585,2026-03-07 12:55:10,dine_in,,credit_card,completed
1009612,14,592,2026-03-07 12:55:32,delivery,,debit_card,completed
1009613,1,,2026-03-07 12:58:23,takeout,,debit_card,cancelled
1009614,4,996,2026-03-07 12:58:36,takeout,,debit_card,completed
1009615,12,1234,2026-03-07 12:58:49,delivery,,debit_card,completed
1009616,17,,2026-03-07 13:01:46,dine_in,,apple_pay,completed
1009617,10,339,2026-03-07 13:01:54,dine_in,,gift_card,completed
1009618,3,282,2026-03-07 13:03:02,delivery,,credit_card,completed
1009619,19,2300,2026-03-07 13:04:18,dine_in,,credit_card,completed
1009620,1,1289,2026-03-07 13:05:39,delivery,,apple_pay,completed
1009621,17,1391,2026-03-07 13:11:43,takeout,,credit_card,completed
1009622,3,,2026-03-07 13:16:59,delivery,,credit_card,completed
1009623,6,153,2026-03-07 13:21:46,takeout,,apple_pay,completed
1009624,18,386,2026-03-07 13:23:50,dine_in,,apple_pay,completed
1009625,11,959,2026-03-07 13:27:30,takeout,,cash,completed
1009626,7,1697,2026-03-07 13:37:56,dine_in,,credit_card,cancelled
1009627,10,1486,2026-03-07 13:55:40,drive_thru,,credit_card,completed
1009628,2,393,2026-03-07 14:30:04,takeout,,credit_card,completed
1009629,3,,2026-03-07 14:42:38,takeout,,cash,completed
1009630,8,513,2026-03-07 14:54:36,dine_in,,debit_card,completed
1009631,4,2308,2026-03-07 15:00:20,takeout,,credit_card,completed
1009632,3,384,2026-03-07 15:18:53,takeout,,cash,completed
1009633,15,2215,2026-03-07 16:31:58,dine_in,,debit_card,completed
1009634,15,,2026-03-07 16:54:10,takeout,,cash,completed
1009635,10,2284,2026-03-07 17:42:29,takeout,,credit_card,completed
1009636,5,,2026-03-07 17:46:49,delivery,,credit_card,completed
1009637,13,,2026-03-07 17:47:29,takeout,,cash,completed
1009638,17,2313,2026-03-07 17:51:49,dine_in,,gift_card,completed
1009639,17,1079,2026-03-07 17:57:39,dine_in,,credit_card,completed
1009640,6,170,2026-03-07 17:57:45,dine_in,,cash,completed
1009641,8,640,2026-03-07 17:59:14,dine_in,,apple_pay,completed
1009642,10,,2026-03-07 18:01:09,dine_in,,credit_card,completed
1009643,13,,2026-03-07 18:05:16,dine_in,,debit_card,completed
1009644,3,2082,2026-03-07 18:07:16,delivery,,apple_pay,completed
1009645,14,298,2026-03-07 18:07:44,dine_in,,credit_card,completed
1009646,6,354,2026-03-07 18:13:01,drive_thru,,credit_card,completed
1009647,3,1582,2026-03-07 18:13:57,takeout,,credit_card,completed
1009648,3,,2026-03-07 18:18:49,dine_in,,debit_card,completed
1009649,1,1569,2026-03-07 18:20:03,dine_in,,credit_card,completed
1009650,11,1135,2026-03-07 18:20:37,takeout,,debit_card,completed
1009651,18,,2026-03-07 18:24:37,dine_in,,credit_card,completed
1009652,19,1635,2026-03-07 18:26:38,drive_thru,,gift_card,completed
1009653,13,1170,2026-03-07 18:30:09,takeout,,apple_pay,completed
1009654,2,541,2026-03-07 18:30:18,delivery,,gift_card,completed
1009655,9,217,2026-03-07 18:31:30,dine_in,,credit_card,completed
1009656,15,963,2026-03-07 18:31:30,takeout,,credit_card,completed
1009657,11,2489,2026-03-07 18:31:43,delivery,,debit_card,completed
1009658,12,1785,2026-03-07 18:32:29,takeout,,debit_card,completed
1009659,8,,2026-03-07 18:34:42,dine_in,,apple_pay,completed
1009660,15,1953,2026-03-07 18:36:52,delivery,,debit_card,completed
1009661,14,,2026-03-07 18:37:34,dine_in,,debit_card,completed
1009662,19,,2026-03-07 18:38:02,takeout,,apple_pay,completed
1009663,9,,2026-03-07 18:38:45,drive_thru,,debit_card,completed
1009664,3,616,2026-03-07 18:41:49,takeout,,debit_card,completed
1009665,4,,2026-03-07 18:46:03,dine_in,,apple_pay,completed
1009666,3,,2026-03-07 18:47:07,takeout,,credit_card,completed
1009667,15,,2026-03-07 18:48:17,dine_in,,debit_card,completed
1009668,1,1351,2026-03-07 18:48:34,dine_in,,apple_pay,completed
1009669,6,,2026-03-07 18:49:15,drive_thru,,credit_card,completed
1009670,14,,2026-03-07 18:49:48,drive_thru,,gift_card,completed
1009671,16,1517,2026-03-07 18:50:03,takeout,,cash,completed
1009672,15,,2026-03-07 18:50:25,takeout,,credit_card,completed
1009673,11,1859,2026-03-07 18:50:48,dine_in,,debit_card,completed
1009674,13,544,2026-03-07 18:54:55,dine_in,,credit_card,completed
1009675,8,2489,2026-03-07 18:55:23,dine_in,,debit_card,completed
1009676,6,1564,2026-03-07 18:55:53,delivery,,credit_card,completed
1009677,5,1159,2026-03-07 18:56:18,drive_thru,,cash,completed
1009678,17,406,2026-03-07 18:56:32,dine_in,,debit_card,completed
1009679,2,,2026-03-07 18:57:39,dine_in,,credit_card,completed
1009680,6,1992,2026-03-07 18:59:45,dine_in,,credit_card,completed
1009681,16,33,2026-03-07 19:02:03,dine_in,,credit_card,completed
1009682,3,1665,2026-03-07 19:07:03,dine_in,,credit_card,completed
1009683,14,2232,2026-03-07 19:10:19,dine_in,,credit_card,completed
1009684,10,18,2026-03-07 19:10:44,dine_in,,debit_card,cancelled
1009685,15,,2026-03-07 19:12:50,drive_thru,,cash,completed
1009686,5,761,2026-03-07 19:13:25,takeout,,credit_card,completed
1009687,14,,2026-03-07 19:16:36,dine_in,,debit_card,completed
1009688,14,191,2026-03-07 19:16:58,takeout,,credit_card,completed
1009689,12,1293,2026-03-07 19:19:09,dine_in,,apple_pay,completed
1009690,15,529,2026-03-07 19:19:56,drive_thru,,credit_card,completed
1009691,6,56,2026-03-07 19:21:26,delivery,,credit_card,completed
1009692,19,,2026-03-07 19:27:43,delivery,,credit_card,completed
1009693,19,1371,2026-03-07 19:28:24,dine_in,,credit_card,completed
1009694,9,,2026-03-07 19:28:34,drive_thru,,debit_card,completed
1009695,11,1346,2026-03-07 19:30:34,dine_in,,gift_card,completed
1009696,12,331,2026-03-07 19:32:11,dine_in,,debit_card,completed
1009697,9,942,2026-03-07 19:33:39,drive_thru,,apple_pay,completed
1009698,3,1145,2026-03-07 19:34:14,dine_in,,credit_card,completed
1009699,8,827,2026-03-07 19:34:51,delivery,,debit_card,completed
1009700,6,882,2026-03-07 19:35:53,dine_in,,apple_pay,completed
1009701,14,629,2026-03-07 19:36:44,drive_thru,,credit_card,completed
1009702,1,1298,2026-03-07 19:37:01,delivery,,debit_card,completed
1009703,10,,2026-03-07 19:37:28,dine_in,,credit_card,completed
1009704,10,,2026-03-07 19:38:25,dine_in,,credit_card,completed
1009705,4,948,2026-03-07 19:39:05,dine_in,,credit_card,completed
1009706,6,510,2026-03-07 19:39:13,drive_thru,,credit_card,completed
1009707,8,2466,2026-03-07 19:40:28,dine_in,,debit_card,completed
1009708,7,,2026-03-07 19:41:59,delivery,,debit_card,completed
1009709,6,1186,2026-03-07 19:42:48,dine_in,,credit_card,completed
1009710,2,1382,2026-03-07 19:46:59,takeout,,apple_pay,refunded
1009711,8,719,2026-03-07 19:51:00,dine_in,,credit_card,completed
1009712,19,,2026-03-07 19:51:37,drive_thru,,credit_card,completed
1009713,15,,2026-03-07 19:56:31,,,cash,completed
1009714,9,,2026-03-07 19:56:49,drive_thru,,credit_card,completed
1009715,11,145,2026-03-07 19:59:07,drive_thru,,cash,completed
1009716,17,,2026-03-07 20:01:24,dine_in,,cash,completed
1009717,2,,2026-03-07 20:02:17,dine_in,,credit_card,completed
1009718,2,,2026-03-07 20:16:43,takeout,,gift_card,completed
1009719,8,202,2026-03-07 20:18:09,dine_in,,debit_card,completed
1009720,13,2433,2026-03-07 20:22:37,dine_in,,gift_card,completed
1009721,15,891,03/07/2026 20:44,dine_in,,credit_card,completed
1009722,18,,2026-03-07 21:05:13,delivery,,debit_card,refunded
1009723,14,446,2026-03-07 21:26:10,dine_in,,apple_pay,completed
1009724,12,,2026-03-08 10:52:04,dine_in,,credit_card,completed
1009725,4,1814,2026-03-08 11:25:43,,,apple_pay,completed
1009726,4,,2026-03-08 11:25:58,delivery,,debit_card,completed
1009727,3,2359,2026-03-08 11:26:54,takeout,,debit_card,completed
1009728,7,,2026-03-08 11:32:06,delivery,,credit_card,cancelled
1009729,13,,2026-03-08 11:32:39,takeout,,debit_card,completed
1009730,11,,2026-03-08 11:35:54,drive_thru,,credit_card,completed
1009731,12,2010,2026-03-08 11:38:53,dine_in,,debit_card,completed
1009732,7,,2026-03-08 11:44:42,delivery,,apple_pay,completed
1009733,17,,2026-03-08 11:44:44,dine_in,,cash,cancelled
1009734,17,704,2026-03-08 11:45:01,delivery,,credit_card,completed
1009735,7,502,2026-03-08 11:46:50,dine_in,,cash,completed
1009736,11,233,2026-03-08 11:46:59,drive_thru,,credit_card,completed
1009737,15,1180,2026-03-08 11:47:53,dine_in,,debit_card,completed
1009738,13,,2026-03-08 11:48:05,takeout,,gift_card,completed
1009739,7,839,2026-03-08 11:49:09,takeout,,debit_card,completed
1009740,13,1539,2026-03-08 11:53:10,takeout,,credit_card,completed
1009741,9,477,2026-03-08 11:58:50,delivery,,gift_card,completed
1009742,2,528,2026-03-08 12:01:15,dine_in,,credit_card,completed
1009743,6,,2026-03-08 12:01:24,drive_thru,,credit_card,completed
1009744,17,908,2026-03-08 12:01:36,takeout,,credit_card,completed
1009745,3,,2026-03-08 12:03:03,dine_in,,credit_card,completed
1009746,3,442,2026-03-08 12:05:57,takeout,,credit_card,completed
1009747,6,,2026-03-08 12:06:09,drive_thru,,credit_card,cancelled
1009748,5,,2026-03-08 12:09:24,delivery,,credit_card,completed
1009749,9,1685,2026-03-08 12:09:39,dine_in,,apple_pay,completed
1009750,7,,2026-03-08 12:14:03,takeout,,credit_card,completed
1009751,9,,2026-03-08 12:16:12,dine_in,,debit_card,completed
1009752,6,731,2026-03-08 12:18:31,dine_in,,credit_card,completed
1009753,12,1751,2026-03-08 12:19:24,dine_in,,debit_card,completed
1009754,19,1537,2026-03-08 12:21:02,delivery,,gift_card,completed
1009755,13,76,2026-03-08 12:22:53,takeout,,gift_card,completed
1009756,3,,2026-03-08 12:24:51,takeout,,debit_card,completed
1009757,12,,03/08/2026 12:25,delivery,,credit_card,completed
1009758,14,,2026-03-08 12:25:39,drive_thru,,credit_card,completed
1009759,9,1361,2026-03-08 12:27:38,drive_thru,,debit_card,completed
1009760,14,334,2026-03-08 12:28:44,dine_in,,gift_card,completed
1009761,16,,2026-03-08 12:29:57,takeout,,credit_card,completed
1009762,18,1051,2026-03-08 12:30:47,delivery,,credit_card,completed
1009763,7,549,2026-03-08 12:31:09,takeout,,gift_card,completed
1009764,13,,2026-03-08 12:31:44,delivery,,credit_card,completed
1009765,8,,2026-03-08 12:32:18,dine_in,,credit_card,completed
1009766,12,,2026-03-08 12:33:14,dine_in,,credit_card,completed
1009767,17,723,2026-03-08 12:36:10,delivery,,apple_pay,completed
1009768,10,993,2026-03-08 12:37:03,drive_thru,,debit_card,completed
1009769,9,,2026-03-08 12:37:11,delivery,,debit_card,completed
1009770,7,2343,2026-03-08 12:38:08,takeout,,credit_card,completed
1009771,19,,2026-03-08 12:39:04,,,debit_card,completed
1009772,1,2276,2026-03-08 12:39:57,takeout,,credit_card,completed
1009773,13,971,2026-03-08 12:40:44,takeout,,gift_card,completed
1009774,3,,2026-03-08 12:40:50,dine_in,,debit_card,completed
1009775,4,88,2026-03-08 12:40:58,drive_thru,,apple_pay,completed
1009776,1,703,2026-03-08 12:42:14,takeout,,cash,completed
1009777,18,,2026-03-08 12:43:18,delivery,,credit_card,completed
1009778,12,,2026-03-08 12:43:25,takeout,,apple_pay,completed
1009779,19,,2026-03-08 12:46:13,dine_in,,debit_card,completed
1009780,14,1339,2026-03-08 12:46:41,delivery,,debit_card,completed
1009781,17,2034,2026-03-08 12:49:23,takeout,,credit_card,completed
1009782,19,,2026-03-08 12:54:13,drive_thru,,credit_card,completed
1009783,13,,2026-03-08 12:56:52,delivery,,credit_card,completed
1009784,17,,2026-03-08 12:57:02,,,credit_card,completed
1009785,3,,2026-03-08 12:58:00,takeout,,credit_card,completed
1009786,14,1774,2026-03-08 12:58:58,dine_in,,credit_card,completed
1009787,12,,2026-03-08 13:00:56,dine_in,,credit_card,completed
1009788,2,1471,2026-03-08 13:01:49,dine_in,,credit_card,completed
1009789,1,2427,2026-03-08 13:02:48,takeout,,credit_card,completed
1009790,6,1714,2026-03-08 13:03:53,delivery,,debit_card,completed
1009791,13,1264,2026-03-08 13:06:50,dine_in,,credit_card,completed
1009792,13,288,2026-03-08 13:09:26,takeout,,apple_pay,completed
1009793,7,,2026-03-08 13:12:33,dine_in,,apple_pay,completed
1009794,6,,2026-03-08 13:26:17,drive_thru,,apple_pay,completed
1009795,3,2079,2026-03-08 13:32:35,dine_in,,gift_card,completed
1009796,19,954,2026-03-08 13:33:39,delivery,,credit_card,completed
1009797,10,1182,2026-03-08 13:42:31,drive_thru,,credit_card,completed
1009798,19,1573,2026-03-08 14:10:19,drive_thru,,cash,completed
1009799,11,,2026-03-08 14:27:14,takeout,,apple_pay,completed
1009800,14,,2026-03-08 14:32:07,delivery,,apple_pay,completed
1009801,15,,2026-03-08 15:58:21,takeout,,credit_card,completed
1009802,15,815,2026-03-08 16:05:35,dine_in,,debit_card,completed
1009803,15,,2026-03-08 17:00:42,drive_thru,,apple_pay,completed
1009804,7,,2026-03-08 17:01:30,delivery,,credit_card,completed
1009805,2,1408,2026-03-08 17:03:13,takeout,,credit_card,completed
1009806,12,1698,2026-03-08 17:18:15,delivery,,apple_pay,completed
1009807,16,647,2026-03-08 17:28:29,dine_in,,apple_pay,completed
1009808,11,940,2026-03-08 17:29:14,takeout,,debit_card,completed
1009809,1,,2026-03-08 17:34:25,dine_in,,debit_card,completed
1009810,4,1625,2026-03-08 17:35:33,delivery,,gift_card,completed
1009811,17,2411,2026-03-08 17:55:47,takeout,,gift_card,completed
1009812,19,966,2026-03-08 18:00:17,takeout,,credit_card,completed
1009813,8,,2026-03-08 18:01:25,takeout,,credit_card,completed
1009814,1,2032,2026-03-08 18:09:07,dine_in,,credit_card,completed
1009815,7,77,03/08/2026 18:09,delivery,,credit_card,completed
1009816,3,,2026-03-08 18:12:21,takeout,,apple_pay,completed
1009817,19,1041,2026-03-08 18:15:00,dine_in,,debit_card,completed
1009818,19,,2026-03-08 18:16:15,drive_thru,,credit_card,completed
1009819,6,487,2026-03-08 18:21:07,takeout,,debit_card,completed
1009820,2,1527,2026-03-08 18:23:22,takeout,,credit_card,completed
1009821,7,930,2026-03-08 18:25:29,takeout,,credit_card,completed
1009822,9,645,2026-03-08 18:32:33,dine_in,,credit_card,completed
1009823,15,,2026-03-08 18:33:55,drive_thru,,apple_pay,completed
1009824,11,940,2026-03-08 18:35:41,delivery,,debit_card,completed
1009825,15,,2026-03-08 18:37:02,drive_thru,,credit_card,completed
1009826,3,,2026-03-08 18:42:16,dine_in,,debit_card,refunded
1009827,7,995,2026-03-08 18:43:28,takeout,,credit_card,completed
1009828,14,646,2026-03-08 18:43:30,takeout,,apple_pay,completed
1009829,1,,2026-03-08 18:44:32,delivery,,credit_card,completed
1009830,18,1306,2026-03-08 18:44:38,takeout,,debit_card,completed
1009831,19,1900,2026-03-08 18:46:07,delivery,,credit_card,completed
1009832,12,2085,2026-03-08 18:49:33,takeout,,cash,completed
1009833,4,1080,2026-03-08 18:51:16,dine_in,,debit_card,completed
1009834,2,2404,2026-03-08 18:53:07,takeout,,apple_pay,completed
1009835,19,,2026-03-08 18:57:26,drive_thru,,credit_card,completed
1009836,3,,2026-03-08 18:57:28,delivery,,apple_pay,completed
1009837,19,1244,2026-03-08 18:57:54,dine_in,,gift_card,completed
1009838,9,,2026-03-08 19:00:27,drive_thru,,debit_card,completed
1009839,3,1145,2026-03-08 19:04:50,takeout,,cash,completed
1009840,6,,2026-03-08 19:05:34,dine_in,,cash,completed
1009841,1,1373,2026-03-08 19:06:55,delivery,,credit_card,completed
1009842,1,,2026-03-08 19:08:38,,,cash,completed
1009843,13,1288,2026-03-08 19:13:03,takeout,,credit_card,completed
1009844,12,,2026-03-08 19:13:39,takeout,,credit_card,completed
1009845,13,1234,2026-03-08 19:15:05,takeout,,credit_card,completed
1009846,8,606,2026-03-08 19:18:08,dine_in,,apple_pay,completed
1009847,15,554,2026-03-08 19:23:21,delivery,,gift_card,completed
1009848,13,,2026-03-08 19:23:44,dine_in,,cash,completed
1009849,2,2208,2026-03-08 19:25:43,dine_in,,credit_card,completed
1009850,6,456,2026-03-08 19:27:26,dine_in,,credit_card,completed
1009851,12,1282,2026-03-08 19:27:37,takeout,,apple_pay,completed
1009852,8,,2026-03-08 19:30:56,takeout,,debit_card,completed
1009853,13,2345,2026-03-08 19:35:53,dine_in,,credit_card,completed
1009854,2,239,2026-03-08 19:40:36,delivery,,credit_card,completed
1009855,3,,2026-03-08 19:44:56,takeout,,credit_card,completed
1009856,5,2495,2026-03-08 19:50:11,drive_thru,,debit_card,completed
1009857,14,,2026-03-08 19:51:10,drive_thru,,debit_card,completed
1009858,5,,2026-03-08 19:53:42,drive_thru,,credit_card,completed
1009859,3,,2026-03-08 20:06:25,takeout,,debit_card,completed
1009860,4,1743,2026-03-08 20:18:29,drive_thru,,debit_card,completed
1009861,10,1516,2026-03-08 20:33:00,drive_thru,,credit_card,completed
1009862,19,,2026-03-08 20:34:31,drive_thru,,debit_card,completed
1009863,10,,2026-03-08 20:35:26,dine_in,,credit_card,completed
1009864,13,401,2026-03-08 20:59:44,dine_in,,credit_card,completed
1009865,19,80,2026-03-08 21:00:07,,,apple_pay,completed
1009866,17,,2026-03-08 21:01:57,takeout,,apple_pay,completed
1009867,6,,2026-03-08 21:21:41,delivery,,credit_card,completed
1009868,18,1754,2026-03-09 10:49:20,delivery,,credit_card,completed
1009869,19,,2026-03-09 10:57:03,takeout,,debit_card,completed
1009870,19,2182,2026-03-09 11:06:40,takeout,,credit_card,completed
1009871,18,1855,2026-03-09 11:14:03,takeout,,apple_pay,completed
1009872,11,2106,2026-03-09 11:30:18,dine_in,,credit_card,completed
1009873,13,,2026-03-09 11:34:32,takeout,,credit_card,completed
1009874,19,2072,2026-03-09 11:40:06,dine_in,,debit_card,completed
1009875,14,584,2026-03-09 11:44:29,drive_thru,,cash,completed
1009876,6,,2026-03-09 11:51:12,delivery,,debit_card,completed
1009877,1,,2026-03-09 11:51:18,dine_in,,credit_card,completed
1009878,5,933,2026-03-09 11:51:37,drive_thru,,credit_card,completed
1009879,3,,2026-03-09 11:53:40,takeout,,cash,completed
1009880,1,429,2026-03-09 11:58:14,dine_in,,cash,completed
1009881,12,1704,2026-03-09 11:58:52,,,credit_card,completed
1009882,7,479,2026-03-09 12:06:49,takeout,,credit_card,completed
1009883,3,944,2026-03-09 12:08:02,takeout,,apple_pay,completed
1009884,16,767,2026-03-09 12:08:59,dine_in,,debit_card,completed
1009885,13,,2026-03-09 12:09:11,takeout,,debit_card,completed
1009886,12,1432,2026-03-09 12:12:17,dine_in,,debit_card,completed
1009887,17,,2026-03-09 12:12:27,dine_in,,debit_card,completed
1009888,18,856,2026-03-09 12:13:52,delivery,,debit_card,completed
1009889,10,,2026-03-09 12:14:36,takeout,,gift_card,completed
1009890,16,1331,2026-03-09 12:15:33,takeout,,credit_card,completed
1009891,15,1009,2026-03-09 12:16:17,drive_thru,,debit_card,completed
1009892,6,1997,2026-03-09 12:18:17,drive_thru,,credit_card,completed
1009893,3,,2026-03-09 12:18:41,delivery,,credit_card,completed
1009894,8,,2026-03-09 12:21:08,delivery,,credit_card,cancelled
1009895,11,2165,2026-03-09 12:24:59,drive_thru,,credit_card,completed
1009896,11,,2026-03-09 12:25:01,drive_thru,,credit_card,completed
1009897,8,689,2026-03-09 12:25:05,takeout,,credit_card,completed
1009898,17,1835,2026-03-09 12:25:09,takeout,,debit_card,completed
1009899,7,995,2026-03-09 12:25:57,delivery,,gift_card,completed
1009900,12,,2026-03-09 12:28:23,dine_in,,credit_card,completed
1009901,1,,2026-03-09 12:29:05,delivery,,apple_pay,completed
1009902,6,2101,2026-03-09 12:32:34,takeout,,cash,completed
1009903,1,1362,2026-03-09 12:38:24,dine_in,,cash,completed
1009904,14,511,2026-03-09 12:40:35,drive_thru,,credit_card,completed
1009905,15,481,2026-03-09 12:46:05,dine_in,,cash,completed
1009906,14,2415,2026-03-09 12:50:52,drive_thru,,credit_card,completed
1009907,6,153,2026-03-09 12:51:25,dine_in,,debit_card,completed
1009908,5,,2026-03-09 12:51:46,takeout,,credit_card,completed
1009909,2,2292,2026-03-09 12:53:15,delivery,,credit_card,completed
1009910,17,834,2026-03-09 12:54:21,dine_in,,debit_card,completed
1009911,8,839,2026-03-09 12:55:37,takeout,,debit_card,completed
1009912,8,1076,2026-03-09 13:01:04,dine_in,,credit_card,completed
1009913,15,,2026-03-09 13:09:38,dine_in,,debit_card,completed
1009914,16,,03/09/2026 13:13,dine_in,,gift_card,completed
1009915,18,1855,2026-03-09 13:15:00,dine_in,,credit_card,completed
1009916,4,,2026-03-09 13:15:10,delivery,,credit_card,completed
1009917,10,1796,2026-03-09 13:18:41,delivery,,credit_card,completed
1009918,18,448,2026-03-09 13:23:35,takeout,,credit_card,completed
1009919,19,2114,2026-03-09 13:29:58,delivery,,credit_card,completed
1009920,13,1478,2026-03-09 14:13:44,dine_in,,cash,completed
1009921,4,1211,2026-03-09 14:59:39,delivery,,apple_pay,completed
1009922,5,,2026-03-09 15:16:10,takeout,,credit_card,completed
1009923,14,,2026-03-09 17:04:41,delivery,,credit_card,completed
1009924,2,,2026-03-09 17:12:59,takeout,,credit_card,completed
1009925,18,2216,2026-03-09 17:25:06,delivery,,credit_card,completed
1009926,3,,2026-03-09 17:28:16,delivery,,apple_pay,completed
1009927,13,566,2026-03-09 17:34:28,dine_in,,debit_card,completed
1009928,14,,2026-03-09 17:36:56,drive_thru,,credit_card,completed
1009929,17,,2026-03-09 17:41:19,delivery,,credit_card,completed
1009930,7,930,2026-03-09 17:51:14,takeout,,credit_card,cancelled
1009931,10,,2026-03-09 17:57:15,delivery,,debit_card,completed
1009932,13,,2026-03-09 18:04:38,dine_in,,credit_card,completed
1009933,8,461,2026-03-09 18:10:25,dine_in,,credit_card,completed
1009934,15,334,2026-03-09 18:15:13,takeout,,debit_card,completed
1009935,7,,2026-03-09 18:16:15,dine_in,,apple_pay,completed
1009936,19,885,2026-03-09 18:16:16,drive_thru,,debit_card,completed
1009937,19,872,2026-03-09 18:19:09,drive_thru,,cash,completed
1009938,8,2348,2026-03-09 18:19:43,dine_in,,credit_card,completed
1009939,3,1749,2026-03-09 18:23:54,takeout,,credit_card,completed
1009940,3,742,2026-03-09 18:33:00,dine_in,,credit_card,completed
1009941,10,820,2026-03-09 18:33:53,dine_in,,apple_pay,completed
1009942,4,2354,2026-03-09 18:34:04,dine_in,,debit_card,completed
1009943,17,657,2026-03-09 18:37:40,dine_in,,debit_card,completed
1009944,7,1305,2026-03-09 18:44:24,takeout,,cash,completed
1009945,4,,2026-03-09 18:46:11,dine_in,,credit_card,completed
1009946,16,2161,2026-03-09 18:46:35,dine_in,,apple_pay,completed
1009947,7,,2026-03-09 18:53:09,delivery,,credit_card,completed
1009948,14,255,2026-03-09 18:53:22,dine_in,,credit_card,completed
1009949,7,495,2026-03-09 18:54:40,dine_in,,debit_card,completed
1009950,5,,2026-03-09 18:56:01,dine_in,,apple_pay,completed
1009951,10,1207,2026-03-09 19:03:40,delivery,,credit_card,refunded
1009952,16,1246,2026-03-09 19:07:38,dine_in,,credit_card,completed
1009953,11,1135,2026-03-09 19:09:00,dine_in,,credit_card,completed
1009954,4,1743,2026-03-09 19:10:20,delivery,,debit_card,completed
1009955,2,1216,2026-03-09 19:10:54,delivery,,credit_card,completed
1009956,11,,2026-03-09 19:12:54,drive_thru,,credit_card,completed
1009957,16,1655,2026-03-09 19:18:54,delivery,,credit_card,completed
1009958,14,2408,2026-03-09 19:20:32,drive_thru,,credit_card,completed
1009959,9,1410,2026-03-09 19:25:34,delivery,,credit_card,completed
1009960,18,,2026-03-09 19:25:46,delivery,,gift_card,completed
1009961,2,1770,2026-03-09 19:26:27,takeout,,credit_card,completed
1009962,15,311,2026-03-09 19:28:53,dine_in,,cash,completed
1009963,14,,2026-03-09 19:29:00,dine_in,,credit_card,completed
1009964,14,2207,2026-03-09 19:30:33,dine_in,,cash,completed
1009965,6,1496,2026-03-09 19:31:44,takeout,,credit_card,completed
1009966,4,1585,2026-03-09 19:35:02,drive_thru,,credit_card,completed
1009967,17,,2026-03-09 19:35:36,dine_in,,cash,completed
1009968,2,1382,2026-03-09 19:36:55,dine_in,,credit_card,completed
1009969,14,1012,2026-03-09 19:37:24,dine_in,,credit_card,completed
1009970,2,2443,2026-03-09 19:37:32,delivery,,debit_card,completed
1009971,18,,2026-03-09 19:37:47,drive_thru,,credit_card,completed
1009972,12,1800,2026-03-09 19:43:49,dine_in,,debit_card,completed
1009973,11,1660,2026-03-09 19:46:22,drive_thru,,credit_card,completed
1009974,13,,2026-03-09 19:53:25,takeout,,cash,completed
1009975,14,2086,2026-03-09 20:06:39,takeout,,credit_card,completed
1009976,1,721,2026-03-09 20:09:33,dine_in,,cash,completed
1009977,6,1530,2026-03-09 20:10:18,drive_thru,,cash,completed
1009978,13,,2026-03-09 20:10:18,delivery,,credit_card,completed
1009979,15,,2026-03-09 20:11:30,takeout,,credit_card,completed
1009980,11,1026,2026-03-09 20:46:00,drive_thru,,credit_card,completed
1009981,4,,2026-03-09 20:56:45,drive_thru,,credit_card,completed
1009982,3,,2026-03-09 21:27:57,dine_in,,cash,completed
1009983,14,,2026-03-09 21:52:08,drive_thru,,debit_card,completed
1009984,18,2344,2026-03-10 10:32:00,drive_thru,,debit_card,completed
1009985,7,,2026-03-10 10:38:23,takeout,,apple_pay,completed
1009986,17,242,2026-03-10 10:41:13,dine_in,TACOBOGO,credit_card,completed
1009987,5,1637,2026-03-10 11:07:28,drive_thru,TACOBOGO,apple_pay,completed
1009988,14,340,2026-03-10 11:11:55,drive_thru,,debit_card,completed
1009989,18,583,2026-03-10 11:25:16,dine_in,,credit_card,completed
1009990,13,,2026-03-10 11:27:03,takeout,TACOBOGO,credit_card,completed
1009991,4,1927,2026-03-10 11:33:50,drive_thru,,credit_card,completed
1009992,8,1253,2026-03-10 11:48:10,dine_in,,debit_card,completed
1009993,8,,2026-03-10 11:50:51,dine_in,,credit_card,completed
1009994,10,540,2026-03-10 11:53:20,takeout,TACOBOGO,credit_card,completed
1009995,6,,2026-03-10 11:54:36,dine_in,TACOBOGO,credit_card,completed
1009996,14,,2026-03-10 11:56:37,drive_thru,,debit_card,completed
1009997,4,865,2026-03-10 12:00:12,delivery,,credit_card,completed
1009998,19,1948,2026-03-10 12:00:49,dine_in,TACOBOGO,debit_card,completed
1009999,9,976,2026-03-10 12:01:24,drive_thru,TACOBOGO,debit_card,completed
1010000,6,164,2026-03-10 12:01:53,drive_thru,TACOBOGO,debit_card,completed
1010001,17,1147,2026-03-10 12:02:38,takeout,,credit_card,completed
1010002,11,,2026-03-10 12:02:42,drive_thru,TACOBOGO,credit_card,completed
1010003,9,,2026-03-10 12:08:54,takeout,,credit_card,completed
1010004,8,,2026-03-10 12:10:40,takeout,,credit_card,completed
1010005,17,1389,2026-03-10 12:11:10,takeout,,gift_card,completed
1010006,19,,2026-03-10 12:12:33,,,credit_card,completed
1010007,7,1866,2026-03-10 12:13:00,dine_in,TACOBOGO,credit_card,completed
1010008,12,,2026-03-10 12:14:56,delivery,,apple_pay,completed
1010009,3,,2026-03-10 12:15:32,delivery,,debit_card,completed
1010010,9,2451,2026-03-10 12:15:47,delivery,,gift_card,completed
1010011,11,,2026-03-10 12:17:16,dine_in,TACOBOGO,credit_card,completed
1010012,2,,2026-03-10 12:19:41,takeout,,credit_card,completed
1010013,17,1558,2026-03-10 12:21:17,dine_in,,credit_card,completed
1010014,2,497,2026-03-10 12:21:35,takeout,TACOBOGO,credit_card,completed
1010015,19,2460,2026-03-10 12:23:39,drive_thru,TACOBOGO,apple_pay,completed
1010016,13,1481,2026-03-10 12:23:48,delivery,,credit_card,completed
1010017,14,1296,2026-03-10 12:24:26,,TACOBOGO,debit_card,completed
1010018,17,2034,2026-03-10 12:24:33,dine_in,,credit_card,completed
1010019,10,42,2026-03-10 12:27:07,takeout,TACOBOGO,credit_card,completed
1010020,7,2067,2026-03-10 12:27:19,delivery,,credit_card,completed
1010021,4,2458,2026-03-10 12:27:27,delivery,TACOBOGO,credit_card,completed
1010022,15,1565,2026-03-10 12:30:22,dine_in,,debit_card,completed
1010023,14,,2026-03-10 12:31:02,dine_in,TACOBOGO,apple_pay,completed
1010024,17,131,2026-03-10 12:31:09,delivery,TACOBOGO,credit_card,completed
1010025,16,,2026-03-10 12:31:35,takeout,TACOBOGO,apple_pay,completed
1010026,14,,2026-03-10 12:32:17,delivery,TACOBOGO,credit_card,completed
1010027,15,,2026-03-10 12:41:32,drive_thru,TACOBOGO,debit_card,completed
1010028,4,747,2026-03-10 12:43:30,dine_in,TACOBOGO,debit_card,completed
1010029,3,,2026-03-10 12:46:07,takeout,,debit_card,completed
1010030,19,830,2026-03-10 12:47:51,delivery,,credit_card,completed
1010031,3,845,2026-03-10 12:48:26,takeout,,debit_card,completed
1010032,3,,2026-03-10 12:49:24,delivery,TACOBOGO,apple_pay,completed
1010033,15,1805,2026-03-10 12:50:46,delivery,TACOBOGO,credit_card,completed
1010034,5,,2026-03-10 12:51:00,takeout,TACOBOGO,credit_card,completed
1010035,13,2023,2026-03-10 12:51:17,dine_in,TACOBOGO,apple_pay,completed
1010036,1,1875,2026-03-10 12:53:05,dine_in,TACOBOGO,credit_card,completed
1010037,12,459,2026-03-10 12:57:39,takeout,,credit_card,completed
1010038,16,218,2026-03-10 12:58:14,dine_in,TACOBOGO,credit_card,completed
1010039,7,2155,03/10/2026 13:01,delivery,,credit_card,completed
1010040,14,1367,2026-03-10 13:02:45,delivery,TACOBOGO,credit_card,completed
1010041,10,125,2026-03-10 13:02:57,dine_in,,credit_card,completed
1010042,4,1596,2026-03-10 13:03:06,takeout,,gift_card,completed
1010043,11,,2026-03-10 13:04:46,drive_thru,,debit_card,completed
1010044,12,,2026-03-10 13:06:46,dine_in,TACOBOGO,debit_card,completed
1010045,19,,2026-03-10 13:08:54,dine_in,,cash,completed
1010046,7,,2026-03-10 13:10:41,dine_in,TACOBOGO,debit_card,completed
1010047,6,,2026-03-10 13:17:06,delivery,TACOBOGO,apple_pay,completed
1010048,5,588,2026-03-10 13:17:13,dine_in,TACOBOGO,cash,completed
1010049,12,329,2026-03-10 13:21:37,delivery,,credit_card,completed
1010050,10,,2026-03-10 13:21:40,takeout,,cash,completed
1010051,1,144,2026-03-10 13:25:04,takeout,TACOBOGO,debit_card,completed
1010052,15,915,2026-03-10 13:26:31,delivery,,debit_card,refunded
1010053,1,2204,2026-03-10 13:28:54,dine_in,,debit_card,completed
1010054,18,,2026-03-10 13:48:45,drive_thru,TACOBOGO,cash,completed
1010055,12,,2026-03-10 13:54:02,dine_in,TACOBOGO,apple_pay,completed
1010056,2,1163,2026-03-10 13:56:42,dine_in,TACOBOGO,credit_card,completed
1010057,17,,2026-03-10 14:15:53,dine_in,TACOBOGO,credit_card,completed
1010058,14,,2026-03-10 14:21:02,drive_thru,,apple_pay,completed
1010059,2,,2026-03-10 14:28:59,dine_in,,debit_card,completed
1010060,6,,2026-03-10 14:39:13,dine_in,TACOBOGO,credit_card,completed
1010061,12,,2026-03-10 14:43:13,dine_in,TACOBOGO,credit_card,completed
1010062,9,,2026-03-10 14:55:45,drive_thru,TACOBOGO,apple_pay,completed
1010063,4,868,2026-03-10 14:56:59,dine_in,TACOBOGO,credit_card,completed
1010064,6,,2026-03-10 15:05:39,dine_in,,cash,completed
1010065,4,,2026-03-10 15:14:06,drive_thru,,credit_card,completed
1010066,15,169,03/10/2026 15:14,drive_thru,,gift_card,refunded
1010067,7,,2026-03-10 15:15:33,delivery,,debit_card,completed
1010068,9,1139,2026-03-10 15:28:22,delivery,,credit_card,completed
1010069,16,1322,2026-03-10 15:32:57,dine_in,TACOBOGO,debit_card,completed
1010070,4,2377,2026-03-10 15:38:32,takeout,TACOBOGO,debit_card,completed
1010071,17,2496,2026-03-10 15:44:26,dine_in,TACOBOGO,credit_card,completed
1010072,2,1790,2026-03-10 15:44:37,dine_in,TACOBOGO,credit_card,completed
1010073,10,,2026-03-10 15:53:01,drive_thru,TACOBOGO,credit_card,completed
1010074,17,928,2026-03-10 16:12:41,delivery,TACOBOGO,credit_card,completed
1010075,8,1692,2026-03-10 17:27:11,dine_in,,cash,completed
1010076,16,,2026-03-10 17:34:05,takeout,TACOBOGO,apple_pay,completed
1010077,14,,2026-03-10 17:36:46,dine_in,,cash,completed
1010078,14,1293,2026-03-10 17:38:14,dine_in,,cash,completed
1010079,12,1990,2026-03-10 17:41:51,delivery,,credit_card,completed
1010080,14,1620,2026-03-10 17:46:42,delivery,,credit_card,completed
1010081,6,1189,2026-03-10 17:56:42,dine_in,,debit_card,completed
1010082,8,867,2026-03-10 17:58:57,dine_in,,debit_card,completed
1010083,8,2303,2026-03-10 18:01:34,takeout,,gift_card,completed
1010084,3,,2026-03-10 18:03:25,takeout,TACOBOGO,credit_card,completed
1010085,7,,2026-03-10 18:03:25,dine_in,TACOBOGO,credit_card,completed
1010086,11,2424,2026-03-10 18:08:44,delivery,TACOBOGO,credit_card,completed
1010087,15,554,2026-03-10 18:11:14,drive_thru,TACOBOGO,cash,cancelled
1010088,3,2396,2026-03-10 18:12:18,dine_in,TACOBOGO,credit_card,completed
1010089,16,,2026-03-10 18:12:57,dine_in,TACOBOGO,credit_card,completed
1010090,8,1962,2026-03-10 18:13:03,takeout,TACOBOGO,credit_card,completed
1010091,6,,2026-03-10 18:15:15,takeout,TACOBOGO,debit_card,completed
1010092,12,,2026-03-10 18:16:32,,TACOBOGO,cash,completed
1010093,17,1689,2026-03-10 18:17:48,delivery,,credit_card,completed
1010094,7,,2026-03-10 18:18:14,dine_in,TACOBOGO,debit_card,completed
1010095,1,2003,2026-03-10 18:21:00,takeout,TACOBOGO,credit_card,completed
1010096,1,2077,2026-03-10 18:21:15,takeout,,cash,completed
1010097,3,898,2026-03-10 18:27:04,delivery,TACOBOGO,debit_card,completed
1010098,12,2010,2026-03-10 18:27:29,delivery,,apple_pay,completed
1010099,13,639,2026-03-10 18:27:34,takeout,TACOBOGO,credit_card,completed
1010100,4,1349,2026-03-10 18:29:05,takeout,TACOBOGO,credit_card,completed
1010101,11,128,2026-03-10 18:29:39,delivery,TACOBOGO,credit_card,completed
1010102,8,,2026-03-10 18:30:23,dine_in,,credit_card,completed
1010103,13,544,2026-03-10 18:31:06,dine_in,TACOBOGO,gift_card,completed
1010104,5,1527,2026-03-10 18:32:37,drive_thru,,gift_card,completed
1010105,9,,2026-03-10 18:36:22,takeout,TACOBOGO,credit_card,completed
1010106,6,88,2026-03-10 18:36:39,,,credit_card,completed
1010107,1,575,2026-03-10 18:38:22,takeout,,credit_card,completed
1010108,2,,2026-03-10 18:39:40,takeout,TACOBOGO,cash,completed
1010109,18,632,2026-03-10 18:40:17,dine_in,TACOBOGO,credit_card,completed
1010110,8,,2026-03-10 18:41:13,dine_in,TACOBOGO,debit_card,completed
1010111,10,,2026-03-10 18:42:37,drive_thru,,credit_card,completed
1010112,7,1045,2026-03-10 18:43:29,takeout,,credit_card,completed
1010113,12,,2026-03-10 18:43:34,dine_in,,apple_pay,completed
1010114,14,2063,2026-03-10 18:43:54,delivery,TACOBOGO,credit_card,completed
1010115,14,1214,2026-03-10 18:44:46,drive_thru,,cash,completed
1010116,6,126,2026-03-10 18:45:33,delivery,,credit_card,completed
1010117,13,1142,2026-03-10 18:47:10,dine_in,TACOBOGO,credit_card,completed
1010118,10,1550,2026-03-10 18:47:28,dine_in,,debit_card,completed
1010119,4,747,2026-03-10 18:49:21,delivery,TACOBOGO,credit_card,completed
1010120,10,,2026-03-10 18:50:19,dine_in,TACOBOGO,cash,completed
1010121,19,2198,2026-03-10 18:53:26,dine_in,,credit_card,completed
1010122,19,,2026-03-10 18:56:09,drive_thru,,debit_card,completed
1010123,7,,2026-03-10 18:57:55,delivery,,apple_pay,completed
1010124,2,,2026-03-10 18:58:31,dine_in,,credit_card,completed
1010125,3,,2026-03-10 18:59:15,takeout,,debit_card,completed
1010126,2,1622,2026-03-10 18:59:37,dine_in,TACOBOGO,credit_card,completed
1010127,17,,2026-03-10 19:01:41,dine_in,,debit_card,completed
1010128,11,,2026-03-10 19:03:48,dine_in,,gift_card,completed
1010129,18,1754,2026-03-10 19:04:09,delivery,,credit_card,completed
1010130,5,,2026-03-10 19:05:01,drive_thru,TACOBOGO,cash,completed
1010131,18,929,2026-03-10 19:07:17,drive_thru,TACOBOGO,cash,completed
1010132,19,1054,2026-03-10 19:07:22,drive_thru,,debit_card,completed
1010133,3,1034,2026-03-10 19:08:18,dine_in,TACOBOGO,credit_card,completed
1010134,5,,2026-03-10 19:08:42,delivery,,credit_card,completed
1010135,4,193,2026-03-10 19:09:16,drive_thru,TACOBOGO,credit_card,completed
1010136,1,2278,03/10/2026 19:09,dine_in,TACOBOGO,credit_card,completed
1010137,16,,2026-03-10 19:09:39,,TACOBOGO,gift_card,completed
1010138,1,,2026-03-10 19:10:26,delivery,TACOBOGO,credit_card,completed
1010139,2,1665,2026-03-10 19:11:05,dine_in,TACOBOGO,debit_card,completed
1010140,2,2326,2026-03-10 19:13:29,takeout,TACOBOGO,debit_card,completed
1010141,7,967,2026-03-10 19:14:16,delivery,,credit_card,completed
1010142,5,,2026-03-10 19:14:39,delivery,,apple_pay,completed
1010143,7,2352,2026-03-10 19:16:21,takeout,TACOBOGO,debit_card,completed
1010144,8,1218,2026-03-10 19:16:26,dine_in,,apple_pay,completed
1010145,2,1216,2026-03-10 19:17:59,dine_in,,credit_card,completed
1010146,10,,2026-03-10 19:18:12,takeout,,debit_card,completed
1010147,11,476,2026-03-10 19:20:35,dine_in,TACOBOGO,apple_pay,completed
1010148,4,1144,2026-03-10 19:21:33,drive_thru,TACOBOGO,debit_card,completed
1010149,2,2266,2026-03-10 19:21:58,dine_in,TACOBOGO,credit_card,completed
1010150,18,1001,2026-03-10 19:23:32,dine_in,TACOBOGO,credit_card,completed
1010151,8,2285,2026-03-10 19:27:03,delivery,,credit_card,completed
1010152,11,959,2026-03-10 19:29:07,dine_in,,debit_card,completed
1010153,19,1394,2026-03-10 19:29:48,drive_thru,,debit_card,completed
1010154,7,1135,2026-03-10 19:31:50,dine_in,TACOBOGO,credit_card,completed
1010155,8,,2026-03-10 19:33:38,dine_in,,credit_card,completed
1010156,12,,2026-03-10 19:36:13,takeout,TACOBOGO,debit_card,completed
1010157,18,2183,2026-03-10 19:37:01,takeout,,gift_card,completed
1010158,11,1135,2026-03-10 19:38:41,delivery,,debit_card,completed
1010159,14,,2026-03-10 19:40:15,drive_thru,,credit_card,completed
1010160,12,862,2026-03-10 19:40:32,delivery,,credit_card,completed
1010161,8,,2026-03-10 19:40:33,dine_in,TACOBOGO,credit_card,completed
1010162,16,307,2026-03-10 19:40:44,takeout,,gift_card,completed
1010163,14,2325,2026-03-10 19:45:40,delivery,TACOBOGO,debit_card,completed
1010164,17,,2026-03-10 19:45:58,delivery,TACOBOGO,debit_card,completed
1010165,5,2224,2026-03-10 19:49:20,dine_in,,apple_pay,refunded
1010166,17,2259,2026-03-10 19:55:03,takeout,,credit_card,completed
1010167,11,450,2026-03-10 19:56:04,takeout,,debit_card,cancelled
1010168,5,1619,2026-03-10 19:58:22,dine_in,TACOBOGO,apple_pay,completed
1010169,7,,2026-03-10 20:04:11,dine_in,,cash,completed
1010170,14,654,2026-03-10 20:05:52,delivery,,gift_card,completed
1010171,14,989,2026-03-10 20:09:06,dine_in,,gift_card,completed
1010172,12,,2026-03-10 20:09:10,takeout,TACOBOGO,credit_card,completed
1010173,8,229,2026-03-10 20:13:33,dine_in,TACOBOGO,credit_card,completed
1010174,2,1408,2026-03-10 20:14:49,dine_in,TACOBOGO,credit_card,completed
1010175,4,2458,2026-03-10 20:16:06,delivery,TACOBOGO,credit_card,completed
1010176,19,1244,2026-03-10 20:18:35,dine_in,TACOBOGO,credit_card,completed
1010177,15,,2026-03-10 20:27:43,dine_in,,credit_card,completed
1010178,7,,2026-03-10 20:27:53,dine_in,TACOBOGO,cash,completed
1010179,18,694,2026-03-10 20:31:17,drive_thru,,cash,completed
1010180,7,,2026-03-10 20:40:42,dine_in,TACOBOGO,cash,completed
1010181,18,,2026-03-10 20:52:46,dine_in,TACOBOGO,debit_card,completed
1010182,2,1938,2026-03-10 20:52:57,takeout,,credit_card,completed
1010183,19,,2026-03-10 21:01:02,delivery,,credit_card,completed
1010184,19,,2026-03-10 21:01:32,drive_thru,TACOBOGO,cash,completed
1010185,9,925,2026-03-10 21:09:01,drive_thru,TACOBOGO,credit_card,completed
1010186,18,,2026-03-10 21:12:21,dine_in,TACOBOGO,debit_card,completed
1010187,8,,2026-03-10 21:27:55,dine_in,,credit_card,completed
1010188,18,2313,2026-03-10 21:33:46,dine_in,,debit_card,completed
1010189,3,2164,2026-03-10 21:47:48,dine_in,,credit_card,completed
1010190,11,1135,2026-03-10 21:48:29,dine_in,,credit_card,completed
1010191,9,1758,2026-03-11 10:53:43,dine_in,,debit_card,completed
1010192,18,,2026-03-11 11:17:23,drive_thru,,gift_card,completed
1010193,15,280,2026-03-11 11:28:13,dine_in,,cash,completed
1010194,3,,2026-03-11 11:28:28,takeout,,apple_pay,completed
1010195,4,,2026-03-11 11:35:00,drive_thru,,cash,completed
1010196,8,297,2026-03-11 11:35:31,dine_in,,credit_card,completed
1010197,18,1391,2026-03-11 11:41:14,delivery,,gift_card,completed
1010198,15,398,2026-03-11 11:47:14,drive_thru,,credit_card,completed
1010199,5,,2026-03-11 11:52:40,delivery,,credit_card,completed
1010200,1,,03/11/2026 11:56,delivery,,credit_card,completed
1010201,18,2075,2026-03-11 11:58:08,dine_in,,gift_card,completed
1010202,15,621,2026-03-11 11:58:26,delivery,,credit_card,completed
1010203,11,2476,2026-03-11 12:02:43,dine_in,,debit_card,completed
1010204,17,1477,2026-03-11 12:05:09,dine_in,,credit_card,completed
1010205,12,,2026-03-11 12:08:10,dine_in,,credit_card,completed
1010206,6,,2026-03-11 12:09:33,drive_thru,,credit_card,completed
1010207,16,2158,2026-03-11 12:14:23,takeout,,apple_pay,completed
1010208,6,,2026-03-11 12:16:33,drive_thru,,credit_card,completed
1010209,18,694,2026-03-11 12:17:27,drive_thru,,cash,completed
1010210,11,,2026-03-11 12:19:41,dine_in,,credit_card,completed
1010211,3,,2026-03-11 12:19:43,dine_in,,debit_card,completed
1010212,18,1503,2026-03-11 12:20:07,,,credit_card,completed
1010213,6,474,2026-03-11 12:22:30,dine_in,,credit_card,completed
1010214,18,,2026-03-11 12:22:53,takeout,,credit_card,completed
1010215,13,1845,2026-03-11 12:26:22,takeout,,debit_card,completed
1010216,17,,2026-03-11 12:26:53,takeout,,apple_pay,completed
1010217,14,1449,2026-03-11 12:27:40,drive_thru,,credit_card,completed
1010218,17,2120,2026-03-11 12:27:51,takeout,,debit_card,completed
1010219,7,107,2026-03-11 12:28:33,takeout,,credit_card,completed
1010220,3,,2026-03-11 12:28:39,dine_in,,debit_card,completed
1010221,17,1123,2026-03-11 12:30:52,delivery,,credit_card,completed
1010222,1,,2026-03-11 12:31:23,delivery,,apple_pay,completed
1010223,10,1508,2026-03-11 12:32:21,dine_in,,cash,completed
1010224,17,,2026-03-11 12:32:29,dine_in,,apple_pay,completed
1010225,19,975,2026-03-11 12:37:06,drive_thru,,apple_pay,completed
1010226,15,1913,2026-03-11 12:40:01,delivery,,credit_card,completed
1010227,16,,2026-03-11 12:40:31,dine_in,,debit_card,completed
1010228,4,109,2026-03-11 12:40:53,drive_thru,,cash,completed
1010229,4,960,2026-03-11 12:42:13,drive_thru,,apple_pay,completed
1010230,7,995,2026-03-11 12:44:31,delivery,,credit_card,completed
1010231,14,,2026-03-11 12:44:48,delivery,,apple_pay,completed
1010232,2,953,2026-03-11 12:47:05,dine_in,,apple_pay,completed
1010233,6,,2026-03-11 12:48:57,dine_in,,credit_card,completed
1010234,18,2147,2026-03-11 12:49:03,drive_thru,,credit_card,completed
1010235,1,,2026-03-11 12:55:40,dine_in,,credit_card,completed
1010236,6,164,2026-03-11 12:59:57,drive_thru,,debit_card,completed
1010237,15,1727,2026-03-11 13:00:30,dine_in,,credit_card,completed
1010238,19,834,2026-03-11 13:00:41,drive_thru,,credit_card,cancelled
1010239,3,1555,2026-03-11 13:08:38,dine_in,,credit_card,completed
1010240,3,,2026-03-11 13:09:21,dine_in,,credit_card,completed
1010241,11,,2026-03-11 13:09:51,takeout,,gift_card,completed
1010242,12,802,2026-03-11 13:12:09,delivery,,credit_card,completed
1010243,1,,2026-03-11 13:15:06,takeout,,credit_card,completed
1010244,16,,2026-03-11 13:17:43,dine_in,,cash,completed
1010245,14,2277,2026-03-11 13:19:49,takeout,,credit_card,completed
1010246,15,2410,2026-03-11 13:20:16,drive_thru,,cash,completed
1010247,8,,2026-03-11 13:25:18,takeout,,credit_card,completed
1010248,17,1375,2026-03-11 13:25:33,dine_in,,credit_card,completed
1010249,1,1929,2026-03-11 13:27:56,dine_in,,debit_card,completed
1010250,17,2357,2026-03-11 13:30:49,takeout,,cash,completed
1010251,14,2391,2026-03-11 13:35:05,dine_in,,credit_card,completed
1010252,6,57,2026-03-11 13:38:30,dine_in,,apple_pay,completed
1010253,7,217,2026-03-11 13:38:35,delivery,,credit_card,completed
1010254,15,398,2026-03-11 13:42:16,dine_in,,credit_card,completed
1010255,10,,2026-03-11 14:12:28,takeout,,debit_card,cancelled
1010256,5,2462,2026-03-11 14:20:07,dine_in,,credit_card,completed
1010257,18,2344,2026-03-11 15:27:57,takeout,,debit_card,completed
1010258,10,2284,2026-03-11 16:31:02,drive_thru,,apple_pay,completed
1010259,6,1033,2026-03-11 16:34:42,drive_thru,,cash,completed
1010260,9,1157,2026-03-11 16:40:49,dine_in,,credit_card,completed
1010261,13,203,2026-03-11 16:55:49,dine_in,,cash,completed
1010262,6,1878,2026-03-11 17:04:01,dine_in,,debit_card,completed
1010263,12,753,2026-03-11 17:10:58,dine_in,,debit_card,completed
1010264,12,,2026-03-11 17:18:48,dine_in,,credit_card,completed
1010265,1,1141,2026-03-11 17:19:19,takeout,,credit_card,completed
1010266,11,336,2026-03-11 17:21:48,delivery,,credit_card,completed
1010267,11,1796,2026-03-11 17:48:55,takeout,,credit_card,completed
1010268,15,,2026-03-11 17:54:40,dine_in,,cash,completed
1010269,18,1001,2026-03-11 17:55:39,dine_in,,cash,completed
1010270,1,,2026-03-11 18:04:39,dine_in,,cash,completed
1010271,6,662,2026-03-11 18:05:29,drive_thru,,cash,completed
1010272,3,2217,2026-03-11 18:05:51,dine_in,,credit_card,completed
1010273,8,719,2026-03-11 18:11:05,dine_in,,apple_pay,completed
1010274,14,2249,2026-03-11 18:12:39,,,apple_pay,refunded
1010275,19,,2026-03-11 18:16:04,takeout,,apple_pay,completed
1010276,9,,2026-03-11 18:23:19,delivery,,credit_card,completed
1010277,14,828,2026-03-11 18:27:45,drive_thru,,apple_pay,completed
1010278,3,210,2026-03-11 18:30:03,dine_in,,apple_pay,completed
1010279,12,697,2026-03-11 18:39:41,delivery,,credit_card,completed
1010280,10,1327,2026-03-11 18:39:44,takeout,,credit_card,completed
1010281,9,,2026-03-11 18:41:01,dine_in,,debit_card,completed
1010282,11,,2026-03-11 18:42:28,drive_thru,,credit_card,completed
1010283,19,,2026-03-11 18:44:45,dine_in,,credit_card,completed
1010284,2,,2026-03-11 18:46:14,takeout,,debit_card,completed
1010285,15,351,2026-03-11 18:46:44,delivery,,apple_pay,completed
1010286,1,721,2026-03-11 18:48:21,delivery,,debit_card,completed
1010287,4,1533,2026-03-11 18:48:30,dine_in,,credit_card,completed
1010288,14,2069,2026-03-11 18:48:53,takeout,,credit_card,completed
1010289,18,,2026-03-11 18:48:59,delivery,,debit_card,completed
1010290,6,2159,2026-03-11 18:49:17,drive_thru,,cash,completed
1010291,15,1068,2026-03-11 18:57:23,dine_in,,apple_pay,completed
1010292,3,2359,2026-03-11 18:58:01,dine_in,,cash,completed
1010293,7,660,2026-03-11 18:58:01,takeout,,debit_card,completed
1010294,3,,03/11/2026 18:58,takeout,,credit_card,completed
1010295,9,702,2026-03-11 18:58:43,drive_thru,,cash,completed
1010296,5,,2026-03-11 18:59:27,dine_in,,credit_card,completed
1010297,19,1411,2026-03-11 19:02:31,takeout,,cash,completed
1010298,15,,2026-03-11 19:05:07,drive_thru,,apple_pay,completed
1010299,8,52,2026-03-11 19:08:34,dine_in,,credit_card,completed
1010300,14,255,2026-03-11 19:11:21,dine_in,,debit_card,completed
1010301,4,831,2026-03-11 19:13:45,delivery,,credit_card,completed
1010302,7,955,2026-03-11 19:15:59,dine_in,,credit_card,completed
1010303,5,1871,2026-03-11 19:19:22,drive_thru,,debit_card,completed
1010304,7,,2026-03-11 19:23:40,takeout,,apple_pay,completed
1010305,14,855,2026-03-11 19:23:42,drive_thru,,debit_card,completed
1010306,8,1267,2026-03-11 19:24:52,delivery,,debit_card,completed
1010307,5,,2026-03-11 19:24:58,takeout,,cash,completed
1010308,2,1938,2026-03-11 19:25:40,delivery,,credit_card,completed
1010309,10,993,2026-03-11 19:25:59,takeout,,apple_pay,completed
1010310,13,420,2026-03-11 19:27:29,dine_in,,gift_card,completed
1010311,10,1870,2026-03-11 19:31:00,drive_thru,,credit_card,completed
1010312,17,,2026-03-11 19:32:53,takeout,,apple_pay,completed
1010313,15,,2026-03-11 19:34:53,drive_thru,,credit_card,completed
1010314,1,1137,2026-03-11 19:36:57,dine_in,,cash,completed
1010315,15,,2026-03-11 19:39:20,delivery,,credit_card,completed
1010316,7,,2026-03-11 19:47:39,takeout,,debit_card,completed
1010317,13,345,2026-03-11 19:52:11,dine_in,,cash,completed
1010318,13,1862,2026-03-11 19:56:35,dine_in,,credit_card,completed
1010319,11,1039,2026-03-11 20:02:55,drive_thru,,credit_card,completed
1010320,8,466,2026-03-11 20:06:10,dine_in,,credit_card,completed
1010321,8,1158,2026-03-11 20:10:10,takeout,,credit_card,completed
1010322,19,2487,2026-03-11 20:10:17,dine_in,,apple_pay,completed
1010323,8,2303,2026-03-11 20:25:04,takeout,,credit_card,completed
1010324,10,1158,2026-03-11 21:07:22,dine_in,,debit_card,completed
1010325,4,1144,2026-03-11 21:09:08,takeout,,credit_card,completed
1010326,15,2282,2026-03-11 21:11:02,drive_thru,,debit_card,refunded
1010327,12,,2026-03-11 21:21:59,dine_in,,cash,completed
1010328,8,2459,2026-03-11 21:34:33,delivery,,debit_card,completed
1010329,7,353,2026-03-11 21:37:13,dine_in,,apple_pay,completed
1010330,9,,2026-03-11 21:48:33,takeout,,gift_card,completed
1010331,8,,2026-03-11 21:54:21,takeout,,apple_pay,completed
1010332,12,,2026-03-12 10:34:07,dine_in,,apple_pay,completed
1010333,4,662,2026-03-12 10:52:58,takeout,,cash,completed
1010334,18,1629,2026-03-12 11:01:50,dine_in,,credit_card,completed
1010335,2,1714,2026-03-12 11:07:47,dine_in,,debit_card,completed
1010336,13,459,2026-03-12 11:19:09,delivery,,credit_card,completed
1010337,5,661,2026-03-12 11:36:03,delivery,,credit_card,completed
1010338,18,4,2026-03-12 11:45:56,dine_in,,credit_card,completed
1010339,8,,2026-03-12 11:46:04,takeout,,cash,completed
1010340,15,,2026-03-12 11:54:29,drive_thru,,credit_card,completed
1010341,14,2228,2026-03-12 12:00:43,,,debit_card,completed
1010342,8,667,2026-03-12 12:02:58,dine_in,,debit_card,completed
1010343,1,1909,2026-03-12 12:03:18,dine_in,,apple_pay,completed
1010344,19,2483,2026-03-12 12:04:31,takeout,,debit_card,completed
1010345,3,,2026-03-12 12:05:52,dine_in,,apple_pay,completed
1010346,15,1518,2026-03-12 12:10:00,dine_in,,debit_card,completed
1010347,2,1096,2026-03-12 12:12:07,dine_in,,credit_card,completed
1010348,13,2433,2026-03-12 12:13:09,delivery,,credit_card,completed
1010349,16,,2026-03-12 12:15:55,dine_in,,credit_card,completed
1010350,3,,2026-03-12 12:16:07,dine_in,,credit_card,completed
1010351,4,1027,2026-03-12 12:17:32,dine_in,,credit_card,completed
1010352,13,,2026-03-12 12:23:50,dine_in,,credit_card,completed
1010353,15,596,2026-03-12 12:25:49,dine_in,,credit_card,completed
1010354,11,1026,2026-03-12 12:25:56,takeout,,credit_card,completed
1010355,19,,2026-03-12 12:27:29,takeout,,cash,completed
1010356,9,,2026-03-12 12:28:30,drive_thru,,gift_card,completed
1010357,1,,2026-03-12 12:32:26,dine_in,,credit_card,completed
1010358,6,456,2026-03-12 12:32:36,dine_in,,cash,completed
1010359,18,2290,2026-03-12 12:34:55,dine_in,,credit_card,completed
1010360,13,34,2026-03-12 12:36:15,dine_in,,cash,completed
1010361,13,345,2026-03-12 12:36:38,delivery,,apple_pay,completed
1010362,15,169,2026-03-12 12:39:01,drive_thru,,credit_card,completed
1010363,12,,2026-03-12 12:39:22,dine_in,,credit_card,completed
1010364,12,,2026-03-12 12:41:06,dine_in,,cash,completed
1010365,19,1809,2026-03-12 12:42:21,takeout,,credit_card,completed
1010366,15,,2026-03-12 12:43:14,drive_thru,,gift_card,cancelled
1010367,14,654,2026-03-12 12:44:31,dine_in,,credit_card,completed
1010368,16,1431,2026-03-12 12:52:01,dine_in,,credit_card,completed
1010369,14,,2026-03-12 12:52:12,dine_in,,credit_card,completed
1010370,19,2474,2026-03-12 12:53:36,takeout,,credit_card,completed
1010371,4,16,2026-03-12 12:54:08,delivery,,apple_pay,completed
1010372,16,,2026-03-12 12:54:46,dine_in,,credit_card,completed
1010373,6,,2026-03-12 12:57:30,drive_thru,,credit_card,completed
1010374,14,,2026-03-12 12:58:08,dine_in,,credit_card,completed
1010375,7,,2026-03-12 12:58:32,delivery,,debit_card,completed
1010376,8,200,2026-03-12 12:58:57,dine_in,,gift_card,completed
1010377,8,2293,2026-03-12 12:59:00,dine_in,,credit_card,completed
1010378,7,,2026-03-12 12:59:31,dine_in,,cash,completed
1010379,10,152,2026-03-12 12:59:45,takeout,,credit_card,completed
1010380,12,,2026-03-12 13:05:05,dine_in,,debit_card,completed
1010381,16,218,2026-03-12 13:06:40,delivery,,credit_card,completed
1010382,8,,2026-03-12 13:08:24,dine_in,,credit_card,completed
1010383,9,1758,2026-03-12 13:22:06,dine_in,,debit_card,completed
1010384,8,2293,2026-03-12 13:22:36,takeout,,cash,completed
1010385,4,496,2026-03-12 13:27:12,drive_thru,,debit_card,completed
1010386,14,,2026-03-12 13:31:43,takeout,,credit_card,completed
1010387,9,2141,2026-03-12 13:36:39,,,credit_card,completed
1010388,19,1801,2026-03-12 13:41:45,dine_in,,gift_card,completed
1010389,12,196,2026-03-12 13:52:00,dine_in,,credit_card,completed
1010390,11,304,2026-03-12 13:57:30,takeout,,cash,completed
1010391,5,2354,2026-03-12 14:07:59,drive_thru,,credit_card,completed
1010392,3,1232,2026-03-12 14:09:11,takeout,,gift_card,completed
1010393,19,1958,2026-03-12 14:15:21,delivery,,credit_card,completed
1010394,18,,2026-03-12 14:30:07,delivery,,apple_pay,completed
1010395,3,,2026-03-12 14:32:55,delivery,,credit_card,completed
1010396,9,,2026-03-12 14:48:04,dine_in,,cash,completed
1010397,9,,2026-03-12 14:58:40,delivery,,debit_card,completed
1010398,6,56,2026-03-12 15:01:24,takeout,,debit_card,completed
1010399,5,1839,2026-03-12 15:03:43,takeout,,cash,completed
1010400,12,,2026-03-12 15:57:26,dine_in,,credit_card,completed
1010401,18,1332,2026-03-12 16:15:36,drive_thru,,cash,completed
1010402,19,975,2026-03-12 16:20:54,takeout,,apple_pay,completed
1010403,4,1609,2026-03-12 16:57:02,takeout,,debit_card,cancelled
1010404,14,329,2026-03-12 16:57:41,takeout,,credit_card,completed
1010405,18,,2026-03-12 17:00:41,dine_in,,credit_card,completed
1010406,8,1605,2026-03-12 17:13:36,delivery,,debit_card,completed
1010407,15,841,2026-03-12 17:19:32,takeout,,credit_card,completed
1010408,5,1159,2026-03-12 17:50:47,dine_in,,credit_card,completed
1010409,5,,2026-03-12 17:55:54,dine_in,,credit_card,completed
1010410,10,,2026-03-12 17:56:45,drive_thru,,credit_card,completed
1010411,3,,2026-03-12 18:04:11,dine_in,,credit_card,completed
1010412,13,545,2026-03-12 18:07:07,dine_in,,apple_pay,completed
1010413,11,1502,2026-03-12 18:07:22,dine_in,,credit_card,completed
1010414,7,,2026-03-12 18:21:15,dine_in,,apple_pay,completed
1010415,7,737,2026-03-12 18:21:43,dine_in,,debit_card,completed
1010416,2,2015,2026-03-12 18:21:44,takeout,,gift_card,completed
1010417,19,,2026-03-12 18:28:30,dine_in,,cash,completed
1010418,5,,2026-03-12 18:28:39,dine_in,,credit_card,completed
1010419,17,,2026-03-12 18:32:02,delivery,,credit_card,completed
1010420,6,,2026-03-12 18:35:22,dine_in,,debit_card,completed
1010421,1,2456,2026-03-12 18:36:25,takeout,,debit_card,completed
1010422,4,2204,2026-03-12 18:36:49,drive_thru,,gift_card,completed
1010423,8,564,2026-03-12 18:37:31,takeout,,credit_card,completed
1010424,4,,2026-03-12 18:38:27,,,apple_pay,completed
1010425,9,1994,2026-03-12 18:38:36,dine_in,,credit_card,completed
1010426,10,1538,2026-03-12 18:39:11,delivery,,debit_card,completed
1010427,18,1130,2026-03-12 18:39:30,drive_thru,,cash,completed
1010428,9,286,2026-03-12 18:45:27,delivery,,gift_card,completed
1010429,8,,2026-03-12 18:45:29,takeout,,credit_card,completed
1010430,10,,2026-03-12 18:45:48,delivery,,apple_pay,completed
1010431,12,859,03/12/2026 18:48,takeout,,apple_pay,completed
1010432,12,2371,2026-03-12 18:48:45,delivery,,credit_card,completed
1010433,15,582,2026-03-12 18:49:33,delivery,,credit_card,completed
1010434,11,2436,2026-03-12 18:52:18,delivery,,credit_card,completed
1010435,4,1601,2026-03-12 18:54:42,delivery,,apple_pay,completed
1010436,7,,2026-03-12 18:56:05,dine_in,,credit_card,completed
1010437,1,2486,2026-03-12 18:59:34,takeout,,credit_card,completed
1010438,2,,2026-03-12 19:00:00,delivery,,credit_card,completed
1010439,11,1239,2026-03-12 19:00:43,dine_in,,cash,completed
1010440,17,,2026-03-12 19:03:27,dine_in,,cash,completed
1010441,12,2135,2026-03-12 19:05:34,dine_in,,credit_card,completed
1010442,3,,2026-03-12 19:09:28,takeout,,credit_card,cancelled
1010443,12,770,2026-03-12 19:11:01,delivery,,debit_card,completed
1010444,8,457,2026-03-12 19:20:24,takeout,,credit_card,completed
1010445,8,1092,2026-03-12 19:22:48,takeout,,credit_card,completed
1010446,4,1219,2026-03-12 19:23:49,takeout,,cash,completed
1010447,16,1394,2026-03-12 19:24:45,delivery,,apple_pay,completed
1010448,13,1782,2026-03-12 19:27:06,takeout,,credit_card,completed
1010449,13,2129,2026-03-12 19:28:33,dine_in,,credit_card,completed
1010450,8,667,2026-03-12 19:30:05,takeout,,apple_pay,completed
1010451,10,1799,2026-03-12 19:32:38,drive_thru,,apple_pay,completed
1010452,16,,03/12/2026 19:33,takeout,,credit_card,completed
1010453,5,,2026-03-12 19:37:48,dine_in,,credit_card,completed
1010454,12,,2026-03-12 19:37:59,takeout,,credit_card,completed
1010455,3,1743,2026-03-12 19:38:03,dine_in,,credit_card,completed
1010456,14,,2026-03-12 19:45:41,takeout,,credit_card,completed
1010457,17,1130,2026-03-12 19:45:58,dine_in,,cash,completed
1010458,10,,2026-03-12 19:46:19,dine_in,,credit_card,refunded
1010459,6,980,2026-03-12 19:49:40,dine_in,,cash,completed
1010460,9,,2026-03-12 19:50:03,delivery,,debit_card,completed
1010461,16,,2026-03-12 19:51:34,dine_in,,cash,completed
1010462,18,1893,2026-03-12 19:54:45,dine_in,,credit_card,completed
1010463,7,568,2026-03-12 19:55:31,dine_in,,debit_card,completed
1010464,19,1314,2026-03-12 20:00:35,delivery,,apple_pay,completed
1010465,4,111,2026-03-12 20:01:33,dine_in,,debit_card,completed
1010466,1,1362,2026-03-12 20:01:44,dine_in,,credit_card,completed
1010467,12,,2026-03-12 20:05:10,takeout,,credit_card,completed
1010468,14,2482,2026-03-12 20:15:24,takeout,,credit_card,completed
1010469,7,1973,2026-03-12 20:15:30,dine_in,,debit_card,completed
1010470,14,1774,2026-03-12 20:24:13,takeout,,debit_card,completed
1010471,15,841,2026-03-12 20:25:06,takeout,,credit_card,completed
1010472,17,1103,2026-03-12 20:33:22,dine_in,,credit_card,completed
1010473,19,,2026-03-12 20:41:04,dine_in,,debit_card,completed
1010474,3,713,2026-03-12 20:42:32,dine_in,,cash,completed
1010475,18,,2026-03-12 20:58:06,delivery,,apple_pay,completed
1010476,19,1801,2026-03-13 10:36:01,takeout,,cash,completed
1010477,1,1882,03/13/2026 10:50,dine_in,,cash,cancelled
1010478,19,917,2026-03-13 11:13:08,drive_thru,,credit_card,completed
1010479,17,,2026-03-13 11:23:48,dine_in,,credit_card,completed
1010480,14,471,2026-03-13 11:25:00,dine_in,,debit_card,completed
1010481,7,,2026-03-13 11:30:08,delivery,,debit_card,completed
1010482,2,1770,2026-03-13 11:32:03,delivery,,credit_card,completed
1010483,10,1538,2026-03-13 11:34:39,dine_in,,cash,completed
1010484,18,1100,2026-03-13 11:36:41,dine_in,,cash,completed
1010485,9,1280,2026-03-13 11:41:17,drive_thru,,credit_card,completed
1010486,3,943,2026-03-13 11:42:41,dine_in,,gift_card,completed
1010487,16,,2026-03-13 11:43:27,dine_in,,credit_card,completed
1010488,18,1739,2026-03-13 11:43:56,drive_thru,,debit_card,completed
1010489,16,2161,2026-03-13 11:48:13,takeout,,credit_card,completed
1010490,13,971,2026-03-13 11:50:15,takeout,,credit_card,completed
1010491,13,2023,2026-03-13 11:50:50,takeout,,credit_card,completed
1010492,11,,2026-03-13 11:50:58,dine_in,,cash,completed
1010493,2,,2026-03-13 11:53:09,takeout,,apple_pay,completed
1010494,3,1989,2026-03-13 11:55:30,delivery,,debit_card,completed
1010495,8,861,2026-03-13 11:55:45,dine_in,,cash,completed
1010496,10,1513,2026-03-13 11:55:45,takeout,,cash,refunded
1010497,4,,2026-03-13 12:00:32,delivery,,credit_card,completed
1010498,9,1760,2026-03-13 12:00:46,drive_thru,,cash,completed
1010499,3,1201,2026-03-13 12:02:17,delivery,,apple_pay,completed
1010500,3,,2026-03-13 12:05:06,dine_in,,credit_card,completed
1010501,2,,2026-03-13 12:09:28,dine_in,,credit_card,completed
1010502,19,,2026-03-13 12:10:50,takeout,,apple_pay,completed
1010503,1,663,2026-03-13 12:11:11,dine_in,,credit_card,completed
1010504,3,953,2026-03-13 12:11:54,dine_in,,debit_card,cancelled
1010505,9,,2026-03-13 12:17:35,takeout,,cash,completed
1010506,10,106,2026-03-13 12:19:23,takeout,,debit_card,completed
1010507,6,2002,2026-03-13 12:21:04,delivery,,debit_card,completed
1010508,6,,2026-03-13 12:22:09,takeout,,debit_card,completed
1010509,4,,2026-03-13 12:22:31,drive_thru,,debit_card,completed
1010510,11,1779,2026-03-13 12:23:58,takeout,,debit_card,completed
1010511,15,,2026-03-13 12:24:24,drive_thru,,debit_card,completed
1010512,13,,2026-03-13 12:24:35,takeout,,credit_card,completed
1010513,10,,2026-03-13 12:25:28,delivery,,credit_card,completed
1010514,10,1808,2026-03-13 12:26:37,dine_in,,credit_card,completed
1010515,2,120,2026-03-13 12:30:18,dine_in,,credit_card,completed
1010516,8,1873,2026-03-13 12:30:55,dine_in,,gift_card,completed
1010517,7,,2026-03-13 12:33:40,takeout,,credit_card,completed
1010518,18,,2026-03-13 12:34:18,takeout,,credit_card,completed
1010519,16,218,2026-03-13 12:34:19,takeout,,credit_card,completed
1010520,1,,2026-03-13 12:34:58,takeout,,cash,completed
1010521,1,792,2026-03-13 12:36:24,takeout,,debit_card,completed
1010522,9,1532,2026-03-13 12:38:29,drive_thru,,apple_pay,completed
1010523,4,2458,2026-03-13 12:40:34,takeout,,cash,completed
1010524,17,1146,2026-03-13 12:41:27,dine_in,,cash,completed
1010525,1,1336,2026-03-13 12:41:38,dine_in,,credit_card,completed
1010526,12,265,2026-03-13 12:42:38,takeout,,credit_card,completed
1010527,4,869,2026-03-13 12:47:40,dine_in,,apple_pay,completed
1010528,11,1337,2026-03-13 12:48:08,takeout,,gift_card,completed
1010529,4,1443,2026-03-13 12:49:10,drive_thru,,debit_card,completed
1010530,4,71,2026-03-13 12:50:38,dine_in,,credit_card,completed
1010531,14,,2026-03-13 12:50:53,dine_in,,debit_card,completed
1010532,13,,2026-03-13 12:50:57,takeout,,credit_card,completed
1010533,1,,03/13/2026 12:51,delivery,,credit_card,completed
1010534,5,24,2026-03-13 12:53:34,drive_thru,,credit_card,completed
1010535,15,,2026-03-13 12:58:35,dine_in,,credit_card,completed
1010536,13,1022,2026-03-13 12:59:36,delivery,,debit_card,completed
1010537,12,1212,2026-03-13 12:59:52,dine_in,,debit_card,completed
1010538,18,2441,2026-03-13 13:01:55,drive_thru,,credit_card,completed
1010539,2,,2026-03-13 13:03:15,takeout,,credit_card,completed
1010540,17,,2026-03-13 13:03:31,dine_in,,apple_pay,completed
1010541,7,107,2026-03-13 13:03:42,dine_in,,gift_card,completed
1010542,13,,2026-03-13 13:04:37,takeout,,debit_card,cancelled
1010543,10,,2026-03-13 13:10:20,,,credit_card,completed
1010544,5,673,03/13/2026 13:10,dine_in,,apple_pay,completed
1010545,15,855,2026-03-13 13:11:49,drive_thru,,credit_card,completed
1010546,19,,2026-03-13 13:13:02,delivery,,apple_pay,completed
1010547,1,144,03/13/2026 13:16,delivery,,credit_card,completed
1010548,2,,2026-03-13 13:23:46,,,apple_pay,completed
1010549,7,773,2026-03-13 13:23:50,delivery,,credit_card,completed
1010550,6,54,2026-03-13 13:24:19,drive_thru,,apple_pay,completed
1010551,11,572,2026-03-13 13:25:44,drive_thru,,cash,completed
1010552,7,,2026-03-13 13:27:16,dine_in,,credit_card,completed
1010553,17,1183,2026-03-13 13:29:06,takeout,,debit_card,completed
1010554,5,,2026-03-13 14:25:33,drive_thru,,debit_card,cancelled
1010555,18,2475,2026-03-13 14:58:33,drive_thru,,debit_card,completed
1010556,10,,2026-03-13 15:15:32,delivery,,apple_pay,completed
1010557,2,184,2026-03-13 15:56:05,takeout,,debit_card,cancelled
1010558,4,179,2026-03-13 16:09:50,drive_thru,,credit_card,cancelled
1010559,2,1770,2026-03-13 16:35:09,dine_in,,cash,completed
1010560,3,,2026-03-13 16:55:57,dine_in,,credit_card,completed
1010561,7,776,2026-03-13 17:04:23,dine_in,,debit_card,completed
1010562,2,1201,2026-03-13 17:09:21,dine_in,,debit_card,completed
1010563,10,484,2026-03-13 17:33:02,dine_in,,debit_card,completed
1010564,17,,2026-03-13 17:55:49,dine_in,,apple_pay,completed
1010565,10,,2026-03-13 17:58:14,dine_in,,cash,completed
1010566,7,766,2026-03-13 18:03:33,delivery,,credit_card,completed
1010567,18,694,2026-03-13 18:11:48,takeout,,apple_pay,completed
1010568,7,466,2026-03-13 18:18:40,takeout,,debit_card,completed
1010569,13,1272,2026-03-13 18:19:19,dine_in,,credit_card,completed
1010570,19,2344,2026-03-13 18:21:02,dine_in,,credit_card,completed
1010571,15,,2026-03-13 18:21:46,dine_in,,apple_pay,completed
1010572,13,,2026-03-13 18:21:49,dine_in,,apple_pay,completed
1010573,3,,2026-03-13 18:23:25,dine_in,,debit_card,completed
1010574,12,441,2026-03-13 18:25:03,takeout,,gift_card,completed
1010575,19,,2026-03-13 18:26:22,drive_thru,,credit_card,completed
1010576,6,,2026-03-13 18:26:26,delivery,,credit_card,completed
1010577,13,1264,2026-03-13 18:29:15,takeout,,debit_card,completed
1010578,9,1117,2026-03-13 18:32:45,takeout,,credit_card,completed
1010579,7,1866,2026-03-13 18:32:51,dine_in,,cash,completed
1010580,15,692,2026-03-13 18:34:34,drive_thru,,credit_card,completed
1010581,5,264,2026-03-13 18:35:12,drive_thru,,cash,completed
1010582,19,2400,2026-03-13 18:36:02,dine_in,,credit_card,completed
1010583,7,2,2026-03-13 18:37:17,delivery,,credit_card,completed
1010584,12,1940,2026-03-13 18:39:53,dine_in,,credit_card,completed
1010585,15,311,2026-03-13 18:41:23,delivery,,credit_card,completed
1010586,15,,2026-03-13 18:42:12,takeout,,apple_pay,completed
1010587,18,,2026-03-13 18:46:01,delivery,,credit_card,completed
1010588,12,,2026-03-13 18:46:13,dine_in,,credit_card,completed
1010589,3,1423,2026-03-13 18:47:55,dine_in,,debit_card,completed
1010590,15,,2026-03-13 18:50:03,dine_in,,apple_pay,completed
1010591,5,,2026-03-13 18:52:17,dine_in,,apple_pay,completed
1010592,1,,2026-03-13 18:53:13,delivery,,credit_card,completed
1010593,13,,2026-03-13 18:54:39,delivery,,credit_card,completed
1010594,8,527,2026-03-13 18:56:49,dine_in,,apple_pay,completed
1010595,13,2023,2026-03-13 18:57:17,dine_in,,credit_card,completed
1010596,11,670,2026-03-13 19:00:02,dine_in,,apple_pay,refunded
1010597,3,69,2026-03-13 19:00:43,dine_in,,credit_card,completed
1010598,10,1468,2026-03-13 19:00:43,dine_in,,credit_card,completed
1010599,8,913,2026-03-13 19:01:03,dine_in,,gift_card,completed
1010600,9,1402,2026-03-13 19:01:28,takeout,,credit_card,completed
1010601,9,,2026-03-13 19:04:10,dine_in,,credit_card,completed
1010602,17,,2026-03-13 19:04:49,takeout,,credit_card,refunded
1010603,14,1108,2026-03-13 19:05:07,takeout,,debit_card,completed
1010604,10,,2026-03-13 19:05:53,dine_in,,credit_card,completed
1010605,4,1430,2026-03-13 19:07:51,dine_in,,apple_pay,completed
1010606,6,,2026-03-13 19:08:11,takeout,,cash,cancelled
1010607,18,1855,03/13/2026 19:09,drive_thru,,credit_card,completed
1010608,17,520,2026-03-13 19:11:46,takeout,,credit_card,completed
1010609,7,502,2026-03-13 19:12:16,dine_in,,credit_card,completed
1010610,12,770,2026-03-13 19:12:37,delivery,,debit_card,completed
1010611,11,1502,03/13/2026 19:14,drive_thru,,debit_card,completed
1010612,15,914,2026-03-13 19:15:10,delivery,,apple_pay,completed
1010613,11,183,2026-03-13 19:15:40,drive_thru,,gift_card,completed
1010614,19,,2026-03-13 19:15:46,dine_in,,debit_card,completed
1010615,2,2443,2026-03-13 19:18:06,dine_in,,apple_pay,completed
1010616,6,1631,2026-03-13 19:19:32,dine_in,,credit_card,completed
1010617,12,,2026-03-13 19:21:39,dine_in,,apple_pay,completed
1010618,18,2121,2026-03-13 19:23:19,dine_in,,credit_card,completed
1010619,12,1379,2026-03-13 19:35:38,takeout,,debit_card,completed
1010620,14,,2026-03-13 19:39:13,dine_in,,apple_pay,completed
1010621,13,1539,2026-03-13 19:39:19,delivery,,apple_pay,refunded
1010622,4,,2026-03-13 19:39:39,dine_in,,credit_card,completed
1010623,10,1802,2026-03-13 19:40:52,drive_thru,,apple_pay,completed
1010624,16,848,2026-03-13 19:42:18,dine_in,,credit_card,refunded
1010625,1,2443,2026-03-13 19:43:40,dine_in,,debit_card,completed
1010626,15,,2026-03-13 19:46:36,delivery,,credit_card,completed
1010627,1,739,2026-03-13 19:49:46,dine_in,,apple_pay,completed
1010628,1,375,2026-03-13 20:00:30,delivery,,credit_card,completed
1010629,3,253,2026-03-13 20:01:45,delivery,,credit_card,completed
1010630,5,707,2026-03-13 20:09:08,delivery,,credit_card,completed
1010631,3,888,2026-03-13 20:14:48,dine_in,,cash,completed
1010632,18,,2026-03-13 20:19:56,drive_thru,,credit_card,completed
1010633,14,,2026-03-13 20:22:43,takeout,,credit_card,completed
1010634,8,1962,2026-03-13 20:25:20,takeout,,apple_pay,completed
1010635,14,1657,2026-03-13 20:26:49,dine_in,,credit_card,completed
1010636,2,1687,2026-03-13 20:50:49,dine_in,,credit_card,completed
1010637,18,2183,2026-03-13 20:51:02,dine_in,,debit_card,completed
1010638,13,,2026-03-13 20:54:07,delivery,,debit_card,completed
1010639,15,2372,2026-03-14 10:31:31,dine_in,,credit_card,completed
1010640,4,,2026-03-14 10:54:38,delivery,,apple_pay,completed
1010641,2,2177,2026-03-14 11:00:13,dine_in,,debit_card,completed
1010642,10,1207,2026-03-14 11:11:29,drive_thru,,cash,completed
1010643,11,1363,2026-03-14 11:14:38,takeout,,apple_pay,completed
1010644,19,1266,2026-03-14 11:19:23,delivery,,gift_card,completed
1010645,2,1133,2026-03-14 11:23:38,dine_in,,credit_card,completed
1010646,11,,2026-03-14 11:24:17,takeout,,debit_card,completed
1010647,8,1440,2026-03-14 11:45:53,delivery,,debit_card,completed
1010648,5,407,2026-03-14 11:46:57,drive_thru,,cash,completed
1010649,18,,2026-03-14 11:48:14,dine_in,,credit_card,completed
1010650,19,,2026-03-14 11:48:35,dine_in,,credit_card,completed
1010651,19,,2026-03-14 11:55:31,takeout,,cash,completed
1010652,1,,2026-03-14 11:55:57,dine_in,,credit_card,completed
1010653,15,97,2026-03-14 11:57:45,takeout,,credit_card,cancelled
1010654,13,2435,2026-03-14 11:58:17,takeout,,apple_pay,completed
1010655,13,138,2026-03-14 11:58:40,delivery,,credit_card,completed
1010656,15,1976,2026-03-14 12:02:46,drive_thru,,debit_card,completed
1010657,12,430,2026-03-14 12:03:47,dine_in,,cash,completed
1010658,8,,2026-03-14 12:06:49,dine_in,,credit_card,completed
1010659,16,848,2026-03-14 12:06:53,dine_in,,apple_pay,completed
1010660,13,20,2026-03-14 12:08:22,delivery,,credit_card,completed
1010661,11,,2026-03-14 12:09:21,,,credit_card,completed
1010662,5,,2026-03-14 12:14:06,delivery,,debit_card,completed
1010663,2,1471,2026-03-14 12:14:43,dine_in,,credit_card,completed
1010664,15,891,2026-03-14 12:15:19,dine_in,,debit_card,completed
1010665,17,1183,2026-03-14 12:16:30,delivery,,credit_card,completed
1010666,16,,2026-03-14 12:19:18,takeout,,credit_card,completed
1010667,15,1009,2026-03-14 12:20:35,drive_thru,,credit_card,completed
1010668,8,212,2026-03-14 12:21:46,dine_in,,cash,completed
1010669,19,,2026-03-14 12:22:35,dine_in,,credit_card,completed
1010670,12,807,2026-03-14 12:23:06,takeout,,cash,completed
1010671,19,,2026-03-14 12:24:17,drive_thru,,cash,completed
1010672,6,2179,2026-03-14 12:24:23,dine_in,,credit_card,completed
1010673,13,,2026-03-14 12:24:45,dine_in,,credit_card,completed
1010674,12,1067,2026-03-14 12:26:55,dine_in,,credit_card,completed
1010675,4,,2026-03-14 12:27:02,dine_in,,credit_card,completed
1010676,5,761,2026-03-14 12:27:34,drive_thru,,gift_card,completed
1010677,12,,2026-03-14 12:28:12,dine_in,,credit_card,completed
1010678,13,1481,2026-03-14 12:29:30,dine_in,,cash,completed
1010679,10,,2026-03-14 12:30:25,drive_thru,,credit_card,completed
1010680,9,,2026-03-14 12:30:44,dine_in,,debit_card,completed
1010681,18,936,2026-03-14 12:31:03,drive_thru,,cash,completed
1010682,8,2303,2026-03-14 12:31:06,dine_in,,cash,completed
1010683,4,865,2026-03-14 12:32:52,delivery,,credit_card,completed
1010684,19,1315,2026-03-14 12:33:10,delivery,,credit_card,completed
1010685,3,1087,2026-03-14 12:33:31,delivery,,credit_card,completed
1010686,17,1084,2026-03-14 12:33:47,dine_in,,gift_card,completed
1010687,7,495,2026-03-14 12:33:58,dine_in,,credit_card,completed
1010688,12,2311,2026-03-14 12:34:09,takeout,,debit_card,completed
1010689,14,,2026-03-14 12:34:16,drive_thru,,credit_card,completed
1010690,5,468,2026-03-14 12:34:39,drive_thru,,apple_pay,completed
1010691,19,1054,2026-03-14 12:35:28,drive_thru,,apple_pay,cancelled
1010692,16,962,2026-03-14 12:36:17,dine_in,,credit_card,completed
1010693,17,966,2026-03-14 12:36:23,delivery,,credit_card,completed
1010694,12,,2026-03-14 12:36:32,delivery,,credit_card,completed
1010695,14,318,2026-03-14 12:36:39,drive_thru,,cash,completed
1010696,19,2126,2026-03-14 12:38:10,drive_thru,,credit_card,completed
1010697,14,,2026-03-14 12:38:53,delivery,,gift_card,completed
1010698,19,1192,2026-03-14 12:39:03,drive_thru,,apple_pay,completed
1010699,5,2080,2026-03-14 12:39:33,dine_in,,debit_card,completed
1010700,6,120,2026-03-14 12:39:50,delivery,,credit_card,completed
1010701,13,2260,2026-03-14 12:41:35,delivery,,credit_card,completed
1010702,11,1313,2026-03-14 12:43:23,takeout,,apple_pay,completed
1010703,3,1596,2026-03-14 12:45:08,dine_in,,credit_card,completed
1010704,9,2288,2026-03-14 12:45:57,drive_thru,,debit_card,completed
1010705,3,,2026-03-14 12:47:43,dine_in,,credit_card,completed
1010706,14,498,2026-03-14 12:48:53,takeout,,credit_card,completed
1010707,16,970,2026-03-14 12:49:03,delivery,,credit_card,completed
1010708,19,,2026-03-14 12:50:20,drive_thru,,cash,completed
1010709,1,,2026-03-14 12:50:29,dine_in,,cash,completed
1010710,7,2155,2026-03-14 12:50:48,delivery,,debit_card,completed
1010711,14,1108,2026-03-14 12:52:10,drive_thru,,credit_card,completed
1010712,16,2237,2026-03-14 12:53:00,takeout,,cash,completed
1010713,14,45,2026-03-14 12:54:01,takeout,,credit_card,completed
1010714,3,1034,2026-03-14 12:54:04,delivery,,credit_card,completed
1010715,1,,2026-03-14 12:58:23,delivery,,apple_pay,completed
1010716,15,937,2026-03-14 12:58:54,drive_thru,,credit_card,completed
1010717,11,,2026-03-14 12:59:08,dine_in,,debit_card,completed
1010718,6,1690,2026-03-14 13:00:48,drive_thru,,credit_card,completed
1010719,18,,2026-03-14 13:01:28,dine_in,,credit_card,refunded
1010720,1,703,2026-03-14 13:01:49,delivery,,credit_card,completed
1010721,2,,2026-03-14 13:02:47,takeout,,apple_pay,completed
1010722,9,689,2026-03-14 13:07:35,drive_thru,,debit_card,completed
1010723,4,,2026-03-14 13:09:03,dine_in,,gift_card,completed
1010724,17,,2026-03-14 13:09:17,takeout,,apple_pay,completed
1010725,18,2237,2026-03-14 13:12:23,dine_in,,credit_card,completed
1010726,13,280,2026-03-14 13:12:34,takeout,,gift_card,completed
1010727,6,,2026-03-14 13:19:51,delivery,,credit_card,completed
1010728,1,2456,2026-03-14 13:25:58,takeout,,debit_card,completed
1010729,16,2468,2026-03-14 13:31:34,delivery,,credit_card,completed
1010730,16,,2026-03-14 13:39:40,takeout,,credit_card,completed
1010731,4,758,2026-03-14 13:49:53,drive_thru,,cash,completed
1010732,11,1196,2026-03-14 14:06:31,drive_thru,,debit_card,completed
1010733,1,,2026-03-14 14:08:18,takeout,,credit_card,cancelled
1010734,9,1813,2026-03-14 14:27:26,,,gift_card,completed
1010735,10,1454,2026-03-14 14:39:24,drive_thru,,apple_pay,completed
1010736,17,908,2026-03-14 14:51:49,takeout,,apple_pay,completed
1010737,10,,2026-03-14 15:19:06,takeout,,cash,completed
1010738,12,1308,2026-03-14 15:26:40,delivery,,credit_card,completed
1010739,14,2264,2026-03-14 15:27:52,drive_thru,,cash,completed
1010740,14,,2026-03-14 15:33:20,dine_in,,credit_card,completed
1010741,5,,2026-03-14 15:43:13,drive_thru,,credit_card,completed
1010742,16,848,2026-03-14 15:44:01,takeout,,credit_card,completed
1010743,6,1586,2026-03-14 16:27:32,drive_thru,,debit_card,completed
1010744,8,,2026-03-14 16:34:31,dine_in,,debit_card,cancelled
1010745,8,,2026-03-14 17:12:12,takeout,,debit_card,completed
1010746,13,,2026-03-14 17:28:27,delivery,,debit_card,completed
1010747,4,,2026-03-14 17:33:40,drive_thru,,apple_pay,completed
1010748,7,1866,2026-03-14 17:55:44,dine_in,,apple_pay,completed
1010749,6,1562,2026-03-14 18:04:52,drive_thru,,apple_pay,completed
1010750,1,2018,2026-03-14 18:05:55,delivery,,credit_card,cancelled
1010751,8,,2026-03-14 18:10:04,dine_in,,debit_card,cancelled
1010752,15,1793,2026-03-14 18:11:28,delivery,,apple_pay,completed
1010753,1,141,2026-03-14 18:14:10,delivery,,credit_card,completed
1010754,8,,2026-03-14 18:14:36,delivery,,debit_card,completed
1010755,8,,2026-03-14 18:16:56,delivery,,debit_card,completed
1010756,2,,2026-03-14 18:18:03,delivery,,debit_card,completed
1010757,1,1081,2026-03-14 18:18:52,delivery,,credit_card,completed
1010758,14,2277,2026-03-14 18:24:51,takeout,,credit_card,completed
1010759,18,1893,2026-03-14 18:27:51,delivery,,gift_card,completed
1010760,14,1784,2026-03-14 18:28:01,dine_in,,debit_card,completed
1010761,5,,2026-03-14 18:28:40,delivery,,credit_card,completed
1010762,16,,2026-03-14 18:28:57,delivery,,credit_card,completed
1010763,9,,2026-03-14 18:31:35,delivery,,credit_card,completed
1010764,10,,2026-03-14 18:32:44,drive_thru,,cash,completed
1010765,7,645,2026-03-14 18:34:11,dine_in,,credit_card,completed
1010766,12,,2026-03-14 18:34:42,dine_in,,apple_pay,completed
1010767,7,2352,2026-03-14 18:35:07,takeout,,credit_card,completed
1010768,5,2206,2026-03-14 18:35:50,dine_in,,credit_card,completed
1010769,18,843,2026-03-14 18:36:41,takeout,,apple_pay,completed
1010770,5,,2026-03-14 18:36:44,drive_thru,,credit_card,completed
1010771,18,,2026-03-14 18:42:07,drive_thru,,credit_card,completed
1010772,2,,2026-03-14 18:43:39,dine_in,,debit_card,completed
1010773,3,747,2026-03-14 18:46:23,dine_in,,credit_card,completed
1010774,12,,2026-03-14 18:47:14,delivery,,apple_pay,completed
1010775,1,116,2026-03-14 18:48:22,dine_in,,credit_card,completed
1010776,15,419,2026-03-14 18:48:31,delivery,,apple_pay,completed
1010777,13,1539,2026-03-14 18:50:32,delivery,,debit_card,completed
1010778,18,,2026-03-14 18:52:19,dine_in,,gift_card,completed
1010779,7,2219,2026-03-14 18:56:04,dine_in,,credit_card,completed
1010780,8,1151,2026-03-14 18:56:34,dine_in,,cash,completed
1010781,14,,2026-03-14 18:57:06,dine_in,,credit_card,completed
1010782,11,2165,2026-03-14 18:58:15,dine_in,,gift_card,completed
1010783,12,38,2026-03-14 19:02:24,,,cash,cancelled
1010784,19,2281,2026-03-14 19:03:35,delivery,,credit_card,completed
1010785,19,2084,2026-03-14 19:06:45,dine_in,,credit_card,completed
1010786,1,,2026-03-14 19:08:50,takeout,,credit_card,completed
1010787,12,,2026-03-14 19:11:21,takeout,,credit_card,completed
1010788,11,,2026-03-14 19:13:39,delivery,,credit_card,completed
1010789,17,1147,2026-03-14 19:13:53,takeout,,credit_card,completed
1010790,4,1219,2026-03-14 19:15:41,dine_in,,debit_card,completed
1010791,12,1780,2026-03-14 19:16:14,delivery,,debit_card,completed
1010792,9,1922,2026-03-14 19:18:11,dine_in,,credit_card,completed
1010793,1,801,2026-03-14 19:18:41,takeout,,debit_card,completed
1010794,13,971,2026-03-14 19:21:13,delivery,,debit_card,completed
1010795,9,,2026-03-14 19:23:07,delivery,,credit_card,completed
1010796,15,,2026-03-14 19:23:09,takeout,,debit_card,completed
1010797,11,,2026-03-14 19:23:55,dine_in,,credit_card,completed
1010798,6,1588,2026-03-14 19:30:24,dine_in,,apple_pay,completed
1010799,17,2158,2026-03-14 19:32:58,delivery,,gift_card,completed
1010800,13,2260,2026-03-14 19:35:00,delivery,,apple_pay,completed
1010801,7,,2026-03-14 19:35:19,delivery,,credit_card,completed
1010802,6,247,2026-03-14 19:36:05,takeout,,credit_card,completed
1010803,17,1485,2026-03-14 19:36:43,dine_in,,cash,completed
1010804,4,1349,2026-03-14 19:37:44,dine_in,,debit_card,completed
1010805,12,601,2026-03-14 19:38:19,dine_in,,cash,completed
1010806,12,,2026-03-14 19:38:47,dine_in,,debit_card,completed
1010807,1,253,2026-03-14 19:39:39,dine_in,,debit_card,refunded
1010808,5,634,2026-03-14 19:41:15,dine_in,,credit_card,completed
1010809,17,2332,2026-03-14 19:44:39,takeout,,credit_card,completed
1010810,6,576,2026-03-14 19:44:40,dine_in,,apple_pay,completed
1010811,16,,2026-03-14 19:45:33,takeout,,credit_card,completed
1010812,19,966,2026-03-14 19:51:55,delivery,,credit_card,completed
1010813,13,391,2026-03-14 19:52:45,takeout,,credit_card,completed
1010814,19,,2026-03-14 19:53:10,takeout,,credit_card,completed
1010815,3,,2026-03-14 19:56:10,delivery,,debit_card,completed
1010816,4,,2026-03-14 19:57:20,takeout,,debit_card,completed
1010817,7,506,2026-03-14 19:58:15,dine_in,,credit_card,completed
1010818,10,339,2026-03-14 19:59:33,drive_thru,,credit_card,completed
1010819,17,1612,2026-03-14 20:05:57,dine_in,,credit_card,completed
1010820,10,2387,2026-03-14 20:08:21,takeout,,debit_card,completed
1010821,5,1666,2026-03-14 20:08:34,drive_thru,,credit_card,completed
1010822,15,,2026-03-14 20:09:17,dine_in,,credit_card,completed
1010823,15,514,2026-03-14 20:23:22,dine_in,,credit_card,completed
1010824,3,1085,2026-03-14 20:25:09,dine_in,,credit_card,completed
1010825,11,686,2026-03-14 20:25:43,drive_thru,,cash,completed
1010826,8,1018,2026-03-14 20:29:42,dine_in,,credit_card,completed
1010827,18,259,2026-03-14 20:43:17,dine_in,,debit_card,completed
1010828,5,1591,2026-03-14 20:58:32,delivery,,apple_pay,completed
1010829,3,1235,2026-03-14 21:07:31,dine_in,,gift_card,completed
1010830,3,210,2026-03-14 21:09:09,takeout,,credit_card,completed
1010831,8,,2026-03-14 21:19:32,delivery,,credit_card,completed
1010832,19,2336,2026-03-14 21:47:04,drive_thru,,credit_card,completed
1010833,3,744,2026-03-14 21:50:41,dine_in,,credit_card,completed
1010834,17,2313,2026-03-15 10:34:34,takeout,,cash,completed
1010835,15,,2026-03-15 10:47:39,dine_in,,credit_card,completed
1010836,16,1635,2026-03-15 10:54:37,takeout,,debit_card,completed
1010837,6,1874,2026-03-15 10:55:18,dine_in,,debit_card,completed
1010838,19,1724,2026-03-15 10:59:54,delivery,,credit_card,completed
1010839,3,,2026-03-15 11:08:09,delivery,,debit_card,completed
1010840,13,1109,2026-03-15 11:09:09,dine_in,,credit_card,completed
1010841,12,1270,2026-03-15 11:23:33,,,credit_card,completed
1010842,3,,2026-03-15 11:35:12,dine_in,,apple_pay,completed
1010843,10,,2026-03-15 11:37:36,drive_thru,,debit_card,completed
1010844,2,1021,2026-03-15 11:40:29,dine_in,,credit_card,completed
1010845,14,,2026-03-15 11:40:44,drive_thru,,credit_card,completed
1010846,10,,2026-03-15 11:42:16,delivery,,credit_card,completed
1010847,9,,2026-03-15 11:43:40,delivery,,apple_pay,completed
1010848,6,310,2026-03-15 11:45:55,takeout,,apple_pay,completed
1010849,18,1893,2026-03-15 11:47:22,drive_thru,,credit_card,completed
1010850,1,2209,2026-03-15 11:47:37,dine_in,,credit_card,cancelled
1010851,18,,2026-03-15 11:48:40,dine_in,,apple_pay,completed
1010852,4,1524,2026-03-15 11:49:44,drive_thru,,credit_card,completed
1010853,3,1169,2026-03-15 11:50:29,takeout,,credit_card,completed
1010854,10,2461,2026-03-15 11:53:05,takeout,,credit_card,completed
1010855,16,1517,2026-03-15 12:02:06,takeout,,credit_card,completed
1010856,15,875,2026-03-15 12:04:21,drive_thru,,apple_pay,completed
1010857,2,168,2026-03-15 12:07:40,dine_in,,credit_card,completed
1010858,14,72,2026-03-15 12:07:45,takeout,,apple_pay,completed
1010859,13,,2026-03-15 12:09:46,dine_in,,debit_card,completed
1010860,3,248,2026-03-15 12:11:18,takeout,,cash,completed
1010861,17,1612,2026-03-15 12:12:10,delivery,,credit_card,completed
1010862,5,1648,2026-03-15 12:17:13,dine_in,,credit_card,completed
1010863,9,1338,2026-03-15 12:17:53,dine_in,,credit_card,completed
1010864,15,2268,2026-03-15 12:21:25,drive_thru,,credit_card,completed
1010865,12,504,2026-03-15 12:22:14,delivery,,credit_card,completed
1010866,15,,2026-03-15 12:22:58,drive_thru,,debit_card,completed
1010867,19,,2026-03-15 12:23:15,dine_in,,apple_pay,completed
1010868,3,,2026-03-15 12:26:04,dine_in,,credit_card,completed
1010869,15,1953,2026-03-15 12:26:54,dine_in,,gift_card,completed
1010870,10,2284,2026-03-15 12:27:52,drive_thru,,credit_card,completed
1010871,2,109,2026-03-15 12:28:06,takeout,,debit_card,completed
1010872,14,1657,2026-03-15 12:29:20,delivery,,credit_card,completed
1010873,9,689,2026-03-15 12:29:37,takeout,,debit_card,completed
1010874,14,,2026-03-15 12:31:20,drive_thru,,debit_card,completed
1010875,18,1399,2026-03-15 12:36:41,dine_in,,credit_card,completed
1010876,14,67,2026-03-15 12:37:16,dine_in,,credit_card,completed
1010877,6,,2026-03-15 12:37:52,takeout,,apple_pay,completed
1010878,7,,2026-03-15 12:39:03,takeout,,credit_card,cancelled
1010879,19,1266,2026-03-15 12:42:10,dine_in,,gift_card,completed
1010880,15,639,2026-03-15 12:44:43,takeout,,credit_card,completed
1010881,10,628,2026-03-15 12:45:06,takeout,,debit_card,completed
1010882,3,,2026-03-15 12:51:49,delivery,,debit_card,completed
1010883,17,1103,2026-03-15 12:56:32,delivery,,apple_pay,completed
1010884,6,1989,2026-03-15 12:58:02,dine_in,,credit_card,completed
1010885,7,1567,2026-03-15 12:59:07,takeout,,credit_card,completed
1010886,10,1013,2026-03-15 12:59:25,drive_thru,,credit_card,completed
1010887,10,,2026-03-15 13:00:31,delivery,,credit_card,completed
1010888,15,891,2026-03-15 13:01:58,delivery,,credit_card,completed
1010889,6,800,2026-03-15 13:02:25,takeout,,apple_pay,completed
1010890,3,,2026-03-15 13:02:44,takeout,,credit_card,completed
1010891,19,738,2026-03-15 13:03:42,dine_in,,debit_card,completed
1010892,17,,2026-03-15 13:04:34,takeout,,credit_card,completed
1010893,11,,2026-03-15 13:06:41,dine_in,,apple_pay,completed
1010894,1,2098,2026-03-15 13:08:08,takeout,,debit_card,cancelled
1010895,6,1309,2026-03-15 13:11:25,dine_in,,credit_card,completed
1010896,7,,2026-03-15 13:12:05,dine_in,,debit_card,completed
1010897,19,,2026-03-15 13:14:15,takeout,,cash,completed
1010898,19,610,2026-03-15 13:17:06,dine_in,,credit_card,completed
1010899,19,,2026-03-15 13:17:45,dine_in,,debit_card,completed
1010900,7,,2026-03-15 13:18:24,takeout,,credit_card,completed
1010901,8,,2026-03-15 13:25:56,dine_in,,apple_pay,completed
1010902,13,,2026-03-15 13:27:30,dine_in,,apple_pay,completed
1010903,10,1013,2026-03-15 13:32:55,takeout,,cash,completed
1010904,19,199,2026-03-15 13:33:57,dine_in,,apple_pay,completed
1010905,16,,2026-03-15 13:37:04,delivery,,credit_card,completed
1010906,17,2465,2026-03-15 13:51:24,takeout,,cash,completed
1010907,11,913,2026-03-15 14:20:57,drive_thru,,debit_card,completed
1010908,2,,2026-03-15 14:43:41,takeout,,cash,completed
1010909,5,,2026-03-15 15:01:26,drive_thru,,credit_card,completed
1010910,18,414,2026-03-15 15:17:29,takeout,,credit_card,completed
1010911,10,,2026-03-15 15:49:17,dine_in,,debit_card,completed
1010912,11,,2026-03-15 16:44:36,takeout,,credit_card,completed
1010913,9,,2026-03-15 17:51:45,dine_in,,apple_pay,completed
1010914,14,1784,2026-03-15 17:52:53,dine_in,,credit_card,completed
1010915,7,257,2026-03-15 17:54:55,dine_in,,credit_card,completed
1010916,5,,2026-03-15 17:58:25,takeout,,credit_card,completed
1010917,5,2354,2026-03-15 18:04:35,drive_thru,,credit_card,completed
1010918,19,586,2026-03-15 18:09:51,delivery,,credit_card,cancelled
1010919,6,2003,2026-03-15 18:10:29,delivery,,debit_card,completed
1010920,9,1626,2026-03-15 18:11:28,drive_thru,,debit_card,completed
1010921,5,751,2026-03-15 18:15:42,dine_in,,apple_pay,completed
1010922,6,2305,2026-03-15 18:17:42,drive_thru,,credit_card,completed
1010923,19,,2026-03-15 18:21:27,drive_thru,,cash,completed
1010924,7,,2026-03-15 18:28:10,delivery,,credit_card,cancelled
1010925,19,1498,2026-03-15 18:29:02,delivery,,credit_card,completed
1010926,12,1953,2026-03-15 18:30:29,takeout,,cash,completed
1010927,14,2173,2026-03-15 18:33:24,drive_thru,,credit_card,completed
1010928,3,1892,2026-03-15 18:33:36,dine_in,,apple_pay,completed
1010929,11,,2026-03-15 18:37:11,takeout,,apple_pay,completed
1010930,5,2002,2026-03-15 18:39:49,dine_in,,credit_card,completed
1010931,2,1783,2026-03-15 18:45:23,takeout,,credit_card,completed
1010932,1,515,2026-03-15 18:46:09,delivery,,credit_card,completed
1010933,14,,2026-03-15 18:49:25,drive_thru,,apple_pay,completed
1010934,5,1415,2026-03-15 18:50:13,drive_thru,,apple_pay,completed
1010935,8,2312,2026-03-15 18:52:24,dine_in,,credit_card,completed
1010936,14,,2026-03-15 18:53:10,dine_in,,debit_card,completed
1010937,2,,2026-03-15 18:54:56,dine_in,,cash,completed
1010938,8,1360,2026-03-15 18:58:02,takeout,,credit_card,completed
1010939,16,,2026-03-15 19:00:01,takeout,,apple_pay,completed
1010940,13,,2026-03-15 19:01:02,takeout,,credit_card,completed
1010941,13,2023,2026-03-15 19:01:33,dine_in,,debit_card,completed
1010942,11,2350,2026-03-15 19:02:02,dine_in,,debit_card,completed
1010943,2,393,2026-03-15 19:02:24,takeout,,debit_card,completed
1010944,17,,2026-03-15 19:02:34,delivery,,apple_pay,completed
1010945,19,,2026-03-15 19:02:52,dine_in,,cash,completed
1010946,7,,2026-03-15 19:05:19,dine_in,,credit_card,completed
1010947,4,,2026-03-15 19:05:55,delivery,,credit_card,completed
1010948,3,,2026-03-15 19:06:16,delivery,,credit_card,completed
1010949,19,204,2026-03-15 19:06:27,drive_thru,,cash,completed
1010950,15,,2026-03-15 19:06:34,drive_thru,,debit_card,completed
1010951,12,1885,2026-03-15 19:06:52,takeout,,debit_card,completed
1010952,11,1486,2026-03-15 19:08:26,drive_thru,,cash,completed
1010953,2,1596,2026-03-15 19:08:52,delivery,,credit_card,completed
1010954,14,2086,2026-03-15 19:08:52,dine_in,,credit_card,completed
1010955,14,1614,2026-03-15 19:10:42,delivery,,debit_card,completed
1010956,19,448,2026-03-15 19:11:07,takeout,,cash,completed
1010957,16,769,2026-03-15 19:13:03,dine_in,,gift_card,completed
1010958,6,573,2026-03-15 19:17:25,dine_in,,credit_card,completed
1010959,11,2220,2026-03-15 19:19:42,dine_in,,debit_card,completed
1010960,12,1293,2026-03-15 19:22:21,delivery,,credit_card,completed
1010961,19,,2026-03-15 19:25:27,takeout,,apple_pay,completed
1010962,10,1685,2026-03-15 19:28:35,delivery,,apple_pay,completed
1010963,7,,2026-03-15 19:30:58,takeout,,credit_card,completed
1010964,4,1164,2026-03-15 19:33:31,drive_thru,,apple_pay,completed
1010965,1,1137,2026-03-15 19:33:33,takeout,,debit_card,completed
1010966,16,693,2026-03-15 19:34:32,dine_in,,credit_card,completed
1010967,6,,2026-03-15 19:34:40,drive_thru,,cash,completed
1010968,1,1025,2026-03-15 19:36:11,delivery,,debit_card,completed
1010969,7,2013,2026-03-15 19:38:38,,,credit_card,completed
1010970,3,71,2026-03-15 19:48:44,takeout,,apple_pay,completed
1010971,11,2394,2026-03-15 19:49:19,drive_thru,,cash,completed
1010972,1,2276,2026-03-15 19:53:58,delivery,,apple_pay,refunded
1010973,16,,2026-03-15 19:56:14,takeout,,credit_card,completed
1010974,9,2188,2026-03-15 19:56:42,delivery,,debit_card,completed
1010975,16,60,2026-03-15 19:58:37,dine_in,,credit_card,completed
1010976,6,510,2026-03-15 20:03:18,dine_in,,debit_card,completed
1010977,17,327,2026-03-15 20:04:33,dine_in,,cash,completed
1010978,5,,2026-03-15 20:05:15,drive_thru,,debit_card,completed
1010979,19,,2026-03-15 20:06:09,delivery,,credit_card,completed
1010980,1,,2026-03-15 20:13:14,takeout,,credit_card,completed
1010981,12,227,2026-03-15 20:14:43,delivery,,debit_card,completed
1010982,1,151,2026-03-15 20:18:57,takeout,,credit_card,refunded
1010983,9,,2026-03-15 20:22:39,dine_in,,credit_card,completed
1010984,4,246,2026-03-15 20:26:28,dine_in,,credit_card,completed
1010985,8,1050,2026-03-15 20:31:41,dine_in,,credit_card,completed
1010986,8,1151,2026-03-15 20:59:27,takeout,,gift_card,completed
1010987,19,,2026-03-15 21:11:51,dine_in,,cash,completed
1010988,9,217,2026-03-15 21:15:10,dine_in,,apple_pay,completed
1010989,2,2109,2026-03-15 21:52:41,dine_in,,debit_card,completed
1010990,15,1283,2026-03-15 21:52:44,drive_thru,,credit_card,refunded
1010991,2,1351,2026-03-15 21:59:28,,,apple_pay,completed
1010992,2,2244,2026-03-16 11:12:12,takeout,,debit_card,completed
1010993,8,2008,2026-03-16 11:16:27,takeout,,credit_card,completed
1010994,1,,2026-03-16 11:17:14,takeout,,apple_pay,completed
1010995,19,668,2026-03-16 11:23:04,drive_thru,,credit_card,completed
1010996,9,1886,2026-03-16 11:31:30,takeout,,gift_card,completed
1010997,14,374,2026-03-16 11:39:52,dine_in,,credit_card,completed
1010998,9,1730,2026-03-16 11:40:32,dine_in,,credit_card,completed
1010999,6,1226,2026-03-16 11:41:46,delivery,,credit_card,completed
1011000,14,374,2026-03-16 11:49:43,takeout,,credit_card,completed
1011001,4,2321,2026-03-16 11:53:06,takeout,,credit_card,completed
1011002,12,2289,2026-03-16 11:59:57,takeout,,debit_card,completed
1011003,8,2348,2026-03-16 12:02:11,dine_in,,cash,completed
1011004,10,418,2026-03-16 12:08:16,dine_in,,cash,completed
1011005,12,807,2026-03-16 12:08:29,dine_in,,debit_card,completed
1011006,14,2415,2026-03-16 12:11:06,delivery,,credit_card,completed
1011007,10,1550,2026-03-16 12:12:04,dine_in,,credit_card,completed
1011008,16,,2026-03-16 12:13:08,takeout,,credit_card,completed
1011009,14,844,2026-03-16 12:13:21,drive_thru,,apple_pay,completed
1011010,8,,2026-03-16 12:13:59,dine_in,,cash,completed
1011011,8,,2026-03-16 12:15:26,dine_in,,credit_card,completed
1011012,4,1176,2026-03-16 12:19:45,takeout,,credit_card,completed
1011013,12,38,2026-03-16 12:20:51,dine_in,,credit_card,completed
1011014,12,1915,2026-03-16 12:26:44,dine_in,,cash,completed
1011015,1,156,2026-03-16 12:27:38,dine_in,,credit_card,completed
1011016,6,,2026-03-16 12:31:10,delivery,,credit_card,completed
1011017,2,,2026-03-16 12:33:03,takeout,,credit_card,completed
1011018,11,550,2026-03-16 12:34:25,takeout,,cash,completed
1011019,4,2458,2026-03-16 12:40:32,dine_in,,credit_card,completed
1011020,17,1123,2026-03-16 12:45:01,dine_in,,credit_card,completed
1011021,6,2221,2026-03-16 12:45:25,dine_in,,credit_card,completed
1011022,19,,2026-03-16 12:48:41,delivery,,credit_card,completed
1011023,8,256,2026-03-16 12:52:54,dine_in,,debit_card,completed
1011024,16,,2026-03-16 12:54:31,takeout,,cash,completed
1011025,6,1763,2026-03-16 12:56:09,drive_thru,,debit_card,completed
1011026,6,2142,2026-03-16 12:56:51,drive_thru,,apple_pay,completed
1011027,19,411,2026-03-16 13:01:28,delivery,,credit_card,completed
1011028,11,2350,2026-03-16 13:09:15,delivery,,credit_card,completed
1011029,12,,2026-03-16 13:11:12,dine_in,,apple_pay,completed
1011030,3,785,2026-03-16 13:14:46,takeout,,apple_pay,completed
1011031,1,570,2026-03-16 13:19:33,delivery,,credit_card,completed
1011032,3,1200,2026-03-16 13:26:39,dine_in,,credit_card,completed
1011033,12,2186,2026-03-16 13:41:29,takeout,,gift_card,completed
1011034,6,,2026-03-16 13:55:00,dine_in,,credit_card,completed
1011035,19,117,2026-03-16 13:58:06,delivery,,credit_card,completed
1011036,13,,2026-03-16 14:12:47,dine_in,,debit_card,completed
1011037,18,,2026-03-16 14:26:44,dine_in,,credit_card,completed
1011038,4,1524,2026-03-16 14:34:55,delivery,,gift_card,completed
1011039,8,2240,2026-03-16 14:52:13,delivery,,gift_card,completed
1011040,9,2202,2026-03-16 15:09:41,delivery,,debit_card,completed
1011041,15,2210,2026-03-16 15:26:39,dine_in,,debit_card,completed
1011042,6,721,2026-03-16 15:54:28,dine_in,,cash,completed
1011043,18,,2026-03-16 16:22:51,drive_thru,,credit_card,completed
1011044,17,1079,2026-03-16 16:36:13,delivery,,credit_card,completed
1011045,14,1184,2026-03-16 17:07:21,dine_in,,credit_card,completed
1011046,12,1652,2026-03-16 17:29:19,takeout,,credit_card,completed
1011047,10,2012,2026-03-16 17:42:55,dine_in,,credit_card,completed
1011048,2,,2026-03-16 17:45:26,dine_in,,credit_card,completed
1011049,12,1885,2026-03-16 17:47:47,takeout,,debit_card,completed
1011050,18,2145,2026-03-16 17:52:44,drive_thru,,gift_card,completed
1011051,1,465,2026-03-16 17:57:39,dine_in,,credit_card,completed
1011052,2,,2026-03-16 17:59:40,dine_in,,apple_pay,completed
1011053,11,1346,2026-03-16 18:01:54,dine_in,,credit_card,completed
1011054,7,2108,2026-03-16 18:05:53,delivery,,credit_card,completed
1011055,10,734,2026-03-16 18:10:35,dine_in,,debit_card,completed
1011056,8,,2026-03-16 18:13:22,takeout,,credit_card,completed
1011057,18,1694,2026-03-16 18:17:09,delivery,,debit_card,completed
1011058,5,,2026-03-16 18:18:21,takeout,,credit_card,completed
1011059,1,2110,2026-03-16 18:19:58,delivery,,apple_pay,completed
1011060,19,1266,2026-03-16 18:22:26,drive_thru,,credit_card,completed
1011061,13,,2026-03-16 18:23:17,delivery,,apple_pay,completed
1011062,9,,2026-03-16 18:28:55,takeout,,credit_card,refunded
1011063,11,,2026-03-16 18:30:00,dine_in,,debit_card,completed
1011064,12,,2026-03-16 18:31:07,takeout,,credit_card,completed
1011065,6,487,2026-03-16 18:35:52,drive_thru,,credit_card,completed
1011066,12,2210,2026-03-16 18:37:56,takeout,,cash,completed
1011067,15,,03/16/2026 18:42,dine_in,,apple_pay,completed
1011068,13,1726,2026-03-16 18:43:33,delivery,,debit_card,completed
1011069,11,670,2026-03-16 18:43:41,takeout,,debit_card,completed
1011070,19,,2026-03-16 18:44:46,takeout,,debit_card,completed
1011071,5,1077,2026-03-16 18:47:22,delivery,,apple_pay,completed
1011072,15,,2026-03-16 18:48:14,drive_thru,,cash,completed
1011073,5,19,2026-03-16 18:48:23,delivery,,debit_card,completed
1011074,2,965,2026-03-16 18:48:29,delivery,,credit_card,completed
1011075,4,1165,2026-03-16 18:49:00,drive_thru,,debit_card,completed
1011076,13,,2026-03-16 18:52:30,delivery,,credit_card,completed
1011077,4,2308,2026-03-16 18:58:05,takeout,,apple_pay,refunded
1011078,4,64,2026-03-16 19:00:56,drive_thru,,cash,completed
1011079,9,969,2026-03-16 19:02:34,drive_thru,,apple_pay,completed
1011080,7,,2026-03-16 19:09:53,dine_in,,debit_card,completed
1011081,14,654,2026-03-16 19:11:02,drive_thru,,credit_card,completed
1011082,19,320,2026-03-16 19:15:48,delivery,,credit_card,completed
1011083,4,155,2026-03-16 19:16:09,drive_thru,,credit_card,completed
1011084,17,1123,2026-03-16 19:21:03,dine_in,,cash,completed
1011085,4,,2026-03-16 19:35:53,takeout,,debit_card,completed
1011086,16,131,2026-03-16 19:36:11,delivery,,gift_card,completed
1011087,16,1083,2026-03-16 19:39:26,dine_in,,debit_card,completed
1011088,8,670,2026-03-16 19:41:37,takeout,,debit_card,completed
1011089,2,1382,2026-03-16 19:42:27,dine_in,,credit_card,completed
1011090,12,2020,2026-03-16 19:44:15,delivery,,credit_card,completed
1011091,13,,2026-03-16 19:47:10,takeout,,debit_card,completed
1011092,18,,2026-03-16 19:51:39,dine_in,,credit_card,refunded
1011093,9,2027,2026-03-16 19:53:09,delivery,,debit_card,completed
1011094,6,2275,2026-03-16 19:56:18,dine_in,,credit_card,completed
1011095,2,,2026-03-16 20:02:20,takeout,,apple_pay,completed
1011096,13,,2026-03-16 20:04:01,dine_in,,credit_card,completed
1011097,10,,03/16/2026 20:06,delivery,,credit_card,completed
1011098,10,1903,2026-03-16 20:09:59,dine_in,,credit_card,completed
1011099,16,,2026-03-16 20:11:50,dine_in,,credit_card,completed
1011100,6,1776,2026-03-16 20:11:58,drive_thru,,credit_card,completed
1011101,6,,2026-03-16 20:24:59,delivery,,credit_card,completed
1011102,1,748,2026-03-16 20:47:40,takeout,,apple_pay,completed
1011103,2,1687,2026-03-16 21:41:58,takeout,,credit_card,completed
1011104,12,177,2026-03-16 21:49:35,dine_in,,apple_pay,completed
1011105,16,1587,2026-03-16 21:57:11,dine_in,,credit_card,completed
1011106,16,,2026-03-17 10:39:02,takeout,TACOBOGO,gift_card,completed
1011107,7,581,2026-03-17 10:50:53,dine_in,,debit_card,completed
1011108,14,,2026-03-17 11:02:26,takeout,,credit_card,completed
1011109,16,970,2026-03-17 11:05:19,delivery,TACOBOGO,credit_card,completed
1011110,1,1709,2026-03-17 11:10:59,dine_in,TACOBOGO,debit_card,completed
1011111,10,,2026-03-17 11:24:01,takeout,TACOBOGO,gift_card,completed
1011112,8,228,2026-03-17 11:29:38,takeout,,debit_card,completed
1011113,9,,2026-03-17 11:29:38,dine_in,,gift_card,completed
1011114,10,,2026-03-17 11:29:56,dine_in,TACOBOGO,credit_card,completed
1011115,10,,2026-03-17 11:33:52,drive_thru,TACOBOGO,credit_card,completed
1011116,17,,2026-03-17 11:35:56,takeout,TACOBOGO,credit_card,completed
1011117,15,1191,2026-03-17 11:37:18,takeout,,credit_card,completed
1011118,1,8,2026-03-17 11:39:41,takeout,,gift_card,completed
1011119,8,,2026-03-17 11:39:48,takeout,,debit_card,completed
1011120,14,,2026-03-17 11:46:49,drive_thru,,credit_card,completed
1011121,6,,2026-03-17 11:48:43,delivery,,credit_card,completed
1011122,11,2440,2026-03-17 11:51:41,dine_in,TACOBOGO,credit_card,completed
1011123,2,2443,2026-03-17 11:56:00,takeout,TACOBOGO,apple_pay,completed
1011124,3,,2026-03-17 11:57:21,dine_in,TACOBOGO,apple_pay,completed
1011125,12,,2026-03-17 11:57:32,takeout,TACOBOGO,debit_card,completed
1011126,10,,2026-03-17 11:59:36,takeout,,debit_card,completed
1011127,6,,2026-03-17 12:02:37,drive_thru,,cash,completed
1011128,6,180,2026-03-17 12:02:51,takeout,,cash,completed
1011129,4,2321,2026-03-17 12:02:58,drive_thru,TACOBOGO,gift_card,completed
1011130,6,1604,2026-03-17 12:05:15,takeout,,credit_card,completed
1011131,9,1171,2026-03-17 12:07:27,takeout,,debit_card,completed
1011132,11,,2026-03-17 12:09:05,takeout,,credit_card,completed
1011133,9,2288,2026-03-17 12:10:32,drive_thru,TACOBOGO,credit_card,completed
1011134,4,747,2026-03-17 12:10:56,,TACOBOGO,apple_pay,completed
1011135,16,,2026-03-17 12:11:53,dine_in,,debit_card,completed
1011136,7,2295,2026-03-17 12:13:53,takeout,,apple_pay,completed
1011137,15,2210,2026-03-17 12:15:16,dine_in,,credit_card,completed
1011138,1,,2026-03-17 12:15:39,takeout,,credit_card,completed
1011139,12,,2026-03-17 12:16:06,takeout,TACOBOGO,credit_card,completed
1011140,9,,2026-03-17 12:16:53,drive_thru,TACOBOGO,credit_card,completed
1011141,16,2161,2026-03-17 12:18:18,dine_in,,debit_card,completed
1011142,11,2287,2026-03-17 12:18:47,takeout,,debit_card,completed
1011143,10,,2026-03-17 12:19:40,delivery,,credit_card,completed
1011144,1,845,2026-03-17 12:22:21,delivery,TACOBOGO,credit_card,completed
1011145,13,811,2026-03-17 12:23:05,delivery,TACOBOGO,apple_pay,completed
1011146,7,2201,2026-03-17 12:24:30,dine_in,TACOBOGO,credit_card,completed
1011147,16,1517,2026-03-17 12:26:05,delivery,TACOBOGO,debit_card,completed
1011148,7,526,2026-03-17 12:28:39,takeout,TACOBOGO,credit_card,completed
1011149,16,,2026-03-17 12:29:40,dine_in,,debit_card,completed
1011150,9,1870,2026-03-17 12:30:30,drive_thru,,credit_card,completed
1011151,4,537,2026-03-17 12:30:50,drive_thru,,apple_pay,completed
1011152,5,172,2026-03-17 12:31:46,delivery,TACOBOGO,credit_card,completed
1011153,19,1566,2026-03-17 12:32:00,dine_in,,gift_card,completed
1011154,19,1573,2026-03-17 12:32:41,delivery,TACOBOGO,credit_card,completed
1011155,17,1689,2026-03-17 12:33:50,delivery,TACOBOGO,credit_card,completed
1011156,12,1598,2026-03-17 12:36:31,dine_in,,apple_pay,completed
1011157,13,514,2026-03-17 12:37:21,delivery,TACOBOGO,debit_card,completed
1011158,14,,2026-03-17 12:37:31,takeout,TACOBOGO,credit_card,completed
1011159,10,,2026-03-17 12:38:15,delivery,,credit_card,completed
1011160,14,98,2026-03-17 12:38:37,dine_in,TACOBOGO,credit_card,completed
1011161,19,,2026-03-17 12:39:20,dine_in,,credit_card,completed
1011162,14,2316,2026-03-17 12:40:07,drive_thru,,debit_card,completed
1011163,3,,2026-03-17 12:40:15,dine_in,,apple_pay,completed
1011164,5,873,2026-03-17 12:41:02,dine_in,TACOBOGO,debit_card,completed
1011165,1,,2026-03-17 12:43:05,dine_in,,credit_card,completed
1011166,5,2080,2026-03-17 12:44:44,drive_thru,TACOBOGO,apple_pay,completed
1011167,5,468,2026-03-17 12:45:21,dine_in,TACOBOGO,credit_card,completed
1011168,7,13,2026-03-17 12:46:37,takeout,,credit_card,completed
1011169,13,1120,2026-03-17 12:48:01,dine_in,,credit_card,completed
1011170,8,266,2026-03-17 12:48:16,takeout,,apple_pay,completed
1011171,10,2243,2026-03-17 12:49:17,dine_in,TACOBOGO,credit_card,completed
1011172,18,2147,2026-03-17 12:49:28,delivery,TACOBOGO,debit_card,completed
1011173,12,,2026-03-17 12:49:56,takeout,,apple_pay,completed
1011174,4,95,03/17/2026 12:52,dine_in,,apple_pay,cancelled
1011175,13,,2026-03-17 12:52:29,dine_in,,cash,completed
1011176,18,,2026-03-17 12:52:43,delivery,,apple_pay,completed
1011177,13,1481,2026-03-17 12:54:39,dine_in,TACOBOGO,debit_card,completed
1011178,15,2372,2026-03-17 12:56:42,takeout,,credit_card,completed
1011179,19,1581,2026-03-17 12:58:54,delivery,,debit_card,completed
1011180,14,2228,2026-03-17 13:01:12,delivery,TACOBOGO,credit_card,completed
1011181,13,41,2026-03-17 13:01:24,dine_in,TACOBOGO,apple_pay,completed
1011182,8,104,2026-03-17 13:02:00,dine_in,,credit_card,completed
1011183,19,117,2026-03-17 13:02:08,dine_in,,gift_card,completed
1011184,19,1041,2026-03-17 13:02:41,dine_in,TACOBOGO,credit_card,completed
1011185,10,,2026-03-17 13:07:26,delivery,,credit_card,completed
1011186,14,,2026-03-17 13:08:28,takeout,TACOBOGO,credit_card,completed
1011187,2,32,2026-03-17 13:08:43,dine_in,TACOBOGO,credit_card,completed
1011188,12,870,2026-03-17 13:09:38,dine_in,,debit_card,completed
1011189,13,1782,2026-03-17 13:11:01,delivery,,credit_card,completed
1011190,11,476,2026-03-17 13:12:48,takeout,,apple_pay,completed
1011191,2,2222,2026-03-17 13:17:02,,,credit_card,completed
1011192,16,1485,2026-03-17 13:17:40,dine_in,,credit_card,completed
1011193,17,1979,2026-03-17 13:18:41,takeout,TACOBOGO,credit_card,completed
1011194,17,,2026-03-17 13:18:59,delivery,TACOBOGO,credit_card,completed
1011195,19,2158,2026-03-17 13:23:40,delivery,,credit_card,refunded
1011196,19,,2026-03-17 13:23:47,delivery,,credit_card,completed
1011197,5,1334,2026-03-17 13:24:12,delivery,,credit_card,completed
1011198,16,,2026-03-17 13:34:53,dine_in,TACOBOGO,apple_pay,completed
1011199,18,,2026-03-17 13:35:34,takeout,TACOBOGO,cash,completed
1011200,8,,2026-03-17 13:38:10,takeout,TACOBOGO,apple_pay,completed
1011201,1,,2026-03-17 13:48:32,takeout,TACOBOGO,credit_card,completed
1011202,4,,2026-03-17 14:12:07,dine_in,,gift_card,completed
1011203,7,2071,2026-03-17 14:15:06,dine_in,,cash,completed
1011204,13,41,2026-03-17 14:24:24,dine_in,,credit_card,completed
1011205,17,1259,2026-03-17 14:58:47,dine_in,TACOBOGO,debit_card,completed
1011206,2,1770,03/17/2026 15:11,takeout,TACOBOGO,credit_card,completed
1011207,7,,2026-03-17 15:35:57,takeout,,gift_card,completed
1011208,3,1993,2026-03-17 15:38:28,dine_in,TACOBOGO,gift_card,completed
1011209,6,,2026-03-17 15:43:38,delivery,,credit_card,completed
1011210,12,,2026-03-17 15:48:20,takeout,TACOBOGO,gift_card,completed
1011211,13,,2026-03-17 15:50:13,dine_in,TACOBOGO,credit_card,completed
1011212,9,1568,2026-03-17 15:55:13,drive_thru,TACOBOGO,credit_card,completed
1011213,9,976,2026-03-17 16:47:31,dine_in,TACOBOGO,debit_card,completed
1011214,19,199,2026-03-17 17:08:57,delivery,,debit_card,completed
1011215,8,,2026-03-17 17:12:46,dine_in,TACOBOGO,credit_card,completed
1011216,14,,2026-03-17 17:27:10,delivery,TACOBOGO,apple_pay,completed
1011217,4,771,2026-03-17 17:31:46,dine_in,,cash,completed
1011218,5,2445,2026-03-17 17:31:51,dine_in,TACOBOGO,cash,completed
1011219,9,1338,2026-03-17 17:38:22,drive_thru,,credit_card,completed
1011220,18,809,2026-03-17 17:39:01,delivery,,debit_card,completed
1011221,16,323,2026-03-17 17:46:30,dine_in,TACOBOGO,credit_card,completed
1011222,3,683,2026-03-17 17:47:11,takeout,,debit_card,completed
1011223,14,,2026-03-17 17:49:39,takeout,TACOBOGO,credit_card,completed
1011224,1,95,2026-03-17 17:52:25,delivery,TACOBOGO,credit_card,completed
1011225,19,1573,2026-03-17 17:57:31,takeout,,apple_pay,completed
1011226,19,,2026-03-17 17:58:37,dine_in,TACOBOGO,apple_pay,completed
1011227,17,1143,2026-03-17 18:04:30,takeout,,credit_card,completed
1011228,17,,2026-03-17 18:05:46,delivery,TACOBOGO,credit_card,completed
1011229,4,434,2026-03-17 18:06:40,drive_thru,,credit_card,completed
1011230,10,820,2026-03-17 18:10:20,delivery,,debit_card,completed
1011231,14,2323,2026-03-17 18:13:50,drive_thru,TACOBOGO,credit_card,completed
1011232,17,1650,2026-03-17 18:14:08,dine_in,,debit_card,completed
1011233,2,274,2026-03-17 18:14:23,delivery,TACOBOGO,credit_card,completed
1011234,17,1393,2026-03-17 18:18:21,dine_in,TACOBOGO,credit_card,completed
1011235,7,719,2026-03-17 18:18:31,dine_in,,credit_card,refunded
1011236,10,1196,2026-03-17 18:18:54,dine_in,TACOBOGO,cash,completed
1011237,5,,2026-03-17 18:21:19,dine_in,,debit_card,completed
1011238,18,81,2026-03-17 18:21:41,dine_in,,gift_card,completed
1011239,5,1585,2026-03-17 18:21:56,drive_thru,TACOBOGO,credit_card,completed
1011240,19,1434,2026-03-17 18:25:54,delivery,TACOBOGO,apple_pay,completed
1011241,13,,2026-03-17 18:28:21,takeout,TACOBOGO,cash,completed
1011242,4,,2026-03-17 18:28:43,takeout,,apple_pay,completed
1011243,3,1970,2026-03-17 18:28:57,delivery,TACOBOGO,credit_card,completed
1011244,9,,2026-03-17 18:29:30,drive_thru,,credit_card,completed
1011245,17,1433,2026-03-17 18:29:55,takeout,,gift_card,completed
1011246,17,131,2026-03-17 18:32:11,delivery,,gift_card,completed
1011247,18,856,2026-03-17 18:32:20,takeout,TACOBOGO,debit_card,completed
1011248,10,1901,2026-03-17 18:36:58,dine_in,,debit_card,completed
1011249,11,,03/17/2026 18:37,delivery,,debit_card,completed
1011250,18,,2026-03-17 18:38:10,dine_in,TACOBOGO,credit_card,completed
1011251,4,246,2026-03-17 18:39:04,drive_thru,,apple_pay,completed
1011252,5,2206,2026-03-17 18:39:08,dine_in,TACOBOGO,cash,completed
1011253,8,,2026-03-17 18:39:38,dine_in,TACOBOGO,credit_card,completed
1011254,13,,2026-03-17 18:40:05,dine_in,TACOBOGO,debit_card,completed
1011255,10,,2026-03-17 18:43:18,delivery,TACOBOGO,apple_pay,completed
1011256,2,2177,2026-03-17 18:45:40,takeout,,credit_card,completed
1011257,8,107,2026-03-17 18:45:55,dine_in,,credit_card,cancelled
1011258,8,513,2026-03-17 18:46:19,delivery,TACOBOGO,debit_card,completed
1011259,2,2181,2026-03-17 18:47:47,delivery,,debit_card,completed
1011260,5,1043,2026-03-17 18:49:13,delivery,TACOBOGO,gift_card,completed
1011261,9,,2026-03-17 18:51:10,dine_in,TACOBOGO,credit_card,completed
1011262,7,1707,2026-03-17 18:54:25,takeout,,credit_card,completed
1011263,4,,2026-03-17 18:54:33,dine_in,,cash,completed
1011264,9,,2026-03-17 18:56:09,drive_thru,,cash,completed
1011265,3,2164,2026-03-17 18:56:22,dine_in,TACOBOGO,cash,completed
1011266,9,,2026-03-17 18:56:33,drive_thru,TACOBOGO,credit_card,completed
1011267,13,472,2026-03-17 18:57:55,dine_in,,credit_card,completed
1011268,10,701,2026-03-17 19:00:18,dine_in,TACOBOGO,apple_pay,completed
1011269,9,1381,2026-03-17 19:03:24,drive_thru,TACOBOGO,credit_card,completed
1011270,8,266,2026-03-17 19:03:52,takeout,TACOBOGO,debit_card,completed
1011271,10,2480,2026-03-17 19:04:19,delivery,,credit_card,completed
1011272,7,1767,2026-03-17 19:06:41,dine_in,TACOBOGO,cash,completed
1011273,10,202,2026-03-17 19:09:07,dine_in,,debit_card,completed
1011274,4,1164,2026-03-17 19:11:46,drive_thru,TACOBOGO,debit_card,completed
1011275,10,1903,2026-03-17 19:13:17,dine_in,TACOBOGO,debit_card,completed
1011276,2,897,2026-03-17 19:13:19,dine_in,,credit_card,completed
1011277,12,1943,2026-03-17 19:13:36,takeout,TACOBOGO,debit_card,completed
1011278,11,550,2026-03-17 19:13:39,dine_in,,credit_card,completed
1011279,12,,2026-03-17 19:14:40,takeout,,debit_card,completed
1011280,1,706,2026-03-17 19:15:05,takeout,,credit_card,completed
1011281,2,2169,2026-03-17 19:15:19,dine_in,,credit_card,completed
1011282,2,2213,2026-03-17 19:19:30,dine_in,TACOBOGO,credit_card,completed
1011283,5,1464,2026-03-17 19:19:50,dine_in,,cash,completed
1011284,17,,2026-03-17 19:22:04,delivery,TACOBOGO,credit_card,completed
1011285,8,2061,2026-03-17 19:22:54,delivery,,debit_card,completed
1011286,7,,2026-03-17 19:28:13,takeout,,apple_pay,completed
1011287,13,2431,2026-03-17 19:28:35,delivery,TACOBOGO,credit_card,completed
1011288,6,1195,2026-03-17 19:30:26,drive_thru,,credit_card,completed
1011289,3,79,2026-03-17 19:31:29,dine_in,TACOBOGO,credit_card,completed
1011290,10,1729,2026-03-17 19:31:29,dine_in,TACOBOGO,gift_card,completed
1011291,13,2065,2026-03-17 19:32:25,dine_in,,debit_card,completed
1011292,18,,2026-03-17 19:33:42,drive_thru,TACOBOGO,apple_pay,completed
1011293,14,,2026-03-17 19:35:08,delivery,,credit_card,completed
1011294,11,380,2026-03-17 19:36:03,dine_in,,credit_card,completed
1011295,8,1551,2026-03-17 19:37:50,takeout,TACOBOGO,credit_card,completed
1011296,12,2094,2026-03-17 19:43:27,takeout,,credit_card,completed
1011297,1,746,2026-03-17 19:44:00,dine_in,TACOBOGO,cash,completed
1011298,14,2453,2026-03-17 19:44:51,delivery,TACOBOGO,credit_card,completed
1011299,8,297,2026-03-17 19:46:05,dine_in,,apple_pay,completed
1011300,17,,2026-03-17 19:47:53,dine_in,TACOBOGO,credit_card,completed
1011301,7,2295,2026-03-17 19:51:46,delivery,,gift_card,completed
1011302,1,1224,2026-03-17 19:54:29,takeout,,cash,completed
1011303,18,2147,2026-03-17 19:57:44,drive_thru,,debit_card,completed
1011304,9,1792,2026-03-17 19:58:08,dine_in,,debit_card,completed
1011305,3,599,2026-03-17 20:00:36,dine_in,TACOBOGO,gift_card,completed
1011306,11,964,2026-03-17 20:02:05,drive_thru,TACOBOGO,apple_pay,completed
1011307,9,,2026-03-17 20:03:23,drive_thru,TACOBOGO,credit_card,completed
1011308,14,1505,2026-03-17 20:06:01,drive_thru,,debit_card,completed
1011309,16,,2026-03-17 20:08:47,delivery,,gift_card,cancelled
1011310,17,1103,2026-03-17 20:11:50,dine_in,,cash,completed
1011311,7,2286,2026-03-17 20:12:32,takeout,TACOBOGO,apple_pay,refunded
1011312,7,930,2026-03-17 20:15:35,takeout,,credit_card,completed
1011313,19,2182,2026-03-17 20:15:37,drive_thru,TACOBOGO,credit_card,completed
1011314,8,,2026-03-17 20:17:04,dine_in,,credit_card,completed
1011315,12,617,2026-03-17 20:31:29,dine_in,TACOBOGO,cash,completed
1011316,19,1266,2026-03-17 20:31:52,dine_in,,credit_card,completed
1011317,10,,2026-03-17 20:34:56,drive_thru,,gift_card,completed
1011318,1,2003,2026-03-17 20:43:32,takeout,,credit_card,cancelled
1011319,19,,2026-03-17 20:49:55,dine_in,TACOBOGO,credit_card,completed
1011320,3,1501,2026-03-17 21:32:59,dine_in,TACOBOGO,credit_card,completed
1011321,14,,2026-03-17 21:44:31,drive_thru,TACOBOGO,gift_card,completed
1011322,17,1979,2026-03-18 10:50:18,delivery,,credit_card,completed
1011323,3,1665,2026-03-18 10:59:43,takeout,,apple_pay,completed
1011324,1,1422,2026-03-18 11:08:37,takeout,,debit_card,completed
1011325,11,1779,2026-03-18 11:17:27,dine_in,,credit_card,completed
1011326,12,,2026-03-18 11:29:58,delivery,,apple_pay,completed
1011327,8,,2026-03-18 11:34:14,delivery,,debit_card,completed
1011328,2,1527,2026-03-18 11:38:57,dine_in,,credit_card,completed
1011329,4,1677,2026-03-18 11:41:21,takeout,,apple_pay,completed
1011330,1,,2026-03-18 11:50:35,dine_in,,credit_card,completed
1011331,17,1391,2026-03-18 11:50:39,dine_in,,debit_card,completed
1011332,17,1646,2026-03-18 11:51:42,takeout,,credit_card,completed
1011333,1,755,2026-03-18 11:52:50,delivery,,credit_card,completed
1011334,1,1224,2026-03-18 11:52:55,takeout,,debit_card,completed
1011335,12,115,2026-03-18 12:01:04,dine_in,,credit_card,completed
1011336,19,2487,2026-03-18 12:03:40,drive_thru,,credit_card,completed
1011337,12,445,2026-03-18 12:04:05,dine_in,,credit_card,completed
1011338,9,,2026-03-18 12:09:19,drive_thru,,credit_card,completed
1011339,3,,2026-03-18 12:13:20,takeout,,debit_card,completed
1011340,7,2230,2026-03-18 12:15:07,,,debit_card,completed
1011341,13,566,2026-03-18 12:17:19,takeout,,cash,completed
1011342,19,1537,2026-03-18 12:19:23,delivery,,debit_card,completed
1011343,19,571,2026-03-18 12:19:36,dine_in,,debit_card,completed
1011344,10,302,2026-03-18 12:22:05,drive_thru,,credit_card,completed
1011345,12,,2026-03-18 12:24:11,takeout,,credit_card,completed
1011346,15,,2026-03-18 12:24:32,takeout,,credit_card,completed
1011347,13,2210,2026-03-18 12:26:38,dine_in,,credit_card,completed
1011348,13,991,2026-03-18 12:28:43,dine_in,,apple_pay,completed
1011349,2,,2026-03-18 12:29:36,delivery,,credit_card,completed
1011350,6,1927,2026-03-18 12:31:37,drive_thru,,apple_pay,completed
1011351,15,1191,2026-03-18 12:35:07,takeout,,credit_card,completed
1011352,3,953,2026-03-18 12:37:59,delivery,,apple_pay,completed
1011353,13,1016,2026-03-18 12:38:50,delivery,,credit_card,completed
1011354,11,,2026-03-18 12:39:35,dine_in,,credit_card,completed
1011355,18,2384,2026-03-18 12:43:32,takeout,,apple_pay,completed
1011356,14,1390,2026-03-18 12:45:00,drive_thru,,credit_card,completed
1011357,10,1668,2026-03-18 12:45:47,dine_in,,credit_card,completed
1011358,2,849,2026-03-18 12:45:48,dine_in,,gift_card,completed
1011359,7,969,2026-03-18 12:46:18,dine_in,,cash,completed
1011360,18,1893,2026-03-18 12:46:35,delivery,,credit_card,completed
1011361,15,,2026-03-18 12:49:36,delivery,,credit_card,completed
1011362,9,766,2026-03-18 12:51:55,takeout,,cash,completed
1011363,12,,2026-03-18 12:53:59,takeout,,credit_card,completed
1011364,13,,2026-03-18 12:55:42,dine_in,,debit_card,completed
1011365,5,2495,2026-03-18 12:56:27,takeout,,debit_card,completed
1011366,11,358,2026-03-18 13:01:10,drive_thru,,credit_card,completed
1011367,12,1652,2026-03-18 13:04:41,takeout,,credit_card,completed
1011368,14,2277,2026-03-18 13:07:46,delivery,,debit_card,completed
1011369,14,654,2026-03-18 13:08:04,dine_in,,credit_card,completed
1011370,19,1928,2026-03-18 13:08:15,delivery,,debit_card,completed
1011371,2,1977,2026-03-18 13:10:38,dine_in,,debit_card,completed
1011372,4,1219,2026-03-18 13:14:51,dine_in,,apple_pay,completed
1011373,13,1072,2026-03-18 13:18:10,dine_in,,cash,completed
1011374,6,,2026-03-18 13:20:06,,,cash,completed
1011375,7,,2026-03-18 13:31:08,takeout,,apple_pay,completed
1011376,3,135,2026-03-18 13:45:42,takeout,,debit_card,completed
1011377,18,,2026-03-18 14:03:47,dine_in,,cash,completed
1011378,11,87,2026-03-18 14:24:50,dine_in,,debit_card,completed
1011379,11,904,2026-03-18 14:46:08,takeout,,credit_card,completed
1011380,10,,03/18/2026 14:58,drive_thru,,credit_card,completed
1011381,7,,2026-03-18 15:51:55,delivery,,credit_card,completed
1011382,13,,2026-03-18 16:03:44,takeout,,credit_card,completed
1011383,17,908,2026-03-18 16:13:01,takeout,,cash,completed
1011384,8,,2026-03-18 16:50:44,dine_in,,credit_card,completed
1011385,7,149,2026-03-18 17:06:24,takeout,,cash,completed
1011386,15,,03/18/2026 17:09,drive_thru,,credit_card,completed
1011387,9,,2026-03-18 17:12:17,takeout,,credit_card,completed
1011388,17,242,2026-03-18 17:14:30,takeout,,credit_card,completed
1011389,10,2248,2026-03-18 17:22:55,takeout,,cash,completed
1011390,11,2350,2026-03-18 17:30:39,dine_in,,cash,completed
1011391,11,,2026-03-18 18:12:16,dine_in,,gift_card,completed
1011392,15,412,2026-03-18 18:14:03,drive_thru,,apple_pay,completed
1011393,16,1889,03/18/2026 18:19,dine_in,,cash,completed
1011394,6,,2026-03-18 18:21:46,dine_in,,cash,completed
1011395,4,2378,2026-03-18 18:25:12,dine_in,,credit_card,refunded
1011396,15,140,2026-03-18 18:28:59,takeout,,debit_card,completed
1011397,17,1375,2026-03-18 18:29:25,dine_in,,debit_card,completed
1011398,14,1449,2026-03-18 18:34:47,delivery,,debit_card,completed
1011399,12,,2026-03-18 18:36:58,takeout,,credit_card,completed
1011400,6,,2026-03-18 18:40:47,takeout,,credit_card,completed
1011401,8,2000,2026-03-18 18:47:37,delivery,,debit_card,completed
1011402,6,93,2026-03-18 18:47:52,dine_in,,debit_card,completed
1011403,4,1927,2026-03-18 18:49:02,delivery,,credit_card,completed
1011404,9,1626,2026-03-18 18:50:06,drive_thru,,credit_card,completed
1011405,4,,2026-03-18 18:50:19,drive_thru,,credit_card,completed
1011406,3,2189,2026-03-18 18:50:46,dine_in,,credit_card,completed
1011407,19,,2026-03-18 18:51:33,dine_in,,debit_card,completed
1011408,5,2100,2026-03-18 18:53:54,drive_thru,,credit_card,completed
1011409,17,2496,2026-03-18 18:53:54,dine_in,,apple_pay,completed
1011410,8,,2026-03-18 18:54:57,dine_in,,cash,completed
1011411,16,1579,2026-03-18 19:05:38,dine_in,,cash,completed
1011412,2,1356,2026-03-18 19:08:37,dine_in,,credit_card,completed
1011413,2,829,2026-03-18 19:08:52,takeout,,apple_pay,completed
1011414,10,,2026-03-18 19:10:58,drive_thru,,credit_card,completed
1011415,19,,2026-03-18 19:13:16,drive_thru,,apple_pay,completed
1011416,18,90,2026-03-18 19:19:53,dine_in,,credit_card,completed
1011417,5,79,2026-03-18 19:24:27,drive_thru,,credit_card,completed
1011418,19,1387,03/18/2026 19:32,takeout,,cash,completed
1011419,11,,2026-03-18 19:33:29,takeout,,credit_card,completed
1011420,5,2333,2026-03-18 19:34:43,dine_in,,debit_card,completed
1011421,2,1351,2026-03-18 19:35:45,,,credit_card,completed
1011422,13,1539,2026-03-18 19:37:32,dine_in,,debit_card,completed
1011423,8,,2026-03-18 19:38:31,delivery,,credit_card,completed
1011424,13,1120,2026-03-18 19:42:36,delivery,,credit_card,completed
1011425,13,1120,2026-03-18 19:43:37,dine_in,,debit_card,completed
1011426,2,239,2026-03-18 19:46:32,delivery,,credit_card,completed
1011427,12,,2026-03-18 19:56:39,takeout,,credit_card,completed
1011428,7,,2026-03-18 20:11:11,takeout,,debit_card,completed
1011429,3,,2026-03-18 20:17:37,takeout,,debit_card,completed
1011430,18,876,2026-03-18 20:18:31,takeout,,credit_card,completed
1011431,8,1360,2026-03-18 20:22:36,dine_in,,gift_card,completed
1011432,2,1351,2026-03-18 20:32:24,takeout,,apple_pay,completed
1011433,14,2069,2026-03-18 20:48:12,delivery,,apple_pay,completed
1011434,19,1983,2026-03-18 20:50:19,delivery,,credit_card,completed
1011435,15,1674,2026-03-18 21:22:22,delivery,,credit_card,completed
1011436,13,,2026-03-18 21:29:09,takeout,,credit_card,completed
1011437,19,1966,2026-03-19 10:34:33,takeout,,apple_pay,completed
1011438,3,1087,2026-03-19 11:03:10,dine_in,,credit_card,completed
1011439,16,1474,2026-03-19 11:08:30,takeout,,credit_card,completed
1011440,3,2396,2026-03-19 11:25:29,takeout,,debit_card,completed
1011441,14,,2026-03-19 11:37:42,dine_in,,credit_card,completed
1011442,15,181,2026-03-19 11:39:03,delivery,,gift_card,completed
1011443,15,1727,2026-03-19 11:42:17,takeout,,credit_card,completed
1011444,18,,2026-03-19 11:46:03,drive_thru,,debit_card,completed
1011445,5,808,2026-03-19 11:52:07,dine_in,,debit_card,completed
1011446,8,,2026-03-19 11:53:41,delivery,,apple_pay,completed
1011447,17,,2026-03-19 11:54:13,dine_in,,credit_card,completed
1011448,2,,2026-03-19 11:57:16,dine_in,,credit_card,completed
1011449,17,,2026-03-19 12:00:07,dine_in,,credit_card,completed
1011450,3,282,2026-03-19 12:00:12,takeout,,credit_card,completed
1011451,3,9,2026-03-19 12:01:46,dine_in,,gift_card,completed
1011452,7,,2026-03-19 12:02:16,delivery,,credit_card,completed
1011453,14,195,2026-03-19 12:03:05,takeout,,apple_pay,completed
1011454,14,,2026-03-19 12:03:15,dine_in,,credit_card,completed
1011455,12,,2026-03-19 12:03:57,delivery,,debit_card,completed
1011456,6,,2026-03-19 12:04:43,takeout,,cash,completed
1011457,13,554,2026-03-19 12:07:51,delivery,,credit_card,completed
1011458,9,982,2026-03-19 12:08:20,takeout,,apple_pay,completed
1011459,3,,2026-03-19 12:11:57,dine_in,,credit_card,completed
1011460,5,1177,2026-03-19 12:14:46,dine_in,,debit_card,completed
1011461,3,,2026-03-19 12:15:18,delivery,,debit_card,cancelled
1011462,11,,2026-03-19 12:17:52,drive_thru,,credit_card,completed
1011463,17,1146,2026-03-19 12:18:13,takeout,,debit_card,completed
1011464,19,,2026-03-19 12:20:42,delivery,,credit_card,completed
1011465,6,,2026-03-19 12:20:51,delivery,,debit_card,completed
1011466,7,1707,2026-03-19 12:23:49,dine_in,,credit_card,refunded
1011467,12,1598,2026-03-19 12:26:50,delivery,,credit_card,completed
1011468,11,,2026-03-19 12:27:36,takeout,,cash,completed
1011469,4,1407,2026-03-19 12:29:37,takeout,,credit_card,completed
1011470,19,738,2026-03-19 12:29:43,dine_in,,debit_card,completed
1011471,7,967,2026-03-19 12:31:29,dine_in,,debit_card,completed
1011472,15,,2026-03-19 12:32:31,takeout,,debit_card,completed
1011473,7,1792,2026-03-19 12:32:32,dine_in,,credit_card,completed
1011474,14,,2026-03-19 12:33:13,delivery,,debit_card,completed
1011475,19,1266,2026-03-19 12:33:22,dine_in,,apple_pay,completed
1011476,7,,2026-03-19 12:34:15,takeout,,credit_card,completed
1011477,3,868,2026-03-19 12:35:02,takeout,,credit_card,completed
1011478,2,2494,2026-03-19 12:35:20,delivery,,credit_card,completed
1011479,13,1341,03/19/2026 12:35,takeout,,apple_pay,refunded
1011480,4,835,2026-03-19 12:37:17,drive_thru,,debit_card,completed
1011481,7,2149,2026-03-19 12:39:19,dine_in,,debit_card,completed
1011482,4,,2026-03-19 12:41:49,takeout,,credit_card,completed
1011483,9,1112,2026-03-19 12:43:06,dine_in,,apple_pay,completed
1011484,16,36,2026-03-19 12:46:30,dine_in,,cash,completed
1011485,11,,2026-03-19 12:46:49,delivery,,apple_pay,completed
1011486,19,1378,2026-03-19 12:48:42,drive_thru,,credit_card,completed
1011487,4,,2026-03-19 12:49:07,drive_thru,,credit_card,completed
1011488,15,412,2026-03-19 12:53:37,takeout,,gift_card,completed
1011489,18,694,2026-03-19 12:54:14,delivery,,credit_card,completed
1011490,13,440,2026-03-19 12:54:20,dine_in,,apple_pay,completed
1011491,8,1922,2026-03-19 12:55:34,delivery,,debit_card,completed
1011492,6,2032,2026-03-19 13:01:29,dine_in,,apple_pay,completed
1011493,13,,2026-03-19 13:02:33,dine_in,,cash,completed
1011494,1,535,2026-03-19 13:03:09,dine_in,,debit_card,completed
1011495,14,2316,2026-03-19 13:05:00,dine_in,,credit_card,completed
1011496,12,,2026-03-19 13:06:30,takeout,,credit_card,completed
1011497,19,300,2026-03-19 13:06:34,delivery,,credit_card,completed
1011498,1,791,2026-03-19 13:11:15,dine_in,,credit_card,completed
1011499,16,410,2026-03-19 13:12:41,dine_in,,apple_pay,completed
1011500,3,2314,2026-03-19 13:17:22,dine_in,,credit_card,completed
1011501,10,,2026-03-19 13:17:55,delivery,,credit_card,completed
1011502,6,126,2026-03-19 13:21:43,takeout,,cash,completed
1011503,1,,2026-03-19 13:30:36,takeout,,credit_card,completed
1011504,13,1072,03/19/2026 13:31,dine_in,,debit_card,completed
1011505,5,1464,2026-03-19 13:37:34,dine_in,,gift_card,completed
1011506,2,2132,2026-03-19 13:41:48,dine_in,,credit_card,completed
1011507,17,1389,2026-03-19 13:47:51,takeout,,credit_card,completed
1011508,1,,2026-03-19 14:00:17,delivery,,credit_card,completed
1011509,7,2263,2026-03-19 14:30:04,takeout,,cash,completed
1011510,16,323,2026-03-19 14:42:19,dine_in,,credit_card,completed
1011511,11,2245,2026-03-19 14:43:24,delivery,,apple_pay,completed
1011512,17,,2026-03-19 15:30:57,delivery,,credit_card,completed
1011513,7,,2026-03-19 15:56:35,delivery,,debit_card,completed
1011514,16,693,2026-03-19 16:02:12,takeout,,credit_card,completed
1011515,1,1201,2026-03-19 16:23:49,delivery,,debit_card,completed
1011516,18,1503,2026-03-19 16:28:49,takeout,,apple_pay,completed
1011517,6,2142,2026-03-19 16:36:12,dine_in,,debit_card,completed
1011518,9,664,2026-03-19 16:47:33,drive_thru,,credit_card,completed
1011519,12,240,2026-03-19 16:50:18,delivery,,credit_card,completed
1011520,19,,2026-03-19 17:27:32,delivery,,apple_pay,completed
1011521,3,1085,2026-03-19 17:37:03,takeout,,credit_card,completed
1011522,11,476,2026-03-19 17:38:55,delivery,,apple_pay,completed
1011523,19,1979,2026-03-19 17:41:02,drive_thru,,cash,completed
1011524,8,,2026-03-19 17:43:04,takeout,,credit_card,completed
1011525,3,317,2026-03-19 18:00:58,delivery,,gift_card,completed
1011526,19,,2026-03-19 18:01:59,dine_in,,cash,completed
1011527,10,1454,2026-03-19 18:07:31,drive_thru,,credit_card,completed
1011528,4,252,2026-03-19 18:08:43,delivery,,debit_card,completed
1011529,7,1568,2026-03-19 18:16:51,delivery,,credit_card,completed
1011530,6,,2026-03-19 18:22:19,dine_in,,cash,completed
1011531,16,486,2026-03-19 18:24:46,dine_in,,credit_card,completed
1011532,3,2399,2026-03-19 18:28:40,dine_in,,cash,completed
1011533,9,99,2026-03-19 18:30:12,delivery,,credit_card,completed
1011534,6,1006,2026-03-19 18:31:57,takeout,,debit_card,completed
1011535,14,1184,2026-03-19 18:33:05,drive_thru,,cash,completed
1011536,1,,2026-03-19 18:33:38,takeout,,debit_card,completed
1011537,6,,2026-03-19 18:34:02,takeout,,apple_pay,completed
1011538,15,318,2026-03-19 18:35:22,delivery,,apple_pay,completed
1011539,18,970,2026-03-19 18:36:11,takeout,,debit_card,completed
1011540,12,225,2026-03-19 18:36:40,dine_in,,debit_card,completed
1011541,9,957,2026-03-19 18:38:29,dine_in,,credit_card,completed
1011542,13,1072,2026-03-19 18:41:08,dine_in,,apple_pay,completed
1011543,3,703,2026-03-19 18:41:50,dine_in,,apple_pay,completed
1011544,14,10,2026-03-19 18:41:51,drive_thru,,cash,completed
1011545,15,351,2026-03-19 18:43:30,takeout,,credit_card,completed
1011546,16,1914,2026-03-19 18:44:38,delivery,,credit_card,completed
1011547,14,828,2026-03-19 18:46:15,takeout,,credit_card,completed
1011548,2,2399,2026-03-19 18:46:32,takeout,,credit_card,completed
1011549,19,362,2026-03-19 18:49:28,dine_in,,cash,completed
1011550,3,141,2026-03-19 18:50:42,dine_in,,credit_card,completed
1011551,13,2260,2026-03-19 18:54:11,dine_in,,credit_card,completed
1011552,13,,2026-03-19 18:55:52,takeout,,debit_card,completed
1011553,15,1518,2026-03-19 18:56:37,delivery,,apple_pay,completed
1011554,15,2260,2026-03-19 18:57:44,dine_in,,credit_card,completed
1011555,1,1874,2026-03-19 18:58:09,takeout,,apple_pay,completed
1011556,17,1175,2026-03-19 19:01:38,dine_in,,credit_card,completed
1011557,17,159,2026-03-19 19:05:10,takeout,,credit_card,completed
1011558,10,1323,2026-03-19 19:06:39,drive_thru,,credit_card,completed
1011559,17,1389,2026-03-19 19:07:23,dine_in,,cash,completed
1011560,15,1819,2026-03-19 19:14:17,dine_in,,cash,completed
1011561,10,,2026-03-19 19:14:59,delivery,,credit_card,completed
1011562,13,,2026-03-19 19:15:11,dine_in,,credit_card,completed
1011563,14,1279,2026-03-19 19:17:08,takeout,,credit_card,completed
1011564,6,17,2026-03-19 19:17:12,takeout,,apple_pay,completed
1011565,12,,2026-03-19 19:18:12,delivery,,credit_card,completed
1011566,2,,2026-03-19 19:18:50,dine_in,,credit_card,completed
1011567,17,271,2026-03-19 19:20:13,dine_in,,credit_card,completed
1011568,3,,2026-03-19 19:20:29,takeout,,cash,completed
1011569,11,,2026-03-19 19:23:15,takeout,,credit_card,completed
1011570,4,,2026-03-19 19:23:52,drive_thru,,credit_card,completed
1011571,13,,2026-03-19 19:26:09,delivery,,credit_card,completed
1011572,2,661,2026-03-19 19:26:45,takeout,,credit_card,completed
1011573,7,,2026-03-19 19:31:37,dine_in,,apple_pay,completed
1011574,4,761,2026-03-19 19:34:44,dine_in,,cash,completed
1011575,18,,2026-03-19 19:36:07,delivery,,gift_card,completed
1011576,2,,2026-03-19 19:37:21,dine_in,,credit_card,completed
1011577,1,703,2026-03-19 19:42:56,delivery,,debit_card,completed
1011578,14,584,2026-03-19 19:43:12,takeout,,credit_card,completed
1011579,4,1825,2026-03-19 19:54:43,takeout,,credit_card,cancelled
1011580,7,1827,2026-03-19 19:59:18,dine_in,,cash,completed
1011581,16,,2026-03-19 20:04:24,dine_in,,gift_card,completed
1011582,6,1878,2026-03-19 20:05:45,takeout,,credit_card,completed
1011583,19,954,2026-03-19 20:13:01,dine_in,,cash,completed
1011584,16,1812,2026-03-19 20:15:45,dine_in,,apple_pay,completed
1011585,19,571,2026-03-19 20:18:21,takeout,,cash,completed
1011586,3,1665,2026-03-19 20:25:30,takeout,,debit_card,completed
1011587,11,,03/19/2026 20:26,drive_thru,,cash,completed
1011588,6,126,2026-03-19 20:31:46,drive_thru,,credit_card,completed
1011589,19,966,2026-03-19 20:32:02,takeout,,credit_card,completed
1011590,14,1390,2026-03-19 20:32:06,dine_in,,apple_pay,completed
1011591,12,1826,2026-03-19 20:33:17,dine_in,,credit_card,completed
1011592,3,1512,2026-03-19 20:47:44,takeout,,credit_card,completed
1011593,6,75,2026-03-19 21:36:27,dine_in,,credit_card,completed
1011594,15,,2026-03-20 10:39:22,delivery,,gift_card,completed
1011595,11,,2026-03-20 10:42:13,takeout,,apple_pay,completed
1011596,7,766,2026-03-20 10:42:37,dine_in,,credit_card,completed
1011597,4,1219,2026-03-20 11:04:15,drive_thru,,credit_card,completed
1011598,19,2017,2026-03-20 11:08:47,drive_thru,,apple_pay,completed
1011599,1,883,2026-03-20 11:17:32,dine_in,,gift_card,completed
1011600,3,1582,2026-03-20 11:20:05,dine_in,,debit_card,completed
1011601,19,987,2026-03-20 11:21:28,dine_in,,credit_card,completed
1011602,5,,2026-03-20 11:30:08,dine_in,,credit_card,completed
1011603,19,,2026-03-20 11:32:25,dine_in,,credit_card,completed
1011604,10,2352,2026-03-20 11:40:20,dine_in,,credit_card,completed
1011605,10,1810,2026-03-20 11:43:27,drive_thru,,debit_card,cancelled
1011606,4,1601,2026-03-20 11:43:35,drive_thru,,debit_card,refunded
1011607,17,,2026-03-20 11:48:55,dine_in,,credit_card,completed
1011608,18,1893,2026-03-20 11:49:57,drive_thru,,credit_card,completed
1011609,17,,2026-03-20 11:50:58,dine_in,,credit_card,completed
1011610,17,1147,2026-03-20 11:52:03,dine_in,,apple_pay,completed
1011611,13,617,2026-03-20 11:54:28,takeout,,gift_card,completed
1011612,19,945,2026-03-20 11:55:10,takeout,,credit_card,completed
1011613,8,,2026-03-20 11:57:04,delivery,,debit_card,completed
1011614,12,,03/20/2026 11:57,,,cash,completed
1011615,13,,2026-03-20 11:58:43,takeout,,credit_card,completed
1011616,7,,2026-03-20 11:59:15,takeout,,cash,completed
1011617,15,1881,2026-03-20 11:59:24,delivery,,credit_card,completed
1011618,11,,2026-03-20 12:05:39,delivery,,credit_card,cancelled
1011619,19,80,2026-03-20 12:06:38,dine_in,,debit_card,completed
1011620,7,,2026-03-20 12:07:18,delivery,,credit_card,refunded
1011621,7,,2026-03-20 12:07:28,dine_in,,credit_card,completed
1011622,19,341,2026-03-20 12:08:10,dine_in,,credit_card,completed
1011623,12,240,2026-03-20 12:11:21,dine_in,,apple_pay,completed
1011624,19,,2026-03-20 12:14:08,dine_in,,debit_card,completed
1011625,11,1239,2026-03-20 12:14:33,takeout,,cash,completed
1011626,10,183,2026-03-20 12:15:40,dine_in,,credit_card,completed
1011627,8,1346,2026-03-20 12:16:27,dine_in,,gift_card,completed
1011628,10,2461,2026-03-20 12:18:23,delivery,,apple_pay,completed
1011629,3,503,2026-03-20 12:18:34,takeout,,cash,completed
1011630,11,2398,2026-03-20 12:19:40,takeout,,credit_card,completed
1011631,2,661,2026-03-20 12:21:05,delivery,,credit_card,completed
1011632,6,,2026-03-20 12:21:21,drive_thru,,credit_card,completed
1011633,9,68,2026-03-20 12:21:37,delivery,,debit_card,completed
1011634,11,904,2026-03-20 12:21:45,,,debit_card,completed
1011635,3,1988,2026-03-20 12:26:42,dine_in,,credit_card,completed
1011636,10,,2026-03-20 12:26:42,dine_in,,credit_card,completed
1011637,18,475,2026-03-20 12:28:49,drive_thru,,credit_card,completed
1011638,16,2336,2026-03-20 12:28:57,dine_in,,debit_card,completed
1011639,2,,2026-03-20 12:29:11,dine_in,,credit_card,completed
1011640,3,,2026-03-20 12:29:14,takeout,,apple_pay,completed
1011641,3,,2026-03-20 12:31:08,dine_in,,credit_card,completed
1011642,15,,2026-03-20 12:33:00,drive_thru,,credit_card,completed
1011643,15,347,2026-03-20 12:33:38,drive_thru,,credit_card,completed
1011644,2,1356,2026-03-20 12:33:53,dine_in,,cash,completed
1011645,9,1410,2026-03-20 12:34:04,dine_in,,credit_card,completed
1011646,3,1634,2026-03-20 12:35:30,dine_in,,credit_card,completed
1011647,9,1811,2026-03-20 12:37:52,drive_thru,,apple_pay,completed
1011648,17,25,2026-03-20 12:39:21,dine_in,,credit_card,completed
1011649,13,440,2026-03-20 12:40:57,delivery,,credit_card,cancelled
1011650,8,,2026-03-20 12:41:10,delivery,,credit_card,completed
1011651,7,,2026-03-20 12:43:36,delivery,,credit_card,completed
1011652,11,1844,2026-03-20 12:45:00,dine_in,,debit_card,completed
1011653,19,150,2026-03-20 12:45:09,drive_thru,,apple_pay,completed
1011654,2,,2026-03-20 12:45:17,takeout,,gift_card,completed
1011655,11,1337,2026-03-20 12:47:10,takeout,,credit_card,completed
1011656,6,17,2026-03-20 12:47:24,dine_in,,apple_pay,completed
1011657,17,2313,2026-03-20 12:49:55,delivery,,credit_card,completed
1011658,8,,2026-03-20 12:51:21,delivery,,debit_card,completed
1011659,17,,2026-03-20 12:52:16,dine_in,,credit_card,completed
1011660,12,2172,2026-03-20 12:53:58,takeout,,apple_pay,completed
1011661,15,815,2026-03-20 12:54:32,delivery,,credit_card,completed
1011662,16,848,2026-03-20 12:55:39,delivery,,debit_card,completed
1011663,6,57,2026-03-20 13:08:21,delivery,,credit_card,completed
1011664,9,861,2026-03-20 13:11:35,drive_thru,,credit_card,completed
1011665,10,1323,2026-03-20 13:14:38,drive_thru,,credit_card,completed
1011666,13,,03/20/2026 13:17,takeout,,credit_card,completed
1011667,8,228,2026-03-20 13:18:45,dine_in,,credit_card,completed
1011668,12,,2026-03-20 13:21:30,dine_in,,debit_card,completed
1011669,7,969,2026-03-20 13:26:03,takeout,,debit_card,completed
1011670,16,,2026-03-20 13:27:36,dine_in,,apple_pay,completed
1011671,11,,2026-03-20 13:28:08,takeout,,debit_card,completed
1011672,2,1471,2026-03-20 13:28:46,dine_in,,credit_card,completed
1011673,1,1081,2026-03-20 13:33:57,delivery,,debit_card,completed
1011674,3,2401,2026-03-20 13:37:50,dine_in,,cash,completed
1011675,8,1118,2026-03-20 13:38:55,delivery,,apple_pay,completed
1011676,9,,2026-03-20 13:41:51,delivery,,apple_pay,refunded
1011677,14,927,2026-03-20 13:47:31,dine_in,,apple_pay,completed
1011678,19,1939,2026-03-20 14:03:31,drive_thru,,credit_card,completed
1011679,12,,2026-03-20 14:06:41,takeout,,debit_card,completed
1011680,14,1012,2026-03-20 14:09:42,takeout,,credit_card,completed
1011681,2,2399,2026-03-20 14:20:50,delivery,,apple_pay,completed
1011682,17,,2026-03-20 15:29:00,dine_in,,credit_card,completed
1011683,15,596,2026-03-20 15:34:55,drive_thru,,credit_card,completed
1011684,12,,2026-03-20 15:56:32,takeout,,credit_card,completed
1011685,2,,2026-03-20 16:11:55,dine_in,,apple_pay,completed
1011686,9,,2026-03-20 16:19:25,drive_thru,,gift_card,completed
1011687,3,,2026-03-20 16:39:30,delivery,,credit_card,completed
1011688,16,2465,2026-03-20 16:48:35,delivery,,credit_card,completed
1011689,14,1727,2026-03-20 17:06:48,dine_in,,credit_card,completed
1011690,14,255,2026-03-20 17:12:32,dine_in,,apple_pay,completed
1011691,12,1326,2026-03-20 17:23:03,dine_in,,credit_card,completed
1011692,12,2369,2026-03-20 17:33:33,takeout,,gift_card,completed
1011693,6,1851,2026-03-20 17:36:59,dine_in,,credit_card,completed
1011694,5,,2026-03-20 17:38:57,takeout,,cash,completed
1011695,15,,2026-03-20 17:40:17,delivery,,debit_card,completed
1011696,6,75,2026-03-20 17:45:16,delivery,,credit_card,completed
1011697,3,,2026-03-20 17:46:17,dine_in,,credit_card,completed
1011698,10,,2026-03-20 17:48:41,drive_thru,,credit_card,completed
1011699,1,247,2026-03-20 17:51:16,takeout,,gift_card,completed
1011700,1,,2026-03-20 17:51:35,dine_in,,credit_card,completed
1011701,7,2352,2026-03-20 17:52:11,dine_in,,apple_pay,completed
1011702,8,37,2026-03-20 17:56:30,takeout,,debit_card,refunded
1011703,6,,2026-03-20 17:57:22,takeout,,cash,completed
1011704,19,,2026-03-20 17:59:33,delivery,,credit_card,completed
1011705,8,2233,2026-03-20 18:08:20,takeout,,apple_pay,completed
1011706,2,825,2026-03-20 18:09:01,takeout,,debit_card,completed
1011707,4,832,2026-03-20 18:09:17,drive_thru,,cash,completed
1011708,7,,2026-03-20 18:15:26,delivery,,credit_card,completed
1011709,18,1739,2026-03-20 18:16:43,,,credit_card,completed
1011710,6,1977,2026-03-20 18:16:53,delivery,,credit_card,completed
1011711,15,,2026-03-20 18:18:01,drive_thru,,apple_pay,completed
1011712,13,,2026-03-20 18:19:40,delivery,,apple_pay,completed
1011713,19,1554,2026-03-20 18:19:48,dine_in,,cash,completed
1011714,5,1648,2026-03-20 18:23:07,takeout,,apple_pay,completed
1011715,10,1668,2026-03-20 18:24:34,drive_thru,,debit_card,completed
1011716,2,2322,2026-03-20 18:24:50,takeout,,apple_pay,completed
1011717,6,,2026-03-20 18:26:45,delivery,,credit_card,completed
1011718,18,1893,2026-03-20 18:28:40,dine_in,,cash,completed
1011719,18,,2026-03-20 18:29:48,takeout,,debit_card,completed
1011720,11,304,2026-03-20 18:31:54,takeout,,credit_card,completed
1011721,8,,2026-03-20 18:34:24,dine_in,,credit_card,refunded
1011722,3,2363,2026-03-20 18:41:21,takeout,,apple_pay,completed
1011723,12,,2026-03-20 18:41:23,delivery,,credit_card,completed
1011724,10,,2026-03-20 18:41:35,dine_in,,credit_card,completed
1011725,5,,2026-03-20 18:47:02,delivery,,debit_card,completed
1011726,6,,2026-03-20 18:47:45,delivery,,credit_card,completed
1011727,9,2315,2026-03-20 18:48:29,takeout,,credit_card,completed
1011728,13,,2026-03-20 18:48:30,dine_in,,debit_card,completed
1011729,4,,2026-03-20 18:48:43,drive_thru,,apple_pay,completed
1011730,13,2210,2026-03-20 18:49:13,dine_in,,apple_pay,completed
1011731,2,491,2026-03-20 18:49:34,dine_in,,apple_pay,completed
1011732,11,1859,03/20/2026 18:49,drive_thru,,debit_card,completed
1011733,3,,2026-03-20 18:51:24,dine_in,,apple_pay,completed
1011734,14,1915,2026-03-20 18:52:29,delivery,,credit_card,completed
1011735,10,1807,2026-03-20 18:53:53,dine_in,,cash,completed
1011736,6,1564,2026-03-20 18:55:37,drive_thru,,credit_card,completed
1011737,19,2474,2026-03-20 18:57:29,drive_thru,,debit_card,completed
1011738,5,,2026-03-20 18:59:35,drive_thru,,credit_card,completed
1011739,16,848,2026-03-20 19:00:14,dine_in,,credit_card,refunded
1011740,4,95,2026-03-20 19:01:14,delivery,,apple_pay,completed
1011741,8,2348,2026-03-20 19:02:15,delivery,,credit_card,completed
1011742,19,301,2026-03-20 19:06:35,delivery,,debit_card,completed
1011743,4,155,2026-03-20 19:07:30,takeout,,credit_card,refunded
1011744,1,130,2026-03-20 19:07:57,dine_in,,apple_pay,cancelled
1011745,15,1066,2026-03-20 19:08:23,drive_thru,,credit_card,completed
1011746,13,971,2026-03-20 19:11:49,takeout,,debit_card,completed
1011747,3,,2026-03-20 19:11:57,dine_in,,credit_card,completed
1011748,7,,2026-03-20 19:11:59,takeout,,credit_card,cancelled
1011749,8,,2026-03-20 19:12:17,delivery,,credit_card,completed
1011750,11,,2026-03-20 19:12:24,dine_in,,debit_card,completed
1011751,11,1873,2026-03-20 19:13:36,delivery,,credit_card,completed
1011752,12,,2026-03-20 19:14:43,delivery,,credit_card,completed
1011753,18,,2026-03-20 19:14:49,dine_in,,debit_card,completed
1011754,12,1227,2026-03-20 19:15:45,takeout,,gift_card,completed
1011755,17,552,2026-03-20 19:15:51,dine_in,,credit_card,completed
1011756,8,1262,2026-03-20 19:16:03,takeout,,debit_card,completed
1011757,5,,2026-03-20 19:16:41,drive_thru,,debit_card,completed
1011758,14,195,2026-03-20 19:20:51,drive_thru,,cash,completed
1011759,19,362,2026-03-20 19:21:06,delivery,,credit_card,completed
1011760,2,1582,2026-03-20 19:22:33,,,credit_card,completed
1011761,17,2193,2026-03-20 19:24:13,dine_in,,apple_pay,completed
1011762,1,,2026-03-20 19:26:36,dine_in,,credit_card,completed
1011763,14,927,2026-03-20 19:29:35,drive_thru,,credit_card,completed
1011764,8,2008,2026-03-20 19:32:17,takeout,,credit_card,completed
1011765,18,,2026-03-20 19:32:58,dine_in,,credit_card,cancelled
1011766,9,,2026-03-20 19:35:49,dine_in,,cash,completed
1011767,12,,2026-03-20 19:37:28,dine_in,,debit_card,completed
1011768,11,686,2026-03-20 19:37:38,delivery,,credit_card,completed
1011769,11,2220,2026-03-20 19:40:43,dine_in,,credit_card,completed
1011770,7,766,2026-03-20 19:41:03,dine_in,,apple_pay,completed
1011771,13,1341,2026-03-20 19:41:25,dine_in,,cash,completed
1011772,19,259,2026-03-20 19:49:46,drive_thru,,debit_card,completed
1011773,3,,2026-03-20 19:50:47,dine_in,,debit_card,completed
1011774,13,2345,2026-03-20 19:51:28,delivery,,debit_card,refunded
1011775,17,1079,2026-03-20 19:53:46,delivery,,credit_card,completed
1011776,7,1350,2026-03-20 19:54:05,dine_in,,debit_card,completed
1011777,16,,2026-03-20 19:58:58,dine_in,,apple_pay,completed
1011778,7,145,2026-03-20 19:59:38,delivery,,credit_card,completed
1011779,7,,2026-03-20 20:02:19,dine_in,,gift_card,completed
1011780,11,2398,2026-03-20 20:04:56,dine_in,,debit_card,refunded
1011781,14,2207,2026-03-20 20:10:10,dine_in,,cash,completed
1011782,2,573,2026-03-20 20:10:38,takeout,,apple_pay,completed
1011783,1,,2026-03-20 20:16:19,dine_in,,debit_card,completed
1011784,6,1386,2026-03-20 20:18:22,drive_thru,,credit_card,completed
1011785,14,1725,2026-03-20 20:19:14,delivery,,credit_card,completed
1011786,14,1214,2026-03-20 20:25:20,drive_thru,,credit_card,completed
1011787,1,,2026-03-20 20:26:36,takeout,,apple_pay,completed
1011788,10,,2026-03-20 20:27:00,dine_in,,credit_card,completed
1011789,10,1922,2026-03-20 20:37:45,dine_in,,apple_pay,completed
1011790,17,2158,2026-03-20 20:43:13,dine_in,,credit_card,completed
1011791,7,,2026-03-20 21:13:43,dine_in,,debit_card,completed
1011792,15,,2026-03-20 21:39:55,delivery,,debit_card,completed
1011793,7,2263,2026-03-21 10:34:41,dine_in,,debit_card,completed
1011794,1,,2026-03-21 10:54:53,dine_in,,apple_pay,completed
1011795,4,2064,2026-03-21 11:00:53,dine_in,,debit_card,completed
1011796,3,1102,2026-03-21 11:16:09,dine_in,,apple_pay,completed
1011797,19,1679,2026-03-21 11:16:31,dine_in,,debit_card,completed
1011798,10,2480,2026-03-21 11:23:03,delivery,,debit_card,completed
1011799,1,575,2026-03-21 11:27:19,takeout,,cash,completed
1011800,2,1971,03/21/2026 11:35,delivery,,apple_pay,completed
1011801,14,584,2026-03-21 11:36:16,drive_thru,,credit_card,completed
1011802,11,2387,2026-03-21 11:36:39,drive_thru,,gift_card,completed
1011803,18,,2026-03-21 11:38:45,drive_thru,,debit_card,completed
1011804,1,,2026-03-21 11:41:30,takeout,,credit_card,completed
1011805,6,,2026-03-21 11:46:08,drive_thru,,gift_card,completed
1011806,11,,2026-03-21 11:47:04,dine_in,,credit_card,completed
1011807,18,1469,2026-03-21 11:51:14,dine_in,,credit_card,completed
1011808,7,1532,2026-03-21 11:51:28,delivery,,credit_card,completed
1011809,19,1062,2026-03-21 11:51:49,drive_thru,,credit_card,completed
1011810,3,2363,2026-03-21 11:51:52,dine_in,,cash,completed
1011811,2,,2026-03-21 11:52:38,takeout,,credit_card,completed
1011812,18,,2026-03-21 11:53:17,dine_in,,credit_card,completed
1011813,15,,2026-03-21 11:58:04,drive_thru,,cash,completed
1011814,15,2383,2026-03-21 12:00:47,dine_in,,credit_card,completed
1011815,6,1776,2026-03-21 12:01:05,takeout,,cash,completed
1011816,10,2047,2026-03-21 12:05:34,delivery,,apple_pay,completed
1011817,17,1575,2026-03-21 12:06:37,takeout,,debit_card,completed
1011818,10,18,2026-03-21 12:07:47,delivery,,credit_card,refunded
1011819,10,1685,2026-03-21 12:10:13,drive_thru,,apple_pay,completed
1011820,1,1336,2026-03-21 12:12:08,dine_in,,apple_pay,completed
1011821,7,967,03/21/2026 12:12,delivery,,apple_pay,completed
1011822,12,1941,2026-03-21 12:12:56,takeout,,apple_pay,completed
1011823,13,,2026-03-21 12:13:59,takeout,,cash,completed
1011824,14,2448,2026-03-21 12:15:34,,,credit_card,completed
1011825,5,1648,2026-03-21 12:15:56,drive_thru,,apple_pay,completed
1011826,6,56,2026-03-21 12:15:56,drive_thru,,cash,completed
1011827,1,,2026-03-21 12:15:58,takeout,,apple_pay,completed
1011828,3,,2026-03-21 12:16:39,delivery,,credit_card,completed
1011829,3,,2026-03-21 12:18:15,dine_in,,debit_card,completed
1011830,17,,2026-03-21 12:18:50,takeout,,credit_card,completed
1011831,13,828,2026-03-21 12:21:42,delivery,,credit_card,completed
1011832,1,1906,2026-03-21 12:22:55,delivery,,credit_card,completed
1011833,17,543,2026-03-21 12:23:08,delivery,,credit_card,completed
1011834,4,,2026-03-21 12:25:07,dine_in,,apple_pay,completed
1011835,19,,2026-03-21 12:29:34,delivery,,debit_card,completed
1011836,13,1897,2026-03-21 12:30:10,takeout,,credit_card,completed
1011837,10,,2026-03-21 12:31:29,dine_in,,debit_card,completed
1011838,19,947,2026-03-21 12:33:07,drive_thru,,credit_card,completed
1011839,6,,2026-03-21 12:36:39,dine_in,,apple_pay,refunded
1011840,1,,2026-03-21 12:36:46,takeout,,debit_card,completed
1011841,12,652,2026-03-21 12:37:24,dine_in,,credit_card,completed
1011842,1,1049,2026-03-21 12:37:32,delivery,,credit_card,completed
1011843,10,,2026-03-21 12:38:52,takeout,,apple_pay,cancelled
1011844,3,,2026-03-21 12:39:31,takeout,,credit_card,completed
1011845,10,,2026-03-21 12:40:33,dine_in,,debit_card,completed
1011846,12,331,2026-03-21 12:40:41,dine_in,,credit_card,completed
1011847,19,2460,2026-03-21 12:41:18,dine_in,,credit_card,completed
1011848,10,157,2026-03-21 12:42:26,drive_thru,,credit_card,completed
1011849,5,,2026-03-21 12:43:28,takeout,,cash,completed
1011850,11,522,2026-03-21 12:45:22,takeout,,credit_card,completed
1011851,4,1742,2026-03-21 12:46:03,dine_in,,debit_card,completed
1011852,1,,2026-03-21 12:46:55,takeout,,credit_card,completed
1011853,19,945,2026-03-21 12:48:05,takeout,,debit_card,completed
1011854,16,1431,2026-03-21 12:48:14,dine_in,,apple_pay,completed
1011855,4,,2026-03-21 12:50:12,delivery,,apple_pay,completed
1011856,2,2015,2026-03-21 12:51:06,takeout,,debit_card,completed
1011857,3,,2026-03-21 12:51:07,dine_in,,credit_card,completed
1011858,15,,2026-03-21 12:52:54,drive_thru,,credit_card,completed
1011859,1,,2026-03-21 12:54:24,delivery,,credit_card,completed
1011860,11,,2026-03-21 12:54:32,takeout,,credit_card,completed
1011861,3,282,2026-03-21 12:55:18,dine_in,,gift_card,completed
1011862,3,1499,2026-03-21 12:56:50,takeout,,credit_card,completed
1011863,7,,2026-03-21 12:58:12,dine_in,,debit_card,completed
1011864,10,1013,2026-03-21 12:59:00,drive_thru,,credit_card,completed
1011865,1,252,2026-03-21 13:01:40,delivery,,credit_card,completed
1011866,11,,2026-03-21 13:05:27,delivery,,credit_card,completed
1011867,1,116,2026-03-21 13:10:39,takeout,,cash,completed
1011868,15,2268,2026-03-21 13:12:16,drive_thru,,debit_card,completed
1011869,8,1440,2026-03-21 13:26:14,,,credit_card,cancelled
1011870,5,810,2026-03-21 13:26:34,takeout,,credit_card,completed
1011871,3,,2026-03-21 13:47:08,takeout,,debit_card,completed
1011872,1,2189,2026-03-21 13:48:11,dine_in,,credit_card,completed
1011873,15,44,2026-03-21 13:52:29,delivery,,credit_card,completed
1011874,1,,2026-03-21 14:00:35,dine_in,,credit_card,completed
1011875,9,1957,2026-03-21 14:11:04,delivery,,credit_card,completed
1011876,3,1988,2026-03-21 14:14:21,dine_in,,credit_card,completed
1011877,4,1773,2026-03-21 14:20:18,dine_in,,cash,completed
1011878,1,801,2026-03-21 14:23:36,takeout,,debit_card,completed
1011879,6,2439,2026-03-21 14:32:25,drive_thru,,gift_card,completed
1011880,12,214,2026-03-21 14:55:42,dine_in,,gift_card,refunded
1011881,3,1714,2026-03-21 15:03:30,dine_in,,credit_card,completed
1011882,4,1848,2026-03-21 15:16:37,drive_thru,,debit_card,completed
1011883,7,,2026-03-21 15:48:43,takeout,,credit_card,completed
1011884,7,,2026-03-21 15:48:45,,,apple_pay,completed
1011885,19,382,2026-03-21 15:50:24,drive_thru,,apple_pay,completed
1011886,11,1239,2026-03-21 16:08:17,drive_thru,,debit_card,refunded
1011887,6,83,2026-03-21 16:52:23,delivery,,credit_card,completed
1011888,11,676,2026-03-21 17:02:04,delivery,,debit_card,completed
1011889,11,,2026-03-21 17:05:25,drive_thru,,debit_card,completed
1011890,2,,2026-03-21 17:14:21,delivery,,gift_card,completed
1011891,2,,2026-03-21 17:24:23,takeout,,credit_card,completed
1011892,16,148,2026-03-21 17:37:23,takeout,,cash,completed
1011893,17,,2026-03-21 17:37:57,dine_in,,gift_card,completed
1011894,6,705,2026-03-21 17:42:15,takeout,,credit_card,completed
1011895,16,,2026-03-21 17:54:52,delivery,,apple_pay,completed
1011896,3,,2026-03-21 17:58:07,dine_in,,credit_card,completed
1011897,2,,2026-03-21 18:01:21,takeout,,debit_card,completed
1011898,11,2387,2026-03-21 18:03:58,drive_thru,,credit_card,completed
1011899,8,2348,2026-03-21 18:07:40,takeout,,debit_card,completed
1011900,1,1336,2026-03-21 18:11:34,dine_in,,credit_card,completed
1011901,2,442,2026-03-21 18:13:53,delivery,,credit_card,completed
1011902,15,,2026-03-21 18:19:36,dine_in,,debit_card,completed
1011903,10,,2026-03-21 18:22:51,,,credit_card,completed
1011904,7,,2026-03-21 18:23:32,dine_in,,credit_card,completed
1011905,2,393,2026-03-21 18:25:13,takeout,,credit_card,completed
1011906,2,516,03/21/2026 18:26,takeout,,credit_card,completed
1011907,9,380,2026-03-21 18:30:09,takeout,,credit_card,completed
1011908,16,2083,2026-03-21 18:31:05,dine_in,,apple_pay,cancelled
1011909,19,2126,2026-03-21 18:33:42,drive_thru,,cash,completed
1011910,18,1543,2026-03-21 18:35:01,dine_in,,credit_card,completed
1011911,15,2366,2026-03-21 18:36:16,delivery,,credit_card,completed
1011912,11,,2026-03-21 18:37:10,delivery,,apple_pay,completed
1011913,12,784,2026-03-21 18:37:36,takeout,,debit_card,completed
1011914,17,377,2026-03-21 18:37:58,delivery,,apple_pay,completed
1011915,12,,2026-03-21 18:38:12,dine_in,,credit_card,completed
1011916,4,1219,2026-03-21 18:39:31,drive_thru,,apple_pay,completed
1011917,10,1069,03/21/2026 18:41,dine_in,,apple_pay,completed
1011918,6,,2026-03-21 18:42:58,takeout,,credit_card,completed
1011919,17,2332,2026-03-21 18:43:36,takeout,,debit_card,completed
1011920,1,1366,2026-03-21 18:43:50,dine_in,,debit_card,completed
1011921,16,848,2026-03-21 18:44:47,dine_in,,credit_card,completed
1011922,16,,2026-03-21 18:49:44,takeout,,credit_card,refunded
1011923,5,2354,03/21/2026 18:50,takeout,,credit_card,completed
1011924,16,,2026-03-21 18:50:57,dine_in,,credit_card,completed
1011925,1,1081,2026-03-21 18:56:37,dine_in,,credit_card,completed
1011926,17,150,2026-03-21 18:58:32,dine_in,,cash,completed
1011927,7,1483,2026-03-21 18:58:51,,,credit_card,completed
1011928,2,78,2026-03-21 18:58:59,,,debit_card,completed
1011929,2,,2026-03-21 18:59:29,takeout,,credit_card,completed
1011930,11,1291,2026-03-21 19:01:12,dine_in,,apple_pay,completed
1011931,13,985,03/21/2026 19:01,dine_in,,credit_card,completed
1011932,4,2269,2026-03-21 19:03:46,delivery,,debit_card,completed
1011933,12,1227,2026-03-21 19:04:45,dine_in,,apple_pay,completed
1011934,8,1475,2026-03-21 19:05:51,takeout,,gift_card,completed
1011935,7,,2026-03-21 19:09:01,dine_in,,credit_card,completed
1011936,8,1962,2026-03-21 19:13:04,dine_in,,credit_card,completed
1011937,19,2400,2026-03-21 19:13:53,dine_in,,debit_card,completed
1011938,19,1063,2026-03-21 19:13:54,dine_in,,credit_card,completed
1011939,5,1077,2026-03-21 19:14:08,dine_in,,apple_pay,completed
1011940,17,408,2026-03-21 19:19:24,dine_in,,debit_card,completed
1011941,2,,2026-03-21 19:20:09,dine_in,,cash,completed
1011942,4,1080,2026-03-21 19:21:07,,,apple_pay,completed
1011943,17,1332,2026-03-21 19:26:49,takeout,,apple_pay,completed
1011944,6,164,2026-03-21 19:28:47,takeout,,apple_pay,completed
1011945,16,1643,2026-03-21 19:29:00,dine_in,,credit_card,completed
1011946,7,734,2026-03-21 19:29:46,takeout,,cash,completed
1011947,12,1912,2026-03-21 19:30:33,dine_in,,debit_card,completed
1011948,19,2199,2026-03-21 19:30:40,takeout,,credit_card,completed
1011949,18,,2026-03-21 19:30:53,takeout,,credit_card,completed
1011950,2,,2026-03-21 19:32:43,delivery,,apple_pay,completed
1011951,13,,2026-03-21 19:32:44,dine_in,,credit_card,completed
1011952,4,1027,2026-03-21 19:33:02,dine_in,,debit_card,completed
1011953,8,719,2026-03-21 19:33:02,dine_in,,debit_card,completed
1011954,3,,2026-03-21 19:36:10,dine_in,,debit_card,completed
1011955,13,807,2026-03-21 19:36:54,dine_in,,credit_card,completed
1011956,1,,2026-03-21 19:40:10,takeout,,credit_card,completed
1011957,4,516,2026-03-21 19:44:20,takeout,,apple_pay,completed
1011958,19,,2026-03-21 19:45:07,dine_in,,apple_pay,completed
1011959,9,,2026-03-21 19:47:35,delivery,,credit_card,completed
1011960,4,2269,2026-03-21 19:48:36,takeout,,debit_card,completed
1011961,3,248,2026-03-21 19:48:37,takeout,,credit_card,refunded
1011962,10,2285,2026-03-21 19:48:52,drive_thru,,apple_pay,completed
1011963,8,,2026-03-21 19:49:34,dine_in,,debit_card,completed
1011964,9,1760,2026-03-21 19:51:30,dine_in,,credit_card,cancelled
1011965,8,,2026-03-21 19:52:02,dine_in,,cash,completed
1011966,15,,2026-03-21 19:52:39,dine_in,,cash,completed
1011967,13,566,2026-03-21 19:58:13,delivery,,credit_card,completed
1011968,8,2387,2026-03-21 20:02:00,dine_in,,apple_pay,completed
1011969,17,500,2026-03-21 20:09:19,dine_in,,cash,completed
1011970,6,2270,2026-03-21 20:13:47,delivery,,credit_card,completed
1011971,14,,2026-03-21 20:14:18,drive_thru,,gift_card,completed
1011972,11,466,2026-03-21 20:18:35,drive_thru,,apple_pay,completed
1011973,5,1443,2026-03-21 20:21:02,takeout,,cash,completed
1011974,17,1236,2026-03-21 20:26:32,takeout,,gift_card,completed
1011975,9,2027,03/21/2026 20:30,dine_in,,debit_card,completed
1011976,18,1769,2026-03-21 20:38:30,delivery,,credit_card,completed
1011977,2,1770,2026-03-21 20:56:13,takeout,,credit_card,completed
1011978,4,,2026-03-21 20:58:05,dine_in,,credit_card,completed
1011979,13,2345,2026-03-21 21:20:18,takeout,,credit_card,completed
1011980,14,1390,2026-03-21 21:22:02,delivery,,debit_card,completed
1011981,7,62,2026-03-21 21:24:56,,,apple_pay,completed
1011982,10,2155,2026-03-21 21:31:12,dine_in,,credit_card,completed
1011983,17,,2026-03-21 21:36:20,takeout,,credit_card,completed
1011984,4,2308,2026-03-22 10:44:27,drive_thru,,credit_card,completed
1011985,1,1649,2026-03-22 11:04:40,takeout,,gift_card,completed
1011986,18,2114,2026-03-22 11:05:48,takeout,,credit_card,completed
1011987,12,,2026-03-22 11:14:46,takeout,,apple_pay,completed
1011988,3,369,2026-03-22 11:17:38,dine_in,,cash,completed
1011989,11,,2026-03-22 11:26:24,drive_thru,,cash,completed
1011990,7,1551,2026-03-22 11:26:28,dine_in,,debit_card,completed
1011991,15,2369,2026-03-22 11:26:43,delivery,,credit_card,completed
1011992,3,1020,2026-03-22 11:32:31,delivery,,gift_card,completed
1011993,8,,2026-03-22 11:33:13,dine_in,,credit_card,completed
1011994,19,,2026-03-22 11:35:40,delivery,,apple_pay,completed
1011995,3,1131,2026-03-22 11:44:55,takeout,,debit_card,completed
1011996,11,,2026-03-22 11:44:55,drive_thru,,debit_card,completed
1011997,13,1493,2026-03-22 11:48:20,takeout,,debit_card,completed
1011998,13,566,2026-03-22 11:49:37,takeout,,credit_card,completed
1011999,2,541,2026-03-22 11:50:13,takeout,,credit_card,completed
1012000,19,1573,2026-03-22 11:51:46,dine_in,,cash,completed
1012001,16,,2026-03-22 11:52:03,,,credit_card,completed
1012002,5,,2026-03-22 11:55:34,dine_in,,credit_card,completed
1012003,12,,2026-03-22 11:56:58,dine_in,,debit_card,completed
1012004,12,1326,2026-03-22 11:57:47,dine_in,,gift_card,completed
1012005,12,1781,2026-03-22 12:02:30,dine_in,,apple_pay,completed
1012006,11,,2026-03-22 12:07:02,takeout,,gift_card,completed
1012007,13,2210,2026-03-22 12:08:02,takeout,,credit_card,completed
1012008,13,,2026-03-22 12:08:48,takeout,,cash,completed
1012009,16,,2026-03-22 12:10:27,takeout,,credit_card,completed
1012010,15,,2026-03-22 12:12:11,drive_thru,,credit_card,completed
1012011,3,79,2026-03-22 12:12:17,delivery,,apple_pay,completed
1012012,4,,2026-03-22 12:12:59,dine_in,,gift_card,completed
1012013,18,,2026-03-22 12:14:04,drive_thru,,credit_card,completed
1012014,8,1291,2026-03-22 12:14:58,dine_in,,apple_pay,completed
1012015,7,1697,2026-03-22 12:15:38,dine_in,,debit_card,completed
1012016,12,1698,2026-03-22 12:17:45,takeout,,credit_card,completed
1012017,16,,2026-03-22 12:18:40,dine_in,,credit_card,completed
1012018,9,604,2026-03-22 12:24:08,delivery,,apple_pay,completed
1012019,15,2268,2026-03-22 12:25:42,drive_thru,,credit_card,completed
1012020,19,,2026-03-22 12:27:12,dine_in,,credit_card,completed
1012021,2,874,2026-03-22 12:28:48,dine_in,,credit_card,completed
1012022,15,1518,2026-03-22 12:31:12,dine_in,,debit_card,completed
1012023,4,,2026-03-22 12:33:11,dine_in,,credit_card,completed
1012024,17,,2026-03-22 12:34:03,dine_in,,credit_card,completed
1012025,18,1733,2026-03-22 12:37:04,dine_in,,credit_card,completed
1012026,17,,2026-03-22 12:37:17,delivery,,credit_card,refunded
1012027,2,897,2026-03-22 12:37:36,dine_in,,credit_card,completed
1012028,18,672,2026-03-22 12:38:13,drive_thru,,cash,completed
1012029,3,1989,2026-03-22 12:38:15,delivery,,debit_card,completed
1012030,14,,2026-03-22 12:40:52,takeout,,credit_card,completed
1012031,4,,2026-03-22 12:40:53,delivery,,apple_pay,completed
1012032,7,782,2026-03-22 12:41:36,delivery,,credit_card,completed
1012033,1,718,2026-03-22 12:42:36,delivery,,credit_card,completed
1012034,9,,2026-03-22 12:43:14,drive_thru,,credit_card,completed
1012035,1,,2026-03-22 12:45:51,dine_in,,debit_card,completed
1012036,14,2207,2026-03-22 12:47:29,delivery,,debit_card,completed
1012037,12,2094,2026-03-22 12:48:02,dine_in,,credit_card,completed
1012038,5,,2026-03-22 12:49:48,takeout,,debit_card,completed
1012039,13,1341,2026-03-22 12:52:41,dine_in,,cash,completed
1012040,5,1177,2026-03-22 12:54:08,dine_in,,credit_card,completed
1012041,10,2450,2026-03-22 12:54:50,dine_in,,credit_card,completed
1012042,18,,2026-03-22 12:56:27,dine_in,,debit_card,completed
1012043,8,2312,2026-03-22 12:59:27,dine_in,,credit_card,completed
1012044,12,1198,2026-03-22 12:59:32,delivery,,gift_card,completed
1012045,3,397,2026-03-22 13:05:49,delivery,,credit_card,completed
1012046,11,,2026-03-22 13:11:06,drive_thru,,cash,cancelled
1012047,2,1806,2026-03-22 13:11:36,dine_in,,credit_card,completed
1012048,5,736,2026-03-22 13:16:25,drive_thru,,apple_pay,completed
1012049,16,,2026-03-22 13:16:49,dine_in,,apple_pay,completed
1012050,14,,2026-03-22 13:22:14,drive_thru,,credit_card,completed
1012051,17,1948,2026-03-22 13:22:21,dine_in,,credit_card,completed
1012052,15,,2026-03-22 13:23:44,drive_thru,,apple_pay,completed
1012053,14,191,2026-03-22 13:25:22,delivery,,debit_card,completed
1012054,3,1097,2026-03-22 13:27:01,takeout,,credit_card,completed
1012055,4,1437,2026-03-22 13:27:33,drive_thru,,debit_card,completed
1012056,15,347,2026-03-22 13:29:47,delivery,,debit_card,completed
1012057,4,,2026-03-22 13:40:26,drive_thru,,debit_card,completed
1012058,9,233,2026-03-22 13:44:26,takeout,,credit_card,completed
1012059,14,,03/22/2026 14:00,drive_thru,,apple_pay,completed
1012060,18,2344,2026-03-22 14:14:10,drive_thru,,cash,completed
1012061,12,2172,2026-03-22 14:45:29,takeout,,credit_card,refunded
1012062,7,2355,2026-03-22 15:06:03,takeout,,gift_card,completed
1012063,4,,2026-03-22 15:43:55,drive_thru,,credit_card,completed
1012064,14,195,2026-03-22 15:49:17,delivery,,apple_pay,completed
1012065,15,2251,2026-03-22 16:41:04,drive_thru,,debit_card,completed
1012066,6,494,2026-03-22 16:51:33,drive_thru,,credit_card,completed
1012067,1,,2026-03-22 16:56:35,takeout,,debit_card,completed
1012068,2,1974,2026-03-22 17:03:16,dine_in,,cash,completed
1012069,7,,2026-03-22 17:14:45,takeout,,credit_card,completed
1012070,15,851,2026-03-22 17:17:17,drive_thru,,credit_card,completed
1012071,14,584,2026-03-22 17:25:41,delivery,,debit_card,completed
1012072,13,633,2026-03-22 17:32:40,takeout,,credit_card,completed
1012073,2,2174,2026-03-22 17:35:53,delivery,,credit_card,completed
1012074,18,1963,2026-03-22 17:38:03,delivery,,credit_card,completed
1012075,4,2294,03/22/2026 17:40,dine_in,,apple_pay,completed
1012076,14,298,2026-03-22 17:42:54,dine_in,,credit_card,completed
1012077,10,,2026-03-22 17:51:21,delivery,,credit_card,completed
1012078,6,1604,2026-03-22 17:51:57,dine_in,,credit_card,completed
1012079,8,,2026-03-22 18:01:39,dine_in,,cash,completed
1012080,12,1542,2026-03-22 18:07:23,dine_in,,debit_card,completed
1012081,14,374,2026-03-22 18:08:06,takeout,,debit_card,cancelled
1012082,7,766,2026-03-22 18:09:37,takeout,,apple_pay,completed
1012083,17,2120,2026-03-22 18:10:13,dine_in,,credit_card,completed
1012084,10,,03/22/2026 18:10,drive_thru,,credit_card,refunded
1012085,15,,2026-03-22 18:11:30,takeout,,credit_card,completed
1012086,19,1041,2026-03-22 18:12:03,dine_in,,apple_pay,completed
1012087,3,588,2026-03-22 18:12:07,dine_in,,apple_pay,completed
1012088,11,,2026-03-22 18:13:40,dine_in,,credit_card,completed
1012089,16,2147,2026-03-22 18:15:37,takeout,,credit_card,completed
1012090,3,683,2026-03-22 18:18:10,dine_in,,cash,completed
1012091,1,,2026-03-22 18:19:01,dine_in,,credit_card,completed
1012092,7,1026,2026-03-22 18:21:16,takeout,,credit_card,completed
1012093,6,1787,2026-03-22 18:23:13,delivery,,apple_pay,completed
1012094,18,,2026-03-22 18:26:40,dine_in,,apple_pay,completed
1012095,7,,2026-03-22 18:29:36,dine_in,,credit_card,completed
1012096,15,1613,2026-03-22 18:30:08,drive_thru,,credit_card,completed
1012097,3,1102,2026-03-22 18:32:08,delivery,,credit_card,completed
1012098,19,368,2026-03-22 18:32:08,dine_in,,cash,completed
1012099,13,1726,2026-03-22 18:33:39,dine_in,,cash,completed
1012100,10,,2026-03-22 18:36:19,,,cash,completed
1012101,5,1591,2026-03-22 18:36:35,dine_in,,gift_card,completed
1012102,12,2252,2026-03-22 18:37:42,dine_in,,debit_card,completed
1012103,19,2300,2026-03-22 18:37:46,dine_in,,credit_card,completed
1012104,2,2222,2026-03-22 18:39:37,dine_in,,debit_card,completed
1012105,15,,2026-03-22 18:39:38,drive_thru,,credit_card,completed
1012106,3,282,2026-03-22 18:40:24,takeout,,debit_card,completed
1012107,7,,2026-03-22 18:41:16,takeout,,credit_card,completed
1012108,19,,2026-03-22 18:45:44,takeout,,credit_card,completed
1012109,9,,2026-03-22 18:49:26,takeout,,credit_card,completed
1012110,1,2456,2026-03-22 18:49:52,takeout,,apple_pay,completed
1012111,11,1442,2026-03-22 18:50:10,dine_in,,credit_card,completed
1012112,10,,2026-03-22 18:54:34,takeout,,debit_card,completed
1012113,16,218,2026-03-22 18:54:34,dine_in,,apple_pay,completed
1012114,15,914,2026-03-22 18:54:54,takeout,,debit_card,completed
1012115,3,1491,2026-03-22 18:55:38,dine_in,,cash,completed
1012116,16,,2026-03-22 18:58:19,takeout,,credit_card,completed
1012117,15,,2026-03-22 19:00:02,takeout,,debit_card,completed
1012118,4,,2026-03-22 19:01:55,drive_thru,,credit_card,completed
1012119,2,,2026-03-22 19:02:18,takeout,,debit_card,completed
1012120,1,852,2026-03-22 19:02:30,dine_in,,credit_card,completed
1012121,14,,2026-03-22 19:07:33,delivery,,debit_card,completed
1012122,1,535,2026-03-22 19:07:40,dine_in,,credit_card,completed
1012123,11,591,2026-03-22 19:07:54,dine_in,,credit_card,completed
1012124,19,1928,2026-03-22 19:10:22,dine_in,,debit_card,completed
1012125,17,754,2026-03-22 19:15:01,dine_in,,apple_pay,completed
1012126,8,2491,2026-03-22 19:16:28,dine_in,,cash,completed
1012127,14,,2026-03-22 19:21:55,takeout,,credit_card,completed
1012128,4,,2026-03-22 19:23:25,dine_in,,cash,completed
1012129,1,721,2026-03-22 19:23:32,dine_in,,credit_card,completed
1012130,19,,2026-03-22 19:24:13,takeout,,gift_card,completed
1012131,8,,2026-03-22 19:28:13,takeout,,gift_card,completed
1012132,15,,2026-03-22 19:29:11,dine_in,,debit_card,completed
1012133,7,1973,03/22/2026 19:32,takeout,,debit_card,completed
1012134,19,80,2026-03-22 19:40:30,drive_thru,,credit_card,completed
1012135,17,2054,2026-03-22 19:42:30,takeout,,credit_card,completed
1012136,16,,2026-03-22 19:45:04,takeout,,cash,completed
1012137,6,1453,2026-03-22 19:49:47,takeout,,cash,completed
1012138,5,234,2026-03-22 19:56:03,takeout,,cash,completed
1012139,11,1728,2026-03-22 19:57:52,delivery,,credit_card,refunded
1012140,5,1591,2026-03-22 19:59:08,dine_in,,cash,completed
1012141,1,932,2026-03-22 19:59:26,delivery,,debit_card,completed
1012142,5,,2026-03-22 20:04:26,dine_in,,debit_card,completed
1012143,4,974,2026-03-22 20:04:48,dine_in,,gift_card,completed
1012144,11,812,2026-03-22 20:08:38,,,credit_card,completed
1012145,8,,2026-03-22 20:12:55,dine_in,,apple_pay,completed
1012146,9,217,2026-03-22 20:17:32,delivery,,gift_card,completed
1012147,2,,2026-03-22 20:21:31,delivery,,credit_card,completed
1012148,16,,2026-03-22 20:27:12,takeout,,credit_card,completed
1012149,5,19,2026-03-22 20:31:42,dine_in,,credit_card,completed
1012150,14,828,2026-03-22 20:33:52,dine_in,,credit_card,completed
1012151,18,1889,2026-03-22 20:34:29,takeout,,credit_card,completed
1012152,5,,2026-03-22 20:56:49,drive_thru,,credit_card,completed
1012153,19,,2026-03-22 21:08:55,dine_in,,credit_card,completed
1012154,10,1057,2026-03-22 21:31:07,dine_in,,gift_card,completed
1012155,3,1020,2026-03-22 21:57:18,delivery,,credit_card,completed
1012156,14,,2026-03-23 10:35:40,dine_in,,credit_card,completed
1012157,13,1834,2026-03-23 11:00:51,dine_in,,credit_card,completed
1012158,14,,2026-03-23 11:07:21,dine_in,,credit_card,completed
1012159,19,1681,2026-03-23 11:20:18,dine_in,,credit_card,completed
1012160,18,1689,2026-03-23 11:22:06,delivery,,credit_card,refunded
1012161,1,105,2026-03-23 11:28:37,dine_in,,credit_card,completed
1012162,17,1123,2026-03-23 11:31:11,dine_in,,debit_card,completed
1012163,5,951,2026-03-23 11:38:45,delivery,,credit_card,completed
1012164,18,838,2026-03-23 11:38:48,takeout,,cash,completed
1012165,11,,2026-03-23 11:43:55,drive_thru,,cash,completed
1012166,13,,2026-03-23 11:44:17,dine_in,,credit_card,completed
1012167,7,2035,2026-03-23 11:46:03,delivery,,credit_card,completed
1012168,3,,2026-03-23 11:50:34,takeout,,gift_card,completed
1012169,3,,2026-03-23 11:55:08,delivery,,credit_card,completed
1012170,10,,2026-03-23 11:57:44,takeout,,apple_pay,completed
1012171,4,1596,2026-03-23 12:01:56,takeout,,apple_pay,completed
1012172,12,316,2026-03-23 12:01:57,dine_in,,apple_pay,completed
1012173,12,,2026-03-23 12:03:52,dine_in,,credit_card,completed
1012174,17,2120,2026-03-23 12:06:07,dine_in,,credit_card,completed
1012175,10,1470,2026-03-23 12:07:40,delivery,,credit_card,completed
1012176,6,953,2026-03-23 12:08:07,drive_thru,,credit_card,completed
1012177,3,,2026-03-23 12:14:28,delivery,,gift_card,completed
1012178,19,,2026-03-23 12:15:33,drive_thru,,credit_card,completed
1012179,16,1889,2026-03-23 12:17:38,takeout,,cash,cancelled
1012180,1,,2026-03-23 12:19:12,dine_in,,apple_pay,completed
1012181,18,672,2026-03-23 12:22:57,drive_thru,,debit_card,completed
1012182,3,2189,2026-03-23 12:24:23,takeout,,credit_card,completed
1012183,7,1261,2026-03-23 12:25:46,takeout,,credit_card,completed
1012184,8,2472,2026-03-23 12:28:54,delivery,,credit_card,cancelled
1012185,2,1351,2026-03-23 12:29:16,dine_in,,apple_pay,completed
1012186,12,2234,2026-03-23 12:29:30,takeout,,credit_card,completed
1012187,1,777,2026-03-23 12:32:56,delivery,,credit_card,completed
1012188,1,575,2026-03-23 12:32:56,takeout,,credit_card,completed
1012189,8,1404,2026-03-23 12:33:00,takeout,,apple_pay,completed
1012190,12,,2026-03-23 12:37:10,delivery,,apple_pay,completed
1012191,3,1634,2026-03-23 12:38:51,takeout,,credit_card,completed
1012192,17,,2026-03-23 12:40:36,takeout,,apple_pay,completed
1012193,17,,2026-03-23 12:42:00,takeout,,debit_card,completed
1012194,4,,2026-03-23 12:42:52,dine_in,,gift_card,completed
1012195,5,1905,2026-03-23 12:43:37,dine_in,,credit_card,completed
1012196,7,1328,2026-03-23 12:46:11,takeout,,credit_card,completed
1012197,12,1426,2026-03-23 12:47:47,dine_in,,credit_card,completed
1012198,13,1012,2026-03-23 12:50:22,dine_in,,credit_card,completed
1012199,16,148,2026-03-23 12:57:00,takeout,,debit_card,completed
1012200,16,,2026-03-23 13:00:12,dine_in,,apple_pay,completed
1012201,15,,2026-03-23 13:01:28,delivery,,credit_card,completed
1012202,3,673,2026-03-23 13:03:07,takeout,,credit_card,completed
1012203,14,1282,2026-03-23 13:03:30,dine_in,,credit_card,refunded
1012204,4,1624,2026-03-23 13:03:57,takeout,,debit_card,completed
1012205,15,1727,2026-03-23 13:03:58,delivery,,credit_card,completed
1012206,2,78,2026-03-23 13:07:15,dine_in,,debit_card,completed
1012207,12,,2026-03-23 13:08:47,dine_in,,credit_card,completed
1012208,16,,2026-03-23 13:11:36,takeout,,cash,completed
1012209,4,965,2026-03-23 13:13:17,drive_thru,,apple_pay,completed
1012210,4,2111,2026-03-23 13:15:28,drive_thru,,credit_card,completed
1012211,4,,2026-03-23 13:30:46,dine_in,,credit_card,completed
1012212,3,1555,2026-03-23 13:32:25,takeout,,apple_pay,completed
1012213,14,,2026-03-23 13:34:45,dine_in,,cash,completed
1012214,3,,2026-03-23 15:30:45,dine_in,,credit_card,completed
1012215,10,2285,2026-03-23 15:30:56,delivery,,credit_card,completed
1012216,13,,2026-03-23 15:43:08,takeout,,gift_card,completed
1012217,3,71,2026-03-23 16:02:07,takeout,,credit_card,completed
1012218,7,127,2026-03-23 16:16:56,dine_in,,credit_card,completed
1012219,12,1326,2026-03-23 17:20:37,delivery,,apple_pay,completed
1012220,6,,2026-03-23 17:37:16,drive_thru,,credit_card,completed
1012221,15,,2026-03-23 17:43:50,dine_in,,debit_card,completed
1012222,5,644,2026-03-23 17:53:07,dine_in,,credit_card,completed
1012223,18,1612,2026-03-23 17:55:53,takeout,,cash,completed
1012224,5,1673,2026-03-23 18:05:08,dine_in,,apple_pay,completed
1012225,1,623,2026-03-23 18:13:33,takeout,,gift_card,completed
1012226,11,,2026-03-23 18:20:11,delivery,,debit_card,completed
1012227,6,2179,2026-03-23 18:21:26,drive_thru,,debit_card,completed
1012228,13,,2026-03-23 18:30:25,takeout,,apple_pay,completed
1012229,18,2017,2026-03-23 18:35:25,dine_in,,credit_card,completed
1012230,6,1857,2026-03-23 18:40:59,delivery,,credit_card,completed
1012231,6,,2026-03-23 18:42:07,drive_thru,,debit_card,completed
1012232,19,483,2026-03-23 18:42:17,drive_thru,,credit_card,completed
1012233,5,264,2026-03-23 18:42:59,delivery,,credit_card,completed
1012234,17,,2026-03-23 18:43:48,dine_in,,credit_card,completed
1012235,10,,2026-03-23 18:46:37,delivery,,debit_card,completed
1012236,5,,2026-03-23 18:48:49,takeout,,debit_card,completed
1012237,2,2322,2026-03-23 18:52:28,takeout,,cash,completed
1012238,7,18,2026-03-23 18:52:45,delivery,,credit_card,completed
1012239,10,,2026-03-23 18:54:09,takeout,,debit_card,completed
1012240,7,,2026-03-23 18:58:13,dine_in,,credit_card,completed
1012241,7,1950,2026-03-23 18:58:30,takeout,,gift_card,completed
1012242,16,2336,2026-03-23 18:59:17,dine_in,,credit_card,completed
1012243,11,2165,2026-03-23 19:02:15,dine_in,,credit_card,completed
1012244,17,226,2026-03-23 19:06:12,takeout,,debit_card,completed
1012245,19,,2026-03-23 19:09:23,dine_in,,credit_card,completed
1012246,15,,2026-03-23 19:09:26,drive_thru,,credit_card,completed
1012247,19,805,2026-03-23 19:11:50,dine_in,,credit_card,completed
1012248,17,,2026-03-23 19:12:03,takeout,,debit_card,completed
1012249,12,,2026-03-23 19:16:58,delivery,,debit_card,completed
1012250,18,,2026-03-23 19:21:17,drive_thru,,credit_card,completed
1012251,3,2497,2026-03-23 19:21:27,dine_in,,apple_pay,completed
1012252,15,,2026-03-23 19:22:00,takeout,,credit_card,completed
1012253,2,,2026-03-23 19:23:21,dine_in,,credit_card,completed
1012254,7,2288,2026-03-23 19:23:51,delivery,,gift_card,completed
1012255,17,543,2026-03-23 19:26:30,takeout,,credit_card,completed
1012256,3,2340,2026-03-23 19:29:17,takeout,,credit_card,completed
1012257,18,,2026-03-23 19:35:35,dine_in,,credit_card,completed
1012258,1,,2026-03-23 19:37:44,takeout,,credit_card,completed
1012259,4,179,2026-03-23 19:38:26,drive_thru,,credit_card,completed
1012260,11,2350,2026-03-23 19:42:56,drive_thru,,credit_card,completed
1012261,2,,2026-03-23 19:43:11,dine_in,,credit_card,completed
1012262,5,1417,2026-03-23 19:43:11,dine_in,,debit_card,completed
1012263,3,1989,2026-03-23 19:56:58,dine_in,,debit_card,completed
1012264,3,984,2026-03-23 19:58:49,takeout,,debit_card,completed
1012265,19,,2026-03-23 20:05:05,dine_in,,debit_card,completed
1012266,19,1681,2026-03-23 20:07:20,takeout,,cash,completed
1012267,12,1204,2026-03-23 20:10:23,dine_in,,apple_pay,completed
1012268,3,2469,2026-03-23 20:19:40,takeout,,apple_pay,completed
1012269,16,,2026-03-23 20:22:40,dine_in,,credit_card,completed
1012270,15,1696,2026-03-23 20:28:56,delivery,,debit_card,completed
1012271,1,2018,2026-03-23 20:35:07,dine_in,,apple_pay,completed
1012272,13,430,2026-03-23 20:43:32,delivery,,apple_pay,completed
1012273,10,,2026-03-23 21:16:53,delivery,,credit_card,completed
1012274,2,274,03/23/2026 21:54,takeout,,cash,completed
1012275,13,,2026-03-24 10:59:42,takeout,TACOBOGO,cash,completed
1012276,1,,2026-03-24 11:09:02,dine_in,,credit_card,completed
1012277,8,2071,2026-03-24 11:17:15,dine_in,,debit_card,completed
1012278,2,1163,2026-03-24 11:18:46,delivery,,credit_card,completed
1012279,17,421,2026-03-24 11:30:35,takeout,,credit_card,completed
1012280,11,,2026-03-24 11:32:27,drive_thru,,cash,completed
1012281,8,200,2026-03-24 11:37:53,delivery,,debit_card,completed
1012282,16,,2026-03-24 11:38:51,dine_in,TACOBOGO,credit_card,completed
1012283,19,,2026-03-24 11:39:36,dine_in,TACOBOGO,credit_card,completed
1012284,11,2387,2026-03-24 11:43:52,delivery,,apple_pay,completed
1012285,11,2454,2026-03-24 11:45:31,drive_thru,,credit_card,completed
1012286,3,,2026-03-24 11:47:59,dine_in,,credit_card,completed
1012287,3,,2026-03-24 11:48:42,takeout,,credit_card,completed
1012288,15,1805,2026-03-24 11:49:36,drive_thru,TACOBOGO,credit_card,completed
1012289,4,1644,2026-03-24 11:49:59,drive_thru,,cash,completed
1012290,14,2069,2026-03-24 11:50:01,dine_in,,credit_card,completed
1012291,15,498,2026-03-24 11:50:37,drive_thru,,debit_card,completed
1012292,18,1246,2026-03-24 11:53:09,dine_in,,cash,completed
1012293,8,924,2026-03-24 11:58:24,takeout,,apple_pay,completed
1012294,13,58,2026-03-24 11:58:39,dine_in,TACOBOGO,credit_card,cancelled
1012295,5,,2026-03-24 11:59:12,delivery,TACOBOGO,credit_card,completed
1012296,9,,2026-03-24 12:00:32,drive_thru,TACOBOGO,credit_card,completed
1012297,18,1935,2026-03-24 12:00:42,delivery,TACOBOGO,apple_pay,completed
1012298,6,2152,2026-03-24 12:01:56,delivery,TACOBOGO,credit_card,completed
1012299,5,1522,2026-03-24 12:04:11,dine_in,,credit_card,completed
1012300,14,855,2026-03-24 12:07:22,delivery,TACOBOGO,credit_card,completed
1012301,11,2257,2026-03-24 12:07:30,delivery,TACOBOGO,debit_card,completed
1012302,7,,2026-03-24 12:07:41,delivery,,debit_card,completed
1012303,5,1159,2026-03-24 12:07:45,delivery,TACOBOGO,debit_card,completed
1012304,12,214,2026-03-24 12:07:52,dine_in,TACOBOGO,credit_card,completed
1012305,3,742,2026-03-24 12:09:17,dine_in,,credit_card,cancelled
1012306,19,1498,2026-03-24 12:09:56,drive_thru,TACOBOGO,credit_card,completed
1012307,16,,2026-03-24 12:10:03,delivery,TACOBOGO,credit_card,completed
1012308,3,953,2026-03-24 12:10:21,delivery,TACOBOGO,credit_card,completed
1012309,17,684,2026-03-24 12:10:41,dine_in,TACOBOGO,credit_card,completed
1012310,1,1370,2026-03-24 12:11:12,dine_in,TACOBOGO,credit_card,completed
1012311,10,993,2026-03-24 12:11:55,drive_thru,,credit_card,completed
1012312,11,766,2026-03-24 12:13:25,takeout,,cash,completed
1012313,12,2273,2026-03-24 12:14:01,dine_in,,apple_pay,completed
1012314,19,1041,2026-03-24 12:14:09,drive_thru,TACOBOGO,debit_card,completed
1012315,16,,2026-03-24 12:16:44,dine_in,,apple_pay,completed
1012316,18,148,2026-03-24 12:18:03,dine_in,TACOBOGO,apple_pay,completed
1012317,10,531,2026-03-24 12:18:59,delivery,,credit_card,completed
1012318,9,,2026-03-24 12:19:32,takeout,,cash,completed
1012319,12,811,2026-03-24 12:22:14,dine_in,,credit_card,completed
1012320,13,,2026-03-24 12:22:47,delivery,TACOBOGO,credit_card,completed
1012321,9,1758,2026-03-24 12:26:17,dine_in,TACOBOGO,credit_card,completed
1012322,13,440,2026-03-24 12:28:22,dine_in,,cash,completed
1012323,1,739,2026-03-24 12:28:47,dine_in,TACOBOGO,credit_card,completed
1012324,19,585,2026-03-24 12:29:03,dine_in,,credit_card,completed
1012325,6,,2026-03-24 12:29:25,delivery,,debit_card,completed
1012326,4,1619,2026-03-24 12:30:01,drive_thru,TACOBOGO,cash,completed
1012327,5,1535,2026-03-24 12:32:02,drive_thru,,apple_pay,completed
1012328,6,1714,2026-03-24 12:32:07,dine_in,,apple_pay,completed
1012329,14,,2026-03-24 12:33:47,delivery,TACOBOGO,credit_card,completed
1012330,13,138,03/24/2026 12:33,delivery,,credit_card,completed
1012331,15,2232,2026-03-24 12:34:53,delivery,TACOBOGO,credit_card,completed
1012332,16,119,2026-03-24 12:35:45,dine_in,,credit_card,completed
1012333,19,2474,2026-03-24 12:36:00,dine_in,TACOBOGO,apple_pay,completed
1012334,6,,2026-03-24 12:39:17,delivery,TACOBOGO,credit_card,completed
1012335,19,,2026-03-24 12:40:20,delivery,,credit_card,completed
1012336,10,,2026-03-24 12:41:21,drive_thru,TACOBOGO,debit_card,completed
1012337,11,1980,2026-03-24 12:41:21,delivery,TACOBOGO,credit_card,completed
1012338,3,2359,2026-03-24 12:42:09,dine_in,,credit_card,completed
1012339,2,,2026-03-24 12:42:42,delivery,TACOBOGO,apple_pay,completed
1012340,19,1419,2026-03-24 12:45:42,delivery,,credit_card,completed
1012341,8,913,2026-03-24 12:46:49,delivery,,credit_card,completed
1012342,4,771,2026-03-24 12:47:05,delivery,,credit_card,completed
1012343,3,1831,2026-03-24 12:47:31,,TACOBOGO,debit_card,completed
1012344,17,,2026-03-24 12:47:47,dine_in,,credit_card,completed
1012345,6,,2026-03-24 12:48:38,dine_in,TACOBOGO,credit_card,completed
1012346,2,1974,2026-03-24 12:50:05,delivery,TACOBOGO,credit_card,completed
1012347,17,,2026-03-24 12:50:06,dine_in,,apple_pay,completed
1012348,14,1725,2026-03-24 12:51:50,drive_thru,TACOBOGO,cash,completed
1012349,13,,2026-03-24 12:52:33,dine_in,TACOBOGO,cash,completed
1012350,2,2302,2026-03-24 12:52:40,takeout,TACOBOGO,credit_card,completed
1012351,2,2304,2026-03-24 12:52:40,delivery,TACOBOGO,credit_card,completed
1012352,11,2008,2026-03-24 12:53:51,delivery,TACOBOGO,debit_card,completed
1012353,7,2,2026-03-24 12:53:52,takeout,,cash,completed
1012354,4,,2026-03-24 12:54:20,drive_thru,,apple_pay,completed
1012355,7,,2026-03-24 12:54:21,takeout,,apple_pay,completed
1012356,4,,2026-03-24 12:54:53,dine_in,,credit_card,refunded
1012357,6,2353,2026-03-24 12:54:54,drive_thru,,cash,completed
1012358,4,2458,2026-03-24 12:54:59,delivery,TACOBOGO,debit_card,completed
1012359,2,,2026-03-24 12:55:42,delivery,,credit_card,completed
1012360,7,1444,2026-03-24 12:55:53,dine_in,TACOBOGO,debit_card,completed
1012361,18,386,2026-03-24 12:56:18,dine_in,,apple_pay,completed
1012362,11,2476,2026-03-24 12:57:54,delivery,,apple_pay,completed
1012363,11,,2026-03-24 12:58:10,dine_in,TACOBOGO,debit_card,completed
1012364,7,2223,2026-03-24 12:59:03,delivery,,credit_card,completed
1012365,6,,2026-03-24 12:59:10,dine_in,TACOBOGO,credit_card,completed
1012366,14,,2026-03-24 12:59:28,takeout,TACOBOGO,credit_card,completed
1012367,19,1365,2026-03-24 12:59:44,dine_in,TACOBOGO,credit_card,completed
1012368,7,,2026-03-24 13:00:10,dine_in,TACOBOGO,apple_pay,refunded
1012369,19,,03/24/2026 13:00,dine_in,,debit_card,completed
1012370,12,784,2026-03-24 13:03:40,dine_in,TACOBOGO,gift_card,completed
1012371,12,1751,2026-03-24 13:03:47,takeout,TACOBOGO,credit_card,completed
1012372,19,154,2026-03-24 13:04:56,delivery,TACOBOGO,credit_card,completed
1012373,10,1456,2026-03-24 13:04:59,drive_thru,,apple_pay,completed
1012374,13,,2026-03-24 13:05:13,delivery,TACOBOGO,credit_card,cancelled
1012375,10,,2026-03-24 13:06:07,delivery,,credit_card,completed
1012376,13,1699,2026-03-24 13:07:54,dine_in,TACOBOGO,gift_card,completed
1012377,10,2035,2026-03-24 13:09:39,takeout,TACOBOGO,debit_card,completed
1012378,5,2386,2026-03-24 13:11:32,drive_thru,TACOBOGO,credit_card,completed
1012379,11,,2026-03-24 13:12:40,,TACOBOGO,credit_card,completed
1012380,8,,2026-03-24 13:14:40,dine_in,,gift_card,refunded
1012381,5,,2026-03-24 13:16:20,drive_thru,TACOBOGO,cash,completed
1012382,6,537,2026-03-24 13:16:38,dine_in,,credit_card,completed
1012383,7,1056,2026-03-24 13:18:00,delivery,TACOBOGO,debit_card,completed
1012384,15,,2026-03-24 13:23:47,delivery,TACOBOGO,credit_card,cancelled
1012385,7,549,2026-03-24 13:25:45,delivery,TACOBOGO,credit_card,completed
1012386,8,229,2026-03-24 13:27:32,dine_in,,credit_card,completed
1012387,6,1384,2026-03-24 13:28:02,takeout,TACOBOGO,gift_card,completed
1012388,1,721,2026-03-24 13:32:13,dine_in,TACOBOGO,debit_card,completed
1012389,2,541,2026-03-24 13:35:19,dine_in,TACOBOGO,credit_card,refunded
1012390,9,1302,2026-03-24 13:38:37,takeout,TACOBOGO,credit_card,completed
1012391,19,1387,2026-03-24 13:42:15,dine_in,TACOBOGO,credit_card,completed
1012392,8,1710,2026-03-24 13:42:28,takeout,TACOBOGO,apple_pay,completed
1012393,13,35,2026-03-24 13:43:15,dine_in,,cash,completed
1012394,13,1826,2026-03-24 13:51:53,dine_in,,credit_card,completed
1012395,15,1156,2026-03-24 13:53:41,drive_thru,TACOBOGO,apple_pay,completed
1012396,17,501,2026-03-24 14:02:59,dine_in,,credit_card,completed
1012397,10,37,2026-03-24 14:15:51,drive_thru,,gift_card,completed
1012398,10,,2026-03-24 14:20:26,dine_in,TACOBOGO,credit_card,completed
1012399,19,2474,2026-03-24 14:29:37,drive_thru,,cash,completed
1012400,14,,2026-03-24 14:34:24,delivery,TACOBOGO,credit_card,completed
1012401,8,1982,2026-03-24 14:59:40,takeout,,credit_card,completed
1012402,4,916,2026-03-24 15:07:21,drive_thru,,credit_card,completed
1012403,16,,2026-03-24 15:22:29,dine_in,TACOBOGO,credit_card,completed
1012404,11,904,2026-03-24 16:28:21,drive_thru,TACOBOGO,credit_card,completed
1012405,18,1543,2026-03-24 16:41:47,dine_in,TACOBOGO,apple_pay,completed
1012406,6,,2026-03-24 16:55:12,drive_thru,,debit_card,refunded
1012407,6,685,2026-03-24 17:25:56,dine_in,,credit_card,refunded
1012408,15,,2026-03-24 17:32:58,drive_thru,,credit_card,completed
1012409,12,1652,2026-03-24 17:33:05,dine_in,TACOBOGO,credit_card,completed
1012410,17,1332,2026-03-24 17:33:23,dine_in,,apple_pay,completed
1012411,3,1848,2026-03-24 17:41:03,,TACOBOGO,debit_card,completed
1012412,14,,2026-03-24 17:41:14,delivery,,credit_card,completed
1012413,8,1327,2026-03-24 17:41:22,delivery,TACOBOGO,debit_card,completed
1012414,7,1305,2026-03-24 17:41:49,takeout,,cash,completed
1012415,7,645,2026-03-24 17:50:14,dine_in,,cash,completed
1012416,8,1092,2026-03-24 17:55:01,delivery,,credit_card,cancelled
1012417,19,2084,03/24/2026 17:55,takeout,,credit_card,completed
1012418,12,,2026-03-24 17:55:21,takeout,TACOBOGO,debit_card,completed
1012419,19,571,2026-03-24 17:57:12,delivery,TACOBOGO,credit_card,completed
1012420,11,1039,2026-03-24 17:57:43,drive_thru,,apple_pay,completed
1012421,9,925,2026-03-24 17:58:00,dine_in,,credit_card,completed
1012422,19,2170,2026-03-24 18:00:46,drive_thru,,debit_card,completed
1012423,3,,2026-03-24 18:03:54,takeout,TACOBOGO,credit_card,completed
1012424,9,,2026-03-24 18:04:07,takeout,,credit_card,completed
1012425,15,,2026-03-24 18:06:18,drive_thru,,credit_card,completed
1012426,2,,2026-03-24 18:07:00,delivery,,credit_card,completed
1012427,10,734,2026-03-24 18:07:48,delivery,TACOBOGO,debit_card,completed
1012428,6,,2026-03-24 18:08:36,dine_in,,credit_card,completed
1012429,6,289,2026-03-24 18:11:18,dine_in,TACOBOGO,apple_pay,completed
1012430,3,17,2026-03-24 18:12:12,dine_in,TACOBOGO,credit_card,completed
1012431,6,,2026-03-24 18:13:04,drive_thru,TACOBOGO,credit_card,completed
1012432,11,,2026-03-24 18:13:16,drive_thru,,cash,completed
1012433,6,496,2026-03-24 18:17:12,delivery,,debit_card,completed
1012434,8,,2026-03-24 18:17:28,dine_in,TACOBOGO,credit_card,completed
1012435,18,,2026-03-24 18:17:38,drive_thru,,credit_card,cancelled
1012436,2,,2026-03-24 18:18:47,dine_in,,credit_card,completed
1012437,1,1701,03/24/2026 18:19,dine_in,TACOBOGO,debit_card,completed
1012438,4,,2026-03-24 18:21:41,dine_in,,credit_card,completed
1012439,14,,2026-03-24 18:21:41,delivery,,credit_card,completed
1012440,2,319,2026-03-24 18:23:45,takeout,,debit_card,completed
1012441,2,,2026-03-24 18:24:40,takeout,TACOBOGO,debit_card,completed
1012442,12,,2026-03-24 18:25:09,takeout,,credit_card,completed
1012443,18,,2026-03-24 18:27:42,takeout,TACOBOGO,credit_card,completed
1012444,6,882,2026-03-24 18:28:52,drive_thru,TACOBOGO,cash,completed
1012445,10,2283,2026-03-24 18:28:52,dine_in,TACOBOGO,debit_card,completed
1012446,1,,2026-03-24 18:29:56,takeout,TACOBOGO,apple_pay,completed
1012447,14,195,2026-03-24 18:31:05,drive_thru,TACOBOGO,credit_card,completed
1012448,11,1442,2026-03-24 18:31:10,delivery,TACOBOGO,debit_card,completed
1012449,7,2218,2026-03-24 18:31:20,dine_in,,cash,completed
1012450,3,2275,2026-03-24 18:31:29,delivery,TACOBOGO,credit_card,completed
1012451,17,1084,2026-03-24 18:31:45,dine_in,,credit_card,completed
1012452,13,,2026-03-24 18:35:24,dine_in,,credit_card,completed
1012453,8,958,2026-03-24 18:36:07,delivery,,credit_card,completed
1012454,6,,2026-03-24 18:38:58,takeout,,debit_card,completed
1012455,9,,2026-03-24 18:39:59,delivery,TACOBOGO,credit_card,completed
1012456,10,,2026-03-24 18:41:28,dine_in,,cash,completed
1012457,14,,2026-03-24 18:44:08,dine_in,TACOBOGO,gift_card,completed
1012458,4,696,2026-03-24 18:44:51,takeout,TACOBOGO,credit_card,completed
1012459,11,1148,2026-03-24 18:46:18,dine_in,TACOBOGO,gift_card,completed
1012460,16,848,2026-03-24 18:47:11,delivery,,credit_card,completed
1012461,19,2199,2026-03-24 18:47:15,dine_in,TACOBOGO,credit_card,completed
1012462,12,2251,2026-03-24 18:48:49,dine_in,,gift_card,completed
1012463,14,2277,2026-03-24 18:51:12,drive_thru,TACOBOGO,credit_card,completed
1012464,14,,2026-03-24 18:51:27,dine_in,TACOBOGO,cash,completed
1012465,6,2265,2026-03-24 18:53:18,dine_in,TACOBOGO,credit_card,completed
1012466,6,,2026-03-24 18:54:31,drive_thru,TACOBOGO,credit_card,completed
1012467,10,1323,2026-03-24 18:58:38,dine_in,TACOBOGO,credit_card,completed
1012468,3,,2026-03-24 19:01:38,dine_in,TACOBOGO,credit_card,completed
1012469,2,,2026-03-24 19:02:38,takeout,TACOBOGO,credit_card,completed
1012470,14,2187,2026-03-24 19:03:50,takeout,TACOBOGO,credit_card,completed
1012471,12,,2026-03-24 19:06:28,takeout,TACOBOGO,debit_card,completed
1012472,14,,2026-03-24 19:08:09,delivery,TACOBOGO,credit_card,completed
1012473,17,,03/24/2026 19:08,dine_in,,apple_pay,completed
1012474,7,2201,2026-03-24 19:10:09,delivery,TACOBOGO,credit_card,completed
1012475,6,497,2026-03-24 19:11:44,takeout,,credit_card,completed
1012476,19,,2026-03-24 19:11:56,dine_in,TACOBOGO,apple_pay,completed
1012477,18,2267,2026-03-24 19:11:58,takeout,TACOBOGO,credit_card,completed
1012478,3,1220,2026-03-24 19:12:38,takeout,TACOBOGO,credit_card,completed
1012479,13,,2026-03-24 19:15:21,dine_in,,credit_card,completed
1012480,6,829,2026-03-24 19:16:46,delivery,,credit_card,completed
1012481,7,479,2026-03-24 19:17:36,delivery,,debit_card,refunded
1012482,15,1237,03/24/2026 19:18,dine_in,TACOBOGO,gift_card,completed
1012483,19,830,2026-03-24 19:19:58,drive_thru,TACOBOGO,cash,completed
1012484,3,1499,2026-03-24 19:22:00,dine_in,,credit_card,completed
1012485,10,1107,2026-03-24 19:22:01,drive_thru,,credit_card,completed
1012486,6,381,2026-03-24 19:24:46,takeout,,debit_card,completed
1012487,13,1984,2026-03-24 19:24:59,takeout,,debit_card,completed
1012488,13,1072,2026-03-24 19:25:36,delivery,,credit_card,completed
1012489,14,2277,2026-03-24 19:25:52,takeout,TACOBOGO,debit_card,completed
1012490,1,1137,2026-03-24 19:26:24,takeout,,credit_card,completed
1012491,10,2343,2026-03-24 19:26:44,delivery,TACOBOGO,credit_card,completed
1012492,14,,2026-03-24 19:29:42,delivery,,credit_card,completed
1012493,12,166,2026-03-24 19:31:18,takeout,,debit_card,completed
1012494,6,88,2026-03-24 19:31:28,drive_thru,,credit_card,completed
1012495,16,994,2026-03-24 19:32:20,takeout,TACOBOGO,credit_card,completed
1012496,7,,2026-03-24 19:34:11,dine_in,,credit_card,completed
1012497,1,613,2026-03-24 19:34:48,delivery,,credit_card,completed
1012498,14,,2026-03-24 19:35:39,delivery,TACOBOGO,credit_card,completed
1012499,10,489,2026-03-24 19:37:52,drive_thru,TACOBOGO,debit_card,completed
1012500,17,2317,2026-03-24 19:39:40,takeout,TACOBOGO,cash,completed
1012501,12,811,2026-03-24 19:41:25,dine_in,,cash,completed
1012502,15,,2026-03-24 19:49:15,takeout,,debit_card,completed
1012503,8,,2026-03-24 19:50:21,takeout,TACOBOGO,credit_card,completed
1012504,1,,2026-03-24 19:52:50,dine_in,TACOBOGO,cash,completed
1012505,17,,2026-03-24 19:55:02,dine_in,TACOBOGO,cash,completed
1012506,3,532,2026-03-24 19:58:04,takeout,TACOBOGO,credit_card,completed
1012507,3,984,2026-03-24 19:58:09,takeout,TACOBOGO,debit_card,completed
1012508,6,1033,2026-03-24 19:59:31,dine_in,,credit_card,completed
1012509,15,2253,2026-03-24 20:01:24,drive_thru,TACOBOGO,apple_pay,completed
1012510,14,814,2026-03-24 20:02:01,dine_in,TACOBOGO,credit_card,completed
1012511,9,1447,2026-03-24 20:04:15,dine_in,,credit_card,completed
1012512,6,,2026-03-24 20:07:50,delivery,,debit_card,completed
1012513,14,729,2026-03-24 20:15:10,dine_in,TACOBOGO,gift_card,completed
1012514,11,,2026-03-24 20:28:36,dine_in,TACOBOGO,cash,completed
1012515,8,925,2026-03-24 20:30:04,takeout,,debit_card,completed
1012516,19,,2026-03-24 20:34:14,dine_in,,credit_card,completed
1012517,1,2003,2026-03-24 20:38:29,delivery,TACOBOGO,credit_card,completed
1012518,12,811,2026-03-24 20:39:18,dine_in,TACOBOGO,gift_card,completed
1012519,10,302,2026-03-24 20:54:43,takeout,TACOBOGO,credit_card,completed
1012520,3,,2026-03-24 21:13:36,dine_in,TACOBOGO,cash,completed
1012521,4,1443,2026-03-24 21:15:24,drive_thru,,credit_card,completed
1012522,13,,2026-03-24 21:21:02,dine_in,,credit_card,refunded
1012523,6,2174,2026-03-24 21:45:34,delivery,TACOBOGO,credit_card,completed
1012524,6,,2026-03-24 21:47:33,takeout,,cash,cancelled
1012525,17,760,2026-03-25 11:18:11,takeout,,apple_pay,completed
1012526,18,694,2026-03-25 11:20:35,takeout,,credit_card,completed
1012527,4,57,2026-03-25 11:26:11,delivery,,gift_card,completed
1012528,4,1608,2026-03-25 11:36:43,drive_thru,,cash,completed
1012529,4,1571,2026-03-25 11:38:30,takeout,,credit_card,completed
1012530,19,,2026-03-25 11:44:49,takeout,,apple_pay,completed
1012531,15,,2026-03-25 11:46:16,dine_in,,credit_card,completed
1012532,7,2068,2026-03-25 11:49:52,takeout,,debit_card,completed
1012533,9,1589,2026-03-25 11:50:07,takeout,,debit_card,completed
1012534,5,2498,2026-03-25 11:53:53,takeout,,gift_card,completed
1012535,19,,2026-03-25 11:54:03,delivery,,credit_card,completed
1012536,15,,2026-03-25 11:54:50,dine_in,,credit_card,completed
1012537,3,1527,2026-03-25 11:56:03,takeout,,gift_card,completed
1012538,17,,2026-03-25 11:59:25,takeout,,credit_card,completed
1012539,9,1788,2026-03-25 11:59:48,drive_thru,,cash,completed
1012540,8,,2026-03-25 12:01:08,delivery,,credit_card,completed
1012541,6,,2026-03-25 12:01:44,drive_thru,,credit_card,completed
1012542,8,,2026-03-25 12:05:55,dine_in,,cash,completed
1012543,15,413,2026-03-25 12:08:47,takeout,,debit_card,completed
1012544,12,1214,2026-03-25 12:11:33,takeout,,apple_pay,completed
1012545,6,,2026-03-25 12:12:04,dine_in,,credit_card,completed
1012546,17,2434,2026-03-25 12:13:53,dine_in,,debit_card,completed
1012547,12,,2026-03-25 12:14:35,delivery,,credit_card,completed
1012548,12,,2026-03-25 12:18:26,dine_in,,credit_card,completed
1012549,18,,2026-03-25 12:20:24,delivery,,credit_card,completed
1012550,11,1377,2026-03-25 12:27:14,delivery,,credit_card,completed
1012551,11,522,2026-03-25 12:28:20,drive_thru,,credit_card,completed
1012552,6,,2026-03-25 12:29:52,,,credit_card,completed
1012553,11,1789,2026-03-25 12:30:28,dine_in,,credit_card,completed
1012554,18,1893,2026-03-25 12:31:41,delivery,,apple_pay,completed
1012555,8,1829,2026-03-25 12:36:14,delivery,,debit_card,completed
1012556,11,,2026-03-25 12:42:39,dine_in,,apple_pay,completed
1012557,13,2010,2026-03-25 12:45:46,dine_in,,credit_card,completed
1012558,6,1776,2026-03-25 12:51:45,delivery,,apple_pay,completed
1012559,7,,2026-03-25 12:51:51,dine_in,,apple_pay,completed
1012560,5,,2026-03-25 12:53:18,dine_in,,credit_card,completed
1012561,14,815,2026-03-25 12:53:36,delivery,,credit_card,refunded
1012562,18,386,2026-03-25 12:56:28,dine_in,,cash,completed
1012563,4,1527,2026-03-25 12:59:02,dine_in,,apple_pay,completed
1012564,8,513,2026-03-25 13:01:13,dine_in,,gift_card,completed
1012565,3,,2026-03-25 13:03:01,dine_in,,debit_card,completed
1012566,11,1513,2026-03-25 13:08:17,takeout,,credit_card,completed
1012567,3,184,2026-03-25 13:10:29,dine_in,,debit_card,completed
1012568,18,,2026-03-25 13:14:17,delivery,,gift_card,completed
1012569,9,2005,2026-03-25 13:14:56,drive_thru,,cash,completed
1012570,4,1443,2026-03-25 13:24:41,,,credit_card,completed
1012571,9,37,2026-03-25 13:25:58,dine_in,,gift_card,completed
1012572,1,1437,2026-03-25 13:52:25,dine_in,,apple_pay,completed
1012573,10,,2026-03-25 13:54:17,delivery,,credit_card,refunded
1012574,1,116,2026-03-25 15:00:26,delivery,,credit_card,cancelled
1012575,17,2120,2026-03-25 15:12:20,delivery,,credit_card,completed
1012576,9,,2026-03-25 15:45:54,delivery,,credit_card,refunded
1012577,2,1382,2026-03-25 15:50:59,delivery,,debit_card,completed
1012578,12,697,2026-03-25 16:01:48,delivery,,credit_card,completed
1012579,11,,2026-03-25 16:02:53,drive_thru,,debit_card,completed
1012580,18,2460,2026-03-25 16:43:33,,,apple_pay,completed
1012581,18,1051,2026-03-25 17:16:44,dine_in,,credit_card,completed
1012582,13,578,2026-03-25 17:51:02,dine_in,,debit_card,completed
1012583,7,636,2026-03-25 18:02:26,dine_in,,cash,completed
1012584,12,860,2026-03-25 18:04:59,dine_in,,credit_card,completed
1012585,11,1302,2026-03-25 18:05:27,takeout,,apple_pay,completed
1012586,9,1406,2026-03-25 18:13:22,delivery,,credit_card,completed
1012587,6,1776,2026-03-25 18:16:29,delivery,,credit_card,completed
1012588,18,1733,2026-03-25 18:17:44,drive_thru,,cash,completed
1012589,12,227,2026-03-25 18:18:18,dine_in,,credit_card,completed
1012590,16,2357,2026-03-25 18:25:44,dine_in,,credit_card,completed
1012591,7,2155,2026-03-25 18:27:22,takeout,,credit_card,completed
1012592,8,1194,2026-03-25 18:28:36,takeout,,gift_card,completed
1012593,19,,2026-03-25 18:31:53,takeout,,cash,completed
1012594,1,2486,2026-03-25 18:38:07,delivery,,apple_pay,completed
1012595,4,179,2026-03-25 18:39:19,delivery,,credit_card,completed
1012596,6,,2026-03-25 18:39:39,takeout,,credit_card,completed
1012597,11,,2026-03-25 18:40:36,delivery,,debit_card,completed
1012598,17,2496,2026-03-25 18:41:13,delivery,,credit_card,completed
1012599,7,900,2026-03-25 18:46:41,dine_in,,debit_card,completed
1012600,7,912,2026-03-25 18:47:32,dine_in,,credit_card,refunded
1012601,16,,2026-03-25 18:48:05,takeout,,credit_card,completed
1012602,2,,2026-03-25 18:48:40,dine_in,,cash,completed
1012603,4,51,2026-03-25 18:50:26,drive_thru,,gift_card,completed
1012604,19,,2026-03-25 18:54:06,delivery,,apple_pay,completed
1012605,19,,2026-03-25 18:58:33,takeout,,credit_card,completed
1012606,1,,2026-03-25 18:59:28,dine_in,,apple_pay,completed
1012607,2,1790,2026-03-25 19:03:33,dine_in,,debit_card,completed
1012608,1,706,2026-03-25 19:03:56,takeout,,debit_card,completed
1012609,11,,2026-03-25 19:05:35,takeout,,credit_card,completed
1012610,8,,03/25/2026 19:07,delivery,,credit_card,completed
1012611,12,,2026-03-25 19:10:49,takeout,,cash,completed
1012612,2,,2026-03-25 19:13:52,dine_in,,debit_card,completed
1012613,11,,2026-03-25 19:14:07,takeout,,credit_card,completed
1012614,3,,2026-03-25 19:17:43,delivery,,credit_card,completed
1012615,4,996,2026-03-25 19:18:30,drive_thru,,credit_card,completed
1012616,7,598,2026-03-25 19:21:15,dine_in,,debit_card,refunded
1012617,15,1066,2026-03-25 19:24:29,dine_in,,cash,completed
1012618,8,819,2026-03-25 19:25:20,takeout,,apple_pay,completed
1012619,19,368,2026-03-25 19:27:26,delivery,,credit_card,completed
1012620,10,2436,2026-03-25 19:30:40,drive_thru,,gift_card,completed
1012621,2,644,2026-03-25 19:32:04,dine_in,,credit_card,completed
1012622,5,,2026-03-25 19:38:02,delivery,,credit_card,completed
1012623,14,1214,2026-03-25 19:38:22,takeout,,credit_card,completed
1012624,11,1377,2026-03-25 19:40:32,takeout,,credit_card,cancelled
1012625,18,,2026-03-25 19:50:56,delivery,,credit_card,completed
1012626,18,,2026-03-25 20:25:56,delivery,,debit_card,completed
1012627,7,146,2026-03-25 20:30:23,dine_in,,apple_pay,completed
1012628,17,,2026-03-25 20:57:36,takeout,,cash,completed
1012629,17,,2026-03-25 21:14:12,takeout,,credit_card,completed
1012630,2,2174,2026-03-25 21:26:37,dine_in,,cash,completed
1012631,14,458,2026-03-25 21:26:44,drive_thru,,cash,refunded
1012632,6,369,2026-03-25 21:46:46,dine_in,,credit_card,completed
1012633,15,,2026-03-26 10:49:57,dine_in,,credit_card,completed
1012634,8,2428,2026-03-26 10:56:35,delivery,,credit_card,completed
1012635,14,1657,2026-03-26 11:08:33,takeout,,apple_pay,completed
1012636,5,1585,2026-03-26 11:16:18,delivery,,credit_card,completed
1012637,9,1922,03/26/2026 11:30,takeout,,credit_card,completed
1012638,6,,2026-03-26 11:37:59,delivery,,credit_card,completed
1012639,6,,03/26/2026 11:47,delivery,,credit_card,completed
1012640,19,2390,2026-03-26 11:49:23,takeout,,credit_card,completed
1012641,19,2114,2026-03-26 11:49:39,drive_thru,,gift_card,completed
1012642,16,1545,2026-03-26 11:49:49,dine_in,,credit_card,completed
1012643,9,763,2026-03-26 11:52:31,delivery,,debit_card,completed
1012644,14,2086,2026-03-26 11:52:56,delivery,,credit_card,completed
1012645,4,51,2026-03-26 11:54:19,drive_thru,,debit_card,completed
1012646,13,1178,2026-03-26 11:56:56,delivery,,apple_pay,completed
1012647,19,1352,2026-03-26 11:57:22,dine_in,,debit_card,completed
1012648,19,,2026-03-26 11:57:56,takeout,,debit_card,completed
1012649,7,,2026-03-26 12:01:13,dine_in,,debit_card,completed
1012650,3,,2026-03-26 12:01:33,takeout,,debit_card,completed
1012651,6,,2026-03-26 12:01:36,dine_in,,credit_card,completed
1012652,8,2233,2026-03-26 12:04:00,delivery,,credit_card,completed
1012653,9,1438,2026-03-26 12:04:40,delivery,,apple_pay,completed
1012654,6,2169,2026-03-26 12:06:14,takeout,,credit_card,completed
1012655,10,,03/26/2026 12:06,delivery,,credit_card,completed
1012656,8,,2026-03-26 12:10:21,takeout,,apple_pay,completed
1012657,10,,2026-03-26 12:10:47,takeout,,credit_card,completed
1012658,12,38,2026-03-26 12:10:48,takeout,,apple_pay,completed
1012659,1,,2026-03-26 12:12:32,takeout,,credit_card,completed
1012660,7,1865,2026-03-26 12:13:35,takeout,,credit_card,completed
1012661,15,2410,2026-03-26 12:14:02,takeout,,cash,completed
1012662,1,253,2026-03-26 12:15:25,dine_in,,apple_pay,completed
1012663,5,436,2026-03-26 12:15:29,delivery,,credit_card,completed
1012664,1,575,2026-03-26 12:16:45,delivery,,credit_card,completed
1012665,4,,2026-03-26 12:18:16,dine_in,,apple_pay,completed
1012666,18,2167,2026-03-26 12:30:53,dine_in,,credit_card,completed
1012667,1,,2026-03-26 12:33:19,takeout,,cash,completed
1012668,18,1832,2026-03-26 12:34:45,drive_thru,,debit_card,completed
1012669,13,,2026-03-26 12:35:15,takeout,,credit_card,completed
1012670,4,1506,2026-03-26 12:35:34,drive_thru,,debit_card,completed
1012671,19,1266,2026-03-26 12:36:37,drive_thru,,credit_card,completed
1012672,18,2384,2026-03-26 12:37:11,dine_in,,gift_card,completed
1012673,6,685,2026-03-26 12:39:51,delivery,,credit_card,completed
1012674,11,,2026-03-26 12:41:56,drive_thru,,apple_pay,completed
1012675,8,104,2026-03-26 12:42:42,delivery,,debit_card,completed
1012676,11,2425,2026-03-26 12:44:40,delivery,,credit_card,completed
1012677,6,429,2026-03-26 12:45:40,drive_thru,,credit_card,completed
1012678,4,1743,2026-03-26 12:50:18,dine_in,,debit_card,completed
1012679,6,576,2026-03-26 12:50:22,dine_in,,cash,completed
1012680,7,,2026-03-26 12:51:33,delivery,,credit_card,completed
1012681,13,,2026-03-26 12:52:58,dine_in,,credit_card,completed
1012682,13,,2026-03-26 12:53:56,delivery,,credit_card,completed
1012683,11,1796,2026-03-26 12:56:00,takeout,,apple_pay,completed
1012684,2,,2026-03-26 12:58:20,delivery,,credit_card,completed
1012685,8,1327,2026-03-26 12:58:56,delivery,,credit_card,completed
1012686,4,,2026-03-26 12:58:57,dine_in,,cash,completed
1012687,16,2161,2026-03-26 13:00:00,dine_in,,debit_card,completed
1012688,16,1545,2026-03-26 13:02:15,,,cash,completed
1012689,2,,2026-03-26 13:03:07,dine_in,,debit_card,completed
1012690,13,,2026-03-26 13:05:02,takeout,,debit_card,completed
1012691,19,1394,2026-03-26 13:05:42,delivery,,credit_card,completed
1012692,8,,2026-03-26 13:07:58,delivery,,credit_card,completed
1012693,1,,2026-03-26 13:13:03,delivery,,credit_card,completed
1012694,10,,2026-03-26 13:14:10,dine_in,,credit_card,completed
1012695,9,,2026-03-26 13:21:06,dine_in,,cash,completed
1012696,2,2222,2026-03-26 13:21:38,dine_in,,credit_card,completed
1012697,11,550,2026-03-26 13:24:36,takeout,,credit_card,completed
1012698,14,1990,2026-03-26 13:42:13,delivery,,credit_card,completed
1012699,2,,2026-03-26 13:45:55,takeout,,cash,completed
1012700,3,888,2026-03-26 13:47:22,takeout,,credit_card,completed
1012701,1,,2026-03-26 14:33:15,dine_in,,cash,completed
1012702,6,,2026-03-26 15:11:24,dine_in,,debit_card,completed
1012703,14,2087,2026-03-26 16:01:46,dine_in,,apple_pay,completed
1012704,18,2250,2026-03-26 16:46:58,delivery,,apple_pay,completed
1012705,10,884,2026-03-26 17:00:10,delivery,,debit_card,completed
1012706,13,,2026-03-26 17:06:17,delivery,,credit_card,completed
1012707,19,,2026-03-26 17:20:03,takeout,,apple_pay,completed
1012708,6,,2026-03-26 17:25:40,takeout,,credit_card,completed
1012709,14,2277,2026-03-26 17:46:07,,,cash,completed
1012710,14,,2026-03-26 17:54:15,drive_thru,,credit_card,completed
1012711,6,1664,2026-03-26 18:11:41,dine_in,,credit_card,completed
1012712,11,940,2026-03-26 18:19:15,dine_in,,cash,completed
1012713,18,,2026-03-26 18:23:39,drive_thru,,credit_card,completed
1012714,16,,2026-03-26 18:27:26,dine_in,,cash,completed
1012715,9,217,2026-03-26 18:29:05,takeout,,debit_card,completed
1012716,2,1436,2026-03-26 18:32:46,takeout,,cash,completed
1012717,1,932,2026-03-26 18:34:18,dine_in,,credit_card,completed
1012718,11,670,2026-03-26 18:40:44,drive_thru,,cash,completed
1012719,9,,2026-03-26 18:40:55,takeout,,credit_card,completed
1012720,3,1497,2026-03-26 18:44:31,dine_in,,gift_card,completed
1012721,19,1537,2026-03-26 18:45:39,dine_in,,credit_card,completed
1012722,4,2269,2026-03-26 18:46:06,dine_in,,cash,completed
1012723,6,289,2026-03-26 18:46:35,drive_thru,,credit_card,completed
1012724,6,384,2026-03-26 18:49:46,drive_thru,,debit_card,completed
1012725,11,1398,2026-03-26 18:50:42,dine_in,,credit_card,completed
1012726,17,218,2026-03-26 18:50:46,delivery,,gift_card,completed
1012727,4,,2026-03-26 18:51:24,delivery,,debit_card,completed
1012728,2,,2026-03-26 18:56:10,dine_in,,debit_card,completed
1012729,7,,2026-03-26 18:58:50,delivery,,apple_pay,completed
1012730,3,2265,2026-03-26 19:04:12,takeout,,credit_card,completed
1012731,6,,2026-03-26 19:04:29,dine_in,,credit_card,completed
1012732,18,1740,2026-03-26 19:05:09,takeout,,credit_card,completed
1012733,13,566,2026-03-26 19:07:16,dine_in,,apple_pay,completed
1012734,4,1349,2026-03-26 19:07:48,delivery,,debit_card,completed
1012735,6,1902,2026-03-26 19:10:23,takeout,,apple_pay,completed
1012736,10,,2026-03-26 19:11:46,dine_in,,credit_card,cancelled
1012737,14,2482,2026-03-26 19:11:47,drive_thru,,debit_card,completed
1012738,18,,2026-03-26 19:12:09,dine_in,,debit_card,refunded
1012739,18,1001,2026-03-26 19:13:33,delivery,,credit_card,completed
1012740,7,1567,2026-03-26 19:16:56,dine_in,,gift_card,completed
1012741,12,1736,2026-03-26 19:24:18,takeout,,credit_card,completed
1012742,8,,2026-03-26 19:27:12,takeout,,credit_card,completed
1012743,18,1469,2026-03-26 19:28:20,dine_in,,credit_card,completed
1012744,1,,2026-03-26 19:28:34,dine_in,,apple_pay,completed
1012745,8,,03/26/2026 19:28,dine_in,,credit_card,completed
1012746,4,332,2026-03-26 19:30:18,dine_in,,debit_card,completed
1012747,5,950,03/26/2026 19:31,dine_in,,apple_pay,completed
1012748,1,1424,2026-03-26 19:34:42,takeout,,debit_card,completed
1012749,6,,2026-03-26 19:37:35,dine_in,,cash,completed
1012750,2,755,2026-03-26 19:41:10,dine_in,,credit_card,completed
1012751,19,,2026-03-26 19:43:50,drive_thru,,credit_card,completed
1012752,4,,2026-03-26 19:46:28,takeout,,apple_pay,completed
1012753,1,,2026-03-26 19:53:41,dine_in,,credit_card,completed
1012754,8,,2026-03-26 19:53:43,takeout,,gift_card,completed
1012755,11,2387,2026-03-26 19:59:32,drive_thru,,credit_card,completed
1012756,12,430,2026-03-26 20:00:07,delivery,,credit_card,completed
1012757,1,978,2026-03-26 20:00:48,delivery,,gift_card,completed
1012758,13,196,2026-03-26 20:05:23,takeout,,credit_card,completed
1012759,12,334,2026-03-26 20:07:58,delivery,,credit_card,completed
1012760,12,1941,2026-03-26 20:20:59,delivery,,debit_card,completed
1012761,2,1210,2026-03-26 20:24:57,delivery,,apple_pay,completed
1012762,18,672,2026-03-26 20:27:26,dine_in,,debit_card,completed
1012763,18,400,2026-03-26 20:43:01,dine_in,,credit_card,completed
1012764,7,1904,2026-03-26 20:49:12,delivery,,credit_card,completed
1012765,17,2054,2026-03-26 20:55:17,dine_in,,credit_card,completed
1012766,17,,2026-03-26 21:39:20,dine_in,,cash,completed
1012767,8,1461,2026-03-26 21:39:54,dine_in,,credit_card,completed
1012768,13,,2026-03-26 21:43:20,dine_in,,debit_card,completed
1012769,15,596,2026-03-26 21:46:49,drive_thru,,credit_card,completed
1012770,14,,2026-03-27 10:56:52,dine_in,,credit_card,completed
1012771,14,,2026-03-27 11:02:11,delivery,,apple_pay,completed
1012772,12,1234,2026-03-27 11:07:41,dine_in,,apple_pay,completed
1012773,4,434,2026-03-27 11:21:49,drive_thru,,credit_card,completed
1012774,19,80,2026-03-27 11:24:36,dine_in,,cash,completed
1012775,19,1041,2026-03-27 11:25:43,dine_in,,credit_card,completed
1012776,13,391,2026-03-27 11:28:28,delivery,,credit_card,completed
1012777,8,1092,2026-03-27 11:28:55,dine_in,,credit_card,refunded
1012778,12,2175,2026-03-27 11:30:20,dine_in,,debit_card,completed
1012779,1,1649,2026-03-27 11:31:26,delivery,,credit_card,completed
1012780,16,,2026-03-27 11:31:41,dine_in,,debit_card,completed
1012781,15,2268,2026-03-27 11:34:13,dine_in,,credit_card,completed
1012782,18,4,2026-03-27 11:40:31,drive_thru,,credit_card,completed
1012783,6,,2026-03-27 11:47:05,drive_thru,,credit_card,refunded
1012784,7,495,2026-03-27 11:51:34,dine_in,,credit_card,completed
1012785,8,1092,2026-03-27 11:51:34,dine_in,,debit_card,completed
1012786,18,276,2026-03-27 11:53:36,drive_thru,,apple_pay,completed
1012787,4,778,2026-03-27 11:54:14,dine_in,,credit_card,completed
1012788,6,1020,2026-03-27 11:57:00,takeout,,credit_card,completed
1012789,3,965,2026-03-27 11:57:16,takeout,,debit_card,completed
1012790,8,1242,2026-03-27 12:01:24,delivery,,credit_card,completed
1012791,7,,2026-03-27 12:03:30,dine_in,,credit_card,completed
1012792,1,,2026-03-27 12:06:27,delivery,,credit_card,completed
1012793,4,1988,2026-03-27 12:06:45,dine_in,,debit_card,completed
1012794,19,357,2026-03-27 12:09:45,takeout,,cash,completed
1012795,12,,2026-03-27 12:10:19,delivery,,apple_pay,completed
1012796,8,,2026-03-27 12:10:50,takeout,,credit_card,completed
1012797,5,,2026-03-27 12:11:25,takeout,,apple_pay,completed
1012798,8,,2026-03-27 12:11:46,takeout,,credit_card,completed
1012799,5,,2026-03-27 12:13:54,takeout,,credit_card,completed
1012800,15,398,2026-03-27 12:15:20,drive_thru,,cash,completed
1012801,12,334,2026-03-27 12:15:39,delivery,,apple_pay,completed
1012802,17,,2026-03-27 12:16:09,dine_in,,apple_pay,completed
1012803,17,1147,2026-03-27 12:17:18,dine_in,,cash,completed
1012804,3,,2026-03-27 12:17:53,dine_in,,credit_card,completed
1012805,4,252,2026-03-27 12:18:57,dine_in,,cash,completed
1012806,16,1431,2026-03-27 12:19:26,takeout,,debit_card,completed
1012807,5,,2026-03-27 12:21:16,dine_in,,gift_card,completed
1012808,2,,2026-03-27 12:22:35,takeout,,credit_card,completed
1012809,17,,2026-03-27 12:22:46,dine_in,,gift_card,completed
1012810,16,1655,2026-03-27 12:22:49,takeout,,cash,completed
1012811,16,2465,2026-03-27 12:23:46,takeout,,credit_card,cancelled
1012812,13,,2026-03-27 12:23:51,takeout,,credit_card,completed
1012813,3,,2026-03-27 12:24:45,delivery,,credit_card,completed
1012814,5,889,2026-03-27 12:26:50,dine_in,,credit_card,completed
1012815,13,1465,2026-03-27 12:27:53,takeout,,debit_card,completed
1012816,7,701,2026-03-27 12:29:15,dine_in,,cash,completed
1012817,5,1637,2026-03-27 12:29:53,delivery,,gift_card,completed
1012818,18,161,2026-03-27 12:30:09,dine_in,,debit_card,completed
1012819,14,195,2026-03-27 12:31:32,dine_in,,debit_card,completed
1012820,5,,2026-03-27 12:31:57,delivery,,credit_card,completed
1012821,11,522,2026-03-27 12:33:05,dine_in,,gift_card,completed
1012822,11,1346,2026-03-27 12:33:50,takeout,,credit_card,completed
1012823,15,,2026-03-27 12:34:26,takeout,,credit_card,completed
1012824,14,1657,2026-03-27 12:37:55,delivery,,debit_card,completed
1012825,2,1974,2026-03-27 12:38:03,delivery,,credit_card,completed
1012826,11,1849,2026-03-27 12:38:12,drive_thru,,debit_card,completed
1012827,4,193,2026-03-27 12:38:19,drive_thru,,credit_card,completed
1012828,16,33,2026-03-27 12:40:44,delivery,,debit_card,completed
1012829,7,13,2026-03-27 12:41:07,delivery,,credit_card,completed
1012830,11,,2026-03-27 12:42:00,takeout,,apple_pay,completed
1012831,4,1443,2026-03-27 12:42:25,drive_thru,,credit_card,completed
1012832,14,,2026-03-27 12:44:30,dine_in,,apple_pay,completed
1012833,18,1130,2026-03-27 12:45:58,,,credit_card,completed
1012834,17,,2026-03-27 12:48:01,delivery,,credit_card,completed
1012835,10,,2026-03-27 12:48:03,drive_thru,,credit_card,completed
1012836,10,1459,2026-03-27 12:50:09,drive_thru,,debit_card,completed
1012837,13,,2026-03-27 12:51:42,delivery,,credit_card,completed
1012838,10,484,2026-03-27 12:52:01,delivery,,credit_card,completed
1012839,14,98,2026-03-27 12:53:01,drive_thru,,credit_card,completed
1012840,2,1356,2026-03-27 12:53:20,dine_in,,debit_card,completed
1012841,10,2310,2026-03-27 12:54:12,dine_in,,debit_card,completed
1012842,10,556,2026-03-27 12:54:55,delivery,,credit_card,completed
1012843,8,2285,2026-03-27 12:56:07,dine_in,,apple_pay,completed
1012844,17,,2026-03-27 12:57:50,dine_in,,credit_card,completed
1012845,17,,2026-03-27 12:59:29,dine_in,,credit_card,completed
1012846,3,532,2026-03-27 13:01:06,dine_in,,debit_card,completed
1012847,13,546,2026-03-27 13:01:35,dine_in,,apple_pay,completed
1012848,12,,03/27/2026 13:01,takeout,,credit_card,completed
1012849,4,865,2026-03-27 13:06:28,delivery,,credit_card,completed
1012850,6,537,2026-03-27 13:12:33,dine_in,,credit_card,refunded
1012851,19,2017,2026-03-27 13:12:50,drive_thru,,gift_card,completed
1012852,15,1819,2026-03-27 13:15:41,delivery,,debit_card,completed
1012853,4,,2026-03-27 13:17:42,drive_thru,,debit_card,completed
1012854,19,2126,2026-03-27 13:18:07,delivery,,apple_pay,completed
1012855,3,2181,2026-03-27 13:19:34,takeout,,cash,completed
1012856,19,1063,2026-03-27 13:27:23,dine_in,,credit_card,completed
1012857,12,1652,2026-03-27 13:28:03,takeout,,credit_card,completed
1012858,10,,2026-03-27 13:28:16,dine_in,,apple_pay,cancelled
1012859,14,584,2026-03-27 13:35:16,takeout,,debit_card,completed
1012860,13,345,2026-03-27 13:35:43,delivery,,credit_card,completed
1012861,14,1401,2026-03-27 13:45:35,dine_in,,credit_card,completed
1012862,8,656,2026-03-27 13:57:10,takeout,,debit_card,completed
1012863,17,1433,2026-03-27 14:00:56,delivery,,credit_card,completed
1012864,17,483,2026-03-27 14:11:48,dine_in,,cash,completed
1012865,5,739,2026-03-27 14:21:08,dine_in,,apple_pay,completed
1012866,3,,2026-03-27 14:34:34,dine_in,,debit_card,completed
1012867,13,,2026-03-27 14:45:08,dine_in,,credit_card,completed
1012868,10,,2026-03-27 14:55:51,delivery,,credit_card,completed
1012869,6,,2026-03-27 15:21:32,drive_thru,,credit_card,completed
1012870,5,,2026-03-27 15:52:10,drive_thru,,apple_pay,completed
1012871,7,127,2026-03-27 15:53:38,dine_in,,debit_card,completed
1012872,17,1192,2026-03-27 15:53:52,dine_in,,credit_card,refunded
1012873,5,808,2026-03-27 15:54:07,dine_in,,apple_pay,completed
1012874,4,,2026-03-27 16:14:19,takeout,,credit_card,completed
1012875,12,,2026-03-27 17:35:24,delivery,,credit_card,completed
1012876,6,2439,2026-03-27 17:49:13,dine_in,,credit_card,completed
1012877,2,,2026-03-27 17:56:49,dine_in,,credit_card,completed
1012878,2,1471,2026-03-27 17:57:16,delivery,,debit_card,completed
1012879,12,,2026-03-27 18:00:13,takeout,,debit_card,completed
1012880,2,2171,2026-03-27 18:02:13,delivery,,debit_card,completed
1012881,12,1885,2026-03-27 18:05:34,dine_in,,debit_card,completed
1012882,11,,2026-03-27 18:06:49,dine_in,,credit_card,completed
1012883,16,1545,2026-03-27 18:09:45,takeout,,credit_card,completed
1012884,19,2017,2026-03-27 18:17:16,drive_thru,,debit_card,completed
1012885,7,,2026-03-27 18:19:02,dine_in,,apple_pay,completed
1012886,1,2189,2026-03-27 18:19:55,delivery,,credit_card,completed
1012887,8,924,2026-03-27 18:21:24,delivery,,credit_card,completed
1012888,16,119,2026-03-27 18:22:15,takeout,,credit_card,completed
1012889,6,164,2026-03-27 18:23:21,delivery,,apple_pay,completed
1012890,9,1139,2026-03-27 18:23:40,delivery,,credit_card,completed
1012891,10,531,2026-03-27 18:23:46,drive_thru,,debit_card,completed
1012892,6,,2026-03-27 18:23:48,drive_thru,,credit_card,completed
1012893,4,,2026-03-27 18:27:05,delivery,,debit_card,completed
1012894,14,,2026-03-27 18:29:13,takeout,,cash,completed
1012895,8,,2026-03-27 18:31:41,dine_in,,apple_pay,completed
1012896,7,1827,2026-03-27 18:32:47,dine_in,,cash,completed
1012897,2,,2026-03-27 18:34:04,dine_in,,credit_card,completed
1012898,18,,2026-03-27 18:34:56,dine_in,,credit_card,completed
1012899,19,,2026-03-27 18:34:59,dine_in,,credit_card,completed
1012900,7,,2026-03-27 18:36:28,dine_in,,credit_card,completed
1012901,10,556,2026-03-27 18:42:11,dine_in,,gift_card,refunded
1012902,7,2450,2026-03-27 18:43:56,dine_in,,cash,completed
1012903,15,910,2026-03-27 18:44:26,dine_in,,debit_card,completed
1012904,4,1814,2026-03-27 18:44:52,delivery,,credit_card,completed
1012905,1,630,2026-03-27 18:46:27,takeout,,gift_card,completed
1012906,16,1579,2026-03-27 18:50:00,dine_in,,credit_card,completed
1012907,7,2355,2026-03-27 18:50:20,dine_in,,cash,completed
1012908,19,1581,2026-03-27 18:51:35,drive_thru,,debit_card,completed
1012909,10,1810,03/27/2026 18:55,delivery,,debit_card,completed
1012910,7,149,2026-03-27 18:56:02,dine_in,,credit_card,completed
1012911,8,2220,2026-03-27 18:56:09,dine_in,,credit_card,completed
1012912,2,901,2026-03-27 18:59:34,dine_in,,cash,completed
1012913,4,2109,2026-03-27 19:01:27,drive_thru,,cash,completed
1012914,2,,2026-03-27 19:04:20,delivery,,debit_card,completed
1012915,5,1177,2026-03-27 19:09:38,delivery,,credit_card,completed
1012916,3,588,2026-03-27 19:10:04,dine_in,,credit_card,completed
1012917,4,1578,2026-03-27 19:10:44,drive_thru,,credit_card,completed
1012918,15,619,2026-03-27 19:11:20,delivery,,credit_card,completed
1012919,12,225,2026-03-27 19:14:16,dine_in,,credit_card,completed
1012920,10,62,2026-03-27 19:15:12,takeout,,debit_card,cancelled
1012921,10,2338,2026-03-27 19:16:43,delivery,,credit_card,completed
1012922,16,769,2026-03-27 19:18:34,dine_in,,apple_pay,completed
1012923,4,1038,2026-03-27 19:20:23,dine_in,,credit_card,completed
1012924,11,,2026-03-27 19:20:37,delivery,,credit_card,completed
1012925,14,584,2026-03-27 19:20:46,drive_thru,,debit_card,completed
1012926,1,,2026-03-27 19:21:24,delivery,,credit_card,completed
1012927,19,885,2026-03-27 19:22:46,drive_thru,,debit_card,completed
1012928,5,1871,2026-03-27 19:23:55,drive_thru,,credit_card,completed
1012929,3,868,2026-03-27 19:25:28,takeout,,credit_card,completed
1012930,16,1700,2026-03-27 19:25:54,dine_in,,cash,completed
1012931,15,554,2026-03-27 19:25:55,takeout,,cash,refunded
1012932,19,1175,2026-03-27 19:26:15,takeout,,debit_card,completed
1012933,7,2286,2026-03-27 19:27:23,delivery,,apple_pay,completed
1012934,3,30,2026-03-27 19:27:27,dine_in,,credit_card,completed
1012935,3,,2026-03-27 19:28:55,delivery,,gift_card,completed
1012936,16,1083,2026-03-27 19:29:58,dine_in,,cash,completed
1012937,3,920,2026-03-27 19:30:19,dine_in,,debit_card,completed
1012938,3,238,2026-03-27 19:30:57,takeout,,apple_pay,completed
1012939,7,,2026-03-27 19:31:11,dine_in,,cash,completed
1012940,4,,2026-03-27 19:34:08,dine_in,,debit_card,completed
1012941,17,,2026-03-27 19:35:08,,,credit_card,completed
1012942,6,1501,2026-03-27 19:35:45,dine_in,,apple_pay,completed
1012943,13,,2026-03-27 19:36:06,dine_in,,cash,completed
1012944,16,1474,2026-03-27 19:36:30,dine_in,,debit_card,completed
1012945,5,2206,2026-03-27 19:39:10,,,debit_card,completed
1012946,19,1519,2026-03-27 19:39:13,drive_thru,,debit_card,completed
1012947,8,656,2026-03-27 19:39:33,dine_in,,debit_card,completed
1012948,18,,2026-03-27 19:40:57,dine_in,,credit_card,completed
1012949,5,1077,2026-03-27 19:42:00,dine_in,,credit_card,completed
1012950,13,,2026-03-27 19:42:36,takeout,,credit_card,completed
1012951,3,2179,2026-03-27 19:46:14,dine_in,,credit_card,completed
1012952,14,2453,2026-03-27 19:48:36,,,credit_card,completed
1012953,19,,2026-03-27 19:50:01,dine_in,,credit_card,completed
1012954,8,,2026-03-27 19:50:53,dine_in,,credit_card,completed
1012955,19,1474,2026-03-27 19:50:55,delivery,,apple_pay,completed
1012956,11,2350,2026-03-27 19:55:42,delivery,,credit_card,completed
1012957,15,910,2026-03-27 19:59:14,drive_thru,,credit_card,completed
1012958,8,,2026-03-27 20:05:28,dine_in,,credit_card,cancelled
1012959,1,,2026-03-27 20:05:49,takeout,,cash,completed
1012960,3,,2026-03-27 20:07:25,dine_in,,apple_pay,completed
1012961,10,1808,2026-03-27 20:12:51,dine_in,,debit_card,completed
1012962,16,,2026-03-27 20:18:42,dine_in,,cash,completed
1012963,12,,2026-03-27 20:21:04,,,credit_card,completed
1012964,6,1776,2026-03-27 20:23:54,dine_in,,credit_card,completed
1012965,1,2110,2026-03-27 20:32:57,dine_in,,debit_card,completed
1012966,14,1614,2026-03-27 20:34:57,dine_in,,credit_card,cancelled
1012967,16,60,2026-03-27 20:56:40,dine_in,,cash,completed
1012968,18,2344,2026-03-27 21:24:29,delivery,,apple_pay,completed
1012969,12,504,2026-03-27 21:31:52,dine_in,,credit_card,completed
1012970,6,378,2026-03-27 21:42:18,takeout,,debit_card,completed
1012971,4,1384,2026-03-27 21:54:41,dine_in,,apple_pay,completed
1012972,3,,2026-03-28 10:35:14,takeout,,cash,completed
1012973,3,1097,2026-03-28 10:48:07,takeout,,credit_card,completed
1012974,19,320,2026-03-28 10:51:12,,,credit_card,completed
1012975,12,1736,2026-03-28 10:51:25,takeout,,cash,completed
1012976,13,2345,2026-03-28 10:57:06,delivery,,credit_card,completed
1012977,6,731,2026-03-28 11:02:45,dine_in,,credit_card,completed
1012978,7,568,2026-03-28 11:05:51,takeout,,credit_card,completed
1012979,4,,2026-03-28 11:06:17,dine_in,,apple_pay,completed
1012980,2,1790,2026-03-28 11:16:05,dine_in,,gift_card,completed
1012981,2,2177,2026-03-28 11:26:15,takeout,,debit_card,completed
1012982,13,2431,2026-03-28 11:27:08,takeout,,credit_card,completed
1012983,3,,2026-03-28 11:28:45,takeout,,credit_card,completed
1012984,16,2250,2026-03-28 11:40:38,dine_in,,credit_card,completed
1012985,14,298,2026-03-28 11:42:56,dine_in,,cash,completed
1012986,16,2434,2026-03-28 11:44:10,takeout,,credit_card,completed
1012987,19,,2026-03-28 11:47:48,takeout,,apple_pay,completed
1012988,5,,2026-03-28 11:49:13,delivery,,credit_card,completed
1012989,7,296,2026-03-28 11:52:23,delivery,,credit_card,completed
1012990,12,,2026-03-28 11:52:36,takeout,,credit_card,completed
1012991,15,181,2026-03-28 11:54:48,delivery,,apple_pay,completed
1012992,7,304,2026-03-28 11:56:47,takeout,,apple_pay,completed
1012993,7,2000,2026-03-28 11:57:16,delivery,,debit_card,completed
1012994,14,1296,2026-03-28 11:58:16,dine_in,,debit_card,completed
1012995,14,,2026-03-28 12:02:15,delivery,,debit_card,completed
1012996,6,1226,2026-03-28 12:02:50,takeout,,cash,completed
1012997,6,,2026-03-28 12:03:10,drive_thru,,credit_card,completed
1012998,3,1988,2026-03-28 12:06:27,takeout,,credit_card,completed
1012999,2,1096,2026-03-28 12:06:32,dine_in,,cash,completed
1013000,12,214,2026-03-28 12:06:47,dine_in,,credit_card,completed
1013001,19,271,2026-03-28 12:07:06,takeout,,credit_card,completed
1013002,2,2322,2026-03-28 12:08:43,takeout,,debit_card,completed
1013003,10,1705,2026-03-28 12:09:27,takeout,,credit_card,completed
1013004,4,1848,2026-03-28 12:12:20,drive_thru,,gift_card,completed
1013005,5,,2026-03-28 12:14:19,dine_in,,cash,completed
1013006,9,1171,2026-03-28 12:18:41,dine_in,,gift_card,completed
1013007,17,1477,2026-03-28 12:20:14,dine_in,,credit_card,completed
1013008,16,1889,2026-03-28 12:20:23,dine_in,,credit_card,completed
1013009,17,1656,2026-03-28 12:21:25,takeout,,credit_card,completed
1013010,12,334,2026-03-28 12:25:47,dine_in,,cash,completed
1013011,18,,2026-03-28 12:25:53,dine_in,,apple_pay,completed
1013012,4,747,2026-03-28 12:28:44,drive_thru,,credit_card,completed
1013013,13,,2026-03-28 12:28:57,dine_in,,apple_pay,completed
1013014,16,36,2026-03-28 12:29:45,delivery,,gift_card,completed
1013015,19,117,2026-03-28 12:31:51,drive_thru,,debit_card,completed
1013016,19,1394,2026-03-28 12:31:57,dine_in,,credit_card,completed
1013017,14,855,03/28/2026 12:33,delivery,,credit_card,completed
1013018,15,11,2026-03-28 12:33:15,dine_in,,credit_card,completed
1013019,13,1478,2026-03-28 12:33:48,dine_in,,credit_card,completed
1013020,12,1212,2026-03-28 12:34:02,dine_in,,debit_card,completed
1013021,16,559,2026-03-28 12:38:56,dine_in,,credit_card,completed
1013022,15,337,2026-03-28 12:39:33,delivery,,debit_card,cancelled
1013023,16,,03/28/2026 12:39,dine_in,,cash,completed
1013024,3,1491,2026-03-28 12:43:32,delivery,,credit_card,completed
1013025,17,1948,2026-03-28 12:43:40,dine_in,,debit_card,completed
1013026,11,,2026-03-28 12:46:52,dine_in,,cash,completed
1013027,11,823,2026-03-28 12:46:59,takeout,,credit_card,completed
1013028,16,607,03/28/2026 12:48,dine_in,,cash,completed
1013029,7,549,2026-03-28 12:52:30,dine_in,,cash,completed
1013030,6,1951,2026-03-28 12:55:43,dine_in,,credit_card,completed
1013031,7,930,2026-03-28 12:56:33,dine_in,,credit_card,completed
1013032,3,1512,2026-03-28 12:58:25,dine_in,,apple_pay,completed
1013033,7,,2026-03-28 12:58:29,dine_in,,apple_pay,completed
1013034,1,2077,2026-03-28 13:01:45,delivery,,apple_pay,cancelled
1013035,14,413,2026-03-28 13:02:07,delivery,,credit_card,completed
1013036,8,118,2026-03-28 13:02:22,dine_in,,gift_card,completed
1013037,4,1848,2026-03-28 13:05:21,takeout,,apple_pay,completed
1013038,12,2309,2026-03-28 13:08:08,dine_in,,credit_card,completed
1013039,17,414,2026-03-28 13:08:36,takeout,,credit_card,completed
1013040,3,683,2026-03-28 13:09:47,dine_in,,credit_card,completed
1013041,6,2439,2026-03-28 13:10:53,drive_thru,,credit_card,completed
1013042,2,1790,2026-03-28 13:17:54,dine_in,,debit_card,completed
1013043,16,,2026-03-28 13:20:21,takeout,,debit_card,completed
1013044,13,1478,2026-03-28 13:20:49,takeout,,credit_card,completed
1013045,12,2426,2026-03-28 13:21:03,takeout,,apple_pay,completed
1013046,7,,2026-03-28 13:23:31,delivery,,debit_card,completed
1013047,12,1885,2026-03-28 13:30:58,delivery,,debit_card,completed
1013048,5,170,2026-03-28 13:33:06,dine_in,,debit_card,completed
1013049,4,974,2026-03-28 13:34:06,delivery,,gift_card,completed
1013050,8,,2026-03-28 13:37:36,dine_in,,debit_card,completed
1013051,2,1572,2026-03-28 13:40:47,delivery,,credit_card,completed
1013052,1,2040,2026-03-28 13:42:52,takeout,,apple_pay,completed
1013053,10,1129,2026-03-28 13:44:54,drive_thru,,apple_pay,completed
1013054,6,882,2026-03-28 13:47:51,dine_in,,debit_card,completed
1013055,16,1691,2026-03-28 13:48:55,dine_in,,apple_pay,completed
1013056,15,1465,2026-03-28 13:49:00,drive_thru,,credit_card,completed
1013057,9,217,2026-03-28 14:05:17,drive_thru,,apple_pay,completed
1013058,4,1955,2026-03-28 14:19:36,takeout,,debit_card,completed
1013059,4,974,2026-03-28 14:37:42,drive_thru,,debit_card,completed
1013060,13,,2026-03-28 14:46:15,delivery,,debit_card,completed
1013061,6,2324,2026-03-28 14:46:26,takeout,,gift_card,completed
1013062,8,1729,2026-03-28 14:51:15,dine_in,,credit_card,completed
1013063,4,1677,2026-03-28 15:14:31,delivery,,apple_pay,completed
1013064,8,,2026-03-28 15:33:18,dine_in,,credit_card,completed
1013065,4,1608,2026-03-28 16:01:24,takeout,,credit_card,completed
1013066,13,2490,2026-03-28 16:22:51,dine_in,,credit_card,completed
1013067,7,766,2026-03-28 16:35:42,takeout,,credit_card,completed
1013068,19,,2026-03-28 17:43:38,dine_in,,credit_card,completed
1013069,7,,2026-03-28 17:44:42,dine_in,,cash,completed
1013070,2,920,2026-03-28 17:51:14,dine_in,,credit_card,completed
1013071,14,195,2026-03-28 17:53:11,dine_in,,debit_card,completed
1013072,10,,2026-03-28 17:57:10,dine_in,,debit_card,completed
1013073,4,1347,2026-03-28 17:59:35,drive_thru,,debit_card,completed
1013074,7,1623,2026-03-28 17:59:48,takeout,,credit_card,completed
1013075,9,,2026-03-28 18:00:03,delivery,,credit_card,completed
1013076,10,,2026-03-28 18:02:30,drive_thru,,credit_card,completed
1013077,11,1758,2026-03-28 18:09:26,dine_in,,gift_card,completed
1013078,5,1648,2026-03-28 18:10:37,takeout,,debit_card,completed
1013079,6,,2026-03-28 18:11:20,takeout,,gift_card,completed
1013080,12,,2026-03-28 18:11:39,delivery,,credit_card,completed
1013081,8,,2026-03-28 18:16:26,delivery,,debit_card,completed
1013082,3,,2026-03-28 18:17:54,takeout,,credit_card,completed
1013083,10,,2026-03-28 18:19:21,drive_thru,,credit_card,completed
1013084,7,2068,2026-03-28 18:22:58,dine_in,,credit_card,completed
1013085,19,2199,2026-03-28 18:23:44,takeout,,credit_card,completed
1013086,8,,2026-03-28 18:25:55,takeout,,credit_card,completed
1013087,8,,2026-03-28 18:31:37,delivery,,credit_card,completed
1013088,6,1714,2026-03-28 18:32:09,drive_thru,,credit_card,completed
1013089,4,1224,2026-03-28 18:32:25,dine_in,,apple_pay,completed
1013090,7,1759,2026-03-28 18:36:46,dine_in,,credit_card,completed
1013091,11,,2026-03-28 18:36:49,drive_thru,,debit_card,completed
1013092,18,81,2026-03-28 18:36:58,takeout,,credit_card,refunded
1013093,13,1539,2026-03-28 18:40:56,takeout,,credit_card,completed
1013094,19,954,03/28/2026 18:41,dine_in,,apple_pay,completed
1013095,1,1929,2026-03-28 18:42:35,dine_in,,credit_card,completed
1013096,19,1635,2026-03-28 18:43:46,takeout,,credit_card,completed
1013097,7,,2026-03-28 18:47:54,dine_in,,credit_card,completed
1013098,4,,2026-03-28 18:49:30,drive_thru,,debit_card,completed
1013099,9,2033,2026-03-28 18:50:49,dine_in,,credit_card,completed
1013100,19,2300,2026-03-28 18:57:04,delivery,,credit_card,completed
1013101,2,,2026-03-28 18:58:09,delivery,,credit_card,completed
1013102,14,1449,2026-03-28 18:58:57,takeout,,credit_card,refunded
1013103,13,,2026-03-28 18:59:43,takeout,,apple_pay,completed
1013104,7,,2026-03-28 19:01:10,takeout,,debit_card,completed
1013105,14,,2026-03-28 19:01:49,drive_thru,,credit_card,completed
1013106,4,,2026-03-28 19:01:59,delivery,,credit_card,completed
1013107,11,,2026-03-28 19:02:21,takeout,,credit_card,completed
1013108,1,2018,2026-03-28 19:02:41,takeout,,cash,completed
1013109,12,,2026-03-28 19:04:06,dine_in,,credit_card,completed
1013110,9,1886,2026-03-28 19:05:30,delivery,,credit_card,completed
1013111,18,1689,2026-03-28 19:09:07,dine_in,,cash,completed
1013112,7,,2026-03-28 19:10:02,delivery,,credit_card,completed
1013113,18,,2026-03-28 19:10:08,takeout,,credit_card,completed
1013114,2,2399,2026-03-28 19:10:57,dine_in,,credit_card,completed
1013115,5,1964,2026-03-28 19:11:19,drive_thru,,debit_card,refunded
1013116,11,2387,2026-03-28 19:11:56,takeout,,apple_pay,completed
1013117,16,970,2026-03-28 19:13:40,delivery,,credit_card,completed
1013118,4,1761,2026-03-28 19:13:56,drive_thru,,debit_card,completed
1013119,9,1859,2026-03-28 19:14:24,drive_thru,,credit_card,completed
1013120,12,1237,2026-03-28 19:14:40,dine_in,,debit_card,completed
1013121,16,,2026-03-28 19:14:40,takeout,,credit_card,completed
1013122,3,1634,2026-03-28 19:16:04,delivery,,credit_card,completed
1013123,14,1401,2026-03-28 19:16:16,dine_in,,credit_card,completed
1013124,12,,2026-03-28 19:20:45,delivery,,credit_card,completed
1013125,2,1748,2026-03-28 19:20:57,dine_in,,credit_card,completed
1013126,1,219,2026-03-28 19:22:39,delivery,,credit_card,completed
1013127,18,2384,2026-03-28 19:22:53,dine_in,,credit_card,completed
1013128,16,,2026-03-28 19:24:32,takeout,,credit_card,completed
1013129,5,,2026-03-28 19:26:57,takeout,,apple_pay,cancelled
1013130,1,570,2026-03-28 19:27:17,dine_in,,debit_card,completed
1013131,1,1141,2026-03-28 19:28:13,dine_in,,credit_card,completed
1013132,6,1714,2026-03-28 19:30:24,drive_thru,,debit_card,completed
1013133,12,470,2026-03-28 19:34:44,takeout,,credit_card,completed
1013134,8,1475,2026-03-28 19:35:42,takeout,,gift_card,completed
1013135,16,500,2026-03-28 19:36:50,dine_in,,credit_card,completed
1013136,9,,2026-03-28 19:38:28,drive_thru,,credit_card,completed
1013137,17,1290,2026-03-28 19:39:57,dine_in,,cash,completed
1013138,2,2177,2026-03-28 19:44:46,dine_in,,debit_card,completed
1013139,10,,2026-03-28 19:45:07,dine_in,,credit_card,completed
1013140,17,147,2026-03-28 19:52:17,dine_in,,credit_card,completed
1013141,16,2468,2026-03-28 19:56:44,delivery,,debit_card,completed
1013142,4,1601,2026-03-28 19:57:27,dine_in,,credit_card,completed
1013143,7,,2026-03-28 19:57:59,takeout,,cash,completed
1013144,16,647,2026-03-28 20:00:55,dine_in,,credit_card,completed
1013145,5,2362,2026-03-28 20:06:26,dine_in,,cash,completed
1013146,7,,2026-03-28 20:09:06,delivery,,credit_card,completed
1013147,3,,2026-03-28 20:16:19,delivery,,debit_card,completed
1013148,15,,2026-03-28 20:22:38,dine_in,,cash,completed
1013149,10,1863,2026-03-28 20:25:09,drive_thru,,debit_card,completed
1013150,1,,2026-03-28 20:25:44,takeout,,credit_card,completed
1013151,5,1585,2026-03-28 20:26:41,drive_thru,,debit_card,completed
1013152,2,,2026-03-28 20:35:47,dine_in,,debit_card,completed
1013153,16,1655,2026-03-28 20:36:48,delivery,,credit_card,completed
1013154,18,,2026-03-28 20:51:49,dine_in,,cash,completed
1013155,14,914,2026-03-28 20:56:24,drive_thru,,credit_card,refunded
1013156,8,1904,2026-03-28 21:30:36,dine_in,,credit_card,completed
1013157,7,1866,2026-03-28 21:52:27,,,cash,completed
1013158,1,,2026-03-28 21:54:10,delivery,,debit_card,completed
1013159,2,2322,2026-03-29 10:30:40,dine_in,,gift_card,completed
1013160,9,1302,2026-03-29 10:54:17,drive_thru,,credit_card,completed
1013161,11,1844,2026-03-29 10:56:37,dine_in,,cash,completed
1013162,2,2498,2026-03-29 11:15:44,delivery,,apple_pay,completed
1013163,8,256,2026-03-29 11:21:11,dine_in,,debit_card,completed
1013164,18,132,2026-03-29 11:21:34,dine_in,,cash,completed
1013165,3,,2026-03-29 11:26:59,dine_in,,apple_pay,completed
1013166,3,,2026-03-29 11:47:11,takeout,,credit_card,completed
1013167,11,,2026-03-29 11:48:00,dine_in,,credit_card,completed
1013168,12,2358,2026-03-29 11:51:03,takeout,,debit_card,refunded
1013169,9,,2026-03-29 11:54:22,dine_in,,credit_card,completed
1013170,3,1091,2026-03-29 11:55:21,dine_in,,cash,refunded
1013171,19,,2026-03-29 11:56:58,dine_in,,apple_pay,completed
1013172,18,,2026-03-29 11:59:19,dine_in,,debit_card,completed
1013173,9,2285,2026-03-29 12:00:33,dine_in,,apple_pay,completed
1013174,9,1053,2026-03-29 12:00:47,drive_thru,,debit_card,completed
1013175,2,,2026-03-29 12:01:25,takeout,,debit_card,completed
1013176,7,77,2026-03-29 12:01:33,dine_in,,debit_card,completed
1013177,14,,2026-03-29 12:02:02,drive_thru,,apple_pay,completed
1013178,2,,2026-03-29 12:02:43,takeout,,apple_pay,completed
1013179,8,958,2026-03-29 12:04:44,takeout,,cash,completed
1013180,19,1378,2026-03-29 12:05:49,dine_in,,cash,completed
1013181,17,147,2026-03-29 12:07:32,dine_in,,apple_pay,completed
1013182,5,2397,2026-03-29 12:14:13,,,cash,completed
1013183,18,838,2026-03-29 12:18:34,delivery,,credit_card,completed
1013184,18,276,2026-03-29 12:18:35,delivery,,credit_card,completed
1013185,6,2179,2026-03-29 12:19:22,dine_in,,cash,completed
1013186,1,2279,2026-03-29 12:20:20,delivery,,debit_card,completed
1013187,14,,2026-03-29 12:20:20,drive_thru,,cash,completed
1013188,7,,2026-03-29 12:24:34,dine_in,,cash,completed
1013189,16,962,2026-03-29 12:29:08,dine_in,,apple_pay,completed
1013190,9,2027,2026-03-29 12:33:02,takeout,,credit_card,completed
1013191,14,779,2026-03-29 12:35:06,takeout,,gift_card,completed
1013192,1,71,2026-03-29 12:41:37,dine_in,,credit_card,refunded
1013193,18,1146,2026-03-29 12:41:38,takeout,,gift_card,completed
1013194,15,,2026-03-29 12:43:14,dine_in,,debit_card,completed
1013195,19,1094,2026-03-29 12:44:23,delivery,,debit_card,completed
1013196,16,,2026-03-29 12:46:22,takeout,,credit_card,completed
1013197,12,2371,03/29/2026 12:48,dine_in,,apple_pay,completed
1013198,7,2035,2026-03-29 12:52:12,delivery,,gift_card,completed
1013199,18,259,2026-03-29 12:52:32,delivery,,credit_card,completed
1013200,6,,2026-03-29 12:53:16,dine_in,,debit_card,completed
1013201,5,681,2026-03-29 12:55:09,dine_in,,credit_card,completed
1013202,14,2323,2026-03-29 12:55:30,dine_in,,credit_card,completed
1013203,11,2056,2026-03-29 12:58:55,dine_in,,credit_card,completed
1013204,18,,2026-03-29 13:01:32,dine_in,,debit_card,completed
1013205,12,214,2026-03-29 13:02:18,takeout,,credit_card,completed
1013206,9,,2026-03-29 13:06:29,takeout,,credit_card,completed
1013207,13,2431,2026-03-29 13:06:29,takeout,,apple_pay,completed
1013208,12,,2026-03-29 13:07:26,takeout,,debit_card,completed
1013209,6,299,2026-03-29 13:10:41,delivery,,debit_card,completed
1013210,4,,2026-03-29 13:11:31,delivery,,credit_card,completed
1013211,13,1109,2026-03-29 13:17:43,delivery,,debit_card,completed
1013212,7,,2026-03-29 13:20:08,delivery,,credit_card,completed
1013213,15,910,2026-03-29 13:22:32,delivery,,gift_card,cancelled
1013214,1,1723,2026-03-29 13:31:07,dine_in,,credit_card,completed
1013215,15,398,2026-03-29 13:39:11,dine_in,,cash,refunded
1013216,13,2001,2026-03-29 13:44:12,dine_in,,credit_card,completed
1013217,7,1275,2026-03-29 13:45:33,delivery,,apple_pay,completed
1013218,5,1585,2026-03-29 13:54:31,dine_in,,debit_card,completed
1013219,3,,2026-03-29 14:01:26,dine_in,,debit_card,completed
1013220,16,338,2026-03-29 14:04:31,dine_in,,debit_card,completed
1013221,3,1634,2026-03-29 14:23:31,delivery,,apple_pay,completed
1013222,8,1962,2026-03-29 14:51:15,delivery,,credit_card,completed
1013223,4,,2026-03-29 15:17:52,,,debit_card,completed
1013224,10,734,2026-03-29 15:52:37,drive_thru,,credit_card,completed
1013225,4,1601,2026-03-29 16:23:43,drive_thru,,debit_card,completed
1013226,3,69,2026-03-29 16:52:36,delivery,,credit_card,cancelled
1013227,14,,2026-03-29 17:05:10,drive_thru,,credit_card,completed
1013228,6,487,2026-03-29 17:14:15,dine_in,,apple_pay,completed
1013229,17,1540,2026-03-29 17:38:25,dine_in,,cash,completed
1013230,7,551,2026-03-29 17:45:29,takeout,,apple_pay,completed
1013231,6,310,2026-03-29 18:00:42,drive_thru,,credit_card,completed
1013232,18,1935,2026-03-29 18:02:26,dine_in,,credit_card,completed
1013233,19,2126,2026-03-29 18:05:45,drive_thru,,credit_card,completed
1013234,8,1589,2026-03-29 18:06:03,takeout,,credit_card,completed
1013235,1,,2026-03-29 18:11:47,dine_in,,credit_card,completed
1013236,8,1107,2026-03-29 18:12:06,delivery,,credit_card,completed
1013237,1,,2026-03-29 18:12:15,delivery,,apple_pay,completed
1013238,13,,2026-03-29 18:12:25,takeout,,credit_card,completed
1013239,12,2085,2026-03-29 18:12:46,takeout,,cash,completed
1013240,11,1442,2026-03-29 18:13:18,drive_thru,,credit_card,completed
1013241,1,748,2026-03-29 18:14:09,delivery,,credit_card,completed
1013242,11,,2026-03-29 18:15:05,drive_thru,,cash,completed
1013243,6,882,2026-03-29 18:16:03,delivery,,credit_card,completed
1013244,5,536,2026-03-29 18:16:08,drive_thru,,credit_card,completed
1013245,8,,2026-03-29 18:21:11,takeout,,apple_pay,completed
1013246,15,,2026-03-29 18:24:10,dine_in,,credit_card,completed
1013247,16,1472,2026-03-29 18:24:26,takeout,,credit_card,completed
1013248,6,1510,2026-03-29 18:25:56,dine_in,,cash,completed
1013249,19,1411,2026-03-29 18:28:32,takeout,,debit_card,completed
1013250,1,,2026-03-29 18:34:00,dine_in,,credit_card,completed
1013251,1,1709,2026-03-29 18:34:05,takeout,,apple_pay,completed
1013252,4,2402,2026-03-29 18:34:10,delivery,,credit_card,completed
1013253,6,1714,2026-03-29 18:34:59,drive_thru,,debit_card,completed
1013254,16,119,2026-03-29 18:35:06,dine_in,,credit_card,completed
1013255,5,1030,2026-03-29 18:37:49,takeout,,credit_card,completed
1013256,6,,2026-03-29 18:38:21,delivery,,credit_card,completed
1013257,3,829,2026-03-29 18:43:54,dine_in,,apple_pay,completed
1013258,1,2486,2026-03-29 18:43:56,delivery,,credit_card,completed
1013259,16,,2026-03-29 18:45:32,dine_in,,credit_card,completed
1013260,7,,2026-03-29 18:48:32,dine_in,,credit_card,completed
1013261,14,,2026-03-29 18:51:05,delivery,,credit_card,completed
1013262,14,,2026-03-29 18:51:50,dine_in,,debit_card,completed
1013263,17,,2026-03-29 18:51:58,dine_in,,cash,completed
1013264,3,1373,2026-03-29 18:52:05,delivery,,debit_card,completed
1013265,7,107,2026-03-29 18:53:20,takeout,,credit_card,refunded
1013266,6,921,2026-03-29 18:55:14,delivery,,credit_card,completed
1013267,14,,2026-03-29 18:56:17,takeout,,credit_card,completed
1013268,9,2451,2026-03-29 18:57:16,takeout,,cash,completed
1013269,10,,2026-03-29 19:03:02,delivery,,credit_card,completed
1013270,14,313,2026-03-29 19:04:26,delivery,,credit_card,completed
1013271,19,668,2026-03-29 19:05:53,delivery,,credit_card,completed
1013272,14,,2026-03-29 19:08:19,dine_in,,cash,completed
1013273,2,1407,2026-03-29 19:10:01,delivery,,apple_pay,completed
1013274,14,,2026-03-29 19:12:14,delivery,,credit_card,completed
1013275,17,,2026-03-29 19:13:29,takeout,,debit_card,completed
1013276,18,,2026-03-29 19:13:44,delivery,,credit_card,completed
1013277,1,,2026-03-29 19:15:19,dine_in,,apple_pay,completed
1013278,6,2439,03/29/2026 19:20,drive_thru,,credit_card,completed
1013279,9,,2026-03-29 19:21:09,takeout,,apple_pay,completed
1013280,6,,2026-03-29 19:21:57,drive_thru,,credit_card,completed
1013281,14,546,2026-03-29 19:24:33,dine_in,,cash,completed
1013282,3,141,2026-03-29 19:29:10,takeout,,credit_card,completed
1013283,13,1826,2026-03-29 19:30:54,dine_in,,credit_card,completed
1013284,13,,2026-03-29 19:32:13,takeout,,cash,completed
1013285,3,953,2026-03-29 19:32:25,takeout,,debit_card,completed
1013286,2,849,2026-03-29 19:34:35,delivery,,credit_card,cancelled
1013287,6,24,2026-03-29 19:36:55,drive_thru,,apple_pay,completed
1013288,17,377,2026-03-29 19:40:21,takeout,,gift_card,completed
1013289,16,,2026-03-29 19:43:50,dine_in,,debit_card,refunded
1013290,18,534,2026-03-29 19:46:48,delivery,,credit_card,completed
1013291,2,1471,03/29/2026 19:50,takeout,,credit_card,completed
1013292,13,578,2026-03-29 19:53:33,takeout,,cash,completed
1013293,1,755,2026-03-29 19:55:42,takeout,,debit_card,cancelled
1013294,19,,2026-03-29 19:57:26,drive_thru,,cash,completed
1013295,5,1081,2026-03-29 19:59:51,dine_in,,gift_card,completed
1013296,19,483,2026-03-29 20:02:53,dine_in,,credit_card,completed
1013297,10,,2026-03-29 20:07:09,drive_thru,,debit_card,completed
1013298,16,,2026-03-29 20:07:54,delivery,,debit_card,completed
1013299,5,2080,2026-03-29 20:20:27,takeout,,cash,completed
1013300,15,374,2026-03-29 20:25:43,drive_thru,,debit_card,completed
1013301,3,,2026-03-29 20:26:54,dine_in,,gift_card,completed
1013302,17,,2026-03-29 20:42:01,dine_in,,cash,completed
1013303,3,17,2026-03-29 21:11:00,takeout,,cash,completed
1013304,11,,2026-03-29 21:21:01,delivery,,credit_card,completed
1013305,19,919,2026-03-29 21:25:33,takeout,,apple_pay,completed
1013306,10,,2026-03-29 21:37:54,drive_thru,,apple_pay,completed
1013307,4,,2026-03-30 10:33:00,dine_in,,credit_card,completed
1013308,17,555,2026-03-30 10:43:26,takeout,,credit_card,completed
1013309,4,,2026-03-30 11:03:46,drive_thru,,apple_pay,completed
1013310,1,2132,2026-03-30 11:16:10,delivery,,debit_card,completed
1013311,7,107,2026-03-30 11:16:12,dine_in,,cash,completed
1013312,15,1908,2026-03-30 11:29:11,dine_in,,credit_card,completed
1013313,6,,2026-03-30 11:36:49,delivery,,credit_card,completed
1013314,4,496,2026-03-30 11:37:06,drive_thru,,apple_pay,completed
1013315,7,,2026-03-30 11:39:28,takeout,,gift_card,completed
1013316,14,997,2026-03-30 11:39:56,drive_thru,,apple_pay,completed
1013317,9,957,2026-03-30 11:47:37,takeout,,credit_card,completed
1013318,18,,2026-03-30 11:47:46,drive_thru,,credit_card,completed
1013319,15,2369,2026-03-30 11:48:33,delivery,,gift_card,completed
1013320,15,,2026-03-30 11:51:27,drive_thru,,cash,completed
1013321,12,1885,2026-03-30 11:59:32,dine_in,,apple_pay,completed
1013322,2,,2026-03-30 11:59:53,takeout,,apple_pay,completed
1013323,19,,2026-03-30 12:00:27,delivery,,credit_card,completed
1013324,9,37,2026-03-30 12:01:21,drive_thru,,cash,completed
1013325,6,1533,2026-03-30 12:01:53,drive_thru,,debit_card,completed
1013326,8,1995,2026-03-30 12:08:56,dine_in,,credit_card,completed
1013327,6,1977,2026-03-30 12:12:03,takeout,,apple_pay,completed
1013328,2,,2026-03-30 12:12:07,dine_in,,credit_card,completed
1013329,11,,2026-03-30 12:15:30,drive_thru,,credit_card,completed
1013330,19,2024,2026-03-30 12:15:42,delivery,,apple_pay,completed
1013331,18,1739,2026-03-30 12:24:05,delivery,,credit_card,completed
1013332,16,2465,2026-03-30 12:25:15,delivery,,apple_pay,completed
1013333,8,2499,2026-03-30 12:25:45,delivery,,credit_card,completed
1013334,11,,2026-03-30 12:26:05,dine_in,,credit_card,completed
1013335,19,2017,2026-03-30 12:27:44,delivery,,debit_card,completed
1013336,18,1659,2026-03-30 12:28:37,drive_thru,,credit_card,completed
1013337,6,1977,2026-03-30 12:28:58,drive_thru,,debit_card,completed
1013338,13,,2026-03-30 12:29:21,delivery,,credit_card,cancelled
1013339,4,,2026-03-30 12:33:04,dine_in,,credit_card,completed
1013340,12,1899,2026-03-30 12:35:49,takeout,,cash,completed
1013341,2,,2026-03-30 12:35:53,delivery,,credit_card,completed
1013342,12,903,2026-03-30 12:36:43,takeout,,credit_card,completed
1013343,14,828,2026-03-30 12:37:15,dine_in,,debit_card,completed
1013344,3,983,2026-03-30 12:39:42,takeout,,credit_card,refunded
1013345,8,1574,2026-03-30 12:41:16,delivery,,debit_card,cancelled
1013346,6,2494,03/30/2026 12:45,takeout,,apple_pay,cancelled
1013347,6,,2026-03-30 12:45:59,takeout,,credit_card,completed
1013348,6,537,2026-03-30 12:53:07,takeout,,debit_card,completed
1013349,16,2341,2026-03-30 12:56:28,dine_in,,apple_pay,completed
1013350,5,1633,2026-03-30 12:59:05,takeout,,credit_card,completed
1013351,10,1901,2026-03-30 13:01:01,delivery,,debit_card,completed
1013352,3,2359,2026-03-30 13:05:10,takeout,,credit_card,completed
1013353,8,1440,2026-03-30 13:07:18,dine_in,,debit_card,completed
1013354,15,1593,2026-03-30 13:09:38,delivery,,credit_card,completed
1013355,9,7,2026-03-30 13:10:02,drive_thru,,debit_card,completed
1013356,6,,2026-03-30 13:11:10,drive_thru,,credit_card,completed
1013357,18,1733,2026-03-30 13:22:58,drive_thru,,debit_card,completed
1013358,6,126,2026-03-30 14:00:07,takeout,,cash,completed
1013359,6,88,2026-03-30 15:47:20,takeout,,credit_card,completed
1013360,15,,2026-03-30 15:48:25,takeout,,credit_card,completed
1013361,7,125,2026-03-30 16:06:09,takeout,,cash,cancelled
1013362,5,,2026-03-30 16:11:07,,,cash,completed
1013363,3,,2026-03-30 16:11:25,dine_in,,credit_card,completed
1013364,7,645,2026-03-30 16:37:07,delivery,,apple_pay,completed
1013365,11,,2026-03-30 17:34:21,dine_in,,credit_card,completed
1013366,17,1079,2026-03-30 17:44:23,takeout,,gift_card,refunded
1013367,16,383,2026-03-30 17:45:16,takeout,,credit_card,completed
1013368,5,,2026-03-30 17:53:31,dine_in,,debit_card,completed
1013369,6,,2026-03-30 17:53:55,drive_thru,,cash,cancelled
1013370,19,1244,2026-03-30 17:54:20,dine_in,,credit_card,completed
1013371,3,749,2026-03-30 17:55:07,delivery,,apple_pay,completed
1013372,1,1871,2026-03-30 17:57:22,dine_in,,debit_card,completed
1013373,11,591,2026-03-30 18:01:02,delivery,,credit_card,completed
1013374,19,,2026-03-30 18:01:16,drive_thru,,credit_card,completed
1013375,15,1536,2026-03-30 18:02:07,dine_in,,credit_card,completed
1013376,5,808,2026-03-30 18:03:12,dine_in,,credit_card,completed
1013377,16,2336,2026-03-30 18:06:11,dine_in,,cash,completed
1013378,10,,2026-03-30 18:13:54,delivery,,credit_card,completed
1013379,8,,2026-03-30 18:14:11,takeout,,cash,completed
1013380,12,504,2026-03-30 18:18:44,takeout,,credit_card,completed
1013381,14,1296,2026-03-30 18:19:18,dine_in,,gift_card,refunded
1013382,19,2017,2026-03-30 18:30:33,delivery,,credit_card,completed
1013383,11,1779,2026-03-30 18:30:59,delivery,,credit_card,completed
1013384,2,,2026-03-30 18:41:27,takeout,,credit_card,completed
1013385,10,,2026-03-30 18:42:44,takeout,,credit_card,completed
1013386,16,908,2026-03-30 18:43:30,dine_in,,credit_card,completed
1013387,1,,2026-03-30 18:46:37,dine_in,,cash,completed
1013388,17,,2026-03-30 18:47:05,dine_in,,credit_card,completed
1013389,10,,2026-03-30 18:49:19,dine_in,,credit_card,completed
1013390,7,,2026-03-30 18:51:39,dine_in,,debit_card,completed
1013391,13,,2026-03-30 18:57:15,dine_in,,credit_card,completed
1013392,15,,2026-03-30 19:00:12,delivery,,credit_card,completed
1013393,18,259,2026-03-30 19:14:33,dine_in,,apple_pay,completed
1013394,16,2161,2026-03-30 19:15:08,dine_in,,debit_card,completed
1013395,10,1685,2026-03-30 19:18:28,drive_thru,,credit_card,cancelled
1013396,18,,2026-03-30 19:20:36,dine_in,,debit_card,completed
1013397,1,24,2026-03-30 19:23:38,dine_in,,credit_card,completed
1013398,14,780,2026-03-30 19:28:20,takeout,,credit_card,completed
1013399,19,2332,2026-03-30 19:29:55,dine_in,,credit_card,completed
1013400,6,801,2026-03-30 19:31:58,takeout,,credit_card,completed
1013401,5,,2026-03-30 19:33:16,drive_thru,,debit_card,completed
1013402,16,1246,2026-03-30 19:35:07,dine_in,,credit_card,completed
1013403,2,66,2026-03-30 19:36:19,takeout,,gift_card,completed
1013404,12,1542,2026-03-30 19:37:18,delivery,,apple_pay,completed
1013405,12,,2026-03-30 19:39:25,dine_in,,apple_pay,completed
1013406,18,1659,2026-03-30 19:41:53,drive_thru,,cash,completed
1013407,5,407,2026-03-30 19:50:39,delivery,,credit_card,completed
1013408,10,,2026-03-30 19:51:27,dine_in,,credit_card,completed
1013409,1,2456,2026-03-30 19:55:11,takeout,,apple_pay,completed
1013410,5,,2026-03-30 20:00:10,dine_in,,gift_card,completed
1013411,3,965,2026-03-30 20:11:56,takeout,,gift_card,completed
1013412,4,,2026-03-30 20:17:43,drive_thru,,debit_card,completed
1013413,10,,2026-03-30 20:26:15,dine_in,,cash,completed
1013414,16,33,2026-03-30 20:26:56,takeout,,cash,completed
1013415,8,,2026-03-30 21:14:12,dine_in,,gift_card,completed
1013416,4,1644,2026-03-31 10:34:55,takeout,TACOBOGO,debit_card,completed
1013417,17,,2026-03-31 10:52:42,takeout,TACOBOGO,credit_card,completed
1013418,14,1614,2026-03-31 11:06:07,dine_in,TACOBOGO,gift_card,completed
1013419,6,,2026-03-31 11:11:40,dine_in,TACOBOGO,apple_pay,cancelled
1013420,6,,2026-03-31 11:24:49,delivery,TACOBOGO,credit_card,completed
1013421,6,1417,03/31/2026 11:32,dine_in,TACOBOGO,debit_card,completed
1013422,13,,2026-03-31 11:35:44,takeout,,debit_card,completed
1013423,11,1057,2026-03-31 11:37:19,dine_in,,credit_card,completed
1013424,12,,2026-03-31 11:39:57,takeout,,credit_card,completed
1013425,4,747,2026-03-31 11:40:59,drive_thru,,credit_card,completed
1013426,17,,2026-03-31 11:41:37,dine_in,TACOBOGO,credit_card,completed
1013427,15,1066,2026-03-31 11:42:01,dine_in,TACOBOGO,credit_card,completed
1013428,2,2404,2026-03-31 11:44:52,takeout,,debit_card,completed
1013429,14,2187,2026-03-31 11:44:58,takeout,,credit_card,completed
1013430,17,607,2026-03-31 11:47:01,delivery,TACOBOGO,credit_card,completed
1013431,6,2347,2026-03-31 11:47:42,drive_thru,TACOBOGO,credit_card,completed
1013432,9,,2026-03-31 11:48:03,takeout,TACOBOGO,credit_card,cancelled
1013433,16,962,2026-03-31 11:49:29,dine_in,TACOBOGO,apple_pay,completed
1013434,18,,2026-03-31 11:49:36,dine_in,TACOBOGO,gift_card,completed
1013435,1,755,2026-03-31 11:57:34,takeout,,cash,completed
1013436,14,1657,2026-03-31 11:58:31,delivery,,credit_card,completed
1013437,8,606,2026-03-31 11:58:56,delivery,,credit_card,cancelled
1013438,16,,2026-03-31 11:59:51,delivery,,apple_pay,completed
1013439,3,417,2026-03-31 12:00:42,takeout,,apple_pay,completed
1013440,4,,2026-03-31 12:01:06,drive_thru,TACOBOGO,apple_pay,completed
1013441,7,1486,2026-03-31 12:01:40,dine_in,,debit_card,completed
1013442,6,2439,2026-03-31 12:02:10,dine_in,TACOBOGO,credit_card,completed
1013443,6,1164,2026-03-31 12:02:47,dine_in,TACOBOGO,credit_card,completed
1013444,7,,2026-03-31 12:03:28,dine_in,TACOBOGO,credit_card,completed
1013445,5,2386,2026-03-31 12:03:45,drive_thru,,credit_card,completed
1013446,14,2453,2026-03-31 12:04:56,delivery,,apple_pay,refunded
1013447,8,1461,2026-03-31 12:05:35,takeout,,credit_card,completed
1013448,16,2083,2026-03-31 12:06:51,delivery,TACOBOGO,apple_pay,completed
1013449,12,,2026-03-31 12:07:10,dine_in,,cash,completed
1013450,13,1726,2026-03-31 12:07:55,delivery,TACOBOGO,credit_card,completed
1013451,1,,2026-03-31 12:08:31,dine_in,TACOBOGO,credit_card,completed
1013452,7,,2026-03-31 12:08:32,takeout,TACOBOGO,credit_card,completed
1013453,10,18,2026-03-31 12:14:25,delivery,,credit_card,completed
1013454,18,2216,2026-03-31 12:14:44,dine_in,,credit_card,completed
1013455,10,,2026-03-31 12:15:24,takeout,TACOBOGO,credit_card,completed
1013456,4,662,2026-03-31 12:15:38,takeout,,credit_card,completed
1013457,12,1308,2026-03-31 12:18:01,dine_in,TACOBOGO,credit_card,completed
1013458,1,1723,2026-03-31 12:18:34,takeout,,debit_card,completed
1013459,4,1924,2026-03-31 12:19:34,takeout,TACOBOGO,cash,completed
1013460,2,319,2026-03-31 12:21:43,takeout,,gift_card,completed
1013461,4,865,2026-03-31 12:22:14,dine_in,TACOBOGO,credit_card,completed
1013462,1,32,03/31/2026 12:22,dine_in,,credit_card,completed
1013463,3,599,2026-03-31 12:22:50,dine_in,TACOBOGO,credit_card,completed
1013464,16,,2026-03-31 12:23:38,delivery,,credit_card,completed
1013465,14,,2026-03-31 12:24:06,,TACOBOGO,credit_card,completed
1013466,3,175,2026-03-31 12:25:12,dine_in,TACOBOGO,credit_card,completed
1013467,12,625,2026-03-31 12:25:44,delivery,,credit_card,completed
1013468,3,,2026-03-31 12:25:54,dine_in,,debit_card,completed
1013469,11,,2026-03-31 12:26:23,drive_thru,,apple_pay,completed
1013470,8,2303,2026-03-31 12:26:25,dine_in,,credit_card,completed
1013471,14,,2026-03-31 12:27:24,drive_thru,TACOBOGO,credit_card,completed
1013472,8,1327,2026-03-31 12:29:06,takeout,,debit_card,cancelled
1013473,11,,2026-03-31 12:29:40,dine_in,,credit_card,completed
1013474,9,1520,2026-03-31 12:29:45,dine_in,TACOBOGO,apple_pay,completed
1013475,5,143,2026-03-31 12:30:09,drive_thru,TACOBOGO,credit_card,completed
1013476,16,2336,2026-03-31 12:31:06,takeout,,credit_card,completed
1013477,1,1289,2026-03-31 12:31:31,takeout,TACOBOGO,apple_pay,completed
1013478,17,,2026-03-31 12:32:15,dine_in,,debit_card,completed
1013479,4,1228,2026-03-31 12:34:28,drive_thru,TACOBOGO,credit_card,completed
1013480,7,1171,2026-03-31 12:36:57,delivery,TACOBOGO,credit_card,completed
1013481,3,,2026-03-31 12:37:43,dine_in,TACOBOGO,credit_card,completed
1013482,6,24,2026-03-31 12:38:13,delivery,TACOBOGO,debit_card,completed
1013483,14,1784,2026-03-31 12:39:10,delivery,TACOBOGO,credit_card,completed
1013484,1,,2026-03-31 12:39:40,takeout,TACOBOGO,credit_card,cancelled
1013485,11,2472,2026-03-31 12:39:58,delivery,TACOBOGO,credit_card,completed
1013486,12,2437,2026-03-31 12:40:27,takeout,TACOBOGO,credit_card,completed
1013487,15,,2026-03-31 12:40:28,dine_in,TACOBOGO,cash,completed
1013488,1,630,2026-03-31 12:41:31,delivery,,credit_card,completed
1013489,16,,2026-03-31 12:42:00,dine_in,,credit_card,completed
1013490,14,2391,2026-03-31 12:42:16,delivery,,apple_pay,completed
1013491,7,2108,2026-03-31 12:43:14,delivery,,apple_pay,completed
1013492,6,685,2026-03-31 12:45:31,drive_thru,,cash,completed
1013493,10,125,2026-03-31 12:47:09,dine_in,,apple_pay,completed
1013494,4,960,2026-03-31 12:48:46,drive_thru,TACOBOGO,apple_pay,completed
1013495,6,1333,2026-03-31 12:48:50,drive_thru,TACOBOGO,credit_card,completed
1013496,17,543,2026-03-31 12:49:04,dine_in,TACOBOGO,cash,completed
1013497,19,1041,2026-03-31 12:50:33,dine_in,TACOBOGO,gift_card,completed
1013498,11,550,2026-03-31 12:52:55,dine_in,,debit_card,completed
1013499,9,256,2026-03-31 12:53:47,drive_thru,,apple_pay,completed
1013500,7,1483,2026-03-31 12:54:02,delivery,TACOBOGO,credit_card,completed
1013501,19,80,2026-03-31 12:54:16,dine_in,,cash,refunded
1013502,16,,2026-03-31 12:54:38,takeout,TACOBOGO,cash,completed
1013503,7,1410,2026-03-31 12:56:42,dine_in,TACOBOGO,debit_card,completed
1013504,14,,2026-03-31 12:56:44,delivery,,credit_card,completed
1013505,2,,2026-03-31 12:56:52,dine_in,,credit_card,completed
1013506,6,247,2026-03-31 12:57:00,takeout,TACOBOGO,credit_card,completed
1013507,12,,2026-03-31 13:03:28,dine_in,,debit_card,completed
1013508,7,127,2026-03-31 13:03:46,takeout,,cash,completed
1013509,3,,2026-03-31 13:04:59,takeout,TACOBOGO,apple_pay,completed
1013510,3,1665,2026-03-31 13:05:21,dine_in,,credit_card,completed
1013511,13,1782,2026-03-31 13:05:58,dine_in,TACOBOGO,apple_pay,completed
1013512,8,1549,2026-03-31 13:07:38,delivery,TACOBOGO,apple_pay,completed
1013513,4,,2026-03-31 13:09:00,dine_in,,apple_pay,completed
1013514,9,,2026-03-31 13:09:14,dine_in,TACOBOGO,cash,completed
1013515,13,,2026-03-31 13:10:43,dine_in,,debit_card,completed
1013516,3,,2026-03-31 13:12:42,delivery,TACOBOGO,credit_card,completed
1013517,6,2042,2026-03-31 13:13:19,dine_in,,credit_card,completed
1013518,14,,2026-03-31 13:14:14,delivery,TACOBOGO,credit_card,refunded
1013519,10,202,2026-03-31 13:15:41,drive_thru,,debit_card,completed
1013520,13,1036,2026-03-31 13:20:24,delivery,,credit_card,completed
1013521,14,1048,2026-03-31 13:21:52,drive_thru,,cash,completed
1013522,3,2363,2026-03-31 13:24:38,delivery,TACOBOGO,credit_card,completed
1013523,14,814,2026-03-31 13:26:02,drive_thru,TACOBOGO,debit_card,completed
1013524,14,584,2026-03-31 13:26:10,dine_in,,credit_card,completed
1013525,4,1596,2026-03-31 13:26:41,dine_in,TACOBOGO,debit_card,completed
1013526,8,,2026-03-31 13:27:12,dine_in,,credit_card,completed
1013527,2,1257,03/31/2026 13:28,takeout,TACOBOGO,gift_card,completed
1013528,15,2123,2026-03-31 13:33:44,drive_thru,TACOBOGO,credit_card,refunded
1013529,4,,2026-03-31 13:36:48,dine_in,TACOBOGO,cash,completed
1013530,3,,2026-03-31 13:41:15,takeout,,apple_pay,refunded
1013531,7,2035,2026-03-31 13:51:06,dine_in,TACOBOGO,gift_card,completed
1013532,8,1526,2026-03-31 14:03:49,dine_in,,cash,cancelled
1013533,13,1984,2026-03-31 14:23:17,delivery,TACOBOGO,credit_card,completed
1013534,9,,2026-03-31 14:56:55,dine_in,,cash,completed
1013535,19,1266,2026-03-31 15:45:26,takeout,TACOBOGO,cash,completed
1013536,7,,2026-03-31 15:50:14,dine_in,,credit_card,completed
1013537,5,,2026-03-31 16:12:20,delivery,TACOBOGO,credit_card,completed
1013538,9,1792,2026-03-31 16:12:45,drive_thru,TACOBOGO,credit_card,completed
1013539,12,,2026-03-31 16:13:30,dine_in,TACOBOGO,credit_card,completed
1013540,18,1051,2026-03-31 16:13:38,delivery,TACOBOGO,debit_card,completed
1013541,7,,2026-03-31 16:20:10,delivery,,credit_card,completed
1013542,14,,2026-03-31 16:35:11,delivery,TACOBOGO,credit_card,completed
1013543,19,,2026-03-31 16:44:54,takeout,,credit_card,completed
1013544,17,1375,2026-03-31 16:47:03,delivery,,debit_card,completed
1013545,15,398,2026-03-31 17:23:00,drive_thru,,credit_card,completed
1013546,6,510,2026-03-31 17:27:39,dine_in,TACOBOGO,credit_card,completed
1013547,8,,2026-03-31 17:29:08,delivery,TACOBOGO,credit_card,completed
1013548,7,2248,2026-03-31 17:30:39,dine_in,TACOBOGO,apple_pay,completed
1013549,15,1108,2026-03-31 17:33:50,takeout,TACOBOGO,credit_card,completed
1013550,12,1652,2026-03-31 17:33:55,dine_in,TACOBOGO,debit_card,completed
1013551,12,,2026-03-31 17:36:54,dine_in,,credit_card,completed
1013552,13,,2026-03-31 17:40:08,dine_in,TACOBOGO,credit_card,completed
1013553,9,129,2026-03-31 17:46:29,dine_in,,credit_card,completed
1013554,1,,2026-03-31 17:46:46,dine_in,,credit_card,completed
1013555,12,781,2026-03-31 17:47:21,takeout,TACOBOGO,cash,completed
1013556,12,,2026-03-31 17:51:45,delivery,TACOBOGO,credit_card,completed
1013557,12,,2026-03-31 17:52:06,takeout,TACOBOGO,credit_card,completed
1013558,8,,2026-03-31 17:53:12,dine_in,,apple_pay,completed
1013559,17,,2026-03-31 17:56:55,dine_in,,apple_pay,completed
1013560,14,,2026-03-31 18:01:08,dine_in,,debit_card,completed
1013561,14,2249,2026-03-31 18:06:00,drive_thru,TACOBOGO,gift_card,completed
1013562,12,,2026-03-31 18:06:08,delivery,,debit_card,completed
1013563,8,813,2026-03-31 18:08:49,dine_in,TACOBOGO,cash,completed
1013564,6,1938,2026-03-31 18:08:52,drive_thru,,debit_card,completed
1013565,15,,2026-03-31 18:08:56,dine_in,,debit_card,completed
1013566,18,,2026-03-31 18:09:03,dine_in,TACOBOGO,credit_card,completed
1013567,14,,2026-03-31 18:09:50,drive_thru,,apple_pay,completed
1013568,4,869,2026-03-31 18:12:14,takeout,,credit_card,cancelled
1013569,6,2270,2026-03-31 18:13:16,dine_in,TACOBOGO,debit_card,completed
1013570,4,,2026-03-31 18:18:05,delivery,TACOBOGO,debit_card,completed
1013571,13,473,2026-03-31 18:18:57,dine_in,TACOBOGO,apple_pay,completed
1013572,13,2345,2026-03-31 18:19:31,dine_in,,credit_card,completed
1013573,13,1024,2026-03-31 18:21:04,takeout,TACOBOGO,cash,completed
1013574,2,920,2026-03-31 18:24:12,takeout,,apple_pay,completed
1013575,1,1295,2026-03-31 18:25:55,takeout,,credit_card,completed
1013576,8,284,2026-03-31 18:32:08,takeout,,debit_card,completed
1013577,12,2210,03/31/2026 18:35,,,credit_card,completed
1013578,16,,2026-03-31 18:38:23,dine_in,TACOBOGO,credit_card,completed
1013579,7,,2026-03-31 18:41:40,dine_in,TACOBOGO,credit_card,completed
1013580,14,331,2026-03-31 18:43:11,delivery,TACOBOGO,credit_card,completed
1013581,18,826,2026-03-31 18:44:51,dine_in,TACOBOGO,debit_card,completed
1013582,9,2188,2026-03-31 18:45:11,dine_in,TACOBOGO,credit_card,completed
1013583,3,1749,2026-03-31 18:46:22,dine_in,TACOBOGO,apple_pay,completed
1013584,1,,2026-03-31 18:46:49,takeout,,credit_card,completed
1013585,9,2192,2026-03-31 18:47:35,drive_thru,,credit_card,cancelled
1013586,6,,2026-03-31 18:49:35,,TACOBOGO,credit_card,completed
1013587,15,2420,2026-03-31 18:51:17,dine_in,TACOBOGO,cash,completed
1013588,7,,2026-03-31 18:52:44,takeout,,credit_card,completed
1013589,10,734,2026-03-31 18:53:50,dine_in,,credit_card,completed
1013590,3,829,2026-03-31 18:56:21,takeout,TACOBOGO,apple_pay,completed
1013591,10,,2026-03-31 18:56:57,takeout,TACOBOGO,gift_card,completed
1013592,11,2440,2026-03-31 18:57:32,drive_thru,TACOBOGO,credit_card,cancelled
1013593,17,1689,2026-03-31 18:58:47,takeout,,credit_card,completed
1013594,2,241,2026-03-31 18:59:53,dine_in,TACOBOGO,credit_card,completed
1013595,12,1282,2026-03-31 19:00:46,dine_in,TACOBOGO,cash,completed
1013596,1,2003,2026-03-31 19:01:01,takeout,TACOBOGO,credit_card,completed
1013597,3,2469,2026-03-31 19:02:23,dine_in,,cash,completed
1013598,1,185,2026-03-31 19:04:32,dine_in,,credit_card,completed
1013599,18,1369,2026-03-31 19:06:29,delivery,TACOBOGO,credit_card,completed
1013600,7,217,2026-03-31 19:06:44,dine_in,TACOBOGO,credit_card,completed
1013601,9,2285,2026-03-31 19:09:13,drive_thru,TACOBOGO,credit_card,completed
1013602,10,,2026-03-31 19:09:21,delivery,TACOBOGO,apple_pay,completed
1013603,2,981,2026-03-31 19:11:40,takeout,TACOBOGO,credit_card,completed
1013604,11,,2026-03-31 19:12:03,drive_thru,TACOBOGO,apple_pay,completed
1013605,6,,2026-03-31 19:12:12,delivery,,credit_card,completed
1013606,12,794,2026-03-31 19:12:36,dine_in,,credit_card,completed
1013607,18,1001,2026-03-31 19:15:11,takeout,TACOBOGO,cash,completed
1013608,15,,2026-03-31 19:16:40,dine_in,,debit_card,completed
1013609,16,1659,2026-03-31 19:22:05,takeout,TACOBOGO,debit_card,completed
1013610,10,1808,2026-03-31 19:23:40,dine_in,TACOBOGO,credit_card,completed
1013611,2,,2026-03-31 19:23:58,dine_in,,credit_card,completed
1013612,5,54,2026-03-31 19:27:10,dine_in,TACOBOGO,credit_card,completed
1013613,7,,2026-03-31 19:27:15,delivery,,apple_pay,completed
1013614,15,817,2026-03-31 19:28:08,dine_in,TACOBOGO,credit_card,completed
1013615,5,1159,2026-03-31 19:29:46,dine_in,TACOBOGO,credit_card,completed
1013616,12,,2026-03-31 19:30:10,takeout,TACOBOGO,credit_card,refunded
1013617,8,1692,2026-03-31 19:32:47,takeout,TACOBOGO,gift_card,completed
1013618,14,2406,2026-03-31 19:33:43,delivery,,credit_card,completed
1013619,9,1338,2026-03-31 19:34:37,drive_thru,TACOBOGO,credit_card,completed
1013620,17,,03/31/2026 19:36,delivery,TACOBOGO,credit_card,completed
1013621,3,,2026-03-31 19:38:00,takeout,,credit_card,completed
1013622,15,334,2026-03-31 19:39:50,dine_in,TACOBOGO,debit_card,completed
1013623,1,2481,2026-03-31 19:39:58,dine_in,TACOBOGO,credit_card,completed
1013624,18,2147,2026-03-31 19:42:33,dine_in,TACOBOGO,credit_card,completed
1013625,1,801,2026-03-31 19:43:12,takeout,,debit_card,completed
1013626,14,1898,2026-03-31 19:43:57,dine_in,TACOBOGO,cash,completed
1013627,10,190,2026-03-31 19:45:23,takeout,TACOBOGO,debit_card,completed
1013628,13,,2026-03-31 19:47:12,dine_in,,apple_pay,completed
1013629,3,2197,2026-03-31 19:48:48,dine_in,,credit_card,completed
1013630,7,598,2026-03-31 19:49:03,delivery,TACOBOGO,credit_card,completed
1013631,3,,2026-03-31 19:51:19,takeout,TACOBOGO,credit_card,completed
1013632,7,2108,2026-03-31 19:56:19,takeout,,apple_pay,completed
1013633,19,2126,2026-03-31 19:59:09,takeout,TACOBOGO,credit_card,completed
1013634,7,773,2026-03-31 20:00:17,dine_in,TACOBOGO,credit_card,completed
1013635,12,2309,2026-03-31 20:01:33,,TACOBOGO,credit_card,completed
1013636,15,140,2026-03-31 20:02:24,delivery,TACOBOGO,credit_card,completed
1013637,7,,2026-03-31 20:03:29,dine_in,TACOBOGO,credit_card,completed
1013638,7,,2026-03-31 20:10:40,takeout,TACOBOGO,credit_card,completed
1013639,6,,2026-03-31 20:11:17,drive_thru,TACOBOGO,credit_card,completed
1013640,17,1146,2026-03-31 20:19:28,takeout,,credit_card,completed
1013641,16,218,2026-03-31 20:37:28,dine_in,TACOBOGO,credit_card,completed
1013642,9,,2026-03-31 20:47:56,dine_in,,credit_card,cancelled
1013643,1,1916,2026-03-31 21:01:32,delivery,TACOBOGO,debit_card,completed
1013644,19,483,2026-03-31 21:01:56,drive_thru,TACOBOGO,cash,completed
1013645,7,2035,2026-03-31 21:06:18,dine_in,,debit_card,completed
1013646,2,,2026-03-31 21:17:52,dine_in,,debit_card,completed
1013647,3,,2026-03-31 21:18:48,dine_in,TACOBOGO,credit_card,completed
1013648,4,,2026-03-31 21:21:15,,,credit_card,completed
1013649,16,2250,2026-03-31 21:25:17,delivery,TACOBOGO,apple_pay,completed
1013650,2,2044,2026-03-31 21:26:10,dine_in,,debit_card,completed
1013651,14,1199,2026-03-31 21:29:37,takeout,,apple_pay,completed
1013652,1,623,2026-03-31 21:31:03,takeout,,cash,completed
1013653,5,1640,2026-03-31 21:37:00,drive_thru,TACOBOGO,credit_card,completed
1013654,7,107,2026-03-31 21:43:26,dine_in,,credit_card,completed
