order_id,location_id,customer_id,order_ts,channel,promo_code,payment_type,order_status
1000019,13,2065,2026-01-01 12:13:24,delivery,,credit_card,completed
1000322,12,,2026-01-03 12:23:41,takeout,,apple_pay,completed
1000377,18,809,2026-01-03 15:52:47,drive_thru,,apple_pay,completed
1000429,5,2462,2026-01-03 19:06:39,drive_thru,,debit_card,completed
1000579,1,32,2026-01-04 18:50:34,takeout,,credit_card,completed
1000749,15,2129,2026-01-06 12:12:31,takeout,,gift_card,refunded
1000932,19,123,2026-01-07 18:00:42,delivery,,apple_pay,completed
1001047,13,472,2026-01-08 13:42:36,dine_in,,credit_card,completed
1001161,16,2167,2026-01-09 12:42:16,dine_in,,credit_card,refunded
1001323,10,,2026-01-10 12:04:36,takeout,NEWYEAR10,credit_card,completed
1001340,13,,2026-01-10 12:23:51,takeout,,credit_card,completed
1001456,14,35,2026-01-10 19:28:20,drive_thru,,credit_card,refunded
1001483,9,1658,2026-01-11 11:08:56,delivery,,gift_card,refunded
1001503,6,685,2026-01-11 12:21:56,drive_thru,,gift_card,completed
1001517,17,2054,2026-01-11 12:41:36,takeout,,credit_card,completed
1001796,7,2030,2026-01-13 15:47:38,dine_in,,credit_card,completed
1001831,6,487,2026-01-13 19:04:39,dine_in,,credit_card,completed
1001834,5,,2026-01-13 19:05:24,,,debit_card,completed
1001909,10,,2026-01-14 13:14:37,dine_in,,credit_card,completed
1001987,10,1323,2026-01-15 11:55:45,takeout,,apple_pay,refunded
1002008,6,,2026-01-15 12:33:34,dine_in,,cash,completed
1002023,15,,2026-01-15 13:01:11,delivery,,credit_card,completed
1002035,10,,2026-01-15 13:20:52,dine_in,,credit_card,refunded
1002072,16,1733,2026-01-15 18:26:20,dine_in,,debit_card,refunded
1002137,14,2360,2026-01-16 11:19:32,drive_thru,,cash,completed
1002177,2,1201,2026-01-16 12:36:21,dine_in,NEWYEAR10,credit_card,completed
1002208,1,,2026-01-16 14:04:41,delivery,,credit_card,completed
1002237,6,2314,2026-01-16 18:15:49,drive_thru,,debit_card,refunded
1002301,3,,2026-01-16 21:23:03,dine_in,,apple_pay,completed
1002437,10,1611,2026-01-17 18:46:46,delivery,NEWYEAR10,gift_card,refunded
1002508,15,2372,2026-01-18 11:45:31,drive_thru,,cash,refunded
1002526,15,,2026-01-18 12:30:40,drive_thru,,credit_card,completed
1002580,1,,2026-01-18 18:29:15,dine_in,,debit_card,completed
1002647,6,2179,2026-01-19 12:22:32,delivery,,credit_card,refunded
1002820,15,,2026-01-20 18:56:17,dine_in,,cash,completed
1002916,12,757,2026-01-21 13:16:09,dine_in,,apple_pay,refunded
1003096,3,,2026-01-22 18:42:29,delivery,,apple_pay,completed
1003125,8,1327,2026-01-22 19:49:57,takeout,,debit_card,completed
1003167,6,429,2026-01-23 12:10:32,delivery,,credit_card,completed
1003217,9,1271,2026-01-23 13:07:21,drive_thru,,cash,completed
1003303,16,2336,2026-01-23 19:17:15,dine_in,,credit_card,refunded
1003383,11,2092,2026-01-24 12:37:21,delivery,,credit_card,completed
1003386,13,,2026-01-24 12:40:17,takeout,,credit_card,refunded
1003470,14,811,2026-01-24 18:51:12,drive_thru,,apple_pay,completed
1003548,4,,2026-01-25 12:01:03,dine_in,,apple_pay,completed
1003576,6,,2026-01-25 12:54:58,delivery,,apple_pay,refunded
1003582,2,2266,2026-01-25 13:05:16,dine_in,,debit_card,refunded
1003686,2,1321,2026-01-26 12:20:19,dine_in,NEWYEAR10,credit_card,completed
1003898,16,,2026-01-28 10:59:01,takeout,,gift_card,completed
1003901,5,,2026-01-28 11:35:27,dine_in,,credit_card,completed
1003915,15,279,2026-01-28 12:13:24,drive_thru,,credit_card,refunded
1003919,12,1918,2026-01-28 12:28:14,dine_in,,apple_pay,completed
1003920,5,1673,2026-01-28 12:28:15,dine_in,,debit_card,completed
1003940,4,1216,2026-01-28 13:30:39,delivery,,apple_pay,completed
1003942,9,1171,2026-01-28 13:39:03,dine_in,,credit_card,completed
1003946,14,,2026-01-28 14:12:46,takeout,,credit_card,cancelled
1003949,14,255,2026-01-28 14:36:11,delivery,,credit_card,completed
1003950,18,2405,2026-01-28 14:38:23,drive_thru,,apple_pay,completed
1003961,6,,2026-01-28 17:55:52,dine_in,,cash,completed
1003964,18,4,2026-01-28 18:06:54,takeout,,debit_card,completed
1003965,3,,2026-01-28 18:13:46,dine_in,,credit_card,completed
1003972,14,2086,2026-01-28 18:34:36,dine_in,,debit_card,completed
1003976,7,,2026-01-28 18:39:27,dine_in,,apple_pay,completed
1003991,13,,2026-01-28 19:09:55,dine_in,,credit_card,completed
1003993,13,1142,2026-01-28 19:14:08,dine_in,,cash,completed
1003999,14,,2026-01-28 19:43:45,takeout,,credit_card,completed
1004004,16,,2026-01-28 19:51:59,dine_in,NEWYEAR10,debit_card,completed
1004016,7,2285,2026-01-28 21:55:24,dine_in,,apple_pay,completed
1004032,17,131,2026-01-29 12:10:37,takeout,NEWYEAR10,cash,completed
1004048,15,1877,2026-01-29 12:43:16,dine_in,,apple_pay,completed
1004050,17,1358,2026-01-29 12:48:38,dine_in,,gift_card,completed
1004054,3,,2026-01-29 13:00:27,dine_in,,cash,completed
1004055,3,659,2026-01-29 13:02:12,dine_in,,debit_card,completed
1004075,3,918,2026-01-29 15:23:32,dine_in,,credit_card,completed
1004090,5,,01/29/2026 18:19,drive_thru,,debit_card,completed
1004096,1,2396,2026-01-29 18:34:23,dine_in,,apple_pay,completed
1004127,4,1506,2026-01-29 19:21:46,drive_thru,,cash,completed
1004139,10,,2026-01-29 19:50:27,drive_thru,NEWYEAR10,cash,completed
1004179,10,,2026-01-30 12:17:01,dine_in,,credit_card,completed
1004210,13,1862,2026-01-30 12:59:41,delivery,,debit_card,completed
1004216,19,,2026-01-30 13:02:36,takeout,,debit_card,completed
1004226,4,950,2026-01-30 13:13:01,dine_in,,gift_card,completed
1004230,10,1470,2026-01-30 13:16:54,delivery,,debit_card,completed
1004234,10,2395,2026-01-30 13:27:55,dine_in,,credit_card,completed
1004243,17,1332,2026-01-30 14:11:36,dine_in,,cash,completed
1004245,12,2289,2026-01-30 14:51:04,takeout,,credit_card,completed
1004257,1,2011,2026-01-30 17:46:28,dine_in,,credit_card,completed
1004263,19,2084,2026-01-30 17:56:37,takeout,,debit_card,completed
1004264,13,345,2026-01-30 17:58:34,dine_in,,credit_card,completed
1004282,4,,2026-01-30 18:40:04,drive_thru,,gift_card,refunded
1004284,17,242,2026-01-30 18:43:50,dine_in,,credit_card,completed
1004287,4,,2026-01-30 18:49:18,drive_thru,,credit_card,completed
1004313,2,,2026-01-30 19:20:56,takeout,,debit_card,completed
1004318,9,1338,2026-01-30 19:29:58,dine_in,,credit_card,completed
1004342,1,1138,2026-01-31 10:58:08,takeout,,credit_card,completed
1004347,11,,2026-01-31 11:29:12,dine_in,,apple_pay,completed
1004352,14,1642,2026-01-31 11:39:31,takeout,,apple_pay,completed
1004355,15,,2026-01-31 11:52:53,drive_thru,,credit_card,completed
1004361,16,973,2026-01-31 12:00:35,dine_in,,apple_pay,completed
1004370,4,1601,2026-01-31 12:11:58,drive_thru,,apple_pay,completed
1004374,1,,2026-01-31 12:16:40,dine_in,,apple_pay,completed
1004409,18,1495,2026-01-31 13:00:38,delivery,,credit_card,completed
1004417,2,2015,2026-01-31 13:14:13,dine_in,,credit_card,completed
1004430,9,2288,2026-01-31 14:32:44,takeout,,apple_pay,completed
1004434,3,2340,2026-01-31 15:32:30,dine_in,,credit_card,completed
1004458,14,2406,2026-01-31 18:20:46,drive_thru,,debit_card,completed
1004463,18,368,2026-01-31 18:34:45,drive_thru,,apple_pay,completed
1004475,1,2456,2026-01-31 18:54:22,delivery,,apple_pay,completed
1004485,2,247,2026-01-31 19:08:53,takeout,,credit_card,completed
1004490,15,281,2026-01-31 19:20:11,takeout,,cash,completed
1004507,17,2382,2026-01-31 19:51:56,delivery,,debit_card,completed
1004512,7,349,2026-01-31 19:57:28,dine_in,,apple_pay,completed
1004530,6,2099,2026-02-01 10:31:51,dine_in,,credit_card,completed
1004531,18,583,2026-02-01 10:33:23,takeout,,credit_card,completed
1004532,4,2062,2026-02-01 10:56:38,drive_thru,,credit_card,completed
1004533,8,1398,2026-02-01 10:59:17,dine_in,,gift_card,completed
1004534,16,843,2026-02-01 11:22:15,delivery,,credit_card,completed
1004535,4,,2026-02-01 11:22:20,drive_thru,,debit_card,completed
1004536,7,1567,2026-02-01 11:23:09,takeout,,gift_card,completed
1004537,19,2390,2026-02-01 11:33:28,delivery,,credit_card,completed
1004538,5,1159,2026-02-01 11:38:05,,,cash,completed
1004539,8,839,2026-02-01 11:38:41,dine_in,,credit_card,completed
1004540,16,,2026-02-01 11:39:37,takeout,,cash,completed
1004541,3,,2026-02-01 11:40:27,dine_in,,apple_pay,completed
1004542,5,235,2026-02-01 11:50:32,dine_in,,apple_pay,completed
1004543,7,2286,2026-02-01 11:58:35,dine_in,,debit_card,completed
1004544,12,1940,2026-02-01 12:00:28,dine_in,,debit_card,completed
1004545,12,,2026-02-01 12:04:01,dine_in,,cash,completed
1004546,14,413,2026-02-01 12:05:22,dine_in,,credit_card,completed
1004547,14,459,2026-02-01 12:05:53,drive_thru,,cash,completed
1004548,18,1051,2026-02-01 12:06:50,takeout,,debit_card,completed
1004549,14,2249,2026-02-01 12:12:48,drive_thru,,credit_card,completed
1004550,1,,2026-02-01 12:13:30,dine_in,,debit_card,completed
1004551,8,2499,2026-02-01 12:16:36,delivery,,credit_card,completed
1004552,13,596,2026-02-01 12:16:57,dine_in,,credit_card,completed
1004553,8,1380,2026-02-01 12:17:01,dine_in,,gift_card,completed
1004554,3,588,2026-02-01 12:20:58,dine_in,,debit_card,completed
1004555,2,2109,2026-02-01 12:21:25,dine_in,,gift_card,completed
1004556,1,,2026-02-01 12:21:32,takeout,,debit_card,completed
1004557,11,,2026-02-01 12:23:23,takeout,,credit_card,completed
1004558,15,1771,2026-02-01 12:24:15,dine_in,,credit_card,completed
1004559,7,2338,2026-02-01 12:26:49,dine_in,,credit_card,completed
1004560,8,,2026-02-01 12:27:54,dine_in,,credit_card,completed
1004561,11,1004,2026-02-01 12:28:43,,,debit_card,completed
1004562,19,382,2026-02-01 12:28:49,drive_thru,,credit_card,completed
1004563,13,2023,2026-02-01 12:29:37,dine_in,,credit_card,completed
1004564,3,,2026-02-01 12:34:36,dine_in,,credit_card,completed
1004565,19,2121,2026-02-01 12:36:49,dine_in,,cash,completed
1004566,19,987,2026-02-01 12:39:19,takeout,,cash,completed
1004567,12,,2026-02-01 12:39:29,dine_in,,credit_card,completed
1004568,12,115,2026-02-01 12:42:08,dine_in,,credit_card,completed
1004569,2,1096,2026-02-01 12:42:36,dine_in,,credit_card,completed
1004570,10,726,2026-02-01 12:43:46,dine_in,,credit_card,completed
1004571,19,80,2026-02-01 12:45:44,delivery,,credit_card,completed
1004572,3,943,2026-02-01 12:46:05,takeout,,credit_card,completed
1004573,19,1332,2026-02-01 12:50:45,takeout,,cash,completed
1004574,11,812,2026-02-01 12:51:27,,,credit_card,completed
1004575,4,,2026-02-01 12:52:36,dine_in,,gift_card,refunded
1004576,15,,2026-02-01 12:52:38,drive_thru,,apple_pay,completed
1004577,15,2268,2026-02-01 12:55:21,takeout,,debit_card,completed
1004578,15,1727,2026-02-01 12:57:23,dine_in,,credit_card,completed
1004579,19,,2026-02-01 13:02:07,delivery,,gift_card,completed
1004580,12,2444,2026-02-01 13:02:51,takeout,,credit_card,completed
1004581,17,,2026-02-01 13:02:51,dine_in,,debit_card,completed
1004582,11,1363,2026-02-01 13:12:14,drive_thru,,credit_card,completed
1004583,3,1211,2026-02-01 13:17:40,delivery,,credit_card,completed
1004584,11,1513,2026-02-01 13:22:44,dine_in,,credit_card,completed
1004585,2,,2026-02-01 13:40:33,dine_in,,cash,completed
1004586,18,276,2026-02-01 14:37:56,drive_thru,,debit_card,completed
1004587,12,752,2026-02-01 14:37:59,dine_in,,credit_card,completed
1004588,16,2083,2026-02-01 14:42:00,,,cash,completed
1004589,5,,2026-02-01 16:04:29,delivery,,apple_pay,completed
1004590,13,539,2026-02-01 16:08:33,takeout,,apple_pay,completed
1004591,11,1996,2026-02-01 16:27:57,delivery,,apple_pay,completed
1004592,2,2127,2026-02-01 16:39:51,dine_in,,credit_card,completed
1004593,16,,2026-02-01 16:53:21,dine_in,,debit_card,completed
1004594,3,,2026-02-01 17:22:20,takeout,,credit_card,completed
1004595,19,,2026-02-01 17:40:37,dine_in,,credit_card,completed
1004596,14,,2026-02-01 17:46:39,drive_thru,,credit_card,completed
1004597,6,1977,2026-02-01 17:48:42,takeout,,credit_card,completed
1004598,15,677,2026-02-01 17:56:32,takeout,,credit_card,completed
1004599,15,1191,2026-02-01 18:08:29,delivery,,credit_card,completed
1004600,3,,2026-02-01 18:09:25,dine_in,,credit_card,completed
1004601,16,2328,2026-02-01 18:10:43,delivery,,credit_card,completed
1004602,16,1557,2026-02-01 18:11:04,dine_in,,credit_card,completed
1004603,17,587,2026-02-01 18:13:32,dine_in,,cash,completed
1004604,5,1417,2026-02-01 18:18:09,drive_thru,,cash,completed
1004605,10,2419,2026-02-01 18:18:14,dine_in,,gift_card,completed
1004606,15,2268,2026-02-01 18:20:35,delivery,,credit_card,completed
1004607,2,,2026-02-01 18:21:31,dine_in,,credit_card,completed
1004608,10,42,2026-02-01 18:21:53,dine_in,,debit_card,completed
1004609,15,,2026-02-01 18:22:04,delivery,,debit_card,completed
1004610,14,1339,2026-02-01 18:22:06,drive_thru,,apple_pay,completed
1004611,7,930,2026-02-01 18:23:26,dine_in,,credit_card,completed
1004612,8,,2026-02-01 18:24:20,delivery,,credit_card,completed
1004613,4,,2026-02-01 18:28:43,dine_in,,credit_card,refunded
1004614,15,,2026-02-01 18:29:54,drive_thru,,debit_card,completed
1004615,12,,2026-02-01 18:30:07,,,credit_card,completed
1004616,1,,2026-02-01 18:30:30,dine_in,,debit_card,completed
1004617,16,1482,2026-02-01 18:32:29,delivery,,credit_card,completed
1004618,5,264,2026-02-01 18:35:40,dine_in,,credit_card,completed
1004619,5,889,2026-02-01 18:36:47,drive_thru,,credit_card,completed
1004620,14,29,2026-02-01 18:37:38,dine_in,,credit_card,completed
1004621,11,,02/01/2026 18:45,drive_thru,,credit_card,completed
1004622,12,811,2026-02-01 18:49:31,takeout,,credit_card,completed
1004623,8,1949,2026-02-01 18:50:47,dine_in,,credit_card,completed
1004624,10,2202,2026-02-01 18:54:19,takeout,,debit_card,completed
1004625,19,1672,2026-02-01 18:56:14,delivery,,credit_card,completed
1004626,10,887,2026-02-01 18:57:33,dine_in,,credit_card,completed
1004627,18,1739,2026-02-01 18:58:10,dine_in,,debit_card,completed
1004628,15,,2026-02-01 19:00:19,dine_in,,apple_pay,completed
1004629,18,1935,2026-02-01 19:01:57,takeout,,credit_card,completed
1004630,18,1629,2026-02-01 19:02:18,drive_thru,,debit_card,completed
1004631,16,738,2026-02-01 19:03:03,takeout,,credit_card,completed
1004632,14,729,2026-02-01 19:04:48,drive_thru,,credit_card,completed
1004633,7,,2026-02-01 19:06:27,delivery,,credit_card,completed
1004634,3,1376,2026-02-01 19:07:42,dine_in,,credit_card,completed
1004635,15,937,2026-02-01 19:13:14,drive_thru,,cash,completed
1004636,12,428,02/01/2026 19:18,dine_in,,debit_card,completed
1004637,2,425,2026-02-01 19:19:42,takeout,,apple_pay,completed
1004638,1,1081,2026-02-01 19:19:56,delivery,,credit_card,completed
1004639,18,1079,2026-02-01 19:22:33,drive_thru,,cash,completed
1004640,7,645,2026-02-01 19:23:58,dine_in,,debit_card,completed
1004641,15,1152,2026-02-01 19:27:01,takeout,,credit_card,completed
1004642,8,,2026-02-01 19:28:07,delivery,,credit_card,completed
1004643,6,,2026-02-01 19:29:30,drive_thru,,credit_card,completed
1004644,3,1097,2026-02-01 19:32:02,dine_in,,debit_card,completed
1004645,11,,2026-02-01 19:33:48,dine_in,,credit_card,completed
1004646,14,,2026-02-01 19:34:43,dine_in,,credit_card,completed
1004647,4,,2026-02-01 19:34:45,delivery,,debit_card,completed
1004648,4,,2026-02-01 19:37:15,dine_in,,cash,completed
1004649,15,,2026-02-01 19:45:02,drive_thru,,cash,completed
1004650,7,2035,2026-02-01 19:51:56,takeout,,credit_card,completed
1004651,7,,2026-02-01 19:56:01,dine_in,,debit_card,completed
1004652,7,526,2026-02-01 19:59:47,dine_in,,cash,completed
1004653,1,,2026-02-01 20:01:25,delivery,,credit_card,completed
1004654,10,2461,2026-02-01 20:05:26,dine_in,,credit_card,refunded
1004655,6,2117,2026-02-01 20:05:27,takeout,,credit_card,completed
1004656,4,869,2026-02-01 20:06:19,dine_in,,debit_card,completed
1004657,15,44,2026-02-01 20:47:13,dine_in,,debit_card,completed
1004658,8,,2026-02-01 20:50:15,delivery,,credit_card,completed
1004659,1,,2026-02-02 10:34:11,delivery,,debit_card,completed
1004660,19,,2026-02-02 10:54:17,takeout,,debit_card,completed
1004661,13,34,2026-02-02 10:58:11,dine_in,,debit_card,completed
1004662,7,969,2026-02-02 11:12:36,takeout,,debit_card,completed
1004663,17,1850,2026-02-02 11:21:30,takeout,,credit_card,completed
1004664,11,,2026-02-02 11:23:08,dine_in,,credit_card,completed
1004665,19,,2026-02-02 11:32:19,drive_thru,,credit_card,completed
1004666,11,2092,2026-02-02 11:40:10,dine_in,,credit_card,completed
1004667,3,,2026-02-02 11:42:10,delivery,,credit_card,completed
1004668,19,2460,2026-02-02 11:43:24,drive_thru,,debit_card,completed
1004669,13,596,2026-02-02 11:53:35,dine_in,,debit_card,completed
1004670,7,949,2026-02-02 11:55:57,takeout,,credit_card,completed
1004671,12,,2026-02-02 11:56:35,dine_in,,credit_card,completed
1004672,1,,2026-02-02 12:00:41,takeout,,credit_card,completed
1004673,7,2078,2026-02-02 12:01:58,dine_in,,debit_card,completed
1004674,9,1070,2026-02-02 12:02:36,dine_in,,debit_card,refunded
1004675,11,650,2026-02-02 12:02:51,dine_in,,cash,completed
1004676,13,473,2026-02-02 12:03:00,delivery,,credit_card,completed
1004677,7,,2026-02-02 12:08:39,dine_in,,credit_card,completed
1004678,6,,2026-02-02 12:09:07,drive_thru,,credit_card,completed
1004679,10,1685,2026-02-02 12:11:03,drive_thru,,credit_card,completed
1004680,4,1825,2026-02-02 12:12:03,drive_thru,,credit_card,completed
1004681,10,2395,2026-02-02 12:12:12,drive_thru,,credit_card,completed
1004682,14,412,2026-02-02 12:14:12,delivery,,credit_card,completed
1004683,14,1040,02/02/2026 12:14,takeout,,credit_card,completed
1004684,16,486,2026-02-02 12:16:46,dine_in,,apple_pay,completed
1004685,7,,2026-02-02 12:19:08,dine_in,,credit_card,completed
1004686,8,667,2026-02-02 12:19:11,dine_in,,credit_card,completed
1004687,19,,2026-02-02 12:19:16,dine_in,,cash,completed
1004688,7,1380,2026-02-02 12:20:57,delivery,,apple_pay,completed
1004689,10,2348,2026-02-02 12:21:06,drive_thru,,debit_card,completed
1004690,19,,2026-02-02 12:26:54,dine_in,,cash,completed
1004691,10,1975,2026-02-02 12:27:10,dine_in,,credit_card,completed
1004692,18,,2026-02-02 12:28:44,dine_in,,credit_card,completed
1004693,19,1378,2026-02-02 12:29:49,delivery,,credit_card,completed
1004694,8,1320,2026-02-02 12:31:41,takeout,,debit_card,completed
1004695,19,1094,2026-02-02 12:31:44,dine_in,,credit_card,completed
1004696,5,2362,2026-02-02 12:32:16,delivery,,credit_card,completed
1004697,2,1388,2026-02-02 12:32:59,takeout,,credit_card,completed
1004698,2,,2026-02-02 12:33:19,takeout,,credit_card,completed
1004699,12,,02/02/2026 12:36,dine_in,,debit_card,completed
1004700,9,1589,2026-02-02 12:39:24,delivery,,credit_card,completed
1004701,4,1722,2026-02-02 12:41:55,drive_thru,,debit_card,completed
1004702,13,,2026-02-02 12:44:38,dine_in,,credit_card,cancelled
1004703,17,,2026-02-02 12:45:29,dine_in,,apple_pay,completed
1004704,3,1580,02/02/2026 12:45,takeout,,cash,completed
1004705,1,1960,2026-02-02 12:51:57,dine_in,,credit_card,completed
1004706,14,446,2026-02-02 12:54:16,dine_in,,debit_card,refunded
1004707,1,,2026-02-02 12:54:19,dine_in,,credit_card,refunded
1004708,10,190,2026-02-02 12:54:31,dine_in,,cash,completed
1004709,12,860,2026-02-02 12:59:03,dine_in,,credit_card,completed
1004710,17,1391,2026-02-02 13:05:56,takeout,,debit_card,completed
1004711,2,,2026-02-02 13:09:47,takeout,,credit_card,completed
1004712,16,693,2026-02-02 13:21:23,delivery,,apple_pay,completed
1004713,10,,2026-02-02 13:22:08,delivery,,debit_card,completed
1004714,6,,2026-02-02 13:22:35,delivery,,credit_card,completed
1004715,19,2400,2026-02-02 13:25:04,drive_thru,,credit_card,completed
1004716,4,,2026-02-02 13:27:07,takeout,,debit_card,completed
1004717,4,,2026-02-02 13:28:51,dine_in,,credit_card,completed
1004718,12,,2026-02-02 13:41:32,dine_in,,credit_card,completed
1004719,18,557,2026-02-02 13:41:46,delivery,,credit_card,completed
1004720,19,,2026-02-02 13:42:39,dine_in,,apple_pay,completed
1004721,18,2183,2026-02-02 13:42:47,drive_thru,,debit_card,completed
1004722,4,950,2026-02-02 13:44:22,dine_in,,apple_pay,completed
1004723,17,,2026-02-02 13:49:34,takeout,,apple_pay,completed
1004724,15,2420,2026-02-02 14:08:31,,,credit_card,completed
1004725,6,,2026-02-02 14:13:31,dine_in,,debit_card,completed
1004726,11,1363,2026-02-02 14:28:00,delivery,,credit_card,completed
1004727,18,1495,2026-02-02 14:29:25,delivery,,credit_card,completed
1004728,19,,2026-02-02 14:29:32,dine_in,,credit_card,completed
1004729,13,,2026-02-02 15:08:18,delivery,,credit_card,completed
1004730,2,,2026-02-02 15:16:07,dine_in,,credit_card,completed
1004731,3,,2026-02-02 15:41:47,dine_in,,credit_card,completed
1004732,7,667,2026-02-02 16:08:39,dine_in,,credit_card,completed
1004733,19,2487,2026-02-02 16:39:21,delivery,,credit_card,completed
1004734,4,535,2026-02-02 16:39:36,delivery,,apple_pay,completed
1004735,19,1209,02/02/2026 16:54,dine_in,,cash,completed
1004736,15,547,2026-02-02 17:05:20,dine_in,,apple_pay,completed
1004737,1,2015,2026-02-02 17:14:59,takeout,,debit_card,completed
1004738,16,323,2026-02-02 17:25:13,delivery,,credit_card,completed
1004739,11,,2026-02-02 17:30:27,drive_thru,,credit_card,completed
1004740,3,1131,2026-02-02 17:33:57,takeout,,credit_card,completed
1004741,9,1887,2026-02-02 17:36:52,takeout,,credit_card,completed
1004742,15,1264,2026-02-02 17:38:39,delivery,,credit_card,refunded
1004743,13,514,02/02/2026 17:39,takeout,,credit_card,completed
1004744,15,,2026-02-02 17:50:44,drive_thru,,credit_card,completed
1004745,14,2453,2026-02-02 17:50:49,dine_in,,credit_card,completed
1004746,1,,2026-02-02 18:06:31,dine_in,,apple_pay,completed
1004747,11,,2026-02-02 18:08:47,drive_thru,,credit_card,completed
1004748,9,2188,2026-02-02 18:10:08,drive_thru,,apple_pay,completed
1004749,19,2235,2026-02-02 18:13:52,delivery,,debit_card,completed
1004750,4,,2026-02-02 18:14:34,drive_thru,,cash,completed
1004751,13,288,2026-02-02 18:17:15,takeout,,cash,completed
1004752,1,,2026-02-02 18:19:05,takeout,,cash,completed
1004753,6,510,2026-02-02 18:20:15,takeout,,apple_pay,completed
1004754,19,1244,2026-02-02 18:27:22,dine_in,,credit_card,completed
1004755,16,1579,2026-02-02 18:34:37,delivery,,credit_card,cancelled
1004756,17,421,2026-02-02 18:37:35,,,debit_card,completed
1004757,12,,2026-02-02 18:40:31,takeout,,debit_card,completed
1004758,17,,2026-02-02 18:40:36,dine_in,,credit_card,completed
1004759,6,487,2026-02-02 18:40:51,drive_thru,,credit_card,completed
1004760,16,,2026-02-02 18:45:34,takeout,,credit_card,completed
1004761,4,1144,2026-02-02 18:48:21,dine_in,,credit_card,completed
1004762,9,1788,2026-02-02 18:48:45,drive_thru,,apple_pay,completed
1004763,7,732,2026-02-02 18:50:41,takeout,,apple_pay,completed
1004764,16,33,2026-02-02 18:52:04,takeout,,apple_pay,completed
1004765,17,626,2026-02-02 18:52:16,dine_in,,credit_card,completed
1004766,3,321,2026-02-02 18:52:23,dine_in,,credit_card,completed
1004767,13,347,2026-02-02 18:58:33,dine_in,,gift_card,completed
1004768,1,2179,2026-02-02 19:00:46,dine_in,,apple_pay,completed
1004769,15,1154,2026-02-02 19:04:13,dine_in,,cash,completed
1004770,1,777,2026-02-02 19:06:08,takeout,,credit_card,completed
1004771,8,2393,2026-02-02 19:06:38,dine_in,,credit_card,completed
1004772,8,1050,2026-02-02 19:07:27,dine_in,,debit_card,completed
1004773,2,1770,2026-02-02 19:08:43,dine_in,,cash,completed
1004774,5,2362,2026-02-02 19:09:34,takeout,,credit_card,completed
1004775,8,1605,2026-02-02 19:10:53,dine_in,,cash,completed
1004776,13,1016,2026-02-02 19:10:53,delivery,,credit_card,completed
1004777,2,,2026-02-02 19:12:23,takeout,,cash,completed
1004778,8,,2026-02-02 19:12:26,takeout,,cash,completed
1004779,9,1982,2026-02-02 19:13:06,delivery,,credit_card,completed
1004780,9,,2026-02-02 19:13:55,drive_thru,,credit_card,completed
1004781,2,825,2026-02-02 19:16:31,takeout,,debit_card,completed
1004782,1,,2026-02-02 19:18:18,delivery,,credit_card,completed
1004783,3,2099,2026-02-02 19:19:55,dine_in,,credit_card,completed
1004784,18,,2026-02-02 19:20:47,dine_in,,apple_pay,completed
1004785,16,2161,2026-02-02 19:21:30,dine_in,,credit_card,completed
1004786,17,,2026-02-02 19:23:47,dine_in,,credit_card,completed
1004787,13,,2026-02-02 19:25:03,dine_in,,gift_card,completed
1004788,4,,2026-02-02 19:26:01,takeout,,credit_card,completed
1004789,13,1272,2026-02-02 19:26:33,takeout,,debit_card,completed
1004790,17,1979,2026-02-02 19:29:05,dine_in,,gift_card,completed
1004791,4,1896,2026-02-02 19:30:31,drive_thru,,credit_card,completed
1004792,18,400,2026-02-02 19:31:35,dine_in,,credit_card,completed
1004793,8,,2026-02-02 19:36:26,takeout,,credit_card,completed
1004794,10,349,2026-02-02 19:36:34,dine_in,,apple_pay,completed
1004795,12,,2026-02-02 19:41:18,dine_in,,credit_card,completed
1004796,16,1557,2026-02-02 19:42:06,delivery,,credit_card,completed
1004797,9,2351,2026-02-02 19:51:03,delivery,,gift_card,completed
1004798,12,,2026-02-02 19:56:36,dine_in,,apple_pay,completed
1004799,16,822,2026-02-02 19:58:39,dine_in,,cash,completed
1004800,14,,2026-02-02 19:59:12,dine_in,,cash,completed
1004801,13,,2026-02-02 20:09:19,dine_in,,apple_pay,completed
1004802,10,,2026-02-02 20:09:46,dine_in,,apple_pay,completed
1004803,11,1398,2026-02-02 20:15:57,drive_thru,,cash,completed
1004804,12,,2026-02-02 20:24:13,dine_in,,credit_card,completed
1004805,14,,2026-02-02 20:39:07,takeout,,credit_card,completed
1004806,1,,2026-02-02 20:47:10,takeout,,credit_card,completed
1004807,1,,2026-02-02 21:08:43,dine_in,,credit_card,completed
1004808,16,1485,2026-02-02 21:08:44,takeout,,debit_card,completed
1004809,11,1553,2026-02-02 21:27:08,dine_in,,cash,completed
1004810,2,708,2026-02-02 21:27:56,takeout,,cash,completed
1004811,19,2121,2026-02-02 21:52:15,delivery,,credit_card,completed
1004812,8,839,2026-02-03 10:33:33,dine_in,,cash,completed
1004813,14,,2026-02-03 10:43:36,dine_in,,credit_card,completed
1004814,2,,2026-02-03 10:55:21,delivery,,credit_card,completed
1004815,10,,2026-02-03 11:11:51,dine_in,,debit_card,completed
1004816,5,703,2026-02-03 11:16:07,takeout,,credit_card,completed
1004817,15,2268,2026-02-03 11:27:43,takeout,,debit_card,completed
1004818,2,1770,2026-02-03 11:28:00,dine_in,,apple_pay,completed
1004819,4,865,2026-02-03 11:30:23,drive_thru,,apple_pay,completed
1004820,15,914,2026-02-03 11:33:28,takeout,,apple_pay,completed
1004821,12,2375,2026-02-03 11:34:32,dine_in,,credit_card,completed
1004822,2,1790,2026-02-03 11:41:23,dine_in,,credit_card,completed
1004823,1,,2026-02-03 11:48:43,dine_in,,debit_card,completed
1004824,5,,2026-02-03 11:59:38,drive_thru,,credit_card,completed
1004825,18,,2026-02-03 11:59:57,drive_thru,,credit_card,completed
1004826,12,652,2026-02-03 12:01:13,dine_in,,apple_pay,completed
1004827,15,1161,2026-02-03 12:01:57,delivery,,debit_card,completed
1004828,17,,2026-02-03 12:03:09,takeout,,cash,completed
1004829,3,282,2026-02-03 12:03:23,dine_in,,debit_card,completed
1004830,7,1759,2026-02-03 12:03:33,delivery,,credit_card,completed
1004831,10,1567,2026-02-03 12:06:22,takeout,,credit_card,completed
1004832,19,1824,2026-02-03 12:07:47,dine_in,,credit_card,completed
1004833,2,2209,2026-02-03 12:08:40,takeout,,credit_card,completed
1004834,9,1171,2026-02-03 12:08:45,drive_thru,,cash,completed
1004835,4,31,2026-02-03 12:11:57,drive_thru,,credit_card,completed
1004836,5,,2026-02-03 12:17:46,dine_in,,apple_pay,completed
1004837,19,657,2026-02-03 12:19:42,drive_thru,,credit_card,completed
1004838,5,407,2026-02-03 12:20:32,drive_thru,,debit_card,completed
1004839,8,986,2026-02-03 12:24:19,takeout,,credit_card,completed
1004840,15,1283,2026-02-03 12:25:53,dine_in,,credit_card,completed
1004841,19,1809,2026-02-03 12:30:28,drive_thru,,credit_card,completed
1004842,10,993,2026-02-03 12:31:12,drive_thru,,credit_card,completed
1004843,7,1026,2026-02-03 12:32:21,dine_in,,cash,completed
1004844,2,1277,2026-02-03 12:35:15,dine_in,,credit_card,completed
1004845,9,,2026-02-03 12:35:48,drive_thru,,credit_card,completed
1004846,16,1098,2026-02-03 12:36:09,dine_in,,apple_pay,completed
1004847,1,,2026-02-03 12:36:42,dine_in,,credit_card,completed
1004848,7,,2026-02-03 12:39:36,dine_in,,apple_pay,completed
1004849,9,526,2026-02-03 12:39:40,drive_thru,,gift_card,completed
1004850,9,,02/03/2026 12:39,delivery,,credit_card,completed
1004851,5,1648,2026-02-03 12:40:12,delivery,,debit_card,completed
1004852,12,,2026-02-03 12:41:36,takeout,,debit_card,completed
1004853,17,1485,2026-02-03 12:41:44,takeout,,credit_card,completed
1004854,3,742,2026-02-03 12:42:47,dine_in,,credit_card,completed
1004855,4,1596,2026-02-03 12:43:05,dine_in,,credit_card,completed
1004856,2,1030,2026-02-03 12:45:13,delivery,,credit_card,completed
1004857,6,1511,2026-02-03 12:55:05,delivery,,credit_card,completed
1004858,2,435,2026-02-03 12:58:46,takeout,,credit_card,completed
1004859,15,781,02/03/2026 13:03,delivery,,debit_card,completed
1004860,5,,2026-02-03 13:06:04,delivery,,debit_card,completed
1004861,1,253,2026-02-03 13:08:00,takeout,,credit_card,completed
1004862,15,,2026-02-03 13:13:55,drive_thru,,apple_pay,completed
1004863,5,,2026-02-03 13:19:27,dine_in,,cash,completed
1004864,2,,2026-02-03 13:21:56,delivery,,apple_pay,completed
1004865,13,,2026-02-03 13:27:18,dine_in,,credit_card,completed
1004866,10,710,2026-02-03 13:27:32,dine_in,,credit_card,completed
1004867,2,,2026-02-03 13:33:59,dine_in,,cash,completed
1004868,6,1033,2026-02-03 13:36:25,dine_in,,debit_card,completed
1004869,12,956,2026-02-03 13:38:46,dine_in,,apple_pay,completed
1004870,6,,2026-02-03 13:48:01,takeout,,cash,completed
1004871,13,,2026-02-03 13:58:06,dine_in,,credit_card,completed
1004872,3,,2026-02-03 14:00:06,dine_in,,cash,completed
1004873,1,2456,2026-02-03 14:04:25,delivery,,credit_card,completed
1004874,6,1501,2026-02-03 14:05:39,drive_thru,,cash,completed
1004875,12,,2026-02-03 14:18:19,takeout,,apple_pay,completed
1004876,9,,2026-02-03 14:59:16,dine_in,,apple_pay,completed
1004877,3,,2026-02-03 15:29:21,delivery,,credit_card,completed
1004878,4,,2026-02-03 15:54:29,drive_thru,,credit_card,completed
1004879,5,808,2026-02-03 16:16:38,drive_thru,,credit_card,completed
1004880,6,,2026-02-03 16:17:17,delivery,,credit_card,completed
1004881,15,,2026-02-03 16:23:28,drive_thru,,credit_card,completed
1004882,7,,2026-02-03 17:04:09,dine_in,,debit_card,completed
1004883,11,1239,2026-02-03 17:29:24,dine_in,,credit_card,refunded
1004884,9,1886,2026-02-03 17:36:50,takeout,,credit_card,completed
1004885,11,1779,2026-02-03 17:42:28,drive_thru,,credit_card,completed
1004886,8,,2026-02-03 17:43:49,delivery,,gift_card,refunded
1004887,18,1561,2026-02-03 17:44:38,takeout,,cash,completed
1004888,7,,2026-02-03 17:49:03,takeout,,credit_card,completed
1004889,14,1401,2026-02-03 17:54:13,dine_in,,credit_card,completed
1004890,8,1440,2026-02-03 17:55:32,delivery,,debit_card,completed
1004891,12,331,2026-02-03 17:58:11,takeout,,credit_card,completed
1004892,3,,2026-02-03 18:04:50,takeout,,credit_card,completed
1004893,4,1228,2026-02-03 18:11:20,drive_thru,,credit_card,completed
1004894,13,1072,2026-02-03 18:26:27,dine_in,,apple_pay,completed
1004895,6,1838,2026-02-03 18:28:08,delivery,,apple_pay,completed
1004896,6,,2026-02-03 18:31:10,dine_in,,cash,completed
1004897,3,,2026-02-03 18:32:20,dine_in,,debit_card,completed
1004898,7,,02/03/2026 18:33,takeout,,credit_card,completed
1004899,12,1212,2026-02-03 18:41:11,dine_in,,debit_card,completed
1004900,13,1059,2026-02-03 18:45:41,dine_in,,credit_card,completed
1004901,15,1819,2026-02-03 18:51:02,delivery,,credit_card,completed
1004902,12,753,2026-02-03 18:52:38,takeout,,apple_pay,cancelled
1004903,19,,2026-02-03 18:54:59,dine_in,,credit_card,completed
1004904,4,1571,2026-02-03 18:56:01,dine_in,,cash,completed
1004905,6,2270,2026-02-03 18:56:46,dine_in,,debit_card,refunded
1004906,8,2008,2026-02-03 18:57:32,dine_in,,credit_card,refunded
1004907,7,,2026-02-03 18:58:44,dine_in,,credit_card,completed
1004908,14,2277,2026-02-03 19:01:16,drive_thru,,apple_pay,completed
1004909,17,,2026-02-03 19:01:38,,,credit_card,completed
1004910,13,,2026-02-03 19:03:06,takeout,,cash,completed
1004911,13,76,2026-02-03 19:10:35,delivery,,gift_card,completed
1004912,3,,2026-02-03 19:13:04,takeout,,credit_card,completed
1004913,14,2325,2026-02-03 19:14:28,dine_in,,cash,completed
1004914,1,,2026-02-03 19:17:44,delivery,,credit_card,cancelled
1004915,4,310,2026-02-03 19:22:34,delivery,,apple_pay,completed
1004916,3,2278,2026-02-03 19:26:12,takeout,,apple_pay,completed
1004917,8,1047,2026-02-03 19:28:21,dine_in,,cash,refunded
1004918,19,,2026-02-03 19:33:01,dine_in,,credit_card,completed
1004919,1,144,2026-02-03 19:34:42,dine_in,,cash,completed
1004920,14,,2026-02-03 19:35:41,dine_in,,apple_pay,completed
1004921,15,2282,2026-02-03 19:38:02,delivery,,debit_card,completed
1004922,5,2206,2026-02-03 19:41:58,dine_in,,debit_card,completed
1004923,17,1147,2026-02-03 19:47:37,takeout,,credit_card,completed
1004924,19,174,2026-02-03 19:50:21,dine_in,,credit_card,completed
1004925,6,,2026-02-03 19:56:00,drive_thru,,apple_pay,completed
1004926,11,2248,2026-02-03 19:56:08,drive_thru,,apple_pay,completed
1004927,10,,2026-02-03 20:06:34,dine_in,,credit_card,completed
1004928,12,1009,2026-02-03 20:08:07,delivery,,credit_card,completed
1004929,5,172,2026-02-03 20:08:11,drive_thru,,credit_card,completed
1004930,5,751,2026-02-03 20:10:45,drive_thru,,cash,completed
1004931,12,1227,2026-02-03 20:17:43,dine_in,,credit_card,completed
1004932,7,1363,2026-02-03 20:18:51,delivery,,credit_card,completed
1004933,13,1727,2026-02-03 20:39:18,takeout,,cash,completed
1004934,11,476,2026-02-03 21:12:57,drive_thru,,apple_pay,completed
1004935,19,215,2026-02-03 21:53:44,takeout,,credit_card,completed
1004936,1,1991,2026-02-04 10:44:25,takeout,,credit_card,completed
1004937,15,,2026-02-04 11:00:46,delivery,,credit_card,completed
1004938,10,452,2026-02-04 11:17:03,takeout,,cash,completed
1004939,19,1419,2026-02-04 11:34:41,drive_thru,,debit_card,completed
1004940,12,794,2026-02-04 11:37:53,takeout,,cash,completed
1004941,4,,2026-02-04 11:38:12,dine_in,,apple_pay,completed
1004942,8,,2026-02-04 11:41:55,dine_in,,credit_card,completed
1004943,9,1668,2026-02-04 11:43:55,takeout,,credit_card,completed
1004944,2,1382,2026-02-04 11:45:03,dine_in,,apple_pay,completed
1004945,18,543,2026-02-04 11:46:21,takeout,,cash,completed
1004946,19,704,2026-02-04 11:48:30,takeout,,credit_card,completed
1004947,10,1901,2026-02-04 11:52:23,dine_in,,apple_pay,completed
1004948,6,,2026-02-04 11:59:21,delivery,,credit_card,completed
1004949,2,1997,2026-02-04 11:59:23,delivery,,credit_card,completed
1004950,17,171,2026-02-04 12:00:02,dine_in,,cash,completed
1004951,12,1899,2026-02-04 12:00:39,dine_in,,credit_card,completed
1004952,9,,2026-02-04 12:04:25,drive_thru,,debit_card,completed
1004953,12,2081,2026-02-04 12:04:55,dine_in,,debit_card,completed
1004954,19,2390,2026-02-04 12:05:44,dine_in,,debit_card,completed
1004955,10,1833,2026-02-04 12:06:19,delivery,,credit_card,completed
1004956,8,,2026-02-04 12:06:35,takeout,,credit_card,completed
1004957,17,1979,2026-02-04 12:07:35,takeout,,cash,completed
1004958,9,,2026-02-04 12:07:40,dine_in,,credit_card,completed
1004959,19,,2026-02-04 12:07:41,drive_thru,,credit_card,completed
1004960,16,1557,02/04/2026 12:07,takeout,,credit_card,completed
1004961,8,2393,2026-02-04 12:08:14,takeout,,credit_card,cancelled
1004962,19,,2026-02-04 12:09:25,takeout,,credit_card,completed
1004963,7,,2026-02-04 12:13:27,takeout,,debit_card,completed
1004964,12,1899,2026-02-04 12:14:50,,,gift_card,completed
1004965,9,,2026-02-04 12:15:09,takeout,,credit_card,completed
1004966,13,2345,2026-02-04 12:17:23,dine_in,,debit_card,completed
1004967,18,,2026-02-04 12:17:51,dine_in,,debit_card,completed
1004968,4,262,2026-02-04 12:18:26,dine_in,,credit_card,completed
1004969,1,1224,2026-02-04 12:22:20,dine_in,,debit_card,completed
1004970,10,,2026-02-04 12:24:51,dine_in,,credit_card,completed
1004971,1,2011,2026-02-04 12:26:45,dine_in,,cash,completed
1004972,8,,2026-02-04 12:27:33,dine_in,,cash,completed
1004973,6,,2026-02-04 12:28:26,drive_thru,,credit_card,completed
1004974,11,,2026-02-04 12:28:56,dine_in,,cash,completed
1004975,10,257,2026-02-04 12:29:43,drive_thru,,credit_card,completed
1004976,3,315,2026-02-04 12:29:50,delivery,,credit_card,completed
1004977,15,,2026-02-04 12:30:24,takeout,,apple_pay,completed
1004978,17,523,2026-02-04 12:32:39,dine_in,,apple_pay,completed
1004979,13,1272,2026-02-04 12:33:05,dine_in,,cash,completed
1004980,7,,2026-02-04 12:34:20,dine_in,,credit_card,completed
1004981,5,,2026-02-04 12:35:37,takeout,,debit_card,completed
1004982,4,,2026-02-04 12:37:23,drive_thru,,cash,completed
1004983,11,2350,2026-02-04 12:39:28,,,cash,completed
1004984,16,607,2026-02-04 12:39:40,takeout,,debit_card,completed
1004985,15,619,2026-02-04 12:41:22,drive_thru,,credit_card,completed
1004986,16,216,2026-02-04 12:42:12,takeout,,credit_card,completed
1004987,4,,2026-02-04 12:44:06,drive_thru,,cash,completed
1004988,13,1170,2026-02-04 12:44:12,dine_in,,apple_pay,completed
1004989,10,,2026-02-04 12:45:50,dine_in,,credit_card,completed
1004990,14,,2026-02-04 12:45:54,delivery,,debit_card,completed
1004991,10,,2026-02-04 12:47:11,dine_in,,credit_card,completed
1004992,18,672,2026-02-04 12:50:25,dine_in,,gift_card,completed
1004993,10,,2026-02-04 12:54:08,delivery,,credit_card,completed
1004994,16,,2026-02-04 12:58:08,dine_in,,credit_card,completed
1004995,8,640,2026-02-04 12:58:44,dine_in,,apple_pay,completed
1004996,4,1871,2026-02-04 13:01:29,delivery,,debit_card,completed
1004997,13,617,2026-02-04 13:05:11,takeout,,debit_card,completed
1004998,8,,2026-02-04 13:08:07,takeout,,credit_card,completed
1004999,7,,2026-02-04 13:12:54,takeout,,credit_card,completed
1005000,17,,2026-02-04 13:14:50,delivery,,debit_card,completed
1005001,7,2455,2026-02-04 13:38:57,dine_in,,cash,completed
1005002,13,1753,2026-02-04 13:40:27,dine_in,,debit_card,completed
1005003,17,,2026-02-04 13:41:02,dine_in,,credit_card,completed
1005004,4,533,2026-02-04 13:48:17,takeout,,credit_card,refunded
1005005,15,1976,2026-02-04 13:50:25,takeout,,credit_card,completed
1005006,8,,2026-02-04 14:05:37,delivery,,debit_card,completed
1005007,9,149,2026-02-04 14:07:34,drive_thru,,credit_card,completed
1005008,1,721,2026-02-04 14:33:47,delivery,,gift_card,completed
1005009,3,449,2026-02-04 14:37:20,takeout,,credit_card,completed
1005010,6,126,2026-02-04 15:44:51,takeout,,credit_card,completed
1005011,19,,2026-02-04 16:49:32,dine_in,,cash,completed
1005012,7,,2026-02-04 17:00:59,dine_in,,apple_pay,completed
1005013,10,1207,2026-02-04 17:20:41,delivery,,credit_card,completed
1005014,3,1376,2026-02-04 17:24:58,delivery,,debit_card,completed
1005015,18,,2026-02-04 17:26:30,dine_in,,apple_pay,completed
1005016,10,531,2026-02-04 17:37:00,takeout,,apple_pay,completed
1005017,1,1211,2026-02-04 17:49:02,dine_in,,debit_card,completed
1005018,18,2054,2026-02-04 17:49:11,dine_in,,credit_card,completed
1005019,6,,2026-02-04 17:50:56,takeout,,credit_card,completed
1005020,5,247,2026-02-04 17:56:05,drive_thru,,cash,completed
1005021,14,1114,2026-02-04 17:57:45,dine_in,,credit_card,completed
1005022,5,634,2026-02-04 18:02:07,drive_thru,,credit_card,completed
1005023,8,,2026-02-04 18:08:25,dine_in,,credit_card,completed
1005024,8,228,2026-02-04 18:10:00,delivery,,gift_card,completed
1005025,2,,2026-02-04 18:13:19,takeout,,credit_card,completed
1005026,14,,2026-02-04 18:14:44,dine_in,,credit_card,completed
1005027,10,,2026-02-04 18:17:06,takeout,,credit_card,completed
1005028,1,535,2026-02-04 18:20:29,delivery,,apple_pay,cancelled
1005029,6,,2026-02-04 18:25:04,dine_in,,apple_pay,completed
1005030,8,564,2026-02-04 18:26:09,dine_in,,debit_card,completed
1005031,2,1408,2026-02-04 18:27:38,takeout,,debit_card,completed
1005032,10,125,2026-02-04 18:29:06,dine_in,,credit_card,completed
1005033,19,1573,2026-02-04 18:29:36,takeout,,credit_card,completed
1005034,18,,2026-02-04 18:35:54,dine_in,,cash,completed
1005035,14,,2026-02-04 18:39:14,dine_in,,debit_card,completed
1005036,3,1471,2026-02-04 18:40:04,takeout,,debit_card,completed
1005037,19,,2026-02-04 18:42:57,dine_in,,credit_card,completed
1005038,6,2101,2026-02-04 18:44:51,takeout,,credit_card,completed
1005039,5,,2026-02-04 18:45:54,drive_thru,,apple_pay,completed
1005040,9,438,2026-02-04 18:48:46,drive_thru,,credit_card,completed
1005041,12,1260,2026-02-04 18:49:46,dine_in,,apple_pay,completed
1005042,7,2436,2026-02-04 18:49:57,takeout,,credit_card,completed
1005043,2,2177,2026-02-04 18:53:21,takeout,,credit_card,completed
1005044,17,,2026-02-04 18:54:17,delivery,,credit_card,completed
1005045,14,195,2026-02-04 18:56:01,drive_thru,,credit_card,completed
1005046,19,,2026-02-04 18:57:22,drive_thru,,credit_card,completed
1005047,2,,2026-02-04 18:58:25,takeout,,credit_card,completed
1005048,7,,2026-02-04 18:58:32,delivery,,debit_card,completed
1005049,15,1028,2026-02-04 19:00:16,drive_thru,,credit_card,completed
1005050,6,180,2026-02-04 19:01:05,dine_in,,credit_card,completed
1005051,15,937,2026-02-04 19:02:24,dine_in,,apple_pay,completed
1005052,16,2475,2026-02-04 19:02:39,takeout,,debit_card,completed
1005053,5,1464,2026-02-04 19:02:40,delivery,,credit_card,completed
1005054,4,1165,2026-02-04 19:06:06,dine_in,,apple_pay,completed
1005055,14,1449,2026-02-04 19:07:09,takeout,,debit_card,completed
1005056,14,,2026-02-04 19:08:31,dine_in,,cash,completed
1005057,8,866,2026-02-04 19:08:41,delivery,,debit_card,completed
1005058,4,996,2026-02-04 19:09:33,drive_thru,,apple_pay,refunded
1005059,10,2248,2026-02-04 19:09:41,drive_thru,,credit_card,completed
1005060,6,,2026-02-04 19:10:04,drive_thru,,gift_card,completed
1005061,12,430,2026-02-04 19:11:29,dine_in,,credit_card,completed
1005062,6,1226,2026-02-04 19:11:55,dine_in,,gift_card,completed
1005063,19,150,2026-02-04 19:17:04,drive_thru,,debit_card,completed
1005064,10,1486,2026-02-04 19:25:59,takeout,,apple_pay,completed
1005065,7,1829,2026-02-04 19:32:05,delivery,,credit_card,completed
1005066,16,,2026-02-04 19:38:04,dine_in,,credit_card,refunded
1005067,14,,2026-02-04 19:39:39,takeout,,apple_pay,refunded
1005068,14,2311,2026-02-04 19:42:25,dine_in,,gift_card,completed
1005069,19,80,2026-02-04 19:46:39,dine_in,,credit_card,completed
1005070,8,1610,2026-02-04 19:49:47,dine_in,,credit_card,completed
1005071,1,1362,2026-02-04 19:52:41,delivery,,credit_card,completed
1005072,11,550,2026-02-04 19:53:58,drive_thru,,debit_card,completed
1005073,17,,2026-02-04 20:00:29,dine_in,,debit_card,completed
1005074,13,,02/04/2026 20:01,takeout,,credit_card,completed
1005075,19,2300,2026-02-04 20:01:57,dine_in,,credit_card,completed
1005076,16,2390,2026-02-04 20:04:29,dine_in,,credit_card,completed
1005077,14,2086,2026-02-04 20:05:02,drive_thru,,credit_card,completed
1005078,4,,2026-02-04 20:06:40,dine_in,,credit_card,completed
1005079,7,,2026-02-04 20:39:20,delivery,,credit_card,completed
1005080,7,2476,2026-02-04 20:39:44,takeout,,cash,completed
1005081,5,1637,2026-02-04 20:54:54,,,credit_card,completed
1005082,1,,2026-02-04 20:55:27,takeout,,cash,refunded
1005083,10,836,2026-02-04 21:01:38,takeout,,apple_pay,completed
1005084,1,,2026-02-04 21:18:26,delivery,,credit_card,completed
1005085,11,,2026-02-04 21:20:06,drive_thru,,credit_card,completed
1005086,6,,2026-02-04 21:22:17,takeout,,apple_pay,completed
1005087,4,,2026-02-05 10:59:20,delivery,,credit_card,completed
1005088,14,855,2026-02-05 11:09:17,delivery,,credit_card,completed
1005089,11,,2026-02-05 11:13:12,drive_thru,,credit_card,completed
1005090,8,2466,2026-02-05 11:24:14,takeout,,debit_card,completed
1005091,6,718,2026-02-05 11:25:16,dine_in,,credit_card,completed
1005092,16,,2026-02-05 11:32:54,dine_in,,credit_card,completed
1005093,2,,2026-02-05 11:36:24,dine_in,,credit_card,completed
1005094,2,,2026-02-05 11:37:19,dine_in,,debit_card,completed
1005095,2,1547,2026-02-05 11:42:47,dine_in,,debit_card,completed
1005096,15,412,2026-02-05 11:48:54,dine_in,,debit_card,completed
1005097,2,1216,2026-02-05 11:49:24,takeout,,cash,completed
1005098,17,1300,2026-02-05 11:50:56,dine_in,,debit_card,completed
1005099,14,1713,2026-02-05 11:54:11,drive_thru,,cash,completed
1005100,14,,2026-02-05 11:55:04,drive_thru,,credit_card,refunded
1005101,16,,2026-02-05 11:59:37,dine_in,,credit_card,completed
1005102,16,1128,2026-02-05 12:07:21,dine_in,,credit_card,completed
1005103,19,571,2026-02-05 12:09:49,delivery,,apple_pay,completed
1005104,9,1589,2026-02-05 12:10:03,dine_in,,cash,completed
1005105,12,539,2026-02-05 12:12:19,takeout,,cash,completed
1005106,16,,2026-02-05 12:18:29,dine_in,,debit_card,completed
1005107,8,,2026-02-05 12:18:36,delivery,,credit_card,completed
1005108,1,116,2026-02-05 12:18:56,dine_in,,credit_card,completed
1005109,15,1727,2026-02-05 12:21:12,drive_thru,,credit_card,completed
1005110,3,135,2026-02-05 12:28:13,dine_in,,credit_card,completed
1005111,10,,2026-02-05 12:28:55,delivery,,credit_card,completed
1005112,13,,2026-02-05 12:32:25,takeout,,apple_pay,completed
1005113,6,696,2026-02-05 12:32:56,takeout,,credit_card,completed
1005114,3,,2026-02-05 12:34:18,takeout,,debit_card,completed
1005115,1,2456,2026-02-05 12:34:38,dine_in,,credit_card,completed
1005116,5,,2026-02-05 12:35:48,drive_thru,,gift_card,cancelled
1005117,4,,2026-02-05 12:39:33,takeout,,cash,completed
1005118,13,,2026-02-05 12:42:57,dine_in,,debit_card,completed
1005119,3,2164,2026-02-05 12:46:01,takeout,,credit_card,completed
1005120,11,,2026-02-05 12:47:41,dine_in,,debit_card,completed
1005121,12,1308,2026-02-05 12:48:51,dine_in,,debit_card,completed
1005122,13,391,2026-02-05 12:51:14,dine_in,,apple_pay,completed
1005123,4,135,2026-02-05 12:53:31,delivery,,debit_card,completed
1005124,17,805,2026-02-05 13:00:23,dine_in,,credit_card,completed
1005125,19,2400,2026-02-05 13:02:52,drive_thru,,credit_card,completed
1005126,16,893,2026-02-05 13:07:11,dine_in,,credit_card,completed
1005127,7,1767,2026-02-05 13:11:14,dine_in,,credit_card,completed
1005128,8,2008,2026-02-05 13:12:07,takeout,,gift_card,completed
1005129,1,1874,2026-02-05 13:14:29,delivery,,debit_card,completed
1005130,9,990,2026-02-05 13:14:35,delivery,,credit_card,completed
1005131,13,,2026-02-05 13:18:00,dine_in,,cash,completed
1005132,14,,2026-02-05 13:18:07,takeout,,gift_card,completed
1005133,3,133,2026-02-05 13:21:21,dine_in,,cash,completed
1005134,18,1322,2026-02-05 13:24:32,delivery,,credit_card,completed
1005135,16,962,2026-02-05 13:25:11,dine_in,,cash,completed
1005136,6,537,2026-02-05 13:26:13,drive_thru,,credit_card,completed
1005137,4,916,2026-02-05 13:29:54,takeout,,credit_card,completed
1005138,5,,2026-02-05 13:35:44,dine_in,,debit_card,completed
1005139,4,1278,2026-02-05 13:44:11,dine_in,,credit_card,completed
1005140,14,1727,2026-02-05 13:49:14,dine_in,,credit_card,completed
1005141,14,195,2026-02-05 15:23:00,takeout,,credit_card,completed
1005142,17,830,2026-02-05 15:34:38,dine_in,,cash,completed
1005143,8,,2026-02-05 15:35:01,dine_in,,apple_pay,completed
1005144,18,492,2026-02-05 15:39:09,drive_thru,,debit_card,completed
1005145,8,1291,2026-02-05 16:00:06,takeout,,debit_card,completed
1005146,17,1236,2026-02-05 16:29:13,takeout,,gift_card,completed
1005147,9,476,2026-02-05 17:13:04,drive_thru,,cash,completed
1005148,1,978,2026-02-05 17:16:08,takeout,,credit_card,completed
1005149,14,2453,2026-02-05 17:37:44,dine_in,,apple_pay,completed
1005150,11,,2026-02-05 17:45:59,drive_thru,,debit_card,completed
1005151,3,,2026-02-05 17:48:34,delivery,,credit_card,completed
1005152,12,,2026-02-05 17:54:01,dine_in,,credit_card,completed
1005153,3,,2026-02-05 17:56:02,delivery,,apple_pay,completed
1005154,3,,2026-02-05 18:15:11,dine_in,,credit_card,completed
1005155,9,,2026-02-05 18:16:50,dine_in,,cash,completed
1005156,16,1331,2026-02-05 18:29:42,takeout,,apple_pay,completed
1005157,7,114,2026-02-05 18:30:05,takeout,,cash,completed
1005158,9,46,2026-02-05 18:31:17,delivery,,debit_card,completed
1005159,12,1941,2026-02-05 18:36:02,delivery,,credit_card,completed
1005160,5,,2026-02-05 18:38:10,drive_thru,,credit_card,completed
1005161,6,1119,2026-02-05 18:38:30,dine_in,,credit_card,completed
1005162,3,1770,2026-02-05 18:39:28,delivery,,credit_card,completed
1005163,5,932,2026-02-05 18:41:55,dine_in,,credit_card,completed
1005164,19,1587,2026-02-05 18:47:36,takeout,,gift_card,completed
1005165,18,826,2026-02-05 18:51:41,dine_in,,debit_card,completed
1005166,19,150,2026-02-05 18:56:36,dine_in,,gift_card,completed
1005167,11,2499,2026-02-05 18:58:28,delivery,,credit_card,completed
1005168,7,670,2026-02-05 19:04:57,takeout,,debit_card,completed
1005169,12,2311,2026-02-05 19:06:52,dine_in,,credit_card,completed
1005170,17,1740,2026-02-05 19:08:09,dine_in,,apple_pay,completed
1005171,14,855,2026-02-05 19:09:13,takeout,,credit_card,completed
1005172,9,379,2026-02-05 19:10:11,takeout,,debit_card,completed
1005173,7,2352,2026-02-05 19:10:30,takeout,,credit_card,completed
1005174,4,,2026-02-05 19:11:54,drive_thru,,cash,completed
1005175,8,228,2026-02-05 19:13:51,delivery,,apple_pay,completed
1005176,7,1866,2026-02-05 19:14:27,dine_in,,credit_card,completed
1005177,14,870,2026-02-05 19:14:37,drive_thru,,debit_card,completed
1005178,16,2487,2026-02-05 19:14:55,takeout,,credit_card,completed
1005179,19,2126,2026-02-05 19:17:35,drive_thru,,cash,completed
1005180,5,681,2026-02-05 19:17:48,dine_in,,credit_card,completed
1005181,3,1745,2026-02-05 19:18:09,dine_in,,apple_pay,completed
1005182,8,2055,2026-02-05 19:19:08,dine_in,,apple_pay,completed
1005183,19,,2026-02-05 19:19:48,dine_in,,credit_card,completed
1005184,7,,2026-02-05 19:26:14,delivery,,apple_pay,completed
1005185,2,109,2026-02-05 19:26:54,delivery,,gift_card,completed
1005186,7,768,2026-02-05 19:30:30,dine_in,,apple_pay,completed
1005187,18,1306,2026-02-05 19:33:13,dine_in,,credit_card,completed
1005188,6,1569,2026-02-05 19:40:21,drive_thru,,credit_card,completed
1005189,15,,2026-02-05 19:40:33,dine_in,,cash,completed
1005190,13,514,2026-02-05 19:46:33,dine_in,,cash,completed
1005191,10,,2026-02-05 19:51:27,dine_in,,credit_card,completed
1005192,14,2280,2026-02-05 19:57:58,takeout,,cash,completed
1005193,4,,2026-02-05 19:58:51,delivery,,credit_card,completed
1005194,13,1288,2026-02-05 20:03:48,takeout,,credit_card,completed
1005195,16,439,2026-02-05 20:09:05,takeout,,cash,completed
1005196,18,,2026-02-05 20:09:28,delivery,,apple_pay,completed
1005197,14,35,2026-02-05 20:16:09,dine_in,,cash,completed
1005198,19,2237,2026-02-05 20:16:18,drive_thru,,debit_card,completed
1005199,10,106,2026-02-05 20:22:03,drive_thru,,cash,completed
1005200,12,331,02/05/2026 20:49,dine_in,,cash,completed
1005201,18,132,2026-02-05 20:49:44,delivery,,credit_card,completed
1005202,2,2127,2026-02-05 20:51:10,dine_in,,credit_card,completed
1005203,9,2202,2026-02-05 21:48:17,dine_in,,credit_card,cancelled
1005204,17,1646,2026-02-05 21:59:09,takeout,,credit_card,completed
1005205,6,,2026-02-06 11:06:59,delivery,,credit_card,completed
1005206,14,815,2026-02-06 11:14:57,dine_in,,credit_card,completed
1005207,14,1725,2026-02-06 11:20:32,drive_thru,,credit_card,completed
1005208,9,1626,2026-02-06 11:25:48,delivery,,credit_card,completed
1005209,6,1977,2026-02-06 11:31:13,dine_in,,credit_card,completed
1005210,18,632,2026-02-06 11:32:47,dine_in,,gift_card,completed
1005211,6,1997,2026-02-06 11:36:42,drive_thru,,apple_pay,completed
1005212,10,1975,2026-02-06 11:39:23,drive_thru,,credit_card,completed
1005213,14,1990,2026-02-06 11:40:34,drive_thru,,credit_card,completed
1005214,19,966,2026-02-06 11:41:46,delivery,,credit_card,completed
1005215,18,1495,2026-02-06 11:45:41,delivery,,credit_card,completed
1005216,13,,02/06/2026 11:47,dine_in,,gift_card,completed
1005217,5,1794,2026-02-06 11:51:33,delivery,,credit_card,completed
1005218,10,2194,2026-02-06 11:53:40,drive_thru,,apple_pay,completed
1005219,13,311,2026-02-06 11:55:26,dine_in,,cash,completed
1005220,17,1733,2026-02-06 11:55:30,dine_in,,credit_card,completed
1005221,11,2287,2026-02-06 11:58:16,dine_in,,cash,completed
1005222,13,,2026-02-06 11:59:18,delivery,,debit_card,completed
1005223,18,,2026-02-06 11:59:57,dine_in,,debit_card,completed
1005224,17,,2026-02-06 12:00:12,delivery,,credit_card,completed
1005225,15,,2026-02-06 12:02:50,dine_in,,credit_card,completed
1005226,4,1090,2026-02-06 12:08:35,drive_thru,,debit_card,completed
1005227,15,398,2026-02-06 12:08:50,drive_thru,,credit_card,completed
1005228,2,,2026-02-06 12:10:40,dine_in,,credit_card,completed
1005229,11,2009,2026-02-06 12:12:28,dine_in,,cash,completed
1005230,18,1775,2026-02-06 12:13:32,takeout,,credit_card,completed
1005231,4,2308,2026-02-06 12:14:28,dine_in,,credit_card,completed
1005232,10,125,2026-02-06 12:17:43,delivery,,credit_card,completed
1005233,8,,2026-02-06 12:19:37,delivery,,debit_card,completed
1005234,3,2221,2026-02-06 12:20:20,takeout,,apple_pay,completed
1005235,2,109,2026-02-06 12:20:24,delivery,,credit_card,completed
1005236,5,2181,2026-02-06 12:21:47,delivery,,debit_card,completed
1005237,17,,2026-02-06 12:21:47,dine_in,,credit_card,completed
1005238,6,2439,2026-02-06 12:24:48,dine_in,,apple_pay,completed
1005239,19,2182,2026-02-06 12:25:49,dine_in,,debit_card,completed
1005240,14,1703,2026-02-06 12:26:33,takeout,,debit_card,completed
1005241,12,,2026-02-06 12:26:51,dine_in,,cash,completed
1005242,19,1983,2026-02-06 12:27:12,dine_in,,credit_card,completed
1005243,16,1734,2026-02-06 12:28:37,delivery,,credit_card,completed
1005244,14,2086,2026-02-06 12:29:23,dine_in,,debit_card,completed
1005245,2,981,2026-02-06 12:30:57,,,debit_card,completed
1005246,13,,2026-02-06 12:31:33,takeout,,debit_card,completed
1005247,8,104,2026-02-06 12:31:44,takeout,,gift_card,completed
1005248,7,2047,2026-02-06 12:31:54,takeout,,gift_card,completed
1005249,13,,2026-02-06 12:32:00,delivery,,debit_card,completed
1005250,1,535,2026-02-06 12:32:07,dine_in,,credit_card,completed
1005251,6,1967,2026-02-06 12:37:42,delivery,,credit_card,completed
1005252,10,,2026-02-06 12:39:39,drive_thru,,credit_card,completed
1005253,17,1391,2026-02-06 12:39:47,takeout,,debit_card,completed
1005254,1,792,2026-02-06 12:41:15,dine_in,,cash,completed
1005255,11,,2026-02-06 12:45:16,delivery,,debit_card,completed
1005256,3,,2026-02-06 12:45:28,takeout,,credit_card,completed
1005257,15,,2026-02-06 12:45:51,dine_in,,credit_card,completed
1005258,17,922,2026-02-06 12:46:08,delivery,,credit_card,completed
1005259,18,1399,2026-02-06 12:46:41,dine_in,,cash,completed
1005260,14,430,2026-02-06 12:48:24,drive_thru,,credit_card,completed
1005261,14,1279,2026-02-06 12:48:39,dine_in,,cash,completed
1005262,3,829,2026-02-06 12:51:12,dine_in,,debit_card,completed
1005263,5,2004,2026-02-06 12:53:23,delivery,,debit_card,completed
1005264,17,408,2026-02-06 12:56:27,dine_in,,apple_pay,completed
1005265,5,,2026-02-06 12:58:00,takeout,,apple_pay,completed
1005266,13,1031,2026-02-06 12:58:51,dine_in,,gift_card,completed
1005267,13,1204,02/06/2026 13:00,dine_in,,gift_card,completed
1005268,5,,2026-02-06 13:02:06,delivery,,credit_card,completed
1005269,9,,2026-02-06 13:02:10,takeout,,cash,completed
1005270,12,,2026-02-06 13:02:23,takeout,,credit_card,completed
1005271,9,1513,2026-02-06 13:02:56,drive_thru,,credit_card,completed
1005272,12,,2026-02-06 13:03:56,takeout,,cash,completed
1005273,19,,2026-02-06 13:06:27,dine_in,,apple_pay,completed
1005274,9,982,2026-02-06 13:06:52,delivery,,credit_card,completed
1005275,15,,2026-02-06 13:08:41,dine_in,,debit_card,completed
1005276,1,755,2026-02-06 13:09:05,takeout,,credit_card,completed
1005277,17,,2026-02-06 13:12:21,,,debit_card,completed
1005278,2,1770,2026-02-06 13:13:15,takeout,,debit_card,completed
1005279,13,100,2026-02-06 13:14:42,dine_in,,credit_card,completed
1005280,8,,2026-02-06 13:15:33,takeout,,credit_card,completed
1005281,15,,2026-02-06 13:24:22,delivery,,credit_card,completed
1005282,13,1429,2026-02-06 13:27:18,dine_in,,gift_card,completed
1005283,12,1297,2026-02-06 13:42:10,takeout,,credit_card,completed
1005284,1,1906,2026-02-06 13:52:49,dine_in,,credit_card,completed
1005285,9,864,2026-02-06 14:11:44,delivery,,apple_pay,completed
1005286,17,,2026-02-06 14:19:17,takeout,,apple_pay,completed
1005287,3,,2026-02-06 14:19:44,dine_in,,debit_card,completed
1005288,18,,2026-02-06 14:28:11,dine_in,,debit_card,completed
1005289,10,,2026-02-06 14:53:15,takeout,,credit_card,completed
1005290,6,,2026-02-06 14:54:10,drive_thru,,credit_card,completed
1005291,7,1567,2026-02-06 15:21:47,dine_in,,credit_card,completed
1005292,4,312,2026-02-06 16:31:52,drive_thru,,credit_card,completed
1005293,17,271,2026-02-06 16:55:58,dine_in,,cash,completed
1005294,2,1071,02/06/2026 17:20,takeout,,credit_card,completed
1005295,8,466,02/06/2026 17:23,dine_in,,debit_card,completed
1005296,18,1717,2026-02-06 17:33:15,takeout,,gift_card,completed
1005297,14,625,2026-02-06 17:37:02,dine_in,,cash,completed
1005298,14,646,2026-02-06 17:51:17,takeout,,credit_card,completed
1005299,18,1100,2026-02-06 17:53:52,delivery,,debit_card,completed
1005300,8,719,2026-02-06 17:57:24,delivery,,debit_card,completed
1005301,14,2412,2026-02-06 17:59:21,takeout,,credit_card,completed
1005302,8,258,2026-02-06 17:59:29,dine_in,,cash,completed
1005303,13,1911,2026-02-06 18:08:13,takeout,,cash,completed
1005304,2,,2026-02-06 18:08:28,dine_in,,credit_card,completed
1005305,15,1727,2026-02-06 18:08:40,drive_thru,,gift_card,completed
1005306,16,218,2026-02-06 18:08:50,takeout,,cash,refunded
1005307,4,519,2026-02-06 18:11:17,drive_thru,,cash,cancelled
1005308,17,730,2026-02-06 18:11:26,dine_in,,credit_card,completed
1005309,11,2476,2026-02-06 18:13:53,delivery,,apple_pay,completed
1005310,13,1101,2026-02-06 18:15:57,delivery,,apple_pay,completed
1005311,1,630,2026-02-06 18:16:33,dine_in,,credit_card,completed
1005312,8,,2026-02-06 18:17:19,dine_in,,cash,completed
1005313,9,217,2026-02-06 18:17:56,dine_in,,debit_card,completed
1005314,3,175,2026-02-06 18:22:46,dine_in,,debit_card,completed
1005315,17,1375,2026-02-06 18:24:25,takeout,,credit_card,completed
1005316,7,812,2026-02-06 18:32:23,dine_in,,credit_card,cancelled
1005317,16,,2026-02-06 18:36:23,dine_in,,credit_card,completed
1005318,5,1159,2026-02-06 18:36:34,drive_thru,,cash,completed
1005319,17,,2026-02-06 18:36:54,dine_in,,apple_pay,completed
1005320,10,556,2026-02-06 18:37:16,dine_in,,credit_card,completed
1005321,4,,2026-02-06 18:38:04,drive_thru,,credit_card,completed
1005322,13,,2026-02-06 18:38:05,delivery,,apple_pay,completed
1005323,3,,2026-02-06 18:38:57,dine_in,,credit_card,completed
1005324,1,703,2026-02-06 18:39:13,delivery,,credit_card,completed
1005325,13,544,2026-02-06 18:40:36,dine_in,,apple_pay,completed
1005326,15,,2026-02-06 18:42:50,takeout,,credit_card,completed
1005327,18,482,2026-02-06 18:43:20,dine_in,,cash,completed
1005328,17,908,2026-02-06 18:45:03,takeout,,cash,completed
1005329,15,1487,2026-02-06 18:48:09,takeout,,cash,completed
1005330,13,,2026-02-06 18:51:25,dine_in,,apple_pay,completed
1005331,12,2094,2026-02-06 18:54:20,delivery,,debit_card,completed
1005332,8,,2026-02-06 18:54:22,takeout,,credit_card,cancelled
1005333,15,1959,2026-02-06 18:54:43,dine_in,,credit_card,completed
1005334,9,,2026-02-06 18:56:00,delivery,,credit_card,cancelled
1005335,15,,2026-02-06 18:57:29,dine_in,,cash,completed
1005336,14,2406,2026-02-06 19:00:09,drive_thru,,debit_card,completed
1005337,6,882,2026-02-06 19:02:22,dine_in,,credit_card,completed
1005338,3,,2026-02-06 19:03:45,delivery,,apple_pay,completed
1005339,19,,2026-02-06 19:03:45,dine_in,,debit_card,cancelled
1005340,16,1041,2026-02-06 19:06:50,dine_in,,credit_card,completed
1005341,9,1271,2026-02-06 19:07:12,drive_thru,,gift_card,completed
1005342,5,,2026-02-06 19:07:42,drive_thru,,credit_card,completed
1005343,10,,2026-02-06 19:09:24,delivery,,credit_card,completed
1005344,17,,2026-02-06 19:11:49,takeout,,apple_pay,completed
1005345,8,2312,2026-02-06 19:14:33,delivery,,credit_card,completed
1005346,10,452,2026-02-06 19:14:50,delivery,,credit_card,completed
1005347,16,1485,2026-02-06 19:14:52,dine_in,,apple_pay,completed
1005348,4,,2026-02-06 19:16:21,drive_thru,,apple_pay,completed
1005349,11,1639,2026-02-06 19:16:24,drive_thru,,credit_card,completed
1005350,18,936,2026-02-06 19:16:38,takeout,,credit_card,completed
1005351,1,,2026-02-06 19:18:50,dine_in,,debit_card,completed
1005352,19,954,2026-02-06 19:19:50,dine_in,,credit_card,completed
1005353,7,2461,2026-02-06 19:23:54,takeout,,debit_card,completed
1005354,18,2475,2026-02-06 19:26:55,drive_thru,,credit_card,completed
1005355,14,2482,02/06/2026 19:30,delivery,,apple_pay,completed
1005356,11,986,2026-02-06 19:31:51,dine_in,,credit_card,completed
1005357,8,,2026-02-06 19:32:13,delivery,,credit_card,completed
1005358,14,,2026-02-06 19:34:08,drive_thru,,debit_card,completed
1005359,7,,2026-02-06 19:35:48,takeout,,cash,completed
1005360,17,520,2026-02-06 19:38:10,dine_in,,apple_pay,completed
1005361,6,2138,2026-02-06 19:38:19,delivery,,credit_card,completed
1005362,8,719,2026-02-06 19:38:25,dine_in,,debit_card,completed
1005363,5,143,2026-02-06 19:39:00,drive_thru,,cash,completed
1005364,12,2085,2026-02-06 19:39:36,dine_in,,cash,completed
1005365,3,,2026-02-06 19:40:14,takeout,,debit_card,completed
1005366,19,,2026-02-06 19:40:47,drive_thru,,apple_pay,completed
1005367,17,1646,2026-02-06 19:44:08,dine_in,,apple_pay,completed
1005368,9,,2026-02-06 19:46:33,dine_in,,credit_card,completed
1005369,3,1348,2026-02-06 19:47:26,dine_in,,cash,completed
1005370,5,,2026-02-06 19:48:54,drive_thru,,apple_pay,completed
1005371,4,,2026-02-06 19:50:51,delivery,,credit_card,completed
1005372,5,1224,2026-02-06 19:54:11,takeout,,credit_card,completed
1005373,3,173,2026-02-06 20:01:59,takeout,,cash,completed
1005374,1,2003,2026-02-06 20:03:05,dine_in,,apple_pay,completed
1005375,17,,2026-02-06 20:10:13,takeout,,credit_card,completed
1005376,14,1401,2026-02-06 20:14:53,drive_thru,,debit_card,completed
1005377,19,1900,2026-02-06 20:17:38,dine_in,,credit_card,completed
1005378,10,1070,2026-02-06 20:19:21,delivery,,debit_card,completed
1005379,4,1144,2026-02-06 20:23:18,dine_in,,credit_card,completed
1005380,16,1603,2026-02-06 20:24:44,delivery,,apple_pay,completed
1005381,1,,2026-02-06 20:25:43,dine_in,,cash,completed
1005382,18,893,2026-02-06 20:32:26,dine_in,,credit_card,completed
1005383,17,,2026-02-06 20:50:31,takeout,,credit_card,completed
1005384,18,1335,2026-02-06 21:12:03,delivery,,debit_card,completed
1005385,15,,2026-02-06 21:15:23,dine_in,,debit_card,completed
1005386,17,1391,2026-02-06 21:23:43,takeout,,apple_pay,completed
1005387,15,1872,2026-02-07 10:53:05,dine_in,,cash,completed
1005388,16,1517,2026-02-07 11:03:03,dine_in,,credit_card,completed
1005389,19,,2026-02-07 11:14:54,dine_in,,debit_card,completed
1005390,18,,2026-02-07 11:26:55,delivery,,credit_card,completed
1005391,4,944,2026-02-07 11:42:37,dine_in,,credit_card,completed
1005392,13,,2026-02-07 11:43:59,dine_in,,credit_card,completed
1005393,10,,2026-02-07 11:44:20,drive_thru,,debit_card,completed
1005394,13,1016,2026-02-07 11:47:33,takeout,,apple_pay,completed
1005395,14,426,2026-02-07 11:48:15,dine_in,,debit_card,completed
1005396,12,1287,2026-02-07 11:50:02,dine_in,,apple_pay,completed
1005397,17,730,2026-02-07 11:52:09,dine_in,,apple_pay,completed
1005398,8,,2026-02-07 11:53:15,takeout,,credit_card,completed
1005399,12,1432,2026-02-07 11:55:23,dine_in,,credit_card,completed
1005400,4,,2026-02-07 11:57:30,dine_in,,credit_card,completed
1005401,3,1491,2026-02-07 12:01:18,takeout,,credit_card,completed
1005402,9,1887,2026-02-07 12:01:58,takeout,,cash,completed
1005403,2,2443,2026-02-07 12:05:08,delivery,,credit_card,completed
1005404,17,1236,2026-02-07 12:07:03,takeout,,debit_card,cancelled
1005405,10,1459,2026-02-07 12:09:20,dine_in,,cash,completed
1005406,13,1287,2026-02-07 12:09:58,dine_in,,debit_card,completed
1005407,11,1363,2026-02-07 12:13:31,delivery,,debit_card,completed
1005408,2,317,2026-02-07 12:15:30,,,debit_card,completed
1005409,15,1592,2026-02-07 12:15:39,takeout,,credit_card,completed
1005410,1,1295,2026-02-07 12:16:10,,,credit_card,completed
1005411,16,,2026-02-07 12:17:51,takeout,,credit_card,completed
1005412,11,2398,2026-02-07 12:18:50,dine_in,,cash,completed
1005413,3,,2026-02-07 12:21:25,takeout,,debit_card,completed
1005414,6,,2026-02-07 12:22:02,dine_in,,credit_card,completed
1005415,6,800,2026-02-07 12:22:05,dine_in,,credit_card,completed
1005416,12,,2026-02-07 12:22:18,dine_in,,credit_card,completed
1005417,17,1259,2026-02-07 12:23:40,delivery,,credit_card,completed
1005418,3,9,2026-02-07 12:27:30,dine_in,,credit_card,completed
1005419,1,2473,2026-02-07 12:28:07,dine_in,,gift_card,completed
1005420,10,,2026-02-07 12:29:50,takeout,,debit_card,completed
1005421,13,1476,2026-02-07 12:30:12,delivery,,apple_pay,completed
1005422,10,,2026-02-07 12:30:13,delivery,,credit_card,completed
1005423,15,,2026-02-07 12:31:03,takeout,,credit_card,completed
1005424,12,329,2026-02-07 12:31:53,takeout,,credit_card,completed
1005425,19,2483,2026-02-07 12:32:22,delivery,,debit_card,completed
1005426,1,429,2026-02-07 12:34:09,dine_in,,cash,completed
1005427,17,1646,2026-02-07 12:34:34,dine_in,,debit_card,completed
1005428,12,1542,2026-02-07 12:35:20,dine_in,,credit_card,completed
1005429,1,777,2026-02-07 12:36:20,takeout,,credit_card,completed
1005430,6,911,2026-02-07 12:39:16,delivery,,apple_pay,completed
1005431,2,774,2026-02-07 12:39:33,dine_in,,credit_card,completed
1005432,4,1848,2026-02-07 12:41:08,drive_thru,,credit_card,completed
1005433,5,1748,2026-02-07 12:41:34,dine_in,,credit_card,completed
1005434,5,,2026-02-07 12:43:44,drive_thru,,debit_card,completed
1005435,19,1966,2026-02-07 12:45:20,drive_thru,,gift_card,completed
1005436,2,2399,2026-02-07 12:46:19,dine_in,,debit_card,completed
1005437,18,,2026-02-07 12:46:26,delivery,,apple_pay,completed
1005438,12,2406,2026-02-07 12:48:19,delivery,,credit_card,completed
1005439,11,1779,2026-02-07 12:49:58,delivery,,credit_card,completed
1005440,15,1518,2026-02-07 12:51:06,drive_thru,,apple_pay,completed
1005441,4,,2026-02-07 12:51:23,delivery,,debit_card,completed
1005442,3,944,2026-02-07 12:51:24,dine_in,,cash,completed
1005443,8,,2026-02-07 12:51:57,dine_in,,debit_card,completed
1005444,8,,2026-02-07 12:52:45,dine_in,,credit_card,completed
1005445,9,,2026-02-07 12:55:01,delivery,,credit_card,completed
1005446,18,,2026-02-07 12:55:15,delivery,,credit_card,completed
1005447,15,1504,2026-02-07 12:57:10,drive_thru,,credit_card,completed
1005448,18,1540,2026-02-07 13:02:35,delivery,,credit_card,completed
1005449,3,,2026-02-07 13:08:33,takeout,,credit_card,completed
1005450,3,2356,2026-02-07 13:12:07,dine_in,,credit_card,completed
1005451,1,1548,2026-02-07 13:12:47,delivery,,debit_card,completed
1005452,1,289,2026-02-07 13:15:15,takeout,,credit_card,completed
1005453,16,1128,2026-02-07 13:18:05,takeout,,credit_card,completed
1005454,1,,2026-02-07 13:18:51,delivery,,credit_card,completed
1005455,14,2173,2026-02-07 13:20:27,takeout,,credit_card,completed
1005456,9,1171,2026-02-07 13:20:48,takeout,,credit_card,completed
1005457,4,1436,2026-02-07 13:20:59,dine_in,,apple_pay,completed
1005458,12,1254,2026-02-07 13:21:14,delivery,,apple_pay,completed
1005459,6,2021,2026-02-07 13:22:20,dine_in,,apple_pay,completed
1005460,19,1847,2026-02-07 13:24:44,dine_in,,credit_card,completed
1005461,8,1329,2026-02-07 13:29:23,delivery,,credit_card,completed
1005462,3,235,2026-02-07 13:37:51,delivery,,credit_card,completed
1005463,7,1105,2026-02-07 13:41:10,dine_in,,credit_card,completed
1005464,6,,2026-02-07 13:59:31,dine_in,,cash,completed
1005465,3,321,2026-02-07 13:59:33,dine_in,,cash,completed
1005466,11,,2026-02-07 14:09:57,delivery,,credit_card,completed
1005467,19,,2026-02-07 14:21:48,dine_in,,credit_card,completed
1005468,2,1787,2026-02-07 15:02:20,dine_in,,credit_card,completed
1005469,2,1622,2026-02-07 15:19:05,takeout,,credit_card,cancelled
1005470,2,1572,2026-02-07 15:21:05,takeout,,credit_card,completed
1005471,15,351,2026-02-07 15:38:25,dine_in,,debit_card,completed
1005472,4,916,2026-02-07 15:44:57,takeout,,cash,completed
1005473,12,1254,2026-02-07 16:09:32,dine_in,,cash,completed
1005474,5,,2026-02-07 16:36:01,takeout,,credit_card,completed
1005475,3,187,2026-02-07 16:37:28,dine_in,,credit_card,completed
1005476,3,30,2026-02-07 16:52:51,dine_in,,debit_card,completed
1005477,14,2316,2026-02-07 17:01:16,takeout,,credit_card,completed
1005478,1,,2026-02-07 17:16:51,dine_in,,credit_card,completed
1005479,17,,2026-02-07 17:20:46,dine_in,,debit_card,cancelled
1005480,15,1528,2026-02-07 17:28:58,drive_thru,,apple_pay,completed
1005481,15,1127,2026-02-07 17:32:45,takeout,,gift_card,completed
1005482,12,334,2026-02-07 17:35:13,takeout,,credit_card,completed
1005483,16,962,2026-02-07 17:37:45,dine_in,,credit_card,completed
1005484,11,823,2026-02-07 17:49:47,dine_in,,apple_pay,completed
1005485,6,444,2026-02-07 17:51:23,drive_thru,,credit_card,completed
1005486,5,2397,2026-02-07 17:51:25,dine_in,,apple_pay,refunded
1005487,17,1540,2026-02-07 17:58:33,takeout,,credit_card,completed
1005488,14,,2026-02-07 17:59:58,dine_in,,credit_card,completed
1005489,16,,2026-02-07 18:00:19,delivery,,credit_card,completed
1005490,14,,2026-02-07 18:05:31,delivery,,debit_card,completed
1005491,4,,2026-02-07 18:07:14,dine_in,,credit_card,completed
1005492,1,,2026-02-07 18:07:45,dine_in,,cash,completed
1005493,13,1897,2026-02-07 18:08:19,dine_in,,apple_pay,completed
1005494,14,2316,2026-02-07 18:09:50,drive_thru,,apple_pay,completed
1005495,5,,2026-02-07 18:10:42,dine_in,,credit_card,completed
1005496,8,1327,2026-02-07 18:11:23,dine_in,,credit_card,completed
1005497,12,625,2026-02-07 18:13:13,takeout,,cash,completed
1005498,5,,02/07/2026 18:14,dine_in,,credit_card,completed
1005499,18,,2026-02-07 18:18:02,delivery,,credit_card,completed
1005500,16,1691,2026-02-07 18:20:42,delivery,,credit_card,completed
1005501,1,404,2026-02-07 18:21:30,dine_in,,debit_card,completed
1005502,14,937,2026-02-07 18:23:44,dine_in,,cash,completed
1005503,16,2195,2026-02-07 18:23:46,takeout,,credit_card,completed
1005504,8,,2026-02-07 18:23:53,takeout,,debit_card,completed
1005505,4,2500,2026-02-07 18:24:20,takeout,,apple_pay,completed
1005506,4,1205,2026-02-07 18:26:35,drive_thru,,credit_card,completed
1005507,3,708,2026-02-07 18:28:08,dine_in,,credit_card,completed
1005508,14,,2026-02-07 18:32:52,delivery,,credit_card,completed
1005509,12,860,2026-02-07 18:35:02,dine_in,,credit_card,completed
1005510,8,763,2026-02-07 18:35:57,dine_in,,credit_card,completed
1005511,2,541,2026-02-07 18:36:04,dine_in,,credit_card,completed
1005512,13,,2026-02-07 18:37:05,delivery,,credit_card,completed
1005513,9,1811,2026-02-07 18:38:26,dine_in,,credit_card,completed
1005514,19,2483,2026-02-07 18:39:06,drive_thru,,credit_card,completed
1005515,10,484,2026-02-07 18:42:36,dine_in,,credit_card,completed
1005516,1,2032,2026-02-07 18:47:32,dine_in,,debit_card,completed
1005517,12,,2026-02-07 18:47:54,takeout,,cash,completed
1005518,18,,2026-02-07 18:49:05,dine_in,,debit_card,completed
1005519,10,,2026-02-07 18:49:29,delivery,,credit_card,completed
1005520,11,,2026-02-07 18:51:11,delivery,,credit_card,completed
1005521,6,1631,2026-02-07 18:52:13,dine_in,,debit_card,completed
1005522,1,32,2026-02-07 18:53:07,dine_in,,credit_card,completed
1005523,13,1044,2026-02-07 18:55:38,delivery,,credit_card,completed
1005524,7,2450,2026-02-07 18:57:08,takeout,,apple_pay,completed
1005525,18,1001,2026-02-07 19:02:21,dine_in,,cash,completed
1005526,3,2003,2026-02-07 19:02:36,delivery,,debit_card,completed
1005527,6,,2026-02-07 19:03:00,drive_thru,,cash,completed
1005528,4,2458,2026-02-07 19:07:04,drive_thru,,apple_pay,completed
1005529,6,2049,2026-02-07 19:07:44,drive_thru,,apple_pay,completed
1005530,4,,2026-02-07 19:08:37,delivery,,credit_card,completed
1005531,3,,2026-02-07 19:09:08,takeout,,debit_card,completed
1005532,17,2054,2026-02-07 19:09:44,dine_in,,credit_card,completed
1005533,10,,2026-02-07 19:13:14,dine_in,,apple_pay,completed
1005534,11,,2026-02-07 19:14:04,drive_thru,,apple_pay,completed
1005535,2,,2026-02-07 19:14:42,dine_in,,credit_card,completed
1005536,8,2348,2026-02-07 19:15:03,takeout,,debit_card,completed
1005537,7,1402,2026-02-07 19:16:06,takeout,,credit_card,completed
1005538,15,677,2026-02-07 19:18:51,takeout,,credit_card,completed
1005539,1,315,2026-02-07 19:19:18,takeout,,apple_pay,completed
1005540,15,1487,2026-02-07 19:21:27,delivery,,credit_card,completed
1005541,2,2015,2026-02-07 19:24:15,dine_in,,credit_card,completed
1005542,12,,2026-02-07 19:30:37,delivery,,debit_card,completed
1005543,6,,2026-02-07 19:31:47,dine_in,,apple_pay,completed
1005544,2,1321,2026-02-07 19:31:51,dine_in,,credit_card,completed
1005545,4,1848,2026-02-07 19:32:41,drive_thru,,apple_pay,completed
1005546,14,1214,2026-02-07 19:35:59,drive_thru,,cash,completed
1005547,8,,2026-02-07 19:36:19,takeout,,credit_card,completed
1005548,12,,2026-02-07 19:36:30,dine_in,,credit_card,completed
1005549,17,,2026-02-07 19:44:20,delivery,,credit_card,completed
1005550,7,,2026-02-07 19:44:57,delivery,,apple_pay,completed
1005551,2,,2026-02-07 19:45:23,delivery,,credit_card,completed
1005552,8,,2026-02-07 19:48:49,dine_in,,credit_card,cancelled
1005553,4,2077,2026-02-07 19:49:00,dine_in,,debit_card,completed
1005554,16,1584,2026-02-07 19:50:03,dine_in,,credit_card,completed
1005555,14,1953,2026-02-07 19:52:21,dine_in,,credit_card,completed
1005556,14,2406,2026-02-07 19:52:21,takeout,,cash,completed
1005557,15,2282,2026-02-07 19:54:40,delivery,,credit_card,completed
1005558,13,1751,2026-02-07 19:54:43,takeout,,credit_card,completed
1005559,14,2073,2026-02-07 20:13:10,takeout,,credit_card,completed
1005560,17,271,2026-02-07 20:13:43,delivery,,credit_card,completed
1005561,4,2111,2026-02-07 20:25:42,takeout,,debit_card,completed
1005562,3,744,2026-02-07 20:34:11,takeout,,credit_card,completed
1005563,6,921,2026-02-07 20:36:02,dine_in,,credit_card,completed
1005564,1,207,2026-02-07 20:40:21,takeout,,debit_card,completed
1005565,13,,2026-02-07 20:45:52,dine_in,,credit_card,completed
1005566,3,454,2026-02-07 20:48:13,dine_in,,debit_card,completed
1005567,8,,2026-02-07 20:54:59,delivery,,credit_card,completed
1005568,5,2397,2026-02-07 20:57:27,dine_in,,cash,completed
1005569,19,80,2026-02-07 21:12:13,dine_in,,debit_card,completed
1005570,17,,2026-02-08 10:46:39,dine_in,,credit_card,completed
1005571,12,458,2026-02-08 11:12:32,dine_in,,credit_card,completed
1005572,19,555,2026-02-08 11:15:47,dine_in,,cash,completed
1005573,17,1079,2026-02-08 11:15:56,delivery,,credit_card,completed
1005574,19,1537,2026-02-08 11:19:49,takeout,,apple_pay,completed
1005575,12,1042,2026-02-08 11:24:32,dine_in,,credit_card,completed
1005576,7,2373,2026-02-08 11:36:33,delivery,,credit_card,completed
1005577,16,1603,2026-02-08 11:39:04,takeout,,cash,completed
1005578,17,1889,2026-02-08 11:40:57,takeout,,debit_card,completed
1005579,12,1326,2026-02-08 11:51:44,dine_in,,credit_card,completed
1005580,11,591,2026-02-08 11:53:35,delivery,,debit_card,completed
1005581,3,384,02/08/2026 11:57,dine_in,,credit_card,completed
1005582,2,541,2026-02-08 11:58:29,takeout,,credit_card,completed
1005583,4,2331,2026-02-08 11:59:00,delivery,,credit_card,completed
1005584,1,1422,2026-02-08 12:00:05,takeout,,gift_card,completed
1005585,10,,2026-02-08 12:04:21,drive_thru,,debit_card,completed
1005586,7,1607,2026-02-08 12:05:26,delivery,,credit_card,completed
1005587,5,235,2026-02-08 12:05:37,drive_thru,,apple_pay,completed
1005588,14,870,2026-02-08 12:06:08,delivery,,credit_card,completed
1005589,8,513,2026-02-08 12:12:04,,,apple_pay,completed
1005590,1,,2026-02-08 12:12:35,takeout,,debit_card,completed
1005591,6,1601,2026-02-08 12:16:05,delivery,,debit_card,completed
1005592,13,45,2026-02-08 12:19:05,dine_in,,apple_pay,completed
1005593,14,2412,2026-02-08 12:20:19,dine_in,,credit_card,completed
1005594,19,767,2026-02-08 12:20:49,drive_thru,,credit_card,completed
1005595,6,,2026-02-08 12:21:28,drive_thru,,credit_card,completed
1005596,9,549,2026-02-08 12:21:38,dine_in,,credit_card,completed
1005597,7,2201,2026-02-08 12:22:18,takeout,,apple_pay,completed
1005598,3,315,2026-02-08 12:28:30,takeout,,credit_card,completed
1005599,16,,2026-02-08 12:30:48,dine_in,,debit_card,completed
1005600,5,1226,2026-02-08 12:31:30,dine_in,,apple_pay,completed
1005601,12,2094,2026-02-08 12:31:47,delivery,,credit_card,completed
1005602,3,,2026-02-08 12:32:27,takeout,,credit_card,completed
1005603,19,,2026-02-08 12:33:35,dine_in,,credit_card,completed
1005604,2,1382,2026-02-08 12:35:12,delivery,,credit_card,completed
1005605,13,1877,2026-02-08 12:35:12,delivery,,apple_pay,completed
1005606,16,,2026-02-08 12:37:11,delivery,,credit_card,completed
1005607,16,1691,2026-02-08 12:40:50,delivery,,credit_card,completed
1005608,3,1310,2026-02-08 12:40:53,dine_in,,credit_card,completed
1005609,2,,2026-02-08 12:41:22,takeout,,credit_card,completed
1005610,19,,2026-02-08 12:44:36,dine_in,,apple_pay,completed
1005611,8,2492,2026-02-08 12:44:54,dine_in,,cash,completed
1005612,13,478,2026-02-08 12:48:30,dine_in,,apple_pay,completed
1005613,12,,2026-02-08 12:50:56,dine_in,,credit_card,completed
1005614,14,1048,2026-02-08 12:52:45,dine_in,,cash,completed
1005615,9,969,2026-02-08 12:53:05,drive_thru,,credit_card,completed
1005616,13,,2026-02-08 12:54:59,dine_in,,credit_card,completed
1005617,14,2277,2026-02-08 12:56:16,drive_thru,,apple_pay,completed
1005618,19,,2026-02-08 12:56:42,dine_in,,debit_card,completed
1005619,19,,02/08/2026 12:58,takeout,,apple_pay,completed
1005620,14,,2026-02-08 12:59:33,dine_in,,debit_card,completed
1005621,13,,2026-02-08 13:00:42,takeout,,credit_card,completed
1005622,5,235,2026-02-08 13:03:46,,,gift_card,completed
1005623,18,1717,2026-02-08 13:04:47,dine_in,,credit_card,completed
1005624,19,2084,2026-02-08 13:06:01,delivery,,credit_card,completed
1005625,9,,2026-02-08 13:06:23,dine_in,,cash,completed
1005626,19,2483,2026-02-08 13:08:16,delivery,,debit_card,completed
1005627,9,,2026-02-08 13:09:59,dine_in,,debit_card,completed
1005628,6,170,2026-02-08 13:20:48,dine_in,,credit_card,refunded
1005629,7,,2026-02-08 13:26:59,takeout,,credit_card,completed
1005630,2,2399,2026-02-08 13:33:31,dine_in,,credit_card,completed
1005631,8,,2026-02-08 13:54:39,delivery,,debit_card,completed
1005632,4,,2026-02-08 14:10:25,delivery,,credit_card,completed
1005633,7,2461,2026-02-08 14:15:42,takeout,,apple_pay,completed
1005634,16,,2026-02-08 14:56:37,,,credit_card,completed
1005635,17,2447,2026-02-08 15:02:01,dine_in,,debit_card,completed
1005636,7,,2026-02-08 15:31:10,takeout,,cash,completed
1005637,1,515,2026-02-08 16:13:14,dine_in,,apple_pay,completed
1005638,8,2006,2026-02-08 17:15:46,takeout,,credit_card,completed
1005639,18,1986,2026-02-08 17:39:02,dine_in,,debit_card,completed
1005640,19,408,2026-02-08 17:44:20,dine_in,,credit_card,completed
1005641,12,2234,2026-02-08 17:58:06,dine_in,,cash,completed
1005642,3,1665,2026-02-08 18:05:31,dine_in,,debit_card,completed
1005643,8,2315,2026-02-08 18:07:06,takeout,,cash,completed
1005644,17,1183,2026-02-08 18:12:25,dine_in,,credit_card,completed
1005645,17,,2026-02-08 18:21:36,dine_in,,credit_card,completed
1005646,6,,2026-02-08 18:23:09,drive_thru,,cash,completed
1005647,14,870,02/08/2026 18:28,drive_thru,,cash,completed
1005648,4,193,2026-02-08 18:30:10,drive_thru,,apple_pay,completed
1005649,4,,2026-02-08 18:34:05,dine_in,,debit_card,completed
1005650,6,2125,2026-02-08 18:37:01,takeout,,credit_card,completed
1005651,1,,2026-02-08 18:38:53,dine_in,,debit_card,completed
1005652,17,,2026-02-08 18:39:36,dine_in,,credit_card,completed
1005653,7,2068,2026-02-08 18:40:22,dine_in,,credit_card,completed
1005654,18,,2026-02-08 18:41:28,drive_thru,,cash,completed
1005655,14,814,2026-02-08 18:46:36,takeout,,cash,completed
1005656,1,,2026-02-08 18:51:38,delivery,,credit_card,completed
1005657,1,2473,2026-02-08 18:51:44,takeout,,cash,completed
1005658,9,,2026-02-08 18:54:55,drive_thru,,credit_card,completed
1005659,13,,2026-02-08 18:56:23,takeout,,credit_card,completed
1005660,1,883,2026-02-08 18:58:12,dine_in,,credit_card,completed
1005661,5,,2026-02-08 19:01:06,dine_in,,debit_card,completed
1005662,1,,2026-02-08 19:03:46,takeout,,credit_card,completed
1005663,6,,2026-02-08 19:05:40,,,debit_card,completed
1005664,10,,2026-02-08 19:07:20,takeout,,credit_card,completed
1005665,4,,2026-02-08 19:07:43,drive_thru,,credit_card,completed
1005666,16,,2026-02-08 19:08:22,delivery,,credit_card,completed
1005667,8,1291,2026-02-08 19:08:31,dine_in,,credit_card,refunded
1005668,17,1391,2026-02-08 19:08:32,dine_in,,cash,cancelled
1005669,3,,2026-02-08 19:08:57,,,credit_card,completed
1005670,15,1593,2026-02-08 19:09:40,dine_in,,debit_card,completed
1005671,12,1652,2026-02-08 19:12:55,dine_in,,debit_card,completed
1005672,8,798,2026-02-08 19:17:28,dine_in,,credit_card,completed
1005673,14,,2026-02-08 19:17:44,dine_in,,apple_pay,completed
1005674,9,1589,2026-02-08 19:19:23,,,apple_pay,completed
1005675,9,990,2026-02-08 19:20:03,drive_thru,,debit_card,completed
1005676,15,1592,2026-02-08 19:24:14,delivery,,debit_card,completed
1005677,12,,2026-02-08 19:25:08,delivery,,credit_card,completed
1005678,2,825,2026-02-08 19:27:25,dine_in,,apple_pay,completed
1005679,1,,2026-02-08 19:31:44,dine_in,,credit_card,completed
1005680,10,1903,02/08/2026 19:32,drive_thru,,credit_card,completed
1005681,8,913,2026-02-08 19:35:39,dine_in,,apple_pay,completed
1005682,8,,2026-02-08 19:39:04,dine_in,,credit_card,completed
1005683,14,,2026-02-08 19:48:34,takeout,,credit_card,completed
1005684,4,,2026-02-08 19:59:44,delivery,,credit_card,completed
1005685,8,1404,2026-02-08 20:08:41,dine_in,,credit_card,completed
1005686,18,1689,2026-02-08 20:20:59,drive_thru,,cash,completed
1005687,6,,02/08/2026 20:24,drive_thru,,apple_pay,completed
1005688,7,,2026-02-08 20:24:24,dine_in,,cash,completed
1005689,10,1685,2026-02-08 20:52:53,dine_in,,credit_card,completed
1005690,6,1839,2026-02-08 20:57:49,takeout,,credit_card,completed
1005691,19,80,2026-02-08 21:38:15,takeout,,credit_card,completed
1005692,6,1742,2026-02-08 21:45:03,drive_thru,,apple_pay,completed
1005693,11,1454,2026-02-09 10:32:06,takeout,,apple_pay,completed
1005694,2,1748,2026-02-09 10:39:26,dine_in,,apple_pay,completed
1005695,2,1277,2026-02-09 10:39:47,takeout,,credit_card,completed
1005696,11,,2026-02-09 11:16:30,drive_thru,,gift_card,completed
1005697,10,710,2026-02-09 11:18:31,dine_in,,credit_card,completed
1005698,9,1171,2026-02-09 11:18:47,delivery,,apple_pay,completed
1005699,8,167,2026-02-09 11:19:49,dine_in,,credit_card,completed
1005700,11,949,2026-02-09 11:25:22,drive_thru,,gift_card,completed
1005701,5,733,2026-02-09 11:25:55,drive_thru,,debit_card,completed
1005702,5,1527,2026-02-09 11:35:56,drive_thru,,credit_card,completed
1005703,1,2011,2026-02-09 11:38:03,takeout,,credit_card,completed
1005704,17,,2026-02-09 11:47:46,takeout,,apple_pay,completed
1005705,12,811,2026-02-09 11:48:37,dine_in,,credit_card,completed
1005706,14,160,2026-02-09 11:49:01,takeout,,apple_pay,completed
1005707,15,781,2026-02-09 11:49:48,delivery,,credit_card,completed
1005708,9,233,2026-02-09 11:53:13,takeout,,apple_pay,completed
1005709,4,,2026-02-09 12:01:21,drive_thru,,debit_card,completed
1005710,6,1226,2026-02-09 12:01:28,drive_thru,,debit_card,completed
1005711,15,1191,2026-02-09 12:01:43,dine_in,,gift_card,completed
1005712,12,862,2026-02-09 12:01:53,dine_in,,cash,completed
1005713,15,,2026-02-09 12:07:18,delivery,,apple_pay,completed
1005714,3,,2026-02-09 12:09:18,takeout,,credit_card,completed
1005715,14,374,2026-02-09 12:10:49,delivery,,credit_card,completed
1005716,12,,2026-02-09 12:12:05,delivery,,credit_card,completed
1005717,9,,2026-02-09 12:15:21,drive_thru,,debit_card,completed
1005718,10,1538,2026-02-09 12:15:21,drive_thru,,apple_pay,completed
1005719,14,,2026-02-09 12:15:22,takeout,,credit_card,completed
1005720,9,73,2026-02-09 12:16:21,drive_thru,,debit_card,completed
1005721,16,830,2026-02-09 12:17:24,dine_in,,credit_card,completed
1005722,13,2260,2026-02-09 12:19:15,delivery,,apple_pay,completed
1005723,3,,2026-02-09 12:19:36,delivery,,apple_pay,completed
1005724,9,2288,2026-02-09 12:20:06,dine_in,,credit_card,completed
1005725,19,830,2026-02-09 12:21:02,dine_in,,credit_card,completed
1005726,14,1614,2026-02-09 12:24:30,takeout,,credit_card,completed
1005727,8,1610,2026-02-09 12:25:01,dine_in,,gift_card,completed
1005728,3,,2026-02-09 12:26:05,dine_in,,credit_card,completed
1005729,8,,2026-02-09 12:26:54,takeout,,cash,refunded
1005730,13,,2026-02-09 12:27:32,takeout,,apple_pay,completed
1005731,3,2197,2026-02-09 12:28:11,dine_in,,apple_pay,completed
1005732,10,,2026-02-09 12:29:20,drive_thru,,debit_card,completed
1005733,9,702,2026-02-09 12:30:03,dine_in,,debit_card,completed
1005734,15,1297,2026-02-09 12:30:06,drive_thru,,credit_card,completed
1005735,10,1903,2026-02-09 12:33:02,drive_thru,,credit_card,completed
1005736,6,882,2026-02-09 12:35:29,dine_in,,cash,completed
1005737,15,509,2026-02-09 12:35:55,takeout,,gift_card,completed
1005738,4,1038,2026-02-09 12:36:07,drive_thru,,debit_card,completed
1005739,5,,2026-02-09 12:36:14,delivery,,debit_card,completed
1005740,16,,2026-02-09 12:37:52,dine_in,,debit_card,completed
1005741,2,1806,2026-02-09 12:41:05,,,credit_card,completed
1005742,8,,2026-02-09 12:41:43,takeout,,apple_pay,completed
1005743,19,,2026-02-09 12:42:16,dine_in,,gift_card,completed
1005744,1,1344,2026-02-09 12:42:45,delivery,,debit_card,completed
1005745,16,1128,2026-02-09 12:43:27,delivery,,credit_card,completed
1005746,3,,2026-02-09 12:43:31,dine_in,,apple_pay,completed
1005747,18,1130,2026-02-09 12:43:40,drive_thru,,credit_card,completed
1005748,8,62,2026-02-09 12:43:57,takeout,,apple_pay,completed
1005749,13,1264,2026-02-09 12:49:30,delivery,,credit_card,completed
1005750,11,,2026-02-09 12:53:49,takeout,,gift_card,completed
1005751,13,1288,2026-02-09 12:55:26,dine_in,,credit_card,completed
1005752,19,672,2026-02-09 12:55:35,drive_thru,,debit_card,completed
1005753,14,584,2026-02-09 12:55:51,drive_thru,,credit_card,cancelled
1005754,8,1807,2026-02-09 13:01:02,dine_in,,credit_card,completed
1005755,18,2147,2026-02-09 13:06:12,delivery,,credit_card,completed
1005756,11,269,02/09/2026 13:07,dine_in,,credit_card,completed
1005757,2,,2026-02-09 13:09:19,dine_in,,apple_pay,completed
1005758,10,,2026-02-09 13:15:03,delivery,,credit_card,completed
1005759,11,1135,2026-02-09 13:18:10,delivery,,credit_card,cancelled
1005760,3,984,2026-02-09 13:20:42,takeout,,credit_card,completed
1005761,19,,2026-02-09 13:41:26,delivery,,credit_card,cancelled
1005762,13,,2026-02-09 13:49:54,delivery,,credit_card,completed
1005763,16,843,2026-02-09 13:52:42,dine_in,,credit_card,completed
1005764,17,,2026-02-09 14:19:54,delivery,,apple_pay,completed
1005765,15,1713,2026-02-09 14:20:52,drive_thru,,apple_pay,completed
1005766,11,2387,2026-02-09 14:23:53,delivery,,apple_pay,completed
1005767,3,,2026-02-09 15:21:27,takeout,,credit_card,completed
1005768,13,,2026-02-09 15:25:31,delivery,,credit_card,completed
1005769,14,,2026-02-09 16:43:46,delivery,,debit_card,completed
1005770,14,,2026-02-09 17:01:33,drive_thru,,credit_card,completed
1005771,10,,2026-02-09 17:38:45,dine_in,,credit_card,completed
1005772,7,1660,2026-02-09 17:54:08,dine_in,,apple_pay,completed
1005773,4,1247,2026-02-09 17:59:28,takeout,,credit_card,completed
1005774,2,,2026-02-09 18:00:44,delivery,,credit_card,completed
1005775,3,588,2026-02-09 18:01:19,dine_in,,apple_pay,completed
1005776,16,,2026-02-09 18:02:03,dine_in,,apple_pay,completed
1005777,2,,2026-02-09 18:04:54,dine_in,,credit_card,completed
1005778,19,1062,2026-02-09 18:10:43,dine_in,,credit_card,completed
1005779,5,,2026-02-09 18:16:28,delivery,,credit_card,completed
1005780,6,641,2026-02-09 18:16:47,delivery,,debit_card,completed
1005781,6,1368,2026-02-09 18:23:34,takeout,,debit_card,completed
1005782,14,,2026-02-09 18:25:20,delivery,,gift_card,completed
1005783,10,1516,2026-02-09 18:26:00,drive_thru,,cash,completed
1005784,19,,2026-02-09 18:26:13,drive_thru,,gift_card,completed
1005785,16,507,2026-02-09 18:27:09,dine_in,,debit_card,completed
1005786,6,,2026-02-09 18:27:47,dine_in,,credit_card,completed
1005787,16,896,2026-02-09 18:28:49,takeout,,credit_card,completed
1005788,3,,2026-02-09 18:28:51,takeout,,credit_card,completed
1005789,5,873,2026-02-09 18:29:39,delivery,,credit_card,cancelled
1005790,2,661,2026-02-09 18:31:29,takeout,,debit_card,completed
1005791,17,559,2026-02-09 18:32:05,delivery,,credit_card,completed
1005792,19,2460,2026-02-09 18:32:08,dine_in,,credit_card,completed
1005793,12,,2026-02-09 18:33:28,dine_in,,gift_card,completed
1005794,4,,2026-02-09 18:34:50,dine_in,,apple_pay,completed
1005795,13,2406,2026-02-09 18:35:03,dine_in,,debit_card,completed
1005796,5,,2026-02-09 18:38:04,dine_in,,apple_pay,completed
1005797,11,2476,2026-02-09 18:44:59,delivery,,credit_card,completed
1005798,9,,2026-02-09 18:45:54,takeout,,debit_card,completed
1005799,12,124,2026-02-09 18:49:14,delivery,,debit_card,completed
1005800,13,,2026-02-09 18:49:35,dine_in,,apple_pay,completed
1005801,15,,2026-02-09 18:51:51,takeout,,debit_card,completed
1005802,3,599,2026-02-09 18:54:34,dine_in,,credit_card,completed
1005803,10,836,2026-02-09 18:54:44,dine_in,,gift_card,completed
1005804,1,,2026-02-09 18:55:12,delivery,,debit_card,completed
1005805,15,1727,2026-02-09 18:58:45,delivery,,credit_card,completed
1005806,2,66,2026-02-09 18:59:20,takeout,,apple_pay,completed
1005807,18,675,2026-02-09 19:00:29,takeout,,credit_card,completed
1005808,2,,2026-02-09 19:00:41,dine_in,,apple_pay,completed
1005809,15,,2026-02-09 19:03:48,drive_thru,,debit_card,completed
1005810,15,2268,2026-02-09 19:05:27,drive_thru,,credit_card,completed
1005811,2,2222,2026-02-09 19:06:52,delivery,,debit_card,completed
1005812,15,236,2026-02-09 19:20:10,delivery,,credit_card,completed
1005813,9,358,2026-02-09 19:22:54,takeout,,debit_card,completed
1005814,4,,2026-02-09 19:26:40,delivery,,debit_card,completed
1005815,17,,2026-02-09 19:28:14,,,credit_card,completed
1005816,3,422,2026-02-09 19:30:22,dine_in,,apple_pay,cancelled
1005817,13,136,2026-02-09 19:36:22,takeout,,credit_card,completed
1005818,13,,2026-02-09 19:37:11,takeout,,cash,completed
1005819,1,1673,2026-02-09 19:39:38,dine_in,,debit_card,refunded
1005820,11,2398,2026-02-09 19:40:43,drive_thru,,credit_card,completed
1005821,18,,2026-02-09 19:41:32,drive_thru,,debit_card,completed
1005822,6,1632,2026-02-09 19:43:02,dine_in,,debit_card,completed
1005823,15,1652,2026-02-09 19:43:18,drive_thru,,credit_card,completed
1005824,14,,2026-02-09 19:45:01,delivery,,credit_card,completed
1005825,5,2427,2026-02-09 19:47:55,dine_in,,debit_card,completed
1005826,2,78,2026-02-09 20:00:36,delivery,,credit_card,completed
1005827,2,1637,2026-02-09 20:00:48,dine_in,,debit_card,completed
1005828,11,931,2026-02-09 20:06:35,dine_in,,apple_pay,completed
1005829,15,,2026-02-09 20:06:58,takeout,,cash,completed
1005830,17,2250,2026-02-09 20:07:01,dine_in,,cash,completed
1005831,18,,2026-02-09 20:31:32,delivery,,credit_card,completed
1005832,13,699,2026-02-09 20:40:28,takeout,,credit_card,completed
1005833,13,447,2026-02-09 20:43:36,dine_in,,debit_card,completed
1005834,1,49,2026-02-09 20:44:16,dine_in,,credit_card,completed
1005835,4,,2026-02-09 20:44:56,dine_in,,cash,completed
1005836,19,,2026-02-09 20:46:59,dine_in,,apple_pay,completed
1005837,6,170,2026-02-10 10:38:56,drive_thru,,credit_card,completed
1005838,2,109,2026-02-10 10:45:44,takeout,,cash,completed
1005839,10,302,2026-02-10 10:45:48,dine_in,MARDIGRAS,credit_card,completed
1005840,15,811,2026-02-10 10:46:32,dine_in,,credit_card,completed
1005841,14,511,2026-02-10 10:54:29,takeout,,debit_card,completed
1005842,9,1626,2026-02-10 10:57:27,drive_thru,,credit_card,completed
1005843,12,,2026-02-10 11:05:21,takeout,,credit_card,completed
1005844,16,610,2026-02-10 11:12:47,delivery,,apple_pay,completed
1005845,15,596,2026-02-10 11:14:05,takeout,,debit_card,completed
1005846,5,,2026-02-10 11:23:31,drive_thru,,credit_card,completed
1005847,8,62,2026-02-10 11:26:19,delivery,,debit_card,completed
1005848,19,,2026-02-10 11:28:59,drive_thru,,credit_card,completed
1005849,3,1997,2026-02-10 11:34:12,dine_in,,debit_card,completed
1005850,17,2259,2026-02-10 11:35:31,delivery,,gift_card,completed
1005851,8,913,2026-02-10 11:37:59,dine_in,,cash,completed
1005852,13,1912,2026-02-10 11:39:16,takeout,,apple_pay,completed
1005853,5,,2026-02-10 11:45:34,takeout,,credit_card,completed
1005854,10,1107,2026-02-10 11:49:50,takeout,,credit_card,completed
1005855,7,257,2026-02-10 11:55:24,dine_in,,cash,completed
1005856,14,,2026-02-10 11:59:53,dine_in,,debit_card,completed
1005857,19,2487,2026-02-10 12:01:08,dine_in,,credit_card,cancelled
1005858,13,,2026-02-10 12:01:34,takeout,,cash,completed
1005859,5,172,2026-02-10 12:01:40,dine_in,,credit_card,cancelled
1005860,3,2082,2026-02-10 12:02:00,delivery,,debit_card,completed
1005861,13,,2026-02-10 12:05:01,dine_in,MARDIGRAS,debit_card,completed
1005862,9,,2026-02-10 12:06:32,drive_thru,,apple_pay,completed
1005863,13,1481,2026-02-10 12:06:52,delivery,,credit_card,completed
1005864,3,1582,2026-02-10 12:08:48,dine_in,,apple_pay,completed
1005865,13,1324,2026-02-10 12:11:13,dine_in,,cash,completed
1005866,10,2395,2026-02-10 12:15:12,delivery,,credit_card,completed
1005867,4,1924,2026-02-10 12:17:49,takeout,,apple_pay,completed
1005868,14,,2026-02-10 12:21:29,drive_thru,,credit_card,completed
1005869,6,2146,2026-02-10 12:23:53,drive_thru,,credit_card,completed
1005870,7,,2026-02-10 12:24:11,takeout,,credit_card,completed
1005871,4,2294,2026-02-10 12:27:58,dine_in,,cash,completed
1005872,14,,2026-02-10 12:29:15,delivery,,credit_card,completed
1005873,10,,2026-02-10 12:33:11,drive_thru,,credit_card,completed
1005874,17,1055,2026-02-10 12:33:35,dine_in,,debit_card,completed
1005875,13,1465,2026-02-10 12:34:14,dine_in,,cash,completed
1005876,14,,2026-02-10 12:34:55,drive_thru,,cash,completed
1005877,9,1870,2026-02-10 12:35:28,dine_in,,credit_card,completed
1005878,1,,2026-02-10 12:35:43,dine_in,,apple_pay,completed
1005879,9,,2026-02-10 12:36:49,delivery,,apple_pay,completed
1005880,10,551,2026-02-10 12:37:08,takeout,,apple_pay,completed
1005881,3,2082,2026-02-10 12:37:48,dine_in,,debit_card,completed
1005882,10,1013,2026-02-10 12:38:32,takeout,,credit_card,completed
1005883,6,,2026-02-10 12:41:14,drive_thru,,cash,completed
1005884,19,571,2026-02-10 12:42:33,drive_thru,,debit_card,completed
1005885,10,,2026-02-10 12:49:49,dine_in,,gift_card,completed
1005886,19,,2026-02-10 12:49:53,drive_thru,,credit_card,completed
1005887,10,,2026-02-10 12:50:33,dine_in,,credit_card,completed
1005888,9,658,2026-02-10 12:52:51,drive_thru,,debit_card,completed
1005889,1,1548,2026-02-10 12:58:12,takeout,,apple_pay,completed
1005890,4,1927,2026-02-10 13:01:10,delivery,,credit_card,completed
1005891,7,2,2026-02-10 13:01:22,delivery,,credit_card,completed
1005892,15,1592,2026-02-10 13:09:13,takeout,,credit_card,completed
1005893,17,2054,2026-02-10 13:12:14,dine_in,,credit_card,completed
1005894,1,,2026-02-10 13:15:42,dine_in,,credit_card,completed
1005895,1,,2026-02-10 13:17:50,takeout,,credit_card,completed
1005896,1,623,2026-02-10 13:23:35,takeout,,credit_card,completed
1005897,11,1844,2026-02-10 13:24:54,delivery,,credit_card,completed
1005898,6,,2026-02-10 13:24:57,drive_thru,,cash,completed
1005899,6,,2026-02-10 13:26:55,dine_in,,credit_card,completed
1005900,3,397,2026-02-10 13:28:47,dine_in,,apple_pay,completed
1005901,9,881,2026-02-10 13:38:13,dine_in,,apple_pay,completed
1005902,6,289,2026-02-10 14:03:22,takeout,,gift_card,completed
1005903,6,537,2026-02-10 14:28:01,dine_in,,credit_card,completed
1005904,14,298,2026-02-10 14:40:01,dine_in,,credit_card,completed
1005905,2,,2026-02-10 15:20:56,dine_in,,credit_card,completed
1005906,3,1336,2026-02-10 15:44:37,dine_in,,credit_card,completed
1005907,1,1049,2026-02-10 15:50:03,dine_in,,cash,completed
1005908,11,1337,2026-02-10 16:26:35,dine_in,,credit_card,completed
1005909,1,,2026-02-10 16:31:47,dine_in,,credit_card,completed
1005910,3,2363,2026-02-10 16:35:56,takeout,,credit_card,completed
1005911,2,2174,2026-02-10 16:43:55,dine_in,MARDIGRAS,credit_card,completed
1005912,9,99,2026-02-10 17:31:38,takeout,,apple_pay,completed
1005913,6,299,2026-02-10 17:48:21,drive_thru,,credit_card,completed
1005914,7,,2026-02-10 17:49:42,delivery,,credit_card,completed
1005915,14,870,2026-02-10 18:00:00,drive_thru,,credit_card,cancelled
1005916,16,2238,2026-02-10 18:05:43,dine_in,,cash,completed
1005917,1,,2026-02-10 18:07:56,dine_in,,cash,completed
1005918,6,882,2026-02-10 18:10:12,takeout,,apple_pay,completed
1005919,19,,2026-02-10 18:10:15,delivery,,apple_pay,completed
1005920,9,,2026-02-10 18:12:08,drive_thru,,apple_pay,completed
1005921,5,,2026-02-10 18:13:13,takeout,MARDIGRAS,credit_card,completed
1005922,14,1990,2026-02-10 18:13:16,takeout,,credit_card,completed
1005923,2,,2026-02-10 18:14:37,delivery,,credit_card,cancelled
1005924,1,721,2026-02-10 18:14:58,takeout,MARDIGRAS,credit_card,completed
1005925,4,2321,2026-02-10 18:15:32,takeout,,credit_card,completed
1005926,19,2479,2026-02-10 18:16:02,dine_in,,credit_card,completed
1005927,6,1714,2026-02-10 18:18:37,drive_thru,,credit_card,completed
1005928,6,474,2026-02-10 18:18:56,delivery,,credit_card,completed
1005929,10,1418,2026-02-10 18:19:18,takeout,,debit_card,completed
1005930,17,1850,2026-02-10 18:21:38,takeout,MARDIGRAS,debit_card,completed
1005931,19,320,2026-02-10 18:22:54,dine_in,,credit_card,completed
1005932,4,,2026-02-10 18:24:07,drive_thru,,credit_card,completed
1005933,10,,2026-02-10 18:26:35,takeout,,cash,completed
1005934,2,1216,2026-02-10 18:28:21,takeout,MARDIGRAS,credit_card,completed
1005935,7,1866,2026-02-10 18:29:32,dine_in,,credit_card,completed
1005936,16,1521,2026-02-10 18:30:06,takeout,,credit_card,completed
1005937,4,,2026-02-10 18:31:13,dine_in,,credit_card,completed
1005938,6,1195,02/10/2026 18:32,drive_thru,,credit_card,completed
1005939,15,1797,2026-02-10 18:38:15,delivery,,apple_pay,completed
1005940,6,808,2026-02-10 18:38:59,,,apple_pay,completed
1005941,8,2045,2026-02-10 18:40:55,delivery,,debit_card,completed
1005942,15,2232,2026-02-10 18:42:45,drive_thru,,apple_pay,completed
1005943,17,,2026-02-10 18:50:01,takeout,,credit_card,completed
1005944,13,45,2026-02-10 18:50:04,dine_in,,credit_card,completed
1005945,10,1550,2026-02-10 18:50:41,drive_thru,,debit_card,completed
1005946,11,2387,2026-02-10 18:52:50,delivery,,credit_card,completed
1005947,8,2076,2026-02-10 18:55:20,dine_in,,debit_card,completed
1005948,16,96,2026-02-10 18:56:07,takeout,,credit_card,completed
1005949,14,,2026-02-10 18:57:28,takeout,,apple_pay,completed
1005950,17,,2026-02-10 18:59:38,delivery,,apple_pay,completed
1005951,13,,2026-02-10 19:00:02,dine_in,,credit_card,completed
1005952,5,641,2026-02-10 19:02:32,dine_in,,credit_card,completed
1005953,8,2303,2026-02-10 19:02:35,delivery,,debit_card,completed
1005954,4,,2026-02-10 19:06:15,dine_in,,cash,completed
1005955,7,1886,2026-02-10 19:10:25,dine_in,MARDIGRAS,cash,completed
1005956,2,2044,2026-02-10 19:11:30,dine_in,MARDIGRAS,credit_card,completed
1005957,4,879,2026-02-10 19:12:54,drive_thru,,debit_card,completed
1005958,19,12,2026-02-10 19:14:44,drive_thru,,debit_card,completed
1005959,15,160,2026-02-10 19:16:03,dine_in,,apple_pay,completed
1005960,7,,2026-02-10 19:18:32,dine_in,MARDIGRAS,credit_card,completed
1005961,19,642,2026-02-10 19:20:57,dine_in,,gift_card,refunded
1005962,4,,2026-02-10 19:23:29,drive_thru,,debit_card,completed
1005963,7,2349,2026-02-10 19:24:19,dine_in,,debit_card,completed
1005964,13,544,2026-02-10 19:28:45,dine_in,,apple_pay,completed
1005965,14,,2026-02-10 19:30:59,delivery,,credit_card,completed
1005966,14,,2026-02-10 19:32:26,delivery,,credit_card,completed
1005967,15,1674,2026-02-10 19:32:29,drive_thru,,credit_card,completed
1005968,6,,2026-02-10 19:34:57,drive_thru,,credit_card,completed
1005969,9,864,2026-02-10 19:39:53,takeout,,gift_card,completed
1005970,13,,2026-02-10 19:49:51,delivery,,credit_card,completed
1005971,14,,2026-02-10 19:50:42,delivery,,credit_card,completed
1005972,7,,2026-02-10 19:55:03,dine_in,,debit_card,completed
1005973,7,,2026-02-10 20:08:49,delivery,,credit_card,completed
1005974,7,2201,2026-02-10 20:15:31,dine_in,,debit_card,completed
1005975,13,,2026-02-10 20:19:09,dine_in,MARDIGRAS,credit_card,completed
1005976,3,197,2026-02-10 20:34:19,dine_in,,debit_card,cancelled
1005977,10,,2026-02-10 20:39:24,drive_thru,,debit_card,completed
1005978,15,1009,2026-02-10 20:44:59,dine_in,,credit_card,completed
1005979,12,1885,2026-02-10 21:04:28,,,credit_card,completed
1005980,19,,2026-02-10 21:12:41,dine_in,,credit_card,completed
1005981,5,2397,2026-02-10 21:49:33,dine_in,,debit_card,completed
1005982,19,448,2026-02-11 10:35:50,drive_thru,,gift_card,completed
1005983,14,1797,2026-02-11 10:38:05,drive_thru,,apple_pay,completed
1005984,19,896,2026-02-11 10:52:18,dine_in,,debit_card,completed
1005985,12,,2026-02-11 10:55:49,dine_in,,debit_card,completed
1005986,18,400,2026-02-11 11:02:57,takeout,,apple_pay,completed
1005987,5,,2026-02-11 11:04:49,takeout,,credit_card,completed
1005988,3,220,2026-02-11 11:26:41,takeout,,credit_card,completed
1005989,13,203,2026-02-11 11:28:29,dine_in,,credit_card,completed
1005990,3,1255,2026-02-11 11:43:43,dine_in,,cash,completed
1005991,3,1619,2026-02-11 11:48:48,takeout,,debit_card,completed
1005992,5,,2026-02-11 11:56:43,drive_thru,,debit_card,completed
1005993,12,862,2026-02-11 12:02:36,dine_in,,credit_card,completed
1005994,4,,2026-02-11 12:04:02,drive_thru,,apple_pay,completed
1005995,15,1674,2026-02-11 12:04:25,dine_in,,credit_card,completed
1005996,9,21,2026-02-11 12:04:37,takeout,,credit_card,completed
1005997,15,529,2026-02-11 12:06:10,dine_in,,credit_card,completed
1005998,12,1260,2026-02-11 12:08:21,takeout,,credit_card,completed
1005999,17,543,2026-02-11 12:08:31,dine_in,,cash,completed
1006000,4,1814,2026-02-11 12:10:06,takeout,,debit_card,completed
1006001,19,2235,2026-02-11 12:16:37,takeout,,credit_card,completed
1006002,16,2167,2026-02-11 12:17:20,,,credit_card,completed
1006003,1,1815,2026-02-11 12:20:12,takeout,MARDIGRAS,debit_card,completed
1006004,14,2316,2026-02-11 12:20:49,takeout,,apple_pay,completed
1006005,6,1878,2026-02-11 12:22:00,takeout,MARDIGRAS,credit_card,completed
1006006,4,1164,2026-02-11 12:22:26,dine_in,,cash,completed
1006007,8,2295,2026-02-11 12:22:38,dine_in,,credit_card,completed
1006008,15,1028,2026-02-11 12:22:54,dine_in,MARDIGRAS,credit_card,completed
1006009,18,,2026-02-11 12:25:03,takeout,,credit_card,cancelled
1006010,6,,2026-02-11 12:25:41,takeout,,credit_card,completed
1006011,11,1442,2026-02-11 12:26:40,drive_thru,,cash,completed
1006012,17,1147,2026-02-11 12:27:31,dine_in,,credit_card,completed
1006013,12,,2026-02-11 12:27:56,dine_in,,debit_card,completed
1006014,12,851,2026-02-11 12:29:02,takeout,,cash,completed
1006015,13,617,2026-02-11 12:30:30,takeout,,debit_card,completed
1006016,9,,2026-02-11 12:31:08,drive_thru,,cash,completed
1006017,11,18,2026-02-11 12:32:47,dine_in,,debit_card,completed
1006018,15,446,2026-02-11 12:33:52,drive_thru,,credit_card,completed
1006019,15,,2026-02-11 12:36:37,dine_in,,credit_card,completed
1006020,6,1851,2026-02-11 12:37:39,dine_in,,credit_card,refunded
1006021,4,1848,2026-02-11 12:37:50,dine_in,,credit_card,completed
1006022,16,,2026-02-11 12:38:26,delivery,,credit_card,completed
1006023,2,274,2026-02-11 12:39:15,dine_in,,cash,completed
1006024,19,,2026-02-11 12:40:32,drive_thru,,credit_card,completed
1006025,11,1844,2026-02-11 12:43:00,dine_in,,credit_card,completed
1006026,8,2393,2026-02-11 12:48:55,takeout,,credit_card,completed
1006027,18,259,2026-02-11 12:49:37,takeout,MARDIGRAS,debit_card,completed
1006028,2,317,2026-02-11 12:53:44,takeout,,cash,completed
1006029,6,1043,2026-02-11 12:55:19,delivery,MARDIGRAS,credit_card,completed
1006030,4,,2026-02-11 12:56:43,takeout,MARDIGRAS,credit_card,completed
1006031,9,,2026-02-11 12:57:42,dine_in,,cash,completed
1006032,16,1322,2026-02-11 13:00:16,takeout,,credit_card,completed
1006033,13,227,2026-02-11 13:00:33,takeout,,debit_card,completed
1006034,14,2272,2026-02-11 13:03:52,dine_in,,debit_card,completed
1006035,6,239,2026-02-11 13:06:40,dine_in,,debit_card,completed
1006036,11,2257,2026-02-11 13:06:50,dine_in,,credit_card,completed
1006037,9,,2026-02-11 13:07:48,dine_in,,gift_card,completed
1006038,1,2456,2026-02-11 13:08:22,,,credit_card,completed
1006039,5,,2026-02-11 13:08:45,drive_thru,,debit_card,completed
1006040,5,172,2026-02-11 13:15:08,drive_thru,,debit_card,completed
1006041,13,,2026-02-11 13:17:21,dine_in,MARDIGRAS,credit_card,completed
1006042,13,1782,2026-02-11 13:20:32,dine_in,,credit_card,completed
1006043,12,,2026-02-11 13:23:25,takeout,,gift_card,completed
1006044,5,1159,2026-02-11 13:25:50,delivery,,credit_card,completed
1006045,12,558,2026-02-11 13:48:04,dine_in,,credit_card,completed
1006046,12,811,2026-02-11 13:59:46,dine_in,MARDIGRAS,credit_card,completed
1006047,7,1026,2026-02-11 14:33:35,dine_in,,debit_card,completed
1006048,16,,2026-02-11 15:08:06,dine_in,,credit_card,completed
1006049,6,1562,2026-02-11 15:31:12,drive_thru,,debit_card,completed
1006050,5,1964,2026-02-11 16:02:46,drive_thru,,credit_card,completed
1006051,18,876,2026-02-11 16:19:25,delivery,MARDIGRAS,gift_card,completed
1006052,4,2402,2026-02-11 16:22:37,drive_thru,,gift_card,completed
1006053,9,286,2026-02-11 17:12:29,drive_thru,,cash,completed
1006054,11,1338,2026-02-11 17:12:29,takeout,,credit_card,completed
1006055,6,,2026-02-11 17:15:26,takeout,,apple_pay,completed
1006056,19,1427,2026-02-11 17:34:44,takeout,,cash,completed
1006057,17,1560,2026-02-11 17:35:21,delivery,,debit_card,completed
1006058,9,,02/11/2026 17:40,dine_in,,credit_card,completed
1006059,6,1878,2026-02-11 17:53:43,drive_thru,,debit_card,completed
1006060,4,1202,2026-02-11 17:56:41,drive_thru,,credit_card,completed
1006061,18,,2026-02-11 17:57:36,delivery,,credit_card,completed
1006062,17,242,2026-02-11 17:57:49,dine_in,,apple_pay,completed
1006063,17,2161,2026-02-11 18:00:19,takeout,,debit_card,completed
1006064,3,,2026-02-11 18:04:52,dine_in,,debit_card,cancelled
1006065,9,664,2026-02-11 18:05:16,takeout,,credit_card,completed
1006066,14,1072,2026-02-11 18:05:29,drive_thru,,credit_card,refunded
1006067,3,79,2026-02-11 18:05:52,dine_in,,debit_card,completed
1006068,14,1757,2026-02-11 18:07:19,drive_thru,,apple_pay,completed
1006069,14,,2026-02-11 18:07:20,drive_thru,,credit_card,completed
1006070,1,2077,2026-02-11 18:11:30,takeout,,credit_card,completed
1006071,17,,2026-02-11 18:18:30,dine_in,,apple_pay,completed
1006072,1,721,2026-02-11 18:20:24,takeout,,credit_card,completed
1006073,10,1188,2026-02-11 18:23:49,delivery,,credit_card,completed
1006074,11,361,2026-02-11 18:28:36,dine_in,,credit_card,completed
1006075,5,,2026-02-11 18:29:46,drive_thru,,cash,completed
1006076,9,2188,2026-02-11 18:33:54,takeout,,apple_pay,completed
1006077,3,,2026-02-11 18:36:01,dine_in,,debit_card,completed
1006078,4,1443,2026-02-11 18:36:44,takeout,,credit_card,completed
1006079,12,,2026-02-11 18:37:56,delivery,MARDIGRAS,apple_pay,completed
1006080,10,,2026-02-11 18:40:37,takeout,,credit_card,completed
1006081,14,413,2026-02-11 18:43:01,drive_thru,,debit_card,completed
1006082,10,1107,2026-02-11 18:43:51,takeout,,credit_card,completed
1006083,17,,2026-02-11 18:45:34,takeout,,debit_card,completed
1006084,7,,2026-02-11 18:46:24,dine_in,,credit_card,completed
1006085,12,110,2026-02-11 18:49:57,dine_in,,apple_pay,completed
1006086,14,2453,2026-02-11 18:54:55,dine_in,,credit_card,completed
1006087,9,286,2026-02-11 18:55:45,drive_thru,,credit_card,completed
1006088,7,773,2026-02-11 18:55:50,delivery,MARDIGRAS,debit_card,completed
1006089,5,761,2026-02-11 18:56:32,dine_in,,debit_card,completed
1006090,18,2405,2026-02-11 18:57:01,delivery,,credit_card,completed
1006091,14,115,2026-02-11 18:57:37,delivery,,credit_card,completed
1006092,6,1951,2026-02-11 18:58:36,drive_thru,,gift_card,completed
1006093,3,1989,2026-02-11 18:58:39,delivery,,credit_card,completed
1006094,7,2349,2026-02-11 19:08:08,dine_in,,credit_card,completed
1006095,8,284,2026-02-11 19:08:30,dine_in,,apple_pay,completed
1006096,16,,2026-02-11 19:09:24,dine_in,,credit_card,completed
1006097,4,,2026-02-11 19:10:06,drive_thru,,cash,completed
1006098,1,1141,2026-02-11 19:11:39,dine_in,,apple_pay,completed
1006099,6,2021,2026-02-11 19:13:29,takeout,,cash,completed
1006100,15,2133,2026-02-11 19:14:46,dine_in,,credit_card,completed
1006101,15,160,2026-02-11 19:15:15,delivery,,apple_pay,completed
1006102,3,,2026-02-11 19:18:30,dine_in,,cash,cancelled
1006103,17,1433,2026-02-11 19:27:12,dine_in,,credit_card,completed
1006104,13,,2026-02-11 19:29:21,takeout,,apple_pay,completed
1006105,11,,2026-02-11 19:30:11,drive_thru,,debit_card,completed
1006106,16,119,2026-02-11 19:33:45,dine_in,,credit_card,completed
1006107,5,2125,2026-02-11 19:35:44,drive_thru,,cash,completed
1006108,13,,2026-02-11 19:35:59,dine_in,,debit_card,completed
1006109,14,1390,2026-02-11 19:37:08,takeout,,credit_card,completed
1006110,10,1975,2026-02-11 19:37:45,dine_in,,credit_card,cancelled
1006111,1,130,2026-02-11 19:38:09,takeout,,debit_card,completed
1006112,7,1973,2026-02-11 19:45:54,takeout,,credit_card,completed
1006113,14,,2026-02-11 19:46:08,dine_in,,credit_card,completed
1006114,13,,2026-02-11 19:46:52,takeout,,apple_pay,completed
1006115,13,,2026-02-11 19:48:03,takeout,,debit_card,completed
1006116,11,1602,2026-02-11 19:48:28,dine_in,,cash,refunded
1006117,2,,2026-02-11 19:50:36,dine_in,,credit_card,completed
1006118,4,,2026-02-11 19:54:38,takeout,,debit_card,completed
1006119,15,554,2026-02-11 20:03:14,takeout,,gift_card,completed
1006120,17,1055,2026-02-11 20:05:37,takeout,,credit_card,completed
1006121,16,586,2026-02-11 20:11:23,dine_in,,credit_card,completed
1006122,16,,2026-02-11 20:13:53,dine_in,,credit_card,completed
1006123,17,,2026-02-11 20:16:09,dine_in,,cash,completed
1006124,7,773,2026-02-11 20:17:40,takeout,,cash,completed
1006125,17,,2026-02-11 20:19:12,dine_in,,credit_card,completed
1006126,18,,2026-02-11 20:22:03,delivery,,credit_card,completed
1006127,19,635,2026-02-11 20:54:30,drive_thru,,credit_card,completed
1006128,3,282,2026-02-11 20:54:51,takeout,,debit_card,completed
1006129,5,1585,2026-02-11 21:05:47,dine_in,,credit_card,completed
1006130,3,,2026-02-11 21:29:55,dine_in,,credit_card,completed
1006131,1,,2026-02-11 21:44:41,takeout,,cash,completed
1006132,15,,2026-02-12 10:37:02,dine_in,MARDIGRAS,debit_card,completed
1006133,3,1134,2026-02-12 10:49:23,delivery,,debit_card,completed
1006134,17,847,2026-02-12 11:29:32,delivery,,credit_card,completed
1006135,17,,2026-02-12 11:30:54,delivery,,credit_card,completed
1006136,14,,2026-02-12 11:31:21,dine_in,MARDIGRAS,debit_card,completed
1006137,16,1517,2026-02-12 11:33:28,takeout,,credit_card,completed
1006138,19,,2026-02-12 11:43:12,takeout,,apple_pay,completed
1006139,5,,2026-02-12 11:43:25,takeout,,credit_card,refunded
1006140,11,2380,2026-02-12 11:46:03,takeout,,apple_pay,completed
1006141,13,,2026-02-12 11:47:02,dine_in,,apple_pay,completed
1006142,6,595,2026-02-12 11:54:49,delivery,,apple_pay,completed
1006143,18,1335,2026-02-12 11:58:14,dine_in,,debit_card,completed
1006144,12,470,2026-02-12 12:00:56,dine_in,,debit_card,completed
1006145,18,414,2026-02-12 12:03:09,drive_thru,,apple_pay,completed
1006146,6,747,2026-02-12 12:04:44,,,credit_card,completed
1006147,7,1045,2026-02-12 12:06:12,dine_in,,cash,completed
1006148,9,217,2026-02-12 12:09:17,dine_in,,cash,completed
1006149,4,1027,2026-02-12 12:09:42,takeout,,credit_card,completed
1006150,9,1327,2026-02-12 12:14:29,drive_thru,,debit_card,completed
1006151,19,2235,2026-02-12 12:14:55,drive_thru,,credit_card,completed
1006152,18,,2026-02-12 12:15:27,drive_thru,,credit_card,completed
1006153,2,66,2026-02-12 12:15:29,takeout,,credit_card,completed
1006154,14,,2026-02-12 12:16:41,takeout,,apple_pay,completed
1006155,7,,2026-02-12 12:18:34,dine_in,,credit_card,refunded
1006156,12,2413,2026-02-12 12:18:47,takeout,,debit_card,completed
1006157,2,,2026-02-12 12:23:40,dine_in,,debit_card,completed
1006158,15,1696,2026-02-12 12:25:44,delivery,,apple_pay,completed
1006159,18,,2026-02-12 12:26:29,drive_thru,,debit_card,completed
1006160,18,1206,2026-02-12 12:27:44,dine_in,,gift_card,completed
1006161,5,,2026-02-12 12:28:32,drive_thru,,debit_card,completed
1006162,6,,2026-02-12 12:29:56,takeout,,credit_card,completed
1006163,10,1550,2026-02-12 12:32:08,takeout,,cash,completed
1006164,3,,2026-02-12 12:39:50,takeout,,credit_card,completed
1006165,13,240,2026-02-12 12:42:35,dine_in,MARDIGRAS,credit_card,completed
1006166,7,995,2026-02-12 12:45:17,takeout,,credit_card,completed
1006167,14,1279,2026-02-12 12:48:59,drive_thru,,debit_card,completed
1006168,2,1585,2026-02-12 12:49:15,dine_in,,credit_card,completed
1006169,8,1380,2026-02-12 12:53:19,dine_in,,credit_card,completed
1006170,4,,2026-02-12 12:54:04,takeout,,credit_card,completed
1006171,7,1328,2026-02-12 12:54:28,dine_in,,debit_card,completed
1006172,11,959,2026-02-12 12:54:28,delivery,,credit_card,completed
1006173,7,,2026-02-12 12:54:47,dine_in,,credit_card,completed
1006174,15,337,02/12/2026 12:55,delivery,,credit_card,completed
1006175,13,,2026-02-12 12:56:01,delivery,,credit_card,completed
1006176,3,,2026-02-12 12:56:04,dine_in,,credit_card,completed
1006177,11,269,2026-02-12 13:06:33,delivery,,credit_card,completed
1006178,12,,2026-02-12 13:06:40,dine_in,,cash,completed
1006179,5,1159,2026-02-12 13:07:01,delivery,,debit_card,completed
1006180,16,,2026-02-12 13:12:18,dine_in,,cash,completed
1006181,4,,2026-02-12 13:16:02,drive_thru,,credit_card,completed
1006182,2,,2026-02-12 13:26:08,dine_in,,apple_pay,completed
1006183,14,,2026-02-12 13:30:01,dine_in,,apple_pay,completed
1006184,1,2095,2026-02-12 13:57:20,dine_in,,gift_card,completed
1006185,13,,2026-02-12 14:00:03,takeout,,debit_card,completed
1006186,2,,2026-02-12 14:04:21,takeout,,apple_pay,completed
1006187,4,1609,2026-02-12 14:08:34,delivery,,credit_card,completed
1006188,2,,2026-02-12 14:29:02,dine_in,,debit_card,completed
1006189,6,1189,2026-02-12 14:43:19,delivery,MARDIGRAS,credit_card,completed
1006190,16,218,2026-02-12 14:50:38,takeout,,debit_card,completed
1006191,12,504,2026-02-12 15:42:51,dine_in,,gift_card,completed
1006192,14,1620,2026-02-12 15:52:14,dine_in,,cash,completed
1006193,3,2363,2026-02-12 16:13:53,delivery,,credit_card,completed
1006194,8,2303,2026-02-12 16:35:09,dine_in,,credit_card,completed
1006195,3,201,2026-02-12 16:49:14,takeout,,apple_pay,completed
1006196,10,,2026-02-12 17:24:23,delivery,MARDIGRAS,credit_card,completed
1006197,4,1997,2026-02-12 17:26:41,dine_in,,debit_card,completed
1006198,8,1829,2026-02-12 17:28:23,dine_in,MARDIGRAS,credit_card,completed
1006199,10,1454,2026-02-12 17:37:41,drive_thru,,debit_card,cancelled
1006200,7,,02/12/2026 17:42,dine_in,,credit_card,completed
1006201,12,545,2026-02-12 17:56:25,dine_in,,apple_pay,completed
1006202,12,,2026-02-12 17:56:27,dine_in,,debit_card,completed
1006203,3,253,2026-02-12 18:04:44,delivery,MARDIGRAS,gift_card,completed
1006204,18,,2026-02-12 18:09:11,drive_thru,MARDIGRAS,debit_card,completed
1006205,18,1132,2026-02-12 18:14:37,drive_thru,,debit_card,completed
1006206,2,,2026-02-12 18:14:50,dine_in,,debit_card,completed
1006207,9,358,2026-02-12 18:26:09,dine_in,MARDIGRAS,cash,completed
1006208,10,,2026-02-12 18:27:16,delivery,,apple_pay,completed
1006209,6,2359,2026-02-12 18:30:10,takeout,,credit_card,completed
1006210,11,2394,2026-02-12 18:30:44,takeout,,apple_pay,completed
1006211,19,,2026-02-12 18:31:28,dine_in,,debit_card,completed
1006212,4,,2026-02-12 18:31:52,dine_in,,debit_card,completed
1006213,1,806,2026-02-12 18:33:05,dine_in,,credit_card,completed
1006214,7,,2026-02-12 18:36:05,takeout,,credit_card,completed
1006215,10,1460,2026-02-12 18:42:42,delivery,,credit_card,completed
1006216,8,,2026-02-12 18:47:27,dine_in,,apple_pay,completed
1006217,18,838,2026-02-12 18:48:48,delivery,,debit_card,completed
1006218,19,1573,2026-02-12 18:50:42,takeout,,credit_card,completed
1006219,14,,2026-02-12 18:51:45,dine_in,,credit_card,completed
1006220,2,981,2026-02-12 18:52:48,dine_in,,debit_card,refunded
1006221,19,1809,2026-02-12 18:52:50,delivery,,credit_card,refunded
1006222,7,1305,2026-02-12 18:54:37,dine_in,,cash,completed
1006223,8,,2026-02-12 18:57:24,delivery,,credit_card,completed
1006224,4,1035,2026-02-12 19:00:10,drive_thru,,debit_card,completed
1006225,7,202,2026-02-12 19:01:11,dine_in,,cash,completed
1006226,4,1219,2026-02-12 19:04:15,delivery,,credit_card,completed
1006227,19,657,2026-02-12 19:04:27,drive_thru,,credit_card,completed
1006228,18,534,2026-02-12 19:04:53,drive_thru,,apple_pay,completed
1006229,11,1135,2026-02-12 19:07:12,drive_thru,,cash,completed
1006230,16,,2026-02-12 19:13:31,dine_in,,credit_card,completed
1006231,6,,2026-02-12 19:14:30,delivery,,apple_pay,completed
1006232,12,2186,2026-02-12 19:19:55,takeout,,credit_card,completed
1006233,17,1375,2026-02-12 19:22:46,takeout,MARDIGRAS,debit_card,completed
1006234,15,1805,2026-02-12 19:23:38,dine_in,,credit_card,completed
1006235,14,,2026-02-12 19:24:03,takeout,,gift_card,completed
1006236,16,2344,2026-02-12 19:25:17,dine_in,,credit_card,completed
1006237,10,,2026-02-12 19:26:43,takeout,,apple_pay,completed
1006238,4,1176,2026-02-12 19:27:10,drive_thru,,credit_card,completed
1006239,18,,2026-02-12 19:34:52,dine_in,,gift_card,completed
1006240,8,1218,2026-02-12 19:36:14,takeout,,debit_card,completed
1006241,12,504,2026-02-12 19:45:22,takeout,,credit_card,cancelled
1006242,16,323,2026-02-12 19:46:31,dine_in,,credit_card,completed
1006243,10,,2026-02-12 19:47:16,drive_thru,MARDIGRAS,credit_card,refunded
1006244,3,1582,2026-02-12 19:48:42,dine_in,,cash,completed
1006245,19,,2026-02-12 19:49:34,drive_thru,,credit_card,completed
1006246,19,908,2026-02-12 19:50:38,takeout,,cash,completed
1006247,13,,2026-02-12 19:57:49,dine_in,,cash,completed
1006248,14,1505,2026-02-12 19:58:10,drive_thru,MARDIGRAS,debit_card,completed
1006249,5,2354,2026-02-12 20:03:37,dine_in,,credit_card,completed
1006250,19,2017,2026-02-12 20:07:29,dine_in,,credit_card,completed
1006251,17,,2026-02-12 20:19:10,dine_in,,credit_card,completed
1006252,10,304,2026-02-12 20:21:26,delivery,,credit_card,completed
1006253,16,1889,2026-02-12 20:42:47,takeout,,credit_card,completed
1006254,12,1999,2026-02-12 20:52:24,takeout,,apple_pay,completed
1006255,8,,2026-02-12 21:34:23,dine_in,MARDIGRAS,credit_card,completed
1006256,6,253,2026-02-13 10:57:42,drive_thru,,debit_card,completed
1006257,13,374,2026-02-13 11:11:08,takeout,,apple_pay,completed
1006258,6,1321,2026-02-13 11:13:32,takeout,,apple_pay,completed
1006259,15,110,2026-02-13 11:24:38,takeout,,apple_pay,completed
1006260,1,630,2026-02-13 11:28:41,takeout,,credit_card,completed
1006261,1,,2026-02-13 11:28:43,takeout,,debit_card,completed
1006262,17,1146,2026-02-13 11:35:15,delivery,,credit_card,completed
1006263,19,1375,2026-02-13 11:40:41,takeout,MARDIGRAS,credit_card,completed
1006264,14,,2026-02-13 11:41:27,delivery,,credit_card,completed
1006265,13,544,2026-02-13 11:42:46,dine_in,,apple_pay,completed
1006266,19,1352,2026-02-13 11:44:02,dine_in,,cash,completed
1006267,6,93,2026-02-13 11:46:23,delivery,MARDIGRAS,credit_card,completed
1006268,18,2216,2026-02-13 11:46:29,,,debit_card,completed
1006269,5,1159,2026-02-13 11:49:13,dine_in,,credit_card,completed
1006270,13,2435,2026-02-13 11:51:24,dine_in,,credit_card,completed
1006271,9,1171,2026-02-13 11:58:11,dine_in,,cash,completed
1006272,12,,2026-02-13 12:00:20,dine_in,,apple_pay,completed
1006273,18,856,2026-02-13 12:02:15,drive_thru,,apple_pay,completed
1006274,19,,2026-02-13 12:03:03,drive_thru,,apple_pay,completed
1006275,17,1246,2026-02-13 12:03:52,takeout,,credit_card,completed
1006276,16,1485,2026-02-13 12:05:28,takeout,,credit_card,completed
1006277,1,,2026-02-13 12:07:05,dine_in,,credit_card,completed
1006278,9,1117,2026-02-13 12:07:28,dine_in,,cash,completed
1006279,1,2026,2026-02-13 12:07:29,dine_in,,debit_card,completed
1006280,5,186,2026-02-13 12:08:16,drive_thru,,credit_card,completed
1006281,6,1386,2026-02-13 12:08:20,delivery,,apple_pay,completed
1006282,3,1423,2026-02-13 12:08:25,dine_in,,apple_pay,completed
1006283,17,1147,2026-02-13 12:09:41,takeout,,debit_card,completed
1006284,13,1272,2026-02-13 12:11:35,dine_in,,cash,completed
1006285,19,,2026-02-13 12:11:54,drive_thru,,debit_card,completed
1006286,2,,2026-02-13 12:12:26,dine_in,,gift_card,completed
1006287,19,,2026-02-13 12:15:34,dine_in,,apple_pay,completed
1006288,14,,2026-02-13 12:18:21,delivery,,debit_card,completed
1006289,8,1923,2026-02-13 12:24:42,takeout,,credit_card,completed
1006290,3,1131,2026-02-13 12:27:01,takeout,,credit_card,completed
1006291,19,215,2026-02-13 12:27:32,drive_thru,,cash,cancelled
1006292,3,,2026-02-13 12:27:46,delivery,,credit_card,completed
1006293,18,,2026-02-13 12:28:22,drive_thru,MARDIGRAS,apple_pay,completed
1006294,5,1619,2026-02-13 12:29:01,drive_thru,,credit_card,completed
1006295,17,908,2026-02-13 12:29:20,takeout,,apple_pay,completed
1006296,14,1108,2026-02-13 12:33:40,drive_thru,,debit_card,completed
1006297,13,,2026-02-13 12:33:44,delivery,,credit_card,cancelled
1006298,15,1028,2026-02-13 12:34:55,dine_in,MARDIGRAS,credit_card,completed
1006299,19,2126,02/13/2026 12:36,dine_in,,gift_card,completed
1006300,15,,2026-02-13 12:36:35,dine_in,MARDIGRAS,credit_card,completed
1006301,6,247,2026-02-13 12:37:22,delivery,,credit_card,completed
1006302,13,,2026-02-13 12:37:34,takeout,,credit_card,cancelled
1006303,13,617,2026-02-13 12:37:35,takeout,MARDIGRAS,cash,completed
1006304,4,1278,2026-02-13 12:40:06,dine_in,,credit_card,completed
1006305,11,522,2026-02-13 12:42:39,takeout,,gift_card,completed
1006306,11,,2026-02-13 12:43:21,dine_in,,cash,completed
1006307,11,812,2026-02-13 12:43:21,drive_thru,MARDIGRAS,debit_card,completed
1006308,13,473,2026-02-13 12:44:01,dine_in,,apple_pay,completed
1006309,1,,2026-02-13 12:45:45,delivery,,credit_card,completed
1006310,8,,2026-02-13 12:48:28,takeout,MARDIGRAS,debit_card,completed
1006311,6,,2026-02-13 12:50:06,drive_thru,,credit_card,completed
1006312,6,,2026-02-13 12:54:06,dine_in,,credit_card,completed
1006313,4,,2026-02-13 12:54:38,takeout,,credit_card,completed
1006314,9,1302,2026-02-13 12:57:09,dine_in,,debit_card,completed
1006315,1,,2026-02-13 12:58:12,takeout,,gift_card,completed
1006316,1,755,2026-02-13 12:58:28,takeout,,cash,completed
1006317,5,,2026-02-13 13:01:40,drive_thru,,credit_card,completed
1006318,1,415,2026-02-13 13:04:37,dine_in,,credit_card,completed
1006319,10,1833,2026-02-13 13:07:12,drive_thru,,credit_card,completed
1006320,13,1288,2026-02-13 13:08:13,dine_in,,credit_card,completed
1006321,9,1658,2026-02-13 13:08:21,dine_in,,credit_card,completed
1006322,4,2265,2026-02-13 13:08:49,dine_in,,credit_card,completed
1006323,6,,2026-02-13 13:09:10,delivery,,credit_card,completed
1006324,11,812,2026-02-13 13:09:29,drive_thru,,credit_card,completed
1006325,1,1634,2026-02-13 13:10:05,dine_in,,debit_card,completed
1006326,7,776,2026-02-13 13:14:48,dine_in,,credit_card,completed
1006327,16,2161,2026-02-13 13:17:55,dine_in,,credit_card,completed
1006328,2,1096,2026-02-13 13:19:49,dine_in,,apple_pay,completed
1006329,19,,2026-02-13 13:21:51,dine_in,,gift_card,completed
1006330,14,646,2026-02-13 13:23:26,drive_thru,,debit_card,cancelled
1006331,3,,2026-02-13 13:27:43,delivery,,apple_pay,completed
1006332,16,,2026-02-13 13:40:15,takeout,,credit_card,cancelled
1006333,14,413,2026-02-13 13:43:11,delivery,,credit_card,completed
1006334,13,,2026-02-13 13:58:05,delivery,,debit_card,completed
1006335,15,11,2026-02-13 14:02:59,dine_in,,credit_card,completed
1006336,10,1549,2026-02-13 14:45:11,drive_thru,,apple_pay,completed
1006337,8,,2026-02-13 15:04:56,takeout,,gift_card,cancelled
1006338,7,2211,2026-02-13 15:05:06,dine_in,,apple_pay,completed
1006339,7,1507,2026-02-13 15:23:35,dine_in,,cash,completed
1006340,14,815,2026-02-13 15:34:10,dine_in,,credit_card,completed
1006341,18,1001,2026-02-13 15:54:11,takeout,,debit_card,completed
1006342,3,,2026-02-13 16:05:36,dine_in,,apple_pay,completed
1006343,12,2186,2026-02-13 16:58:25,takeout,,credit_card,completed
1006344,1,1298,2026-02-13 17:09:32,dine_in,,gift_card,completed
1006345,3,,2026-02-13 17:25:31,delivery,,debit_card,cancelled
1006346,5,,2026-02-13 17:28:55,drive_thru,,gift_card,completed
1006347,15,1727,2026-02-13 17:30:52,dine_in,,apple_pay,completed
1006348,17,,2026-02-13 17:35:25,takeout,,credit_card,completed
1006349,8,1018,2026-02-13 17:43:08,delivery,,debit_card,completed
1006350,2,,2026-02-13 18:07:35,dine_in,,debit_card,completed
1006351,4,542,2026-02-13 18:08:39,takeout,MARDIGRAS,credit_card,completed
1006352,15,2467,2026-02-13 18:10:21,drive_thru,,credit_card,completed
1006353,1,2342,2026-02-13 18:15:02,dine_in,,credit_card,completed
1006354,1,1709,2026-02-13 18:15:38,takeout,,debit_card,completed
1006355,5,1417,2026-02-13 18:15:55,dine_in,,apple_pay,completed
1006356,7,2285,2026-02-13 18:18:23,dine_in,MARDIGRAS,credit_card,completed
1006357,19,,2026-02-13 18:20:43,drive_thru,,debit_card,completed
1006358,1,806,2026-02-13 18:27:13,delivery,,debit_card,completed
1006359,9,572,2026-02-13 18:27:49,dine_in,,debit_card,completed
1006360,11,591,2026-02-13 18:28:03,takeout,,debit_card,completed
1006361,12,2429,2026-02-13 18:28:29,dine_in,,credit_card,completed
1006362,13,1264,2026-02-13 18:28:45,dine_in,,apple_pay,completed
1006363,5,2080,2026-02-13 18:29:24,dine_in,,credit_card,completed
1006364,19,954,2026-02-13 18:32:55,dine_in,,credit_card,completed
1006365,3,1991,2026-02-13 18:34:44,dine_in,,cash,completed
1006366,19,2460,2026-02-13 18:36:46,drive_thru,,cash,completed
1006367,2,2222,2026-02-13 18:37:31,takeout,,credit_card,completed
1006368,18,936,2026-02-13 18:38:32,dine_in,,credit_card,completed
1006369,6,354,2026-02-13 18:39:58,dine_in,,cash,completed
1006370,19,2468,02/13/2026 18:41,takeout,,credit_card,refunded
1006371,10,,2026-02-13 18:42:22,dine_in,MARDIGRAS,credit_card,completed
1006372,3,2082,2026-02-13 18:42:24,takeout,,credit_card,completed
1006373,13,,2026-02-13 18:42:27,dine_in,,credit_card,completed
1006374,7,,2026-02-13 18:44:16,takeout,,debit_card,completed
1006375,17,1812,2026-02-13 18:45:35,dine_in,MARDIGRAS,apple_pay,refunded
1006376,19,,2026-02-13 18:45:35,dine_in,,apple_pay,completed
1006377,15,,2026-02-13 18:47:39,takeout,,credit_card,completed
1006378,15,,2026-02-13 18:49:28,drive_thru,,cash,completed
1006379,11,,2026-02-13 18:51:45,takeout,,credit_card,completed
1006380,16,414,2026-02-13 18:54:25,dine_in,,debit_card,completed
1006381,12,,2026-02-13 18:54:29,delivery,,apple_pay,cancelled
1006382,13,288,2026-02-13 18:56:19,dine_in,,cash,completed
1006383,1,,2026-02-13 19:00:20,dine_in,,apple_pay,completed
1006384,4,2111,2026-02-13 19:01:08,dine_in,,credit_card,completed
1006385,6,,2026-02-13 19:01:23,dine_in,,credit_card,completed
1006386,17,2136,2026-02-13 19:01:37,delivery,,credit_card,completed
1006387,16,,2026-02-13 19:05:40,delivery,,debit_card,completed
1006388,13,592,2026-02-13 19:06:02,dine_in,MARDIGRAS,apple_pay,completed
1006389,14,,2026-02-13 19:07:02,dine_in,,cash,completed
1006390,17,,2026-02-13 19:23:48,dine_in,,cash,completed
1006391,12,1912,2026-02-13 19:25:51,dine_in,,debit_card,completed
1006392,6,2270,2026-02-13 19:26:48,drive_thru,,cash,completed
1006393,7,,2026-02-13 19:28:28,dine_in,MARDIGRAS,credit_card,cancelled
1006394,11,940,2026-02-13 19:30:23,drive_thru,,credit_card,completed
1006395,12,441,2026-02-13 19:30:32,dine_in,,credit_card,completed
1006396,12,331,2026-02-13 19:31:06,takeout,,apple_pay,completed
1006397,8,,02/13/2026 19:32,dine_in,MARDIGRAS,debit_card,completed
1006398,14,29,2026-02-13 19:33:46,drive_thru,,credit_card,completed
1006399,18,1986,2026-02-13 19:41:47,dine_in,,gift_card,completed
1006400,2,2443,2026-02-13 19:42:44,dine_in,,debit_card,completed
1006401,5,1527,2026-02-13 19:43:35,dine_in,,debit_card,completed
1006402,17,25,2026-02-13 19:48:14,takeout,,debit_card,completed
1006403,2,1321,2026-02-13 19:50:18,dine_in,,apple_pay,completed
1006404,1,535,2026-02-13 19:52:38,takeout,,credit_card,completed
1006405,3,722,2026-02-13 19:56:46,delivery,,credit_card,completed
1006406,11,686,2026-02-13 19:57:42,dine_in,,debit_card,completed
1006407,18,1689,2026-02-13 20:02:43,drive_thru,,credit_card,completed
1006408,16,,2026-02-13 20:15:25,delivery,,debit_card,completed
1006409,19,1244,2026-02-13 20:27:54,dine_in,,debit_card,completed
1006410,9,,2026-02-13 21:01:40,dine_in,,credit_card,completed
1006411,3,,2026-02-13 21:10:47,dine_in,,debit_card,completed
1006412,9,,2026-02-13 21:34:46,takeout,,credit_card,completed
1006413,10,,2026-02-13 21:55:51,dine_in,,credit_card,completed
1006414,19,,2026-02-13 21:55:58,dine_in,,debit_card,completed
1006415,11,2440,2026-02-14 10:47:06,drive_thru,,credit_card,completed
1006416,7,,2026-02-14 10:55:22,dine_in,,credit_card,completed
1006417,19,1581,2026-02-14 11:03:41,drive_thru,,debit_card,completed
1006418,9,1658,2026-02-14 11:09:41,dine_in,,credit_card,completed
1006419,6,1531,2026-02-14 11:14:36,takeout,,gift_card,completed
1006420,6,2042,2026-02-14 11:17:59,drive_thru,,credit_card,completed
1006421,19,966,2026-02-14 11:23:11,drive_thru,,credit_card,completed
1006422,12,1478,2026-02-14 11:32:16,dine_in,,credit_card,completed
1006423,10,1798,2026-02-14 11:32:31,dine_in,,credit_card,completed
1006424,13,1272,2026-02-14 11:33:50,delivery,,gift_card,completed
1006425,1,,2026-02-14 11:37:36,delivery,,credit_card,completed
1006426,11,1803,2026-02-14 11:39:00,delivery,,apple_pay,completed
1006427,3,2208,2026-02-14 11:42:04,dine_in,,credit_card,completed
1006428,1,,2026-02-14 11:44:53,takeout,,credit_card,completed
1006429,3,1944,2026-02-14 11:45:52,dine_in,,cash,completed
1006430,2,,2026-02-14 11:51:32,takeout,MARDIGRAS,credit_card,completed
1006431,1,,2026-02-14 11:53:18,,,credit_card,completed
1006432,6,1334,2026-02-14 11:53:49,takeout,,cash,completed
1006433,11,,2026-02-14 11:54:01,dine_in,,credit_card,completed
1006434,6,,2026-02-14 12:00:05,takeout,,apple_pay,cancelled
1006435,5,918,2026-02-14 12:02:01,delivery,,credit_card,completed
1006436,3,,2026-02-14 12:10:02,delivery,,debit_card,cancelled
1006437,15,398,02/14/2026 12:10,drive_thru,,debit_card,completed
1006438,2,2292,2026-02-14 12:11:29,dine_in,,credit_card,completed
1006439,12,,2026-02-14 12:12:25,dine_in,,debit_card,completed
1006440,18,,2026-02-14 12:14:29,delivery,,credit_card,completed
1006441,16,1079,2026-02-14 12:14:39,dine_in,,credit_card,completed
1006442,7,732,2026-02-14 12:15:06,dine_in,,cash,completed
1006443,19,483,2026-02-14 12:16:12,drive_thru,,credit_card,completed
1006444,8,1863,2026-02-14 12:16:13,takeout,,apple_pay,completed
1006445,3,2359,2026-02-14 12:16:29,dine_in,,apple_pay,completed
1006446,19,,2026-02-14 12:16:29,dine_in,,apple_pay,completed
1006447,7,,2026-02-14 12:17:36,takeout,,debit_card,completed
1006448,18,1717,2026-02-14 12:17:44,delivery,,debit_card,completed
1006449,10,1323,2026-02-14 12:19:10,drive_thru,,credit_card,completed
1006450,14,1675,2026-02-14 12:19:25,delivery,,credit_card,completed
1006451,12,,2026-02-14 12:19:47,,,debit_card,completed
1006452,6,980,2026-02-14 12:20:04,takeout,,credit_card,completed
1006453,15,1528,2026-02-14 12:21:25,,,gift_card,completed
1006454,13,441,2026-02-14 12:21:58,dine_in,,gift_card,completed
1006455,18,,2026-02-14 12:22:28,drive_thru,,credit_card,completed
1006456,18,,2026-02-14 12:22:34,dine_in,MARDIGRAS,debit_card,completed
1006457,6,126,2026-02-14 12:24:44,delivery,,credit_card,completed
1006458,8,,2026-02-14 12:25:38,delivery,,debit_card,completed
1006459,8,2008,2026-02-14 12:28:23,dine_in,,apple_pay,completed
1006460,10,,2026-02-14 12:29:28,takeout,,credit_card,completed
1006461,19,1062,2026-02-14 12:30:20,dine_in,,debit_card,completed
1006462,2,330,2026-02-14 12:30:25,dine_in,,debit_card,refunded
1006463,10,1486,2026-02-14 12:30:48,drive_thru,,credit_card,completed
1006464,5,1654,2026-02-14 12:31:09,drive_thru,MARDIGRAS,gift_card,cancelled
1006465,19,2214,2026-02-14 12:33:03,dine_in,,credit_card,completed
1006466,3,1531,2026-02-14 12:37:23,delivery,,credit_card,completed
1006467,19,112,2026-02-14 12:38:20,takeout,,gift_card,completed
1006468,11,,2026-02-14 12:39:10,takeout,MARDIGRAS,credit_card,completed
1006469,2,,2026-02-14 12:43:04,dine_in,,debit_card,refunded
1006470,1,1366,2026-02-14 12:43:19,dine_in,MARDIGRAS,debit_card,completed
1006471,18,1306,2026-02-14 12:44:43,takeout,,apple_pay,completed
1006472,2,1744,2026-02-14 12:44:58,dine_in,,credit_card,completed
1006473,1,156,2026-02-14 12:45:09,takeout,MARDIGRAS,credit_card,completed
1006474,10,1810,2026-02-14 12:46:31,delivery,,debit_card,completed
1006475,8,,2026-02-14 12:47:05,dine_in,,cash,completed
1006476,4,,2026-02-14 12:49:28,takeout,,cash,completed
1006477,10,,2026-02-14 12:50:39,takeout,,credit_card,completed
1006478,17,805,2026-02-14 12:51:03,takeout,,debit_card,completed
1006479,14,1279,2026-02-14 12:51:06,dine_in,,credit_card,completed
1006480,4,2062,2026-02-14 12:51:46,delivery,MARDIGRAS,apple_pay,completed
1006481,4,2100,2026-02-14 12:51:48,dine_in,,credit_card,completed
1006482,6,,2026-02-14 12:53:38,dine_in,,credit_card,completed
1006483,19,112,2026-02-14 12:54:14,takeout,MARDIGRAS,apple_pay,completed
1006484,5,54,2026-02-14 12:54:27,dine_in,,cash,completed
1006485,11,,2026-02-14 12:56:33,drive_thru,,credit_card,completed
1006486,18,684,2026-02-14 12:56:39,takeout,,apple_pay,completed
1006487,11,,2026-02-14 12:57:44,takeout,MARDIGRAS,debit_card,completed
1006488,13,1480,2026-02-14 12:58:41,dine_in,,apple_pay,completed
1006489,19,1573,2026-02-14 12:59:00,delivery,,debit_card,completed
1006490,1,,2026-02-14 13:01:05,takeout,,debit_card,completed
1006491,6,1533,2026-02-14 13:01:41,dine_in,MARDIGRAS,credit_card,completed
1006492,5,,2026-02-14 13:04:57,delivery,,gift_card,completed
1006493,5,1071,2026-02-14 13:05:27,dine_in,,debit_card,completed
1006494,12,,2026-02-14 13:05:28,takeout,,credit_card,completed
1006495,13,,2026-02-14 13:06:29,,,credit_card,completed
1006496,6,,2026-02-14 13:07:08,drive_thru,MARDIGRAS,apple_pay,completed
1006497,13,,2026-02-14 13:07:11,delivery,,credit_card,completed
1006498,7,1767,2026-02-14 13:08:24,takeout,,debit_card,completed
1006499,6,2179,2026-02-14 13:09:23,takeout,,credit_card,completed
1006500,19,1681,2026-02-14 13:11:54,dine_in,,credit_card,completed
1006501,7,1904,2026-02-14 13:17:53,dine_in,,credit_card,cancelled
1006502,1,2473,2026-02-14 13:17:54,dine_in,,credit_card,completed
1006503,2,548,2026-02-14 13:20:25,dine_in,,apple_pay,completed
1006504,15,2383,2026-02-14 13:22:19,drive_thru,,apple_pay,refunded
1006505,4,64,2026-02-14 13:26:31,dine_in,,credit_card,completed
1006506,12,113,2026-02-14 13:26:52,takeout,,apple_pay,completed
1006507,17,1055,2026-02-14 13:27:42,takeout,,cash,completed
1006508,4,950,2026-02-14 13:40:39,delivery,,credit_card,completed
1006509,5,,2026-02-14 13:44:54,drive_thru,,apple_pay,completed
1006510,8,,2026-02-14 13:45:16,takeout,MARDIGRAS,credit_card,completed
1006511,6,1226,2026-02-14 13:48:28,,,credit_card,completed
1006512,19,,2026-02-14 13:57:41,delivery,,gift_card,completed
1006513,3,,2026-02-14 14:01:41,dine_in,MARDIGRAS,credit_card,completed
1006514,1,,2026-02-14 14:02:05,dine_in,,apple_pay,completed
1006515,19,885,02/14/2026 14:11,dine_in,,credit_card,completed
1006516,17,,2026-02-14 14:18:09,dine_in,,debit_card,completed
1006517,16,1083,2026-02-14 14:38:37,takeout,,debit_card,completed
1006518,4,548,2026-02-14 14:40:35,delivery,,credit_card,completed
1006519,3,315,2026-02-14 14:43:10,takeout,,credit_card,completed
1006520,4,1217,2026-02-14 15:35:35,drive_thru,,debit_card,completed
1006521,12,38,2026-02-14 15:42:31,dine_in,MARDIGRAS,cash,completed
1006522,8,1551,2026-02-14 15:50:43,takeout,,credit_card,completed
1006523,12,,2026-02-14 16:01:39,takeout,,credit_card,completed
1006524,18,,2026-02-14 16:44:21,dine_in,,credit_card,completed
1006525,12,862,2026-02-14 17:16:14,dine_in,,credit_card,completed
1006526,6,,2026-02-14 17:28:42,drive_thru,,debit_card,completed
1006527,1,1880,2026-02-14 17:29:02,takeout,,credit_card,cancelled
1006528,19,2096,2026-02-14 17:34:06,takeout,,debit_card,completed
1006529,6,2032,2026-02-14 17:36:01,dine_in,,credit_card,completed
1006530,14,2277,2026-02-14 17:42:06,takeout,,credit_card,completed
1006531,14,,2026-02-14 17:47:57,delivery,,credit_card,completed
1006532,3,,2026-02-14 17:48:01,delivery,,apple_pay,completed
1006533,10,1486,2026-02-14 17:48:18,drive_thru,,credit_card,completed
1006534,8,,2026-02-14 17:53:28,delivery,MARDIGRAS,apple_pay,completed
1006535,12,1379,2026-02-14 17:54:41,takeout,,credit_card,completed
1006536,16,822,2026-02-14 18:10:10,takeout,,cash,completed
1006537,15,1864,2026-02-14 18:17:30,dine_in,,cash,completed
1006538,12,,2026-02-14 18:20:00,dine_in,,credit_card,completed
1006539,9,976,2026-02-14 18:23:00,drive_thru,,debit_card,completed
1006540,14,,2026-02-14 18:23:17,drive_thru,,credit_card,completed
1006541,6,,2026-02-14 18:28:54,drive_thru,,cash,completed
1006542,4,64,2026-02-14 18:29:27,delivery,,credit_card,completed
1006543,8,931,02/14/2026 18:34,takeout,,debit_card,completed
1006544,5,1417,2026-02-14 18:37:13,dine_in,,debit_card,refunded
1006545,1,,2026-02-14 18:39:13,takeout,,credit_card,completed
1006546,14,2207,2026-02-14 18:40:24,drive_thru,,credit_card,completed
1006547,8,556,2026-02-14 18:40:51,dine_in,,apple_pay,completed
1006548,8,2459,2026-02-14 18:40:59,dine_in,,apple_pay,completed
1006549,3,,2026-02-14 18:41:16,delivery,,credit_card,completed
1006550,6,,2026-02-14 18:41:17,drive_thru,MARDIGRAS,credit_card,completed
1006551,11,1660,2026-02-14 18:43:18,takeout,MARDIGRAS,credit_card,completed
1006552,10,531,2026-02-14 18:46:42,drive_thru,,debit_card,completed
1006553,9,1792,2026-02-14 18:47:27,drive_thru,,apple_pay,completed
1006554,4,1506,2026-02-14 18:48:01,dine_in,,debit_card,completed
1006555,6,2166,2026-02-14 18:48:10,takeout,,credit_card,completed
1006556,16,1128,2026-02-14 18:48:25,dine_in,,debit_card,completed
1006557,12,1075,2026-02-14 18:48:48,dine_in,,debit_card,completed
1006558,2,1744,2026-02-14 18:49:10,delivery,,credit_card,completed
1006559,4,,2026-02-14 18:49:55,drive_thru,,debit_card,completed
1006560,9,,2026-02-14 18:49:56,drive_thru,,apple_pay,completed
1006561,6,1857,2026-02-14 18:56:01,delivery,,apple_pay,completed
1006562,8,1047,2026-02-14 18:57:20,dine_in,MARDIGRAS,debit_card,completed
1006563,7,1275,2026-02-14 18:59:02,dine_in,,credit_card,completed
1006564,17,,2026-02-14 18:59:17,dine_in,,debit_card,completed
1006565,14,1505,2026-02-14 19:01:44,dine_in,,credit_card,completed
1006566,12,115,2026-02-14 19:06:01,takeout,,cash,completed
1006567,12,,2026-02-14 19:07:25,dine_in,,credit_card,completed
1006568,6,1585,2026-02-14 19:12:41,drive_thru,,cash,completed
1006569,2,78,2026-02-14 19:12:47,dine_in,,apple_pay,completed
1006570,6,,2026-02-14 19:13:27,dine_in,,cash,completed
1006571,8,,2026-02-14 19:15:10,dine_in,,credit_card,completed
1006572,15,398,2026-02-14 19:15:23,drive_thru,,debit_card,completed
1006573,3,,2026-02-14 19:16:24,takeout,,debit_card,completed
1006574,14,,2026-02-14 19:17:27,dine_in,,apple_pay,completed
1006575,12,2264,2026-02-14 19:17:31,dine_in,,cash,completed
1006576,2,,2026-02-14 19:19:23,delivery,,credit_card,completed
1006577,15,,2026-02-14 19:19:37,delivery,,credit_card,completed
1006578,12,802,2026-02-14 19:20:03,delivery,,credit_card,completed
1006579,16,,2026-02-14 19:20:29,takeout,,debit_card,completed
1006580,12,,2026-02-14 19:22:15,dine_in,MARDIGRAS,debit_card,completed
1006581,3,315,2026-02-14 19:22:38,takeout,,apple_pay,completed
1006582,10,2395,2026-02-14 19:22:45,dine_in,MARDIGRAS,cash,completed
1006583,19,,2026-02-14 19:23:00,delivery,MARDIGRAS,credit_card,completed
1006584,4,778,2026-02-14 19:27:23,delivery,MARDIGRAS,credit_card,completed
1006585,8,1125,2026-02-14 19:27:48,dine_in,,credit_card,completed
1006586,13,196,2026-02-14 19:28:57,dine_in,,apple_pay,completed
1006587,15,1449,2026-02-14 19:30:22,drive_thru,,debit_card,completed
1006588,5,,2026-02-14 19:30:28,takeout,,cash,completed
1006589,12,2234,2026-02-14 19:33:58,delivery,,credit_card,refunded
1006590,2,1351,2026-02-14 19:34:07,delivery,,apple_pay,completed
1006591,2,2473,2026-02-14 19:34:54,dine_in,,credit_card,completed
1006592,9,,2026-02-14 19:36:18,dine_in,,debit_card,completed
1006593,18,1646,2026-02-14 19:37:27,drive_thru,MARDIGRAS,credit_card,completed
1006594,3,,2026-02-14 19:41:01,takeout,,credit_card,completed
1006595,6,,2026-02-14 19:46:13,drive_thru,,debit_card,completed
1006596,19,1352,2026-02-14 19:49:24,drive_thru,,debit_card,completed
1006597,14,1048,2026-02-14 19:49:52,drive_thru,,credit_card,completed
1006598,1,,2026-02-14 19:53:40,dine_in,,gift_card,completed
1006599,11,959,2026-02-14 19:54:55,delivery,,apple_pay,completed
1006600,5,,2026-02-14 19:58:34,dine_in,,debit_card,completed
1006601,13,804,2026-02-14 19:58:41,takeout,,credit_card,completed
1006602,1,748,2026-02-14 19:59:14,delivery,,debit_card,completed
1006603,1,,2026-02-14 19:59:36,delivery,,credit_card,completed
1006604,13,1972,2026-02-14 19:59:51,dine_in,,credit_card,completed
1006605,9,,2026-02-14 20:00:45,dine_in,,credit_card,completed
1006606,12,2094,2026-02-14 20:02:19,dine_in,,cash,completed
1006607,6,1228,2026-02-14 20:17:46,drive_thru,,cash,completed
1006608,11,2387,2026-02-14 20:23:01,dine_in,,credit_card,completed
1006609,11,,2026-02-14 20:23:12,drive_thru,,debit_card,completed
1006610,15,2020,2026-02-14 20:28:43,dine_in,,credit_card,completed
1006611,9,,2026-02-14 20:36:05,delivery,,credit_card,completed
1006612,4,1876,2026-02-14 20:41:51,dine_in,,credit_card,completed
1006613,8,1789,2026-02-14 20:42:51,takeout,,apple_pay,completed
1006614,8,2459,2026-02-14 21:00:54,takeout,,debit_card,completed
1006615,10,1692,2026-02-14 21:01:17,delivery,,apple_pay,completed
1006616,15,596,2026-02-14 21:04:37,takeout,,apple_pay,completed
1006617,7,930,2026-02-14 21:16:36,dine_in,MARDIGRAS,debit_card,completed
1006618,4,1848,2026-02-14 21:21:12,takeout,,debit_card,completed
1006619,7,114,2026-02-14 21:57:31,dine_in,,credit_card,completed
1006620,19,848,2026-02-15 11:21:40,takeout,,cash,completed
1006621,4,,2026-02-15 11:25:36,takeout,,cash,completed
1006622,10,,2026-02-15 11:26:01,delivery,,apple_pay,completed
1006623,10,,2026-02-15 11:33:55,drive_thru,,debit_card,completed
1006624,4,,2026-02-15 11:38:32,dine_in,,credit_card,completed
1006625,16,,2026-02-15 11:41:08,dine_in,,credit_card,completed
1006626,9,,2026-02-15 11:43:18,dine_in,,debit_card,completed
1006627,7,2230,2026-02-15 11:44:23,dine_in,,credit_card,completed
1006628,5,,2026-02-15 11:44:53,drive_thru,MARDIGRAS,credit_card,completed
1006629,3,2497,2026-02-15 11:49:27,dine_in,,apple_pay,completed
1006630,6,1871,2026-02-15 11:55:29,drive_thru,,credit_card,completed
1006631,16,962,2026-02-15 11:55:33,takeout,,apple_pay,completed
1006632,1,,2026-02-15 11:56:19,dine_in,,credit_card,completed
1006633,11,1313,2026-02-15 11:59:24,delivery,,apple_pay,completed
1006634,1,623,2026-02-15 12:01:24,delivery,,credit_card,completed
1006635,1,375,2026-02-15 12:01:42,dine_in,,credit_card,completed
1006636,9,1546,2026-02-15 12:02:56,drive_thru,,credit_card,completed
1006637,13,1022,2026-02-15 12:04:38,dine_in,,credit_card,completed
1006638,1,,2026-02-15 12:09:17,delivery,,debit_card,completed
1006639,2,2015,2026-02-15 12:10:32,dine_in,,apple_pay,completed
1006640,8,1253,2026-02-15 12:13:03,takeout,,apple_pay,completed
1006641,7,,2026-02-15 12:15:59,delivery,,credit_card,completed
1006642,6,,2026-02-15 12:18:45,drive_thru,,apple_pay,completed
1006643,3,1509,2026-02-15 12:20:45,takeout,,apple_pay,completed
1006644,1,2486,2026-02-15 12:21:29,dine_in,,debit_card,completed
1006645,10,2425,2026-02-15 12:23:44,dine_in,,cash,completed
1006646,18,1689,2026-02-15 12:24:53,drive_thru,,credit_card,completed
1006647,17,1979,2026-02-15 12:25:43,,MARDIGRAS,gift_card,completed
1006648,19,,2026-02-15 12:26:39,delivery,,credit_card,completed
1006649,15,,2026-02-15 12:28:59,dine_in,,cash,completed
1006650,9,,2026-02-15 12:30:10,takeout,,debit_card,completed
1006651,4,1609,2026-02-15 12:33:06,takeout,,apple_pay,completed
1006652,15,937,2026-02-15 12:33:42,delivery,,credit_card,completed
1006653,15,,2026-02-15 12:35:00,drive_thru,,credit_card,completed
1006654,13,1024,2026-02-15 12:36:53,delivery,,credit_card,completed
1006655,1,1224,2026-02-15 12:39:43,delivery,,apple_pay,completed
1006656,2,103,2026-02-15 12:40:37,dine_in,MARDIGRAS,credit_card,completed
1006657,4,1144,2026-02-15 12:42:04,delivery,,credit_card,refunded
1006658,17,,2026-02-15 12:42:47,dine_in,,credit_card,completed
1006659,12,1736,2026-02-15 12:44:47,takeout,,credit_card,completed
1006660,6,153,2026-02-15 12:44:53,dine_in,MARDIGRAS,credit_card,completed
1006661,11,,2026-02-15 12:45:47,delivery,,gift_card,completed
1006662,18,,02/15/2026 12:47,delivery,,credit_card,completed
1006663,6,882,2026-02-15 12:48:28,drive_thru,,debit_card,completed
1006664,14,255,2026-02-15 12:49:47,delivery,,credit_card,completed
1006665,16,26,2026-02-15 12:51:50,dine_in,,credit_card,completed
1006666,8,1013,2026-02-15 12:51:57,takeout,,credit_card,completed
1006667,4,2184,2026-02-15 12:54:03,delivery,,apple_pay,completed
1006668,16,,2026-02-15 12:55:03,dine_in,,credit_card,completed
1006669,13,1101,2026-02-15 12:55:36,takeout,,debit_card,completed
1006670,7,560,2026-02-15 12:55:57,takeout,,credit_card,completed
1006671,6,,2026-02-15 13:01:25,dine_in,,credit_card,completed
1006672,15,,02/15/2026 13:01,takeout,,credit_card,completed
1006673,19,1094,2026-02-15 13:03:29,drive_thru,MARDIGRAS,credit_card,completed
1006674,7,,2026-02-15 13:09:11,delivery,,debit_card,cancelled
1006675,14,,2026-02-15 13:09:40,dine_in,,debit_card,completed
1006676,3,1310,2026-02-15 13:22:09,dine_in,,credit_card,completed
1006677,7,495,2026-02-15 13:26:12,dine_in,,credit_card,completed
1006678,15,1191,2026-02-15 13:31:04,dine_in,,debit_card,completed
1006679,7,62,2026-02-15 13:32:43,delivery,MARDIGRAS,debit_card,completed
1006680,16,,2026-02-15 13:41:01,dine_in,,apple_pay,completed
1006681,1,706,02/15/2026 13:42,takeout,,credit_card,completed
1006682,13,440,2026-02-15 13:45:45,delivery,,credit_card,completed
1006683,9,335,2026-02-15 14:36:01,dine_in,,debit_card,completed
1006684,1,777,2026-02-15 15:00:35,delivery,MARDIGRAS,debit_card,completed
1006685,8,2303,2026-02-15 15:05:37,dine_in,,credit_card,completed
1006686,8,104,2026-02-15 15:17:11,delivery,,credit_card,completed
1006687,14,177,2026-02-15 15:47:21,drive_thru,,credit_card,completed
1006688,18,695,2026-02-15 15:49:30,drive_thru,MARDIGRAS,credit_card,completed
1006689,14,2316,2026-02-15 16:36:12,dine_in,,apple_pay,completed
1006690,7,,2026-02-15 16:38:11,delivery,,credit_card,completed
1006691,10,106,2026-02-15 16:46:49,dine_in,,credit_card,completed
1006692,9,,2026-02-15 16:52:26,delivery,,credit_card,completed
1006693,12,2437,2026-02-15 16:59:33,takeout,,credit_card,completed
1006694,16,,2026-02-15 17:00:08,takeout,,debit_card,completed
1006695,17,2328,2026-02-15 17:03:29,dine_in,MARDIGRAS,cash,completed
1006696,10,,2026-02-15 17:11:26,dine_in,,credit_card,completed
1006697,9,1361,2026-02-15 17:14:30,dine_in,,gift_card,refunded
1006698,2,270,2026-02-15 17:22:47,delivery,,credit_card,completed
1006699,11,,2026-02-15 17:26:59,drive_thru,,credit_card,completed
1006700,8,127,2026-02-15 17:31:55,dine_in,,credit_card,completed
1006701,6,,2026-02-15 17:41:42,drive_thru,,credit_card,completed
1006702,1,1298,2026-02-15 17:42:41,dine_in,,debit_card,completed
1006703,14,,2026-02-15 17:51:38,takeout,,apple_pay,completed
1006704,16,,2026-02-15 17:52:01,dine_in,,credit_card,completed
1006705,7,988,2026-02-15 17:53:18,dine_in,,credit_card,completed
1006706,3,315,2026-02-15 17:59:23,takeout,MARDIGRAS,credit_card,completed
1006707,14,817,2026-02-15 18:04:47,delivery,,apple_pay,completed
1006708,3,1512,2026-02-15 18:07:44,dine_in,,credit_card,completed
1006709,4,869,2026-02-15 18:08:35,drive_thru,,cash,completed
1006710,10,2338,2026-02-15 18:10:55,dine_in,,debit_card,completed
1006711,8,1151,2026-02-15 18:15:25,takeout,,credit_card,completed
1006712,7,107,2026-02-15 18:18:56,delivery,,debit_card,cancelled
1006713,14,1703,2026-02-15 18:19:23,takeout,,cash,completed
1006714,7,773,2026-02-15 18:21:20,delivery,,credit_card,completed
1006715,15,2268,2026-02-15 18:22:08,delivery,,credit_card,completed
1006716,3,491,2026-02-15 18:22:39,dine_in,,debit_card,completed
1006717,3,,2026-02-15 18:23:43,dine_in,,apple_pay,completed
1006718,10,1172,2026-02-15 18:24:10,drive_thru,,debit_card,completed
1006719,9,2188,2026-02-15 18:24:17,takeout,,debit_card,completed
1006720,6,354,2026-02-15 18:24:30,takeout,,credit_card,completed
1006721,2,1216,2026-02-15 18:26:25,delivery,,gift_card,completed
1006722,8,365,2026-02-15 18:28:00,takeout,,credit_card,completed
1006723,1,801,2026-02-15 18:29:24,dine_in,,debit_card,completed
1006724,1,,2026-02-15 18:31:08,delivery,,apple_pay,completed
1006725,14,195,2026-02-15 18:34:47,takeout,,debit_card,completed
1006726,8,667,2026-02-15 18:38:43,dine_in,,cash,completed
1006727,11,,2026-02-15 18:41:59,delivery,,debit_card,completed
1006728,3,1097,2026-02-15 18:42:20,dine_in,,apple_pay,completed
1006729,19,,2026-02-15 18:45:58,delivery,,apple_pay,completed
1006730,8,,2026-02-15 18:46:01,dine_in,,apple_pay,completed
1006731,15,1696,2026-02-15 18:47:06,dine_in,,debit_card,completed
1006732,10,,2026-02-15 18:48:16,drive_thru,,credit_card,completed
1006733,3,,2026-02-15 18:48:21,takeout,MARDIGRAS,apple_pay,completed
1006734,9,1887,2026-02-15 18:50:17,dine_in,,debit_card,cancelled
1006735,17,2250,2026-02-15 18:52:16,delivery,,apple_pay,completed
1006736,4,1330,2026-02-15 18:58:42,dine_in,,cash,completed
1006737,3,187,2026-02-15 18:59:59,dine_in,MARDIGRAS,credit_card,completed
1006738,7,,2026-02-15 19:00:20,takeout,MARDIGRAS,credit_card,completed
1006739,4,1578,2026-02-15 19:00:55,drive_thru,,apple_pay,completed
1006740,11,,2026-02-15 19:02:20,drive_thru,MARDIGRAS,debit_card,completed
1006741,15,,2026-02-15 19:02:37,drive_thru,,apple_pay,cancelled
1006742,11,,2026-02-15 19:03:05,dine_in,,apple_pay,completed
1006743,13,2260,2026-02-15 19:08:02,takeout,,apple_pay,completed
1006744,4,1746,2026-02-15 19:09:34,dine_in,,credit_card,completed
1006745,13,566,2026-02-15 19:11:35,dine_in,,credit_card,completed
1006746,11,,2026-02-15 19:12:15,dine_in,,credit_card,completed
1006747,14,195,2026-02-15 19:12:15,drive_thru,,debit_card,completed
1006748,8,1551,2026-02-15 19:12:53,takeout,,debit_card,completed
1006749,17,2235,2026-02-15 19:13:00,dine_in,,credit_card,completed
1006750,18,1130,2026-02-15 19:17:08,delivery,,debit_card,completed
1006751,8,,2026-02-15 19:20:44,delivery,,gift_card,cancelled
1006752,12,,2026-02-15 19:20:59,dine_in,,apple_pay,completed
1006753,5,1673,2026-02-15 19:21:00,dine_in,,credit_card,completed
1006754,5,,2026-02-15 19:22:40,delivery,,credit_card,completed
1006755,3,2396,2026-02-15 19:25:42,delivery,,debit_card,completed
1006756,8,27,2026-02-15 19:26:56,dine_in,,cash,completed
1006757,10,42,2026-02-15 19:27:41,drive_thru,,credit_card,completed
1006758,6,2305,02/15/2026 19:29,dine_in,MARDIGRAS,cash,completed
1006759,1,,2026-02-15 19:30:39,dine_in,,debit_card,completed
1006760,10,1807,2026-02-15 19:38:08,takeout,,credit_card,completed
1006761,8,359,2026-02-15 19:42:59,delivery,,apple_pay,completed
1006762,8,2143,2026-02-15 19:49:01,delivery,MARDIGRAS,credit_card,completed
1006763,7,766,2026-02-15 19:49:59,dine_in,,credit_card,completed
1006764,10,1973,2026-02-15 20:00:59,dine_in,,cash,completed
1006765,19,1681,2026-02-15 20:03:28,drive_thru,,credit_card,completed
1006766,4,436,2026-02-15 20:13:46,dine_in,,cash,completed
1006767,7,,2026-02-15 20:17:34,takeout,,gift_card,completed
1006768,10,125,2026-02-15 20:21:20,dine_in,MARDIGRAS,credit_card,completed
1006769,1,2110,2026-02-15 20:25:02,takeout,,cash,completed
1006770,9,,2026-02-15 20:26:30,,MARDIGRAS,apple_pay,completed
1006771,18,2121,2026-02-15 20:29:25,drive_thru,MARDIGRAS,credit_card,completed
1006772,5,135,2026-02-15 20:36:24,drive_thru,MARDIGRAS,gift_card,completed
1006773,16,2479,2026-02-15 20:40:20,takeout,,credit_card,completed
1006774,12,,2026-02-15 21:01:51,dine_in,MARDIGRAS,debit_card,completed
1006775,15,,2026-02-15 21:04:33,delivery,,debit_card,completed
1006776,15,,2026-02-15 21:04:50,delivery,,apple_pay,completed
1006777,7,2149,2026-02-15 21:21:38,dine_in,,debit_card,completed
1006778,1,681,2026-02-15 21:22:52,takeout,,apple_pay,completed
1006779,7,1056,2026-02-15 21:54:57,dine_in,,debit_card,completed
1006780,1,,2026-02-16 10:35:17,dine_in,,cash,completed
1006781,3,,2026-02-16 10:43:02,dine_in,,credit_card,completed
1006782,11,502,2026-02-16 10:57:23,takeout,,cash,completed
1006783,13,,2026-02-16 11:20:52,takeout,,credit_card,completed
1006784,15,,2026-02-16 11:25:34,dine_in,,credit_card,completed
1006785,7,,2026-02-16 11:32:04,takeout,,apple_pay,completed
1006786,10,2343,2026-02-16 11:41:14,dine_in,,credit_card,completed
1006787,9,,2026-02-16 11:50:01,drive_thru,,credit_card,completed
1006788,11,2387,2026-02-16 11:58:28,drive_thru,,credit_card,completed
1006789,7,,2026-02-16 11:59:32,delivery,,credit_card,completed
1006790,6,378,2026-02-16 12:01:42,delivery,,apple_pay,completed
1006791,15,181,2026-02-16 12:04:01,drive_thru,,debit_card,completed
1006792,19,1387,2026-02-16 12:04:26,takeout,,cash,completed
1006793,5,1794,2026-02-16 12:05:14,drive_thru,,credit_card,completed
1006794,6,2213,2026-02-16 12:09:53,takeout,,credit_card,completed
1006795,18,,2026-02-16 12:10:06,drive_thru,MARDIGRAS,credit_card,completed
1006796,5,,2026-02-16 12:10:11,drive_thru,,cash,completed
1006797,7,,2026-02-16 12:10:27,delivery,,credit_card,completed
1006798,13,,2026-02-16 12:12:25,delivery,,debit_card,completed
1006799,9,,2026-02-16 12:14:13,takeout,,credit_card,completed
1006800,14,471,2026-02-16 12:14:48,dine_in,,credit_card,completed
1006801,16,,2026-02-16 12:15:36,dine_in,,apple_pay,completed
1006802,6,,2026-02-16 12:20:20,dine_in,,cash,completed
1006803,19,1244,2026-02-16 12:21:53,takeout,,debit_card,completed
1006804,12,124,2026-02-16 12:24:17,takeout,,credit_card,completed
1006805,2,661,2026-02-16 12:25:43,dine_in,,credit_card,completed
1006806,12,,2026-02-16 12:26:01,delivery,,apple_pay,completed
1006807,16,,2026-02-16 12:27:34,dine_in,,apple_pay,completed
1006808,16,,2026-02-16 12:34:05,dine_in,,credit_card,completed
1006809,19,2046,2026-02-16 12:34:25,delivery,,credit_card,completed
1006810,16,,2026-02-16 12:34:31,delivery,,credit_card,completed
1006811,4,662,2026-02-16 12:34:53,drive_thru,MARDIGRAS,apple_pay,refunded
1006812,12,1777,2026-02-16 12:35:06,dine_in,,apple_pay,completed
1006813,1,,2026-02-16 12:35:46,dine_in,,gift_card,completed
1006814,4,193,2026-02-16 12:36:17,drive_thru,,credit_card,completed
1006815,13,,2026-02-16 12:40:08,dine_in,MARDIGRAS,credit_card,completed
1006816,10,,2026-02-16 12:40:18,drive_thru,,apple_pay,completed
1006817,14,,2026-02-16 12:43:06,drive_thru,,apple_pay,completed
1006818,10,284,2026-02-16 12:43:15,takeout,,credit_card,completed
1006819,9,,2026-02-16 12:47:17,drive_thru,,debit_card,completed
1006820,19,2474,2026-02-16 12:47:45,dine_in,,cash,completed
1006821,2,2438,2026-02-16 12:49:22,dine_in,,apple_pay,completed
1006822,15,,2026-02-16 12:53:09,dine_in,MARDIGRAS,credit_card,cancelled
1006823,8,1167,2026-02-16 12:55:55,dine_in,,cash,completed
1006824,13,2131,2026-02-16 13:01:47,takeout,,credit_card,completed
1006825,6,,2026-02-16 13:01:51,dine_in,,credit_card,completed
1006826,11,959,2026-02-16 13:03:15,delivery,,credit_card,completed
1006827,6,,2026-02-16 13:03:33,drive_thru,,credit_card,completed
1006828,12,1072,02/16/2026 13:10,delivery,MARDIGRAS,debit_card,completed
1006829,4,,2026-02-16 13:11:57,dine_in,MARDIGRAS,credit_card,completed
1006830,16,,2026-02-16 13:17:34,delivery,,debit_card,completed
1006831,18,1543,2026-02-16 13:18:21,delivery,,debit_card,completed
1006832,4,996,2026-02-16 13:21:35,dine_in,MARDIGRAS,credit_card,completed
1006833,18,1001,2026-02-16 13:21:44,drive_thru,,debit_card,completed
1006834,6,1977,2026-02-16 13:29:10,dine_in,,apple_pay,completed
1006835,2,393,2026-02-16 13:30:27,takeout,,debit_card,completed
1006836,11,450,2026-02-16 13:31:12,takeout,,credit_card,completed
1006837,10,,2026-02-16 13:31:50,dine_in,,credit_card,cancelled
1006838,5,2495,2026-02-16 13:37:10,delivery,,credit_card,completed
1006839,15,,2026-02-16 13:43:05,dine_in,,cash,completed
1006840,6,2402,2026-02-16 14:22:21,dine_in,,credit_card,completed
1006841,16,218,2026-02-16 14:35:51,dine_in,,debit_card,completed
1006842,10,1253,2026-02-16 14:41:52,takeout,,debit_card,completed
1006843,9,46,2026-02-16 14:43:45,delivery,,credit_card,completed
1006844,2,393,2026-02-16 15:05:26,takeout,MARDIGRAS,credit_card,completed
1006845,6,1197,2026-02-16 15:40:03,drive_thru,,apple_pay,completed
1006846,5,,2026-02-16 15:50:43,delivery,,credit_card,completed
1006847,1,,2026-02-16 15:58:13,delivery,,credit_card,completed
1006848,3,,2026-02-16 16:01:11,dine_in,,apple_pay,completed
1006849,10,,2026-02-16 16:03:20,drive_thru,,credit_card,completed
1006850,1,1289,2026-02-16 17:04:58,dine_in,,credit_card,completed
1006851,1,630,2026-02-16 17:23:06,takeout,,apple_pay,completed
1006852,15,363,2026-02-16 17:47:00,dine_in,,credit_card,completed
1006853,4,1927,2026-02-16 17:51:19,drive_thru,,credit_card,completed
1006854,2,,2026-02-16 17:56:51,takeout,,credit_card,completed
1006855,12,2437,2026-02-16 17:57:01,dine_in,,credit_card,completed
1006856,2,,2026-02-16 17:58:04,dine_in,,apple_pay,completed
1006857,15,596,2026-02-16 17:58:46,dine_in,,credit_card,completed
1006858,8,2014,2026-02-16 18:01:43,dine_in,,credit_card,completed
1006859,19,1537,2026-02-16 18:03:43,takeout,,apple_pay,completed
1006860,12,2381,2026-02-16 18:04:12,dine_in,,cash,completed
1006861,1,1413,02/16/2026 18:14,dine_in,,gift_card,completed
1006862,1,,2026-02-16 18:14:52,dine_in,,cash,completed
1006863,19,,2026-02-16 18:16:21,dine_in,,credit_card,completed
1006864,12,1885,2026-02-16 18:17:05,delivery,MARDIGRAS,apple_pay,completed
1006865,1,156,2026-02-16 18:19:52,dine_in,MARDIGRAS,debit_card,cancelled
1006866,7,2211,2026-02-16 18:20:12,dine_in,,credit_card,completed
1006867,10,1534,2026-02-16 18:24:56,dine_in,MARDIGRAS,gift_card,completed
1006868,18,1001,2026-02-16 18:25:26,takeout,,debit_card,completed
1006869,1,,2026-02-16 18:31:33,dine_in,,apple_pay,completed
1006870,18,2267,2026-02-16 18:33:43,delivery,,credit_card,cancelled
1006871,17,730,2026-02-16 18:35:51,dine_in,,debit_card,completed
1006872,5,536,2026-02-16 18:39:51,dine_in,MARDIGRAS,credit_card,completed
1006873,17,242,2026-02-16 18:40:06,dine_in,,credit_card,completed
1006874,4,397,2026-02-16 18:40:54,delivery,,credit_card,completed
1006875,4,1625,2026-02-16 18:42:13,delivery,,credit_card,completed
1006876,6,2265,2026-02-16 18:42:49,drive_thru,,apple_pay,completed
1006877,3,1034,2026-02-16 18:44:05,takeout,,credit_card,completed
1006878,1,2130,2026-02-16 18:45:10,takeout,,credit_card,completed
1006879,7,2295,2026-02-16 18:48:07,takeout,,apple_pay,completed
1006880,17,,2026-02-16 18:48:41,dine_in,,apple_pay,completed
1006881,17,,2026-02-16 18:50:40,dine_in,,debit_card,completed
1006882,12,165,02/16/2026 18:57,dine_in,,gift_card,completed
1006883,7,2071,2026-02-16 19:01:01,takeout,,credit_card,completed
1006884,18,1411,2026-02-16 19:04:40,takeout,,credit_card,completed
1006885,12,,2026-02-16 19:04:47,delivery,,gift_card,completed
1006886,5,950,2026-02-16 19:07:38,drive_thru,,credit_card,completed
1006887,9,1302,2026-02-16 19:14:53,drive_thru,,credit_card,completed
1006888,7,1567,02/16/2026 19:26,takeout,,cash,completed
1006889,15,316,2026-02-16 19:27:27,dine_in,,credit_card,completed
1006890,7,,2026-02-16 19:28:25,dine_in,,credit_card,refunded
1006891,8,,2026-02-16 19:30:38,dine_in,,cash,completed
1006892,6,,2026-02-16 19:32:07,delivery,,debit_card,completed
1006893,3,1423,2026-02-16 19:33:11,delivery,MARDIGRAS,credit_card,completed
1006894,18,,2026-02-16 19:34:46,dine_in,MARDIGRAS,debit_card,completed
1006895,3,1097,02/16/2026 19:40,takeout,,debit_card,completed
1006896,16,843,2026-02-16 19:47:52,dine_in,,credit_card,completed
1006897,9,,2026-02-16 19:50:42,dine_in,MARDIGRAS,credit_card,completed
1006898,14,837,2026-02-16 19:59:32,takeout,,cash,completed
1006899,14,29,2026-02-16 20:12:38,takeout,MARDIGRAS,cash,completed
1006900,17,,2026-02-16 20:52:20,takeout,,credit_card,completed
1006901,18,1519,2026-02-16 20:52:44,takeout,MARDIGRAS,credit_card,refunded
1006902,3,944,2026-02-16 20:59:45,dine_in,,apple_pay,completed
1006903,4,1090,2026-02-16 21:02:09,drive_thru,MARDIGRAS,apple_pay,completed
1006904,9,,2026-02-17 10:33:04,delivery,,credit_card,completed
1006905,4,1927,2026-02-17 10:33:14,takeout,,debit_card,completed
1006906,19,,2026-02-17 11:14:37,delivery,,apple_pay,completed
1006907,8,1406,2026-02-17 11:19:22,delivery,,credit_card,completed
1006908,8,,2026-02-17 11:26:57,takeout,,credit_card,completed
1006909,6,,2026-02-17 11:39:00,delivery,,credit_card,completed
1006910,13,,2026-02-17 11:43:33,dine_in,,debit_card,completed
1006911,12,,2026-02-17 11:43:56,delivery,MARDIGRAS,credit_card,completed
1006912,12,,2026-02-17 11:46:33,delivery,MARDIGRAS,debit_card,cancelled
1006913,12,1432,2026-02-17 11:49:02,delivery,MARDIGRAS,credit_card,completed
1006914,13,1877,2026-02-17 11:49:39,delivery,,credit_card,completed
1006915,5,1591,2026-02-17 11:50:39,dine_in,,apple_pay,completed
1006916,10,,2026-02-17 11:51:11,dine_in,MARDIGRAS,gift_card,completed
1006917,3,616,2026-02-17 11:54:56,dine_in,,cash,completed
1006918,10,1112,2026-02-17 11:57:03,dine_in,,debit_card,completed
1006919,7,,2026-02-17 11:59:22,takeout,,apple_pay,completed
1006920,8,1484,2026-02-17 12:01:05,delivery,,credit_card,completed
1006921,1,,2026-02-17 12:01:38,dine_in,,debit_card,completed
1006922,14,,2026-02-17 12:04:02,dine_in,,cash,completed
1006923,2,1216,2026-02-17 12:04:37,delivery,,credit_card,completed
1006924,10,,2026-02-17 12:05:17,delivery,,debit_card,completed
1006925,10,789,2026-02-17 12:05:27,dine_in,,apple_pay,completed
1006926,6,882,2026-02-17 12:12:43,dine_in,,credit_card,completed
1006927,14,,2026-02-17 12:13:05,drive_thru,,credit_card,completed
1006928,17,1979,2026-02-17 12:15:39,takeout,MARDIGRAS,credit_card,completed
1006929,11,476,2026-02-17 12:15:57,dine_in,,credit_card,completed
1006930,17,305,2026-02-17 12:16:13,delivery,,credit_card,completed
1006931,3,315,2026-02-17 12:21:14,delivery,,credit_card,completed
1006932,3,2099,2026-02-17 12:21:55,delivery,,credit_card,completed
1006933,3,,2026-02-17 12:23:58,delivery,,apple_pay,completed
1006934,8,1404,2026-02-17 12:30:55,delivery,,credit_card,completed
1006935,19,738,2026-02-17 12:31:53,drive_thru,,debit_card,completed
1006936,11,336,2026-02-17 12:32:22,dine_in,,apple_pay,completed
1006937,1,253,2026-02-17 12:33:48,dine_in,,debit_card,completed
1006938,6,2169,2026-02-17 12:34:23,delivery,MARDIGRAS,debit_card,completed
1006939,17,2158,2026-02-17 12:34:25,takeout,,credit_card,completed
1006940,19,1411,2026-02-17 12:36:47,drive_thru,MARDIGRAS,gift_card,completed
1006941,16,2161,2026-02-17 12:40:55,takeout,,credit_card,completed
1006942,10,,2026-02-17 12:42:56,takeout,,credit_card,completed
1006943,3,2378,2026-02-17 12:47:27,takeout,MARDIGRAS,apple_pay,completed
1006944,10,450,2026-02-17 12:47:52,dine_in,,credit_card,cancelled
1006945,7,1135,2026-02-17 12:50:28,takeout,,cash,completed
1006946,14,1990,2026-02-17 12:51:00,dine_in,,credit_card,completed
1006947,16,60,2026-02-17 12:51:31,delivery,,credit_card,completed
1006948,15,1592,2026-02-17 12:55:51,dine_in,,gift_card,completed
1006949,7,990,2026-02-17 13:04:46,takeout,MARDIGRAS,credit_card,completed
1006950,12,,2026-02-17 13:06:28,takeout,,credit_card,completed
1006951,10,,2026-02-17 13:10:02,takeout,,credit_card,completed
1006952,7,,2026-02-17 13:11:17,dine_in,,debit_card,completed
1006953,14,,2026-02-17 13:13:50,takeout,,debit_card,completed
1006954,8,,2026-02-17 13:17:19,takeout,,gift_card,completed
1006955,14,181,2026-02-17 13:18:38,dine_in,,apple_pay,completed
1006956,3,1220,2026-02-17 13:19:26,dine_in,,debit_card,completed
1006957,10,,2026-02-17 13:20:11,,,gift_card,completed
1006958,7,2288,2026-02-17 13:23:11,dine_in,,credit_card,completed
1006959,11,,2026-02-17 13:26:11,dine_in,,cash,completed
1006960,13,,2026-02-17 13:34:13,dine_in,,credit_card,completed
1006961,18,1503,2026-02-17 13:39:03,dine_in,,credit_card,completed
1006962,19,2195,02/17/2026 13:43,delivery,,credit_card,refunded
1006963,7,674,2026-02-17 13:44:28,dine_in,,apple_pay,completed
1006964,13,,2026-02-17 13:55:55,dine_in,,debit_card,completed
1006965,8,292,2026-02-17 14:28:54,dine_in,,debit_card,completed
1006966,13,2210,2026-02-17 14:42:45,dine_in,,cash,completed
1006967,1,,2026-02-17 15:05:23,dine_in,,credit_card,completed
1006968,2,1374,2026-02-17 15:37:21,delivery,,apple_pay,cancelled
1006969,4,,2026-02-17 15:37:45,takeout,,debit_card,completed
1006970,4,,2026-02-17 16:01:49,drive_thru,,credit_card,completed
1006971,3,,2026-02-17 16:04:58,takeout,,apple_pay,completed
1006972,17,1372,2026-02-17 16:37:42,dine_in,MARDIGRAS,credit_card,completed
1006973,4,1257,2026-02-17 16:39:39,dine_in,,credit_card,completed
1006974,8,1050,2026-02-17 16:45:38,dine_in,,apple_pay,completed
1006975,12,316,2026-02-17 16:48:55,dine_in,,gift_card,completed
1006976,12,2020,2026-02-17 16:50:18,dine_in,,debit_card,completed
1006977,11,1346,2026-02-17 17:20:31,delivery,,apple_pay,completed
1006978,19,1734,2026-02-17 17:25:37,dine_in,MARDIGRAS,apple_pay,completed
1006979,16,486,2026-02-17 17:35:55,takeout,,apple_pay,completed
1006980,9,,2026-02-17 17:54:46,drive_thru,,credit_card,completed
1006981,12,802,2026-02-17 17:56:54,dine_in,,credit_card,completed
1006982,18,1689,2026-02-17 18:04:03,delivery,,gift_card,completed
1006983,16,1646,2026-02-17 18:05:26,dine_in,,credit_card,completed
1006984,14,,2026-02-17 18:07:41,dine_in,,credit_card,completed
1006985,7,2108,2026-02-17 18:08:40,takeout,,gift_card,completed
1006986,6,247,2026-02-17 18:13:02,takeout,,credit_card,completed
1006987,3,829,2026-02-17 18:15:45,,,apple_pay,completed
1006988,9,,2026-02-17 18:17:28,dine_in,,credit_card,completed
1006989,18,,2026-02-17 18:19:24,drive_thru,,cash,completed
1006990,9,,2026-02-17 18:20:09,delivery,,apple_pay,completed
1006991,17,492,2026-02-17 18:20:49,dine_in,MARDIGRAS,debit_card,completed
1006992,14,,2026-02-17 18:21:32,drive_thru,,apple_pay,completed
1006993,13,1753,2026-02-17 18:25:25,dine_in,,credit_card,completed
1006994,3,2401,2026-02-17 18:28:12,dine_in,,credit_card,completed
1006995,3,1131,2026-02-17 18:31:30,dine_in,,credit_card,completed
1006996,3,,2026-02-17 18:32:18,delivery,,credit_card,completed
1006997,9,,2026-02-17 18:36:41,dine_in,,apple_pay,completed
1006998,14,1449,2026-02-17 18:38:09,drive_thru,,apple_pay,completed
1006999,18,386,2026-02-17 18:42:34,drive_thru,,cash,completed
1007000,5,933,2026-02-17 18:43:53,takeout,,credit_card,completed
1007001,7,,2026-02-17 18:44:03,dine_in,,credit_card,completed
1007002,8,,2026-02-17 18:44:30,dine_in,,cash,completed
1007003,8,1360,2026-02-17 18:47:44,takeout,,credit_card,completed
1007004,1,130,2026-02-17 18:50:24,dine_in,MARDIGRAS,credit_card,completed
1007005,9,1886,2026-02-17 18:55:59,drive_thru,,apple_pay,completed
1007006,5,151,2026-02-17 18:56:57,takeout,,cash,completed
1007007,6,1006,2026-02-17 19:05:14,delivery,,credit_card,completed
1007008,13,554,2026-02-17 19:05:43,dine_in,,debit_card,completed
1007009,4,1417,2026-02-17 19:10:49,drive_thru,MARDIGRAS,apple_pay,completed
1007010,15,2420,02/17/2026 19:12,dine_in,,apple_pay,completed
1007011,2,1113,2026-02-17 19:12:17,takeout,,apple_pay,completed
1007012,3,1134,2026-02-17 19:13:01,dine_in,MARDIGRAS,debit_card,completed
1007013,6,1033,2026-02-17 19:13:04,drive_thru,,credit_card,completed
1007014,15,,2026-02-17 19:14:13,drive_thru,,debit_card,completed
1007015,8,1105,2026-02-17 19:14:48,takeout,,debit_card,completed
1007016,3,999,2026-02-17 19:15:16,delivery,MARDIGRAS,debit_card,completed
1007017,19,745,2026-02-17 19:17:20,dine_in,MARDIGRAS,cash,completed
1007018,8,,02/17/2026 19:21,dine_in,,apple_pay,completed
1007019,12,1463,2026-02-17 19:22:51,takeout,,credit_card,completed
1007020,11,1803,2026-02-17 19:25:17,dine_in,,cash,completed
1007021,5,1177,2026-02-17 19:32:22,dine_in,,credit_card,completed
1007022,5,1794,2026-02-17 19:34:22,dine_in,,credit_card,completed
1007023,8,,2026-02-17 19:37:47,dine_in,,credit_card,completed
1007024,16,1083,2026-02-17 19:45:42,delivery,MARDIGRAS,credit_card,completed
1007025,12,,2026-02-17 19:46:02,takeout,,gift_card,completed
1007026,5,,2026-02-17 19:53:45,drive_thru,,apple_pay,completed
1007027,1,,2026-02-17 19:54:09,dine_in,,credit_card,completed
1007028,6,,2026-02-17 19:58:54,dine_in,,credit_card,completed
1007029,9,864,2026-02-17 20:07:58,dine_in,,cash,completed
1007030,9,,2026-02-17 20:09:49,,,apple_pay,completed
1007031,18,159,2026-02-17 20:23:38,dine_in,,cash,refunded
1007032,4,,2026-02-17 20:28:05,dine_in,,debit_card,completed
1007033,14,1156,2026-02-17 20:48:49,dine_in,,gift_card,completed
1007034,4,1578,2026-02-18 10:30:31,dine_in,,credit_card,completed
1007035,15,1536,2026-02-18 10:56:25,dine_in,,credit_card,completed
1007036,19,,2026-02-18 11:22:17,drive_thru,,credit_card,completed
1007037,17,,2026-02-18 11:31:16,takeout,,apple_pay,completed
1007038,15,,2026-02-18 11:34:22,dine_in,,credit_card,completed
1007039,14,2063,2026-02-18 11:34:41,takeout,,credit_card,completed
1007040,15,504,2026-02-18 11:44:19,dine_in,,credit_card,completed
1007041,16,1655,2026-02-18 11:45:11,dine_in,,credit_card,completed
1007042,16,1485,2026-02-18 11:47:48,takeout,,credit_card,completed
1007043,15,,2026-02-18 11:50:31,drive_thru,,debit_card,completed
1007044,6,1033,2026-02-18 11:58:25,drive_thru,,credit_card,completed
1007045,7,466,2026-02-18 12:04:39,takeout,,credit_card,completed
1007046,10,,2026-02-18 12:05:59,drive_thru,,apple_pay,completed
1007047,17,908,2026-02-18 12:09:56,dine_in,,debit_card,completed
1007048,2,2469,2026-02-18 12:10:09,dine_in,,credit_card,completed
1007049,6,,2026-02-18 12:10:42,dine_in,,credit_card,completed
1007050,19,,2026-02-18 12:16:15,drive_thru,,credit_card,completed
1007051,7,2035,2026-02-18 12:17:02,dine_in,,apple_pay,completed
1007052,11,2236,2026-02-18 12:19:03,delivery,,credit_card,completed
1007053,19,,2026-02-18 12:20:22,drive_thru,,credit_card,refunded
1007054,12,,2026-02-18 12:22:17,dine_in,,debit_card,completed
1007055,17,,2026-02-18 12:24:00,delivery,,credit_card,completed
1007056,7,955,2026-02-18 12:27:57,takeout,,apple_pay,completed
1007057,11,308,2026-02-18 12:30:36,takeout,,debit_card,completed
1007058,13,1481,2026-02-18 12:32:22,dine_in,,apple_pay,completed
1007059,13,,2026-02-18 12:33:21,dine_in,,debit_card,completed
1007060,12,757,2026-02-18 12:37:00,takeout,,cash,completed
1007061,15,181,2026-02-18 12:38:27,takeout,,cash,completed
1007062,13,2432,2026-02-18 12:38:36,dine_in,,credit_card,completed
1007063,13,,2026-02-18 12:40:56,takeout,,apple_pay,completed
1007064,4,31,2026-02-18 12:41:52,drive_thru,,cash,completed
1007065,5,,2026-02-18 12:43:10,drive_thru,,cash,completed
1007066,7,2013,2026-02-18 12:44:46,dine_in,,apple_pay,cancelled
1007067,19,1394,2026-02-18 12:46:51,delivery,,credit_card,completed
1007068,10,2395,2026-02-18 12:50:35,dine_in,,credit_card,completed
1007069,10,1810,2026-02-18 12:50:39,delivery,,credit_card,completed
1007070,13,,2026-02-18 12:58:28,takeout,,debit_card,completed
1007071,13,566,2026-02-18 13:03:44,dine_in,,debit_card,completed
1007072,15,,2026-02-18 13:05:39,delivery,,apple_pay,completed
1007073,14,,2026-02-18 13:05:58,drive_thru,,cash,completed
1007074,3,1255,2026-02-18 13:06:25,dine_in,,debit_card,completed
1007075,16,919,2026-02-18 13:06:48,dine_in,,credit_card,completed
1007076,1,2110,2026-02-18 13:07:44,dine_in,,credit_card,completed
1007077,19,,2026-02-18 13:09:25,,,apple_pay,completed
1007078,10,,2026-02-18 13:14:10,takeout,,debit_card,completed
1007079,19,,2026-02-18 13:14:36,drive_thru,,credit_card,completed
1007080,14,,2026-02-18 13:16:57,takeout,,apple_pay,completed
1007081,2,835,2026-02-18 13:19:19,takeout,,credit_card,completed
1007082,2,,2026-02-18 13:20:14,dine_in,,apple_pay,completed
1007083,13,1726,2026-02-18 13:32:09,takeout,,credit_card,completed
1007084,3,,2026-02-18 13:34:45,dine_in,,debit_card,completed
1007085,14,,2026-02-18 14:02:54,dine_in,,credit_card,completed
1007086,7,1082,2026-02-18 14:19:00,dine_in,,apple_pay,completed
1007087,13,347,2026-02-18 17:01:18,takeout,,credit_card,completed
1007088,7,,2026-02-18 17:19:58,takeout,,debit_card,completed
1007089,11,,2026-02-18 17:35:06,takeout,,apple_pay,completed
1007090,3,2015,2026-02-18 17:36:45,delivery,,credit_card,completed
1007091,4,1644,2026-02-18 17:40:38,delivery,,credit_card,completed
1007092,6,75,2026-02-18 17:43:50,dine_in,,cash,completed
1007093,15,,2026-02-18 17:51:08,takeout,,credit_card,cancelled
1007094,9,1338,2026-02-18 17:56:49,drive_thru,,credit_card,completed
1007095,9,,2026-02-18 18:00:12,drive_thru,,cash,completed
1007096,15,,2026-02-18 18:09:51,dine_in,,credit_card,completed
1007097,8,2008,2026-02-18 18:10:23,takeout,,credit_card,completed
1007098,1,,2026-02-18 18:15:11,dine_in,,credit_card,completed
1007099,11,1239,2026-02-18 18:15:43,drive_thru,,debit_card,completed
1007100,11,812,2026-02-18 18:18:01,dine_in,,debit_card,completed
1007101,4,185,2026-02-18 18:19:27,drive_thru,,credit_card,completed
1007102,4,1295,2026-02-18 18:24:10,dine_in,,gift_card,completed
1007103,11,,2026-02-18 18:26:28,delivery,,credit_card,completed
1007104,3,2246,2026-02-18 18:33:02,delivery,,credit_card,completed
1007105,11,2499,2026-02-18 18:33:44,drive_thru,,credit_card,completed
1007106,14,,2026-02-18 18:33:45,takeout,,credit_card,completed
1007107,1,,2026-02-18 18:34:33,takeout,,credit_card,completed
1007108,8,1710,2026-02-18 18:35:48,dine_in,,credit_card,completed
1007109,15,,2026-02-18 18:39:09,delivery,,debit_card,completed
1007110,17,1079,2026-02-18 18:41:43,dine_in,,debit_card,completed
1007111,19,1209,2026-02-18 18:42:33,takeout,,apple_pay,completed
1007112,3,1988,2026-02-18 18:44:00,dine_in,,cash,completed
1007113,5,1794,2026-02-18 18:52:09,delivery,,debit_card,completed
1007114,7,2108,2026-02-18 18:55:58,dine_in,,credit_card,completed
1007115,13,1953,2026-02-18 18:57:00,delivery,,apple_pay,completed
1007116,13,,2026-02-18 18:57:10,takeout,,debit_card,completed
1007117,4,1219,2026-02-18 18:59:05,dine_in,,gift_card,completed
1007118,2,1547,2026-02-18 19:00:18,dine_in,,gift_card,cancelled
1007119,3,,2026-02-18 19:00:39,delivery,,credit_card,completed
1007120,17,1963,2026-02-18 19:03:43,takeout,,debit_card,completed
1007121,6,1153,2026-02-18 19:04:24,dine_in,,credit_card,completed
1007122,19,2017,2026-02-18 19:05:27,drive_thru,,apple_pay,completed
1007123,15,,2026-02-18 19:05:35,delivery,,gift_card,completed
1007124,7,727,2026-02-18 19:07:41,dine_in,,apple_pay,completed
1007125,3,1988,2026-02-18 19:07:55,takeout,,gift_card,completed
1007126,12,1800,2026-02-18 19:09:12,dine_in,,debit_card,completed
1007127,14,1214,2026-02-18 19:11:12,drive_thru,,credit_card,completed
1007128,13,1539,02/18/2026 19:13,takeout,,debit_card,completed
1007129,5,,2026-02-18 19:13:37,drive_thru,,debit_card,completed
1007130,8,230,2026-02-18 19:14:34,takeout,,apple_pay,completed
1007131,6,,2026-02-18 19:17:54,drive_thru,,apple_pay,completed
1007132,3,2401,2026-02-18 19:18:07,delivery,,credit_card,refunded
1007133,19,,2026-02-18 19:18:42,dine_in,,apple_pay,completed
1007134,6,2179,2026-02-18 19:19:49,dine_in,,debit_card,completed
1007135,4,1743,2026-02-18 19:20:40,drive_thru,,cash,completed
1007136,5,736,2026-02-18 19:21:25,drive_thru,,apple_pay,completed
1007137,3,2171,2026-02-18 19:25:36,dine_in,,credit_card,completed
1007138,3,2356,2026-02-18 19:32:05,dine_in,,apple_pay,completed
1007139,4,758,2026-02-18 19:35:48,dine_in,,cash,refunded
1007140,17,1469,2026-02-18 19:38:44,dine_in,,credit_card,completed
1007141,17,,2026-02-18 19:44:04,dine_in,,credit_card,completed
1007142,14,,2026-02-18 19:46:43,takeout,,debit_card,completed
1007143,3,175,2026-02-18 19:47:57,dine_in,,cash,cancelled
1007144,1,156,2026-02-18 19:48:21,takeout,,credit_card,completed
1007145,18,1689,2026-02-18 19:54:02,dine_in,,credit_card,completed
1007146,6,,2026-02-18 19:55:01,delivery,,credit_card,completed
1007147,14,989,2026-02-18 19:55:35,drive_thru,,cash,completed
1007148,4,1217,2026-02-18 20:07:04,drive_thru,,apple_pay,completed
1007149,1,613,2026-02-18 20:21:16,dine_in,,credit_card,completed
1007150,18,1739,2026-02-18 20:44:01,takeout,,cash,completed
1007151,11,1697,2026-02-18 20:44:30,takeout,,apple_pay,completed
1007152,8,107,2026-02-18 21:06:52,dine_in,,cash,completed
1007153,6,1073,2026-02-18 21:07:45,dine_in,,credit_card,completed
1007154,8,460,2026-02-18 21:22:22,dine_in,,cash,completed
1007155,11,,2026-02-18 21:23:03,drive_thru,,credit_card,completed
1007156,6,,2026-02-19 10:31:50,delivery,,apple_pay,completed
1007157,11,,2026-02-19 10:54:28,dine_in,,debit_card,completed
1007158,6,2117,2026-02-19 10:57:04,delivery,,credit_card,completed
1007159,16,936,2026-02-19 11:19:26,dine_in,,credit_card,completed
1007160,13,544,2026-02-19 11:27:10,delivery,,credit_card,completed
1007161,3,220,2026-02-19 11:30:16,dine_in,,credit_card,completed
1007162,9,,2026-02-19 11:31:59,takeout,,gift_card,completed
1007163,4,1644,2026-02-19 11:32:02,delivery,,credit_card,completed
1007164,2,,2026-02-19 11:35:40,dine_in,,credit_card,completed
1007165,6,88,02/19/2026 11:37,dine_in,,apple_pay,completed
1007166,19,300,2026-02-19 11:49:18,drive_thru,,credit_card,completed
1007167,14,1505,2026-02-19 11:51:21,takeout,,credit_card,completed
1007168,19,947,2026-02-19 11:59:16,takeout,,credit_card,completed
1007169,5,751,2026-02-19 12:05:42,takeout,,credit_card,refunded
1007170,7,,2026-02-19 12:12:27,takeout,,credit_card,completed
1007171,19,,2026-02-19 12:12:54,dine_in,,credit_card,completed
1007172,16,,2026-02-19 12:14:33,dine_in,,cash,completed
1007173,17,1431,2026-02-19 12:15:16,dine_in,,apple_pay,completed
1007174,7,776,2026-02-19 12:16:57,takeout,,debit_card,cancelled
1007175,15,,2026-02-19 12:17:59,dine_in,,apple_pay,completed
1007176,1,,2026-02-19 12:18:00,dine_in,,debit_card,completed
1007177,2,1382,2026-02-19 12:18:02,dine_in,,debit_card,completed
1007178,4,2378,2026-02-19 12:19:57,dine_in,,cash,completed
1007179,13,1272,2026-02-19 12:21:22,delivery,,apple_pay,completed
1007180,2,1806,2026-02-19 12:24:45,takeout,,apple_pay,completed
1007181,12,,2026-02-19 12:25:53,delivery,,apple_pay,completed
1007182,12,1822,2026-02-19 12:28:29,dine_in,,credit_card,completed
1007183,11,959,2026-02-19 12:29:04,dine_in,,credit_card,completed
1007184,7,1858,2026-02-19 12:31:27,dine_in,,credit_card,completed
1007185,15,,2026-02-19 12:32:46,delivery,,debit_card,completed
1007186,14,1514,2026-02-19 12:32:49,takeout,,apple_pay,completed
1007187,16,,2026-02-19 12:38:36,delivery,,credit_card,completed
1007188,1,93,2026-02-19 12:38:37,delivery,,apple_pay,completed
1007189,18,,2026-02-19 12:44:35,dine_in,,credit_card,completed
1007190,14,1214,2026-02-19 12:45:09,drive_thru,,cash,completed
1007191,13,,02/19/2026 12:49,dine_in,,debit_card,completed
1007192,6,2179,2026-02-19 12:50:25,drive_thru,,credit_card,completed
1007193,12,1822,2026-02-19 12:51:35,takeout,,apple_pay,completed
1007194,6,1033,2026-02-19 12:55:54,delivery,,gift_card,completed
1007195,11,,2026-02-19 12:57:00,delivery,,credit_card,completed
1007196,6,,2026-02-19 12:57:33,delivery,,credit_card,cancelled
1007197,12,214,2026-02-19 12:59:49,takeout,,apple_pay,completed
1007198,10,2310,2026-02-19 13:00:02,dine_in,,cash,completed
1007199,12,,2026-02-19 13:00:48,dine_in,,cash,completed
1007200,8,2006,2026-02-19 13:02:03,takeout,,cash,completed
1007201,14,255,2026-02-19 13:03:06,delivery,,debit_card,completed
1007202,10,,2026-02-19 13:05:31,takeout,,credit_card,completed
1007203,4,1385,2026-02-19 13:16:11,delivery,,gift_card,completed
1007204,16,33,2026-02-19 13:21:22,dine_in,,credit_card,completed
1007205,17,,2026-02-19 13:28:13,takeout,,debit_card,completed
1007206,11,591,2026-02-19 13:28:22,drive_thru,,credit_card,completed
1007207,4,696,02/19/2026 13:29,dine_in,,credit_card,completed
1007208,12,956,2026-02-19 13:39:31,dine_in,,credit_card,completed
1007209,13,58,2026-02-19 13:42:24,takeout,,credit_card,completed
1007210,6,,2026-02-19 13:49:18,dine_in,,debit_card,completed
1007211,4,,2026-02-19 14:24:25,drive_thru,,credit_card,completed
1007212,12,,2026-02-19 14:38:13,takeout,,debit_card,completed
1007213,2,1622,2026-02-19 16:14:36,dine_in,,apple_pay,completed
1007214,2,,2026-02-19 16:19:21,dine_in,,debit_card,completed
1007215,1,,2026-02-19 16:21:49,delivery,,debit_card,completed
1007216,14,,2026-02-19 16:38:26,dine_in,,credit_card,completed
1007217,17,,2026-02-19 16:43:59,delivery,,apple_pay,completed
1007218,4,516,02/19/2026 16:52,drive_thru,,debit_card,completed
1007219,6,310,2026-02-19 17:26:02,delivery,,debit_card,completed
1007220,6,1851,2026-02-19 17:36:49,delivery,,apple_pay,completed
1007221,10,1129,2026-02-19 17:50:56,dine_in,,cash,completed
1007222,13,1755,2026-02-19 17:52:47,dine_in,,credit_card,completed
1007223,19,150,2026-02-19 17:59:06,takeout,,cash,completed
1007224,10,,2026-02-19 18:09:39,dine_in,,debit_card,completed
1007225,4,2179,2026-02-19 18:12:41,delivery,,credit_card,completed
1007226,3,1145,2026-02-19 18:14:18,dine_in,,debit_card,completed
1007227,15,837,2026-02-19 18:14:33,drive_thru,,credit_card,completed
1007228,4,,2026-02-19 18:17:07,delivery,,credit_card,completed
1007229,18,1733,2026-02-19 18:19:11,drive_thru,,debit_card,completed
1007230,11,1887,2026-02-19 18:20:49,delivery,,credit_card,completed
1007231,10,,2026-02-19 18:26:10,dine_in,,credit_card,completed
1007232,3,1235,2026-02-19 18:30:26,dine_in,,credit_card,completed
1007233,1,,2026-02-19 18:33:30,delivery,,credit_card,completed
1007234,16,1485,2026-02-19 18:35:45,delivery,,apple_pay,completed
1007235,11,,2026-02-19 18:36:50,dine_in,,credit_card,completed
1007236,9,,2026-02-19 18:38:37,takeout,,cash,completed
1007237,6,1997,2026-02-19 18:39:46,drive_thru,,credit_card,completed
1007238,9,664,2026-02-19 18:48:37,drive_thru,,debit_card,completed
1007239,15,2282,2026-02-19 18:49:26,dine_in,,credit_card,completed
1007240,19,,2026-02-19 18:55:18,drive_thru,,credit_card,completed
1007241,10,540,2026-02-19 18:55:21,drive_thru,,cash,refunded
1007242,13,288,02/19/2026 18:56,takeout,,apple_pay,completed
1007243,18,694,2026-02-19 18:56:41,takeout,,credit_card,completed
1007244,7,2352,2026-02-19 19:01:38,takeout,,debit_card,completed
1007245,3,,2026-02-19 19:03:56,dine_in,,credit_card,completed
1007246,14,584,2026-02-19 19:06:08,drive_thru,,credit_card,completed
1007247,12,1912,2026-02-19 19:06:16,takeout,,credit_card,completed
1007248,18,,2026-02-19 19:10:15,dine_in,,credit_card,completed
1007249,3,248,2026-02-19 19:12:07,takeout,,debit_card,completed
1007250,19,1147,2026-02-19 19:13:01,delivery,,apple_pay,cancelled
1007251,2,2304,2026-02-19 19:13:22,delivery,,debit_card,refunded
1007252,11,1397,2026-02-19 19:13:29,dine_in,,credit_card,completed
1007253,6,,2026-02-19 19:14:07,drive_thru,,cash,completed
1007254,15,440,2026-02-19 19:18:03,takeout,,debit_card,completed
1007255,5,207,2026-02-19 19:21:01,drive_thru,,credit_card,completed
1007256,16,693,2026-02-19 19:22:30,dine_in,,gift_card,completed
1007257,10,2395,2026-02-19 19:25:56,dine_in,,cash,completed
1007258,7,,2026-02-19 19:25:57,dine_in,,cash,completed
1007259,5,1673,2026-02-19 19:26:52,delivery,,credit_card,completed
1007260,4,436,2026-02-19 19:27:19,drive_thru,,cash,completed
1007261,19,2024,2026-02-19 19:29:04,drive_thru,,credit_card,completed
1007262,19,2382,2026-02-19 19:29:53,delivery,,credit_card,completed
1007263,3,965,2026-02-19 19:32:55,delivery,,credit_card,completed
1007264,11,550,2026-02-19 19:43:46,dine_in,,gift_card,completed
1007265,14,1390,2026-02-19 19:47:50,takeout,,cash,completed
1007266,12,2135,2026-02-19 19:52:16,takeout,,apple_pay,completed
1007267,13,,2026-02-19 19:58:28,dine_in,,credit_card,completed
1007268,7,,2026-02-19 20:15:38,takeout,,gift_card,completed
1007269,15,2020,2026-02-19 20:32:26,takeout,,gift_card,completed
1007270,5,519,2026-02-19 20:34:09,drive_thru,,apple_pay,completed
1007271,12,2094,2026-02-19 20:37:48,dine_in,,credit_card,completed
1007272,2,,2026-02-19 20:39:20,dine_in,,credit_card,completed
1007273,12,1703,2026-02-19 20:43:22,delivery,,debit_card,completed
1007274,15,,2026-02-19 20:56:58,dine_in,,credit_card,completed
1007275,17,,2026-02-19 21:13:37,takeout,,cash,completed
1007276,6,2439,2026-02-19 21:18:58,takeout,,apple_pay,completed
1007277,17,612,2026-02-19 21:28:10,delivery,,credit_card,completed
1007278,2,109,2026-02-19 21:28:26,takeout,,credit_card,completed
1007279,17,1259,2026-02-19 21:47:32,dine_in,,credit_card,completed
1007280,16,2336,2026-02-20 10:51:10,dine_in,,credit_card,completed
1007281,7,568,2026-02-20 10:55:43,delivery,,credit_card,completed
1007282,17,2072,2026-02-20 11:23:58,takeout,,debit_card,completed
1007283,7,495,02/20/2026 11:24,takeout,,cash,completed
1007284,7,,2026-02-20 11:29:55,dine_in,,cash,completed
1007285,11,128,2026-02-20 11:32:12,delivery,,credit_card,completed
1007286,3,898,2026-02-20 11:32:24,dine_in,,apple_pay,completed
1007287,3,599,2026-02-20 11:33:34,delivery,,apple_pay,completed
1007288,17,117,2026-02-20 11:34:01,dine_in,,cash,completed
1007289,18,,2026-02-20 11:34:30,dine_in,,credit_card,completed
1007290,17,,2026-02-20 11:39:30,takeout,,apple_pay,completed
1007291,17,242,02/20/2026 11:40,dine_in,,credit_card,completed
1007292,5,,2026-02-20 11:48:44,dine_in,,apple_pay,completed
1007293,15,,2026-02-20 11:48:52,takeout,,credit_card,completed
1007294,7,1729,2026-02-20 11:50:27,takeout,,credit_card,completed
1007295,3,1944,2026-02-20 11:51:44,dine_in,,cash,completed
1007296,18,1399,2026-02-20 11:53:24,,,cash,completed
1007297,14,,2026-02-20 11:54:56,dine_in,,credit_card,completed
1007298,18,876,2026-02-20 11:55:28,drive_thru,,debit_card,completed
1007299,7,1767,2026-02-20 11:57:43,dine_in,,credit_card,completed
1007300,6,28,2026-02-20 11:57:44,drive_thru,,cash,completed
1007301,12,1565,2026-02-20 11:58:49,dine_in,,debit_card,completed
1007302,4,2308,2026-02-20 11:58:50,takeout,,apple_pay,completed
1007303,1,1640,2026-02-20 12:00:52,takeout,,gift_card,completed
1007304,11,2476,2026-02-20 12:01:48,drive_thru,,cash,completed
1007305,9,,2026-02-20 12:02:09,takeout,,credit_card,completed
1007306,2,2494,2026-02-20 12:06:40,dine_in,,debit_card,completed
1007307,15,11,2026-02-20 12:11:44,delivery,,credit_card,completed
1007308,15,1592,2026-02-20 12:14:28,drive_thru,,apple_pay,completed
1007309,6,2117,2026-02-20 12:17:52,takeout,,credit_card,cancelled
1007310,8,266,2026-02-20 12:18:40,delivery,,credit_card,completed
1007311,7,,2026-02-20 12:19:17,delivery,,credit_card,completed
1007312,3,,2026-02-20 12:19:19,dine_in,,debit_card,completed
1007313,8,200,2026-02-20 12:19:38,dine_in,,debit_card,completed
1007314,2,1216,2026-02-20 12:20:56,takeout,,credit_card,completed
1007315,4,,2026-02-20 12:21:06,drive_thru,,apple_pay,completed
1007316,7,636,2026-02-20 12:21:33,delivery,,credit_card,completed
1007317,2,2443,2026-02-20 12:22:08,dine_in,,credit_card,completed
1007318,7,,2026-02-20 12:23:21,dine_in,,debit_card,completed
1007319,4,,2026-02-20 12:24:03,drive_thru,,apple_pay,completed
1007320,11,476,2026-02-20 12:24:20,dine_in,,credit_card,completed
1007321,16,610,2026-02-20 12:26:10,delivery,,credit_card,completed
1007322,3,1884,2026-02-20 12:26:21,dine_in,,apple_pay,completed
1007323,12,334,2026-02-20 12:27:35,delivery,,apple_pay,completed
1007324,12,,2026-02-20 12:27:51,dine_in,,credit_card,completed
1007325,9,1010,2026-02-20 12:28:04,takeout,,cash,completed
1007326,6,746,2026-02-20 12:28:26,drive_thru,,credit_card,completed
1007327,11,900,2026-02-20 12:29:27,drive_thru,,credit_card,completed
1007328,14,,2026-02-20 12:29:34,drive_thru,,cash,completed
1007329,3,,2026-02-20 12:30:07,dine_in,,credit_card,completed
1007330,2,2322,2026-02-20 12:31:41,delivery,,debit_card,completed
1007331,4,,2026-02-20 12:31:41,dine_in,,credit_card,completed
1007332,19,1266,2026-02-20 12:31:55,drive_thru,,apple_pay,completed
1007333,5,2494,2026-02-20 12:33:18,drive_thru,,credit_card,completed
1007334,14,1774,2026-02-20 12:33:38,drive_thru,,apple_pay,completed
1007335,9,1070,2026-02-20 12:33:41,takeout,,gift_card,completed
1007336,16,2434,02/20/2026 12:33,delivery,,credit_card,completed
1007337,1,978,02/20/2026 12:34,delivery,,apple_pay,completed
1007338,11,,2026-02-20 12:34:48,takeout,,credit_card,completed
1007339,4,1960,2026-02-20 12:34:49,drive_thru,,credit_card,completed
1007340,6,,2026-02-20 12:35:18,dine_in,,apple_pay,completed
1007341,7,107,2026-02-20 12:35:27,delivery,,debit_card,completed
1007342,4,1384,2026-02-20 12:35:47,dine_in,,credit_card,completed
1007343,8,1404,2026-02-20 12:37:36,dine_in,,credit_card,completed
1007344,13,,02/20/2026 12:37,dine_in,,credit_card,completed
1007345,4,2104,2026-02-20 12:39:19,dine_in,,credit_card,completed
1007346,17,1433,2026-02-20 12:42:55,dine_in,,apple_pay,completed
1007347,13,1016,2026-02-20 12:44:21,dine_in,,debit_card,cancelled
1007348,4,2269,2026-02-20 12:44:30,dine_in,,debit_card,completed
1007349,14,,2026-02-20 12:48:06,drive_thru,,credit_card,refunded
1007350,3,644,2026-02-20 12:48:13,dine_in,,credit_card,completed
1007351,12,2426,2026-02-20 12:49:23,delivery,,debit_card,completed
1007352,1,1882,2026-02-20 12:49:49,dine_in,,gift_card,completed
1007353,17,1393,2026-02-20 12:50:15,delivery,,apple_pay,completed
1007354,12,,2026-02-20 12:51:41,dine_in,,debit_card,completed
1007355,7,776,2026-02-20 12:53:11,delivery,,credit_card,completed
1007356,9,,2026-02-20 12:56:04,drive_thru,,gift_card,completed
1007357,14,351,2026-02-20 12:58:30,delivery,,credit_card,completed
1007358,18,,2026-02-20 12:59:32,drive_thru,,apple_pay,cancelled
1007359,11,940,2026-02-20 13:02:49,drive_thru,,credit_card,completed
1007360,19,1958,2026-02-20 13:03:29,dine_in,,credit_card,completed
1007361,8,,2026-02-20 13:03:34,takeout,,debit_card,completed
1007362,6,354,2026-02-20 13:04:46,drive_thru,,credit_card,completed
1007363,4,1317,2026-02-20 13:05:47,takeout,,cash,completed
1007364,5,,2026-02-20 13:06:07,drive_thru,,gift_card,completed
1007365,4,2304,2026-02-20 13:06:27,dine_in,,credit_card,completed
1007366,14,2069,2026-02-20 13:10:51,delivery,,apple_pay,completed
1007367,15,,2026-02-20 13:13:58,dine_in,,debit_card,completed
1007368,19,80,2026-02-20 13:16:37,drive_thru,,credit_card,completed
1007369,2,,2026-02-20 13:26:15,takeout,,credit_card,completed
1007370,6,,2026-02-20 13:26:35,dine_in,,apple_pay,completed
1007371,1,2110,2026-02-20 13:32:29,dine_in,,debit_card,completed
1007372,7,1904,2026-02-20 14:24:44,delivery,,apple_pay,completed
1007373,10,,2026-02-20 14:49:00,dine_in,,credit_card,completed
1007374,18,1503,2026-02-20 14:53:33,dine_in,,debit_card,completed
1007375,14,,2026-02-20 14:57:41,dine_in,,debit_card,refunded
1007376,19,,2026-02-20 15:17:36,dine_in,,debit_card,completed
1007377,8,2466,2026-02-20 15:18:10,delivery,,credit_card,completed
1007378,10,1222,2026-02-20 15:18:25,delivery,,credit_card,completed
1007379,18,2384,2026-02-20 15:39:43,dine_in,,credit_card,completed
1007380,1,1081,2026-02-20 15:40:03,delivery,,gift_card,completed
1007381,10,884,2026-02-20 15:48:01,dine_in,,apple_pay,completed
1007382,19,1869,2026-02-20 16:01:12,dine_in,,credit_card,refunded
1007383,17,,2026-02-20 16:04:05,dine_in,,cash,completed
1007384,4,703,2026-02-20 16:35:03,takeout,,debit_card,completed
1007385,2,2104,2026-02-20 16:49:11,delivery,,credit_card,completed
1007386,10,2043,2026-02-20 16:49:23,delivery,,credit_card,completed
1007387,10,2078,2026-02-20 17:00:48,delivery,,credit_card,completed
1007388,16,1584,2026-02-20 17:08:25,takeout,,credit_card,completed
1007389,6,1043,2026-02-20 17:37:45,dine_in,,debit_card,completed
1007390,2,721,2026-02-20 17:41:35,dine_in,,cash,completed
1007391,11,,2026-02-20 17:43:48,takeout,,cash,completed
1007392,1,968,2026-02-20 17:47:06,delivery,,apple_pay,completed
1007393,14,2406,2026-02-20 17:48:31,drive_thru,,credit_card,completed
1007394,5,1591,2026-02-20 17:49:31,dine_in,,credit_card,completed
1007395,15,,2026-02-20 17:50:38,delivery,,credit_card,completed
1007396,19,1411,2026-02-20 17:51:46,takeout,,credit_card,completed
1007397,14,842,2026-02-20 17:57:56,takeout,,gift_card,completed
1007398,3,,2026-02-20 18:01:03,dine_in,,cash,completed
1007399,19,,2026-02-20 18:01:46,dine_in,,debit_card,completed
1007400,8,720,2026-02-20 18:04:19,delivery,,apple_pay,completed
1007401,5,2397,2026-02-20 18:08:00,delivery,,credit_card,completed
1007402,11,686,2026-02-20 18:13:10,dine_in,,gift_card,completed
1007403,8,2337,2026-02-20 18:18:38,dine_in,,debit_card,completed
1007404,15,2112,2026-02-20 18:19:19,dine_in,,cash,completed
1007405,17,552,2026-02-20 18:21:20,delivery,,credit_card,refunded
1007406,8,986,2026-02-20 18:22:39,takeout,,debit_card,completed
1007407,10,,2026-02-20 18:23:46,drive_thru,,credit_card,completed
1007408,18,1132,2026-02-20 18:24:18,drive_thru,,cash,completed
1007409,18,350,2026-02-20 18:24:31,,,credit_card,completed
1007410,12,1912,2026-02-20 18:25:44,dine_in,,apple_pay,completed
1007411,6,711,2026-02-20 18:26:03,dine_in,,credit_card,completed
1007412,15,,2026-02-20 18:26:23,dine_in,,credit_card,completed
1007413,14,,2026-02-20 18:28:26,delivery,,debit_card,completed
1007414,10,2284,2026-02-20 18:31:04,dine_in,,apple_pay,completed
1007415,12,,2026-02-20 18:32:30,takeout,,debit_card,completed
1007416,5,1522,2026-02-20 18:34:14,takeout,,debit_card,completed
1007417,15,1028,2026-02-20 18:37:43,drive_thru,,credit_card,completed
1007418,19,987,2026-02-20 18:40:22,delivery,,credit_card,completed
1007419,17,1236,2026-02-20 18:41:35,dine_in,,apple_pay,completed
1007420,8,1526,2026-02-20 18:42:47,dine_in,,credit_card,completed
1007421,9,1802,02/20/2026 18:43,takeout,,apple_pay,completed
1007422,8,913,2026-02-20 18:45:17,dine_in,,cash,completed
1007423,10,2338,2026-02-20 18:46:54,delivery,,credit_card,completed
1007424,4,1211,2026-02-20 18:47:52,delivery,,gift_card,completed
1007425,2,1113,2026-02-20 18:48:41,takeout,,cash,completed
1007426,18,1130,2026-02-20 18:49:04,takeout,,credit_card,completed
1007427,7,986,2026-02-20 18:50:17,dine_in,,apple_pay,completed
1007428,4,2269,2026-02-20 18:54:09,drive_thru,,debit_card,completed
1007429,4,1211,2026-02-20 18:56:08,drive_thru,,credit_card,completed
1007430,7,,2026-02-20 18:57:07,dine_in,,credit_card,completed
1007431,7,1866,2026-02-20 18:59:00,delivery,,credit_card,completed
1007432,12,2094,2026-02-20 19:00:40,takeout,,credit_card,completed
1007433,13,2431,2026-02-20 19:05:59,dine_in,,cash,completed
1007434,6,1878,2026-02-20 19:06:11,dine_in,,apple_pay,completed
1007435,18,327,2026-02-20 19:07:28,delivery,,debit_card,completed
1007436,8,466,2026-02-20 19:08:36,dine_in,,credit_card,completed
1007437,3,,2026-02-20 19:10:41,takeout,,credit_card,completed
1007438,12,,02/20/2026 19:12,dine_in,,gift_card,completed
1007439,15,972,2026-02-20 19:12:31,drive_thru,,gift_card,completed
1007440,18,,2026-02-20 19:12:51,,,debit_card,completed
1007441,12,1542,2026-02-20 19:20:41,delivery,,apple_pay,completed
1007442,3,,2026-02-20 19:21:53,dine_in,,debit_card,completed
1007443,3,2103,2026-02-20 19:24:07,delivery,,debit_card,completed
1007444,2,1096,2026-02-20 19:24:20,dine_in,,cash,completed
1007445,19,1573,2026-02-20 19:27:18,drive_thru,,cash,completed
1007446,3,,2026-02-20 19:27:37,dine_in,,gift_card,completed
1007447,14,,2026-02-20 19:28:31,dine_in,,cash,completed
1007448,1,1201,2026-02-20 19:29:42,dine_in,,debit_card,completed
1007449,7,2389,2026-02-20 19:32:13,takeout,,debit_card,completed
1007450,13,473,2026-02-20 19:33:34,dine_in,,apple_pay,completed
1007451,9,1338,2026-02-20 19:33:55,drive_thru,,credit_card,completed
1007452,8,2008,2026-02-20 19:34:37,dine_in,,credit_card,completed
1007453,15,1771,2026-02-20 19:36:50,drive_thru,,cash,completed
1007454,3,2401,2026-02-20 19:37:58,dine_in,,credit_card,completed
1007455,18,,2026-02-20 19:44:19,dine_in,,debit_card,completed
1007456,15,2081,2026-02-20 19:46:16,takeout,,gift_card,refunded
1007457,5,,2026-02-20 19:50:52,drive_thru,,apple_pay,completed
1007458,11,,2026-02-20 19:53:46,delivery,,debit_card,completed
1007459,10,2115,2026-02-20 19:56:19,takeout,,cash,completed
1007460,8,359,2026-02-20 19:56:51,dine_in,,gift_card,completed
1007461,3,,2026-02-20 20:07:30,dine_in,,credit_card,cancelled
1007462,8,,2026-02-20 20:12:08,takeout,,credit_card,completed
1007463,18,1739,2026-02-20 20:12:52,dine_in,,cash,cancelled
1007464,9,,2026-02-20 20:16:17,takeout,,debit_card,completed
1007465,11,2068,2026-02-20 20:17:32,drive_thru,,apple_pay,completed
1007466,17,1558,2026-02-20 20:33:26,dine_in,,credit_card,completed
1007467,6,2059,2026-02-20 20:37:23,takeout,,credit_card,completed
1007468,7,931,2026-02-20 20:40:46,dine_in,,cash,completed
1007469,8,2472,2026-02-20 21:02:32,dine_in,,credit_card,completed
1007470,12,,2026-02-20 21:42:09,takeout,,credit_card,completed
1007471,1,,2026-02-21 10:30:24,dine_in,,debit_card,completed
1007472,13,473,2026-02-21 10:49:24,delivery,,gift_card,completed
1007473,15,,2026-02-21 11:09:44,delivery,,credit_card,completed
1007474,9,,2026-02-21 11:14:10,drive_thru,,debit_card,completed
1007475,13,288,2026-02-21 11:18:35,dine_in,,credit_card,completed
1007476,12,909,2026-02-21 11:23:10,dine_in,,cash,completed
1007477,8,1194,2026-02-21 11:25:24,delivery,,credit_card,completed
1007478,19,917,2026-02-21 11:31:39,dine_in,,credit_card,completed
1007479,19,843,2026-02-21 11:33:09,delivery,,debit_card,completed
1007480,12,,2026-02-21 11:34:54,dine_in,,cash,completed
1007481,2,1351,2026-02-21 11:36:28,takeout,,apple_pay,completed
1007482,10,887,2026-02-21 11:49:49,delivery,,debit_card,refunded
1007483,4,,2026-02-21 11:52:22,takeout,,credit_card,completed
1007484,2,2269,2026-02-21 11:55:17,dine_in,,credit_card,completed
1007485,11,,2026-02-21 11:55:24,drive_thru,,credit_card,completed
1007486,17,1103,2026-02-21 11:55:50,takeout,,credit_card,refunded
1007487,10,1250,2026-02-21 11:56:35,drive_thru,,debit_card,completed
1007488,11,,2026-02-21 11:57:02,takeout,,gift_card,completed
1007489,10,,2026-02-21 11:57:31,drive_thru,,apple_pay,completed
1007490,4,,2026-02-21 11:58:37,delivery,,credit_card,completed
1007491,6,,2026-02-21 12:02:54,dine_in,,credit_card,completed
1007492,18,81,2026-02-21 12:04:06,takeout,,debit_card,completed
1007493,11,,2026-02-21 12:04:11,drive_thru,,apple_pay,completed
1007494,2,89,2026-02-21 12:04:47,delivery,,gift_card,completed
1007495,11,1337,2026-02-21 12:05:35,drive_thru,,credit_card,completed
1007496,13,,2026-02-21 12:06:30,takeout,,credit_card,completed
1007497,6,1511,2026-02-21 12:07:19,drive_thru,,apple_pay,completed
1007498,11,1050,2026-02-21 12:09:14,dine_in,,credit_card,completed
1007499,11,,2026-02-21 12:11:21,delivery,,credit_card,completed
1007500,6,,2026-02-21 12:12:48,drive_thru,,credit_card,completed
1007501,19,954,2026-02-21 12:13:09,drive_thru,,credit_card,completed
1007502,13,2131,2026-02-21 12:13:50,delivery,,debit_card,completed
1007503,19,830,2026-02-21 12:15:13,dine_in,,cash,completed
1007504,12,265,2026-02-21 12:16:39,takeout,,credit_card,completed
1007505,19,,2026-02-21 12:17:43,dine_in,,credit_card,completed
1007506,14,,2026-02-21 12:18:55,delivery,,credit_card,completed
1007507,1,2399,2026-02-21 12:20:10,takeout,,credit_card,completed
1007508,7,,2026-02-21 12:21:14,delivery,,apple_pay,completed
1007509,12,,2026-02-21 12:23:24,takeout,,debit_card,completed
1007510,4,,2026-02-21 12:23:35,drive_thru,,credit_card,completed
1007511,7,2450,2026-02-21 12:24:39,dine_in,,gift_card,completed
1007512,1,1570,2026-02-21 12:24:42,dine_in,,credit_card,completed
1007513,14,391,2026-02-21 12:26:34,dine_in,,apple_pay,completed
1007514,13,,2026-02-21 12:27:06,dine_in,,debit_card,completed
1007515,11,1135,2026-02-21 12:29:27,takeout,,apple_pay,cancelled
1007516,7,149,2026-02-21 12:29:35,delivery,,debit_card,refunded
1007517,4,1742,2026-02-21 12:31:23,drive_thru,,apple_pay,completed
1007518,8,,2026-02-21 12:31:47,dine_in,,debit_card,completed
1007519,9,2243,2026-02-21 12:36:24,drive_thru,,credit_card,completed
1007520,3,,2026-02-21 12:41:38,dine_in,,credit_card,completed
1007521,14,,2026-02-21 12:41:52,dine_in,,cash,completed
1007522,10,2310,2026-02-21 12:43:13,drive_thru,,debit_card,completed
1007523,8,,2026-02-21 12:43:17,dine_in,,cash,completed
1007524,3,829,2026-02-21 12:43:20,takeout,,credit_card,completed
1007525,7,,2026-02-21 12:44:14,dine_in,,debit_card,completed
1007526,9,,2026-02-21 12:44:38,delivery,,credit_card,completed
1007527,15,1066,2026-02-21 12:45:32,dine_in,,debit_card,completed
1007528,15,972,2026-02-21 12:45:51,delivery,,credit_card,completed
1007529,15,,2026-02-21 12:50:35,delivery,,credit_card,completed
1007530,4,865,2026-02-21 12:51:44,dine_in,,credit_card,completed
1007531,5,,2026-02-21 12:54:51,takeout,,debit_card,completed
1007532,19,414,2026-02-21 12:57:22,dine_in,,cash,completed
1007533,19,,2026-02-21 12:57:27,takeout,,cash,completed
1007534,6,1664,2026-02-21 13:01:40,drive_thru,,credit_card,completed
1007535,2,2399,2026-02-21 13:04:12,dine_in,,debit_card,completed
1007536,13,,2026-02-21 13:05:38,takeout,,gift_card,completed
1007537,4,434,2026-02-21 13:10:02,delivery,,apple_pay,completed
1007538,12,2309,2026-02-21 13:13:09,takeout,,debit_card,completed
1007539,4,,2026-02-21 13:16:51,takeout,,credit_card,completed
1007540,18,90,2026-02-21 13:17:45,takeout,,debit_card,completed
1007541,11,,2026-02-21 13:20:30,delivery,,apple_pay,completed
1007542,13,514,2026-02-21 13:20:53,dine_in,,debit_card,completed
1007543,3,2363,2026-02-21 13:25:28,takeout,,credit_card,completed
1007544,19,1244,02/21/2026 13:26,takeout,,credit_card,completed
1007545,11,,2026-02-21 13:30:58,drive_thru,,credit_card,completed
1007546,9,1082,2026-02-21 13:41:04,dine_in,,debit_card,completed
1007547,7,561,2026-02-21 13:45:02,takeout,,debit_card,completed
1007548,8,1018,2026-02-21 14:27:23,takeout,,cash,completed
1007549,15,,2026-02-21 15:11:03,dine_in,,credit_card,completed
1007550,7,,2026-02-21 15:21:53,dine_in,,credit_card,completed
1007551,5,264,2026-02-21 15:58:41,dine_in,,credit_card,completed
1007552,2,1806,2026-02-21 16:10:47,dine_in,,cash,completed
1007553,19,,2026-02-21 16:15:22,takeout,,credit_card,completed
1007554,14,1675,2026-02-21 16:45:06,dine_in,,cash,completed
1007555,19,,2026-02-21 16:46:50,takeout,,apple_pay,completed
1007556,6,201,2026-02-21 17:05:15,drive_thru,,credit_card,completed
1007557,3,,2026-02-21 17:08:39,dine_in,,apple_pay,completed
1007558,3,,2026-02-21 17:17:31,dine_in,,gift_card,completed
1007559,5,,2026-02-21 17:26:55,delivery,,credit_card,completed
1007560,7,955,2026-02-21 17:32:11,delivery,,gift_card,completed
1007561,6,1857,2026-02-21 17:42:48,drive_thru,,credit_card,completed
1007562,4,1164,2026-02-21 17:53:40,drive_thru,,credit_card,completed
1007563,17,2034,2026-02-21 17:55:38,dine_in,,apple_pay,completed
1007564,4,,2026-02-21 17:57:13,takeout,,gift_card,completed
1007565,8,1861,2026-02-21 17:58:12,dine_in,,credit_card,completed
1007566,11,62,2026-02-21 17:59:47,takeout,,credit_card,completed
1007567,8,867,2026-02-21 18:01:35,dine_in,,apple_pay,completed
1007568,2,981,2026-02-21 18:06:32,delivery,,credit_card,completed
1007569,2,,2026-02-21 18:07:42,takeout,,cash,completed
1007570,15,1593,2026-02-21 18:07:57,dine_in,,apple_pay,completed
1007571,3,9,2026-02-21 18:08:18,dine_in,,cash,completed
1007572,19,,2026-02-21 18:09:11,dine_in,,credit_card,completed
1007573,12,316,2026-02-21 18:10:40,dine_in,,cash,completed
1007574,12,458,2026-02-21 18:10:57,dine_in,,cash,completed
1007575,8,2373,2026-02-21 18:12:18,dine_in,,debit_card,completed
1007576,13,1341,2026-02-21 18:12:32,dine_in,,debit_card,completed
1007577,18,,2026-02-21 18:13:56,delivery,,apple_pay,completed
1007578,7,1182,2026-02-21 18:15:19,delivery,,credit_card,completed
1007579,6,,2026-02-21 18:17:29,delivery,,credit_card,completed
1007580,11,476,2026-02-21 18:18:32,drive_thru,,debit_card,completed
1007581,7,,2026-02-21 18:20:22,dine_in,,cash,completed
1007582,6,,2026-02-21 18:22:27,dine_in,,credit_card,completed
1007583,12,430,2026-02-21 18:25:44,takeout,,credit_card,completed
1007584,13,1264,2026-02-21 18:26:02,takeout,,credit_card,completed
1007585,17,523,2026-02-21 18:27:41,dine_in,,apple_pay,completed
1007586,19,1931,2026-02-21 18:31:28,takeout,,debit_card,completed
1007587,18,,2026-02-21 18:31:29,delivery,,credit_card,refunded
1007588,17,,2026-02-21 18:32:19,dine_in,,credit_card,completed
1007589,1,,2026-02-21 18:36:23,takeout,,apple_pay,completed
1007590,13,1912,2026-02-21 18:38:55,dine_in,,apple_pay,completed
1007591,12,2094,2026-02-21 18:40:13,dine_in,,credit_card,completed
1007592,4,31,2026-02-21 18:41:58,takeout,,cash,completed
1007593,5,,2026-02-21 18:42:40,dine_in,,gift_card,completed
1007594,3,1097,2026-02-21 18:44:07,takeout,,credit_card,completed
1007595,5,109,2026-02-21 18:44:12,dine_in,,apple_pay,completed
1007596,3,829,2026-02-21 18:45:46,delivery,,debit_card,completed
1007597,6,,2026-02-21 18:45:50,dine_in,,apple_pay,completed
1007598,6,921,2026-02-21 18:46:03,dine_in,,debit_card,completed
1007599,3,845,2026-02-21 18:46:44,delivery,,credit_card,refunded
1007600,14,1048,2026-02-21 18:46:44,takeout,,credit_card,completed
1007601,19,,2026-02-21 18:48:11,dine_in,,credit_card,completed
1007602,16,,2026-02-21 18:49:48,takeout,,credit_card,completed
1007603,5,1839,2026-02-21 18:50:58,takeout,,debit_card,completed
1007604,17,756,2026-02-21 18:52:52,dine_in,,debit_card,completed
1007605,6,1632,2026-02-21 18:54:59,delivery,,credit_card,completed
1007606,10,,2026-02-21 18:55:11,delivery,,credit_card,completed
1007607,6,,2026-02-21 18:55:32,,,cash,completed
1007608,6,,2026-02-21 18:57:51,takeout,,gift_card,completed
1007609,12,,2026-02-21 19:00:32,,,credit_card,completed
1007610,8,1526,2026-02-21 19:00:58,delivery,,credit_card,completed
1007611,19,,2026-02-21 19:01:59,dine_in,,credit_card,completed
1007612,8,,2026-02-21 19:02:36,dine_in,,debit_card,completed
1007613,12,,2026-02-21 19:02:40,takeout,,apple_pay,completed
1007614,13,1877,2026-02-21 19:04:28,takeout,,credit_card,completed
1007615,9,1302,2026-02-21 19:07:37,dine_in,,debit_card,completed
1007616,10,,2026-02-21 19:08:11,drive_thru,,debit_card,cancelled
1007617,15,1067,2026-02-21 19:08:30,dine_in,,debit_card,completed
1007618,11,,2026-02-21 19:10:02,dine_in,,apple_pay,completed
1007619,2,1604,2026-02-21 19:10:59,delivery,,apple_pay,completed
1007620,2,1547,2026-02-21 19:11:54,delivery,,credit_card,completed
1007621,1,1920,2026-02-21 19:14:36,takeout,,credit_card,completed
1007622,6,354,2026-02-21 19:16:03,dine_in,,credit_card,completed
1007623,15,2020,2026-02-21 19:17:46,dine_in,,cash,completed
1007624,7,149,2026-02-21 19:18:04,dine_in,,credit_card,completed
1007625,13,348,2026-02-21 19:20:37,delivery,,credit_card,completed
1007626,2,,2026-02-21 19:23:39,dine_in,,cash,completed
1007627,1,,2026-02-21 19:23:47,delivery,,credit_card,completed
1007628,4,,2026-02-21 19:32:48,dine_in,,credit_card,refunded
1007629,10,1013,2026-02-21 19:34:51,dine_in,,cash,completed
1007630,5,,2026-02-21 19:39:03,drive_thru,,apple_pay,completed
1007631,7,,2026-02-21 19:39:38,delivery,,credit_card,completed
1007632,3,321,2026-02-21 19:42:27,takeout,,cash,completed
1007633,14,1990,2026-02-21 19:43:49,drive_thru,,apple_pay,completed
1007634,12,862,2026-02-21 19:47:08,dine_in,,cash,completed
1007635,8,457,2026-02-21 19:48:27,takeout,,gift_card,completed
1007636,13,971,2026-02-21 19:49:54,dine_in,,cash,completed
1007637,9,42,2026-02-21 19:51:03,dine_in,,debit_card,completed
1007638,3,,2026-02-21 19:51:19,dine_in,,cash,completed
1007639,16,150,2026-02-21 19:55:50,delivery,,debit_card,completed
1007640,10,,2026-02-21 19:56:28,delivery,,credit_card,completed
1007641,9,1859,2026-02-21 19:59:44,drive_thru,,apple_pay,completed
1007642,17,1146,2026-02-21 20:00:16,takeout,,cash,completed
1007643,14,,2026-02-21 20:02:54,drive_thru,,cash,completed
1007644,6,1695,2026-02-21 20:12:10,dine_in,,debit_card,completed
1007645,11,1568,2026-02-21 20:12:21,delivery,,debit_card,completed
1007646,12,2010,2026-02-21 20:12:38,dine_in,,gift_card,completed
1007647,8,1829,2026-02-21 20:15:34,dine_in,,credit_card,completed
1007648,13,,2026-02-21 20:18:33,dine_in,,credit_card,completed
1007649,7,,2026-02-21 20:19:43,takeout,,debit_card,completed
1007650,16,,2026-02-21 20:19:43,dine_in,,credit_card,completed
1007651,9,2068,2026-02-21 20:24:07,drive_thru,,apple_pay,completed
1007652,6,1690,2026-02-21 20:26:58,dine_in,,debit_card,completed
1007653,17,1146,2026-02-21 20:49:13,delivery,,credit_card,completed
1007654,4,,2026-02-21 20:50:34,takeout,,debit_card,completed
1007655,6,,2026-02-21 21:00:07,dine_in,,credit_card,completed
1007656,6,,02/21/2026 21:06,takeout,,credit_card,completed
1007657,8,949,2026-02-21 21:07:22,dine_in,,cash,completed
1007658,1,,2026-02-21 21:25:00,delivery,,credit_card,completed
1007659,9,1338,2026-02-21 21:59:34,dine_in,,credit_card,completed
1007660,10,,2026-02-22 10:34:56,delivery,,credit_card,completed
1007661,3,,2026-02-22 10:45:30,dine_in,,credit_card,completed
1007662,7,666,2026-02-22 11:19:55,takeout,,cash,completed
1007663,1,829,2026-02-22 11:32:44,dine_in,,cash,completed
1007664,9,,2026-02-22 11:35:03,delivery,,credit_card,completed
1007665,7,,2026-02-22 11:45:18,delivery,,credit_card,completed
1007666,18,1739,2026-02-22 11:46:30,dine_in,,debit_card,completed
1007667,8,365,2026-02-22 11:48:33,dine_in,,cash,cancelled
1007668,8,466,2026-02-22 11:50:23,dine_in,,debit_card,completed
1007669,15,1592,2026-02-22 11:51:25,takeout,,cash,completed
1007670,15,,2026-02-22 11:53:32,delivery,,credit_card,completed
1007671,11,,2026-02-22 11:57:43,dine_in,,credit_card,completed
1007672,3,,2026-02-22 12:00:00,delivery,,debit_card,completed
1007673,8,2055,2026-02-22 12:00:12,dine_in,,gift_card,completed
1007674,1,1891,2026-02-22 12:00:26,dine_in,,apple_pay,completed
1007675,6,1651,2026-02-22 12:02:42,dine_in,,cash,completed
1007676,3,1895,2026-02-22 12:12:26,,,credit_card,completed
1007677,5,,2026-02-22 12:13:05,dine_in,,debit_card,completed
1007678,13,1583,2026-02-22 12:14:09,dine_in,,credit_card,completed
1007679,14,58,2026-02-22 12:14:37,drive_thru,,apple_pay,completed
1007680,2,,2026-02-22 12:15:19,,,apple_pay,completed
1007681,3,,2026-02-22 12:17:17,delivery,,apple_pay,completed
1007682,6,30,2026-02-22 12:21:34,dine_in,,apple_pay,completed
1007683,8,2055,2026-02-22 12:21:35,delivery,,credit_card,completed
1007684,5,,2026-02-22 12:22:36,drive_thru,,cash,completed
1007685,8,720,2026-02-22 12:22:58,delivery,,credit_card,completed
1007686,11,122,2026-02-22 12:25:25,dine_in,,credit_card,completed
1007687,9,689,2026-02-22 12:26:06,delivery,,credit_card,completed
1007688,3,1993,2026-02-22 12:27:02,takeout,,apple_pay,completed
1007689,18,684,2026-02-22 12:27:07,takeout,,credit_card,completed
1007690,17,1575,2026-02-22 12:28:34,takeout,,gift_card,completed
1007691,7,2220,2026-02-22 12:28:54,dine_in,,credit_card,completed
1007692,17,543,2026-02-22 12:29:06,takeout,,credit_card,completed
1007693,3,786,2026-02-22 12:29:51,takeout,,credit_card,completed
1007694,15,,2026-02-22 12:31:10,drive_thru,,apple_pay,completed
1007695,7,,2026-02-22 12:32:41,dine_in,,credit_card,completed
1007696,12,2094,2026-02-22 12:36:36,dine_in,,apple_pay,completed
1007697,15,1727,2026-02-22 12:37:31,drive_thru,,credit_card,completed
1007698,14,584,2026-02-22 12:37:48,drive_thru,,apple_pay,refunded
1007699,7,2,2026-02-22 12:38:41,takeout,,cash,completed
1007700,11,,2026-02-22 12:40:55,dine_in,,credit_card,completed
1007701,17,,2026-02-22 12:41:12,dine_in,,debit_card,completed
1007702,11,1239,2026-02-22 12:41:50,takeout,,credit_card,completed
1007703,18,386,2026-02-22 12:42:12,delivery,,credit_card,refunded
1007704,11,2257,2026-02-22 12:42:50,dine_in,,credit_card,completed
1007705,15,1299,2026-02-22 12:49:50,takeout,,credit_card,completed
1007706,14,1108,2026-02-22 13:00:16,takeout,,debit_card,completed
1007707,4,,2026-02-22 13:01:27,drive_thru,,credit_card,completed
1007708,15,,2026-02-22 13:02:26,delivery,,debit_card,completed
1007709,6,170,2026-02-22 13:02:31,,,credit_card,completed
1007710,8,359,2026-02-22 13:04:36,dine_in,,gift_card,completed
1007711,13,1841,2026-02-22 13:27:25,takeout,,debit_card,completed
1007712,13,977,2026-02-22 13:28:57,dine_in,,credit_card,completed
1007713,11,145,2026-02-22 13:30:03,takeout,,credit_card,completed
1007714,8,,2026-02-22 13:30:28,dine_in,,apple_pay,cancelled
1007715,12,2413,2026-02-22 13:38:53,dine_in,,credit_card,completed
1007716,3,384,02/22/2026 13:47,delivery,,credit_card,completed
1007717,1,,2026-02-22 14:11:29,dine_in,,credit_card,completed
1007718,11,145,2026-02-22 14:49:44,dine_in,,debit_card,completed
1007719,16,218,2026-02-22 15:02:38,dine_in,,cash,completed
1007720,2,,2026-02-22 15:35:50,takeout,,cash,completed
1007721,14,,2026-02-22 15:54:03,takeout,,credit_card,completed
1007722,18,1203,2026-02-22 15:57:32,drive_thru,,credit_card,completed
1007723,12,903,2026-02-22 16:03:09,dine_in,,gift_card,completed
1007724,15,2232,2026-02-22 16:08:11,takeout,,gift_card,completed
1007725,11,1779,2026-02-22 16:24:21,dine_in,,credit_card,completed
1007726,19,,2026-02-22 16:35:42,drive_thru,,debit_card,completed
1007727,3,248,02/22/2026 16:47,delivery,,apple_pay,completed
1007728,16,2007,2026-02-22 17:41:10,delivery,,debit_card,completed
1007729,7,,2026-02-22 17:48:24,dine_in,,credit_card,completed
1007730,1,1226,2026-02-22 17:58:20,delivery,,debit_card,completed
1007731,4,865,2026-02-22 18:02:06,dine_in,,credit_card,completed
1007732,16,119,2026-02-22 18:02:27,dine_in,,credit_card,completed
1007733,16,1643,2026-02-22 18:02:28,dine_in,,credit_card,completed
1007734,12,1234,2026-02-22 18:08:32,takeout,,debit_card,completed
1007735,16,1485,2026-02-22 18:10:56,dine_in,,credit_card,completed
1007736,9,,2026-02-22 18:12:27,delivery,,credit_card,completed
1007737,10,,2026-02-22 18:15:31,takeout,,debit_card,completed
1007738,19,1266,2026-02-22 18:17:54,dine_in,,apple_pay,completed
1007739,12,1912,2026-02-22 18:21:07,dine_in,,credit_card,completed
1007740,6,,2026-02-22 18:21:19,takeout,,credit_card,completed
1007741,4,179,2026-02-22 18:24:36,takeout,,debit_card,completed
1007742,5,2362,2026-02-22 18:26:00,delivery,,gift_card,completed
1007743,6,,2026-02-22 18:26:48,takeout,,credit_card,completed
1007744,15,1299,2026-02-22 18:27:17,delivery,,credit_card,completed
1007745,19,,2026-02-22 18:31:36,dine_in,,credit_card,completed
1007746,8,268,2026-02-22 18:32:01,delivery,,apple_pay,refunded
1007747,8,645,2026-02-22 18:34:08,dine_in,,gift_card,completed
1007748,4,1960,2026-02-22 18:39:27,delivery,,credit_card,completed
1007749,8,1010,2026-02-22 18:40:23,dine_in,,gift_card,completed
1007750,10,202,2026-02-22 18:42:04,dine_in,,cash,completed
1007751,19,1451,2026-02-22 18:44:52,dine_in,,credit_card,completed
1007752,6,,2026-02-22 18:46:11,takeout,,apple_pay,completed
1007753,15,1016,2026-02-22 18:47:21,drive_thru,,credit_card,completed
1007754,7,,2026-02-22 18:50:42,dine_in,,debit_card,completed
1007755,3,,2026-02-22 18:50:58,dine_in,,credit_card,completed
1007756,7,2108,2026-02-22 18:51:15,dine_in,,debit_card,completed
1007757,9,,2026-02-22 18:51:36,drive_thru,,credit_card,completed
1007758,4,,2026-02-22 18:55:49,drive_thru,,credit_card,completed
1007759,11,1056,2026-02-22 18:56:15,delivery,,apple_pay,completed
1007760,16,1331,2026-02-22 18:56:45,takeout,,cash,completed
1007761,2,,2026-02-22 18:59:23,dine_in,,credit_card,completed
1007762,14,,2026-02-22 19:03:28,delivery,,credit_card,completed
1007763,12,,2026-02-22 19:09:21,takeout,,credit_card,completed
1007764,8,526,2026-02-22 19:09:25,dine_in,,credit_card,completed
1007765,3,2164,2026-02-22 19:11:15,dine_in,,credit_card,completed
1007766,2,93,2026-02-22 19:16:05,dine_in,,debit_card,completed
1007767,18,1306,2026-02-22 19:17:55,delivery,,credit_card,completed
1007768,4,1596,2026-02-22 19:26:08,drive_thru,,credit_card,completed
1007769,7,,2026-02-22 19:27:47,dine_in,,cash,completed
1007770,19,199,2026-02-22 19:29:59,delivery,,credit_card,completed
1007771,17,2328,2026-02-22 19:36:52,delivery,,credit_card,completed
1007772,17,408,2026-02-22 19:37:54,dine_in,,credit_card,refunded
1007773,8,2466,2026-02-22 19:38:21,takeout,,credit_card,completed
1007774,12,784,2026-02-22 19:39:41,takeout,,cash,completed
1007775,16,970,2026-02-22 19:41:52,takeout,,cash,completed
1007776,7,967,2026-02-22 19:42:57,dine_in,,credit_card,completed
1007777,4,747,2026-02-22 19:45:44,delivery,,debit_card,completed
1007778,3,,2026-02-22 19:45:59,dine_in,,debit_card,completed
1007779,7,1759,2026-02-22 19:46:26,dine_in,,debit_card,cancelled
1007780,14,589,2026-02-22 19:49:33,dine_in,,credit_card,completed
1007781,6,1195,2026-02-22 19:50:10,drive_thru,,apple_pay,completed
1007782,4,1742,2026-02-22 19:54:48,drive_thru,,debit_card,completed
1007783,9,2150,2026-02-22 19:56:07,delivery,,debit_card,completed
1007784,8,,2026-02-22 20:12:18,takeout,,credit_card,completed
1007785,8,466,2026-02-22 20:17:01,takeout,,debit_card,completed
1007786,16,323,2026-02-22 20:28:58,dine_in,,credit_card,completed
1007787,11,2436,2026-02-22 20:38:31,delivery,,credit_card,completed
1007788,8,1710,2026-02-22 21:03:50,dine_in,,credit_card,completed
1007789,7,1222,2026-02-23 10:49:32,takeout,,apple_pay,completed
1007790,19,1246,2026-02-23 10:57:48,takeout,,debit_card,completed
1007791,8,2303,2026-02-23 11:19:04,dine_in,,cash,completed
1007792,14,160,2026-02-23 11:26:31,dine_in,,cash,completed
1007793,10,2078,2026-02-23 11:28:49,dine_in,,credit_card,completed
1007794,9,495,2026-02-23 11:31:55,drive_thru,,credit_card,completed
1007795,15,351,2026-02-23 11:43:29,drive_thru,,apple_pay,completed
1007796,19,,2026-02-23 11:45:08,,,credit_card,completed
1007797,2,393,2026-02-23 11:46:19,dine_in,,apple_pay,completed
1007798,9,2106,2026-02-23 11:50:12,delivery,,debit_card,completed
1007799,8,1863,2026-02-23 11:55:07,takeout,,credit_card,completed
1007800,19,,2026-02-23 11:58:42,dine_in,,cash,completed
1007801,16,2145,2026-02-23 12:00:15,dine_in,,cash,completed
1007802,7,732,2026-02-23 12:01:53,dine_in,,debit_card,completed
1007803,18,,2026-02-23 12:02:27,drive_thru,,cash,completed
1007804,3,1960,2026-02-23 12:06:04,takeout,,credit_card,completed
1007805,15,398,2026-02-23 12:07:34,takeout,,cash,completed
1007806,12,,2026-02-23 12:07:59,delivery,,credit_card,completed
1007807,13,440,2026-02-23 12:13:09,takeout,,cash,completed
1007808,10,2150,2026-02-23 12:17:40,dine_in,,credit_card,completed
1007809,18,1051,2026-02-23 12:18:34,takeout,,debit_card,completed
1007810,7,,2026-02-23 12:18:58,delivery,,credit_card,completed
1007811,1,,2026-02-23 12:20:54,dine_in,,debit_card,completed
1007812,12,2453,2026-02-23 12:21:32,dine_in,,cash,completed
1007813,10,1901,2026-02-23 12:24:48,delivery,,credit_card,completed
1007814,14,1449,2026-02-23 12:25:15,takeout,,debit_card,completed
1007815,12,2309,2026-02-23 12:25:16,takeout,,credit_card,completed
1007816,10,1468,2026-02-23 12:27:05,drive_thru,,credit_card,completed
1007817,19,2041,2026-02-23 12:27:42,dine_in,,credit_card,completed
1007818,13,1022,2026-02-23 12:29:14,dine_in,,debit_card,completed
1007819,7,2201,2026-02-23 12:30:38,delivery,,credit_card,completed
1007820,11,1719,2026-02-23 12:31:21,dine_in,,gift_card,completed
1007821,10,1402,2026-02-23 12:31:56,dine_in,,debit_card,completed
1007822,9,1271,2026-02-23 12:33:44,takeout,,credit_card,completed
1007823,3,845,2026-02-23 12:37:58,dine_in,,apple_pay,completed
1007824,7,495,2026-02-23 12:41:45,takeout,,credit_card,completed
1007825,16,,2026-02-23 12:43:54,dine_in,,credit_card,completed
1007826,15,2431,2026-02-23 12:45:17,drive_thru,,debit_card,completed
1007827,5,,2026-02-23 12:45:36,dine_in,,credit_card,completed
1007828,5,92,2026-02-23 12:48:19,dine_in,,credit_card,completed
1007829,12,,2026-02-23 12:51:20,takeout,,debit_card,completed
1007830,3,,2026-02-23 12:52:57,takeout,,gift_card,completed
1007831,5,2481,2026-02-23 12:53:18,drive_thru,,credit_card,completed
1007832,11,,2026-02-23 12:53:49,delivery,,credit_card,completed
1007833,16,26,2026-02-23 12:55:05,takeout,,cash,completed
1007834,10,,2026-02-23 12:58:36,dine_in,,cash,completed
1007835,19,483,2026-02-23 13:06:35,drive_thru,,debit_card,completed
1007836,14,1725,2026-02-23 13:09:31,delivery,,credit_card,completed
1007837,6,2021,2026-02-23 13:09:47,dine_in,,credit_card,completed
1007838,8,365,2026-02-23 13:11:10,dine_in,,credit_card,completed
1007839,6,,2026-02-23 13:11:28,drive_thru,,credit_card,completed
1007840,6,1033,2026-02-23 13:14:47,drive_thru,,credit_card,completed
1007841,5,2208,2026-02-23 13:16:59,dine_in,,credit_card,completed
1007842,2,,2026-02-23 13:19:17,dine_in,,debit_card,completed
1007843,5,,2026-02-23 13:27:41,takeout,,apple_pay,completed
1007844,7,,02/23/2026 13:29,dine_in,,gift_card,completed
1007845,10,,2026-02-23 13:31:18,drive_thru,,debit_card,completed
1007846,2,2015,2026-02-23 13:37:41,takeout,,debit_card,completed
1007847,17,555,2026-02-23 13:57:02,delivery,,debit_card,completed
1007848,14,,2026-02-23 14:06:31,drive_thru,,credit_card,completed
1007849,12,504,2026-02-23 14:13:29,dine_in,,credit_card,completed
1007850,9,702,2026-02-23 14:31:58,takeout,,credit_card,completed
1007851,7,2013,2026-02-23 15:24:02,dine_in,,credit_card,completed
1007852,9,,2026-02-23 15:34:27,drive_thru,,cash,completed
1007853,7,1735,2026-02-23 15:52:03,takeout,,credit_card,completed
1007854,2,703,2026-02-23 16:10:57,delivery,,gift_card,completed
1007855,2,2174,2026-02-23 17:19:10,delivery,,credit_card,completed
1007856,5,736,2026-02-23 17:22:46,drive_thru,,debit_card,completed
1007857,13,1059,2026-02-23 17:33:18,dine_in,,credit_card,completed
1007858,6,1153,2026-02-23 17:37:41,dine_in,,credit_card,completed
1007859,6,510,2026-02-23 17:49:08,dine_in,,debit_card,completed
1007860,8,1526,2026-02-23 17:49:20,dine_in,,credit_card,completed
1007861,10,658,2026-02-23 18:01:05,drive_thru,,apple_pay,completed
1007862,13,,2026-02-23 18:02:46,takeout,,cash,completed
1007863,16,848,2026-02-23 18:08:23,takeout,,credit_card,cancelled
1007864,12,,2026-02-23 18:08:46,dine_in,,credit_card,completed
1007865,19,1581,2026-02-23 18:11:00,takeout,,apple_pay,completed
1007866,7,,2026-02-23 18:15:17,delivery,,debit_card,completed
1007867,6,1226,2026-02-23 18:18:32,,,gift_card,completed
1007868,12,324,2026-02-23 18:24:57,takeout,,debit_card,completed
1007869,5,1839,2026-02-23 18:27:33,takeout,,debit_card,completed
1007870,8,1050,2026-02-23 18:28:50,takeout,,debit_card,completed
1007871,8,62,2026-02-23 18:29:10,delivery,,credit_card,completed
1007872,7,666,2026-02-23 18:35:22,dine_in,,gift_card,completed
1007873,15,1819,2026-02-23 18:39:54,dine_in,,credit_card,completed
1007874,7,2248,2026-02-23 18:42:42,dine_in,,debit_card,completed
1007875,8,,2026-02-23 18:43:47,takeout,,credit_card,completed
1007876,15,,2026-02-23 18:45:13,dine_in,,apple_pay,completed
1007877,3,983,2026-02-23 18:49:28,delivery,,debit_card,completed
1007878,5,235,2026-02-23 18:49:33,drive_thru,,credit_card,completed
1007879,3,2401,2026-02-23 18:52:31,dine_in,,credit_card,completed
1007880,4,,2026-02-23 19:03:52,drive_thru,,apple_pay,completed
1007881,17,723,2026-02-23 19:04:27,delivery,,gift_card,completed
1007882,10,,2026-02-23 19:07:31,dine_in,,debit_card,completed
1007883,3,,2026-02-23 19:09:02,dine_in,,credit_card,completed
1007884,8,931,2026-02-23 19:11:49,delivery,,apple_pay,completed
1007885,17,559,2026-02-23 19:12:24,dine_in,,credit_card,completed
1007886,11,2236,2026-02-23 19:13:03,dine_in,,debit_card,completed
1007887,9,358,2026-02-23 19:30:05,dine_in,,cash,cancelled
1007888,5,1837,2026-02-23 19:33:27,delivery,,debit_card,completed
1007889,8,349,2026-02-23 19:33:42,takeout,,cash,completed
1007890,5,1794,2026-02-23 19:39:37,drive_thru,,debit_card,completed
1007891,8,719,2026-02-23 19:40:25,takeout,,debit_card,completed
1007892,3,1641,2026-02-23 20:18:43,delivery,,credit_card,completed
1007893,3,2356,2026-02-23 20:18:53,delivery,,credit_card,completed
1007894,19,987,2026-02-23 20:30:07,delivery,,apple_pay,completed
1007895,7,495,2026-02-23 20:56:36,takeout,,gift_card,completed
1007896,15,347,2026-02-23 20:58:38,dine_in,,debit_card,completed
1007897,1,2209,2026-02-23 21:43:51,dine_in,,debit_card,completed
1007898,1,748,2026-02-23 21:54:48,dine_in,,debit_card,completed
1007899,2,1321,2026-02-23 21:59:57,takeout,,credit_card,completed
1007900,7,2355,2026-02-24 10:49:22,dine_in,,debit_card,completed
1007901,19,2096,2026-02-24 11:01:46,dine_in,,cash,completed
1007902,3,1641,2026-02-24 11:09:09,dine_in,,credit_card,completed
1007903,5,1417,2026-02-24 11:09:59,dine_in,,apple_pay,completed
1007904,17,,2026-02-24 11:12:44,,,credit_card,completed
1007905,13,,2026-02-24 11:17:33,delivery,,gift_card,completed
1007906,15,1797,2026-02-24 11:18:27,takeout,,credit_card,completed
1007907,8,1710,2026-02-24 11:18:59,dine_in,,debit_card,completed
1007908,8,866,2026-02-24 11:28:50,dine_in,,debit_card,completed
1007909,2,,2026-02-24 11:32:39,dine_in,,debit_card,completed
1007910,15,1299,2026-02-24 11:35:08,dine_in,,cash,completed
1007911,4,569,2026-02-24 11:42:14,dine_in,,debit_card,completed
1007912,9,,2026-02-24 11:42:40,dine_in,,cash,completed
1007913,4,,2026-02-24 11:44:10,delivery,,debit_card,completed
1007914,10,2148,2026-02-24 11:50:10,takeout,,credit_card,completed
1007915,12,2094,2026-02-24 11:53:52,takeout,,cash,completed
1007916,18,2147,2026-02-24 11:55:43,takeout,,credit_card,completed
1007917,1,267,2026-02-24 11:56:27,dine_in,,credit_card,completed
1007918,19,,2026-02-24 11:57:26,drive_thru,,credit_card,completed
1007919,16,1143,2026-02-24 11:59:44,dine_in,,gift_card,completed
1007920,3,30,2026-02-24 12:01:25,takeout,,debit_card,completed
1007921,10,,2026-02-24 12:02:11,dine_in,,cash,completed
1007922,9,,2026-02-24 12:02:32,dine_in,,debit_card,completed
1007923,13,136,2026-02-24 12:03:27,dine_in,,cash,completed
1007924,16,26,2026-02-24 12:03:56,takeout,,credit_card,completed
1007925,17,1393,2026-02-24 12:11:16,dine_in,,debit_card,completed
1007926,19,1472,2026-02-24 12:11:37,delivery,,credit_card,completed
1007927,10,602,2026-02-24 12:12:57,delivery,,credit_card,completed
1007928,16,2465,2026-02-24 12:17:57,takeout,,credit_card,completed
1007929,12,504,2026-02-24 12:18:48,dine_in,,cash,completed
1007930,16,,2026-02-24 12:20:05,dine_in,,debit_card,completed
1007931,3,,2026-02-24 12:20:14,dine_in,,debit_card,completed
1007932,6,,2026-02-24 12:22:03,drive_thru,,credit_card,completed
1007933,15,,2026-02-24 12:26:00,takeout,,debit_card,completed
1007934,19,2183,2026-02-24 12:26:28,takeout,,debit_card,completed
1007935,19,,2026-02-24 12:27:14,dine_in,,debit_card,cancelled
1007936,16,1618,2026-02-24 12:28:46,,,gift_card,completed
1007937,10,15,2026-02-24 12:30:25,dine_in,,debit_card,completed
1007938,3,953,2026-02-24 12:32:47,delivery,,debit_card,completed
1007939,9,1381,2026-02-24 12:34:48,delivery,,credit_card,refunded
1007940,10,1158,2026-02-24 12:38:01,takeout,,credit_card,completed
1007941,12,2358,2026-02-24 12:38:25,dine_in,,credit_card,completed
1007942,8,292,2026-02-24 12:38:38,dine_in,,credit_card,completed
1007943,11,1602,2026-02-24 12:39:10,delivery,,credit_card,completed
1007944,15,1820,2026-02-24 12:41:43,takeout,,cash,completed
1007945,9,,2026-02-24 12:43:24,drive_thru,,credit_card,completed
1007946,3,9,2026-02-24 12:46:42,dine_in,,debit_card,completed
1007947,19,1427,2026-02-24 12:47:22,dine_in,,cash,completed
1007948,1,,2026-02-24 12:48:37,dine_in,,credit_card,completed
1007949,1,1141,2026-02-24 12:49:36,dine_in,,credit_card,completed
1007950,18,,2026-02-24 12:50:28,delivery,,debit_card,completed
1007951,15,,2026-02-24 12:53:34,dine_in,,credit_card,completed
1007952,12,753,2026-02-24 12:54:07,delivery,,credit_card,completed
1007953,12,,2026-02-24 12:56:33,dine_in,,credit_card,completed
1007954,19,1711,2026-02-24 12:56:56,delivery,,credit_card,completed
1007955,13,473,2026-02-24 12:58:42,delivery,,credit_card,completed
1007956,7,766,2026-02-24 12:59:29,dine_in,,debit_card,completed
1007957,9,2349,2026-02-24 13:00:57,takeout,,debit_card,completed
1007958,16,,2026-02-24 13:08:50,dine_in,,credit_card,completed
1007959,8,,2026-02-24 13:13:56,takeout,,credit_card,completed
1007960,15,,2026-02-24 13:14:24,dine_in,,credit_card,refunded
1007961,14,35,2026-02-24 13:20:59,delivery,,credit_card,completed
1007962,8,2393,2026-02-24 13:21:14,dine_in,,credit_card,completed
1007963,5,2397,2026-02-24 13:23:04,delivery,,debit_card,completed
1007964,15,814,2026-02-24 13:25:35,dine_in,,apple_pay,cancelled
1007965,19,1659,2026-02-24 13:31:52,dine_in,,credit_card,completed
1007966,15,1793,2026-02-24 13:33:09,dine_in,,cash,completed
1007967,8,,2026-02-24 13:41:45,dine_in,,credit_card,completed
1007968,5,2224,2026-02-24 13:51:32,delivery,,apple_pay,completed
1007969,6,93,2026-02-24 13:53:49,dine_in,,cash,completed
1007970,11,,2026-02-24 14:06:35,drive_thru,,gift_card,completed
1007971,3,713,2026-02-24 14:35:23,dine_in,,credit_card,cancelled
1007972,4,2478,2026-02-24 15:21:27,drive_thru,,credit_card,completed
1007973,5,1585,2026-02-24 15:23:43,dine_in,,debit_card,completed
1007974,4,,2026-02-24 15:42:39,delivery,,credit_card,completed
1007975,14,,2026-02-24 16:34:48,takeout,,debit_card,completed
1007976,6,1622,2026-02-24 16:52:04,dine_in,,credit_card,completed
1007977,1,1226,2026-02-24 16:54:34,delivery,,credit_card,completed
1007978,14,1514,2026-02-24 17:00:55,dine_in,,credit_card,completed
1007979,5,,2026-02-24 17:02:56,drive_thru,,credit_card,completed
1007980,10,1312,2026-02-24 17:23:37,delivery,,credit_card,completed
1007981,6,2324,2026-02-24 17:25:43,takeout,,cash,completed
1007982,4,1247,2026-02-24 17:32:09,drive_thru,,debit_card,completed
1007983,3,713,2026-02-24 17:37:02,takeout,,debit_card,completed
1007984,8,1190,2026-02-24 17:50:59,dine_in,,debit_card,completed
1007985,17,414,2026-02-24 17:54:01,delivery,,credit_card,completed
1007986,3,490,2026-02-24 18:00:08,dine_in,,credit_card,cancelled
1007987,2,1867,2026-02-24 18:01:06,dine_in,,apple_pay,completed
1007988,10,1256,2026-02-24 18:09:48,dine_in,,apple_pay,completed
1007989,8,2006,2026-02-24 18:09:55,dine_in,,credit_card,completed
1007990,9,,2026-02-24 18:10:35,dine_in,,credit_card,completed
1007991,4,,2026-02-24 18:11:38,drive_thru,,gift_card,completed
1007992,12,1282,2026-02-24 18:14:05,dine_in,,credit_card,completed
1007993,2,698,2026-02-24 18:15:16,dine_in,,credit_card,completed
1007994,15,584,2026-02-24 18:20:36,dine_in,,apple_pay,completed
1007995,2,,2026-02-24 18:22:59,dine_in,,credit_card,completed
1007996,15,554,2026-02-24 18:27:37,takeout,,credit_card,completed
1007997,14,,2026-02-24 18:30:26,drive_thru,,credit_card,completed
1007998,9,,2026-02-24 18:30:46,delivery,,credit_card,completed
1007999,19,507,2026-02-24 18:31:43,dine_in,,credit_card,completed
1008000,17,,2026-02-24 18:33:50,dine_in,,credit_card,completed
1008001,1,739,2026-02-24 18:38:33,dine_in,,credit_card,completed
1008002,5,,2026-02-24 18:38:39,dine_in,,credit_card,completed
1008003,11,949,2026-02-24 18:40:31,dine_in,,credit_card,completed
1008004,14,,2026-02-24 18:42:59,dine_in,,cash,completed
1008005,3,659,2026-02-24 18:44:45,delivery,,credit_card,completed
1008006,3,1145,2026-02-24 18:48:00,delivery,,credit_card,completed
1008007,5,1437,2026-02-24 18:49:11,dine_in,,credit_card,cancelled
1008008,12,1652,2026-02-24 18:51:42,dine_in,,cash,completed
1008009,7,2068,2026-02-24 18:55:39,dine_in,,apple_pay,completed
1008010,8,2229,2026-02-24 18:59:43,dine_in,,apple_pay,completed
1008011,11,1859,2026-02-24 19:02:16,delivery,,apple_pay,completed
1008012,2,,2026-02-24 19:02:43,takeout,,credit_card,completed
1008013,1,755,2026-02-24 19:04:29,dine_in,,credit_card,completed
1008014,4,1644,2026-02-24 19:06:53,dine_in,,debit_card,completed
1008015,11,,2026-02-24 19:07:28,drive_thru,,credit_card,completed
1008016,16,,2026-02-24 19:07:57,dine_in,,gift_card,completed
1008017,9,1338,2026-02-24 19:08:20,drive_thru,,cash,completed
1008018,4,312,2026-02-24 19:09:25,drive_thru,,apple_pay,completed
1008019,2,,2026-02-24 19:11:20,dine_in,,apple_pay,completed
1008020,6,1384,2026-02-24 19:11:56,dine_in,,debit_card,completed
1008021,14,855,2026-02-24 19:15:17,drive_thru,,credit_card,completed
1008022,17,271,2026-02-24 19:15:47,dine_in,,cash,completed
1008023,2,120,2026-02-24 19:17:50,dine_in,,apple_pay,refunded
1008024,12,2311,2026-02-24 19:18:47,dine_in,,apple_pay,completed
1008025,12,,2026-02-24 19:27:13,dine_in,,debit_card,completed
1008026,16,2007,2026-02-24 19:30:15,takeout,,debit_card,completed
1008027,6,,2026-02-24 19:32:28,drive_thru,,debit_card,completed
1008028,8,2240,02/24/2026 19:32,dine_in,,debit_card,completed
1008029,9,,2026-02-24 19:32:43,delivery,,credit_card,completed
1008030,12,816,2026-02-24 19:33:40,delivery,,credit_card,completed
1008031,1,,2026-02-24 19:35:07,dine_in,,debit_card,completed
1008032,13,1005,2026-02-24 19:41:30,takeout,,credit_card,completed
1008033,3,,2026-02-24 19:47:39,dine_in,,debit_card,completed
1008034,19,322,2026-02-24 19:59:04,dine_in,,credit_card,completed
1008035,15,279,2026-02-24 20:00:57,dine_in,,credit_card,completed
1008036,9,,2026-02-24 20:03:39,delivery,,apple_pay,completed
1008037,10,,2026-02-24 20:06:25,drive_thru,,cash,completed
1008038,19,,2026-02-24 20:17:40,takeout,,cash,completed
1008039,11,,2026-02-24 20:22:25,delivery,,credit_card,completed
1008040,12,1885,2026-02-24 21:06:22,dine_in,,credit_card,completed
1008041,4,,2026-02-24 21:06:36,takeout,,credit_card,completed
1008042,15,,2026-02-24 21:06:55,takeout,,apple_pay,completed
1008043,4,1211,2026-02-24 21:11:20,drive_thru,,cash,completed
1008044,8,,2026-02-24 21:52:53,dine_in,,cash,completed
1008045,19,1537,2026-02-25 10:35:32,takeout,,credit_card,completed
1008046,18,,2026-02-25 11:31:33,dine_in,,credit_card,completed
1008047,3,888,2026-02-25 11:34:52,dine_in,,credit_card,completed
1008048,2,1938,2026-02-25 11:44:02,dine_in,,credit_card,completed
1008049,16,326,2026-02-25 11:46:50,delivery,,gift_card,completed
1008050,19,362,02/25/2026 11:48,dine_in,,debit_card,cancelled
1008051,18,2344,2026-02-25 11:59:24,drive_thru,,credit_card,cancelled
1008052,2,95,2026-02-25 12:01:26,dine_in,,credit_card,completed
1008053,13,1204,2026-02-25 12:02:52,dine_in,,gift_card,completed
1008054,4,312,2026-02-25 12:03:15,dine_in,,debit_card,completed
1008055,16,,2026-02-25 12:03:31,dine_in,,cash,completed
1008056,4,,2026-02-25 12:04:15,drive_thru,,cash,completed
1008057,12,,2026-02-25 12:04:48,dine_in,,credit_card,completed
1008058,3,220,2026-02-25 12:05:32,dine_in,,gift_card,completed
1008059,19,1931,2026-02-25 12:06:21,drive_thru,,cash,completed
1008060,12,2252,2026-02-25 12:07:03,dine_in,,credit_card,completed
1008061,15,11,2026-02-25 12:10:42,,,credit_card,completed
1008062,11,2348,2026-02-25 12:13:15,delivery,,credit_card,completed
1008063,13,440,2026-02-25 12:14:26,takeout,,apple_pay,completed
1008064,8,1526,2026-02-25 12:15:00,takeout,,cash,completed
1008065,7,549,2026-02-25 12:16:09,takeout,,credit_card,completed
1008066,17,,2026-02-25 12:16:27,delivery,,credit_card,completed
1008067,13,1429,2026-02-25 12:19:57,takeout,,cash,completed
1008068,14,203,2026-02-25 12:20:14,drive_thru,,credit_card,completed
1008069,9,,2026-02-25 12:27:40,drive_thru,,credit_card,completed
1008070,14,855,2026-02-25 12:28:20,dine_in,,cash,completed
1008071,18,1689,2026-02-25 12:28:32,dine_in,,credit_card,completed
1008072,13,,2026-02-25 12:28:42,takeout,,debit_card,completed
1008073,1,251,2026-02-25 12:31:42,dine_in,,credit_card,completed
1008074,3,,2026-02-25 12:39:04,dine_in,,credit_card,completed
1008075,8,268,2026-02-25 12:39:04,dine_in,,apple_pay,completed
1008076,13,227,2026-02-25 12:39:13,dine_in,,credit_card,completed
1008077,6,247,2026-02-25 12:42:41,drive_thru,,gift_card,completed
1008078,15,,2026-02-25 12:44:50,delivery,,credit_card,completed
1008079,13,1072,2026-02-25 12:46:41,delivery,,debit_card,completed
1008080,2,,2026-02-25 12:47:34,delivery,,credit_card,completed
1008081,9,,2026-02-25 12:50:39,dine_in,,credit_card,completed
1008082,13,166,2026-02-25 12:52:27,takeout,,credit_card,completed
1008083,4,1601,2026-02-25 12:53:34,dine_in,,cash,completed
1008084,7,,2026-02-25 13:00:24,takeout,,cash,completed
1008085,18,1540,2026-02-25 13:00:59,drive_thru,,debit_card,completed
1008086,2,1806,2026-02-25 13:02:00,delivery,,credit_card,completed
1008087,1,,2026-02-25 13:04:21,dine_in,,debit_card,completed
1008088,8,,2026-02-25 13:04:39,takeout,,cash,completed
1008089,3,2164,2026-02-25 13:06:25,delivery,,debit_card,completed
1008090,13,,2026-02-25 13:07:26,dine_in,,cash,cancelled
1008091,1,1235,2026-02-25 13:08:50,dine_in,,credit_card,completed
1008092,8,,2026-02-25 13:12:18,dine_in,,credit_card,completed
1008093,19,2460,2026-02-25 13:19:22,dine_in,,gift_card,completed
1008094,14,842,2026-02-25 13:21:23,dine_in,,gift_card,completed
1008095,7,2352,2026-02-25 13:43:32,delivery,,gift_card,completed
1008096,13,1897,2026-02-25 15:10:17,takeout,,credit_card,completed
1008097,17,,2026-02-25 16:01:19,dine_in,,credit_card,completed
1008098,14,,2026-02-25 16:16:00,drive_thru,,credit_card,completed
1008099,6,1153,2026-02-25 16:19:01,delivery,,credit_card,completed
1008100,10,1660,2026-02-25 16:33:02,drive_thru,,credit_card,completed
1008101,12,,2026-02-25 17:21:56,dine_in,,credit_card,completed
1008102,10,710,2026-02-25 17:25:14,dine_in,,credit_card,completed
1008103,6,,2026-02-25 17:35:53,takeout,,cash,completed
1008104,10,15,2026-02-25 17:50:33,delivery,,credit_card,completed
1008105,17,,2026-02-25 18:00:29,dine_in,,debit_card,completed
1008106,13,459,2026-02-25 18:06:24,takeout,,credit_card,completed
1008107,8,1242,2026-02-25 18:12:29,delivery,,credit_card,completed
1008108,4,1960,2026-02-25 18:18:16,dine_in,,apple_pay,completed
1008109,14,195,2026-02-25 18:20:51,dine_in,,cash,completed
1008110,19,1041,2026-02-25 18:24:23,takeout,,credit_card,completed
1008111,2,,2026-02-25 18:25:04,delivery,,apple_pay,completed
1008112,8,2148,2026-02-25 18:25:22,takeout,,credit_card,completed
1008113,13,,2026-02-25 18:31:21,dine_in,,cash,completed
1008114,15,,02/25/2026 18:34,drive_thru,,apple_pay,completed
1008115,16,843,2026-02-25 18:42:07,dine_in,,apple_pay,completed
1008116,8,,2026-02-25 18:45:07,dine_in,,apple_pay,completed
1008117,6,497,2026-02-25 18:46:18,dine_in,,credit_card,completed
1008118,5,933,2026-02-25 18:46:40,drive_thru,,credit_card,completed
1008119,8,2006,2026-02-25 18:51:20,dine_in,,credit_card,completed
1008120,15,544,2026-02-25 18:51:30,dine_in,,cash,completed
1008121,7,2373,2026-02-25 18:52:40,delivery,,gift_card,completed
1008122,5,1619,2026-02-25 18:56:21,drive_thru,,credit_card,completed
1008123,15,2123,2026-02-25 18:59:02,dine_in,,credit_card,completed
1008124,14,,2026-02-25 18:59:59,dine_in,,debit_card,completed
1008125,6,1564,2026-02-25 19:02:03,dine_in,,debit_card,completed
1008126,4,,2026-02-25 19:03:08,drive_thru,,credit_card,completed
1008127,1,,2026-02-25 19:10:03,dine_in,,debit_card,completed
1008128,17,2313,02/25/2026 19:10,takeout,,apple_pay,completed
1008129,15,1536,2026-02-25 19:10:48,delivery,,apple_pay,completed
1008130,7,861,2026-02-25 19:11:50,takeout,,debit_card,completed
1008131,4,758,2026-02-25 19:21:08,dine_in,,credit_card,completed
1008132,7,1904,2026-02-25 19:23:14,dine_in,,credit_card,cancelled
1008133,4,1955,2026-02-25 19:24:53,takeout,,apple_pay,completed
1008134,3,1395,2026-02-25 19:29:44,takeout,,apple_pay,completed
1008135,8,2055,2026-02-25 19:33:00,delivery,,credit_card,completed
1008136,15,1067,2026-02-25 19:35:01,takeout,,gift_card,completed
1008137,3,,2026-02-25 19:41:33,takeout,,credit_card,completed
1008138,4,835,2026-02-25 19:44:14,takeout,,credit_card,completed
1008139,13,1072,2026-02-25 19:50:57,dine_in,,apple_pay,completed
1008140,4,1608,2026-02-25 19:57:56,drive_thru,,credit_card,refunded
1008141,14,2415,2026-02-25 20:00:02,,,gift_card,completed
1008142,7,1866,2026-02-25 20:00:44,delivery,,credit_card,completed
1008143,9,,2026-02-25 20:01:46,dine_in,,credit_card,completed
1008144,1,,2026-02-25 20:04:48,delivery,,credit_card,completed
1008145,11,1402,2026-02-25 20:10:22,takeout,,credit_card,completed
1008146,14,1780,2026-02-25 20:12:15,drive_thru,,debit_card,completed
1008147,8,667,2026-02-25 20:12:39,takeout,,credit_card,completed
1008148,19,,2026-02-25 20:15:39,drive_thru,,credit_card,completed
1008149,15,1028,2026-02-25 20:19:38,dine_in,,credit_card,completed
1008150,14,,2026-02-25 20:27:15,delivery,,credit_card,completed
1008151,3,,2026-02-25 20:30:39,dine_in,,credit_card,completed
1008152,16,610,2026-02-25 21:00:57,delivery,,debit_card,completed
1008153,17,1147,2026-02-25 21:13:15,takeout,,credit_card,completed
1008154,16,,2026-02-25 21:13:49,delivery,,apple_pay,completed
1008155,14,2069,2026-02-26 10:32:25,drive_thru,,credit_card,refunded
1008156,11,1363,2026-02-26 10:43:59,delivery,,credit_card,completed
1008157,10,,2026-02-26 10:52:41,drive_thru,,credit_card,completed
1008158,11,1996,2026-02-26 11:07:45,dine_in,,credit_card,completed
1008159,5,,2026-02-26 11:16:18,drive_thru,,debit_card,completed
1008160,13,2260,2026-02-26 11:27:35,dine_in,,cash,completed
1008161,11,,2026-02-26 11:31:42,drive_thru,,debit_card,completed
1008162,14,2086,2026-02-26 11:35:59,,,credit_card,completed
1008163,3,1382,2026-02-26 11:38:19,dine_in,,credit_card,completed
1008164,1,852,2026-02-26 11:39:29,dine_in,,credit_card,completed
1008165,19,1451,02/26/2026 11:43,drive_thru,,credit_card,completed
1008166,13,1699,2026-02-26 11:46:47,takeout,,gift_card,completed
1008167,2,1471,2026-02-26 11:55:05,dine_in,,credit_card,completed
1008168,10,2078,2026-02-26 11:55:45,drive_thru,,apple_pay,completed
1008169,2,541,2026-02-26 12:02:44,dine_in,,credit_card,completed
1008170,7,1973,2026-02-26 12:03:56,takeout,,cash,completed
1008171,11,,2026-02-26 12:04:34,delivery,,debit_card,completed
1008172,2,1619,2026-02-26 12:06:06,dine_in,,cash,completed
1008173,7,353,2026-02-26 12:09:14,delivery,,apple_pay,completed
1008174,10,,2026-02-26 12:11:55,takeout,,credit_card,completed
1008175,5,,2026-02-26 12:12:23,,,credit_card,completed
1008176,3,2363,2026-02-26 12:13:18,delivery,,apple_pay,completed
1008177,12,2273,2026-02-26 12:15:13,dine_in,,credit_card,completed
1008178,6,,2026-02-26 12:16:51,dine_in,,gift_card,completed
1008179,12,,2026-02-26 12:20:37,takeout,,debit_card,completed
1008180,16,1128,2026-02-26 12:22:33,dine_in,,apple_pay,completed
1008181,7,,2026-02-26 12:23:39,delivery,,apple_pay,completed
1008182,7,,2026-02-26 12:26:25,dine_in,,debit_card,completed
1008183,8,,2026-02-26 12:26:29,delivery,,credit_card,completed
1008184,14,311,2026-02-26 12:27:17,dine_in,,credit_card,completed
1008185,8,628,2026-02-26 12:27:49,takeout,,debit_card,completed
1008186,8,1182,2026-02-26 12:28:23,takeout,,credit_card,completed
1008187,10,450,2026-02-26 12:31:02,delivery,,debit_card,completed
1008188,7,,2026-02-26 12:32:27,takeout,,apple_pay,completed
1008189,9,,2026-02-26 12:35:48,dine_in,,credit_card,refunded
1008190,1,,2026-02-26 12:37:26,takeout,,debit_card,completed
1008191,18,2147,2026-02-26 12:39:01,dine_in,,credit_card,completed
1008192,16,962,2026-02-26 12:39:55,dine_in,,credit_card,completed
1008193,14,,2026-02-26 12:41:32,dine_in,,credit_card,completed
1008194,19,382,2026-02-26 12:41:40,dine_in,,credit_card,completed
1008195,9,1302,2026-02-26 12:43:25,drive_thru,,debit_card,completed
1008196,12,,2026-02-26 12:43:57,takeout,,credit_card,completed
1008197,10,1470,2026-02-26 12:44:30,dine_in,,apple_pay,completed
1008198,1,613,2026-02-26 12:45:06,dine_in,,credit_card,completed
1008199,14,2264,2026-02-26 12:47:07,delivery,,credit_card,completed
1008200,1,1176,2026-02-26 12:47:09,dine_in,,credit_card,completed
1008201,8,2428,2026-02-26 12:48:00,dine_in,,apple_pay,completed
1008202,7,,2026-02-26 12:50:11,takeout,,apple_pay,completed
1008203,9,2338,2026-02-26 12:55:13,drive_thru,,credit_card,completed
1008204,3,722,2026-02-26 12:56:47,dine_in,,credit_card,completed
1008205,16,,2026-02-26 12:57:52,dine_in,,credit_card,completed
1008206,17,1183,2026-02-26 13:08:34,dine_in,,credit_card,completed
1008207,13,,2026-02-26 13:11:49,delivery,,credit_card,completed
1008208,17,,2026-02-26 13:13:33,dine_in,,cash,completed
1008209,11,591,2026-02-26 13:19:04,takeout,,credit_card,completed
1008210,11,336,2026-02-26 13:22:45,dine_in,,gift_card,completed
1008211,6,2169,2026-02-26 13:24:09,drive_thru,,credit_card,cancelled
1008212,4,253,2026-02-26 13:34:32,delivery,,debit_card,completed
1008213,19,2496,2026-02-26 13:58:56,drive_thru,,apple_pay,completed
1008214,9,820,2026-02-26 14:38:10,dine_in,,debit_card,completed
1008215,5,,2026-02-26 14:42:14,dine_in,,debit_card,completed
1008216,1,,2026-02-26 15:17:52,dine_in,,debit_card,completed
1008217,15,2277,2026-02-26 15:58:42,drive_thru,,credit_card,completed
1008218,19,,2026-02-26 16:08:18,drive_thru,,credit_card,completed
1008219,8,,2026-02-26 16:12:47,dine_in,,credit_card,completed
1008220,11,,2026-02-26 16:14:42,dine_in,,credit_card,completed
1008221,14,67,2026-02-26 16:56:18,dine_in,,cash,completed
1008222,13,1005,2026-02-26 17:26:28,dine_in,,gift_card,completed
1008223,6,75,2026-02-26 17:31:24,dine_in,,gift_card,completed
1008224,14,1401,2026-02-26 17:46:27,delivery,,credit_card,completed
1008225,2,2208,2026-02-26 17:50:18,takeout,,apple_pay,completed
1008226,6,,2026-02-26 17:51:52,dine_in,,debit_card,completed
1008227,5,,2026-02-26 17:54:09,drive_thru,,apple_pay,completed
1008228,16,,2026-02-26 17:56:15,dine_in,,credit_card,completed
1008229,19,2483,2026-02-26 17:56:17,drive_thru,,debit_card,completed
1008230,12,860,2026-02-26 18:04:56,takeout,,credit_card,completed
1008231,19,2390,2026-02-26 18:05:09,takeout,,debit_card,completed
1008232,17,1147,2026-02-26 18:05:23,dine_in,,cash,cancelled
1008233,16,242,2026-02-26 18:07:40,delivery,,credit_card,completed
1008234,18,834,2026-02-26 18:10:00,dine_in,,credit_card,completed
1008235,4,1814,2026-02-26 18:17:11,delivery,,credit_card,completed
1008236,17,,2026-02-26 18:18:25,delivery,,credit_card,completed
1008237,10,,2026-02-26 18:20:36,takeout,,credit_card,completed
1008238,19,1931,2026-02-26 18:25:18,delivery,,credit_card,completed
1008239,6,,2026-02-26 18:26:23,dine_in,,apple_pay,completed
1008240,3,1654,2026-02-26 18:28:34,takeout,,cash,refunded
1008241,13,345,2026-02-26 18:31:44,dine_in,,credit_card,completed
1008242,18,259,2026-02-26 18:31:50,takeout,,gift_card,completed
1008243,16,1246,2026-02-26 18:33:52,dine_in,,apple_pay,completed
1008244,13,1108,2026-02-26 18:37:15,dine_in,,credit_card,completed
1008245,14,1725,2026-02-26 18:37:39,dine_in,,debit_card,completed
1008246,16,994,2026-02-26 18:39:02,dine_in,,credit_card,completed
1008247,16,199,2026-02-26 18:42:14,dine_in,,cash,completed
1008248,6,,2026-02-26 18:43:11,drive_thru,,credit_card,completed
1008249,10,,2026-02-26 18:44:27,dine_in,,credit_card,completed
1008250,1,,02/26/2026 18:46,dine_in,,credit_card,refunded
1008251,11,1513,2026-02-26 18:47:10,drive_thru,,credit_card,completed
1008252,7,2030,2026-02-26 18:54:47,dine_in,,gift_card,completed
1008253,19,2460,2026-02-26 18:58:05,delivery,,credit_card,completed
1008254,9,1758,02/26/2026 18:59,takeout,,cash,completed
1008255,5,54,2026-02-26 19:00:46,delivery,,apple_pay,completed
1008256,6,,2026-02-26 19:05:41,drive_thru,,gift_card,completed
1008257,9,1758,2026-02-26 19:06:18,takeout,,credit_card,completed
1008258,12,1426,2026-02-26 19:06:57,dine_in,,apple_pay,completed
1008259,10,1013,2026-02-26 19:08:46,delivery,,debit_card,completed
1008260,19,2046,2026-02-26 19:09:16,drive_thru,,credit_card,completed
1008261,4,,2026-02-26 19:10:22,drive_thru,,cash,completed
1008262,16,1762,2026-02-26 19:18:46,delivery,,credit_card,completed
1008263,6,,2026-02-26 19:19:12,drive_thru,,credit_card,completed
1008264,13,1684,2026-02-26 19:21:50,dine_in,,cash,completed
1008265,5,1871,2026-02-26 19:27:29,dine_in,,credit_card,completed
1008266,10,2038,2026-02-26 19:45:12,drive_thru,,credit_card,completed
1008267,11,1397,2026-02-26 19:52:10,dine_in,,credit_card,completed
1008268,1,575,2026-02-26 19:52:36,takeout,,credit_card,completed
1008269,1,1336,2026-02-26 19:53:33,dine_in,,apple_pay,refunded
1008270,17,,2026-02-26 19:57:20,dine_in,,credit_card,refunded
1008271,17,1477,2026-02-26 19:59:06,dine_in,,apple_pay,completed
1008272,2,,2026-02-26 20:06:40,dine_in,,apple_pay,completed
1008273,18,684,2026-02-26 20:08:05,dine_in,,apple_pay,completed
1008274,2,2399,2026-02-26 20:15:01,takeout,,apple_pay,completed
1008275,8,457,2026-02-26 20:17:31,takeout,,credit_card,completed
1008276,17,,2026-02-26 20:32:44,delivery,,credit_card,completed
1008277,14,,2026-02-26 21:20:30,takeout,,credit_card,completed
1008278,13,,2026-02-26 21:36:59,delivery,,apple_pay,completed
1008279,19,2483,2026-02-26 21:50:33,drive_thru,,cash,completed
1008280,4,533,2026-02-27 11:11:54,dine_in,,credit_card,completed
1008281,4,1892,2026-02-27 11:22:25,dine_in,,credit_card,completed
1008282,15,1002,2026-02-27 11:28:05,dine_in,,debit_card,completed
1008283,18,132,2026-02-27 11:32:04,drive_thru,,cash,cancelled
1008284,1,806,2026-02-27 11:43:33,takeout,,apple_pay,completed
1008285,6,980,2026-02-27 11:44:42,drive_thru,,credit_card,completed
1008286,11,,2026-02-27 11:46:47,drive_thru,,credit_card,completed
1008287,10,2115,2026-02-27 11:48:32,delivery,,debit_card,completed
1008288,19,571,2026-02-27 11:49:33,delivery,,credit_card,completed
1008289,11,,2026-02-27 11:50:26,drive_thru,,cash,completed
1008290,3,2217,2026-02-27 11:51:48,takeout,,credit_card,completed
1008291,4,1578,2026-02-27 11:51:56,dine_in,,credit_card,completed
1008292,10,,2026-02-27 11:55:36,drive_thru,,credit_card,completed
1008293,7,,2026-02-27 11:55:58,dine_in,,debit_card,completed
1008294,8,1269,2026-02-27 11:58:00,dine_in,,credit_card,completed
1008295,8,2143,2026-02-27 12:00:56,delivery,,debit_card,completed
1008296,4,,2026-02-27 12:01:32,dine_in,,credit_card,completed
1008297,19,,2026-02-27 12:02:36,delivery,,apple_pay,completed
1008298,9,1070,2026-02-27 12:03:11,dine_in,,cash,completed
1008299,2,78,2026-02-27 12:04:05,dine_in,,debit_card,completed
1008300,11,2220,2026-02-27 12:04:52,takeout,,credit_card,completed
1008301,11,,2026-02-27 12:08:33,dine_in,,apple_pay,completed
1008302,7,967,2026-02-27 12:11:05,delivery,,debit_card,completed
1008303,1,1882,2026-02-27 12:11:08,dine_in,,gift_card,completed
1008304,2,,2026-02-27 12:13:27,takeout,,credit_card,completed
1008305,9,1957,02/27/2026 12:15,dine_in,,credit_card,completed
1008306,3,1102,2026-02-27 12:15:25,takeout,,credit_card,completed
1008307,4,1165,2026-02-27 12:16:00,takeout,,apple_pay,completed
1008308,19,668,2026-02-27 12:18:39,drive_thru,,credit_card,completed
1008309,12,38,2026-02-27 12:19:17,dine_in,,credit_card,completed
1008310,6,,2026-02-27 12:22:54,dine_in,,apple_pay,completed
1008311,17,,2026-02-27 12:23:05,dine_in,,credit_card,completed
1008312,3,,2026-02-27 12:24:33,delivery,,credit_card,completed
1008313,12,860,2026-02-27 12:26:45,delivery,,debit_card,completed
1008314,17,908,2026-02-27 12:28:37,takeout,,credit_card,completed
1008315,10,15,2026-02-27 12:30:15,dine_in,,credit_card,completed
1008316,17,314,2026-02-27 12:30:16,dine_in,,cash,completed
1008317,17,1963,2026-02-27 12:31:10,takeout,,cash,completed
1008318,12,1940,2026-02-27 12:31:50,delivery,,credit_card,completed
1008319,15,,2026-02-27 12:32:33,dine_in,,credit_card,completed
1008320,7,,2026-02-27 12:33:21,dine_in,,credit_card,completed
1008321,10,1454,2026-02-27 12:37:34,takeout,,gift_card,completed
1008322,4,1144,2026-02-27 12:38:00,delivery,,apple_pay,completed
1008323,5,2095,2026-02-27 12:41:46,takeout,,apple_pay,completed
1008324,18,501,2026-02-27 12:42:03,takeout,,credit_card,completed
1008325,15,160,2026-02-27 12:44:46,takeout,,gift_card,completed
1008326,13,633,2026-02-27 12:46:07,delivery,,apple_pay,completed
1008327,14,,2026-02-27 12:46:49,delivery,,credit_card,completed
1008328,7,1904,2026-02-27 12:47:15,takeout,,debit_card,completed
1008329,1,,2026-02-27 12:47:43,takeout,,credit_card,completed
1008330,11,1468,2026-02-27 12:48:21,dine_in,,credit_card,completed
1008331,1,,2026-02-27 12:49:03,dine_in,,debit_card,completed
1008332,11,269,2026-02-27 12:52:51,takeout,,cash,completed
1008333,19,2198,2026-02-27 12:57:12,takeout,,credit_card,completed
1008334,5,761,2026-02-27 13:01:48,dine_in,,credit_card,completed
1008335,4,179,2026-02-27 13:02:01,drive_thru,,debit_card,completed
1008336,14,1214,2026-02-27 13:03:55,dine_in,,cash,completed
1008337,4,1027,2026-02-27 13:05:04,dine_in,,credit_card,completed
1008338,12,816,2026-02-27 13:08:51,delivery,,credit_card,completed
1008339,4,1090,2026-02-27 13:13:37,dine_in,,credit_card,cancelled
1008340,18,1893,2026-02-27 13:13:38,dine_in,,credit_card,completed
1008341,18,1893,2026-02-27 13:14:34,drive_thru,,debit_card,completed
1008342,19,1387,2026-02-27 13:14:54,dine_in,,credit_card,completed
1008343,14,1777,2026-02-27 13:15:39,drive_thru,,debit_card,completed
1008344,2,2244,2026-02-27 13:16:54,takeout,,cash,completed
1008345,6,,2026-02-27 13:19:16,drive_thru,,credit_card,completed
1008346,17,1391,2026-02-27 13:19:40,delivery,,credit_card,completed
1008347,8,,2026-02-27 13:19:45,dine_in,,credit_card,completed
1008348,12,,2026-02-27 13:20:50,delivery,,credit_card,completed
1008349,1,2004,2026-02-27 13:21:36,dine_in,,credit_card,completed
1008350,8,297,2026-02-27 13:23:13,delivery,,debit_card,completed
1008351,19,,02/27/2026 13:28,dine_in,,apple_pay,completed
1008352,19,1411,2026-02-27 13:28:52,drive_thru,,credit_card,completed
1008353,12,,2026-02-27 13:33:31,dine_in,,apple_pay,completed
1008354,10,,2026-02-27 13:36:08,drive_thru,,credit_card,cancelled
1008355,14,2316,2026-02-27 13:38:14,dine_in,,credit_card,completed
1008356,13,592,2026-02-27 13:53:32,dine_in,,credit_card,completed
1008357,16,,2026-02-27 13:56:27,dine_in,,debit_card,completed
1008358,12,753,2026-02-27 14:37:56,delivery,,credit_card,completed
1008359,14,,2026-02-27 14:38:28,drive_thru,,debit_card,completed
1008360,3,,2026-02-27 15:23:04,,,credit_card,completed
1008361,3,,2026-02-27 15:41:36,dine_in,,credit_card,completed
1008362,9,18,2026-02-27 15:46:08,delivery,,credit_card,completed
1008363,19,90,2026-02-27 16:01:00,takeout,,credit_card,completed
1008364,9,,2026-02-27 16:15:52,delivery,,credit_card,completed
1008365,1,821,2026-02-27 16:19:14,dine_in,,apple_pay,completed
1008366,15,,2026-02-27 17:24:10,takeout,,apple_pay,completed
1008367,7,,2026-02-27 17:26:20,delivery,,gift_card,completed
1008368,16,1521,2026-02-27 17:27:08,dine_in,,apple_pay,completed
1008369,11,,2026-02-27 17:29:24,takeout,,cash,completed
1008370,3,2396,2026-02-27 17:34:01,dine_in,,cash,completed
1008371,13,886,2026-02-27 17:37:24,dine_in,,apple_pay,completed
1008372,19,,2026-02-27 17:54:49,delivery,,debit_card,completed
1008373,19,501,2026-02-27 18:01:21,dine_in,,credit_card,completed
1008374,3,247,2026-02-27 18:07:15,dine_in,,credit_card,completed
1008375,12,,2026-02-27 18:12:28,dine_in,,cash,completed
1008376,4,,2026-02-27 18:16:10,delivery,,credit_card,completed
1008377,13,,2026-02-27 18:17:24,dine_in,,cash,completed
1008378,1,,2026-02-27 18:19:14,dine_in,,debit_card,completed
1008379,8,,2026-02-27 18:23:28,dine_in,,apple_pay,completed
1008380,4,1609,2026-02-27 18:24:33,dine_in,,credit_card,completed
1008381,11,,2026-02-27 18:26:05,dine_in,,credit_card,completed
1008382,8,,2026-02-27 18:26:26,delivery,,credit_card,completed
1008383,5,1938,2026-02-27 18:28:04,takeout,,credit_card,completed
1008384,6,,2026-02-27 18:28:36,drive_thru,,gift_card,completed
1008385,13,1782,2026-02-27 18:29:12,dine_in,,credit_card,completed
1008386,15,,2026-02-27 18:29:38,dine_in,,credit_card,completed
1008387,2,1888,2026-02-27 18:31:37,delivery,,gift_card,completed
1008388,14,815,2026-02-27 18:32:04,takeout,,debit_card,completed
1008389,10,734,2026-02-27 18:32:25,dine_in,,apple_pay,completed
1008390,13,348,2026-02-27 18:34:02,dine_in,,cash,completed
1008391,10,114,2026-02-27 18:34:26,takeout,,apple_pay,completed
1008392,12,794,2026-02-27 18:36:56,dine_in,,cash,completed
1008393,14,,2026-02-27 18:37:08,drive_thru,,debit_card,completed
1008394,3,,2026-02-27 18:37:38,dine_in,,credit_card,completed
1008395,2,1133,2026-02-27 18:40:36,dine_in,,cash,completed
1008396,1,978,2026-02-27 18:43:38,delivery,,credit_card,completed
1008397,11,1719,2026-02-27 18:49:35,takeout,,debit_card,completed
1008398,16,1521,2026-02-27 18:51:26,delivery,,credit_card,completed
1008399,5,,2026-02-27 18:51:35,takeout,,credit_card,completed
1008400,13,1214,2026-02-27 18:54:14,delivery,,apple_pay,completed
1008401,18,,2026-02-27 18:54:22,delivery,,debit_card,completed
1008402,14,298,2026-02-27 18:58:16,takeout,,credit_card,completed
1008403,13,,2026-02-27 19:01:11,dine_in,,credit_card,completed
1008404,12,,2026-02-27 19:01:23,takeout,,apple_pay,completed
1008405,11,2394,2026-02-27 19:01:37,dine_in,,apple_pay,completed
1008406,13,794,2026-02-27 19:01:39,takeout,,credit_card,completed
1008407,17,96,2026-02-27 19:01:46,dine_in,,credit_card,completed
1008408,3,786,2026-02-27 19:02:18,takeout,,credit_card,completed
1008409,14,,2026-02-27 19:02:32,drive_thru,,debit_card,completed
1008410,12,2289,2026-02-27 19:05:28,delivery,,credit_card,completed
1008411,4,2062,2026-02-27 19:05:39,dine_in,,apple_pay,completed
1008412,3,2439,2026-02-27 19:07:14,dine_in,,credit_card,completed
1008413,10,,2026-02-27 19:15:33,drive_thru,,credit_card,completed
1008414,10,1668,2026-02-27 19:18:13,delivery,,debit_card,completed
1008415,6,,2026-02-27 19:18:42,dine_in,,debit_card,completed
1008416,16,,2026-02-27 19:19:02,takeout,,credit_card,completed
1008417,14,,2026-02-27 19:20:37,dine_in,,credit_card,completed
1008418,2,,2026-02-27 19:20:44,takeout,,credit_card,completed
1008419,8,,02/27/2026 19:20,dine_in,,credit_card,completed
1008420,8,2348,2026-02-27 19:22:51,dine_in,,cash,completed
1008421,14,1990,2026-02-27 19:24:47,takeout,,credit_card,completed
1008422,3,2099,2026-02-27 19:31:43,takeout,,credit_card,completed
1008423,13,401,2026-02-27 19:32:44,dine_in,,cash,completed
1008424,5,1030,2026-02-27 19:34:16,dine_in,,cash,cancelled
1008425,14,1539,2026-02-27 19:43:35,dine_in,,credit_card,completed
1008426,11,2436,2026-02-27 19:43:49,takeout,,credit_card,completed
1008427,19,1809,2026-02-27 19:45:00,dine_in,,debit_card,completed
1008428,15,781,2026-02-27 19:56:07,delivery,,credit_card,refunded
1008429,9,,2026-02-27 19:59:31,takeout,,debit_card,completed
1008430,6,,2026-02-27 20:13:10,takeout,,debit_card,cancelled
1008431,4,,2026-02-27 20:45:08,drive_thru,,credit_card,completed
1008432,14,471,2026-02-27 20:48:23,delivery,,credit_card,completed
1008433,11,,2026-02-27 21:03:55,takeout,,debit_card,completed
1008434,17,2259,2026-02-27 21:23:50,dine_in,,credit_card,completed
1008435,2,2137,2026-02-27 21:56:52,takeout,,credit_card,completed
1008436,1,1090,2026-02-28 10:39:23,dine_in,,debit_card,completed
1008437,18,583,2026-02-28 11:12:19,drive_thru,,credit_card,completed
1008438,8,640,2026-02-28 11:19:50,dine_in,,debit_card,completed
1008439,12,,2026-02-28 11:21:49,delivery,,debit_card,cancelled
1008440,12,1912,2026-02-28 11:23:57,takeout,,cash,cancelled
1008441,11,506,2026-02-28 11:25:51,delivery,,credit_card,completed
1008442,8,1047,2026-02-28 11:27:19,takeout,,cash,completed
1008443,10,452,2026-02-28 11:45:06,takeout,,credit_card,completed
1008444,7,,2026-02-28 11:46:08,takeout,,debit_card,completed
1008445,6,137,2026-02-28 11:48:03,takeout,,apple_pay,completed
1008446,2,,2026-02-28 11:50:32,dine_in,,credit_card,completed
1008447,19,507,2026-02-28 11:52:00,drive_thru,,apple_pay,completed
1008448,14,1898,2026-02-28 11:52:01,takeout,,credit_card,completed
1008449,15,,2026-02-28 11:52:23,takeout,,credit_card,completed
1008450,5,,2026-02-28 11:57:37,dine_in,,cash,completed
1008451,9,50,2026-02-28 11:58:46,dine_in,,gift_card,completed
1008452,8,,2026-02-28 12:01:33,takeout,,apple_pay,completed
1008453,17,,2026-02-28 12:05:04,dine_in,,credit_card,completed
1008454,17,,2026-02-28 12:05:07,dine_in,,cash,completed
1008455,5,1522,2026-02-28 12:05:30,delivery,,credit_card,completed
1008456,12,625,2026-02-28 12:05:40,takeout,,credit_card,completed
1008457,4,,2026-02-28 12:08:32,takeout,,credit_card,completed
1008458,10,645,2026-02-28 12:10:48,drive_thru,,credit_card,completed
1008459,11,609,2026-02-28 12:10:53,drive_thru,,cash,completed
1008460,16,,2026-02-28 12:10:53,takeout,,credit_card,completed
1008461,14,629,2026-02-28 12:11:25,takeout,,debit_card,completed
1008462,19,1315,2026-02-28 12:12:18,drive_thru,,credit_card,completed
1008463,13,633,2026-02-28 12:12:21,dine_in,,gift_card,completed
1008464,10,125,2026-02-28 12:12:25,dine_in,,credit_card,completed
1008465,10,,2026-02-28 12:14:00,delivery,,debit_card,completed
1008466,3,1113,2026-02-28 12:16:31,takeout,,cash,completed
1008467,6,2469,2026-02-28 12:17:13,takeout,,debit_card,completed
1008468,17,1869,2026-02-28 12:17:36,takeout,,credit_card,completed
1008469,9,1410,2026-02-28 12:17:51,drive_thru,,credit_card,completed
1008470,2,1501,2026-02-28 12:18:04,dine_in,,debit_card,completed
1008471,16,,2026-02-28 12:19:23,takeout,,credit_card,completed
1008472,17,695,2026-02-28 12:27:14,dine_in,,apple_pay,completed
1008473,7,1866,2026-02-28 12:28:35,delivery,,debit_card,completed
1008474,6,1333,2026-02-28 12:29:14,drive_thru,,credit_card,completed
1008475,4,,2026-02-28 12:30:38,drive_thru,,gift_card,completed
1008476,13,2431,2026-02-28 12:31:01,delivery,,debit_card,completed
1008477,6,,2026-02-28 12:31:07,takeout,,gift_card,cancelled
1008478,6,24,2026-02-28 12:33:49,delivery,,credit_card,completed
1008479,10,1538,2026-02-28 12:34:19,,,credit_card,completed
1008480,3,,2026-02-28 12:34:30,dine_in,,gift_card,completed
1008481,13,1072,2026-02-28 12:34:34,dine_in,,credit_card,completed
1008482,8,2014,2026-02-28 12:34:40,delivery,,apple_pay,completed
1008483,8,,2026-02-28 12:35:11,delivery,,apple_pay,completed
1008484,17,96,2026-02-28 12:35:44,dine_in,,credit_card,refunded
1008485,4,,2026-02-28 12:37:24,dine_in,,apple_pay,completed
1008486,8,1844,2026-02-28 12:37:27,dine_in,,credit_card,completed
1008487,8,268,2026-02-28 12:38:04,dine_in,,apple_pay,completed
1008488,3,,2026-02-28 12:38:12,takeout,,credit_card,completed
1008489,14,1184,2026-02-28 12:41:38,takeout,,cash,completed
1008490,3,,2026-02-28 12:42:00,dine_in,,credit_card,completed
1008491,3,282,2026-02-28 12:43:07,dine_in,,credit_card,completed
1008492,7,,2026-02-28 12:44:09,takeout,,credit_card,completed
1008493,13,419,2026-02-28 12:44:53,takeout,,credit_card,completed
1008494,10,,2026-02-28 12:44:59,dine_in,,cash,completed
1008495,13,699,2026-02-28 12:45:25,dine_in,,apple_pay,completed
1008496,5,,2026-02-28 12:46:10,delivery,,credit_card,completed
1008497,9,,2026-02-28 12:46:15,dine_in,,cash,completed
1008498,16,,2026-02-28 12:46:49,takeout,,credit_card,completed
1008499,4,1927,2026-02-28 12:47:13,drive_thru,,debit_card,completed
1008500,17,305,2026-02-28 12:50:24,delivery,,credit_card,completed
1008501,3,2127,2026-02-28 12:51:40,delivery,,credit_card,completed
1008502,8,287,2026-02-28 12:52:35,delivery,,credit_card,completed
1008503,2,2208,2026-02-28 12:58:48,delivery,,credit_card,completed
1008504,18,1689,2026-02-28 13:00:01,drive_thru,,debit_card,completed
1008505,10,,2026-02-28 13:00:41,drive_thru,,debit_card,completed
1008506,17,2254,2026-02-28 13:00:53,dine_in,,gift_card,completed
1008507,18,394,2026-02-28 13:01:01,drive_thru,,debit_card,completed
1008508,2,,2026-02-28 13:01:34,delivery,,credit_card,completed
1008509,5,,2026-02-28 13:02:34,delivery,,credit_card,completed
1008510,1,,2026-02-28 13:02:53,delivery,,credit_card,completed
1008511,14,,2026-02-28 13:05:37,drive_thru,,apple_pay,completed
1008512,15,2232,2026-02-28 13:10:16,delivery,,gift_card,completed
1008513,1,,2026-02-28 13:10:17,dine_in,,debit_card,completed
1008514,2,1374,2026-02-28 13:11:56,delivery,,credit_card,completed
1008515,13,1288,2026-02-28 13:12:23,dine_in,,apple_pay,completed
1008516,5,,2026-02-28 13:12:55,dine_in,,credit_card,completed
1008517,16,1557,2026-02-28 13:13:03,dine_in,,cash,completed
1008518,17,2460,2026-02-28 13:13:32,takeout,,credit_card,completed
1008519,14,446,2026-02-28 13:15:11,delivery,,credit_card,completed
1008520,10,,2026-02-28 13:15:27,drive_thru,,debit_card,completed
1008521,7,,2026-02-28 13:15:52,dine_in,,credit_card,completed
1008522,4,,2026-02-28 13:16:14,dine_in,,debit_card,completed
1008523,17,53,2026-02-28 13:16:32,takeout,,credit_card,completed
1008524,2,2304,2026-02-28 13:27:56,takeout,,credit_card,completed
1008525,12,,2026-02-28 13:31:26,dine_in,,credit_card,completed
1008526,19,215,2026-02-28 13:33:44,dine_in,,cash,completed
1008527,3,786,2026-02-28 13:35:33,delivery,,credit_card,completed
1008528,3,210,2026-02-28 13:40:30,dine_in,,credit_card,completed
1008529,19,301,2026-02-28 13:44:13,delivery,,credit_card,completed
1008530,12,470,2026-02-28 13:58:41,takeout,,cash,completed
1008531,4,1090,2026-02-28 13:59:11,drive_thru,,debit_card,completed
1008532,12,,2026-02-28 14:04:56,dine_in,,apple_pay,completed
1008533,7,,2026-02-28 14:10:33,dine_in,,credit_card,completed
1008534,14,,2026-02-28 14:29:00,delivery,,credit_card,completed
1008535,15,554,2026-02-28 14:51:38,drive_thru,,credit_card,cancelled
1008536,9,,2026-02-28 14:57:37,drive_thru,,cash,completed
1008537,13,1877,2026-02-28 15:14:26,takeout,,credit_card,completed
1008538,17,,2026-02-28 15:21:24,takeout,,credit_card,completed
1008539,1,2032,2026-02-28 16:15:22,takeout,,debit_card,completed
1008540,2,,2026-02-28 16:45:15,takeout,,credit_card,completed
1008541,19,,2026-02-28 16:58:49,delivery,,credit_card,completed
1008542,8,1526,2026-02-28 17:17:51,dine_in,,credit_card,completed
1008543,7,1767,2026-02-28 17:23:51,delivery,,credit_card,cancelled
1008544,2,1436,2026-02-28 17:25:32,dine_in,,credit_card,completed
1008545,8,2261,2026-02-28 17:30:39,dine_in,,credit_card,completed
1008546,4,1571,2026-02-28 17:32:17,drive_thru,,credit_card,completed
1008547,14,35,2026-02-28 17:32:55,delivery,,debit_card,completed
1008548,14,,2026-02-28 17:36:48,drive_thru,,credit_card,completed
1008549,19,150,2026-02-28 17:45:25,drive_thru,,credit_card,completed
1008550,8,,2026-02-28 17:48:53,takeout,,apple_pay,completed
1008551,10,1305,2026-02-28 17:56:50,dine_in,,debit_card,completed
1008552,6,1033,2026-02-28 17:57:57,,,credit_card,completed
1008553,17,218,02/28/2026 18:02,dine_in,,gift_card,refunded
1008554,4,2184,2026-02-28 18:04:12,drive_thru,,credit_card,completed
1008555,15,,2026-02-28 18:05:02,drive_thru,,credit_card,completed
1008556,5,707,2026-02-28 18:09:02,drive_thru,,credit_card,completed
1008557,16,,2026-02-28 18:09:14,takeout,,apple_pay,completed
1008558,7,1256,2026-02-28 18:11:55,delivery,,credit_card,completed
1008559,9,709,2026-02-28 18:16:23,dine_in,,apple_pay,completed
1008560,4,1578,2026-02-28 18:17:44,dine_in,,apple_pay,refunded
1008561,4,,2026-02-28 18:18:36,drive_thru,,cash,completed
1008562,1,2098,2026-02-28 18:22:53,dine_in,,credit_card,completed
1008563,8,1327,2026-02-28 18:24:51,dine_in,,debit_card,cancelled
1008564,6,1033,2026-02-28 18:28:53,dine_in,,cash,refunded
1008565,5,1437,2026-02-28 18:29:53,takeout,,credit_card,completed
1008566,3,,2026-02-28 18:30:50,dine_in,,credit_card,completed
1008567,18,,2026-02-28 18:31:01,drive_thru,,debit_card,completed
1008568,15,1005,2026-02-28 18:32:36,dine_in,,gift_card,completed
1008569,7,988,2026-02-28 18:33:08,dine_in,,credit_card,completed
1008570,12,802,2026-02-28 18:34:29,dine_in,,apple_pay,completed
1008571,19,,2026-02-28 18:36:33,dine_in,,credit_card,completed
1008572,5,186,2026-02-28 18:37:32,dine_in,,debit_card,completed
1008573,16,543,2026-02-28 18:39:25,dine_in,,credit_card,completed
1008574,3,2368,2026-02-28 18:41:01,delivery,,credit_card,completed
1008575,4,,2026-02-28 18:41:18,drive_thru,,apple_pay,completed
1008576,6,1090,2026-02-28 18:41:58,takeout,,credit_card,completed
1008577,7,1350,2026-02-28 18:42:35,delivery,,credit_card,completed
1008578,13,288,2026-02-28 18:43:59,,,credit_card,completed
1008579,16,1579,2026-02-28 18:47:08,takeout,,credit_card,completed
1008580,15,,2026-02-28 18:48:16,dine_in,,credit_card,completed
1008581,5,,2026-02-28 18:51:04,drive_thru,,credit_card,completed
1008582,4,2399,2026-02-28 18:51:09,delivery,,debit_card,completed
1008583,19,1544,2026-02-28 18:51:55,drive_thru,,apple_pay,completed
1008584,6,1035,2026-02-28 18:52:00,drive_thru,,gift_card,completed
1008585,8,,2026-02-28 18:54:53,dine_in,,apple_pay,completed
1008586,13,,2026-02-28 18:54:55,dine_in,,credit_card,completed
1008587,14,679,2026-02-28 18:56:43,delivery,,credit_card,completed
1008588,3,,2026-02-28 18:58:50,delivery,,credit_card,completed
1008589,4,,2026-02-28 18:58:54,dine_in,,debit_card,completed
1008590,6,1997,2026-02-28 19:03:33,takeout,,credit_card,completed
1008591,14,2277,2026-02-28 19:03:53,drive_thru,,cash,completed
1008592,15,1614,2026-02-28 19:05:00,delivery,,credit_card,completed
1008593,7,1759,2026-02-28 19:06:01,dine_in,,credit_card,completed
1008594,8,986,2026-02-28 19:06:02,delivery,,credit_card,completed
1008595,19,,2026-02-28 19:07:00,dine_in,,credit_card,completed
1008596,10,,2026-02-28 19:08:15,dine_in,,apple_pay,completed
1008597,4,1205,2026-02-28 19:12:03,takeout,,apple_pay,completed
1008598,12,,2026-02-28 19:13:59,delivery,,credit_card,completed
1008599,11,1873,2026-02-28 19:16:58,delivery,,credit_card,completed
1008600,14,2280,2026-02-28 19:17:07,drive_thru,,credit_card,completed
1008601,18,259,2026-02-28 19:19:26,drive_thru,,debit_card,completed
1008602,7,2223,2026-02-28 19:19:45,takeout,,debit_card,completed
1008603,6,1386,2026-02-28 19:21:12,dine_in,,cash,completed
1008604,2,2407,2026-02-28 19:22:09,takeout,,credit_card,completed
1008605,12,1598,2026-02-28 19:25:35,dine_in,,cash,completed
1008606,18,,2026-02-28 19:26:26,drive_thru,,credit_card,completed
1008607,7,568,2026-02-28 19:30:54,dine_in,,credit_card,completed
1008608,10,,2026-02-28 19:33:30,delivery,,debit_card,completed
1008609,10,,2026-02-28 19:35:49,delivery,,credit_card,completed
1008610,17,408,2026-02-28 19:35:50,takeout,,cash,completed
1008611,6,,2026-02-28 19:37:56,delivery,,credit_card,completed
1008612,3,1634,2026-02-28 19:38:11,delivery,,debit_card,completed
1008613,15,,2026-02-28 19:40:42,takeout,,credit_card,completed
1008614,7,1350,2026-02-28 19:42:19,takeout,,cash,completed
1008615,2,1971,2026-02-28 19:43:23,dine_in,,credit_card,completed
1008616,14,815,2026-02-28 19:43:37,takeout,,credit_card,completed
1008617,16,,2026-02-28 19:46:26,dine_in,,credit_card,completed
1008618,19,150,02/28/2026 19:46,drive_thru,,credit_card,completed
1008619,12,,2026-02-28 19:50:51,takeout,,gift_card,completed
1008620,3,,2026-02-28 19:51:14,dine_in,,credit_card,completed
1008621,4,1506,2026-02-28 19:52:16,drive_thru,,credit_card,completed
1008622,7,,2026-02-28 19:57:08,dine_in,,credit_card,completed
1008623,19,2163,2026-02-28 20:01:08,dine_in,,credit_card,completed
1008624,1,32,2026-02-28 20:01:22,dine_in,,credit_card,completed
1008625,14,,2026-02-28 20:03:52,dine_in,,credit_card,completed
1008626,10,,2026-02-28 20:07:31,drive_thru,,credit_card,completed
1008627,3,238,2026-02-28 20:14:04,dine_in,,debit_card,completed
1008628,16,33,2026-02-28 20:14:12,takeout,,apple_pay,completed
1008629,6,1778,2026-02-28 20:21:55,drive_thru,,apple_pay,completed
1008630,10,1685,2026-02-28 20:24:01,dine_in,,credit_card,completed
1008631,8,2492,2026-02-28 20:29:34,delivery,,debit_card,completed
1008632,16,2007,2026-02-28 20:31:11,dine_in,,cash,completed
1008633,8,,2026-02-28 20:36:30,delivery,,credit_card,completed
1008634,4,2294,2026-02-28 21:21:51,delivery,,credit_card,completed
1008635,1,,2026-02-28 21:40:13,takeout,,credit_card,completed
1008636,18,,2026-02-28 21:44:20,drive_thru,,debit_card,completed
1008637,7,,2026-02-28 21:52:28,delivery,,credit_card,completed
1008638,12,2172,2026-02-28 21:55:52,dine_in,,debit_card,completed
