order_id,location_id,customer_id,order_ts,channel,promo_code,payment_type,order_status
1008644,5,1527,2026-03-01 11:44:37,drive_thru,,credit_card,completed
1009012,6,1837,2026-03-03 16:21:28,drive_thru,TACOBOGO,credit_card,completed
1009014,11,,2026-03-03 17:01:53,dine_in,,credit_card,completed
1009022,4,1577,2026-03-03 17:37:04,drive_thru,,gift_card,completed
1009123,4,,2026-03-03 20:04:36,drive_thru,TACOBOGO,credit_card,completed
1009282,18,,2026-03-05 11:54:47,drive_thru,,credit_card,refunded
1009525,6,537,2026-03-06 19:40:03,drive_thru,,cash,refunded
1009573,6,2493,2026-03-07 12:07:05,drive_thru,,debit_card,refunded
1009602,2,317,2026-03-07 12:45:04,delivery,,credit_card,completed
1009796,19,954,2026-03-08 13:33:39,delivery,,credit_card,refunded
1009810,4,1625,2026-03-08 17:35:33,delivery,,gift_card,refunded
1009853,13,2345,2026-03-08 19:35:53,dine_in,,credit_card,refunded
1009860,4,1743,2026-03-08 20:18:29,drive_thru,,debit_card,completed
1009916,4,,2026-03-09 13:15:10,delivery,,credit_card,refunded
1009917,10,1796,2026-03-09 13:18:41,delivery,,credit_card,completed
1009999,9,976,2026-03-10 12:01:24,drive_thru,TACOBOGO,debit_card,completed
1010063,4,868,2026-03-10 14:56:59,dine_in,TACOBOGO,credit_card,completed
1010181,18,,2026-03-10 20:52:46,dine_in,TACOBOGO,debit_card,refunded
1010237,15,1727,2026-03-11 13:00:30,dine_in,,credit_card,completed
1010249,1,1929,2026-03-11 13:27:56,dine_in,,debit_card,completed
1010308,2,1938,2026-03-11 19:25:40,delivery,,credit_card,refunded
1010440,17,,2026-03-12 19:03:27,dine_in,,cash,completed
1010626,15,,2026-03-13 19:46:36,delivery,,credit_card,refunded
1010703,3,1596,2026-03-14 12:45:08,dine_in,,credit_card,completed
1010750,1,2018,2026-03-14 18:05:55,delivery,,credit_card,cancelled
1010793,1,801,2026-03-14 19:18:41,takeout,,debit_card,completed
1010859,13,,2026-03-15 12:09:46,dine_in,,debit_card,refunded
1011027,19,411,2026-03-16 13:01:28,delivery,,credit_card,completed
1011038,4,1524,2026-03-16 14:34:55,delivery,,gift_card,refunded
1011094,6,2275,2026-03-16 19:56:18,dine_in,,credit_card,completed
1011373,13,1072,2026-03-18 13:18:10,dine_in,,cash,completed
1011383,17,908,2026-03-18 16:13:01,takeout,,cash,completed
1011447,17,,2026-03-19 11:54:13,dine_in,,credit_card,refunded
1011600,3,1582,2026-03-20 11:20:05,dine_in,,debit_card,completed
1011609,17,,2026-03-20 11:50:58,dine_in,,credit_card,completed
1011687,3,,2026-03-20 16:39:30,delivery,,credit_card,completed
1011767,12,,2026-03-20 19:37:28,dine_in,,debit_card,refunded
1011893,17,,2026-03-21 17:37:57,dine_in,,gift_card,completed
1012150,14,828,2026-03-22 20:33:52,dine_in,,credit_card,refunded
1012205,15,1727,2026-03-23 13:03:58,delivery,,credit_card,completed
1012241,7,1950,2026-03-23 18:58:30,takeout,,gift_card,completed
1012306,19,1498,2026-03-24 12:09:56,drive_thru,TACOBOGO,credit_card,completed
1012381,5,,2026-03-24 13:16:20,drive_thru,TACOBOGO,cash,completed
1012430,3,17,2026-03-24 18:12:12,dine_in,TACOBOGO,credit_card,completed
1012518,12,811,2026-03-24 20:39:18,dine_in,TACOBOGO,gift_card,refunded
1012519,10,302,2026-03-24 20:54:43,takeout,TACOBOGO,credit_card,refunded
1012651,6,,2026-03-26 12:01:36,dine_in,,credit_card,refunded
1012692,8,,2026-03-26 13:07:58,delivery,,credit_card,completed
1012731,6,,2026-03-26 19:04:29,dine_in,,credit_card,completed
1013037,4,1848,2026-03-28 13:05:21,takeout,,apple_pay,completed
1013063,4,1677,2026-03-28 15:14:31,delivery,,apple_pay,completed
1013065,4,1608,2026-03-28 16:01:24,takeout,,credit_card,completed
1013109,12,,2026-03-28 19:04:06,dine_in,,credit_card,refunded
1013124,12,,2026-03-28 19:20:45,delivery,,credit_card,refunded
1013133,12,470,2026-03-28 19:34:44,takeout,,credit_card,refunded
1013278,6,2439,2026-03-29 19:20:44,drive_thru,,credit_card,completed
1013655,6,1651,2026-04-01 10:30:45,drive_thru,,credit_card,completed
1013656,14,2391,2026-04-01 10:31:03,delivery,,credit_card,completed
1013657,4,2262,2026-04-01 10:58:08,drive_thru,,credit_card,completed
1013658,14,,2026-04-01 11:00:05,drive_thru,,apple_pay,completed
1013659,11,940,2026-04-01 11:15:11,dine_in,,credit_card,completed
1013660,7,2068,2026-04-01 11:29:58,dine_in,,apple_pay,completed
1013661,8,,2026-04-01 11:31:46,takeout,,credit_card,completed
1013662,2,2239,2026-04-01 11:39:18,takeout,,gift_card,completed
1013663,13,,2026-04-01 11:48:11,dine_in,,credit_card,completed
1013664,12,265,2026-04-01 11:50:52,dine_in,,debit_card,completed
1013665,13,44,2026-04-01 11:55:12,takeout,,cash,completed
1013666,8,52,2026-04-01 11:59:32,delivery,,credit_card,completed
1013667,20,,2026-04-01 12:00:07,takeout,,credit_card,completed
1013668,7,,2026-04-01 12:03:58,delivery,,apple_pay,completed
1013669,4,2402,2026-04-01 12:06:39,drive_thru,,credit_card,completed
1013670,4,2104,2026-04-01 12:07:21,delivery,,apple_pay,completed
1013671,10,628,2026-04-01 12:09:30,dine_in,,cash,completed
1013672,11,,2026-04-01 12:14:14,takeout,,debit_card,cancelled
1013673,8,,2026-04-01 12:14:26,dine_in,,credit_card,completed
1013674,7,,2026-04-01 12:15:10,delivery,,credit_card,completed
1013675,15,,2026-04-01 12:16:24,drive_thru,,credit_card,completed
1013676,19,,2026-04-01 12:17:28,delivery,,apple_pay,completed
1013677,4,,2026-04-01 12:20:00,drive_thru,,credit_card,completed
1013678,6,456,2026-04-01 12:20:11,dine_in,,credit_card,completed
1013679,19,,2026-04-01 12:20:48,dine_in,,credit_card,completed
1013680,13,1972,2026-04-01 12:21:00,takeout,,apple_pay,completed
1013681,7,,2026-04-01 12:21:57,dine_in,,debit_card,completed
1013682,17,,2026-04-01 12:23:55,dine_in,,credit_card,completed
1013683,8,2000,2026-04-01 12:25:42,dine_in,,cash,completed
1013684,15,,2026-04-01 12:27:19,dine_in,,apple_pay,completed
1013685,15,1152,2026-04-01 12:28:30,drive_thru,,cash,completed
1013686,6,164,2026-04-01 12:33:40,dine_in,,credit_card,completed
1013687,15,337,2026-04-01 12:34:47,dine_in,,credit_card,completed
1013688,6,2066,2026-04-01 12:35:52,drive_thru,,apple_pay,completed
1013689,12,373,2026-04-01 12:36:28,takeout,,credit_card,completed
1013690,7,,2026-04-01 12:37:59,dine_in,,credit_card,completed
1013691,18,,2026-04-01 12:38:02,drive_thru,,credit_card,cancelled
1013692,12,,2026-04-01 12:38:47,dine_in,,cash,completed
1013693,2,,2026-04-01 12:50:08,takeout,,credit_card,completed
1013694,9,,2026-04-01 12:50:11,dine_in,,apple_pay,completed
1013695,1,746,2026-04-01 12:50:36,takeout,,debit_card,completed
1013696,16,,2026-04-01 12:51:19,delivery,,credit_card,completed
1013697,19,206,2026-04-01 12:54:45,delivery,,debit_card,completed
1013698,17,,2026-04-01 12:57:15,dine_in,,gift_card,completed
1013699,12,1780,2026-04-01 12:57:17,takeout,,cash,completed
1013700,3,,2026-04-01 13:01:17,takeout,,credit_card,completed
1013701,10,1454,2026-04-01 13:03:56,takeout,,cash,completed
1013702,11,,2026-04-01 13:05:25,takeout,,cash,completed
1013703,4,747,2026-04-01 13:05:49,takeout,,cash,completed
1013704,17,1389,2026-04-01 13:09:30,dine_in,,apple_pay,completed
1013705,16,,2026-04-01 13:11:22,delivery,,credit_card,completed
1013706,6,1384,2026-04-01 13:22:41,delivery,,apple_pay,cancelled
1013707,3,898,2026-04-01 13:25:56,takeout,,gift_card,completed
1013708,5,1077,2026-04-01 13:26:14,drive_thru,,cash,completed
1013709,17,501,2026-04-01 13:31:21,takeout,,cash,completed
1013710,16,475,2026-04-01 13:36:02,dine_in,,cash,completed
1013711,1,,2026-04-01 13:40:00,dine_in,,gift_card,completed
1013712,13,,2026-04-01 13:40:02,dine_in,,credit_card,completed
1013713,17,,2026-04-01 13:41:54,dine_in,,credit_card,completed
1013714,7,1865,2026-04-01 13:46:13,takeout,,credit_card,completed
1013715,12,1704,2026-04-01 14:27:53,delivery,,credit_card,cancelled
1013716,16,60,2026-04-01 14:36:12,takeout,,cash,completed
1013717,2,1356,2026-04-01 15:13:02,delivery,,credit_card,completed
1013718,8,958,2026-04-01 15:18:05,takeout,,debit_card,completed
1013719,5,1871,2026-04-01 16:14:17,dine_in,,gift_card,completed
1013720,10,,2026-04-01 16:28:15,dine_in,,credit_card,completed
1013721,2,,2026-04-01 16:51:42,delivery,,credit_card,completed
1013722,12,2252,2026-04-01 17:05:49,dine_in,,credit_card,completed
1013723,14,,2026-04-01 17:10:11,delivery,,apple_pay,completed
1013724,3,,2026-04-01 17:12:21,delivery,,credit_card,completed
1013725,15,,2026-04-01 17:32:13,delivery,,credit_card,completed
1013726,7,2466,2026-04-01 17:45:37,takeout,,apple_pay,completed
1013727,9,,2026-04-01 17:50:56,,,credit_card,completed
1013728,9,1381,2026-04-01 17:51:22,drive_thru,,credit_card,completed
1013729,8,719,2026-04-01 17:54:06,takeout,,cash,cancelled
1013730,17,,2026-04-01 17:57:23,takeout,,apple_pay,completed
1013731,15,1156,2026-04-01 18:07:18,delivery,,credit_card,completed
1013732,2,282,2026-04-01 18:08:28,takeout,,credit_card,completed
1013733,5,1905,2026-04-01 18:12:13,drive_thru,,gift_card,completed
1013734,6,680,2026-04-01 18:12:36,drive_thru,,cash,cancelled
1013735,16,647,2026-04-01 18:12:50,takeout,,cash,completed
1013736,2,,2026-04-01 18:14:41,dine_in,,credit_card,completed
1013737,1,404,2026-04-01 18:14:43,takeout,,apple_pay,completed
1013738,6,456,2026-04-01 18:16:03,drive_thru,,debit_card,completed
1013739,11,,2026-04-01 18:19:08,dine_in,,credit_card,completed
1013740,3,1531,2026-04-01 18:24:26,dine_in,,cash,completed
1013741,17,2176,2026-04-01 18:27:42,delivery,,apple_pay,completed
1013742,14,2453,2026-04-01 18:28:34,drive_thru,,debit_card,completed
1013743,14,815,2026-04-01 18:36:09,drive_thru,,apple_pay,completed
1013744,3,599,2026-04-01 18:39:10,takeout,,debit_card,completed
1013745,7,107,2026-04-01 18:41:44,dine_in,,credit_card,completed
1013746,18,1001,2026-04-01 18:44:30,drive_thru,,apple_pay,cancelled
1013747,19,,2026-04-01 18:46:11,drive_thru,,debit_card,completed
1013748,13,,2026-04-01 18:46:24,dine_in,,apple_pay,completed
1013749,19,,2026-04-01 18:49:48,drive_thru,,debit_card,completed
1013750,6,1664,2026-04-01 18:50:03,dine_in,,apple_pay,completed
1013751,19,,2026-04-01 18:50:40,delivery,,apple_pay,completed
1013752,1,130,2026-04-01 18:52:10,delivery,,credit_card,completed
1013753,10,,2026-04-01 18:53:41,dine_in,,cash,completed
1013754,1,2276,2026-04-01 18:54:42,dine_in,,credit_card,completed
1013755,14,2277,2026-04-01 18:56:32,drive_thru,,credit_card,completed
1013756,14,,2026-04-01 19:01:00,drive_thru,,debit_card,completed
1013757,5,1709,2026-04-01 19:03:48,dine_in,,credit_card,completed
1013758,1,,2026-04-01 19:05:44,dine_in,,credit_card,completed
1013759,4,,2026-04-01 19:09:13,dine_in,,cash,completed
1013760,3,525,2026-04-01 19:10:04,dine_in,,gift_card,completed
1013761,5,1527,2026-04-01 19:10:18,dine_in,,gift_card,completed
1013762,14,2391,2026-04-01 19:10:54,drive_thru,,cash,completed
1013763,12,807,2026-04-01 19:12:17,delivery,,credit_card,completed
1013764,5,,2026-04-01 19:13:21,takeout,,credit_card,completed
1013765,5,1871,2026-04-01 19:17:47,takeout,,debit_card,completed
1013766,6,,2026-04-01 19:19:03,dine_in,,apple_pay,completed
1013767,2,,2026-04-01 19:24:33,dine_in,,credit_card,completed
1013768,9,,2026-04-01 19:25:17,dine_in,,debit_card,completed
1013769,4,1165,2026-04-01 19:27:30,drive_thru,,credit_card,completed
1013770,1,,2026-04-01 19:35:50,takeout,,credit_card,completed
1013771,11,1447,2026-04-01 19:36:34,drive_thru,,debit_card,completed
1013772,12,413,2026-04-01 19:37:11,dine_in,,debit_card,completed
1013773,19,213,2026-04-01 19:41:30,dine_in,,cash,completed
1013774,17,,2026-04-01 19:43:15,delivery,,credit_card,completed
1013775,3,,2026-04-01 19:46:30,delivery,,credit_card,completed
1013776,12,1326,2026-04-01 19:50:48,takeout,,cash,completed
1013777,19,,2026-04-01 19:50:57,,,credit_card,completed
1013778,5,1791,2026-04-01 19:56:32,delivery,,apple_pay,completed
1013779,12,1598,2026-04-01 20:02:05,delivery,,credit_card,completed
1013780,4,1524,2026-04-01 20:04:57,drive_thru,,debit_card,completed
1013781,16,,2026-04-01 20:05:06,dine_in,,cash,completed
1013782,18,350,2026-04-01 20:05:35,dine_in,,credit_card,completed
1013783,5,,2026-04-01 20:07:33,dine_in,,credit_card,completed
1013784,19,,2026-04-01 20:27:00,dine_in,,credit_card,completed
1013785,8,667,2026-04-01 20:37:37,dine_in,,cash,completed
1013786,16,,2026-04-01 20:37:46,takeout,,debit_card,completed
1013787,12,331,2026-04-01 21:31:45,delivery,,apple_pay,completed
1013788,11,,2026-04-02 10:50:40,delivery,,credit_card,completed
1013789,9,,2026-04-02 11:03:07,drive_thru,,credit_card,completed
1013790,6,1006,2026-04-02 11:13:16,delivery,,credit_card,completed
1013791,11,949,2026-04-02 11:21:58,drive_thru,,credit_card,completed
1013792,13,,2026-04-02 11:25:34,delivery,,credit_card,completed
1013793,3,616,2026-04-02 11:26:46,dine_in,,credit_card,completed
1013794,7,1962,2026-04-02 11:33:11,dine_in,,debit_card,completed
1013795,19,1411,2026-04-02 11:34:57,drive_thru,,apple_pay,completed
1013796,12,,2026-04-02 11:44:14,takeout,,debit_card,completed
1013797,7,1126,2026-04-02 11:52:11,dine_in,,credit_card,completed
1013798,10,1402,2026-04-02 11:54:28,dine_in,,credit_card,completed
1013799,10,190,2026-04-02 11:56:46,drive_thru,,debit_card,completed
1013800,2,2222,2026-04-02 11:59:21,takeout,,apple_pay,completed
1013801,19,1352,2026-04-02 11:59:33,takeout,,credit_card,completed
1013802,1,883,2026-04-02 12:00:11,delivery,,credit_card,completed
1013803,14,,2026-04-02 12:02:49,delivery,,credit_card,completed
1013804,4,696,2026-04-02 12:03:35,dine_in,,credit_card,refunded
1013805,3,,2026-04-02 12:10:20,delivery,,credit_card,completed
1013806,12,,2026-04-02 12:11:50,dine_in,,cash,completed
1013807,14,,2026-04-02 12:15:30,takeout,,credit_card,completed
1013808,18,1001,2026-04-02 12:15:32,drive_thru,,apple_pay,completed
1013809,8,200,2026-04-02 12:17:43,,,credit_card,completed
1013810,7,969,2026-04-02 12:22:05,dine_in,,credit_card,completed
1013811,9,,2026-04-02 12:25:05,dine_in,,debit_card,completed
1013812,1,,2026-04-02 12:25:31,takeout,,debit_card,completed
1013813,19,1411,2026-04-02 12:26:55,drive_thru,,debit_card,completed
1013814,16,,2026-04-02 12:27:20,dine_in,,credit_card,completed
1013815,1,,2026-04-02 12:27:28,takeout,,cash,refunded
1013816,11,,2026-04-02 12:29:07,drive_thru,,apple_pay,completed
1013817,20,,2026-04-02 12:30:05,delivery,,credit_card,completed
1013818,10,884,2026-04-02 12:32:33,dine_in,,debit_card,completed
1013819,7,1907,2026-04-02 12:33:28,dine_in,,debit_card,completed
1013820,8,1305,2026-04-02 12:35:11,dine_in,,debit_card,completed
1013821,1,2486,2026-04-02 12:36:22,takeout,,credit_card,completed
1013822,17,885,2026-04-02 12:37:43,delivery,,debit_card,completed
1013823,2,1938,2026-04-02 12:40:59,delivery,,credit_card,completed
1013824,7,,2026-04-02 12:42:13,dine_in,,debit_card,completed
1013825,14,,2026-04-02 12:42:30,delivery,,credit_card,completed
1013826,13,584,2026-04-02 12:44:09,dine_in,,credit_card,completed
1013827,3,,2026-04-02 12:45:16,takeout,,debit_card,completed
1013828,2,,2026-04-02 12:47:32,dine_in,,apple_pay,completed
1013829,3,,2026-04-02 12:50:18,dine_in,,credit_card,refunded
1013830,13,,2026-04-02 12:54:28,takeout,,credit_card,completed
1013831,14,1108,2026-04-02 12:56:37,dine_in,,debit_card,completed
1013832,16,60,2026-04-02 12:58:20,dine_in,,credit_card,completed
1013833,3,,2026-04-02 12:58:47,dine_in,,debit_card,completed
1013834,4,2015,2026-04-02 12:59:32,delivery,,gift_card,completed
1013835,14,1614,2026-04-02 12:59:46,drive_thru,,apple_pay,completed
1013836,3,184,2026-04-02 13:02:54,dine_in,,credit_card,completed
1013837,4,,2026-04-02 13:03:01,dine_in,,apple_pay,completed
1013838,15,,2026-04-02 13:04:21,delivery,,apple_pay,completed
1013839,7,967,2026-04-02 13:04:54,delivery,,credit_card,completed
1013840,9,,2026-04-02 13:10:44,drive_thru,,credit_card,completed
1013841,5,951,2026-04-02 13:11:33,delivery,,apple_pay,cancelled
1013842,7,1276,2026-04-02 13:11:43,dine_in,,credit_card,completed
1013843,1,883,2026-04-02 13:12:13,dine_in,,credit_card,completed
1013844,16,962,2026-04-02 13:15:49,delivery,,credit_card,completed
1013845,10,302,2026-04-02 13:17:29,delivery,,debit_card,cancelled
1013846,1,403,2026-04-02 13:17:42,takeout,,credit_card,completed
1013847,18,2147,2026-04-02 13:19:48,drive_thru,,credit_card,completed
1013848,13,,2026-04-02 13:20:09,delivery,,gift_card,completed
1013849,2,317,2026-04-02 13:21:05,takeout,,credit_card,completed
1013850,14,,2026-04-02 13:27:34,delivery,,credit_card,completed
1013851,12,860,2026-04-02 14:01:33,dine_in,,debit_card,completed
1013852,13,,2026-04-02 14:13:48,dine_in,,credit_card,completed
1013853,10,,2026-04-02 14:18:02,dine_in,,credit_card,completed
1013854,12,1432,2026-04-02 14:31:53,dine_in,,credit_card,completed
1013855,5,808,2026-04-02 14:35:05,delivery,,credit_card,completed
1013856,10,1208,2026-04-02 14:39:01,delivery,,debit_card,completed
1013857,3,17,2026-04-02 14:49:43,dine_in,,credit_card,completed
1013858,14,,2026-04-02 15:18:25,takeout,,debit_card,completed
1013859,13,473,2026-04-02 15:32:03,dine_in,,cash,completed
1013860,11,,2026-04-02 15:37:59,takeout,,credit_card,completed
1013861,17,1221,2026-04-02 16:51:02,dine_in,,cash,completed
1013862,12,334,2026-04-02 17:07:09,takeout,,cash,completed
1013863,1,,2026-04-02 17:10:00,dine_in,,debit_card,completed
1013864,19,341,2026-04-02 17:15:36,dine_in,,credit_card,completed
1013865,6,685,2026-04-02 17:28:38,dine_in,,debit_card,completed
1013866,10,,2026-04-02 17:32:29,delivery,,credit_card,completed
1013867,4,,2026-04-02 17:37:02,delivery,,credit_card,completed
1013868,13,,2026-04-02 17:50:54,dine_in,,debit_card,completed
1013869,10,1468,2026-04-02 18:02:02,drive_thru,,cash,completed
1013870,4,1743,2026-04-02 18:03:09,drive_thru,,credit_card,completed
1013871,12,1308,2026-04-02 18:14:02,delivery,,credit_card,completed
1013872,15,,2026-04-02 18:16:50,takeout,,credit_card,completed
1013873,10,,2026-04-02 18:16:59,dine_in,,credit_card,completed
1013874,5,,2026-04-02 18:31:12,delivery,,credit_card,completed
1013875,6,1153,2026-04-02 18:33:28,takeout,,debit_card,completed
1013876,19,1498,2026-04-02 18:33:55,takeout,,cash,completed
1013877,20,1102,2026-04-02 18:34:35,delivery,,credit_card,completed
1013878,13,,2026-04-02 18:34:38,delivery,,credit_card,completed
1013879,11,,2026-04-02 18:35:47,,,cash,completed
1013880,3,,2026-04-02 18:39:15,dine_in,,cash,cancelled
1013881,2,1515,2026-04-02 18:40:42,dine_in,,debit_card,completed
1013882,18,,2026-04-02 18:41:36,dine_in,,cash,completed
1013883,11,1660,2026-04-02 18:41:42,delivery,,debit_card,cancelled
1013884,17,,2026-04-02 18:44:36,dine_in,,credit_card,completed
1013885,11,2350,2026-04-02 18:47:31,delivery,,credit_card,completed
1013886,8,513,2026-04-02 18:48:21,takeout,,debit_card,completed
1013887,4,1896,2026-04-02 18:49:53,delivery,,apple_pay,completed
1013888,7,969,2026-04-02 18:50:37,dine_in,,credit_card,completed
1013889,10,964,2026-04-02 18:53:56,delivery,,debit_card,completed
1013890,6,,2026-04-02 18:57:55,delivery,,credit_card,completed
1013891,9,,2026-04-02 19:03:49,delivery,,credit_card,completed
1013892,10,2480,2026-04-02 19:05:08,dine_in,,credit_card,completed
1013893,11,1239,2026-04-02 19:11:08,drive_thru,,debit_card,completed
1013894,6,497,2026-04-02 19:11:17,delivery,,credit_card,completed
1013895,11,522,2026-04-02 19:14:25,delivery,,credit_card,completed
1013896,17,,2026-04-02 19:14:29,delivery,,credit_card,completed
1013897,14,2453,2026-04-02 19:16:43,delivery,,credit_card,completed
1013898,1,1706,2026-04-02 19:17:41,dine_in,,credit_card,completed
1013899,2,1938,2026-04-02 19:20:00,takeout,,debit_card,completed
1013900,17,2120,2026-04-02 19:20:14,delivery,,credit_card,completed
1013901,17,,2026-04-02 19:20:19,delivery,,debit_card,completed
1013902,18,2216,2026-04-02 19:21:46,dine_in,,apple_pay,refunded
1013903,8,268,2026-04-02 19:23:56,dine_in,,debit_card,completed
1013904,2,541,2026-04-02 19:23:57,dine_in,,debit_card,completed
1013905,2,1133,2026-04-02 19:25:51,takeout,,cash,completed
1013906,20,1615,2026-04-02 19:27:53,delivery,,credit_card,completed
1013907,5,,2026-04-02 19:29:56,takeout,,cash,cancelled
1013908,2,,2026-04-02 19:30:20,dine_in,,apple_pay,completed
1013909,19,1147,2026-04-02 19:31:28,dine_in,,cash,completed
1013910,7,,2026-04-02 19:34:59,delivery,,gift_card,completed
1013911,1,,2026-04-02 19:35:31,delivery,,debit_card,completed
1013912,13,1877,2026-04-02 19:37:02,dine_in,,cash,completed
1013913,9,1973,2026-04-02 19:50:47,drive_thru,,cash,completed
1013914,14,2360,2026-04-02 19:51:13,dine_in,,cash,completed
1013915,7,568,2026-04-02 19:56:32,dine_in,,debit_card,completed
1013916,8,640,2026-04-02 20:00:42,takeout,,credit_card,completed
1013917,4,1524,2026-04-02 20:02:19,drive_thru,,cash,completed
1013918,16,647,2026-04-02 20:02:52,dine_in,,credit_card,completed
1013919,18,,2026-04-02 20:13:43,dine_in,,credit_card,completed
1013920,16,1078,2026-04-02 20:16:35,dine_in,,credit_card,completed
1013921,14,1108,2026-04-02 20:19:35,dine_in,,credit_card,completed
1013922,8,,2026-04-02 20:20:44,dine_in,,debit_card,completed
1013923,14,1614,2026-04-02 20:22:27,dine_in,,cash,completed
1013924,6,247,2026-04-02 20:31:37,dine_in,,credit_card,completed
1013925,10,,2026-04-02 20:32:16,dine_in,,apple_pay,completed
1013926,7,,2026-04-02 20:52:19,dine_in,,cash,completed
1013927,19,301,2026-04-02 21:09:18,dine_in,,debit_card,completed
1013928,9,37,2026-04-02 21:12:27,delivery,,credit_card,completed
1013929,2,274,2026-04-02 21:35:58,dine_in,,apple_pay,completed
1013930,14,584,2026-04-03 10:32:21,takeout,,debit_card,completed
1013931,1,2132,2026-04-03 10:36:57,dine_in,,debit_card,completed
1013932,6,1632,2026-04-03 10:43:19,takeout,,credit_card,completed
1013933,8,,2026-04-03 10:49:33,dine_in,,credit_card,completed
1013934,11,1849,2026-04-03 10:50:55,delivery,,credit_card,completed
1013935,1,,2026-04-03 10:56:08,dine_in,CRAWFRI,credit_card,completed
1013936,8,,2026-04-03 11:00:29,dine_in,,credit_card,completed
1013937,14,313,2026-04-03 11:06:10,dine_in,,credit_card,completed
1013938,17,,2026-04-03 11:13:01,dine_in,,credit_card,completed
1013939,5,,2026-04-03 11:20:10,delivery,CRAWFRI,credit_card,completed
1013940,16,2400,2026-04-03 11:20:41,takeout,,credit_card,completed
1013941,8,228,2026-04-03 11:21:55,dine_in,,credit_card,completed
1013942,4,210,2026-04-03 11:27:31,takeout,,credit_card,completed
1013943,13,2409,2026-04-03 11:29:14,takeout,,credit_card,completed
1013944,1,,2026-04-03 11:30:14,delivery,,credit_card,completed
1013945,20,,2026-04-03 11:30:32,delivery,CRAWFRI,credit_card,completed
1013946,16,,2026-04-03 11:31:34,delivery,,credit_card,completed
1013947,2,1351,2026-04-03 11:33:27,delivery,,credit_card,completed
1013948,6,533,2026-04-03 11:36:35,takeout,,credit_card,completed
1013949,6,2097,2026-04-03 11:38:11,dine_in,,cash,completed
1013950,5,2354,2026-04-03 11:46:34,dine_in,CRAWFRI,cash,completed
1013951,6,803,2026-04-03 11:48:06,dine_in,,credit_card,completed
1013952,1,,2026-04-03 11:48:32,delivery,CRAWFRI,apple_pay,completed
1013953,7,1901,2026-04-03 11:50:35,dine_in,,credit_card,completed
1013954,19,1966,2026-04-03 11:51:40,dine_in,,credit_card,completed
1013955,12,678,2026-04-03 11:51:49,dine_in,,cash,completed
1013956,17,543,2026-04-03 11:55:15,takeout,,cash,completed
1013957,2,319,2026-04-03 11:56:24,dine_in,,credit_card,completed
1013958,16,325,2026-04-03 11:58:06,takeout,,credit_card,completed
1013959,5,2333,2026-04-03 12:02:09,drive_thru,,credit_card,completed
1013960,7,1019,2026-04-03 12:03:14,delivery,,apple_pay,completed
1013961,1,,2026-04-03 12:05:12,takeout,,credit_card,completed
1013962,17,908,2026-04-03 12:06:50,delivery,,credit_card,completed
1013963,20,2392,2026-04-03 12:08:28,takeout,,credit_card,completed
1013964,19,657,2026-04-03 12:09:13,drive_thru,,credit_card,completed
1013965,3,2002,2026-04-03 12:12:14,takeout,,credit_card,completed
1013966,19,,2026-04-03 12:14:09,drive_thru,,cash,completed
1013967,4,,2026-04-03 12:14:10,drive_thru,CRAWFRI,debit_card,completed
1013968,12,1751,2026-04-03 12:14:26,delivery,,credit_card,completed
1013969,14,446,2026-04-03 12:16:04,dine_in,,cash,completed
1013970,5,1556,2026-04-03 12:20:22,takeout,,credit_card,completed
1013971,10,561,2026-04-03 12:21:20,takeout,,credit_card,completed
1013972,16,1474,2026-04-03 12:21:40,takeout,,apple_pay,completed
1013973,4,1385,2026-04-03 12:22:07,dine_in,,apple_pay,completed
1013974,14,529,2026-04-03 12:23:07,takeout,,credit_card,completed
1013975,3,,2026-04-03 12:25:49,delivery,CRAWFRI,gift_card,completed
1013976,14,1108,2026-04-03 12:26:55,takeout,,apple_pay,completed
1013977,11,1567,2026-04-03 12:27:33,drive_thru,,apple_pay,completed
1013978,7,,2026-04-03 12:27:49,takeout,,cash,completed
1013979,5,933,2026-04-03 12:28:24,dine_in,CRAWFRI,cash,completed
1013980,3,,2026-04-03 12:29:04,dine_in,,credit_card,refunded
1013981,3,1737,2026-04-03 12:29:13,delivery,,debit_card,completed
1013982,19,,2026-04-03 12:31:10,dine_in,,credit_card,completed
1013983,19,1739,2026-04-03 12:31:17,drive_thru,,cash,completed
1013984,1,,2026-04-03 12:32:07,delivery,CRAWFRI,credit_card,completed
1013985,1,,2026-04-03 12:34:13,takeout,,credit_card,completed
1013986,11,2036,2026-04-03 12:35:08,drive_thru,,cash,completed
1013987,18,2147,2026-04-03 12:35:55,dine_in,,credit_card,completed
1013988,5,1556,2026-04-03 12:37:25,dine_in,,debit_card,completed
1013989,14,446,2026-04-03 12:38:27,dine_in,,debit_card,completed
1013990,20,2392,2026-04-03 12:42:38,dine_in,,credit_card,completed
1013991,1,,2026-04-03 12:43:35,delivery,,debit_card,completed
1013992,11,,2026-04-03 12:44:37,dine_in,,gift_card,completed
1013993,19,,2026-04-03 12:44:40,delivery,,credit_card,completed
1013994,17,2447,2026-04-03 12:44:49,takeout,,debit_card,completed
1013995,19,,2026-04-03 12:45:25,delivery,,credit_card,completed
1013996,11,,2026-04-03 12:45:36,drive_thru,,credit_card,completed
1013997,1,,2026-04-03 12:45:45,dine_in,,apple_pay,completed
1013998,6,2152,2026-04-03 12:46:46,dine_in,,credit_card,completed
1013999,1,968,2026-04-03 12:47:54,delivery,CRAWFRI,credit_card,completed
1014000,19,1352,2026-04-03 12:48:25,drive_thru,,apple_pay,completed
1014001,7,,2026-04-03 12:48:27,takeout,,cash,completed
1014002,6,,2026-04-03 12:49:07,drive_thru,CRAWFRI,debit_card,completed
1014003,7,2286,2026-04-03 12:49:47,delivery,,credit_card,completed
1014004,3,2463,2026-04-03 12:50:04,dine_in,CRAWFRI,gift_card,completed
1014005,6,1510,2026-04-03 12:51:05,dine_in,,credit_card,completed
1014006,6,57,2026-04-03 12:51:40,delivery,,credit_card,completed
1014007,6,1179,2026-04-03 12:52:40,delivery,,debit_card,completed
1014008,20,1615,2026-04-03 12:55:08,drive_thru,CRAWFRI,debit_card,completed
1014009,1,404,2026-04-03 12:55:11,delivery,,credit_card,completed
1014010,5,293,2026-04-03 12:55:12,drive_thru,,debit_card,cancelled
1014011,10,70,2026-04-03 12:55:19,delivery,,credit_card,completed
1014012,16,,2026-04-03 12:56:39,delivery,,credit_card,completed
1014013,2,424,2026-04-03 12:57:55,takeout,,credit_card,completed
1014014,2,1102,2026-04-03 12:59:04,dine_in,CRAWFRI,cash,completed
1014015,16,,2026-04-03 12:59:32,dine_in,,debit_card,completed
1014016,17,,2026-04-03 13:00:43,takeout,,credit_card,completed
1014017,15,,2026-04-03 13:01:02,dine_in,,credit_card,completed
1014018,15,2383,2026-04-03 13:01:43,delivery,,apple_pay,completed
1014019,10,1250,2026-04-03 13:02:07,dine_in,,apple_pay,completed
1014020,3,417,2026-04-03 13:02:18,dine_in,CRAWFRI,credit_card,completed
1014021,4,2174,2026-04-03 13:03:10,delivery,,gift_card,completed
1014022,1,49,2026-04-03 13:03:47,delivery,,credit_card,completed
1014023,2,429,2026-04-03 13:04:16,delivery,,debit_card,completed
1014024,1,978,2026-04-03 13:04:58,delivery,,debit_card,completed
1014025,17,414,2026-04-03 13:07:16,dine_in,,cash,completed
1014026,5,1702,2026-04-03 13:07:39,dine_in,,debit_card,completed
1014027,2,403,2026-04-03 13:07:55,takeout,,debit_card,completed
1014028,14,,2026-04-03 13:09:50,takeout,,debit_card,completed
1014029,10,302,2026-04-03 13:12:28,takeout,,credit_card,completed
1014030,15,,2026-04-03 13:15:42,drive_thru,,cash,completed
1014031,2,55,2026-04-03 13:17:20,delivery,,credit_card,completed
1014032,8,2303,2026-04-03 13:19:17,delivery,,credit_card,completed
1014033,12,,2026-04-03 13:20:58,dine_in,,credit_card,completed
1014034,2,,04/03/2026 13:22,dine_in,,debit_card,completed
1014035,18,,2026-04-03 13:23:21,dine_in,,debit_card,completed
1014036,5,1464,2026-04-03 13:25:09,delivery,,debit_card,completed
1014037,2,1096,2026-04-03 13:33:36,delivery,,apple_pay,completed
1014038,8,1050,2026-04-03 13:43:59,takeout,,credit_card,completed
1014039,1,,2026-04-03 13:44:04,dine_in,CRAWFRI,debit_card,completed
1014040,18,936,2026-04-03 14:06:52,drive_thru,,credit_card,completed
1014041,1,2456,2026-04-03 14:13:18,takeout,CRAWFRI,debit_card,completed
1014042,3,,04/03/2026 14:13,delivery,,apple_pay,completed
1014043,15,337,2026-04-03 15:08:56,dine_in,,debit_card,completed
1014044,19,2487,2026-04-03 15:19:41,delivery,,credit_card,completed
1014045,2,,2026-04-03 15:41:28,dine_in,CRAWFRI,credit_card,refunded
1014046,6,1695,2026-04-03 15:42:51,dine_in,,credit_card,completed
1014047,11,1796,2026-04-03 15:56:54,delivery,,credit_card,completed
1014048,4,,2026-04-03 16:03:45,delivery,,credit_card,completed
1014049,8,2315,2026-04-03 16:14:39,dine_in,,credit_card,completed
1014050,4,378,2026-04-03 16:50:43,delivery,CRAWFRI,credit_card,completed
1014051,3,898,2026-04-03 16:56:29,dine_in,CRAWFRI,debit_card,completed
1014052,9,572,2026-04-03 17:00:38,dine_in,,credit_card,completed
1014053,12,2172,2026-04-03 17:11:07,delivery,,credit_card,completed
1014054,8,1252,2026-04-03 17:21:39,dine_in,,cash,completed
1014055,14,195,2026-04-03 17:22:55,takeout,,apple_pay,completed
1014056,1,,2026-04-03 17:23:43,takeout,,credit_card,completed
1014057,13,473,2026-04-03 17:24:35,delivery,,credit_card,completed
1014058,12,,2026-04-03 17:41:26,dine_in,,gift_card,completed
1014059,10,1454,2026-04-03 17:43:29,delivery,,credit_card,completed
1014060,6,,2026-04-03 17:45:30,takeout,,credit_card,completed
1014061,13,,2026-04-03 17:46:55,dine_in,,credit_card,completed
1014062,3,,2026-04-03 17:48:03,dine_in,,credit_card,completed
1014063,1,,2026-04-03 17:49:21,takeout,,debit_card,completed
1014064,2,2322,2026-04-03 17:55:46,dine_in,CRAWFRI,credit_card,completed
1014065,1,775,2026-04-03 17:57:20,dine_in,,credit_card,completed
1014066,8,228,2026-04-03 18:01:03,delivery,,gift_card,completed
1014067,20,,2026-04-03 18:02:22,,,credit_card,completed
1014068,14,,2026-04-03 18:02:32,dine_in,,credit_card,completed
1014069,14,67,2026-04-03 18:03:40,delivery,,credit_card,completed
1014070,14,654,2026-04-03 18:04:03,dine_in,,credit_card,completed
1014071,3,705,2026-04-03 18:05:07,dine_in,,debit_card,completed
1014072,5,879,2026-04-03 18:05:29,delivery,,credit_card,completed
1014073,3,141,2026-04-03 18:08:33,takeout,,debit_card,completed
1014074,13,,2026-04-03 18:10:23,dine_in,,apple_pay,completed
1014075,10,129,2026-04-03 18:12:04,drive_thru,,debit_card,completed
1014076,13,1287,2026-04-03 18:12:51,dine_in,,cash,completed
1014077,2,2177,2026-04-03 18:15:27,,CRAWFRI,credit_card,completed
1014078,2,882,2026-04-03 18:16:08,dine_in,CRAWFRI,cash,completed
1014079,5,951,2026-04-03 18:20:05,takeout,,debit_card,completed
1014080,9,,2026-04-03 18:23:09,delivery,,debit_card,completed
1014081,6,,2026-04-03 18:26:54,drive_thru,,credit_card,completed
1014082,12,2371,04/03/2026 18:28,delivery,,credit_card,completed
1014083,20,593,2026-04-03 18:29:46,delivery,CRAWFRI,debit_card,completed
1014084,20,1615,2026-04-03 18:33:38,takeout,CRAWFRI,debit_card,refunded
1014085,6,,2026-04-03 18:35:11,delivery,,apple_pay,completed
1014086,11,,2026-04-03 18:35:49,delivery,,credit_card,completed
1014087,4,2378,2026-04-03 18:36:06,dine_in,,credit_card,completed
1014088,6,56,2026-04-03 18:36:19,takeout,,credit_card,completed
1014089,20,2128,2026-04-03 18:39:41,delivery,CRAWFRI,gift_card,refunded
1014090,8,2335,2026-04-03 18:42:21,delivery,,credit_card,completed
1014091,6,2227,2026-04-03 18:44:15,delivery,,debit_card,completed
1014092,12,1409,2026-04-03 18:44:49,delivery,,credit_card,completed
1014093,1,685,2026-04-03 18:45:22,delivery,CRAWFRI,gift_card,completed
1014094,3,16,2026-04-03 18:51:56,dine_in,,apple_pay,completed
1014095,14,,2026-04-03 18:52:32,takeout,,credit_card,completed
1014096,14,1048,2026-04-03 18:53:00,delivery,,credit_card,completed
1014097,14,2086,2026-04-03 18:53:54,takeout,,gift_card,completed
1014098,13,1023,2026-04-03 18:54:10,takeout,,credit_card,completed
1014099,12,2375,2026-04-03 18:55:41,dine_in,,debit_card,completed
1014100,6,,2026-04-03 18:58:14,takeout,,credit_card,completed
1014101,3,1376,2026-04-03 18:59:01,takeout,CRAWFRI,credit_card,completed
1014102,4,1038,2026-04-03 19:03:12,dine_in,,credit_card,completed
1014103,4,2265,2026-04-03 19:05:25,dine_in,,credit_card,completed
1014104,13,1911,2026-04-03 19:06:55,dine_in,,cash,completed
1014105,4,,2026-04-03 19:07:09,takeout,CRAWFRI,debit_card,completed
1014106,14,313,04/03/2026 19:07,dine_in,,cash,completed
1014107,1,2003,2026-04-03 19:08:14,dine_in,,apple_pay,completed
1014108,6,,2026-04-03 19:09:00,delivery,CRAWFRI,credit_card,completed
1014109,13,,2026-04-03 19:11:26,dine_in,,credit_card,completed
1014110,4,92,2026-04-03 19:11:36,drive_thru,,apple_pay,completed
1014111,3,2469,2026-04-03 19:13:31,takeout,,debit_card,completed
1014112,15,,2026-04-03 19:13:50,drive_thru,,cash,completed
1014113,3,,2026-04-03 19:16:21,dine_in,CRAWFRI,credit_card,completed
1014114,11,,2026-04-03 19:19:45,dine_in,,credit_card,completed
1014115,14,1449,2026-04-03 19:21:12,delivery,,apple_pay,completed
1014116,20,593,2026-04-03 19:22:01,delivery,,apple_pay,completed
1014117,3,2401,2026-04-03 19:22:29,dine_in,,credit_card,completed
1014118,7,1121,2026-04-03 19:23:23,takeout,,credit_card,completed
1014119,12,,2026-04-03 19:24:25,takeout,,credit_card,completed
1014120,1,1081,2026-04-03 19:24:42,dine_in,CRAWFRI,credit_card,completed
1014121,19,199,2026-04-03 19:24:43,dine_in,,gift_card,completed
1014122,16,687,2026-04-03 19:26:12,takeout,,credit_card,completed
1014123,6,1714,2026-04-03 19:26:57,takeout,,credit_card,completed
1014124,9,,2026-04-03 19:29:28,delivery,,credit_card,completed
1014125,4,1596,2026-04-03 19:29:38,dine_in,CRAWFRI,apple_pay,completed
1014126,1,,2026-04-03 19:30:32,dine_in,,gift_card,completed
1014127,1,,2026-04-03 19:30:45,dine_in,CRAWFRI,cash,completed
1014128,15,,2026-04-03 19:33:02,takeout,,debit_card,completed
1014129,19,,2026-04-03 19:34:43,drive_thru,,credit_card,completed
1014130,4,2308,2026-04-03 19:35:03,drive_thru,,credit_card,completed
1014131,16,2238,2026-04-03 19:36:02,takeout,,apple_pay,completed
1014132,13,,2026-04-03 19:36:32,takeout,,credit_card,refunded
1014133,11,686,2026-04-03 19:39:04,drive_thru,,apple_pay,completed
1014134,15,1716,2026-04-03 19:39:54,drive_thru,,apple_pay,completed
1014135,17,408,2026-04-03 19:43:40,dine_in,,debit_card,completed
1014136,4,1217,2026-04-03 19:43:49,delivery,,credit_card,completed
1014137,6,,2026-04-03 19:44:23,takeout,,gift_card,completed
1014138,6,1632,2026-04-03 19:45:19,delivery,CRAWFRI,debit_card,completed
1014139,7,969,2026-04-03 19:45:36,dine_in,,debit_card,refunded
1014140,12,1270,2026-04-03 19:53:30,delivery,,apple_pay,completed
1014141,1,130,2026-04-03 19:53:31,dine_in,,debit_card,completed
1014142,4,,2026-04-03 19:53:46,drive_thru,,debit_card,completed
1014143,17,754,2026-04-03 19:56:25,takeout,,credit_card,completed
1014144,19,,2026-04-03 20:03:10,dine_in,,cash,completed
1014145,1,755,2026-04-03 20:04:32,dine_in,CRAWFRI,debit_card,completed
1014146,13,,2026-04-03 20:04:42,delivery,,gift_card,completed
1014147,5,1791,2026-04-03 20:06:52,takeout,,credit_card,completed
1014148,11,,2026-04-03 20:09:13,takeout,,credit_card,completed
1014149,4,1578,2026-04-03 20:09:30,drive_thru,,credit_card,completed
1014150,9,2070,2026-04-03 20:09:40,delivery,,apple_pay,completed
1014151,15,1593,2026-04-03 20:10:23,takeout,,credit_card,completed
1014152,7,2310,2026-04-03 20:12:31,takeout,,cash,completed
1014153,14,98,04/03/2026 20:12,dine_in,,apple_pay,completed
1014154,20,,2026-04-03 20:16:11,delivery,,credit_card,completed
1014155,19,,2026-04-03 20:16:56,delivery,,credit_card,completed
1014156,12,,2026-04-03 20:19:01,dine_in,,credit_card,completed
1014157,14,298,2026-04-03 20:20:13,drive_thru,,cash,completed
1014158,15,,2026-04-03 20:20:31,drive_thru,,cash,completed
1014159,6,2275,2026-04-03 20:29:10,dine_in,CRAWFRI,cash,completed
1014160,1,1255,2026-04-03 20:31:22,dine_in,,credit_card,completed
1014161,20,593,2026-04-03 20:33:03,dine_in,,credit_card,completed
1014162,19,1498,2026-04-03 20:33:15,drive_thru,,apple_pay,completed
1014163,14,2277,2026-04-03 20:34:26,takeout,,cash,cancelled
1014164,13,,2026-04-03 20:34:27,takeout,,credit_card,completed
1014165,3,845,2026-04-03 21:13:36,delivery,CRAWFRI,debit_card,completed
1014166,11,2499,2026-04-03 21:20:26,drive_thru,,cash,completed
1014167,8,,2026-04-03 21:30:15,takeout,,debit_card,completed
1014168,15,,2026-04-03 21:55:26,dine_in,,credit_card,completed
1014169,4,1718,2026-04-04 10:34:57,delivery,,apple_pay,completed
1014170,8,466,2026-04-04 10:50:25,takeout,,credit_card,completed
1014171,14,2323,2026-04-04 10:59:45,drive_thru,,credit_card,completed
1014172,3,1232,2026-04-04 11:02:29,dine_in,,cash,completed
1014173,11,1135,2026-04-04 11:22:58,delivery,,credit_card,completed
1014174,8,1360,2026-04-04 11:26:31,takeout,,credit_card,completed
1014175,18,276,2026-04-04 11:27:31,dine_in,,gift_card,completed
1014176,10,1798,2026-04-04 11:29:34,delivery,,credit_card,completed
1014177,14,331,2026-04-04 11:32:44,dine_in,,apple_pay,completed
1014178,17,,2026-04-04 11:33:06,takeout,,credit_card,completed
1014179,14,2187,2026-04-04 11:35:05,drive_thru,,credit_card,completed
1014180,11,,2026-04-04 11:35:46,delivery,,apple_pay,completed
1014181,3,,2026-04-04 11:36:27,delivery,,credit_card,refunded
1014182,1,1334,2026-04-04 11:38:47,takeout,,credit_card,completed
1014183,1,748,2026-04-04 11:41:26,delivery,,credit_card,completed
1014184,4,1257,2026-04-04 11:42:40,drive_thru,,gift_card,completed
1014185,14,298,2026-04-04 11:43:41,takeout,,debit_card,completed
1014186,8,,2026-04-04 11:47:29,dine_in,,credit_card,completed
1014187,14,,2026-04-04 11:48:23,delivery,,debit_card,completed
1014188,18,1739,2026-04-04 11:49:11,dine_in,,debit_card,completed
1014189,11,904,2026-04-04 11:49:56,delivery,,apple_pay,completed
1014190,10,,2026-04-04 11:50:40,delivery,,credit_card,completed
1014191,18,,2026-04-04 11:53:37,delivery,,credit_card,completed
1014192,13,41,2026-04-04 11:55:28,dine_in,,credit_card,completed
1014193,8,1172,2026-04-04 11:56:20,dine_in,,credit_card,completed
1014194,11,,2026-04-04 11:58:05,delivery,,credit_card,completed
1014195,3,384,2026-04-04 11:59:03,takeout,,cash,completed
1014196,4,1625,2026-04-04 12:00:47,dine_in,,apple_pay,completed
1014197,12,265,2026-04-04 12:04:29,takeout,,apple_pay,completed
1014198,17,1573,2026-04-04 12:05:32,delivery,,credit_card,completed
1014199,19,448,2026-04-04 12:10:17,takeout,,credit_card,completed
1014200,6,,2026-04-04 12:10:43,dine_in,,credit_card,completed
1014201,9,1922,2026-04-04 12:12:07,drive_thru,,credit_card,completed
1014202,18,856,2026-04-04 12:12:34,drive_thru,,cash,completed
1014203,11,283,2026-04-04 12:12:56,delivery,,credit_card,refunded
1014204,19,,2026-04-04 12:14:26,delivery,,credit_card,completed
1014205,11,1728,2026-04-04 12:15:22,drive_thru,,credit_card,completed
1014206,8,564,2026-04-04 12:18:17,delivery,,credit_card,completed
1014207,6,,2026-04-04 12:18:37,drive_thru,,debit_card,completed
1014208,8,,2026-04-04 12:18:50,takeout,,apple_pay,completed
1014209,4,1929,2026-04-04 12:19:19,dine_in,,cash,completed
1014210,3,79,2026-04-04 12:20:18,delivery,,credit_card,completed
1014211,10,,2026-04-04 12:20:27,delivery,,debit_card,completed
1014212,19,2182,2026-04-04 12:22:10,dine_in,,gift_card,completed
1014213,3,2469,2026-04-04 12:23:12,dine_in,,credit_card,completed
1014214,13,459,2026-04-04 12:23:28,dine_in,,credit_card,completed
1014215,3,795,2026-04-04 12:23:56,dine_in,,credit_card,completed
1014216,5,2100,2026-04-04 12:24:46,dine_in,,apple_pay,completed
1014217,9,1338,2026-04-04 12:28:56,dine_in,,credit_card,completed
1014218,11,,2026-04-04 12:29:54,dine_in,,credit_card,completed
1014219,3,,2026-04-04 12:32:17,delivery,,debit_card,completed
1014220,17,730,2026-04-04 12:32:38,delivery,,credit_card,completed
1014221,4,974,04/04/2026 12:34,drive_thru,,credit_card,completed
1014222,8,,2026-04-04 12:35:28,dine_in,,credit_card,completed
1014223,14,,2026-04-04 12:37:39,drive_thru,,credit_card,completed
1014224,18,1369,2026-04-04 12:38:32,drive_thru,,credit_card,completed
1014225,15,,2026-04-04 12:39:34,takeout,,gift_card,completed
1014226,11,,2026-04-04 12:39:54,drive_thru,,credit_card,completed
1014227,12,2172,2026-04-04 12:41:21,takeout,,cash,completed
1014228,17,723,2026-04-04 12:41:36,delivery,,debit_card,completed
1014229,18,1629,2026-04-04 12:41:52,drive_thru,,debit_card,cancelled
1014230,2,143,2026-04-04 12:42:06,dine_in,,credit_card,completed
1014231,11,2231,2026-04-04 12:43:01,takeout,,gift_card,refunded
1014232,15,1793,2026-04-04 12:43:26,drive_thru,,credit_card,completed
1014233,10,2284,2026-04-04 12:44:19,drive_thru,,cash,completed
1014234,8,2233,2026-04-04 12:44:26,dine_in,,cash,completed
1014235,6,2353,2026-04-04 12:45:27,drive_thru,,credit_card,completed
1014236,14,413,2026-04-04 12:46:57,dine_in,,credit_card,completed
1014237,19,1063,2026-04-04 12:47:06,dine_in,,cash,completed
1014238,4,835,2026-04-04 12:49:03,dine_in,,apple_pay,completed
1014239,5,1464,2026-04-04 12:49:05,dine_in,,debit_card,completed
1014240,10,339,2026-04-04 12:49:35,takeout,,debit_card,completed
1014241,10,1470,2026-04-04 12:49:44,drive_thru,,debit_card,completed
1014242,2,2174,2026-04-04 12:51:12,dine_in,,credit_card,completed
1014243,15,2253,2026-04-04 12:51:52,drive_thru,,apple_pay,completed
1014244,18,534,2026-04-04 12:55:01,takeout,,debit_card,completed
1014245,16,,2026-04-04 12:55:25,takeout,,credit_card,completed
1014246,12,514,2026-04-04 12:56:22,delivery,,credit_card,completed
1014247,12,625,2026-04-04 12:57:02,takeout,,debit_card,cancelled
1014248,8,1105,2026-04-04 12:57:37,dine_in,,apple_pay,completed
1014249,14,1481,2026-04-04 12:57:37,dine_in,,debit_card,cancelled
1014250,6,2222,2026-04-04 12:59:44,dine_in,,debit_card,completed
1014251,18,1739,2026-04-04 13:01:35,delivery,,credit_card,completed
1014252,17,730,2026-04-04 13:04:16,delivery,,debit_card,completed
1014253,20,2128,2026-04-04 13:05:13,takeout,,gift_card,completed
1014254,16,,2026-04-04 13:09:33,takeout,,cash,completed
1014255,17,833,2026-04-04 13:12:17,dine_in,,credit_card,cancelled
1014256,8,,2026-04-04 13:12:45,dine_in,,gift_card,completed
1014257,7,2218,2026-04-04 13:13:01,takeout,,gift_card,completed
1014258,8,476,2026-04-04 13:13:17,delivery,,credit_card,completed
1014259,10,190,2026-04-04 13:14:17,takeout,,gift_card,completed
1014260,4,2074,04/04/2026 13:18,takeout,,cash,completed
1014261,12,2234,2026-04-04 13:18:56,delivery,,credit_card,completed
1014262,17,1146,2026-04-04 13:19:29,takeout,,credit_card,completed
1014263,17,285,2026-04-04 13:19:54,delivery,,credit_card,completed
1014264,4,1201,2026-04-04 13:20:08,dine_in,,credit_card,completed
1014265,13,1341,2026-04-04 13:20:08,dine_in,,credit_card,completed
1014266,13,,2026-04-04 13:21:08,dine_in,,debit_card,completed
1014267,2,,2026-04-04 13:43:27,delivery,,debit_card,completed
1014268,17,,2026-04-04 13:49:03,dine_in,,gift_card,completed
1014269,8,2061,2026-04-04 13:52:22,dine_in,,debit_card,completed
1014270,13,1877,2026-04-04 14:27:06,dine_in,,cash,completed
1014271,9,,2026-04-04 14:27:09,takeout,,cash,completed
1014272,12,1736,2026-04-04 15:18:50,takeout,,credit_card,completed
1014273,13,309,2026-04-04 15:39:39,dine_in,,credit_card,completed
1014274,4,1506,2026-04-04 15:55:58,dine_in,,credit_card,completed
1014275,15,1713,2026-04-04 16:06:09,takeout,,debit_card,completed
1014276,12,195,2026-04-04 16:35:05,dine_in,,apple_pay,completed
1014277,6,,2026-04-04 16:48:17,drive_thru,,gift_card,completed
1014278,14,,2026-04-04 17:01:54,takeout,,credit_card,completed
1014279,20,2376,2026-04-04 17:12:28,,,credit_card,completed
1014280,19,,2026-04-04 17:33:52,delivery,,debit_card,completed
1014281,17,275,2026-04-04 17:37:14,takeout,,credit_card,completed
1014282,3,,2026-04-04 17:45:58,dine_in,,gift_card,completed
1014283,1,2077,2026-04-04 17:50:01,dine_in,,credit_card,completed
1014284,12,,2026-04-04 17:55:35,dine_in,,gift_card,completed
1014285,12,,2026-04-04 17:56:44,dine_in,,cash,completed
1014286,17,1700,2026-04-04 18:00:50,dine_in,,credit_card,completed
1014287,13,,04/04/2026 18:02,dine_in,,cash,completed
1014288,13,41,2026-04-04 18:03:23,delivery,,gift_card,completed
1014289,19,,2026-04-04 18:06:05,drive_thru,,credit_card,completed
1014290,7,,2026-04-04 18:07:57,dine_in,,debit_card,completed
1014291,12,844,2026-04-04 18:13:24,takeout,,apple_pay,completed
1014292,6,1195,2026-04-04 18:13:28,drive_thru,,apple_pay,completed
1014293,10,1182,2026-04-04 18:13:53,drive_thru,,credit_card,completed
1014294,19,738,2026-04-04 18:15:12,drive_thru,,credit_card,completed
1014295,6,,2026-04-04 18:15:17,drive_thru,,apple_pay,completed
1014296,15,2410,2026-04-04 18:25:33,drive_thru,,apple_pay,completed
1014297,19,2083,2026-04-04 18:28:45,dine_in,,credit_card,completed
1014298,15,2112,2026-04-04 18:29:00,drive_thru,,debit_card,completed
1014299,18,796,2026-04-04 18:30:19,drive_thru,,debit_card,completed
1014300,7,,2026-04-04 18:31:38,delivery,,credit_card,completed
1014301,7,1827,2026-04-04 18:32:55,dine_in,,apple_pay,completed
1014302,12,,2026-04-04 18:33:06,takeout,,apple_pay,completed
1014303,11,904,2026-04-04 18:33:15,dine_in,,debit_card,completed
1014304,12,903,2026-04-04 18:33:55,takeout,,credit_card,completed
1014305,14,,2026-04-04 18:36:27,takeout,,apple_pay,completed
1014306,1,,2026-04-04 18:38:44,takeout,,credit_card,completed
1014307,13,544,2026-04-04 18:39:53,dine_in,,debit_card,completed
1014308,13,348,2026-04-04 18:40:09,dine_in,,gift_card,completed
1014309,2,,04/04/2026 18:44,takeout,,debit_card,completed
1014310,17,2496,2026-04-04 18:44:48,dine_in,,credit_card,completed
1014311,11,1660,2026-04-04 18:50:05,dine_in,,apple_pay,completed
1014312,11,,2026-04-04 18:52:01,delivery,,credit_card,completed
1014313,1,,2026-04-04 18:53:22,,,credit_card,completed
1014314,4,1609,2026-04-04 18:54:16,takeout,,credit_card,completed
1014315,5,1648,2026-04-04 18:54:57,drive_thru,,debit_card,completed
1014316,8,,2026-04-04 18:56:10,dine_in,,credit_card,cancelled
1014317,12,2010,2026-04-04 18:56:27,dine_in,,credit_card,completed
1014318,1,1241,2026-04-04 18:56:32,takeout,,debit_card,completed
1014319,6,2462,2026-04-04 18:57:04,delivery,,credit_card,completed
1014320,6,,2026-04-04 18:57:46,drive_thru,,credit_card,completed
1014321,12,2426,2026-04-04 18:59:10,takeout,,credit_card,completed
1014322,10,,2026-04-04 19:00:27,drive_thru,,apple_pay,completed
1014323,3,,2026-04-04 19:07:01,,,credit_card,completed
1014324,5,1464,2026-04-04 19:07:35,dine_in,,apple_pay,completed
1014325,17,414,2026-04-04 19:07:37,dine_in,,cash,completed
1014326,6,,2026-04-04 19:08:32,drive_thru,,debit_card,completed
1014327,16,,2026-04-04 19:09:46,dine_in,,cash,completed
1014328,15,1976,2026-04-04 19:10:13,drive_thru,,debit_card,completed
1014329,4,,2026-04-04 19:11:23,takeout,,cash,completed
1014330,3,1464,2026-04-04 19:11:29,delivery,,credit_card,completed
1014331,1,791,2026-04-04 19:11:37,dine_in,,cash,completed
1014332,13,,2026-04-04 19:12:12,dine_in,,credit_card,completed
1014333,3,1884,2026-04-04 19:12:41,dine_in,,apple_pay,completed
1014334,11,1377,2026-04-04 19:12:58,takeout,,cash,completed
1014335,13,,2026-04-04 19:16:14,takeout,,apple_pay,completed
1014336,10,42,2026-04-04 19:16:21,drive_thru,,credit_card,completed
1014337,2,1471,2026-04-04 19:18:09,dine_in,,apple_pay,completed
1014338,20,818,2026-04-04 19:20:36,drive_thru,,debit_card,completed
1014339,8,1088,2026-04-04 19:21:18,dine_in,,credit_card,completed
1014340,2,,2026-04-04 19:22:39,dine_in,,gift_card,completed
1014341,17,314,2026-04-04 19:23:55,delivery,,credit_card,completed
1014342,19,2182,2026-04-04 19:26:31,delivery,,credit_card,completed
1014343,10,1729,04/04/2026 19:26,delivery,,credit_card,completed
1014344,6,1997,2026-04-04 19:27:51,drive_thru,,credit_card,completed
1014345,15,,2026-04-04 19:28:55,dine_in,,credit_card,completed
1014346,4,,2026-04-04 19:29:15,takeout,,credit_card,completed
1014347,3,,2026-04-04 19:30:54,delivery,,credit_card,completed
1014348,5,407,2026-04-04 19:31:31,dine_in,,cash,completed
1014349,11,,2026-04-04 19:34:03,dine_in,,apple_pay,completed
1014350,9,1792,2026-04-04 19:35:16,drive_thru,,credit_card,completed
1014351,11,,2026-04-04 19:35:36,delivery,,credit_card,completed
1014352,15,,2026-04-04 19:40:45,dine_in,,credit_card,completed
1014353,15,,2026-04-04 19:41:03,drive_thru,,apple_pay,completed
1014354,17,285,2026-04-04 19:42:25,dine_in,,apple_pay,refunded
1014355,17,555,2026-04-04 19:42:59,dine_in,,cash,completed
1014356,9,1886,2026-04-04 19:45:52,dine_in,,apple_pay,completed
1014357,1,1336,2026-04-04 19:46:52,delivery,,credit_card,completed
1014358,17,,2026-04-04 19:48:30,takeout,,credit_card,completed
1014359,13,473,2026-04-04 19:51:02,dine_in,,credit_card,completed
1014360,10,,2026-04-04 19:51:39,delivery,,credit_card,completed
1014361,13,1288,2026-04-04 19:58:24,takeout,,apple_pay,completed
1014362,6,,2026-04-04 19:59:09,drive_thru,,credit_card,completed
1014363,14,,2026-04-04 20:05:02,,,credit_card,completed
1014364,8,,2026-04-04 20:07:51,delivery,,apple_pay,completed
1014365,7,1767,2026-04-04 20:12:38,dine_in,,cash,completed
1014366,4,1443,2026-04-04 20:21:13,delivery,,debit_card,completed
1014367,13,625,2026-04-04 20:21:41,dine_in,,credit_card,completed
1014368,11,2201,2026-04-04 20:22:05,delivery,,debit_card,completed
1014369,9,2288,2026-04-04 20:26:23,delivery,,debit_card,completed
1014370,4,,2026-04-04 20:26:36,takeout,,credit_card,refunded
1014371,15,2372,2026-04-04 20:58:48,dine_in,,credit_card,completed
1014372,1,792,2026-04-04 21:13:42,dine_in,,credit_card,completed
1014373,6,,2026-04-04 21:26:01,,,credit_card,completed
1014374,10,,2026-04-04 21:49:49,drive_thru,,gift_card,completed
1014375,15,1178,2026-04-05 11:23:07,drive_thru,,credit_card,completed
1014376,12,1674,2026-04-05 11:26:30,delivery,,apple_pay,completed
1014377,8,,2026-04-05 11:33:27,dine_in,,gift_card,completed
1014378,6,2353,2026-04-05 11:34:41,dine_in,,credit_card,completed
1014379,2,,2026-04-05 11:39:11,delivery,,credit_card,completed
1014380,14,398,2026-04-05 11:44:50,drive_thru,,credit_card,completed
1014381,8,,2026-04-05 11:47:05,takeout,,cash,refunded
1014382,18,2475,2026-04-05 11:47:11,dine_in,,apple_pay,completed
1014383,10,,2026-04-05 11:48:20,dine_in,,debit_card,completed
1014384,4,747,2026-04-05 11:54:00,dine_in,,debit_card,completed
1014385,1,1932,2026-04-05 11:58:58,takeout,,apple_pay,completed
1014386,4,,2026-04-05 12:01:20,dine_in,,credit_card,completed
1014387,7,2013,2026-04-05 12:01:20,delivery,,credit_card,completed
1014388,11,2287,2026-04-05 12:02:51,drive_thru,,cash,completed
1014389,9,,2026-04-05 12:04:09,dine_in,,apple_pay,completed
1014390,10,,2026-04-05 12:09:35,drive_thru,,credit_card,completed
1014391,3,,2026-04-05 12:10:49,takeout,,credit_card,completed
1014392,9,2480,2026-04-05 12:12:49,takeout,,cash,completed
1014393,4,,2026-04-05 12:13:02,takeout,,credit_card,completed
1014394,7,358,2026-04-05 12:15:57,dine_in,,gift_card,completed
1014395,13,2065,2026-04-05 12:16:33,delivery,,debit_card,completed
1014396,4,516,2026-04-05 12:16:45,dine_in,,apple_pay,completed
1014397,14,2408,2026-04-05 12:17:12,drive_thru,,cash,completed
1014398,14,195,2026-04-05 12:20:56,takeout,,credit_card,completed
1014399,14,471,2026-04-05 12:21:24,delivery,,debit_card,completed
1014400,1,,2026-04-05 12:23:13,dine_in,,debit_card,completed
1014401,16,326,2026-04-05 12:25:44,dine_in,,credit_card,completed
1014402,12,580,2026-04-05 12:25:48,dine_in,,apple_pay,completed
1014403,15,1465,2026-04-05 12:26:16,dine_in,,cash,completed
1014404,2,1687,2026-04-05 12:27:11,takeout,,debit_card,completed
1014405,4,,2026-04-05 12:30:59,dine_in,,debit_card,completed
1014406,20,593,2026-04-05 12:33:08,dine_in,,gift_card,completed
1014407,6,,2026-04-05 12:33:41,takeout,,credit_card,completed
1014408,14,,2026-04-05 12:33:48,delivery,,debit_card,completed
1014409,16,2460,2026-04-05 12:34:48,dine_in,,credit_card,completed
1014410,10,993,2026-04-05 12:34:56,delivery,,credit_card,completed
1014411,16,,2026-04-05 12:36:29,takeout,,debit_card,completed
1014412,16,60,2026-04-05 12:36:30,dine_in,,cash,completed
1014413,12,617,2026-04-05 12:37:53,delivery,,credit_card,completed
1014414,13,1178,2026-04-05 12:38:21,delivery,,credit_card,completed
1014415,10,538,2026-04-05 12:39:30,dine_in,,credit_card,completed
1014416,8,1475,2026-04-05 12:41:09,takeout,,credit_card,completed
1014417,18,1051,2026-04-05 12:42:03,drive_thru,,debit_card,completed
1014418,8,1082,2026-04-05 12:42:14,dine_in,,credit_card,completed
1014419,18,1689,2026-04-05 12:42:46,drive_thru,,debit_card,completed
1014420,12,,2026-04-05 12:43:39,dine_in,,cash,completed
1014421,12,,2026-04-05 12:45:04,dine_in,,apple_pay,completed
1014422,7,1483,2026-04-05 12:46:12,delivery,,credit_card,completed
1014423,15,,2026-04-05 12:46:12,drive_thru,,debit_card,completed
1014424,11,656,2026-04-05 12:47:47,drive_thru,,credit_card,completed
1014425,8,477,2026-04-05 12:48:28,delivery,,credit_card,completed
1014426,6,,2026-04-05 12:48:39,delivery,,debit_card,completed
1014427,9,1870,2026-04-05 12:51:04,takeout,,debit_card,completed
1014428,10,1810,2026-04-05 12:52:47,delivery,,apple_pay,completed
1014429,19,112,2026-04-05 12:54:55,dine_in,,apple_pay,completed
1014430,13,,2026-04-05 12:56:28,delivery,,debit_card,refunded
1014431,1,185,2026-04-05 12:58:31,dine_in,,debit_card,completed
1014432,11,1039,2026-04-05 13:00:10,dine_in,,debit_card,completed
1014433,6,455,2026-04-05 13:00:35,dine_in,,debit_card,completed
1014434,10,452,2026-04-05 13:01:04,takeout,,cash,completed
1014435,9,,2026-04-05 13:03:50,delivery,,apple_pay,completed
1014436,13,,2026-04-05 13:08:57,delivery,,credit_card,cancelled
1014437,1,,2026-04-05 13:10:17,takeout,,apple_pay,completed
1014438,10,2068,2026-04-05 13:13:16,delivery,,credit_card,completed
1014439,9,1546,2026-04-05 13:13:24,drive_thru,,apple_pay,completed
1014440,19,150,2026-04-05 13:17:30,dine_in,,debit_card,completed
1014441,1,1289,2026-04-05 13:17:39,delivery,,credit_card,completed
1014442,17,1750,2026-04-05 13:18:38,dine_in,,credit_card,completed
1014443,2,1096,2026-04-05 13:18:46,dine_in,,apple_pay,completed
1014444,14,2086,2026-04-05 13:18:54,delivery,,apple_pay,completed
1014445,14,,2026-04-05 13:22:43,drive_thru,,cash,completed
1014446,18,2475,2026-04-05 13:22:53,dine_in,,cash,completed
1014447,15,,2026-04-05 13:23:40,drive_thru,,cash,completed
1014448,16,500,2026-04-05 13:26:11,delivery,,gift_card,completed
1014449,6,436,2026-04-05 13:56:37,delivery,,debit_card,completed
1014450,8,2393,2026-04-05 14:16:38,takeout,,debit_card,completed
1014451,3,241,2026-04-05 14:17:48,dine_in,,gift_card,completed
1014452,2,1790,2026-04-05 14:27:08,delivery,,credit_card,completed
1014453,18,,2026-04-05 14:51:10,dine_in,,credit_card,completed
1014454,11,550,2026-04-05 15:32:09,takeout,,credit_card,refunded
1014455,19,738,2026-04-05 15:54:45,delivery,,debit_card,completed
1014456,4,659,2026-04-05 16:30:32,drive_thru,,credit_card,completed
1014457,9,1338,2026-04-05 16:34:59,dine_in,,apple_pay,completed
1014458,17,,2026-04-05 16:40:59,delivery,,apple_pay,cancelled
1014459,10,,2026-04-05 17:09:26,delivery,,gift_card,completed
1014460,1,2279,2026-04-05 17:25:08,takeout,,cash,completed
1014461,15,140,2026-04-05 17:48:57,drive_thru,,apple_pay,completed
1014462,9,1019,2026-04-05 17:52:25,takeout,,credit_card,completed
1014463,6,,2026-04-05 18:02:15,dine_in,,debit_card,completed
1014464,11,2263,2026-04-05 18:07:02,dine_in,,credit_card,completed
1014465,14,255,2026-04-05 18:15:36,dine_in,,debit_card,completed
1014466,9,1792,2026-04-05 18:16:10,drive_thru,,apple_pay,completed
1014467,13,345,2026-04-05 18:21:13,takeout,,debit_card,completed
1014468,17,,2026-04-05 18:23:12,dine_in,,apple_pay,completed
1014469,11,,2026-04-05 18:32:28,dine_in,,debit_card,completed
1014470,19,966,2026-04-05 18:35:39,dine_in,,credit_card,completed
1014471,6,,2026-04-05 18:37:18,drive_thru,,apple_pay,completed
1014472,14,,2026-04-05 18:38:20,takeout,,credit_card,completed
1014473,17,1963,2026-04-05 18:38:44,delivery,,credit_card,completed
1014474,13,,2026-04-05 18:39:58,delivery,,debit_card,completed
1014475,13,2228,2026-04-05 18:41:11,delivery,,credit_card,completed
1014476,3,1531,2026-04-05 18:42:08,takeout,,apple_pay,completed
1014477,12,539,2026-04-05 18:43:19,takeout,,apple_pay,completed
1014478,11,1135,2026-04-05 18:43:32,drive_thru,,apple_pay,completed
1014479,1,1033,2026-04-05 18:45:32,dine_in,,credit_card,completed
1014480,6,1384,2026-04-05 18:45:34,drive_thru,,credit_card,completed
1014481,14,195,2026-04-05 18:46:53,dine_in,,credit_card,completed
1014482,15,85,2026-04-05 18:50:51,delivery,,credit_card,completed
1014483,9,1381,2026-04-05 18:53:21,drive_thru,,credit_card,completed
1014484,2,1096,2026-04-05 18:54:21,dine_in,,cash,completed
1014485,4,,2026-04-05 18:56:02,delivery,,apple_pay,completed
1014486,7,,2026-04-05 18:57:38,delivery,,credit_card,completed
1014487,19,,2026-04-05 18:57:49,takeout,,credit_card,completed
1014488,8,,2026-04-05 18:58:08,takeout,,credit_card,cancelled
1014489,13,,2026-04-05 18:58:32,takeout,,credit_card,completed
1014490,9,912,2026-04-05 18:59:15,dine_in,,credit_card,completed
1014491,19,1266,2026-04-05 18:59:55,delivery,,credit_card,completed
1014492,9,,2026-04-05 19:00:24,delivery,,credit_card,completed
1014493,19,1315,2026-04-05 19:02:04,takeout,,debit_card,completed
1014494,6,,2026-04-05 19:04:39,drive_thru,,debit_card,completed
1014495,15,1283,2026-04-05 19:04:50,dine_in,,credit_card,completed
1014496,11,,2026-04-05 19:05:11,dine_in,,apple_pay,completed
1014497,7,2188,2026-04-05 19:11:27,takeout,,credit_card,completed
1014498,16,,2026-04-05 19:12:43,dine_in,,credit_card,completed
1014499,10,2219,2026-04-05 19:18:27,delivery,,credit_card,completed
1014500,17,,2026-04-05 19:20:01,takeout,,gift_card,completed
1014501,7,776,2026-04-05 19:20:27,dine_in,,credit_card,completed
1014502,2,2239,2026-04-05 19:21:08,takeout,,gift_card,completed
1014503,3,1395,2026-04-05 19:22:37,delivery,,credit_card,completed
1014504,7,,2026-04-05 19:24:44,dine_in,,credit_card,completed
1014505,19,2300,2026-04-05 19:26:42,delivery,,apple_pay,completed
1014506,3,2314,2026-04-05 19:30:24,delivery,,credit_card,completed
1014507,1,801,2026-04-05 19:34:34,takeout,,credit_card,completed
1014508,18,,2026-04-05 19:37:17,delivery,,credit_card,completed
1014509,3,1884,2026-04-05 19:37:29,takeout,,cash,completed
1014510,19,1809,2026-04-05 19:37:34,takeout,,credit_card,completed
1014511,17,1389,2026-04-05 19:38:16,dine_in,,cash,completed
1014512,8,819,2026-04-05 19:45:22,dine_in,,cash,completed
1014513,8,,2026-04-05 19:46:17,dine_in,,credit_card,completed
1014514,11,,2026-04-05 19:46:44,dine_in,,cash,completed
1014515,12,,2026-04-05 19:47:38,dine_in,,debit_card,completed
1014516,16,377,2026-04-05 19:49:27,takeout,,credit_card,completed
1014517,18,2267,2026-04-05 19:50:01,delivery,,debit_card,completed
1014518,1,,2026-04-05 19:50:06,dine_in,,credit_card,completed
1014519,15,,2026-04-05 19:50:37,takeout,,credit_card,completed
1014520,4,1219,2026-04-05 19:54:26,dine_in,,credit_card,completed
1014521,13,1862,2026-04-05 19:55:11,delivery,,debit_card,completed
1014522,16,,2026-04-05 20:05:44,dine_in,,apple_pay,completed
1014523,4,1743,2026-04-05 20:12:53,drive_thru,,credit_card,completed
1014524,19,,2026-04-05 20:13:50,drive_thru,,cash,completed
1014525,17,,2026-04-05 20:18:10,dine_in,,gift_card,completed
1014526,3,829,2026-04-05 20:19:29,takeout,,cash,completed
1014527,10,1454,2026-04-05 20:29:27,dine_in,,credit_card,completed
1014528,18,2145,2026-04-05 20:31:20,delivery,,credit_card,completed
1014529,12,753,2026-04-05 20:33:11,takeout,,credit_card,completed
1014530,6,829,2026-04-05 20:53:38,delivery,,debit_card,completed
1014531,12,1598,2026-04-05 21:12:42,dine_in,,credit_card,completed
1014532,19,896,2026-04-05 21:20:25,delivery,,credit_card,completed
1014533,11,,2026-04-05 21:41:09,,,credit_card,completed
1014534,19,1094,2026-04-05 21:54:04,takeout,,cash,completed
1014535,7,,2026-04-06 10:59:51,takeout,,credit_card,completed
1014536,6,,2026-04-06 11:10:27,takeout,,credit_card,completed
1014537,15,2366,2026-04-06 11:13:48,delivery,,debit_card,completed
1014538,1,978,2026-04-06 11:19:02,takeout,,cash,completed
1014539,7,,2026-04-06 11:19:19,dine_in,,credit_card,completed
1014540,14,,2026-04-06 11:32:41,drive_thru,,cash,completed
1014541,10,42,2026-04-06 11:38:20,takeout,,credit_card,completed
1014542,15,875,2026-04-06 11:40:24,delivery,,debit_card,completed
1014543,12,,2026-04-06 11:40:56,dine_in,,credit_card,completed
1014544,1,1927,2026-04-06 11:41:18,delivery,,credit_card,cancelled
1014545,12,1822,2026-04-06 11:42:27,dine_in,,cash,completed
1014546,10,939,2026-04-06 11:55:46,dine_in,,cash,completed
1014547,11,1779,2026-04-06 11:57:55,delivery,,credit_card,completed
1014548,16,60,2026-04-06 12:01:30,delivery,,credit_card,completed
1014549,12,,2026-04-06 12:01:53,dine_in,,credit_card,completed
1014550,14,1614,2026-04-06 12:04:09,takeout,,credit_card,completed
1014551,10,,2026-04-06 12:04:21,delivery,,gift_card,completed
1014552,10,1798,2026-04-06 12:04:47,delivery,,debit_card,completed
1014553,17,2341,2026-04-06 12:06:19,delivery,,credit_card,completed
1014554,7,1121,2026-04-06 12:09:01,dine_in,,credit_card,completed
1014555,10,,2026-04-06 12:11:42,takeout,,credit_card,completed
1014556,6,706,2026-04-06 12:12:47,delivery,,credit_card,completed
1014557,18,414,2026-04-06 12:17:34,dine_in,,credit_card,completed
1014558,10,1810,2026-04-06 12:20:41,drive_thru,,gift_card,completed
1014559,9,,2026-04-06 12:23:28,drive_thru,,credit_card,completed
1014560,7,1866,2026-04-06 12:24:52,takeout,,credit_card,completed
1014561,11,,2026-04-06 12:31:22,dine_in,,credit_card,completed
1014562,6,,2026-04-06 12:32:39,takeout,,credit_card,completed
1014563,10,452,2026-04-06 12:33:11,dine_in,,debit_card,completed
1014564,14,413,2026-04-06 12:35:21,delivery,,credit_card,completed
1014565,12,1552,2026-04-06 12:38:00,dine_in,,credit_card,completed
1014566,15,1296,2026-04-06 12:38:42,dine_in,,cash,completed
1014567,14,1675,2026-04-06 12:42:26,dine_in,,debit_card,completed
1014568,17,408,2026-04-06 12:43:41,takeout,,credit_card,completed
1014569,16,60,2026-04-06 12:44:24,takeout,,credit_card,completed
1014570,16,,2026-04-06 12:45:00,takeout,,apple_pay,completed
1014571,19,,2026-04-06 12:45:25,dine_in,,credit_card,completed
1014572,3,,2026-04-06 12:45:38,takeout,,apple_pay,completed
1014573,8,2472,2026-04-06 12:45:40,delivery,,credit_card,completed
1014574,15,337,2026-04-06 12:49:53,takeout,,gift_card,completed
1014575,5,,2026-04-06 12:52:51,drive_thru,,apple_pay,completed
1014576,12,,2026-04-06 12:52:59,dine_in,,credit_card,completed
1014577,19,2300,2026-04-06 12:58:34,dine_in,,cash,cancelled
1014578,6,,2026-04-06 13:00:22,dine_in,,cash,completed
1014579,8,2303,2026-04-06 13:01:53,dine_in,,credit_card,completed
1014580,3,,2026-04-06 13:02:53,dine_in,,credit_card,completed
1014581,4,1743,2026-04-06 13:07:32,takeout,,credit_card,completed
1014582,4,1524,2026-04-06 13:08:00,takeout,,debit_card,completed
1014583,12,,2026-04-06 13:08:20,dine_in,,gift_card,completed
1014584,1,375,2026-04-06 13:09:08,takeout,,credit_card,completed
1014585,4,,2026-04-06 13:09:43,takeout,,credit_card,completed
1014586,13,1478,2026-04-06 13:10:59,delivery,,credit_card,completed
1014587,15,914,2026-04-06 13:12:23,delivery,,credit_card,completed
1014588,15,,04/06/2026 13:12,,,credit_card,completed
1014589,6,,2026-04-06 13:12:59,drive_thru,,credit_card,completed
1014590,8,2008,2026-04-06 13:15:43,delivery,,apple_pay,completed
1014591,18,1495,2026-04-06 13:16:28,drive_thru,,credit_card,completed
1014592,2,,2026-04-06 13:23:59,takeout,,credit_card,completed
1014593,5,933,2026-04-06 13:24:38,dine_in,,cash,completed
1014594,17,,2026-04-06 13:30:42,delivery,,credit_card,completed
1014595,11,145,2026-04-06 13:30:44,dine_in,,debit_card,completed
1014596,11,2454,2026-04-06 13:37:36,drive_thru,,cash,completed
1014597,14,,2026-04-06 13:54:55,delivery,,debit_card,completed
1014598,16,843,2026-04-06 14:17:44,dine_in,,debit_card,completed
1014599,19,,2026-04-06 15:23:11,takeout,,credit_card,completed
1014600,20,818,04/06/2026 17:28,dine_in,,apple_pay,completed
1014601,16,81,2026-04-06 17:34:24,dine_in,,credit_card,completed
1014602,11,1796,2026-04-06 17:40:25,drive_thru,,debit_card,completed
1014603,6,,2026-04-06 17:47:49,drive_thru,,credit_card,completed
1014604,9,,2026-04-06 17:58:23,dine_in,,credit_card,completed
1014605,12,265,2026-04-06 18:03:41,takeout,,debit_card,completed
1014606,7,62,2026-04-06 18:12:50,dine_in,,apple_pay,completed
1014607,10,,2026-04-06 18:16:17,takeout,,credit_card,completed
1014608,6,1510,2026-04-06 18:17:17,drive_thru,,debit_card,completed
1014609,1,,2026-04-06 18:18:14,dine_in,,credit_card,completed
1014610,4,1415,2026-04-06 18:19:39,dine_in,,debit_card,completed
1014611,14,,2026-04-06 18:21:49,takeout,,apple_pay,completed
1014612,3,588,2026-04-06 18:26:12,dine_in,,gift_card,completed
1014613,7,766,2026-04-06 18:29:38,delivery,,credit_card,cancelled
1014614,15,,2026-04-06 18:30:10,takeout,,credit_card,completed
1014615,10,1901,2026-04-06 18:30:19,delivery,,apple_pay,completed
1014616,5,808,2026-04-06 18:32:34,dine_in,,credit_card,completed
1014617,18,1979,04/06/2026 18:36,delivery,,credit_card,completed
1014618,10,553,2026-04-06 18:38:32,takeout,,debit_card,completed
1014619,17,1183,2026-04-06 18:42:35,delivery,,debit_card,refunded
1014620,1,8,2026-04-06 18:43:40,takeout,,apple_pay,completed
1014621,19,215,2026-04-06 18:45:32,drive_thru,,credit_card,completed
1014622,18,675,2026-04-06 18:47:33,dine_in,,apple_pay,completed
1014623,5,2333,2026-04-06 18:50:07,takeout,,credit_card,completed
1014624,10,2043,2026-04-06 18:50:20,delivery,,debit_card,completed
1014625,14,446,2026-04-06 18:50:24,delivery,,debit_card,completed
1014626,1,2040,2026-04-06 18:57:33,dine_in,,gift_card,completed
1014627,15,2282,2026-04-06 19:00:59,delivery,,apple_pay,completed
1014628,8,1610,2026-04-06 19:01:11,takeout,,credit_card,completed
1014629,12,,2026-04-06 19:01:29,delivery,,credit_card,refunded
1014630,19,,2026-04-06 19:02:26,delivery,,credit_card,completed
1014631,12,,2026-04-06 19:03:10,delivery,,credit_card,completed
1014632,11,,2026-04-06 19:06:18,delivery,,credit_card,completed
1014633,4,1165,2026-04-06 19:10:09,drive_thru,,credit_card,completed
1014634,6,,2026-04-06 19:11:56,takeout,,gift_card,completed
1014635,1,1423,2026-04-06 19:12:17,takeout,,gift_card,completed
1014636,11,,2026-04-06 19:14:55,drive_thru,,cash,cancelled
1014637,17,,2026-04-06 19:20:28,dine_in,,debit_card,completed
1014638,19,,2026-04-06 19:20:37,dine_in,,cash,completed
1014639,19,1691,2026-04-06 19:22:01,drive_thru,,apple_pay,completed
1014640,2,1408,2026-04-06 19:25:51,,,debit_card,completed
1014641,12,2431,2026-04-06 19:30:48,dine_in,,debit_card,completed
1014642,13,,2026-04-06 19:31:08,takeout,,credit_card,completed
1014643,16,1691,2026-04-06 19:31:20,takeout,,apple_pay,completed
1014644,12,38,2026-04-06 19:33:19,delivery,,credit_card,completed
1014645,1,,2026-04-06 19:33:21,takeout,,credit_card,completed
1014646,14,2277,2026-04-06 19:33:51,dine_in,,credit_card,completed
1014647,5,873,2026-04-06 19:40:03,takeout,,credit_card,completed
1014648,4,865,2026-04-06 19:45:39,takeout,,credit_card,completed
1014649,8,,2026-04-06 19:51:37,takeout,,cash,completed
1014650,7,,2026-04-06 20:00:39,takeout,,credit_card,completed
1014651,17,,2026-04-06 20:02:55,takeout,,gift_card,completed
1014652,11,2387,2026-04-06 20:04:06,dine_in,,credit_card,completed
1014653,11,538,2026-04-06 20:08:13,dine_in,,credit_card,completed
1014654,18,,2026-04-06 20:13:24,takeout,,credit_card,completed
1014655,11,1442,2026-04-06 20:18:37,drive_thru,,credit_card,completed
1014656,15,1154,2026-04-06 20:27:19,drive_thru,,credit_card,completed
1014657,4,,2026-04-06 20:27:37,dine_in,,debit_card,completed
1014658,12,1390,2026-04-06 21:07:13,dine_in,,credit_card,completed
1014659,12,2429,2026-04-06 21:28:37,takeout,,debit_card,completed
1014660,13,,2026-04-06 21:50:17,dine_in,,debit_card,completed
1014661,19,1928,2026-04-07 11:13:21,delivery,,debit_card,completed
1014662,18,1543,2026-04-07 11:24:08,delivery,,credit_card,cancelled
1014663,14,2268,2026-04-07 11:29:52,drive_thru,,apple_pay,completed
1014664,4,,2026-04-07 11:31:10,delivery,,debit_card,completed
1014665,1,755,2026-04-07 11:38:34,takeout,,cash,completed
1014666,2,,2026-04-07 11:39:28,dine_in,,debit_card,completed
1014667,4,,2026-04-07 11:41:37,dine_in,,credit_card,completed
1014668,1,2132,2026-04-07 11:43:41,dine_in,,credit_card,completed
1014669,18,,2026-04-07 11:45:13,drive_thru,,debit_card,completed
1014670,20,1748,2026-04-07 11:47:05,delivery,,credit_card,completed
1014671,9,2389,2026-04-07 11:47:24,drive_thru,,cash,completed
1014672,11,,2026-04-07 11:49:12,delivery,,credit_card,completed
1014673,19,213,2026-04-07 11:52:31,dine_in,,cash,completed
1014674,14,,2026-04-07 11:53:22,drive_thru,,credit_card,completed
1014675,14,,2026-04-07 11:55:05,drive_thru,,gift_card,completed
1014676,20,2356,2026-04-07 11:56:21,drive_thru,,credit_card,completed
1014677,2,,2026-04-07 11:59:22,takeout,,cash,completed
1014678,14,1576,2026-04-07 12:00:14,takeout,,credit_card,completed
1014679,10,,2026-04-07 12:01:27,drive_thru,,debit_card,completed
1014680,15,1109,2026-04-07 12:03:19,dine_in,,credit_card,completed
1014681,1,404,04/07/2026 12:05,dine_in,,credit_card,completed
1014682,7,,2026-04-07 12:06:24,dine_in,,apple_pay,completed
1014683,8,,2026-04-07 12:10:14,delivery,,apple_pay,completed
1014684,15,,04/07/2026 12:12,delivery,,debit_card,completed
1014685,8,2061,2026-04-07 12:13:00,takeout,,debit_card,completed
1014686,6,1333,2026-04-07 12:16:43,takeout,,cash,completed
1014687,9,1053,2026-04-07 12:19:30,drive_thru,,debit_card,completed
1014688,19,571,2026-04-07 12:20:14,dine_in,,apple_pay,completed
1014689,15,,2026-04-07 12:23:18,drive_thru,,credit_card,completed
1014690,12,,2026-04-07 12:24:31,dine_in,,credit_card,completed
1014691,13,,2026-04-07 12:24:31,takeout,,credit_card,completed
1014692,20,,2026-04-07 12:27:43,dine_in,,gift_card,completed
1014693,17,1146,2026-04-07 12:28:47,takeout,,credit_card,completed
1014694,7,,2026-04-07 12:30:21,dine_in,,debit_card,completed
1014695,12,1287,2026-04-07 12:32:54,takeout,,credit_card,completed
1014696,19,2474,2026-04-07 12:33:19,drive_thru,,gift_card,completed
1014697,18,81,2026-04-07 12:35:28,drive_thru,,credit_card,completed
1014698,15,,2026-04-07 12:35:29,takeout,,debit_card,completed
1014699,6,,2026-04-07 12:35:59,dine_in,,credit_card,completed
1014700,17,1433,04/07/2026 12:36,delivery,,credit_card,completed
1014701,19,1434,2026-04-07 12:40:56,,,apple_pay,completed
1014702,13,,2026-04-07 12:42:22,takeout,,debit_card,completed
1014703,10,,2026-04-07 12:43:07,takeout,,apple_pay,completed
1014704,10,18,2026-04-07 12:44:11,takeout,,credit_card,completed
1014705,18,1183,2026-04-07 12:46:01,dine_in,,credit_card,completed
1014706,4,1219,2026-04-07 12:49:09,drive_thru,,debit_card,completed
1014707,6,1967,2026-04-07 12:53:04,drive_thru,,apple_pay,completed
1014708,10,946,2026-04-07 12:54:44,drive_thru,,credit_card,completed
1014709,12,,2026-04-07 12:55:09,takeout,,debit_card,cancelled
1014710,14,,2026-04-07 12:59:24,dine_in,,credit_card,completed
1014711,7,636,2026-04-07 13:03:22,takeout,,apple_pay,completed
1014712,18,675,2026-04-07 13:04:53,drive_thru,,credit_card,completed
1014713,19,1801,2026-04-07 13:07:31,drive_thru,,debit_card,completed
1014714,6,2353,2026-04-07 13:09:20,dine_in,,credit_card,completed
1014715,19,1094,2026-04-07 13:17:29,drive_thru,,credit_card,completed
1014716,9,457,2026-04-07 13:22:07,drive_thru,,cash,completed
1014717,9,,2026-04-07 13:25:20,delivery,,apple_pay,completed
1014718,18,132,2026-04-07 13:26:28,takeout,,gift_card,completed
1014719,9,,2026-04-07 13:41:43,delivery,,credit_card,completed
1014720,8,640,2026-04-07 14:02:03,dine_in,,apple_pay,completed
1014721,18,,2026-04-07 14:07:48,drive_thru,,cash,completed
1014722,8,,2026-04-07 14:40:58,dine_in,,cash,completed
1014723,3,343,2026-04-07 14:58:42,takeout,,cash,completed
1014724,7,1225,2026-04-07 15:35:19,dine_in,,debit_card,completed
1014725,19,,2026-04-07 16:38:29,drive_thru,,gift_card,completed
1014726,1,1920,2026-04-07 16:38:45,dine_in,,credit_card,completed
1014727,12,859,2026-04-07 16:45:02,takeout,,cash,completed
1014728,3,2457,2026-04-07 16:51:39,dine_in,,credit_card,completed
1014729,10,2038,2026-04-07 17:01:43,drive_thru,,credit_card,completed
1014730,19,1573,2026-04-07 17:19:26,takeout,,credit_card,completed
1014731,18,,2026-04-07 17:20:36,drive_thru,,credit_card,completed
1014732,7,858,2026-04-07 17:26:24,takeout,,credit_card,completed
1014733,5,234,2026-04-07 17:32:14,delivery,,credit_card,refunded
1014734,17,1055,2026-04-07 17:36:42,dine_in,,credit_card,completed
1014735,10,1129,2026-04-07 17:46:26,drive_thru,,gift_card,completed
1014736,16,,2026-04-07 17:51:32,delivery,,credit_card,completed
1014737,12,2010,2026-04-07 17:56:23,takeout,,cash,completed
1014738,2,,2026-04-07 17:57:15,dine_in,,debit_card,completed
1014739,10,1549,2026-04-07 17:57:51,drive_thru,,apple_pay,completed
1014740,10,602,2026-04-07 18:02:14,delivery,,credit_card,completed
1014741,12,1072,2026-04-07 18:05:52,takeout,,gift_card,completed
1014742,19,507,04/07/2026 18:08,dine_in,,cash,completed
1014743,17,2300,2026-04-07 18:10:27,delivery,,debit_card,completed
1014744,4,1742,2026-04-07 18:11:42,drive_thru,,credit_card,completed
1014745,17,555,2026-04-07 18:12:48,takeout,,apple_pay,completed
1014746,1,1159,2026-04-07 18:15:06,delivery,,debit_card,completed
1014747,5,1464,2026-04-07 18:16:05,dine_in,,debit_card,completed
1014748,7,145,2026-04-07 18:19:13,delivery,,debit_card,completed
1014749,20,,2026-04-07 18:19:19,dine_in,,credit_card,completed
1014750,9,,2026-04-07 18:21:03,dine_in,,credit_card,completed
1014751,6,,2026-04-07 18:22:51,delivery,,credit_card,completed
1014752,10,1861,2026-04-07 18:24:10,dine_in,,gift_card,completed
1014753,6,455,2026-04-07 18:24:11,drive_thru,,credit_card,completed
1014754,16,,2026-04-07 18:32:03,takeout,,credit_card,completed
1014755,6,,2026-04-07 18:32:54,delivery,,credit_card,completed
1014756,15,,2026-04-07 18:39:58,dine_in,,credit_card,completed
1014757,4,1176,2026-04-07 18:41:06,takeout,,credit_card,completed
1014758,6,,2026-04-07 18:45:14,drive_thru,,debit_card,completed
1014759,19,2474,2026-04-07 18:45:51,drive_thru,,apple_pay,cancelled
1014760,11,,2026-04-07 18:48:33,takeout,,apple_pay,completed
1014761,11,1363,2026-04-07 18:50:56,delivery,,credit_card,completed
1014762,7,,2026-04-07 18:51:56,dine_in,,apple_pay,completed
1014763,18,1203,2026-04-07 18:53:23,drive_thru,,apple_pay,completed
1014764,12,2156,2026-04-07 18:58:12,takeout,,credit_card,completed
1014765,12,1800,2026-04-07 18:58:31,dine_in,,credit_card,completed
1014766,9,1171,2026-04-07 18:58:59,takeout,,credit_card,completed
1014767,5,,2026-04-07 19:03:19,takeout,,cash,completed
1014768,12,1725,04/07/2026 19:05,dine_in,,debit_card,completed
1014769,3,490,2026-04-07 19:06:14,delivery,,credit_card,completed
1014770,6,,2026-04-07 19:08:52,drive_thru,,debit_card,completed
1014771,17,2484,2026-04-07 19:10:35,delivery,,apple_pay,completed
1014772,14,,2026-04-07 19:12:53,delivery,,credit_card,completed
1014773,18,1739,2026-04-07 19:16:11,dine_in,,credit_card,completed
1014774,12,2094,2026-04-07 19:16:16,dine_in,,debit_card,completed
1014775,8,719,2026-04-07 19:24:02,dine_in,,credit_card,completed
1014776,7,,2026-04-07 19:29:13,,,credit_card,completed
1014777,11,,2026-04-07 19:29:38,takeout,,credit_card,completed
1014778,14,815,2026-04-07 19:33:53,dine_in,,credit_card,completed
1014779,16,2259,2026-04-07 19:34:04,dine_in,,credit_card,completed
1014780,4,,2026-04-07 19:35:34,takeout,,gift_card,completed
1014781,4,,2026-04-07 19:35:42,dine_in,,debit_card,completed
1014782,14,,2026-04-07 19:36:32,takeout,,credit_card,completed
1014783,1,,2026-04-07 19:38:16,dine_in,,credit_card,completed
1014784,9,1532,2026-04-07 19:43:40,drive_thru,,cash,completed
1014785,19,,2026-04-07 19:44:49,dine_in,,debit_card,completed
1014786,13,473,2026-04-07 19:46:34,dine_in,,gift_card,completed
1014787,16,,2026-04-07 19:58:16,takeout,,debit_card,completed
1014788,8,200,2026-04-07 20:01:59,takeout,,credit_card,completed
1014789,15,2123,2026-04-07 20:02:13,drive_thru,,apple_pay,completed
1014790,8,,2026-04-07 20:02:43,takeout,,credit_card,completed
1014791,9,,2026-04-07 20:08:35,drive_thru,,credit_card,completed
1014792,11,2220,2026-04-07 20:11:11,dine_in,,gift_card,completed
1014793,8,667,2026-04-07 20:23:59,dine_in,,apple_pay,completed
1014794,9,1792,2026-04-07 20:37:14,dine_in,,credit_card,completed
1014795,9,,2026-04-07 20:50:31,takeout,,cash,completed
1014796,15,1028,2026-04-07 20:54:54,delivery,,apple_pay,completed
1014797,14,2391,2026-04-07 21:04:51,delivery,,debit_card,completed
1014798,14,1279,2026-04-07 21:07:34,delivery,,credit_card,completed
1014799,8,,2026-04-07 21:23:01,dine_in,,credit_card,refunded
1014800,4,,2026-04-07 21:50:06,takeout,,cash,completed
1014801,2,,2026-04-08 10:42:31,delivery,,gift_card,completed
1014802,10,1013,2026-04-08 10:53:13,takeout,,debit_card,completed
1014803,2,2177,2026-04-08 11:19:38,delivery,,credit_card,completed
1014804,1,49,2026-04-08 11:20:02,dine_in,,apple_pay,completed
1014805,19,945,2026-04-08 11:30:09,delivery,,debit_card,completed
1014806,7,,2026-04-08 11:38:33,delivery,,credit_card,completed
1014807,14,1184,2026-04-08 11:45:24,delivery,,credit_card,completed
1014808,3,1944,2026-04-08 11:46:24,dine_in,,debit_card,completed
1014809,2,1145,2026-04-08 11:52:12,dine_in,,credit_card,completed
1014810,16,1914,2026-04-08 11:52:30,dine_in,,credit_card,completed
1014811,7,823,2026-04-08 11:52:55,takeout,,gift_card,completed
1014812,16,486,2026-04-08 11:54:18,dine_in,,cash,completed
1014813,2,,2026-04-08 11:54:57,dine_in,,debit_card,completed
1014814,19,,2026-04-08 11:58:10,dine_in,,credit_card,completed
1014815,11,1553,2026-04-08 11:58:34,takeout,,debit_card,completed
1014816,4,,2026-04-08 12:02:09,dine_in,,credit_card,completed
1014817,8,1280,2026-04-08 12:04:13,takeout,,credit_card,completed
1014818,6,800,2026-04-08 12:05:06,takeout,,credit_card,completed
1014819,17,635,2026-04-08 12:08:21,takeout,,credit_card,completed
1014820,17,,2026-04-08 12:09:26,takeout,,credit_card,completed
1014821,18,1893,2026-04-08 12:10:42,delivery,,credit_card,completed
1014822,7,598,2026-04-08 12:13:22,dine_in,,credit_card,completed
1014823,14,413,2026-04-08 12:13:28,dine_in,,debit_card,completed
1014824,14,815,2026-04-08 12:14:14,takeout,,credit_card,completed
1014825,16,2083,2026-04-08 12:17:01,takeout,,debit_card,completed
1014826,10,2143,2026-04-08 12:17:17,drive_thru,,credit_card,completed
1014827,16,,2026-04-08 12:20:32,delivery,,apple_pay,completed
1014828,11,1337,2026-04-08 12:23:33,delivery,,credit_card,completed
1014829,9,233,2026-04-08 12:23:42,dine_in,,gift_card,completed
1014830,13,971,2026-04-08 12:25:47,delivery,,credit_card,completed
1014831,14,2069,2026-04-08 12:26:54,delivery,,credit_card,refunded
1014832,12,430,2026-04-08 12:27:06,dine_in,,debit_card,completed
1014833,12,1412,2026-04-08 12:29:01,dine_in,,cash,completed
1014834,16,,2026-04-08 12:29:49,delivery,,gift_card,completed
1014835,17,221,2026-04-08 12:32:16,takeout,,cash,completed
1014836,15,,2026-04-08 12:33:23,delivery,,credit_card,completed
1014837,12,,2026-04-08 12:34:41,takeout,,credit_card,completed
1014838,17,1612,2026-04-08 12:34:57,dine_in,,cash,completed
1014839,12,1297,2026-04-08 12:36:12,takeout,,cash,completed
1014840,16,,2026-04-08 12:39:28,delivery,,credit_card,completed
1014841,13,280,2026-04-08 12:42:44,takeout,,debit_card,completed
1014842,18,2147,2026-04-08 12:47:13,dine_in,,credit_card,completed
1014843,1,1336,2026-04-08 12:48:07,dine_in,,cash,completed
1014844,9,,2026-04-08 12:48:22,dine_in,,cash,refunded
1014845,20,,2026-04-08 12:50:28,dine_in,,cash,completed
1014846,8,2459,2026-04-08 12:52:21,dine_in,,credit_card,completed
1014847,20,,2026-04-08 12:54:59,drive_thru,,apple_pay,completed
1014848,11,1363,2026-04-08 12:55:45,dine_in,,debit_card,completed
1014849,10,,2026-04-08 12:58:28,dine_in,,debit_card,refunded
1014850,14,1449,2026-04-08 13:01:59,takeout,,apple_pay,completed
1014851,14,195,2026-04-08 13:03:09,delivery,,credit_card,cancelled
1014852,15,529,2026-04-08 13:04:49,dine_in,,credit_card,refunded
1014853,9,,2026-04-08 13:06:04,delivery,,debit_card,completed
1014854,15,,2026-04-08 13:06:18,dine_in,,debit_card,completed
1014855,2,1113,2026-04-08 13:06:50,delivery,,credit_card,completed
1014856,6,775,2026-04-08 13:08:37,dine_in,,credit_card,completed
1014857,2,1356,2026-04-08 13:09:32,delivery,,credit_card,completed
1014858,17,150,2026-04-08 13:17:16,,,debit_card,completed
1014859,3,,2026-04-08 13:24:09,dine_in,,credit_card,completed
1014860,2,2177,2026-04-08 13:26:48,dine_in,,credit_card,completed
1014861,7,1126,2026-04-08 13:27:22,takeout,,credit_card,completed
1014862,12,1797,2026-04-08 13:33:38,takeout,,credit_card,completed
1014863,4,1430,2026-04-08 13:42:02,drive_thru,,credit_card,completed
1014864,18,1893,2026-04-08 14:03:57,dine_in,,credit_card,completed
1014865,6,1224,2026-04-08 14:53:23,dine_in,,debit_card,completed
1014866,18,675,2026-04-08 15:31:50,delivery,,credit_card,completed
1014867,10,1011,2026-04-08 15:44:21,dine_in,,debit_card,completed
1014868,20,2376,2026-04-08 15:50:42,drive_thru,,credit_card,completed
1014869,15,1606,2026-04-08 16:10:43,takeout,,cash,completed
1014870,12,,2026-04-08 16:39:03,delivery,,credit_card,completed
1014871,7,,2026-04-08 16:51:03,dine_in,,apple_pay,completed
1014872,16,1889,2026-04-08 16:52:36,takeout,,cash,cancelled
1014873,19,1740,2026-04-08 16:56:39,dine_in,,credit_card,completed
1014874,8,1526,2026-04-08 17:17:57,dine_in,,apple_pay,completed
1014875,16,1485,2026-04-08 17:28:53,dine_in,,credit_card,completed
1014876,4,49,2026-04-08 17:39:03,drive_thru,,cash,completed
1014877,1,,2026-04-08 17:43:47,dine_in,,credit_card,completed
1014878,14,,2026-04-08 17:49:39,drive_thru,,cash,completed
1014879,2,825,2026-04-08 17:52:30,delivery,,gift_card,completed
1014880,4,1104,2026-04-08 17:57:15,drive_thru,,credit_card,completed
1014881,10,1987,2026-04-08 18:05:52,drive_thru,,apple_pay,completed
1014882,17,,2026-04-08 18:08:27,takeout,,cash,completed
1014883,5,1585,2026-04-08 18:11:37,delivery,,apple_pay,completed
1014884,9,,2026-04-08 18:12:33,delivery,,credit_card,completed
1014885,8,1692,2026-04-08 18:17:05,takeout,,cash,completed
1014886,8,568,2026-04-08 18:20:35,delivery,,credit_card,completed
1014887,19,341,2026-04-08 18:23:43,delivery,,apple_pay,completed
1014888,6,310,2026-04-08 18:24:20,dine_in,,apple_pay,completed
1014889,12,1234,2026-04-08 18:25:33,dine_in,,credit_card,completed
1014890,15,,2026-04-08 18:26:00,delivery,,credit_card,completed
1014891,11,,2026-04-08 18:26:25,delivery,,credit_card,cancelled
1014892,7,349,2026-04-08 18:26:45,delivery,,apple_pay,completed
1014893,5,536,2026-04-08 18:27:15,takeout,,credit_card,completed
1014894,17,1393,2026-04-08 18:29:06,dine_in,,credit_card,completed
1014895,5,951,2026-04-08 18:32:43,dine_in,,credit_card,completed
1014896,9,689,2026-04-08 18:34:01,delivery,,credit_card,completed
1014897,2,,2026-04-08 18:36:58,dine_in,,credit_card,completed
1014898,1,234,2026-04-08 18:37:56,takeout,,debit_card,completed
1014899,16,,2026-04-08 18:38:37,delivery,,debit_card,completed
1014900,16,1128,2026-04-08 18:40:01,dine_in,,cash,completed
1014901,3,,2026-04-08 18:40:10,dine_in,,cash,completed
1014902,10,,2026-04-08 18:40:57,dine_in,,apple_pay,completed
1014903,9,,2026-04-08 18:44:38,dine_in,,cash,completed
1014904,8,1475,2026-04-08 18:45:44,delivery,,credit_card,completed
1014905,17,2487,2026-04-08 18:48:51,takeout,,credit_card,completed
1014906,4,1718,2026-04-08 18:49:32,delivery,,credit_card,completed
1014907,2,2101,2026-04-08 18:50:06,delivery,,credit_card,completed
1014908,1,,2026-04-08 18:50:12,takeout,,debit_card,completed
1014909,4,,2026-04-08 18:53:15,delivery,,credit_card,completed
1014910,16,,2026-04-08 18:54:32,dine_in,,cash,completed
1014911,4,,2026-04-08 18:55:01,drive_thru,,credit_card,completed
1014912,16,36,2026-04-08 18:56:11,delivery,,credit_card,completed
1014913,3,898,2026-04-08 18:57:21,dine_in,,credit_card,completed
1014914,7,1263,2026-04-08 18:57:42,delivery,,credit_card,completed
1014915,19,2126,2026-04-08 18:57:48,,,credit_card,refunded
1014916,4,,2026-04-08 18:58:07,delivery,,apple_pay,completed
1014917,1,,2026-04-08 18:58:14,dine_in,,credit_card,completed
1014918,10,,2026-04-08 19:00:43,dine_in,,credit_card,completed
1014919,12,2470,2026-04-08 19:03:52,dine_in,,cash,completed
1014920,14,,2026-04-08 19:04:19,dine_in,,apple_pay,completed
1014921,2,1916,2026-04-08 19:05:43,dine_in,,credit_card,completed
1014922,1,,2026-04-08 19:06:00,delivery,,debit_card,completed
1014923,6,785,2026-04-08 19:06:57,dine_in,,apple_pay,completed
1014924,19,1966,2026-04-08 19:11:21,drive_thru,,credit_card,completed
1014925,13,,2026-04-08 19:11:46,dine_in,,credit_card,completed
1014926,18,,2026-04-08 19:12:31,dine_in,,credit_card,completed
1014927,10,183,2026-04-08 19:12:33,,,debit_card,completed
1014928,6,703,2026-04-08 19:12:56,drive_thru,,credit_card,refunded
1014929,15,,2026-04-08 19:13:25,dine_in,,credit_card,completed
1014930,10,,2026-04-08 19:15:29,delivery,,debit_card,completed
1014931,11,1728,2026-04-08 19:16:13,delivery,,credit_card,cancelled
1014932,7,,2026-04-08 19:21:55,delivery,,credit_card,completed
1014933,15,398,2026-04-08 19:23:17,drive_thru,,credit_card,completed
1014934,8,640,2026-04-08 19:23:57,dine_in,,debit_card,completed
1014935,19,700,2026-04-08 19:32:29,drive_thru,,credit_card,completed
1014936,15,,2026-04-08 19:33:06,drive_thru,,credit_card,completed
1014937,14,646,2026-04-08 19:34:14,takeout,,credit_card,completed
1014938,10,,2026-04-08 19:35:27,delivery,,credit_card,completed
1014939,2,1382,2026-04-08 19:42:32,takeout,,cash,completed
1014940,5,873,2026-04-08 19:46:06,delivery,,credit_card,completed
1014941,10,183,04/08/2026 19:46,dine_in,,credit_card,completed
1014942,1,1998,2026-04-08 19:49:52,delivery,,credit_card,completed
1014943,1,1649,2026-04-08 19:52:26,dine_in,,apple_pay,completed
1014944,17,723,2026-04-08 19:53:35,dine_in,,credit_card,completed
1014945,10,726,2026-04-08 19:54:10,drive_thru,,gift_card,completed
1014946,14,,2026-04-08 19:59:51,dine_in,,debit_card,completed
1014947,8,114,2026-04-08 20:03:41,takeout,,apple_pay,completed
1014948,13,1481,2026-04-08 20:07:36,delivery,,credit_card,completed
1014949,13,,2026-04-08 20:09:09,takeout,,credit_card,completed
1014950,6,,2026-04-08 20:11:33,dine_in,,cash,completed
1014951,15,,2026-04-08 20:11:50,drive_thru,,credit_card,completed
1014952,19,368,2026-04-08 20:25:00,takeout,,debit_card,completed
1014953,7,2373,2026-04-08 20:43:59,dine_in,,credit_card,completed
1014954,10,302,2026-04-08 20:58:04,drive_thru,,apple_pay,completed
1014955,3,,2026-04-08 21:08:09,,,credit_card,completed
1014956,8,,2026-04-08 21:08:10,takeout,,debit_card,completed
1014957,16,338,2026-04-08 21:40:47,dine_in,,credit_card,completed
1014958,13,1481,2026-04-08 21:51:49,dine_in,,apple_pay,completed
1014959,12,1652,2026-04-09 10:41:29,dine_in,,credit_card,completed
1014960,1,,2026-04-09 10:43:15,dine_in,,cash,completed
1014961,1,,2026-04-09 10:49:02,dine_in,,credit_card,completed
1014962,4,2184,2026-04-09 10:51:16,dine_in,,gift_card,completed
1014963,12,2010,2026-04-09 10:53:07,delivery,,apple_pay,completed
1014964,17,1979,2026-04-09 11:03:44,delivery,,credit_card,completed
1014965,5,751,2026-04-09 11:04:58,delivery,,credit_card,completed
1014966,13,348,2026-04-09 11:19:49,takeout,,debit_card,completed
1014967,8,931,2026-04-09 11:20:46,takeout,,gift_card,completed
1014968,8,,2026-04-09 11:28:23,takeout,,cash,completed
1014969,5,,2026-04-09 11:41:31,dine_in,,debit_card,cancelled
1014970,14,1048,2026-04-09 11:47:29,delivery,,credit_card,completed
1014971,3,,2026-04-09 11:48:55,dine_in,,apple_pay,completed
1014972,6,,2026-04-09 11:49:48,dine_in,,credit_card,completed
1014973,9,1589,2026-04-09 11:54:56,drive_thru,,cash,completed
1014974,15,,2026-04-09 11:57:12,dine_in,,cash,completed
1014975,16,1655,2026-04-09 11:58:11,dine_in,,cash,cancelled
1014976,7,,2026-04-09 11:59:21,dine_in,,credit_card,completed
1014977,8,,2026-04-09 12:00:06,dine_in,,cash,completed
1014978,2,1210,04/09/2026 12:00,takeout,,cash,completed
1014979,1,,2026-04-09 12:00:10,dine_in,,cash,completed
1014980,9,,2026-04-09 12:00:33,drive_thru,,apple_pay,completed
1014981,18,,2026-04-09 12:01:42,dine_in,,credit_card,completed
1014982,1,2486,2026-04-09 12:03:55,dine_in,,credit_card,completed
1014983,14,446,2026-04-09 12:06:44,delivery,,credit_card,completed
1014984,1,2110,2026-04-09 12:07:40,takeout,,apple_pay,completed
1014985,8,,2026-04-09 12:09:18,dine_in,,credit_card,completed
1014986,13,,2026-04-09 12:12:53,dine_in,,credit_card,completed
1014987,2,708,2026-04-09 12:13:00,delivery,,debit_card,completed
1014988,8,,2026-04-09 12:13:19,dine_in,,credit_card,completed
1014989,15,351,2026-04-09 12:13:25,dine_in,,credit_card,completed
1014990,8,2288,2026-04-09 12:13:44,dine_in,,debit_card,completed
1014991,20,593,2026-04-09 12:15:59,drive_thru,,credit_card,completed
1014992,13,1663,2026-04-09 12:17:19,dine_in,,cash,completed
1014993,16,,2026-04-09 12:20:12,delivery,,credit_card,completed
1014994,6,,2026-04-09 12:20:20,dine_in,,cash,completed
1014995,3,785,04/09/2026 12:20,takeout,,debit_card,completed
1014996,10,1323,2026-04-09 12:20:38,takeout,,credit_card,completed
1014997,14,1583,2026-04-09 12:22:15,dine_in,,credit_card,completed
1014998,2,,2026-04-09 12:22:21,delivery,,credit_card,completed
1014999,14,35,2026-04-09 12:22:54,dine_in,,cash,completed
1015000,7,,2026-04-09 12:31:09,dine_in,,credit_card,completed
1015001,12,,2026-04-09 12:31:40,dine_in,,apple_pay,completed
1015002,5,,2026-04-09 12:32:20,takeout,,cash,completed
1015003,8,228,2026-04-09 12:32:32,takeout,,cash,completed
1015004,17,2193,2026-04-09 12:33:06,takeout,,debit_card,completed
1015005,4,,2026-04-09 12:35:18,dine_in,,credit_card,completed
1015006,14,2187,2026-04-09 12:37:39,drive_thru,,cash,completed
1015007,6,352,2026-04-09 12:38:17,dine_in,,credit_card,completed
1015008,2,,2026-04-09 12:39:56,dine_in,,credit_card,completed
1015009,12,504,2026-04-09 12:40:41,dine_in,,credit_card,completed
1015010,15,,2026-04-09 12:41:53,drive_thru,,credit_card,completed
1015011,8,2454,2026-04-09 12:46:37,delivery,,debit_card,completed
1015012,13,,2026-04-09 12:47:08,dine_in,,credit_card,completed
1015013,16,973,2026-04-09 12:50:00,dine_in,,apple_pay,completed
1015014,6,921,2026-04-09 12:50:47,drive_thru,,credit_card,completed
1015015,13,985,2026-04-09 12:52:06,,,credit_card,completed
1015016,16,,2026-04-09 12:53:17,dine_in,,credit_card,completed
1015017,1,130,2026-04-09 12:54:43,takeout,,credit_card,completed
1015018,19,2126,2026-04-09 12:55:19,delivery,,credit_card,completed
1015019,14,29,2026-04-09 12:56:55,takeout,,credit_card,completed
1015020,1,2364,2026-04-09 12:57:19,takeout,,credit_card,completed
1015021,14,,2026-04-09 12:58:50,drive_thru,,cash,completed
1015022,10,1188,2026-04-09 12:59:48,dine_in,,apple_pay,completed
1015023,1,630,2026-04-09 13:03:18,delivery,,debit_card,completed
1015024,14,,2026-04-09 13:04:00,dine_in,,apple_pay,completed
1015025,17,2313,2026-04-09 13:07:20,delivery,,debit_card,completed
1015026,9,,2026-04-09 13:08:13,dine_in,,credit_card,completed
1015027,12,43,2026-04-09 13:14:25,dine_in,,gift_card,completed
1015028,1,2032,2026-04-09 13:16:57,delivery,,debit_card,completed
1015029,17,150,2026-04-09 13:27:18,takeout,,cash,completed
1015030,4,,2026-04-09 13:32:26,dine_in,,apple_pay,completed
1015031,9,,2026-04-09 13:33:06,drive_thru,,credit_card,completed
1015032,18,2121,2026-04-09 13:34:15,takeout,,credit_card,completed
1015033,17,1332,2026-04-09 13:37:27,dine_in,,credit_card,completed
1015034,1,,2026-04-09 13:38:28,takeout,,debit_card,completed
1015035,6,,2026-04-09 13:57:56,takeout,,credit_card,completed
1015036,16,,2026-04-09 14:04:16,dine_in,,debit_card,completed
1015037,6,1666,2026-04-09 14:26:19,dine_in,,credit_card,completed
1015038,19,357,2026-04-09 14:31:15,delivery,,credit_card,completed
1015039,13,,2026-04-09 14:31:58,delivery,,credit_card,completed
1015040,17,,2026-04-09 14:50:24,dine_in,,debit_card,completed
1015041,14,446,2026-04-09 14:50:46,takeout,,apple_pay,completed
1015042,1,207,2026-04-09 14:53:59,takeout,,apple_pay,completed
1015043,13,1264,2026-04-09 14:58:37,dine_in,,credit_card,completed
1015044,11,1849,2026-04-09 15:20:06,delivery,,credit_card,completed
1015045,2,,2026-04-09 15:57:24,dine_in,,apple_pay,completed
1015046,2,1821,2026-04-09 16:40:47,,,credit_card,completed
1015047,3,2171,2026-04-09 17:04:39,takeout,,credit_card,completed
1015048,12,909,2026-04-09 17:17:41,takeout,,cash,completed
1015049,16,,2026-04-09 17:20:53,takeout,,credit_card,completed
1015050,1,1224,2026-04-09 17:25:58,delivery,,credit_card,completed
1015051,7,1707,2026-04-09 17:53:09,dine_in,,apple_pay,completed
1015052,12,816,2026-04-09 17:53:09,delivery,,credit_card,completed
1015053,4,1038,2026-04-09 17:53:28,delivery,,debit_card,completed
1015054,16,383,2026-04-09 17:54:04,dine_in,,debit_card,completed
1015055,19,1389,2026-04-09 17:54:29,drive_thru,,credit_card,completed
1015056,7,701,2026-04-09 17:54:54,dine_in,,debit_card,completed
1015057,4,,2026-04-09 17:56:41,delivery,,credit_card,completed
1015058,8,1962,2026-04-09 17:58:20,takeout,,credit_card,completed
1015059,12,757,04/09/2026 18:02,dine_in,,cash,completed
1015060,3,868,2026-04-09 18:03:13,dine_in,,credit_card,completed
1015061,12,619,2026-04-09 18:03:55,dine_in,,cash,completed
1015062,13,,2026-04-09 18:13:29,dine_in,,apple_pay,cancelled
1015063,13,45,2026-04-09 18:13:29,dine_in,,credit_card,completed
1015064,4,865,2026-04-09 18:20:57,delivery,,apple_pay,completed
1015065,17,520,2026-04-09 18:22:05,takeout,,cash,completed
1015066,12,757,2026-04-09 18:22:23,takeout,,cash,completed
1015067,11,1796,2026-04-09 18:28:53,takeout,,credit_card,completed
1015068,12,,2026-04-09 18:29:25,dine_in,,debit_card,completed
1015069,17,,2026-04-09 18:29:32,delivery,,credit_card,completed
1015070,7,568,2026-04-09 18:31:18,takeout,,cash,completed
1015071,12,1293,2026-04-09 18:31:36,delivery,,apple_pay,completed
1015072,13,1481,2026-04-09 18:31:43,delivery,,credit_card,completed
1015073,19,830,2026-04-09 18:34:00,delivery,,credit_card,completed
1015074,7,,2026-04-09 18:34:30,dine_in,,cash,completed
1015075,3,1165,2026-04-09 18:37:20,takeout,,credit_card,completed
1015076,13,1731,2026-04-09 18:38:25,dine_in,,credit_card,completed
1015077,1,2481,2026-04-09 18:38:39,dine_in,,debit_card,completed
1015078,6,,2026-04-09 18:39:23,delivery,,credit_card,completed
1015079,12,,2026-04-09 18:39:57,delivery,,apple_pay,completed
1015080,17,1963,2026-04-09 18:41:22,dine_in,,credit_card,completed
1015081,15,2133,2026-04-09 18:42:18,delivery,,gift_card,completed
1015082,14,,2026-04-09 18:44:21,dine_in,,cash,completed
1015083,9,1157,2026-04-09 18:45:26,dine_in,,credit_card,completed
1015084,5,,04/09/2026 18:45,takeout,,debit_card,completed
1015085,3,,2026-04-09 18:46:26,dine_in,,credit_card,completed
1015086,19,1419,2026-04-09 18:48:12,delivery,,debit_card,completed
1015087,6,,04/09/2026 18:49,drive_thru,,credit_card,completed
1015088,12,2094,2026-04-09 18:53:30,dine_in,,gift_card,refunded
1015089,11,,2026-04-09 18:54:50,takeout,,credit_card,completed
1015090,6,1857,2026-04-09 18:55:48,dine_in,,credit_card,completed
1015091,1,748,2026-04-09 18:55:57,delivery,,credit_card,completed
1015092,7,1760,2026-04-09 18:58:34,delivery,,debit_card,completed
1015093,17,,2026-04-09 18:59:38,delivery,,credit_card,completed
1015094,6,,2026-04-09 19:02:26,dine_in,,credit_card,completed
1015095,16,,2026-04-09 19:02:33,takeout,,cash,completed
1015096,8,461,2026-04-09 19:04:38,dine_in,,credit_card,completed
1015097,5,,2026-04-09 19:04:56,takeout,,cash,completed
1015098,9,,2026-04-09 19:07:56,delivery,,credit_card,completed
1015099,7,,2026-04-09 19:09:08,dine_in,,credit_card,completed
1015100,19,945,2026-04-09 19:11:11,delivery,,credit_card,completed
1015101,2,274,2026-04-09 19:12:53,dine_in,,debit_card,completed
1015102,19,448,2026-04-09 19:13:10,drive_thru,,apple_pay,completed
1015103,13,,2026-04-09 19:17:48,dine_in,,credit_card,completed
1015104,4,,2026-04-09 19:18:56,delivery,,debit_card,completed
1015105,1,703,2026-04-09 19:19:22,dine_in,,apple_pay,completed
1015106,19,2460,2026-04-09 19:19:32,takeout,,credit_card,completed
1015107,4,,2026-04-09 19:22:51,delivery,,credit_card,completed
1015108,12,,04/09/2026 19:25,delivery,,credit_card,completed
1015109,19,,2026-04-09 19:28:15,takeout,,cash,completed
1015110,8,686,2026-04-09 19:28:38,delivery,,debit_card,completed
1015111,10,2036,2026-04-09 19:31:38,dine_in,,credit_card,completed
1015112,19,2474,2026-04-09 19:32:16,dine_in,,debit_card,completed
1015113,1,1027,2026-04-09 19:34:42,takeout,,debit_card,completed
1015114,15,2369,04/09/2026 19:38,delivery,,credit_card,completed
1015115,6,,2026-04-09 19:40:32,dine_in,,credit_card,completed
1015116,8,1125,2026-04-09 19:42:19,dine_in,,cash,completed
1015117,17,1979,2026-04-09 19:44:12,delivery,,gift_card,completed
1015118,19,1537,2026-04-09 19:54:34,takeout,,credit_card,completed
1015119,19,2474,2026-04-09 19:58:31,delivery,,debit_card,completed
1015120,7,2,2026-04-09 19:58:49,delivery,,credit_card,completed
1015121,3,2363,2026-04-09 19:59:45,takeout,,credit_card,completed
1015122,2,1096,2026-04-09 20:04:18,dine_in,,credit_card,completed
1015123,19,2126,2026-04-09 20:05:21,dine_in,,credit_card,completed
1015124,17,,2026-04-09 20:08:12,dine_in,,credit_card,completed
1015125,3,2099,2026-04-09 20:12:35,delivery,,credit_card,completed
1015126,9,,2026-04-09 20:41:09,delivery,,credit_card,cancelled
1015127,5,1956,2026-04-09 20:53:59,dine_in,,credit_card,cancelled
1015128,4,,2026-04-09 21:17:46,delivery,,credit_card,completed
1015129,19,2488,2026-04-09 21:35:50,delivery,,credit_card,completed
1015130,9,233,2026-04-09 21:43:31,delivery,,credit_card,completed
1015131,16,,2026-04-09 21:43:33,dine_in,,cash,completed
1015132,18,,2026-04-10 10:30:30,drive_thru,,apple_pay,completed
1015133,14,,2026-04-10 10:31:41,dine_in,,credit_card,completed
1015134,15,1237,2026-04-10 10:38:57,takeout,,credit_card,completed
1015135,4,,2026-04-10 10:45:32,dine_in,,debit_card,completed
1015136,6,2305,2026-04-10 10:54:01,dine_in,,cash,completed
1015137,4,16,2026-04-10 10:54:04,dine_in,CRAWFRI,credit_card,completed
1015138,3,503,2026-04-10 11:16:00,dine_in,,cash,completed
1015139,15,11,2026-04-10 11:19:14,delivery,,debit_card,completed
1015140,3,,2026-04-10 11:21:07,takeout,CRAWFRI,credit_card,completed
1015141,19,327,2026-04-10 11:22:23,drive_thru,,cash,completed
1015142,19,954,2026-04-10 11:28:21,takeout,,cash,completed
1015143,11,2013,2026-04-10 11:34:17,takeout,,cash,completed
1015144,14,2453,2026-04-10 11:36:33,drive_thru,,cash,refunded
1015145,13,2232,2026-04-10 11:40:04,dine_in,,cash,completed
1015146,18,1206,2026-04-10 11:42:13,takeout,,credit_card,completed
1015147,10,,2026-04-10 11:45:07,drive_thru,,credit_card,completed
1015148,2,1787,2026-04-10 11:46:17,takeout,,debit_card,completed
1015149,9,,2026-04-10 11:48:29,takeout,,debit_card,completed
1015150,1,,2026-04-10 11:51:17,takeout,,credit_card,completed
1015151,6,662,2026-04-10 11:52:18,dine_in,CRAWFRI,apple_pay,completed
1015152,4,56,2026-04-10 11:55:08,takeout,,debit_card,completed
1015153,13,,2026-04-10 11:56:22,dine_in,,debit_card,completed
1015154,1,2486,2026-04-10 11:56:52,delivery,,gift_card,completed
1015155,7,1261,2026-04-10 11:56:56,takeout,,cash,completed
1015156,3,829,2026-04-10 11:59:56,dine_in,CRAWFRI,credit_card,completed
1015157,10,1808,2026-04-10 12:00:36,dine_in,,debit_card,completed
1015158,13,,2026-04-10 12:01:04,delivery,,apple_pay,completed
1015159,13,1022,2026-04-10 12:01:59,delivery,,credit_card,completed
1015160,11,,2026-04-10 12:03:34,takeout,,credit_card,cancelled
1015161,6,718,2026-04-10 12:06:12,takeout,,cash,completed
1015162,7,,2026-04-10 12:06:26,takeout,,credit_card,completed
1015163,6,1690,2026-04-10 12:14:39,dine_in,,credit_card,completed
1015164,1,1821,2026-04-10 12:19:56,dine_in,,credit_card,completed
1015165,8,,2026-04-10 12:19:59,takeout,,debit_card,completed
1015166,15,2123,2026-04-10 12:21:15,dine_in,,apple_pay,completed
1015167,11,1803,2026-04-10 12:21:54,drive_thru,,credit_card,completed
1015168,14,72,2026-04-10 12:23:40,drive_thru,,credit_card,completed
1015169,3,1665,2026-04-10 12:23:52,dine_in,,debit_card,completed
1015170,13,,2026-04-10 12:24:33,takeout,,credit_card,completed
1015171,4,,2026-04-10 12:25:16,delivery,,apple_pay,completed
1015172,2,89,2026-04-10 12:26:57,takeout,CRAWFRI,credit_card,completed
1015173,7,1060,2026-04-10 12:29:33,dine_in,,credit_card,completed
1015174,1,2032,2026-04-10 12:29:39,dine_in,,credit_card,completed
1015175,14,,2026-04-10 12:30:07,dine_in,,credit_card,completed
1015176,10,1798,2026-04-10 12:30:09,delivery,,credit_card,completed
1015177,1,703,2026-04-10 12:30:47,takeout,CRAWFRI,debit_card,completed
1015178,6,1977,2026-04-10 12:34:47,dine_in,CRAWFRI,cash,completed
1015179,4,,2026-04-10 12:36:32,delivery,CRAWFRI,credit_card,completed
1015180,4,879,2026-04-10 12:36:58,delivery,,debit_card,cancelled
1015181,19,199,2026-04-10 12:37:04,drive_thru,,cash,completed
1015182,9,,2026-04-10 12:37:37,delivery,,credit_card,completed
1015183,13,280,2026-04-10 12:37:59,dine_in,,debit_card,completed
1015184,8,62,2026-04-10 12:38:38,takeout,,apple_pay,completed
1015185,9,,2026-04-10 12:41:33,dine_in,,cash,completed
1015186,14,,2026-04-10 12:43:09,delivery,,gift_card,completed
1015187,13,,2026-04-10 12:45:19,delivery,,gift_card,completed
1015188,3,397,2026-04-10 12:48:59,dine_in,CRAWFRI,credit_card,cancelled
1015189,17,2120,2026-04-10 12:51:23,dine_in,,debit_card,completed
1015190,1,777,2026-04-10 12:51:36,dine_in,CRAWFRI,debit_card,completed
1015191,13,,2026-04-10 12:52:44,dine_in,,credit_card,completed
1015192,3,175,2026-04-10 12:53:09,dine_in,CRAWFRI,debit_card,completed
1015193,3,,2026-04-10 12:55:14,takeout,,credit_card,completed
1015194,5,932,2026-04-10 12:56:29,delivery,CRAWFRI,credit_card,completed
1015195,4,,2026-04-10 12:59:37,drive_thru,,apple_pay,completed
1015196,3,1111,2026-04-10 12:59:49,dine_in,,credit_card,cancelled
1015197,4,865,2026-04-10 13:01:08,dine_in,CRAWFRI,credit_card,completed
1015198,17,,2026-04-10 13:01:33,takeout,,cash,completed
1015199,2,2015,2026-04-10 13:02:21,dine_in,CRAWFRI,credit_card,completed
1015200,6,1875,2026-04-10 13:05:40,dine_in,CRAWFRI,credit_card,completed
1015201,15,1518,2026-04-10 13:07:56,delivery,,credit_card,completed
1015202,3,,2026-04-10 13:08:39,dine_in,CRAWFRI,cash,completed
1015203,13,1401,2026-04-10 13:21:55,dine_in,,credit_card,completed
1015204,4,1164,2026-04-10 13:25:01,takeout,CRAWFRI,credit_card,completed
1015205,15,601,2026-04-10 13:29:06,drive_thru,,credit_card,completed
1015206,8,2233,2026-04-10 14:00:26,delivery,,apple_pay,completed
1015207,17,2051,2026-04-10 14:07:55,takeout,,apple_pay,completed
1015208,11,1135,2026-04-10 14:45:31,dine_in,,credit_card,completed
1015209,14,195,2026-04-10 14:55:55,delivery,,debit_card,completed
1015210,19,,2026-04-10 15:08:36,delivery,,debit_card,completed
1015211,19,80,2026-04-10 15:17:20,delivery,,debit_card,completed
1015212,4,1531,2026-04-10 15:22:20,delivery,CRAWFRI,debit_card,completed
1015213,7,912,2026-04-10 15:31:40,delivery,,apple_pay,completed
1015214,1,207,2026-04-10 15:37:25,dine_in,CRAWFRI,debit_card,completed
1015215,1,,2026-04-10 15:46:44,dine_in,CRAWFRI,apple_pay,completed
1015216,7,530,2026-04-10 15:48:43,dine_in,,debit_card,completed
1015217,4,2297,2026-04-10 15:55:59,takeout,,apple_pay,completed
1015218,4,,2026-04-10 15:58:16,takeout,CRAWFRI,apple_pay,completed
1015219,12,,2026-04-10 16:03:06,dine_in,,credit_card,completed
1015220,9,2008,2026-04-10 16:04:12,dine_in,,debit_card,completed
1015221,19,,2026-04-10 16:05:44,dine_in,,gift_card,completed
1015222,16,,2026-04-10 16:06:57,dine_in,,apple_pay,completed
1015223,18,,2026-04-10 16:32:46,drive_thru,,credit_card,completed
1015224,6,,2026-04-10 16:38:22,dine_in,CRAWFRI,credit_card,completed
1015225,8,645,2026-04-10 16:52:15,dine_in,,apple_pay,completed
1015226,19,,2026-04-10 17:09:52,dine_in,,debit_card,completed
1015227,9,1788,2026-04-10 17:27:05,takeout,,cash,completed
1015228,1,,2026-04-10 17:28:57,dine_in,,credit_card,completed
1015229,4,,2026-04-10 17:39:36,drive_thru,,cash,completed
1015230,19,,2026-04-10 17:44:11,drive_thru,,credit_card,refunded
1015231,6,1857,2026-04-10 17:46:35,drive_thru,,apple_pay,completed
1015232,11,2398,2026-04-10 17:49:45,delivery,,apple_pay,completed
1015233,7,,2026-04-10 17:52:44,dine_in,,gift_card,completed
1015234,6,,2026-04-10 17:54:02,dine_in,CRAWFRI,debit_card,completed
1015235,10,531,2026-04-10 17:54:02,dine_in,,credit_card,completed
1015236,6,1099,2026-04-10 17:57:21,drive_thru,,credit_card,completed
1015237,4,,2026-04-10 17:59:42,takeout,CRAWFRI,cash,completed
1015238,19,,2026-04-10 18:01:38,drive_thru,,debit_card,completed
1015239,6,,2026-04-10 18:14:37,delivery,CRAWFRI,debit_card,completed
1015240,6,,2026-04-10 18:16:54,,CRAWFRI,debit_card,completed
1015241,1,144,2026-04-10 18:17:30,dine_in,,apple_pay,completed
1015242,1,721,2026-04-10 18:18:06,delivery,,credit_card,completed
1015243,15,351,2026-04-10 18:19:25,drive_thru,,credit_card,completed
1015244,9,995,2026-04-10 18:19:39,drive_thru,,credit_card,completed
1015245,4,960,2026-04-10 18:19:48,delivery,,credit_card,completed
1015246,18,583,2026-04-10 18:21:18,drive_thru,,debit_card,completed
1015247,1,1224,2026-04-10 18:28:16,dine_in,CRAWFRI,credit_card,completed
1015248,10,820,2026-04-10 18:28:32,drive_thru,,credit_card,completed
1015249,18,,2026-04-10 18:31:48,dine_in,,credit_card,completed
1015250,3,,2026-04-10 18:32:24,delivery,,debit_card,completed
1015251,14,1184,2026-04-10 18:34:11,dine_in,,apple_pay,completed
1015252,5,,2026-04-10 18:36:44,delivery,,apple_pay,completed
1015253,17,,2026-04-10 18:37:01,takeout,,credit_card,completed
1015254,19,1315,2026-04-10 18:37:45,dine_in,,cash,completed
1015255,8,1242,2026-04-10 18:38:38,takeout,,apple_pay,completed
1015256,19,1482,2026-04-10 18:38:56,dine_in,,cash,completed
1015257,6,,2026-04-10 18:39:43,takeout,,credit_card,completed
1015258,19,2198,2026-04-10 18:41:06,dine_in,,debit_card,completed
1015259,17,612,2026-04-10 18:42:11,delivery,,credit_card,completed
1015260,9,358,2026-04-10 18:46:04,delivery,,apple_pay,completed
1015261,12,,2026-04-10 18:46:43,dine_in,,cash,completed
1015262,10,819,2026-04-10 18:47:43,drive_thru,,cash,completed
1015263,4,2265,2026-04-10 18:48:02,drive_thru,,apple_pay,completed
1015264,15,181,2026-04-10 18:52:05,drive_thru,,apple_pay,completed
1015265,3,1219,2026-04-10 18:52:20,takeout,,credit_card,completed
1015266,15,,2026-04-10 18:53:14,takeout,,debit_card,completed
1015267,11,664,2026-04-10 18:53:55,delivery,,debit_card,completed
1015268,14,,2026-04-10 18:54:20,dine_in,,credit_card,completed
1015269,3,744,2026-04-10 18:56:29,dine_in,,debit_card,completed
1015270,19,112,2026-04-10 18:58:02,dine_in,,cash,completed
1015271,6,1226,2026-04-10 18:58:03,dine_in,CRAWFRI,credit_card,completed
1015272,10,,2026-04-10 18:58:25,dine_in,,credit_card,completed
1015273,3,907,2026-04-10 19:00:19,dine_in,CRAWFRI,debit_card,completed
1015274,10,1069,2026-04-10 19:01:57,delivery,,gift_card,completed
1015275,2,1096,2026-04-10 19:03:17,dine_in,CRAWFRI,apple_pay,completed
1015276,11,,2026-04-10 19:05:20,dine_in,,credit_card,completed
1015277,4,,2026-04-10 19:05:44,dine_in,,cash,completed
1015278,11,2454,2026-04-10 19:10:13,dine_in,,credit_card,completed
1015279,11,1442,2026-04-10 19:12:09,dine_in,,credit_card,completed
1015280,8,2233,2026-04-10 19:12:35,dine_in,,apple_pay,completed
1015281,5,,2026-04-10 19:13:02,delivery,CRAWFRI,credit_card,completed
1015282,2,1141,2026-04-10 19:19:53,takeout,,apple_pay,completed
1015283,8,,2026-04-10 19:20:06,dine_in,,debit_card,completed
1015284,2,1351,2026-04-10 19:22:09,delivery,,credit_card,completed
1015285,2,270,2026-04-10 19:22:27,dine_in,,credit_card,completed
1015286,8,,2026-04-10 19:23:43,takeout,,debit_card,completed
1015287,10,,2026-04-10 19:24:12,dine_in,,apple_pay,completed
1015288,18,936,2026-04-10 19:28:17,delivery,,credit_card,completed
1015289,18,,2026-04-10 19:28:37,dine_in,,debit_card,completed
1015290,17,2054,2026-04-10 19:29:01,delivery,,debit_card,completed
1015291,17,,04/10/2026 19:29,takeout,,apple_pay,completed
1015292,1,219,2026-04-10 19:32:38,takeout,CRAWFRI,cash,completed
1015293,4,2224,2026-04-10 19:33:19,dine_in,,debit_card,completed
1015294,3,,2026-04-10 19:33:38,dine_in,CRAWFRI,cash,completed
1015295,9,1567,2026-04-10 19:33:57,delivery,,credit_card,completed
1015296,8,1050,2026-04-10 19:35:51,delivery,,gift_card,completed
1015297,19,,2026-04-10 19:36:07,takeout,,cash,completed
1015298,6,247,2026-04-10 19:40:49,takeout,CRAWFRI,credit_card,completed
1015299,7,1483,2026-04-10 19:40:57,dine_in,,apple_pay,completed
1015300,12,,2026-04-10 19:41:07,takeout,,credit_card,completed
1015301,15,1283,2026-04-10 19:48:11,drive_thru,,debit_card,completed
1015302,9,763,2026-04-10 20:04:18,takeout,,apple_pay,completed
1015303,12,,2026-04-10 20:07:25,delivery,,debit_card,completed
1015304,10,121,2026-04-10 20:07:51,delivery,,debit_card,completed
1015305,1,2077,2026-04-10 20:20:44,dine_in,CRAWFRI,cash,completed
1015306,3,1310,2026-04-10 21:06:39,takeout,,cash,completed
1015307,4,,2026-04-10 21:12:06,dine_in,,debit_card,completed
1015308,4,,2026-04-11 10:38:38,,,cash,completed
1015309,4,,04/11/2026 11:07,dine_in,,debit_card,completed
1015310,13,,2026-04-11 11:14:17,takeout,,credit_card,completed
1015311,3,1423,2026-04-11 11:24:36,delivery,,debit_card,completed
1015312,13,1127,2026-04-11 11:30:09,dine_in,,credit_card,completed
1015313,3,1749,04/11/2026 11:31,delivery,,credit_card,completed
1015314,14,,2026-04-11 11:35:08,dine_in,,cash,completed
1015315,10,568,2026-04-11 11:36:37,delivery,,credit_card,completed
1015316,10,70,2026-04-11 11:37:21,delivery,,debit_card,completed
1015317,3,2171,2026-04-11 11:37:29,dine_in,,credit_card,cancelled
1015318,7,,2026-04-11 11:39:09,takeout,,credit_card,completed
1015319,14,,2026-04-11 11:39:46,dine_in,,gift_card,completed
1015320,19,,2026-04-11 11:48:05,delivery,,credit_card,completed
1015321,10,364,2026-04-11 11:50:21,delivery,,debit_card,completed
1015322,6,1033,2026-04-11 11:50:35,delivery,,debit_card,completed
1015323,16,2479,2026-04-11 11:54:26,dine_in,,debit_card,completed
1015324,1,852,2026-04-11 11:57:01,takeout,,debit_card,completed
1015325,12,,2026-04-11 11:57:06,delivery,,credit_card,completed
1015326,12,860,2026-04-11 11:58:31,delivery,,credit_card,completed
1015327,3,2497,2026-04-11 11:59:34,dine_in,,debit_card,completed
1015328,18,362,2026-04-11 12:00:23,drive_thru,,cash,completed
1015329,12,539,2026-04-11 12:00:59,dine_in,,credit_card,completed
1015330,3,,2026-04-11 12:01:44,dine_in,,credit_card,cancelled
1015331,18,1001,2026-04-11 12:02:56,drive_thru,,credit_card,completed
1015332,19,,2026-04-11 12:03:38,delivery,,apple_pay,completed
1015333,15,,2026-04-11 12:08:17,drive_thru,,cash,completed
1015334,1,2110,2026-04-11 12:08:44,delivery,,gift_card,completed
1015335,7,502,2026-04-11 12:09:51,dine_in,,apple_pay,completed
1015336,6,1977,2026-04-11 12:10:04,drive_thru,,debit_card,completed
1015337,7,549,2026-04-11 12:10:46,takeout,,credit_card,completed
1015338,15,1009,2026-04-11 12:12:17,drive_thru,,cash,completed
1015339,14,2453,2026-04-11 12:12:56,drive_thru,,cash,completed
1015340,19,362,2026-04-11 12:13:13,dine_in,,credit_card,completed
1015341,11,,2026-04-11 12:13:22,dine_in,,credit_card,completed
1015342,10,15,2026-04-11 12:14:19,delivery,,apple_pay,completed
1015343,14,,2026-04-11 12:14:19,delivery,,apple_pay,completed
1015344,1,613,2026-04-11 12:15:40,dine_in,,debit_card,completed
1015345,3,,2026-04-11 12:16:11,dine_in,,credit_card,completed
1015346,12,445,2026-04-11 12:16:12,dine_in,,credit_card,completed
1015347,13,1755,2026-04-11 12:18:03,dine_in,,debit_card,completed
1015348,6,685,2026-04-11 12:18:17,takeout,,debit_card,completed
1015349,17,919,2026-04-11 12:18:24,delivery,,credit_card,completed
1015350,4,2265,2026-04-11 12:18:45,dine_in,,credit_card,completed
1015351,20,521,2026-04-11 12:19:24,dine_in,,credit_card,completed
1015352,10,1526,2026-04-11 12:20:26,drive_thru,,debit_card,completed
1015353,6,247,2026-04-11 12:20:37,takeout,,credit_card,completed
1015354,2,2189,2026-04-11 12:21:33,dine_in,,apple_pay,refunded
1015355,8,,2026-04-11 12:21:34,dine_in,,cash,completed
1015356,16,1098,2026-04-11 12:21:52,delivery,,credit_card,completed
1015357,12,2403,2026-04-11 12:22:04,delivery,,credit_card,completed
1015358,5,,2026-04-11 12:26:23,dine_in,,apple_pay,completed
1015359,3,,2026-04-11 12:28:28,takeout,,apple_pay,completed
1015360,8,,2026-04-11 12:29:01,takeout,,cash,completed
1015361,3,1113,2026-04-11 12:30:55,takeout,,apple_pay,completed
1015362,17,,2026-04-11 12:31:06,dine_in,,debit_card,completed
1015363,13,1614,2026-04-11 12:32:30,delivery,,apple_pay,completed
1015364,10,1798,2026-04-11 12:33:09,drive_thru,,debit_card,completed
1015365,8,2105,2026-04-11 12:34:08,delivery,,debit_card,cancelled
1015366,15,,2026-04-11 12:34:33,delivery,,apple_pay,completed
1015367,8,527,2026-04-11 12:36:32,dine_in,,apple_pay,completed
1015368,8,,2026-04-11 12:38:45,dine_in,,credit_card,completed
1015369,6,,2026-04-11 12:39:20,dine_in,,credit_card,completed
1015370,19,1041,2026-04-11 12:39:40,drive_thru,,cash,completed
1015371,18,81,2026-04-11 12:39:44,dine_in,,credit_card,completed
1015372,19,,2026-04-11 12:40:08,dine_in,,credit_card,completed
1015373,12,1751,2026-04-11 12:42:51,takeout,,debit_card,completed
1015374,9,,2026-04-11 12:42:52,drive_thru,,cash,completed
1015375,17,,2026-04-11 12:43:19,takeout,,credit_card,completed
1015376,5,2354,2026-04-11 12:46:09,dine_in,,credit_card,completed
1015377,8,1172,2026-04-11 12:46:26,dine_in,,cash,completed
1015378,16,1678,2026-04-11 12:48:32,dine_in,,apple_pay,refunded
1015379,17,2054,2026-04-11 12:48:57,takeout,,cash,completed
1015380,12,2168,2026-04-11 12:49:35,dine_in,,cash,completed
1015381,19,2017,2026-04-11 12:49:54,drive_thru,,credit_card,completed
1015382,1,,2026-04-11 12:50:29,takeout,,apple_pay,completed
1015383,11,,2026-04-11 12:51:09,delivery,,credit_card,completed
1015384,6,,2026-04-11 12:51:26,delivery,,apple_pay,completed
1015385,7,551,2026-04-11 12:53:07,delivery,,credit_card,completed
1015386,2,2127,2026-04-11 12:53:15,dine_in,,cash,completed
1015387,3,,2026-04-11 12:55:45,dine_in,,apple_pay,completed
1015388,13,,2026-04-11 12:59:17,dine_in,,debit_card,completed
1015389,8,1440,2026-04-11 12:59:50,takeout,,credit_card,completed
1015390,5,1839,2026-04-11 13:00:04,dine_in,,credit_card,completed
1015391,9,763,2026-04-11 13:00:22,delivery,,credit_card,completed
1015392,10,,2026-04-11 13:01:07,delivery,,debit_card,completed
1015393,4,,2026-04-11 13:02:06,drive_thru,,debit_card,completed
1015394,1,,2026-04-11 13:02:40,delivery,,credit_card,completed
1015395,14,1449,2026-04-11 13:03:46,takeout,,debit_card,completed
1015396,14,855,2026-04-11 13:04:37,drive_thru,,credit_card,completed
1015397,17,1079,2026-04-11 13:04:37,dine_in,,gift_card,completed
1015398,19,142,2026-04-11 13:05:22,delivery,,apple_pay,completed
1015399,6,2305,2026-04-11 13:05:43,drive_thru,,cash,completed
1015400,10,658,2026-04-11 13:06:38,drive_thru,,cash,completed
1015401,7,1018,2026-04-11 13:09:32,takeout,,credit_card,completed
1015402,12,,2026-04-11 13:09:36,dine_in,,gift_card,completed
1015403,13,1178,2026-04-11 13:11:05,dine_in,,debit_card,completed
1015404,6,2227,2026-04-11 13:12:21,dine_in,,credit_card,completed
1015405,13,1059,2026-04-11 13:13:13,delivery,,credit_card,completed
1015406,12,,2026-04-11 13:13:53,dine_in,,credit_card,completed
1015407,14,,2026-04-11 13:22:22,dine_in,,apple_pay,completed
1015408,7,,2026-04-11 13:24:34,delivery,,credit_card,completed
1015409,17,414,2026-04-11 13:49:11,,,debit_card,completed
1015410,2,1971,2026-04-11 13:54:23,dine_in,,debit_card,completed
1015411,16,2479,2026-04-11 13:59:55,takeout,,debit_card,completed
1015412,5,1718,2026-04-11 14:10:24,delivery,,credit_card,completed
1015413,13,1897,2026-04-11 14:16:31,takeout,,cash,completed
1015414,8,1360,2026-04-11 14:22:31,dine_in,,cash,completed
1015415,18,,2026-04-11 14:33:07,delivery,,credit_card,completed
1015416,7,2230,2026-04-11 14:58:53,dine_in,,debit_card,completed
1015417,8,1461,2026-04-11 15:07:45,dine_in,,apple_pay,completed
1015418,18,,2026-04-11 15:28:31,dine_in,,debit_card,completed
1015419,11,,2026-04-11 15:48:58,delivery,,apple_pay,completed
1015420,18,2447,2026-04-11 15:55:14,drive_thru,,credit_card,completed
1015421,6,2101,2026-04-11 16:15:29,delivery,,credit_card,completed
1015422,13,,2026-04-11 16:33:05,dine_in,,cash,completed
1015423,15,,2026-04-11 16:45:32,delivery,,credit_card,completed
1015424,6,299,2026-04-11 16:48:53,delivery,,apple_pay,completed
1015425,10,538,2026-04-11 16:58:21,dine_in,,credit_card,completed
1015426,8,,2026-04-11 16:59:19,dine_in,,cash,completed
1015427,19,,2026-04-11 17:12:32,dine_in,,debit_card,completed
1015428,11,812,2026-04-11 17:21:58,dine_in,,apple_pay,completed
1015429,3,,2026-04-11 17:37:30,dine_in,,cash,completed
1015430,1,32,2026-04-11 17:41:02,dine_in,,debit_card,completed
1015431,12,,2026-04-11 17:43:23,dine_in,,gift_card,completed
1015432,2,541,2026-04-11 17:44:07,delivery,,credit_card,completed
1015433,1,792,2026-04-11 17:45:20,takeout,,credit_card,completed
1015434,2,,2026-04-11 17:46:08,dine_in,,credit_card,completed
1015435,7,127,2026-04-11 17:46:38,dine_in,,credit_card,completed
1015436,7,2155,2026-04-11 17:51:33,dine_in,,credit_card,completed
1015437,6,,2026-04-11 17:53:40,drive_thru,,debit_card,completed
1015438,2,2438,2026-04-11 17:55:33,takeout,,credit_card,completed
1015439,11,,2026-04-11 17:57:12,dine_in,,credit_card,completed
1015440,18,1192,2026-04-11 17:59:30,drive_thru,,credit_card,completed
1015441,13,473,2026-04-11 18:03:38,dine_in,,credit_card,completed
1015442,18,276,2026-04-11 18:04:35,drive_thru,,credit_card,completed
1015443,6,,2026-04-11 18:05:22,takeout,,debit_card,completed
1015444,17,1358,2026-04-11 18:06:04,takeout,,credit_card,completed
1015445,1,207,2026-04-11 18:06:44,takeout,,credit_card,completed
1015446,16,2475,2026-04-11 18:12:08,delivery,,credit_card,completed
1015447,9,50,2026-04-11 18:15:30,drive_thru,,credit_card,completed
1015448,4,2090,2026-04-11 18:15:48,dine_in,,debit_card,completed
1015449,13,1481,2026-04-11 18:17:09,delivery,,credit_card,completed
1015450,4,,2026-04-11 18:17:27,dine_in,,credit_card,completed
1015451,9,,2026-04-11 18:17:37,delivery,,apple_pay,completed
1015452,18,1739,2026-04-11 18:18:12,dine_in,,cash,completed
1015453,9,2288,2026-04-11 18:18:16,delivery,,debit_card,completed
1015454,20,,2026-04-11 18:19:32,drive_thru,,credit_card,completed
1015455,7,,2026-04-11 18:20:10,dine_in,,cash,completed
1015456,17,,2026-04-11 18:21:09,dine_in,,cash,completed
1015457,6,497,04/11/2026 18:25,dine_in,,credit_card,completed
1015458,15,1771,2026-04-11 18:26:06,delivery,,debit_card,completed
1015459,15,97,2026-04-11 18:27:35,takeout,,credit_card,completed
1015460,6,,2026-04-11 18:29:07,dine_in,,apple_pay,completed
1015461,16,383,2026-04-11 18:30:19,delivery,,debit_card,completed
1015462,11,609,2026-04-11 18:30:38,delivery,,debit_card,completed
1015463,2,435,2026-04-11 18:31:41,dine_in,,credit_card,completed
1015464,16,1689,2026-04-11 18:33:13,,,debit_card,completed
1015465,4,518,2026-04-11 18:36:19,dine_in,,apple_pay,completed
1015466,15,781,2026-04-11 18:36:58,takeout,,debit_card,completed
1015467,15,837,2026-04-11 18:40:55,dine_in,,credit_card,completed
1015468,18,162,2026-04-11 18:41:35,delivery,,credit_card,completed
1015469,7,1996,2026-04-11 18:41:49,takeout,,credit_card,completed
1015470,19,1041,2026-04-11 18:42:20,takeout,,apple_pay,completed
1015471,8,1307,2026-04-11 18:42:59,takeout,,debit_card,completed
1015472,14,,2026-04-11 18:43:31,dine_in,,apple_pay,completed
1015473,20,,2026-04-11 18:45:34,dine_in,,gift_card,completed
1015474,2,,2026-04-11 18:45:57,delivery,,credit_card,completed
1015475,2,1163,2026-04-11 18:47:08,dine_in,,debit_card,completed
1015476,18,178,2026-04-11 18:47:45,delivery,,credit_card,completed
1015477,2,1604,2026-04-11 18:48:24,dine_in,,cash,completed
1015478,4,1896,2026-04-11 18:50:03,drive_thru,,debit_card,completed
1015479,11,224,2026-04-11 18:51:34,dine_in,,cash,completed
1015480,10,561,2026-04-11 18:52:32,dine_in,,debit_card,completed
1015481,4,751,2026-04-11 18:54:25,delivery,,apple_pay,completed
1015482,4,,2026-04-11 18:55:32,delivery,,credit_card,completed
1015483,12,1367,2026-04-11 18:55:54,dine_in,,cash,completed
1015484,16,,2026-04-11 18:56:52,takeout,,debit_card,completed
1015485,11,1574,2026-04-11 18:59:02,delivery,,apple_pay,completed
1015486,12,316,2026-04-11 18:59:07,dine_in,,credit_card,completed
1015487,2,1096,2026-04-11 18:59:47,dine_in,,apple_pay,completed
1015488,8,,2026-04-11 19:00:57,delivery,,debit_card,completed
1015489,8,,2026-04-11 19:04:16,takeout,,credit_card,completed
1015490,7,,2026-04-11 19:06:16,dine_in,,credit_card,completed
1015491,16,2083,2026-04-11 19:06:53,delivery,,credit_card,refunded
1015492,3,703,2026-04-11 19:07:30,delivery,,debit_card,completed
1015493,3,17,2026-04-11 19:08:05,delivery,,debit_card,completed
1015494,19,738,2026-04-11 19:12:23,delivery,,apple_pay,completed
1015495,17,,2026-04-11 19:12:51,takeout,,credit_card,completed
1015496,4,1340,2026-04-11 19:14:37,dine_in,,cash,completed
1015497,2,,2026-04-11 19:16:28,delivery,,credit_card,completed
1015498,8,297,2026-04-11 19:18:05,dine_in,,cash,completed
1015499,13,,2026-04-11 19:19:35,dine_in,,gift_card,completed
1015500,10,1799,2026-04-11 19:19:54,dine_in,,credit_card,completed
1015501,9,,2026-04-11 19:20:32,delivery,,credit_card,completed
1015502,3,,2026-04-11 19:20:46,delivery,,credit_card,completed
1015503,6,,2026-04-11 19:23:38,drive_thru,,apple_pay,completed
1015504,12,,2026-04-11 19:28:30,delivery,,debit_card,completed
1015505,19,,2026-04-11 19:28:37,drive_thru,,debit_card,completed
1015506,11,,2026-04-11 19:30:22,drive_thru,,credit_card,completed
1015507,7,,2026-04-11 19:31:07,dine_in,,credit_card,completed
1015508,15,781,2026-04-11 19:31:11,drive_thru,,debit_card,refunded
1015509,1,1723,2026-04-11 19:31:21,takeout,,debit_card,completed
1015510,18,1037,2026-04-11 19:31:48,delivery,,credit_card,completed
1015511,19,147,2026-04-11 19:32:43,delivery,,apple_pay,completed
1015512,16,1557,2026-04-11 19:33:55,dine_in,,cash,completed
1015513,20,521,2026-04-11 19:34:24,dine_in,,apple_pay,completed
1015514,11,2350,2026-04-11 19:34:57,takeout,,credit_card,completed
1015515,14,2187,2026-04-11 19:36:33,,,apple_pay,completed
1015516,19,1694,2026-04-11 19:37:17,drive_thru,,apple_pay,completed
1015517,19,204,2026-04-11 19:38:29,dine_in,,credit_card,completed
1015518,19,834,2026-04-11 19:42:41,dine_in,,credit_card,completed
1015519,13,1768,2026-04-11 19:43:09,dine_in,,credit_card,completed
1015520,4,,2026-04-11 19:46:20,drive_thru,,cash,cancelled
1015521,6,1226,2026-04-11 19:52:31,dine_in,,gift_card,completed
1015522,3,,2026-04-11 19:52:43,dine_in,,credit_card,completed
1015523,9,286,2026-04-11 20:00:38,dine_in,,credit_card,completed
1015524,3,,2026-04-11 20:00:41,dine_in,,debit_card,completed
1015525,6,1501,2026-04-11 20:00:50,takeout,,credit_card,completed
1015526,12,2010,2026-04-11 20:01:02,takeout,,cash,completed
1015527,12,2019,2026-04-11 20:05:36,takeout,,debit_card,completed
1015528,13,2453,2026-04-11 20:17:46,dine_in,,apple_pay,completed
1015529,19,2487,2026-04-11 20:29:44,delivery,,debit_card,completed
1015530,14,,2026-04-11 20:37:24,takeout,,credit_card,completed
1015531,1,,2026-04-11 20:38:41,takeout,,debit_card,completed
1015532,11,134,2026-04-11 20:49:07,dine_in,,credit_card,completed
1015533,16,,2026-04-11 20:51:47,dine_in,,credit_card,completed
1015534,20,1936,2026-04-11 20:53:59,delivery,,debit_card,completed
1015535,3,,2026-04-11 21:04:39,dine_in,,apple_pay,refunded
1015536,4,1195,2026-04-11 21:08:32,drive_thru,,gift_card,completed
1015537,15,,2026-04-11 21:18:42,delivery,,credit_card,completed
1015538,1,,2026-04-11 21:42:54,takeout,,debit_card,refunded
1015539,19,,2026-04-11 21:52:56,takeout,,credit_card,completed
1015540,9,358,2026-04-11 21:57:44,dine_in,,credit_card,completed
1015541,18,,2026-04-12 10:57:19,takeout,,gift_card,completed
1015542,1,,2026-04-12 11:13:19,delivery,,debit_card,completed
1015543,10,1456,2026-04-12 11:25:52,drive_thru,,debit_card,completed
1015544,19,,2026-04-12 11:28:08,dine_in,,credit_card,completed
1015545,4,974,2026-04-12 11:37:14,delivery,,credit_card,completed
1015546,13,58,04/12/2026 11:41,dine_in,,credit_card,completed
1015547,5,2224,2026-04-12 11:43:17,delivery,,debit_card,completed
1015548,18,1014,2026-04-12 11:43:18,dine_in,,credit_card,completed
1015549,6,1374,2026-04-12 11:46:06,delivery,,apple_pay,completed
1015550,8,359,2026-04-12 11:51:16,takeout,,credit_card,completed
1015551,13,1341,2026-04-12 11:54:25,takeout,,credit_card,completed
1015552,19,,04/12/2026 11:55,takeout,,debit_card,completed
1015553,14,2360,2026-04-12 11:57:12,dine_in,,credit_card,completed
1015554,5,2080,2026-04-12 11:59:18,drive_thru,,credit_card,completed
1015555,12,,2026-04-12 12:01:12,delivery,,gift_card,completed
1015556,11,2231,2026-04-12 12:02:06,takeout,,apple_pay,completed
1015557,5,,2026-04-12 12:06:47,dine_in,,cash,completed
1015558,19,1427,2026-04-12 12:08:41,dine_in,,credit_card,completed
1015559,15,1621,2026-04-12 12:10:12,delivery,,credit_card,completed
1015560,13,566,2026-04-12 12:11:22,takeout,,debit_card,completed
1015561,17,2361,2026-04-12 12:14:12,dine_in,,credit_card,completed
1015562,8,1670,2026-04-12 12:15:09,delivery,,credit_card,completed
1015563,7,636,2026-04-12 12:16:09,takeout,,credit_card,completed
1015564,11,1404,2026-04-12 12:18:05,takeout,,credit_card,completed
1015565,7,737,2026-04-12 12:20:08,dine_in,,debit_card,completed
1015566,8,50,2026-04-12 12:20:09,takeout,,credit_card,completed
1015567,9,1922,2026-04-12 12:21:07,drive_thru,,cash,completed
1015568,5,,2026-04-12 12:21:29,dine_in,,credit_card,completed
1015569,7,1594,2026-04-12 12:24:21,delivery,,credit_card,completed
1015570,6,1384,2026-04-12 12:26:54,delivery,,debit_card,refunded
1015571,8,964,2026-04-12 12:27:25,takeout,,gift_card,completed
1015572,18,,2026-04-12 12:29:30,drive_thru,,debit_card,completed
1015573,17,1869,2026-04-12 12:30:14,dine_in,,credit_card,completed
1015574,16,338,2026-04-12 12:35:37,dine_in,,debit_card,completed
1015575,18,,2026-04-12 12:35:56,dine_in,,credit_card,completed
1015576,3,748,2026-04-12 12:37:25,dine_in,,debit_card,completed
1015577,10,2078,2026-04-12 12:40:06,drive_thru,,credit_card,completed
1015578,13,280,2026-04-12 12:44:55,takeout,,credit_card,completed
1015579,5,1637,2026-04-12 12:46:08,delivery,,credit_card,completed
1015580,15,554,2026-04-12 12:46:51,takeout,,gift_card,completed
1015581,1,,2026-04-12 12:49:16,takeout,,credit_card,completed
1015582,17,543,2026-04-12 12:49:29,delivery,,apple_pay,completed
1015583,2,1356,2026-04-12 12:50:30,dine_in,,cash,completed
1015584,1,,2026-04-12 12:55:43,delivery,,credit_card,completed
1015585,19,2488,2026-04-12 13:01:07,delivery,,apple_pay,completed
1015586,18,1206,2026-04-12 13:01:20,delivery,,credit_card,completed
1015587,9,1361,2026-04-12 13:01:46,dine_in,,cash,completed
1015588,3,1417,2026-04-12 13:02:12,delivery,,credit_card,completed
1015589,1,,2026-04-12 13:02:43,delivery,,credit_card,completed
1015590,2,,2026-04-12 13:02:43,delivery,,apple_pay,completed
1015591,4,,2026-04-12 13:02:46,delivery,,credit_card,completed
1015592,17,,2026-04-12 13:11:01,dine_in,,apple_pay,completed
1015593,2,541,2026-04-12 13:15:18,dine_in,,cash,completed
1015594,10,,2026-04-12 13:17:11,delivery,,credit_card,completed
1015595,12,,2026-04-12 13:35:42,delivery,,debit_card,completed
1015596,5,623,2026-04-12 13:38:08,dine_in,,apple_pay,completed
1015597,17,2193,2026-04-12 13:44:19,takeout,,credit_card,completed
1015598,17,2158,2026-04-12 14:20:54,dine_in,,debit_card,completed
1015599,6,,2026-04-12 14:34:35,dine_in,,apple_pay,completed
1015600,2,,2026-04-12 14:40:32,delivery,,credit_card,completed
1015601,4,193,2026-04-12 14:46:38,drive_thru,,credit_card,completed
1015602,17,,2026-04-12 14:56:51,dine_in,,debit_card,completed
1015603,18,1629,2026-04-12 15:24:01,drive_thru,,credit_card,completed
1015604,11,,2026-04-12 16:11:13,delivery,,credit_card,completed
1015605,18,,2026-04-12 16:17:37,delivery,,credit_card,refunded
1015606,18,1986,2026-04-12 16:31:39,delivery,,credit_card,completed
1015607,13,1059,2026-04-12 16:33:36,dine_in,,credit_card,completed
1015608,3,748,2026-04-12 16:41:58,delivery,,credit_card,completed
1015609,11,,2026-04-12 17:24:30,takeout,,debit_card,completed
1015610,3,1512,2026-04-12 17:30:51,takeout,,debit_card,completed
1015611,5,,2026-04-12 17:36:05,delivery,,apple_pay,completed
1015612,5,751,2026-04-12 17:37:51,drive_thru,,credit_card,completed
1015613,6,2439,2026-04-12 17:43:05,dine_in,,cash,completed
1015614,12,1565,2026-04-12 17:46:24,delivery,,credit_card,completed
1015615,6,,2026-04-12 17:48:01,dine_in,,debit_card,completed
1015616,14,,2026-04-12 17:58:27,delivery,,credit_card,completed
1015617,9,969,2026-04-12 18:01:28,drive_thru,,apple_pay,completed
1015618,7,2030,2026-04-12 18:09:00,dine_in,,apple_pay,completed
1015619,1,748,2026-04-12 18:10:34,,,credit_card,completed
1015620,1,,2026-04-12 18:15:18,dine_in,,cash,completed
1015621,13,,2026-04-12 18:15:31,dine_in,,credit_card,completed
1015622,3,,2026-04-12 18:19:17,takeout,,credit_card,completed
1015623,1,1295,2026-04-12 18:20:04,delivery,,credit_card,completed
1015624,8,1307,2026-04-12 18:20:30,delivery,,apple_pay,completed
1015625,17,271,2026-04-12 18:24:26,dine_in,,debit_card,completed
1015626,16,307,2026-04-12 18:28:57,delivery,,credit_card,completed
1015627,3,,2026-04-12 18:29:03,takeout,,credit_card,completed
1015628,17,1375,2026-04-12 18:30:55,dine_in,,cash,completed
1015629,4,518,2026-04-12 18:34:40,delivery,,debit_card,completed
1015630,12,329,2026-04-12 18:35:47,delivery,,credit_card,completed
1015631,18,2147,2026-04-12 18:41:59,dine_in,,credit_card,completed
1015632,18,,04/12/2026 18:42,takeout,,cash,completed
1015633,13,280,2026-04-12 18:46:16,dine_in,,credit_card,completed
1015634,4,996,2026-04-12 18:55:52,takeout,,credit_card,completed
1015635,13,,2026-04-12 18:57:58,takeout,,debit_card,completed
1015636,6,,2026-04-12 18:58:15,drive_thru,,debit_card,completed
1015637,1,,2026-04-12 18:59:47,delivery,,credit_card,completed
1015638,11,2424,2026-04-12 19:02:15,dine_in,,gift_card,completed
1015639,7,349,2026-04-12 19:03:39,dine_in,,credit_card,completed
1015640,5,1637,2026-04-12 19:05:03,delivery,,credit_card,completed
1015641,4,1677,2026-04-12 19:05:49,dine_in,,credit_card,completed
1015642,6,,2026-04-12 19:06:31,drive_thru,,gift_card,refunded
1015643,1,2342,2026-04-12 19:12:18,takeout,,apple_pay,completed
1015644,12,,2026-04-12 19:12:37,delivery,,debit_card,completed
1015645,6,2439,2026-04-12 19:15:00,delivery,,gift_card,completed
1015646,5,,2026-04-12 19:16:49,delivery,,apple_pay,completed
1015647,13,1465,2026-04-12 19:17:44,delivery,,apple_pay,completed
1015648,17,,2026-04-12 19:18:39,dine_in,,debit_card,completed
1015649,12,582,2026-04-12 19:20:00,delivery,,apple_pay,completed
1015650,6,1333,2026-04-12 19:20:38,drive_thru,,cash,completed
1015651,19,,2026-04-12 19:21:08,dine_in,,credit_card,completed
1015652,4,1955,2026-04-12 19:25:18,delivery,,credit_card,completed
1015653,14,,2026-04-12 19:25:54,delivery,,credit_card,completed
1015654,5,,2026-04-12 19:26:09,delivery,,credit_card,completed
1015655,8,2000,2026-04-12 19:28:29,dine_in,,credit_card,cancelled
1015656,15,1908,2026-04-12 19:30:02,drive_thru,,apple_pay,refunded
1015657,1,1530,2026-04-12 19:30:09,takeout,,gift_card,completed
1015658,7,,2026-04-12 19:34:43,dine_in,,credit_card,refunded
1015659,8,,2026-04-12 19:35:11,takeout,,cash,completed
1015660,11,361,2026-04-12 19:48:40,dine_in,,credit_card,completed
1015661,1,615,2026-04-12 19:49:30,takeout,,credit_card,completed
1015662,11,2350,2026-04-12 19:52:00,drive_thru,,gift_card,completed
1015663,6,56,2026-04-12 19:57:04,takeout,,apple_pay,completed
1015664,20,2376,2026-04-12 20:03:14,dine_in,,credit_card,completed
1015665,10,1901,2026-04-12 20:06:50,dine_in,,credit_card,completed
1015666,7,,2026-04-12 20:13:33,delivery,,credit_card,completed
1015667,6,93,2026-04-12 20:27:10,drive_thru,,credit_card,completed
1015668,13,,2026-04-12 20:28:52,takeout,,cash,completed
1015669,11,2387,2026-04-12 20:38:10,dine_in,,cash,completed
1015670,11,931,2026-04-12 20:44:56,delivery,,credit_card,completed
1015671,15,1518,2026-04-12 20:57:08,dine_in,,debit_card,completed
1015672,9,,2026-04-12 21:23:13,drive_thru,,debit_card,completed
1015673,11,2436,2026-04-12 21:45:22,drive_thru,,credit_card,completed
1015674,1,144,2026-04-13 10:32:32,takeout,,debit_card,completed
1015675,19,,2026-04-13 10:59:56,takeout,,credit_card,completed
1015676,1,247,2026-04-13 11:02:50,dine_in,,cash,completed
1015677,6,,04/13/2026 11:30,delivery,,apple_pay,completed
1015678,11,,2026-04-13 11:35:39,takeout,,credit_card,completed
1015679,13,288,2026-04-13 11:39:35,dine_in,,credit_card,completed
1015680,20,1936,2026-04-13 11:44:54,delivery,,credit_card,completed
1015681,4,2478,2026-04-13 11:50:25,delivery,,credit_card,completed
1015682,13,1476,2026-04-13 11:53:22,delivery,,credit_card,completed
1015683,10,1550,2026-04-13 11:59:57,drive_thru,,debit_card,completed
1015684,16,1519,2026-04-13 12:06:08,takeout,,credit_card,completed
1015685,14,,2026-04-13 12:09:08,dine_in,,debit_card,completed
1015686,4,1164,2026-04-13 12:19:41,delivery,,credit_card,completed
1015687,7,,2026-04-13 12:20:46,dine_in,,credit_card,completed
1015688,19,1439,2026-04-13 12:22:23,dine_in,,debit_card,completed
1015689,19,687,2026-04-13 12:29:16,takeout,,credit_card,cancelled
1015690,10,1454,2026-04-13 12:29:46,delivery,,debit_card,completed
1015691,6,,2026-04-13 12:30:45,delivery,,credit_card,completed
1015692,7,660,2026-04-13 12:38:45,dine_in,,cash,completed
1015693,6,253,2026-04-13 12:40:36,dine_in,,gift_card,completed
1015694,17,1560,2026-04-13 12:41:02,delivery,,credit_card,completed
1015695,17,626,2026-04-13 12:42:20,dine_in,,apple_pay,completed
1015696,14,413,2026-04-13 12:43:05,dine_in,,apple_pay,completed
1015697,19,2400,2026-04-13 12:47:52,drive_thru,,credit_card,completed
1015698,3,,2026-04-13 12:47:53,takeout,,apple_pay,completed
1015699,12,2175,2026-04-13 12:48:36,takeout,,credit_card,completed
1015700,20,1383,2026-04-13 12:50:38,drive_thru,,credit_card,completed
1015701,8,1870,2026-04-13 12:53:29,delivery,,credit_card,completed
1015702,10,1402,2026-04-13 12:55:08,drive_thru,,credit_card,completed
1015703,19,,2026-04-13 12:56:30,drive_thru,,apple_pay,completed
1015704,3,2002,2026-04-13 12:56:31,dine_in,,credit_card,completed
1015705,4,1848,2026-04-13 13:03:20,takeout,,debit_card,completed
1015706,3,532,2026-04-13 13:04:33,dine_in,,credit_card,completed
1015707,19,704,2026-04-13 13:04:53,dine_in,,credit_card,completed
1015708,12,1757,2026-04-13 13:14:17,takeout,,cash,completed
1015709,5,,2026-04-13 13:14:42,delivery,,debit_card,completed
1015710,16,970,2026-04-13 13:16:00,takeout,,apple_pay,completed
1015711,4,,2026-04-13 13:17:40,dine_in,,cash,completed
1015712,3,397,2026-04-13 13:36:40,delivery,,credit_card,completed
1015713,6,882,2026-04-13 13:56:30,dine_in,,credit_card,completed
1015714,11,1026,2026-04-13 14:06:16,,,apple_pay,completed
1015715,1,,2026-04-13 14:49:39,dine_in,,cash,completed
1015716,19,,2026-04-13 17:02:05,drive_thru,,debit_card,completed
1015717,6,2042,2026-04-13 17:17:43,dine_in,,cash,completed
1015718,17,2447,2026-04-13 17:36:08,dine_in,,credit_card,completed
1015719,13,,2026-04-13 17:39:42,takeout,,credit_card,completed
1015720,6,205,04/13/2026 17:59,drive_thru,,credit_card,completed
1015721,14,1725,2026-04-13 18:02:27,delivery,,debit_card,completed
1015722,11,,2026-04-13 18:03:12,drive_thru,,credit_card,completed
1015723,15,,2026-04-13 18:10:29,delivery,,apple_pay,completed
1015724,1,,2026-04-13 18:12:04,dine_in,,credit_card,completed
1015725,19,2460,2026-04-13 18:13:30,delivery,,apple_pay,completed
1015726,4,1211,2026-04-13 18:15:17,drive_thru,,apple_pay,completed
1015727,16,,2026-04-13 18:17:00,takeout,,credit_card,completed
1015728,5,1871,2026-04-13 18:17:04,delivery,,credit_card,completed
1015729,9,1658,2026-04-13 18:18:29,delivery,,apple_pay,completed
1015730,8,,2026-04-13 18:18:45,takeout,,debit_card,completed
1015731,10,,2026-04-13 18:21:14,drive_thru,,debit_card,completed
1015732,16,,2026-04-13 18:21:28,dine_in,,gift_card,completed
1015733,15,11,2026-04-13 18:21:58,delivery,,apple_pay,completed
1015734,16,2468,2026-04-13 18:28:53,dine_in,,cash,completed
1015735,1,,2026-04-13 18:31:24,delivery,,credit_card,completed
1015736,18,2147,2026-04-13 18:33:38,drive_thru,,credit_card,completed
1015737,14,1114,2026-04-13 18:34:28,drive_thru,,cash,completed
1015738,6,,2026-04-13 18:38:39,delivery,,credit_card,completed
1015739,5,,2026-04-13 18:41:22,takeout,,apple_pay,completed
1015740,8,,2026-04-13 18:43:42,delivery,,debit_card,completed
1015741,20,,2026-04-13 18:51:00,drive_thru,,credit_card,completed
1015742,15,,2026-04-13 18:51:02,drive_thru,,credit_card,completed
1015743,11,1962,2026-04-13 18:51:58,takeout,,credit_card,completed
1015744,7,2201,2026-04-13 18:54:49,takeout,,debit_card,refunded
1015745,12,463,2026-04-13 18:54:54,dine_in,,debit_card,completed
1015746,1,1874,2026-04-13 18:55:19,takeout,,debit_card,completed
1015747,6,1737,2026-04-13 19:02:16,dine_in,,cash,completed
1015748,3,1491,2026-04-13 19:06:57,takeout,,credit_card,completed
1015749,15,,2026-04-13 19:07:09,takeout,,credit_card,completed
1015750,16,33,2026-04-13 19:10:53,delivery,,apple_pay,completed
1015751,8,,04/13/2026 19:11,delivery,,apple_pay,completed
1015752,1,144,2026-04-13 19:11:12,delivery,,apple_pay,completed
1015753,19,,2026-04-13 19:11:36,drive_thru,,cash,completed
1015754,20,1392,2026-04-13 19:12:12,delivery,,credit_card,completed
1015755,17,,2026-04-13 19:13:35,dine_in,,credit_card,completed
1015756,3,2359,2026-04-13 19:17:14,dine_in,,credit_card,completed
1015757,19,,2026-04-13 19:19:55,dine_in,,debit_card,completed
1015758,17,922,2026-04-13 19:23:53,takeout,,credit_card,completed
1015759,1,1640,2026-04-13 19:24:11,delivery,,gift_card,completed
1015760,12,1918,2026-04-13 19:30:37,takeout,,apple_pay,completed
1015761,16,2161,2026-04-13 19:35:03,takeout,,apple_pay,completed
1015762,20,818,2026-04-13 19:39:05,dine_in,,cash,completed
1015763,5,634,2026-04-13 19:39:51,delivery,,debit_card,completed
1015764,11,591,2026-04-13 19:42:01,delivery,,credit_card,completed
1015765,11,1039,2026-04-13 20:01:04,dine_in,,debit_card,completed
1015766,12,,2026-04-13 20:16:40,dine_in,,apple_pay,completed
1015767,11,959,2026-04-13 20:29:02,drive_thru,,credit_card,completed
1015768,18,672,2026-04-13 20:58:16,drive_thru,,apple_pay,completed
1015769,19,,2026-04-13 21:06:55,takeout,,credit_card,completed
1015770,2,715,2026-04-14 10:53:12,delivery,,debit_card,completed
1015771,7,674,2026-04-14 10:59:39,takeout,,cash,completed
1015772,2,2109,2026-04-14 11:08:32,takeout,,credit_card,completed
1015773,6,487,2026-04-14 11:13:15,delivery,,credit_card,completed
1015774,4,,2026-04-14 11:28:57,dine_in,,cash,completed
1015775,1,,2026-04-14 11:31:59,dine_in,,apple_pay,completed
1015776,12,844,2026-04-14 11:38:51,,,credit_card,completed
1015777,4,2469,2026-04-14 11:50:59,dine_in,,apple_pay,completed
1015778,2,,2026-04-14 11:51:26,takeout,,apple_pay,completed
1015779,7,,2026-04-14 11:57:26,takeout,,apple_pay,completed
1015780,6,,2026-04-14 11:58:11,drive_thru,,credit_card,completed
1015781,7,969,2026-04-14 11:58:55,delivery,,credit_card,completed
1015782,17,1650,2026-04-14 12:06:11,delivery,,credit_card,completed
1015783,4,252,2026-04-14 12:07:05,dine_in,,debit_card,completed
1015784,9,,2026-04-14 12:08:35,dine_in,,debit_card,completed
1015785,19,1192,2026-04-14 12:12:06,delivery,,apple_pay,completed
1015786,18,1130,2026-04-14 12:15:52,delivery,,credit_card,completed
1015787,20,1853,2026-04-14 12:17:43,dine_in,,debit_card,completed
1015788,1,,2026-04-14 12:20:16,dine_in,,debit_card,completed
1015789,19,1365,2026-04-14 12:22:20,drive_thru,,cash,completed
1015790,19,945,2026-04-14 12:23:53,delivery,,apple_pay,completed
1015791,11,670,2026-04-14 12:23:59,delivery,,credit_card,completed
1015792,6,487,2026-04-14 12:25:58,takeout,,credit_card,completed
1015793,19,,2026-04-14 12:26:30,dine_in,,credit_card,refunded
1015794,18,2147,2026-04-14 12:30:07,dine_in,,debit_card,refunded
1015795,12,1412,2026-04-14 12:33:03,dine_in,,cash,completed
1015796,2,1839,2026-04-14 12:36:07,takeout,,credit_card,completed
1015797,1,703,2026-04-14 12:37:27,takeout,,credit_card,completed
1015798,14,,2026-04-14 12:40:29,drive_thru,,apple_pay,completed
1015799,7,2218,2026-04-14 12:43:03,takeout,,debit_card,completed
1015800,20,818,2026-04-14 12:43:30,drive_thru,,cash,completed
1015801,10,457,2026-04-14 12:45:00,dine_in,,apple_pay,completed
1015802,7,1866,2026-04-14 12:46:24,dine_in,,cash,completed
1015803,12,463,2026-04-14 12:47:47,dine_in,,cash,completed
1015804,10,2211,2026-04-14 12:48:04,delivery,,credit_card,completed
1015805,9,2351,2026-04-14 12:49:13,dine_in,,debit_card,completed
1015806,2,1806,2026-04-14 12:49:24,takeout,,apple_pay,completed
1015807,8,2218,2026-04-14 12:49:48,delivery,,debit_card,completed
1015808,16,,2026-04-14 12:50:55,dine_in,,credit_card,completed
1015809,6,,2026-04-14 12:51:21,drive_thru,,credit_card,completed
1015810,4,,2026-04-14 12:51:49,drive_thru,,credit_card,completed
1015811,14,1234,2026-04-14 12:53:17,takeout,,debit_card,completed
1015812,1,703,2026-04-14 12:55:42,dine_in,,cash,completed
1015813,5,808,2026-04-14 13:01:55,dine_in,,cash,completed
1015814,7,,2026-04-14 13:08:47,delivery,,debit_card,completed
1015815,10,1807,2026-04-14 13:30:02,drive_thru,,credit_card,completed
1015816,16,1149,2026-04-14 13:34:27,takeout,,credit_card,completed
1015817,16,2162,2026-04-14 13:38:01,dine_in,,credit_card,completed
1015818,4,312,2026-04-14 13:47:20,takeout,,cash,completed
1015819,2,698,2026-04-14 14:02:03,dine_in,,credit_card,completed
1015820,15,1674,2026-04-14 14:31:53,takeout,,debit_card,completed
1015821,5,1464,04/14/2026 14:35,dine_in,,credit_card,completed
1015822,2,,04/14/2026 14:45,dine_in,,credit_card,completed
1015823,17,1372,2026-04-14 15:08:14,dine_in,,apple_pay,completed
1015824,4,2308,2026-04-14 15:18:03,delivery,,credit_card,completed
1015825,10,2284,2026-04-14 16:16:28,dine_in,,debit_card,completed
1015826,6,1977,2026-04-14 16:26:45,dine_in,,credit_card,completed
1015827,7,,2026-04-14 16:42:06,takeout,,credit_card,cancelled
1015828,9,,2026-04-14 17:05:14,delivery,,credit_card,completed
1015829,3,,2026-04-14 17:06:04,delivery,,credit_card,completed
1015830,11,1803,2026-04-14 17:36:59,dine_in,,gift_card,completed
1015831,14,,2026-04-14 17:37:58,dine_in,,debit_card,completed
1015832,1,,2026-04-14 17:41:45,takeout,,credit_card,completed
1015833,14,,2026-04-14 17:42:42,takeout,,credit_card,completed
1015834,13,203,04/14/2026 17:57,dine_in,,apple_pay,completed
1015835,4,1814,2026-04-14 18:04:51,takeout,,credit_card,completed
1015836,2,897,2026-04-14 18:11:55,takeout,,credit_card,completed
1015837,4,,2026-04-14 18:15:35,delivery,,apple_pay,completed
1015838,12,,2026-04-14 18:18:03,delivery,,credit_card,refunded
1015839,14,2277,04/14/2026 18:24,drive_thru,,cash,completed
1015840,11,,2026-04-14 18:26:35,drive_thru,,apple_pay,completed
1015841,13,2172,2026-04-14 18:34:53,takeout,,debit_card,completed
1015842,17,1474,2026-04-14 18:40:59,takeout,,credit_card,completed
1015843,8,14,2026-04-14 18:42:05,delivery,,gift_card,completed
1015844,7,1767,2026-04-14 18:43:10,delivery,,credit_card,completed
1015845,7,1017,2026-04-14 18:48:56,dine_in,,apple_pay,completed
1015846,10,658,2026-04-14 18:49:08,drive_thru,,credit_card,completed
1015847,19,,2026-04-14 18:49:12,drive_thru,,credit_card,cancelled
1015848,15,1504,2026-04-14 18:57:03,drive_thru,,credit_card,completed
1015849,6,2179,2026-04-14 18:58:51,takeout,,credit_card,completed
1015850,4,2177,2026-04-14 19:01:10,drive_thru,,credit_card,completed
1015851,10,,2026-04-14 19:01:45,drive_thru,,cash,completed
1015852,1,,2026-04-14 19:04:35,delivery,,debit_card,completed
1015853,4,,2026-04-14 19:07:09,dine_in,,apple_pay,completed
1015854,11,,2026-04-14 19:07:22,dine_in,,apple_pay,completed
1015855,1,267,2026-04-14 19:08:52,dine_in,,credit_card,completed
1015856,1,,2026-04-14 19:10:51,dine_in,,credit_card,completed
1015857,4,1217,2026-04-14 19:12:13,dine_in,,credit_card,completed
1015858,10,,2026-04-14 19:14:21,takeout,,apple_pay,completed
1015859,4,1967,2026-04-14 19:15:29,drive_thru,,cash,completed
1015860,12,566,2026-04-14 19:15:37,dine_in,,credit_card,completed
1015861,13,2467,2026-04-14 19:17:09,dine_in,,debit_card,completed
1015862,18,,2026-04-14 19:17:32,dine_in,,credit_card,completed
1015863,17,1393,2026-04-14 19:17:43,,,debit_card,completed
1015864,4,1165,2026-04-14 19:19:29,takeout,,credit_card,completed
1015865,4,,2026-04-14 19:28:44,dine_in,,cash,completed
1015866,1,1932,2026-04-14 19:30:52,dine_in,,credit_card,completed
1015867,6,1382,2026-04-14 19:30:53,delivery,,debit_card,completed
1015868,1,,2026-04-14 19:31:08,delivery,,debit_card,completed
1015869,1,8,2026-04-14 19:32:48,dine_in,,debit_card,completed
1015870,17,,2026-04-14 19:40:41,dine_in,,credit_card,completed
1015871,11,2480,2026-04-14 19:43:38,delivery,,credit_card,completed
1015872,9,942,2026-04-14 19:46:13,drive_thru,,apple_pay,completed
1015873,7,1741,2026-04-14 19:48:06,delivery,,credit_card,completed
1015874,4,,04/14/2026 19:48,drive_thru,,credit_card,completed
1015875,10,,2026-04-14 19:55:45,dine_in,,debit_card,completed
1015876,15,1674,2026-04-14 19:57:11,takeout,,credit_card,completed
1015877,14,2323,2026-04-14 19:57:56,dine_in,,credit_card,completed
1015878,14,1576,2026-04-14 20:03:05,dine_in,,credit_card,completed
1015879,14,646,2026-04-14 20:12:50,drive_thru,,gift_card,completed
1015880,14,,2026-04-14 20:20:32,takeout,,credit_card,completed
1015881,15,,2026-04-14 20:28:40,takeout,,credit_card,completed
1015882,17,500,2026-04-14 20:36:50,dine_in,,debit_card,completed
1015883,6,1878,2026-04-14 20:42:34,delivery,,credit_card,completed
1015884,6,,2026-04-14 21:35:49,dine_in,,gift_card,completed
1015885,19,1931,2026-04-14 21:39:21,drive_thru,,credit_card,completed
1015886,4,95,2026-04-14 21:45:20,dine_in,,debit_card,cancelled
1015887,14,,2026-04-15 10:31:59,drive_thru,,credit_card,completed
1015888,8,451,2026-04-15 10:57:59,takeout,,credit_card,completed
1015889,15,,2026-04-15 11:13:22,dine_in,,cash,completed
1015890,1,,2026-04-15 11:16:17,delivery,,credit_card,completed
1015891,10,15,2026-04-15 11:25:24,dine_in,,cash,completed
1015892,15,1959,2026-04-15 11:38:01,drive_thru,,credit_card,completed
1015893,17,2120,2026-04-15 11:38:08,delivery,,credit_card,completed
1015894,14,1339,2026-04-15 11:46:22,takeout,,debit_card,completed
1015895,15,582,2026-04-15 11:47:04,drive_thru,,gift_card,completed
1015896,4,,2026-04-15 11:47:29,dine_in,,credit_card,completed
1015897,14,,2026-04-15 11:48:04,dine_in,,gift_card,completed
1015898,13,,2026-04-15 11:49:28,dine_in,,debit_card,completed
1015899,15,,2026-04-15 11:55:23,drive_thru,,credit_card,completed
1015900,15,1805,2026-04-15 11:57:28,delivery,,credit_card,completed
1015901,7,857,2026-04-15 11:58:32,delivery,,debit_card,completed
1015902,16,1122,2026-04-15 11:59:16,delivery,,apple_pay,completed
1015903,9,1922,2026-04-15 12:05:42,drive_thru,,debit_card,completed
1015904,20,,2026-04-15 12:07:24,drive_thru,,credit_card,completed
1015905,15,,2026-04-15 12:08:48,drive_thru,,cash,completed
1015906,12,,2026-04-15 12:10:44,delivery,,apple_pay,completed
1015907,8,1050,2026-04-15 12:13:05,dine_in,,credit_card,completed
1015908,9,,2026-04-15 12:13:12,delivery,,credit_card,completed
1015909,9,990,2026-04-15 12:14:54,dine_in,,credit_card,completed
1015910,4,659,2026-04-15 12:15:22,delivery,,credit_card,completed
1015911,16,218,2026-04-15 12:18:33,delivery,,credit_card,completed
1015912,15,1663,2026-04-15 12:22:15,delivery,,credit_card,completed
1015913,13,,2026-04-15 12:28:29,delivery,,apple_pay,completed
1015914,5,,2026-04-15 12:31:33,drive_thru,,debit_card,completed
1015915,1,749,2026-04-15 12:34:24,dine_in,,credit_card,completed
1015916,15,398,2026-04-15 12:35:44,drive_thru,,apple_pay,completed
1015917,4,1278,2026-04-15 12:36:40,delivery,,credit_card,completed
1015918,5,2004,2026-04-15 12:37:17,takeout,,apple_pay,completed
1015919,14,,2026-04-15 12:37:38,takeout,,credit_card,completed
1015920,3,1348,2026-04-15 12:39:03,dine_in,,cash,completed
1015921,3,1491,2026-04-15 12:40:37,delivery,,credit_card,completed
1015922,6,,2026-04-15 12:46:38,takeout,,credit_card,completed
1015923,15,363,2026-04-15 12:51:00,delivery,,debit_card,completed
1015924,14,446,2026-04-15 13:01:13,takeout,,apple_pay,completed
1015925,4,2021,04/15/2026 13:03,dine_in,,credit_card,completed
1015926,13,,2026-04-15 13:07:00,dine_in,,cash,refunded
1015927,13,,2026-04-15 13:09:16,dine_in,,gift_card,completed
1015928,4,,2026-04-15 13:09:42,dine_in,,credit_card,completed
1015929,13,,2026-04-15 13:09:47,delivery,,credit_card,completed
1015930,8,,2026-04-15 13:21:52,dine_in,,apple_pay,completed
1015931,4,,2026-04-15 13:25:22,delivery,,apple_pay,completed
1015932,14,1012,2026-04-15 13:26:36,takeout,,apple_pay,completed
1015933,12,445,2026-04-15 13:28:49,dine_in,,credit_card,completed
1015934,15,1797,2026-04-15 13:33:39,dine_in,,credit_card,completed
1015935,9,1758,2026-04-15 13:39:00,dine_in,,debit_card,completed
1015936,17,2341,2026-04-15 13:46:48,takeout,,credit_card,completed
1015937,1,,2026-04-15 13:50:48,dine_in,,credit_card,completed
1015938,15,2366,2026-04-15 14:02:43,takeout,,debit_card,completed
1015939,8,,2026-04-15 14:38:31,dine_in,,credit_card,completed
1015940,9,1302,2026-04-15 15:18:28,dine_in,,credit_card,completed
1015941,3,785,2026-04-15 15:24:21,takeout,,cash,completed
1015942,8,466,2026-04-15 15:40:51,delivery,,apple_pay,cancelled
1015943,13,2431,2026-04-15 15:41:08,delivery,,credit_card,completed
1015944,15,1156,2026-04-15 16:10:26,delivery,,apple_pay,completed
1015945,3,,2026-04-15 16:30:47,takeout,,gift_card,completed
1015946,11,1719,2026-04-15 16:41:35,dine_in,,debit_card,completed
1015947,10,,2026-04-15 16:44:53,dine_in,,apple_pay,completed
1015948,2,2196,2026-04-15 16:51:47,delivery,,credit_card,completed
1015949,8,200,2026-04-15 17:25:02,dine_in,,gift_card,completed
1015950,4,850,2026-04-15 17:35:37,takeout,,credit_card,completed
1015951,5,,2026-04-15 17:37:46,takeout,,credit_card,completed
1015952,5,1159,2026-04-15 17:42:31,dine_in,,credit_card,completed
1015953,14,,2026-04-15 17:42:43,takeout,,apple_pay,refunded
1015954,16,1603,2026-04-15 18:00:38,takeout,,apple_pay,completed
1015955,5,1417,2026-04-15 18:07:35,dine_in,,credit_card,completed
1015956,3,,2026-04-15 18:16:03,delivery,,apple_pay,completed
1015957,14,589,2026-04-15 18:16:57,dine_in,,debit_card,completed
1015958,15,837,2026-04-15 18:17:46,takeout,,apple_pay,cancelled
1015959,1,2110,2026-04-15 18:18:57,delivery,,debit_card,completed
1015960,12,652,2026-04-15 18:20:50,dine_in,,debit_card,completed
1015961,12,,2026-04-15 18:20:54,takeout,,debit_card,completed
1015962,2,,2026-04-15 18:23:34,dine_in,,credit_card,completed
1015963,2,,2026-04-15 18:25:26,dine_in,,credit_card,completed
1015964,11,1779,2026-04-15 18:25:47,dine_in,,credit_card,completed
1015965,8,,2026-04-15 18:27:55,dine_in,,cash,completed
1015966,19,,2026-04-15 18:29:39,takeout,,credit_card,completed
1015967,17,1079,2026-04-15 18:33:55,takeout,,cash,completed
1015968,15,,2026-04-15 18:34:27,dine_in,,gift_card,completed
1015969,3,2189,2026-04-15 18:36:42,dine_in,,debit_card,completed
1015970,13,2210,2026-04-15 18:37:58,dine_in,,apple_pay,completed
1015971,14,,04/15/2026 18:38,drive_thru,,debit_card,completed
1015972,6,153,2026-04-15 18:39:50,delivery,,credit_card,completed
1015973,12,,2026-04-15 18:41:14,takeout,,debit_card,completed
1015974,12,,2026-04-15 18:44:30,delivery,,apple_pay,completed
1015975,13,1272,2026-04-15 18:48:32,takeout,,debit_card,completed
1015976,5,1159,2026-04-15 18:50:36,drive_thru,,credit_card,completed
1015977,9,,2026-04-15 18:50:44,takeout,,debit_card,completed
1015978,5,1591,2026-04-15 18:56:44,dine_in,,debit_card,completed
1015979,13,,2026-04-15 18:59:49,dine_in,,apple_pay,completed
1015980,19,1662,2026-04-15 19:01:59,drive_thru,,cash,completed
1015981,2,747,2026-04-15 19:02:07,takeout,,cash,completed
1015982,19,994,2026-04-15 19:02:49,dine_in,,credit_card,completed
1015983,3,888,2026-04-15 19:03:28,dine_in,,cash,completed
1015984,20,653,2026-04-15 19:05:00,dine_in,,debit_card,completed
1015985,13,504,2026-04-15 19:05:47,delivery,,credit_card,completed
1015986,10,,2026-04-15 19:05:57,dine_in,,apple_pay,completed
1015987,1,883,2026-04-15 19:07:43,dine_in,,credit_card,completed
1015988,18,,2026-04-15 19:09:04,dine_in,,cash,completed
1015989,8,,2026-04-15 19:14:15,delivery,,gift_card,completed
1015990,17,1554,2026-04-15 19:18:42,dine_in,,debit_card,completed
1015991,17,1689,2026-04-15 19:21:23,dine_in,,credit_card,completed
1015992,11,2056,2026-04-15 19:22:28,takeout,,debit_card,completed
1015993,10,2480,2026-04-15 19:25:00,delivery,,credit_card,completed
1015994,2,2239,2026-04-15 19:26:18,dine_in,,credit_card,completed
1015995,7,1973,2026-04-15 19:26:54,delivery,,credit_card,completed
1015996,19,,2026-04-15 19:29:31,delivery,,credit_card,completed
1015997,13,1828,2026-04-15 19:30:30,dine_in,,credit_card,completed
1015998,18,2121,2026-04-15 19:32:32,dine_in,,apple_pay,completed
1015999,1,,2026-04-15 19:32:48,takeout,,apple_pay,completed
1016000,14,1976,2026-04-15 19:34:32,dine_in,,credit_card,refunded
1016001,5,1791,2026-04-15 19:37:17,delivery,,debit_card,completed
1016002,12,,2026-04-15 19:39:54,dine_in,,credit_card,completed
1016003,8,667,2026-04-15 19:42:47,dine_in,,cash,completed
1016004,19,,2026-04-15 19:42:52,drive_thru,,debit_card,completed
1016005,7,1866,2026-04-15 19:42:53,dine_in,,cash,completed
1016006,16,,2026-04-15 19:49:54,takeout,,credit_card,completed
1016007,7,1045,2026-04-15 19:50:23,dine_in,,credit_card,completed
1016008,15,,2026-04-15 19:53:02,takeout,,cash,completed
1016009,3,397,2026-04-15 19:56:53,dine_in,,apple_pay,completed
1016010,16,,2026-04-15 20:05:14,delivery,,credit_card,completed
1016011,6,494,2026-04-15 20:15:41,dine_in,,debit_card,cancelled
1016012,6,,2026-04-15 20:17:37,delivery,,debit_card,completed
1016013,19,,2026-04-15 20:30:45,drive_thru,,cash,completed
1016014,16,1314,2026-04-15 20:42:49,delivery,,debit_card,completed
1016015,13,,2026-04-15 20:49:18,dine_in,,credit_card,completed
1016016,7,969,2026-04-15 20:53:38,takeout,,credit_card,completed
1016017,3,,2026-04-15 21:09:08,takeout,,credit_card,completed
1016018,14,1505,2026-04-15 21:27:43,dine_in,,credit_card,completed
1016019,12,1885,2026-04-15 21:41:29,dine_in,,credit_card,completed
1016020,8,,2026-04-16 10:35:07,delivery,,credit_card,completed
1016021,12,316,2026-04-16 10:38:26,takeout,,cash,completed
1016022,9,728,2026-04-16 11:02:18,dine_in,,cash,completed
1016023,10,,2026-04-16 11:13:15,delivery,,debit_card,cancelled
1016024,1,1673,2026-04-16 11:15:32,takeout,,apple_pay,completed
1016025,6,1006,2026-04-16 11:21:34,,,credit_card,completed
1016026,3,,2026-04-16 11:30:22,takeout,,credit_card,completed
1016027,4,960,2026-04-16 11:31:35,drive_thru,,credit_card,completed
1016028,2,1604,2026-04-16 11:34:21,dine_in,,cash,completed
1016029,3,,2026-04-16 11:35:30,dine_in,,cash,completed
1016030,4,1347,2026-04-16 11:35:50,dine_in,,debit_card,completed
1016031,6,352,2026-04-16 11:37:37,drive_thru,,apple_pay,completed
1016032,14,589,2026-04-16 11:41:25,dine_in,,apple_pay,completed
1016033,6,1564,2026-04-16 11:42:16,takeout,,credit_card,completed
1016034,4,1955,2026-04-16 11:48:38,takeout,,credit_card,completed
1016035,1,777,2026-04-16 11:50:41,dine_in,,cash,cancelled
1016036,17,1259,2026-04-16 11:53:42,dine_in,,apple_pay,completed
1016037,16,2460,2026-04-16 11:53:50,dine_in,,cash,completed
1016038,14,,2026-04-16 11:56:35,dine_in,,credit_card,completed
1016039,9,,2026-04-16 11:59:40,delivery,,credit_card,completed
1016040,19,657,2026-04-16 11:59:58,dine_in,,credit_card,completed
1016041,15,1885,2026-04-16 12:00:31,takeout,,cash,completed
1016042,14,1699,2026-04-16 12:00:35,takeout,,debit_card,completed
1016043,12,1598,2026-04-16 12:02:42,dine_in,,credit_card,completed
1016044,3,1506,2026-04-16 12:03:29,dine_in,,credit_card,completed
1016045,3,1604,2026-04-16 12:03:37,dine_in,,cash,completed
1016046,4,747,2026-04-16 12:04:12,,,cash,completed
1016047,6,24,2026-04-16 12:07:41,dine_in,,credit_card,completed
1016048,4,436,2026-04-16 12:08:07,takeout,,credit_card,completed
1016049,11,2334,2026-04-16 12:08:55,takeout,,cash,completed
1016050,12,,2026-04-16 12:13:13,dine_in,,credit_card,completed
1016051,14,29,2026-04-16 12:13:24,takeout,,credit_card,completed
1016052,12,,2026-04-16 12:13:58,dine_in,,apple_pay,completed
1016053,4,,2026-04-16 12:16:21,drive_thru,,credit_card,completed
1016054,6,,2026-04-16 12:20:08,dine_in,,apple_pay,completed
1016055,17,1846,2026-04-16 12:22:25,dine_in,,cash,completed
1016056,19,,2026-04-16 12:23:10,dine_in,,apple_pay,completed
1016057,11,304,2026-04-16 12:23:14,dine_in,,credit_card,completed
1016058,10,,2026-04-16 12:23:48,dine_in,,debit_card,completed
1016059,10,1129,2026-04-16 12:26:27,dine_in,,cash,completed
1016060,12,,2026-04-16 12:26:36,takeout,,credit_card,completed
1016061,3,,2026-04-16 12:27:38,delivery,,credit_card,completed
1016062,12,445,2026-04-16 12:29:01,delivery,,credit_card,completed
1016063,5,1464,2026-04-16 12:29:27,takeout,,credit_card,completed
1016064,11,,2026-04-16 12:30:09,delivery,,credit_card,refunded
1016065,13,804,2026-04-16 12:31:11,dine_in,,credit_card,completed
1016066,18,2075,2026-04-16 12:31:36,takeout,,gift_card,completed
1016067,12,373,2026-04-16 12:32:21,delivery,,debit_card,completed
1016068,15,,2026-04-16 12:32:49,delivery,,credit_card,completed
1016069,2,1938,2026-04-16 12:34:02,dine_in,,cash,cancelled
1016070,20,1682,2026-04-16 12:34:52,dine_in,,credit_card,completed
1016071,4,1570,2026-04-16 12:35:21,drive_thru,,credit_card,completed
1016072,15,837,2026-04-16 12:37:02,takeout,,cash,completed
1016073,13,,2026-04-16 12:37:49,takeout,,credit_card,completed
1016074,7,,2026-04-16 12:38:32,dine_in,,gift_card,completed
1016075,11,550,2026-04-16 12:38:46,dine_in,,cash,completed
1016076,3,1233,2026-04-16 12:43:06,delivery,,credit_card,completed
1016077,12,,2026-04-16 12:54:19,takeout,,apple_pay,completed
1016078,8,958,2026-04-16 12:55:58,dine_in,,apple_pay,completed
1016079,12,807,2026-04-16 13:01:31,dine_in,,gift_card,refunded
1016080,7,,2026-04-16 13:02:41,delivery,,debit_card,completed
1016081,14,,2026-04-16 13:02:44,drive_thru,,debit_card,completed
1016082,15,5,2026-04-16 13:05:31,dine_in,,credit_card,completed
1016083,19,,2026-04-16 13:10:46,,,debit_card,completed
1016084,20,593,2026-04-16 13:10:46,dine_in,,credit_card,cancelled
1016085,2,825,2026-04-16 13:10:56,takeout,,debit_card,completed
1016086,13,577,2026-04-16 13:22:34,dine_in,,credit_card,completed
1016087,7,1126,2026-04-16 13:23:20,takeout,,credit_card,completed
1016088,7,,2026-04-16 13:27:23,takeout,,credit_card,completed
1016089,4,662,2026-04-16 13:28:18,dine_in,,credit_card,completed
1016090,14,2482,2026-04-16 13:28:31,takeout,,credit_card,completed
1016091,19,327,2026-04-16 13:29:52,dine_in,,debit_card,completed
1016092,16,,2026-04-16 13:31:56,takeout,,cash,completed
1016093,4,,2026-04-16 13:36:35,takeout,,apple_pay,completed
1016094,13,,2026-04-16 13:36:47,delivery,,credit_card,completed
1016095,8,2315,2026-04-16 13:39:32,dine_in,,credit_card,completed
1016096,5,681,2026-04-16 13:46:06,dine_in,,credit_card,completed
1016097,4,,2026-04-16 13:52:01,drive_thru,,apple_pay,completed
1016098,15,2375,2026-04-16 13:52:21,dine_in,,apple_pay,completed
1016099,13,,2026-04-16 13:59:22,dine_in,,debit_card,completed
1016100,19,863,2026-04-16 13:59:32,delivery,,credit_card,completed
1016101,8,,2026-04-16 14:03:56,takeout,,apple_pay,completed
1016102,7,2355,2026-04-16 14:21:06,takeout,,apple_pay,completed
1016103,5,2100,2026-04-16 14:37:28,takeout,,credit_card,completed
1016104,3,984,2026-04-16 15:01:47,takeout,,apple_pay,completed
1016105,1,792,2026-04-16 15:16:26,delivery,,credit_card,completed
1016106,19,1319,2026-04-16 15:36:06,takeout,,apple_pay,completed
1016107,14,1048,2026-04-16 15:45:26,drive_thru,,credit_card,completed
1016108,18,,2026-04-16 16:24:15,drive_thru,,cash,completed
1016109,19,1290,2026-04-16 16:34:30,takeout,,apple_pay,completed
1016110,17,22,2026-04-16 16:58:00,takeout,,debit_card,completed
1016111,12,2268,2026-04-16 17:01:36,delivery,,credit_card,cancelled
1016112,14,1114,04/16/2026 17:03,dine_in,,credit_card,completed
1016113,11,,2026-04-16 17:04:40,dine_in,,apple_pay,completed
1016114,16,486,2026-04-16 17:06:51,delivery,,debit_card,completed
1016115,1,,2026-04-16 17:22:56,dine_in,,credit_card,completed
1016116,17,,2026-04-16 17:29:30,takeout,,cash,completed
1016117,15,324,2026-04-16 17:29:54,delivery,,credit_card,completed
1016118,8,2428,2026-04-16 17:30:56,dine_in,,gift_card,completed
1016119,19,,2026-04-16 17:32:53,takeout,,credit_card,completed
1016120,19,,2026-04-16 17:33:26,delivery,,debit_card,completed
1016121,13,1539,2026-04-16 17:33:58,dine_in,,apple_pay,completed
1016122,19,,2026-04-16 17:34:15,drive_thru,,cash,completed
1016123,11,938,2026-04-16 17:47:44,drive_thru,,credit_card,completed
1016124,19,1391,2026-04-16 17:49:07,drive_thru,,apple_pay,completed
1016125,17,1332,2026-04-16 17:52:21,dine_in,,debit_card,completed
1016126,8,,2026-04-16 17:55:45,dine_in,,credit_card,completed
1016127,7,,2026-04-16 17:56:01,dine_in,,credit_card,completed
1016128,18,2147,2026-04-16 17:57:19,drive_thru,,apple_pay,completed
1016129,2,1746,2026-04-16 18:01:06,delivery,,gift_card,completed
1016130,18,1733,2026-04-16 18:04:00,dine_in,,gift_card,completed
1016131,15,2268,2026-04-16 18:05:15,takeout,,credit_card,cancelled
1016132,1,515,2026-04-16 18:07:01,takeout,,cash,completed
1016133,15,,2026-04-16 18:13:48,dine_in,,credit_card,completed
1016134,15,2467,2026-04-16 18:15:40,dine_in,,cash,completed
1016135,4,1164,2026-04-16 18:22:49,drive_thru,,apple_pay,completed
1016136,8,1526,2026-04-16 18:24:38,takeout,,credit_card,completed
1016137,12,,2026-04-16 18:27:18,dine_in,,apple_pay,completed
1016138,14,,2026-04-16 18:29:34,drive_thru,,debit_card,completed
1016139,5,,2026-04-16 18:29:50,drive_thru,,debit_card,completed
1016140,8,,2026-04-16 18:31:57,dine_in,,debit_card,completed
1016141,1,1201,2026-04-16 18:32:52,delivery,,apple_pay,completed
1016142,19,,2026-04-16 18:34:56,dine_in,,apple_pay,completed
1016143,7,1121,2026-04-16 18:37:58,delivery,,credit_card,completed
1016144,1,630,2026-04-16 18:40:57,takeout,,apple_pay,completed
1016145,16,,2026-04-16 18:43:21,dine_in,,debit_card,completed
1016146,16,,2026-04-16 18:44:51,dine_in,,credit_card,completed
1016147,13,,2026-04-16 18:45:45,takeout,,apple_pay,completed
1016148,16,338,2026-04-16 18:49:25,delivery,,credit_card,completed
1016149,7,1243,2026-04-16 18:50:58,dine_in,,debit_card,completed
1016150,10,1799,2026-04-16 18:52:58,takeout,,debit_card,completed
1016151,1,,2026-04-16 18:53:48,dine_in,,credit_card,completed
1016152,3,,2026-04-16 18:55:41,delivery,,credit_card,completed
1016153,3,270,2026-04-16 18:56:24,delivery,,credit_card,completed
1016154,17,908,2026-04-16 18:58:44,dine_in,,cash,completed
1016155,12,2429,2026-04-16 18:58:57,dine_in,,cash,completed
1016156,3,,2026-04-16 18:59:43,dine_in,,apple_pay,completed
1016157,7,598,2026-04-16 19:00:31,delivery,,credit_card,completed
1016158,3,397,2026-04-16 19:00:58,dine_in,,apple_pay,completed
1016159,20,1615,2026-04-16 19:03:42,dine_in,,apple_pay,completed
1016160,10,1050,2026-04-16 19:05:47,delivery,,gift_card,completed
1016161,2,644,2026-04-16 19:07:30,delivery,,credit_card,completed
1016162,8,2312,2026-04-16 19:08:09,dine_in,,cash,completed
1016163,9,,2026-04-16 19:08:40,delivery,,credit_card,completed
1016164,1,,2026-04-16 19:08:57,takeout,,cash,completed
1016165,4,1825,2026-04-16 19:10:55,drive_thru,,debit_card,completed
1016166,13,1476,2026-04-16 19:13:38,dine_in,,cash,completed
1016167,14,2087,2026-04-16 19:15:43,delivery,,credit_card,completed
1016168,17,1389,2026-04-16 19:17:13,dine_in,,cash,completed
1016169,2,2213,2026-04-16 19:28:48,dine_in,,cash,completed
1016170,5,,2026-04-16 19:28:55,drive_thru,,credit_card,refunded
1016171,16,,04/16/2026 19:30,dine_in,,apple_pay,completed
1016172,10,,2026-04-16 19:32:08,takeout,,cash,completed
1016173,15,,2026-04-16 19:33:34,takeout,,apple_pay,completed
1016174,19,1064,2026-04-16 19:33:54,dine_in,,credit_card,completed
1016175,17,,2026-04-16 19:36:07,takeout,,credit_card,cancelled
1016176,16,1914,2026-04-16 19:46:12,delivery,,credit_card,completed
1016177,5,2445,2026-04-16 19:47:01,takeout,,debit_card,completed
1016178,15,419,2026-04-16 19:53:18,drive_thru,,apple_pay,completed
1016179,2,,2026-04-16 19:56:08,delivery,,debit_card,completed
1016180,10,,2026-04-16 19:57:45,delivery,,debit_card,completed
1016181,7,1239,2026-04-16 20:01:13,dine_in,,debit_card,completed
1016182,2,,2026-04-16 21:50:04,delivery,,debit_card,completed
1016183,11,1273,2026-04-17 10:58:55,dine_in,,cash,completed
1016184,10,,2026-04-17 11:14:43,takeout,,apple_pay,completed
1016185,3,282,2026-04-17 11:16:16,delivery,,credit_card,completed
1016186,6,1632,2026-04-17 11:18:25,takeout,CRAWFRI,credit_card,cancelled
1016187,19,117,2026-04-17 11:26:50,drive_thru,,credit_card,completed
1016188,11,,2026-04-17 11:27:13,dine_in,,credit_card,completed
1016189,3,384,2026-04-17 11:38:10,dine_in,CRAWFRI,credit_card,completed
1016190,6,1569,2026-04-17 11:40:53,delivery,CRAWFRI,credit_card,completed
1016191,2,330,2026-04-17 11:41:00,delivery,CRAWFRI,credit_card,completed
1016192,2,1096,2026-04-17 11:42:06,dine_in,CRAWFRI,apple_pay,completed
1016193,18,2290,2026-04-17 11:43:01,drive_thru,,credit_card,completed
1016194,3,1892,2026-04-17 11:43:24,takeout,CRAWFRI,credit_card,completed
1016195,10,1901,2026-04-17 11:44:10,delivery,,apple_pay,completed
1016196,20,1113,2026-04-17 11:44:53,delivery,CRAWFRI,debit_card,completed
1016197,19,,2026-04-17 11:45:34,takeout,,gift_card,completed
1016198,1,,2026-04-17 11:48:15,delivery,CRAWFRI,apple_pay,completed
1016199,7,,2026-04-17 11:49:04,delivery,,apple_pay,completed
1016200,17,2054,2026-04-17 11:49:52,delivery,,debit_card,completed
1016201,18,1733,2026-04-17 11:53:27,delivery,,credit_card,completed
1016202,6,497,2026-04-17 11:54:18,takeout,CRAWFRI,credit_card,completed
1016203,6,1977,2026-04-17 11:55:58,dine_in,CRAWFRI,debit_card,completed
1016204,18,1100,2026-04-17 11:59:00,dine_in,,credit_card,completed
1016205,2,,2026-04-17 12:01:41,delivery,,debit_card,cancelled
1016206,9,1760,2026-04-17 12:02:35,drive_thru,,debit_card,completed
1016207,5,1721,2026-04-17 12:04:32,dine_in,,cash,completed
1016208,19,668,2026-04-17 12:05:15,takeout,,credit_card,completed
1016209,2,,2026-04-17 12:05:25,takeout,,credit_card,completed
1016210,19,1635,2026-04-17 12:05:33,delivery,,debit_card,completed
1016211,5,,2026-04-17 12:05:46,delivery,,credit_card,completed
1016212,15,2247,2026-04-17 12:05:57,dine_in,,credit_card,completed
1016213,7,1507,2026-04-17 12:06:45,dine_in,,cash,completed
1016214,7,77,2026-04-17 12:07:57,delivery,,credit_card,completed
1016215,4,2090,2026-04-17 12:08:38,dine_in,CRAWFRI,credit_card,completed
1016216,20,1619,2026-04-17 12:10:10,delivery,,credit_card,refunded
1016217,16,2007,2026-04-17 12:10:31,dine_in,,cash,completed
1016218,18,,2026-04-17 12:11:10,drive_thru,,credit_card,completed
1016219,4,696,2026-04-17 12:11:16,dine_in,,credit_card,completed
1016220,8,,2026-04-17 12:11:19,takeout,,debit_card,completed
1016221,7,,2026-04-17 12:11:49,takeout,,debit_card,completed
1016222,8,,2026-04-17 12:11:56,takeout,,cash,cancelled
1016223,11,294,2026-04-17 12:12:06,delivery,,credit_card,completed
1016224,11,798,2026-04-17 12:12:56,dine_in,,cash,completed
1016225,20,521,2026-04-17 12:15:52,drive_thru,CRAWFRI,credit_card,completed
1016226,2,1096,2026-04-17 12:16:53,dine_in,CRAWFRI,credit_card,completed
1016227,13,2490,2026-04-17 12:18:51,dine_in,,credit_card,cancelled
1016228,12,,2026-04-17 12:19:44,takeout,,credit_card,completed
1016229,17,559,2026-04-17 12:19:50,takeout,,apple_pay,completed
1016230,8,2148,2026-04-17 12:21:59,dine_in,,cash,cancelled
1016231,10,202,2026-04-17 12:22:41,drive_thru,,credit_card,refunded
1016232,6,1664,2026-04-17 12:22:53,delivery,,gift_card,completed
1016233,6,,2026-04-17 12:22:56,dine_in,,cash,completed
1016234,10,734,2026-04-17 12:23:07,dine_in,,credit_card,completed
1016235,12,,2026-04-17 12:23:31,delivery,,gift_card,completed
1016236,18,1544,2026-04-17 12:23:41,takeout,,apple_pay,completed
1016237,14,,2026-04-17 12:25:02,takeout,,apple_pay,completed
1016238,2,66,2026-04-17 12:26:03,delivery,,debit_card,completed
1016239,19,1014,2026-04-17 12:26:06,delivery,,credit_card,completed
1016240,17,80,2026-04-17 12:30:39,dine_in,,cash,cancelled
1016241,13,41,2026-04-17 12:31:14,delivery,,credit_card,completed
1016242,15,,2026-04-17 12:31:35,dine_in,,cash,completed
1016243,10,701,2026-04-17 12:31:51,dine_in,,credit_card,completed
1016244,4,111,2026-04-17 12:33:31,takeout,,cash,completed
1016245,18,,2026-04-17 12:34:29,dine_in,,cash,completed
1016246,2,109,2026-04-17 12:36:45,dine_in,,debit_card,completed
1016247,6,2059,2026-04-17 12:36:55,drive_thru,,cash,completed
1016248,4,1596,2026-04-17 12:37:36,delivery,,credit_card,completed
1016249,10,1759,2026-04-17 12:39:08,drive_thru,,cash,completed
1016250,8,104,2026-04-17 12:40:53,takeout,,debit_card,completed
1016251,5,2386,2026-04-17 12:41:30,,,cash,completed
1016252,15,2129,2026-04-17 12:41:45,takeout,,apple_pay,completed
1016253,8,772,2026-04-17 12:41:50,dine_in,,cash,completed
1016254,15,1713,2026-04-17 12:43:19,dine_in,,apple_pay,completed
1016255,15,601,2026-04-17 12:44:35,drive_thru,,apple_pay,completed
1016256,4,1938,2026-04-17 12:44:52,drive_thru,,apple_pay,completed
1016257,2,,2026-04-17 12:51:01,dine_in,,debit_card,completed
1016258,17,620,2026-04-17 12:51:05,takeout,,debit_card,completed
1016259,13,,2026-04-17 12:52:28,takeout,,credit_card,completed
1016260,12,,2026-04-17 12:53:52,takeout,,debit_card,cancelled
1016261,4,,2026-04-17 12:54:04,dine_in,CRAWFRI,cash,completed
1016262,10,1338,2026-04-17 12:55:31,dine_in,,apple_pay,completed
1016263,16,1078,2026-04-17 12:57:35,takeout,,credit_card,completed
1016264,13,,2026-04-17 12:57:43,dine_in,,credit_card,completed
1016265,4,747,2026-04-17 12:59:58,delivery,,apple_pay,completed
1016266,5,2080,2026-04-17 13:01:57,takeout,,debit_card,completed
1016267,6,,2026-04-17 13:02:26,drive_thru,CRAWFRI,cash,completed
1016268,1,1848,2026-04-17 13:03:21,delivery,,credit_card,completed
1016269,4,332,2026-04-17 13:06:59,dine_in,CRAWFRI,debit_card,completed
1016270,11,,2026-04-17 13:08:11,drive_thru,,debit_card,completed
1016271,19,1966,2026-04-17 13:08:48,dine_in,,credit_card,completed
1016272,2,528,04/17/2026 13:08,dine_in,CRAWFRI,debit_card,completed
1016273,4,1144,2026-04-17 13:10:13,drive_thru,CRAWFRI,credit_card,completed
1016274,20,,2026-04-17 13:10:47,delivery,,credit_card,completed
1016275,2,,2026-04-17 13:12:56,delivery,CRAWFRI,credit_card,completed
1016276,8,461,2026-04-17 13:16:27,dine_in,,apple_pay,completed
1016277,1,,04/17/2026 13:18,dine_in,,credit_card,completed
1016278,17,25,2026-04-17 13:20:56,delivery,,credit_card,completed
1016279,4,,2026-04-17 13:21:22,dine_in,CRAWFRI,credit_card,completed
1016280,6,,2026-04-17 13:21:34,dine_in,,cash,completed
1016281,4,,2026-04-17 13:22:08,dine_in,CRAWFRI,cash,refunded
1016282,1,435,2026-04-17 13:25:35,delivery,CRAWFRI,credit_card,completed
1016283,16,1014,2026-04-17 13:30:21,dine_in,,cash,completed
1016284,14,1212,2026-04-17 13:33:50,drive_thru,,credit_card,completed
1016285,6,2275,2026-04-17 13:34:19,drive_thru,CRAWFRI,credit_card,completed
1016286,14,1915,2026-04-17 13:39:23,takeout,,cash,completed
1016287,16,,2026-04-17 13:41:39,takeout,,apple_pay,refunded
1016288,14,1786,2026-04-17 13:49:13,dine_in,,apple_pay,completed
1016289,6,387,2026-04-17 13:49:53,delivery,CRAWFRI,credit_card,completed
1016290,3,659,2026-04-17 13:50:18,dine_in,CRAWFRI,credit_card,completed
1016291,10,489,2026-04-17 14:15:32,delivery,,credit_card,completed
1016292,9,,2026-04-17 14:20:21,drive_thru,,debit_card,completed
1016293,4,,2026-04-17 14:29:54,drive_thru,,debit_card,completed
1016294,1,775,2026-04-17 14:37:24,delivery,CRAWFRI,credit_card,completed
1016295,1,253,04/17/2026 14:54,takeout,CRAWFRI,apple_pay,completed
1016296,3,,2026-04-17 15:08:42,delivery,,credit_card,completed
1016297,3,,2026-04-17 15:21:13,dine_in,,cash,completed
1016298,13,,2026-04-17 15:42:20,dine_in,,credit_card,completed
1016299,1,,2026-04-17 15:55:08,delivery,,debit_card,completed
1016300,10,2153,2026-04-17 16:16:54,dine_in,,credit_card,completed
1016301,6,,2026-04-17 16:22:00,drive_thru,CRAWFRI,debit_card,completed
1016302,18,2267,2026-04-17 16:37:02,takeout,,cash,completed
1016303,18,1469,2026-04-17 17:20:10,dine_in,,debit_card,completed
1016304,9,1381,2026-04-17 17:27:01,delivery,,apple_pay,completed
1016305,5,,2026-04-17 17:29:09,dine_in,,credit_card,completed
1016306,9,,2026-04-17 17:38:41,drive_thru,,credit_card,completed
1016307,1,,2026-04-17 17:43:23,dine_in,,credit_card,cancelled
1016308,7,,2026-04-17 17:44:18,dine_in,,credit_card,completed
1016309,10,773,2026-04-17 17:44:35,delivery,,gift_card,completed
1016310,4,1506,2026-04-17 17:45:32,drive_thru,,debit_card,completed
1016311,1,2486,2026-04-17 17:49:16,delivery,CRAWFRI,debit_card,completed
1016312,13,288,2026-04-17 17:50:06,dine_in,,apple_pay,completed
1016313,10,553,2026-04-17 17:52:52,drive_thru,,cash,completed
1016314,18,,2026-04-17 17:58:17,takeout,,cash,completed
1016315,14,654,2026-04-17 18:04:26,delivery,,credit_card,completed
1016316,18,,2026-04-17 18:04:57,takeout,,credit_card,completed
1016317,16,962,2026-04-17 18:06:45,delivery,,credit_card,completed
1016318,4,1164,2026-04-17 18:08:26,dine_in,,apple_pay,completed
1016319,13,,2026-04-17 18:11:12,delivery,,apple_pay,completed
1016320,6,,2026-04-17 18:12:35,drive_thru,,debit_card,completed
1016321,18,,2026-04-17 18:14:21,dine_in,,credit_card,completed
1016322,1,,2026-04-17 18:14:32,delivery,,apple_pay,completed
1016323,18,557,2026-04-17 18:15:14,takeout,,cash,completed
1016324,6,,2026-04-17 18:16:25,takeout,CRAWFRI,credit_card,completed
1016325,6,,2026-04-17 18:18:53,delivery,,credit_card,completed
1016326,6,1690,2026-04-17 18:20:01,dine_in,,cash,completed
1016327,8,1172,2026-04-17 18:20:46,takeout,,apple_pay,completed
1016328,17,1979,2026-04-17 18:21:04,dine_in,,apple_pay,completed
1016329,10,1516,2026-04-17 18:22:33,drive_thru,,credit_card,completed
1016330,3,,2026-04-17 18:23:18,dine_in,,apple_pay,completed
1016331,17,1979,2026-04-17 18:23:21,takeout,,debit_card,completed
1016332,19,1930,2026-04-17 18:23:22,delivery,,credit_card,completed
1016333,1,,2026-04-17 18:24:08,dine_in,CRAWFRI,debit_card,completed
1016334,9,,2026-04-17 18:24:44,drive_thru,,credit_card,completed
1016335,3,1395,04/17/2026 18:25,takeout,CRAWFRI,debit_card,completed
1016336,17,414,2026-04-17 18:26:48,dine_in,,debit_card,completed
1016337,16,,2026-04-17 18:38:52,takeout,,apple_pay,completed
1016338,6,,2026-04-17 18:39:53,delivery,,credit_card,completed
1016339,9,1922,2026-04-17 18:40:26,dine_in,,credit_card,completed
1016340,9,,2026-04-17 18:41:16,delivery,,apple_pay,completed
1016341,1,2110,2026-04-17 18:42:54,delivery,,credit_card,completed
1016342,4,1742,2026-04-17 18:44:29,drive_thru,CRAWFRI,apple_pay,completed
1016343,6,,2026-04-17 18:46:38,drive_thru,CRAWFRI,credit_card,completed
1016344,12,94,2026-04-17 18:46:59,dine_in,,credit_card,completed
1016345,18,2237,2026-04-17 18:50:01,drive_thru,,apple_pay,cancelled
1016346,4,1596,2026-04-17 18:50:10,drive_thru,,credit_card,completed
1016347,5,1791,2026-04-17 18:52:17,dine_in,,apple_pay,completed
1016348,3,1839,2026-04-17 18:55:05,delivery,CRAWFRI,credit_card,completed
1016349,5,542,2026-04-17 18:56:02,dine_in,CRAWFRI,credit_card,completed
1016350,4,416,2026-04-17 18:56:11,dine_in,,debit_card,completed
1016351,1,1909,2026-04-17 18:57:43,takeout,,credit_card,completed
1016352,6,,2026-04-17 18:58:47,dine_in,,apple_pay,completed
1016353,6,537,2026-04-17 18:59:41,drive_thru,,cash,completed
1016354,9,2243,04/17/2026 19:03,takeout,,credit_card,completed
1016355,1,,2026-04-17 19:03:35,dine_in,,gift_card,completed
1016356,7,,2026-04-17 19:04:00,takeout,,apple_pay,completed
1016357,5,,2026-04-17 19:06:48,drive_thru,CRAWFRI,cash,completed
1016358,16,,2026-04-17 19:07:59,dine_in,,apple_pay,completed
1016359,19,830,2026-04-17 19:08:40,delivery,,debit_card,completed
1016360,7,1056,2026-04-17 19:12:03,dine_in,,cash,completed
1016361,18,2237,2026-04-17 19:13:23,drive_thru,,debit_card,completed
1016362,13,1170,2026-04-17 19:13:43,delivery,,debit_card,completed
1016363,10,2310,2026-04-17 19:14:58,drive_thru,,cash,completed
1016364,10,,2026-04-17 19:15:45,drive_thru,,cash,completed
1016365,6,,2026-04-17 19:16:14,delivery,,credit_card,completed
1016366,8,1688,2026-04-17 19:18:30,takeout,,gift_card,completed
1016367,1,1081,2026-04-17 19:19:59,dine_in,CRAWFRI,cash,completed
1016368,19,36,2026-04-17 19:20:14,delivery,,gift_card,completed
1016369,15,2467,2026-04-17 19:20:26,delivery,,credit_card,completed
1016370,12,2094,2026-04-17 19:20:35,,,debit_card,completed
1016371,7,609,2026-04-17 19:20:52,takeout,,debit_card,completed
1016372,20,133,2026-04-17 19:22:55,delivery,CRAWFRI,apple_pay,completed
1016373,12,,2026-04-17 19:23:18,delivery,,credit_card,completed
1016374,18,1130,2026-04-17 19:24:03,delivery,,credit_card,completed
1016375,3,210,2026-04-17 19:25:11,takeout,,credit_card,completed
1016376,19,834,2026-04-17 19:26:41,drive_thru,,gift_card,completed
1016377,18,276,2026-04-17 19:28:38,dine_in,,gift_card,completed
1016378,9,1788,2026-04-17 19:33:50,dine_in,,debit_card,completed
1016379,13,1652,2026-04-17 19:34:52,delivery,,apple_pay,completed
1016380,15,,2026-04-17 19:35:06,dine_in,,cash,completed
1016381,5,1871,2026-04-17 19:35:17,dine_in,,cash,completed
1016382,10,734,2026-04-17 19:36:57,dine_in,,credit_card,completed
1016383,3,187,2026-04-17 19:39:41,takeout,CRAWFRI,debit_card,completed
1016384,6,93,04/17/2026 19:40,delivery,CRAWFRI,credit_card,completed
1016385,12,903,2026-04-17 19:44:56,takeout,,gift_card,completed
1016386,18,843,2026-04-17 19:45:11,dine_in,,credit_card,completed
1016387,1,739,2026-04-17 19:46:50,takeout,,debit_card,completed
1016388,5,,2026-04-17 19:47:07,drive_thru,,cash,completed
1016389,1,748,2026-04-17 19:49:15,takeout,CRAWFRI,credit_card,completed
1016390,5,1673,2026-04-17 19:49:52,,CRAWFRI,debit_card,completed
1016391,2,2015,2026-04-17 19:51:27,dine_in,CRAWFRI,apple_pay,completed
1016392,5,673,2026-04-17 19:52:44,delivery,,gift_card,completed
1016393,14,2063,2026-04-17 19:54:28,drive_thru,,credit_card,completed
1016394,20,,2026-04-17 19:55:22,takeout,CRAWFRI,apple_pay,completed
1016395,12,,2026-04-17 19:56:20,delivery,,credit_card,completed
1016396,13,,2026-04-17 19:56:45,takeout,,credit_card,completed
1016397,19,2235,2026-04-17 20:16:44,drive_thru,,cash,completed
1016398,16,,2026-04-17 20:19:08,dine_in,,credit_card,completed
1016399,2,435,2026-04-17 20:27:05,dine_in,,apple_pay,completed
1016400,3,,2026-04-17 20:29:40,dine_in,,credit_card,completed
1016401,1,1970,2026-04-17 20:45:40,dine_in,CRAWFRI,credit_card,completed
1016402,20,1559,2026-04-17 21:02:06,takeout,,credit_card,completed
1016403,5,,2026-04-17 21:03:51,delivery,,debit_card,completed
1016404,19,1244,2026-04-17 21:15:33,dine_in,,debit_card,completed
1016405,17,1391,2026-04-17 21:17:30,,,debit_card,completed
1016406,15,1727,2026-04-17 21:17:33,drive_thru,,debit_card,cancelled
1016407,14,,2026-04-17 21:21:05,drive_thru,,credit_card,completed
1016408,13,345,2026-04-17 21:36:46,delivery,,credit_card,completed
1016409,3,210,2026-04-17 21:40:00,delivery,,apple_pay,completed
1016410,10,,2026-04-17 21:45:15,drive_thru,,cash,completed
1016411,6,,2026-04-17 21:49:34,delivery,,credit_card,completed
1016412,14,72,2026-04-18 10:35:01,takeout,,debit_card,completed
1016413,6,1510,2026-04-18 11:11:07,drive_thru,,apple_pay,completed
1016414,16,,2026-04-18 11:21:35,takeout,,apple_pay,completed
1016415,19,885,2026-04-18 11:23:17,delivery,,debit_card,completed
1016416,10,2150,2026-04-18 11:27:17,dine_in,,credit_card,completed
1016417,19,2145,2026-04-18 11:27:30,delivery,,credit_card,completed
1016418,12,316,2026-04-18 11:31:16,dine_in,,apple_pay,completed
1016419,7,287,2026-04-18 11:32:51,dine_in,,credit_card,completed
1016420,6,93,2026-04-18 11:38:22,delivery,,credit_card,completed
1016421,1,,2026-04-18 11:41:36,dine_in,,debit_card,completed
1016422,10,,2026-04-18 11:41:47,drive_thru,,credit_card,completed
1016423,10,484,2026-04-18 11:43:45,drive_thru,,credit_card,cancelled
1016424,6,153,2026-04-18 11:45:02,delivery,,credit_card,completed
1016425,16,218,2026-04-18 11:45:46,takeout,,cash,completed
1016426,16,1691,2026-04-18 11:48:14,dine_in,,cash,completed
1016427,2,,2026-04-18 11:48:54,dine_in,,credit_card,completed
1016428,5,264,2026-04-18 11:49:03,takeout,,apple_pay,completed
1016429,11,959,2026-04-18 11:50:30,dine_in,,credit_card,completed
1016430,5,889,2026-04-18 11:52:49,drive_thru,,cash,completed
1016431,13,1108,2026-04-18 11:52:53,dine_in,,credit_card,completed
1016432,15,1696,2026-04-18 11:54:43,dine_in,,credit_card,completed
1016433,17,1638,2026-04-18 11:58:15,dine_in,,debit_card,completed
1016434,20,1853,2026-04-18 11:58:56,dine_in,,credit_card,completed
1016435,13,,2026-04-18 11:59:23,dine_in,,apple_pay,completed
1016436,13,633,2026-04-18 12:01:10,dine_in,,credit_card,completed
1016437,14,1093,2026-04-18 12:02:02,dine_in,,credit_card,completed
1016438,13,473,2026-04-18 12:02:43,takeout,,apple_pay,completed
1016439,17,,2026-04-18 12:03:45,dine_in,,apple_pay,completed
1016440,2,878,2026-04-18 12:04:09,dine_in,,credit_card,completed
1016441,8,1018,2026-04-18 12:05:16,delivery,,debit_card,completed
1016442,6,,2026-04-18 12:06:25,drive_thru,,gift_card,completed
1016443,19,,2026-04-18 12:07:13,dine_in,,credit_card,completed
1016444,4,,2026-04-18 12:08:22,takeout,,debit_card,completed
1016445,18,1014,2026-04-18 12:09:05,takeout,,credit_card,completed
1016446,16,278,2026-04-18 12:14:02,,,cash,completed
1016447,19,,2026-04-18 12:14:18,drive_thru,,cash,completed
1016448,12,633,2026-04-18 12:16:28,dine_in,,apple_pay,completed
1016449,11,,2026-04-18 12:18:55,drive_thru,,apple_pay,completed
1016450,13,,2026-04-18 12:20:12,takeout,,apple_pay,completed
1016451,17,2441,2026-04-18 12:21:02,takeout,,credit_card,completed
1016452,3,1145,2026-04-18 12:21:41,dine_in,,credit_card,completed
1016453,12,816,2026-04-18 12:22:15,delivery,,credit_card,completed
1016454,7,2068,2026-04-18 12:22:55,dine_in,,credit_card,completed
1016455,19,,2026-04-18 12:23:57,takeout,,apple_pay,cancelled
1016456,6,,2026-04-18 12:24:50,,,debit_card,completed
1016457,14,413,2026-04-18 12:26:09,drive_thru,,cash,completed
1016458,18,1439,2026-04-18 12:27:08,delivery,,apple_pay,completed
1016459,17,,2026-04-18 12:28:21,delivery,,debit_card,completed
1016460,15,1674,2026-04-18 12:29:35,takeout,,apple_pay,completed
1016461,11,,2026-04-18 12:30:42,drive_thru,,debit_card,completed
1016462,9,,2026-04-18 12:30:58,drive_thru,,apple_pay,completed
1016463,20,979,2026-04-18 12:31:32,,,debit_card,completed
1016464,19,1740,2026-04-18 12:32:28,dine_in,,credit_card,cancelled
1016465,9,,2026-04-18 12:32:33,drive_thru,,credit_card,completed
1016466,3,1423,2026-04-18 12:32:54,delivery,,gift_card,completed
1016467,16,1063,2026-04-18 12:34:18,dine_in,,apple_pay,completed
1016468,12,757,2026-04-18 12:35:08,delivery,,credit_card,completed
1016469,4,1577,2026-04-18 12:35:15,drive_thru,,credit_card,completed
1016470,15,,2026-04-18 12:35:31,takeout,,apple_pay,completed
1016471,18,386,2026-04-18 12:36:52,takeout,,credit_card,completed
1016472,7,,2026-04-18 12:36:58,dine_in,,debit_card,completed
1016473,8,1151,2026-04-18 12:37:54,dine_in,,credit_card,completed
1016474,10,2338,2026-04-18 12:40:57,delivery,,gift_card,completed
1016475,19,,2026-04-18 12:41:37,drive_thru,,apple_pay,completed
1016476,14,,2026-04-18 12:42:19,dine_in,,credit_card,completed
1016477,8,2315,2026-04-18 12:43:37,dine_in,,credit_card,completed
1016478,3,722,2026-04-18 12:48:41,takeout,,debit_card,completed
1016479,17,928,2026-04-18 12:52:31,takeout,,gift_card,completed
1016480,7,1707,2026-04-18 12:52:37,delivery,,apple_pay,completed
1016481,1,,2026-04-18 12:53:51,delivery,,credit_card,completed
1016482,12,2252,2026-04-18 12:55:56,takeout,,debit_card,completed
1016483,8,,2026-04-18 12:56:55,dine_in,,credit_card,completed
1016484,3,2493,2026-04-18 12:58:10,dine_in,,cash,completed
1016485,8,,2026-04-18 12:58:57,dine_in,,gift_card,completed
1016486,12,2412,2026-04-18 12:58:59,delivery,,credit_card,completed
1016487,12,,2026-04-18 13:00:43,delivery,,credit_card,completed
1016488,12,807,2026-04-18 13:01:36,takeout,,debit_card,completed
1016489,3,244,2026-04-18 13:04:35,takeout,,cash,completed
1016490,18,1689,2026-04-18 13:05:14,dine_in,,credit_card,completed
1016491,19,2182,2026-04-18 13:05:47,takeout,,apple_pay,completed
1016492,10,1107,2026-04-18 13:06:32,delivery,,credit_card,completed
1016493,10,302,2026-04-18 13:07:30,delivery,,credit_card,completed
1016494,14,842,2026-04-18 13:08:29,delivery,,debit_card,completed
1016495,19,1352,2026-04-18 13:08:39,delivery,,credit_card,completed
1016496,17,,2026-04-18 13:11:27,delivery,,credit_card,completed
1016497,3,1491,2026-04-18 13:15:40,delivery,,debit_card,completed
1016498,6,1334,2026-04-18 13:17:10,drive_thru,,cash,completed
1016499,6,56,2026-04-18 13:18:53,dine_in,,apple_pay,completed
1016500,5,,2026-04-18 13:28:06,drive_thru,,debit_card,completed
1016501,16,607,2026-04-18 13:28:46,dine_in,,credit_card,completed
1016502,4,2093,2026-04-18 13:29:27,dine_in,,cash,completed
1016503,8,,2026-04-18 13:32:48,takeout,,credit_card,completed
1016504,4,,2026-04-18 13:33:05,delivery,,credit_card,completed
1016505,11,349,2026-04-18 13:35:02,drive_thru,,cash,completed
1016506,19,341,2026-04-18 13:35:04,dine_in,,credit_card,completed
1016507,16,1331,2026-04-18 13:41:01,takeout,,credit_card,completed
1016508,16,2147,2026-04-18 13:41:45,delivery,,credit_card,completed
1016509,4,1596,2026-04-18 13:59:42,delivery,,credit_card,completed
1016510,11,269,2026-04-18 14:08:23,takeout,,apple_pay,completed
1016511,4,,2026-04-18 14:15:43,drive_thru,,credit_card,completed
1016512,16,,2026-04-18 14:21:46,dine_in,,debit_card,completed
1016513,14,,2026-04-18 14:23:05,takeout,,credit_card,cancelled
1016514,8,1589,2026-04-18 14:25:42,takeout,,apple_pay,completed
1016515,16,695,2026-04-18 14:42:23,delivery,,credit_card,completed
1016516,7,,2026-04-18 15:09:54,dine_in,,debit_card,completed
1016517,1,,2026-04-18 15:16:48,delivery,,apple_pay,completed
1016518,17,1979,2026-04-18 15:18:55,dine_in,,credit_card,cancelled
1016519,1,,2026-04-18 15:41:49,delivery,,credit_card,completed
1016520,13,,2026-04-18 15:57:25,delivery,,credit_card,completed
1016521,1,2077,2026-04-18 16:09:12,delivery,,debit_card,completed
1016522,6,1033,2026-04-18 16:12:11,dine_in,,credit_card,refunded
1016523,2,,2026-04-18 16:15:27,takeout,,debit_card,completed
1016524,19,1062,2026-04-18 16:15:48,takeout,,cash,completed
1016525,18,543,2026-04-18 16:36:00,takeout,,apple_pay,completed
1016526,17,1961,2026-04-18 16:58:27,delivery,,apple_pay,completed
1016527,13,2129,2026-04-18 16:59:16,takeout,,debit_card,completed
1016528,13,842,2026-04-18 17:10:23,delivery,,credit_card,completed
1016529,17,833,2026-04-18 17:24:23,dine_in,,cash,completed
1016530,19,,2026-04-18 17:28:10,dine_in,,credit_card,completed
1016531,1,2481,2026-04-18 17:32:36,dine_in,,credit_card,completed
1016532,20,653,2026-04-18 17:33:00,drive_thru,,credit_card,completed
1016533,2,78,2026-04-18 17:38:09,dine_in,,debit_card,completed
1016534,19,112,2026-04-18 17:48:14,takeout,,apple_pay,completed
1016535,2,,2026-04-18 17:51:31,dine_in,,credit_card,cancelled
1016536,4,1742,2026-04-18 17:53:58,drive_thru,,credit_card,completed
1016537,15,,2026-04-18 17:56:13,drive_thru,,cash,completed
1016538,13,309,2026-04-18 18:00:47,takeout,,debit_card,completed
1016539,5,1464,2026-04-18 18:07:22,takeout,,debit_card,completed
1016540,7,2218,2026-04-18 18:09:15,delivery,,credit_card,completed
1016541,19,830,2026-04-18 18:09:42,takeout,,credit_card,completed
1016542,1,2365,2026-04-18 18:09:57,takeout,,gift_card,completed
1016543,1,755,2026-04-18 18:12:02,delivery,,apple_pay,completed
1016544,10,,2026-04-18 18:13:35,delivery,,credit_card,completed
1016545,12,1912,2026-04-18 18:16:04,delivery,,gift_card,completed
1016546,19,2416,2026-04-18 18:17:38,takeout,,cash,completed
1016547,17,,2026-04-18 18:18:40,dine_in,,credit_card,completed
1016548,8,,2026-04-18 18:21:15,takeout,,cash,completed
1016549,15,97,2026-04-18 18:21:44,dine_in,,debit_card,completed
1016550,2,,2026-04-18 18:24:18,dine_in,,apple_pay,completed
1016551,2,317,2026-04-18 18:24:21,takeout,,gift_card,completed
1016552,14,2277,2026-04-18 18:25:20,delivery,,apple_pay,completed
1016553,12,2273,2026-04-18 18:27:36,dine_in,,cash,completed
1016554,14,,2026-04-18 18:28:47,delivery,,credit_card,completed
1016555,15,554,2026-04-18 18:29:32,takeout,,credit_card,completed
1016556,4,,2026-04-18 18:31:30,,,apple_pay,completed
1016557,6,1977,2026-04-18 18:34:35,delivery,,debit_card,completed
1016558,12,1841,2026-04-18 18:35:33,dine_in,,credit_card,completed
1016559,4,2265,2026-04-18 18:36:26,dine_in,,debit_card,completed
1016560,13,992,2026-04-18 18:37:42,delivery,,credit_card,completed
1016561,10,484,2026-04-18 18:38:55,drive_thru,,credit_card,completed
1016562,2,1382,2026-04-18 18:38:58,delivery,,debit_card,completed
1016563,18,1629,2026-04-18 18:40:43,drive_thru,,cash,completed
1016564,12,2094,2026-04-18 18:41:10,takeout,,credit_card,completed
1016565,14,413,2026-04-18 18:45:06,delivery,,credit_card,completed
1016566,15,2268,2026-04-18 18:46:12,delivery,,credit_card,completed
1016567,14,1774,2026-04-18 18:48:36,drive_thru,,credit_card,completed
1016568,15,1696,2026-04-18 18:50:27,dine_in,,credit_card,completed
1016569,6,,2026-04-18 18:51:52,delivery,,credit_card,completed
1016570,20,,2026-04-18 18:53:20,drive_thru,,debit_card,completed
1016571,14,815,2026-04-18 18:53:46,drive_thru,,credit_card,completed
1016572,3,,2026-04-18 18:56:50,takeout,,cash,completed
1016573,3,1376,2026-04-18 18:56:55,dine_in,,credit_card,completed
1016574,17,408,2026-04-18 18:59:43,delivery,,credit_card,completed
1016575,9,,2026-04-18 19:01:05,drive_thru,,apple_pay,completed
1016576,1,,2026-04-18 19:01:10,dine_in,,debit_card,completed
1016577,14,,2026-04-18 19:02:01,drive_thru,,debit_card,completed
1016578,1,,2026-04-18 19:02:16,delivery,,debit_card,completed
1016579,13,1845,2026-04-18 19:02:46,delivery,,credit_card,completed
1016580,20,,2026-04-18 19:03:06,dine_in,,cash,completed
1016581,2,1580,2026-04-18 19:05:04,dine_in,,credit_card,completed
1016582,2,2174,2026-04-18 19:05:14,dine_in,,credit_card,completed
1016583,19,1931,2026-04-18 19:05:30,drive_thru,,cash,completed
1016584,5,,2026-04-18 19:05:48,takeout,,credit_card,completed
1016585,9,990,2026-04-18 19:09:07,takeout,,credit_card,completed
1016586,10,484,2026-04-18 19:12:48,dine_in,,debit_card,completed
1016587,1,312,2026-04-18 19:13:44,dine_in,,debit_card,completed
1016588,13,,2026-04-18 19:14:16,dine_in,,credit_card,completed
1016589,13,1911,2026-04-18 19:14:19,takeout,,apple_pay,completed
1016590,11,2436,2026-04-18 19:14:25,dine_in,,credit_card,completed
1016591,9,,2026-04-18 19:15:54,drive_thru,,debit_card,completed
1016592,14,577,2026-04-18 19:16:10,dine_in,,credit_card,completed
1016593,19,1900,2026-04-18 19:16:34,delivery,,credit_card,completed
1016594,2,1929,2026-04-18 19:16:35,dine_in,,apple_pay,completed
1016595,1,156,2026-04-18 19:17:40,takeout,,debit_card,completed
1016596,9,990,2026-04-18 19:18:53,dine_in,,gift_card,completed
1016597,11,2499,2026-04-18 19:21:26,delivery,,credit_card,completed
1016598,19,213,2026-04-18 19:22:52,dine_in,,credit_card,completed
1016599,13,1539,2026-04-18 19:22:53,dine_in,,credit_card,completed
1016600,17,1375,2026-04-18 19:23:05,dine_in,,apple_pay,completed
1016601,3,164,2026-04-18 19:23:37,delivery,,credit_card,completed
1016602,12,101,2026-04-18 19:23:59,takeout,,apple_pay,completed
1016603,13,,2026-04-18 19:24:02,dine_in,,credit_card,completed
1016604,8,1475,2026-04-18 19:24:03,dine_in,,debit_card,completed
1016605,11,349,2026-04-18 19:24:39,takeout,,credit_card,completed
1016606,10,1685,2026-04-18 19:24:54,delivery,,credit_card,completed
1016607,14,828,2026-04-18 19:28:00,dine_in,,credit_card,completed
1016608,3,17,2026-04-18 19:30:10,,,credit_card,completed
1016609,15,1913,2026-04-18 19:31:02,dine_in,,cash,completed
1016610,16,,2026-04-18 19:31:08,dine_in,,cash,completed
1016611,20,,2026-04-18 19:31:14,dine_in,,credit_card,completed
1016612,3,,2026-04-18 19:34:52,delivery,,credit_card,completed
1016613,5,810,2026-04-18 19:35:15,drive_thru,,credit_card,completed
1016614,10,,2026-04-18 19:36:05,drive_thru,,credit_card,completed
1016615,14,1768,2026-04-18 19:36:10,delivery,,credit_card,completed
1016616,4,2486,2026-04-18 19:37:21,takeout,,debit_card,completed
1016617,15,,2026-04-18 19:38:35,drive_thru,,debit_card,completed
1016618,15,,2026-04-18 19:40:47,drive_thru,,cash,completed
1016619,8,,2026-04-18 19:41:37,takeout,,debit_card,completed
1016620,3,,2026-04-18 19:42:46,dine_in,,debit_card,completed
1016621,14,,2026-04-18 19:43:34,dine_in,,apple_pay,completed
1016622,8,913,2026-04-18 19:49:46,delivery,,gift_card,completed
1016623,7,,2026-04-18 19:49:59,takeout,,debit_card,completed
1016624,5,1839,2026-04-18 19:53:05,drive_thru,,apple_pay,completed
1016625,9,2220,2026-04-18 19:53:42,delivery,,apple_pay,completed
1016626,10,766,2026-04-18 19:53:51,drive_thru,,apple_pay,completed
1016627,19,80,2026-04-18 19:56:43,delivery,,credit_card,completed
1016628,16,1846,2026-04-18 19:57:03,dine_in,,credit_card,completed
1016629,13,,2026-04-18 20:13:10,dine_in,,credit_card,completed
1016630,6,1580,2026-04-18 20:15:50,dine_in,,credit_card,completed
1016631,17,2496,2026-04-18 20:18:35,dine_in,,debit_card,completed
1016632,12,,2026-04-18 20:21:33,takeout,,credit_card,cancelled
1016633,3,210,2026-04-18 20:24:25,dine_in,,cash,completed
1016634,14,,2026-04-18 20:25:59,dine_in,,apple_pay,completed
1016635,12,1704,2026-04-18 20:31:28,dine_in,,cash,completed
1016636,7,,2026-04-18 20:32:27,delivery,,apple_pay,refunded
1016637,2,1436,2026-04-18 20:33:42,dine_in,,debit_card,completed
1016638,12,,2026-04-18 20:37:19,dine_in,,credit_card,completed
1016639,1,429,2026-04-18 20:40:19,takeout,,debit_card,completed
1016640,1,,2026-04-18 21:04:52,takeout,,debit_card,completed
1016641,14,1279,2026-04-18 21:08:49,drive_thru,,credit_card,refunded
1016642,2,319,2026-04-18 21:41:47,takeout,,cash,completed
1016643,8,287,2026-04-18 21:53:12,takeout,,apple_pay,completed
1016644,11,2380,2026-04-19 10:46:49,dine_in,,debit_card,completed
1016645,3,2363,2026-04-19 10:52:41,dine_in,,apple_pay,completed
1016646,13,1264,2026-04-19 10:58:27,dine_in,,cash,completed
1016647,6,911,2026-04-19 11:02:37,drive_thru,,apple_pay,completed
1016648,19,1724,2026-04-19 11:05:02,drive_thru,,credit_card,completed
1016649,19,657,2026-04-19 11:10:37,dine_in,,credit_card,completed
1016650,2,,2026-04-19 11:15:00,dine_in,,credit_card,completed
1016651,3,,2026-04-19 11:25:40,dine_in,,credit_card,completed
1016652,18,1689,2026-04-19 11:30:14,delivery,,debit_card,cancelled
1016653,14,,2026-04-19 11:36:58,dine_in,,apple_pay,completed
1016654,12,440,2026-04-19 11:38:14,delivery,,credit_card,completed
1016655,1,1909,2026-04-19 11:40:40,dine_in,,credit_card,completed
1016656,3,2082,2026-04-19 11:44:52,dine_in,,credit_card,completed
1016657,18,1769,2026-04-19 11:48:16,delivery,,credit_card,completed
1016658,9,,2026-04-19 11:52:03,delivery,,debit_card,completed
1016659,14,,2026-04-19 11:52:06,takeout,,cash,completed
1016660,6,1791,2026-04-19 11:53:22,drive_thru,,credit_card,completed
1016661,2,2443,2026-04-19 11:56:16,dine_in,,credit_card,completed
1016662,13,,04/19/2026 11:57,takeout,,credit_card,completed
1016663,19,,2026-04-19 11:59:58,takeout,,cash,completed
1016664,8,,2026-04-19 12:00:07,delivery,,credit_card,completed
1016665,10,726,2026-04-19 12:01:38,dine_in,,cash,completed
1016666,10,2343,2026-04-19 12:03:13,drive_thru,,credit_card,completed
1016667,10,1549,2026-04-19 12:05:07,delivery,,apple_pay,completed
1016668,17,612,2026-04-19 12:06:21,takeout,,credit_card,completed
1016669,19,,2026-04-19 12:10:24,delivery,,credit_card,completed
1016670,19,1537,2026-04-19 12:12:31,dine_in,,apple_pay,completed
1016671,16,,2026-04-19 12:13:31,dine_in,,credit_card,completed
1016672,7,,2026-04-19 12:16:21,dine_in,,cash,completed
1016673,8,,2026-04-19 12:17:47,delivery,,credit_card,completed
1016674,8,1117,2026-04-19 12:18:06,takeout,,credit_card,completed
1016675,19,199,2026-04-19 12:22:14,drive_thru,,credit_card,completed
1016676,15,1976,2026-04-19 12:22:39,delivery,,debit_card,completed
1016677,13,2210,2026-04-19 12:24:42,takeout,,apple_pay,completed
1016678,8,,2026-04-19 12:25:02,dine_in,,cash,completed
1016679,16,486,2026-04-19 12:25:45,takeout,,gift_card,completed
1016680,5,926,2026-04-19 12:27:48,takeout,,debit_card,completed
1016681,10,,2026-04-19 12:28:28,delivery,,gift_card,completed
1016682,1,,2026-04-19 12:30:50,takeout,,credit_card,refunded
1016683,6,1195,2026-04-19 12:31:02,takeout,,credit_card,completed
1016684,4,,2026-04-19 12:33:26,takeout,,apple_pay,completed
1016685,8,,2026-04-19 12:36:02,takeout,,credit_card,completed
1016686,8,857,2026-04-19 12:36:55,dine_in,,credit_card,completed
1016687,2,,2026-04-19 12:39:19,takeout,,credit_card,completed
1016688,5,143,2026-04-19 12:42:39,takeout,,credit_card,completed
1016689,4,,2026-04-19 12:43:50,drive_thru,,credit_card,completed
1016690,11,,2026-04-19 12:45:16,delivery,,apple_pay,completed
1016691,16,,2026-04-19 12:52:51,delivery,,gift_card,completed
1016692,9,1623,2026-04-19 12:54:43,drive_thru,,cash,refunded
1016693,5,462,2026-04-19 12:54:49,drive_thru,,credit_card,completed
1016694,3,1097,2026-04-19 12:57:06,takeout,,debit_card,completed
1016695,15,,2026-04-19 12:58:43,drive_thru,,credit_card,completed
1016696,5,2495,2026-04-19 13:00:58,takeout,,gift_card,completed
1016697,8,854,2026-04-19 13:01:02,delivery,,debit_card,completed
1016698,17,1146,2026-04-19 13:02:18,delivery,,credit_card,completed
1016699,11,1602,2026-04-19 13:06:43,drive_thru,,debit_card,completed
1016700,9,1995,2026-04-19 13:07:13,drive_thru,,credit_card,completed
1016701,4,,2026-04-19 13:07:43,drive_thru,,debit_card,completed
1016702,18,1893,2026-04-19 13:08:11,dine_in,,debit_card,completed
1016703,16,,2026-04-19 13:09:00,takeout,,credit_card,completed
1016704,1,821,2026-04-19 13:09:31,dine_in,,debit_card,completed
1016705,6,1778,2026-04-19 13:09:42,takeout,,debit_card,completed
1016706,11,,2026-04-19 13:11:43,takeout,,credit_card,completed
1016707,13,,2026-04-19 13:17:12,dine_in,,credit_card,completed
1016708,8,,2026-04-19 13:17:13,dine_in,,cash,completed
1016709,4,,2026-04-19 13:19:53,delivery,,apple_pay,completed
1016710,10,2284,2026-04-19 13:21:30,dine_in,,credit_card,completed
1016711,17,,2026-04-19 13:31:15,dine_in,,debit_card,completed
1016712,10,,2026-04-19 13:31:46,drive_thru,,credit_card,completed
1016713,13,,2026-04-19 13:32:08,takeout,,cash,completed
1016714,19,1365,2026-04-19 13:32:09,dine_in,,gift_card,completed
1016715,14,,2026-04-19 13:36:03,delivery,,debit_card,completed
1016716,7,,2026-04-19 13:46:12,takeout,,cash,completed
1016717,16,,2026-04-19 14:01:55,dine_in,,credit_card,completed
1016718,2,109,2026-04-19 14:11:54,dine_in,,cash,completed
1016719,14,1727,2026-04-19 14:15:27,drive_thru,,cash,completed
1016720,5,2462,2026-04-19 14:33:50,drive_thru,,cash,completed
1016721,10,1301,2026-04-19 14:35:34,delivery,,credit_card,completed
1016722,3,248,04/19/2026 15:19,delivery,,debit_card,completed
1016723,10,2343,2026-04-19 15:55:51,delivery,,credit_card,refunded
1016724,7,,2026-04-19 16:10:26,dine_in,,credit_card,completed
1016725,5,2080,2026-04-19 16:32:35,takeout,,cash,completed
1016726,7,645,2026-04-19 16:56:12,takeout,,credit_card,completed
1016727,8,1962,2026-04-19 17:04:57,takeout,,credit_card,completed
1016728,10,121,2026-04-19 17:08:31,drive_thru,,credit_card,completed
1016729,15,,2026-04-19 17:39:30,drive_thru,,credit_card,completed
1016730,19,1724,2026-04-19 17:57:24,dine_in,,credit_card,completed
1016731,9,1338,2026-04-19 18:01:02,drive_thru,,credit_card,completed
1016732,17,1147,2026-04-19 18:02:14,takeout,,debit_card,refunded
1016733,9,,2026-04-19 18:02:24,dine_in,,gift_card,completed
1016734,14,815,2026-04-19 18:04:03,drive_thru,,debit_card,completed
1016735,6,,2026-04-19 18:04:56,drive_thru,,gift_card,completed
1016736,16,970,2026-04-19 18:10:01,dine_in,,credit_card,completed
1016737,14,471,2026-04-19 18:13:58,dine_in,,debit_card,completed
1016738,13,324,2026-04-19 18:15:11,takeout,,credit_card,completed
1016739,19,,2026-04-19 18:20:50,takeout,,cash,completed
1016740,17,1332,2026-04-19 18:22:24,takeout,,debit_card,completed
1016741,14,,2026-04-19 18:24:51,delivery,,credit_card,completed
1016742,4,1743,2026-04-19 18:27:06,takeout,,debit_card,completed
1016743,14,2277,2026-04-19 18:30:53,takeout,,credit_card,completed
1016744,3,898,2026-04-19 18:36:42,takeout,,credit_card,completed
1016745,6,785,2026-04-19 18:36:45,drive_thru,,credit_card,completed
1016746,11,2454,2026-04-19 18:37:51,takeout,,credit_card,completed
1016747,6,1714,2026-04-19 18:38:33,takeout,,credit_card,refunded
1016748,20,,2026-04-19 18:45:17,drive_thru,,cash,completed
1016749,2,1938,2026-04-19 18:46:18,delivery,,debit_card,completed
1016750,3,2379,2026-04-19 18:47:21,dine_in,,credit_card,completed
1016751,5,2362,2026-04-19 18:47:51,dine_in,,credit_card,completed
1016752,2,,2026-04-19 18:51:11,delivery,,debit_card,completed
1016753,9,1239,2026-04-19 18:51:18,drive_thru,,debit_card,completed
1016754,14,471,2026-04-19 18:51:19,delivery,,debit_card,completed
1016755,18,1612,2026-04-19 18:53:37,dine_in,,credit_card,completed
1016756,11,,2026-04-19 18:55:11,dine_in,,credit_card,completed
1016757,4,2308,2026-04-19 18:56:11,drive_thru,,cash,completed
1016758,13,1731,2026-04-19 18:57:29,delivery,,apple_pay,completed
1016759,6,685,2026-04-19 19:01:43,takeout,,gift_card,completed
1016760,8,,2026-04-19 19:02:56,takeout,,credit_card,completed
1016761,19,320,2026-04-19 19:03:57,drive_thru,,credit_card,completed
1016762,12,1108,2026-04-19 19:04:27,dine_in,,credit_card,completed
1016763,2,444,2026-04-19 19:05:04,takeout,,credit_card,completed
1016764,4,1773,2026-04-19 19:05:48,delivery,,apple_pay,completed
1016765,3,,2026-04-19 19:07:22,dine_in,,apple_pay,completed
1016766,3,2082,2026-04-19 19:07:24,delivery,,debit_card,completed
1016767,10,1802,2026-04-19 19:08:45,drive_thru,,debit_card,completed
1016768,6,662,2026-04-19 19:09:15,dine_in,,gift_card,completed
1016769,10,2425,2026-04-19 19:09:38,drive_thru,,debit_card,completed
1016770,19,2126,2026-04-19 19:11:39,dine_in,,credit_card,completed
1016771,17,1029,2026-04-19 19:11:51,,,credit_card,completed
1016772,6,,2026-04-19 19:13:48,drive_thru,,apple_pay,completed
1016773,1,,2026-04-19 19:16:49,takeout,,debit_card,completed
1016774,16,,2026-04-19 19:17:02,takeout,,credit_card,completed
1016775,9,701,2026-04-19 19:21:38,dine_in,,cash,completed
1016776,2,1356,2026-04-19 19:22:15,delivery,,gift_card,completed
1016777,3,,04/19/2026 19:24,dine_in,,credit_card,completed
1016778,7,812,2026-04-19 19:26:12,takeout,,gift_card,completed
1016779,20,653,2026-04-19 19:27:37,takeout,,apple_pay,completed
1016780,7,,2026-04-19 19:29:18,dine_in,,credit_card,completed
1016781,6,2002,2026-04-19 19:33:17,dine_in,,cash,completed
1016782,15,860,2026-04-19 19:36:15,delivery,,credit_card,completed
1016783,5,1721,2026-04-19 19:36:58,dine_in,,credit_card,completed
1016784,19,1537,2026-04-19 19:38:37,delivery,,credit_card,completed
1016785,16,1762,2026-04-19 19:39:23,dine_in,,credit_card,completed
1016786,3,,2026-04-19 19:40:00,delivery,,debit_card,completed
1016787,15,,2026-04-19 19:45:16,dine_in,,apple_pay,completed
1016788,2,66,2026-04-19 19:46:12,dine_in,,gift_card,completed
1016789,2,541,2026-04-19 19:46:22,takeout,,cash,cancelled
1016790,18,,2026-04-19 19:47:57,dine_in,,credit_card,completed
1016791,6,,2026-04-19 19:50:10,delivery,,credit_card,completed
1016792,5,933,2026-04-19 19:51:05,dine_in,,credit_card,completed
1016793,6,299,2026-04-19 19:55:05,dine_in,,apple_pay,cancelled
1016794,11,938,2026-04-19 19:58:08,delivery,,credit_card,completed
1016795,19,,2026-04-19 19:58:22,delivery,,credit_card,completed
1016796,14,1390,2026-04-19 19:59:23,delivery,,apple_pay,completed
1016797,1,821,2026-04-19 20:08:37,takeout,,apple_pay,completed
1016798,10,,2026-04-19 20:11:42,drive_thru,,credit_card,completed
1016799,2,705,2026-04-19 20:22:32,takeout,,credit_card,completed
1016800,2,749,2026-04-19 20:25:22,takeout,,credit_card,cancelled
1016801,10,1454,2026-04-19 20:27:39,dine_in,,debit_card,completed
1016802,1,748,2026-04-19 20:33:03,delivery,,debit_card,completed
1016803,7,1405,2026-04-19 20:35:35,takeout,,credit_card,completed
1016804,10,1483,2026-04-19 20:46:17,takeout,,credit_card,completed
1016805,12,794,2026-04-19 20:46:38,dine_in,,debit_card,completed
1016806,3,108,2026-04-19 20:53:52,dine_in,,credit_card,completed
1016807,1,2276,2026-04-19 21:24:22,delivery,,credit_card,completed
1016808,19,,2026-04-19 21:46:11,drive_thru,,debit_card,completed
1016809,1,515,2026-04-20 10:50:32,takeout,,credit_card,completed
1016810,16,,2026-04-20 11:11:32,dine_in,,credit_card,completed
1016811,20,,2026-04-20 11:19:05,dine_in,,debit_card,refunded
1016812,20,2339,2026-04-20 11:28:54,dine_in,,cash,completed
1016813,15,514,2026-04-20 11:39:46,dine_in,,credit_card,completed
1016814,9,526,2026-04-20 11:40:54,delivery,,gift_card,completed
1016815,16,,2026-04-20 11:41:03,takeout,,debit_card,completed
1016816,8,,2026-04-20 11:45:02,dine_in,,cash,completed
1016817,5,462,2026-04-20 11:45:29,delivery,,debit_card,completed
1016818,14,44,2026-04-20 11:46:04,delivery,,gift_card,completed
1016819,4,,2026-04-20 11:47:18,delivery,,credit_card,completed
1016820,4,832,2026-04-20 11:49:22,dine_in,,credit_card,completed
1016821,3,,2026-04-20 11:50:57,dine_in,,debit_card,completed
1016822,7,77,2026-04-20 11:52:40,dine_in,,credit_card,completed
1016823,13,471,2026-04-20 11:58:12,delivery,,credit_card,completed
1016824,2,,2026-04-20 12:00:13,dine_in,,credit_card,completed
1016825,3,,2026-04-20 12:04:03,delivery,,debit_card,completed
1016826,9,7,2026-04-20 12:04:03,drive_thru,,credit_card,completed
1016827,5,1666,2026-04-20 12:09:47,dine_in,,debit_card,completed
1016828,19,1419,2026-04-20 12:10:44,takeout,,apple_pay,completed
1016829,1,,2026-04-20 12:10:54,dine_in,,debit_card,completed
1016830,19,,2026-04-20 12:11:47,dine_in,,debit_card,completed
1016831,20,2421,2026-04-20 12:12:56,takeout,,debit_card,completed
1016832,10,,2026-04-20 12:19:02,drive_thru,,debit_card,completed
1016833,15,412,2026-04-20 12:20:58,dine_in,,debit_card,completed
1016834,14,,2026-04-20 12:22:11,dine_in,,credit_card,completed
1016835,15,2372,2026-04-20 12:22:12,dine_in,,cash,completed
1016836,9,1447,2026-04-20 12:24:09,takeout,,debit_card,refunded
1016837,14,,2026-04-20 12:25:15,delivery,,debit_card,completed
1016838,18,684,2026-04-20 12:25:21,takeout,,gift_card,completed
1016839,5,468,2026-04-20 12:26:19,drive_thru,,credit_card,completed
1016840,18,,2026-04-20 12:26:48,drive_thru,,credit_card,completed
1016841,19,,2026-04-20 12:32:09,delivery,,credit_card,completed
1016842,15,,2026-04-20 12:36:01,drive_thru,,credit_card,completed
1016843,14,374,2026-04-20 12:36:39,takeout,,apple_pay,completed
1016844,15,875,2026-04-20 12:38:44,drive_thru,,credit_card,completed
1016845,17,1147,2026-04-20 12:41:15,takeout,,credit_card,completed
1016846,13,1845,2026-04-20 12:42:14,dine_in,,cash,completed
1016847,1,1600,2026-04-20 12:43:03,takeout,,debit_card,completed
1016848,16,1331,2026-04-20 12:46:24,dine_in,,gift_card,completed
1016849,7,1735,2026-04-20 12:53:35,delivery,,credit_card,completed
1016850,4,1964,2026-04-20 12:53:42,delivery,,credit_card,completed
1016851,12,,2026-04-20 12:54:34,,,gift_card,completed
1016852,18,,2026-04-20 12:58:33,delivery,,apple_pay,completed
1016853,16,,2026-04-20 12:58:45,dine_in,,apple_pay,completed
1016854,10,,2026-04-20 13:05:15,dine_in,,credit_card,completed
1016855,2,1133,2026-04-20 13:10:23,dine_in,,gift_card,completed
1016856,8,256,2026-04-20 13:19:26,dine_in,,debit_card,completed
1016857,18,856,2026-04-20 13:26:11,dine_in,,apple_pay,completed
1016858,3,,2026-04-20 13:28:24,dine_in,,credit_card,completed
1016859,2,,2026-04-20 13:28:45,dine_in,,credit_card,completed
1016860,15,914,2026-04-20 13:40:23,delivery,,apple_pay,completed
1016861,17,1079,2026-04-20 13:41:57,dine_in,,debit_card,completed
1016862,4,,2026-04-20 14:26:11,dine_in,,debit_card,completed
1016863,8,,2026-04-20 14:29:16,takeout,,credit_card,completed
1016864,2,317,2026-04-20 14:42:17,dine_in,,cash,completed
1016865,4,1144,2026-04-20 14:50:08,delivery,,credit_card,completed
1016866,3,1099,2026-04-20 14:57:43,dine_in,,credit_card,completed
1016867,17,,2026-04-20 15:11:36,delivery,,gift_card,completed
1016868,7,1305,2026-04-20 15:40:50,dine_in,,apple_pay,completed
1016869,15,,2026-04-20 16:23:17,delivery,,apple_pay,completed
1016870,11,1148,2026-04-20 16:48:12,delivery,,gift_card,completed
1016871,16,36,2026-04-20 17:30:51,dine_in,,debit_card,completed
1016872,17,1147,2026-04-20 17:31:00,dine_in,,apple_pay,completed
1016873,18,607,2026-04-20 17:37:49,takeout,,debit_card,completed
1016874,19,,2026-04-20 17:39:04,dine_in,,credit_card,completed
1016875,3,2099,2026-04-20 17:49:00,dine_in,,debit_card,completed
1016876,7,2033,2026-04-20 17:53:41,dine_in,,credit_card,completed
1016877,20,1559,2026-04-20 18:05:09,drive_thru,,cash,completed
1016878,3,210,2026-04-20 18:05:22,takeout,,credit_card,completed
1016879,12,,2026-04-20 18:08:16,takeout,,credit_card,completed
1016880,19,1427,2026-04-20 18:10:11,dine_in,,credit_card,completed
1016881,8,,2026-04-20 18:14:58,dine_in,,apple_pay,completed
1016882,7,,2026-04-20 18:15:27,delivery,,credit_card,completed
1016883,19,2465,2026-04-20 18:17:01,delivery,,credit_card,completed
1016884,2,,2026-04-20 18:20:43,dine_in,,cash,completed
1016885,8,2428,2026-04-20 18:20:48,dine_in,,apple_pay,completed
1016886,4,879,2026-04-20 18:23:07,dine_in,,cash,completed
1016887,6,6,2026-04-20 18:25:21,delivery,,apple_pay,completed
1016888,10,,2026-04-20 18:32:45,delivery,,debit_card,completed
1016889,20,653,2026-04-20 18:32:49,delivery,,credit_card,completed
1016890,14,,2026-04-20 18:34:26,dine_in,,credit_card,completed
1016891,1,2102,2026-04-20 18:35:39,delivery,,gift_card,completed
1016892,13,,2026-04-20 18:37:42,dine_in,,cash,completed
1016893,10,,2026-04-20 18:43:18,delivery,,credit_card,completed
1016894,17,1477,2026-04-20 18:43:49,dine_in,,credit_card,completed
1016895,12,2172,2026-04-20 18:44:01,dine_in,,gift_card,completed
1016896,15,2420,2026-04-20 18:47:48,drive_thru,,apple_pay,completed
1016897,4,,2026-04-20 18:49:36,drive_thru,,credit_card,completed
1016898,5,2004,2026-04-20 18:52:16,delivery,,credit_card,completed
1016899,2,1471,2026-04-20 18:54:14,delivery,,credit_card,completed
1016900,19,320,2026-04-20 18:56:42,takeout,,cash,completed
1016901,9,2105,2026-04-20 18:58:54,dine_in,,apple_pay,completed
1016902,5,,2026-04-20 19:00:35,delivery,,credit_card,completed
1016903,7,1350,2026-04-20 19:00:52,dine_in,,cash,completed
1016904,10,18,2026-04-20 19:01:12,delivery,,credit_card,completed
1016905,9,,2026-04-20 19:02:54,drive_thru,,credit_card,completed
1016906,12,1941,2026-04-20 19:03:05,dine_in,,credit_card,completed
1016907,8,,04/20/2026 19:03,dine_in,,cash,completed
1016908,1,1634,2026-04-20 19:06:05,dine_in,,gift_card,completed
1016909,3,2359,2026-04-20 19:06:14,takeout,,debit_card,completed
1016910,19,,2026-04-20 19:06:37,delivery,,credit_card,completed
1016911,5,2354,2026-04-20 19:09:12,delivery,,debit_card,completed
1016912,10,,2026-04-20 19:09:55,dine_in,,apple_pay,completed
1016913,17,1650,2026-04-20 19:10:39,delivery,,credit_card,completed
1016914,16,2484,2026-04-20 19:14:13,dine_in,,apple_pay,completed
1016915,6,1334,2026-04-20 19:22:59,delivery,,debit_card,completed
1016916,3,2463,2026-04-20 19:24:16,takeout,,cash,completed
1016917,3,749,2026-04-20 19:30:11,takeout,,credit_card,completed
1016918,8,2466,2026-04-20 19:30:35,takeout,,apple_pay,completed
1016919,10,,2026-04-20 19:30:40,takeout,,credit_card,completed
1016920,3,,2026-04-20 19:32:40,takeout,,credit_card,completed
1016921,17,,2026-04-20 19:38:45,takeout,,apple_pay,completed
1016922,4,,2026-04-20 19:39:38,drive_thru,,credit_card,completed
1016923,1,739,2026-04-20 19:39:57,takeout,,credit_card,completed
1016924,19,,2026-04-20 19:42:51,dine_in,,cash,completed
1016925,20,,2026-04-20 19:48:33,dine_in,,debit_card,completed
1016926,13,1862,2026-04-20 19:53:01,dine_in,,credit_card,completed
1016927,10,1810,2026-04-20 19:54:18,takeout,,debit_card,completed
1016928,20,1336,2026-04-20 19:54:45,drive_thru,,credit_card,completed
1016929,6,494,2026-04-20 20:06:26,drive_thru,,debit_card,completed
1016930,18,557,2026-04-20 20:11:11,drive_thru,,debit_card,refunded
1016931,8,1574,2026-04-20 20:11:46,delivery,,credit_card,completed
1016932,14,1576,2026-04-20 20:14:20,delivery,,credit_card,completed
1016933,12,2375,2026-04-20 20:16:28,takeout,,credit_card,completed
1016934,2,,2026-04-20 20:16:35,dine_in,,debit_card,completed
1016935,6,1569,2026-04-20 20:27:14,dine_in,,cash,completed
1016936,4,,2026-04-20 20:34:08,dine_in,,apple_pay,completed
1016937,8,,2026-04-20 20:42:07,dine_in,,credit_card,completed
1016938,14,1199,2026-04-20 21:08:46,dine_in,,credit_card,completed
1016939,17,1079,2026-04-20 21:50:22,,,credit_card,completed
1016940,1,2177,2026-04-21 10:42:31,dine_in,,credit_card,completed
1016941,1,,2026-04-21 10:50:13,,,cash,completed
1016942,8,667,2026-04-21 10:58:33,dine_in,,cash,completed
1016943,6,,2026-04-21 11:09:14,dine_in,,credit_card,completed
1016944,20,960,2026-04-21 11:11:10,takeout,,credit_card,completed
1016945,12,,2026-04-21 11:14:07,delivery,,credit_card,completed
1016946,17,,2026-04-21 11:24:17,delivery,,apple_pay,completed
1016947,4,,2026-04-21 11:42:05,dine_in,,credit_card,completed
1016948,10,2153,2026-04-21 11:44:16,dine_in,,gift_card,completed
1016949,13,2490,2026-04-21 11:44:53,dine_in,,gift_card,completed
1016950,3,2032,2026-04-21 11:46:59,dine_in,,cash,completed
1016951,17,2254,2026-04-21 11:52:51,dine_in,,cash,completed
1016952,14,,2026-04-21 11:53:10,drive_thru,,cash,completed
1016953,16,1889,2026-04-21 12:01:56,dine_in,,credit_card,completed
1016954,12,2172,2026-04-21 12:04:46,dine_in,,debit_card,completed
1016955,6,1033,2026-04-21 12:06:16,dine_in,,credit_card,completed
1016956,11,,2026-04-21 12:07:55,takeout,,credit_card,completed
1016957,17,1285,2026-04-21 12:12:23,dine_in,,credit_card,refunded
1016958,7,2218,2026-04-21 12:13:01,dine_in,,cash,completed
1016959,12,1945,2026-04-21 12:14:55,takeout,,credit_card,completed
1016960,14,1542,2026-04-21 12:18:42,dine_in,,gift_card,completed
1016961,19,,2026-04-21 12:19:06,drive_thru,,credit_card,completed
1016962,16,410,2026-04-21 12:19:49,dine_in,,credit_card,completed
1016963,11,,2026-04-21 12:20:26,dine_in,,debit_card,completed
1016964,1,2102,2026-04-21 12:22:24,delivery,,gift_card,completed
1016965,9,1760,2026-04-21 12:22:45,delivery,,debit_card,completed
1016966,15,,2026-04-21 12:23:59,drive_thru,,cash,completed
1016967,9,763,2026-04-21 12:26:38,takeout,,credit_card,completed
1016968,16,1331,2026-04-21 12:27:09,delivery,,credit_card,completed
1016969,13,,2026-04-21 12:28:37,delivery,,credit_card,completed
1016970,8,1728,2026-04-21 12:32:39,takeout,,apple_pay,completed
1016971,2,2109,2026-04-21 12:32:44,delivery,,credit_card,completed
1016972,12,757,2026-04-21 12:38:05,takeout,,credit_card,completed
1016973,1,748,2026-04-21 12:39:02,takeout,,debit_card,completed
1016974,2,,2026-04-21 12:41:31,dine_in,,credit_card,completed
1016975,17,612,2026-04-21 12:44:56,dine_in,,credit_card,completed
1016976,13,1613,2026-04-21 12:48:49,takeout,,credit_card,completed
1016977,9,,2026-04-21 12:49:25,dine_in,,credit_card,completed
1016978,11,304,2026-04-21 12:53:47,delivery,,credit_card,completed
1016979,10,,2026-04-21 12:54:25,drive_thru,,debit_card,cancelled
1016980,3,659,2026-04-21 12:54:28,dine_in,,credit_card,completed
1016981,14,1108,2026-04-21 12:57:18,dine_in,,debit_card,completed
1016982,7,,2026-04-21 12:59:03,takeout,,apple_pay,completed
1016983,5,2100,2026-04-21 12:59:58,delivery,,credit_card,completed
1016984,16,1391,2026-04-21 13:02:49,delivery,,debit_card,completed
1016985,13,1481,2026-04-21 13:03:57,takeout,,debit_card,completed
1016986,14,589,2026-04-21 13:04:33,dine_in,,credit_card,completed
1016987,11,,2026-04-21 13:05:58,dine_in,,credit_card,completed
1016988,6,,2026-04-21 13:05:59,drive_thru,,debit_card,completed
1016989,1,,2026-04-21 13:07:46,delivery,,credit_card,completed
1016990,12,757,2026-04-21 13:14:20,takeout,,credit_card,completed
1016991,3,30,2026-04-21 13:16:07,dine_in,,credit_card,completed
1016992,18,2216,2026-04-21 13:17:16,delivery,,credit_card,completed
1016993,14,,2026-04-21 13:18:43,delivery,,gift_card,completed
1016994,15,,2026-04-21 13:23:45,dine_in,,debit_card,completed
1016995,2,,2026-04-21 13:28:20,takeout,,credit_card,completed
1016996,17,1869,2026-04-21 13:36:11,dine_in,,debit_card,completed
1016997,12,1297,2026-04-21 13:37:17,dine_in,,debit_card,completed
1016998,3,1641,2026-04-21 13:56:23,takeout,,apple_pay,completed
1016999,2,2239,2026-04-21 14:07:35,dine_in,,credit_card,completed
1017000,4,,2026-04-21 14:33:44,delivery,,debit_card,completed
1017001,5,,2026-04-21 15:28:40,drive_thru,,debit_card,completed
1017002,10,628,2026-04-21 15:44:24,drive_thru,,credit_card,completed
1017003,15,,2026-04-21 15:45:26,drive_thru,,gift_card,completed
1017004,12,,2026-04-21 16:34:42,dine_in,,credit_card,completed
1017005,12,1181,2026-04-21 17:25:39,delivery,,apple_pay,completed
1017006,7,,2026-04-21 17:38:45,takeout,,credit_card,completed
1017007,19,756,2026-04-21 17:49:20,dine_in,,cash,completed
1017008,15,,2026-04-21 17:54:01,drive_thru,,credit_card,completed
1017009,18,81,2026-04-21 18:05:20,dine_in,,debit_card,completed
1017010,1,1723,2026-04-21 18:05:41,dine_in,,apple_pay,completed
1017011,10,,2026-04-21 18:07:04,drive_thru,,apple_pay,completed
1017012,19,1573,2026-04-21 18:11:18,takeout,,cash,completed
1017013,7,,2026-04-21 18:14:14,delivery,,apple_pay,completed
1017014,17,1055,2026-04-21 18:17:43,dine_in,,credit_card,completed
1017015,1,821,2026-04-21 18:19:10,,,credit_card,completed
1017016,15,1621,2026-04-21 18:23:03,delivery,,gift_card,completed
1017017,11,1398,2026-04-21 18:25:59,takeout,,credit_card,completed
1017018,17,2120,2026-04-21 18:36:50,delivery,,credit_card,completed
1017019,13,,2026-04-21 18:41:50,delivery,,credit_card,completed
1017020,2,310,2026-04-21 18:42:28,delivery,,apple_pay,completed
1017021,6,774,2026-04-21 18:43:40,delivery,,gift_card,completed
1017022,1,663,2026-04-21 18:48:47,dine_in,,credit_card,completed
1017023,9,2005,2026-04-21 18:49:59,drive_thru,,credit_card,completed
1017024,16,,2026-04-21 18:52:11,delivery,,debit_card,completed
1017025,3,2079,2026-04-21 18:52:20,dine_in,,credit_card,completed
1017026,6,595,2026-04-21 19:01:11,drive_thru,,apple_pay,completed
1017027,19,,2026-04-21 19:05:20,delivery,,credit_card,completed
1017028,15,963,2026-04-21 19:06:37,dine_in,,credit_card,completed
1017029,11,,2026-04-21 19:07:08,drive_thru,,credit_card,completed
1017030,19,,2026-04-21 19:09:27,takeout,,apple_pay,completed
1017031,17,131,2026-04-21 19:10:23,dine_in,,credit_card,completed
1017032,19,1411,2026-04-21 19:14:49,dine_in,,credit_card,refunded
1017033,19,,2026-04-21 19:15:16,dine_in,,credit_card,completed
1017034,10,1901,2026-04-21 19:15:32,takeout,,credit_card,completed
1017035,4,,2026-04-21 19:15:49,takeout,,credit_card,completed
1017036,14,35,2026-04-21 19:16:51,dine_in,,apple_pay,cancelled
1017037,16,,2026-04-21 19:17:20,takeout,,apple_pay,completed
1017038,13,1072,2026-04-21 19:23:26,dine_in,,cash,completed
1017039,11,,2026-04-21 19:25:10,delivery,,credit_card,completed
1017040,1,2347,04/21/2026 19:27,dine_in,,debit_card,completed
1017041,19,668,2026-04-21 19:28:19,dine_in,,cash,completed
1017042,1,708,2026-04-21 19:28:26,dine_in,,credit_card,completed
1017043,15,1727,2026-04-21 19:32:36,drive_thru,,debit_card,cancelled
1017044,19,,2026-04-21 19:35:29,drive_thru,,debit_card,refunded
1017045,3,,2026-04-21 19:35:49,dine_in,,apple_pay,completed
1017046,17,1948,2026-04-21 19:36:41,dine_in,,debit_card,completed
1017047,17,2163,2026-04-21 19:38:45,takeout,,gift_card,completed
1017048,13,1972,2026-04-21 19:40:24,dine_in,,credit_card,completed
1017049,2,715,2026-04-21 19:40:42,dine_in,,debit_card,completed
1017050,1,,2026-04-21 19:41:36,takeout,,debit_card,completed
1017051,16,2167,2026-04-21 19:42:34,dine_in,,credit_card,completed
1017052,4,1443,04/21/2026 19:42,drive_thru,,credit_card,completed
1017053,6,,2026-04-21 19:46:54,dine_in,,debit_card,completed
1017054,13,1911,2026-04-21 19:48:29,takeout,,debit_card,completed
1017055,16,,2026-04-21 19:48:52,,,credit_card,completed
1017056,1,1548,2026-04-21 19:50:10,takeout,,cash,completed
1017057,18,1469,2026-04-21 19:50:40,drive_thru,,gift_card,completed
1017058,15,1293,2026-04-21 20:04:24,takeout,,credit_card,completed
1017059,19,,2026-04-21 20:19:37,dine_in,,apple_pay,completed
1017060,1,2110,2026-04-21 20:22:16,dine_in,,apple_pay,completed
1017061,4,1814,2026-04-21 20:39:17,dine_in,,debit_card,completed
1017062,12,,2026-04-21 20:48:56,delivery,,debit_card,completed
1017063,19,1889,2026-04-21 21:18:50,delivery,,credit_card,completed
1017064,8,,2026-04-21 21:20:29,dine_in,,apple_pay,completed
1017065,7,737,2026-04-21 21:37:08,delivery,,apple_pay,completed
1017066,7,,2026-04-22 10:52:37,dine_in,,credit_card,completed
1017067,12,514,2026-04-22 11:05:07,takeout,,credit_card,completed
1017068,1,250,2026-04-22 11:09:43,delivery,,credit_card,completed
1017069,16,,2026-04-22 11:12:38,takeout,,credit_card,completed
1017070,20,2421,2026-04-22 11:14:21,delivery,,credit_card,completed
1017071,10,2343,2026-04-22 11:18:04,delivery,,credit_card,completed
1017072,3,,04/22/2026 11:19,delivery,,credit_card,completed
1017073,5,1448,2026-04-22 11:24:55,dine_in,,debit_card,completed
1017074,9,591,2026-04-22 11:26:54,takeout,,credit_card,completed
1017075,18,,2026-04-22 11:31:26,dine_in,,apple_pay,completed
1017076,8,1789,2026-04-22 11:41:50,takeout,,credit_card,cancelled
1017077,19,1394,2026-04-22 11:43:43,delivery,,debit_card,completed
1017078,12,2085,2026-04-22 11:50:58,dine_in,,debit_card,completed
1017079,14,,2026-04-22 11:57:38,delivery,,credit_card,completed
1017080,12,,2026-04-22 11:58:56,delivery,,apple_pay,completed
1017081,18,1399,2026-04-22 12:00:25,drive_thru,,cash,completed
1017082,6,879,2026-04-22 12:04:51,delivery,,debit_card,completed
1017083,14,2249,2026-04-22 12:05:16,delivery,,credit_card,completed
1017084,9,,2026-04-22 12:06:47,takeout,,credit_card,completed
1017085,15,1674,2026-04-22 12:08:59,dine_in,,apple_pay,completed
1017086,17,,2026-04-22 12:11:30,,,apple_pay,completed
1017087,16,,2026-04-22 12:12:41,takeout,,debit_card,completed
1017088,5,407,2026-04-22 12:12:45,takeout,,credit_card,completed
1017089,13,,2026-04-22 12:14:05,delivery,,credit_card,completed
1017090,10,,2026-04-22 12:14:06,dine_in,,gift_card,completed
1017091,8,1479,2026-04-22 12:15:27,delivery,,credit_card,completed
1017092,15,1797,2026-04-22 12:19:32,takeout,,credit_card,refunded
1017093,17,,2026-04-22 12:20:48,dine_in,,credit_card,completed
1017094,4,865,2026-04-22 12:22:08,takeout,,credit_card,completed
1017095,5,,2026-04-22 12:22:28,delivery,,apple_pay,completed
1017096,6,153,2026-04-22 12:24:18,dine_in,,credit_card,completed
1017097,18,482,2026-04-22 12:25:54,delivery,,credit_card,completed
1017098,15,,2026-04-22 12:27:02,delivery,,credit_card,completed
1017099,4,1601,2026-04-22 12:28:06,drive_thru,,cash,completed
1017100,4,,2026-04-22 12:31:37,takeout,,credit_card,completed
1017101,14,471,2026-04-22 12:31:43,takeout,,apple_pay,completed
1017102,2,,2026-04-22 12:32:00,takeout,,apple_pay,completed
1017103,16,,2026-04-22 12:33:34,takeout,,credit_card,completed
1017104,12,115,2026-04-22 12:35:02,takeout,,cash,completed
1017105,12,,2026-04-22 12:38:25,dine_in,,credit_card,completed
1017106,9,286,2026-04-22 12:39:05,dine_in,,credit_card,completed
1017107,20,,2026-04-22 12:40:14,dine_in,,cash,completed
1017108,10,,2026-04-22 12:40:48,delivery,,credit_card,completed
1017109,3,,2026-04-22 12:42:37,dine_in,,credit_card,cancelled
1017110,18,350,2026-04-22 12:43:16,dine_in,,debit_card,completed
1017111,13,2210,2026-04-22 12:44:49,takeout,,credit_card,completed
1017112,8,,2026-04-22 12:47:05,delivery,,debit_card,completed
1017113,3,,2026-04-22 13:00:03,dine_in,,credit_card,completed
1017114,9,1361,2026-04-22 13:07:39,takeout,,credit_card,completed
1017115,9,2288,2026-04-22 13:08:32,drive_thru,,debit_card,completed
1017116,15,,2026-04-22 13:10:07,delivery,,apple_pay,completed
1017117,15,,2026-04-22 13:10:12,takeout,,cash,completed
1017118,3,,2026-04-22 13:10:26,takeout,,credit_card,cancelled
1017119,6,1556,2026-04-22 13:18:07,drive_thru,,credit_card,completed
1017120,18,,2026-04-22 13:27:03,dine_in,,credit_card,completed
1017121,12,1751,2026-04-22 13:28:28,dine_in,,debit_card,completed
1017122,10,,2026-04-22 13:30:15,takeout,,cash,completed
1017123,2,120,2026-04-22 13:31:50,dine_in,,debit_card,completed
1017124,14,1757,2026-04-22 13:54:54,delivery,,credit_card,completed
1017125,16,80,2026-04-22 14:03:19,dine_in,,credit_card,completed
1017126,14,,2026-04-22 14:32:50,dine_in,,debit_card,completed
1017127,6,75,2026-04-22 14:41:19,dine_in,,apple_pay,completed
1017128,3,1879,2026-04-22 14:44:03,takeout,,credit_card,completed
1017129,14,2086,2026-04-22 15:00:37,dine_in,,credit_card,completed
1017130,1,153,2026-04-22 15:53:49,dine_in,,credit_card,completed
1017131,3,1091,2026-04-22 16:12:11,takeout,,credit_card,completed
1017132,10,1829,2026-04-22 16:15:58,takeout,,gift_card,completed
1017133,4,,2026-04-22 16:45:33,drive_thru,,gift_card,completed
1017134,16,1643,2026-04-22 17:03:18,dine_in,,debit_card,completed
1017135,9,217,2026-04-22 17:13:21,takeout,,cash,completed
1017136,14,1680,2026-04-22 17:23:29,drive_thru,,credit_card,completed
1017137,19,2300,2026-04-22 17:56:24,dine_in,,credit_card,refunded
1017138,6,1334,2026-04-22 18:11:11,delivery,,apple_pay,completed
1017139,17,,2026-04-22 18:15:59,dine_in,,credit_card,completed
1017140,13,1024,2026-04-22 18:17:53,takeout,,credit_card,completed
1017141,18,,2026-04-22 18:18:46,takeout,,credit_card,completed
1017142,4,1506,2026-04-22 18:24:59,dine_in,,cash,completed
1017143,19,150,2026-04-22 18:25:04,dine_in,,debit_card,completed
1017144,6,,2026-04-22 18:25:17,delivery,,gift_card,completed
1017145,17,,2026-04-22 18:26:20,dine_in,,apple_pay,completed
1017146,6,2159,04/22/2026 18:27,dine_in,,apple_pay,completed
1017147,14,646,2026-04-22 18:27:58,takeout,,credit_card,completed
1017148,16,973,2026-04-22 18:30:19,dine_in,,apple_pay,completed
1017149,5,,2026-04-22 18:42:05,drive_thru,,credit_card,completed
1017150,11,1346,2026-04-22 18:42:10,drive_thru,,apple_pay,refunded
1017151,11,,2026-04-22 18:43:50,takeout,,credit_card,completed
1017152,8,667,04/22/2026 18:46,takeout,,apple_pay,completed
1017153,3,2079,2026-04-22 18:47:18,delivery,,debit_card,completed
1017154,7,,2026-04-22 18:49:03,delivery,,debit_card,completed
1017155,17,1055,2026-04-22 18:50:38,takeout,,debit_card,completed
1017156,3,2359,2026-04-22 18:51:51,dine_in,,cash,completed
1017157,18,432,2026-04-22 18:52:22,drive_thru,,credit_card,completed
1017158,7,,2026-04-22 18:53:24,takeout,,cash,completed
1017159,17,,2026-04-22 18:54:02,takeout,,apple_pay,completed
1017160,11,,2026-04-22 19:05:40,delivery,,debit_card,completed
1017161,2,2044,2026-04-22 19:05:42,dine_in,,credit_card,completed
1017162,19,,2026-04-22 19:05:48,dine_in,,apple_pay,completed
1017163,12,1308,2026-04-22 19:06:33,dine_in,,credit_card,refunded
1017164,8,,2026-04-22 19:07:06,dine_in,,credit_card,completed
1017165,17,,2026-04-22 19:07:25,dine_in,,credit_card,refunded
1017166,6,1938,2026-04-22 19:11:35,dine_in,,apple_pay,completed
1017167,6,1501,2026-04-22 19:14:12,takeout,,apple_pay,completed
1017168,6,,2026-04-22 19:15:59,delivery,,apple_pay,completed
1017169,17,,2026-04-22 19:16:19,dine_in,,apple_pay,completed
1017170,13,280,2026-04-22 19:17:09,takeout,,apple_pay,completed
1017171,8,,2026-04-22 19:20:01,delivery,,debit_card,completed
1017172,15,94,2026-04-22 19:26:03,delivery,,credit_card,completed
1017173,7,,2026-04-22 19:29:21,delivery,,credit_card,completed
1017174,3,108,2026-04-22 19:29:45,delivery,,apple_pay,completed
1017175,7,14,2026-04-22 19:35:06,dine_in,,credit_card,completed
1017176,16,945,2026-04-22 19:41:14,takeout,,credit_card,completed
1017177,19,1573,2026-04-22 19:54:03,dine_in,,credit_card,completed
1017178,6,1857,2026-04-22 19:57:00,takeout,,debit_card,completed
1017179,2,1821,2026-04-22 19:58:29,dine_in,,cash,completed
1017180,17,2120,2026-04-22 20:05:34,dine_in,,cash,completed
1017181,14,,2026-04-22 20:08:32,delivery,,credit_card,completed
1017182,13,2228,2026-04-22 20:09:49,,,cash,refunded
1017183,1,1701,2026-04-22 20:10:25,takeout,,debit_card,completed
1017184,13,,2026-04-22 20:22:54,takeout,,credit_card,completed
1017185,5,1956,2026-04-22 20:29:14,delivery,,apple_pay,completed
1017186,1,,2026-04-22 20:36:44,dine_in,,apple_pay,completed
1017187,20,,2026-04-22 20:52:50,dine_in,,debit_card,completed
1017188,15,,2026-04-22 20:54:08,delivery,,debit_card,completed
1017189,5,933,2026-04-22 21:02:22,delivery,,credit_card,completed
1017190,13,2210,2026-04-22 21:52:30,takeout,,credit_card,completed
1017191,17,552,2026-04-23 10:54:15,dine_in,,debit_card,completed
1017192,6,1232,2026-04-23 11:03:57,drive_thru,,gift_card,completed
1017193,19,,2026-04-23 11:10:57,takeout,,apple_pay,completed
1017194,8,2459,2026-04-23 11:23:46,dine_in,,cash,completed
1017195,10,,2026-04-23 11:27:59,takeout,,credit_card,completed
1017196,14,,2026-04-23 11:32:04,dine_in,,credit_card,completed
1017197,11,1148,2026-04-23 11:35:24,delivery,,credit_card,completed
1017198,10,364,2026-04-23 11:37:13,drive_thru,,gift_card,completed
1017199,20,1559,2026-04-23 11:40:04,takeout,,credit_card,refunded
1017200,14,309,2026-04-23 11:44:02,dine_in,,apple_pay,completed
1017201,8,,2026-04-23 11:46:57,dine_in,,credit_card,completed
1017202,9,,2026-04-23 11:47:58,dine_in,,credit_card,completed
1017203,3,369,2026-04-23 11:52:25,takeout,,credit_card,completed
1017204,8,52,2026-04-23 11:58:24,dine_in,,debit_card,completed
1017205,4,,2026-04-23 12:00:43,dine_in,,debit_card,completed
1017206,2,2399,2026-04-23 12:03:48,dine_in,,credit_card,completed
1017207,8,,2026-04-23 12:07:32,delivery,,apple_pay,completed
1017208,10,1685,2026-04-23 12:09:19,dine_in,,credit_card,completed
1017209,15,2253,2026-04-23 12:09:43,delivery,,debit_card,completed
1017210,3,173,2026-04-23 12:12:45,dine_in,,debit_card,completed
1017211,16,,2026-04-23 12:12:51,delivery,,credit_card,completed
1017212,16,647,2026-04-23 12:14:20,takeout,,credit_card,completed
1017213,9,,2026-04-23 12:17:14,dine_in,,gift_card,completed
1017214,11,,2026-04-23 12:17:22,dine_in,,apple_pay,completed
1017215,3,785,2026-04-23 12:17:44,dine_in,,apple_pay,cancelled
1017216,6,456,2026-04-23 12:18:47,dine_in,,credit_card,completed
1017217,16,90,2026-04-23 12:19:55,takeout,,debit_card,completed
1017218,20,2088,2026-04-23 12:20:32,drive_thru,,cash,cancelled
1017219,17,,2026-04-23 12:22:19,takeout,,debit_card,completed
1017220,5,1619,2026-04-23 12:22:48,takeout,,apple_pay,completed
1017221,2,926,2026-04-23 12:23:32,dine_in,,debit_card,completed
1017222,20,,2026-04-23 12:28:12,delivery,,apple_pay,completed
1017223,16,,2026-04-23 12:29:58,dine_in,,apple_pay,completed
1017224,9,129,2026-04-23 12:32:27,dine_in,,credit_card,completed
1017225,14,195,2026-04-23 12:36:07,drive_thru,,credit_card,completed
1017226,8,2334,2026-04-23 12:36:23,dine_in,,credit_card,completed
1017227,8,,2026-04-23 12:37:34,dine_in,,credit_card,completed
1017228,14,1542,2026-04-23 12:37:36,drive_thru,,debit_card,completed
1017229,10,2395,04/23/2026 12:42,drive_thru,,cash,completed
1017230,4,879,2026-04-23 12:48:46,takeout,,credit_card,completed
1017231,6,,2026-04-23 12:49:36,takeout,,credit_card,completed
1017232,10,581,2026-04-23 12:51:18,takeout,,credit_card,completed
1017233,8,1617,2026-04-23 12:52:17,dine_in,,debit_card,completed
1017234,12,347,2026-04-23 12:53:13,dine_in,,apple_pay,refunded
1017235,7,1866,2026-04-23 12:54:29,dine_in,,debit_card,completed
1017236,19,,2026-04-23 13:02:50,delivery,,apple_pay,completed
1017237,1,2486,2026-04-23 13:03:28,dine_in,,debit_card,completed
1017238,19,,2026-04-23 13:03:33,drive_thru,,cash,completed
1017239,13,1264,2026-04-23 13:04:59,dine_in,,gift_card,completed
1017240,2,,04/23/2026 13:07,delivery,,debit_card,completed
1017241,10,,2026-04-23 13:07:45,dine_in,,cash,refunded
1017242,15,619,2026-04-23 13:08:31,takeout,,credit_card,completed
1017243,10,1208,2026-04-23 13:08:48,dine_in,,cash,completed
1017244,18,583,2026-04-23 13:13:18,drive_thru,,credit_card,completed
1017245,5,172,2026-04-23 13:19:59,dine_in,,cash,completed
1017246,7,495,2026-04-23 13:25:12,dine_in,,cash,cancelled
1017247,19,,2026-04-23 13:31:16,drive_thru,,credit_card,completed
1017248,14,,2026-04-23 13:35:05,drive_thru,,credit_card,completed
1017249,9,1345,2026-04-23 13:40:57,dine_in,,apple_pay,completed
1017250,15,,2026-04-23 13:43:59,,,credit_card,completed
1017251,2,1408,2026-04-23 13:47:25,dine_in,,apple_pay,completed
1017252,15,1696,2026-04-23 13:48:36,dine_in,,cash,completed
1017253,19,,2026-04-23 13:49:53,drive_thru,,credit_card,completed
1017254,12,,2026-04-23 13:53:02,takeout,,cash,completed
1017255,19,1130,2026-04-23 14:55:50,drive_thru,,credit_card,completed
1017256,4,,2026-04-23 15:15:14,dine_in,,credit_card,completed
1017257,7,,2026-04-23 15:37:28,dine_in,,credit_card,completed
1017258,14,,2026-04-23 15:54:01,takeout,,debit_card,completed
1017259,10,812,2026-04-23 15:59:10,dine_in,,credit_card,completed
1017260,16,,2026-04-23 16:09:38,delivery,,debit_card,completed
1017261,5,808,2026-04-23 16:27:51,takeout,,debit_card,completed
1017262,8,228,2026-04-23 16:43:12,dine_in,,gift_card,completed
1017263,9,,2026-04-23 16:50:43,takeout,,apple_pay,completed
1017264,14,855,2026-04-23 17:02:59,delivery,,credit_card,completed
1017265,19,368,2026-04-23 17:29:22,delivery,,credit_card,completed
1017266,1,,2026-04-23 17:47:35,dine_in,,gift_card,completed
1017267,4,,2026-04-23 17:55:01,drive_thru,,apple_pay,completed
1017268,6,,2026-04-23 17:58:18,takeout,,credit_card,completed
1017269,3,,2026-04-23 18:04:30,delivery,,credit_card,completed
1017270,8,228,2026-04-23 18:13:04,dine_in,,debit_card,completed
1017271,10,,2026-04-23 18:14:15,delivery,,credit_card,completed
1017272,17,936,2026-04-23 18:15:32,dine_in,,credit_card,completed
1017273,6,1951,2026-04-23 18:18:08,dine_in,,credit_card,completed
1017274,3,1211,2026-04-23 18:19:45,dine_in,,credit_card,completed
1017275,2,,2026-04-23 18:22:37,takeout,,credit_card,completed
1017276,2,528,2026-04-23 18:22:56,dine_in,,credit_card,completed
1017277,4,865,2026-04-23 18:26:53,drive_thru,,gift_card,completed
1017278,6,,2026-04-23 18:27:28,takeout,,credit_card,completed
1017279,3,,2026-04-23 18:32:22,dine_in,,credit_card,completed
1017280,7,2068,2026-04-23 18:33:01,takeout,,credit_card,completed
1017281,4,2308,2026-04-23 18:33:09,delivery,,credit_card,completed
1017282,17,1979,2026-04-23 18:33:32,takeout,,credit_card,completed
1017283,14,1774,2026-04-23 18:34:53,dine_in,,apple_pay,completed
1017284,13,,2026-04-23 18:34:57,dine_in,,credit_card,completed
1017285,17,,2026-04-23 18:36:43,takeout,,debit_card,completed
1017286,19,1352,2026-04-23 18:37:07,drive_thru,,credit_card,completed
1017287,12,1181,2026-04-23 18:38:47,dine_in,,cash,completed
1017288,2,468,2026-04-23 18:41:33,dine_in,,credit_card,completed
1017289,8,1440,2026-04-23 18:45:57,dine_in,,cash,completed
1017290,12,2309,2026-04-23 18:47:14,dine_in,,gift_card,completed
1017291,15,,2026-04-23 18:47:33,dine_in,,cash,completed
1017292,2,,2026-04-23 18:49:30,dine_in,,credit_card,completed
1017293,20,,2026-04-23 18:50:02,delivery,,debit_card,completed
1017294,2,,2026-04-23 18:53:31,dine_in,,gift_card,completed
1017295,14,413,2026-04-23 18:55:15,delivery,,credit_card,completed
1017296,12,43,2026-04-23 18:55:20,,,cash,completed
1017297,6,425,2026-04-23 18:57:36,takeout,,credit_card,cancelled
1017298,6,,2026-04-23 18:59:12,dine_in,,credit_card,completed
1017299,12,1288,2026-04-23 19:00:24,dine_in,,debit_card,completed
1017300,18,276,2026-04-23 19:01:59,dine_in,,credit_card,completed
1017301,7,,2026-04-23 19:02:18,dine_in,,credit_card,completed
1017302,1,,2026-04-23 19:10:09,dine_in,,debit_card,completed
1017303,15,1713,2026-04-23 19:12:07,dine_in,,debit_card,completed
1017304,4,569,2026-04-23 19:14:04,dine_in,,credit_card,completed
1017305,16,,2026-04-23 19:14:53,takeout,,apple_pay,completed
1017306,2,,2026-04-23 19:17:17,takeout,,apple_pay,completed
1017307,15,458,2026-04-23 19:19:27,dine_in,,credit_card,completed
1017308,6,193,2026-04-23 19:20:39,drive_thru,,debit_card,completed
1017309,8,986,2026-04-23 19:31:14,takeout,,credit_card,completed
1017310,10,495,2026-04-23 19:32:39,drive_thru,,credit_card,completed
1017311,4,,2026-04-23 19:33:54,drive_thru,,credit_card,completed
1017312,15,,2026-04-23 19:37:13,delivery,,gift_card,completed
1017313,3,829,2026-04-23 19:38:41,takeout,,debit_card,completed
1017314,8,,2026-04-23 19:38:58,delivery,,gift_card,completed
1017315,19,966,2026-04-23 19:40:08,drive_thru,,credit_card,completed
1017316,2,644,2026-04-23 19:43:21,dine_in,,credit_card,completed
1017317,13,1877,2026-04-23 19:44:01,takeout,,credit_card,completed
1017318,5,1633,2026-04-23 19:47:30,dine_in,,debit_card,completed
1017319,4,1025,2026-04-23 19:50:20,delivery,,apple_pay,completed
1017320,5,2495,2026-04-23 19:51:28,drive_thru,,credit_card,completed
1017321,6,2097,2026-04-23 19:55:26,delivery,,credit_card,completed
1017322,20,2339,2026-04-23 19:57:01,dine_in,,debit_card,completed
1017323,13,2431,2026-04-23 20:14:26,dine_in,,cash,completed
1017324,1,219,2026-04-23 20:19:41,dine_in,,debit_card,cancelled
1017325,14,,2026-04-23 20:25:31,drive_thru,,apple_pay,completed
1017326,20,,2026-04-23 20:27:24,drive_thru,,credit_card,completed
1017327,5,906,2026-04-23 20:28:49,dine_in,,apple_pay,completed
1017328,16,,2026-04-23 20:33:53,dine_in,,cash,completed
1017329,6,,2026-04-23 20:34:48,takeout,,debit_card,completed
1017330,4,,2026-04-23 20:36:44,delivery,,gift_card,completed
1017331,12,,2026-04-23 20:39:19,takeout,,credit_card,completed
1017332,8,1526,2026-04-23 20:44:57,delivery,,debit_card,completed
1017333,13,,2026-04-23 20:59:04,delivery,,credit_card,completed
1017334,4,1624,2026-04-23 21:26:46,drive_thru,,credit_card,completed
1017335,18,583,2026-04-24 10:46:36,drive_thru,,credit_card,completed
1017336,6,1496,2026-04-24 11:09:53,drive_thru,,credit_card,completed
1017337,5,,2026-04-24 11:10:12,takeout,,credit_card,refunded
1017338,4,312,2026-04-24 11:23:24,drive_thru,CRAWFRI,credit_card,completed
1017339,8,913,2026-04-24 11:31:15,dine_in,,cash,completed
1017340,12,1234,2026-04-24 11:31:38,dine_in,,apple_pay,completed
1017341,4,,2026-04-24 11:31:46,drive_thru,,apple_pay,refunded
1017342,16,,2026-04-24 11:40:46,dine_in,,credit_card,completed
1017343,1,,2026-04-24 11:45:18,takeout,CRAWFRI,debit_card,completed
1017344,19,1411,2026-04-24 11:48:56,delivery,,credit_card,completed
1017345,13,1826,2026-04-24 11:49:04,dine_in,,cash,completed
1017346,20,1853,2026-04-24 11:54:23,takeout,CRAWFRI,credit_card,completed
1017347,6,,2026-04-24 11:57:59,takeout,CRAWFRI,credit_card,completed
1017348,18,,2026-04-24 12:00:44,delivery,,credit_card,completed
1017349,17,830,2026-04-24 12:05:12,dine_in,,credit_card,completed
1017350,16,822,04/24/2026 12:08,dine_in,,credit_card,completed
1017351,10,,2026-04-24 12:09:51,drive_thru,,apple_pay,completed
1017352,7,2068,2026-04-24 12:12:20,delivery,,credit_card,completed
1017353,1,1061,2026-04-24 12:12:57,dine_in,,credit_card,completed
1017354,13,288,2026-04-24 12:14:53,dine_in,,apple_pay,completed
1017355,2,462,2026-04-24 12:15:09,delivery,CRAWFRI,debit_card,completed
1017356,3,17,2026-04-24 12:15:09,dine_in,,credit_card,completed
1017357,14,2173,2026-04-24 12:18:06,delivery,,apple_pay,refunded
1017358,19,966,2026-04-24 12:18:11,drive_thru,,credit_card,cancelled
1017359,4,,2026-04-24 12:18:53,dine_in,CRAWFRI,apple_pay,completed
1017360,3,2099,2026-04-24 12:19:05,takeout,,gift_card,completed
1017361,9,,2026-04-24 12:19:39,delivery,,credit_card,completed
1017362,18,2267,2026-04-24 12:19:55,drive_thru,,apple_pay,completed
1017363,2,,2026-04-24 12:21:51,,CRAWFRI,cash,completed
1017364,1,1701,2026-04-24 12:22:45,takeout,CRAWFRI,debit_card,completed
1017365,6,,2026-04-24 12:23:32,takeout,CRAWFRI,credit_card,completed
1017366,10,553,2026-04-24 12:27:02,delivery,,gift_card,completed
1017367,6,,2026-04-24 12:27:05,takeout,CRAWFRI,gift_card,completed
1017368,6,510,2026-04-24 12:27:14,dine_in,,cash,completed
1017369,12,,2026-04-24 12:27:59,takeout,,debit_card,completed
1017370,16,,2026-04-24 12:28:08,takeout,,credit_card,completed
1017371,17,610,2026-04-24 12:28:53,dine_in,,gift_card,completed
1017372,16,1579,2026-04-24 12:29:32,delivery,,credit_card,completed
1017373,18,1544,2026-04-24 12:31:58,drive_thru,,credit_card,completed
1017374,16,1078,04/24/2026 12:32,delivery,,credit_card,completed
1017375,16,,2026-04-24 12:33:11,delivery,,credit_card,completed
1017376,6,1165,2026-04-24 12:34:21,dine_in,CRAWFRI,credit_card,completed
1017377,4,2308,2026-04-24 12:34:24,delivery,CRAWFRI,debit_card,completed
1017378,15,2490,2026-04-24 12:37:43,dine_in,,debit_card,completed
1017379,12,1326,2026-04-24 12:42:04,delivery,,credit_card,completed
1017380,11,1363,2026-04-24 12:43:17,delivery,,credit_card,completed
1017381,14,1908,2026-04-24 12:43:50,takeout,,credit_card,completed
1017382,14,,2026-04-24 12:45:01,takeout,,debit_card,completed
1017383,7,2355,2026-04-24 12:45:03,delivery,,credit_card,completed
1017384,3,,2026-04-24 12:45:17,takeout,,apple_pay,completed
1017385,6,,2026-04-24 12:45:25,delivery,CRAWFRI,credit_card,completed
1017386,14,,2026-04-24 12:46:35,dine_in,,credit_card,completed
1017387,3,,2026-04-24 12:47:42,dine_in,CRAWFRI,credit_card,completed
1017388,6,,2026-04-24 12:49:50,delivery,CRAWFRI,apple_pay,completed
1017389,20,,2026-04-24 12:50:11,delivery,,gift_card,completed
1017390,4,1080,2026-04-24 12:50:38,delivery,,credit_card,completed
1017391,16,607,2026-04-24 12:52:16,takeout,,credit_card,completed
1017392,9,,2026-04-24 12:53:30,dine_in,,credit_card,completed
1017393,6,,2026-04-24 12:56:10,delivery,,credit_card,completed
1017394,15,1674,2026-04-24 12:56:27,delivery,,credit_card,completed
1017395,1,,2026-04-24 13:01:17,dine_in,CRAWFRI,credit_card,completed
1017396,17,612,2026-04-24 13:04:22,takeout,,debit_card,completed
1017397,1,746,2026-04-24 13:19:11,dine_in,CRAWFRI,credit_card,completed
1017398,12,,2026-04-24 13:22:13,dine_in,,credit_card,completed
1017399,17,1078,2026-04-24 13:31:24,dine_in,,credit_card,completed
1017400,1,,2026-04-24 13:33:02,delivery,,credit_card,completed
1017401,11,2387,2026-04-24 13:44:21,dine_in,,credit_card,completed
1017402,1,1422,2026-04-24 13:45:17,dine_in,,cash,completed
1017403,1,663,2026-04-24 13:49:41,dine_in,,credit_card,completed
1017404,6,2169,2026-04-24 13:56:48,dine_in,CRAWFRI,credit_card,cancelled
1017405,4,,2026-04-24 14:15:37,delivery,,credit_card,completed
1017406,1,777,2026-04-24 14:16:42,takeout,CRAWFRI,apple_pay,completed
1017407,4,1443,2026-04-24 14:28:46,drive_thru,CRAWFRI,credit_card,completed
1017408,13,345,2026-04-24 14:29:06,dine_in,,debit_card,completed
1017409,6,487,2026-04-24 14:32:19,,,credit_card,completed
1017410,5,1448,2026-04-24 15:03:34,drive_thru,,credit_card,completed
1017411,7,2218,2026-04-24 15:15:53,takeout,,debit_card,completed
1017412,6,595,2026-04-24 15:16:12,takeout,CRAWFRI,credit_card,completed
1017413,17,,2026-04-24 15:17:27,dine_in,,cash,refunded
1017414,19,,2026-04-24 15:46:47,delivery,,credit_card,completed
1017415,9,1338,2026-04-24 15:51:22,delivery,,credit_card,refunded
1017416,6,487,2026-04-24 15:56:25,dine_in,,cash,completed
1017417,2,,2026-04-24 16:19:01,delivery,CRAWFRI,debit_card,completed
1017418,14,,2026-04-24 16:43:07,takeout,,cash,completed
1017419,3,1895,2026-04-24 16:52:26,dine_in,CRAWFRI,credit_card,completed
1017420,6,1033,2026-04-24 17:07:40,takeout,,credit_card,completed
1017421,20,2392,04/24/2026 17:29,delivery,CRAWFRI,credit_card,completed
1017422,8,,2026-04-24 17:32:10,takeout,,debit_card,completed
1017423,10,1454,2026-04-24 17:42:26,delivery,,credit_card,completed
1017424,19,112,2026-04-24 17:46:57,takeout,,debit_card,completed
1017425,5,,2026-04-24 17:48:39,delivery,,credit_card,completed
1017426,6,,2026-04-24 17:48:48,drive_thru,,credit_card,refunded
1017427,6,800,2026-04-24 17:50:23,delivery,,credit_card,completed
1017428,7,,2026-04-24 17:54:51,takeout,,credit_card,completed
1017429,8,2105,2026-04-24 17:56:13,takeout,,debit_card,completed
1017430,13,,2026-04-24 17:57:26,takeout,,credit_card,completed
1017431,14,,2026-04-24 17:58:27,dine_in,,credit_card,refunded
1017432,1,2026,2026-04-24 17:59:05,dine_in,CRAWFRI,debit_card,completed
1017433,8,,2026-04-24 18:00:16,dine_in,,apple_pay,completed
1017434,1,,2026-04-24 18:01:46,takeout,CRAWFRI,apple_pay,completed
1017435,10,302,2026-04-24 18:05:09,delivery,,credit_card,completed
1017436,7,,2026-04-24 18:07:31,dine_in,,credit_card,completed
1017437,2,,2026-04-24 18:10:21,dine_in,,cash,completed
1017438,4,1164,2026-04-24 18:10:43,drive_thru,,credit_card,completed
1017439,20,1936,2026-04-24 18:12:43,dine_in,CRAWFRI,credit_card,completed
1017440,14,446,2026-04-24 18:15:04,delivery,,apple_pay,completed
1017441,12,,2026-04-24 18:15:45,dine_in,,apple_pay,cancelled
1017442,10,15,2026-04-24 18:16:28,dine_in,,gift_card,completed
1017443,2,,2026-04-24 18:16:56,dine_in,CRAWFRI,cash,completed
1017444,14,1908,2026-04-24 18:19:46,drive_thru,,credit_card,completed
1017445,7,2,2026-04-24 18:21:29,dine_in,,credit_card,completed
1017446,12,753,2026-04-24 18:23:47,delivery,,credit_card,completed
1017447,1,2297,2026-04-24 18:24:01,dine_in,,cash,cancelled
1017448,9,,2026-04-24 18:26:19,dine_in,,debit_card,completed
1017449,20,,2026-04-24 18:28:29,delivery,CRAWFRI,credit_card,completed
1017450,18,,2026-04-24 18:30:06,takeout,,debit_card,completed
1017451,20,521,2026-04-24 18:31:17,dine_in,CRAWFRI,cash,completed
1017452,20,879,2026-04-24 18:35:21,dine_in,CRAWFRI,debit_card,completed
1017453,9,1590,2026-04-24 18:35:37,drive_thru,,apple_pay,completed
1017454,15,,2026-04-24 18:39:27,takeout,,credit_card,completed
1017455,18,,2026-04-24 18:39:34,takeout,,credit_card,completed
1017456,4,2077,2026-04-24 18:40:38,drive_thru,CRAWFRI,cash,completed
1017457,8,,2026-04-24 18:41:17,delivery,,credit_card,completed
1017458,8,,2026-04-24 18:44:03,takeout,,credit_card,completed
1017459,1,,2026-04-24 18:44:34,dine_in,,credit_card,completed
1017460,11,,2026-04-24 18:44:43,delivery,,credit_card,completed
1017461,17,,2026-04-24 18:45:33,dine_in,,credit_card,completed
1017462,12,,2026-04-24 18:46:44,dine_in,,apple_pay,completed
1017463,5,2004,2026-04-24 18:46:48,dine_in,CRAWFRI,credit_card,completed
1017464,10,1779,2026-04-24 18:48:37,takeout,,credit_card,completed
1017465,13,886,2026-04-24 18:49:06,dine_in,,apple_pay,completed
1017466,4,,2026-04-24 18:49:49,dine_in,CRAWFRI,cash,completed
1017467,14,,2026-04-24 18:49:49,drive_thru,,apple_pay,completed
1017468,15,,2026-04-24 18:50:03,delivery,,apple_pay,completed
1017469,15,,2026-04-24 18:51:07,takeout,,apple_pay,completed
1017470,2,1790,2026-04-24 18:52:37,dine_in,CRAWFRI,apple_pay,completed
1017471,5,1619,2026-04-24 18:53:30,dine_in,,apple_pay,completed
1017472,5,,2026-04-24 18:54:09,delivery,,credit_card,completed
1017473,14,1657,2026-04-24 18:58:31,delivery,,apple_pay,completed
1017474,15,1067,04/24/2026 19:00,delivery,,debit_card,completed
1017475,12,558,2026-04-24 19:01:31,dine_in,,apple_pay,cancelled
1017476,6,1665,2026-04-24 19:01:32,dine_in,,debit_card,completed
1017477,17,1147,2026-04-24 19:02:16,takeout,,cash,completed
1017478,16,586,2026-04-24 19:04:44,dine_in,,credit_card,completed
1017479,20,1682,2026-04-24 19:04:46,drive_thru,CRAWFRI,cash,completed
1017480,19,,2026-04-24 19:04:57,delivery,,credit_card,completed
1017481,1,,2026-04-24 19:06:41,dine_in,CRAWFRI,apple_pay,completed
1017482,15,,2026-04-24 19:06:56,dine_in,,cash,completed
1017483,6,,04/24/2026 19:09,drive_thru,,credit_card,completed
1017484,2,,2026-04-24 19:10:37,takeout,,credit_card,completed
1017485,14,1614,2026-04-24 19:10:51,takeout,,gift_card,completed
1017486,4,,2026-04-24 19:11:56,takeout,,credit_card,completed
1017487,16,769,2026-04-24 19:12:11,takeout,,debit_card,completed
1017488,15,1713,2026-04-24 19:14:52,takeout,,credit_card,completed
1017489,11,,2026-04-24 19:15:48,delivery,,credit_card,completed
1017490,4,,2026-04-24 19:16:09,dine_in,CRAWFRI,credit_card,completed
1017491,19,2344,2026-04-24 19:16:13,takeout,,credit_card,completed
1017492,2,78,2026-04-24 19:17:17,dine_in,CRAWFRI,cash,completed
1017493,1,1164,2026-04-24 19:17:18,takeout,,credit_card,completed
1017494,7,149,2026-04-24 19:18:23,dine_in,,cash,completed
1017495,20,,2026-04-24 19:19:30,dine_in,,credit_card,completed
1017496,1,,2026-04-24 19:24:07,dine_in,,cash,completed
1017497,1,,2026-04-24 19:35:42,delivery,,credit_card,completed
1017498,16,1149,2026-04-24 19:37:07,dine_in,,apple_pay,completed
1017499,2,,2026-04-24 19:38:12,takeout,,debit_card,completed
1017500,8,,2026-04-24 19:40:29,dine_in,,apple_pay,completed
1017501,19,1265,2026-04-24 19:42:59,drive_thru,,credit_card,completed
1017502,17,520,2026-04-24 19:49:38,takeout,,credit_card,completed
1017503,4,,2026-04-24 19:54:34,drive_thru,,apple_pay,completed
1017504,11,,2026-04-24 19:54:51,takeout,,credit_card,completed
1017505,15,,2026-04-24 19:56:02,takeout,,credit_card,completed
1017506,19,1545,2026-04-24 20:08:07,dine_in,,gift_card,completed
1017507,8,466,2026-04-24 20:16:46,dine_in,,gift_card,completed
1017508,19,1740,2026-04-24 20:18:06,delivery,,credit_card,completed
1017509,3,417,2026-04-24 20:19:01,takeout,,cash,completed
1017510,1,253,2026-04-24 20:20:06,delivery,CRAWFRI,apple_pay,completed
1017511,6,180,2026-04-24 20:31:16,delivery,,credit_card,completed
1017512,4,2262,2026-04-24 20:38:01,drive_thru,,credit_card,completed
1017513,6,1875,2026-04-24 20:43:54,takeout,,cash,completed
1017514,3,193,2026-04-24 20:46:31,dine_in,CRAWFRI,debit_card,completed
1017515,13,,2026-04-24 20:46:46,dine_in,,credit_card,completed
1017516,17,,2026-04-24 20:50:43,delivery,,apple_pay,completed
1017517,6,2439,2026-04-24 20:59:02,takeout,,credit_card,completed
1017518,7,1171,2026-04-24 20:59:50,dine_in,,credit_card,completed
1017519,17,1869,2026-04-24 21:17:12,dine_in,,credit_card,completed
1017520,4,1596,2026-04-24 21:27:58,dine_in,CRAWFRI,debit_card,completed
1017521,20,,2026-04-24 21:39:23,dine_in,,credit_card,completed
1017522,7,,2026-04-25 10:48:38,delivery,,debit_card,completed
1017523,13,2260,2026-04-25 11:13:04,dine_in,,debit_card,completed
1017524,8,,2026-04-25 11:13:30,delivery,,debit_card,completed
1017525,19,1434,2026-04-25 11:17:28,delivery,,apple_pay,completed
1017526,11,,2026-04-25 11:19:37,dine_in,,apple_pay,completed
1017527,10,2068,2026-04-25 11:24:29,delivery,,credit_card,completed
1017528,18,1495,2026-04-25 11:26:10,delivery,,credit_card,refunded
1017529,11,1082,2026-04-25 11:27:43,takeout,,debit_card,completed
1017530,6,1333,2026-04-25 11:28:20,dine_in,,gift_card,completed
1017531,13,1264,2026-04-25 11:29:10,dine_in,,credit_card,completed
1017532,12,,2026-04-25 11:30:44,delivery,,credit_card,completed
1017533,8,,2026-04-25 11:32:55,delivery,,apple_pay,completed
1017534,3,69,2026-04-25 11:33:44,takeout,,credit_card,completed
1017535,2,2404,2026-04-25 11:39:04,delivery,,gift_card,completed
1017536,15,837,2026-04-25 11:40:14,delivery,,debit_card,completed
1017537,2,1210,2026-04-25 11:40:46,takeout,,cash,completed
1017538,2,1096,2026-04-25 11:43:01,dine_in,,credit_card,completed
1017539,14,367,2026-04-25 11:46:37,takeout,,credit_card,completed
1017540,17,22,2026-04-25 11:46:59,dine_in,,credit_card,completed
1017541,7,1045,2026-04-25 11:49:56,dine_in,,credit_card,completed
1017542,20,,2026-04-25 11:50:28,delivery,,credit_card,completed
1017543,19,2199,2026-04-25 11:51:57,drive_thru,,cash,completed
1017544,2,,2026-04-25 11:54:28,takeout,,credit_card,completed
1017545,3,1884,2026-04-25 11:59:17,dine_in,,credit_card,completed
1017546,1,703,2026-04-25 12:00:41,takeout,,credit_card,completed
1017547,1,253,2026-04-25 12:03:02,delivery,,debit_card,completed
1017548,17,314,2026-04-25 12:03:58,dine_in,,credit_card,completed
1017549,8,650,2026-04-25 12:06:41,dine_in,,credit_card,completed
1017550,16,,2026-04-25 12:07:13,delivery,,credit_card,completed
1017551,10,2012,2026-04-25 12:07:48,dine_in,,apple_pay,completed
1017552,6,1309,2026-04-25 12:07:52,dine_in,,debit_card,completed
1017553,15,1716,2026-04-25 12:07:56,takeout,,cash,completed
1017554,1,,2026-04-25 12:08:16,delivery,,gift_card,completed
1017555,10,,2026-04-25 12:08:21,delivery,,credit_card,completed
1017556,1,1723,2026-04-25 12:08:44,takeout,,apple_pay,completed
1017557,6,,2026-04-25 12:09:07,drive_thru,,credit_card,completed
1017558,16,194,2026-04-25 12:10:44,takeout,,debit_card,completed
1017559,18,,2026-04-25 12:11:48,delivery,,credit_card,completed
1017560,14,,2026-04-25 12:12:26,delivery,,credit_card,completed
1017561,3,951,2026-04-25 12:14:40,dine_in,,cash,completed
1017562,5,1964,2026-04-25 12:14:46,delivery,,credit_card,completed
1017563,12,558,2026-04-25 12:15:34,takeout,,apple_pay,completed
1017564,11,2489,2026-04-25 12:16:39,dine_in,,apple_pay,completed
1017565,12,2449,2026-04-25 12:17:31,takeout,,gift_card,completed
1017566,16,1643,2026-04-25 12:17:54,dine_in,,credit_card,cancelled
1017567,3,898,2026-04-25 12:18:10,takeout,,debit_card,completed
1017568,3,2029,2026-04-25 12:19:02,dine_in,,cash,completed
1017569,13,,2026-04-25 12:20:25,takeout,,debit_card,refunded
1017570,1,821,2026-04-25 12:23:51,dine_in,,debit_card,completed
1017571,14,1968,2026-04-25 12:23:53,dine_in,,apple_pay,completed
1017572,7,1243,2026-04-25 12:25:23,dine_in,,credit_card,completed
1017573,7,1741,2026-04-25 12:26:06,,,apple_pay,completed
1017574,7,2149,2026-04-25 12:26:24,delivery,,credit_card,completed
1017575,1,,2026-04-25 12:26:30,delivery,,credit_card,completed
1017576,3,2314,2026-04-25 12:26:50,takeout,,apple_pay,completed
1017577,4,2423,2026-04-25 12:28:02,drive_thru,,credit_card,completed
1017578,17,805,2026-04-25 12:29:59,dine_in,,credit_card,completed
1017579,2,,2026-04-25 12:30:19,delivery,,debit_card,completed
1017580,11,2350,2026-04-25 12:30:41,delivery,,credit_card,completed
1017581,11,308,2026-04-25 12:31:10,delivery,,apple_pay,completed
1017582,17,1064,2026-04-25 12:33:21,takeout,,credit_card,completed
1017583,16,,2026-04-25 12:33:56,delivery,,debit_card,completed
1017584,11,,2026-04-25 12:35:10,delivery,,credit_card,completed
1017585,6,,2026-04-25 12:36:35,drive_thru,,credit_card,completed
1017586,2,2222,2026-04-25 12:37:24,dine_in,,apple_pay,completed
1017587,1,250,2026-04-25 12:37:25,takeout,,cash,completed
1017588,19,1394,2026-04-25 12:37:41,dine_in,,credit_card,completed
1017589,2,1471,2026-04-25 12:38:17,delivery,,credit_card,completed
1017590,20,2109,2026-04-25 12:38:55,dine_in,,credit_card,completed
1017591,15,,2026-04-25 12:40:47,drive_thru,,credit_card,completed
1017592,7,,2026-04-25 12:42:05,takeout,,credit_card,completed
1017593,2,1081,2026-04-25 12:42:41,takeout,,credit_card,completed
1017594,16,,2026-04-25 12:43:44,dine_in,,credit_card,completed
1017595,8,1017,2026-04-25 12:45:11,delivery,,credit_card,completed
1017596,13,,2026-04-25 12:46:22,takeout,,cash,completed
1017597,18,,04/25/2026 12:47,dine_in,,debit_card,completed
1017598,7,1950,2026-04-25 12:50:07,dine_in,,credit_card,completed
1017599,18,,2026-04-25 12:51:28,delivery,,credit_card,completed
1017600,20,1853,2026-04-25 12:52:55,delivery,,apple_pay,completed
1017601,2,,04/25/2026 12:53,delivery,,apple_pay,completed
1017602,3,616,2026-04-25 12:55:04,delivery,,credit_card,completed
1017603,17,,2026-04-25 12:56:47,dine_in,,cash,completed
1017604,13,2001,2026-04-25 12:58:39,delivery,,apple_pay,completed
1017605,7,2068,2026-04-25 13:00:09,dine_in,,credit_card,completed
1017606,7,1978,2026-04-25 13:00:21,takeout,,credit_card,completed
1017607,5,,2026-04-25 13:00:37,dine_in,,apple_pay,completed
1017608,9,990,2026-04-25 13:06:59,dine_in,,credit_card,completed
1017609,10,946,2026-04-25 13:15:29,takeout,,credit_card,completed
1017610,15,,2026-04-25 13:16:44,drive_thru,,debit_card,completed
1017611,4,1927,2026-04-25 13:18:07,dine_in,,credit_card,completed
1017612,12,997,2026-04-25 13:18:40,dine_in,,cash,completed
1017613,8,,2026-04-25 13:19:49,,,apple_pay,completed
1017614,3,713,2026-04-25 13:20:31,dine_in,,cash,completed
1017615,18,1733,2026-04-25 13:21:37,delivery,,credit_card,completed
1017616,2,2044,2026-04-25 13:25:08,takeout,,cash,completed
1017617,19,,04/25/2026 13:26,dine_in,,credit_card,completed
1017618,12,,2026-04-25 13:27:52,dine_in,,credit_card,completed
1017619,10,531,2026-04-25 13:30:24,drive_thru,,credit_card,completed
1017620,7,1759,2026-04-25 13:32:35,,,credit_card,completed
1017621,7,,2026-04-25 13:34:03,delivery,,credit_card,completed
1017622,19,,2026-04-25 13:38:56,takeout,,credit_card,completed
1017623,8,1276,2026-04-25 14:08:32,dine_in,,credit_card,completed
1017624,6,1309,04/25/2026 14:09,drive_thru,,cash,refunded
1017625,1,2458,2026-04-25 14:09:48,dine_in,,credit_card,completed
1017626,15,1539,2026-04-25 15:13:50,drive_thru,,cash,completed
1017627,19,1322,2026-04-25 15:41:54,dine_in,,credit_card,completed
1017628,12,844,2026-04-25 15:51:54,dine_in,,credit_card,completed
1017629,19,1411,2026-04-25 15:53:58,drive_thru,,credit_card,completed
1017630,6,1153,2026-04-25 15:56:15,dine_in,,credit_card,completed
1017631,15,419,2026-04-25 16:09:14,drive_thru,,apple_pay,completed
1017632,11,,2026-04-25 16:09:21,drive_thru,,credit_card,completed
1017633,9,,2026-04-25 16:50:15,takeout,,credit_card,completed
1017634,5,1633,2026-04-25 16:57:16,drive_thru,,apple_pay,cancelled
1017635,14,446,2026-04-25 17:01:47,dine_in,,apple_pay,completed
1017636,20,,2026-04-25 17:06:22,dine_in,,apple_pay,completed
1017637,16,1244,2026-04-25 17:18:17,,,debit_card,completed
1017638,11,686,2026-04-25 17:32:51,drive_thru,,cash,completed
1017639,13,1272,2026-04-25 17:38:25,takeout,,credit_card,completed
1017640,1,,2026-04-25 17:42:00,dine_in,,credit_card,completed
1017641,5,1874,2026-04-25 17:49:29,delivery,,credit_card,completed
1017642,9,,2026-04-25 17:50:30,dine_in,,credit_card,refunded
1017643,12,1841,2026-04-25 17:52:20,dine_in,,debit_card,completed
1017644,6,1569,2026-04-25 17:55:46,dine_in,,debit_card,completed
1017645,20,2104,2026-04-25 18:06:23,drive_thru,,credit_card,completed
1017646,12,,2026-04-25 18:08:00,dine_in,,apple_pay,completed
1017647,5,,2026-04-25 18:08:05,drive_thru,,cash,completed
1017648,2,239,2026-04-25 18:08:44,delivery,,debit_card,completed
1017649,3,,2026-04-25 18:09:18,dine_in,,credit_card,completed
1017650,16,1485,2026-04-25 18:10:15,delivery,,debit_card,completed
1017651,15,,2026-04-25 18:12:28,takeout,,apple_pay,completed
1017652,6,,2026-04-25 18:16:35,takeout,,debit_card,completed
1017653,7,1973,2026-04-25 18:17:02,dine_in,,credit_card,completed
1017654,3,1884,2026-04-25 18:21:26,delivery,,credit_card,completed
1017655,6,1902,2026-04-25 18:21:36,delivery,,debit_card,completed
1017656,2,2044,2026-04-25 18:21:37,takeout,,gift_card,completed
1017657,5,1421,2026-04-25 18:27:32,takeout,,debit_card,completed
1017658,13,,04/25/2026 18:28,delivery,,credit_card,completed
1017659,9,1758,2026-04-25 18:30:08,delivery,,credit_card,completed
1017660,17,221,2026-04-25 18:37:59,delivery,,apple_pay,completed
1017661,19,2084,2026-04-25 18:39:19,drive_thru,,credit_card,completed
1017662,9,2414,2026-04-25 18:41:31,drive_thru,,debit_card,completed
1017663,3,2171,2026-04-25 18:44:09,dine_in,,credit_card,completed
1017664,6,,2026-04-25 18:44:44,takeout,,cash,completed
1017665,7,1405,2026-04-25 18:47:15,dine_in,,credit_card,completed
1017666,8,1262,2026-04-25 18:47:47,delivery,,credit_card,completed
1017667,16,610,2026-04-25 18:48:21,delivery,,debit_card,completed
1017668,2,1746,2026-04-25 18:49:17,dine_in,,credit_card,completed
1017669,13,,2026-04-25 18:53:46,dine_in,,credit_card,completed
1017670,6,911,2026-04-25 18:54:36,delivery,,credit_card,completed
1017671,10,18,2026-04-25 18:54:44,delivery,,credit_card,completed
1017672,11,361,2026-04-25 18:56:39,dine_in,,debit_card,completed
1017673,14,815,2026-04-25 18:57:22,takeout,,credit_card,completed
1017674,2,1096,2026-04-25 19:01:37,delivery,,credit_card,completed
1017675,4,1742,2026-04-25 19:01:38,dine_in,,apple_pay,completed
1017676,3,2002,2026-04-25 19:03:48,delivery,,credit_card,completed
1017677,7,,2026-04-25 19:03:54,dine_in,,credit_card,completed
1017678,9,,2026-04-25 19:04:57,drive_thru,,credit_card,completed
1017679,14,,2026-04-25 19:05:14,drive_thru,,credit_card,completed
1017680,18,694,2026-04-25 19:05:59,delivery,,credit_card,completed
1017681,19,483,2026-04-25 19:06:02,drive_thru,,gift_card,completed
1017682,6,,2026-04-25 19:08:11,delivery,,credit_card,completed
1017683,4,,2026-04-25 19:08:34,delivery,,credit_card,completed
1017684,14,446,2026-04-25 19:09:35,delivery,,debit_card,completed
1017685,12,1379,2026-04-25 19:10:07,delivery,,credit_card,completed
1017686,2,317,2026-04-25 19:15:59,takeout,,debit_card,completed
1017687,3,965,2026-04-25 19:18:31,delivery,,credit_card,completed
1017688,20,2392,2026-04-25 19:18:55,drive_thru,,debit_card,completed
1017689,11,,2026-04-25 19:19:04,delivery,,credit_card,completed
1017690,1,2342,2026-04-25 19:19:09,takeout,,debit_card,cancelled
1017691,1,2279,2026-04-25 19:20:42,takeout,,credit_card,completed
1017692,6,2059,2026-04-25 19:21:29,dine_in,,cash,completed
1017693,13,,2026-04-25 19:22:40,delivery,,apple_pay,completed
1017694,7,,2026-04-25 19:22:43,dine_in,,credit_card,completed
1017695,7,353,2026-04-25 19:22:58,dine_in,,cash,completed
1017696,11,1455,2026-04-25 19:23:26,dine_in,,credit_card,completed
1017697,11,1337,2026-04-25 19:24:47,delivery,,debit_card,completed
1017698,7,1243,2026-04-25 19:25:14,takeout,,debit_card,completed
1017699,2,897,2026-04-25 19:25:35,dine_in,,cash,completed
1017700,4,1091,2026-04-25 19:30:17,delivery,,debit_card,completed
1017701,20,,2026-04-25 19:30:29,delivery,,credit_card,completed
1017702,3,1944,2026-04-25 19:38:39,delivery,,credit_card,completed
1017703,4,,2026-04-25 19:38:55,drive_thru,,debit_card,completed
1017704,10,,2026-04-25 19:40:03,drive_thru,,debit_card,completed
1017705,20,,2026-04-25 19:40:58,drive_thru,,apple_pay,completed
1017706,14,1614,2026-04-25 19:42:44,drive_thru,,cash,completed
1017707,9,1589,2026-04-25 19:44:59,delivery,,credit_card,completed
1017708,14,,2026-04-25 19:48:32,dine_in,,debit_card,completed
1017709,7,,04/25/2026 19:52,dine_in,,cash,completed
1017710,11,1337,2026-04-25 19:52:34,takeout,,cash,completed
1017711,1,1344,2026-04-25 19:54:46,dine_in,,cash,completed
1017712,1,2003,2026-04-25 20:00:27,delivery,,apple_pay,completed
1017713,10,18,2026-04-25 20:00:28,drive_thru,,debit_card,completed
1017714,12,2289,2026-04-25 20:01:24,dine_in,,credit_card,completed
1017715,19,301,2026-04-25 20:03:57,delivery,,credit_card,completed
1017716,9,,2026-04-25 20:04:49,takeout,,apple_pay,refunded
1017717,18,,2026-04-25 20:07:19,drive_thru,,gift_card,completed
1017718,10,,2026-04-25 20:09:08,drive_thru,,apple_pay,completed
1017719,6,151,2026-04-25 20:10:07,drive_thru,,cash,completed
1017720,8,881,2026-04-25 20:15:46,delivery,,apple_pay,completed
1017721,12,1885,2026-04-25 20:16:04,delivery,,credit_card,completed
1017722,11,2387,2026-04-25 20:16:36,drive_thru,,cash,completed
1017723,1,1025,2026-04-25 20:26:02,dine_in,,credit_card,completed
1017724,20,,2026-04-25 20:42:28,,,credit_card,completed
1017725,3,,2026-04-25 20:43:11,delivery,,credit_card,completed
1017726,8,2261,2026-04-25 20:43:49,takeout,,credit_card,completed
1017727,19,1560,2026-04-25 20:44:03,dine_in,,credit_card,completed
1017728,14,,2026-04-25 21:21:47,dine_in,,gift_card,completed
1017729,10,,2026-04-25 21:59:21,dine_in,,credit_card,cancelled
1017730,9,1532,2026-04-26 11:07:21,dine_in,,debit_card,completed
1017731,17,805,2026-04-26 11:13:39,takeout,,cash,completed
1017732,4,,2026-04-26 11:34:04,dine_in,,credit_card,completed
1017733,8,1171,2026-04-26 11:40:32,delivery,,credit_card,completed
1017734,16,973,2026-04-26 11:47:25,delivery,,credit_card,completed
1017735,7,,04/26/2026 12:01,takeout,,credit_card,completed
1017736,8,,2026-04-26 12:02:32,takeout,,credit_card,completed
1017737,11,676,2026-04-26 12:04:06,delivery,,gift_card,completed
1017738,18,2121,2026-04-26 12:05:29,delivery,,debit_card,completed
1017739,7,,2026-04-26 12:06:05,dine_in,,credit_card,completed
1017740,14,577,2026-04-26 12:06:32,drive_thru,,debit_card,completed
1017741,8,513,2026-04-26 12:07:45,dine_in,,credit_card,completed
1017742,13,166,2026-04-26 12:07:45,delivery,,debit_card,completed
1017743,8,2008,2026-04-26 12:10:49,takeout,,credit_card,completed
1017744,12,1379,2026-04-26 12:11:12,takeout,,debit_card,completed
1017745,7,,2026-04-26 12:12:31,takeout,,credit_card,completed
1017746,16,1485,2026-04-26 12:13:09,,,credit_card,completed
1017747,3,2456,2026-04-26 12:17:08,dine_in,,credit_card,completed
1017748,9,2070,2026-04-26 12:18:28,dine_in,,credit_card,completed
1017749,16,60,2026-04-26 12:19:01,dine_in,,gift_card,completed
1017750,12,1270,2026-04-26 12:21:27,dine_in,,cash,completed
1017751,4,2321,2026-04-26 12:21:57,dine_in,,debit_card,completed
1017752,5,2279,2026-04-26 12:23:13,dine_in,,cash,completed
1017753,19,2487,2026-04-26 12:24:03,takeout,,credit_card,completed
1017754,16,1671,2026-04-26 12:28:44,delivery,,credit_card,completed
1017755,19,1394,2026-04-26 12:29:05,dine_in,,credit_card,cancelled
1017756,16,1495,2026-04-26 12:30:04,delivery,,apple_pay,completed
1017757,3,505,2026-04-26 12:30:22,dine_in,,cash,refunded
1017758,3,1233,2026-04-26 12:34:17,dine_in,,credit_card,completed
1017759,6,2159,2026-04-26 12:37:54,dine_in,,credit_card,completed
1017760,20,,2026-04-26 12:38:13,dine_in,,debit_card,completed
1017761,6,93,2026-04-26 12:39:54,delivery,,apple_pay,completed
1017762,7,,2026-04-26 12:40:07,delivery,,debit_card,completed
1017763,18,132,2026-04-26 12:42:57,takeout,,credit_card,completed
1017764,6,,04/26/2026 12:43,dine_in,,apple_pay,completed
1017765,10,1729,2026-04-26 12:43:43,takeout,,apple_pay,completed
1017766,6,180,2026-04-26 12:46:25,dine_in,,apple_pay,completed
1017767,13,2435,2026-04-26 12:48:27,dine_in,,credit_card,completed
1017768,9,1758,04/26/2026 12:49,dine_in,,credit_card,completed
1017769,7,,04/26/2026 12:51,takeout,,debit_card,completed
1017770,8,2229,2026-04-26 13:00:35,delivery,,credit_card,completed
1017771,16,,2026-04-26 13:02:52,dine_in,,cash,completed
1017772,5,634,2026-04-26 13:04:06,dine_in,,debit_card,completed
1017773,20,901,2026-04-26 13:08:07,dine_in,,apple_pay,completed
1017774,16,1078,04/26/2026 13:08,dine_in,,cash,completed
1017775,6,2377,2026-04-26 13:09:48,drive_thru,,credit_card,completed
1017776,14,2482,2026-04-26 13:12:15,dine_in,,apple_pay,completed
1017777,8,1789,2026-04-26 13:14:51,takeout,,cash,completed
1017778,6,2377,2026-04-26 13:18:02,drive_thru,,credit_card,completed
1017779,5,,2026-04-26 13:20:49,delivery,,credit_card,completed
1017780,3,2469,2026-04-26 13:28:21,delivery,,credit_card,completed
1017781,12,,2026-04-26 13:31:20,dine_in,,cash,completed
1017782,5,951,2026-04-26 13:53:30,drive_thru,,credit_card,completed
1017783,16,,2026-04-26 13:59:11,dine_in,,credit_card,completed
1017784,14,1614,2026-04-26 14:52:44,dine_in,,apple_pay,completed
1017785,11,,2026-04-26 15:10:28,delivery,,credit_card,completed
1017786,4,179,2026-04-26 15:20:40,dine_in,,credit_card,cancelled
1017787,18,,2026-04-26 15:22:58,delivery,,credit_card,completed
1017788,14,374,2026-04-26 15:26:44,delivery,,debit_card,completed
1017789,8,,2026-04-26 15:49:36,dine_in,,apple_pay,completed
1017790,10,1418,2026-04-26 15:49:39,dine_in,,cash,completed
1017791,20,521,2026-04-26 15:58:18,dine_in,,credit_card,completed
1017792,19,,2026-04-26 16:45:15,takeout,,debit_card,completed
1017793,7,2450,2026-04-26 16:47:05,dine_in,,debit_card,completed
1017794,16,383,04/26/2026 16:58,takeout,,apple_pay,completed
1017795,14,2406,2026-04-26 17:22:40,dine_in,,credit_card,completed
1017796,5,1535,2026-04-26 17:36:35,drive_thru,,credit_card,completed
1017797,20,2376,2026-04-26 17:39:01,dine_in,,cash,refunded
1017798,6,,2026-04-26 17:42:59,drive_thru,,debit_card,completed
1017799,11,2165,2026-04-26 17:49:18,drive_thru,,credit_card,completed
1017800,3,576,2026-04-26 17:51:48,dine_in,,credit_card,completed
1017801,20,2242,2026-04-26 17:57:08,delivery,,credit_card,completed
1017802,13,420,2026-04-26 17:59:32,delivery,,credit_card,completed
1017803,6,2270,2026-04-26 18:00:36,takeout,,credit_card,completed
1017804,2,1081,2026-04-26 18:02:49,takeout,,cash,completed
1017805,6,205,2026-04-26 18:06:33,dine_in,,credit_card,completed
1017806,19,411,2026-04-26 18:13:13,drive_thru,,credit_card,completed
1017807,8,1015,2026-04-26 18:16:13,dine_in,,credit_card,completed
1017808,8,719,2026-04-26 18:17:06,delivery,,apple_pay,completed
1017809,2,,2026-04-26 18:19:42,delivery,,credit_card,completed
1017810,16,1734,2026-04-26 18:20:22,dine_in,,credit_card,completed
1017811,8,62,2026-04-26 18:21:41,takeout,,apple_pay,completed
1017812,10,,2026-04-26 18:27:23,drive_thru,,credit_card,completed
1017813,17,,2026-04-26 18:27:43,dine_in,,cash,completed
1017814,11,,2026-04-26 18:28:00,delivery,,credit_card,completed
1017815,13,,2026-04-26 18:29:08,delivery,,gift_card,completed
1017816,15,,2026-04-26 18:29:46,dine_in,,credit_card,completed
1017817,3,,2026-04-26 18:35:17,dine_in,,credit_card,completed
1017818,14,72,2026-04-26 18:35:23,delivery,,credit_card,completed
1017819,11,256,2026-04-26 18:42:45,delivery,,apple_pay,completed
1017820,17,856,2026-04-26 18:43:06,dine_in,,apple_pay,completed
1017821,3,2208,2026-04-26 18:50:46,dine_in,,cash,completed
1017822,4,31,2026-04-26 18:51:26,takeout,,debit_card,completed
1017823,3,,2026-04-26 18:52:09,dine_in,,credit_card,completed
1017824,7,2013,2026-04-26 18:53:31,delivery,,credit_card,completed
1017825,8,,2026-04-26 18:57:31,dine_in,,apple_pay,completed
1017826,13,,04/26/2026 18:59,dine_in,,apple_pay,completed
1017827,6,800,2026-04-26 18:59:23,takeout,,credit_card,completed
1017828,13,,2026-04-26 19:00:28,takeout,,credit_card,completed
1017829,14,29,2026-04-26 19:02:30,takeout,,credit_card,completed
1017830,7,568,2026-04-26 19:05:14,dine_in,,credit_card,completed
1017831,1,2486,2026-04-26 19:08:12,delivery,,credit_card,completed
1017832,11,,2026-04-26 19:09:08,delivery,,credit_card,completed
1017833,18,,2026-04-26 19:09:09,takeout,,credit_card,completed
1017834,13,,2026-04-26 19:10:37,dine_in,,credit_card,completed
1017835,11,2092,2026-04-26 19:11:58,dine_in,,credit_card,completed
1017836,7,614,2026-04-26 19:12:11,takeout,,apple_pay,completed
1017837,2,270,2026-04-26 19:12:56,dine_in,,apple_pay,completed
1017838,6,2305,2026-04-26 19:13:37,drive_thru,,cash,completed
1017839,13,446,2026-04-26 19:14:17,takeout,,apple_pay,completed
1017840,5,,04/26/2026 19:14,drive_thru,,cash,completed
1017841,6,2109,2026-04-26 19:17:10,drive_thru,,credit_card,completed
1017842,5,624,2026-04-26 19:17:25,dine_in,,debit_card,refunded
1017843,12,38,2026-04-26 19:17:28,delivery,,credit_card,completed
1017844,6,,2026-04-26 19:17:54,delivery,,credit_card,completed
1017845,11,,2026-04-26 19:17:59,drive_thru,,credit_card,completed
1017846,11,,2026-04-26 19:18:42,takeout,,gift_card,completed
1017847,6,,2026-04-26 19:21:46,takeout,,debit_card,completed
1017848,1,403,04/26/2026 19:26,takeout,,cash,completed
1017849,2,1133,2026-04-26 19:26:35,takeout,,credit_card,completed
1017850,19,368,2026-04-26 19:27:57,drive_thru,,credit_card,completed
1017851,7,2263,2026-04-26 19:33:01,takeout,,cash,completed
1017852,18,,2026-04-26 19:37:06,takeout,,credit_card,completed
1017853,5,2495,2026-04-26 19:39:57,dine_in,,credit_card,completed
1017854,13,514,2026-04-26 19:45:52,takeout,,credit_card,completed
1017855,17,,2026-04-26 19:47:36,takeout,,apple_pay,completed
1017856,13,1072,2026-04-26 19:49:26,dine_in,,credit_card,completed
1017857,9,1870,2026-04-26 19:49:47,dine_in,,credit_card,completed
1017858,15,,2026-04-26 19:50:20,delivery,,apple_pay,completed
1017859,11,,2026-04-26 19:52:34,delivery,,gift_card,completed
1017860,6,487,2026-04-26 19:58:03,drive_thru,,credit_card,completed
1017861,10,,2026-04-26 19:59:17,drive_thru,,debit_card,completed
1017862,5,173,2026-04-26 20:01:04,takeout,,debit_card,completed
1017863,12,1940,2026-04-26 20:01:14,takeout,,apple_pay,completed
1017864,3,17,2026-04-26 20:16:21,dine_in,,credit_card,completed
1017865,18,2267,2026-04-26 20:24:52,delivery,,debit_card,completed
1017866,19,,2026-04-26 20:41:20,delivery,,debit_card,completed
1017867,1,,2026-04-26 20:51:28,dine_in,,cash,completed
1017868,15,851,2026-04-26 20:58:26,delivery,,gift_card,completed
1017869,15,1109,2026-04-26 21:12:06,drive_thru,,debit_card,completed
1017870,3,442,2026-04-26 21:24:31,dine_in,,gift_card,completed
1017871,1,,2026-04-26 21:47:25,dine_in,,apple_pay,completed
1017872,11,308,2026-04-27 11:28:01,delivery,,credit_card,completed
1017873,8,1829,2026-04-27 11:33:37,dine_in,,credit_card,completed
1017874,5,1637,2026-04-27 11:39:31,dine_in,,cash,completed
1017875,2,,2026-04-27 11:52:58,dine_in,,credit_card,completed
1017876,7,666,04/27/2026 11:53,dine_in,,credit_card,completed
1017877,6,1951,2026-04-27 11:54:19,dine_in,,credit_card,completed
1017878,15,,2026-04-27 11:57:26,delivery,,debit_card,completed
1017879,13,,2026-04-27 12:00:15,dine_in,,apple_pay,completed
1017880,8,,2026-04-27 12:05:43,delivery,,debit_card,completed
1017881,12,1040,2026-04-27 12:11:06,delivery,,apple_pay,completed
1017882,3,1997,2026-04-27 12:11:50,dine_in,,cash,cancelled
1017883,18,1369,2026-04-27 12:13:16,dine_in,,credit_card,completed
1017884,1,1874,2026-04-27 12:13:26,takeout,,debit_card,completed
1017885,19,2126,2026-04-27 12:13:46,takeout,,cash,completed
1017886,9,1730,2026-04-27 12:14:46,delivery,,credit_card,completed
1017887,7,2030,2026-04-27 12:16:12,takeout,,debit_card,completed
1017888,18,199,2026-04-27 12:17:06,drive_thru,,debit_card,completed
1017889,4,,2026-04-27 12:25:23,delivery,,credit_card,completed
1017890,5,1666,2026-04-27 12:26:10,dine_in,,apple_pay,completed
1017891,15,,2026-04-27 12:28:09,delivery,,apple_pay,completed
1017892,13,566,2026-04-27 12:29:22,takeout,,apple_pay,completed
1017893,15,5,2026-04-27 12:32:47,delivery,,credit_card,refunded
1017894,3,,2026-04-27 12:34:03,takeout,,credit_card,cancelled
1017895,16,,2026-04-27 12:34:06,dine_in,,credit_card,completed
1017896,16,1671,2026-04-27 12:34:59,dine_in,,apple_pay,completed
1017897,19,199,2026-04-27 12:36:20,dine_in,,credit_card,completed
1017898,11,,2026-04-27 12:37:47,delivery,,credit_card,completed
1017899,10,1729,2026-04-27 12:38:31,delivery,,credit_card,completed
1017900,6,387,2026-04-27 12:40:45,takeout,,debit_card,cancelled
1017901,11,2350,2026-04-27 12:41:56,,,cash,completed
1017902,2,2015,2026-04-27 12:46:53,delivery,,debit_card,completed
1017903,6,1512,2026-04-27 12:48:38,delivery,,apple_pay,completed
1017904,20,390,2026-04-27 12:49:03,dine_in,,credit_card,completed
1017905,12,110,2026-04-27 12:49:19,takeout,,debit_card,completed
1017906,3,,2026-04-27 12:52:56,,,apple_pay,completed
1017907,20,,2026-04-27 12:57:10,drive_thru,,credit_card,completed
1017908,3,2363,2026-04-27 13:03:19,dine_in,,credit_card,completed
1017909,13,,2026-04-27 13:09:49,dine_in,,credit_card,completed
1017910,18,534,2026-04-27 13:20:27,drive_thru,,debit_card,completed
1017911,3,868,2026-04-27 13:34:41,dine_in,,credit_card,completed
1017912,4,1677,2026-04-27 13:38:11,drive_thru,,credit_card,completed
1017913,7,,2026-04-27 14:15:04,takeout,,debit_card,completed
1017914,7,502,2026-04-27 14:47:18,dine_in,,debit_card,completed
1017915,9,,2026-04-27 15:36:16,takeout,,credit_card,completed
1017916,14,1725,2026-04-27 15:46:08,dine_in,,cash,completed
1017917,15,,2026-04-27 15:49:19,dine_in,,apple_pay,completed
1017918,16,2083,2026-04-27 16:01:22,takeout,,credit_card,completed
1017919,8,,2026-04-27 16:23:49,takeout,,credit_card,completed
1017920,17,2054,2026-04-27 16:42:32,dine_in,,apple_pay,completed
1017921,7,,2026-04-27 17:03:18,takeout,,credit_card,completed
1017922,1,978,2026-04-27 17:20:06,dine_in,,gift_card,completed
1017923,20,1529,2026-04-27 17:28:09,,,credit_card,completed
1017924,8,,2026-04-27 17:35:06,dine_in,,cash,completed
1017925,13,1539,2026-04-27 17:47:59,dine_in,,cash,completed
1017926,8,640,2026-04-27 17:48:23,dine_in,,gift_card,completed
1017927,18,1062,2026-04-27 17:51:27,drive_thru,,credit_card,completed
1017928,19,,2026-04-27 17:55:46,takeout,,debit_card,completed
1017929,17,2411,2026-04-27 17:58:41,delivery,,credit_card,completed
1017930,9,702,2026-04-27 18:00:10,delivery,,credit_card,completed
1017931,7,2263,2026-04-27 18:01:21,dine_in,,cash,completed
1017932,10,2395,2026-04-27 18:10:23,delivery,,credit_card,completed
1017933,13,2431,2026-04-27 18:12:17,takeout,,credit_card,completed
1017934,20,2392,2026-04-27 18:12:27,dine_in,,debit_card,completed
1017935,17,,2026-04-27 18:14:02,,,apple_pay,completed
1017936,7,269,2026-04-27 18:16:08,delivery,,credit_card,completed
1017937,1,2003,2026-04-27 18:18:44,dine_in,,credit_card,completed
1017938,11,,2026-04-27 18:21:10,dine_in,,apple_pay,completed
1017939,9,1901,2026-04-27 18:22:25,delivery,,debit_card,completed
1017940,17,,2026-04-27 18:23:33,dine_in,,credit_card,completed
1017941,1,,2026-04-27 18:26:58,takeout,,debit_card,completed
1017942,4,1955,2026-04-27 18:32:38,drive_thru,,credit_card,completed
1017943,19,1926,2026-04-27 18:35:02,delivery,,apple_pay,completed
1017944,14,1881,2026-04-27 18:36:06,dine_in,,apple_pay,completed
1017945,10,1208,2026-04-27 18:36:36,drive_thru,,apple_pay,completed
1017946,1,2456,2026-04-27 18:38:27,dine_in,,debit_card,completed
1017947,8,1886,2026-04-27 18:38:48,dine_in,,credit_card,completed
1017948,1,2481,2026-04-27 18:40:10,delivery,,apple_pay,completed
1017949,6,2101,2026-04-27 18:41:05,dine_in,,credit_card,cancelled
1017950,17,2332,2026-04-27 18:41:25,takeout,,credit_card,completed
1017951,15,,2026-04-27 18:45:44,drive_thru,,apple_pay,completed
1017952,6,,2026-04-27 18:47:54,,,credit_card,completed
1017953,3,1131,2026-04-27 18:50:41,dine_in,,credit_card,completed
1017954,10,734,2026-04-27 18:51:09,takeout,,credit_card,completed
1017955,8,,2026-04-27 18:56:01,takeout,,debit_card,completed
1017956,10,2338,2026-04-27 18:56:22,drive_thru,,apple_pay,completed
1017957,1,1709,2026-04-27 18:57:42,dine_in,,apple_pay,completed
1017958,13,,2026-04-27 18:58:17,takeout,,gift_card,completed
1017959,8,2459,2026-04-27 19:02:35,takeout,,gift_card,completed
1017960,2,981,2026-04-27 19:08:28,delivery,,gift_card,completed
1017961,1,1376,2026-04-27 19:19:45,dine_in,,credit_card,completed
1017962,15,1959,2026-04-27 19:20:00,takeout,,apple_pay,completed
1017963,7,,2026-04-27 19:21:39,dine_in,,credit_card,completed
1017964,9,157,2026-04-27 19:21:55,takeout,,debit_card,completed
1017965,8,1866,2026-04-27 19:26:00,delivery,,credit_card,completed
1017966,15,1593,2026-04-27 19:27:07,dine_in,,cash,completed
1017967,20,,2026-04-27 19:27:41,delivery,,credit_card,completed
1017968,13,,2026-04-27 19:32:24,takeout,,debit_card,completed
1017969,6,2270,2026-04-27 19:34:23,dine_in,,credit_card,completed
1017970,15,85,2026-04-27 19:38:41,delivery,,debit_card,completed
1017971,20,,2026-04-27 19:39:26,dine_in,,debit_card,completed
1017972,18,350,2026-04-27 19:39:33,drive_thru,,cash,refunded
1017973,19,2400,2026-04-27 19:42:44,takeout,,gift_card,completed
1017974,13,2210,2026-04-27 19:44:10,dine_in,,gift_card,refunded
1017975,5,,2026-04-27 19:44:18,dine_in,,credit_card,completed
1017976,14,716,2026-04-27 19:44:56,dine_in,,debit_card,completed
1017977,12,859,2026-04-27 19:52:31,delivery,,debit_card,completed
1017978,19,,2026-04-27 20:03:26,dine_in,,debit_card,completed
1017979,8,2225,2026-04-27 20:07:45,delivery,,debit_card,completed
1017980,2,,2026-04-27 20:08:41,delivery,,credit_card,cancelled
1017981,11,2043,2026-04-27 20:13:03,delivery,,debit_card,completed
1017982,16,1643,2026-04-27 20:18:54,takeout,,debit_card,completed
1017983,4,974,04/27/2026 20:21,dine_in,,credit_card,completed
1017984,4,878,2026-04-27 20:26:33,dine_in,,apple_pay,completed
1017985,14,446,2026-04-27 20:30:35,dine_in,,cash,completed
1017986,11,,2026-04-27 20:41:41,dine_in,,credit_card,completed
1017987,15,1441,2026-04-27 20:52:57,delivery,,debit_card,completed
1017988,9,1590,2026-04-27 21:04:40,dine_in,,debit_card,completed
1017989,5,263,2026-04-27 21:37:54,drive_thru,,credit_card,completed
1017990,17,1979,2026-04-27 21:41:03,delivery,,credit_card,completed
1017991,6,,2026-04-28 10:30:44,drive_thru,,credit_card,completed
1017992,20,2128,2026-04-28 10:40:56,drive_thru,,credit_card,completed
1017993,15,781,2026-04-28 11:08:40,delivery,,debit_card,completed
1017994,12,,2026-04-28 11:16:01,takeout,,credit_card,completed
1017995,12,1283,2026-04-28 11:32:12,takeout,,apple_pay,completed
1017996,16,2161,2026-04-28 11:32:28,dine_in,,credit_card,completed
1017997,11,,2026-04-28 11:35:19,dine_in,,credit_card,completed
1017998,7,1827,2026-04-28 11:35:45,takeout,,apple_pay,completed
1017999,5,,2026-04-28 11:39:09,drive_thru,,credit_card,completed
1018000,9,,2026-04-28 11:56:20,drive_thru,,cash,completed
1018001,7,14,2026-04-28 11:58:05,dine_in,,credit_card,completed
1018002,11,1398,2026-04-28 12:02:13,drive_thru,,credit_card,completed
1018003,2,,2026-04-28 12:03:32,dine_in,,credit_card,completed
1018004,13,231,2026-04-28 12:03:56,takeout,,cash,completed
1018005,6,,2026-04-28 12:06:44,dine_in,,apple_pay,completed
1018006,3,,2026-04-28 12:07:37,delivery,,debit_card,completed
1018007,10,,2026-04-28 12:08:02,drive_thru,,apple_pay,completed
1018008,13,,2026-04-28 12:10:13,takeout,,gift_card,completed
1018009,7,766,2026-04-28 12:10:14,dine_in,,debit_card,completed
1018010,12,2413,2026-04-28 12:12:39,dine_in,,credit_card,completed
1018011,10,,2026-04-28 12:12:50,dine_in,,credit_card,completed
1018012,11,,2026-04-28 12:13:56,takeout,,debit_card,completed
1018013,12,,2026-04-28 12:14:01,delivery,,credit_card,completed
1018014,14,997,2026-04-28 12:14:23,delivery,,credit_card,completed
1018015,15,1696,2026-04-28 12:14:57,dine_in,,cash,completed
1018016,1,,2026-04-28 12:16:53,dine_in,,cash,completed
1018017,7,,2026-04-28 12:18:30,takeout,,credit_card,completed
1018018,16,,2026-04-28 12:23:21,delivery,,credit_card,completed
1018019,8,,2026-04-28 12:25:21,dine_in,,debit_card,completed
1018020,19,,2026-04-28 12:25:52,takeout,,apple_pay,completed
1018021,3,184,2026-04-28 12:27:06,delivery,,credit_card,completed
1018022,8,913,2026-04-28 12:27:10,delivery,,debit_card,completed
1018023,1,1906,2026-04-28 12:27:15,dine_in,,credit_card,completed
1018024,19,1122,2026-04-28 12:28:24,dine_in,,credit_card,completed
1018025,13,2260,2026-04-28 12:28:45,delivery,,debit_card,completed
1018026,5,933,2026-04-28 12:29:53,delivery,,credit_card,completed
1018027,4,1425,2026-04-28 12:29:56,delivery,,apple_pay,completed
1018028,1,,2026-04-28 12:34:11,dine_in,,debit_card,completed
1018029,20,1936,2026-04-28 12:34:12,takeout,,debit_card,completed
1018030,13,,2026-04-28 12:36:31,delivery,,credit_card,completed
1018031,5,,2026-04-28 12:36:39,delivery,,gift_card,completed
1018032,8,,2026-04-28 12:38:26,dine_in,,apple_pay,completed
1018033,17,1319,2026-04-28 12:39:23,takeout,,cash,completed
1018034,5,2386,2026-04-28 12:39:40,takeout,,credit_card,cancelled
1018035,12,1324,2026-04-28 12:41:24,dine_in,,credit_card,completed
1018036,20,1174,2026-04-28 12:42:11,dine_in,,cash,completed
1018037,15,,2026-04-28 12:42:24,takeout,,debit_card,completed
1018038,12,,2026-04-28 12:42:29,delivery,,credit_card,completed
1018039,5,1491,2026-04-28 12:43:03,drive_thru,,credit_card,completed
1018040,14,,2026-04-28 12:45:09,drive_thru,,credit_card,completed
1018041,3,69,2026-04-28 12:48:27,dine_in,,cash,completed
1018042,1,1366,2026-04-28 12:52:35,delivery,,credit_card,completed
1018043,6,,2026-04-28 12:56:00,dine_in,,credit_card,completed
1018044,17,,2026-04-28 12:56:37,takeout,,gift_card,completed
1018045,2,,2026-04-28 12:57:12,dine_in,,credit_card,completed
1018046,19,1966,2026-04-28 12:58:33,takeout,,credit_card,completed
1018047,12,2449,2026-04-28 12:58:45,dine_in,,credit_card,completed
1018048,3,248,2026-04-28 12:59:00,dine_in,,credit_card,completed
1018049,14,584,2026-04-28 13:00:51,dine_in,,debit_card,completed
1018050,8,287,2026-04-28 13:03:04,takeout,,debit_card,completed
1018051,16,,2026-04-28 13:04:19,delivery,,credit_card,completed
1018052,16,1889,2026-04-28 13:08:47,takeout,,credit_card,completed
1018053,8,2261,2026-04-28 13:15:07,delivery,,debit_card,completed
1018054,17,147,2026-04-28 13:21:52,takeout,,credit_card,completed
1018055,5,1831,2026-04-28 13:24:48,dine_in,,debit_card,completed
1018056,15,2268,2026-04-28 13:26:12,takeout,,apple_pay,completed
1018057,7,,2026-04-28 13:28:09,delivery,,credit_card,completed
1018058,10,,2026-04-28 13:33:11,delivery,,credit_card,completed
1018059,15,498,2026-04-28 13:34:22,dine_in,,debit_card,completed
1018060,17,,2026-04-28 13:34:55,dine_in,,credit_card,completed
1018061,2,541,2026-04-28 13:39:54,delivery,,debit_card,completed
1018062,17,,2026-04-28 13:45:57,dine_in,,credit_card,completed
1018063,12,,2026-04-28 13:48:17,dine_in,,credit_card,completed
1018064,15,2372,2026-04-28 13:54:08,drive_thru,,debit_card,completed
1018065,5,,2026-04-28 13:55:11,drive_thru,,credit_card,completed
1018066,5,644,2026-04-28 13:58:40,drive_thru,,gift_card,completed
1018067,11,1182,2026-04-28 13:59:02,drive_thru,,credit_card,completed
1018068,16,,2026-04-28 13:59:12,takeout,,credit_card,completed
1018069,19,830,2026-04-28 14:10:45,delivery,,credit_card,completed
1018070,2,2127,2026-04-28 14:10:59,delivery,,credit_card,completed
1018071,10,2043,2026-04-28 14:20:42,delivery,,debit_card,completed
1018072,17,970,2026-04-28 14:40:26,takeout,,credit_card,completed
1018073,8,,2026-04-28 15:13:51,dine_in,,apple_pay,completed
1018074,1,624,2026-04-28 15:25:37,takeout,,apple_pay,completed
1018075,14,,2026-04-28 15:28:13,dine_in,,debit_card,completed
1018076,12,,2026-04-28 15:32:59,takeout,,debit_card,completed
1018077,2,1748,2026-04-28 15:34:19,dine_in,,apple_pay,completed
1018078,10,,2026-04-28 16:15:13,drive_thru,,credit_card,completed
1018079,20,2088,2026-04-28 16:39:52,delivery,,debit_card,completed
1018080,2,2177,2026-04-28 16:41:21,dine_in,,gift_card,completed
1018081,13,2431,2026-04-28 16:44:43,delivery,,credit_card,completed
1018082,14,1990,2026-04-28 17:08:48,delivery,,debit_card,completed
1018083,13,1539,2026-04-28 17:18:55,delivery,,credit_card,completed
1018084,3,845,2026-04-28 17:36:22,delivery,,gift_card,completed
1018085,1,1706,2026-04-28 17:44:14,dine_in,,cash,refunded
1018086,2,2177,2026-04-28 17:48:31,dine_in,,debit_card,completed
1018087,4,1825,2026-04-28 18:02:59,delivery,,credit_card,completed
1018088,14,188,2026-04-28 18:06:38,delivery,,credit_card,completed
1018089,11,1011,2026-04-28 18:08:36,takeout,,credit_card,completed
1018090,4,293,2026-04-28 18:09:16,dine_in,,credit_card,completed
1018091,14,1108,2026-04-28 18:09:54,delivery,,credit_card,completed
1018092,13,309,2026-04-28 18:11:43,dine_in,,debit_card,completed
1018093,19,,2026-04-28 18:11:47,dine_in,,cash,completed
1018094,9,358,2026-04-28 18:12:04,drive_thru,,credit_card,completed
1018095,17,285,2026-04-28 18:13:15,takeout,,apple_pay,completed
1018096,18,,2026-04-28 18:14:02,drive_thru,,credit_card,completed
1018097,8,,2026-04-28 18:15:14,takeout,,gift_card,completed
1018098,19,1900,2026-04-28 18:16:18,dine_in,,credit_card,completed
1018099,5,1289,2026-04-28 18:18:11,delivery,,credit_card,completed
1018100,9,2243,2026-04-28 18:20:20,dine_in,,cash,completed
1018101,11,,2026-04-28 18:20:41,dine_in,,gift_card,completed
1018102,20,111,2026-04-28 18:26:17,dine_in,,cash,completed
1018103,3,17,2026-04-28 18:26:30,delivery,,debit_card,completed
1018104,17,833,2026-04-28 18:27:04,takeout,,credit_card,completed
1018105,10,1810,2026-04-28 18:29:14,delivery,,credit_card,completed
1018106,3,1749,2026-04-28 18:29:46,dine_in,,credit_card,completed
1018107,2,2322,2026-04-28 18:34:59,dine_in,,debit_card,completed
1018108,3,1423,2026-04-28 18:37:21,dine_in,,credit_card,completed
1018109,14,1768,2026-04-28 18:42:35,delivery,,debit_card,completed
1018110,1,1600,2026-04-28 18:43:46,delivery,,credit_card,completed
1018111,17,414,2026-04-28 18:44:56,delivery,,apple_pay,completed
1018112,6,1035,2026-04-28 18:45:00,delivery,,credit_card,completed
1018113,13,699,2026-04-28 18:45:22,delivery,,gift_card,completed
1018114,10,1208,2026-04-28 18:46:03,drive_thru,,apple_pay,completed
1018115,8,,2026-04-28 18:47:51,takeout,,credit_card,completed
1018116,4,,2026-04-28 18:47:56,dine_in,,credit_card,completed
1018117,14,815,2026-04-28 18:48:23,dine_in,,debit_card,completed
1018118,18,694,2026-04-28 18:49:12,delivery,,credit_card,completed
1018119,6,444,2026-04-28 18:49:48,delivery,,credit_card,completed
1018120,17,2317,2026-04-28 18:51:02,takeout,,debit_card,completed
1018121,6,,2026-04-28 18:51:03,dine_in,,credit_card,completed
1018122,5,2080,2026-04-28 18:51:11,drive_thru,,debit_card,completed
1018123,20,,2026-04-28 18:53:16,delivery,,credit_card,completed
1018124,5,624,2026-04-28 18:54:22,drive_thru,,debit_card,completed
1018125,19,1983,2026-04-28 18:55:28,takeout,,cash,completed
1018126,4,1211,2026-04-28 18:57:18,delivery,,debit_card,completed
1018127,2,,2026-04-28 18:58:34,delivery,,debit_card,completed
1018128,12,2449,2026-04-28 18:59:57,takeout,,debit_card,completed
1018129,7,1973,2026-04-28 19:03:02,dine_in,,cash,completed
1018130,19,,2026-04-28 19:03:40,dine_in,,debit_card,completed
1018131,3,1895,2026-04-28 19:04:04,dine_in,,cash,completed
1018132,11,,2026-04-28 19:06:49,delivery,,credit_card,completed
1018133,1,207,2026-04-28 19:08:30,delivery,,credit_card,completed
1018134,3,,2026-04-28 19:10:55,delivery,,debit_card,completed
1018135,19,142,2026-04-28 19:12:53,takeout,,credit_card,completed
1018136,8,,2026-04-28 19:13:35,dine_in,,apple_pay,completed
1018137,12,,2026-04-28 19:14:57,takeout,,debit_card,completed
1018138,3,,2026-04-28 19:15:28,delivery,,credit_card,completed
1018139,13,,2026-04-28 19:17:20,takeout,,credit_card,refunded
1018140,3,1499,2026-04-28 19:18:40,delivery,,debit_card,completed
1018141,20,,2026-04-28 19:18:58,drive_thru,,debit_card,completed
1018142,1,,2026-04-28 19:19:57,delivery,,debit_card,completed
1018143,12,1620,2026-04-28 19:20:39,takeout,,gift_card,completed
1018144,7,506,2026-04-28 19:20:40,takeout,,cash,completed
1018145,14,471,2026-04-28 19:22:27,delivery,,apple_pay,completed
1018146,7,2450,2026-04-28 19:24:50,delivery,,credit_card,completed
1018147,19,2170,2026-04-28 19:25:50,dine_in,,credit_card,completed
1018148,14,140,2026-04-28 19:26:01,takeout,,credit_card,completed
1018149,6,57,2026-04-28 19:28:53,dine_in,,apple_pay,completed
1018150,14,,2026-04-28 19:28:59,dine_in,,credit_card,completed
1018151,12,1308,2026-04-28 19:30:56,dine_in,,debit_card,completed
1018152,14,2360,2026-04-28 19:31:54,drive_thru,,credit_card,completed
1018153,13,2490,2026-04-28 19:34:03,dine_in,,credit_card,completed
1018154,13,753,2026-04-28 19:35:09,dine_in,,cash,completed
1018155,3,,2026-04-28 19:35:59,dine_in,,credit_card,completed
1018156,1,93,2026-04-28 19:39:43,dine_in,,apple_pay,completed
1018157,5,,2026-04-28 19:41:29,delivery,,credit_card,completed
1018158,12,1652,2026-04-28 19:43:02,dine_in,,credit_card,completed
1018159,20,,2026-04-28 19:48:28,dine_in,,credit_card,completed
1018160,12,2429,2026-04-28 19:51:40,takeout,,cash,completed
1018161,1,721,2026-04-28 19:52:50,delivery,,credit_card,completed
1018162,2,1436,2026-04-28 19:54:41,dine_in,,credit_card,completed
1018163,16,,2026-04-28 20:00:06,dine_in,,apple_pay,completed
1018164,4,1773,2026-04-28 20:04:35,delivery,,debit_card,completed
1018165,8,2393,2026-04-28 20:25:16,delivery,,debit_card,completed
1018166,17,908,2026-04-28 20:26:55,delivery,,credit_card,completed
1018167,1,535,2026-04-28 20:28:41,dine_in,,credit_card,completed
1018168,18,838,2026-04-28 20:32:14,drive_thru,,cash,cancelled
1018169,11,,2026-04-28 20:43:16,drive_thru,,cash,completed
1018170,20,,2026-04-28 20:45:49,dine_in,,debit_card,completed
1018171,1,144,2026-04-28 21:03:48,delivery,,apple_pay,completed
1018172,17,1147,2026-04-28 21:21:37,dine_in,,apple_pay,completed
1018173,14,2249,2026-04-28 21:38:01,drive_thru,,credit_card,completed
1018174,16,2384,2026-04-28 21:38:58,dine_in,,credit_card,completed
1018175,16,2479,2026-04-28 21:56:34,delivery,,gift_card,completed
1018176,18,81,2026-04-29 10:55:24,takeout,,apple_pay,completed
1018177,4,,2026-04-29 11:01:56,delivery,,apple_pay,completed
1018178,4,,2026-04-29 11:08:06,dine_in,,credit_card,completed
1018179,16,1655,2026-04-29 11:14:34,takeout,,cash,completed
1018180,2,2015,2026-04-29 11:37:11,takeout,,cash,cancelled
1018181,3,1453,2026-04-29 11:38:25,takeout,,credit_card,completed
1018182,14,577,2026-04-29 11:41:40,dine_in,,debit_card,completed
1018183,7,1305,2026-04-29 11:50:13,dine_in,,credit_card,completed
1018184,6,1974,2026-04-29 11:55:21,drive_thru,,credit_card,completed
1018185,13,2175,2026-04-29 11:56:41,delivery,,debit_card,completed
1018186,9,,2026-04-29 11:58:28,dine_in,,credit_card,completed
1018187,15,1864,2026-04-29 11:58:34,takeout,,credit_card,completed
1018188,11,941,2026-04-29 12:00:08,delivery,,apple_pay,cancelled
1018189,18,,2026-04-29 12:00:39,dine_in,,credit_card,completed
1018190,1,,2026-04-29 12:01:01,takeout,,debit_card,completed
1018191,2,319,2026-04-29 12:03:20,takeout,,cash,completed
1018192,15,596,2026-04-29 12:11:52,drive_thru,,debit_card,completed
1018193,3,1020,2026-04-29 12:13:38,dine_in,,credit_card,completed
1018194,18,421,2026-04-29 12:14:28,drive_thru,,credit_card,completed
1018195,11,1513,2026-04-29 12:14:33,dine_in,,cash,completed
1018196,10,18,2026-04-29 12:15:10,delivery,,credit_card,completed
1018197,8,924,04/29/2026 12:15,takeout,,credit_card,completed
1018198,10,,2026-04-29 12:16:11,dine_in,,debit_card,completed
1018199,2,,2026-04-29 12:16:39,takeout,,credit_card,completed
1018200,18,675,2026-04-29 12:16:56,dine_in,,apple_pay,completed
1018201,6,,2026-04-29 12:17:34,drive_thru,,cash,completed
1018202,18,,2026-04-29 12:18:23,takeout,,apple_pay,completed
1018203,10,,2026-04-29 12:18:44,drive_thru,,debit_card,completed
1018204,8,200,2026-04-29 12:23:44,takeout,,apple_pay,completed
1018205,4,888,2026-04-29 12:24:38,drive_thru,,credit_card,completed
1018206,6,2377,2026-04-29 12:26:46,delivery,,credit_card,completed
1018207,17,1123,2026-04-29 12:28:03,takeout,,gift_card,completed
1018208,4,,2026-04-29 12:29:43,dine_in,,credit_card,completed
1018209,8,,2026-04-29 12:30:10,dine_in,,apple_pay,completed
1018210,12,2210,2026-04-29 12:30:57,takeout,,credit_card,completed
1018211,4,51,2026-04-29 12:30:58,dine_in,,apple_pay,completed
1018212,2,1382,2026-04-29 12:31:51,delivery,,apple_pay,completed
1018213,15,1621,2026-04-29 12:36:17,,,apple_pay,completed
1018214,19,830,2026-04-29 12:36:25,drive_thru,,credit_card,completed
1018215,14,29,2026-04-29 12:36:40,drive_thru,,credit_card,completed
1018216,2,1164,2026-04-29 12:36:46,delivery,,apple_pay,completed
1018217,11,2257,2026-04-29 12:39:00,delivery,,credit_card,completed
1018218,6,,2026-04-29 12:39:36,takeout,,apple_pay,completed
1018219,14,1657,2026-04-29 12:42:39,dine_in,,credit_card,completed
1018220,13,1478,2026-04-29 12:44:40,delivery,,debit_card,completed
1018221,11,2257,2026-04-29 12:44:50,delivery,,apple_pay,completed
1018222,3,1665,2026-04-29 12:47:49,delivery,,apple_pay,completed
1018223,11,959,2026-04-29 12:51:18,dine_in,,gift_card,completed
1018224,10,993,2026-04-29 12:52:14,dine_in,,debit_card,completed
1018225,10,1468,2026-04-29 12:55:40,delivery,,apple_pay,completed
1018226,7,930,2026-04-29 12:58:14,dine_in,,credit_card,completed
1018227,15,412,2026-04-29 12:59:17,delivery,,credit_card,completed
1018228,10,,2026-04-29 13:02:41,delivery,,credit_card,completed
1018229,12,470,2026-04-29 13:03:17,delivery,,credit_card,completed
1018230,14,,2026-04-29 13:04:37,drive_thru,,credit_card,completed
1018231,9,1922,2026-04-29 13:05:16,delivery,,credit_card,cancelled
1018232,16,,2026-04-29 13:08:35,dine_in,,cash,completed
1018233,5,2011,2026-04-29 13:10:06,dine_in,,credit_card,completed
1018234,18,1629,2026-04-29 13:13:02,takeout,,credit_card,completed
1018235,14,2323,2026-04-29 13:23:20,dine_in,,debit_card,completed
1018236,7,1901,2026-04-29 13:26:19,dine_in,,cash,refunded
1018237,15,1834,2026-04-29 13:33:29,takeout,,credit_card,completed
1018238,4,1746,2026-04-29 13:37:37,takeout,,credit_card,completed
1018239,19,2475,2026-04-29 13:51:36,delivery,,credit_card,completed
1018240,2,2304,2026-04-29 13:52:15,delivery,,debit_card,completed
1018241,13,,2026-04-29 13:55:14,dine_in,,credit_card,completed
1018242,15,,2026-04-29 14:13:28,drive_thru,,apple_pay,completed
1018243,19,,2026-04-29 15:22:08,dine_in,,debit_card,completed
1018244,12,,2026-04-29 16:34:47,delivery,,credit_card,completed
1018245,4,1080,2026-04-29 17:12:21,dine_in,,credit_card,cancelled
1018246,16,2007,2026-04-29 17:26:31,dine_in,,credit_card,completed
1018247,9,2285,2026-04-29 17:50:18,takeout,,cash,completed
1018248,3,749,2026-04-29 17:57:09,dine_in,,credit_card,completed
1018249,16,1734,2026-04-29 17:58:54,takeout,,cash,cancelled
1018250,11,,2026-04-29 18:08:02,drive_thru,,debit_card,completed
1018251,11,2165,2026-04-29 18:13:10,drive_thru,,credit_card,completed
1018252,20,,2026-04-29 18:14:00,dine_in,,credit_card,completed
1018253,19,962,2026-04-29 18:17:47,drive_thru,,credit_card,completed
1018254,15,914,2026-04-29 18:31:17,drive_thru,,apple_pay,completed
1018255,7,2201,2026-04-29 18:32:18,dine_in,,credit_card,completed
1018256,3,173,2026-04-29 18:34:50,dine_in,,credit_card,completed
1018257,17,2255,2026-04-29 18:37:09,dine_in,,credit_card,completed
1018258,15,1593,2026-04-29 18:38:31,dine_in,,apple_pay,completed
1018259,15,5,2026-04-29 18:38:41,delivery,,credit_card,completed
1018260,1,2481,2026-04-29 18:45:07,delivery,,apple_pay,completed
1018261,16,668,2026-04-29 18:47:53,delivery,,credit_card,completed
1018262,4,,2026-04-29 18:47:55,delivery,,apple_pay,completed
1018263,3,,2026-04-29 18:54:01,takeout,,apple_pay,completed
1018264,13,566,2026-04-29 18:56:39,takeout,,credit_card,completed
1018265,19,2460,2026-04-29 18:59:39,dine_in,,credit_card,completed
1018266,15,1283,2026-04-29 19:03:35,delivery,,credit_card,completed
1018267,19,273,2026-04-29 19:08:11,dine_in,,apple_pay,completed
1018268,16,,2026-04-29 19:10:21,delivery,,credit_card,completed
1018269,19,327,2026-04-29 19:10:53,drive_thru,,cash,completed
1018270,4,1385,2026-04-29 19:11:30,delivery,,credit_card,completed
1018271,7,2312,2026-04-29 19:14:44,dine_in,,cash,completed
1018272,2,1806,2026-04-29 19:16:13,dine_in,,cash,completed
1018273,15,,2026-04-29 19:17:12,dine_in,,cash,completed
1018274,14,589,2026-04-29 19:17:31,takeout,,credit_card,completed
1018275,6,,2026-04-29 19:18:46,drive_thru,,credit_card,completed
1018276,7,2285,2026-04-29 19:19:01,takeout,,cash,completed
1018277,11,145,2026-04-29 19:19:30,dine_in,,cash,completed
1018278,19,,2026-04-29 19:28:10,takeout,,credit_card,completed
1018279,17,408,2026-04-29 19:29:01,takeout,,debit_card,completed
1018280,10,2338,2026-04-29 19:29:46,dine_in,,apple_pay,completed
1018281,11,1523,2026-04-29 19:35:24,takeout,,apple_pay,completed
1018282,1,,2026-04-29 19:37:33,takeout,,gift_card,completed
1018283,18,1485,2026-04-29 19:37:53,takeout,,gift_card,completed
1018284,13,,2026-04-29 19:40:27,dine_in,,credit_card,completed
1018285,20,1416,2026-04-29 19:40:34,drive_thru,,credit_card,completed
1018286,10,,2026-04-29 19:40:38,takeout,,credit_card,completed
1018287,19,1926,2026-04-29 19:42:03,dine_in,,credit_card,completed
1018288,12,2311,2026-04-29 19:42:22,delivery,,apple_pay,cancelled
1018289,15,,2026-04-29 19:44:05,dine_in,,credit_card,completed
1018290,17,760,2026-04-29 19:54:05,takeout,,debit_card,completed
1018291,12,,2026-04-29 20:05:34,delivery,,apple_pay,completed
1018292,2,1038,2026-04-29 20:14:01,dine_in,,credit_card,completed
1018293,6,,2026-04-29 20:18:22,takeout,,debit_card,completed
1018294,4,2423,2026-04-29 20:22:56,drive_thru,,credit_card,completed
1018295,8,,2026-04-29 20:46:29,takeout,,cash,completed
1018296,14,1990,2026-04-29 20:48:00,drive_thru,,credit_card,completed
1018297,11,949,2026-04-29 21:05:27,drive_thru,,cash,completed
1018298,9,,2026-04-29 21:15:03,drive_thru,,credit_card,completed
1018299,2,,2026-04-29 21:55:55,delivery,,credit_card,completed
1018300,5,,2026-04-30 10:57:55,drive_thru,,credit_card,completed
1018301,4,518,2026-04-30 11:13:59,dine_in,,apple_pay,completed
1018302,9,942,2026-04-30 11:17:47,takeout,,cash,refunded
1018303,8,230,2026-04-30 11:25:01,dine_in,,debit_card,completed
1018304,20,,2026-04-30 11:29:10,dine_in,,cash,completed
1018305,3,210,2026-04-30 11:35:06,delivery,,credit_card,completed
1018306,7,,2026-04-30 11:38:24,dine_in,,credit_card,completed
1018307,14,,2026-04-30 11:41:21,delivery,,credit_card,completed
1018308,7,,2026-04-30 11:41:28,delivery,,debit_card,completed
1018309,1,1336,2026-04-30 11:42:27,delivery,,debit_card,completed
1018310,4,533,2026-04-30 11:47:37,drive_thru,,cash,completed
1018311,18,,2026-04-30 11:51:21,takeout,,debit_card,completed
1018312,12,1264,2026-04-30 11:51:51,dine_in,,credit_card,refunded
1018313,2,608,2026-04-30 12:04:48,dine_in,,cash,completed
1018314,19,1266,2026-04-30 12:04:54,drive_thru,,credit_card,completed
1018315,10,2299,2026-04-30 12:05:51,delivery,,credit_card,completed
1018316,17,1433,2026-04-30 12:06:44,dine_in,,credit_card,completed
1018317,6,,2026-04-30 12:06:47,dine_in,,credit_card,completed
1018318,16,,2026-04-30 12:07:08,delivery,,credit_card,completed
1018319,16,1655,04/30/2026 12:08,takeout,,apple_pay,completed
1018320,10,,2026-04-30 12:09:11,delivery,,debit_card,completed
1018321,8,900,2026-04-30 12:10:51,dine_in,,debit_card,completed
1018322,10,18,2026-04-30 12:11:59,takeout,,apple_pay,completed
1018323,4,,2026-04-30 12:13:41,delivery,,credit_card,completed
1018324,13,2323,2026-04-30 12:13:48,dine_in,,gift_card,completed
1018325,6,1838,2026-04-30 12:14:01,delivery,,apple_pay,completed
1018326,17,922,2026-04-30 12:14:10,dine_in,,credit_card,completed
1018327,17,,2026-04-30 12:15:38,dine_in,,credit_card,completed
1018328,17,1979,2026-04-30 12:16:06,dine_in,,debit_card,completed
1018329,15,1727,2026-04-30 12:19:25,drive_thru,,cash,completed
1018330,8,,2026-04-30 12:21:31,takeout,,debit_card,completed
1018331,12,1412,2026-04-30 12:22:39,takeout,,credit_card,completed
1018332,12,504,2026-04-30 12:23:13,dine_in,,credit_card,completed
1018333,19,,2026-04-30 12:25:48,dine_in,,credit_card,completed
1018334,17,2250,2026-04-30 12:27:14,dine_in,,cash,completed
1018335,4,,2026-04-30 12:27:42,drive_thru,,credit_card,cancelled
1018336,16,,2026-04-30 12:27:43,takeout,,credit_card,completed
1018337,10,1267,2026-04-30 12:28:31,drive_thru,,debit_card,completed
1018338,7,1767,2026-04-30 12:28:32,takeout,,debit_card,completed
1018339,5,681,2026-04-30 12:32:03,drive_thru,,credit_card,refunded
1018340,20,524,2026-04-30 12:32:35,drive_thru,,debit_card,completed
1018341,14,1296,2026-04-30 12:33:27,dine_in,,debit_card,completed
1018342,3,372,2026-04-30 12:34:12,delivery,,debit_card,refunded
1018343,12,,2026-04-30 12:34:42,delivery,,credit_card,completed
1018344,10,,2026-04-30 12:34:44,dine_in,,apple_pay,completed
1018345,4,,2026-04-30 12:35:22,takeout,,apple_pay,completed
1018346,10,,2026-04-30 12:38:22,dine_in,,debit_card,completed
1018347,18,400,2026-04-30 12:42:02,delivery,,credit_card,completed
1018348,18,1319,2026-04-30 12:43:45,delivery,,credit_card,completed
1018349,9,7,2026-04-30 12:44:32,delivery,,credit_card,completed
1018350,7,2286,2026-04-30 12:46:00,delivery,,debit_card,completed
1018351,3,786,2026-04-30 12:47:43,takeout,,debit_card,completed
1018352,18,,2026-04-30 12:49:25,delivery,,credit_card,completed
1018353,18,,2026-04-30 12:50:32,drive_thru,,debit_card,completed
1018354,11,1337,2026-04-30 12:51:32,dine_in,,credit_card,completed
1018355,17,1889,2026-04-30 12:58:47,takeout,,credit_card,completed
1018356,19,408,2026-04-30 13:03:19,takeout,,credit_card,completed
1018357,17,,2026-04-30 13:06:59,delivery,,credit_card,completed
1018358,16,1474,2026-04-30 13:08:23,takeout,,credit_card,completed
1018359,15,2253,2026-04-30 13:09:07,delivery,,apple_pay,completed
1018360,19,1451,2026-04-30 13:30:03,drive_thru,,cash,completed
1018361,11,,2026-04-30 13:46:38,delivery,,debit_card,completed
1018362,5,95,2026-04-30 13:48:02,dine_in,,debit_card,completed
1018363,20,521,2026-04-30 13:50:06,takeout,,credit_card,completed
1018364,6,1153,2026-04-30 13:58:50,takeout,,debit_card,completed
1018365,7,,2026-04-30 14:35:27,takeout,,credit_card,completed
1018366,8,986,2026-04-30 14:55:31,dine_in,,cash,completed
1018367,18,1495,2026-04-30 15:02:52,drive_thru,,credit_card,completed
1018368,14,10,2026-04-30 15:38:21,drive_thru,,apple_pay,completed
1018369,19,320,2026-04-30 15:51:21,drive_thru,,cash,completed
1018370,3,,2026-04-30 15:55:41,dine_in,,credit_card,completed
1018371,7,1567,2026-04-30 16:00:59,dine_in,,credit_card,completed
1018372,7,,2026-04-30 16:18:22,delivery,,debit_card,completed
1018373,15,1308,2026-04-30 17:01:50,dine_in,,debit_card,completed
1018374,9,,2026-04-30 17:34:21,takeout,,credit_card,completed
1018375,15,2094,2026-04-30 17:34:25,dine_in,,debit_card,completed
1018376,6,247,2026-04-30 17:42:44,drive_thru,,debit_card,completed
1018377,14,1947,2026-04-30 17:42:57,delivery,,apple_pay,completed
1018378,8,228,04/30/2026 17:54,takeout,,cash,completed
1018379,10,1107,2026-04-30 18:01:57,drive_thru,,debit_card,completed
1018380,4,1430,2026-04-30 18:04:12,dine_in,,debit_card,completed
1018381,11,840,2026-04-30 18:05:04,dine_in,,apple_pay,completed
1018382,13,34,2026-04-30 18:09:15,,,credit_card,completed
1018383,7,2231,2026-04-30 18:09:17,dine_in,,apple_pay,completed
1018384,1,1998,2026-04-30 18:11:22,dine_in,,gift_card,completed
1018385,17,242,2026-04-30 18:14:37,takeout,,credit_card,completed
1018386,15,1552,2026-04-30 18:18:05,delivery,,debit_card,completed
1018387,19,1315,2026-04-30 18:20:51,dine_in,,credit_card,completed
1018388,17,,2026-04-30 18:21:21,takeout,,credit_card,refunded
1018389,6,2270,2026-04-30 18:21:26,delivery,,apple_pay,completed
1018390,6,,2026-04-30 18:22:06,takeout,,cash,completed
1018391,5,2495,2026-04-30 18:24:43,drive_thru,,debit_card,completed
1018392,1,,2026-04-30 18:30:55,dine_in,,debit_card,completed
1018393,3,,2026-04-30 18:33:18,,,debit_card,completed
1018394,16,1545,2026-04-30 18:34:29,dine_in,,credit_card,completed
1018395,2,78,2026-04-30 18:34:32,takeout,,gift_card,completed
1018396,9,702,2026-04-30 18:36:35,dine_in,,credit_card,completed
1018397,19,1581,2026-04-30 18:39:17,dine_in,,apple_pay,cancelled
1018398,12,,2026-04-30 18:46:50,delivery,,credit_card,completed
1018399,4,1415,2026-04-30 18:47:39,drive_thru,,debit_card,completed
1018400,13,,2026-04-30 18:50:37,dine_in,,apple_pay,completed
1018401,20,,2026-04-30 18:51:11,dine_in,,debit_card,completed
1018402,10,1705,2026-04-30 18:51:17,dine_in,,debit_card,completed
1018403,19,80,2026-04-30 18:53:10,drive_thru,,apple_pay,completed
1018404,11,145,2026-04-30 18:53:21,dine_in,,apple_pay,completed
1018405,19,132,2026-04-30 18:53:21,takeout,,credit_card,completed
1018406,13,345,04/30/2026 18:53,dine_in,,credit_card,completed
1018407,7,,2026-04-30 18:55:47,delivery,,credit_card,completed
1018408,9,,2026-04-30 18:55:59,dine_in,,apple_pay,completed
1018409,20,2376,2026-04-30 18:57:14,takeout,,apple_pay,completed
1018410,17,,2026-04-30 18:58:12,delivery,,credit_card,completed
1018411,15,,2026-04-30 19:01:39,drive_thru,,apple_pay,completed
1018412,9,2285,2026-04-30 19:03:01,drive_thru,,gift_card,completed
1018413,3,,2026-04-30 19:03:56,takeout,,debit_card,completed
1018414,15,914,2026-04-30 19:05:24,drive_thru,,credit_card,completed
1018415,8,,2026-04-30 19:06:25,dine_in,,credit_card,completed
1018416,7,,2026-04-30 19:08:01,takeout,,cash,completed
1018417,4,800,2026-04-30 19:08:10,delivery,,debit_card,completed
1018418,5,542,2026-04-30 19:10:03,drive_thru,,cash,completed
1018419,7,,2026-04-30 19:10:51,takeout,,credit_card,completed
1018420,10,,2026-04-30 19:13:16,delivery,,debit_card,completed
1018421,11,,2026-04-30 19:16:49,drive_thru,,gift_card,completed
1018422,3,943,2026-04-30 19:17:05,dine_in,,credit_card,completed
1018423,16,242,2026-04-30 19:18:52,takeout,,cash,completed
1018424,6,,2026-04-30 19:19:11,takeout,,cash,completed
1018425,4,,2026-04-30 19:22:37,drive_thru,,credit_card,completed
1018426,14,2010,2026-04-30 19:24:42,delivery,,credit_card,completed
1018427,7,269,2026-04-30 19:24:44,delivery,,credit_card,completed
1018428,4,2090,2026-04-30 19:32:24,drive_thru,,gift_card,completed
1018429,1,2098,2026-04-30 19:40:25,takeout,,debit_card,completed
1018430,12,,2026-04-30 19:45:40,dine_in,,cash,completed
1018431,8,1327,2026-04-30 19:48:45,delivery,,credit_card,completed
1018432,3,1102,2026-04-30 19:52:21,delivery,,gift_card,completed
1018433,1,,2026-04-30 19:53:30,takeout,,credit_card,completed
1018434,2,774,2026-04-30 19:55:16,takeout,,apple_pay,completed
1018435,6,,2026-04-30 19:56:01,delivery,,credit_card,completed
1018436,4,,2026-04-30 19:57:45,delivery,,credit_card,completed
1018437,5,,2026-04-30 20:00:13,dine_in,,credit_card,completed
1018438,13,971,2026-04-30 20:35:11,dine_in,,debit_card,completed
1018439,14,255,2026-04-30 20:37:36,dine_in,,cash,completed
1018440,18,,2026-04-30 20:50:11,drive_thru,,credit_card,completed
1018441,16,,2026-04-30 21:04:31,dine_in,,credit_card,completed
1018442,10,884,2026-04-30 21:39:26,drive_thru,,credit_card,completed
