order_id,location_id,customer_id,order_ts,channel,promo_code,payment_type,order_status
1000001,19,1482,2026-01-01 10:47:47,dine_in,,apple_pay,completed
1000002,5,2333,2026-01-01 11:14:04,delivery,,credit_card,completed
1000003,15,1156,2026-01-01 11:18:19,dine_in,,debit_card,completed
1000004,2,,2026-01-01 11:36:24,takeout,,apple_pay,cancelled
1000005,9,,2026-01-01 11:42:00,dine_in,,debit_card,completed
1000006,12,1933,2026-01-01 11:43:20,dine_in,,credit_card,completed
1000007,14,2249,2026-01-01 11:45:08,delivery,,credit_card,completed
1000008,15,5,2026-01-01 11:45:22,drive_thru,,credit_card,completed
1000009,16,,2026-01-01 11:47:49,delivery,,apple_pay,completed
1000010,7,2165,2026-01-01 11:54:50,delivery,,credit_card,completed
1000011,1,706,2026-01-01 11:56:42,dine_in,,credit_card,completed
1000012,16,1691,2026-01-01 11:56:50,dine_in,,credit_card,completed
1000013,5,,2026-01-01 12:01:55,drive_thru,,apple_pay,completed
1000014,6,2117,2026-01-01 12:06:44,drive_thru,,gift_card,completed
1000015,7,2211,2026-01-01 12:07:09,dine_in,,apple_pay,completed
1000016,16,483,2026-01-01 12:07:39,dine_in,,apple_pay,completed
1000017,13,1288,2026-01-01 12:09:15,dine_in,,credit_card,completed
1000018,7,568,2026-01-01 12:10:50,dine_in,,credit_card,completed
1000019,13,2065,2026-01-01 12:13:24,delivery,,credit_card,completed
1000020,6,1189,2026-01-01 12:13:40,dine_in,,credit_card,completed
1000021,4,2074,2026-01-01 12:13:43,delivery,,credit_card,completed
1000022,14,1774,2026-01-01 12:14:17,dine_in,,apple_pay,completed
1000023,5,468,2026-01-01 12:14:24,dine_in,,debit_card,completed
1000024,3,2363,2026-01-01 12:14:42,dine_in,,debit_card,completed
1000025,1,,2026-01-01 12:20:25,dine_in,,apple_pay,completed
1000026,6,1989,2026-01-01 12:21:26,dine_in,,apple_pay,completed
1000027,3,1233,2026-01-01 12:21:43,delivery,,apple_pay,completed
1000028,18,421,2026-01-01 12:21:57,dine_in,,apple_pay,completed
1000029,7,2389,2026-01-01 12:23:02,delivery,,apple_pay,completed
1000030,12,,2026-01-01 12:26:46,delivery,,credit_card,completed
1000031,18,2267,2026-01-01 12:31:31,delivery,,credit_card,completed
1000032,13,,2026-01-01 12:32:12,takeout,,credit_card,completed
1000033,13,1782,2026-01-01 12:32:44,dine_in,,credit_card,completed
1000034,14,566,2026-01-01 12:32:50,takeout,,credit_card,completed
1000035,11,,2026-01-01 12:35:28,dine_in,,cash,completed
1000036,9,526,2026-01-01 12:40:37,drive_thru,,debit_card,completed
1000037,1,748,2026-01-01 12:41:42,dine_in,,debit_card,completed
1000038,18,543,2026-01-01 12:43:53,drive_thru,,debit_card,completed
1000039,10,13,2026-01-01 12:44:42,dine_in,,credit_card,completed
1000040,10,,2026-01-01 12:45:45,delivery,,credit_card,completed
1000041,2,541,2026-01-01 12:57:11,dine_in,,cash,completed
1000042,14,1367,2026-01-01 13:01:32,delivery,,debit_card,completed
1000043,18,1739,2026-01-01 13:02:33,drive_thru,,credit_card,completed
1000044,5,932,2026-01-01 13:04:46,dine_in,,credit_card,completed
1000045,8,457,2026-01-01 13:07:12,dine_in,,gift_card,completed
1000046,7,,2026-01-01 13:11:44,takeout,,credit_card,completed
1000047,19,382,01/01/2026 13:13,drive_thru,,gift_card,completed
1000048,6,88,2026-01-01 13:14:20,dine_in,,credit_card,completed
1000049,13,,2026-01-01 13:20:56,dine_in,,debit_card,completed
1000050,18,838,2026-01-01 13:32:39,dine_in,,credit_card,completed
1000051,3,,2026-01-01 13:51:41,takeout,,apple_pay,completed
1000052,16,1557,2026-01-01 14:12:05,dine_in,,debit_card,completed
1000053,3,1376,2026-01-01 15:07:22,takeout,,credit_card,completed
1000054,13,1782,2026-01-01 15:29:52,dine_in,,debit_card,completed
1000055,1,375,2026-01-01 15:50:46,dine_in,,apple_pay,completed
1000056,11,2394,2026-01-01 16:04:25,dine_in,,credit_card,completed
1000057,7,1158,2026-01-01 16:25:57,dine_in,,credit_card,completed
1000058,7,568,2026-01-01 16:40:40,dine_in,,debit_card,completed
1000059,7,127,2026-01-01 16:41:58,takeout,,cash,completed
1000060,10,1486,2026-01-01 17:05:39,dine_in,,debit_card,completed
1000061,3,,2026-01-01 17:33:47,takeout,,debit_card,completed
1000062,6,,2026-01-01 17:35:53,delivery,,debit_card,completed
1000063,19,1391,2026-01-01 18:07:44,delivery,,apple_pay,completed
1000064,14,,2026-01-01 18:08:50,takeout,,credit_card,completed
1000065,8,2006,2026-01-01 18:11:26,dine_in,,apple_pay,completed
1000066,14,2289,2026-01-01 18:15:17,takeout,,cash,completed
1000067,4,2458,2026-01-01 18:19:36,takeout,,apple_pay,cancelled
1000068,2,,2026-01-01 18:27:02,dine_in,,debit_card,completed
1000069,5,172,2026-01-01 18:37:51,delivery,,debit_card,completed
1000070,3,2493,2026-01-01 18:38:53,takeout,,cash,completed
1000071,16,2434,2026-01-01 18:39:08,dine_in,,credit_card,completed
1000072,16,2161,2026-01-01 18:39:16,dine_in,,credit_card,completed
1000073,13,,2026-01-01 18:47:27,dine_in,,apple_pay,refunded
1000074,9,1361,2026-01-01 18:55:53,drive_thru,,cash,completed
1000075,2,1216,2026-01-01 18:57:28,delivery,,credit_card,completed
1000076,15,1505,2026-01-01 19:02:00,drive_thru,,debit_card,completed
1000077,16,1655,2026-01-01 19:03:39,dine_in,,apple_pay,completed
1000078,7,1697,2026-01-01 19:05:35,dine_in,,credit_card,completed
1000079,5,1585,2026-01-01 19:09:00,dine_in,,credit_card,completed
1000080,15,,2026-01-01 19:15:25,takeout,,credit_card,completed
1000081,1,2077,2026-01-01 19:17:01,dine_in,,credit_card,completed
1000082,2,1021,2026-01-01 19:18:20,dine_in,,credit_card,completed
1000083,11,959,2026-01-01 19:19:55,takeout,,debit_card,cancelled
1000084,16,,2026-01-01 19:20:24,dine_in,,debit_card,completed
1000085,14,,2026-01-01 19:22:52,delivery,,credit_card,completed
1000086,10,1013,2026-01-01 19:27:02,dine_in,,credit_card,completed
1000087,3,315,2026-01-01 19:27:25,dine_in,,cash,completed
1000088,11,2350,2026-01-01 19:33:24,dine_in,,credit_card,completed
1000089,19,,2026-01-01 19:34:38,drive_thru,,credit_card,completed
1000090,16,1655,2026-01-01 19:43:04,delivery,,credit_card,completed
1000091,6,93,2026-01-01 19:46:37,takeout,,cash,completed
1000092,3,,2026-01-01 19:48:01,delivery,,apple_pay,completed
1000093,8,,2026-01-01 19:52:16,takeout,,debit_card,cancelled
1000094,17,1079,2026-01-01 19:54:39,dine_in,,credit_card,completed
1000095,11,1182,2026-01-01 19:56:01,takeout,,apple_pay,completed
1000096,11,1513,2026-01-01 19:56:52,drive_thru,,apple_pay,completed
1000097,1,968,2026-01-01 19:57:12,takeout,,credit_card,completed
1000098,2,239,2026-01-01 19:58:28,dine_in,,credit_card,completed
1000099,1,2359,2026-01-01 19:59:00,dine_in,,apple_pay,completed
1000100,14,1915,2026-01-01 20:04:44,takeout,,apple_pay,completed
1000101,17,,2026-01-01 20:06:05,dine_in,,credit_card,completed
1000102,4,1090,2026-01-01 20:09:02,takeout,,debit_card,completed
1000103,11,,2026-01-01 20:10:25,dine_in,,cash,completed
1000104,4,1443,2026-01-01 20:17:47,drive_thru,,cash,completed
1000105,2,1436,2026-01-01 20:25:15,dine_in,,apple_pay,completed
1000106,15,,2026-01-01 20:30:30,delivery,,debit_card,completed
1000107,13,20,2026-01-01 21:04:54,dine_in,,debit_card,completed
1000108,3,563,01/01/2026 21:32,dine_in,,cash,completed
1000109,6,,2026-01-01 21:40:13,drive_thru,,debit_card,completed
1000110,15,1237,2026-01-01 21:53:43,drive_thru,,credit_card,completed
1000111,10,1249,2026-01-01 21:56:37,dine_in,,credit_card,completed
1000112,7,2071,01/02/2026 10:41,dine_in,,cash,completed
1000113,18,,2026-01-02 10:48:59,dine_in,,apple_pay,completed
1000114,14,646,2026-01-02 10:55:33,dine_in,,credit_card,completed
1000115,10,107,2026-01-02 10:57:38,dine_in,,credit_card,completed
1000116,14,855,2026-01-02 11:08:40,takeout,,gift_card,completed
1000117,1,,2026-01-02 11:16:06,dine_in,,debit_card,completed
1000118,7,,2026-01-02 11:22:06,dine_in,,credit_card,completed
1000119,19,2017,2026-01-02 11:28:00,delivery,,debit_card,completed
1000120,1,536,2026-01-02 11:31:17,dine_in,,debit_card,completed
1000121,8,1327,2026-01-02 11:33:55,dine_in,,debit_card,completed
1000122,19,1079,2026-01-02 11:44:35,takeout,,apple_pay,completed
1000123,17,,2026-01-02 11:47:21,takeout,,debit_card,completed
1000124,10,,2026-01-02 11:47:44,takeout,,gift_card,cancelled
1000125,13,,2026-01-02 11:48:04,dine_in,,debit_card,completed
1000126,1,32,2026-01-02 11:49:30,takeout,,credit_card,completed
1000127,14,1199,2026-01-02 11:51:18,delivery,,debit_card,completed
1000128,10,125,2026-01-02 11:53:19,drive_thru,,credit_card,completed
1000129,12,1881,2026-01-02 11:56:51,takeout,,credit_card,completed
1000130,5,1591,2026-01-02 11:57:34,drive_thru,,credit_card,completed
1000131,5,235,2026-01-02 12:01:55,takeout,,cash,completed
1000132,11,941,2026-01-02 12:02:45,dine_in,,cash,completed
1000133,11,,2026-01-02 12:04:09,dine_in,,debit_card,completed
1000134,15,729,2026-01-02 12:07:19,delivery,,credit_card,completed
1000135,18,482,2026-01-02 12:08:26,takeout,,credit_card,completed
1000136,6,1838,2026-01-02 12:14:24,takeout,NEWYEAR10,cash,completed
1000137,16,962,2026-01-02 12:17:16,dine_in,,cash,completed
1000138,6,2377,2026-01-02 12:20:19,drive_thru,,cash,completed
1000139,7,,2026-01-02 12:22:59,dine_in,,credit_card,completed
1000140,11,,2026-01-02 12:23:09,drive_thru,,cash,completed
1000141,7,,2026-01-02 12:23:20,takeout,,credit_card,completed
1000142,8,2348,2026-01-02 12:25:08,dine_in,,debit_card,completed
1000143,12,2186,2026-01-02 12:25:28,delivery,,credit_card,completed
1000144,7,,2026-01-02 12:26:36,dine_in,,debit_card,completed
1000145,10,,2026-01-02 12:27:03,dine_in,,credit_card,completed
1000146,13,1465,2026-01-02 12:28:10,dine_in,,credit_card,completed
1000147,8,719,2026-01-02 12:29:34,dine_in,,debit_card,completed
1000148,17,,2026-01-02 12:31:41,dine_in,,debit_card,completed
1000149,2,,2026-01-02 12:32:32,dine_in,,debit_card,completed
1000150,4,,2026-01-02 12:34:27,drive_thru,,credit_card,completed
1000151,14,209,2026-01-02 12:34:54,delivery,,credit_card,completed
1000152,18,1775,2026-01-02 12:37:11,dine_in,,credit_card,completed
1000153,17,,2026-01-02 12:38:15,takeout,,cash,completed
1000154,3,1453,2026-01-02 12:38:27,delivery,,credit_card,completed
1000155,1,,2026-01-02 12:38:37,dine_in,NEWYEAR10,credit_card,completed
1000156,19,411,2026-01-02 12:39:20,dine_in,,gift_card,completed
1000157,18,2267,2026-01-02 12:39:43,takeout,,cash,completed
1000158,5,541,2026-01-02 12:40:06,drive_thru,,credit_card,completed
1000159,11,,2026-01-02 12:41:43,delivery,,credit_card,completed
1000160,15,2420,2026-01-02 12:41:49,takeout,,debit_card,completed
1000161,3,175,2026-01-02 12:42:11,delivery,,credit_card,completed
1000162,4,,2026-01-02 12:42:42,dine_in,,debit_card,completed
1000163,7,581,2026-01-02 12:43:00,takeout,,credit_card,completed
1000164,9,1053,2026-01-02 12:43:09,dine_in,,cash,completed
1000165,14,,2026-01-02 12:44:41,drive_thru,,debit_card,completed
1000166,6,2340,2026-01-02 12:45:02,delivery,,credit_card,completed
1000167,8,1605,2026-01-02 12:45:17,dine_in,,credit_card,completed
1000168,10,7,2026-01-02 12:45:31,dine_in,,debit_card,completed
1000169,19,2400,2026-01-02 12:49:04,drive_thru,,apple_pay,completed
1000170,17,,2026-01-02 12:50:44,takeout,,debit_card,completed
1000171,6,2146,2026-01-02 12:51:59,takeout,,cash,completed
1000172,5,1159,2026-01-02 12:53:45,takeout,,apple_pay,completed
1000173,4,,2026-01-02 12:56:49,dine_in,,debit_card,completed
1000174,1,1197,2026-01-02 12:58:52,dine_in,,gift_card,completed
1000175,3,,2026-01-02 13:03:55,dine_in,,credit_card,completed
1000176,15,1299,2026-01-02 13:04:03,dine_in,,debit_card,completed
1000177,12,,2026-01-02 13:08:55,takeout,,credit_card,completed
1000178,18,1775,2026-01-02 13:12:14,takeout,,debit_card,completed
1000179,4,1924,2026-01-02 13:14:53,drive_thru,,credit_card,completed
1000180,9,1792,2026-01-02 13:19:04,dine_in,,apple_pay,cancelled
1000181,2,,2026-01-02 13:20:42,dine_in,,debit_card,refunded
1000182,14,374,2026-01-02 13:24:22,dine_in,,cash,completed
1000183,14,1214,2026-01-02 13:28:11,drive_thru,,debit_card,completed
1000184,7,,2026-01-02 13:53:20,delivery,,credit_card,completed
1000185,5,1522,2026-01-02 13:55:45,dine_in,,credit_card,completed
1000186,10,836,2026-01-02 14:01:03,drive_thru,,debit_card,completed
1000187,2,,2026-01-02 14:16:46,delivery,NEWYEAR10,debit_card,completed
1000188,2,1644,2026-01-02 14:17:00,,,cash,completed
1000189,6,1609,2026-01-02 14:58:27,dine_in,,debit_card,completed
1000190,4,1385,2026-01-02 16:29:58,dine_in,,credit_card,completed
1000191,13,592,2026-01-02 16:44:15,delivery,,credit_card,completed
1000192,1,535,2026-01-02 16:57:07,dine_in,,credit_card,completed
1000193,8,104,2026-01-02 16:57:10,dine_in,,credit_card,completed
1000194,8,1193,2026-01-02 17:02:04,takeout,,debit_card,completed
1000195,6,,2026-01-02 17:09:02,dine_in,,debit_card,completed
1000196,8,1190,2026-01-02 17:14:50,takeout,,debit_card,cancelled
1000197,1,,2026-01-02 17:36:10,dine_in,NEWYEAR10,credit_card,completed
1000198,18,,2026-01-02 17:37:05,delivery,,credit_card,cancelled
1000199,3,,2026-01-02 17:42:41,takeout,,cash,completed
1000200,6,151,2026-01-02 17:45:35,dine_in,NEWYEAR10,credit_card,completed
1000201,2,,2026-01-02 17:48:52,dine_in,,cash,completed
1000202,9,2188,2026-01-02 17:49:41,dine_in,,apple_pay,refunded
1000203,6,,2026-01-02 17:50:38,,,cash,completed
1000204,16,,2026-01-02 17:54:54,delivery,,debit_card,completed
1000205,5,1977,2026-01-02 17:55:39,dine_in,,debit_card,completed
1000206,7,1056,01/02/2026 17:56,takeout,NEWYEAR10,credit_card,completed
1000207,1,1330,2026-01-02 17:58:17,dine_in,,apple_pay,completed
1000208,4,1609,01/02/2026 17:58,dine_in,,apple_pay,completed
1000209,15,1156,2026-01-02 18:02:53,dine_in,,cash,completed
1000210,6,,2026-01-02 18:03:39,dine_in,,credit_card,completed
1000211,16,4,2026-01-02 18:12:13,takeout,,credit_card,completed
1000212,5,,2026-01-02 18:14:51,dine_in,,credit_card,completed
1000213,6,685,2026-01-02 18:16:58,drive_thru,,cash,completed
1000214,15,2063,2026-01-02 18:18:09,dine_in,,credit_card,completed
1000215,13,2186,2026-01-02 18:22:42,dine_in,,credit_card,completed
1000216,18,2216,2026-01-02 18:27:07,dine_in,,apple_pay,completed
1000217,14,,2026-01-02 18:30:43,delivery,NEWYEAR10,credit_card,completed
1000218,13,1341,2026-01-02 18:31:07,dine_in,,debit_card,completed
1000219,8,104,2026-01-02 18:32:26,dine_in,,credit_card,completed
1000220,9,,2026-01-02 18:34:51,dine_in,,debit_card,completed
1000221,15,2282,2026-01-02 18:35:58,drive_thru,,credit_card,completed
1000222,6,1776,2026-01-02 18:36:29,dine_in,,cash,completed
1000223,6,1386,2026-01-02 18:36:53,takeout,,credit_card,completed
1000224,16,33,2026-01-02 18:37:07,dine_in,,debit_card,completed
1000225,6,882,2026-01-02 18:41:15,dine_in,,credit_card,completed
1000226,12,,2026-01-02 18:44:05,takeout,,credit_card,completed
1000227,16,237,2026-01-02 18:44:17,takeout,,cash,completed
1000228,12,1326,2026-01-02 18:45:47,takeout,NEWYEAR10,debit_card,completed
1000229,3,713,2026-01-02 18:47:32,takeout,,credit_card,completed
1000230,16,80,2026-01-02 18:47:43,dine_in,,credit_card,completed
1000231,2,1388,2026-01-02 18:48:05,takeout,,credit_card,completed
1000232,9,,2026-01-02 18:48:12,dine_in,,credit_card,completed
1000233,9,1658,2026-01-02 18:48:43,,NEWYEAR10,debit_card,completed
1000234,10,,2026-01-02 18:55:49,delivery,,credit_card,refunded
1000235,6,1530,2026-01-02 18:56:11,dine_in,,credit_card,completed
1000236,6,980,2026-01-02 18:58:42,drive_thru,,credit_card,completed
1000237,19,,2026-01-02 19:00:21,takeout,,gift_card,completed
1000238,4,1718,2026-01-02 19:00:28,dine_in,,credit_card,completed
1000239,13,699,2026-01-02 19:03:09,dine_in,,credit_card,completed
1000240,3,,2026-01-02 19:04:22,dine_in,,cash,completed
1000241,17,,2026-01-02 19:06:12,dine_in,,apple_pay,completed
1000242,7,,2026-01-02 19:07:24,delivery,,credit_card,completed
1000243,8,1440,2026-01-02 19:12:04,takeout,,apple_pay,completed
1000244,5,2495,2026-01-02 19:13:07,drive_thru,,credit_card,completed
1000245,7,,2026-01-02 19:15:09,takeout,,debit_card,completed
1000246,8,,2026-01-02 19:16:21,dine_in,,credit_card,completed
1000247,16,33,2026-01-02 19:16:38,dine_in,,cash,completed
1000248,7,,2026-01-02 19:17:14,,,credit_card,completed
1000249,7,912,2026-01-02 19:20:44,takeout,,credit_card,completed
1000250,16,486,2026-01-02 19:23:07,takeout,,credit_card,completed
1000251,6,1763,2026-01-02 19:25:25,drive_thru,,cash,completed
1000252,12,1652,2026-01-02 19:29:22,takeout,,debit_card,completed
1000253,8,861,2026-01-02 19:29:49,dine_in,,credit_card,completed
1000254,18,4,2026-01-02 19:34:28,drive_thru,,apple_pay,completed
1000255,17,,2026-01-02 19:35:55,dine_in,,debit_card,completed
1000256,4,533,2026-01-02 19:38:05,dine_in,,gift_card,completed
1000257,10,1207,2026-01-02 19:38:23,drive_thru,,debit_card,completed
1000258,11,2257,2026-01-02 19:39:10,takeout,,credit_card,completed
1000259,19,408,2026-01-02 19:39:34,drive_thru,,credit_card,completed
1000260,16,323,2026-01-02 19:41:21,dine_in,,debit_card,completed
1000261,4,1624,2026-01-02 19:41:22,dine_in,,credit_card,completed
1000262,14,,2026-01-02 19:42:01,takeout,,cash,completed
1000263,3,,2026-01-02 19:46:14,dine_in,,apple_pay,completed
1000264,16,1149,2026-01-02 19:46:54,delivery,,apple_pay,completed
1000265,16,60,2026-01-02 19:52:00,takeout,,credit_card,completed
1000266,14,318,2026-01-02 19:52:27,takeout,,cash,completed
1000267,16,119,2026-01-02 19:52:39,takeout,,credit_card,completed
1000268,6,1081,01/02/2026 19:53,dine_in,NEWYEAR10,debit_card,completed
1000269,3,2217,2026-01-02 19:53:33,takeout,,credit_card,completed
1000270,19,90,2026-01-02 19:57:41,drive_thru,,credit_card,completed
1000271,10,884,2026-01-02 19:58:24,drive_thru,,apple_pay,cancelled
1000272,19,1635,2026-01-02 19:58:41,dine_in,,apple_pay,completed
1000273,2,,2026-01-02 20:00:00,takeout,,debit_card,completed
1000274,13,,2026-01-02 20:00:02,dine_in,,credit_card,completed
1000275,19,162,2026-01-02 20:03:29,dine_in,,credit_card,completed
1000276,19,322,2026-01-02 20:10:37,takeout,,credit_card,completed
1000277,2,1113,2026-01-02 20:12:39,dine_in,,debit_card,completed
1000278,13,440,2026-01-02 20:15:54,takeout,,credit_card,cancelled
1000279,7,1827,2026-01-02 20:18:05,dine_in,,credit_card,completed
1000280,16,,2026-01-02 20:30:46,takeout,,credit_card,completed
1000281,15,1441,2026-01-02 20:37:18,drive_thru,,credit_card,completed
1000282,6,1164,2026-01-02 21:44:09,dine_in,,debit_card,refunded
1000283,3,,2026-01-03 10:33:28,dine_in,,apple_pay,completed
1000284,1,499,2026-01-03 10:40:01,dine_in,,credit_card,completed
1000285,2,1382,2026-01-03 10:50:48,dine_in,,apple_pay,cancelled
1000286,19,1365,2026-01-03 10:54:53,drive_thru,,cash,cancelled
1000287,9,1000,2026-01-03 11:12:05,drive_thru,,apple_pay,completed
1000288,12,1234,2026-01-03 11:23:36,takeout,,credit_card,completed
1000289,8,,2026-01-03 11:32:13,dine_in,,debit_card,completed
1000290,6,1625,2026-01-03 11:33:33,takeout,,apple_pay,completed
1000291,19,1062,2026-01-03 11:43:46,dine_in,,cash,cancelled
1000292,2,2177,2026-01-03 11:44:45,dine_in,,credit_card,refunded
1000293,12,38,2026-01-03 11:44:55,takeout,,credit_card,completed
1000294,16,1691,2026-01-03 11:47:37,takeout,NEWYEAR10,credit_card,completed
1000295,19,2460,2026-01-03 11:49:45,drive_thru,,credit_card,completed
1000296,3,,2026-01-03 11:50:26,dine_in,,cash,cancelled
1000297,15,,2026-01-03 11:51:03,drive_thru,,debit_card,completed
1000298,9,,2026-01-03 11:52:46,dine_in,,credit_card,completed
1000299,5,,2026-01-03 11:53:09,dine_in,,cash,completed
1000300,7,776,2026-01-03 11:54:00,takeout,,credit_card,completed
1000301,15,1696,2026-01-03 11:54:11,delivery,,credit_card,completed
1000302,15,841,2026-01-03 11:55:35,delivery,,credit_card,completed
1000303,7,1866,2026-01-03 11:56:38,dine_in,,credit_card,completed
1000304,11,1377,2026-01-03 11:58:05,drive_thru,,debit_card,completed
1000305,4,1742,2026-01-03 12:00:55,drive_thru,,credit_card,completed
1000306,13,1072,2026-01-03 12:00:55,delivery,,credit_card,completed
1000307,19,2046,2026-01-03 12:01:23,dine_in,,credit_card,completed
1000308,6,537,2026-01-03 12:01:47,drive_thru,,debit_card,completed
1000309,3,1131,2026-01-03 12:03:41,delivery,,credit_card,completed
1000310,10,,2026-01-03 12:03:54,dine_in,,apple_pay,completed
1000311,1,883,2026-01-03 12:04:19,dine_in,,credit_card,completed
1000312,1,,2026-01-03 12:05:10,takeout,,credit_card,cancelled
1000313,6,,2026-01-03 12:07:03,drive_thru,,cash,completed
1000314,8,2393,2026-01-03 12:10:53,takeout,,cash,completed
1000315,10,,2026-01-03 12:14:38,drive_thru,NEWYEAR10,credit_card,completed
1000316,19,1537,2026-01-03 12:15:14,takeout,,debit_card,completed
1000317,15,529,2026-01-03 12:16:25,delivery,,apple_pay,completed
1000318,11,,2026-01-03 12:18:24,dine_in,,debit_card,completed
1000319,6,911,2026-01-03 12:20:27,delivery,,debit_card,completed
1000320,13,,2026-01-03 12:20:52,dine_in,,credit_card,completed
1000321,5,,2026-01-03 12:22:39,drive_thru,,cash,completed
1000322,12,,2026-01-03 12:23:41,takeout,,apple_pay,completed
1000323,3,1989,2026-01-03 12:24:20,dine_in,,apple_pay,refunded
1000324,14,1725,2026-01-03 12:24:38,dine_in,,debit_card,completed
1000325,12,2252,2026-01-03 12:27:08,takeout,,apple_pay,completed
1000326,19,,2026-01-03 12:27:30,delivery,,credit_card,completed
1000327,10,959,2026-01-03 12:27:32,dine_in,,debit_card,completed
1000328,3,,2026-01-03 12:31:59,delivery,NEWYEAR10,debit_card,completed
1000329,18,,2026-01-03 12:32:04,takeout,,apple_pay,completed
1000330,18,,2026-01-03 12:35:12,dine_in,,cash,completed
1000331,14,1774,2026-01-03 12:36:41,takeout,,cash,completed
1000332,14,,2026-01-03 12:37:21,dine_in,,credit_card,completed
1000333,19,2182,2026-01-03 12:37:33,dine_in,,cash,completed
1000334,7,598,2026-01-03 12:38:14,takeout,,credit_card,completed
1000335,8,,2026-01-03 12:40:02,dine_in,,debit_card,completed
1000336,7,,2026-01-03 12:40:33,dine_in,,credit_card,completed
1000337,19,,2026-01-03 12:40:59,,,apple_pay,completed
1000338,13,288,2026-01-03 12:41:42,takeout,,debit_card,completed
1000339,11,2257,2026-01-03 12:43:01,dine_in,,debit_card,completed
1000340,14,,2026-01-03 12:43:05,delivery,,credit_card,completed
1000341,12,1912,2026-01-03 12:43:10,dine_in,,debit_card,completed
1000342,15,,2026-01-03 12:45:29,delivery,,debit_card,completed
1000343,9,,2026-01-03 12:46:56,drive_thru,,apple_pay,completed
1000344,4,1349,2026-01-03 12:47:38,takeout,,debit_card,completed
1000345,4,,2026-01-03 12:50:24,drive_thru,,debit_card,completed
1000346,17,,2026-01-03 12:50:42,takeout,,debit_card,completed
1000347,19,1266,2026-01-03 12:54:17,drive_thru,,credit_card,completed
1000348,6,573,2026-01-03 12:54:27,dine_in,,debit_card,completed
1000349,5,2495,2026-01-03 12:56:03,drive_thru,,debit_card,completed
1000350,15,1518,2026-01-03 12:57:09,drive_thru,,credit_card,completed
1000351,6,2179,2026-01-03 12:59:59,takeout,,credit_card,completed
1000352,2,1382,2026-01-03 13:00:09,delivery,,credit_card,completed
1000353,16,1889,2026-01-03 13:00:33,takeout,,cash,completed
1000354,15,5,2026-01-03 13:04:19,delivery,,credit_card,completed
1000355,18,,2026-01-03 13:05:31,dine_in,,credit_card,completed
1000356,9,21,2026-01-03 13:06:32,drive_thru,,cash,completed
1000357,7,,2026-01-03 13:13:04,dine_in,,credit_card,completed
1000358,16,,2026-01-03 13:14:16,dine_in,,debit_card,completed
1000359,1,1596,2026-01-03 13:17:48,dine_in,NEWYEAR10,apple_pay,completed
1000360,18,,2026-01-03 13:18:32,delivery,,credit_card,completed
1000361,7,682,2026-01-03 13:19:18,takeout,,apple_pay,completed
1000362,10,,2026-01-03 13:20:02,drive_thru,,debit_card,completed
1000363,10,,2026-01-03 13:23:08,takeout,,debit_card,completed
1000364,17,408,2026-01-03 13:26:54,takeout,,credit_card,completed
1000365,18,1629,2026-01-03 13:28:31,takeout,,apple_pay,completed
1000366,7,,2026-01-03 13:33:51,dine_in,,credit_card,completed
1000367,8,986,2026-01-03 13:36:28,dine_in,,gift_card,completed
1000368,7,,2026-01-03 13:38:31,dine_in,,credit_card,completed
1000369,13,617,2026-01-03 13:48:19,takeout,,cash,completed
1000370,3,1665,2026-01-03 13:54:10,takeout,,credit_card,completed
1000371,14,1339,2026-01-03 14:11:29,takeout,,debit_card,completed
1000372,7,1973,2026-01-03 14:25:22,dine_in,,debit_card,completed
1000373,15,2408,2026-01-03 14:40:25,takeout,,credit_card,completed
1000374,2,,2026-01-03 15:03:51,dine_in,,apple_pay,completed
1000375,12,2215,2026-01-03 15:48:59,takeout,,credit_card,completed
1000376,13,1684,2026-01-03 15:49:42,dine_in,,credit_card,completed
1000377,18,809,2026-01-03 15:52:47,drive_thru,,apple_pay,completed
1000378,10,1975,2026-01-03 16:50:43,drive_thru,,credit_card,completed
1000379,1,88,2026-01-03 17:06:35,dine_in,,credit_card,completed
1000380,1,1874,2026-01-03 17:11:36,takeout,,debit_card,completed
1000381,1,,2026-01-03 17:12:50,dine_in,,gift_card,completed
1000382,11,18,2026-01-03 17:13:09,drive_thru,,credit_card,completed
1000383,2,1687,2026-01-03 17:26:54,takeout,,cash,completed
1000384,10,2480,2026-01-03 17:43:36,takeout,,credit_card,completed
1000385,19,,2026-01-03 17:44:03,takeout,,debit_card,completed
1000386,15,,2026-01-03 17:55:56,takeout,,credit_card,completed
1000387,15,963,2026-01-03 17:57:26,takeout,,gift_card,completed
1000388,8,1126,2026-01-03 18:00:26,dine_in,,apple_pay,completed
1000389,10,602,2026-01-03 18:01:46,dine_in,,credit_card,completed
1000390,14,413,2026-01-03 18:01:57,drive_thru,,cash,completed
1000391,1,2279,2026-01-03 18:04:17,delivery,,debit_card,completed
1000392,6,1529,2026-01-03 18:05:06,drive_thru,,debit_card,completed
1000393,18,2216,2026-01-03 18:06:09,drive_thru,,debit_card,completed
1000394,19,,01/03/2026 18:08,dine_in,,apple_pay,completed
1000395,2,,2026-01-03 18:09:17,dine_in,,debit_card,completed
1000396,12,992,01/03/2026 18:09,dine_in,,debit_card,completed
1000397,7,858,2026-01-03 18:10:27,dine_in,,credit_card,completed
1000398,19,,2026-01-03 18:13:18,drive_thru,,credit_card,completed
1000399,5,1159,2026-01-03 18:15:24,delivery,,gift_card,completed
1000400,2,,2026-01-03 18:17:20,delivery,,credit_card,completed
1000401,17,908,2026-01-03 18:21:04,delivery,,credit_card,cancelled
1000402,16,1655,2026-01-03 18:21:51,dine_in,NEWYEAR10,cash,completed
1000403,7,969,2026-01-03 18:22:01,delivery,,credit_card,completed
1000404,14,195,2026-01-03 18:22:42,takeout,,credit_card,completed
1000405,8,2148,2026-01-03 18:24:28,delivery,,credit_card,completed
1000406,12,,2026-01-03 18:30:27,dine_in,,credit_card,completed
1000407,11,904,2026-01-03 18:32:05,takeout,,apple_pay,completed
1000408,17,1979,2026-01-03 18:33:11,delivery,,debit_card,completed
1000409,13,288,2026-01-03 18:33:18,dine_in,,credit_card,completed
1000410,12,,2026-01-03 18:33:46,dine_in,,credit_card,refunded
1000411,1,,2026-01-03 18:33:48,takeout,,apple_pay,completed
1000412,5,,2026-01-03 18:34:14,dine_in,,cash,completed
1000413,19,,2026-01-03 18:35:39,dine_in,,credit_card,completed
1000414,6,1295,2026-01-03 18:38:54,dine_in,,debit_card,completed
1000415,1,1141,2026-01-03 18:42:02,dine_in,,apple_pay,completed
1000416,5,,2026-01-03 18:43:06,drive_thru,,gift_card,completed
1000417,14,814,2026-01-03 18:47:25,delivery,,debit_card,completed
1000418,8,,2026-01-03 18:50:35,dine_in,,credit_card,completed
1000419,17,1147,2026-01-03 18:51:01,dine_in,,debit_card,completed
1000420,10,,2026-01-03 18:53:44,delivery,,apple_pay,completed
1000421,3,2497,2026-01-03 18:55:07,dine_in,,apple_pay,completed
1000422,9,1922,2026-01-03 18:55:43,delivery,,debit_card,completed
1000423,12,1941,2026-01-03 18:56:16,takeout,,credit_card,completed
1000424,15,,2026-01-03 19:01:15,,,debit_card,completed
1000425,11,,2026-01-03 19:01:38,dine_in,,debit_card,completed
1000426,4,516,2026-01-03 19:01:52,drive_thru,,debit_card,completed
1000427,5,889,2026-01-03 19:02:26,takeout,,apple_pay,completed
1000428,1,630,2026-01-03 19:03:38,dine_in,,credit_card,completed
1000429,5,2462,2026-01-03 19:06:39,drive_thru,,debit_card,completed
1000430,7,773,2026-01-03 19:07:15,takeout,,credit_card,completed
1000431,7,,2026-01-03 19:08:56,dine_in,,credit_card,completed
1000432,17,414,01/03/2026 19:10,delivery,,credit_card,completed
1000433,10,1470,2026-01-03 19:17:48,dine_in,,credit_card,completed
1000434,19,1809,2026-01-03 19:19:34,dine_in,,credit_card,completed
1000435,16,,2026-01-03 19:20:24,takeout,,debit_card,completed
1000436,7,,2026-01-03 19:21:45,dine_in,,credit_card,completed
1000437,7,,2026-01-03 19:25:56,dine_in,,gift_card,completed
1000438,7,,2026-01-03 19:26:09,dine_in,,gift_card,completed
1000439,16,36,2026-01-03 19:26:45,takeout,,credit_card,completed
1000440,15,311,2026-01-03 19:29:44,dine_in,NEWYEAR10,gift_card,completed
1000441,3,2469,2026-01-03 19:30:37,dine_in,,debit_card,completed
1000442,11,,2026-01-03 19:31:27,takeout,,debit_card,completed
1000443,12,1881,2026-01-03 19:33:33,dine_in,,debit_card,refunded
1000444,1,2132,2026-01-03 19:34:48,dine_in,,apple_pay,completed
1000445,19,,2026-01-03 19:35:57,drive_thru,,apple_pay,completed
1000446,17,872,2026-01-03 19:37:23,dine_in,,debit_card,completed
1000447,10,,2026-01-03 19:39:25,drive_thru,,credit_card,completed
1000448,1,,2026-01-03 19:41:28,delivery,,debit_card,cancelled
1000449,2,1746,2026-01-03 19:42:14,takeout,,cash,completed
1000450,1,354,2026-01-03 19:42:55,delivery,,credit_card,completed
1000451,7,257,2026-01-03 19:44:31,dine_in,,credit_card,completed
1000452,1,,2026-01-03 19:45:24,dine_in,,credit_card,completed
1000453,9,91,2026-01-03 19:47:33,takeout,,apple_pay,completed
1000454,16,439,2026-01-03 19:48:55,takeout,,debit_card,completed
1000455,9,,2026-01-03 19:49:35,drive_thru,,credit_card,completed
1000456,17,1391,2026-01-03 19:49:41,dine_in,,gift_card,completed
1000457,6,800,2026-01-03 19:54:25,drive_thru,,apple_pay,completed
1000458,7,2223,2026-01-03 19:54:46,takeout,,credit_card,completed
1000459,8,1719,2026-01-03 19:58:53,takeout,,apple_pay,completed
1000460,16,1889,2026-01-03 19:58:54,delivery,,credit_card,completed
1000461,8,,2026-01-03 20:03:27,takeout,,cash,completed
1000462,4,2500,2026-01-03 20:12:01,drive_thru,,debit_card,completed
1000463,6,1644,2026-01-03 20:13:37,takeout,,apple_pay,completed
1000464,7,495,2026-01-03 20:16:03,takeout,,credit_card,completed
1000465,4,,2026-01-03 20:30:15,dine_in,,credit_card,completed
1000466,15,,2026-01-03 20:35:50,drive_thru,,debit_card,completed
1000467,9,91,2026-01-03 20:54:37,dine_in,,debit_card,completed
1000468,12,697,2026-01-03 21:26:57,dine_in,,credit_card,completed
1000469,17,1146,2026-01-03 21:32:32,dine_in,,debit_card,completed
1000470,5,,2026-01-03 21:37:11,delivery,,credit_card,completed
1000471,1,1424,2026-01-03 21:38:39,dine_in,,credit_card,completed
1000472,9,2288,2026-01-04 10:55:33,dine_in,,credit_card,completed
1000473,6,,2026-01-04 11:04:59,drive_thru,,credit_card,completed
1000474,19,1314,2026-01-04 11:19:14,drive_thru,,cash,completed
1000475,14,654,2026-01-04 11:30:23,drive_thru,,credit_card,completed
1000476,3,525,2026-01-04 11:35:27,takeout,,cash,completed
1000477,19,2126,2026-01-04 11:43:45,drive_thru,,debit_card,completed
1000478,6,,01/04/2026 11:47,dine_in,,credit_card,completed
1000479,14,855,2026-01-04 11:48:25,drive_thru,,credit_card,completed
1000480,1,,2026-01-04 11:50:31,delivery,,debit_card,completed
1000481,15,1127,2026-01-04 11:52:34,drive_thru,,credit_card,completed
1000482,18,,2026-01-04 11:53:00,drive_thru,,apple_pay,completed
1000483,16,,2026-01-04 11:53:54,delivery,,credit_card,completed
1000484,13,1031,2026-01-04 11:54:25,delivery,,debit_card,completed
1000485,7,2013,2026-01-04 12:00:08,takeout,,apple_pay,completed
1000486,13,203,2026-01-04 12:04:03,dine_in,NEWYEAR10,credit_card,completed
1000487,4,1718,2026-01-04 12:04:40,delivery,,credit_card,completed
1000488,11,2008,2026-01-04 12:04:41,drive_thru,,debit_card,completed
1000489,18,826,2026-01-04 12:06:33,delivery,,credit_card,completed
1000490,19,1411,2026-01-04 12:06:50,drive_thru,,debit_card,completed
1000491,6,2439,2026-01-04 12:08:15,drive_thru,,apple_pay,completed
1000492,3,,2026-01-04 12:12:17,dine_in,,apple_pay,completed
1000493,5,1956,2026-01-04 12:12:43,drive_thru,NEWYEAR10,credit_card,completed
1000494,4,,2026-01-04 12:17:03,drive_thru,,debit_card,completed
1000495,19,2096,2026-01-04 12:17:12,dine_in,,credit_card,completed
1000496,15,2403,2026-01-04 12:17:13,takeout,,credit_card,completed
1000497,15,1720,2026-01-04 12:17:15,dine_in,,debit_card,completed
1000498,19,,2026-01-04 12:19:32,delivery,,credit_card,completed
1000499,14,,2026-01-04 12:24:49,dine_in,,apple_pay,completed
1000500,8,2466,2026-01-04 12:25:45,dine_in,,credit_card,completed
1000501,14,,2026-01-04 12:26:33,dine_in,,debit_card,completed
1000502,10,540,2026-01-04 12:26:39,dine_in,NEWYEAR10,credit_card,completed
1000503,13,,2026-01-04 12:26:50,takeout,NEWYEAR10,cash,completed
1000504,5,207,2026-01-04 12:27:13,dine_in,,debit_card,completed
1000505,7,,2026-01-04 12:27:58,takeout,,apple_pay,completed
1000506,2,1770,2026-01-04 12:36:47,delivery,,credit_card,completed
1000507,13,472,2026-01-04 12:39:35,dine_in,,cash,completed
1000508,11,1508,2026-01-04 12:43:06,dine_in,,credit_card,completed
1000509,13,,2026-01-04 12:44:08,takeout,,credit_card,completed
1000510,8,930,2026-01-04 12:46:42,dine_in,NEWYEAR10,credit_card,completed
1000511,2,920,2026-01-04 12:47:16,dine_in,,cash,completed
1000512,10,,2026-01-04 12:48:31,dine_in,NEWYEAR10,debit_card,completed
1000513,14,1214,2026-01-04 12:49:04,dine_in,,credit_card,completed
1000514,18,1132,2026-01-04 12:53:23,drive_thru,,debit_card,completed
1000515,13,2210,2026-01-04 12:56:18,delivery,,credit_card,completed
1000516,8,942,2026-01-04 12:56:34,takeout,,credit_card,completed
1000517,1,,2026-01-04 12:57:34,takeout,,debit_card,completed
1000518,3,868,2026-01-04 12:58:34,takeout,,credit_card,completed
1000519,17,1084,2026-01-04 12:59:47,dine_in,,debit_card,completed
1000520,2,1321,2026-01-04 13:00:01,dine_in,,cash,completed
1000521,9,1402,2026-01-04 13:03:49,drive_thru,,debit_card,completed
1000522,1,267,2026-01-04 13:13:23,delivery,,apple_pay,completed
1000523,2,2015,2026-01-04 13:13:38,dine_in,,apple_pay,completed
1000524,2,541,2026-01-04 13:17:46,dine_in,,apple_pay,completed
1000525,16,,2026-01-04 13:25:22,dine_in,,cash,completed
1000526,19,301,2026-01-04 13:27:39,drive_thru,,credit_card,completed
1000527,9,87,2026-01-04 13:28:29,dine_in,,cash,completed
1000528,14,,2026-01-04 13:33:18,drive_thru,,apple_pay,cancelled
1000529,7,,2026-01-04 13:47:27,takeout,,apple_pay,completed
1000530,15,2381,2026-01-04 13:49:41,delivery,,credit_card,completed
1000531,4,,2026-01-04 13:56:23,dine_in,,debit_card,completed
1000532,11,,2026-01-04 13:59:48,takeout,,debit_card,completed
1000533,6,,2026-01-04 14:01:23,drive_thru,,credit_card,completed
1000534,19,966,2026-01-04 14:02:15,dine_in,,debit_card,refunded
1000535,15,582,2026-01-04 14:02:40,dine_in,,gift_card,completed
1000536,9,,2026-01-04 14:06:36,dine_in,,apple_pay,completed
1000537,4,,01/04/2026 14:11,dine_in,,debit_card,completed
1000538,11,1135,2026-01-04 14:31:28,drive_thru,,debit_card,cancelled
1000539,16,843,2026-01-04 15:53:52,dine_in,,credit_card,completed
1000540,7,1350,2026-01-04 16:08:45,dine_in,,debit_card,completed
1000541,11,1337,01/04/2026 16:26,dine_in,,cash,completed
1000542,9,2387,2026-01-04 16:37:59,dine_in,,credit_card,completed
1000543,19,1434,2026-01-04 16:42:51,dine_in,,gift_card,completed
1000544,12,1598,2026-01-04 16:45:43,takeout,,cash,completed
1000545,16,1517,2026-01-04 16:56:53,takeout,,apple_pay,completed
1000546,12,,2026-01-04 17:23:12,takeout,,credit_card,completed
1000547,16,822,2026-01-04 17:26:16,dine_in,,cash,completed
1000548,14,446,2026-01-04 17:31:44,dine_in,,apple_pay,completed
1000549,2,1163,2026-01-04 17:34:50,delivery,,credit_card,completed
1000550,18,,2026-01-04 17:38:23,dine_in,NEWYEAR10,debit_card,completed
1000551,8,457,2026-01-04 17:43:02,delivery,,credit_card,completed
1000552,3,795,2026-01-04 17:44:59,takeout,,credit_card,completed
1000553,6,1033,2026-01-04 17:47:22,delivery,,credit_card,completed
1000554,18,,2026-01-04 17:51:46,dine_in,,debit_card,completed
1000555,15,2020,2026-01-04 17:58:37,drive_thru,,credit_card,completed
1000556,1,1344,2026-01-04 17:59:21,takeout,,credit_card,cancelled
1000557,5,,2026-01-04 18:07:46,dine_in,,credit_card,completed
1000558,13,45,2026-01-04 18:13:10,takeout,,credit_card,completed
1000559,12,1181,2026-01-04 18:15:25,takeout,,debit_card,completed
1000560,8,986,2026-01-04 18:21:59,takeout,,cash,completed
1000561,9,,2026-01-04 18:22:44,takeout,,debit_card,completed
1000562,3,499,01/04/2026 18:23,takeout,,apple_pay,completed
1000563,14,374,2026-01-04 18:25:38,dine_in,,cash,completed
1000564,7,660,2026-01-04 18:28:26,takeout,,debit_card,completed
1000565,9,,2026-01-04 18:28:30,takeout,,credit_card,completed
1000566,4,1524,2026-01-04 18:30:10,dine_in,,debit_card,completed
1000567,17,,2026-01-04 18:31:01,delivery,,credit_card,completed
1000568,10,670,2026-01-04 18:35:17,delivery,,credit_card,completed
1000569,13,619,2026-01-04 18:36:11,dine_in,,credit_card,completed
1000570,16,1655,2026-01-04 18:37:41,delivery,NEWYEAR10,debit_card,completed
1000571,3,,2026-01-04 18:38:42,delivery,,credit_card,completed
1000572,2,2370,2026-01-04 18:39:31,dine_in,,gift_card,completed
1000573,17,872,2026-01-04 18:39:52,dine_in,NEWYEAR10,credit_card,completed
1000574,5,2354,2026-01-04 18:40:17,delivery,,credit_card,completed
1000575,14,,2026-01-04 18:40:48,takeout,,apple_pay,completed
1000576,18,,2026-01-04 18:45:37,drive_thru,,credit_card,completed
1000577,15,1299,2026-01-04 18:47:13,dine_in,,gift_card,completed
1000578,14,318,2026-01-04 18:47:31,delivery,,debit_card,completed
1000579,1,32,2026-01-04 18:50:34,takeout,,credit_card,completed
1000580,15,837,2026-01-04 18:50:59,dine_in,,cash,completed
1000581,6,1334,2026-01-04 18:55:33,drive_thru,,credit_card,completed
1000582,16,307,2026-01-04 18:59:34,takeout,,cash,completed
1000583,10,18,2026-01-04 19:04:16,dine_in,,credit_card,completed
1000584,15,,2026-01-04 19:07:02,delivery,,debit_card,completed
1000585,12,2073,2026-01-04 19:14:09,takeout,,credit_card,completed
1000586,15,481,2026-01-04 19:15:17,dine_in,,cash,completed
1000587,16,1584,2026-01-04 19:15:48,dine_in,,credit_card,completed
1000588,15,,2026-01-04 19:18:56,,,gift_card,completed
1000589,12,,2026-01-04 19:21:29,takeout,,cash,completed
1000590,17,,2026-01-04 19:21:33,dine_in,,credit_card,completed
1000591,5,1673,2026-01-04 19:22:07,dine_in,,debit_card,completed
1000592,7,658,2026-01-04 19:23:07,dine_in,,cash,completed
1000593,9,990,2026-01-04 19:25:15,dine_in,,cash,completed
1000594,13,1539,2026-01-04 19:26:07,delivery,,credit_card,completed
1000595,4,774,2026-01-04 19:29:40,delivery,,credit_card,completed
1000596,1,2481,2026-01-04 19:36:55,dine_in,,gift_card,completed
1000597,15,1819,2026-01-04 19:38:22,drive_thru,NEWYEAR10,credit_card,completed
1000598,13,,2026-01-04 19:41:35,dine_in,,credit_card,completed
1000599,3,,2026-01-04 19:41:45,dine_in,,apple_pay,completed
1000600,16,1485,2026-01-04 19:43:49,dine_in,,cash,refunded
1000601,7,,2026-01-04 19:44:01,takeout,,apple_pay,completed
1000602,2,109,2026-01-04 19:44:15,dine_in,,cash,completed
1000603,13,870,2026-01-04 19:52:19,dine_in,,credit_card,completed
1000604,8,1563,2026-01-04 19:53:11,dine_in,,debit_card,completed
1000605,1,1362,2026-01-04 19:58:48,dine_in,,apple_pay,completed
1000606,15,2345,2026-01-04 20:02:04,delivery,,credit_card,refunded
1000607,7,1328,2026-01-04 20:05:00,dine_in,NEWYEAR10,cash,completed
1000608,4,449,2026-01-04 20:05:47,delivery,,credit_card,completed
1000609,7,2295,2026-01-04 20:06:05,dine_in,,apple_pay,completed
1000610,2,1277,2026-01-04 20:13:35,dine_in,NEWYEAR10,credit_card,completed
1000611,3,,2026-01-04 20:15:07,takeout,,debit_card,completed
1000612,8,,2026-01-04 20:19:05,dine_in,,cash,completed
1000613,18,1659,2026-01-04 20:26:48,drive_thru,,debit_card,completed
1000614,8,,2026-01-04 20:29:54,dine_in,,gift_card,completed
1000615,10,1611,2026-01-04 20:35:41,drive_thru,,credit_card,completed
1000616,6,1035,2026-01-04 21:01:43,dine_in,,debit_card,completed
1000617,4,,2026-01-04 21:04:35,takeout,,apple_pay,completed
1000618,14,1487,2026-01-04 21:18:57,delivery,,apple_pay,completed
1000619,10,,2026-01-04 21:29:10,delivery,,debit_card,completed
1000620,14,1703,2026-01-04 21:33:29,drive_thru,,credit_card,completed
1000621,14,2186,2026-01-04 21:38:52,drive_thru,,credit_card,completed
1000622,3,2154,2026-01-05 10:58:34,dine_in,,debit_card,completed
1000623,4,187,2026-01-05 11:05:58,dine_in,,apple_pay,completed
1000624,3,238,2026-01-05 11:21:04,takeout,,credit_card,completed
1000625,17,,2026-01-05 11:27:03,takeout,,credit_card,completed
1000626,2,2322,2026-01-05 11:28:42,dine_in,,debit_card,completed
1000627,12,38,2026-01-05 11:30:13,dine_in,,credit_card,completed
1000628,10,,2026-01-05 11:33:07,dine_in,,credit_card,completed
1000629,15,,2026-01-05 11:38:56,dine_in,,apple_pay,completed
1000630,5,761,2026-01-05 11:42:13,drive_thru,,gift_card,completed
1000631,14,318,2026-01-05 11:42:55,delivery,,credit_card,refunded
1000632,1,1600,2026-01-05 11:45:19,dine_in,,cash,completed
1000633,7,,2026-01-05 11:48:29,delivery,NEWYEAR10,credit_card,completed
1000634,8,292,2026-01-05 11:54:09,delivery,NEWYEAR10,apple_pay,completed
1000635,9,1957,2026-01-05 11:58:36,dine_in,,credit_card,completed
1000636,19,1681,2026-01-05 11:59:09,takeout,,debit_card,completed
1000637,10,,2026-01-05 12:01:28,takeout,NEWYEAR10,apple_pay,completed
1000638,14,,2026-01-05 12:10:16,delivery,,apple_pay,completed
1000639,14,1661,2026-01-05 12:11:21,dine_in,,credit_card,completed
1000640,15,1308,2026-01-05 12:16:16,dine_in,,credit_card,completed
1000641,7,912,2026-01-05 12:16:18,dine_in,,apple_pay,completed
1000642,1,130,2026-01-05 12:16:52,takeout,,debit_card,completed
1000643,3,,2026-01-05 12:25:40,takeout,,credit_card,completed
1000644,4,130,2026-01-05 12:28:37,drive_thru,,debit_card,completed
1000645,19,,2026-01-05 12:28:39,drive_thru,,cash,completed
1000646,10,,2026-01-05 12:30:59,drive_thru,,credit_card,cancelled
1000647,14,,2026-01-05 12:33:19,drive_thru,,credit_card,completed
1000648,19,1332,2026-01-05 12:38:26,takeout,,credit_card,completed
1000649,8,212,2026-01-05 12:39:18,dine_in,,credit_card,completed
1000650,11,,2026-01-05 12:41:38,delivery,,debit_card,completed
1000651,14,,2026-01-05 12:48:15,drive_thru,,apple_pay,completed
1000652,7,1567,2026-01-05 12:56:19,takeout,,credit_card,completed
1000653,18,,2026-01-05 12:58:01,dine_in,,debit_card,completed
1000654,1,,2026-01-05 12:58:25,dine_in,,credit_card,completed
1000655,6,1333,2026-01-05 13:03:27,dine_in,,debit_card,completed
1000656,13,2210,2026-01-05 13:15:29,dine_in,,credit_card,completed
1000657,3,1169,2026-01-05 13:20:28,takeout,,cash,completed
1000658,14,,01/05/2026 13:20,takeout,,gift_card,completed
1000659,9,1922,2026-01-05 13:21:16,delivery,,apple_pay,completed
1000660,12,445,2026-01-05 13:22:24,dine_in,,credit_card,completed
1000661,1,721,2026-01-05 13:26:11,dine_in,,credit_card,completed
1000662,5,,2026-01-05 13:27:30,,NEWYEAR10,credit_card,completed
1000663,7,,2026-01-05 13:31:58,takeout,,apple_pay,completed
1000664,4,,2026-01-05 13:54:21,takeout,,credit_card,completed
1000665,4,1347,2026-01-05 14:16:36,drive_thru,,debit_card,completed
1000666,1,792,2026-01-05 14:36:47,dine_in,NEWYEAR10,credit_card,completed
1000667,9,358,2026-01-05 14:37:59,takeout,,apple_pay,completed
1000668,11,1513,2026-01-05 14:41:42,drive_thru,,credit_card,completed
1000669,9,1139,01/05/2026 14:56,drive_thru,,apple_pay,completed
1000670,12,2168,2026-01-05 14:57:15,delivery,,debit_card,completed
1000671,16,33,2026-01-05 14:58:52,delivery,,credit_card,refunded
1000672,4,1633,2026-01-05 16:19:28,drive_thru,,apple_pay,completed
1000673,9,477,2026-01-05 16:38:23,takeout,,apple_pay,completed
1000674,6,1714,2026-01-05 16:56:34,dine_in,,credit_card,completed
1000675,12,38,2026-01-05 16:58:32,dine_in,,debit_card,completed
1000676,3,829,2026-01-05 17:13:23,takeout,,debit_card,completed
1000677,15,1592,2026-01-05 17:24:58,delivery,,credit_card,completed
1000678,3,1097,2026-01-05 17:32:52,dine_in,,credit_card,completed
1000679,13,514,2026-01-05 17:43:43,takeout,,cash,completed
1000680,8,,2026-01-05 17:44:37,dine_in,,debit_card,completed
1000681,8,1320,2026-01-05 17:47:31,dine_in,,apple_pay,completed
1000682,1,630,2026-01-05 17:48:15,takeout,NEWYEAR10,debit_card,completed
1000683,7,1158,2026-01-05 17:58:54,dine_in,NEWYEAR10,credit_card,completed
1000684,7,2211,2026-01-05 18:09:25,takeout,,credit_card,completed
1000685,4,1164,2026-01-05 18:18:58,drive_thru,,cash,completed
1000686,19,935,2026-01-05 18:21:11,takeout,,apple_pay,completed
1000687,13,,2026-01-05 18:25:49,dine_in,,cash,completed
1000688,7,645,2026-01-05 18:31:36,dine_in,,credit_card,completed
1000689,5,1619,2026-01-05 18:37:37,dine_in,,apple_pay,completed
1000690,15,160,2026-01-05 18:37:41,dine_in,,credit_card,completed
1000691,19,1365,2026-01-05 18:47:42,dine_in,,credit_card,completed
1000692,1,,2026-01-05 18:47:52,takeout,,credit_card,completed
1000693,5,1417,2026-01-05 18:49:57,delivery,,credit_card,completed
1000694,2,1938,2026-01-05 18:50:19,takeout,,credit_card,completed
1000695,1,2098,2026-01-05 18:52:32,dine_in,,debit_card,completed
1000696,12,784,2026-01-05 18:54:50,takeout,,credit_card,completed
1000697,17,26,2026-01-05 18:55:23,dine_in,,cash,completed
1000698,7,1973,2026-01-05 19:00:23,dine_in,,cash,completed
1000699,7,461,2026-01-05 19:05:38,dine_in,,apple_pay,completed
1000700,15,,2026-01-05 19:08:47,dine_in,,debit_card,completed
1000701,4,2423,2026-01-05 19:12:21,delivery,,credit_card,completed
1000702,11,1107,2026-01-05 19:12:39,drive_thru,,apple_pay,completed
1000703,1,1303,2026-01-05 19:13:05,dine_in,,debit_card,cancelled
1000704,2,1351,2026-01-05 19:13:10,dine_in,,apple_pay,completed
1000705,13,1142,2026-01-05 19:16:13,dine_in,,apple_pay,completed
1000706,13,1699,2026-01-05 19:24:56,delivery,,credit_card,completed
1000707,9,,2026-01-05 19:26:26,delivery,,credit_card,completed
1000708,1,395,2026-01-05 19:27:37,takeout,,cash,completed
1000709,11,1779,2026-01-05 19:28:16,delivery,,debit_card,completed
1000710,11,,2026-01-05 19:28:27,drive_thru,,apple_pay,completed
1000711,15,,2026-01-05 19:29:45,takeout,,credit_card,completed
1000712,4,1506,2026-01-05 19:33:55,dine_in,,credit_card,completed
1000713,5,2362,2026-01-05 19:36:05,dine_in,,cash,completed
1000714,17,1064,2026-01-05 19:38:21,dine_in,,debit_card,completed
1000715,9,1792,2026-01-05 19:38:43,delivery,,debit_card,completed
1000716,8,,2026-01-05 19:39:15,dine_in,,credit_card,completed
1000717,16,,2026-01-05 19:39:35,delivery,,gift_card,completed
1000718,5,951,2026-01-05 19:40:47,drive_thru,,credit_card,completed
1000719,5,,2026-01-05 19:44:21,delivery,,apple_pay,completed
1000720,3,888,2026-01-05 19:46:58,dine_in,,debit_card,completed
1000721,7,,2026-01-05 19:52:20,delivery,,debit_card,completed
1000722,8,,2026-01-05 19:59:38,takeout,,credit_card,completed
1000723,7,1973,2026-01-05 20:08:41,takeout,,credit_card,completed
1000724,18,1001,2026-01-05 20:16:00,takeout,,debit_card,completed
1000725,16,33,2026-01-05 20:32:28,dine_in,,gift_card,completed
1000726,5,462,2026-01-05 20:40:11,dine_in,,cash,completed
1000727,14,1675,2026-01-05 21:06:16,takeout,,gift_card,completed
1000728,3,187,2026-01-06 10:33:59,dine_in,,apple_pay,completed
1000729,17,1316,2026-01-06 10:38:46,dine_in,,credit_card,completed
1000730,19,2487,2026-01-06 10:46:44,drive_thru,,credit_card,completed
1000731,6,1333,2026-01-06 10:50:57,dine_in,,cash,completed
1000732,16,1584,2026-01-06 10:54:22,dine_in,,debit_card,completed
1000733,11,1196,2026-01-06 10:55:10,dine_in,,credit_card,completed
1000734,19,,2026-01-06 11:28:04,takeout,,gift_card,completed
1000735,3,2164,2026-01-06 11:29:19,dine_in,NEWYEAR10,credit_card,completed
1000736,14,646,2026-01-06 11:36:12,delivery,,debit_card,completed
1000737,12,2309,2026-01-06 11:44:15,dine_in,,debit_card,completed
1000738,8,2220,2026-01-06 11:58:31,dine_in,,credit_card,completed
1000739,3,,2026-01-06 11:59:24,takeout,,gift_card,cancelled
1000740,9,1438,2026-01-06 12:03:18,dine_in,,credit_card,completed
1000741,13,1877,2026-01-06 12:04:02,dine_in,,credit_card,completed
1000742,11,931,2026-01-06 12:04:28,drive_thru,,debit_card,completed
1000743,10,556,2026-01-06 12:06:56,delivery,,apple_pay,completed
1000744,13,1539,2026-01-06 12:08:08,dine_in,,debit_card,completed
1000745,1,1049,2026-01-06 12:08:46,,NEWYEAR10,debit_card,completed
1000746,12,,2026-01-06 12:09:48,delivery,,credit_card,completed
1000747,11,2440,2026-01-06 12:11:53,takeout,,debit_card,completed
1000748,15,,2026-01-06 12:12:04,drive_thru,,apple_pay,completed
1000749,15,2129,2026-01-06 12:12:31,takeout,,gift_card,completed
1000750,9,1263,2026-01-06 12:12:46,delivery,,apple_pay,completed
1000751,16,486,2026-01-06 12:13:21,dine_in,,credit_card,completed
1000752,19,1209,2026-01-06 12:13:44,takeout,,credit_card,refunded
1000753,19,300,2026-01-06 12:15:18,dine_in,,credit_card,completed
1000754,4,1524,2026-01-06 12:17:52,takeout,,apple_pay,completed
1000755,4,,2026-01-06 12:19:56,delivery,,credit_card,refunded
1000756,15,398,2026-01-06 12:20:06,takeout,,credit_card,completed
1000757,14,1725,2026-01-06 12:23:41,dine_in,,credit_card,completed
1000758,4,1027,2026-01-06 12:26:45,dine_in,,debit_card,completed
1000759,7,,2026-01-06 12:27:21,dine_in,,credit_card,completed
1000760,11,949,2026-01-06 12:27:36,drive_thru,,credit_card,completed
1000761,9,2285,2026-01-06 12:30:28,dine_in,,gift_card,cancelled
1000762,17,,2026-01-06 12:31:12,dine_in,,credit_card,completed
1000763,8,719,2026-01-06 12:32:13,takeout,,credit_card,completed
1000764,19,,2026-01-06 12:34:09,delivery,,credit_card,completed
1000765,11,1039,2026-01-06 12:35:17,dine_in,,apple_pay,completed
1000766,3,282,2026-01-06 12:36:15,dine_in,,debit_card,completed
1000767,13,699,2026-01-06 12:37:55,dine_in,,credit_card,completed
1000768,8,,2026-01-06 12:40:11,takeout,,gift_card,completed
1000769,14,1114,2026-01-06 12:41:06,dine_in,,credit_card,completed
1000770,1,497,2026-01-06 12:47:57,delivery,,credit_card,refunded
1000771,18,885,01/06/2026 12:48,drive_thru,,debit_card,completed
1000772,4,1144,2026-01-06 12:52:43,dine_in,,apple_pay,completed
1000773,4,1742,2026-01-06 12:56:42,drive_thru,,apple_pay,cancelled
1000774,15,1009,2026-01-06 12:56:55,drive_thru,,cash,completed
1000775,2,541,2026-01-06 13:14:43,dine_in,,credit_card,completed
1000776,4,,2026-01-06 13:15:21,takeout,,credit_card,completed
1000777,8,200,2026-01-06 13:16:52,dine_in,,credit_card,completed
1000778,5,315,2026-01-06 13:26:47,drive_thru,,debit_card,completed
1000779,8,228,2026-01-06 13:49:00,takeout,,credit_card,completed
1000780,19,1419,2026-01-06 13:50:54,drive_thru,,cash,completed
1000781,9,,2026-01-06 14:35:01,dine_in,,credit_card,completed
1000782,5,,2026-01-06 15:10:13,drive_thru,,credit_card,completed
1000783,19,1063,2026-01-06 15:35:38,takeout,,credit_card,completed
1000784,14,,2026-01-06 15:48:37,drive_thru,,credit_card,completed
1000785,15,,2026-01-06 17:34:40,takeout,,cash,completed
1000786,1,662,2026-01-06 17:38:44,takeout,,credit_card,completed
1000787,3,1497,2026-01-06 17:56:05,dine_in,,cash,completed
1000788,6,1664,2026-01-06 17:57:47,dine_in,,credit_card,completed
1000789,14,2069,2026-01-06 18:01:51,drive_thru,,apple_pay,completed
1000790,15,1720,2026-01-06 18:08:03,dine_in,,debit_card,completed
1000791,9,358,2026-01-06 18:13:19,dine_in,,debit_card,completed
1000792,11,476,2026-01-06 18:14:55,drive_thru,,credit_card,completed
1000793,5,2177,2026-01-06 18:16:15,drive_thru,,debit_card,completed
1000794,12,1187,2026-01-06 18:17:21,delivery,,credit_card,completed
1000795,12,,2026-01-06 18:20:46,dine_in,,credit_card,completed
1000796,6,1964,2026-01-06 18:21:42,drive_thru,,cash,completed
1000797,19,2041,2026-01-06 18:26:38,dine_in,,credit_card,completed
1000798,15,509,2026-01-06 18:27:21,dine_in,,debit_card,completed
1000799,17,,2026-01-06 18:30:55,takeout,,credit_card,completed
1000800,8,1015,2026-01-06 18:34:49,takeout,,debit_card,completed
1000801,2,1134,2026-01-06 18:34:54,takeout,,debit_card,completed
1000802,16,33,2026-01-06 18:36:18,dine_in,,apple_pay,completed
1000803,10,1069,2026-01-06 18:37:54,dine_in,,cash,completed
1000804,5,673,2026-01-06 18:43:11,dine_in,,credit_card,completed
1000805,9,1139,2026-01-06 18:47:40,takeout,,debit_card,completed
1000806,10,1486,2026-01-06 18:49:16,dine_in,,gift_card,completed
1000807,18,,2026-01-06 18:50:18,dine_in,,credit_card,completed
1000808,8,2293,2026-01-06 18:53:23,dine_in,,credit_card,completed
1000809,3,1347,2026-01-06 18:55:21,takeout,,apple_pay,completed
1000810,13,1154,2026-01-06 18:57:12,dine_in,,apple_pay,completed
1000811,9,763,2026-01-06 18:58:26,drive_thru,,credit_card,completed
1000812,13,2431,2026-01-06 18:59:26,dine_in,,credit_card,completed
1000813,15,1661,2026-01-06 19:00:07,drive_thru,,credit_card,completed
1000814,10,,2026-01-06 19:00:15,delivery,,credit_card,completed
1000815,2,1200,2026-01-06 19:00:42,delivery,NEWYEAR10,credit_card,completed
1000816,14,,2026-01-06 19:04:05,takeout,,credit_card,completed
1000817,3,1020,2026-01-06 19:07:58,takeout,,credit_card,completed
1000818,5,1794,2026-01-06 19:11:32,drive_thru,NEWYEAR10,credit_card,completed
1000819,15,1897,2026-01-06 19:11:45,dine_in,,debit_card,completed
1000820,1,2427,2026-01-06 19:13:50,takeout,,credit_card,completed
1000821,8,986,2026-01-06 19:14:59,takeout,,credit_card,completed
1000822,10,2115,2026-01-06 19:19:21,takeout,,credit_card,completed
1000823,17,1700,2026-01-06 19:20:28,dine_in,,cash,completed
1000824,18,,2026-01-06 19:20:29,dine_in,,gift_card,completed
1000825,19,1054,2026-01-06 19:23:41,dine_in,,credit_card,completed
1000826,10,1903,2026-01-06 19:23:55,dine_in,,credit_card,completed
1000827,14,,2026-01-06 19:24:21,dine_in,,credit_card,completed
1000828,7,2373,2026-01-06 19:28:15,dine_in,,credit_card,completed
1000829,9,776,2026-01-06 19:32:02,takeout,,apple_pay,completed
1000830,9,763,2026-01-06 19:32:12,dine_in,NEWYEAR10,apple_pay,completed
1000831,5,2486,2026-01-06 19:34:03,drive_thru,,apple_pay,completed
1000832,14,1614,2026-01-06 19:34:09,takeout,,credit_card,completed
1000833,13,937,2026-01-06 19:34:37,takeout,,credit_card,completed
1000834,5,821,2026-01-06 19:35:32,drive_thru,,credit_card,completed
1000835,7,645,2026-01-06 19:39:20,dine_in,,cash,completed
1000836,18,1855,2026-01-06 19:42:52,dine_in,,credit_card,completed
1000837,16,,2026-01-06 19:51:03,dine_in,,debit_card,completed
1000838,15,2372,2026-01-06 19:51:09,delivery,,apple_pay,completed
1000839,17,587,2026-01-06 19:52:29,dine_in,,apple_pay,completed
1000840,5,54,2026-01-06 20:01:40,drive_thru,,credit_card,completed
1000841,14,2453,2026-01-06 20:06:05,drive_thru,,debit_card,cancelled
1000842,11,2489,2026-01-06 20:07:17,dine_in,,debit_card,completed
1000843,1,535,2026-01-06 20:12:42,dine_in,,credit_card,completed
1000844,6,2221,2026-01-06 20:15:11,drive_thru,,credit_card,completed
1000845,13,1911,2026-01-06 20:15:29,dine_in,,apple_pay,completed
1000846,17,1389,2026-01-06 20:15:59,dine_in,,debit_card,completed
1000847,6,2314,2026-01-06 20:16:35,drive_thru,,gift_card,completed
1000848,18,,2026-01-06 20:26:03,delivery,,credit_card,completed
1000849,12,,2026-01-06 20:53:00,dine_in,,cash,completed
1000850,17,501,2026-01-06 20:53:56,takeout,,cash,refunded
1000851,3,,2026-01-06 20:59:39,dine_in,,credit_card,completed
1000852,1,2018,2026-01-06 21:08:42,takeout,,apple_pay,completed
1000853,13,,2026-01-06 21:33:16,dine_in,,credit_card,completed
1000854,4,,2026-01-06 21:36:02,dine_in,,credit_card,completed
1000855,2,2322,2026-01-06 21:45:31,dine_in,,credit_card,completed
1000856,2,168,2026-01-06 21:48:00,takeout,NEWYEAR10,apple_pay,completed
1000857,13,,2026-01-07 11:26:03,takeout,,credit_card,completed
1000858,19,571,2026-01-07 11:35:42,dine_in,,debit_card,completed
1000859,4,179,2026-01-07 11:36:44,dine_in,,apple_pay,completed
1000860,1,1289,2026-01-07 11:37:46,dine_in,,cash,completed
1000861,13,,2026-01-07 11:46:36,takeout,,credit_card,completed
1000862,10,15,2026-01-07 11:47:47,takeout,,credit_card,completed
1000863,13,,2026-01-07 11:48:33,dine_in,,credit_card,completed
1000864,5,879,2026-01-07 11:49:21,drive_thru,,debit_card,completed
1000865,7,930,2026-01-07 11:50:41,dine_in,,apple_pay,completed
1000866,15,1918,2026-01-07 11:51:40,delivery,,apple_pay,completed
1000867,3,,2026-01-07 11:53:40,takeout,,credit_card,completed
1000868,9,1922,2026-01-07 11:53:53,dine_in,,credit_card,completed
1000869,10,1685,2026-01-07 11:59:00,takeout,,credit_card,completed
1000870,3,71,2026-01-07 12:02:07,dine_in,NEWYEAR10,debit_card,completed
1000871,15,1152,2026-01-07 12:03:08,dine_in,,credit_card,completed
1000872,13,,2026-01-07 12:03:35,dine_in,,credit_card,completed
1000873,5,143,2026-01-07 12:04:11,delivery,,credit_card,completed
1000874,17,,2026-01-07 12:09:04,takeout,,credit_card,completed
1000875,1,2032,2026-01-07 12:09:46,dine_in,NEWYEAR10,debit_card,completed
1000876,10,1107,2026-01-07 12:11:00,dine_in,NEWYEAR10,cash,completed
1000877,1,2374,2026-01-07 12:13:13,takeout,,debit_card,completed
1000878,12,,2026-01-07 12:16:49,takeout,,apple_pay,completed
1000879,8,228,2026-01-07 12:19:49,dine_in,,credit_card,completed
1000880,19,206,2026-01-07 12:20:23,dine_in,,credit_card,completed
1000881,3,17,2026-01-07 12:23:14,takeout,NEWYEAR10,apple_pay,completed
1000882,4,,2026-01-07 12:30:46,delivery,,debit_card,completed
1000883,1,2330,2026-01-07 12:31:59,delivery,,credit_card,completed
1000884,8,,2026-01-07 12:33:54,takeout,,credit_card,cancelled
1000885,18,2344,2026-01-07 12:35:45,delivery,,debit_card,completed
1000886,16,962,2026-01-07 12:37:26,dine_in,,credit_card,completed
1000887,9,450,2026-01-07 12:38:08,drive_thru,,cash,completed
1000888,8,,2026-01-07 12:39:05,takeout,,apple_pay,completed
1000889,18,394,2026-01-07 12:40:46,delivery,,credit_card,completed
1000890,16,586,2026-01-07 12:41:29,delivery,,credit_card,completed
1000891,8,1015,2026-01-07 12:42:39,dine_in,NEWYEAR10,gift_card,completed
1000892,14,2444,2026-01-07 12:43:03,dine_in,,debit_card,completed
1000893,5,2354,2026-01-07 12:44:04,dine_in,,cash,completed
1000894,1,415,2026-01-07 12:44:32,delivery,,credit_card,completed
1000895,12,333,2026-01-07 12:45:02,dine_in,,debit_card,completed
1000896,10,1810,2026-01-07 12:49:27,drive_thru,,debit_card,completed
1000897,14,,2026-01-07 12:53:24,delivery,,credit_card,completed
1000898,5,,2026-01-07 12:53:29,delivery,,apple_pay,completed
1000899,13,2228,2026-01-07 12:55:06,dine_in,,cash,completed
1000900,14,2316,2026-01-07 12:55:21,takeout,,debit_card,cancelled
1000901,4,,2026-01-07 12:55:47,drive_thru,,credit_card,completed
1000902,3,315,2026-01-07 12:56:33,delivery,,debit_card,cancelled
1000903,16,,2026-01-07 12:56:57,delivery,,debit_card,completed
1000904,15,,2026-01-07 12:57:22,drive_thru,,debit_card,completed
1000905,10,1729,2026-01-07 12:59:40,delivery,NEWYEAR10,apple_pay,completed
1000906,2,317,2026-01-07 13:02:28,takeout,NEWYEAR10,credit_card,completed
1000907,5,,2026-01-07 13:05:20,delivery,NEWYEAR10,debit_card,completed
1000908,3,417,2026-01-07 13:06:00,dine_in,,gift_card,completed
1000909,8,,2026-01-07 13:11:47,dine_in,,debit_card,completed
1000910,4,30,2026-01-07 13:12:06,delivery,,credit_card,completed
1000911,14,,2026-01-07 13:24:15,dine_in,,credit_card,completed
1000912,10,1549,2026-01-07 13:34:40,takeout,,debit_card,completed
1000913,12,2260,2026-01-07 13:37:12,takeout,NEWYEAR10,debit_card,completed
1000914,17,,2026-01-07 13:38:19,delivery,,credit_card,completed
1000915,8,640,2026-01-07 13:45:57,takeout,,debit_card,completed
1000916,5,1619,2026-01-07 13:56:50,takeout,,credit_card,completed
1000917,11,1194,2026-01-07 15:57:10,dine_in,,cash,completed
1000918,2,,2026-01-07 15:58:50,delivery,,credit_card,completed
1000919,17,,2026-01-07 16:14:43,delivery,,gift_card,completed
1000920,10,710,2026-01-07 16:30:43,drive_thru,,apple_pay,completed
1000921,8,1252,2026-01-07 16:36:45,dine_in,,debit_card,completed
1000922,7,,2026-01-07 17:36:00,dine_in,,credit_card,completed
1000923,1,,2026-01-07 17:42:00,dine_in,NEWYEAR10,credit_card,completed
1000924,4,,2026-01-07 17:44:11,takeout,,debit_card,completed
1000925,2,,2026-01-07 17:45:28,delivery,,credit_card,completed
1000926,14,,2026-01-07 17:49:13,delivery,NEWYEAR10,gift_card,completed
1000927,14,1990,2026-01-07 17:51:00,dine_in,NEWYEAR10,debit_card,completed
1000928,3,1145,2026-01-07 17:52:17,takeout,NEWYEAR10,credit_card,completed
1000929,2,,2026-01-07 17:52:36,takeout,,credit_card,completed
1000930,9,,2026-01-07 17:56:01,dine_in,,debit_card,completed
1000931,18,1855,2026-01-07 17:59:25,drive_thru,,debit_card,completed
1000932,19,123,2026-01-07 18:00:42,delivery,,apple_pay,completed
1000933,7,1250,2026-01-07 18:04:27,dine_in,,credit_card,completed
1000934,19,,2026-01-07 18:06:12,takeout,,debit_card,completed
1000935,17,25,2026-01-07 18:07:15,dine_in,,credit_card,completed
1000936,14,1614,2026-01-07 18:09:07,drive_thru,,debit_card,completed
1000937,3,141,2026-01-07 18:12:15,delivery,NEWYEAR10,credit_card,completed
1000938,11,2499,2026-01-07 18:16:37,drive_thru,NEWYEAR10,cash,completed
1000939,2,330,2026-01-07 18:16:44,delivery,,credit_card,completed
1000940,19,,2026-01-07 18:17:04,dine_in,,gift_card,completed
1000941,9,949,2026-01-07 18:17:35,delivery,,credit_card,completed
1000942,15,,2026-01-07 18:18:57,dine_in,,credit_card,completed
1000943,12,,2026-01-07 18:24:01,takeout,,debit_card,refunded
1000944,2,2137,2026-01-07 18:25:54,dine_in,,apple_pay,completed
1000945,17,1103,2026-01-07 18:28:13,dine_in,,cash,completed
1000946,8,1404,2026-01-07 18:32:04,delivery,NEWYEAR10,credit_card,completed
1000947,12,,2026-01-07 18:36:51,dine_in,,credit_card,completed
1000948,10,,2026-01-07 18:37:51,dine_in,,gift_card,completed
1000949,17,,2026-01-07 18:41:20,dine_in,,credit_card,completed
1000950,2,1133,2026-01-07 18:42:57,delivery,,credit_card,completed
1000951,10,,2026-01-07 18:43:39,takeout,,credit_card,completed
1000952,6,,2026-01-07 18:46:34,drive_thru,NEWYEAR10,debit_card,completed
1000953,2,,2026-01-07 18:48:42,delivery,NEWYEAR10,apple_pay,completed
1000954,6,,2026-01-07 18:50:47,drive_thru,,credit_card,completed
1000955,10,,2026-01-07 18:51:46,dine_in,,credit_card,completed
1000956,10,2150,2026-01-07 18:56:25,dine_in,,credit_card,completed
1000957,8,,2026-01-07 18:58:08,dine_in,,credit_card,completed
1000958,4,,2026-01-07 19:02:25,takeout,,credit_card,refunded
1000959,6,,2026-01-07 19:02:40,delivery,NEWYEAR10,debit_card,completed
1000960,11,969,2026-01-07 19:03:22,dine_in,,credit_card,completed
1000961,17,1332,2026-01-07 19:03:55,delivery,,credit_card,completed
1000962,19,966,01/07/2026 19:05,drive_thru,,debit_card,completed
1000963,12,316,2026-01-07 19:05:13,delivery,,credit_card,completed
1000964,12,,2026-01-07 19:10:23,dine_in,,credit_card,completed
1000965,8,359,2026-01-07 19:11:09,dine_in,,debit_card,completed
1000966,18,876,2026-01-07 19:11:20,dine_in,,debit_card,completed
1000967,16,847,2026-01-07 19:11:23,takeout,,debit_card,completed
1000968,17,612,2026-01-07 19:13:06,dine_in,,cash,completed
1000969,13,1465,2026-01-07 19:14:43,takeout,,debit_card,completed
1000970,4,1278,2026-01-07 19:16:13,dine_in,,apple_pay,completed
1000971,6,,2026-01-07 19:17:33,drive_thru,,apple_pay,completed
1000972,2,1806,2026-01-07 19:17:43,takeout,,credit_card,refunded
1000973,13,2251,2026-01-07 19:18:11,takeout,,credit_card,completed
1000974,5,1794,2026-01-07 19:18:54,takeout,,credit_card,completed
1000975,12,2186,2026-01-07 19:20:29,dine_in,,credit_card,completed
1000976,2,,2026-01-07 19:24:10,delivery,,credit_card,completed
1000977,19,,2026-01-07 19:26:24,drive_thru,,credit_card,completed
1000978,7,,2026-01-07 19:26:58,dine_in,,credit_card,completed
1000979,12,,2026-01-07 19:28:15,delivery,,credit_card,completed
1000980,3,30,2026-01-07 19:35:43,delivery,,credit_card,completed
1000981,8,,2026-01-07 19:41:09,dine_in,,cash,completed
1000982,16,1521,2026-01-07 19:41:30,takeout,NEWYEAR10,credit_card,completed
1000983,19,1566,2026-01-07 19:42:03,drive_thru,,credit_card,completed
1000984,6,,2026-01-07 19:42:15,takeout,,cash,completed
1000985,7,969,01/07/2026 19:44,delivery,,debit_card,completed
1000986,15,817,2026-01-07 19:48:19,takeout,,debit_card,completed
1000987,12,2234,2026-01-07 19:48:34,takeout,,credit_card,completed
1000988,8,1015,2026-01-07 19:49:03,takeout,,credit_card,completed
1000989,1,156,2026-01-07 19:55:18,takeout,,apple_pay,completed
1000990,6,2427,2026-01-07 20:00:25,drive_thru,,debit_card,completed
1000991,4,,2026-01-07 20:21:42,delivery,,debit_card,completed
1000992,9,1269,2026-01-07 20:38:32,delivery,,debit_card,cancelled
1000993,4,696,2026-01-07 20:43:26,takeout,,credit_card,completed
1000994,14,195,2026-01-07 21:33:04,delivery,,apple_pay,completed
1000995,7,2355,2026-01-08 10:32:29,dine_in,,debit_card,completed
1000996,7,1741,2026-01-08 10:33:34,dine_in,,credit_card,completed
1000997,5,,2026-01-08 11:09:58,dine_in,,apple_pay,completed
1000998,19,322,2026-01-08 11:10:09,dine_in,,credit_card,completed
1000999,19,,2026-01-08 11:15:42,dine_in,NEWYEAR10,credit_card,completed
1001000,11,522,2026-01-08 11:41:19,takeout,,debit_card,completed
1001001,11,686,2026-01-08 11:41:24,takeout,,credit_card,completed
1001002,12,,2026-01-08 11:43:23,takeout,,gift_card,completed
1001003,3,898,2026-01-08 11:48:57,takeout,,credit_card,completed
1001004,3,108,2026-01-08 12:03:42,takeout,,cash,completed
1001005,17,,2026-01-08 12:03:48,dine_in,,credit_card,completed
1001006,13,472,2026-01-08 12:04:29,takeout,,credit_card,completed
1001007,15,,2026-01-08 12:07:47,dine_in,,apple_pay,completed
1001008,13,,2026-01-08 12:08:40,dine_in,,credit_card,completed
1001009,13,98,2026-01-08 12:09:44,takeout,,cash,completed
1001010,7,,2026-01-08 12:12:24,takeout,,debit_card,completed
1001011,3,220,2026-01-08 12:12:57,dine_in,,credit_card,completed
1001012,6,1021,2026-01-08 12:14:23,drive_thru,,apple_pay,completed
1001013,16,2083,01/08/2026 12:14,dine_in,,credit_card,completed
1001014,17,,2026-01-08 12:19:51,dine_in,,gift_card,completed
1001015,11,2165,2026-01-08 12:23:15,dine_in,,credit_card,completed
1001016,10,,2026-01-08 12:23:32,drive_thru,,debit_card,completed
1001017,17,1824,2026-01-08 12:25:35,dine_in,,gift_card,completed
1001018,3,934,01/08/2026 12:27,dine_in,,debit_card,completed
1001019,9,1589,2026-01-08 12:29:33,dine_in,,debit_card,completed
1001020,13,1675,2026-01-08 12:29:46,dine_in,,credit_card,completed
1001021,15,1751,2026-01-08 12:29:50,drive_thru,NEWYEAR10,credit_card,completed
1001022,16,216,2026-01-08 12:29:56,delivery,,credit_card,completed
1001023,6,2154,2026-01-08 12:30:48,takeout,,debit_card,completed
1001024,10,,2026-01-08 12:32:03,takeout,,credit_card,completed
1001025,10,,2026-01-08 12:33:13,dine_in,,credit_card,completed
1001026,12,,2026-01-08 12:35:02,dine_in,NEWYEAR10,cash,completed
1001027,1,1257,2026-01-08 12:36:03,takeout,,apple_pay,completed
1001028,11,1980,2026-01-08 12:39:03,drive_thru,,cash,completed
1001029,19,917,2026-01-08 12:43:17,delivery,,debit_card,completed
1001030,4,,2026-01-08 12:47:52,takeout,,credit_card,completed
1001031,15,891,2026-01-08 12:48:18,dine_in,,debit_card,completed
1001032,2,,2026-01-08 12:51:39,takeout,,credit_card,completed
1001033,11,812,2026-01-08 12:53:49,dine_in,,credit_card,completed
1001034,17,2447,2026-01-08 12:55:09,dine_in,,apple_pay,completed
1001035,1,623,2026-01-08 12:55:51,delivery,,credit_card,completed
1001036,15,1326,2026-01-08 12:56:41,delivery,,credit_card,completed
1001037,16,2007,2026-01-08 12:57:45,dine_in,NEWYEAR10,cash,completed
1001038,6,93,2026-01-08 12:58:52,delivery,,credit_card,completed
1001039,19,945,2026-01-08 12:59:03,dine_in,,credit_card,completed
1001040,9,1887,2026-01-08 13:05:07,drive_thru,,credit_card,completed
1001041,12,110,2026-01-08 13:06:37,dine_in,,credit_card,completed
1001042,5,2362,2026-01-08 13:07:12,dine_in,,debit_card,completed
1001043,1,1119,2026-01-08 13:07:59,dine_in,,credit_card,completed
1001044,2,2130,2026-01-08 13:22:25,takeout,,apple_pay,completed
1001045,11,2436,2026-01-08 13:28:09,takeout,NEWYEAR10,credit_card,completed
1001046,4,1806,2026-01-08 13:33:20,dine_in,,debit_card,completed
1001047,13,472,2026-01-08 13:42:36,dine_in,,credit_card,completed
1001048,3,984,2026-01-08 13:46:38,dine_in,NEWYEAR10,credit_card,completed
1001049,8,1327,2026-01-08 13:49:09,dine_in,,credit_card,completed
1001050,13,478,2026-01-08 13:54:15,takeout,,debit_card,completed
1001051,5,,2026-01-08 14:17:27,drive_thru,,credit_card,completed
1001052,11,2350,2026-01-08 14:32:26,takeout,,credit_card,completed
1001053,8,,2026-01-08 14:58:12,dine_in,NEWYEAR10,credit_card,completed
1001054,14,2086,2026-01-08 15:02:05,dine_in,,cash,completed
1001055,6,1997,2026-01-08 15:11:08,dine_in,,credit_card,completed
1001056,8,1327,2026-01-08 15:39:07,takeout,,credit_card,completed
1001057,11,134,2026-01-08 15:48:52,dine_in,,credit_card,completed
1001058,3,1310,2026-01-08 16:06:42,delivery,,credit_card,completed
1001059,2,,2026-01-08 16:50:18,dine_in,,debit_card,completed
1001060,2,806,2026-01-08 17:09:26,dine_in,,credit_card,completed
1001061,10,1402,2026-01-08 17:12:09,delivery,,credit_card,completed
1001062,17,314,2026-01-08 17:14:15,dine_in,,credit_card,completed
1001063,3,868,2026-01-08 17:18:39,dine_in,,credit_card,completed
1001064,19,745,2026-01-08 17:26:17,drive_thru,,cash,completed
1001065,4,,2026-01-08 17:31:01,delivery,,debit_card,completed
1001066,3,,2026-01-08 17:36:44,delivery,,credit_card,completed
1001067,6,,2026-01-08 17:42:39,drive_thru,,debit_card,completed
1001068,14,,2026-01-08 17:46:59,drive_thru,,apple_pay,completed
1001069,10,,2026-01-08 18:00:03,dine_in,,credit_card,completed
1001070,6,170,2026-01-08 18:00:27,dine_in,,credit_card,completed
1001071,2,,2026-01-08 18:03:59,takeout,,credit_card,completed
1001072,12,324,2026-01-08 18:04:23,dine_in,,credit_card,completed
1001073,3,616,2026-01-08 18:04:38,dine_in,,credit_card,completed
1001074,16,338,2026-01-08 18:05:16,,,credit_card,cancelled
1001075,12,,2026-01-08 18:13:46,takeout,NEWYEAR10,debit_card,completed
1001076,15,1156,2026-01-08 18:21:14,drive_thru,,cash,completed
1001077,5,,2026-01-08 18:21:27,dine_in,,credit_card,completed
1001078,14,1212,2026-01-08 18:22:08,takeout,,apple_pay,completed
1001079,12,458,2026-01-08 18:22:28,delivery,,credit_card,completed
1001080,2,2494,2026-01-08 18:31:22,delivery,,apple_pay,completed
1001081,18,1335,2026-01-08 18:31:41,delivery,,debit_card,completed
1001082,14,1214,2026-01-08 18:33:58,dine_in,,gift_card,completed
1001083,6,,2026-01-08 18:35:23,dine_in,,credit_card,completed
1001084,15,,2026-01-08 18:35:47,drive_thru,,credit_card,completed
1001085,9,773,2026-01-08 18:36:15,dine_in,,credit_card,completed
1001086,19,,2026-01-08 18:39:29,drive_thru,,credit_card,completed
1001087,7,568,2026-01-08 18:40:59,takeout,,credit_card,cancelled
1001088,11,517,2026-01-08 18:42:53,drive_thru,,apple_pay,completed
1001089,12,2273,2026-01-08 18:44:42,delivery,NEWYEAR10,credit_card,completed
1001090,10,1323,2026-01-08 18:46:11,dine_in,,cash,completed
1001091,10,,2026-01-08 18:47:09,takeout,,credit_card,completed
1001092,17,1393,2026-01-08 18:47:36,dine_in,,debit_card,completed
1001093,13,1288,2026-01-08 18:48:24,takeout,,credit_card,completed
1001094,13,334,2026-01-08 18:49:30,delivery,,credit_card,completed
1001095,2,1806,2026-01-08 18:50:36,dine_in,,credit_card,completed
1001096,1,1640,2026-01-08 18:50:44,dine_in,NEWYEAR10,credit_card,completed
1001097,7,858,2026-01-08 18:55:13,delivery,,apple_pay,completed
1001098,9,,2026-01-08 18:56:46,dine_in,,debit_card,completed
1001099,2,1874,2026-01-08 18:57:34,takeout,,credit_card,completed
1001100,4,,2026-01-08 18:59:07,takeout,,credit_card,cancelled
1001101,14,43,2026-01-08 19:00:14,takeout,,credit_card,completed
1001102,6,,2026-01-08 19:00:15,drive_thru,NEWYEAR10,credit_card,completed
1001103,5,1637,2026-01-08 19:06:35,dine_in,,debit_card,completed
1001104,2,,2026-01-08 19:07:03,takeout,NEWYEAR10,cash,completed
1001105,14,1990,2026-01-08 19:09:17,dine_in,NEWYEAR10,credit_card,completed
1001106,6,1368,2026-01-08 19:15:24,dine_in,,debit_card,completed
1001107,17,902,2026-01-08 19:17:33,takeout,,apple_pay,completed
1001108,2,1744,2026-01-08 19:17:59,dine_in,NEWYEAR10,credit_card,completed
1001109,14,,2026-01-08 19:17:59,drive_thru,,credit_card,completed
1001110,14,2264,2026-01-08 19:18:58,dine_in,,debit_card,completed
1001111,6,352,2026-01-08 19:20:43,drive_thru,,debit_card,completed
1001112,12,,2026-01-08 19:21:43,,,debit_card,completed
1001113,17,730,2026-01-08 19:28:11,dine_in,,credit_card,completed
1001114,19,1266,2026-01-08 19:30:40,drive_thru,,apple_pay,completed
1001115,5,681,2026-01-08 19:31:44,dine_in,,apple_pay,completed
1001116,11,955,2026-01-08 19:35:33,delivery,,debit_card,completed
1001117,9,,2026-01-08 19:35:45,drive_thru,,cash,completed
1001118,7,1447,2026-01-08 19:49:45,dine_in,,apple_pay,cancelled
1001119,15,2020,2026-01-08 19:50:08,drive_thru,,credit_card,completed
1001120,7,,2026-01-08 19:51:40,dine_in,,credit_card,completed
1001121,6,1035,2026-01-08 19:51:42,drive_thru,,debit_card,completed
1001122,3,2379,2026-01-08 20:12:37,dine_in,,credit_card,completed
1001123,4,1038,2026-01-08 20:24:29,delivery,,gift_card,completed
1001124,13,34,2026-01-08 20:38:26,takeout,,gift_card,completed
1001125,1,,2026-01-08 20:41:55,dine_in,NEWYEAR10,credit_card,completed
1001126,1,978,2026-01-08 20:57:21,takeout,,credit_card,completed
1001127,9,477,2026-01-08 21:32:55,dine_in,,credit_card,completed
1001128,17,,2026-01-08 21:33:36,takeout,,apple_pay,completed
1001129,1,,2026-01-09 10:41:30,dine_in,,cash,completed
1001130,6,882,2026-01-09 10:55:46,drive_thru,,credit_card,completed
1001131,2,,2026-01-09 11:08:23,takeout,,credit_card,completed
1001132,17,543,2026-01-09 11:26:53,takeout,,gift_card,completed
1001133,12,784,01/09/2026 11:29,dine_in,,apple_pay,completed
1001134,6,164,2026-01-09 11:32:40,takeout,,gift_card,completed
1001135,11,1779,2026-01-09 11:34:23,dine_in,,cash,completed
1001136,6,,2026-01-09 11:35:11,drive_thru,,apple_pay,completed
1001137,8,1253,2026-01-09 11:37:24,dine_in,,apple_pay,completed
1001138,4,1848,2026-01-09 11:37:54,drive_thru,NEWYEAR10,debit_card,completed
1001139,2,1216,2026-01-09 11:40:29,dine_in,NEWYEAR10,debit_card,completed
1001140,2,,2026-01-09 11:42:09,dine_in,,cash,completed
1001141,4,1219,2026-01-09 11:46:29,drive_thru,,apple_pay,refunded
1001142,7,257,2026-01-09 11:49:45,dine_in,,credit_card,completed
1001143,8,2303,2026-01-09 11:57:19,dine_in,,credit_card,completed
1001144,4,,2026-01-09 11:58:06,dine_in,,apple_pay,completed
1001145,10,,2026-01-09 12:01:52,drive_thru,,gift_card,completed
1001146,18,893,2026-01-09 12:06:13,takeout,,credit_card,completed
1001147,9,1410,2026-01-09 12:07:35,drive_thru,,cash,completed
1001148,9,526,2026-01-09 12:09:40,drive_thru,,debit_card,completed
1001149,14,,2026-01-09 12:11:44,drive_thru,,credit_card,completed
1001150,18,,2026-01-09 12:16:25,dine_in,,debit_card,completed
1001151,7,645,2026-01-09 12:20:19,dine_in,,cash,completed
1001152,8,1978,2026-01-09 12:22:00,takeout,,cash,completed
1001153,19,300,2026-01-09 12:22:25,drive_thru,,credit_card,completed
1001154,19,,2026-01-09 12:22:38,dine_in,,gift_card,completed
1001155,1,755,2026-01-09 12:24:39,takeout,,cash,refunded
1001156,3,742,2026-01-09 12:25:52,delivery,,debit_card,completed
1001157,8,,2026-01-09 12:26:38,takeout,,debit_card,completed
1001158,14,2415,01/09/2026 12:27,dine_in,,debit_card,completed
1001159,6,,2026-01-09 12:29:23,delivery,,credit_card,completed
1001160,11,,2026-01-09 12:31:35,dine_in,,credit_card,completed
1001161,16,2167,2026-01-09 12:42:16,dine_in,,credit_card,completed
1001162,13,2210,2026-01-09 12:46:06,dine_in,,debit_card,completed
1001163,18,,2026-01-09 12:49:18,drive_thru,,credit_card,completed
1001164,13,309,2026-01-09 12:49:53,dine_in,,credit_card,cancelled
1001165,2,1289,2026-01-09 12:52:45,dine_in,,apple_pay,completed
1001166,12,227,2026-01-09 12:52:59,takeout,,credit_card,completed
1001167,19,,2026-01-09 12:54:07,drive_thru,,apple_pay,completed
1001168,12,,2026-01-09 12:57:38,dine_in,,apple_pay,completed
1001169,11,1796,2026-01-09 12:59:21,,,credit_card,completed
1001170,10,900,2026-01-09 13:02:43,drive_thru,,credit_card,completed
1001171,1,1303,2026-01-09 13:03:55,takeout,NEWYEAR10,debit_card,completed
1001172,11,550,2026-01-09 13:03:59,drive_thru,,cash,completed
1001173,1,2456,2026-01-09 13:04:37,takeout,,cash,completed
1001174,4,1144,2026-01-09 13:06:04,delivery,,debit_card,completed
1001175,14,1583,2026-01-09 13:06:45,delivery,,credit_card,completed
1001176,13,58,2026-01-09 13:08:40,dine_in,,credit_card,completed
1001177,11,,2026-01-09 13:12:23,drive_thru,,apple_pay,completed
1001178,13,2358,2026-01-09 13:14:11,delivery,,debit_card,completed
1001179,19,,2026-01-09 13:14:40,delivery,,gift_card,completed
1001180,14,1768,2026-01-09 13:18:38,drive_thru,,debit_card,completed
1001181,4,,2026-01-09 13:18:41,takeout,,apple_pay,completed
1001182,12,2085,2026-01-09 13:19:14,dine_in,,credit_card,completed
1001183,2,1770,2026-01-09 13:23:32,dine_in,,debit_card,completed
1001184,2,981,2026-01-09 13:27:16,dine_in,,credit_card,completed
1001185,15,423,2026-01-09 13:28:53,drive_thru,,apple_pay,completed
1001186,1,535,2026-01-09 13:29:04,takeout,NEWYEAR10,credit_card,completed
1001187,6,1929,2026-01-09 13:30:39,dine_in,,credit_card,completed
1001188,6,487,2026-01-09 13:44:28,takeout,,credit_card,completed
1001189,3,1235,2026-01-09 14:01:02,dine_in,NEWYEAR10,debit_card,completed
1001190,4,,2026-01-09 14:28:34,takeout,,credit_card,completed
1001191,12,1287,2026-01-09 14:28:51,takeout,,credit_card,completed
1001192,17,2054,2026-01-09 14:35:44,dine_in,,debit_card,completed
1001193,7,1567,2026-01-09 14:48:24,takeout,,credit_card,completed
1001194,6,510,2026-01-09 14:53:19,dine_in,,credit_card,completed
1001195,13,,2026-01-09 15:02:54,dine_in,,credit_card,refunded
1001196,14,1180,2026-01-09 15:07:11,delivery,,credit_card,completed
1001197,3,,2026-01-09 15:17:33,dine_in,,debit_card,completed
1001198,17,1717,2026-01-09 15:31:52,dine_in,,cash,completed
1001199,11,591,2026-01-09 15:31:54,dine_in,,debit_card,completed
1001200,16,96,2026-01-09 15:43:00,dine_in,,credit_card,completed
1001201,14,446,2026-01-09 15:57:27,drive_thru,,apple_pay,completed
1001202,12,188,2026-01-09 16:33:42,dine_in,,cash,completed
1001203,7,,2026-01-09 16:39:57,dine_in,,debit_card,completed
1001204,10,70,2026-01-09 17:34:19,drive_thru,,cash,completed
1001205,5,1673,2026-01-09 17:35:22,dine_in,,credit_card,completed
1001206,17,,2026-01-09 17:36:33,takeout,,cash,completed
1001207,8,,2026-01-09 17:51:05,takeout,,gift_card,completed
1001208,16,2007,2026-01-09 17:52:20,takeout,,debit_card,completed
1001209,13,1782,2026-01-09 17:53:49,dine_in,,gift_card,completed
1001210,11,940,2026-01-09 17:54:31,dine_in,,credit_card,completed
1001211,3,2359,2026-01-09 17:57:17,dine_in,,apple_pay,completed
1001212,10,15,2026-01-09 18:01:46,takeout,,credit_card,completed
1001213,6,1027,2026-01-09 18:03:52,drive_thru,,cash,completed
1001214,18,,2026-01-09 18:04:04,delivery,,credit_card,completed
1001215,18,1733,2026-01-09 18:08:45,drive_thru,,credit_card,completed
1001216,5,,2026-01-09 18:12:24,dine_in,,apple_pay,completed
1001217,7,145,2026-01-09 18:12:41,delivery,,apple_pay,completed
1001218,8,,2026-01-09 18:16:48,dine_in,,credit_card,completed
1001219,4,2110,2026-01-09 18:20:27,delivery,,apple_pay,completed
1001220,15,1830,2026-01-09 18:22:13,dine_in,,credit_card,completed
1001221,13,971,2026-01-09 18:22:44,dine_in,,credit_card,cancelled
1001222,1,2473,2026-01-09 18:23:13,dine_in,,credit_card,completed
1001223,1,1867,2026-01-09 18:24:21,takeout,,apple_pay,completed
1001224,11,959,2026-01-09 18:27:33,dine_in,,credit_card,completed
1001225,6,289,2026-01-09 18:36:11,dine_in,,cash,completed
1001226,3,2082,2026-01-09 18:38:14,delivery,,apple_pay,completed
1001227,17,730,2026-01-09 18:38:18,dine_in,,credit_card,completed
1001228,17,242,01/09/2026 18:40,dine_in,,credit_card,completed
1001229,4,950,2026-01-09 18:43:33,dine_in,,cash,completed
1001230,6,93,2026-01-09 18:45:31,dine_in,,debit_card,cancelled
1001231,5,2080,2026-01-09 18:46:09,dine_in,,credit_card,completed
1001232,16,,2026-01-09 18:46:26,dine_in,,cash,refunded
1001233,11,,2026-01-09 18:47:00,drive_thru,,debit_card,completed
1001234,7,127,2026-01-09 18:48:48,delivery,,apple_pay,completed
1001235,5,1648,2026-01-09 18:49:34,drive_thru,,apple_pay,completed
1001236,9,1590,2026-01-09 18:49:40,delivery,,credit_card,completed
1001237,9,2005,2026-01-09 18:49:54,drive_thru,,debit_card,completed
1001238,4,879,2026-01-09 18:52:47,drive_thru,,debit_card,completed
1001239,12,2094,2026-01-09 18:53:05,dine_in,,credit_card,completed
1001240,19,565,2026-01-09 18:53:05,delivery,,apple_pay,completed
1001241,6,1033,2026-01-09 18:54:13,takeout,,apple_pay,completed
1001242,3,1491,2026-01-09 18:56:45,dine_in,,debit_card,completed
1001243,15,2410,2026-01-09 18:57:16,delivery,,debit_card,completed
1001244,13,1481,2026-01-09 18:58:46,dine_in,,credit_card,completed
1001245,7,1350,2026-01-09 19:00:01,dine_in,,debit_card,completed
1001246,11,591,2026-01-09 19:00:11,dine_in,,credit_card,completed
1001247,15,1504,2026-01-09 19:00:37,delivery,,credit_card,completed
1001248,14,927,2026-01-09 19:01:22,takeout,,apple_pay,completed
1001249,19,171,2026-01-09 19:01:32,dine_in,,debit_card,completed
1001250,6,352,2026-01-09 19:01:51,dine_in,,cash,completed
1001251,9,1291,2026-01-09 19:03:44,drive_thru,,cash,completed
1001252,4,,2026-01-09 19:05:34,dine_in,,cash,completed
1001253,11,2387,2026-01-09 19:06:35,dine_in,,credit_card,completed
1001254,19,,2026-01-09 19:11:20,dine_in,,credit_card,completed
1001255,17,1750,2026-01-09 19:15:55,dine_in,,apple_pay,completed
1001256,18,2475,2026-01-09 19:18:10,drive_thru,,apple_pay,completed
1001257,5,,2026-01-09 19:18:20,delivery,,debit_card,completed
1001258,9,,2026-01-09 19:18:25,takeout,,credit_card,completed
1001259,18,161,2026-01-09 19:19:50,dine_in,,apple_pay,completed
1001260,10,1468,2026-01-09 19:20:43,drive_thru,NEWYEAR10,debit_card,completed
1001261,8,1276,2026-01-09 19:22:10,takeout,,cash,completed
1001262,12,,2026-01-09 19:24:27,dine_in,NEWYEAR10,cash,completed
1001263,19,,2026-01-09 19:25:42,delivery,,credit_card,completed
1001264,12,504,2026-01-09 19:25:51,dine_in,,cash,completed
1001265,1,706,2026-01-09 19:26:05,dine_in,,credit_card,completed
1001266,1,1920,2026-01-09 19:27:36,takeout,,cash,completed
1001267,14,1108,2026-01-09 19:29:22,drive_thru,,credit_card,completed
1001268,2,239,2026-01-09 19:29:48,takeout,,credit_card,completed
1001269,9,1403,2026-01-09 19:29:48,takeout,,credit_card,completed
1001270,15,817,2026-01-09 19:31:01,delivery,NEWYEAR10,credit_card,completed
1001271,2,2130,2026-01-09 19:33:40,takeout,,credit_card,completed
1001272,15,509,2026-01-09 19:34:24,dine_in,,cash,completed
1001273,16,2120,2026-01-09 19:35:51,takeout,,credit_card,completed
1001274,15,914,2026-01-09 19:39:01,dine_in,,debit_card,completed
1001275,6,,2026-01-09 19:42:23,delivery,,gift_card,completed
1001276,6,,2026-01-09 19:42:54,dine_in,,debit_card,completed
1001277,17,1540,2026-01-09 19:46:11,delivery,,credit_card,completed
1001278,2,2208,2026-01-09 19:50:08,takeout,,credit_card,completed
1001279,14,,2026-01-09 19:51:30,takeout,,credit_card,completed
1001280,1,2110,2026-01-09 19:54:29,delivery,,credit_card,completed
1001281,8,,2026-01-09 19:54:37,dine_in,NEWYEAR10,gift_card,completed
1001282,8,1329,2026-01-09 19:55:29,dine_in,,apple_pay,completed
1001283,4,,2026-01-09 19:57:57,dine_in,,gift_card,completed
1001284,15,,01/09/2026 19:59,dine_in,,cash,completed
1001285,3,,2026-01-09 19:59:20,dine_in,,credit_card,completed
1001286,13,20,2026-01-09 19:59:35,takeout,,credit_card,completed
1001287,3,2401,2026-01-09 20:05:35,dine_in,,credit_card,completed
1001288,5,,2026-01-09 20:20:09,takeout,,cash,completed
1001289,18,1001,2026-01-09 20:25:30,drive_thru,,debit_card,completed
1001290,15,298,2026-01-09 20:25:40,drive_thru,,cash,completed
1001291,15,334,2026-01-09 20:27:41,takeout,,debit_card,completed
1001292,8,,2026-01-09 20:53:38,dine_in,,gift_card,completed
1001293,1,2486,2026-01-09 21:03:34,dine_in,,credit_card,completed
1001294,10,,2026-01-09 21:12:05,drive_thru,,debit_card,completed
1001295,2,,2026-01-09 21:15:59,dine_in,,credit_card,completed
1001296,7,,2026-01-09 21:29:55,takeout,,apple_pay,completed
1001297,1,671,2026-01-10 10:36:35,dine_in,,credit_card,completed
1001298,1,2377,2026-01-10 11:03:28,delivery,,credit_card,completed
1001299,13,,2026-01-10 11:11:54,dine_in,,credit_card,completed
1001300,14,,2026-01-10 11:18:03,dine_in,,apple_pay,completed
1001301,14,,2026-01-10 11:21:44,dine_in,,cash,completed
1001302,16,2161,2026-01-10 11:33:03,delivery,,apple_pay,completed
1001303,13,,2026-01-10 11:36:19,dine_in,,credit_card,completed
1001304,17,,2026-01-10 11:37:01,dine_in,,apple_pay,completed
1001305,12,1940,2026-01-10 11:43:57,takeout,,debit_card,completed
1001306,8,606,2026-01-10 11:44:15,dine_in,,apple_pay,completed
1001307,7,2149,01/10/2026 11:45,dine_in,,credit_card,completed
1001308,13,,2026-01-10 11:46:00,takeout,,gift_card,completed
1001309,3,,2026-01-10 11:46:32,dine_in,,cash,cancelled
1001310,7,257,2026-01-10 11:47:17,delivery,,credit_card,completed
1001311,19,123,2026-01-10 11:53:55,drive_thru,,credit_card,completed
1001312,8,229,2026-01-10 11:53:59,delivery,NEWYEAR10,debit_card,refunded
1001313,8,21,2026-01-10 11:54:15,dine_in,,credit_card,completed
1001314,8,,2026-01-10 11:55:25,dine_in,,credit_card,completed
1001315,2,774,2026-01-10 11:59:20,delivery,,credit_card,completed
1001316,3,953,2026-01-10 12:00:12,takeout,,debit_card,completed
1001317,2,,2026-01-10 12:01:03,takeout,,credit_card,completed
1001318,14,413,2026-01-10 12:01:20,drive_thru,,credit_card,completed
1001319,9,1350,2026-01-10 12:01:55,drive_thru,,credit_card,completed
1001320,3,1512,2026-01-10 12:02:17,dine_in,,apple_pay,completed
1001321,11,,2026-01-10 12:03:49,delivery,,debit_card,completed
1001322,13,2023,2026-01-10 12:04:31,dine_in,,debit_card,completed
1001323,10,,2026-01-10 12:04:36,takeout,NEWYEAR10,credit_card,completed
1001324,2,644,2026-01-10 12:05:09,dine_in,NEWYEAR10,credit_card,completed
1001325,10,1538,2026-01-10 12:05:14,takeout,,credit_card,completed
1001326,4,,2026-01-10 12:08:12,takeout,NEWYEAR10,credit_card,completed
1001327,10,1454,2026-01-10 12:13:25,dine_in,NEWYEAR10,apple_pay,completed
1001328,17,1389,2026-01-10 12:13:46,dine_in,,apple_pay,completed
1001329,3,,2026-01-10 12:14:28,dine_in,,credit_card,completed
1001330,15,2403,2026-01-10 12:14:45,delivery,,credit_card,completed
1001331,1,2040,2026-01-10 12:16:03,takeout,,gift_card,completed
1001332,10,302,2026-01-10 12:17:06,delivery,,credit_card,completed
1001333,3,1310,2026-01-10 12:19:09,dine_in,,debit_card,completed
1001334,18,1893,2026-01-10 12:19:41,takeout,,cash,completed
1001335,2,,01/10/2026 12:19,dine_in,,credit_card,completed
1001336,1,1081,2026-01-10 12:20:50,dine_in,,apple_pay,completed
1001337,1,,2026-01-10 12:22:32,dine_in,,debit_card,completed
1001338,10,602,2026-01-10 12:22:47,dine_in,,credit_card,completed
1001339,9,,2026-01-10 12:23:38,dine_in,,debit_card,refunded
1001340,13,,2026-01-10 12:23:51,takeout,,credit_card,completed
1001341,15,,2026-01-10 12:26:30,drive_thru,,apple_pay,completed
1001342,19,1809,2026-01-10 12:26:41,dine_in,,cash,completed
1001343,5,1648,2026-01-10 12:27:46,takeout,,apple_pay,completed
1001344,6,882,2026-01-10 12:28:41,dine_in,,apple_pay,completed
1001345,7,686,2026-01-10 12:29:05,dine_in,,credit_card,completed
1001346,10,202,2026-01-10 12:29:45,takeout,,debit_card,completed
1001347,9,380,2026-01-10 12:31:00,dine_in,,credit_card,completed
1001348,3,,2026-01-10 12:33:19,dine_in,,apple_pay,completed
1001349,11,476,01/10/2026 12:34,drive_thru,,cash,completed
1001350,10,,2026-01-10 12:35:08,delivery,,credit_card,completed
1001351,2,901,2026-01-10 12:36:25,dine_in,,debit_card,completed
1001352,17,2193,2026-01-10 12:37:35,delivery,,debit_card,completed
1001353,6,510,2026-01-10 12:39:13,dine_in,,cash,completed
1001354,13,1429,2026-01-10 12:41:05,delivery,,gift_card,completed
1001355,13,2212,2026-01-10 12:41:27,takeout,,cash,completed
1001356,12,,2026-01-10 12:42:43,dine_in,,debit_card,completed
1001357,4,1165,2026-01-10 12:43:47,takeout,,credit_card,completed
1001358,18,132,2026-01-10 12:44:05,dine_in,,credit_card,completed
1001359,12,428,2026-01-10 12:45:37,dine_in,,credit_card,completed
1001360,11,900,2026-01-10 12:46:08,dine_in,,apple_pay,completed
1001361,11,,2026-01-10 12:47:31,dine_in,,debit_card,completed
1001362,1,1649,2026-01-10 12:47:38,takeout,,credit_card,completed
1001363,13,203,2026-01-10 12:48:56,takeout,,credit_card,completed
1001364,17,833,2026-01-10 12:50:54,dine_in,,apple_pay,completed
1001365,4,,2026-01-10 12:53:12,drive_thru,,credit_card,completed
1001366,6,1386,2026-01-10 12:53:55,dine_in,,credit_card,completed
1001367,4,252,2026-01-10 12:54:10,takeout,,credit_card,completed
1001368,8,2008,2026-01-10 12:56:46,takeout,,credit_card,completed
1001369,9,1886,2026-01-10 13:00:57,drive_thru,,debit_card,completed
1001370,3,2099,01/10/2026 13:02,takeout,,credit_card,completed
1001371,2,491,2026-01-10 13:03:11,delivery,,credit_card,completed
1001372,11,2056,2026-01-10 13:06:02,drive_thru,,gift_card,completed
1001373,6,1195,2026-01-10 13:06:05,dine_in,NEWYEAR10,cash,completed
1001374,19,1482,2026-01-10 13:07:15,dine_in,,apple_pay,completed
1001375,6,1153,2026-01-10 13:10:14,dine_in,,credit_card,completed
1001376,2,1916,2026-01-10 13:12:31,dine_in,NEWYEAR10,debit_card,completed
1001377,17,543,2026-01-10 13:12:52,takeout,,debit_card,completed
1001378,18,,2026-01-10 13:15:23,dine_in,,debit_card,completed
1001379,2,319,2026-01-10 13:15:55,takeout,,credit_card,completed
1001380,17,1575,2026-01-10 13:30:04,dine_in,,apple_pay,completed
1001381,6,,2026-01-10 13:32:42,drive_thru,,credit_card,completed
1001382,5,2104,2026-01-10 13:35:03,dine_in,NEWYEAR10,debit_card,completed
1001383,3,744,2026-01-10 13:44:28,dine_in,NEWYEAR10,credit_card,completed
1001384,16,2238,2026-01-10 13:44:43,dine_in,NEWYEAR10,cash,completed
1001385,10,,2026-01-10 13:53:35,delivery,,credit_card,completed
1001386,7,2165,2026-01-10 14:20:12,dine_in,,credit_card,completed
1001387,11,,2026-01-10 15:01:56,delivery,,apple_pay,completed
1001388,5,,2026-01-10 15:03:11,drive_thru,,cash,completed
1001389,7,2068,2026-01-10 15:10:47,takeout,,apple_pay,completed
1001390,16,1519,2026-01-10 15:20:27,takeout,,apple_pay,completed
1001391,15,337,2026-01-10 15:20:58,drive_thru,,credit_card,completed
1001392,12,,2026-01-10 15:38:42,dine_in,,credit_card,completed
1001393,7,2108,2026-01-10 15:39:00,dine_in,,credit_card,completed
1001394,5,1585,2026-01-10 17:03:14,delivery,,credit_card,completed
1001395,8,1076,2026-01-10 17:36:28,dine_in,,debit_card,completed
1001396,15,1797,2026-01-10 17:46:17,dine_in,NEWYEAR10,gift_card,completed
1001397,11,46,2026-01-10 17:46:53,delivery,,debit_card,completed
1001398,8,,2026-01-10 17:48:50,delivery,,credit_card,completed
1001399,2,1547,2026-01-10 17:51:49,dine_in,,debit_card,completed
1001400,1,,2026-01-10 17:58:43,dine_in,,credit_card,completed
1001401,18,1306,2026-01-10 17:58:44,delivery,,credit_card,completed
1001402,13,41,2026-01-10 18:01:23,delivery,,credit_card,completed
1001403,2,1770,2026-01-10 18:03:28,takeout,,debit_card,completed
1001404,12,2426,2026-01-10 18:06:29,dine_in,,credit_card,completed
1001405,12,177,2026-01-10 18:12:10,dine_in,,credit_card,completed
1001406,12,1912,2026-01-10 18:14:20,takeout,,credit_card,completed
1001407,4,1333,2026-01-10 18:15:44,dine_in,,debit_card,completed
1001408,4,2497,2026-01-10 18:16:47,,,apple_pay,completed
1001409,2,,2026-01-10 18:16:51,takeout,,gift_card,completed
1001410,12,1704,2026-01-10 18:16:54,dine_in,NEWYEAR10,cash,completed
1001411,18,,2026-01-10 18:21:04,takeout,,credit_card,completed
1001412,1,,2026-01-10 18:21:10,dine_in,,credit_card,completed
1001413,3,1033,2026-01-10 18:31:31,dine_in,,credit_card,completed
1001414,17,,2026-01-10 18:33:57,dine_in,,apple_pay,completed
1001415,6,,2026-01-10 18:37:39,delivery,,credit_card,completed
1001416,6,93,2026-01-10 18:40:49,delivery,,credit_card,completed
1001417,5,1794,2026-01-10 18:41:31,dine_in,,debit_card,completed
1001418,2,,2026-01-10 18:42:07,takeout,,debit_card,completed
1001419,14,,2026-01-10 18:42:30,takeout,,credit_card,completed
1001420,12,,2026-01-10 18:43:46,dine_in,,debit_card,completed
1001421,10,21,2026-01-10 18:44:21,drive_thru,NEWYEAR10,gift_card,completed
1001422,4,416,2026-01-10 18:44:26,drive_thru,NEWYEAR10,credit_card,completed
1001423,1,,2026-01-10 18:45:46,dine_in,,debit_card,completed
1001424,11,1346,2026-01-10 18:47:25,dine_in,,apple_pay,completed
1001425,5,,2026-01-10 18:48:07,takeout,,debit_card,cancelled
1001426,6,,01/10/2026 18:49,delivery,,apple_pay,completed
1001427,16,2238,2026-01-10 18:51:58,dine_in,,credit_card,completed
1001428,14,191,2026-01-10 18:52:27,delivery,,debit_card,completed
1001429,10,1486,2026-01-10 18:52:57,drive_thru,,credit_card,completed
1001430,14,815,2026-01-10 18:53:03,takeout,,debit_card,completed
1001431,16,2161,2026-01-10 18:53:35,dine_in,,cash,completed
1001432,2,,2026-01-10 18:53:36,dine_in,,credit_card,completed
1001433,8,200,2026-01-10 18:57:15,takeout,,debit_card,completed
1001434,3,1423,2026-01-10 18:57:31,dine_in,,credit_card,completed
1001435,15,1518,2026-01-10 18:57:35,drive_thru,,credit_card,completed
1001436,13,,2026-01-10 18:58:12,dine_in,,debit_card,completed
1001437,19,872,2026-01-10 19:01:48,dine_in,,cash,completed
1001438,2,2407,2026-01-10 19:01:51,dine_in,,debit_card,completed
1001439,15,794,2026-01-10 19:02:42,dine_in,,cash,completed
1001440,16,1083,2026-01-10 19:02:48,dine_in,,credit_card,completed
1001441,10,15,2026-01-10 19:06:30,takeout,,credit_card,completed
1001442,6,,2026-01-10 19:08:31,dine_in,,cash,completed
1001443,16,2007,2026-01-10 19:10:33,takeout,,credit_card,completed
1001444,6,1548,2026-01-10 19:12:35,drive_thru,NEWYEAR10,gift_card,completed
1001445,19,,01/10/2026 19:13,drive_thru,,cash,completed
1001446,9,358,2026-01-10 19:13:51,takeout,,credit_card,completed
1001447,7,1866,2026-01-10 19:14:50,dine_in,,credit_card,completed
1001448,6,2146,2026-01-10 19:15:37,takeout,,credit_card,completed
1001449,13,566,2026-01-10 19:15:51,takeout,,debit_card,completed
1001450,5,1871,2026-01-10 19:17:57,dine_in,,apple_pay,completed
1001451,14,446,2026-01-10 19:20:22,delivery,,credit_card,completed
1001452,1,2456,2026-01-10 19:23:59,dine_in,,apple_pay,completed
1001453,14,,2026-01-10 19:25:22,delivery,,apple_pay,completed
1001454,6,,2026-01-10 19:25:39,,,credit_card,completed
1001455,16,2460,2026-01-10 19:27:48,dine_in,,credit_card,completed
1001456,14,35,2026-01-10 19:28:20,drive_thru,,credit_card,refunded
1001457,8,104,2026-01-10 19:30:04,,,debit_card,completed
1001458,10,2036,2026-01-10 19:31:31,drive_thru,,debit_card,refunded
1001459,4,2308,2026-01-10 19:37:53,takeout,,cash,completed
1001460,2,2407,2026-01-10 19:39:39,takeout,,cash,completed
1001461,3,,2026-01-10 19:43:28,dine_in,,credit_card,completed
1001462,5,2354,2026-01-10 19:45:32,delivery,,credit_card,completed
1001463,2,1471,2026-01-10 19:47:38,takeout,,debit_card,completed
1001464,16,,2026-01-10 19:52:18,takeout,,gift_card,completed
1001465,13,1542,2026-01-10 19:57:15,takeout,,credit_card,completed
1001466,12,1885,2026-01-10 20:01:45,delivery,,gift_card,completed
1001467,16,237,2026-01-10 20:04:21,takeout,,credit_card,completed
1001468,6,1368,2026-01-10 20:04:32,drive_thru,,credit_card,completed
1001469,3,,2026-01-10 20:05:32,delivery,,credit_card,completed
1001470,10,1949,2026-01-10 20:09:10,drive_thru,,credit_card,completed
1001471,18,161,2026-01-10 20:17:48,drive_thru,NEWYEAR10,credit_card,completed
1001472,12,1652,2026-01-10 20:23:01,dine_in,,apple_pay,completed
1001473,2,897,2026-01-10 20:29:33,takeout,,apple_pay,completed
1001474,15,1154,2026-01-10 20:36:29,dine_in,,credit_card,completed
1001475,15,1933,2026-01-10 20:40:56,dine_in,,credit_card,completed
1001476,17,1358,2026-01-10 20:46:18,dine_in,,credit_card,completed
1001477,16,2434,2026-01-10 20:52:32,dine_in,,debit_card,cancelled
1001478,2,,2026-01-10 20:56:32,dine_in,,credit_card,completed
1001479,5,,2026-01-10 20:57:27,delivery,,credit_card,completed
1001480,4,1104,2026-01-10 21:19:52,drive_thru,,apple_pay,completed
1001481,10,2013,2026-01-10 21:35:32,takeout,,credit_card,completed
1001482,8,,2026-01-11 11:05:48,dine_in,,credit_card,completed
1001483,9,1658,2026-01-11 11:08:56,delivery,,gift_card,completed
1001484,11,,2026-01-11 11:08:59,dine_in,,gift_card,completed
1001485,18,557,2026-01-11 11:09:06,dine_in,,debit_card,completed
1001486,6,1875,2026-01-11 11:12:45,drive_thru,,apple_pay,completed
1001487,9,,2026-01-11 11:43:14,dine_in,,cash,completed
1001488,15,281,2026-01-11 11:45:37,delivery,,debit_card,completed
1001489,2,,2026-01-11 11:47:43,takeout,,debit_card,completed
1001490,5,951,2026-01-11 11:48:47,takeout,,debit_card,completed
1001491,3,1867,2026-01-11 11:57:38,takeout,,apple_pay,completed
1001492,13,,2026-01-11 11:58:52,dine_in,,apple_pay,completed
1001493,10,125,2026-01-11 12:00:52,dine_in,,cash,completed
1001494,4,416,2026-01-11 12:04:20,delivery,,credit_card,completed
1001495,15,160,2026-01-11 12:05:39,delivery,,credit_card,completed
1001496,6,1033,2026-01-11 12:10:02,drive_thru,,debit_card,completed
1001497,2,1216,2026-01-11 12:11:07,dine_in,,apple_pay,completed
1001498,12,,2026-01-11 12:11:17,dine_in,,debit_card,completed
1001499,17,2341,2026-01-11 12:17:27,delivery,,credit_card,cancelled
1001500,11,,2026-01-11 12:20:41,drive_thru,,gift_card,completed
1001501,6,803,2026-01-11 12:21:30,dine_in,,credit_card,cancelled
1001502,7,502,2026-01-11 12:21:51,takeout,,cash,completed
1001503,6,685,2026-01-11 12:21:56,drive_thru,,gift_card,completed
1001504,14,255,2026-01-11 12:23:52,dine_in,,credit_card,completed
1001505,4,,2026-01-11 12:24:20,takeout,,apple_pay,completed
1001506,5,,2026-01-11 12:25:33,delivery,,credit_card,completed
1001507,3,,2026-01-11 12:25:39,takeout,NEWYEAR10,credit_card,completed
1001508,9,1438,2026-01-11 12:25:48,takeout,,credit_card,completed
1001509,12,329,2026-01-11 12:26:28,takeout,,credit_card,completed
1001510,18,2434,2026-01-11 12:26:56,dine_in,,credit_card,completed
1001511,16,2434,2026-01-11 12:27:56,takeout,NEWYEAR10,credit_card,completed
1001512,7,1767,2026-01-11 12:28:46,takeout,,debit_card,completed
1001513,5,960,2026-01-11 12:30:15,takeout,,credit_card,completed
1001514,17,,2026-01-11 12:31:42,dine_in,,gift_card,completed
1001515,3,,2026-01-11 12:32:55,dine_in,,cash,completed
1001516,7,941,2026-01-11 12:34:17,dine_in,,cash,completed
1001517,17,2054,2026-01-11 12:41:36,takeout,,credit_card,completed
1001518,16,307,2026-01-11 12:47:03,dine_in,,apple_pay,completed
1001519,13,1059,2026-01-11 12:51:36,takeout,,credit_card,completed
1001520,4,2104,2026-01-11 12:51:42,drive_thru,,credit_card,completed
1001521,18,684,2026-01-11 12:52:24,delivery,,credit_card,completed
1001522,12,2277,2026-01-11 12:52:45,dine_in,NEWYEAR10,credit_card,completed
1001523,3,808,2026-01-11 12:54:33,dine_in,,credit_card,completed
1001524,5,733,2026-01-11 12:55:21,takeout,,credit_card,completed
1001525,10,,2026-01-11 12:55:41,delivery,,credit_card,completed
1001526,2,,2026-01-11 12:57:35,takeout,,credit_card,completed
1001527,7,,2026-01-11 12:59:26,takeout,,credit_card,completed
1001528,8,1360,2026-01-11 13:00:33,takeout,,apple_pay,completed
1001529,9,,2026-01-11 13:01:06,dine_in,,debit_card,completed
1001530,15,231,2026-01-11 13:12:18,takeout,,apple_pay,completed
1001531,15,,2026-01-11 13:12:44,delivery,,debit_card,completed
1001532,17,232,2026-01-11 13:14:08,takeout,,cash,completed
1001533,2,,2026-01-11 13:14:50,dine_in,,credit_card,completed
1001534,14,,2026-01-11 13:18:08,drive_thru,,debit_card,completed
1001535,2,,2026-01-11 13:21:43,dine_in,,debit_card,completed
1001536,1,,2026-01-11 13:23:21,dine_in,,debit_card,completed
1001537,14,255,2026-01-11 13:27:12,delivery,,credit_card,completed
1001538,11,710,2026-01-11 14:43:44,dine_in,,debit_card,completed
1001539,14,,2026-01-11 14:46:20,drive_thru,,cash,refunded
1001540,15,1805,2026-01-11 15:16:20,delivery,,debit_card,completed
1001541,18,2147,2026-01-11 15:31:39,dine_in,,credit_card,completed
1001542,10,,2026-01-11 16:27:15,dine_in,,cash,completed
1001543,15,2282,2026-01-11 17:19:37,dine_in,,credit_card,completed
1001544,16,1630,2026-01-11 17:32:57,delivery,,credit_card,completed
1001545,6,2333,2026-01-11 17:37:45,drive_thru,,cash,completed
1001546,15,891,2026-01-11 17:38:18,takeout,,credit_card,completed
1001547,9,2285,2026-01-11 17:47:03,takeout,,credit_card,completed
1001548,6,1530,2026-01-11 17:49:59,,,credit_card,completed
1001549,12,,2026-01-11 17:54:29,takeout,,credit_card,completed
1001550,18,2267,2026-01-11 17:56:19,drive_thru,,gift_card,completed
1001551,16,323,2026-01-11 18:02:50,dine_in,,cash,completed
1001552,9,,2026-01-11 18:07:37,drive_thru,,credit_card,completed
1001553,13,,2026-01-11 18:08:09,takeout,,apple_pay,completed
1001554,16,2479,2026-01-11 18:09:41,dine_in,,debit_card,completed
1001555,19,368,2026-01-11 18:14:47,takeout,,credit_card,completed
1001556,18,1229,2026-01-11 18:21:09,takeout,,cash,completed
1001557,11,,2026-01-11 18:32:22,drive_thru,,credit_card,completed
1001558,12,860,2026-01-11 18:33:49,dine_in,,cash,completed
1001559,4,,2026-01-11 18:34:43,takeout,,debit_card,completed
1001560,8,457,2026-01-11 18:35:14,dine_in,,credit_card,completed
1001561,14,,2026-01-11 18:35:40,delivery,,credit_card,refunded
1001562,4,2397,2026-01-11 18:35:45,,,credit_card,completed
1001563,17,1183,2026-01-11 18:36:24,takeout,,credit_card,completed
1001564,8,1360,2026-01-11 18:39:15,dine_in,,cash,completed
1001565,5,,2026-01-11 18:41:38,drive_thru,,credit_card,completed
1001566,2,1746,2026-01-11 18:43:18,dine_in,,credit_card,completed
1001567,4,2111,2026-01-11 18:43:18,drive_thru,NEWYEAR10,credit_card,completed
1001568,15,514,2026-01-11 18:45:59,drive_thru,NEWYEAR10,credit_card,completed
1001569,1,739,2026-01-11 18:46:45,dine_in,,credit_card,completed
1001570,19,2483,2026-01-11 18:46:50,delivery,,credit_card,completed
1001571,3,901,2026-01-11 18:49:40,delivery,,credit_card,completed
1001572,1,1138,2026-01-11 18:49:57,dine_in,,credit_card,completed
1001573,18,,2026-01-11 18:50:37,dine_in,,credit_card,completed
1001574,12,1260,2026-01-11 18:52:52,takeout,,cash,completed
1001575,2,267,2026-01-11 18:55:54,,,debit_card,completed
1001576,12,,2026-01-11 18:58:06,takeout,,apple_pay,completed
1001577,6,1510,2026-01-11 18:58:58,delivery,,credit_card,completed
1001578,9,286,2026-01-11 19:02:41,dine_in,,credit_card,completed
1001579,3,,2026-01-11 19:03:26,dine_in,,cash,completed
1001580,2,,2026-01-11 19:04:18,delivery,,apple_pay,completed
1001581,3,397,2026-01-11 19:11:37,takeout,,debit_card,completed
1001582,10,,2026-01-11 19:13:06,drive_thru,,debit_card,completed
1001583,9,,2026-01-11 19:20:29,takeout,,cash,completed
1001584,10,1207,2026-01-11 19:20:59,takeout,,credit_card,completed
1001585,17,492,2026-01-11 19:24:04,dine_in,,credit_card,completed
1001586,6,,2026-01-11 19:25:45,dine_in,,debit_card,completed
1001587,19,,2026-01-11 19:25:50,delivery,,credit_card,completed
1001588,16,410,2026-01-11 19:27:58,dine_in,,credit_card,completed
1001589,6,1564,2026-01-11 19:29:33,drive_thru,,debit_card,completed
1001590,2,,2026-01-11 19:30:32,dine_in,,debit_card,completed
1001591,8,1329,2026-01-11 19:34:44,dine_in,,credit_card,completed
1001592,15,1653,2026-01-11 19:35:06,dine_in,,debit_card,completed
1001593,8,,2026-01-11 19:36:05,takeout,,credit_card,completed
1001594,18,,2026-01-11 19:41:40,drive_thru,,debit_card,completed
1001595,4,1027,2026-01-11 19:43:09,delivery,,credit_card,completed
1001596,17,,2026-01-11 19:43:09,dine_in,,apple_pay,completed
1001597,13,1753,2026-01-11 19:44:32,dine_in,,apple_pay,completed
1001598,12,2085,2026-01-11 19:50:32,dine_in,,credit_card,cancelled
1001599,8,1360,2026-01-11 19:57:27,dine_in,,debit_card,completed
1001600,14,,2026-01-11 20:03:05,takeout,,cash,completed
1001601,2,1388,2026-01-11 20:03:27,dine_in,,gift_card,completed
1001602,7,1380,2026-01-11 20:12:21,dine_in,,debit_card,completed
1001603,19,1656,2026-01-11 20:20:59,dine_in,,credit_card,completed
1001604,18,,2026-01-11 20:21:46,dine_in,,gift_card,completed
1001605,12,860,2026-01-11 20:23:37,takeout,,cash,completed
1001606,8,,2026-01-11 20:59:17,delivery,,debit_card,completed
1001607,5,1569,2026-01-11 21:01:07,drive_thru,,apple_pay,completed
1001608,8,,2026-01-11 21:01:07,delivery,,credit_card,completed
1001609,11,,2026-01-11 21:20:19,delivery,,credit_card,completed
1001610,1,32,2026-01-11 21:24:34,takeout,,credit_card,completed
1001611,5,,2026-01-12 10:48:27,dine_in,NEWYEAR10,credit_card,completed
1001612,10,1810,2026-01-12 10:54:14,dine_in,,debit_card,completed
1001613,13,991,2026-01-12 10:54:55,dine_in,,apple_pay,completed
1001614,11,1859,2026-01-12 11:07:28,drive_thru,,cash,completed
1001615,2,2443,2026-01-12 11:22:22,takeout,,debit_card,completed
1001616,2,1471,2026-01-12 11:33:35,dine_in,,credit_card,completed
1001617,15,,2026-01-12 11:38:41,drive_thru,,apple_pay,refunded
1001618,13,391,2026-01-12 11:46:39,takeout,NEWYEAR10,cash,completed
1001619,18,,2026-01-12 11:48:21,drive_thru,,apple_pay,completed
1001620,8,266,2026-01-12 11:48:37,dine_in,,credit_card,completed
1001621,8,1307,2026-01-12 11:51:01,takeout,,credit_card,completed
1001622,7,,2026-01-12 11:55:12,delivery,,debit_card,completed
1001623,19,,2026-01-12 11:58:56,drive_thru,,apple_pay,completed
1001624,7,1056,2026-01-12 11:59:22,dine_in,,gift_card,completed
1001625,13,,2026-01-12 12:05:38,dine_in,,credit_card,completed
1001626,19,,2026-01-12 12:05:48,takeout,,gift_card,completed
1001627,2,,2026-01-12 12:08:32,dine_in,,credit_card,cancelled
1001628,8,1112,2026-01-12 12:09:52,dine_in,,credit_card,completed
1001629,6,1197,2026-01-12 12:11:34,drive_thru,,credit_card,completed
1001630,6,,2026-01-12 12:16:15,dine_in,,cash,completed
1001631,8,1196,01/12/2026 12:17,takeout,,cash,completed
1001632,14,2063,2026-01-12 12:18:23,drive_thru,,debit_card,completed
1001633,12,1343,2026-01-12 12:20:26,takeout,,cash,completed
1001634,11,1346,2026-01-12 12:20:39,takeout,,credit_card,completed
1001635,8,,2026-01-12 12:21:45,delivery,,apple_pay,completed
1001636,3,2456,2026-01-12 12:23:09,takeout,,debit_card,completed
1001637,17,2183,2026-01-12 12:24:40,dine_in,,apple_pay,completed
1001638,11,1779,2026-01-12 12:25:59,dine_in,,credit_card,completed
1001639,19,,01/12/2026 12:28,delivery,,credit_card,completed
1001640,1,,2026-01-12 12:30:27,dine_in,,credit_card,completed
1001641,12,,2026-01-12 12:32:08,dine_in,NEWYEAR10,credit_card,completed
1001642,1,,2026-01-12 12:34:02,delivery,,credit_card,completed
1001643,7,2352,2026-01-12 12:34:59,takeout,,debit_card,completed
1001644,2,,2026-01-12 12:35:56,dine_in,,credit_card,completed
1001645,9,,2026-01-12 12:36:58,takeout,,apple_pay,completed
1001646,1,1081,2026-01-12 12:42:30,dine_in,,credit_card,completed
1001647,2,,2026-01-12 12:42:43,dine_in,,debit_card,completed
1001648,16,,2026-01-12 12:44:18,takeout,,debit_card,completed
1001649,11,560,2026-01-12 12:44:57,delivery,,apple_pay,completed
1001650,18,1775,2026-01-12 12:45:17,dine_in,,debit_card,completed
1001651,12,,2026-01-12 12:45:59,takeout,,debit_card,completed
1001652,4,1257,2026-01-12 12:46:14,takeout,,apple_pay,completed
1001653,7,1904,2026-01-12 12:48:02,takeout,,debit_card,completed
1001654,12,,2026-01-12 12:48:41,takeout,,credit_card,completed
1001655,6,1778,2026-01-12 12:55:47,drive_thru,,gift_card,completed
1001656,11,938,01/12/2026 12:57,,,credit_card,completed
1001657,7,,2026-01-12 12:57:59,dine_in,,credit_card,completed
1001658,17,,2026-01-12 12:58:29,dine_in,,debit_card,completed
1001659,2,2443,2026-01-12 13:04:45,dine_in,,apple_pay,completed
1001660,3,2363,2026-01-12 13:08:17,takeout,,credit_card,completed
1001661,8,,2026-01-12 13:11:22,takeout,,cash,completed
1001662,7,,2026-01-12 13:12:03,takeout,,credit_card,completed
1001663,11,,2026-01-12 13:12:55,drive_thru,,cash,completed
1001664,13,566,2026-01-12 13:15:00,delivery,,credit_card,completed
1001665,7,732,2026-01-12 13:20:44,dine_in,,gift_card,completed
1001666,12,2135,2026-01-12 13:23:38,dine_in,,debit_card,completed
1001667,3,1255,2026-01-12 13:25:24,dine_in,,credit_card,completed
1001668,19,1230,2026-01-12 13:26:21,delivery,,credit_card,completed
1001669,6,,2026-01-12 13:29:47,drive_thru,,credit_card,completed
1001670,1,,2026-01-12 13:30:49,dine_in,,debit_card,completed
1001671,12,110,2026-01-12 14:13:24,dine_in,,apple_pay,completed
1001672,13,2345,2026-01-12 14:17:12,delivery,NEWYEAR10,credit_card,completed
1001673,8,,01/12/2026 14:21,dine_in,,cash,completed
1001674,3,,2026-01-12 14:30:37,takeout,,credit_card,completed
1001675,10,,2026-01-12 14:45:58,drive_thru,,debit_card,completed
1001676,3,,2026-01-12 15:10:27,takeout,,apple_pay,completed
1001677,14,,2026-01-12 15:30:54,drive_thru,,cash,cancelled
1001678,16,2161,2026-01-12 16:19:26,delivery,,credit_card,completed
1001679,6,1580,2026-01-12 17:28:38,drive_thru,,credit_card,completed
1001680,3,2314,2026-01-12 17:41:19,dine_in,,credit_card,completed
1001681,6,299,2026-01-12 17:48:03,dine_in,,apple_pay,completed
1001682,6,,2026-01-12 17:51:40,drive_thru,NEWYEAR10,debit_card,completed
1001683,16,,2026-01-12 18:03:53,dine_in,,credit_card,completed
1001684,1,1336,2026-01-12 18:05:05,delivery,,credit_card,completed
1001685,18,684,01/12/2026 18:12,takeout,,credit_card,completed
1001686,4,,2026-01-12 18:13:33,drive_thru,,credit_card,completed
1001687,9,358,2026-01-12 18:19:18,drive_thru,,apple_pay,completed
1001688,2,1770,2026-01-12 18:20:01,dine_in,,debit_card,completed
1001689,5,2445,2026-01-12 18:21:02,delivery,,credit_card,completed
1001690,8,,2026-01-12 18:29:11,dine_in,,debit_card,completed
1001691,14,,2026-01-12 18:30:01,takeout,,debit_card,completed
1001692,19,507,2026-01-12 18:31:41,,,credit_card,completed
1001693,15,,2026-01-12 18:33:11,drive_thru,,cash,completed
1001694,16,,2026-01-12 18:34:55,takeout,,credit_card,completed
1001695,17,1824,2026-01-12 18:36:12,dine_in,,apple_pay,completed
1001696,3,,2026-01-12 18:38:13,,,credit_card,completed
1001697,4,1927,2026-01-12 18:38:37,takeout,,apple_pay,completed
1001698,1,2401,2026-01-12 18:41:56,dine_in,,cash,completed
1001699,11,,2026-01-12 18:42:35,drive_thru,,apple_pay,completed
1001700,14,997,2026-01-12 18:42:52,dine_in,,debit_card,completed
1001701,12,1187,2026-01-12 18:47:19,dine_in,,credit_card,completed
1001702,9,2285,2026-01-12 18:47:31,delivery,,credit_card,completed
1001703,12,1282,2026-01-12 18:51:21,dine_in,,debit_card,completed
1001704,13,,2026-01-12 18:51:43,dine_in,NEWYEAR10,credit_card,completed
1001705,15,181,2026-01-12 18:52:34,dine_in,NEWYEAR10,credit_card,cancelled
1001706,10,,2026-01-12 18:56:35,drive_thru,,apple_pay,completed
1001707,19,2300,2026-01-12 18:57:07,dine_in,,credit_card,completed
1001708,6,137,2026-01-12 18:57:24,takeout,,apple_pay,completed
1001709,2,,2026-01-12 18:58:09,takeout,,debit_card,completed
1001710,7,1305,2026-01-12 19:06:00,dine_in,,debit_card,completed
1001711,6,,2026-01-12 19:09:33,drive_thru,,credit_card,completed
1001712,5,184,2026-01-12 19:14:04,delivery,NEWYEAR10,debit_card,completed
1001713,2,2177,2026-01-12 19:16:42,dine_in,,cash,completed
1001714,19,1399,2026-01-12 19:19:24,drive_thru,,credit_card,completed
1001715,16,,2026-01-12 19:21:38,dine_in,,cash,completed
1001716,16,,2026-01-12 19:23:29,dine_in,,cash,completed
1001717,8,2261,2026-01-12 19:26:10,takeout,,gift_card,completed
1001718,15,1592,2026-01-12 19:27:47,takeout,,debit_card,completed
1001719,1,,2026-01-12 19:29:41,dine_in,,cash,completed
1001720,8,1534,2026-01-12 19:29:41,dine_in,,credit_card,completed
1001721,2,1351,2026-01-12 19:32:10,delivery,,credit_card,completed
1001722,5,1815,2026-01-12 19:32:12,takeout,,debit_card,completed
1001723,8,,2026-01-12 19:36:28,takeout,,debit_card,completed
1001724,19,1809,2026-01-12 19:40:21,drive_thru,,apple_pay,completed
1001725,7,,2026-01-12 19:41:47,dine_in,,debit_card,completed
1001726,1,1902,2026-01-12 19:42:54,dine_in,,credit_card,completed
1001727,9,,2026-01-12 19:44:04,drive_thru,,credit_card,completed
1001728,5,,2026-01-12 19:46:06,dine_in,,cash,completed
1001729,12,,2026-01-12 19:46:57,dine_in,,apple_pay,completed
1001730,6,494,2026-01-12 19:51:26,dine_in,,credit_card,completed
1001731,5,1417,2026-01-12 20:06:29,drive_thru,,credit_card,cancelled
1001732,13,1805,2026-01-12 20:11:12,delivery,,credit_card,completed
1001733,14,298,01/12/2026 20:17,delivery,,gift_card,completed
1001734,7,,2026-01-12 20:28:11,takeout,,credit_card,completed
1001735,16,2161,2026-01-12 21:00:49,dine_in,,gift_card,completed
1001736,17,1079,2026-01-12 21:15:15,dine_in,NEWYEAR10,credit_card,completed
1001737,3,,2026-01-12 21:49:02,takeout,NEWYEAR10,debit_card,completed
1001738,3,,2026-01-12 21:51:23,takeout,,credit_card,completed
1001739,6,2439,2026-01-13 10:38:29,dine_in,,debit_card,completed
1001740,6,,2026-01-13 10:45:28,takeout,,credit_card,completed
1001741,11,1707,2026-01-13 11:03:31,dine_in,,credit_card,completed
1001742,14,2173,2026-01-13 11:25:56,,,credit_card,completed
1001743,1,1604,2026-01-13 11:40:20,dine_in,,apple_pay,completed
1001744,5,1871,2026-01-13 11:44:16,drive_thru,,apple_pay,completed
1001745,18,1754,2026-01-13 11:47:34,dine_in,,credit_card,completed
1001746,3,1034,2026-01-13 11:50:23,takeout,,debit_card,cancelled
1001747,3,868,2026-01-13 11:55:35,delivery,,credit_card,completed
1001748,12,,2026-01-13 11:57:47,dine_in,,debit_card,cancelled
1001749,4,1211,2026-01-13 11:58:50,drive_thru,,credit_card,completed
1001750,14,,2026-01-13 11:59:16,dine_in,NEWYEAR10,cash,completed
1001751,16,586,2026-01-13 11:59:57,takeout,,cash,completed
1001752,7,114,2026-01-13 12:01:01,dine_in,,credit_card,completed
1001753,5,736,2026-01-13 12:07:55,drive_thru,,credit_card,refunded
1001754,1,130,2026-01-13 12:13:20,dine_in,,cash,cancelled
1001755,5,1572,2026-01-13 12:16:12,dine_in,,debit_card,completed
1001756,4,1205,2026-01-13 12:17:00,dine_in,,credit_card,completed
1001757,1,,2026-01-13 12:19:19,dine_in,NEWYEAR10,credit_card,completed
1001758,2,2443,2026-01-13 12:19:41,dine_in,,cash,completed
1001759,18,675,2026-01-13 12:20:17,dine_in,,debit_card,completed
1001760,19,,2026-01-13 12:23:26,drive_thru,,apple_pay,completed
1001761,2,1938,01/13/2026 12:25,dine_in,,cash,completed
1001762,11,2056,2026-01-13 12:28:34,drive_thru,,credit_card,completed
1001763,2,,2026-01-13 12:30:52,takeout,,credit_card,completed
1001764,2,,2026-01-13 12:31:24,dine_in,,debit_card,completed
1001765,12,1800,2026-01-13 12:31:58,dine_in,,credit_card,cancelled
1001766,17,,2026-01-13 12:32:39,dine_in,,debit_card,completed
1001767,8,667,2026-01-13 12:32:52,takeout,,credit_card,completed
1001768,9,2419,2026-01-13 12:33:26,dine_in,,credit_card,completed
1001769,7,2450,2026-01-13 12:34:35,dine_in,,credit_card,completed
1001770,5,873,2026-01-13 12:35:15,drive_thru,,credit_card,refunded
1001771,14,255,2026-01-13 12:36:46,drive_thru,,apple_pay,completed
1001772,7,,2026-01-13 12:41:05,takeout,,cash,completed
1001773,6,1977,01/13/2026 12:41,drive_thru,,apple_pay,completed
1001774,18,2344,2026-01-13 12:46:06,takeout,,credit_card,completed
1001775,16,1306,01/13/2026 12:46,delivery,,credit_card,completed
1001776,8,1047,2026-01-13 12:46:42,dine_in,,cash,cancelled
1001777,3,1634,2026-01-13 12:51:06,dine_in,,cash,completed
1001778,16,607,2026-01-13 12:54:02,delivery,,apple_pay,completed
1001779,3,,2026-01-13 12:54:22,dine_in,,cash,completed
1001780,17,,2026-01-13 12:58:43,dine_in,,credit_card,completed
1001781,13,511,2026-01-13 13:16:02,dine_in,,credit_card,completed
1001782,2,1277,2026-01-13 13:16:28,takeout,NEWYEAR10,credit_card,completed
1001783,1,775,2026-01-13 13:18:16,takeout,,cash,completed
1001784,11,1660,2026-01-13 13:18:57,dine_in,,debit_card,completed
1001785,6,,2026-01-13 13:21:10,takeout,,cash,completed
1001786,11,2009,2026-01-13 13:23:08,drive_thru,,credit_card,completed
1001787,2,2029,2026-01-13 13:29:04,delivery,,credit_card,completed
1001788,19,1537,2026-01-13 13:30:18,delivery,,credit_card,completed
1001789,1,1298,2026-01-13 13:37:04,delivery,,credit_card,completed
1001790,13,,2026-01-13 13:37:27,delivery,,credit_card,completed
1001791,7,,2026-01-13 13:42:13,dine_in,,apple_pay,completed
1001792,18,,2026-01-13 13:49:45,drive_thru,,apple_pay,completed
1001793,3,315,2026-01-13 14:25:59,dine_in,,credit_card,completed
1001794,12,1751,2026-01-13 14:49:39,takeout,,debit_card,completed
1001795,3,9,2026-01-13 15:41:54,dine_in,,cash,completed
1001796,7,2030,2026-01-13 15:47:38,dine_in,,credit_card,completed
1001797,4,,2026-01-13 16:00:57,dine_in,,apple_pay,cancelled
1001798,17,22,2026-01-13 16:47:12,takeout,,debit_card,completed
1001799,10,,2026-01-13 16:48:56,dine_in,,apple_pay,completed
1001800,3,,2026-01-13 16:53:12,takeout,,credit_card,completed
1001801,17,377,2026-01-13 17:19:36,dine_in,,credit_card,completed
1001802,18,534,2026-01-13 17:36:35,takeout,,apple_pay,completed
1001803,7,1767,2026-01-13 17:38:03,takeout,,apple_pay,completed
1001804,6,808,2026-01-13 17:42:34,takeout,,apple_pay,completed
1001805,3,,01/13/2026 17:56,dine_in,,credit_card,completed
1001806,7,,2026-01-13 17:58:48,delivery,,credit_card,completed
1001807,14,,2026-01-13 18:09:48,takeout,,debit_card,completed
1001808,4,,2026-01-13 18:09:59,delivery,,credit_card,completed
1001809,14,2086,2026-01-13 18:11:57,drive_thru,,debit_card,completed
1001810,3,1096,2026-01-13 18:18:07,dine_in,,credit_card,completed
1001811,13,617,2026-01-13 18:19:04,delivery,,credit_card,completed
1001812,19,2281,2026-01-13 18:19:30,delivery,,credit_card,completed
1001813,4,758,2026-01-13 18:22:12,takeout,,credit_card,completed
1001814,12,,2026-01-13 18:26:25,delivery,,credit_card,completed
1001815,6,1778,2026-01-13 18:26:43,dine_in,,credit_card,completed
1001816,2,2364,2026-01-13 18:27:26,dine_in,,credit_card,completed
1001817,11,1239,2026-01-13 18:27:53,drive_thru,,credit_card,completed
1001818,12,331,2026-01-13 18:30:44,dine_in,,credit_card,completed
1001819,15,,2026-01-13 18:31:06,drive_thru,,gift_card,completed
1001820,19,2126,2026-01-13 18:39:22,dine_in,NEWYEAR10,credit_card,completed
1001821,2,88,2026-01-13 18:45:03,takeout,,apple_pay,completed
1001822,17,492,2026-01-13 18:45:46,takeout,,gift_card,completed
1001823,14,1108,2026-01-13 18:48:38,dine_in,,credit_card,completed
1001824,4,1876,2026-01-13 18:52:58,dine_in,,credit_card,completed
1001825,9,,2026-01-13 18:56:27,takeout,,credit_card,completed
1001826,10,1594,2026-01-13 18:57:01,dine_in,,credit_card,completed
1001827,8,1942,2026-01-13 18:58:24,dine_in,,debit_card,completed
1001828,4,953,2026-01-13 18:58:39,dine_in,,cash,completed
1001829,8,1526,2026-01-13 19:01:19,dine_in,,credit_card,completed
1001830,18,26,2026-01-13 19:01:47,dine_in,,debit_card,completed
1001831,6,487,2026-01-13 19:04:39,dine_in,,credit_card,completed
1001832,11,,2026-01-13 19:04:42,dine_in,,cash,completed
1001833,6,2142,2026-01-13 19:05:04,takeout,,debit_card,completed
1001834,5,,2026-01-13 19:05:24,,,debit_card,completed
1001835,2,,2026-01-13 19:07:10,,,debit_card,completed
1001836,11,308,2026-01-13 19:12:32,dine_in,,debit_card,completed
1001837,12,,2026-01-13 19:14:39,dine_in,,debit_card,completed
1001838,17,,2026-01-13 19:23:15,dine_in,,credit_card,completed
1001839,18,,2026-01-13 19:31:35,drive_thru,,debit_card,completed
1001840,15,1068,2026-01-13 19:33:31,dine_in,,apple_pay,completed
1001841,13,2210,2026-01-13 19:35:53,dine_in,,apple_pay,completed
1001842,1,2486,2026-01-13 19:36:19,dine_in,,apple_pay,completed
1001843,5,235,2026-01-13 19:41:07,drive_thru,NEWYEAR10,credit_card,completed
1001844,17,1221,2026-01-13 19:41:48,dine_in,,cash,completed
1001845,4,,2026-01-13 19:45:15,drive_thru,,credit_card,completed
1001846,4,,2026-01-13 19:50:42,delivery,,apple_pay,completed
1001847,3,898,2026-01-13 19:56:18,dine_in,,credit_card,completed
1001848,10,,2026-01-13 19:56:35,dine_in,NEWYEAR10,apple_pay,completed
1001849,14,,2026-01-13 19:57:51,delivery,,apple_pay,completed
1001850,3,39,2026-01-13 20:16:39,dine_in,,cash,completed
1001851,3,,2026-01-13 20:34:17,dine_in,,credit_card,completed
1001852,16,1557,2026-01-13 20:35:29,takeout,NEWYEAR10,credit_card,completed
1001853,12,,2026-01-13 21:17:19,dine_in,,gift_card,completed
1001854,11,1626,2026-01-13 21:32:02,drive_thru,,debit_card,completed
1001855,2,,2026-01-14 10:59:37,dine_in,,credit_card,completed
1001856,17,543,2026-01-14 11:02:21,dine_in,,cash,completed
1001857,13,,2026-01-14 11:17:02,takeout,,cash,completed
1001858,11,304,2026-01-14 11:24:56,dine_in,,debit_card,completed
1001859,7,549,2026-01-14 11:36:05,takeout,,apple_pay,completed
1001860,5,,2026-01-14 11:42:31,dine_in,,cash,completed
1001861,13,1120,2026-01-14 11:45:01,dine_in,NEWYEAR10,credit_card,completed
1001862,15,2020,2026-01-14 11:47:45,drive_thru,,credit_card,completed
1001863,10,,2026-01-14 11:49:14,drive_thru,,debit_card,completed
1001864,19,830,2026-01-14 11:49:41,takeout,,credit_card,completed
1001865,2,865,2026-01-14 11:49:55,dine_in,,credit_card,completed
1001866,11,304,2026-01-14 11:50:19,dine_in,,credit_card,completed
1001867,1,1701,2026-01-14 11:50:54,delivery,,credit_card,completed
1001868,6,1690,2026-01-14 11:52:20,drive_thru,,apple_pay,completed
1001869,1,250,2026-01-14 12:05:36,dine_in,,debit_card,completed
1001870,3,,2026-01-14 12:06:17,dine_in,,apple_pay,completed
1001871,7,1026,2026-01-14 12:09:09,takeout,NEWYEAR10,gift_card,completed
1001872,4,1430,2026-01-14 12:11:34,takeout,,debit_card,completed
1001873,6,1763,2026-01-14 12:11:57,drive_thru,,cash,completed
1001874,7,,2026-01-14 12:14:13,delivery,,debit_card,completed
1001875,11,,2026-01-14 12:15:30,dine_in,,apple_pay,completed
1001876,6,,2026-01-14 12:16:15,dine_in,,apple_pay,completed
1001877,18,,2026-01-14 12:17:05,drive_thru,,credit_card,completed
1001878,3,1423,2026-01-14 12:17:58,dine_in,,credit_card,completed
1001879,2,1321,2026-01-14 12:18:28,dine_in,,credit_card,completed
1001880,7,,2026-01-14 12:20:13,dine_in,NEWYEAR10,credit_card,completed
1001881,2,2104,2026-01-14 12:21:33,delivery,,credit_card,completed
1001882,13,2431,2026-01-14 12:24:03,takeout,,debit_card,completed
1001883,17,2120,2026-01-14 12:27:59,delivery,,debit_card,completed
1001884,1,,2026-01-14 12:29:36,dine_in,,apple_pay,completed
1001885,4,747,2026-01-14 12:31:50,dine_in,,cash,completed
1001886,1,,2026-01-14 12:37:41,takeout,,cash,completed
1001887,12,,2026-01-14 12:40:13,delivery,,debit_card,completed
1001888,4,1211,2026-01-14 12:41:38,dine_in,,apple_pay,completed
1001889,10,2178,2026-01-14 12:41:51,delivery,,credit_card,refunded
1001890,11,1182,2026-01-14 12:42:25,dine_in,,credit_card,completed
1001891,16,1485,2026-01-14 12:43:05,takeout,,credit_card,completed
1001892,18,,2026-01-14 12:44:48,dine_in,,cash,completed
1001893,12,43,2026-01-14 12:45:37,dine_in,,credit_card,completed
1001894,2,1133,2026-01-14 12:46:40,dine_in,,cash,completed
1001895,14,169,2026-01-14 12:46:53,drive_thru,,gift_card,completed
1001896,7,,2026-01-14 12:47:55,takeout,,debit_card,completed
1001897,17,,2026-01-14 12:48:50,dine_in,,credit_card,completed
1001898,15,,2026-01-14 12:49:27,dine_in,,apple_pay,completed
1001899,17,242,2026-01-14 12:49:30,dine_in,,debit_card,completed
1001900,8,,2026-01-14 12:54:12,takeout,,debit_card,completed
1001901,3,,2026-01-14 12:57:25,dine_in,,credit_card,completed
1001902,7,,2026-01-14 12:59:44,delivery,,credit_card,completed
1001903,5,882,2026-01-14 13:01:00,dine_in,,credit_card,completed
1001904,4,2445,2026-01-14 13:01:11,dine_in,,credit_card,completed
1001905,16,1078,2026-01-14 13:03:25,dine_in,,gift_card,refunded
1001906,11,,2026-01-14 13:03:26,takeout,,credit_card,completed
1001907,19,1498,2026-01-14 13:04:46,dine_in,,debit_card,completed
1001908,12,1227,2026-01-14 13:13:07,dine_in,,cash,completed
1001909,10,,2026-01-14 13:14:37,dine_in,,credit_card,completed
1001910,3,651,2026-01-14 13:20:17,takeout,,credit_card,completed
1001911,7,2220,2026-01-14 13:21:58,dine_in,,debit_card,completed
1001912,3,1317,2026-01-14 13:36:32,takeout,,credit_card,completed
1001913,10,,01/14/2026 13:43,dine_in,,debit_card,completed
1001914,15,1976,2026-01-14 13:45:27,drive_thru,,apple_pay,completed
1001915,6,1637,2026-01-14 14:10:45,takeout,,credit_card,completed
1001916,3,1634,2026-01-14 14:34:50,takeout,,credit_card,completed
1001917,9,1171,2026-01-14 14:43:51,dine_in,,cash,completed
1001918,3,,2026-01-14 14:57:14,dine_in,,credit_card,completed
1001919,4,250,2026-01-14 15:06:45,takeout,,gift_card,completed
1001920,15,1913,2026-01-14 15:22:41,drive_thru,,debit_card,completed
1001921,6,,2026-01-14 15:36:34,delivery,,debit_card,completed
1001922,13,2228,2026-01-14 16:11:39,dine_in,,cash,completed
1001923,5,808,2026-01-14 16:30:41,dine_in,,credit_card,completed
1001924,5,,2026-01-14 16:36:33,takeout,,cash,completed
1001925,12,,2026-01-14 16:45:59,takeout,NEWYEAR10,debit_card,completed
1001926,7,1045,2026-01-14 16:58:02,delivery,,gift_card,completed
1001927,13,,2026-01-14 17:33:50,dine_in,,debit_card,completed
1001928,15,1237,2026-01-14 17:38:43,dine_in,,credit_card,completed
1001929,14,,2026-01-14 17:53:07,drive_thru,,credit_card,completed
1001930,10,,2026-01-14 17:56:31,delivery,,debit_card,completed
1001931,8,1167,2026-01-14 18:05:58,dine_in,,credit_card,completed
1001932,3,1665,2026-01-14 18:08:28,delivery,,credit_card,completed
1001933,12,43,2026-01-14 18:11:26,,,cash,completed
1001934,6,1153,2026-01-14 18:13:15,dine_in,,credit_card,completed
1001935,9,763,2026-01-14 18:15:56,delivery,,credit_card,completed
1001936,2,2174,2026-01-14 18:21:55,delivery,,debit_card,completed
1001937,7,1305,01/14/2026 18:28,delivery,,debit_card,completed
1001938,13,1101,2026-01-14 18:29:57,dine_in,,credit_card,completed
1001939,1,575,2026-01-14 18:40:33,delivery,,credit_card,completed
1001940,17,131,2026-01-14 18:43:07,dine_in,,cash,completed
1001941,2,,2026-01-14 18:44:16,delivery,,credit_card,completed
1001942,4,,2026-01-14 18:47:15,dine_in,,apple_pay,completed
1001943,8,839,2026-01-14 18:48:19,dine_in,,debit_card,completed
1001944,5,926,2026-01-14 18:48:38,dine_in,,debit_card,completed
1001945,6,573,2026-01-14 18:54:32,dine_in,,credit_card,completed
1001946,7,,2026-01-14 18:55:51,dine_in,,credit_card,completed
1001947,3,1395,2026-01-14 18:56:13,dine_in,,credit_card,completed
1001948,7,,2026-01-14 18:56:16,dine_in,NEWYEAR10,cash,completed
1001949,15,,2026-01-14 18:58:26,dine_in,,cash,completed
1001950,1,775,2026-01-14 19:02:54,delivery,,gift_card,completed
1001951,11,,2026-01-14 19:08:23,delivery,,credit_card,completed
1001952,3,9,2026-01-14 19:12:52,takeout,,apple_pay,completed
1001953,15,,2026-01-14 19:14:24,delivery,,credit_card,completed
1001954,13,1592,2026-01-14 19:22:16,takeout,,gift_card,completed
1001955,10,701,2026-01-14 19:22:53,dine_in,,apple_pay,completed
1001956,18,826,2026-01-14 19:24:36,drive_thru,NEWYEAR10,credit_card,completed
1001957,11,710,2026-01-14 19:28:26,delivery,,debit_card,completed
1001958,17,610,2026-01-14 19:28:59,takeout,,debit_card,completed
1001959,19,408,2026-01-14 19:29:47,dine_in,,debit_card,completed
1001960,3,984,2026-01-14 19:30:05,takeout,,debit_card,completed
1001961,1,570,01/14/2026 19:37,dine_in,NEWYEAR10,credit_card,completed
1001962,17,1146,2026-01-14 19:43:28,dine_in,,debit_card,completed
1001963,5,264,2026-01-14 19:47:39,dine_in,,debit_card,completed
1001964,18,2384,2026-01-14 19:49:31,dine_in,,credit_card,completed
1001965,10,258,2026-01-14 19:51:30,dine_in,,credit_card,completed
1001966,15,2252,2026-01-14 19:52:41,drive_thru,,debit_card,completed
1001967,1,,2026-01-14 19:59:45,dine_in,,apple_pay,completed
1001968,3,2179,2026-01-14 20:03:15,takeout,NEWYEAR10,apple_pay,completed
1001969,9,,2026-01-14 20:06:54,drive_thru,,apple_pay,completed
1001970,3,1102,2026-01-14 20:10:43,dine_in,,credit_card,completed
1001971,14,2323,2026-01-14 20:14:01,dine_in,,debit_card,completed
1001972,12,1999,2026-01-14 20:20:17,,,debit_card,completed
1001973,10,2284,2026-01-14 20:26:49,drive_thru,,cash,completed
1001974,10,710,2026-01-14 20:35:51,drive_thru,NEWYEAR10,cash,completed
1001975,3,220,2026-01-14 21:08:57,dine_in,,apple_pay,completed
1001976,1,493,2026-01-14 21:26:48,takeout,,credit_card,completed
1001977,6,,2026-01-14 21:36:34,takeout,,apple_pay,completed
1001978,13,,2026-01-14 21:40:18,dine_in,NEWYEAR10,debit_card,completed
1001979,10,,2026-01-14 21:55:46,takeout,,apple_pay,refunded
1001980,3,1988,2026-01-15 10:34:31,takeout,,debit_card,completed
1001981,19,2460,2026-01-15 11:06:19,takeout,,credit_card,completed
1001982,6,1384,2026-01-15 11:43:28,drive_thru,,credit_card,completed
1001983,17,1612,2026-01-15 11:45:46,dine_in,,apple_pay,completed
1001984,8,2348,2026-01-15 11:52:57,takeout,,cash,completed
1001985,3,1582,2026-01-15 11:53:18,delivery,,apple_pay,completed
1001986,17,,2026-01-15 11:54:10,,,credit_card,completed
1001987,10,1323,2026-01-15 11:55:45,takeout,,apple_pay,completed
1001988,2,2174,2026-01-15 11:59:06,dine_in,,cash,completed
1001989,7,1158,2026-01-15 12:02:29,takeout,,apple_pay,completed
1001990,12,,2026-01-15 12:06:15,delivery,,credit_card,completed
1001991,15,1797,2026-01-15 12:07:56,delivery,,apple_pay,completed
1001992,13,1072,2026-01-15 12:08:05,dine_in,,credit_card,completed
1001993,17,,2026-01-15 12:08:49,dine_in,,credit_card,cancelled
1001994,12,324,2026-01-15 12:13:25,takeout,,credit_card,completed
1001995,2,528,2026-01-15 12:13:27,takeout,,credit_card,completed
1001996,3,,2026-01-15 12:13:46,dine_in,,credit_card,completed
1001997,12,2431,01/15/2026 12:14,takeout,,credit_card,completed
1001998,8,772,2026-01-15 12:17:30,dine_in,,apple_pay,completed
1001999,6,1651,2026-01-15 12:20:21,drive_thru,,gift_card,completed
1002000,2,,2026-01-15 12:20:59,delivery,,gift_card,completed
1002001,9,21,2026-01-15 12:24:19,dine_in,,credit_card,completed
1002002,2,,2026-01-15 12:29:43,dine_in,NEWYEAR10,gift_card,cancelled
1002003,8,,2026-01-15 12:29:53,takeout,,apple_pay,completed
1002004,13,692,2026-01-15 12:29:55,dine_in,,apple_pay,completed
1002005,14,,2026-01-15 12:31:00,dine_in,,apple_pay,completed
1002006,2,,2026-01-15 12:33:16,dine_in,,apple_pay,completed
1002007,4,1443,2026-01-15 12:33:34,delivery,,debit_card,completed
1002008,6,,2026-01-15 12:33:34,dine_in,,cash,completed
1002009,16,1399,2026-01-15 12:38:32,delivery,,debit_card,refunded
1002010,2,,2026-01-15 12:39:19,takeout,,gift_card,completed
1002011,10,946,2026-01-15 12:39:23,drive_thru,,credit_card,completed
1002012,8,1866,2026-01-15 12:39:40,takeout,,cash,completed
1002013,9,1105,2026-01-15 12:40:16,drive_thru,,debit_card,completed
1002014,18,684,2026-01-15 12:40:38,delivery,,credit_card,completed
1002015,2,356,2026-01-15 12:41:56,dine_in,,credit_card,completed
1002016,15,1009,2026-01-15 12:41:58,dine_in,,credit_card,completed
1002017,19,1389,2026-01-15 12:44:27,dine_in,,debit_card,completed
1002018,12,,2026-01-15 12:45:11,takeout,,debit_card,completed
1002019,6,2146,2026-01-15 12:47:41,drive_thru,,credit_card,completed
1002020,6,1226,2026-01-15 12:52:06,dine_in,,apple_pay,completed
1002021,12,340,2026-01-15 12:54:13,takeout,,apple_pay,completed
1002022,3,1491,2026-01-15 12:56:13,dine_in,,credit_card,completed
1002023,15,,2026-01-15 13:01:11,delivery,,credit_card,completed
1002024,14,2069,2026-01-15 13:01:29,takeout,,credit_card,completed
1002025,7,840,2026-01-15 13:01:45,dine_in,,cash,completed
1002026,4,2064,2026-01-15 13:02:04,dine_in,,apple_pay,completed
1002027,4,1577,2026-01-15 13:03:27,delivery,,credit_card,completed
1002028,9,,2026-01-15 13:03:33,dine_in,,gift_card,completed
1002029,8,,2026-01-15 13:03:45,dine_in,,credit_card,completed
1002030,14,2435,2026-01-15 13:03:54,dine_in,,credit_card,completed
1002031,5,,2026-01-15 13:07:22,takeout,,cash,completed
1002032,8,1380,2026-01-15 13:07:32,dine_in,,credit_card,completed
1002033,16,,2026-01-15 13:07:43,delivery,,credit_card,completed
1002034,16,218,2026-01-15 13:17:21,dine_in,,cash,completed
1002035,10,,2026-01-15 13:20:52,dine_in,,credit_card,completed
1002036,2,,2026-01-15 13:24:32,dine_in,,apple_pay,completed
1002037,14,1296,2026-01-15 13:29:48,delivery,,apple_pay,completed
1002038,13,,2026-01-15 13:32:04,dine_in,,apple_pay,completed
1002039,13,1101,2026-01-15 13:34:41,dine_in,,gift_card,completed
1002040,12,,2026-01-15 13:39:17,delivery,,gift_card,completed
1002041,1,404,2026-01-15 13:42:10,delivery,,apple_pay,completed
1002042,2,920,2026-01-15 13:44:56,delivery,,credit_card,completed
1002043,9,,2026-01-15 13:45:16,dine_in,NEWYEAR10,credit_card,cancelled
1002044,12,504,2026-01-15 13:52:27,dine_in,,credit_card,completed
1002045,18,1206,2026-01-15 13:59:00,dine_in,,credit_card,completed
1002046,6,137,2026-01-15 14:27:45,dine_in,NEWYEAR10,debit_card,completed
1002047,5,2445,2026-01-15 14:54:10,drive_thru,,credit_card,completed
1002048,2,,2026-01-15 15:20:28,dine_in,,gift_card,completed
1002049,6,,2026-01-15 15:22:57,dine_in,,credit_card,cancelled
1002050,19,,2026-01-15 15:50:02,dine_in,,debit_card,completed
1002051,14,,2026-01-15 16:37:03,dine_in,,cash,completed
1002052,19,411,2026-01-15 16:37:25,drive_thru,,credit_card,completed
1002053,3,,2026-01-15 16:52:17,delivery,,credit_card,completed
1002054,17,53,2026-01-15 17:07:01,dine_in,,credit_card,completed
1002055,19,830,2026-01-15 17:11:00,dine_in,,cash,completed
1002056,2,2177,2026-01-15 17:11:34,dine_in,,gift_card,completed
1002057,12,430,2026-01-15 17:40:11,takeout,,cash,completed
1002058,16,1557,2026-01-15 17:47:56,,,credit_card,refunded
1002059,19,,2026-01-15 18:00:58,dine_in,,cash,completed
1002060,19,,2026-01-15 18:02:30,drive_thru,,credit_card,completed
1002061,18,1566,2026-01-15 18:07:42,takeout,,apple_pay,completed
1002062,15,1819,2026-01-15 18:08:05,dine_in,,credit_card,completed
1002063,7,674,2026-01-15 18:08:34,dine_in,,credit_card,completed
1002064,12,2381,2026-01-15 18:12:23,takeout,,debit_card,completed
1002065,3,535,2026-01-15 18:13:22,dine_in,NEWYEAR10,apple_pay,completed
1002066,18,1855,2026-01-15 18:17:13,dine_in,,apple_pay,completed
1002067,16,,2026-01-15 18:18:29,dine_in,,apple_pay,completed
1002068,15,,2026-01-15 18:19:11,delivery,,gift_card,completed
1002069,16,2176,2026-01-15 18:21:53,takeout,,credit_card,completed
1002070,19,1681,2026-01-15 18:25:35,drive_thru,,credit_card,completed
1002071,12,,2026-01-15 18:26:00,delivery,,apple_pay,completed
1002072,16,1733,2026-01-15 18:26:20,dine_in,,debit_card,completed
1002073,8,256,2026-01-15 18:29:34,dine_in,,debit_card,completed
1002074,18,1495,2026-01-15 18:30:33,delivery,,credit_card,completed
1002075,13,1862,2026-01-15 18:32:34,,,apple_pay,completed
1002076,12,,2026-01-15 18:34:02,delivery,,credit_card,completed
1002077,2,2397,2026-01-15 18:35:23,dine_in,,cash,completed
1002078,14,1279,2026-01-15 18:37:51,takeout,,apple_pay,completed
1002079,8,,2026-01-15 18:39:43,delivery,,debit_card,completed
1002080,7,,2026-01-15 18:39:53,takeout,,apple_pay,completed
1002081,7,,2026-01-15 18:40:34,takeout,,credit_card,completed
1002082,8,1730,2026-01-15 18:43:00,dine_in,,apple_pay,completed
1002083,9,,2026-01-15 18:43:19,,,credit_card,completed
1002084,12,,2026-01-15 18:45:30,dine_in,,gift_card,completed
1002085,4,1317,2026-01-15 18:46:56,drive_thru,,credit_card,completed
1002086,19,2235,2026-01-15 18:48:03,dine_in,,credit_card,completed
1002087,6,170,2026-01-15 18:51:01,takeout,,credit_card,completed
1002088,16,,2026-01-15 18:54:11,delivery,,credit_card,completed
1002089,12,,2026-01-15 18:54:55,takeout,,cash,completed
1002090,3,,2026-01-15 18:55:50,dine_in,,credit_card,completed
1002091,2,2359,2026-01-15 18:56:46,dine_in,,gift_card,completed
1002092,5,2495,2026-01-15 18:57:06,delivery,,credit_card,completed
1002093,6,1776,2026-01-15 18:58:07,dine_in,,credit_card,completed
1002094,14,1990,2026-01-15 18:59:08,drive_thru,NEWYEAR10,debit_card,refunded
1002095,17,1079,2026-01-15 18:59:58,dine_in,,credit_card,completed
1002096,3,,2026-01-15 19:00:24,takeout,,gift_card,completed
1002097,8,1475,2026-01-15 19:06:11,dine_in,,cash,completed
1002098,13,514,2026-01-15 19:08:30,takeout,,gift_card,completed
1002099,12,318,2026-01-15 19:09:39,takeout,,credit_card,completed
1002100,1,2209,2026-01-15 19:13:44,dine_in,,cash,completed
1002101,8,2055,2026-01-15 19:14:06,takeout,,credit_card,completed
1002102,18,,2026-01-15 19:15:45,drive_thru,NEWYEAR10,credit_card,completed
1002103,12,,2026-01-15 19:19:46,dine_in,,gift_card,completed
1002104,6,2171,2026-01-15 19:23:20,drive_thru,,credit_card,completed
1002105,7,1707,2026-01-15 19:25:23,dine_in,,apple_pay,completed
1002106,3,806,2026-01-15 19:25:38,dine_in,,debit_card,completed
1002107,14,2415,2026-01-15 19:27:53,dine_in,,credit_card,completed
1002108,15,1696,2026-01-15 19:28:04,drive_thru,,cash,refunded
1002109,19,1389,2026-01-15 19:33:21,dine_in,,credit_card,completed
1002110,10,,2026-01-15 19:34:25,takeout,,credit_card,completed
1002111,12,582,2026-01-15 19:35:09,dine_in,,credit_card,completed
1002112,8,365,2026-01-15 19:35:19,delivery,,apple_pay,completed
1002113,17,1557,2026-01-15 19:35:30,takeout,,credit_card,completed
1002114,2,2304,01/15/2026 19:39,dine_in,,credit_card,completed
1002115,2,1384,2026-01-15 19:39:50,dine_in,,credit_card,completed
1002116,3,490,2026-01-15 19:41:28,dine_in,,cash,completed
1002117,13,2345,2026-01-15 19:42:22,delivery,,credit_card,cancelled
1002118,16,,2026-01-15 19:46:05,takeout,,gift_card,completed
1002119,17,922,2026-01-15 19:47:32,delivery,,credit_card,completed
1002120,14,,2026-01-15 19:51:24,drive_thru,,credit_card,completed
1002121,11,1866,2026-01-15 19:52:48,dine_in,,debit_card,completed
1002122,17,612,2026-01-15 19:54:51,dine_in,,credit_card,completed
1002123,9,1302,2026-01-15 20:11:05,takeout,,gift_card,completed
1002124,2,1021,2026-01-15 20:18:48,takeout,,apple_pay,refunded
1002125,18,,2026-01-15 20:34:26,drive_thru,,credit_card,refunded
1002126,1,2279,2026-01-15 20:42:06,dine_in,,credit_card,completed
1002127,6,1878,2026-01-15 20:48:24,drive_thru,NEWYEAR10,credit_card,completed
1002128,14,2323,2026-01-15 21:11:08,drive_thru,,cash,completed
1002129,16,1603,2026-01-15 21:14:13,dine_in,,debit_card,completed
1002130,9,2351,2026-01-15 21:19:32,dine_in,,credit_card,completed
1002131,14,1108,2026-01-15 21:21:55,drive_thru,,credit_card,completed
1002132,3,,2026-01-15 21:28:09,dine_in,,credit_card,completed
1002133,18,1739,2026-01-15 21:36:30,dine_in,,credit_card,completed
1002134,13,,2026-01-16 10:45:54,takeout,,credit_card,refunded
1002135,13,592,2026-01-16 11:03:27,takeout,,gift_card,completed
1002136,4,1164,2026-01-16 11:18:03,takeout,,debit_card,completed
1002137,14,2360,2026-01-16 11:19:32,drive_thru,,cash,completed
1002138,2,1471,2026-01-16 11:20:43,takeout,,apple_pay,completed
1002139,8,,2026-01-16 11:26:32,takeout,NEWYEAR10,credit_card,completed
1002140,3,898,2026-01-16 11:28:44,dine_in,,debit_card,completed
1002141,12,1234,2026-01-16 11:34:38,dine_in,,cash,completed
1002142,2,528,01/16/2026 11:35,takeout,,credit_card,completed
1002143,12,,2026-01-16 11:42:34,takeout,,debit_card,completed
1002144,18,936,2026-01-16 11:46:14,drive_thru,,credit_card,completed
1002145,14,,01/16/2026 11:48,takeout,,credit_card,completed
1002146,2,1388,2026-01-16 11:52:41,dine_in,,debit_card,completed
1002147,15,97,2026-01-16 11:53:17,takeout,NEWYEAR10,apple_pay,completed
1002148,17,,2026-01-16 11:57:22,dine_in,,debit_card,completed
1002149,12,860,2026-01-16 11:58:55,takeout,,cash,completed
1002150,7,2450,2026-01-16 11:59:55,dine_in,,credit_card,completed
1002151,4,950,2026-01-16 12:06:16,drive_thru,,cash,completed
1002152,17,559,2026-01-16 12:07:10,takeout,,credit_card,completed
1002153,19,,2026-01-16 12:07:34,drive_thru,NEWYEAR10,apple_pay,completed
1002154,12,1075,2026-01-16 12:07:59,dine_in,,credit_card,completed
1002155,16,2336,2026-01-16 12:09:46,takeout,,debit_card,completed
1002156,7,,2026-01-16 12:09:52,delivery,,credit_card,completed
1002157,9,217,2026-01-16 12:13:55,dine_in,,apple_pay,completed
1002158,9,380,2026-01-16 12:14:40,delivery,,credit_card,cancelled
1002159,11,1553,2026-01-16 12:15:21,drive_thru,,cash,completed
1002160,4,2495,2026-01-16 12:15:55,dine_in,,credit_card,refunded
1002161,15,,2026-01-16 12:20:03,drive_thru,,credit_card,completed
1002162,10,,2026-01-16 12:24:01,dine_in,,credit_card,completed
1002163,4,865,2026-01-16 12:24:50,drive_thru,,credit_card,completed
1002164,15,,2026-01-16 12:24:51,drive_thru,,debit_card,completed
1002165,1,,2026-01-16 12:24:59,dine_in,,gift_card,refunded
1002166,16,1411,2026-01-16 12:25:08,takeout,,credit_card,completed
1002167,12,470,2026-01-16 12:25:42,dine_in,,credit_card,completed
1002168,13,,2026-01-16 12:26:18,dine_in,,cash,completed
1002169,17,1433,2026-01-16 12:26:52,takeout,,debit_card,completed
1002170,8,,2026-01-16 12:27:13,dine_in,,debit_card,completed
1002171,11,,2026-01-16 12:29:40,drive_thru,,credit_card,completed
1002172,5,,2026-01-16 12:30:06,takeout,,debit_card,completed
1002173,12,,2026-01-16 12:31:43,dine_in,,credit_card,completed
1002174,6,1547,2026-01-16 12:31:46,delivery,,credit_card,completed
1002175,13,440,2026-01-16 12:34:53,dine_in,,debit_card,completed
1002176,18,276,2026-01-16 12:36:03,drive_thru,,gift_card,completed
1002177,2,1201,2026-01-16 12:36:21,dine_in,NEWYEAR10,credit_card,completed
1002178,3,,2026-01-16 12:36:45,dine_in,,debit_card,completed
1002179,16,783,2026-01-16 12:37:01,takeout,,debit_card,completed
1002180,10,,2026-01-16 12:37:11,dine_in,,credit_card,completed
1002181,12,,2026-01-16 12:37:14,takeout,,debit_card,completed
1002182,17,,01/16/2026 12:38,delivery,,credit_card,completed
1002183,11,1788,2026-01-16 12:38:55,takeout,,credit_card,completed
1002184,16,33,2026-01-16 12:39:28,takeout,NEWYEAR10,cash,completed
1002185,3,,2026-01-16 12:39:29,dine_in,,apple_pay,completed
1002186,12,1965,2026-01-16 12:39:50,dine_in,,debit_card,completed
1002187,3,2082,2026-01-16 12:39:51,takeout,,credit_card,completed
1002188,8,1605,2026-01-16 12:41:44,dine_in,NEWYEAR10,debit_card,completed
1002189,17,,2026-01-16 12:41:49,dine_in,,credit_card,completed
1002190,3,1138,2026-01-16 12:42:57,takeout,,cash,completed
1002191,13,419,2026-01-16 12:47:10,dine_in,,gift_card,completed
1002192,19,80,2026-01-16 12:50:57,takeout,,credit_card,completed
1002193,8,1218,2026-01-16 12:51:27,dine_in,,apple_pay,completed
1002194,8,1092,2026-01-16 12:51:30,takeout,,credit_card,completed
1002195,12,113,2026-01-16 12:53:07,takeout,,cash,completed
1002196,3,,2026-01-16 12:53:13,takeout,,cash,completed
1002197,1,821,2026-01-16 12:55:21,dine_in,,debit_card,completed
1002198,2,2266,2026-01-16 12:59:02,dine_in,,credit_card,completed
1002199,10,,2026-01-16 12:59:05,takeout,,credit_card,completed
1002200,6,,2026-01-16 13:04:39,dine_in,,debit_card,cancelled
1002201,3,,2026-01-16 13:11:24,dine_in,,apple_pay,completed
1002202,3,,2026-01-16 13:14:52,dine_in,,credit_card,completed
1002203,18,534,2026-01-16 13:20:36,dine_in,,cash,completed
1002204,10,2284,2026-01-16 13:21:27,drive_thru,NEWYEAR10,credit_card,completed
1002205,9,1922,2026-01-16 13:33:01,delivery,,credit_card,completed
1002206,19,,2026-01-16 13:34:33,dine_in,,debit_card,refunded
1002207,14,,2026-01-16 13:39:24,dine_in,,apple_pay,completed
1002208,1,,2026-01-16 14:04:41,delivery,,credit_card,completed
1002209,14,,2026-01-16 14:16:54,drive_thru,,cash,completed
1002210,11,591,2026-01-16 15:21:22,drive_thru,,cash,completed
1002211,6,,2026-01-16 15:30:51,dine_in,,credit_card,completed
1002212,14,,2026-01-16 16:36:53,dine_in,,credit_card,completed
1002213,1,746,2026-01-16 16:38:25,takeout,,credit_card,completed
1002214,7,,2026-01-16 16:42:17,dine_in,NEWYEAR10,apple_pay,completed
1002215,16,439,2026-01-16 16:44:07,dine_in,,cash,completed
1002216,11,134,2026-01-16 16:58:20,delivery,,credit_card,completed
1002217,19,,2026-01-16 17:04:37,drive_thru,NEWYEAR10,credit_card,completed
1002218,3,934,2026-01-16 17:10:33,dine_in,,credit_card,completed
1002219,10,,2026-01-16 17:27:20,dine_in,,cash,completed
1002220,1,,2026-01-16 17:29:25,dine_in,,credit_card,completed
1002221,17,,2026-01-16 17:33:23,dine_in,,credit_card,completed
1002222,19,1244,2026-01-16 17:40:06,delivery,,gift_card,completed
1002223,19,1537,2026-01-16 17:41:14,drive_thru,,credit_card,completed
1002224,15,1490,2026-01-16 17:43:11,delivery,,credit_card,completed
1002225,1,144,2026-01-16 17:44:44,dine_in,NEWYEAR10,cash,completed
1002226,7,2013,2026-01-16 17:48:52,,,cash,completed
1002227,17,2411,2026-01-16 17:50:37,dine_in,,credit_card,completed
1002228,19,117,2026-01-16 17:54:10,takeout,,cash,refunded
1002229,1,570,2026-01-16 17:57:24,delivery,,debit_card,completed
1002230,2,1644,2026-01-16 18:00:32,dine_in,,apple_pay,completed
1002231,13,,2026-01-16 18:03:47,takeout,,credit_card,completed
1002232,13,,2026-01-16 18:05:01,dine_in,,cash,completed
1002233,3,1884,2026-01-16 18:07:31,dine_in,,credit_card,completed
1002234,6,1226,2026-01-16 18:10:10,takeout,,debit_card,completed
1002235,17,,2026-01-16 18:13:16,delivery,,apple_pay,completed
1002236,1,1548,2026-01-16 18:14:50,dine_in,,cash,completed
1002237,6,2314,2026-01-16 18:15:49,drive_thru,,debit_card,completed
1002238,17,885,2026-01-16 18:16:07,dine_in,,cash,completed
1002239,13,,2026-01-16 18:17:10,dine_in,NEWYEAR10,credit_card,completed
1002240,6,88,2026-01-16 18:19:07,delivery,,credit_card,completed
1002241,14,,2026-01-16 18:24:00,takeout,,cash,completed
1002242,7,,2026-01-16 18:25:02,takeout,,credit_card,completed
1002243,12,,2026-01-16 18:27:49,,,credit_card,completed
1002244,18,,2026-01-16 18:30:02,dine_in,,credit_card,completed
1002245,9,2202,2026-01-16 18:38:08,drive_thru,,debit_card,completed
1002246,5,889,2026-01-16 18:39:36,dine_in,,debit_card,completed
1002247,2,921,2026-01-16 18:42:41,dine_in,,apple_pay,completed
1002248,19,,2026-01-16 18:43:12,drive_thru,,credit_card,completed
1002249,15,,01/16/2026 18:43,drive_thru,,apple_pay,completed
1002250,8,1190,2026-01-16 18:44:39,dine_in,,debit_card,completed
1002251,18,,2026-01-16 18:46:08,takeout,,gift_card,completed
1002252,14,1915,2026-01-16 18:47:00,takeout,,credit_card,completed
1002253,13,1699,2026-01-16 18:48:54,dine_in,,credit_card,completed
1002254,15,2268,2026-01-16 18:51:46,dine_in,,credit_card,completed
1002255,5,1919,2026-01-16 18:52:06,drive_thru,,debit_card,completed
1002256,14,255,2026-01-16 18:53:23,drive_thru,,credit_card,completed
1002257,9,,2026-01-16 18:53:49,takeout,,debit_card,completed
1002258,13,,2026-01-16 18:55:46,dine_in,,debit_card,completed
1002259,10,1250,2026-01-16 18:57:27,drive_thru,NEWYEAR10,debit_card,completed
1002260,5,,2026-01-16 18:58:06,drive_thru,,debit_card,completed
1002261,17,1079,2026-01-16 18:58:19,dine_in,,apple_pay,completed
1002262,14,1990,2026-01-16 18:59:07,dine_in,,credit_card,completed
1002263,1,,2026-01-16 18:59:16,takeout,NEWYEAR10,gift_card,completed
1002264,4,2265,2026-01-16 19:01:53,dine_in,,credit_card,completed
1002265,12,2417,2026-01-16 19:04:10,dine_in,,debit_card,completed
1002266,4,1743,2026-01-16 19:04:33,takeout,,gift_card,completed
1002267,2,2266,2026-01-16 19:05:19,dine_in,,gift_card,completed
1002268,16,1521,2026-01-16 19:05:25,dine_in,,debit_card,completed
1002269,7,1158,2026-01-16 19:06:44,takeout,,credit_card,completed
1002270,8,606,2026-01-16 19:07:23,takeout,,credit_card,refunded
1002271,6,2353,2026-01-16 19:08:35,dine_in,,debit_card,cancelled
1002272,17,,2026-01-16 19:14:59,dine_in,,debit_card,completed
1002273,15,2372,2026-01-16 19:15:56,drive_thru,,credit_card,completed
1002274,6,1690,2026-01-16 19:19:59,takeout,,credit_card,completed
1002275,13,,2026-01-16 19:26:21,takeout,,gift_card,completed
1002276,3,651,2026-01-16 19:33:35,delivery,,credit_card,completed
1002277,15,,01/16/2026 19:33,dine_in,,cash,completed
1002278,1,703,2026-01-16 19:35:15,takeout,,credit_card,completed
1002279,12,97,2026-01-16 19:35:36,takeout,,cash,completed
1002280,2,1277,2026-01-16 19:36:03,dine_in,,credit_card,completed
1002281,13,1862,2026-01-16 19:37:48,dine_in,,debit_card,completed
1002282,14,255,2026-01-16 19:39:47,delivery,,credit_card,completed
1002283,9,,2026-01-16 19:43:40,takeout,,credit_card,completed
1002284,5,1794,2026-01-16 19:45:15,delivery,,credit_card,completed
1002285,6,1714,2026-01-16 19:47:52,dine_in,,cash,completed
1002286,3,,2026-01-16 19:48:28,dine_in,,debit_card,completed
1002287,16,1519,2026-01-16 19:51:45,dine_in,,credit_card,completed
1002288,10,726,2026-01-16 19:56:26,delivery,,credit_card,completed
1002289,12,2453,2026-01-16 19:59:37,takeout,,debit_card,cancelled
1002290,13,,2026-01-16 20:04:30,takeout,,credit_card,completed
1002291,14,255,2026-01-16 20:10:04,drive_thru,,debit_card,completed
1002292,16,,2026-01-16 20:11:23,dine_in,NEWYEAR10,credit_card,completed
1002293,17,,2026-01-16 20:13:23,dine_in,,credit_card,cancelled
1002294,14,,2026-01-16 20:13:36,dine_in,,gift_card,completed
1002295,13,870,2026-01-16 20:20:47,dine_in,,credit_card,completed
1002296,15,1653,2026-01-16 20:21:07,delivery,,credit_card,completed
1002297,15,1528,2026-01-16 20:29:50,drive_thru,,cash,completed
1002298,13,45,2026-01-16 20:40:44,dine_in,,credit_card,completed
1002299,16,1246,2026-01-16 20:53:52,takeout,,debit_card,completed
1002300,12,1800,2026-01-16 21:22:59,dine_in,,apple_pay,completed
1002301,3,,2026-01-16 21:23:03,dine_in,,apple_pay,completed
1002302,9,2285,2026-01-16 21:26:09,dine_in,,credit_card,completed
1002303,13,,2026-01-16 21:55:36,dine_in,,cash,completed
1002304,3,397,2026-01-17 10:33:04,takeout,,debit_card,completed
1002305,12,757,2026-01-17 10:34:29,takeout,,credit_card,completed
1002306,2,1407,2026-01-17 10:53:11,dine_in,,credit_card,completed
1002307,13,1170,2026-01-17 10:58:01,dine_in,,cash,completed
1002308,19,,2026-01-17 11:07:29,delivery,,debit_card,completed
1002309,1,,2026-01-17 11:22:46,takeout,,debit_card,completed
1002310,12,,2026-01-17 11:24:37,delivery,,credit_card,completed
1002311,15,,2026-01-17 11:28:20,delivery,,debit_card,completed
1002312,1,,2026-01-17 11:30:23,takeout,,cash,completed
1002313,19,,2026-01-17 11:34:41,delivery,,credit_card,completed
1002314,6,,2026-01-17 11:36:48,dine_in,,credit_card,completed
1002315,12,445,2026-01-17 11:38:35,dine_in,,credit_card,completed
1002316,6,310,2026-01-17 11:39:23,dine_in,,credit_card,completed
1002317,15,1528,2026-01-17 11:47:21,drive_thru,,cash,completed
1002318,16,1869,2026-01-17 11:52:17,takeout,,credit_card,completed
1002319,7,967,2026-01-17 11:55:05,delivery,,apple_pay,completed
1002320,18,2290,2026-01-17 11:56:40,dine_in,,apple_pay,completed
1002321,6,,2026-01-17 11:59:11,drive_thru,,credit_card,completed
1002322,9,,2026-01-17 12:00:33,drive_thru,,credit_card,completed
1002323,15,1696,2026-01-17 12:08:44,dine_in,,credit_card,completed
1002324,6,299,2026-01-17 12:10:26,dine_in,NEWYEAR10,cash,completed
1002325,18,,2026-01-17 12:11:56,delivery,,credit_card,completed
1002326,9,1157,2026-01-17 12:12:29,drive_thru,,debit_card,completed
1002327,6,,2026-01-17 12:14:20,takeout,,cash,completed
1002328,6,2379,2026-01-17 12:15:11,drive_thru,,cash,completed
1002329,8,212,2026-01-17 12:15:27,dine_in,,apple_pay,completed
1002330,12,,2026-01-17 12:16:06,dine_in,,cash,completed
1002331,12,,2026-01-17 12:16:26,takeout,NEWYEAR10,credit_card,completed
1002332,3,965,2026-01-17 12:16:34,delivery,,credit_card,completed
1002333,2,2044,2026-01-17 12:16:43,delivery,,credit_card,completed
1002334,3,490,2026-01-17 12:16:46,delivery,,debit_card,completed
1002335,12,,2026-01-17 12:17:26,delivery,,apple_pay,completed
1002336,4,1131,2026-01-17 12:18:46,delivery,,credit_card,completed
1002337,15,,2026-01-17 12:19:31,delivery,,apple_pay,completed
1002338,16,1322,2026-01-17 12:20:32,takeout,,credit_card,completed
1002339,4,2265,2026-01-17 12:21:07,delivery,,debit_card,completed
1002340,3,,2026-01-17 12:22:33,dine_in,,debit_card,completed
1002341,12,331,2026-01-17 12:22:50,dine_in,,apple_pay,completed
1002342,14,1367,2026-01-17 12:24:33,drive_thru,,apple_pay,completed
1002343,9,129,2026-01-17 12:26:39,dine_in,,credit_card,completed
1002344,13,,2026-01-17 12:27:28,delivery,,credit_card,completed
1002345,6,,2026-01-17 12:29:02,dine_in,,cash,completed
1002346,3,1034,2026-01-17 12:30:10,dine_in,,credit_card,completed
1002347,11,304,2026-01-17 12:30:26,delivery,,gift_card,completed
1002348,6,1815,2026-01-17 12:30:48,dine_in,,apple_pay,completed
1002349,2,,2026-01-17 12:31:56,dine_in,,debit_card,completed
1002350,14,2408,2026-01-17 12:32:57,takeout,,gift_card,completed
1002351,12,,2026-01-17 12:33:58,dine_in,,debit_card,completed
1002352,4,1848,2026-01-17 12:35:43,drive_thru,,credit_card,completed
1002353,1,1025,2026-01-17 12:37:32,dine_in,,cash,completed
1002354,17,1979,2026-01-17 12:37:49,takeout,,credit_card,completed
1002355,12,,2026-01-17 12:38:10,dine_in,,credit_card,completed
1002356,19,,2026-01-17 12:39:31,delivery,,credit_card,completed
1002357,4,2378,2026-01-17 12:39:52,dine_in,,credit_card,completed
1002358,8,1758,2026-01-17 12:39:57,takeout,,gift_card,completed
1002359,12,2168,2026-01-17 12:40:10,dine_in,,credit_card,completed
1002360,11,676,2026-01-17 12:41:15,dine_in,,debit_card,completed
1002361,1,109,2026-01-17 12:41:36,dine_in,,credit_card,completed
1002362,3,,2026-01-17 12:41:39,takeout,,debit_card,completed
1002363,16,,2026-01-17 12:43:28,dine_in,,cash,completed
1002364,12,2433,2026-01-17 12:43:34,takeout,,debit_card,completed
1002365,6,2279,2026-01-17 12:44:52,dine_in,,gift_card,completed
1002366,3,,2026-01-17 12:45:05,dine_in,,credit_card,completed
1002367,2,1436,2026-01-17 12:46:43,delivery,,credit_card,completed
1002368,15,311,2026-01-17 12:47:33,takeout,,apple_pay,completed
1002369,8,,2026-01-17 12:49:05,takeout,,cash,completed
1002370,5,109,2026-01-17 12:50:52,dine_in,,debit_card,completed
1002371,7,1350,2026-01-17 12:53:48,dine_in,,apple_pay,completed
1002372,10,1468,2026-01-17 12:56:52,dine_in,,credit_card,completed
1002373,4,,2026-01-17 12:57:16,dine_in,,debit_card,completed
1002374,5,,2026-01-17 12:57:37,delivery,,credit_card,completed
1002375,17,,2026-01-17 12:58:29,takeout,,credit_card,cancelled
1002376,16,218,2026-01-17 12:59:28,takeout,,gift_card,completed
1002377,1,2104,2026-01-17 13:00:57,dine_in,,debit_card,completed
1002378,11,2380,2026-01-17 13:01:24,drive_thru,,credit_card,completed
1002379,17,2341,2026-01-17 13:03:29,delivery,,debit_card,completed
1002380,11,1239,2026-01-17 13:05:10,dine_in,,apple_pay,completed
1002381,11,,01/17/2026 13:07,drive_thru,,debit_card,completed
1002382,19,,2026-01-17 13:08:43,dine_in,,apple_pay,completed
1002383,14,,2026-01-17 13:12:07,drive_thru,,credit_card,completed
1002384,2,1770,2026-01-17 13:14:32,dine_in,,debit_card,completed
1002385,15,1426,2026-01-17 13:17:46,dine_in,,credit_card,completed
1002386,5,468,2026-01-17 13:23:55,drive_thru,,credit_card,completed
1002387,2,1351,2026-01-17 13:28:31,dine_in,,credit_card,completed
1002388,19,1672,2026-01-17 13:30:46,drive_thru,,credit_card,completed
1002389,8,1327,2026-01-17 13:36:37,dine_in,,gift_card,completed
1002390,7,,2026-01-17 13:37:14,takeout,,credit_card,completed
1002391,7,719,2026-01-17 13:37:52,dine_in,,credit_card,completed
1002392,2,,2026-01-17 13:49:33,dine_in,,credit_card,completed
1002393,4,175,2026-01-17 13:58:57,dine_in,,cash,completed
1002394,19,2017,2026-01-17 14:05:37,drive_thru,,credit_card,completed
1002395,7,,2026-01-17 14:36:28,dine_in,,debit_card,completed
1002396,11,1337,2026-01-17 15:13:46,drive_thru,,cash,completed
1002397,14,,2026-01-17 15:24:50,drive_thru,,credit_card,completed
1002398,15,1661,2026-01-17 15:48:27,dine_in,,apple_pay,completed
1002399,16,33,2026-01-17 15:48:50,takeout,,credit_card,completed
1002400,4,,2026-01-17 15:50:23,drive_thru,,credit_card,completed
1002401,19,,2026-01-17 15:54:28,drive_thru,,credit_card,completed
1002402,10,1903,2026-01-17 16:36:36,takeout,,cash,completed
1002403,9,,2026-01-17 16:50:15,,NEWYEAR10,credit_card,completed
1002404,13,,2026-01-17 16:57:14,takeout,,credit_card,completed
1002405,12,1324,2026-01-17 17:01:33,dine_in,,credit_card,completed
1002406,17,1948,2026-01-17 17:08:51,takeout,,debit_card,cancelled
1002407,7,1697,2026-01-17 17:29:49,dine_in,,gift_card,completed
1002408,10,,2026-01-17 17:31:51,drive_thru,,gift_card,cancelled
1002409,15,841,2026-01-17 17:33:18,takeout,,cash,completed
1002410,10,1508,2026-01-17 17:34:05,drive_thru,,debit_card,completed
1002411,9,682,2026-01-17 17:39:15,dine_in,,debit_card,completed
1002412,9,,2026-01-17 17:47:02,takeout,,debit_card,completed
1002413,3,,2026-01-17 17:51:13,dine_in,,credit_card,completed
1002414,2,1356,2026-01-17 17:54:27,delivery,,apple_pay,cancelled
1002415,10,339,2026-01-17 17:57:41,drive_thru,,apple_pay,completed
1002416,19,1740,2026-01-17 17:58:25,takeout,,debit_card,completed
1002417,10,,2026-01-17 17:58:35,drive_thru,,debit_card,completed
1002418,8,,2026-01-17 18:01:12,takeout,,debit_card,completed
1002419,15,,2026-01-17 18:01:28,drive_thru,,credit_card,completed
1002420,5,889,2026-01-17 18:03:49,dine_in,,credit_card,completed
1002421,14,,2026-01-17 18:06:58,dine_in,,cash,completed
1002422,5,1464,2026-01-17 18:08:04,dine_in,NEWYEAR10,cash,completed
1002423,11,2476,2026-01-17 18:08:05,,NEWYEAR10,cash,completed
1002424,15,,2026-01-17 18:16:41,dine_in,,credit_card,completed
1002425,13,,2026-01-17 18:18:15,dine_in,,credit_card,cancelled
1002426,16,2238,2026-01-17 18:19:09,dine_in,,apple_pay,completed
1002427,17,,2026-01-17 18:19:30,dine_in,,credit_card,completed
1002428,3,868,2026-01-17 18:22:34,takeout,,debit_card,completed
1002429,3,,2026-01-17 18:29:08,takeout,,cash,completed
1002430,14,,2026-01-17 18:31:56,delivery,,credit_card,completed
1002431,13,,2026-01-17 18:32:00,dine_in,,credit_card,refunded
1002432,2,1321,2026-01-17 18:33:12,dine_in,,cash,completed
1002433,18,,2026-01-17 18:33:26,takeout,,cash,completed
1002434,14,255,2026-01-17 18:35:02,takeout,,cash,completed
1002435,16,1149,2026-01-17 18:41:50,dine_in,,apple_pay,completed
1002436,15,804,2026-01-17 18:44:49,drive_thru,,debit_card,completed
1002437,10,1611,2026-01-17 18:46:46,delivery,NEWYEAR10,gift_card,completed
1002438,9,,2026-01-17 18:48:30,takeout,,credit_card,completed
1002439,8,530,2026-01-17 18:49:01,dine_in,,credit_card,completed
1002440,1,,2026-01-17 18:49:32,dine_in,,gift_card,completed
1002441,19,12,2026-01-17 18:51:07,dine_in,,credit_card,completed
1002442,2,,2026-01-17 18:53:04,takeout,,gift_card,completed
1002443,6,,2026-01-17 18:53:51,takeout,,debit_card,completed
1002444,3,1749,2026-01-17 18:54:42,dine_in,,apple_pay,completed
1002445,6,1189,2026-01-17 18:55:19,dine_in,,credit_card,completed
1002446,1,,2026-01-17 18:56:22,dine_in,,debit_card,completed
1002447,8,2466,2026-01-17 18:56:24,dine_in,,credit_card,completed
1002448,7,581,2026-01-17 18:56:39,dine_in,,credit_card,completed
1002449,13,,2026-01-17 18:56:58,dine_in,,cash,refunded
1002450,19,341,2026-01-17 18:57:39,drive_thru,,credit_card,completed
1002451,1,515,2026-01-17 18:57:59,dine_in,,apple_pay,cancelled
1002452,15,2129,2026-01-17 18:57:59,takeout,,apple_pay,completed
1002453,7,773,2026-01-17 18:59:00,dine_in,,gift_card,completed
1002454,7,,2026-01-17 19:00:22,dine_in,,debit_card,completed
1002455,4,416,2026-01-17 19:02:15,drive_thru,,credit_card,completed
1002456,13,2345,2026-01-17 19:02:15,dine_in,,cash,completed
1002457,2,2127,2026-01-17 19:06:08,dine_in,NEWYEAR10,apple_pay,completed
1002458,18,,2026-01-17 19:06:17,drive_thru,,debit_card,completed
1002459,9,380,2026-01-17 19:08:33,drive_thru,,credit_card,completed
1002460,12,1254,2026-01-17 19:11:20,dine_in,,credit_card,completed
1002461,8,,2026-01-17 19:15:02,dine_in,,debit_card,completed
1002462,10,,2026-01-17 19:17:03,drive_thru,,credit_card,completed
1002463,1,,2026-01-17 19:18:02,takeout,,credit_card,completed
1002464,13,,2026-01-17 19:19:42,dine_in,,credit_card,completed
1002465,19,,2026-01-17 19:20:21,dine_in,,credit_card,completed
1002466,3,2356,2026-01-17 19:20:34,dine_in,,credit_card,completed
1002467,12,794,2026-01-17 19:22:16,takeout,,cash,completed
1002468,12,,2026-01-17 19:26:33,delivery,,credit_card,completed
1002469,14,,2026-01-17 19:27:40,drive_thru,,credit_card,completed
1002470,7,1697,2026-01-17 19:27:45,dine_in,NEWYEAR10,gift_card,completed
1002471,10,,2026-01-17 19:28:48,drive_thru,,credit_card,cancelled
1002472,7,1350,2026-01-17 19:29:15,takeout,,credit_card,completed
1002473,6,,2026-01-17 19:31:54,drive_thru,,debit_card,completed
1002474,14,2063,2026-01-17 19:31:56,delivery,NEWYEAR10,debit_card,completed
1002475,3,,2026-01-17 19:34:54,delivery,,gift_card,completed
1002476,2,,2026-01-17 19:37:24,dine_in,,credit_card,completed
1002477,3,1977,2026-01-17 19:38:59,dine_in,,credit_card,completed
1002478,8,146,2026-01-17 19:39:14,delivery,,credit_card,completed
1002479,15,281,2026-01-17 19:40:43,delivery,,debit_card,completed
1002480,8,772,2026-01-17 19:41:32,takeout,,credit_card,completed
1002481,10,2337,2026-01-17 19:47:29,delivery,,credit_card,completed
1002482,15,,2026-01-17 19:47:46,takeout,,credit_card,completed
1002483,2,,2026-01-17 19:47:54,takeout,,credit_card,completed
1002484,5,1666,2026-01-17 19:51:35,delivery,,debit_card,refunded
1002485,14,,2026-01-17 19:55:02,takeout,,credit_card,completed
1002486,1,,2026-01-17 19:58:29,dine_in,,credit_card,completed
1002487,2,2244,2026-01-17 20:03:31,takeout,,apple_pay,completed
1002488,15,85,2026-01-17 20:05:16,dine_in,,apple_pay,completed
1002489,9,1870,2026-01-17 20:08:03,drive_thru,,credit_card,completed
1002490,5,746,2026-01-17 20:16:49,takeout,,credit_card,completed
1002491,19,,2026-01-17 20:23:35,drive_thru,,apple_pay,completed
1002492,19,,2026-01-17 20:26:10,takeout,,debit_card,completed
1002493,17,,2026-01-17 20:34:36,dine_in,,debit_card,completed
1002494,16,213,2026-01-17 20:35:35,takeout,,debit_card,completed
1002495,14,2406,2026-01-17 20:41:29,takeout,NEWYEAR10,apple_pay,completed
1002496,2,1374,2026-01-17 20:57:55,takeout,,apple_pay,completed
1002497,6,247,01/17/2026 21:33,takeout,,credit_card,completed
1002498,6,,2026-01-17 21:33:36,drive_thru,NEWYEAR10,debit_card,cancelled
1002499,7,2288,2026-01-18 10:37:12,dine_in,,credit_card,completed
1002500,7,1405,2026-01-18 11:05:20,takeout,,credit_card,completed
1002501,7,2030,2026-01-18 11:10:52,dine_in,,credit_card,completed
1002502,5,,2026-01-18 11:14:10,dine_in,,credit_card,completed
1002503,13,447,2026-01-18 11:22:48,dine_in,,debit_card,completed
1002504,12,1518,2026-01-18 11:38:45,dine_in,,apple_pay,completed
1002505,10,,2026-01-18 11:40:05,drive_thru,NEWYEAR10,credit_card,completed
1002506,4,,2026-01-18 11:42:02,delivery,,credit_card,completed
1002507,16,36,2026-01-18 11:43:36,dine_in,,debit_card,completed
1002508,15,2372,2026-01-18 11:45:31,drive_thru,,cash,completed
1002509,18,,2026-01-18 11:49:25,delivery,,credit_card,completed
1002510,13,625,2026-01-18 11:50:40,dine_in,,credit_card,completed
1002511,11,,2026-01-18 11:56:28,delivery,,gift_card,completed
1002512,2,239,2026-01-18 12:02:21,dine_in,,credit_card,completed
1002513,9,2288,2026-01-18 12:02:31,delivery,,apple_pay,completed
1002514,8,292,2026-01-18 12:05:02,delivery,,credit_card,completed
1002515,6,1588,2026-01-18 12:06:11,takeout,,debit_card,completed
1002516,4,1848,2026-01-18 12:10:41,delivery,,apple_pay,completed
1002517,11,,2026-01-18 12:12:32,drive_thru,,debit_card,completed
1002518,6,2275,2026-01-18 12:12:48,dine_in,,apple_pay,completed
1002519,6,,2026-01-18 12:12:57,dine_in,,credit_card,completed
1002520,1,801,2026-01-18 12:16:17,dine_in,,apple_pay,completed
1002521,7,1350,2026-01-18 12:17:22,dine_in,,debit_card,completed
1002522,19,1315,2026-01-18 12:24:05,dine_in,,gift_card,completed
1002523,10,,2026-01-18 12:24:58,takeout,,apple_pay,completed
1002524,19,,2026-01-18 12:25:40,drive_thru,,credit_card,completed
1002525,10,1188,2026-01-18 12:26:09,takeout,,debit_card,completed
1002526,15,,2026-01-18 12:30:40,drive_thru,,credit_card,completed
1002527,6,,2026-01-18 12:31:04,dine_in,,credit_card,completed
1002528,17,1146,2026-01-18 12:33:22,dine_in,,debit_card,completed
1002529,15,1299,2026-01-18 12:35:54,dine_in,,credit_card,completed
1002530,1,,2026-01-18 12:37:29,dine_in,,cash,cancelled
1002531,15,,2026-01-18 12:37:56,delivery,,credit_card,completed
1002532,13,1826,2026-01-18 12:38:00,dine_in,,gift_card,completed
1002533,7,1567,2026-01-18 12:41:39,dine_in,,debit_card,completed
1002534,6,247,2026-01-18 12:42:38,dine_in,,debit_card,completed
1002535,14,2325,2026-01-18 12:45:32,dine_in,,cash,completed
1002536,17,,2026-01-18 12:45:37,takeout,,debit_card,completed
1002537,1,1119,2026-01-18 12:46:21,takeout,,apple_pay,completed
1002538,19,954,2026-01-18 12:46:35,dine_in,,apple_pay,completed
1002539,4,,2026-01-18 12:48:33,dine_in,,credit_card,completed
1002540,1,,2026-01-18 12:48:39,takeout,,debit_card,completed
1002541,9,590,2026-01-18 12:51:39,drive_thru,,credit_card,completed
1002542,8,62,2026-01-18 12:55:41,takeout,,debit_card,completed
1002543,2,1356,2026-01-18 12:59:12,takeout,,credit_card,completed
1002544,4,2064,2026-01-18 13:01:53,takeout,NEWYEAR10,credit_card,completed
1002545,16,439,2026-01-18 13:02:28,takeout,,apple_pay,completed
1002546,5,2377,2026-01-18 13:03:30,takeout,,debit_card,completed
1002547,14,,2026-01-18 13:08:47,dine_in,,apple_pay,completed
1002548,19,,2026-01-18 13:12:52,dine_in,,debit_card,completed
1002549,15,2366,2026-01-18 13:19:46,dine_in,,credit_card,completed
1002550,9,,2026-01-18 13:31:06,takeout,,debit_card,completed
1002551,19,,2026-01-18 13:32:18,takeout,,cash,completed
1002552,13,,2026-01-18 14:05:28,takeout,,cash,completed
1002553,8,,2026-01-18 14:30:44,dine_in,,credit_card,completed
1002554,7,2455,2026-01-18 14:32:29,takeout,,credit_card,completed
1002555,2,1604,2026-01-18 15:46:37,takeout,NEWYEAR10,debit_card,completed
1002556,12,2449,2026-01-18 16:02:37,dine_in,,cash,completed
1002557,14,2406,2026-01-18 16:06:33,delivery,,credit_card,completed
1002558,6,,2026-01-18 16:50:42,dine_in,,debit_card,completed
1002559,15,1067,2026-01-18 17:05:41,dine_in,,debit_card,completed
1002560,4,1743,2026-01-18 17:25:32,dine_in,,cash,completed
1002561,13,1198,2026-01-18 17:28:19,takeout,,debit_card,completed
1002562,8,986,2026-01-18 17:38:27,delivery,,apple_pay,completed
1002563,11,1692,2026-01-18 17:45:40,drive_thru,,credit_card,completed
1002564,5,,2026-01-18 17:47:58,delivery,,credit_card,completed
1002565,6,1562,2026-01-18 17:49:21,dine_in,,credit_card,completed
1002566,7,2035,2026-01-18 17:49:49,dine_in,,gift_card,completed
1002567,3,397,2026-01-18 17:56:44,dine_in,,credit_card,completed
1002568,7,967,2026-01-18 17:58:11,dine_in,,apple_pay,completed
1002569,13,,2026-01-18 18:02:20,dine_in,,debit_card,completed
1002570,18,81,2026-01-18 18:04:55,dine_in,,gift_card,completed
1002571,8,,2026-01-18 18:05:12,dine_in,,debit_card,completed
1002572,6,803,2026-01-18 18:06:41,dine_in,,credit_card,completed
1002573,1,755,2026-01-18 18:09:57,delivery,,credit_card,completed
1002574,17,,2026-01-18 18:15:26,dine_in,,credit_card,completed
1002575,14,589,2026-01-18 18:17:15,,,debit_card,completed
1002576,18,,2026-01-18 18:18:26,takeout,,debit_card,completed
1002577,16,278,2026-01-18 18:22:13,dine_in,,debit_card,completed
1002578,3,1131,2026-01-18 18:28:21,dine_in,,credit_card,completed
1002579,6,,2026-01-18 18:28:56,drive_thru,,credit_card,completed
1002580,1,,2026-01-18 18:29:15,dine_in,,debit_card,completed
1002581,1,978,2026-01-18 18:32:02,dine_in,,cash,completed
1002582,4,996,2026-01-18 18:32:15,,NEWYEAR10,apple_pay,completed
1002583,15,,2026-01-18 18:33:54,delivery,,credit_card,completed
1002584,2,,2026-01-18 18:41:31,takeout,,credit_card,completed
1002585,12,558,2026-01-18 18:46:27,dine_in,,debit_card,completed
1002586,13,,2026-01-18 18:46:46,dine_in,,credit_card,completed
1002587,1,219,2026-01-18 18:50:21,dine_in,,apple_pay,completed
1002588,5,,2026-01-18 18:50:31,takeout,,apple_pay,completed
1002589,18,856,2026-01-18 18:51:16,drive_thru,,debit_card,completed
1002590,2,103,2026-01-18 18:51:45,takeout,,debit_card,completed
1002591,13,,2026-01-18 18:55:07,dine_in,,cash,completed
1002592,6,2097,2026-01-18 18:58:11,drive_thru,NEWYEAR10,apple_pay,refunded
1002593,14,,2026-01-18 18:58:30,delivery,,gift_card,completed
1002594,9,,2026-01-18 18:59:30,dine_in,,cash,completed
1002595,14,195,2026-01-18 19:02:00,dine_in,,cash,completed
1002596,5,,2026-01-18 19:03:03,delivery,,debit_card,completed
1002597,14,2316,2026-01-18 19:05:27,dine_in,NEWYEAR10,cash,completed
1002598,12,2358,2026-01-18 19:06:00,dine_in,,cash,completed
1002599,10,1112,2026-01-18 19:07:24,drive_thru,,apple_pay,completed
1002600,5,808,2026-01-18 19:12:34,dine_in,,debit_card,completed
1002601,11,2257,2026-01-18 19:15:33,delivery,,credit_card,completed
1002602,18,1739,2026-01-18 19:16:13,dine_in,,credit_card,completed
1002603,13,1048,2026-01-18 19:19:29,dine_in,,debit_card,completed
1002604,6,2353,2026-01-18 19:20:59,dine_in,,credit_card,completed
1002605,13,2277,2026-01-18 19:26:29,delivery,,apple_pay,completed
1002606,6,494,2026-01-18 19:26:35,delivery,,apple_pay,completed
1002607,1,,2026-01-18 19:29:37,takeout,,debit_card,completed
1002608,19,,2026-01-18 19:31:47,dine_in,,debit_card,completed
1002609,7,2013,2026-01-18 19:35:55,takeout,,cash,completed
1002610,15,,2026-01-18 19:35:56,delivery,,credit_card,completed
1002611,6,2125,2026-01-18 19:36:32,dine_in,,credit_card,completed
1002612,1,748,2026-01-18 19:41:07,dine_in,,cash,completed
1002613,10,,2026-01-18 19:48:30,drive_thru,,apple_pay,completed
1002614,17,,2026-01-18 19:52:45,delivery,NEWYEAR10,credit_card,completed
1002615,3,616,2026-01-18 19:52:52,takeout,,cash,completed
1002616,1,,2026-01-18 19:55:51,delivery,,gift_card,completed
1002617,8,,2026-01-18 19:59:57,dine_in,,gift_card,completed
1002618,12,,2026-01-18 20:02:30,dine_in,,credit_card,completed
1002619,10,,2026-01-18 20:04:02,delivery,,apple_pay,completed
1002620,9,,2026-01-18 20:09:23,delivery,,credit_card,cancelled
1002621,17,723,2026-01-18 20:16:55,delivery,,credit_card,completed
1002622,12,329,2026-01-18 20:19:15,takeout,,cash,refunded
1002623,17,1850,2026-01-18 20:40:21,takeout,,credit_card,completed
1002624,1,,2026-01-18 20:43:24,dine_in,,apple_pay,completed
1002625,9,938,2026-01-18 20:45:27,delivery,,gift_card,completed
1002626,17,2411,2026-01-18 21:12:25,dine_in,,apple_pay,completed
1002627,14,10,2026-01-18 21:31:45,dine_in,,credit_card,completed
1002628,19,,2026-01-18 21:40:59,,,apple_pay,completed
1002629,17,1612,2026-01-19 11:15:25,delivery,,credit_card,completed
1002630,19,1419,2026-01-19 11:29:18,delivery,,credit_card,completed
1002631,12,2094,2026-01-19 11:30:38,dine_in,,credit_card,completed
1002632,9,,2026-01-19 11:38:00,drive_thru,,debit_card,completed
1002633,12,1297,2026-01-19 11:40:00,takeout,,gift_card,completed
1002634,2,,2026-01-19 11:45:17,takeout,,credit_card,completed
1002635,14,828,2026-01-19 11:49:01,dine_in,,debit_card,completed
1002636,14,,2026-01-19 11:54:18,dine_in,,debit_card,completed
1002637,16,,2026-01-19 11:55:30,dine_in,,debit_card,completed
1002638,15,1674,2026-01-19 11:58:32,takeout,,credit_card,cancelled
1002639,5,2356,2026-01-19 12:01:35,drive_thru,,apple_pay,completed
1002640,7,1126,2026-01-19 12:01:58,dine_in,,credit_card,completed
1002641,7,2068,2026-01-19 12:02:33,takeout,,debit_card,completed
1002642,6,,2026-01-19 12:04:02,drive_thru,,credit_card,completed
1002643,18,161,01/19/2026 12:14,dine_in,,apple_pay,completed
1002644,15,97,2026-01-19 12:16:53,drive_thru,,credit_card,completed
1002645,7,645,2026-01-19 12:19:08,dine_in,,credit_card,completed
1002646,7,27,2026-01-19 12:21:27,dine_in,,cash,completed
1002647,6,2179,2026-01-19 12:22:32,delivery,,credit_card,completed
1002648,8,,2026-01-19 12:24:11,delivery,,credit_card,completed
1002649,8,228,2026-01-19 12:25:02,delivery,,apple_pay,completed
1002650,18,1001,2026-01-19 12:28:40,dine_in,,cash,completed
1002651,4,,2026-01-19 12:33:24,dine_in,,debit_card,completed
1002652,8,564,2026-01-19 12:35:55,dine_in,,credit_card,completed
1002653,10,1833,2026-01-19 12:37:36,drive_thru,,credit_card,completed
1002654,1,253,2026-01-19 12:39:32,takeout,NEWYEAR10,credit_card,completed
1002655,1,2032,2026-01-19 12:44:54,dine_in,,apple_pay,completed
1002656,7,645,2026-01-19 12:46:09,dine_in,,credit_card,completed
1002657,11,812,2026-01-19 12:46:56,dine_in,,credit_card,completed
1002658,12,811,2026-01-19 12:49:02,takeout,,debit_card,completed
1002659,18,,2026-01-19 12:51:29,dine_in,NEWYEAR10,cash,completed
1002660,1,600,2026-01-19 12:51:30,dine_in,,cash,completed
1002661,18,856,2026-01-19 12:52:41,dine_in,NEWYEAR10,credit_card,completed
1002662,8,1923,2026-01-19 13:01:22,dine_in,,apple_pay,completed
1002663,16,2034,2026-01-19 13:16:29,delivery,,credit_card,completed
1002664,7,1567,2026-01-19 13:16:45,dine_in,,credit_card,cancelled
1002665,6,,01/19/2026 13:18,delivery,,credit_card,completed
1002666,6,1902,2026-01-19 13:19:21,dine_in,,credit_card,completed
1002667,3,397,2026-01-19 13:23:05,takeout,,cash,completed
1002668,13,,2026-01-19 13:27:34,dine_in,,debit_card,completed
1002669,16,848,2026-01-19 13:30:03,dine_in,,gift_card,completed
1002670,13,,2026-01-19 13:33:10,dine_in,,credit_card,completed
1002671,16,,2026-01-19 13:51:59,delivery,,credit_card,completed
1002672,7,1858,2026-01-19 14:13:47,delivery,,debit_card,completed
1002673,6,444,2026-01-19 14:22:21,drive_thru,,apple_pay,completed
1002674,5,,2026-01-19 14:22:25,dine_in,,credit_card,completed
1002675,3,1572,2026-01-19 14:45:11,takeout,,gift_card,completed
1002676,16,1331,2026-01-19 15:18:23,dine_in,,apple_pay,completed
1002677,4,1347,2026-01-19 15:40:42,drive_thru,,gift_card,completed
1002678,14,,2026-01-19 15:43:15,dine_in,,credit_card,completed
1002679,13,,2026-01-19 15:46:01,dine_in,,apple_pay,completed
1002680,5,,2026-01-19 16:12:40,delivery,,debit_card,completed
1002681,11,1513,2026-01-19 16:21:58,drive_thru,,credit_card,completed
1002682,13,,2026-01-19 16:43:12,takeout,,credit_card,completed
1002683,6,921,2026-01-19 16:49:40,delivery,,credit_card,completed
1002684,17,,2026-01-19 16:49:55,takeout,,cash,completed
1002685,1,2209,2026-01-19 17:01:49,dine_in,,cash,completed
1002686,7,1526,2026-01-19 17:14:22,dine_in,,credit_card,completed
1002687,19,,2026-01-19 17:47:14,delivery,,credit_card,completed
1002688,13,2210,2026-01-19 17:51:42,dine_in,,credit_card,completed
1002689,16,1931,2026-01-19 17:56:30,takeout,,cash,cancelled
1002690,9,,2026-01-19 17:59:18,delivery,,debit_card,completed
1002691,14,1725,2026-01-19 18:02:58,dine_in,,apple_pay,completed
1002692,10,1917,2026-01-19 18:10:57,delivery,,credit_card,completed
1002693,8,,2026-01-19 18:12:58,takeout,,credit_card,completed
1002694,18,1986,2026-01-19 18:21:10,delivery,,credit_card,completed
1002695,13,391,2026-01-19 18:23:39,dine_in,,cash,completed
1002696,10,,2026-01-19 18:25:34,takeout,,credit_card,completed
1002697,15,2123,2026-01-19 18:30:32,takeout,,cash,completed
1002698,17,754,2026-01-19 18:35:32,takeout,,credit_card,completed
1002699,10,1949,2026-01-19 18:36:12,takeout,,credit_card,completed
1002700,6,2097,2026-01-19 18:41:47,drive_thru,,credit_card,refunded
1002701,8,,2026-01-19 18:43:08,dine_in,,debit_card,completed
1002702,13,2289,2026-01-19 18:44:34,takeout,,apple_pay,completed
1002703,19,2017,2026-01-19 18:45:43,takeout,,debit_card,completed
1002704,10,42,2026-01-19 18:46:55,delivery,,credit_card,completed
1002705,16,406,2026-01-19 18:48:45,takeout,,debit_card,completed
1002706,9,,2026-01-19 18:55:27,dine_in,,credit_card,completed
1002707,8,1710,2026-01-19 18:56:05,dine_in,NEWYEAR10,credit_card,completed
1002708,16,26,2026-01-19 18:56:39,dine_in,,credit_card,completed
1002709,5,,2026-01-19 18:56:56,dine_in,,debit_card,completed
1002710,3,2497,2026-01-19 18:59:51,takeout,,credit_card,completed
1002711,2,1971,2026-01-19 19:00:14,dine_in,,debit_card,completed
1002712,11,,01/19/2026 19:02,drive_thru,,credit_card,completed
1002713,17,,2026-01-19 19:07:25,dine_in,,apple_pay,completed
1002714,1,,2026-01-19 19:08:14,,,debit_card,completed
1002715,6,1580,2026-01-19 19:18:58,dine_in,,apple_pay,completed
1002716,4,1430,2026-01-19 19:19:37,delivery,,credit_card,completed
1002717,7,,2026-01-19 19:22:00,takeout,,apple_pay,completed
1002718,1,,2026-01-19 19:22:34,dine_in,,credit_card,completed
1002719,14,,2026-01-19 19:24:46,drive_thru,,cash,completed
1002720,7,,2026-01-19 19:37:08,takeout,,apple_pay,completed
1002721,13,,2026-01-19 19:40:47,dine_in,,debit_card,completed
1002722,1,777,2026-01-19 19:44:34,dine_in,,credit_card,completed
1002723,8,62,2026-01-19 19:45:15,dine_in,,apple_pay,completed
1002724,14,,2026-01-19 19:46:35,dine_in,,cash,completed
1002725,6,,2026-01-19 19:54:27,dine_in,,gift_card,completed
1002726,12,231,2026-01-19 20:09:47,dine_in,,apple_pay,completed
1002727,7,1538,2026-01-19 20:21:35,delivery,,credit_card,completed
1002728,17,635,2026-01-19 20:55:40,delivery,,apple_pay,completed
1002729,11,476,2026-01-19 21:12:59,dine_in,,credit_card,completed
1002730,3,1993,2026-01-19 21:43:04,takeout,,gift_card,completed
1002731,14,413,2026-01-20 10:35:01,dine_in,,gift_card,completed
1002732,8,,2026-01-20 10:57:33,delivery,,credit_card,completed
1002733,10,1312,2026-01-20 10:59:04,drive_thru,,gift_card,completed
1002734,14,1299,2026-01-20 11:21:58,drive_thru,,credit_card,completed
1002735,3,,2026-01-20 11:33:46,delivery,,credit_card,completed
1002736,2,,2026-01-20 11:36:37,dine_in,,debit_card,completed
1002737,14,2069,2026-01-20 11:44:49,dine_in,NEWYEAR10,credit_card,completed
1002738,13,699,2026-01-20 11:48:27,dine_in,,credit_card,completed
1002739,18,2147,2026-01-20 11:50:02,dine_in,NEWYEAR10,apple_pay,completed
1002740,4,1144,2026-01-20 11:57:18,drive_thru,,credit_card,completed
1002741,12,,2026-01-20 11:59:08,takeout,,apple_pay,completed
1002742,10,734,2026-01-20 12:02:34,dine_in,,cash,completed
1002743,7,969,2026-01-20 12:04:38,dine_in,,apple_pay,completed
1002744,19,,2026-01-20 12:05:44,drive_thru,,credit_card,completed
1002745,15,759,2026-01-20 12:10:10,delivery,,credit_card,completed
1002746,17,2254,2026-01-20 12:10:18,delivery,,credit_card,cancelled
1002747,3,1376,2026-01-20 12:11:06,dine_in,,apple_pay,completed
1002748,7,,2026-01-20 12:14:40,takeout,,cash,completed
1002749,4,,2026-01-20 12:14:51,dine_in,,apple_pay,completed
1002750,14,2420,2026-01-20 12:17:38,dine_in,,cash,completed
1002751,17,1689,2026-01-20 12:19:09,dine_in,,debit_card,cancelled
1002752,4,,2026-01-20 12:19:40,delivery,,credit_card,completed
1002753,13,1282,2026-01-20 12:21:47,delivery,,debit_card,completed
1002754,15,1592,2026-01-20 12:26:13,drive_thru,,credit_card,completed
1002755,8,1018,2026-01-20 12:26:31,takeout,,debit_card,completed
1002756,7,2028,2026-01-20 12:27:02,dine_in,,debit_card,completed
1002757,2,901,2026-01-20 12:27:08,takeout,,credit_card,completed
1002758,2,,2026-01-20 12:31:45,dine_in,,debit_card,completed
1002759,7,1056,2026-01-20 12:36:06,dine_in,,credit_card,refunded
1002760,1,968,2026-01-20 12:39:16,takeout,,debit_card,completed
1002761,3,1347,2026-01-20 12:41:33,dine_in,,credit_card,completed
1002762,1,535,2026-01-20 12:42:25,dine_in,,credit_card,completed
1002763,6,1967,2026-01-20 12:44:21,takeout,,debit_card,completed
1002764,13,,2026-01-20 12:44:34,dine_in,,apple_pay,completed
1002765,14,584,2026-01-20 12:48:19,takeout,,debit_card,completed
1002766,10,,2026-01-20 12:49:23,drive_thru,,debit_card,completed
1002767,3,2363,2026-01-20 12:54:36,takeout,,debit_card,completed
1002768,11,1397,2026-01-20 12:58:48,delivery,,gift_card,completed
1002769,7,2389,2026-01-20 13:03:54,dine_in,,credit_card,completed
1002770,4,,2026-01-20 13:03:59,drive_thru,,credit_card,completed
1002771,16,2434,2026-01-20 13:04:18,dine_in,,credit_card,completed
1002772,1,2032,2026-01-20 13:08:18,dine_in,,apple_pay,completed
1002773,19,,2026-01-20 13:08:53,delivery,,credit_card,completed
1002774,11,676,2026-01-20 13:09:38,drive_thru,,apple_pay,cancelled
1002775,17,1266,2026-01-20 13:21:38,takeout,,debit_card,completed
1002776,11,2236,2026-01-20 13:32:14,dine_in,,credit_card,completed
1002777,1,,2026-01-20 13:33:56,dine_in,,credit_card,completed
1002778,5,,2026-01-20 13:39:06,drive_thru,,debit_card,completed
1002779,1,2278,2026-01-20 13:51:44,takeout,,credit_card,completed
1002780,18,276,2026-01-20 14:07:43,takeout,,debit_card,completed
1002781,14,,2026-01-20 14:13:45,drive_thru,,credit_card,completed
1002782,19,,2026-01-20 14:28:17,dine_in,,credit_card,completed
1002783,17,626,2026-01-20 14:32:11,dine_in,,credit_card,completed
1002784,3,,2026-01-20 14:45:53,dine_in,,credit_card,completed
1002785,3,1964,2026-01-20 14:58:14,dine_in,,debit_card,completed
1002786,10,2050,2026-01-20 15:14:33,delivery,,credit_card,cancelled
1002787,3,490,2026-01-20 16:04:25,dine_in,,debit_card,completed
1002788,12,,2026-01-20 16:42:45,dine_in,,debit_card,completed
1002789,7,2373,2026-01-20 16:46:08,delivery,,apple_pay,completed
1002790,3,749,2026-01-20 16:56:24,dine_in,,apple_pay,completed
1002791,13,1478,2026-01-20 17:22:43,takeout,,credit_card,completed
1002792,6,1776,2026-01-20 17:51:10,dine_in,,apple_pay,completed
1002793,16,2465,2026-01-20 17:56:33,dine_in,,apple_pay,completed
1002794,19,2300,2026-01-20 17:58:45,takeout,,credit_card,completed
1002795,18,,2026-01-20 17:59:11,drive_thru,,credit_card,completed
1002796,18,2121,2026-01-20 18:05:41,drive_thru,,credit_card,completed
1002797,18,1130,01/20/2026 18:06,delivery,NEWYEAR10,apple_pay,completed
1002798,9,1792,2026-01-20 18:12:36,drive_thru,,credit_card,completed
1002799,9,1403,2026-01-20 18:14:18,dine_in,,credit_card,completed
1002800,3,,2026-01-20 18:17:47,dine_in,,credit_card,completed
1002801,18,,2026-01-20 18:18:50,delivery,,debit_card,completed
1002802,17,1391,2026-01-20 18:20:41,takeout,,debit_card,completed
1002803,6,1851,2026-01-20 18:21:20,drive_thru,,credit_card,completed
1002804,8,268,2026-01-20 18:23:05,takeout,,credit_card,completed
1002805,16,,2026-01-20 18:23:48,takeout,,debit_card,completed
1002806,9,,2026-01-20 18:25:00,drive_thru,,credit_card,completed
1002807,10,,2026-01-20 18:25:11,dine_in,,credit_card,completed
1002808,3,2359,2026-01-20 18:25:36,delivery,NEWYEAR10,credit_card,completed
1002809,7,,2026-01-20 18:31:25,delivery,,credit_card,completed
1002810,3,795,2026-01-20 18:31:58,dine_in,,debit_card,completed
1002811,2,,2026-01-20 18:38:14,delivery,,credit_card,completed
1002812,18,856,2026-01-20 18:40:16,dine_in,,credit_card,completed
1002813,3,,2026-01-20 18:40:36,delivery,,credit_card,completed
1002814,9,990,2026-01-20 18:43:52,dine_in,,credit_card,completed
1002815,12,,2026-01-20 18:44:52,takeout,,credit_card,completed
1002816,2,,2026-01-20 18:46:08,dine_in,,credit_card,completed
1002817,14,35,2026-01-20 18:54:29,delivery,,apple_pay,completed
1002818,11,941,2026-01-20 18:55:32,dine_in,,cash,completed
1002819,1,,2026-01-20 18:55:55,dine_in,,credit_card,completed
1002820,15,,2026-01-20 18:56:17,dine_in,,cash,completed
1002821,13,,2026-01-20 18:56:32,dine_in,,credit_card,completed
1002822,6,882,2026-01-20 18:59:33,dine_in,,gift_card,completed
1002823,1,,2026-01-20 19:00:01,dine_in,,debit_card,completed
1002824,8,121,2026-01-20 19:00:47,dine_in,,credit_card,completed
1002825,14,,2026-01-20 19:01:33,drive_thru,,credit_card,completed
1002826,3,1081,2026-01-20 19:03:07,dine_in,,credit_card,completed
1002827,6,,2026-01-20 19:03:39,dine_in,,credit_card,completed
1002828,3,,2026-01-20 19:06:11,takeout,,credit_card,completed
1002829,13,,2026-01-20 19:06:59,dine_in,,debit_card,completed
1002830,3,,2026-01-20 19:07:08,delivery,,credit_card,completed
1002831,11,2028,2026-01-20 19:07:35,drive_thru,,credit_card,completed
1002832,16,1762,2026-01-20 19:12:49,takeout,,credit_card,refunded
1002833,10,,2026-01-20 19:15:30,dine_in,,credit_card,completed
1002834,3,1582,2026-01-20 19:17:42,takeout,,credit_card,completed
1002835,3,,2026-01-20 19:18:14,dine_in,NEWYEAR10,gift_card,completed
1002836,8,820,2026-01-20 19:21:02,takeout,NEWYEAR10,apple_pay,completed
1002837,18,2281,2026-01-20 19:23:15,delivery,,credit_card,completed
1002838,14,1036,2026-01-20 19:26:09,takeout,,debit_card,completed
1002839,19,2400,2026-01-20 19:27:46,dine_in,,credit_card,completed
1002840,16,327,2026-01-20 19:29:11,dine_in,,apple_pay,completed
1002841,4,1596,2026-01-20 19:29:46,delivery,,credit_card,completed
1002842,14,814,2026-01-20 19:31:03,delivery,,apple_pay,completed
1002843,2,1216,2026-01-20 19:34:00,takeout,,credit_card,completed
1002844,2,1436,2026-01-20 19:41:24,takeout,,apple_pay,completed
1002845,18,,2026-01-20 19:44:43,takeout,,apple_pay,completed
1002846,2,,2026-01-20 19:49:25,dine_in,,apple_pay,completed
1002847,4,1960,2026-01-20 19:49:44,dine_in,,debit_card,completed
1002848,7,568,2026-01-20 19:53:04,dine_in,,cash,completed
1002849,14,255,2026-01-20 19:53:33,takeout,,debit_card,cancelled
1002850,19,1147,2026-01-20 19:54:30,takeout,,credit_card,completed
1002851,16,1322,2026-01-20 19:54:31,dine_in,,cash,completed
1002852,6,1564,2026-01-20 19:57:19,delivery,,credit_card,completed
1002853,12,1999,2026-01-20 19:58:56,delivery,,credit_card,completed
1002854,15,1621,2026-01-20 20:07:55,takeout,,credit_card,cancelled
1002855,19,1537,2026-01-20 20:08:37,takeout,,credit_card,completed
1002856,5,906,2026-01-20 20:10:09,delivery,,debit_card,completed
1002857,10,,2026-01-20 20:15:23,takeout,,credit_card,completed
1002858,11,1182,2026-01-20 20:26:42,delivery,NEWYEAR10,debit_card,completed
1002859,2,2213,2026-01-20 20:34:13,takeout,,cash,refunded
1002860,9,,2026-01-20 20:40:32,takeout,,credit_card,completed
1002861,13,544,2026-01-20 21:35:16,dine_in,,credit_card,completed
1002862,4,,2026-01-21 10:32:37,takeout,,cash,completed
1002863,8,958,2026-01-21 10:34:50,dine_in,,credit_card,completed
1002864,15,,2026-01-21 10:41:33,delivery,,credit_card,completed
1002865,10,1135,2026-01-21 11:03:33,delivery,,debit_card,refunded
1002866,16,,2026-01-21 11:09:54,takeout,,credit_card,completed
1002867,1,721,2026-01-21 11:24:24,dine_in,,credit_card,completed
1002868,5,932,2026-01-21 11:25:05,dine_in,,debit_card,completed
1002869,19,571,2026-01-21 11:36:45,drive_thru,,credit_card,completed
1002870,3,,2026-01-21 11:39:40,takeout,,apple_pay,completed
1002871,2,505,2026-01-21 11:42:06,delivery,,credit_card,completed
1002872,12,757,2026-01-21 11:44:58,takeout,,credit_card,completed
1002873,6,,2026-01-21 11:49:56,takeout,,debit_card,completed
1002874,18,,2026-01-21 11:55:31,drive_thru,,apple_pay,completed
1002875,2,,2026-01-21 12:03:18,delivery,,credit_card,completed
1002876,10,789,2026-01-21 12:04:22,delivery,,apple_pay,completed
1002877,2,1210,2026-01-21 12:05:22,takeout,,debit_card,completed
1002878,8,104,2026-01-21 12:06:50,takeout,,debit_card,completed
1002879,18,2216,2026-01-21 12:07:30,drive_thru,,credit_card,completed
1002880,4,1896,2026-01-21 12:08:08,drive_thru,,debit_card,completed
1002881,18,432,2026-01-21 12:08:30,takeout,,apple_pay,completed
1002882,18,,2026-01-21 12:09:44,drive_thru,,credit_card,completed
1002883,12,1999,2026-01-21 12:13:54,delivery,NEWYEAR10,debit_card,completed
1002884,6,,2026-01-21 12:14:08,dine_in,,gift_card,completed
1002885,19,,2026-01-21 12:20:26,dine_in,,credit_card,completed
1002886,6,,2026-01-21 12:20:33,dine_in,,credit_card,completed
1002887,14,,2026-01-21 12:20:42,drive_thru,,credit_card,completed
1002888,12,504,2026-01-21 12:23:15,dine_in,,cash,completed
1002889,18,2120,2026-01-21 12:25:58,dine_in,,credit_card,completed
1002890,18,1717,2026-01-21 12:27:09,takeout,,debit_card,completed
1002891,13,977,2026-01-21 12:29:13,takeout,,credit_card,completed
1002892,9,335,2026-01-21 12:29:39,takeout,,cash,completed
1002893,16,,2026-01-21 12:29:48,dine_in,,credit_card,completed
1002894,18,2290,2026-01-21 12:30:05,drive_thru,,credit_card,completed
1002895,19,,2026-01-21 12:32:26,dine_in,,debit_card,completed
1002896,1,1368,2026-01-21 12:34:15,dine_in,,credit_card,completed
1002897,12,2023,2026-01-21 12:37:09,dine_in,,credit_card,completed
1002898,9,,2026-01-21 12:37:17,takeout,NEWYEAR10,apple_pay,completed
1002899,3,2353,2026-01-21 12:40:28,dine_in,,debit_card,completed
1002900,15,2129,2026-01-21 12:41:22,dine_in,,debit_card,completed
1002901,6,,2026-01-21 12:42:39,dine_in,,apple_pay,completed
1002902,2,1388,2026-01-21 12:45:39,takeout,NEWYEAR10,debit_card,completed
1002903,1,1289,2026-01-21 12:49:35,dine_in,,gift_card,completed
1002904,1,2018,2026-01-21 12:50:58,dine_in,,credit_card,completed
1002905,19,1041,2026-01-21 12:51:28,dine_in,,credit_card,completed
1002906,9,530,2026-01-21 12:52:46,takeout,,debit_card,completed
1002907,7,912,2026-01-21 12:55:59,delivery,,credit_card,completed
1002908,11,,2026-01-21 12:56:12,dine_in,,credit_card,completed
1002909,3,,2026-01-21 12:57:12,dine_in,,apple_pay,completed
1002910,18,2390,2026-01-21 13:01:03,drive_thru,,cash,completed
1002911,12,,2026-01-21 13:04:22,dine_in,,debit_card,completed
1002912,12,441,2026-01-21 13:05:28,takeout,NEWYEAR10,credit_card,completed
1002913,1,,2026-01-21 13:06:03,delivery,NEWYEAR10,gift_card,completed
1002914,15,1713,2026-01-21 13:08:49,takeout,,apple_pay,completed
1002915,10,,2026-01-21 13:14:12,delivery,NEWYEAR10,credit_card,completed
1002916,12,757,2026-01-21 13:16:09,dine_in,,apple_pay,completed
1002917,4,1278,2026-01-21 13:22:21,delivery,,credit_card,completed
1002918,2,920,2026-01-21 13:30:54,delivery,,credit_card,completed
1002919,17,,2026-01-21 13:37:09,dine_in,,credit_card,completed
1002920,18,1206,2026-01-21 13:43:30,delivery,,debit_card,completed
1002921,10,710,2026-01-21 13:45:50,dine_in,,credit_card,completed
1002922,12,,2026-01-21 13:54:56,dine_in,,apple_pay,completed
1002923,16,838,2026-01-21 14:07:40,takeout,,credit_card,completed
1002924,4,2378,2026-01-21 14:26:59,dine_in,,apple_pay,completed
1002925,11,1182,2026-01-21 14:39:24,drive_thru,,credit_card,completed
1002926,1,,2026-01-21 14:39:44,takeout,,credit_card,completed
1002927,3,659,2026-01-21 15:10:14,takeout,,cash,completed
1002928,12,,2026-01-21 15:14:28,dine_in,,debit_card,completed
1002929,6,201,2026-01-21 15:23:37,drive_thru,,credit_card,completed
1002930,17,723,2026-01-21 15:25:14,dine_in,,cash,completed
1002931,13,,2026-01-21 15:55:49,takeout,,apple_pay,completed
1002932,7,1707,2026-01-21 15:59:28,dine_in,,credit_card,completed
1002933,7,1567,2026-01-21 16:30:29,dine_in,,credit_card,cancelled
1002934,13,1072,2026-01-21 16:53:57,takeout,,cash,completed
1002935,19,1411,2026-01-21 17:15:02,delivery,,debit_card,completed
1002936,19,,2026-01-21 17:23:51,dine_in,,apple_pay,refunded
1002937,19,2024,2026-01-21 17:26:13,delivery,,credit_card,completed
1002938,17,,2026-01-21 17:33:28,dine_in,,credit_card,completed
1002939,9,2288,2026-01-21 18:00:46,dine_in,,debit_card,completed
1002940,19,2182,2026-01-21 18:21:04,takeout,,cash,completed
1002941,18,,2026-01-21 18:27:05,takeout,,credit_card,completed
1002942,11,2056,2026-01-21 18:30:50,drive_thru,,credit_card,cancelled
1002943,18,2147,2026-01-21 18:41:52,drive_thru,,credit_card,cancelled
1002944,13,2065,2026-01-21 18:42:23,dine_in,,credit_card,completed
1002945,12,38,2026-01-21 18:45:34,dine_in,,cash,completed
1002946,14,,2026-01-21 18:45:46,takeout,,credit_card,completed
1002947,1,2132,2026-01-21 18:47:17,dine_in,,credit_card,completed
1002948,6,2179,2026-01-21 18:47:54,drive_thru,,apple_pay,completed
1002949,13,94,2026-01-21 18:48:30,takeout,,credit_card,completed
1002950,8,2231,2026-01-21 18:49:59,takeout,NEWYEAR10,cash,completed
1002951,8,1404,2026-01-21 18:50:00,delivery,,credit_card,completed
1002952,10,1454,2026-01-21 18:50:35,delivery,,credit_card,completed
1002953,8,1026,2026-01-21 18:51:00,takeout,,credit_card,completed
1002954,6,,2026-01-21 18:53:11,drive_thru,NEWYEAR10,debit_card,completed
1002955,1,1600,2026-01-21 18:54:46,takeout,,gift_card,completed
1002956,12,1234,2026-01-21 19:00:04,dine_in,NEWYEAR10,credit_card,completed
1002957,11,959,2026-01-21 19:00:21,dine_in,,cash,completed
1002958,19,1063,2026-01-21 19:03:09,delivery,,credit_card,completed
1002959,4,,2026-01-21 19:05:15,dine_in,,apple_pay,completed
1002960,16,,2026-01-21 19:08:09,takeout,,credit_card,completed
1002961,7,,2026-01-21 19:08:17,dine_in,,debit_card,completed
1002962,7,773,2026-01-21 19:09:28,takeout,,credit_card,completed
1002963,16,1331,2026-01-21 19:14:55,dine_in,,debit_card,cancelled
1002964,3,2164,2026-01-21 19:15:18,delivery,,debit_card,completed
1002965,9,,2026-01-21 19:15:38,takeout,,gift_card,completed
1002966,19,,2026-01-21 19:17:25,drive_thru,,cash,completed
1002967,12,,2026-01-21 19:18:14,takeout,,debit_card,completed
1002968,17,1221,2026-01-21 19:18:24,dine_in,,debit_card,completed
1002969,19,123,2026-01-21 19:26:30,takeout,,credit_card,completed
1002970,19,,2026-01-21 19:28:03,dine_in,,cash,completed
1002971,8,640,2026-01-21 19:35:21,dine_in,,credit_card,completed
1002972,5,,2026-01-21 19:40:05,dine_in,,cash,completed
1002973,1,1998,2026-01-21 19:42:59,dine_in,,debit_card,completed
1002974,8,,2026-01-21 19:43:25,dine_in,,cash,completed
1002975,3,1634,2026-01-21 20:05:23,takeout,,apple_pay,completed
1002976,9,,2026-01-21 20:06:48,takeout,,credit_card,completed
1002977,5,,2026-01-21 20:17:47,delivery,,debit_card,completed
1002978,17,,2026-01-21 20:23:39,dine_in,,credit_card,cancelled
1002979,4,2308,2026-01-21 20:25:53,dine_in,,debit_card,completed
1002980,11,128,2026-01-21 20:33:18,dine_in,NEWYEAR10,cash,completed
1002981,7,,2026-01-21 20:39:44,takeout,,credit_card,completed
1002982,3,490,2026-01-21 20:56:50,takeout,,debit_card,completed
1002983,10,,2026-01-21 20:57:59,drive_thru,,apple_pay,completed
1002984,2,,2026-01-21 21:35:12,takeout,,credit_card,cancelled
1002985,17,,2026-01-21 21:38:09,dine_in,,debit_card,completed
1002986,7,,2026-01-21 21:45:33,delivery,,debit_card,completed
1002987,8,2240,2026-01-22 10:33:36,dine_in,,credit_card,completed
1002988,9,87,2026-01-22 10:51:22,dine_in,,gift_card,completed
1002989,8,379,2026-01-22 11:04:13,takeout,NEWYEAR10,debit_card,completed
1002990,15,,2026-01-22 11:15:59,dine_in,,credit_card,refunded
1002991,16,,2026-01-22 11:16:15,dine_in,,cash,completed
1002992,17,,2026-01-22 11:17:42,dine_in,,gift_card,completed
1002993,5,,2026-01-22 11:23:03,drive_thru,,credit_card,completed
1002994,1,1998,2026-01-22 11:25:46,takeout,NEWYEAR10,debit_card,completed
1002995,13,1072,2026-01-22 11:28:12,dine_in,,debit_card,completed
1002996,6,2274,2026-01-22 11:30:56,delivery,,debit_card,completed
1002997,19,966,2026-01-22 11:31:16,takeout,,apple_pay,completed
1002998,7,995,2026-01-22 11:34:32,dine_in,,credit_card,completed
1002999,17,826,2026-01-22 11:36:49,takeout,,apple_pay,completed
1003000,16,,2026-01-22 11:39:11,dine_in,,debit_card,completed
1003001,13,472,2026-01-22 11:53:44,dine_in,,debit_card,completed
1003002,1,,2026-01-22 11:54:58,delivery,,apple_pay,completed
1003003,11,670,2026-01-22 11:55:31,drive_thru,NEWYEAR10,apple_pay,completed
1003004,19,1352,2026-01-22 11:55:36,drive_thru,,debit_card,completed
1003005,17,,2026-01-22 11:57:41,dine_in,,apple_pay,completed
1003006,16,,2026-01-22 11:58:01,takeout,,apple_pay,completed
1003007,10,1402,2026-01-22 11:58:19,dine_in,NEWYEAR10,debit_card,completed
1003008,7,,2026-01-22 11:59:12,delivery,,credit_card,completed
1003009,18,,2026-01-22 12:01:20,delivery,,credit_card,completed
1003010,8,1253,2026-01-22 12:01:46,dine_in,,debit_card,completed
1003011,14,374,2026-01-22 12:02:50,drive_thru,,credit_card,completed
1003012,3,,2026-01-22 12:03:12,dine_in,NEWYEAR10,credit_card,completed
1003013,6,,2026-01-22 12:03:17,takeout,NEWYEAR10,debit_card,completed
1003014,15,,2026-01-22 12:08:15,drive_thru,,debit_card,completed
1003015,19,1399,2026-01-22 12:10:53,drive_thru,,credit_card,completed
1003016,5,468,2026-01-22 12:11:12,dine_in,,credit_card,completed
1003017,6,,2026-01-22 12:12:33,dine_in,,credit_card,completed
1003018,8,104,2026-01-22 12:12:56,dine_in,,cash,completed
1003019,13,,2026-01-22 12:12:59,,,gift_card,completed
1003020,8,457,2026-01-22 12:19:38,dine_in,,apple_pay,completed
1003021,19,80,2026-01-22 12:20:20,drive_thru,,credit_card,completed
1003022,16,1519,2026-01-22 12:21:58,dine_in,,credit_card,completed
1003023,18,1130,2026-01-22 12:25:31,,,cash,completed
1003024,14,,2026-01-22 12:25:48,delivery,,credit_card,completed
1003025,3,1791,2026-01-22 12:28:10,dine_in,,debit_card,completed
1003026,10,125,2026-01-22 12:28:49,drive_thru,,credit_card,completed
1003027,12,678,2026-01-22 12:29:59,dine_in,,credit_card,refunded
1003028,3,,2026-01-22 12:30:21,takeout,,credit_card,completed
1003029,16,60,2026-01-22 12:32:25,takeout,NEWYEAR10,apple_pay,completed
1003030,12,316,2026-01-22 12:33:07,takeout,,credit_card,completed
1003031,1,1303,2026-01-22 12:35:02,dine_in,,credit_card,refunded
1003032,17,,2026-01-22 12:35:11,delivery,,apple_pay,completed
1003033,6,455,01/22/2026 12:37,dine_in,,credit_card,completed
1003034,4,,2026-01-22 12:37:47,dine_in,,credit_card,completed
1003035,10,,2026-01-22 12:38:00,drive_thru,,debit_card,completed
1003036,19,,2026-01-22 12:38:24,dine_in,,debit_card,completed
1003037,8,,2026-01-22 12:38:36,delivery,,debit_card,completed
1003038,7,1767,2026-01-22 12:40:09,delivery,,credit_card,completed
1003039,6,151,2026-01-22 12:40:39,drive_thru,,credit_card,completed
1003040,6,1776,2026-01-22 12:40:47,takeout,,cash,completed
1003041,3,868,2026-01-22 12:41:29,dine_in,,debit_card,completed
1003042,13,138,2026-01-22 12:43:21,delivery,,credit_card,completed
1003043,14,,2026-01-22 12:43:56,takeout,,debit_card,completed
1003044,10,,2026-01-22 12:47:40,takeout,,credit_card,completed
1003045,15,1283,2026-01-22 12:48:02,dine_in,,cash,completed
1003046,3,1927,2026-01-22 12:49:19,dine_in,,credit_card,completed
1003047,1,,2026-01-22 12:50:38,dine_in,NEWYEAR10,credit_card,completed
1003048,5,1794,2026-01-22 12:52:29,dine_in,,apple_pay,completed
1003049,14,2323,2026-01-22 12:53:35,takeout,,debit_card,completed
1003050,17,,2026-01-22 12:53:50,takeout,,debit_card,completed
1003051,1,703,2026-01-22 12:55:02,dine_in,NEWYEAR10,cash,completed
1003052,3,1634,2026-01-22 12:55:56,delivery,,credit_card,completed
1003053,16,2382,2026-01-22 12:56:47,takeout,,apple_pay,completed
1003054,16,2083,2026-01-22 12:57:32,takeout,,debit_card,cancelled
1003055,11,,2026-01-22 12:58:16,delivery,,credit_card,completed
1003056,13,539,2026-01-22 13:02:50,takeout,,cash,completed
1003057,12,1187,2026-01-22 13:03:19,delivery,,credit_card,completed
1003058,11,1182,2026-01-22 13:06:41,dine_in,,credit_card,completed
1003059,16,,2026-01-22 13:09:50,takeout,,credit_card,completed
1003060,10,701,2026-01-22 13:11:22,drive_thru,,credit_card,completed
1003061,7,1507,2026-01-22 13:13:46,dine_in,NEWYEAR10,debit_card,completed
1003062,6,,2026-01-22 13:15:03,delivery,,credit_card,cancelled
1003063,4,,2026-01-22 13:16:26,dine_in,,debit_card,completed
1003064,12,,2026-01-22 13:16:42,delivery,,apple_pay,completed
1003065,7,,2026-01-22 13:17:33,delivery,,debit_card,completed
1003066,13,2260,2026-01-22 13:19:03,takeout,,debit_card,completed
1003067,16,1519,2026-01-22 13:22:39,delivery,,apple_pay,completed
1003068,6,93,2026-01-22 13:28:51,,,apple_pay,completed
1003069,17,723,2026-01-22 13:32:06,delivery,,credit_card,completed
1003070,6,1924,2026-01-22 13:37:43,drive_thru,,debit_card,completed
1003071,13,2260,2026-01-22 13:42:46,delivery,,credit_card,completed
1003072,6,1632,2026-01-22 13:46:01,drive_thru,,debit_card,completed
1003073,17,492,2026-01-22 13:46:51,takeout,,cash,completed
1003074,7,2286,2026-01-22 14:04:17,dine_in,,cash,completed
1003075,9,1760,2026-01-22 15:42:03,drive_thru,,gift_card,completed
1003076,6,634,2026-01-22 17:17:35,drive_thru,,apple_pay,completed
1003077,11,1676,2026-01-22 17:24:10,drive_thru,,apple_pay,completed
1003078,11,2436,2026-01-22 17:29:00,delivery,,credit_card,completed
1003079,1,1499,2026-01-22 17:30:16,takeout,NEWYEAR10,debit_card,refunded
1003080,10,1470,2026-01-22 17:36:51,drive_thru,,apple_pay,completed
1003081,5,1839,2026-01-22 17:40:03,dine_in,,cash,completed
1003082,18,1319,2026-01-22 17:41:02,delivery,,credit_card,completed
1003083,14,2406,2026-01-22 17:49:12,takeout,,apple_pay,completed
1003084,11,,2026-01-22 18:12:36,drive_thru,,cash,refunded
1003085,17,2120,2026-01-22 18:15:16,dine_in,,apple_pay,completed
1003086,17,1540,2026-01-22 18:15:31,dine_in,,credit_card,completed
1003087,15,1751,2026-01-22 18:17:19,dine_in,,gift_card,completed
1003088,11,15,2026-01-22 18:19:25,dine_in,NEWYEAR10,credit_card,completed
1003089,13,1022,2026-01-22 18:25:59,dine_in,,gift_card,completed
1003090,7,660,2026-01-22 18:26:13,dine_in,,credit_card,completed
1003091,13,401,2026-01-22 18:32:00,dine_in,,apple_pay,completed
1003092,12,1072,2026-01-22 18:33:08,takeout,,debit_card,completed
1003093,8,1015,2026-01-22 18:33:31,dine_in,,credit_card,completed
1003094,3,1989,2026-01-22 18:36:50,dine_in,,credit_card,completed
1003095,3,,2026-01-22 18:36:57,takeout,,debit_card,completed
1003096,3,,2026-01-22 18:42:29,delivery,,apple_pay,completed
1003097,13,473,2026-01-22 18:42:53,dine_in,,debit_card,completed
1003098,2,2044,2026-01-22 18:43:42,dine_in,,credit_card,completed
1003099,1,1362,2026-01-22 18:43:57,takeout,,credit_card,completed
1003100,13,1170,2026-01-22 18:45:42,dine_in,,apple_pay,completed
1003101,11,676,2026-01-22 18:52:18,delivery,,credit_card,completed
1003102,3,1491,2026-01-22 18:55:29,delivery,,debit_card,completed
1003103,3,953,2026-01-22 18:57:13,dine_in,,credit_card,completed
1003104,8,2303,2026-01-22 19:00:35,takeout,,credit_card,completed
1003105,4,662,2026-01-22 19:02:04,takeout,,credit_card,completed
1003106,8,1607,2026-01-22 19:02:42,takeout,,cash,completed
1003107,1,630,2026-01-22 19:05:01,dine_in,,apple_pay,completed
1003108,19,1266,01/22/2026 19:07,dine_in,,apple_pay,completed
1003109,14,2264,2026-01-22 19:08:19,delivery,,credit_card,completed
1003110,9,1338,2026-01-22 19:09:15,delivery,NEWYEAR10,credit_card,completed
1003111,14,,2026-01-22 19:09:40,dine_in,,cash,completed
1003112,1,1874,2026-01-22 19:12:32,delivery,,debit_card,completed
1003113,19,2199,2026-01-22 19:13:55,drive_thru,,credit_card,completed
1003114,4,533,2026-01-22 19:21:36,dine_in,,debit_card,completed
1003115,12,2085,2026-01-22 19:21:42,delivery,NEWYEAR10,credit_card,completed
1003116,14,584,2026-01-22 19:25:23,delivery,,credit_card,completed
1003117,2,2044,2026-01-22 19:26:32,takeout,,credit_card,completed
1003118,17,,2026-01-22 19:27:32,dine_in,,credit_card,completed
1003119,9,526,2026-01-22 19:28:21,drive_thru,,credit_card,completed
1003120,12,816,2026-01-22 19:31:18,dine_in,,debit_card,completed
1003121,6,1226,01/22/2026 19:33,drive_thru,,cash,completed
1003122,3,897,2026-01-22 19:41:57,delivery,NEWYEAR10,credit_card,completed
1003123,7,2230,2026-01-22 19:48:14,dine_in,,credit_card,completed
1003124,7,,2026-01-22 19:49:00,dine_in,,debit_card,completed
1003125,8,1327,2026-01-22 19:49:57,takeout,,debit_card,completed
1003126,7,,2026-01-22 19:56:31,dine_in,,credit_card,completed
1003127,7,,2026-01-22 19:57:38,,,debit_card,completed
1003128,16,1603,2026-01-22 20:01:36,dine_in,,credit_card,completed
1003129,19,1265,2026-01-22 20:02:31,dine_in,,apple_pay,completed
1003130,8,1866,2026-01-22 20:02:54,dine_in,,credit_card,completed
1003131,3,474,2026-01-22 20:06:34,takeout,NEWYEAR10,credit_card,completed
1003132,1,,2026-01-22 20:15:03,delivery,,credit_card,completed
1003133,17,1678,2026-01-22 20:23:39,dine_in,,gift_card,completed
1003134,12,1308,2026-01-22 20:25:22,dine_in,,credit_card,completed
1003135,9,1685,2026-01-22 20:27:17,dine_in,,apple_pay,completed
1003136,3,1848,2026-01-22 20:27:48,takeout,,debit_card,completed
1003137,4,,2026-01-22 20:34:44,drive_thru,,apple_pay,completed
1003138,7,495,2026-01-22 20:45:29,delivery,,apple_pay,completed
1003139,6,1857,2026-01-23 10:45:40,dine_in,,debit_card,completed
1003140,1,2011,2026-01-23 10:50:45,dine_in,,cash,completed
1003141,15,1068,2026-01-23 11:09:23,dine_in,,credit_card,completed
1003142,1,1600,2026-01-23 11:10:10,takeout,,debit_card,completed
1003143,17,25,2026-01-23 11:11:10,dine_in,NEWYEAR10,credit_card,completed
1003144,3,651,2026-01-23 11:18:40,dine_in,,credit_card,completed
1003145,14,1657,2026-01-23 11:26:35,takeout,,credit_card,completed
1003146,19,,2026-01-23 11:26:56,dine_in,,credit_card,completed
1003147,3,,2026-01-23 11:32:37,takeout,,cash,completed
1003148,1,168,2026-01-23 11:41:49,dine_in,,credit_card,completed
1003149,5,1556,2026-01-23 11:41:59,drive_thru,,credit_card,completed
1003150,10,2348,2026-01-23 11:42:32,dine_in,,apple_pay,completed
1003151,5,,2026-01-23 11:47:26,delivery,,apple_pay,completed
1003152,17,1084,2026-01-23 11:48:31,takeout,,credit_card,completed
1003153,16,33,01/23/2026 11:49,delivery,,credit_card,completed
1003154,12,,2026-01-23 11:52:36,takeout,,debit_card,completed
1003155,1,2110,2026-01-23 11:54:00,dine_in,,credit_card,completed
1003156,6,1090,2026-01-23 11:55:54,takeout,,cash,completed
1003157,2,,2026-01-23 12:00:12,delivery,,apple_pay,completed
1003158,6,,2026-01-23 12:01:04,dine_in,,debit_card,completed
1003159,8,,2026-01-23 12:01:56,dine_in,,credit_card,completed
1003160,6,1334,2026-01-23 12:02:01,takeout,,credit_card,completed
1003161,6,,2026-01-23 12:03:01,drive_thru,,apple_pay,completed
1003162,19,,2026-01-23 12:05:38,dine_in,,debit_card,completed
1003163,2,2044,2026-01-23 12:06:12,,,debit_card,completed
1003164,6,,2026-01-23 12:06:59,takeout,,credit_card,completed
1003165,7,2223,2026-01-23 12:06:59,dine_in,,debit_card,completed
1003166,7,,2026-01-23 12:07:16,dine_in,,debit_card,completed
1003167,6,429,2026-01-23 12:10:32,delivery,,credit_card,completed
1003168,2,1408,2026-01-23 12:10:50,takeout,,debit_card,completed
1003169,1,703,2026-01-23 12:12:15,dine_in,,apple_pay,completed
1003170,4,1241,2026-01-23 12:13:49,drive_thru,,credit_card,completed
1003171,4,,01/23/2026 12:14,takeout,NEWYEAR10,apple_pay,completed
1003172,3,,2026-01-23 12:14:58,takeout,,debit_card,completed
1003173,17,,2026-01-23 12:16:16,takeout,,apple_pay,completed
1003174,8,104,2026-01-23 12:18:17,dine_in,,debit_card,completed
1003175,1,,2026-01-23 12:18:59,dine_in,,apple_pay,completed
1003176,18,684,2026-01-23 12:21:45,takeout,,cash,completed
1003177,6,749,2026-01-23 12:22:21,dine_in,,debit_card,completed
1003178,3,1491,2026-01-23 12:23:34,dine_in,NEWYEAR10,credit_card,cancelled
1003179,18,,2026-01-23 12:24:16,drive_thru,,credit_card,cancelled
1003180,11,,2026-01-23 12:25:37,takeout,NEWYEAR10,debit_card,completed
1003181,6,247,2026-01-23 12:25:44,,,apple_pay,cancelled
1003182,19,,2026-01-23 12:25:49,drive_thru,,cash,cancelled
1003183,7,1158,2026-01-23 12:27:43,delivery,,credit_card,completed
1003184,19,1244,2026-01-23 12:29:07,delivery,,apple_pay,completed
1003185,3,343,2026-01-23 12:33:37,takeout,,apple_pay,completed
1003186,10,2395,2026-01-23 12:34:52,dine_in,NEWYEAR10,debit_card,cancelled
1003187,18,,2026-01-23 12:35:37,takeout,,credit_card,cancelled
1003188,6,1530,2026-01-23 12:35:44,dine_in,,apple_pay,completed
1003189,13,1897,2026-01-23 12:35:50,takeout,,apple_pay,completed
1003190,3,,2026-01-23 12:36:16,dine_in,,apple_pay,completed
1003191,6,1690,2026-01-23 12:37:12,dine_in,,apple_pay,completed
1003192,4,882,2026-01-23 12:37:25,dine_in,,debit_card,completed
1003193,17,60,2026-01-23 12:40:33,takeout,,cash,completed
1003194,11,1196,2026-01-23 12:41:10,dine_in,,debit_card,completed
1003195,13,,2026-01-23 12:42:08,takeout,,credit_card,completed
1003196,1,2368,2026-01-23 12:44:41,delivery,,apple_pay,completed
1003197,6,,2026-01-23 12:44:49,dine_in,,cash,completed
1003198,9,,2026-01-23 12:45:37,drive_thru,,debit_card,completed
1003199,14,1768,2026-01-23 12:45:45,drive_thru,,cash,completed
1003200,7,495,2026-01-23 12:47:01,dine_in,,credit_card,completed
1003201,14,,2026-01-23 12:47:20,dine_in,,debit_card,completed
1003202,4,1955,2026-01-23 12:47:45,dine_in,,credit_card,completed
1003203,9,,2026-01-23 12:47:57,delivery,,debit_card,cancelled
1003204,6,,2026-01-23 12:48:46,drive_thru,,apple_pay,completed
1003205,4,,2026-01-23 12:49:34,dine_in,NEWYEAR10,cash,completed
1003206,14,584,2026-01-23 12:53:08,drive_thru,,debit_card,completed
1003207,18,,2026-01-23 12:53:33,delivery,,credit_card,completed
1003208,15,,2026-01-23 12:53:43,dine_in,,credit_card,completed
1003209,11,,2026-01-23 12:54:37,drive_thru,,credit_card,completed
1003210,7,572,2026-01-23 12:55:54,takeout,,cash,completed
1003211,4,,2026-01-23 12:57:14,delivery,,credit_card,completed
1003212,3,868,2026-01-23 12:57:26,dine_in,,apple_pay,completed
1003213,1,,2026-01-23 13:01:17,dine_in,,apple_pay,completed
1003214,19,856,2026-01-23 13:03:18,takeout,,credit_card,completed
1003215,14,,2026-01-23 13:05:58,dine_in,,credit_card,completed
1003216,10,,2026-01-23 13:06:58,drive_thru,,cash,completed
1003217,9,1271,2026-01-23 13:07:21,drive_thru,,cash,completed
1003218,14,828,2026-01-23 13:09:25,dine_in,,gift_card,completed
1003219,14,646,2026-01-23 13:14:34,dine_in,,credit_card,completed
1003220,16,341,2026-01-23 13:17:11,delivery,,credit_card,completed
1003221,9,,2026-01-23 13:18:32,dine_in,,credit_card,completed
1003222,2,89,2026-01-23 13:18:52,dine_in,,credit_card,completed
1003223,14,82,2026-01-23 13:19:23,delivery,NEWYEAR10,credit_card,completed
1003224,19,987,2026-01-23 13:19:50,drive_thru,,credit_card,completed
1003225,11,476,2026-01-23 13:24:14,dine_in,,debit_card,completed
1003226,14,313,2026-01-23 13:27:35,delivery,,credit_card,completed
1003227,9,,2026-01-23 13:28:48,dine_in,,apple_pay,completed
1003228,19,,2026-01-23 13:41:38,takeout,,credit_card,completed
1003229,17,1147,2026-01-23 13:52:51,delivery,,apple_pay,completed
1003230,15,72,2026-01-23 13:52:57,drive_thru,,apple_pay,completed
1003231,14,1614,2026-01-23 13:54:37,drive_thru,,credit_card,completed
1003232,12,,2026-01-23 13:54:55,dine_in,,cash,completed
1003233,8,,2026-01-23 13:56:20,takeout,NEWYEAR10,cash,completed
1003234,3,795,2026-01-23 14:24:55,,,cash,completed
1003235,13,,2026-01-23 14:25:18,delivery,,credit_card,completed
1003236,19,1581,2026-01-23 14:34:55,takeout,,debit_card,completed
1003237,3,2333,2026-01-23 15:02:46,dine_in,NEWYEAR10,gift_card,completed
1003238,7,349,2026-01-23 15:17:54,delivery,,debit_card,completed
1003239,8,,2026-01-23 15:51:58,takeout,,credit_card,completed
1003240,15,,01/23/2026 15:56,dine_in,,debit_card,refunded
1003241,10,,2026-01-23 16:06:57,drive_thru,,gift_card,cancelled
1003242,4,1385,2026-01-23 16:18:47,takeout,,apple_pay,completed
1003243,18,826,2026-01-23 16:21:49,,,credit_card,refunded
1003244,5,1794,2026-01-23 16:38:58,takeout,,cash,completed
1003245,19,1143,2026-01-23 17:12:06,dine_in,,apple_pay,cancelled
1003246,4,2399,2026-01-23 17:24:04,dine_in,,debit_card,completed
1003247,17,,2026-01-23 17:27:31,takeout,,credit_card,completed
1003248,4,1278,2026-01-23 17:31:48,delivery,,credit_card,completed
1003249,7,464,2026-01-23 17:33:31,dine_in,,cash,completed
1003250,1,1909,2026-01-23 17:33:45,delivery,,debit_card,completed
1003251,8,2348,2026-01-23 17:49:03,dine_in,,apple_pay,completed
1003252,8,640,2026-01-23 17:56:02,dine_in,,debit_card,completed
1003253,17,834,2026-01-23 17:56:30,dine_in,,credit_card,completed
1003254,8,513,2026-01-23 17:58:01,delivery,,debit_card,completed
1003255,8,,2026-01-23 17:58:47,takeout,,debit_card,completed
1003256,4,2378,2026-01-23 18:05:17,takeout,,cash,completed
1003257,16,2434,2026-01-23 18:07:40,,,apple_pay,completed
1003258,1,130,2026-01-23 18:07:51,,,credit_card,completed
1003259,15,,2026-01-23 18:09:14,delivery,,credit_card,completed
1003260,6,,2026-01-23 18:11:05,takeout,,apple_pay,completed
1003261,17,,2026-01-23 18:15:15,takeout,NEWYEAR10,credit_card,completed
1003262,8,1670,2026-01-23 18:15:44,dine_in,,credit_card,completed
1003263,15,,2026-01-23 18:17:11,dine_in,,credit_card,completed
1003264,11,,2026-01-23 18:19:39,delivery,,credit_card,completed
1003265,12,1463,2026-01-23 18:23:27,delivery,,credit_card,completed
1003266,12,860,2026-01-23 18:25:37,dine_in,,credit_card,completed
1003267,13,2251,2026-01-23 18:25:49,takeout,NEWYEAR10,credit_card,completed
1003268,11,128,2026-01-23 18:28:21,delivery,,debit_card,completed
1003269,10,,2026-01-23 18:28:53,dine_in,,cash,completed
1003270,9,52,2026-01-23 18:29:03,drive_thru,,credit_card,completed
1003271,3,,2026-01-23 18:30:15,takeout,,apple_pay,completed
1003272,9,2261,2026-01-23 18:30:43,drive_thru,,credit_card,completed
1003273,13,,2026-01-23 18:32:43,delivery,,credit_card,completed
1003274,8,667,2026-01-23 18:33:48,dine_in,,credit_card,completed
1003275,10,,2026-01-23 18:37:34,takeout,,credit_card,completed
1003276,8,2393,2026-01-23 18:42:19,dine_in,,credit_card,completed
1003277,3,,2026-01-23 18:42:21,takeout,,debit_card,completed
1003278,12,43,2026-01-23 18:42:29,dine_in,,credit_card,completed
1003279,14,1915,2026-01-23 18:43:12,takeout,,credit_card,completed
1003280,17,612,2026-01-23 18:44:55,dine_in,,apple_pay,completed
1003281,17,2313,2026-01-23 18:46:57,takeout,,credit_card,completed
1003282,10,2150,2026-01-23 18:47:22,drive_thru,,debit_card,completed
1003283,10,1810,2026-01-23 18:51:38,drive_thru,,apple_pay,completed
1003284,5,1417,2026-01-23 18:53:37,takeout,,debit_card,completed
1003285,14,,2026-01-23 18:54:13,drive_thru,,credit_card,completed
1003286,12,,2026-01-23 18:56:22,dine_in,,apple_pay,completed
1003287,10,118,2026-01-23 18:56:26,dine_in,,apple_pay,completed
1003288,9,667,2026-01-23 18:57:22,delivery,,credit_card,completed
1003289,1,721,2026-01-23 18:58:22,dine_in,,credit_card,completed
1003290,19,1394,2026-01-23 19:01:42,drive_thru,,cash,completed
1003291,3,315,2026-01-23 19:02:26,dine_in,,debit_card,completed
1003292,18,,2026-01-23 19:03:01,dine_in,,credit_card,completed
1003293,13,306,2026-01-23 19:04:17,dine_in,,credit_card,completed
1003294,3,2356,2026-01-23 19:04:53,,,debit_card,completed
1003295,3,2457,2026-01-23 19:07:23,dine_in,,credit_card,completed
1003296,7,768,2026-01-23 19:08:39,dine_in,,credit_card,completed
1003297,7,107,2026-01-23 19:09:49,dine_in,,cash,completed
1003298,18,,2026-01-23 19:10:55,dine_in,,credit_card,completed
1003299,1,775,2026-01-23 19:11:52,delivery,,credit_card,completed
1003300,15,,2026-01-23 19:12:47,delivery,,credit_card,cancelled
1003301,1,,2026-01-23 19:14:05,dine_in,,credit_card,completed
1003302,14,,2026-01-23 19:16:18,drive_thru,,apple_pay,completed
1003303,16,2336,2026-01-23 19:17:15,dine_in,,credit_card,completed
1003304,5,1648,2026-01-23 19:25:44,delivery,NEWYEAR10,credit_card,completed
1003305,1,1998,2026-01-23 19:28:35,dine_in,,apple_pay,completed
1003306,4,31,2026-01-23 19:30:23,drive_thru,,credit_card,completed
1003307,10,42,01/23/2026 19:30,dine_in,,debit_card,cancelled
1003308,19,1958,2026-01-23 19:33:43,dine_in,,debit_card,refunded
1003309,6,1851,2026-01-23 19:39:18,drive_thru,,apple_pay,completed
1003310,10,2461,2026-01-23 19:53:08,dine_in,,credit_card,completed
1003311,14,,2026-01-23 19:58:02,drive_thru,,apple_pay,completed
1003312,1,395,2026-01-23 20:05:29,delivery,,credit_card,completed
1003313,16,,2026-01-23 20:08:29,dine_in,,credit_card,refunded
1003314,14,855,2026-01-23 20:11:22,drive_thru,,debit_card,completed
1003315,7,,2026-01-23 20:14:37,dine_in,,cash,completed
1003316,11,2476,01/23/2026 20:14,drive_thru,,credit_card,completed
1003317,14,,01/23/2026 20:25,dine_in,,debit_card,completed
1003318,2,,2026-01-23 20:33:59,dine_in,,apple_pay,completed
1003319,11,,2026-01-23 20:41:09,dine_in,,debit_card,completed
1003320,1,2368,2026-01-23 20:43:24,takeout,,credit_card,completed
1003321,7,709,2026-01-23 20:53:35,dine_in,,credit_card,cancelled
1003322,3,,2026-01-23 21:11:23,dine_in,,debit_card,completed
1003323,18,482,2026-01-23 21:51:53,drive_thru,,credit_card,completed
1003324,16,2479,2026-01-23 21:56:14,dine_in,,credit_card,completed
1003325,13,2345,2026-01-24 10:36:50,dine_in,,apple_pay,cancelled
1003326,7,,2026-01-24 10:42:44,takeout,,cash,completed
1003327,13,582,2026-01-24 11:03:57,dine_in,,credit_card,completed
1003328,5,1619,2026-01-24 11:06:59,dine_in,,cash,completed
1003329,13,1727,2026-01-24 11:13:48,dine_in,NEWYEAR10,cash,completed
1003330,16,,2026-01-24 11:19:50,dine_in,,debit_card,completed
1003331,18,,2026-01-24 11:21:53,takeout,,credit_card,completed
1003332,11,1568,2026-01-24 11:25:39,drive_thru,,cash,completed
1003333,12,,2026-01-24 11:30:02,delivery,,credit_card,completed
1003334,14,,2026-01-24 11:31:17,takeout,,debit_card,completed
1003335,17,,2026-01-24 11:34:09,delivery,NEWYEAR10,credit_card,completed
1003336,3,,2026-01-24 11:37:23,delivery,,gift_card,completed
1003337,4,,2026-01-24 11:41:54,dine_in,,apple_pay,completed
1003338,11,1135,2026-01-24 11:42:44,dine_in,,cash,completed
1003339,12,1828,2026-01-24 11:44:32,dine_in,,cash,completed
1003340,9,1188,2026-01-24 11:45:56,dine_in,,credit_card,completed
1003341,6,,2026-01-24 11:49:14,drive_thru,,credit_card,completed
1003342,5,1585,2026-01-24 11:50:55,drive_thru,NEWYEAR10,credit_card,completed
1003343,19,571,2026-01-24 11:52:56,drive_thru,,credit_card,completed
1003344,13,1493,2026-01-24 11:54:38,dine_in,,cash,completed
1003345,10,,2026-01-24 11:57:37,drive_thru,,gift_card,completed
1003346,15,2081,2026-01-24 11:58:13,takeout,,debit_card,completed
1003347,1,535,2026-01-24 11:58:36,dine_in,,debit_card,completed
1003348,1,429,2026-01-24 11:59:07,takeout,,credit_card,completed
1003349,14,511,2026-01-24 11:59:59,delivery,,credit_card,completed
1003350,15,1028,2026-01-24 12:01:18,dine_in,,debit_card,completed
1003351,15,1674,2026-01-24 12:01:54,delivery,,apple_pay,completed
1003352,12,,2026-01-24 12:02:29,dine_in,,credit_card,completed
1003353,11,,2026-01-24 12:02:53,dine_in,,apple_pay,completed
1003354,11,1719,2026-01-24 12:03:11,drive_thru,,debit_card,completed
1003355,3,2197,2026-01-24 12:03:22,dine_in,,apple_pay,completed
1003356,3,315,2026-01-24 12:06:24,dine_in,,credit_card,completed
1003357,8,,2026-01-24 12:06:36,takeout,,credit_card,completed
1003358,1,2132,2026-01-24 12:06:38,takeout,,debit_card,completed
1003359,6,180,2026-01-24 12:06:49,drive_thru,,cash,completed
1003360,1,,2026-01-24 12:07:12,dine_in,NEWYEAR10,debit_card,completed
1003361,17,,2026-01-24 12:07:43,delivery,,credit_card,completed
1003362,9,2192,2026-01-24 12:07:55,dine_in,,cash,completed
1003363,10,1808,2026-01-24 12:10:13,takeout,,credit_card,completed
1003364,18,694,2026-01-24 12:11:11,takeout,,apple_pay,completed
1003365,11,900,2026-01-24 12:11:53,takeout,,credit_card,completed
1003366,13,1845,2026-01-24 12:14:22,dine_in,,credit_card,completed
1003367,1,2018,2026-01-24 12:14:26,takeout,,credit_card,completed
1003368,14,1449,2026-01-24 12:14:56,delivery,,credit_card,completed
1003369,14,1161,2026-01-24 12:16:43,dine_in,NEWYEAR10,credit_card,completed
1003370,4,,2026-01-24 12:22:04,delivery,,credit_card,completed
1003371,12,816,2026-01-24 12:22:48,dine_in,,credit_card,completed
1003372,5,,2026-01-24 12:23:55,dine_in,,cash,completed
1003373,1,2276,2026-01-24 12:24:45,delivery,,apple_pay,completed
1003374,17,2120,2026-01-24 12:26:03,dine_in,,apple_pay,completed
1003375,8,,2026-01-24 12:26:17,dine_in,,debit_card,completed
1003376,4,1578,2026-01-24 12:26:41,drive_thru,,cash,completed
1003377,13,886,2026-01-24 12:27:45,dine_in,,credit_card,completed
1003378,4,2458,2026-01-24 12:28:12,drive_thru,,apple_pay,completed
1003379,12,2135,2026-01-24 12:28:24,delivery,,apple_pay,refunded
1003380,4,,2026-01-24 12:30:59,dine_in,,cash,completed
1003381,12,,2026-01-24 12:31:13,takeout,,debit_card,completed
1003382,19,2017,2026-01-24 12:32:35,drive_thru,,apple_pay,completed
1003383,11,2092,2026-01-24 12:37:21,delivery,,credit_card,completed
1003384,2,,2026-01-24 12:39:18,dine_in,,credit_card,completed
1003385,4,2018,2026-01-24 12:39:47,drive_thru,,credit_card,completed
1003386,13,,2026-01-24 12:40:17,takeout,,credit_card,completed
1003387,14,844,2026-01-24 12:40:54,drive_thru,,credit_card,completed
1003388,13,306,2026-01-24 12:44:07,takeout,,apple_pay,completed
1003389,10,1402,2026-01-24 12:44:41,drive_thru,NEWYEAR10,cash,completed
1003390,7,,2026-01-24 12:44:48,dine_in,,debit_card,completed
1003391,4,,2026-01-24 12:45:43,takeout,,credit_card,completed
1003392,19,215,2026-01-24 12:46:34,delivery,,credit_card,completed
1003393,11,1193,2026-01-24 12:49:37,takeout,,apple_pay,completed
1003394,12,596,2026-01-24 12:51:54,takeout,,credit_card,completed
1003395,4,1527,2026-01-24 12:52:45,dine_in,,credit_card,completed
1003396,5,,2026-01-24 12:53:10,dine_in,,credit_card,completed
1003397,5,,2026-01-24 12:55:35,drive_thru,,gift_card,completed
1003398,12,1297,2026-01-24 12:56:10,dine_in,,debit_card,completed
1003399,12,,2026-01-24 12:58:25,delivery,,credit_card,completed
1003400,11,1275,2026-01-24 12:59:18,takeout,,credit_card,completed
1003401,14,2264,2026-01-24 13:01:08,takeout,,cash,completed
1003402,19,357,2026-01-24 13:01:33,takeout,,credit_card,completed
1003403,8,1262,2026-01-24 13:01:47,takeout,,credit_card,cancelled
1003404,2,1408,2026-01-24 13:01:52,takeout,,cash,completed
1003405,4,1608,2026-01-24 13:03:53,delivery,,apple_pay,completed
1003406,16,,2026-01-24 13:07:08,dine_in,,cash,completed
1003407,16,2434,2026-01-24 13:09:09,takeout,,gift_card,completed
1003408,11,1513,2026-01-24 13:09:37,delivery,,debit_card,completed
1003409,14,1793,2026-01-24 13:10:26,delivery,,credit_card,completed
1003410,7,1307,2026-01-24 13:10:31,dine_in,,cash,completed
1003411,18,936,2026-01-24 13:13:56,dine_in,,debit_card,completed
1003412,3,,2026-01-24 13:16:09,dine_in,,credit_card,completed
1003413,7,2067,2026-01-24 13:18:21,takeout,,cash,completed
1003414,3,2127,2026-01-24 13:19:40,dine_in,,credit_card,completed
1003415,14,35,2026-01-24 13:22:29,drive_thru,,credit_card,completed
1003416,14,2316,2026-01-24 13:26:17,delivery,,credit_card,completed
1003417,16,36,2026-01-24 13:26:50,takeout,,apple_pay,completed
1003418,13,,2026-01-24 13:42:24,takeout,,credit_card,completed
1003419,18,1809,2026-01-24 13:51:37,drive_thru,,debit_card,completed
1003420,8,,2026-01-24 14:41:48,takeout,,apple_pay,cancelled
1003421,19,,01/24/2026 14:43,dine_in,,debit_card,completed
1003422,3,1097,2026-01-24 14:52:01,dine_in,,debit_card,completed
1003423,8,,01/24/2026 14:52,takeout,,credit_card,completed
1003424,17,131,2026-01-24 14:55:10,dine_in,,credit_card,completed
1003425,16,,2026-01-24 15:12:14,dine_in,,apple_pay,completed
1003426,11,,2026-01-24 16:01:32,delivery,,debit_card,completed
1003427,12,1976,2026-01-24 16:15:14,takeout,,credit_card,completed
1003428,17,1963,2026-01-24 16:54:24,dine_in,,gift_card,completed
1003429,7,776,2026-01-24 17:06:12,dine_in,NEWYEAR10,debit_card,completed
1003430,13,,2026-01-24 17:06:46,delivery,,credit_card,completed
1003431,13,,2026-01-24 17:10:25,dine_in,,apple_pay,completed
1003432,7,2451,2026-01-24 17:12:51,dine_in,,debit_card,completed
1003433,19,1352,2026-01-24 17:15:19,drive_thru,,apple_pay,completed
1003434,18,,2026-01-24 17:33:24,drive_thru,,credit_card,cancelled
1003435,18,1051,2026-01-24 17:36:19,dine_in,,credit_card,cancelled
1003436,1,748,2026-01-24 17:37:03,takeout,,debit_card,completed
1003437,17,414,2026-01-24 17:45:51,dine_in,,debit_card,completed
1003438,7,479,2026-01-24 17:49:26,delivery,,credit_card,completed
1003439,12,38,2026-01-24 17:57:38,dine_in,,credit_card,completed
1003440,14,298,2026-01-24 18:03:49,takeout,,debit_card,completed
1003441,3,525,2026-01-24 18:08:10,delivery,,credit_card,completed
1003442,11,1320,01/24/2026 18:11,dine_in,,debit_card,completed
1003443,14,,2026-01-24 18:11:19,drive_thru,,gift_card,completed
1003444,17,1579,2026-01-24 18:16:59,takeout,,debit_card,completed
1003445,15,1161,2026-01-24 18:17:55,drive_thru,NEWYEAR10,credit_card,completed
1003446,19,357,2026-01-24 18:18:27,takeout,,gift_card,completed
1003447,8,466,2026-01-24 18:18:41,takeout,,credit_card,completed
1003448,11,812,01/24/2026 18:18,drive_thru,,gift_card,completed
1003449,6,1033,2026-01-24 18:20:42,takeout,,credit_card,cancelled
1003450,8,266,2026-01-24 18:22:59,delivery,,credit_card,completed
1003451,10,1705,2026-01-24 18:26:07,dine_in,,debit_card,completed
1003452,10,,2026-01-24 18:26:42,delivery,,credit_card,completed
1003453,14,195,2026-01-24 18:29:35,dine_in,,debit_card,completed
1003454,10,,2026-01-24 18:29:44,delivery,,apple_pay,completed
1003455,11,,2026-01-24 18:30:21,takeout,,credit_card,cancelled
1003456,1,2003,2026-01-24 18:31:25,delivery,,credit_card,completed
1003457,16,,2026-01-24 18:32:43,dine_in,,debit_card,completed
1003458,12,1432,2026-01-24 18:33:17,dine_in,,credit_card,refunded
1003459,7,549,2026-01-24 18:35:02,dine_in,,gift_card,completed
1003460,10,,2026-01-24 18:35:15,takeout,,credit_card,completed
1003461,17,620,2026-01-24 18:36:06,dine_in,,debit_card,completed
1003462,6,,2026-01-24 18:36:35,dine_in,,credit_card,completed
1003463,14,255,2026-01-24 18:37:29,delivery,,credit_card,completed
1003464,19,,2026-01-24 18:37:44,dine_in,,credit_card,completed
1003465,2,270,2026-01-24 18:38:32,dine_in,,credit_card,completed
1003466,5,1033,2026-01-24 18:40:36,delivery,,credit_card,completed
1003467,3,2396,2026-01-24 18:40:49,delivery,,apple_pay,completed
1003468,2,897,2026-01-24 18:45:01,delivery,,credit_card,completed
1003469,14,,2026-01-24 18:45:57,delivery,,credit_card,completed
1003470,14,811,2026-01-24 18:51:12,drive_thru,,apple_pay,completed
1003471,2,,2026-01-24 18:51:29,takeout,,credit_card,completed
1003472,7,2349,2026-01-24 18:55:11,takeout,,credit_card,completed
1003473,14,,2026-01-24 18:57:53,,,apple_pay,completed
1003474,9,1788,2026-01-24 18:59:18,takeout,NEWYEAR10,credit_card,completed
1003475,8,,2026-01-24 19:00:26,delivery,,credit_card,completed
1003476,11,,2026-01-24 19:02:17,takeout,,credit_card,completed
1003477,18,,2026-01-24 19:02:31,delivery,,debit_card,completed
1003478,7,,2026-01-24 19:03:32,dine_in,,debit_card,completed
1003479,18,1051,2026-01-24 19:04:51,dine_in,,apple_pay,completed
1003480,14,,2026-01-24 19:05:59,dine_in,NEWYEAR10,credit_card,completed
1003481,18,2216,2026-01-24 19:08:44,drive_thru,NEWYEAR10,debit_card,completed
1003482,11,,2026-01-24 19:11:16,takeout,,apple_pay,completed
1003483,4,,2026-01-24 19:12:32,dine_in,NEWYEAR10,credit_card,completed
1003484,5,1956,2026-01-24 19:12:44,drive_thru,,debit_card,completed
1003485,11,476,2026-01-24 19:12:54,dine_in,,credit_card,completed
1003486,19,341,2026-01-24 19:13:06,dine_in,,cash,completed
1003487,5,293,2026-01-24 19:13:24,dine_in,,debit_card,completed
1003488,4,155,2026-01-24 19:15:34,delivery,,credit_card,completed
1003489,18,1689,2026-01-24 19:16:49,,,credit_card,completed
1003490,1,774,2026-01-24 19:16:57,delivery,,apple_pay,completed
1003491,12,,2026-01-24 19:17:02,dine_in,,apple_pay,completed
1003492,16,218,2026-01-24 19:18:59,dine_in,,credit_card,completed
1003493,6,487,2026-01-24 19:19:14,dine_in,,credit_card,completed
1003494,15,,2026-01-24 19:19:34,drive_thru,,credit_card,completed
1003495,15,34,2026-01-24 19:25:10,dine_in,,credit_card,cancelled
1003496,1,792,2026-01-24 19:27:04,dine_in,,credit_card,completed
1003497,7,1350,2026-01-24 19:30:00,takeout,,credit_card,completed
1003498,10,658,2026-01-24 19:30:35,dine_in,,credit_card,completed
1003499,8,466,2026-01-24 19:32:28,dine_in,,cash,completed
1003500,13,1109,2026-01-24 19:33:12,takeout,,apple_pay,completed
1003501,17,1595,2026-01-24 19:34:46,dine_in,,credit_card,completed
1003502,18,,2026-01-24 19:34:49,drive_thru,,credit_card,refunded
1003503,11,,2026-01-24 19:35:55,takeout,,credit_card,completed
1003504,12,815,2026-01-24 19:36:23,delivery,,apple_pay,completed
1003505,14,,2026-01-24 19:36:52,takeout,,debit_card,completed
1003506,1,,2026-01-24 19:39:55,dine_in,,cash,completed
1003507,2,2326,2026-01-24 19:40:58,dine_in,,credit_card,completed
1003508,14,446,2026-01-24 19:46:00,dine_in,,cash,completed
1003509,3,,2026-01-24 19:46:02,dine_in,,credit_card,completed
1003510,12,2309,2026-01-24 19:47:10,delivery,,credit_card,completed
1003511,5,252,2026-01-24 19:49:33,drive_thru,,credit_card,completed
1003512,7,2149,2026-01-24 19:49:35,takeout,,credit_card,completed
1003513,2,274,2026-01-24 19:56:11,takeout,,debit_card,completed
1003514,12,1657,2026-01-24 20:00:41,dine_in,,apple_pay,completed
1003515,13,,2026-01-24 20:02:50,takeout,,credit_card,completed
1003516,1,267,2026-01-24 20:04:57,takeout,,debit_card,completed
1003517,11,1350,2026-01-24 20:06:34,dine_in,,apple_pay,completed
1003518,12,1777,2026-01-24 20:08:27,dine_in,,debit_card,completed
1003519,10,2398,2026-01-24 20:09:49,delivery,,credit_card,completed
1003520,19,,2026-01-24 20:09:55,drive_thru,NEWYEAR10,cash,completed
1003521,18,797,2026-01-24 20:11:11,dine_in,,credit_card,completed
1003522,4,567,2026-01-24 20:17:00,dine_in,NEWYEAR10,cash,completed
1003523,7,,2026-01-24 20:20:19,takeout,,credit_card,completed
1003524,3,1087,2026-01-24 20:24:59,dine_in,,cash,completed
1003525,1,,2026-01-24 20:35:42,dine_in,,debit_card,completed
1003526,6,2324,2026-01-24 20:40:23,delivery,,apple_pay,completed
1003527,14,1390,2026-01-24 20:57:45,dine_in,,debit_card,completed
1003528,8,1327,2026-01-24 21:02:25,dine_in,,credit_card,completed
1003529,12,2135,2026-01-24 21:03:38,dine_in,,cash,completed
1003530,10,1013,2026-01-24 21:05:08,takeout,,credit_card,completed
1003531,10,452,2026-01-24 21:17:34,drive_thru,,debit_card,completed
1003532,11,,2026-01-24 21:32:20,delivery,,credit_card,completed
1003533,1,1362,2026-01-24 21:56:18,dine_in,,debit_card,completed
1003534,14,195,2026-01-25 10:50:09,dine_in,,credit_card,completed
1003535,17,1389,2026-01-25 10:57:39,dine_in,,cash,completed
1003536,14,589,2026-01-25 11:03:53,dine_in,,credit_card,completed
1003537,6,1977,2026-01-25 11:10:42,dine_in,,credit_card,completed
1003538,17,2328,2026-01-25 11:12:07,dine_in,,debit_card,completed
1003539,12,,2026-01-25 11:17:15,takeout,,credit_card,completed
1003540,3,,2026-01-25 11:36:30,dine_in,,credit_card,completed
1003541,15,,2026-01-25 11:39:15,dine_in,,debit_card,completed
1003542,2,103,01/25/2026 11:41,dine_in,NEWYEAR10,credit_card,completed
1003543,17,520,2026-01-25 11:51:55,dine_in,,credit_card,cancelled
1003544,1,,2026-01-25 11:52:49,dine_in,NEWYEAR10,debit_card,cancelled
1003545,13,,2026-01-25 11:59:31,dine_in,,debit_card,completed
1003546,15,,2026-01-25 11:59:33,delivery,,credit_card,completed
1003547,16,1914,2026-01-25 12:00:25,dine_in,,cash,completed
1003548,4,,2026-01-25 12:01:03,dine_in,,apple_pay,completed
1003549,1,2456,2026-01-25 12:04:07,dine_in,NEWYEAR10,gift_card,completed
1003550,8,522,2026-01-25 12:04:15,dine_in,,credit_card,completed
1003551,10,,2026-01-25 12:04:39,drive_thru,,debit_card,completed
1003552,6,2049,2026-01-25 12:07:03,dine_in,,credit_card,completed
1003553,8,466,2026-01-25 12:09:14,dine_in,,apple_pay,completed
1003554,16,1889,2026-01-25 12:10:51,dine_in,,cash,completed
1003555,5,1776,2026-01-25 12:11:35,takeout,NEWYEAR10,debit_card,completed
1003556,14,281,2026-01-25 12:15:04,drive_thru,,credit_card,completed
1003557,3,1665,2026-01-25 12:24:01,dine_in,,credit_card,completed
1003558,4,996,2026-01-25 12:26:10,takeout,,apple_pay,completed
1003559,10,1949,2026-01-25 12:26:14,dine_in,,credit_card,completed
1003560,17,,2026-01-25 12:27:19,takeout,,credit_card,completed
1003561,1,,2026-01-25 12:30:45,takeout,,debit_card,completed
1003562,7,930,2026-01-25 12:31:19,takeout,,credit_card,completed
1003563,8,256,2026-01-25 12:31:27,dine_in,,cash,cancelled
1003564,19,1573,2026-01-25 12:32:14,dine_in,,gift_card,completed
1003565,10,,2026-01-25 12:36:46,dine_in,,credit_card,completed
1003566,18,1689,2026-01-25 12:37:11,dine_in,,credit_card,completed
1003567,1,739,2026-01-25 12:40:16,dine_in,,cash,completed
1003568,9,335,2026-01-25 12:41:47,dine_in,,debit_card,completed
1003569,14,,2026-01-25 12:41:49,dine_in,,cash,completed
1003570,11,1363,2026-01-25 12:41:54,drive_thru,,apple_pay,completed
1003571,13,1753,2026-01-25 12:44:41,takeout,,apple_pay,completed
1003572,13,1429,2026-01-25 12:47:12,takeout,,cash,completed
1003573,3,953,2026-01-25 12:51:21,takeout,NEWYEAR10,apple_pay,completed
1003574,15,,2026-01-25 12:52:51,drive_thru,,debit_card,completed
1003575,11,,01/25/2026 12:54,drive_thru,,apple_pay,completed
1003576,6,,2026-01-25 12:54:58,delivery,,apple_pay,completed
1003577,11,1039,2026-01-25 12:55:42,takeout,,cash,completed
1003578,9,7,2026-01-25 12:56:29,takeout,,credit_card,completed
1003579,1,,2026-01-25 12:57:02,dine_in,,cash,completed
1003580,7,988,2026-01-25 12:58:38,dine_in,,debit_card,completed
1003581,12,,2026-01-25 13:00:50,takeout,,credit_card,completed
1003582,2,2266,2026-01-25 13:05:16,dine_in,,debit_card,completed
1003583,3,,2026-01-25 13:06:31,takeout,,apple_pay,completed
1003584,3,1641,2026-01-25 13:18:10,delivery,,credit_card,completed
1003585,3,1634,2026-01-25 13:24:55,dine_in,,credit_card,completed
1003586,11,304,2026-01-25 13:35:08,drive_thru,NEWYEAR10,credit_card,completed
1003587,12,458,2026-01-25 13:41:00,dine_in,,credit_card,completed
1003588,15,554,2026-01-25 13:44:51,takeout,,credit_card,completed
1003589,10,,2026-01-25 13:57:21,dine_in,,apple_pay,completed
1003590,10,106,2026-01-25 14:01:11,drive_thru,,credit_card,completed
1003591,14,1108,2026-01-25 14:06:11,delivery,NEWYEAR10,debit_card,completed
1003592,8,606,2026-01-25 14:14:26,dine_in,,cash,completed
1003593,16,216,2026-01-25 14:37:27,dine_in,,apple_pay,completed
1003594,7,,2026-01-25 15:02:10,takeout,,debit_card,completed
1003595,12,1999,2026-01-25 15:11:48,takeout,,credit_card,completed
1003596,12,,2026-01-25 15:33:33,takeout,,cash,completed
1003597,14,2272,2026-01-25 15:45:48,dine_in,,debit_card,cancelled
1003598,4,1247,2026-01-25 16:04:13,takeout,,debit_card,completed
1003599,4,1596,2026-01-25 16:16:06,takeout,,credit_card,completed
1003600,12,316,2026-01-25 16:19:17,takeout,,debit_card,completed
1003601,1,,2026-01-25 16:19:36,takeout,,cash,cancelled
1003602,8,2312,2026-01-25 17:10:24,dine_in,,credit_card,completed
1003603,10,,2026-01-25 17:16:56,drive_thru,,credit_card,completed
1003604,18,,2026-01-25 17:30:48,dine_in,,credit_card,completed
1003605,5,,2026-01-25 17:32:41,dine_in,NEWYEAR10,credit_card,completed
1003606,17,2054,2026-01-25 17:34:38,takeout,,apple_pay,completed
1003607,14,584,2026-01-25 17:34:48,dine_in,,apple_pay,completed
1003608,19,492,2026-01-25 17:46:15,drive_thru,,cash,completed
1003609,6,2353,2026-01-25 17:51:44,dine_in,,debit_card,completed
1003610,4,1211,2026-01-25 17:55:23,dine_in,,credit_card,completed
1003611,13,58,2026-01-25 17:58:27,takeout,,credit_card,completed
1003612,8,2303,2026-01-25 18:01:03,dine_in,,credit_card,completed
1003613,18,1203,2026-01-25 18:04:18,takeout,,credit_card,completed
1003614,7,,2026-01-25 18:08:48,delivery,,credit_card,completed
1003615,14,,2026-01-25 18:11:17,delivery,,credit_card,refunded
1003616,10,2230,2026-01-25 18:13:53,takeout,,apple_pay,completed
1003617,19,80,2026-01-25 18:18:14,drive_thru,,cash,completed
1003618,6,1099,2026-01-25 18:18:27,drive_thru,,credit_card,completed
1003619,7,,2026-01-25 18:24:12,takeout,,cash,completed
1003620,2,,2026-01-25 18:24:43,takeout,,credit_card,completed
1003621,12,,2026-01-25 18:24:45,takeout,,debit_card,cancelled
1003622,6,,2026-01-25 18:27:40,dine_in,,apple_pay,completed
1003623,2,,2026-01-25 18:28:03,dine_in,,credit_card,completed
1003624,16,,2026-01-25 18:29:12,,,cash,completed
1003625,8,461,2026-01-25 18:31:03,takeout,,debit_card,completed
1003626,17,922,2026-01-25 18:31:22,dine_in,,credit_card,completed
1003627,8,,2026-01-25 18:32:06,dine_in,NEWYEAR10,debit_card,completed
1003628,12,1234,2026-01-25 18:35:28,dine_in,,apple_pay,completed
1003629,8,2240,2026-01-25 18:36:07,dine_in,,credit_card,completed
1003630,6,,2026-01-25 18:39:22,takeout,,debit_card,completed
1003631,2,1388,2026-01-25 18:43:06,takeout,,credit_card,completed
1003632,3,,2026-01-25 18:43:41,delivery,,apple_pay,completed
1003633,16,962,2026-01-25 18:49:43,takeout,NEWYEAR10,credit_card,completed
1003634,16,1557,2026-01-25 18:56:27,dine_in,,credit_card,completed
1003635,12,430,2026-01-25 19:01:59,takeout,,credit_card,completed
1003636,19,1352,2026-01-25 19:03:09,dine_in,NEWYEAR10,credit_card,completed
1003637,3,1641,2026-01-25 19:03:17,dine_in,,debit_card,completed
1003638,11,,2026-01-25 19:04:58,,,credit_card,completed
1003639,18,1503,2026-01-25 19:05:56,drive_thru,,credit_card,completed
1003640,3,,2026-01-25 19:06:21,dine_in,,credit_card,completed
1003641,15,,2026-01-25 19:09:50,delivery,,credit_card,completed
1003642,17,500,2026-01-25 19:12:50,takeout,,apple_pay,completed
1003643,12,,2026-01-25 19:13:54,takeout,,debit_card,completed
1003644,6,1153,2026-01-25 19:14:25,dine_in,,debit_card,completed
1003645,2,1374,2026-01-25 19:20:44,takeout,,credit_card,completed
1003646,2,1133,2026-01-25 19:27:29,dine_in,,gift_card,completed
1003647,5,130,2026-01-25 19:31:17,takeout,,credit_card,completed
1003648,7,709,2026-01-25 19:32:49,takeout,,credit_card,completed
1003649,14,,2026-01-25 19:33:02,dine_in,,credit_card,completed
1003650,14,1990,2026-01-25 19:33:39,delivery,,debit_card,completed
1003651,15,,01/25/2026 19:39,dine_in,,credit_card,completed
1003652,1,,2026-01-25 19:41:50,takeout,,cash,completed
1003653,5,1138,2026-01-25 19:43:59,drive_thru,,debit_card,completed
1003654,3,,2026-01-25 19:54:35,takeout,,credit_card,completed
1003655,2,179,2026-01-25 19:59:35,dine_in,,credit_card,completed
1003656,6,1501,2026-01-25 20:01:41,delivery,,credit_card,cancelled
1003657,11,1980,2026-01-25 20:15:48,dine_in,,credit_card,completed
1003658,3,,2026-01-25 20:18:38,takeout,,debit_card,completed
1003659,15,,2026-01-25 21:06:47,dine_in,,debit_card,completed
1003660,15,2268,2026-01-25 21:18:19,drive_thru,,debit_card,completed
1003661,6,,2026-01-25 21:22:20,delivery,,credit_card,completed
1003662,7,1567,2026-01-26 11:03:07,takeout,NEWYEAR10,credit_card,completed
1003663,10,,2026-01-26 11:21:50,dine_in,,cash,completed
1003664,17,,2026-01-26 11:25:44,dine_in,,credit_card,completed
1003665,1,49,2026-01-26 11:32:47,takeout,,credit_card,completed
1003666,11,959,2026-01-26 11:35:02,delivery,,credit_card,completed
1003667,11,,2026-01-26 11:35:21,dine_in,NEWYEAR10,debit_card,completed
1003668,5,,2026-01-26 11:46:35,dine_in,,cash,completed
1003669,7,,2026-01-26 11:46:37,dine_in,,cash,completed
1003670,3,,2026-01-26 11:46:38,dine_in,,debit_card,completed
1003671,7,1866,2026-01-26 11:46:53,dine_in,,gift_card,completed
1003672,14,,2026-01-26 11:51:32,dine_in,,credit_card,completed
1003673,2,,2026-01-26 11:51:36,dine_in,,cash,cancelled
1003674,8,667,2026-01-26 11:52:21,dine_in,,cash,completed
1003675,8,,2026-01-26 11:52:27,takeout,,apple_pay,completed
1003676,1,,2026-01-26 11:53:40,takeout,,apple_pay,completed
1003677,7,645,2026-01-26 11:59:45,dine_in,,credit_card,completed
1003678,15,279,2026-01-26 12:01:43,drive_thru,,gift_card,completed
1003679,12,1542,2026-01-26 12:04:17,takeout,,cash,completed
1003680,2,1021,2026-01-26 12:06:07,dine_in,,credit_card,completed
1003681,11,,2026-01-26 12:08:13,dine_in,,credit_card,completed
1003682,12,2429,2026-01-26 12:08:37,delivery,,credit_card,completed
1003683,11,2489,2026-01-26 12:08:58,drive_thru,,credit_card,completed
1003684,10,2008,2026-01-26 12:15:52,dine_in,,apple_pay,completed
1003685,3,,2026-01-26 12:19:58,dine_in,,credit_card,completed
1003686,2,1321,2026-01-26 12:20:19,dine_in,NEWYEAR10,credit_card,completed
1003687,11,591,2026-01-26 12:22:18,dine_in,,debit_card,completed
1003688,1,,2026-01-26 12:40:53,dine_in,,debit_card,completed
1003689,2,187,2026-01-26 12:41:42,dine_in,,gift_card,completed
1003690,14,2086,2026-01-26 12:42:09,,,gift_card,completed
1003691,2,1163,2026-01-26 12:43:55,delivery,,credit_card,completed
1003692,11,2380,2026-01-26 12:44:06,takeout,,debit_card,completed
1003693,8,,2026-01-26 12:44:11,dine_in,NEWYEAR10,apple_pay,completed
1003694,12,794,2026-01-26 12:53:23,dine_in,,credit_card,completed
1003695,18,,2026-01-26 12:55:33,dine_in,,cash,completed
1003696,19,1581,2026-01-26 12:56:59,delivery,,credit_card,completed
1003697,1,746,2026-01-26 12:57:58,dine_in,,credit_card,completed
1003698,1,186,01/26/2026 12:58,dine_in,NEWYEAR10,debit_card,completed
1003699,10,602,2026-01-26 13:02:11,dine_in,,credit_card,completed
1003700,5,1025,2026-01-26 13:12:25,drive_thru,NEWYEAR10,apple_pay,completed
1003701,4,,2026-01-26 13:27:32,,,credit_card,completed
1003702,4,,2026-01-26 13:31:23,dine_in,,credit_card,completed
1003703,17,,2026-01-26 13:32:10,dine_in,NEWYEAR10,credit_card,completed
1003704,4,1601,2026-01-26 13:41:30,drive_thru,,cash,completed
1003705,18,,2026-01-26 14:36:35,takeout,,cash,completed
1003706,16,1889,2026-01-26 14:53:59,dine_in,,gift_card,completed
1003707,5,673,01/26/2026 14:54,drive_thru,,debit_card,completed
1003708,6,,2026-01-26 15:18:15,delivery,,credit_card,completed
1003709,14,,2026-01-26 15:19:05,dine_in,,debit_card,completed
1003710,7,,2026-01-26 15:24:21,dine_in,,credit_card,completed
1003711,10,1668,2026-01-26 16:11:03,takeout,,cash,cancelled
1003712,3,342,2026-01-26 16:12:41,,,credit_card,refunded
1003713,16,1655,2026-01-26 16:37:43,dine_in,,cash,completed
1003714,7,,2026-01-26 16:38:40,delivery,,credit_card,completed
1003715,8,,2026-01-26 17:19:53,delivery,,apple_pay,refunded
1003716,7,495,2026-01-26 17:42:19,dine_in,,cash,completed
1003717,3,30,2026-01-26 17:44:07,,,debit_card,completed
1003718,3,,2026-01-26 17:45:32,takeout,,apple_pay,completed
1003719,1,1382,2026-01-26 17:47:02,delivery,NEWYEAR10,credit_card,completed
1003720,16,2083,2026-01-26 18:08:49,takeout,,debit_card,completed
1003721,15,2212,2026-01-26 18:11:40,delivery,,debit_card,completed
1003722,12,2094,2026-01-26 18:12:03,dine_in,,credit_card,completed
1003723,9,,2026-01-26 18:12:31,takeout,,credit_card,completed
1003724,6,88,2026-01-26 18:14:58,dine_in,,apple_pay,completed
1003725,5,2080,01/26/2026 18:21,takeout,NEWYEAR10,credit_card,completed
1003726,18,305,2026-01-26 18:25:41,takeout,,credit_card,completed
1003727,11,308,2026-01-26 18:27:22,delivery,,gift_card,completed
1003728,10,,2026-01-26 18:29:49,dine_in,,credit_card,completed
1003729,1,,2026-01-26 18:31:08,delivery,,apple_pay,completed
1003730,6,1839,2026-01-26 18:35:30,dine_in,,gift_card,completed
1003731,18,482,2026-01-26 18:42:56,dine_in,,credit_card,completed
1003732,15,1592,2026-01-26 18:43:33,takeout,,credit_card,completed
1003733,17,,2026-01-26 18:46:19,dine_in,,apple_pay,completed
1003734,12,,2026-01-26 18:48:50,dine_in,,cash,completed
1003735,7,,2026-01-26 18:49:05,dine_in,,apple_pay,completed
1003736,1,2276,2026-01-26 18:50:55,takeout,,debit_card,completed
1003737,1,2301,2026-01-26 18:53:23,dine_in,,credit_card,completed
1003738,17,,2026-01-26 18:54:27,takeout,,cash,completed
1003739,8,,2026-01-26 18:58:45,dine_in,,credit_card,completed
1003740,1,1998,2026-01-26 18:59:42,dine_in,,credit_card,completed
1003741,13,,2026-01-26 19:02:44,delivery,,credit_card,completed
1003742,4,2308,2026-01-26 19:02:49,takeout,,debit_card,completed
1003743,7,1707,2026-01-26 19:05:29,dine_in,,debit_card,completed
1003744,14,2432,2026-01-26 19:06:29,dine_in,,credit_card,completed
1003745,17,,2026-01-26 19:08:49,takeout,,debit_card,completed
1003746,11,,2026-01-26 19:11:31,dine_in,,credit_card,completed
1003747,19,,2026-01-26 19:12:07,delivery,,credit_card,completed
1003748,7,,2026-01-26 19:13:14,delivery,,credit_card,completed
1003749,13,1101,2026-01-26 19:16:23,dine_in,,credit_card,completed
1003750,3,965,2026-01-26 19:19:02,delivery,,credit_card,completed
1003751,12,124,2026-01-26 19:19:48,dine_in,,credit_card,completed
1003752,13,2260,2026-01-26 19:29:34,delivery,,credit_card,completed
1003753,17,,2026-01-26 19:30:07,takeout,,credit_card,completed
1003754,2,981,2026-01-26 19:30:36,dine_in,,apple_pay,completed
1003755,6,247,2026-01-26 19:33:07,drive_thru,,gift_card,completed
1003756,12,1940,2026-01-26 19:34:52,takeout,,credit_card,completed
1003757,9,1157,2026-01-26 19:38:12,takeout,,credit_card,completed
1003758,15,,2026-01-26 19:41:13,dine_in,,debit_card,completed
1003759,3,2082,2026-01-26 19:41:50,dine_in,,apple_pay,completed
1003760,5,1464,2026-01-26 19:49:28,takeout,,apple_pay,completed
1003761,4,246,2026-01-26 19:53:23,dine_in,,credit_card,completed
1003762,3,2364,2026-01-26 19:54:10,dine_in,NEWYEAR10,credit_card,completed
1003763,3,1233,2026-01-26 20:02:22,takeout,,credit_card,completed
1003764,10,70,2026-01-26 20:05:51,delivery,NEWYEAR10,credit_card,completed
1003765,2,,2026-01-26 20:08:22,dine_in,,credit_card,completed
1003766,18,1855,2026-01-26 20:10:31,dine_in,,apple_pay,completed
1003767,15,5,2026-01-26 20:31:03,takeout,,debit_card,completed
1003768,4,64,2026-01-26 20:38:47,takeout,,credit_card,completed
1003769,1,429,2026-01-26 20:39:46,takeout,,credit_card,completed
1003770,9,1982,2026-01-26 21:01:51,dine_in,,gift_card,completed
1003771,5,,2026-01-26 21:17:07,takeout,,debit_card,completed
1003772,18,,2026-01-26 21:28:49,takeout,,debit_card,completed
1003773,2,,2026-01-27 10:37:04,dine_in,,cash,completed
1003774,3,943,2026-01-27 10:52:36,takeout,,credit_card,completed
1003775,2,,2026-01-27 10:53:22,dine_in,,credit_card,completed
1003776,12,,2026-01-27 11:16:17,takeout,NEWYEAR10,cash,completed
1003777,1,1548,01/27/2026 11:25,takeout,NEWYEAR10,credit_card,completed
1003778,8,,2026-01-27 11:26:58,delivery,NEWYEAR10,debit_card,completed
1003779,15,1771,2026-01-27 11:30:02,drive_thru,,credit_card,completed
1003780,1,791,2026-01-27 11:41:58,dine_in,,credit_card,completed
1003781,12,784,2026-01-27 11:42:53,dine_in,,apple_pay,completed
1003782,11,670,2026-01-27 11:43:02,dine_in,,apple_pay,refunded
1003783,16,2161,2026-01-27 11:44:09,delivery,,credit_card,completed
1003784,19,,2026-01-27 11:50:07,drive_thru,NEWYEAR10,credit_card,completed
1003785,2,1547,2026-01-27 11:53:44,dine_in,,debit_card,completed
1003786,2,,2026-01-27 11:58:49,dine_in,NEWYEAR10,credit_card,completed
1003787,11,,2026-01-27 12:00:04,takeout,NEWYEAR10,credit_card,cancelled
1003788,18,1893,2026-01-27 12:02:12,dine_in,,credit_card,completed
1003789,19,,2026-01-27 12:04:57,takeout,,gift_card,completed
1003790,6,718,2026-01-27 12:06:56,drive_thru,,gift_card,completed
1003791,12,1598,2026-01-27 12:07:57,dine_in,,credit_card,completed
1003792,4,,2026-01-27 12:08:34,dine_in,,debit_card,completed
1003793,1,999,2026-01-27 12:08:42,takeout,,debit_card,completed
1003794,7,1858,2026-01-27 12:10:01,dine_in,,credit_card,completed
1003795,19,382,2026-01-27 12:10:23,takeout,,credit_card,completed
1003796,12,2172,2026-01-27 12:12:44,delivery,NEWYEAR10,credit_card,completed
1003797,6,595,2026-01-27 12:13:37,dine_in,,cash,completed
1003798,10,18,2026-01-27 12:13:42,delivery,,apple_pay,completed
1003799,12,1308,2026-01-27 12:14:01,takeout,,apple_pay,completed
1003800,4,,2026-01-27 12:15:57,dine_in,,credit_card,completed
1003801,1,1081,2026-01-27 12:19:06,dine_in,,debit_card,completed
1003802,13,971,2026-01-27 12:19:13,dine_in,NEWYEAR10,debit_card,completed
1003803,18,,2026-01-27 12:29:55,drive_thru,,cash,completed
1003804,7,530,2026-01-27 12:30:45,dine_in,,credit_card,completed
1003805,15,,2026-01-27 12:33:33,dine_in,,credit_card,completed
1003806,16,1643,2026-01-27 12:34:11,dine_in,,debit_card,completed
1003807,3,,2026-01-27 12:34:19,dine_in,,cash,completed
1003808,15,1885,2026-01-27 12:36:24,delivery,,apple_pay,completed
1003809,17,,2026-01-27 12:37:49,dine_in,,credit_card,completed
1003810,7,773,2026-01-27 12:44:06,dine_in,NEWYEAR10,credit_card,completed
1003811,16,,2026-01-27 12:44:45,dine_in,,credit_card,completed
1003812,1,,2026-01-27 12:48:56,delivery,,apple_pay,completed
1003813,7,,2026-01-27 12:52:22,takeout,,credit_card,completed
1003814,3,1087,2026-01-27 12:54:11,dine_in,,credit_card,completed
1003815,5,,2026-01-27 13:01:04,drive_thru,,credit_card,completed
1003816,19,,2026-01-27 13:01:37,dine_in,,apple_pay,completed
1003817,6,,2026-01-27 13:03:34,delivery,NEWYEAR10,credit_card,completed
1003818,1,2456,2026-01-27 13:03:50,takeout,,debit_card,completed
1003819,17,,2026-01-27 13:04:57,takeout,,debit_card,completed
1003820,3,69,2026-01-27 13:05:02,dine_in,,credit_card,completed
1003821,13,,2026-01-27 13:10:44,dine_in,,credit_card,completed
1003822,2,,2026-01-27 13:12:02,dine_in,,credit_card,completed
1003823,13,2131,2026-01-27 13:12:47,dine_in,,gift_card,completed
1003824,1,,2026-01-27 13:15:17,takeout,,credit_card,completed
1003825,15,1191,2026-01-27 13:29:10,dine_in,NEWYEAR10,credit_card,completed
1003826,16,,2026-01-27 13:30:22,delivery,,apple_pay,completed
1003827,14,1449,2026-01-27 13:38:07,takeout,,apple_pay,completed
1003828,14,298,2026-01-27 13:39:13,takeout,,credit_card,completed
1003829,8,,2026-01-27 13:55:42,takeout,NEWYEAR10,credit_card,completed
1003830,16,1322,2026-01-27 14:10:09,takeout,,cash,completed
1003831,11,949,2026-01-27 15:05:48,dine_in,,debit_card,completed
1003832,18,276,2026-01-27 15:42:21,drive_thru,,credit_card,completed
1003833,16,,2026-01-27 15:49:23,delivery,,credit_card,refunded
1003834,7,,2026-01-27 16:36:07,takeout,,cash,completed
1003835,14,67,2026-01-27 16:38:35,takeout,NEWYEAR10,credit_card,completed
1003836,1,535,2026-01-27 16:45:55,dine_in,,debit_card,completed
1003837,15,2081,2026-01-27 17:43:24,dine_in,,credit_card,completed
1003838,16,1557,2026-01-27 17:53:50,takeout,,credit_card,completed
1003839,7,,2026-01-27 17:59:27,dine_in,,credit_card,completed
1003840,6,2049,2026-01-27 17:59:47,delivery,,credit_card,completed
1003841,7,,2026-01-27 18:02:54,dine_in,,debit_card,completed
1003842,15,2420,01/27/2026 18:07,takeout,,apple_pay,completed
1003843,17,,01/27/2026 18:10,takeout,,credit_card,completed
1003844,1,2117,2026-01-27 18:17:13,takeout,,credit_card,completed
1003845,6,1073,2026-01-27 18:18:40,drive_thru,,credit_card,completed
1003846,4,865,2026-01-27 18:20:51,drive_thru,,cash,completed
1003847,17,1083,2026-01-27 18:21:03,takeout,,cash,completed
1003848,7,,2026-01-27 18:21:20,delivery,,credit_card,completed
1003849,4,1027,2026-01-27 18:21:32,dine_in,,credit_card,completed
1003850,12,625,2026-01-27 18:22:04,dine_in,,apple_pay,completed
1003851,9,1870,2026-01-27 18:22:37,delivery,,credit_card,completed
1003852,14,,2026-01-27 18:30:01,takeout,,cash,completed
1003853,7,127,2026-01-27 18:30:57,dine_in,,apple_pay,completed
1003854,6,,2026-01-27 18:31:07,takeout,,apple_pay,completed
1003855,1,253,2026-01-27 18:35:28,dine_in,,credit_card,completed
1003856,10,2338,2026-01-27 18:38:42,delivery,,debit_card,completed
1003857,18,,2026-01-27 18:41:02,delivery,,credit_card,completed
1003858,14,331,2026-01-27 18:42:22,delivery,,debit_card,completed
1003859,18,259,2026-01-27 18:50:18,takeout,,credit_card,completed
1003860,10,484,2026-01-27 18:51:20,drive_thru,,credit_card,completed
1003861,18,2405,2026-01-27 18:51:37,drive_thru,,credit_card,completed
1003862,8,,2026-01-27 18:54:14,takeout,,credit_card,refunded
1003863,11,,2026-01-27 18:55:01,takeout,,gift_card,completed
1003864,12,956,2026-01-27 18:55:43,takeout,,credit_card,completed
1003865,14,,2026-01-27 18:56:06,drive_thru,,cash,completed
1003866,8,359,2026-01-27 18:57:48,delivery,,credit_card,completed
1003867,6,,2026-01-27 19:00:48,dine_in,,credit_card,completed
1003868,17,902,2026-01-27 19:02:55,dine_in,,cash,completed
1003869,17,421,2026-01-27 19:03:06,dine_in,,cash,completed
1003870,9,,2026-01-27 19:03:40,drive_thru,,debit_card,completed
1003871,13,1288,2026-01-27 19:09:53,takeout,,credit_card,completed
1003872,8,2261,2026-01-27 19:14:25,delivery,,credit_card,completed
1003873,3,785,2026-01-27 19:14:47,delivery,,apple_pay,completed
1003874,5,1791,2026-01-27 19:17:02,takeout,,credit_card,completed
1003875,17,,2026-01-27 19:17:08,dine_in,,credit_card,completed
1003876,14,,2026-01-27 19:20:10,drive_thru,,credit_card,completed
1003877,7,,2026-01-27 19:24:51,dine_in,,credit_card,completed
1003878,2,1113,2026-01-27 19:29:50,dine_in,,apple_pay,completed
1003879,15,837,2026-01-27 19:31:03,drive_thru,,debit_card,completed
1003880,16,1322,2026-01-27 19:32:37,dine_in,,credit_card,cancelled
1003881,7,1483,2026-01-27 19:32:45,takeout,NEWYEAR10,credit_card,completed
1003882,19,,2026-01-27 19:40:07,dine_in,,credit_card,completed
1003883,13,886,2026-01-27 19:41:55,dine_in,,cash,completed
1003884,3,,2026-01-27 19:46:30,dine_in,,debit_card,completed
1003885,6,2353,2026-01-27 19:49:04,drive_thru,,gift_card,completed
1003886,16,571,2026-01-27 20:03:19,delivery,,credit_card,completed
1003887,16,1474,2026-01-27 20:08:36,delivery,,debit_card,completed
1003888,13,280,2026-01-27 20:16:48,takeout,NEWYEAR10,apple_pay,completed
1003889,19,,2026-01-27 20:39:26,takeout,,apple_pay,completed
1003890,6,,2026-01-27 20:51:26,delivery,,credit_card,completed
1003891,7,,2026-01-27 21:04:17,dine_in,,credit_card,completed
1003892,1,,2026-01-27 21:18:37,delivery,,credit_card,refunded
1003893,11,,2026-01-27 21:22:10,takeout,,cash,completed
1003894,1,2331,2026-01-27 21:27:02,dine_in,,credit_card,completed
1003895,17,1175,2026-01-27 21:34:34,dine_in,,credit_card,refunded
1003896,1,535,2026-01-27 21:55:46,,,debit_card,completed
1003897,13,,2026-01-27 21:58:58,dine_in,,apple_pay,completed
1003899,10,1403,2026-01-28 11:22:52,drive_thru,,debit_card,completed
1003900,1,,2026-01-28 11:27:46,takeout,,credit_card,completed
1003902,13,617,2026-01-28 11:43:30,takeout,,credit_card,refunded
1003903,9,1922,2026-01-28 11:47:11,drive_thru,,apple_pay,completed
1003904,7,,2026-01-28 11:48:23,delivery,,debit_card,completed
1003905,19,1315,2026-01-28 11:55:02,delivery,,apple_pay,completed
1003906,8,,2026-01-28 11:56:41,takeout,,apple_pay,completed
1003907,19,12,2026-01-28 12:00:38,dine_in,,debit_card,completed
1003908,4,2297,2026-01-28 12:04:39,drive_thru,,credit_card,completed
1003909,7,2,2026-01-28 12:06:28,dine_in,,credit_card,completed
1003910,16,,2026-01-28 12:07:08,dine_in,,debit_card,completed
1003911,15,1487,2026-01-28 12:07:45,delivery,,debit_card,completed
1003912,4,1955,2026-01-28 12:07:59,takeout,NEWYEAR10,cash,completed
1003913,1,1548,2026-01-28 12:10:15,takeout,,gift_card,completed
1003914,17,,2026-01-28 12:12:04,dine_in,,credit_card,completed
1003915,15,279,2026-01-28 12:13:24,drive_thru,,credit_card,completed
1003916,19,1001,2026-01-28 12:15:14,drive_thru,,cash,completed
1003917,1,,2026-01-28 12:24:09,takeout,,credit_card,completed
1003918,7,,2026-01-28 12:24:51,dine_in,,cash,completed
1003921,11,,2026-01-28 12:30:29,drive_thru,,debit_card,completed
1003922,13,1972,2026-01-28 12:30:41,takeout,,credit_card,completed
1003923,4,1205,2026-01-28 12:33:56,drive_thru,NEWYEAR10,credit_card,completed
1003924,4,,2026-01-28 12:35:40,,,credit_card,completed
1003925,14,,01/28/2026 12:36,dine_in,,cash,completed
1003926,9,1320,2026-01-28 12:38:05,dine_in,,credit_card,completed
1003927,2,,2026-01-28 12:38:45,delivery,,apple_pay,refunded
1003928,11,,2026-01-28 12:39:04,takeout,,credit_card,completed
1003929,4,747,2026-01-28 12:41:29,delivery,,credit_card,completed
1003930,1,775,2026-01-28 12:48:23,delivery,,credit_card,completed
1003931,12,43,2026-01-28 12:49:24,dine_in,,apple_pay,completed
1003932,2,,2026-01-28 12:50:08,delivery,,credit_card,completed
1003933,12,11,2026-01-28 12:50:21,takeout,,credit_card,completed
1003934,8,,2026-01-28 12:53:51,dine_in,,apple_pay,completed
1003935,10,2303,2026-01-28 12:57:17,delivery,,debit_card,completed
1003936,17,,2026-01-28 12:59:19,dine_in,,credit_card,completed
1003937,15,729,2026-01-28 13:00:32,dine_in,,debit_card,completed
1003938,1,739,2026-01-28 13:06:20,dine_in,,debit_card,completed
1003939,7,114,2026-01-28 13:22:23,takeout,,credit_card,completed
1003941,19,,2026-01-28 13:35:12,dine_in,,debit_card,refunded
1003942,9,1171,2026-01-28 13:39:03,dine_in,,credit_card,completed
1003943,4,,2026-01-28 13:39:21,dine_in,,credit_card,completed
1003944,19,,2026-01-28 13:44:40,dine_in,,debit_card,completed
1003945,8,1360,2026-01-28 14:11:44,delivery,,credit_card,cancelled
1003947,7,2455,2026-01-28 14:20:30,takeout,,credit_card,completed
1003948,14,2272,2026-01-28 14:33:17,dine_in,,credit_card,completed
1003951,14,255,2026-01-28 14:52:58,takeout,,credit_card,completed
1003952,1,,2026-01-28 15:16:24,takeout,,credit_card,completed
1003953,2,1787,2026-01-28 15:48:43,takeout,,credit_card,completed
1003954,9,2293,2026-01-28 16:27:34,takeout,,credit_card,completed
1003955,7,,2026-01-28 16:49:08,takeout,,cash,completed
1003956,13,,2026-01-28 16:55:14,dine_in,,cash,completed
1003957,17,,2026-01-28 17:12:38,dine_in,,credit_card,completed
1003958,17,377,2026-01-28 17:36:48,takeout,NEWYEAR10,debit_card,completed
1003959,14,2406,2026-01-28 17:37:54,drive_thru,,cash,completed
1003960,4,879,01/28/2026 17:50,dine_in,,gift_card,completed
1003962,13,,2026-01-28 17:57:48,delivery,,debit_card,completed
1003963,10,2115,2026-01-28 18:02:27,drive_thru,,credit_card,completed
1003966,2,130,2026-01-28 18:18:09,takeout,,credit_card,completed
1003967,19,,2026-01-28 18:21:06,takeout,,credit_card,completed
1003968,9,460,2026-01-28 18:22:14,dine_in,,gift_card,completed
1003969,10,1590,2026-01-28 18:23:09,delivery,,debit_card,completed
1003970,4,2396,2026-01-28 18:30:37,dine_in,,gift_card,completed
1003971,13,459,2026-01-28 18:32:14,dine_in,,credit_card,completed
1003973,18,2121,2026-01-28 18:36:41,drive_thru,,credit_card,completed
1003974,12,,2026-01-28 18:36:52,dine_in,,credit_card,completed
1003975,5,,2026-01-28 18:37:03,delivery,,credit_card,completed
1003977,5,235,2026-01-28 18:40:54,dine_in,,credit_card,completed
1003978,4,,2026-01-28 18:41:16,dine_in,,credit_card,completed
1003979,1,755,2026-01-28 18:42:20,takeout,,credit_card,completed
1003980,17,2475,2026-01-28 18:44:38,dine_in,,cash,completed
1003981,14,255,2026-01-28 18:48:01,drive_thru,,debit_card,completed
1003982,2,239,2026-01-28 18:50:51,dine_in,,cash,completed
1003983,12,,2026-01-28 18:51:52,takeout,,credit_card,completed
1003984,1,,2026-01-28 18:54:43,dine_in,,cash,completed
1003985,5,,2026-01-28 18:55:53,takeout,,cash,completed
1003986,17,492,2026-01-28 18:59:06,dine_in,,apple_pay,completed
1003987,6,,2026-01-28 18:59:58,drive_thru,,credit_card,completed
1003988,3,1226,2026-01-28 19:06:25,dine_in,,gift_card,completed
1003989,14,98,2026-01-28 19:08:21,dine_in,,credit_card,completed
1003990,6,1333,2026-01-28 19:08:54,delivery,,debit_card,completed
1003992,6,151,2026-01-28 19:11:53,,,cash,completed
1003994,19,1434,2026-01-28 19:15:02,takeout,,credit_card,completed
1003995,13,971,2026-01-28 19:17:41,delivery,,credit_card,completed
1003996,8,228,2026-01-28 19:23:59,dine_in,NEWYEAR10,cash,completed
1003997,15,,2026-01-28 19:26:53,drive_thru,,apple_pay,completed
1003998,16,607,2026-01-28 19:29:48,dine_in,NEWYEAR10,apple_pay,completed
1004000,8,,2026-01-28 19:45:44,dine_in,,debit_card,completed
1004001,15,,2026-01-28 19:47:29,dine_in,,gift_card,completed
1004002,17,1775,2026-01-28 19:49:15,dine_in,,debit_card,completed
1004003,18,,2026-01-28 19:50:27,drive_thru,,cash,completed
1004005,3,1857,2026-01-28 19:52:26,takeout,,debit_card,completed
1004006,16,410,2026-01-28 20:02:33,dine_in,,credit_card,completed
1004007,4,,2026-01-28 20:03:11,drive_thru,,cash,completed
1004008,5,1527,2026-01-28 20:19:24,dine_in,,cash,completed
1004009,4,1960,2026-01-28 20:20:58,takeout,,credit_card,completed
1004010,7,1759,2026-01-28 20:22:33,takeout,,cash,completed
1004011,2,1622,2026-01-28 20:33:14,dine_in,,cash,completed
1004012,15,337,2026-01-28 20:34:56,delivery,NEWYEAR10,credit_card,completed
1004013,12,2186,2026-01-28 21:13:45,takeout,,gift_card,completed
1004014,1,1096,2026-01-28 21:38:05,takeout,,credit_card,completed
1004015,6,,2026-01-28 21:54:14,drive_thru,,credit_card,completed
1004017,3,141,2026-01-29 11:08:21,dine_in,,cash,completed
1004018,4,,2026-01-29 11:20:00,drive_thru,,cash,completed
1004019,11,1057,2026-01-29 11:43:06,dine_in,,gift_card,completed
1004020,10,,2026-01-29 11:48:32,delivery,NEWYEAR10,credit_card,completed
1004021,5,1831,2026-01-29 11:49:03,dine_in,,credit_card,completed
1004022,2,1916,2026-01-29 11:49:56,delivery,,gift_card,completed
1004023,9,2288,2026-01-29 11:50:51,drive_thru,,debit_card,completed
1004024,1,1201,2026-01-29 11:53:52,takeout,,credit_card,completed
1004025,12,,2026-01-29 11:57:05,dine_in,,credit_card,completed
1004026,15,,2026-01-29 12:01:45,dine_in,,credit_card,completed
1004027,3,965,2026-01-29 12:04:50,delivery,,credit_card,completed
1004028,15,,2026-01-29 12:07:05,dine_in,,credit_card,completed
1004029,17,,2026-01-29 12:07:11,delivery,,credit_card,completed
1004030,16,,2026-01-29 12:08:59,dine_in,,gift_card,completed
1004031,10,2337,2026-01-29 12:09:12,delivery,,credit_card,completed
1004033,4,,2026-01-29 12:10:59,drive_thru,,debit_card,completed
1004034,13,1005,2026-01-29 12:13:34,dine_in,,cash,completed
1004035,2,89,2026-01-29 12:14:22,dine_in,,credit_card,completed
1004036,10,1798,2026-01-29 12:17:47,drive_thru,,credit_card,completed
1004037,3,2099,2026-01-29 12:17:57,takeout,,debit_card,completed
1004038,3,1988,2026-01-29 12:22:12,dine_in,,credit_card,completed
1004039,7,,2026-01-29 12:22:21,takeout,,debit_card,completed
1004040,10,,2026-01-29 12:28:21,drive_thru,,credit_card,completed
1004041,10,,2026-01-29 12:28:30,takeout,NEWYEAR10,credit_card,completed
1004042,19,,2026-01-29 12:28:34,dine_in,,debit_card,completed
1004043,5,2365,2026-01-29 12:31:22,delivery,,credit_card,completed
1004044,6,1580,2026-01-29 12:34:21,takeout,,apple_pay,completed
1004045,12,,2026-01-29 12:39:07,dine_in,,cash,completed
1004046,12,428,2026-01-29 12:41:40,dine_in,,cash,completed
1004047,3,1970,2026-01-29 12:42:46,dine_in,,cash,completed
1004049,4,2074,2026-01-29 12:48:35,takeout,NEWYEAR10,apple_pay,completed
1004051,3,,2026-01-29 12:55:29,dine_in,,debit_card,completed
1004052,6,1133,2026-01-29 12:56:56,delivery,,credit_card,completed
1004053,4,,2026-01-29 12:58:18,drive_thru,,credit_card,completed
1004056,3,1499,2026-01-29 13:04:26,delivery,,credit_card,completed
1004057,19,885,01/29/2026 13:06,takeout,,apple_pay,completed
1004058,8,1253,2026-01-29 13:10:00,takeout,NEWYEAR10,credit_card,completed
1004059,6,1651,2026-01-29 13:14:36,drive_thru,,credit_card,completed
1004060,19,,2026-01-29 13:15:28,delivery,,credit_card,completed
1004061,11,1980,01/29/2026 13:16,drive_thru,,credit_card,completed
1004062,13,862,2026-01-29 13:22:31,dine_in,,credit_card,completed
1004063,8,,2026-01-29 13:23:11,dine_in,,cash,completed
1004064,2,2244,2026-01-29 13:25:33,delivery,,debit_card,completed
1004065,6,2179,2026-01-29 13:25:43,dine_in,,credit_card,completed
1004066,7,,2026-01-29 13:25:51,dine_in,,apple_pay,refunded
1004067,6,1530,2026-01-29 13:25:52,dine_in,,debit_card,completed
1004068,16,,2026-01-29 13:40:42,delivery,,apple_pay,completed
1004069,4,,2026-01-29 14:19:27,dine_in,,debit_card,completed
1004070,15,,2026-01-29 14:28:13,dine_in,,cash,completed
1004071,2,1424,2026-01-29 14:50:24,takeout,,cash,completed
1004072,5,,2026-01-29 14:59:56,drive_thru,,cash,completed
1004073,17,1963,2026-01-29 15:07:43,dine_in,,cash,completed
1004074,19,2170,2026-01-29 15:09:29,dine_in,,cash,completed
1004076,6,576,2026-01-29 15:55:30,delivery,,credit_card,completed
1004077,2,,2026-01-29 16:03:59,takeout,,apple_pay,completed
1004078,7,1045,2026-01-29 16:10:11,takeout,,debit_card,completed
1004079,13,,2026-01-29 16:11:32,dine_in,,debit_card,completed
1004080,19,1983,2026-01-29 16:19:15,dine_in,,cash,completed
1004081,1,1201,2026-01-29 16:23:05,takeout,,debit_card,completed
1004082,19,80,2026-01-29 16:41:35,dine_in,,cash,completed
1004083,1,2456,2026-01-29 16:47:25,takeout,,debit_card,completed
1004084,7,527,2026-01-29 17:42:57,dine_in,,apple_pay,completed
1004085,1,429,01/29/2026 17:59,delivery,,credit_card,completed
1004086,13,,2026-01-29 18:05:23,takeout,NEWYEAR10,credit_card,completed
1004087,18,908,2026-01-29 18:05:41,dine_in,,cash,completed
1004088,6,24,2026-01-29 18:10:44,drive_thru,,cash,completed
1004089,5,536,2026-01-29 18:13:35,delivery,,credit_card,completed
1004091,10,1668,2026-01-29 18:20:51,takeout,,credit_card,completed
1004092,18,684,2026-01-29 18:23:54,dine_in,,credit_card,completed
1004093,16,,2026-01-29 18:27:53,takeout,,apple_pay,completed
1004094,19,2250,2026-01-29 18:31:45,takeout,,apple_pay,completed
1004095,15,337,2026-01-29 18:33:45,takeout,,debit_card,completed
1004097,15,,2026-01-29 18:38:20,delivery,,credit_card,completed
1004098,9,,2026-01-29 18:38:22,dine_in,,apple_pay,completed
1004099,13,391,2026-01-29 18:38:27,,,credit_card,completed
1004100,7,,2026-01-29 18:40:04,dine_in,,apple_pay,completed
1004101,12,1652,2026-01-29 18:40:07,dine_in,NEWYEAR10,credit_card,completed
1004102,19,,2026-01-29 18:40:17,takeout,,credit_card,completed
1004103,2,330,2026-01-29 18:41:16,dine_in,,debit_card,completed
1004104,7,1567,2026-01-29 18:41:25,dine_in,,gift_card,completed
1004105,19,,2026-01-29 18:42:16,drive_thru,,credit_card,completed
1004106,14,,2026-01-29 18:44:39,drive_thru,,debit_card,completed
1004107,3,1348,2026-01-29 18:45:14,dine_in,,apple_pay,completed
1004108,1,707,2026-01-29 18:47:52,dine_in,,credit_card,completed
1004109,16,,2026-01-29 18:48:41,takeout,,debit_card,completed
1004110,10,2078,2026-01-29 18:50:11,drive_thru,,apple_pay,completed
1004111,9,1758,2026-01-29 18:51:32,drive_thru,,apple_pay,completed
1004112,9,,2026-01-29 18:54:22,delivery,,credit_card,completed
1004113,5,,2026-01-29 18:54:44,drive_thru,,apple_pay,completed
1004114,10,1798,2026-01-29 18:57:16,delivery,,apple_pay,completed
1004115,19,1094,01/29/2026 18:58,drive_thru,,debit_card,completed
1004116,13,231,2026-01-29 19:05:01,takeout,,debit_card,completed
1004117,8,,2026-01-29 19:05:19,takeout,,credit_card,completed
1004118,1,,2026-01-29 19:06:28,dine_in,,credit_card,completed
1004119,6,1529,2026-01-29 19:06:28,takeout,,apple_pay,completed
1004120,11,466,2026-01-29 19:07:24,takeout,,apple_pay,completed
1004121,6,,2026-01-29 19:10:06,drive_thru,,apple_pay,completed
1004122,12,1918,2026-01-29 19:12:25,dine_in,,credit_card,completed
1004123,6,921,2026-01-29 19:12:29,dine_in,,debit_card,completed
1004124,13,288,2026-01-29 19:15:29,dine_in,,credit_card,completed
1004125,9,,2026-01-29 19:16:27,takeout,,cash,completed
1004126,7,550,2026-01-29 19:19:37,dine_in,,apple_pay,completed
1004128,4,2117,2026-01-29 19:22:42,drive_thru,,credit_card,completed
1004129,18,,2026-01-29 19:23:27,dine_in,,credit_card,completed
1004130,3,,2026-01-29 19:24:40,delivery,,credit_card,completed
1004131,6,,2026-01-29 19:24:57,drive_thru,,credit_card,completed
1004132,17,1147,2026-01-29 19:26:49,takeout,,credit_card,completed
1004133,8,359,2026-01-29 19:31:17,dine_in,,gift_card,completed
1004134,13,544,2026-01-29 19:32:07,dine_in,NEWYEAR10,cash,completed
1004135,13,,2026-01-29 19:32:57,takeout,,apple_pay,completed
1004136,6,1334,2026-01-29 19:35:10,dine_in,NEWYEAR10,credit_card,completed
1004137,2,491,2026-01-29 19:42:18,takeout,NEWYEAR10,debit_card,completed
1004138,12,,2026-01-29 19:45:41,dine_in,,gift_card,completed
1004140,12,,2026-01-29 19:52:17,dine_in,,cash,completed
1004141,13,,2026-01-29 19:53:59,dine_in,,debit_card,completed
1004142,17,1147,2026-01-29 19:58:08,takeout,,debit_card,completed
1004143,4,1524,2026-01-29 20:00:48,dine_in,,apple_pay,completed
1004144,17,1244,2026-01-29 20:11:45,dine_in,,debit_card,completed
1004145,14,255,2026-01-29 20:11:48,drive_thru,,credit_card,completed
1004146,19,,2026-01-29 20:34:50,dine_in,,cash,completed
1004147,13,,2026-01-29 21:01:33,takeout,,cash,completed
1004148,17,1700,2026-01-29 21:12:30,delivery,,credit_card,completed
1004149,13,,2026-01-29 21:57:06,dine_in,,credit_card,completed
1004150,2,78,2026-01-30 10:34:01,dine_in,,cash,completed
1004151,7,,2026-01-30 10:41:19,delivery,,credit_card,completed
1004152,7,,2026-01-30 10:56:22,takeout,NEWYEAR10,apple_pay,completed
1004153,12,1040,2026-01-30 11:27:51,delivery,,credit_card,completed
1004154,18,81,2026-01-30 11:31:50,drive_thru,,gift_card,completed
1004155,4,,2026-01-30 11:35:39,drive_thru,,apple_pay,completed
1004156,5,,2026-01-30 11:35:48,dine_in,,credit_card,completed
1004157,1,1422,2026-01-30 11:38:01,dine_in,NEWYEAR10,credit_card,completed
1004158,10,2338,2026-01-30 11:42:14,delivery,,debit_card,completed
1004159,8,867,2026-01-30 11:43:28,takeout,,apple_pay,completed
1004160,18,1775,2026-01-30 11:44:50,takeout,NEWYEAR10,credit_card,completed
1004161,19,1584,2026-01-30 11:50:44,drive_thru,NEWYEAR10,debit_card,completed
1004162,11,1004,2026-01-30 11:51:25,drive_thru,,credit_card,completed
1004163,18,,2026-01-30 11:51:27,drive_thru,,apple_pay,completed
1004164,13,98,2026-01-30 11:52:47,dine_in,NEWYEAR10,credit_card,completed
1004165,19,2126,2026-01-30 11:52:55,dine_in,,debit_card,completed
1004166,9,,2026-01-30 11:56:40,dine_in,NEWYEAR10,cash,completed
1004167,8,1404,2026-01-30 11:56:52,dine_in,,gift_card,completed
1004168,17,242,2026-01-30 11:59:01,takeout,,credit_card,completed
1004169,17,1332,2026-01-30 11:59:16,takeout,,debit_card,completed
1004170,1,,2026-01-30 12:03:58,takeout,,cash,completed
1004171,2,,2026-01-30 12:04:12,dine_in,,apple_pay,completed
1004172,5,623,2026-01-30 12:06:04,dine_in,,apple_pay,completed
1004173,11,2394,2026-01-30 12:06:19,takeout,,credit_card,completed
1004174,17,2259,2026-01-30 12:07:29,dine_in,,credit_card,completed
1004175,15,,2026-01-30 12:10:10,drive_thru,,credit_card,completed
1004176,15,2268,2026-01-30 12:11:03,takeout,,debit_card,cancelled
1004177,7,1256,2026-01-30 12:12:51,delivery,,credit_card,refunded
1004178,4,,2026-01-30 12:13:40,dine_in,,apple_pay,completed
1004180,12,,2026-01-30 12:17:43,dine_in,,debit_card,completed
1004181,15,337,2026-01-30 12:18:35,dine_in,,credit_card,cancelled
1004182,13,546,2026-01-30 12:19:40,dine_in,,credit_card,completed
1004183,13,1272,2026-01-30 12:19:55,dine_in,,credit_card,completed
1004184,14,2277,2026-01-30 12:20:08,dine_in,,credit_card,completed
1004185,16,1630,2026-01-30 12:25:07,dine_in,,cash,completed
1004186,2,,2026-01-30 12:26:57,dine_in,,credit_card,completed
1004187,16,,2026-01-30 12:27:11,dine_in,,credit_card,completed
1004188,10,,2026-01-30 12:27:46,dine_in,,credit_card,completed
1004189,18,632,2026-01-30 12:29:35,drive_thru,,credit_card,completed
1004190,17,96,2026-01-30 12:32:56,takeout,,credit_card,completed
1004191,1,2359,2026-01-30 12:33:46,takeout,,credit_card,completed
1004192,2,1806,2026-01-30 12:36:23,delivery,,debit_card,completed
1004193,16,,2026-01-30 12:36:53,dine_in,,credit_card,completed
1004194,2,1471,2026-01-30 12:37:09,dine_in,,debit_card,completed
1004195,9,660,2026-01-30 12:38:29,delivery,,credit_card,completed
1004196,13,1072,2026-01-30 12:39:25,dine_in,,credit_card,completed
1004197,8,,2026-01-30 12:39:54,takeout,,credit_card,cancelled
1004198,3,829,2026-01-30 12:44:01,dine_in,,credit_card,completed
1004199,5,,2026-01-30 12:44:40,drive_thru,,debit_card,completed
1004200,10,,2026-01-30 12:44:49,,,apple_pay,completed
1004201,4,416,2026-01-30 12:47:33,takeout,,cash,completed
1004202,12,,2026-01-30 12:47:37,takeout,,credit_card,completed
1004203,15,547,2026-01-30 12:48:54,delivery,,credit_card,completed
1004204,8,958,2026-01-30 12:49:46,takeout,,credit_card,completed
1004205,14,,2026-01-30 12:51:00,takeout,,debit_card,completed
1004206,15,729,2026-01-30 12:53:46,drive_thru,,credit_card,completed
1004207,1,1141,2026-01-30 12:58:17,dine_in,,gift_card,completed
1004208,3,2359,2026-01-30 12:58:50,delivery,NEWYEAR10,credit_card,refunded
1004209,1,515,2026-01-30 12:59:19,dine_in,,debit_card,completed
1004211,7,,2026-01-30 12:59:46,delivery,,credit_card,completed
1004212,1,,2026-01-30 13:00:33,dine_in,,apple_pay,completed
1004213,8,,2026-01-30 13:01:10,dine_in,,debit_card,completed
1004214,13,309,2026-01-30 13:01:38,dine_in,,credit_card,completed
1004215,10,,2026-01-30 13:02:21,dine_in,,credit_card,completed
1004217,7,,2026-01-30 13:05:23,delivery,,apple_pay,completed
1004218,12,753,2026-01-30 13:06:20,dine_in,,credit_card,completed
1004219,5,1417,2026-01-30 13:06:35,dine_in,NEWYEAR10,debit_card,completed
1004220,17,1300,2026-01-30 13:06:50,takeout,,debit_card,completed
1004221,3,2401,2026-01-30 13:08:59,takeout,NEWYEAR10,credit_card,completed
1004222,17,,2026-01-30 13:09:01,dine_in,,cash,completed
1004223,12,1227,2026-01-30 13:09:27,dine_in,,cash,completed
1004224,7,,2026-01-30 13:11:19,takeout,,apple_pay,completed
1004225,10,2425,2026-01-30 13:11:33,dine_in,,credit_card,completed
1004227,1,2486,2026-01-30 13:14:42,takeout,,credit_card,completed
1004228,15,1777,2026-01-30 13:14:57,dine_in,,cash,completed
1004229,15,2410,2026-01-30 13:15:25,delivery,,debit_card,completed
1004231,6,126,2026-01-30 13:17:20,drive_thru,,credit_card,completed
1004232,13,,2026-01-30 13:21:00,dine_in,,debit_card,completed
1004233,14,,2026-01-30 13:21:56,delivery,,credit_card,completed
1004235,16,,2026-01-30 13:28:00,takeout,,debit_card,completed
1004236,19,1809,2026-01-30 13:29:25,dine_in,,apple_pay,completed
1004237,10,18,2026-01-30 13:32:40,dine_in,,debit_card,completed
1004238,15,,2026-01-30 13:37:46,dine_in,,debit_card,completed
1004239,7,,2026-01-30 13:37:56,dine_in,,credit_card,completed
1004240,2,55,2026-01-30 13:48:03,delivery,,apple_pay,completed
1004241,2,2322,2026-01-30 14:09:09,takeout,,cash,completed
1004242,11,884,2026-01-30 14:09:18,drive_thru,,apple_pay,completed
1004244,14,1214,2026-01-30 14:47:59,takeout,,gift_card,completed
1004246,6,1368,2026-01-30 14:52:16,drive_thru,,apple_pay,cancelled
1004247,3,1527,2026-01-30 15:58:35,takeout,,credit_card,completed
1004248,17,174,2026-01-30 16:14:59,takeout,,apple_pay,completed
1004249,15,509,2026-01-30 16:57:11,delivery,,credit_card,completed
1004250,1,,2026-01-30 17:14:12,dine_in,,credit_card,completed
1004251,1,2040,2026-01-30 17:15:29,takeout,,credit_card,completed
1004252,4,1205,2026-01-30 17:18:00,delivery,,credit_card,completed
1004253,16,1914,2026-01-30 17:28:35,dine_in,,debit_card,completed
1004254,9,1589,2026-01-30 17:40:25,drive_thru,,apple_pay,completed
1004255,9,1886,2026-01-30 17:41:13,takeout,,debit_card,completed
1004256,19,2017,2026-01-30 17:41:19,takeout,,credit_card,completed
1004258,1,791,2026-01-30 17:46:29,takeout,,credit_card,completed
1004259,7,1483,2026-01-30 17:49:14,takeout,,credit_card,completed
1004260,2,1021,2026-01-30 17:53:01,delivery,,debit_card,completed
1004261,17,2332,2026-01-30 17:54:54,dine_in,,apple_pay,completed
1004262,3,,2026-01-30 17:55:42,dine_in,,apple_pay,completed
1004265,14,446,2026-01-30 17:59:42,drive_thru,,credit_card,completed
1004266,13,2210,2026-01-30 18:03:37,dine_in,,debit_card,completed
1004267,12,,2026-01-30 18:06:01,dine_in,,apple_pay,completed
1004268,2,981,2026-01-30 18:06:45,takeout,,credit_card,completed
1004269,1,2331,2026-01-30 18:07:19,dine_in,NEWYEAR10,credit_card,completed
1004270,1,2011,2026-01-30 18:09:37,dine_in,,debit_card,completed
1004271,2,661,2026-01-30 18:17:46,delivery,,credit_card,completed
1004272,10,628,2026-01-30 18:20:53,dine_in,,debit_card,completed
1004273,14,,2026-01-30 18:23:24,delivery,,debit_card,completed
1004274,8,2008,2026-01-30 18:28:04,delivery,,credit_card,completed
1004275,4,1205,2026-01-30 18:29:58,dine_in,,debit_card,completed
1004276,6,,2026-01-30 18:30:00,dine_in,,credit_card,completed
1004277,5,,2026-01-30 18:32:15,takeout,,cash,completed
1004278,18,893,2026-01-30 18:37:53,drive_thru,,debit_card,completed
1004279,9,358,2026-01-30 18:38:00,takeout,,credit_card,completed
1004280,8,1475,2026-01-30 18:39:15,dine_in,,apple_pay,completed
1004281,8,460,2026-01-30 18:39:57,dine_in,,debit_card,completed
1004282,4,,2026-01-30 18:40:04,drive_thru,,gift_card,completed
1004283,1,415,2026-01-30 18:41:35,delivery,NEWYEAR10,credit_card,completed
1004285,10,2201,2026-01-30 18:45:47,takeout,,cash,completed
1004286,11,1182,2026-01-30 18:48:02,dine_in,,cash,completed
1004288,18,1206,2026-01-30 18:50:57,dine_in,,credit_card,completed
1004289,1,,2026-01-30 18:50:58,takeout,,credit_card,completed
1004290,17,2034,2026-01-30 18:50:59,takeout,,credit_card,completed
1004291,10,734,2026-01-30 18:51:17,drive_thru,,credit_card,completed
1004292,17,1146,2026-01-30 18:51:39,delivery,,credit_card,completed
1004293,17,232,2026-01-30 18:52:08,dine_in,,cash,completed
1004294,7,502,2026-01-30 18:55:14,dine_in,,debit_card,completed
1004295,18,,2026-01-30 18:56:51,delivery,,credit_card,completed
1004296,12,,2026-01-30 18:58:07,delivery,,credit_card,completed
1004297,16,,2026-01-30 18:59:17,dine_in,,credit_card,completed
1004298,7,645,2026-01-30 19:00:17,takeout,,credit_card,completed
1004299,3,2314,2026-01-30 19:02:14,dine_in,,apple_pay,completed
1004300,4,1927,2026-01-30 19:03:01,,,credit_card,completed
1004301,14,2316,2026-01-30 19:03:02,delivery,,apple_pay,completed
1004302,10,,2026-01-30 19:04:53,dine_in,,credit_card,completed
1004303,8,1252,2026-01-30 19:04:56,delivery,,credit_card,completed
1004304,3,422,2026-01-30 19:05:39,dine_in,,credit_card,completed
1004305,10,,2026-01-30 19:06:54,dine_in,,credit_card,completed
1004306,10,2395,2026-01-30 19:08:56,dine_in,,debit_card,completed
1004307,8,719,2026-01-30 19:10:20,dine_in,,credit_card,completed
1004308,1,739,2026-01-30 19:12:09,takeout,,credit_card,completed
1004309,1,2456,2026-01-30 19:16:08,takeout,,credit_card,completed
1004310,19,,2026-01-30 19:16:36,dine_in,,debit_card,completed
1004311,7,1305,2026-01-30 19:17:55,delivery,,apple_pay,completed
1004312,7,,2026-01-30 19:19:05,,,gift_card,cancelled
1004314,5,932,2026-01-30 19:21:26,delivery,,credit_card,completed
1004315,11,941,2026-01-30 19:21:28,takeout,,apple_pay,completed
1004316,14,584,2026-01-30 19:21:40,drive_thru,,apple_pay,completed
1004317,15,2268,2026-01-30 19:29:35,delivery,,credit_card,completed
1004319,8,1026,2026-01-30 19:30:15,dine_in,,cash,completed
1004320,14,2316,2026-01-30 19:30:45,takeout,,debit_card,completed
1004321,12,1297,2026-01-30 19:33:41,delivery,,credit_card,refunded
1004322,8,1917,2026-01-30 19:33:50,dine_in,NEWYEAR10,credit_card,completed
1004323,13,,2026-01-30 19:37:10,dine_in,,debit_card,completed
1004324,18,414,2026-01-30 19:37:33,drive_thru,,credit_card,completed
1004325,19,2017,2026-01-30 19:37:51,drive_thru,,credit_card,completed
1004326,2,1356,2026-01-30 19:40:14,delivery,,credit_card,completed
1004327,13,544,2026-01-30 19:45:27,delivery,,credit_card,completed
1004328,9,217,2026-01-30 19:46:34,dine_in,,credit_card,completed
1004329,14,646,2026-01-30 19:50:16,drive_thru,,credit_card,completed
1004330,10,,01/30/2026 19:50,dine_in,,debit_card,completed
1004331,5,1765,2026-01-30 20:03:54,takeout,,credit_card,completed
1004332,3,,2026-01-30 20:09:47,takeout,,credit_card,completed
1004333,3,,2026-01-30 20:27:19,takeout,,cash,completed
1004334,17,2198,2026-01-30 20:33:40,takeout,,credit_card,completed
1004335,12,2210,2026-01-30 20:45:59,dine_in,,apple_pay,completed
1004336,13,1862,2026-01-30 20:47:29,takeout,,cash,completed
1004337,3,1641,2026-01-30 20:49:51,delivery,,debit_card,completed
1004338,12,470,2026-01-30 20:55:33,dine_in,,gift_card,completed
1004339,11,,2026-01-30 21:28:06,dine_in,,credit_card,completed
1004340,18,756,2026-01-30 21:52:19,drive_thru,,credit_card,completed
1004341,2,1938,2026-01-30 21:59:49,takeout,,credit_card,completed
1004343,10,1004,2026-01-31 11:11:57,dine_in,,credit_card,completed
1004344,1,,2026-01-31 11:14:48,takeout,,debit_card,completed
1004345,10,1538,2026-01-31 11:16:51,delivery,,debit_card,completed
1004346,9,157,2026-01-31 11:29:12,delivery,NEWYEAR10,apple_pay,completed
1004348,9,,2026-01-31 11:33:46,drive_thru,,debit_card,completed
1004349,3,1437,2026-01-31 11:35:50,takeout,,cash,completed
1004350,18,,2026-01-31 11:37:45,drive_thru,,credit_card,completed
1004351,8,1262,2026-01-31 11:38:46,takeout,,credit_card,completed
1004353,3,,2026-01-31 11:42:40,takeout,,debit_card,completed
1004354,2,2177,2026-01-31 11:44:01,takeout,,cash,completed
1004356,14,1234,2026-01-31 11:54:50,dine_in,,debit_card,completed
1004357,16,970,2026-01-31 11:55:10,delivery,,apple_pay,completed
1004358,1,,2026-01-31 11:57:55,dine_in,,credit_card,completed
1004359,16,1754,2026-01-31 11:58:04,takeout,,cash,completed
1004360,10,,2026-01-31 12:00:15,takeout,,credit_card,completed
1004362,8,,2026-01-31 12:00:38,dine_in,,credit_card,completed
1004363,15,2325,2026-01-31 12:02:25,takeout,,credit_card,completed
1004364,18,4,2026-01-31 12:02:48,takeout,,debit_card,completed
1004365,17,1146,2026-01-31 12:06:03,delivery,,debit_card,completed
1004366,13,886,2026-01-31 12:06:10,takeout,,credit_card,completed
1004367,8,2454,2026-01-31 12:06:52,dine_in,,cash,completed
1004368,15,1127,2026-01-31 12:10:47,drive_thru,,credit_card,completed
1004369,10,202,2026-01-31 12:11:21,drive_thru,,credit_card,completed
1004371,17,1147,2026-01-31 12:13:46,dine_in,,credit_card,completed
1004372,13,473,2026-01-31 12:14:14,takeout,,gift_card,completed
1004373,12,,2026-01-31 12:16:29,takeout,,gift_card,completed
1004375,19,668,2026-01-31 12:16:54,takeout,,debit_card,completed
1004376,3,,2026-01-31 12:18:36,delivery,,credit_card,completed
1004377,17,242,2026-01-31 12:19:22,dine_in,,cash,completed
1004378,11,1602,2026-01-31 12:20:14,drive_thru,,cash,completed
1004379,4,,2026-01-31 12:20:40,dine_in,,credit_card,completed
1004380,10,645,2026-01-31 12:21:19,drive_thru,,credit_card,completed
1004381,14,1703,2026-01-31 12:24:18,drive_thru,,cash,completed
1004382,12,,2026-01-31 12:25:46,dine_in,,cash,completed
1004383,13,1101,2026-01-31 12:27:28,dine_in,,apple_pay,completed
1004384,3,,2026-01-31 12:29:00,takeout,,credit_card,completed
1004385,15,,2026-01-31 12:29:01,delivery,,debit_card,completed
1004386,7,782,2026-01-31 12:29:17,takeout,,credit_card,completed
1004387,17,80,2026-01-31 12:29:34,dine_in,,credit_card,completed
1004388,17,1147,2026-01-31 12:33:18,takeout,,apple_pay,completed
1004389,3,133,2026-01-31 12:37:07,takeout,,apple_pay,completed
1004390,16,,2026-01-31 12:37:56,dine_in,,apple_pay,completed
1004391,9,,2026-01-31 12:38:31,drive_thru,,debit_card,completed
1004392,13,2210,2026-01-31 12:38:51,dine_in,,debit_card,completed
1004393,5,2206,2026-01-31 12:39:04,drive_thru,NEWYEAR10,credit_card,completed
1004394,18,1001,2026-01-31 12:39:06,dine_in,,credit_card,completed
1004395,2,,2026-01-31 12:40:16,dine_in,,credit_card,completed
1004396,10,,2026-01-31 12:41:52,delivery,,apple_pay,completed
1004397,17,414,2026-01-31 12:46:57,delivery,,credit_card,completed
1004398,2,,2026-01-31 12:47:07,takeout,,credit_card,completed
1004399,10,1013,2026-01-31 12:50:06,takeout,,cash,completed
1004400,6,,2026-01-31 12:51:53,drive_thru,,credit_card,completed
1004401,12,2309,2026-01-31 12:53:20,dine_in,,debit_card,completed
1004402,7,,2026-01-31 12:53:38,takeout,,credit_card,completed
1004403,13,209,2026-01-31 12:55:02,dine_in,,cash,refunded
1004404,1,748,2026-01-31 12:55:51,dine_in,,credit_card,completed
1004405,3,2399,2026-01-31 12:56:43,delivery,,apple_pay,completed
1004406,18,1629,2026-01-31 12:57:13,dine_in,,apple_pay,completed
1004407,10,,2026-01-31 12:59:50,takeout,,credit_card,completed
1004408,1,1141,2026-01-31 13:00:14,takeout,,debit_card,completed
1004410,8,,2026-01-31 13:01:06,takeout,,cash,refunded
1004411,14,855,2026-01-31 13:02:47,delivery,,debit_card,completed
1004412,12,2085,2026-01-31 13:06:46,takeout,,cash,completed
1004413,15,759,2026-01-31 13:07:00,drive_thru,,debit_card,completed
1004414,7,,2026-01-31 13:07:35,takeout,,credit_card,completed
1004415,10,302,2026-01-31 13:09:28,dine_in,,gift_card,completed
1004416,5,,2026-01-31 13:10:13,delivery,,apple_pay,completed
1004418,19,1498,2026-01-31 13:15:28,drive_thru,,cash,completed
1004419,14,2207,2026-01-31 13:15:45,dine_in,,apple_pay,completed
1004420,18,276,2026-01-31 13:16:18,dine_in,,credit_card,completed
1004421,7,1327,2026-01-31 13:18:23,dine_in,,apple_pay,completed
1004422,3,,2026-01-31 13:19:04,takeout,,credit_card,completed
1004423,3,,2026-01-31 13:23:13,takeout,,credit_card,completed
1004424,10,561,2026-01-31 13:23:48,drive_thru,,cash,completed
1004425,8,2106,2026-01-31 13:27:42,takeout,,gift_card,completed
1004426,12,1881,2026-01-31 13:28:57,dine_in,,apple_pay,completed
1004427,12,110,2026-01-31 13:41:18,takeout,,credit_card,completed
1004428,6,,2026-01-31 13:57:06,dine_in,,debit_card,completed
1004429,2,,2026-01-31 14:17:11,dine_in,,credit_card,completed
1004431,12,2252,2026-01-31 14:43:13,dine_in,,apple_pay,completed
1004432,5,2080,2026-01-31 14:52:44,takeout,,credit_card,completed
1004433,4,,2026-01-31 15:04:18,dine_in,,credit_card,completed
1004435,10,106,2026-01-31 15:45:47,dine_in,,credit_card,completed
1004436,9,,2026-01-31 16:31:27,dine_in,,credit_card,completed
1004437,4,2478,2026-01-31 16:44:26,dine_in,,credit_card,completed
1004438,19,,2026-01-31 16:48:43,takeout,,credit_card,completed
1004439,1,1600,2026-01-31 16:52:44,takeout,,debit_card,completed
1004440,2,1150,2026-01-31 16:54:14,delivery,,apple_pay,completed
1004441,15,781,01/31/2026 16:58,drive_thru,,debit_card,completed
1004442,3,1220,2026-01-31 17:16:48,delivery,,credit_card,completed
1004443,12,,2026-01-31 17:27:53,dine_in,,credit_card,completed
1004444,2,,2026-01-31 17:33:03,dine_in,,credit_card,completed
1004445,19,,2026-01-31 17:43:49,takeout,,debit_card,completed
1004446,13,1341,2026-01-31 17:49:14,dine_in,,debit_card,completed
1004447,8,957,2026-01-31 17:49:39,takeout,NEWYEAR10,credit_card,completed
1004448,2,,2026-01-31 17:53:06,dine_in,,cash,completed
1004449,19,,2026-01-31 17:53:18,takeout,,cash,completed
1004450,15,2268,2026-01-31 18:00:05,dine_in,,credit_card,completed
1004451,16,1963,2026-01-31 18:01:04,takeout,,debit_card,completed
1004452,13,,2026-01-31 18:01:53,dine_in,,credit_card,completed
1004453,6,,2026-01-31 18:03:25,drive_thru,,debit_card,completed
1004454,12,43,2026-01-31 18:13:10,dine_in,,cash,completed
1004455,4,,2026-01-31 18:17:49,drive_thru,,credit_card,completed
1004456,7,2035,2026-01-31 18:18:40,dine_in,,debit_card,completed
1004457,5,397,2026-01-31 18:20:10,takeout,,credit_card,completed
1004458,14,2406,2026-01-31 18:20:46,drive_thru,,debit_card,completed
1004459,8,2008,2026-01-31 18:22:10,dine_in,,apple_pay,completed
1004460,7,2310,01/31/2026 18:27,dine_in,,debit_card,completed
1004461,5,,2026-01-31 18:28:24,drive_thru,,apple_pay,completed
1004462,10,1112,2026-01-31 18:32:44,drive_thru,,gift_card,completed
1004464,14,1114,2026-01-31 18:34:51,drive_thru,,cash,completed
1004465,4,1927,2026-01-31 18:37:22,drive_thru,,debit_card,completed
1004466,15,,2026-01-31 18:39:12,dine_in,,debit_card,completed
1004467,1,,2026-01-31 18:41:22,dine_in,,credit_card,completed
1004468,4,,2026-01-31 18:42:12,takeout,,debit_card,completed
1004469,4,,2026-01-31 18:45:55,dine_in,,debit_card,completed
1004470,3,1992,2026-01-31 18:48:33,dine_in,,debit_card,completed
1004471,1,,2026-01-31 18:49:27,takeout,,credit_card,completed
1004472,18,159,2026-01-31 18:49:40,drive_thru,,cash,completed
1004473,9,728,2026-01-31 18:50:12,drive_thru,,apple_pay,completed
1004474,2,1547,2026-01-31 18:53:23,delivery,,credit_card,completed
1004476,17,1762,2026-01-31 18:56:26,delivery,,debit_card,completed
1004477,2,,2026-01-31 18:57:40,dine_in,,credit_card,completed
1004478,13,288,2026-01-31 18:57:47,dine_in,,gift_card,completed
1004479,3,944,2026-01-31 18:58:03,takeout,,credit_card,completed
1004480,2,1096,2026-01-31 19:01:35,takeout,,credit_card,completed
1004481,4,,2026-01-31 19:03:28,drive_thru,,gift_card,completed
1004482,19,320,2026-01-31 19:03:30,dine_in,,credit_card,completed
1004483,13,348,2026-01-31 19:04:33,dine_in,NEWYEAR10,debit_card,completed
1004484,17,414,2026-01-31 19:08:50,dine_in,,credit_card,completed
1004486,14,1768,2026-01-31 19:09:43,dine_in,,credit_card,cancelled
1004487,15,2123,2026-01-31 19:12:42,drive_thru,NEWYEAR10,cash,completed
1004488,4,51,2026-01-31 19:17:36,dine_in,,apple_pay,completed
1004489,18,675,2026-01-31 19:19:00,dine_in,,credit_card,completed
1004491,8,1475,2026-01-31 19:20:32,dine_in,,credit_card,completed
1004492,2,,2026-01-31 19:21:33,takeout,,debit_card,completed
1004493,3,,2026-01-31 19:26:25,dine_in,,debit_card,completed
1004494,2,2292,2026-01-31 19:26:36,delivery,,debit_card,completed
1004495,10,1810,2026-01-31 19:27:16,dine_in,,credit_card,completed
1004496,8,2055,2026-01-31 19:31:32,takeout,,credit_card,completed
1004497,8,,2026-01-31 19:31:35,dine_in,,gift_card,completed
1004498,14,1793,2026-01-31 19:32:27,dine_in,,credit_card,completed
1004499,12,1308,2026-01-31 19:35:22,dine_in,,debit_card,completed
1004500,4,1632,2026-01-31 19:36:48,drive_thru,,apple_pay,completed
1004501,3,965,2026-01-31 19:37:29,delivery,,apple_pay,completed
1004502,9,709,2026-01-31 19:37:38,takeout,,credit_card,completed
1004503,15,,2026-01-31 19:37:43,takeout,,cash,completed
1004504,4,,2026-01-31 19:40:20,drive_thru,,debit_card,completed
1004505,10,,2026-01-31 19:40:43,,NEWYEAR10,credit_card,completed
1004506,11,,2026-01-31 19:43:05,takeout,,credit_card,completed
1004508,10,839,2026-01-31 19:53:31,drive_thru,,credit_card,completed
1004509,16,,2026-01-31 19:53:57,takeout,,credit_card,completed
1004510,12,,2026-01-31 19:54:00,dine_in,,apple_pay,completed
1004511,6,1333,2026-01-31 19:57:23,drive_thru,,credit_card,completed
1004513,6,,2026-01-31 19:57:59,drive_thru,,debit_card,completed
1004514,4,1876,2026-01-31 20:01:39,drive_thru,,credit_card,completed
1004515,10,1901,2026-01-31 20:05:04,dine_in,,credit_card,completed
1004516,16,1889,2026-01-31 20:06:07,delivery,,credit_card,cancelled
1004517,8,,2026-01-31 20:14:13,dine_in,,credit_card,completed
1004518,3,1423,2026-01-31 20:17:54,dine_in,,debit_card,completed
1004519,11,,2026-01-31 20:19:50,drive_thru,,apple_pay,completed
1004520,7,,2026-01-31 20:25:31,dine_in,,credit_card,completed
1004521,16,1149,2026-01-31 20:50:18,takeout,,credit_card,completed
1004522,6,,2026-01-31 21:05:26,drive_thru,,credit_card,completed
1004523,7,551,2026-01-31 21:18:09,dine_in,,credit_card,completed
1004524,14,1114,2026-01-31 21:34:55,dine_in,,debit_card,completed
1004525,15,23,2026-01-31 21:35:13,takeout,,apple_pay,completed
1004526,7,1013,2026-01-31 21:48:58,dine_in,,cash,completed
1004527,17,,2026-01-31 21:51:33,takeout,NEWYEAR10,credit_card,completed
1004528,2,2222,2026-01-31 21:59:15,dine_in,,debit_card,completed
1004529,16,218,2026-01-31 21:59:38,takeout,,credit_card,completed
