order_id,location_id,customer_id,order_ts,channel,promo_code,payment_type,order_status
1018443,2,,2026-05-01 10:33:04,delivery,CRAWFRI,credit_card,completed
1018472,7,1479,2026-05-01 11:56:02,,,credit_card,completed
1018724,12,2375,2026-05-02 12:08:27,dine_in,,credit_card,completed
1018742,1,,2026-05-02 12:26:01,dine_in,,debit_card,completed
1018759,3,,2026-05-02 12:43:06,dine_in,,credit_card,refunded
1018771,1,,2026-05-02 12:55:42,delivery,,credit_card,refunded
1018823,17,414,2026-05-02 18:13:50,dine_in,,credit_card,completed
1018855,15,,2026-05-02 18:51:06,drive_thru,,credit_card,completed
1018877,11,686,2026-05-02 19:20:25,dine_in,,credit_card,completed
1018883,13,,2026-05-02 19:25:08,dine_in,,debit_card,completed
1018936,14,255,2026-05-03 11:58:16,takeout,,cash,refunded
1018997,8,2143,2026-05-03 13:16:58,dine_in,,cash,completed
1019107,13,592,2026-05-03 21:34:40,dine_in,,credit_card,completed
1019154,13,,2026-05-04 12:23:54,takeout,,debit_card,completed
1019241,9,1922,2026-05-04 18:44:01,delivery,,gift_card,refunded
1019330,18,1130,2026-05-05 12:37:38,delivery,,credit_card,refunded
1019394,12,38,2026-05-05 18:51:56,takeout,,cash,completed
1019412,14,1680,2026-05-05 19:23:36,delivery,,credit_card,completed
1019439,19,,2026-05-06 11:03:02,takeout,,credit_card,refunded
1019562,4,2146,2026-05-06 18:41:11,dine_in,,credit_card,completed
1019601,1,32,2026-05-06 19:53:55,delivery,,debit_card,refunded
1019799,1,1723,2026-05-08 11:42:56,dine_in,,credit_card,completed
1019841,4,1608,2026-05-08 12:29:25,drive_thru,,credit_card,refunded
1019848,20,524,2026-05-08 12:33:43,dine_in,,apple_pay,completed
1019861,6,,2026-05-08 12:44:20,drive_thru,,cash,refunded
1019956,12,1042,2026-05-08 18:39:55,takeout,,debit_card,refunded
1020026,19,2024,2026-05-08 20:25:56,,,debit_card,completed
1020080,3,748,2026-05-09 12:16:00,dine_in,,debit_card,completed
1020429,5,,2026-05-10 19:39:17,drive_thru,,gift_card,completed
1020471,18,1740,2026-05-11 12:17:00,dine_in,,debit_card,completed
1020564,10,107,2026-05-11 18:38:34,delivery,,credit_card,completed
1020673,13,,2026-05-12 17:28:35,dine_in,BOUDIN20,apple_pay,completed
1020808,7,,2026-05-13 14:48:37,delivery,,apple_pay,completed
1020817,20,,2026-05-13 16:47:24,dine_in,,apple_pay,completed
1020860,3,1936,2026-05-13 19:18:17,takeout,,apple_pay,refunded
1020987,1,282,2026-05-14 18:17:29,dine_in,,credit_card,completed
1021036,11,,2026-05-14 19:35:53,drive_thru,,credit_card,completed
1021391,7,702,05/16/2026 12:13,dine_in,,credit_card,completed
1021409,8,1088,2026-05-16 12:28:24,dine_in,BOUDIN20,apple_pay,completed
1021417,4,1960,2026-05-16 12:35:16,dine_in,,credit_card,completed
1021687,20,524,2026-05-17 13:02:11,delivery,,credit_card,completed
1021710,7,303,2026-05-17 16:28:26,delivery,,debit_card,completed
1021769,5,873,2026-05-17 19:30:59,takeout,BOUDIN20,cash,completed
1021937,10,2480,2026-05-18 19:49:25,,,debit_card,completed
1021985,12,1918,2026-05-19 12:46:21,takeout,,debit_card,completed
1022021,6,,2026-05-19 18:22:02,delivery,,debit_card,completed
1022098,9,,2026-05-20 12:12:09,delivery,,apple_pay,completed
1022133,15,596,2026-05-20 12:48:57,drive_thru,,gift_card,completed
1022320,4,850,2026-05-21 13:25:35,delivery,,credit_card,completed
1022379,1,746,2026-05-21 19:08:42,dine_in,,apple_pay,refunded
1022553,5,,2026-05-22 17:08:55,delivery,,credit_card,completed
1022570,19,834,2026-05-22 17:46:21,drive_thru,BOUDIN20,credit_card,completed
1022648,1,,2026-05-22 19:28:45,dine_in,,apple_pay,refunded
1022671,16,1434,2026-05-22 19:54:57,dine_in,,cash,refunded
1022826,16,607,2026-05-23 16:00:25,dine_in,,credit_card,completed
1022838,3,,2026-05-23 17:29:02,dine_in,,credit_card,completed
1022986,16,2161,2026-05-24 12:01:14,dine_in,,debit_card,cancelled
1023005,5,951,2026-05-24 12:23:43,takeout,,cash,completed
1023080,1,267,2026-05-24 18:41:51,dine_in,,debit_card,refunded
1023101,14,10,2026-05-24 19:20:29,dine_in,,debit_card,refunded
1023137,14,,2026-05-25 11:46:48,dine_in,,credit_card,completed
1023330,18,,2026-05-26 14:02:33,drive_thru,,cash,refunded
1023357,14,446,2026-05-26 18:32:16,drive_thru,,credit_card,completed
1023406,11,,2026-05-27 11:08:12,takeout,,apple_pay,completed
1023525,2,,2026-05-27 19:22:40,dine_in,,credit_card,completed
1023622,14,,2026-05-28 18:11:06,dine_in,,cash,completed
1023690,17,,2026-05-29 10:48:28,takeout,,apple_pay,completed
1023859,14,1191,2026-05-29 18:53:01,drive_thru,,credit_card,refunded
1023915,6,,2026-05-29 20:17:02,dine_in,BOUDIN20,credit_card,completed
1023953,8,1327,2026-05-30 12:14:10,dine_in,,debit_card,completed
1024269,5,,2026-05-31 18:22:06,takeout,,credit_card,completed
1024303,14,,2026-05-31 19:40:22,dine_in,,credit_card,completed
1024327,19,2460,2026-06-01 10:34:57,drive_thru,,apple_pay,completed
1024328,14,,2026-06-01 11:30:43,dine_in,,cash,completed
1024329,2,,2026-06-01 11:32:56,delivery,DELIVER15,credit_card,completed
1024330,14,,2026-06-01 11:33:01,delivery,,credit_card,completed
1024331,10,1901,2026-06-01 11:38:29,delivery,,apple_pay,completed
1024332,1,2077,2026-06-01 11:41:15,dine_in,,credit_card,completed
1024333,15,596,2026-06-01 11:45:26,takeout,,cash,completed
1024334,15,1797,2026-06-01 11:51:46,drive_thru,,apple_pay,completed
1024335,7,1973,2026-06-01 11:51:59,delivery,,credit_card,completed
1024336,19,,2026-06-01 11:52:52,dine_in,,credit_card,completed
1024337,1,1929,2026-06-01 11:53:39,takeout,,debit_card,completed
1024338,14,318,2026-06-01 11:59:13,drive_thru,,credit_card,completed
1024339,7,149,2026-06-01 12:02:00,delivery,,credit_card,completed
1024340,10,1903,2026-06-01 12:02:48,dine_in,,credit_card,completed
1024341,14,646,2026-06-01 12:03:16,delivery,,credit_card,completed
1024342,19,301,2026-06-01 12:03:32,delivery,DELIVER15,apple_pay,completed
1024343,14,1296,2026-06-01 12:04:59,dine_in,,credit_card,completed
1024344,11,2283,2026-06-01 12:05:12,dine_in,,credit_card,completed
1024345,11,,2026-06-01 12:05:37,dine_in,,credit_card,completed
1024346,20,,2026-06-01 12:06:46,delivery,,credit_card,completed
1024347,8,,2026-06-01 12:06:55,takeout,,credit_card,cancelled
1024348,15,601,2026-06-01 12:09:45,drive_thru,,debit_card,completed
1024349,4,,2026-06-01 12:10:21,delivery,,debit_card,completed
1024350,6,911,2026-06-01 12:11:25,delivery,,credit_card,completed
1024351,7,568,2026-06-01 12:11:32,dine_in,,debit_card,completed
1024352,7,,2026-06-01 12:11:36,dine_in,,debit_card,completed
1024353,7,674,2026-06-01 12:12:18,delivery,,debit_card,refunded
1024354,16,1557,2026-06-01 12:13:06,delivery,,credit_card,completed
1024355,14,780,2026-06-01 12:14:21,delivery,,apple_pay,completed
1024356,1,1025,2026-06-01 12:15:37,dine_in,,credit_card,completed
1024357,11,,2026-06-01 12:17:44,delivery,,credit_card,completed
1024358,7,297,2026-06-01 12:17:55,takeout,,credit_card,completed
1024359,5,1964,06/01/2026 12:18,dine_in,,gift_card,completed
1024360,18,826,2026-06-01 12:21:14,drive_thru,,credit_card,completed
1024361,16,194,06/01/2026 12:21,dine_in,,debit_card,completed
1024362,11,1363,2026-06-01 12:21:45,dine_in,,credit_card,completed
1024363,2,,2026-06-01 12:28:17,dine_in,,credit_card,completed
1024364,11,,2026-06-01 12:28:31,takeout,,gift_card,completed
1024365,3,965,2026-06-01 12:34:16,dine_in,,cash,completed
1024366,16,,2026-06-01 12:37:20,delivery,,credit_card,completed
1024367,7,2030,2026-06-01 12:41:58,dine_in,,credit_card,completed
1024368,19,,2026-06-01 12:42:22,dine_in,,apple_pay,completed
1024369,7,,2026-06-01 12:42:24,dine_in,,credit_card,cancelled
1024370,12,1698,2026-06-01 12:43:28,takeout,,cash,completed
1024371,19,216,2026-06-01 12:43:40,delivery,DELIVER15,credit_card,completed
1024372,15,1753,2026-06-01 12:44:19,dine_in,,debit_card,completed
1024373,11,1513,2026-06-01 12:45:08,drive_thru,,credit_card,completed
1024374,17,520,2026-06-01 12:45:35,dine_in,,cash,completed
1024375,10,602,2026-06-01 12:46:54,dine_in,,credit_card,completed
1024376,8,2143,2026-06-01 12:47:16,dine_in,,credit_card,completed
1024377,17,,2026-06-01 12:48:31,delivery,,credit_card,completed
1024378,4,1317,2026-06-01 12:49:28,dine_in,,gift_card,completed
1024379,6,2059,2026-06-01 12:51:08,delivery,,credit_card,completed
1024380,6,1099,2026-06-01 12:55:18,delivery,,credit_card,completed
1024381,12,1965,2026-06-01 12:57:47,delivery,,debit_card,completed
1024382,6,,2026-06-01 13:02:28,delivery,DELIVER15,apple_pay,completed
1024383,5,624,2026-06-01 13:06:20,dine_in,,credit_card,completed
1024384,19,1573,2026-06-01 13:06:34,delivery,,apple_pay,completed
1024385,14,1390,2026-06-01 13:08:15,delivery,,debit_card,completed
1024386,16,36,2026-06-01 13:09:05,dine_in,,credit_card,completed
1024387,3,2270,2026-06-01 13:14:02,delivery,DELIVER15,credit_card,completed
1024388,17,1265,2026-06-01 13:14:51,delivery,,apple_pay,completed
1024389,3,918,2026-06-01 13:24:52,delivery,,credit_card,completed
1024390,8,2000,2026-06-01 13:28:14,delivery,,credit_card,completed
1024391,6,,2026-06-01 13:35:08,takeout,,credit_card,completed
1024392,8,,2026-06-01 13:41:32,takeout,,apple_pay,completed
1024393,3,1414,2026-06-01 14:09:54,dine_in,,cash,completed
1024394,1,253,2026-06-01 14:11:11,dine_in,,apple_pay,completed
1024395,8,1551,06/01/2026 14:30,takeout,,credit_card,completed
1024396,12,,2026-06-01 14:32:10,dine_in,,credit_card,completed
1024397,2,1144,2026-06-01 15:03:40,delivery,DELIVER15,credit_card,completed
1024398,14,1725,2026-06-01 15:17:08,drive_thru,,credit_card,completed
1024399,13,,2026-06-01 15:36:52,dine_in,,cash,completed
1024400,4,1927,2026-06-01 15:40:58,drive_thru,,credit_card,completed
1024401,3,108,2026-06-01 16:20:05,dine_in,,credit_card,refunded
1024402,15,,2026-06-01 16:56:08,delivery,,credit_card,completed
1024403,14,2277,2026-06-01 17:21:32,delivery,DELIVER15,credit_card,completed
1024404,2,435,2026-06-01 17:39:01,takeout,,debit_card,completed
1024405,17,520,2026-06-01 17:49:31,delivery,,credit_card,completed
1024406,17,2120,2026-06-01 18:03:15,delivery,,apple_pay,completed
1024407,8,,2026-06-01 18:03:17,dine_in,,debit_card,completed
1024408,1,253,2026-06-01 18:04:14,takeout,,cash,completed
1024409,6,1333,2026-06-01 18:05:21,drive_thru,,debit_card,completed
1024410,16,,2026-06-01 18:05:52,dine_in,,credit_card,completed
1024411,11,2061,2026-06-01 18:06:28,delivery,,credit_card,completed
1024412,4,,2026-06-01 18:11:22,delivery,,gift_card,completed
1024413,13,,2026-06-01 18:14:34,takeout,,debit_card,completed
1024414,5,1527,2026-06-01 18:17:10,dine_in,,cash,completed
1024415,14,374,2026-06-01 18:20:08,takeout,,credit_card,completed
1024416,12,,2026-06-01 18:21:36,takeout,,credit_card,completed
1024417,5,2498,2026-06-01 18:22:24,takeout,,apple_pay,completed
1024418,6,1651,2026-06-01 18:23:00,dine_in,,cash,completed
1024419,3,249,2026-06-01 18:24:45,takeout,,debit_card,completed
1024420,8,,2026-06-01 18:29:03,delivery,,debit_card,refunded
1024421,19,154,2026-06-01 18:29:21,dine_in,,credit_card,completed
1024422,15,1771,2026-06-01 18:30:57,takeout,,apple_pay,completed
1024423,12,,2026-06-01 18:31:59,delivery,,apple_pay,completed
1024424,17,756,2026-06-01 18:33:35,takeout,,credit_card,completed
1024425,20,,2026-06-01 18:38:20,delivery,,debit_card,completed
1024426,20,,2026-06-01 18:39:22,takeout,,credit_card,completed
1024427,4,1164,2026-06-01 18:40:16,drive_thru,,debit_card,completed
1024428,16,2016,2026-06-01 18:40:51,takeout,,credit_card,completed
1024429,19,1411,2026-06-01 18:41:01,delivery,,credit_card,completed
1024430,8,1574,2026-06-01 18:42:17,delivery,,apple_pay,completed
1024431,6,1386,06/01/2026 18:42,dine_in,,apple_pay,completed
1024432,19,,2026-06-01 18:47:06,dine_in,,cash,completed
1024433,3,713,2026-06-01 18:50:28,delivery,,gift_card,completed
1024434,20,594,2026-06-01 18:50:38,takeout,,credit_card,completed
1024435,16,307,2026-06-01 18:51:39,takeout,,apple_pay,completed
1024436,6,,2026-06-01 18:52:07,dine_in,,credit_card,completed
1024437,8,2312,2026-06-01 18:53:20,delivery,,credit_card,completed
1024438,5,,2026-06-01 18:54:24,dine_in,,gift_card,completed
1024439,10,1468,2026-06-01 18:55:24,takeout,,debit_card,completed
1024440,4,,2026-06-01 18:56:28,dine_in,,cash,completed
1024441,3,1714,2026-06-01 18:57:05,delivery,,credit_card,completed
1024442,6,1664,2026-06-01 19:00:30,drive_thru,,debit_card,completed
1024443,20,,2026-06-01 19:02:17,takeout,,cash,completed
1024444,8,,2026-06-01 19:04:27,dine_in,,debit_card,completed
1024445,8,1252,2026-06-01 19:05:17,dine_in,,credit_card,completed
1024446,11,2440,2026-06-01 19:06:44,dine_in,,apple_pay,completed
1024447,8,1276,2026-06-01 19:09:50,takeout,,cash,refunded
1024448,16,,2026-06-01 19:16:43,takeout,,cash,completed
1024449,10,2343,2026-06-01 19:17:08,drive_thru,,apple_pay,completed
1024450,7,666,2026-06-01 19:18:55,delivery,,credit_card,completed
1024451,18,400,2026-06-01 19:24:39,dine_in,,debit_card,completed
1024452,11,,2026-06-01 19:25:50,,DELIVER15,apple_pay,completed
1024453,12,2210,2026-06-01 19:26:58,takeout,,credit_card,completed
1024454,20,979,2026-06-01 19:27:05,takeout,,debit_card,completed
1024455,16,,2026-06-01 19:30:27,takeout,,debit_card,completed
1024456,7,2218,2026-06-01 19:30:52,dine_in,,credit_card,completed
1024457,9,1053,2026-06-01 19:30:57,dine_in,,credit_card,completed
1024458,7,107,2026-06-01 19:31:30,takeout,,credit_card,completed
1024459,17,,2026-06-01 19:31:41,delivery,,debit_card,completed
1024460,7,107,2026-06-01 19:39:01,dine_in,,credit_card,completed
1024461,10,467,2026-06-01 19:43:20,dine_in,,debit_card,completed
1024462,16,1431,2026-06-01 19:48:42,,,apple_pay,completed
1024463,5,808,2026-06-01 20:02:22,drive_thru,,cash,completed
1024464,6,,2026-06-01 20:13:29,takeout,,cash,completed
1024465,14,,2026-06-01 20:16:14,drive_thru,,credit_card,completed
1024466,8,854,2026-06-01 20:39:03,dine_in,,credit_card,completed
1024467,15,2410,2026-06-01 20:46:22,drive_thru,,credit_card,cancelled
1024468,1,575,2026-06-01 21:03:40,dine_in,,credit_card,completed
1024469,17,1612,2026-06-01 21:13:35,takeout,,credit_card,completed
1024470,10,2078,2026-06-01 21:14:38,dine_in,,debit_card,completed
1024471,15,,06/01/2026 21:29,delivery,,credit_card,completed
1024472,15,1180,2026-06-02 10:30:46,drive_thru,,apple_pay,completed
1024473,17,1300,2026-06-02 10:56:42,takeout,,credit_card,completed
1024474,13,288,2026-06-02 10:58:57,delivery,,credit_card,completed
1024475,15,316,2026-06-02 11:28:44,delivery,,credit_card,completed
1024476,4,,2026-06-02 11:31:21,drive_thru,,cash,completed
1024477,2,,2026-06-02 11:35:35,dine_in,,credit_card,completed
1024478,12,,2026-06-02 11:37:45,delivery,DELIVER15,gift_card,completed
1024479,18,2344,2026-06-02 11:39:47,takeout,,debit_card,completed
1024480,13,1828,2026-06-02 11:43:46,takeout,,credit_card,completed
1024481,12,,2026-06-02 11:45:58,dine_in,,cash,completed
1024482,11,2476,2026-06-02 11:47:59,delivery,,credit_card,completed
1024483,17,1477,2026-06-02 11:50:57,dine_in,,credit_card,completed
1024484,1,2026,2026-06-02 11:51:04,takeout,,debit_card,completed
1024485,14,2408,2026-06-02 11:55:35,dine_in,,credit_card,completed
1024486,14,,2026-06-02 11:57:50,delivery,DELIVER15,credit_card,completed
1024487,8,,2026-06-02 11:58:30,delivery,,debit_card,completed
1024488,16,647,2026-06-02 11:59:05,dine_in,,debit_card,completed
1024489,3,1032,2026-06-02 11:59:36,dine_in,,debit_card,cancelled
1024490,18,1393,2026-06-02 12:03:12,drive_thru,,credit_card,completed
1024491,17,285,2026-06-02 12:05:50,dine_in,,debit_card,completed
1024492,6,,2026-06-02 12:08:34,dine_in,,credit_card,completed
1024492,6,,2026-06-02 12:08:34,dine_in,,credit_card,completed
1024493,13,331,2026-06-02 12:08:34,dine_in,,credit_card,completed
1024494,2,1374,2026-06-02 12:08:42,takeout,,cash,completed
1024495,4,,2026-06-02 12:08:46,drive_thru,,credit_card,completed
1024496,14,2453,2026-06-02 12:08:52,drive_thru,,debit_card,completed
1024497,20,1952,2026-06-02 12:09:30,delivery,,credit_card,completed
1024498,10,674,2026-06-02 12:09:59,takeout,,apple_pay,completed
1024499,20,,2026-06-02 12:10:03,dine_in,,apple_pay,completed
1024500,3,1310,2026-06-02 12:10:24,dine_in,,credit_card,completed
1024501,13,420,2026-06-02 12:11:39,dine_in,,credit_card,completed
1024502,10,734,2026-06-02 12:12:35,dine_in,,debit_card,completed
1024503,3,1993,2026-06-02 12:13:33,takeout,,credit_card,completed
1024504,3,,2026-06-02 12:13:48,delivery,DELIVER15,debit_card,completed
1024505,6,2377,2026-06-02 12:16:47,delivery,DELIVER15,apple_pay,completed
1024506,14,,2026-06-02 12:22:54,dine_in,,debit_card,completed
1024507,12,324,2026-06-02 12:25:08,takeout,,debit_card,completed
1024508,4,869,2026-06-02 12:25:18,dine_in,,credit_card,completed
1024509,4,1347,2026-06-02 12:26:04,delivery,,debit_card,completed
1024510,18,936,2026-06-02 12:28:14,delivery,,apple_pay,completed
1024511,5,223,2026-06-02 12:30:06,takeout,,credit_card,completed
1024512,19,1537,2026-06-02 12:33:19,takeout,,credit_card,completed
1024513,7,,2026-06-02 12:35:04,dine_in,,credit_card,refunded
1024514,4,,2026-06-02 12:35:10,drive_thru,,apple_pay,refunded
1024515,6,850,2026-06-02 12:38:18,drive_thru,,debit_card,completed
1024516,12,1771,2026-06-02 12:40:42,delivery,,debit_card,completed
1024517,1,,2026-06-02 12:45:07,takeout,,cash,completed
1024518,7,969,2026-06-02 12:46:03,delivery,,credit_card,completed
1024519,1,1530,2026-06-02 12:49:00,takeout,,gift_card,completed
1024520,20,84,2026-06-02 12:49:08,drive_thru,,cash,completed
1024521,8,1151,2026-06-02 12:52:30,takeout,,apple_pay,completed
1024522,12,2094,2026-06-02 12:57:12,dine_in,,apple_pay,completed
1024523,2,1133,2026-06-02 12:58:49,dine_in,,credit_card,completed
1024524,8,,2026-06-02 12:59:21,dine_in,,credit_card,completed
1024525,10,,2026-06-02 13:02:10,dine_in,,cash,cancelled
1024526,6,88,2026-06-02 13:02:13,delivery,DELIVER15,credit_card,completed
1024527,17,,2026-06-02 13:04:36,takeout,,gift_card,completed
1024528,1,,2026-06-02 13:05:18,dine_in,,apple_pay,completed
1024529,8,1092,2026-06-02 13:08:23,delivery,,credit_card,completed
1024530,10,,2026-06-02 13:09:55,delivery,DELIVER15,gift_card,completed
1024531,17,,2026-06-02 13:10:55,dine_in,,gift_card,completed
1024532,13,,2026-06-02 13:12:25,dine_in,,cash,completed
1024533,12,1965,06/02/2026 13:17,takeout,,debit_card,completed
1024534,16,1322,2026-06-02 13:18:19,dine_in,,credit_card,completed
1024535,12,1542,2026-06-02 13:29:52,dine_in,,credit_card,completed
1024536,11,1377,2026-06-02 13:30:06,dine_in,,credit_card,completed
1024537,16,218,2026-06-02 13:32:35,dine_in,,credit_card,completed
1024538,12,811,2026-06-02 13:36:17,dine_in,,credit_card,completed
1024539,8,1962,2026-06-02 14:03:24,delivery,,credit_card,completed
1024540,14,,2026-06-02 14:19:45,delivery,,credit_card,completed
1024541,9,2005,2026-06-02 14:35:18,drive_thru,,debit_card,completed
1024542,14,1114,2026-06-02 14:35:42,delivery,DELIVER15,credit_card,completed
1024543,1,1336,2026-06-02 15:04:54,dine_in,,credit_card,completed
1024544,4,,2026-06-02 15:22:08,takeout,,credit_card,completed
1024545,1,,2026-06-02 15:42:09,takeout,,apple_pay,completed
1024546,7,127,2026-06-02 16:31:11,takeout,,apple_pay,completed
1024547,17,2317,2026-06-02 16:53:14,dine_in,,credit_card,completed
1024548,16,2468,2026-06-02 16:56:04,delivery,,credit_card,completed
1024549,2,,2026-06-02 17:00:16,takeout,,gift_card,completed
1024550,17,,2026-06-02 17:16:05,delivery,,credit_card,completed
1024551,14,,2026-06-02 17:44:22,delivery,,credit_card,completed
1024552,7,666,2026-06-02 17:57:35,dine_in,,cash,cancelled
1024553,16,1575,2026-06-02 17:58:49,takeout,,credit_card,completed
1024554,7,1567,2026-06-02 18:02:39,dine_in,,debit_card,completed
1024555,18,,2026-06-02 18:09:23,delivery,DELIVER15,credit_card,completed
1024556,13,473,2026-06-02 18:11:18,dine_in,,gift_card,completed
1024557,8,1995,2026-06-02 18:18:20,dine_in,,debit_card,completed
1024558,3,,2026-06-02 18:22:14,takeout,,gift_card,refunded
1024559,17,,2026-06-02 18:25:33,dine_in,,debit_card,completed
1024560,5,,2026-06-02 18:25:49,dine_in,,credit_card,refunded
1024561,7,1866,2026-06-02 18:30:34,takeout,,apple_pay,completed
1024562,16,1389,2026-06-02 18:36:13,takeout,,debit_card,completed
1024563,17,1183,2026-06-02 18:37:37,delivery,,credit_card,completed
1024564,1,,2026-06-02 18:41:22,takeout,,debit_card,completed
1024565,7,,2026-06-02 18:41:23,takeout,,cash,completed
1024566,4,,2026-06-02 18:42:14,delivery,DELIVER15,gift_card,completed
1024567,6,1778,2026-06-02 18:44:27,takeout,,credit_card,completed
1024568,8,858,2026-06-02 18:48:39,dine_in,,cash,completed
1024569,14,139,2026-06-02 18:48:41,drive_thru,,credit_card,completed
1024570,7,1350,2026-06-02 18:48:58,dine_in,,debit_card,completed
1024571,7,1268,2026-06-02 18:49:52,dine_in,,gift_card,completed
1024572,5,2362,2026-06-02 18:53:40,delivery,,credit_card,completed
1024573,17,1103,2026-06-02 18:55:41,delivery,,debit_card,completed
1024574,10,1486,2026-06-02 18:58:17,takeout,,debit_card,completed
1024575,2,,2026-06-02 19:01:56,takeout,,debit_card,completed
1024576,7,1767,2026-06-02 19:03:09,delivery,,debit_card,completed
1024577,1,2365,2026-06-02 19:03:29,takeout,,credit_card,completed
1024578,6,164,2026-06-02 19:06:22,dine_in,,credit_card,completed
1024579,14,2187,2026-06-02 19:11:08,dine_in,,gift_card,completed
1024580,10,709,2026-06-02 19:13:39,drive_thru,,credit_card,completed
1024581,1,2040,2026-06-02 19:14:08,dine_in,,credit_card,completed
1024582,17,756,2026-06-02 19:14:34,delivery,,debit_card,completed
1024583,17,1146,2026-06-02 19:16:40,delivery,DELIVER15,gift_card,completed
1024584,19,,2026-06-02 19:17:41,delivery,,credit_card,completed
1024585,1,535,2026-06-02 19:18:00,dine_in,,credit_card,completed
1024586,19,1419,2026-06-02 19:22:21,dine_in,,apple_pay,completed
1024587,8,,2026-06-02 19:24:48,dine_in,,cash,completed
1024588,3,2181,2026-06-02 19:30:47,delivery,,gift_card,completed
1024589,15,1864,2026-06-02 19:31:08,drive_thru,,cash,refunded
1024590,8,650,2026-06-02 19:32:18,dine_in,,credit_card,cancelled
1024591,14,,2026-06-02 19:34:11,delivery,,credit_card,completed
1024592,17,1389,2026-06-02 19:34:38,dine_in,,debit_card,completed
1024593,16,,2026-06-02 19:36:31,takeout,,credit_card,completed
1024594,3,1228,2026-06-02 19:42:43,takeout,,cash,completed
1024595,10,946,2026-06-02 19:44:29,dine_in,,credit_card,completed
1024596,6,1043,2026-06-02 19:50:41,dine_in,,debit_card,completed
1024597,17,730,2026-06-02 19:51:35,dine_in,,apple_pay,completed
1024598,14,428,2026-06-02 19:51:50,dine_in,,credit_card,completed
1024599,12,1234,2026-06-02 19:59:08,takeout,,credit_card,completed
1024600,7,,2026-06-02 20:05:50,delivery,,credit_card,cancelled
1024601,2,705,2026-06-02 20:07:17,takeout,,debit_card,completed
1024602,18,1739,2026-06-02 20:08:41,delivery,,apple_pay,completed
1024603,19,,2026-06-02 20:13:36,dine_in,,gift_card,completed
1024604,13,309,2026-06-02 20:21:17,delivery,DELIVER15,debit_card,completed
1024605,6,,2026-06-02 20:21:33,delivery,DELIVER15,credit_card,completed
1024606,20,1615,2026-06-02 20:36:03,drive_thru,,apple_pay,completed
1024607,17,,2026-06-02 20:54:23,delivery,DELIVER15,credit_card,completed
1024608,20,,2026-06-02 21:08:29,takeout,,credit_card,completed
1024609,6,,2026-06-02 21:40:05,takeout,,credit_card,completed
1024610,17,2120,2026-06-03 10:40:08,dine_in,,debit_card,completed
1024611,14,1012,2026-06-03 10:55:01,dine_in,,credit_card,completed
1024612,17,,2026-06-03 11:10:15,takeout,,credit_card,completed
1024613,7,,2026-06-03 11:19:32,dine_in,,credit_card,completed
1024614,16,,2026-06-03 11:24:14,dine_in,,credit_card,refunded
1024615,13,577,2026-06-03 11:29:44,dine_in,,credit_card,completed
1024616,2,,2026-06-03 11:46:21,delivery,,debit_card,completed
1024617,2,1572,2026-06-03 11:50:48,delivery,,credit_card,completed
1024618,11,591,2026-06-03 11:52:08,delivery,,credit_card,completed
1024619,7,257,2026-06-03 11:55:43,dine_in,,credit_card,completed
1024620,19,2126,2026-06-03 11:57:30,dine_in,,credit_card,completed
1024621,19,,2026-06-03 11:58:04,delivery,,gift_card,completed
1024622,13,1024,2026-06-03 12:00:57,delivery,,debit_card,completed
1024623,3,,2026-06-03 12:02:10,delivery,,apple_pay,completed
1024624,3,,2026-06-03 12:04:02,dine_in,,apple_pay,completed
1024625,15,1283,2026-06-03 12:08:24,takeout,,cash,completed
1024626,6,1632,2026-06-03 12:09:58,drive_thru,,debit_card,completed
1024627,4,,2026-06-03 12:13:53,delivery,,gift_card,completed
1024628,10,2373,2026-06-03 12:14:42,takeout,,cash,completed
1024629,13,1022,2026-06-03 12:17:37,delivery,,credit_card,completed
1024630,20,2242,2026-06-03 12:18:04,delivery,,debit_card,completed
1024631,10,1550,2026-06-03 12:18:58,dine_in,,gift_card,completed
1024632,1,,2026-06-03 12:19:41,dine_in,,credit_card,completed
1024633,15,,2026-06-03 12:21:09,,,credit_card,completed
1024634,14,471,2026-06-03 12:21:29,takeout,,cash,completed
1024635,11,2477,2026-06-03 12:26:25,drive_thru,,credit_card,completed
1024636,10,553,2026-06-03 12:27:46,dine_in,,credit_card,completed
1024637,14,,2026-06-03 12:30:02,dine_in,,apple_pay,completed
1024638,16,695,2026-06-03 12:30:52,dine_in,,gift_card,completed
1024639,13,,2026-06-03 12:31:25,dine_in,,credit_card,completed
1024640,8,,2026-06-03 12:31:57,delivery,DELIVER15,debit_card,completed
1024641,18,,2026-06-03 12:32:52,takeout,,apple_pay,completed
1024642,19,,2026-06-03 12:33:29,drive_thru,,debit_card,completed
1024643,8,,2026-06-03 12:34:57,delivery,DELIVER15,credit_card,completed
1024644,7,2243,2026-06-03 12:35:02,takeout,,credit_card,completed
1024645,19,,2026-06-03 12:35:17,dine_in,,credit_card,completed
1024646,4,1596,2026-06-03 12:37:02,drive_thru,,debit_card,completed
1024647,1,,2026-06-03 12:38:29,,,apple_pay,completed
1024648,20,,2026-06-03 12:42:36,dine_in,,apple_pay,completed
1024649,15,991,2026-06-03 12:43:19,drive_thru,,apple_pay,completed
1024650,3,2079,2026-06-03 12:45:29,dine_in,,debit_card,completed
1024651,6,378,2026-06-03 12:45:44,takeout,,apple_pay,completed
1024652,11,,2026-06-03 12:46:18,takeout,,gift_card,completed
1024653,7,,2026-06-03 12:46:35,,,credit_card,completed
1024654,8,,2026-06-03 12:47:31,dine_in,,cash,completed
1024655,4,747,2026-06-03 12:50:06,dine_in,,apple_pay,completed
1024656,14,,2026-06-03 12:50:43,dine_in,,cash,completed
1024657,10,2293,2026-06-03 12:53:53,dine_in,,credit_card,cancelled
1024658,12,,2026-06-03 12:55:30,delivery,,debit_card,completed
1024659,11,269,2026-06-03 12:58:58,delivery,,debit_card,completed
1024660,17,482,2026-06-03 13:00:03,takeout,,debit_card,completed
1024661,10,,2026-06-03 13:00:27,dine_in,,cash,completed
1024662,10,2050,2026-06-03 13:02:00,delivery,,credit_card,completed
1024663,17,1469,2026-06-03 13:02:14,takeout,,debit_card,completed
1024664,4,,2026-06-03 13:02:56,takeout,,credit_card,completed
1024665,6,,2026-06-03 13:03:30,delivery,,credit_card,completed
1024666,5,,2026-06-03 13:03:46,drive_thru,,debit_card,completed
1024667,11,,2026-06-03 13:05:39,dine_in,,cash,completed
1024668,7,,2026-06-03 13:06:32,delivery,,credit_card,completed
1024669,10,70,06/03/2026 13:07,delivery,,debit_card,completed
1024670,1,427,2026-06-03 13:08:11,delivery,,credit_card,completed
1024671,10,1013,2026-06-03 13:08:43,dine_in,,apple_pay,completed
1024672,20,1615,2026-06-03 13:08:44,dine_in,,credit_card,completed
1024673,14,1178,2026-06-03 13:09:56,drive_thru,,apple_pay,completed
1024674,15,,2026-06-03 13:09:59,dine_in,,debit_card,completed
1024675,16,2468,2026-06-03 13:15:10,dine_in,,credit_card,completed
1024676,4,,2026-06-03 13:16:08,delivery,,credit_card,completed
1024677,12,,2026-06-03 13:17:59,takeout,,gift_card,completed
1024678,18,,2026-06-03 13:21:48,drive_thru,,debit_card,completed
1024679,10,602,2026-06-03 13:24:33,dine_in,,apple_pay,completed
1024680,13,1473,2026-06-03 13:27:14,dine_in,,debit_card,completed
1024681,1,130,2026-06-03 13:28:09,delivery,,apple_pay,completed
1024682,15,,2026-06-03 13:28:17,takeout,,credit_card,completed
1024683,8,2233,2026-06-03 13:36:32,dine_in,,credit_card,completed
1024684,18,,2026-06-03 13:47:20,drive_thru,,credit_card,completed
1024685,6,1851,2026-06-03 13:54:03,takeout,,debit_card,completed
1024686,3,743,2026-06-03 14:02:16,dine_in,,cash,completed
1024687,17,1708,2026-06-03 14:23:16,delivery,,credit_card,completed
1024688,20,2088,2026-06-03 14:46:31,takeout,,debit_card,completed
1024689,12,316,2026-06-03 15:30:12,takeout,,apple_pay,completed
1024690,5,,2026-06-03 15:36:54,dine_in,,debit_card,completed
1024691,3,,2026-06-03 17:18:40,dine_in,,credit_card,completed
1024692,6,,2026-06-03 17:30:29,dine_in,,credit_card,completed
1024693,19,,2026-06-03 17:32:32,takeout,,credit_card,completed
1024694,5,437,2026-06-03 17:46:07,takeout,,cash,completed
1024695,7,1017,2026-06-03 17:55:07,takeout,,debit_card,completed
1024696,6,,2026-06-03 17:59:19,drive_thru,,apple_pay,completed
1024697,4,662,2026-06-03 17:59:37,dine_in,,apple_pay,completed
1024698,11,2499,06/03/2026 18:01,dine_in,,cash,completed
1024699,16,,06/03/2026 18:06,delivery,DELIVER15,credit_card,completed
1024700,6,,2026-06-03 18:07:36,dine_in,,credit_card,completed
1024701,7,1866,2026-06-03 18:08:34,dine_in,,apple_pay,refunded
1024702,19,1581,2026-06-03 18:13:06,drive_thru,,credit_card,completed
1024703,8,1710,2026-06-03 18:14:16,takeout,,credit_card,completed
1024704,7,1973,2026-06-03 18:19:55,takeout,,cash,completed
1024705,11,,2026-06-03 18:22:26,takeout,,debit_card,completed
1024706,10,,2026-06-03 18:23:18,dine_in,,credit_card,completed
1024707,4,,2026-06-03 18:24:57,takeout,,credit_card,completed
1024708,20,503,2026-06-03 18:29:37,dine_in,,credit_card,completed
1024709,15,,2026-06-03 18:29:40,drive_thru,,debit_card,completed
1024710,2,,2026-06-03 18:34:34,takeout,,cash,completed
1024711,12,115,2026-06-03 18:35:30,dine_in,,credit_card,completed
1024712,19,1537,2026-06-03 18:37:33,takeout,,credit_card,completed
1024713,12,2175,2026-06-03 18:38:32,takeout,,credit_card,completed
1024714,18,856,2026-06-03 18:38:48,takeout,,debit_card,completed
1024715,20,,2026-06-03 18:38:58,dine_in,,credit_card,completed
1024716,11,2230,2026-06-03 18:39:49,dine_in,,debit_card,completed
1024717,12,,2026-06-03 18:40:11,dine_in,,credit_card,completed
1024718,4,,2026-06-03 18:42:05,drive_thru,,debit_card,completed
1024719,6,,2026-06-03 18:44:18,dine_in,,credit_card,completed
1024720,3,,2026-06-03 18:45:52,delivery,,apple_pay,completed
1024721,15,463,2026-06-03 18:47:05,delivery,,credit_card,completed
1024722,17,,2026-06-03 18:47:54,delivery,,credit_card,completed
1024723,1,,2026-06-03 18:49:18,takeout,,credit_card,completed
1024724,20,,2026-06-03 18:49:18,delivery,,credit_card,completed
1024725,6,2324,06/03/2026 18:52,dine_in,,debit_card,completed
1024726,4,1732,2026-06-03 18:53:44,drive_thru,,credit_card,completed
1024727,10,2005,2026-06-03 18:56:30,takeout,,debit_card,completed
1024728,19,1063,2026-06-03 19:00:44,takeout,,credit_card,completed
1024729,17,1477,2026-06-03 19:03:17,delivery,,credit_card,cancelled
1024730,6,2439,2026-06-03 19:05:28,takeout,,cash,completed
1024731,2,2109,2026-06-03 19:06:01,dine_in,,apple_pay,completed
1024732,13,1109,2026-06-03 19:06:58,dine_in,,apple_pay,completed
1024733,13,1072,2026-06-03 19:08:20,dine_in,,cash,completed
1024734,10,1454,2026-06-03 19:08:43,delivery,,credit_card,completed
1024735,1,51,2026-06-03 19:11:44,delivery,,apple_pay,completed
1024736,18,1629,2026-06-03 19:12:13,dine_in,,credit_card,completed
1024737,2,2177,2026-06-03 19:12:18,delivery,,credit_card,completed
1024738,7,,2026-06-03 19:12:43,dine_in,,cash,completed
1024739,1,,2026-06-03 19:16:20,delivery,DELIVER15,credit_card,completed
1024740,10,1705,2026-06-03 19:17:21,dine_in,,debit_card,completed
1024741,6,1333,2026-06-03 19:19:55,delivery,,apple_pay,completed
1024742,13,2431,2026-06-03 19:20:37,dine_in,,credit_card,completed
1024743,14,,2026-06-03 19:23:07,delivery,,credit_card,completed
1024744,12,1270,2026-06-03 19:23:11,takeout,,credit_card,completed
1024745,13,,2026-06-03 19:23:46,takeout,,gift_card,completed
1024746,12,,2026-06-03 19:25:05,takeout,,credit_card,completed
1024747,19,,2026-06-03 19:26:02,delivery,,credit_card,completed
1024748,8,62,2026-06-03 19:27:30,takeout,,cash,completed
1024749,10,2012,2026-06-03 19:29:27,delivery,DELIVER15,credit_card,completed
1024750,5,733,2026-06-03 19:31:58,takeout,,credit_card,completed
1024751,17,,2026-06-03 19:34:59,delivery,DELIVER15,credit_card,completed
1024752,19,2488,2026-06-03 19:37:23,delivery,DELIVER15,gift_card,completed
1024753,6,,2026-06-03 19:37:25,takeout,,cash,completed
1024754,8,466,2026-06-03 19:38:24,dine_in,,debit_card,cancelled
1024755,8,2472,2026-06-03 19:40:44,takeout,,credit_card,cancelled
1024756,18,,2026-06-03 19:41:17,dine_in,,cash,completed
1024757,16,2134,2026-06-03 19:42:47,delivery,,gift_card,completed
1024758,1,983,2026-06-03 19:42:56,delivery,,debit_card,completed
1024758,1,983,2026-06-03 19:42:56,delivery,,debit_card,completed
1024759,13,2409,2026-06-03 19:48:50,dine_in,,credit_card,completed
1024760,10,,2026-06-03 19:55:51,takeout,,apple_pay,completed
1024761,19,,2026-06-03 19:58:11,delivery,,credit_card,completed
1024762,9,,2026-06-03 19:59:03,takeout,,debit_card,cancelled
1024763,1,883,2026-06-03 19:59:27,dine_in,,credit_card,completed
1024764,17,131,2026-06-03 20:00:02,takeout,,cash,completed
1024765,14,471,2026-06-03 20:01:28,dine_in,,credit_card,completed
1024766,17,1166,2026-06-03 20:03:12,dine_in,,cash,completed
1024767,16,2083,2026-06-03 20:06:23,dine_in,,credit_card,completed
1024768,13,,2026-06-03 20:15:29,dine_in,,credit_card,completed
1024769,8,,2026-06-03 20:17:15,delivery,,debit_card,completed
1024770,2,2039,2026-06-03 20:19:43,dine_in,,credit_card,completed
1024771,12,,2026-06-03 20:25:15,delivery,,credit_card,completed
1024772,4,1601,2026-06-03 20:32:08,drive_thru,,credit_card,completed
1024773,4,905,2026-06-03 20:39:05,delivery,DELIVER15,credit_card,completed
1024774,1,1141,2026-06-03 20:43:38,takeout,,apple_pay,completed
1024775,14,,2026-06-03 20:49:35,delivery,DELIVER15,credit_card,completed
1024776,15,619,2026-06-03 20:51:19,takeout,,credit_card,completed
1024777,1,748,2026-06-03 21:40:37,dine_in,,debit_card,completed
1024778,8,2105,2026-06-04 10:32:16,delivery,,apple_pay,completed
1024779,15,851,2026-06-04 10:50:49,dine_in,,credit_card,completed
1024780,12,333,2026-06-04 10:55:23,dine_in,,debit_card,completed
1024781,8,667,2026-06-04 10:59:59,delivery,,credit_card,refunded
1024782,14,,2026-06-04 11:11:52,takeout,,gift_card,completed
1024783,6,696,2026-06-04 11:14:54,drive_thru,,debit_card,completed
1024784,5,,2026-06-04 11:33:26,drive_thru,,cash,refunded
1024785,7,,2026-06-04 11:40:15,delivery,,debit_card,completed
1024786,20,,2026-06-04 11:41:42,delivery,,credit_card,completed
1024787,7,,2026-06-04 11:42:35,takeout,,apple_pay,completed
1024788,5,634,2026-06-04 11:44:15,drive_thru,,debit_card,completed
1024789,7,2355,2026-06-04 11:51:19,dine_in,,gift_card,completed
1024790,15,,2026-06-04 11:52:11,dine_in,,cash,completed
1024790,15,,2026-06-04 11:52:11,dine_in,,cash,completed
1024791,12,860,2026-06-04 11:53:17,dine_in,,debit_card,completed
1024792,15,347,2026-06-04 11:53:46,delivery,,debit_card,completed
1024793,12,,2026-06-04 12:00:13,delivery,,credit_card,completed
1024794,6,2439,2026-06-04 12:03:40,takeout,,credit_card,completed
1024795,9,,2026-06-04 12:06:27,delivery,DELIVER15,apple_pay,completed
1024796,6,1632,2026-06-04 12:06:36,takeout,,debit_card,completed
1024797,7,1523,2026-06-04 12:08:53,takeout,,credit_card,completed
1024798,15,,2026-06-04 12:10:57,dine_in,,cash,cancelled
1024799,4,431,2026-06-04 12:11:39,drive_thru,,cash,completed
1024800,13,1972,2026-06-04 12:16:01,delivery,DELIVER15,credit_card,completed
1024801,3,,2026-06-04 12:17:36,dine_in,,cash,completed
1024802,19,1062,2026-06-04 12:20:38,drive_thru,,credit_card,completed
1024803,5,2276,2026-06-04 12:20:46,takeout,,apple_pay,completed
1024804,5,,2026-06-04 12:21:10,delivery,,credit_card,completed
1024805,19,,2026-06-04 12:21:19,delivery,,credit_card,completed
1024806,19,,2026-06-04 12:23:34,dine_in,,credit_card,completed
1024807,14,842,2026-06-04 12:23:47,delivery,,apple_pay,completed
1024808,6,1664,2026-06-04 12:24:06,delivery,,credit_card,completed
1024809,7,,2026-06-04 12:24:07,dine_in,,credit_card,completed
1024810,15,412,2026-06-04 12:24:33,takeout,,credit_card,completed
1024811,4,,2026-06-04 12:24:44,delivery,,credit_card,completed
1024812,4,1608,2026-06-04 12:28:42,dine_in,,credit_card,completed
1024813,16,1474,2026-06-04 12:29:12,takeout,,credit_card,refunded
1024814,5,,2026-06-04 12:30:17,delivery,,credit_card,completed
1024815,11,,2026-06-04 12:30:39,dine_in,,debit_card,cancelled
1024816,12,331,2026-06-04 12:31:38,dine_in,,credit_card,completed
1024817,17,,2026-06-04 12:32:00,dine_in,,cash,completed
1024818,12,1308,2026-06-04 12:33:22,delivery,,debit_card,completed
1024819,6,2227,2026-06-04 12:40:46,delivery,DELIVER15,credit_card,completed
1024820,4,1219,2026-06-04 12:41:02,takeout,,cash,completed
1024821,6,,2026-06-04 12:47:50,drive_thru,,credit_card,completed
1024822,4,1226,2026-06-04 12:49:17,takeout,,cash,completed
1024823,17,,2026-06-04 12:50:20,dine_in,,credit_card,completed
1024824,10,284,2026-06-04 12:50:59,dine_in,,credit_card,completed
1024825,6,310,2026-06-04 12:52:16,delivery,,debit_card,completed
1024826,12,1912,2026-06-04 12:52:39,takeout,,apple_pay,completed
1024827,3,1235,2026-06-04 12:55:43,dine_in,,credit_card,completed
1024828,6,2221,2026-06-04 12:59:17,delivery,DELIVER15,apple_pay,completed
1024829,14,,2026-06-04 12:59:36,takeout,,gift_card,completed
1024830,17,2411,2026-06-04 13:02:02,takeout,,credit_card,completed
1024831,1,663,2026-06-04 13:02:50,delivery,,credit_card,completed
1024832,18,1869,2026-06-04 13:03:09,delivery,,debit_card,cancelled
1024833,7,,2026-06-04 13:04:02,takeout,,credit_card,completed
1024834,5,2397,2026-06-04 13:04:12,drive_thru,,apple_pay,completed
1024835,19,,2026-06-04 13:09:33,dine_in,,credit_card,completed
1024836,12,,2026-06-04 13:11:16,dine_in,,credit_card,completed
1024837,2,,2026-06-04 13:11:23,dine_in,,credit_card,completed
1024838,6,2021,2026-06-04 13:14:19,dine_in,,apple_pay,completed
1024839,3,,2026-06-04 13:17:05,delivery,DELIVER15,gift_card,completed
1024840,8,1553,2026-06-04 13:22:52,dine_in,,cash,completed
1024841,1,299,2026-06-04 13:26:31,delivery,,credit_card,refunded
1024842,13,2001,2026-06-04 13:27:23,dine_in,,cash,completed
1024843,20,1144,2026-06-04 13:33:37,delivery,,apple_pay,completed
1024844,16,,2026-06-04 13:39:36,delivery,,credit_card,completed
1024845,6,2159,2026-06-04 13:40:52,dine_in,,credit_card,completed
1024846,18,350,2026-06-04 13:42:43,drive_thru,,debit_card,completed
1024847,19,945,2026-06-04 13:57:50,dine_in,,debit_card,completed
1024848,10,,2026-06-04 14:08:10,dine_in,,credit_card,completed
1024849,15,,2026-06-04 14:21:22,dine_in,,apple_pay,completed
1024850,4,1038,2026-06-04 14:22:29,drive_thru,,credit_card,completed
1024851,12,903,2026-06-04 14:40:22,delivery,DELIVER15,credit_card,completed
1024852,8,,2026-06-04 14:47:00,takeout,,credit_card,completed
1024853,15,,2026-06-04 15:08:45,drive_thru,,credit_card,completed
1024854,3,1233,2026-06-04 15:10:49,dine_in,,credit_card,completed
1024855,14,2482,2026-06-04 15:14:23,dine_in,,credit_card,completed
1024856,5,733,2026-06-04 15:25:04,dine_in,,apple_pay,completed
1024857,16,,2026-06-04 16:37:28,dine_in,,credit_card,completed
1024858,3,,2026-06-04 16:50:51,delivery,,credit_card,completed
1024859,15,1913,2026-06-04 17:16:26,drive_thru,,cash,completed
1024860,7,1026,2026-06-04 17:19:38,dine_in,,cash,completed
1024861,8,,2026-06-04 17:25:56,takeout,,credit_card,completed
1024862,12,807,2026-06-04 17:27:25,takeout,,credit_card,completed
1024863,20,818,2026-06-04 17:36:20,drive_thru,,credit_card,completed
1024864,6,1564,2026-06-04 17:40:53,drive_thru,,credit_card,completed
1024865,12,94,2026-06-04 17:41:33,dine_in,,credit_card,completed
1024866,20,1615,2026-06-04 17:42:45,takeout,,credit_card,completed
1024867,13,566,2026-06-04 17:43:35,delivery,,credit_card,completed
1024868,19,970,2026-06-04 17:46:00,drive_thru,,apple_pay,completed
1024869,1,1891,2026-06-04 17:47:09,takeout,,credit_card,completed
1024870,19,975,2026-06-04 17:49:39,delivery,DELIVER15,credit_card,completed
1024871,20,853,2026-06-04 17:50:09,delivery,,credit_card,completed
1024872,19,,2026-06-04 17:52:56,drive_thru,,gift_card,completed
1024873,1,1289,2026-06-04 17:53:13,dine_in,,credit_card,completed
1024874,5,,2026-06-04 17:55:34,dine_in,,debit_card,refunded
1024874,5,,2026-06-04 17:55:34,dine_in,,debit_card,refunded
1024875,7,1350,2026-06-04 17:56:49,delivery,,apple_pay,completed
1024876,6,,2026-06-04 17:59:49,dine_in,,credit_card,completed
1024877,2,2044,2026-06-04 18:01:49,delivery,,credit_card,completed
1024878,3,,2026-06-04 18:03:19,takeout,,credit_card,completed
1024879,12,757,2026-06-04 18:04:36,dine_in,,cash,completed
1024880,10,2036,2026-06-04 18:08:00,dine_in,,cash,completed
1024881,16,607,2026-06-04 18:12:22,dine_in,,credit_card,completed
1024882,16,767,2026-06-04 18:12:53,dine_in,,credit_card,completed
1024883,20,1081,2026-06-04 18:14:02,drive_thru,,debit_card,refunded
1024884,1,,2026-06-04 18:14:48,dine_in,,credit_card,completed
1024885,14,855,2026-06-04 18:14:55,delivery,,credit_card,completed
1024886,11,,2026-06-04 18:15:06,takeout,,credit_card,completed
1024887,18,1832,2026-06-04 18:17:15,drive_thru,,apple_pay,completed
1024888,17,,2026-06-04 18:20:10,delivery,,credit_card,completed
1024889,1,,2026-06-04 18:23:08,dine_in,,apple_pay,completed
1024890,16,,2026-06-04 18:24:05,takeout,,credit_card,completed
1024891,7,107,2026-06-04 18:25:59,dine_in,,credit_card,completed
1024892,1,402,2026-06-04 18:26:52,dine_in,,gift_card,completed
1024893,2,,2026-06-04 18:26:57,delivery,,credit_card,completed
1024894,9,702,2026-06-04 18:31:39,drive_thru,,credit_card,completed
1024895,20,1686,2026-06-04 18:32:41,delivery,DELIVER15,credit_card,completed
1024896,2,1113,2026-06-04 18:32:47,dine_in,,credit_card,completed
1024897,12,1463,2026-06-04 18:33:03,dine_in,,credit_card,completed
1024898,6,731,2026-06-04 18:35:50,,,credit_card,completed
1024899,12,316,2026-06-04 18:36:04,dine_in,,apple_pay,completed
1024900,9,1863,2026-06-04 18:39:13,dine_in,,credit_card,completed
1024901,14,2406,2026-06-04 18:39:15,delivery,,credit_card,completed
1024902,4,65,2026-06-04 18:43:42,,,gift_card,completed
1024903,18,1203,2026-06-04 18:46:58,takeout,,cash,completed
1024904,8,229,2026-06-04 18:48:16,takeout,,credit_card,completed
1024905,6,882,2026-06-04 18:48:58,dine_in,,credit_card,completed
1024906,4,1430,2026-06-04 18:50:38,delivery,DELIVER15,apple_pay,completed
1024907,12,,2026-06-04 18:50:53,dine_in,,apple_pay,completed
1024908,12,2252,2026-06-04 18:56:30,dine_in,,debit_card,completed
1024909,19,1537,2026-06-04 18:56:34,delivery,,credit_card,completed
1024910,18,,2026-06-04 19:00:37,drive_thru,,debit_card,completed
1024911,2,541,2026-06-04 19:02:14,dine_in,,debit_card,completed
1024912,8,1076,2026-06-04 19:04:03,takeout,,credit_card,completed
1024913,12,770,2026-06-04 19:04:35,dine_in,,credit_card,completed
1024914,8,2466,2026-06-04 19:05:18,dine_in,,gift_card,completed
1024915,7,660,2026-06-04 19:08:45,delivery,DELIVER15,debit_card,completed
1024916,14,1108,2026-06-04 19:10:59,takeout,,debit_card,completed
1024917,20,2113,2026-06-04 19:13:38,dine_in,,credit_card,completed
1024918,20,1240,2026-06-04 19:14:16,takeout,,apple_pay,completed
1024919,18,,2026-06-04 19:14:36,drive_thru,,credit_card,completed
1024920,19,1434,2026-06-04 19:22:33,drive_thru,,cash,completed
1024921,1,755,2026-06-04 19:24:26,takeout,,gift_card,completed
1024922,6,2270,2026-06-04 19:26:22,drive_thru,,apple_pay,completed
1024923,11,900,2026-06-04 19:31:42,takeout,,cash,completed
1024924,18,2121,2026-06-04 19:32:10,takeout,,debit_card,completed
1024925,13,1264,2026-06-04 19:32:56,dine_in,,apple_pay,completed
1024926,8,513,2026-06-04 19:33:45,takeout,,gift_card,completed
1024927,11,,2026-06-04 19:33:49,dine_in,,cash,completed
1024928,10,,2026-06-04 19:36:36,delivery,,credit_card,completed
1024929,12,458,2026-06-04 19:36:49,takeout,,credit_card,completed
1024930,18,684,2026-06-04 19:36:50,dine_in,,debit_card,completed
1024931,3,1665,2026-06-04 19:39:53,dine_in,,apple_pay,completed
1024932,7,645,2026-06-04 19:44:06,delivery,,credit_card,completed
1024933,11,,2026-06-04 19:45:27,drive_thru,,apple_pay,completed
1024934,12,1940,2026-06-04 19:46:42,dine_in,,credit_card,completed
1024935,18,2237,2026-06-04 19:47:29,takeout,,credit_card,completed
1024936,7,1520,2026-06-04 19:47:38,dine_in,,debit_card,completed
1024937,18,1893,2026-06-04 19:51:37,takeout,,apple_pay,completed
1024937,18,1893,2026-06-04 19:51:37,takeout,,apple_pay,refunded
1024938,6,1695,2026-06-04 19:51:46,drive_thru,,apple_pay,completed
1024939,17,908,2026-06-04 19:54:57,dine_in,,credit_card,completed
1024940,2,1382,2026-06-04 19:57:57,delivery,,credit_card,completed
1024941,20,895,2026-06-04 20:04:48,drive_thru,,debit_card,completed
1024942,3,1499,2026-06-04 20:11:22,takeout,,debit_card,completed
1024943,14,2432,2026-06-04 20:11:28,delivery,,credit_card,completed
1024944,17,908,2026-06-04 20:18:09,takeout,,credit_card,completed
1024945,13,473,2026-06-04 20:28:04,delivery,,credit_card,completed
1024946,4,1742,2026-06-04 20:36:17,takeout,,credit_card,completed
1024947,5,,2026-06-04 20:59:13,drive_thru,,gift_card,completed
1024948,11,,2026-06-04 21:33:54,takeout,,credit_card,completed
1024949,7,2450,2026-06-04 21:43:18,takeout,,credit_card,completed
1024950,15,,2026-06-05 10:32:29,delivery,,credit_card,completed
1024951,13,2212,2026-06-05 10:46:52,takeout,,credit_card,completed
1024952,7,,2026-06-05 10:50:03,dine_in,,gift_card,completed
1024953,19,,2026-06-05 10:54:47,drive_thru,,cash,completed
1024954,2,2015,2026-06-05 11:00:54,dine_in,,cash,completed
1024955,11,59,2026-06-05 11:12:29,dine_in,,gift_card,completed
1024956,8,268,2026-06-05 11:14:55,takeout,,credit_card,completed
1024957,18,863,2026-06-05 11:19:39,takeout,,credit_card,completed
1024958,2,1974,2026-06-05 11:26:29,dine_in,,credit_card,completed
1024959,13,971,2026-06-05 11:28:01,dine_in,,credit_card,completed
1024960,13,1120,2026-06-05 11:41:20,dine_in,,credit_card,completed
1024961,15,196,2026-06-05 11:41:28,drive_thru,,cash,completed
1024962,13,1777,2026-06-05 11:45:13,dine_in,,debit_card,completed
1024963,5,1159,2026-06-05 11:45:29,delivery,,credit_card,completed
1024964,19,1352,2026-06-05 11:46:50,delivery,DELIVER15,credit_card,completed
1024965,17,,2026-06-05 11:48:20,dine_in,,credit_card,completed
1024966,14,,2026-06-05 11:48:48,takeout,,credit_card,completed
1024967,1,,2026-06-05 11:49:02,dine_in,,cash,completed
1024968,6,1586,2026-06-05 11:51:32,dine_in,,credit_card,completed
1024969,3,,2026-06-05 11:53:00,dine_in,,credit_card,completed
1024970,3,651,2026-06-05 11:56:32,delivery,,credit_card,completed
1024971,8,2061,2026-06-05 11:56:42,takeout,,cash,completed
1024972,13,,2026-06-05 11:57:32,takeout,,credit_card,completed
1024973,4,399,2026-06-05 11:58:47,takeout,,apple_pay,completed
1024974,17,,2026-06-05 11:58:48,takeout,,cash,completed
1024975,12,333,2026-06-05 12:00:47,,,credit_card,completed
1024976,8,1692,2026-06-05 12:01:18,delivery,,credit_card,completed
1024977,13,2435,2026-06-05 12:04:29,dine_in,,credit_card,completed
1024978,17,242,2026-06-05 12:05:01,takeout,,gift_card,completed
1024979,8,2393,2026-06-05 12:05:18,dine_in,,apple_pay,completed
1024980,8,1404,2026-06-05 12:08:06,dine_in,,debit_card,completed
1024981,17,1750,2026-06-05 12:08:48,dine_in,,cash,completed
1024982,6,1902,2026-06-05 12:10:25,dine_in,,credit_card,completed
1024983,2,239,2026-06-05 12:10:29,delivery,,credit_card,completed
1024984,20,648,2026-06-05 12:10:55,takeout,,credit_card,completed
1024985,12,,2026-06-05 12:11:53,dine_in,,credit_card,completed
1024986,19,2300,2026-06-05 12:12:49,takeout,,debit_card,completed
1024987,1,267,2026-06-05 12:12:57,takeout,,gift_card,cancelled
1024988,13,2212,2026-06-05 12:13:42,dine_in,,debit_card,completed
1024989,13,231,2026-06-05 12:13:43,takeout,,apple_pay,completed
1024990,8,2105,2026-06-05 12:14:14,delivery,,credit_card,completed
1024991,17,1715,2026-06-05 12:14:48,takeout,,cash,completed
1024992,8,,2026-06-05 12:14:56,dine_in,,debit_card,completed
1024993,11,1728,2026-06-05 12:19:23,dine_in,,credit_card,completed
1024994,12,558,2026-06-05 12:20:15,delivery,,debit_card,completed
1024995,18,,2026-06-05 12:20:30,dine_in,,apple_pay,completed
1024996,17,,2026-06-05 12:21:37,dine_in,,credit_card,completed
1024997,6,,2026-06-05 12:21:48,takeout,,debit_card,completed
1024998,20,,2026-06-05 12:22:14,dine_in,,cash,completed
1024999,15,601,06/05/2026 12:24,delivery,,debit_card,completed
1025000,7,,2026-06-05 12:24:52,takeout,,gift_card,completed
1025001,5,,2026-06-05 12:25:52,takeout,,credit_card,completed
1025002,19,,2026-06-05 12:29:05,drive_thru,,credit_card,completed
1025003,9,1792,2026-06-05 12:29:19,delivery,,credit_card,completed
1025004,7,,2026-06-05 12:30:08,dine_in,,apple_pay,completed
1025005,5,,2026-06-05 12:30:46,dine_in,,gift_card,completed
1025006,19,1394,2026-06-05 12:31:50,delivery,,credit_card,completed
1025007,18,1832,2026-06-05 12:32:09,dine_in,,credit_card,completed
1025008,6,,2026-06-05 12:33:02,delivery,,credit_card,completed
1025009,3,,2026-06-05 12:33:33,dine_in,,credit_card,completed
1025010,6,1533,2026-06-05 12:33:49,drive_thru,,credit_card,completed
1025011,13,1264,2026-06-05 12:34:47,takeout,,credit_card,completed
1025012,8,531,2026-06-05 12:35:03,delivery,,credit_card,completed
1025013,18,,2026-06-05 12:35:27,drive_thru,,credit_card,completed
1025014,8,1291,2026-06-05 12:36:38,takeout,,credit_card,completed
1025015,9,1922,2026-06-05 12:36:42,takeout,,debit_card,completed
1025016,1,,2026-06-05 12:38:13,delivery,,credit_card,completed
1025017,19,2170,2026-06-05 12:38:29,delivery,DELIVER15,credit_card,completed
1025018,3,,2026-06-05 12:38:30,delivery,DELIVER15,debit_card,completed
1025019,6,,2026-06-05 12:39:13,drive_thru,,apple_pay,completed
1025020,16,1128,2026-06-05 12:39:46,takeout,,debit_card,completed
1025021,3,965,2026-06-05 12:40:58,dine_in,,debit_card,completed
1025022,10,1667,06/05/2026 12:41,takeout,,credit_card,completed
1025023,11,670,2026-06-05 12:43:55,drive_thru,,debit_card,completed
1025024,15,1518,2026-06-05 12:44:27,delivery,,credit_card,completed
1025025,19,414,2026-06-05 12:45:06,dine_in,,debit_card,completed
1025026,1,515,2026-06-05 12:45:10,dine_in,,credit_card,completed
1025027,16,1643,2026-06-05 12:46:44,delivery,,credit_card,completed
1025028,3,,2026-06-05 12:48:20,dine_in,,debit_card,completed
1025029,10,2489,2026-06-05 12:48:25,takeout,,credit_card,completed
1025030,13,288,2026-06-05 12:48:25,takeout,,debit_card,completed
1025031,10,,2026-06-05 12:48:30,dine_in,,credit_card,completed
1025032,2,319,2026-06-05 12:48:31,delivery,DELIVER15,credit_card,completed
1025033,12,43,2026-06-05 12:48:57,dine_in,,cash,cancelled
1025034,15,351,2026-06-05 12:49:34,delivery,DELIVER15,credit_card,completed
1025035,2,2443,2026-06-05 12:50:54,delivery,,credit_card,completed
1025036,18,,2026-06-05 12:51:44,drive_thru,,debit_card,completed
1025037,7,,2026-06-05 12:51:50,delivery,,credit_card,completed
1025038,2,1174,2026-06-05 12:54:34,dine_in,,gift_card,completed
1025039,3,1496,2026-06-05 12:55:08,dine_in,,credit_card,completed
1025040,10,840,2026-06-05 12:55:28,takeout,,credit_card,refunded
1025041,10,42,2026-06-05 13:02:22,dine_in,,credit_card,completed
1025042,17,1166,2026-06-05 13:04:48,takeout,,credit_card,completed
1025043,3,,2026-06-05 13:04:50,takeout,,cash,completed
1025044,6,,2026-06-05 13:05:42,dine_in,,credit_card,completed
1025045,1,821,2026-06-05 13:15:57,takeout,,debit_card,completed
1025046,7,2108,2026-06-05 13:16:21,dine_in,,credit_card,completed
1025047,20,385,2026-06-05 13:16:43,drive_thru,,credit_card,completed
1025048,5,808,2026-06-05 13:20:46,delivery,,credit_card,completed
1025049,7,2013,2026-06-05 13:21:06,takeout,,debit_card,completed
1025050,19,,2026-06-05 13:21:55,takeout,,credit_card,completed
1025051,10,1685,2026-06-05 13:25:57,delivery,,apple_pay,completed
1025052,3,934,2026-06-05 13:31:53,dine_in,,credit_card,completed
1025053,4,,2026-06-05 13:34:52,delivery,DELIVER15,credit_card,completed
1025054,13,,2026-06-05 13:49:47,dine_in,,debit_card,completed
1025055,6,2324,2026-06-05 13:58:05,takeout,,credit_card,completed
1025056,17,271,2026-06-05 14:02:35,dine_in,,cash,completed
1025057,3,1509,2026-06-05 14:20:59,delivery,,apple_pay,completed
1025058,3,352,2026-06-05 14:25:09,dine_in,,credit_card,completed
1025059,10,,2026-06-05 15:16:28,drive_thru,,cash,completed
1025060,12,1912,2026-06-05 15:56:52,delivery,,apple_pay,completed
1025061,18,276,2026-06-05 15:58:47,drive_thru,,debit_card,completed
1025062,10,2012,2026-06-05 16:20:40,drive_thru,,debit_card,completed
1025063,16,194,2026-06-05 16:20:55,dine_in,,credit_card,completed
1025064,6,983,2026-06-05 17:05:14,delivery,,credit_card,completed
1025065,20,1615,2026-06-05 17:05:32,takeout,,credit_card,completed
1025066,7,2035,2026-06-05 17:06:33,delivery,,apple_pay,completed
1025067,20,1174,2026-06-05 17:08:04,delivery,,credit_card,cancelled
1025068,8,667,2026-06-05 17:12:40,dine_in,,apple_pay,completed
1025069,14,1614,2026-06-05 17:40:14,drive_thru,,debit_card,completed
1025070,10,,2026-06-05 17:45:25,delivery,,apple_pay,completed
1025071,17,1146,2026-06-05 17:45:27,delivery,,debit_card,completed
1025072,8,,2026-06-05 17:47:18,dine_in,,apple_pay,completed
1025073,20,691,2026-06-05 17:48:26,,,gift_card,completed
1025074,16,,2026-06-05 17:52:12,dine_in,,debit_card,completed
1025075,2,,2026-06-05 18:01:08,dine_in,,apple_pay,completed
1025076,3,907,2026-06-05 18:05:48,delivery,,debit_card,completed
1025077,6,1033,2026-06-05 18:06:33,dine_in,,debit_card,completed
1025078,2,,2026-06-05 18:12:51,takeout,,debit_card,completed
1025079,1,2486,2026-06-05 18:12:55,dine_in,,apple_pay,completed
1025080,19,,2026-06-05 18:13:15,delivery,,credit_card,completed
1025081,8,2472,2026-06-05 18:13:19,takeout,,apple_pay,completed
1025082,16,,2026-06-05 18:13:27,takeout,,cash,completed
1025083,6,,2026-06-05 18:14:46,takeout,,credit_card,completed
1025084,17,1332,2026-06-05 18:22:53,dine_in,,apple_pay,completed
1025085,13,1005,2026-06-05 18:24:39,takeout,,credit_card,completed
1025086,3,9,2026-06-05 18:26:34,dine_in,,gift_card,completed
1025087,8,1829,2026-06-05 18:29:50,delivery,,credit_card,completed
1025088,6,,2026-06-05 18:30:57,drive_thru,,credit_card,completed
1025089,9,,2026-06-05 18:32:34,drive_thru,,debit_card,completed
1025090,3,2099,2026-06-05 18:32:39,dine_in,,credit_card,completed
1025091,10,2338,2026-06-05 18:37:14,dine_in,,cash,completed
1025092,10,1058,2026-06-05 18:37:22,drive_thru,,gift_card,refunded
1025093,4,,2026-06-05 18:40:07,dine_in,,debit_card,completed
1025093,4,,2026-06-05 18:40:07,dine_in,,debit_card,completed
1025094,6,2152,2026-06-05 18:40:27,drive_thru,,credit_card,completed
1025095,17,,2026-06-05 18:43:43,takeout,,credit_card,completed
1025096,18,1739,2026-06-05 18:53:47,dine_in,,apple_pay,completed
1025097,11,451,2026-06-05 19:01:03,drive_thru,,debit_card,completed
1025098,20,493,2026-06-05 19:01:39,delivery,,credit_card,completed
1025099,2,,2026-06-05 19:03:48,dine_in,,debit_card,completed
1025100,15,1713,2026-06-05 19:04:38,dine_in,,credit_card,completed
1025101,17,555,2026-06-05 19:05:08,delivery,,gift_card,completed
1025102,20,,2026-06-05 19:05:31,drive_thru,,credit_card,completed
1025103,2,2031,2026-06-05 19:05:54,delivery,,credit_card,refunded
1025104,4,2458,2026-06-05 19:08:23,dine_in,,debit_card,completed
1025105,10,1468,2026-06-05 19:10:31,delivery,,debit_card,completed
1025106,11,591,2026-06-05 19:10:33,takeout,,credit_card,completed
1025107,1,253,2026-06-05 19:12:03,dine_in,,credit_card,completed
1025108,17,,2026-06-05 19:12:03,dine_in,,debit_card,completed
1025109,10,,2026-06-05 19:14:13,drive_thru,,credit_card,completed
1025110,11,941,2026-06-05 19:16:47,takeout,,credit_card,completed
1025111,14,413,2026-06-05 19:18:49,takeout,,credit_card,completed
1025112,7,,2026-06-05 19:19:05,takeout,,credit_card,completed
1025113,9,1171,2026-06-05 19:19:47,dine_in,,debit_card,refunded
1025114,3,1376,2026-06-05 19:20:59,delivery,,gift_card,completed
1025115,11,2387,2026-06-05 19:22:15,drive_thru,,credit_card,completed
1025116,19,1809,2026-06-05 19:22:30,delivery,,apple_pay,completed
1025117,17,408,2026-06-05 19:23:10,dine_in,,debit_card,completed
1025118,15,,2026-06-05 19:28:01,delivery,,credit_card,completed
1025119,19,,06/05/2026 19:28,dine_in,,credit_card,completed
1025120,10,,2026-06-05 19:28:24,drive_thru,,gift_card,completed
1025121,8,200,2026-06-05 19:32:05,dine_in,,debit_card,completed
1025122,13,,2026-06-05 19:32:31,delivery,,credit_card,completed
1025123,11,1779,2026-06-05 19:33:00,dine_in,,debit_card,completed
1025124,19,,2026-06-05 19:33:28,takeout,,cash,completed
1025125,10,,2026-06-05 19:36:37,delivery,,debit_card,completed
1025125,10,,2026-06-05 19:36:37,delivery,,debit_card,completed
1025126,8,2061,2026-06-05 19:36:46,takeout,,debit_card,completed
1025127,1,739,2026-06-05 19:37:27,takeout,,credit_card,completed
1025128,5,1619,2026-06-05 19:37:27,dine_in,,credit_card,completed
1025129,6,,2026-06-05 19:38:53,delivery,,debit_card,completed
1025130,19,,2026-06-05 19:39:37,delivery,,credit_card,completed
1025131,1,156,2026-06-05 19:40:38,takeout,,debit_card,completed
1025132,3,,2026-06-05 19:41:58,takeout,,gift_card,completed
1025133,7,14,2026-06-05 19:42:31,delivery,,credit_card,completed
1025134,19,,2026-06-05 19:43:16,delivery,,credit_card,completed
1025135,4,172,2026-06-05 19:43:21,delivery,,debit_card,completed
1025136,10,1901,2026-06-05 19:44:06,drive_thru,,cash,completed
1025137,1,570,2026-06-05 19:44:30,dine_in,,debit_card,completed
1025138,17,2054,2026-06-05 19:44:49,takeout,,cash,completed
1025139,10,2350,2026-06-05 19:47:29,delivery,,credit_card,completed
1025140,18,,2026-06-05 19:49:59,dine_in,,credit_card,completed
1025141,3,,2026-06-05 19:52:05,takeout,,debit_card,completed
1025142,9,,2026-06-05 19:53:00,dine_in,,credit_card,completed
1025143,11,,2026-06-05 19:53:03,delivery,,credit_card,completed
1025144,13,,2026-06-05 19:54:49,delivery,,debit_card,completed
1025145,12,265,2026-06-05 20:01:15,dine_in,,apple_pay,completed
1025146,6,1651,2026-06-05 20:01:25,drive_thru,,credit_card,completed
1025147,16,,2026-06-05 20:01:38,dine_in,,apple_pay,completed
1025148,8,656,2026-06-05 20:07:30,dine_in,,cash,completed
1025149,3,,2026-06-05 20:11:51,dine_in,,debit_card,completed
1025150,14,,2026-06-05 20:13:45,dine_in,,credit_card,completed
1025151,4,,2026-06-05 20:17:07,dine_in,,apple_pay,completed
1025152,1,32,2026-06-05 20:25:12,dine_in,,credit_card,completed
1025153,15,1959,2026-06-05 20:29:50,delivery,,apple_pay,completed
1025154,12,,2026-06-05 20:30:48,takeout,,credit_card,completed
1025155,13,2420,2026-06-05 20:39:14,dine_in,,credit_card,completed
1025156,19,320,2026-06-05 20:43:23,takeout,,credit_card,completed
1025157,10,1058,2026-06-05 20:51:39,delivery,,credit_card,completed
1025158,13,,2026-06-05 20:59:23,takeout,,credit_card,completed
1025159,18,,2026-06-05 21:16:31,takeout,,credit_card,completed
1025160,12,334,2026-06-05 21:19:45,dine_in,,gift_card,completed
1025161,2,,2026-06-05 21:59:43,dine_in,,credit_card,completed
1025162,18,672,2026-06-06 10:31:43,dine_in,,credit_card,completed
1025162,18,672,2026-06-06 10:31:43,dine_in,,credit_card,completed
1025163,3,1097,2026-06-06 10:40:37,takeout,,cash,refunded
1025164,6,,2026-06-06 11:07:05,drive_thru,,debit_card,completed
1025165,16,2465,2026-06-06 11:07:59,delivery,,apple_pay,completed
1025166,9,1590,2026-06-06 11:16:31,delivery,,credit_card,completed
1025167,11,,2026-06-06 11:17:28,drive_thru,,debit_card,completed
1025168,7,2013,2026-06-06 11:18:30,delivery,,credit_card,completed
1025169,12,1669,2026-06-06 11:18:52,delivery,,credit_card,completed
1025170,13,136,2026-06-06 11:21:58,dine_in,,gift_card,completed
1025171,15,,06/06/2026 11:22,takeout,,credit_card,completed
1025172,4,,2026-06-06 11:23:18,dine_in,,apple_pay,completed
1025173,10,1468,2026-06-06 11:24:59,dine_in,,cash,completed
1025174,19,,2026-06-06 11:29:21,delivery,,credit_card,completed
1025175,20,1586,2026-06-06 11:35:41,dine_in,,credit_card,completed
1025176,5,1964,06/06/2026 11:36,delivery,,debit_card,completed
1025177,13,985,2026-06-06 11:38:10,takeout,,cash,completed
1025178,15,,2026-06-06 11:38:57,takeout,,credit_card,completed
1025179,19,987,2026-06-06 11:39:15,drive_thru,,cash,completed
1025180,8,1280,2026-06-06 11:45:59,delivery,DELIVER15,gift_card,completed
1025181,1,,2026-06-06 11:46:27,delivery,DELIVER15,credit_card,completed
1025182,4,974,2026-06-06 11:46:33,drive_thru,,credit_card,completed
1025183,13,,2026-06-06 11:47:22,dine_in,,credit_card,completed
1025184,10,1470,2026-06-06 11:47:47,delivery,,credit_card,completed
1025185,3,1906,2026-06-06 11:50:58,delivery,,credit_card,completed
1025186,10,339,2026-06-06 11:52:13,delivery,DELIVER15,debit_card,completed
1025187,4,2423,2026-06-06 11:52:37,drive_thru,,credit_card,completed
1025188,20,,2026-06-06 11:54:18,drive_thru,,apple_pay,completed
1025189,16,60,2026-06-06 11:54:30,dine_in,,debit_card,completed
1025190,7,2414,2026-06-06 11:54:44,delivery,,credit_card,completed
1025191,7,,2026-06-06 11:57:07,dine_in,,gift_card,completed
1025192,8,,2026-06-06 11:57:09,delivery,,credit_card,completed
1025193,2,,2026-06-06 12:00:17,dine_in,,cash,completed
1025194,17,1146,2026-06-06 12:00:24,dine_in,,credit_card,completed
1025195,3,,2026-06-06 12:01:04,takeout,,credit_card,completed
1025196,1,1289,2026-06-06 12:02:02,dine_in,,cash,completed
1025197,20,,2026-06-06 12:04:25,delivery,,credit_card,completed
1025198,8,1262,2026-06-06 12:04:36,dine_in,,credit_card,completed
1025199,16,1304,2026-06-06 12:06:59,delivery,,credit_card,completed
1025200,12,,2026-06-06 12:07:01,delivery,,credit_card,completed
1025201,20,1383,2026-06-06 12:10:25,delivery,,apple_pay,completed
1025202,16,,2026-06-06 12:11:29,takeout,,debit_card,completed
1025203,3,616,2026-06-06 12:11:51,dine_in,,cash,completed
1025204,10,2395,2026-06-06 12:13:34,drive_thru,,apple_pay,completed
1025205,11,,2026-06-06 12:13:37,delivery,,apple_pay,cancelled
1025206,19,,2026-06-06 12:14:37,dine_in,,cash,completed
1025207,16,1149,2026-06-06 12:15:40,dine_in,,credit_card,completed
1025208,4,1347,2026-06-06 12:17:25,drive_thru,,apple_pay,completed
1025209,7,118,2026-06-06 12:17:26,delivery,,debit_card,completed
1025210,20,1201,06/06/2026 12:17,dine_in,,credit_card,completed
1025211,19,,2026-06-06 12:17:43,takeout,,debit_card,completed
1025212,3,1131,2026-06-06 12:18:18,delivery,,debit_card,completed
1025213,4,,2026-06-06 12:18:51,dine_in,,debit_card,completed
1025214,7,969,2026-06-06 12:18:58,dine_in,,apple_pay,completed
1025215,2,711,2026-06-06 12:19:53,takeout,,cash,completed
1025216,5,536,2026-06-06 12:20:48,drive_thru,,credit_card,completed
1025217,1,,2026-06-06 12:21:32,takeout,,debit_card,completed
1025218,15,,2026-06-06 12:21:45,drive_thru,,cash,completed
1025219,11,476,2026-06-06 12:22:57,dine_in,,credit_card,completed
1025220,14,,2026-06-06 12:23:52,drive_thru,,cash,completed
1025221,8,986,2026-06-06 12:24:10,dine_in,,cash,completed
1025221,8,986,2026-06-06 12:24:10,dine_in,,cash,completed
1025222,7,,2026-06-06 12:29:36,delivery,,apple_pay,completed
1025223,7,,2026-06-06 12:30:11,takeout,,credit_card,completed
1025224,18,448,2026-06-06 12:30:12,drive_thru,,gift_card,completed
1025225,20,343,2026-06-06 12:30:45,drive_thru,,debit_card,completed
1025226,11,,2026-06-06 12:31:12,drive_thru,,credit_card,completed
1025227,2,,2026-06-06 12:31:42,dine_in,,credit_card,completed
1025228,10,1402,2026-06-06 12:33:16,drive_thru,,credit_card,refunded
1025229,7,2223,2026-06-06 12:34:11,delivery,,credit_card,completed
1025230,5,2386,2026-06-06 12:34:53,takeout,,debit_card,completed
1025230,5,2386,2026-06-06 12:34:53,takeout,,debit_card,refunded
1025231,10,1808,2026-06-06 12:34:57,takeout,,debit_card,completed
1025232,19,565,2026-06-06 12:35:43,takeout,,credit_card,completed
1025233,14,741,2026-06-06 12:36:56,dine_in,,credit_card,cancelled
1025234,8,824,2026-06-06 12:38:19,dine_in,,cash,completed
1025235,3,,2026-06-06 12:39:47,takeout,,credit_card,completed
1025236,1,801,2026-06-06 12:40:07,dine_in,,cash,completed
1025237,9,1275,2026-06-06 12:41:01,dine_in,,credit_card,completed
1025238,17,1236,2026-06-06 12:45:06,,,apple_pay,completed
1025239,4,1596,2026-06-06 12:45:43,dine_in,,credit_card,completed
1025240,12,1736,2026-06-06 12:46:44,delivery,,credit_card,completed
1025241,11,163,2026-06-06 12:47:10,dine_in,,credit_card,completed
1025242,6,,2026-06-06 12:48:27,dine_in,,debit_card,completed
1025243,3,1027,2026-06-06 12:48:32,takeout,,debit_card,completed
1025244,10,,2026-06-06 12:49:19,dine_in,,credit_card,completed
1025245,17,1847,2026-06-06 12:50:21,takeout,,apple_pay,completed
1025246,6,,2026-06-06 12:50:37,dine_in,,apple_pay,completed
1025247,18,1893,2026-06-06 12:50:57,delivery,,credit_card,cancelled
1025248,13,1669,2026-06-06 12:51:00,dine_in,,debit_card,completed
1025249,6,510,2026-06-06 12:51:09,dine_in,,credit_card,completed
1025250,10,1402,2026-06-06 12:51:34,dine_in,,cash,completed
1025251,12,2371,2026-06-06 12:52:13,delivery,,apple_pay,completed
1025252,17,1389,2026-06-06 12:55:22,takeout,,debit_card,completed
1025253,13,,2026-06-06 12:55:27,delivery,,credit_card,completed
1025254,15,1154,2026-06-06 12:56:32,delivery,,debit_card,completed
1025255,8,1692,2026-06-06 12:56:51,dine_in,,apple_pay,completed
1025256,5,1651,2026-06-06 13:00:37,takeout,,debit_card,completed
1025257,8,,2026-06-06 13:01:55,takeout,,credit_card,completed
1025258,11,1894,2026-06-06 13:03:58,delivery,DELIVER15,debit_card,completed
1025259,3,742,2026-06-06 13:04:55,delivery,,credit_card,completed
1025260,17,756,2026-06-06 13:05:33,takeout,,credit_card,completed
1025261,8,,2026-06-06 13:07:33,dine_in,,gift_card,refunded
1025262,17,2054,2026-06-06 13:08:18,takeout,,credit_card,completed
1025263,10,418,2026-06-06 13:08:37,delivery,,credit_card,completed
1025264,2,,2026-06-06 13:08:59,takeout,,debit_card,completed
1025265,3,355,2026-06-06 13:09:24,takeout,,credit_card,completed
1025266,15,1426,2026-06-06 13:11:39,takeout,,apple_pay,cancelled
1025267,3,1867,2026-06-06 13:13:17,dine_in,,debit_card,completed
1025267,3,1867,2026-06-06 13:13:17,dine_in,,debit_card,completed
1025268,6,,2026-06-06 13:15:10,delivery,DELIVER15,apple_pay,cancelled
1025269,4,198,2026-06-06 13:16:13,drive_thru,,credit_card,completed
1025270,20,1467,2026-06-06 13:17:28,takeout,,credit_card,refunded
1025271,10,,2026-06-06 13:17:58,dine_in,,cash,completed
1025272,8,819,2026-06-06 13:21:52,takeout,,credit_card,completed
1025273,2,,2026-06-06 13:29:58,dine_in,,debit_card,completed
1025274,17,,2026-06-06 13:34:58,takeout,,credit_card,completed
1025275,1,,2026-06-06 13:38:21,delivery,,credit_card,completed
1025276,15,1016,2026-06-06 13:38:24,delivery,,debit_card,cancelled
1025277,2,2015,2026-06-06 13:40:59,delivery,,debit_card,completed
1025278,16,1149,2026-06-06 13:41:28,dine_in,,apple_pay,completed
1025279,2,274,2026-06-06 13:48:52,delivery,,credit_card,completed
1025280,6,151,2026-06-06 13:53:37,delivery,,apple_pay,completed
1025281,4,1038,2026-06-06 13:53:41,dine_in,,cash,completed
1025282,7,823,2026-06-06 14:17:16,delivery,,credit_card,completed
1025283,6,,2026-06-06 14:37:21,takeout,,credit_card,completed
1025284,16,,2026-06-06 15:42:20,dine_in,,debit_card,completed
1025285,15,,2026-06-06 15:44:46,drive_thru,,debit_card,completed
1025286,2,1938,2026-06-06 16:10:24,takeout,,debit_card,completed
1025287,9,2027,2026-06-06 16:31:01,drive_thru,,credit_card,completed
1025288,13,1877,2026-06-06 16:38:14,dine_in,,apple_pay,completed
1025288,13,1877,2026-06-06 16:38:14,dine_in,,apple_pay,completed
1025289,7,773,2026-06-06 16:42:40,dine_in,,gift_card,completed
1025290,19,,06/06/2026 17:05,delivery,,credit_card,completed
1025291,8,1252,2026-06-06 17:19:35,dine_in,,credit_card,completed
1025292,20,1853,2026-06-06 17:23:31,dine_in,,credit_card,completed
1025293,7,2295,2026-06-06 17:23:45,takeout,,cash,completed
1025294,14,814,2026-06-06 17:25:06,drive_thru,,debit_card,completed
1025295,1,2032,2026-06-06 17:32:53,dine_in,,apple_pay,completed
1025296,14,1786,2026-06-06 17:43:00,delivery,DELIVER15,credit_card,completed
1025297,18,1893,2026-06-06 17:48:18,dine_in,,credit_card,completed
1025298,3,2079,2026-06-06 17:53:36,delivery,DELIVER15,credit_card,completed
1025299,13,971,06/06/2026 17:57,dine_in,,apple_pay,completed
1025300,15,1066,2026-06-06 17:58:48,drive_thru,,credit_card,completed
1025301,10,658,2026-06-06 17:59:13,dine_in,,debit_card,completed
1025302,11,,2026-06-06 18:03:54,dine_in,,credit_card,completed
1025303,17,922,2026-06-06 18:04:28,delivery,,credit_card,completed
1025304,18,2147,2026-06-06 18:04:47,dine_in,,credit_card,completed
1025305,7,,2026-06-06 18:07:48,delivery,,credit_card,completed
1025306,15,1713,2026-06-06 18:09:05,delivery,,credit_card,completed
1025307,6,1772,2026-06-06 18:11:40,dine_in,,credit_card,completed
1025308,7,,2026-06-06 18:11:43,delivery,,credit_card,completed
1025309,8,667,2026-06-06 18:16:12,takeout,,credit_card,completed
1025310,19,,2026-06-06 18:20:43,dine_in,,debit_card,completed
1025311,2,,2026-06-06 18:20:48,dine_in,,debit_card,completed
1025312,2,,2026-06-06 18:23:14,takeout,,cash,refunded
1025313,15,2467,2026-06-06 18:23:15,delivery,,apple_pay,completed
1025314,12,225,2026-06-06 18:24:12,dine_in,,credit_card,completed
1025315,14,814,2026-06-06 18:24:17,takeout,,credit_card,completed
1025316,4,2297,2026-06-06 18:26:59,drive_thru,,cash,completed
1025317,15,1621,2026-06-06 18:29:54,drive_thru,,apple_pay,completed
1025318,11,2489,2026-06-06 18:32:05,dine_in,,apple_pay,completed
1025319,16,,2026-06-06 18:32:43,dine_in,,cash,completed
1025320,6,1992,2026-06-06 18:34:06,dine_in,,debit_card,completed
1025321,11,,2026-06-06 18:35:10,dine_in,,credit_card,completed
1025322,6,,2026-06-06 18:35:51,delivery,,credit_card,completed
1025323,11,,2026-06-06 18:36:03,delivery,,credit_card,completed
1025324,3,,2026-06-06 18:36:04,takeout,,credit_card,completed
1025325,12,,2026-06-06 18:36:31,delivery,,debit_card,completed
1025326,19,1983,2026-06-06 18:37:43,dine_in,,credit_card,completed
1025327,6,1496,2026-06-06 18:39:08,drive_thru,,credit_card,completed
1025328,9,1457,2026-06-06 18:41:23,delivery,,debit_card,completed
1025329,11,,2026-06-06 18:42:35,dine_in,,credit_card,completed
1025330,7,2155,2026-06-06 18:45:26,dine_in,,debit_card,completed
1025331,7,208,2026-06-06 18:46:28,dine_in,,credit_card,refunded
1025332,18,432,2026-06-06 18:48:06,dine_in,,credit_card,completed
1025333,13,,2026-06-06 18:48:16,dine_in,,cash,completed
1025334,7,969,2026-06-06 18:49:02,takeout,,debit_card,completed
1025335,20,,2026-06-06 18:50:05,takeout,,apple_pay,completed
1025336,13,,2026-06-06 18:53:52,takeout,,credit_card,completed
1025337,10,1901,2026-06-06 18:54:56,delivery,,credit_card,completed
1025338,1,1998,2026-06-06 18:55:40,delivery,DELIVER15,credit_card,completed
1025339,18,259,2026-06-06 18:56:01,delivery,,credit_card,completed
1025340,10,1158,2026-06-06 18:56:09,delivery,,credit_card,completed
1025341,18,386,2026-06-06 18:57:27,delivery,,credit_card,completed
1025342,8,,2026-06-06 18:59:34,takeout,,cash,completed
1025343,12,,2026-06-06 19:00:40,takeout,,debit_card,completed
1025344,12,227,2026-06-06 19:01:04,dine_in,,credit_card,completed
1025345,2,,2026-06-06 19:02:04,delivery,DELIVER15,credit_card,completed
1025346,17,543,2026-06-06 19:02:15,takeout,,debit_card,completed
1025347,15,,2026-06-06 19:02:44,dine_in,,debit_card,completed
1025348,10,,2026-06-06 19:02:51,delivery,,credit_card,completed
1025349,13,,2026-06-06 19:04:06,delivery,,gift_card,refunded
1025350,8,2008,2026-06-06 19:06:21,dine_in,,debit_card,completed
1025351,12,1308,2026-06-06 19:07:41,dine_in,,apple_pay,completed
1025352,19,,2026-06-06 19:07:47,drive_thru,,cash,completed
1025353,18,1561,2026-06-06 19:08:49,delivery,,credit_card,completed
1025354,1,1831,2026-06-06 19:09:58,dine_in,,credit_card,completed
1025355,12,1800,2026-06-06 19:10:08,delivery,DELIVER15,apple_pay,completed
1025356,13,804,2026-06-06 19:10:58,takeout,,debit_card,completed
1025357,14,1036,2026-06-06 19:14:20,takeout,,debit_card,completed
1025358,19,2487,2026-06-06 19:15:45,takeout,,credit_card,completed
1025359,19,1286,2026-06-06 19:18:22,dine_in,,credit_card,completed
1025360,7,1004,2026-06-06 19:18:58,delivery,DELIVER15,credit_card,completed
1025361,2,1682,2026-06-06 19:23:17,delivery,,credit_card,completed
1025362,14,35,2026-06-06 19:24:09,delivery,,credit_card,completed
1025363,19,1266,2026-06-06 19:24:24,drive_thru,,credit_card,completed
1025364,3,984,2026-06-06 19:24:55,dine_in,,debit_card,completed
1025365,14,1565,2026-06-06 19:25:59,dine_in,,debit_card,completed
1025366,17,,2026-06-06 19:26:32,delivery,,apple_pay,completed
1025367,2,,2026-06-06 19:26:38,dine_in,,cash,completed
1025368,2,,2026-06-06 19:26:46,dine_in,,gift_card,completed
1025369,10,964,2026-06-06 19:29:17,drive_thru,,credit_card,completed
1025370,4,1644,2026-06-06 19:33:57,takeout,,credit_card,completed
1025371,6,,2026-06-06 19:35:31,takeout,,debit_card,completed
1025372,18,,2026-06-06 19:36:19,drive_thru,,cash,completed
1025373,13,,2026-06-06 19:40:23,takeout,,credit_card,completed
1025374,19,,2026-06-06 19:40:56,delivery,DELIVER15,credit_card,completed
1025375,2,1909,2026-06-06 19:41:59,dine_in,,credit_card,completed
1025376,19,439,2026-06-06 19:46:51,drive_thru,,cash,completed
1025377,10,2284,2026-06-06 19:47:55,takeout,,credit_card,cancelled
1025378,19,565,2026-06-06 19:48:10,drive_thru,,credit_card,completed
1025379,3,71,2026-06-06 19:51:41,dine_in,,debit_card,completed
1025380,19,,2026-06-06 19:54:39,drive_thru,,debit_card,completed
1025381,19,,2026-06-06 19:55:50,delivery,,debit_card,completed
1025382,12,430,2026-06-06 19:58:29,takeout,,apple_pay,completed
1025383,15,2268,06/06/2026 19:59,dine_in,,cash,completed
1025384,6,247,2026-06-06 20:00:07,takeout,,credit_card,completed
1025385,14,1199,2026-06-06 20:01:21,dine_in,,debit_card,cancelled
1025386,17,,2026-06-06 20:12:35,delivery,,credit_card,completed
1025387,14,1947,2026-06-06 20:13:53,dine_in,,credit_card,completed
1025388,3,974,2026-06-06 20:14:31,delivery,,credit_card,completed
1025389,13,2431,2026-06-06 20:15:04,takeout,,credit_card,completed
1025390,3,,2026-06-06 20:19:15,dine_in,,apple_pay,completed
1025391,12,34,2026-06-06 20:22:49,takeout,,credit_card,completed
1025392,19,2313,2026-06-06 20:30:27,dine_in,,credit_card,completed
1025393,4,1601,2026-06-06 20:32:29,delivery,DELIVER15,credit_card,completed
1025394,15,529,2026-06-06 20:39:42,drive_thru,,gift_card,completed
1025395,5,1956,2026-06-06 20:39:52,dine_in,,credit_card,completed
1025396,12,1227,2026-06-06 20:58:40,takeout,,gift_card,completed
1025397,2,2044,2026-06-06 21:10:49,takeout,,credit_card,completed
1025398,13,391,2026-06-06 21:34:41,delivery,DELIVER15,credit_card,completed
1025399,12,504,2026-06-06 21:39:38,dine_in,,apple_pay,completed
1025400,10,,2026-06-06 21:54:01,dine_in,,credit_card,completed
1025401,10,2038,2026-06-06 21:55:28,delivery,DELIVER15,apple_pay,completed
1025402,2,897,2026-06-06 21:59:18,delivery,,debit_card,completed
1025403,6,2152,2026-06-07 10:48:14,takeout,,credit_card,completed
1025404,14,,2026-06-07 10:51:42,drive_thru,,cash,completed
1025405,8,,2026-06-07 11:06:36,takeout,,debit_card,completed
1025406,14,1449,2026-06-07 11:11:40,delivery,,apple_pay,completed
1025407,4,1425,2026-06-07 11:16:15,dine_in,,apple_pay,completed
1025408,11,,2026-06-07 11:21:35,drive_thru,,credit_card,completed
1025409,5,396,2026-06-07 11:23:47,drive_thru,,cash,completed
1025410,2,,2026-06-07 11:27:18,takeout,,cash,completed
1025411,13,,2026-06-07 11:28:25,delivery,,debit_card,completed
1025412,11,,2026-06-07 11:30:53,delivery,DELIVER15,credit_card,completed
1025413,17,1147,2026-06-07 11:35:23,takeout,,credit_card,completed
1025414,19,1672,2026-06-07 11:37:32,delivery,,debit_card,completed
1025415,20,,2026-06-07 11:42:27,delivery,DELIVER15,credit_card,completed
1025416,4,,2026-06-07 11:51:54,drive_thru,,credit_card,completed
1025417,17,1869,2026-06-07 11:52:12,dine_in,,apple_pay,completed
1025418,17,,2026-06-07 11:55:38,dine_in,,credit_card,completed
1025419,5,932,2026-06-07 11:58:28,drive_thru,,debit_card,completed
1025420,8,924,2026-06-07 11:58:57,dine_in,,credit_card,completed
1025421,20,2128,2026-06-07 12:04:50,dine_in,,credit_card,completed
1025422,4,835,2026-06-07 12:05:41,delivery,,credit_card,completed
1025423,10,,2026-06-07 12:07:30,dine_in,,debit_card,completed
1025424,18,2016,2026-06-07 12:07:46,drive_thru,,credit_card,completed
1025425,11,2257,2026-06-07 12:07:53,delivery,,apple_pay,completed
1025426,7,2153,2026-06-07 12:08:59,delivery,,credit_card,completed
1025427,15,837,2026-06-07 12:10:58,takeout,,credit_card,completed
1025428,18,,06/07/2026 12:14,dine_in,,apple_pay,completed
1025429,3,1531,2026-06-07 12:14:27,delivery,,credit_card,completed
1025430,3,1499,2026-06-07 12:16:30,delivery,,credit_card,completed
1025431,16,962,2026-06-07 12:17:40,delivery,,credit_card,completed
1025432,20,1458,2026-06-07 12:19:17,dine_in,,debit_card,completed
1025433,11,591,2026-06-07 12:22:41,drive_thru,,credit_card,completed
1025434,18,583,2026-06-07 12:23:04,dine_in,,credit_card,completed
1025435,6,493,2026-06-07 12:25:13,dine_in,,credit_card,completed
1025436,9,1813,2026-06-07 12:25:13,takeout,,debit_card,completed
1025437,19,80,2026-06-07 12:29:45,takeout,,debit_card,completed
1025438,8,2139,2026-06-07 12:30:53,delivery,,credit_card,completed
1025439,11,,2026-06-07 12:31:29,dine_in,,credit_card,completed
1025440,7,2286,2026-06-07 12:33:59,delivery,,credit_card,completed
1025441,11,931,2026-06-07 12:34:04,drive_thru,,credit_card,completed
1025442,16,723,2026-06-07 12:35:11,delivery,DELIVER15,credit_card,completed
1025443,18,2475,2026-06-07 12:37:34,drive_thru,,credit_card,completed
1025444,16,,2026-06-07 12:37:44,takeout,,credit_card,completed
1025445,11,1182,2026-06-07 12:38:14,drive_thru,,credit_card,completed
1025446,12,1620,2026-06-07 12:38:35,dine_in,,gift_card,completed
1025447,9,,2026-06-07 12:38:56,takeout,,cash,completed
1025448,13,679,2026-06-07 12:40:08,takeout,,credit_card,completed
1025449,5,1673,2026-06-07 12:40:30,delivery,,debit_card,completed
1025450,12,,2026-06-07 12:40:48,takeout,,credit_card,completed
1025451,14,1108,2026-06-07 12:40:52,dine_in,,cash,completed
1025452,4,1340,2026-06-07 12:42:43,takeout,,credit_card,completed
1025453,12,859,2026-06-07 12:44:29,dine_in,,debit_card,completed
1025454,6,1967,2026-06-07 12:45:58,dine_in,,apple_pay,cancelled
1025455,11,,2026-06-07 12:48:33,drive_thru,,apple_pay,completed
1025456,5,1871,2026-06-07 12:49:32,delivery,,debit_card,completed
1025457,8,2240,2026-06-07 12:49:45,dine_in,,credit_card,completed
1025458,7,1243,2026-06-07 12:49:46,takeout,,debit_card,completed
1025459,6,,2026-06-07 12:49:51,drive_thru,,credit_card,completed
1025460,4,9,2026-06-07 12:50:22,dine_in,,apple_pay,completed
1025460,4,9,2026-06-07 12:50:22,dine_in,,apple_pay,completed
1025461,13,,2026-06-07 12:50:58,takeout,,credit_card,refunded
1025462,13,203,2026-06-07 12:52:36,dine_in,,cash,completed
1025463,3,749,2026-06-07 12:53:32,delivery,,credit_card,completed
1025464,11,,2026-06-07 12:53:33,drive_thru,,debit_card,completed
1025465,20,,2026-06-07 12:59:17,,,credit_card,completed
1025466,4,,2026-06-07 13:00:39,dine_in,,gift_card,completed
1025467,8,,2026-06-07 13:01:40,delivery,,credit_card,completed
1025468,3,2082,2026-06-07 13:01:56,dine_in,,cash,completed
1025469,4,1608,2026-06-07 13:04:15,drive_thru,,gift_card,completed
1025470,3,2462,2026-06-07 13:05:32,takeout,,gift_card,completed
1025471,16,1856,2026-06-07 13:05:33,takeout,,credit_card,completed
1025472,14,646,2026-06-07 13:06:09,drive_thru,,credit_card,completed
1025473,14,,2026-06-07 13:07:52,takeout,,credit_card,completed
1025474,8,,2026-06-07 13:09:19,dine_in,,credit_card,completed
1025475,19,1265,2026-06-07 13:14:16,delivery,,credit_card,completed
1025475,19,1265,06/07/2026 13:14,delivery,,credit_card,completed
1025476,13,971,2026-06-07 13:21:47,dine_in,,credit_card,completed
1025477,5,1564,2026-06-07 13:22:23,delivery,,credit_card,completed
1025478,15,181,2026-06-07 13:22:48,delivery,DELIVER15,credit_card,completed
1025479,17,1961,2026-06-07 13:32:28,delivery,,credit_card,completed
1025480,20,366,2026-06-07 13:44:11,takeout,,credit_card,completed
1025481,20,1853,2026-06-07 13:47:13,delivery,,gift_card,completed
1025482,1,,2026-06-07 13:55:21,dine_in,,credit_card,completed
1025483,18,1399,2026-06-07 13:59:37,delivery,,debit_card,completed
1025484,7,,2026-06-07 14:04:50,dine_in,,credit_card,completed
1025485,14,1620,2026-06-07 14:10:42,delivery,,credit_card,completed
1025486,3,,2026-06-07 14:13:22,takeout,,credit_card,cancelled
1025487,17,610,2026-06-07 14:14:38,takeout,,gift_card,completed
1025488,6,2353,2026-06-07 14:24:03,delivery,,credit_card,completed
1025489,8,,2026-06-07 14:26:08,delivery,,apple_pay,completed
1025490,12,1212,2026-06-07 14:38:33,dine_in,,credit_card,completed
1025491,4,2378,2026-06-07 14:47:54,delivery,DELIVER15,credit_card,completed
1025492,1,2102,2026-06-07 14:57:04,delivery,,apple_pay,completed
1025493,10,2284,2026-06-07 15:06:28,dine_in,,apple_pay,completed
1025494,6,1951,2026-06-07 15:35:43,dine_in,,debit_card,completed
1025495,20,1248,2026-06-07 15:38:17,drive_thru,,credit_card,completed
1025496,18,1659,2026-06-07 16:02:06,takeout,,gift_card,completed
1025497,16,,2026-06-07 16:34:04,delivery,,credit_card,completed
1025498,12,1234,2026-06-07 16:38:06,delivery,DELIVER15,apple_pay,completed
1025499,2,1572,06/07/2026 16:47,takeout,,credit_card,completed
1025500,20,158,2026-06-07 16:55:10,takeout,,credit_card,completed
1025501,18,1893,2026-06-07 16:55:21,delivery,,debit_card,completed
1025502,17,301,2026-06-07 16:56:07,delivery,,credit_card,completed
1025503,20,648,2026-06-07 17:00:28,drive_thru,,cash,completed
1025504,20,593,2026-06-07 17:18:14,dine_in,,apple_pay,completed
1025505,18,90,2026-06-07 17:24:32,delivery,,credit_card,completed
1025506,1,746,2026-06-07 17:24:54,delivery,,credit_card,completed
1025507,8,1440,2026-06-07 17:34:18,dine_in,,debit_card,completed
1025508,11,562,2026-06-07 17:39:41,drive_thru,,credit_card,completed
1025509,14,,2026-06-07 17:46:47,takeout,,debit_card,completed
1025510,11,2476,2026-06-07 17:50:27,delivery,DELIVER15,credit_card,completed
1025511,11,,2026-06-07 17:50:29,takeout,,apple_pay,completed
1025512,16,,2026-06-07 17:53:04,takeout,,credit_card,completed
1025513,18,1733,2026-06-07 18:01:20,takeout,,credit_card,completed
1025514,19,,2026-06-07 18:01:51,takeout,,credit_card,completed
1025515,7,1973,2026-06-07 18:03:10,dine_in,,credit_card,completed
1025516,15,309,2026-06-07 18:09:06,dine_in,,apple_pay,completed
1025517,17,1332,2026-06-07 18:10:01,delivery,,credit_card,completed
1025518,11,361,2026-06-07 18:15:35,delivery,,debit_card,completed
1025519,1,,2026-06-07 18:16:13,dine_in,,credit_card,completed
1025520,8,1172,2026-06-07 18:18:21,delivery,,credit_card,completed
1025521,18,1206,2026-06-07 18:24:18,dine_in,,credit_card,completed
1025522,6,,2026-06-07 18:25:14,takeout,,cash,completed
1025523,13,,2026-06-07 18:27:22,delivery,,debit_card,completed
1025524,3,133,2026-06-07 18:27:37,delivery,,credit_card,completed
1025525,10,726,2026-06-07 18:30:18,delivery,,credit_card,completed
1025526,11,1004,2026-06-07 18:31:25,dine_in,,apple_pay,completed
1025527,2,,2026-06-07 18:32:59,takeout,,credit_card,completed
1025528,17,,2026-06-07 18:33:29,delivery,DELIVER15,credit_card,completed
1025529,8,913,2026-06-07 18:35:23,dine_in,,apple_pay,completed
1025530,20,,2026-06-07 18:37:07,drive_thru,,apple_pay,completed
1025531,5,1061,2026-06-07 18:40:13,dine_in,,cash,completed
1025532,16,,2026-06-07 18:47:44,dine_in,,cash,completed
1025533,13,1652,2026-06-07 18:49:32,dine_in,,cash,completed
1025534,9,1171,2026-06-07 18:51:05,dine_in,,debit_card,refunded
1025535,12,1318,2026-06-07 18:57:31,takeout,,debit_card,completed
1025536,13,203,2026-06-07 19:02:45,dine_in,,credit_card,completed
1025537,2,,2026-06-07 19:03:53,dine_in,,debit_card,completed
1025538,1,429,2026-06-07 19:04:05,takeout,,apple_pay,completed
1025539,12,458,2026-06-07 19:07:31,dine_in,,cash,completed
1025540,8,2303,2026-06-07 19:08:14,dine_in,,cash,completed
1025541,1,1224,2026-06-07 19:10:58,takeout,,credit_card,completed
1025542,3,1348,2026-06-07 19:11:59,takeout,,debit_card,completed
1025543,8,1404,2026-06-07 19:13:07,takeout,,debit_card,completed
1025544,19,,2026-06-07 19:13:08,delivery,,credit_card,completed
1025545,12,,2026-06-07 19:14:46,takeout,,cash,completed
1025546,8,1962,2026-06-07 19:15:38,takeout,,apple_pay,completed
1025547,15,1976,2026-06-07 19:16:30,dine_in,,credit_card,completed
1025548,17,408,2026-06-07 19:16:49,delivery,,credit_card,completed
1025549,16,,2026-06-07 19:17:19,takeout,,debit_card,completed
1025550,12,,2026-06-07 19:18:58,dine_in,,credit_card,completed
1025551,15,1481,2026-06-07 19:20:57,delivery,,gift_card,completed
1025552,16,2238,2026-06-07 19:22:35,delivery,DELIVER15,debit_card,completed
1025553,7,495,2026-06-07 19:22:39,takeout,,gift_card,completed
1025554,9,1019,2026-06-07 19:23:03,drive_thru,,credit_card,completed
1025555,2,,2026-06-07 19:23:55,dine_in,,debit_card,completed
1025556,7,666,2026-06-07 19:25:02,takeout,,apple_pay,completed
1025557,7,,2026-06-07 19:26:35,dine_in,,cash,completed
1025558,3,965,2026-06-07 19:27:55,takeout,,cash,completed
1025559,3,,2026-06-07 19:33:53,delivery,,credit_card,completed
1025560,3,,2026-06-07 19:34:58,dine_in,,credit_card,completed
1025561,8,839,2026-06-07 19:35:43,dine_in,,cash,completed
1025562,20,853,2026-06-07 19:37:49,drive_thru,,credit_card,completed
1025562,20,853,2026-06-07 19:37:49,drive_thru,,credit_card,completed
1025563,12,2358,2026-06-07 19:42:28,dine_in,,apple_pay,completed
1025564,14,2408,2026-06-07 19:43:33,drive_thru,,credit_card,completed
1025565,11,1779,2026-06-07 19:45:17,drive_thru,,debit_card,completed
1025566,14,67,2026-06-07 19:49:18,drive_thru,,credit_card,completed
1025567,4,1924,2026-06-07 19:50:08,drive_thru,,debit_card,completed
1025568,6,1951,2026-06-07 19:52:52,takeout,,credit_card,completed
1025569,15,1805,2026-06-07 19:53:08,drive_thru,,debit_card,completed
1025570,6,1569,06/07/2026 19:53,delivery,,debit_card,completed
1025571,1,2003,2026-06-07 19:53:32,dine_in,,debit_card,completed
1025572,3,722,2026-06-07 19:58:34,takeout,,debit_card,completed
1025573,10,1901,2026-06-07 19:59:24,takeout,,debit_card,completed
1025574,13,,2026-06-07 20:01:14,takeout,,credit_card,completed
1025575,17,,2026-06-07 20:03:20,delivery,,credit_card,completed
1025576,16,,2026-06-07 20:14:56,dine_in,,credit_card,completed
1025577,20,366,2026-06-07 20:28:26,takeout,,credit_card,completed
1025578,10,,2026-06-07 20:32:09,dine_in,,credit_card,completed
1025579,13,,2026-06-07 20:36:43,delivery,,credit_card,refunded
1025580,15,,2026-06-07 20:38:55,drive_thru,,credit_card,completed
1025581,8,466,2026-06-07 20:39:56,takeout,,debit_card,completed
1025582,18,,2026-06-07 20:40:47,takeout,,cash,completed
1025583,6,455,2026-06-07 21:01:23,delivery,,credit_card,completed
1025584,10,42,2026-06-07 21:05:03,delivery,DELIVER15,apple_pay,completed
1025585,11,,2026-06-07 21:10:09,drive_thru,,cash,completed
1025586,17,,2026-06-07 21:26:00,takeout,,credit_card,cancelled
1025587,1,2473,2026-06-07 21:50:40,delivery,,credit_card,completed
1025588,13,578,2026-06-07 21:56:39,takeout,,credit_card,completed
1025589,15,,2026-06-08 10:37:47,dine_in,,cash,completed
1025590,14,646,2026-06-08 10:54:23,delivery,,credit_card,completed
1025591,12,794,2026-06-08 11:01:38,dine_in,,debit_card,completed
1025592,14,1757,2026-06-08 11:06:54,dine_in,,credit_card,completed
1025593,15,2065,2026-06-08 11:13:56,drive_thru,,debit_card,completed
1025593,15,2065,2026-06-08 11:13:56,drive_thru,,debit_card,completed
1025594,17,730,2026-06-08 11:19:55,delivery,,debit_card,completed
1025595,15,1191,2026-06-08 11:25:08,drive_thru,,apple_pay,completed
1025596,14,,2026-06-08 11:31:29,delivery,,debit_card,completed
1025597,20,733,2026-06-08 11:49:55,dine_in,,apple_pay,completed
1025598,6,153,2026-06-08 11:51:13,takeout,,gift_card,completed
1025599,3,1634,2026-06-08 11:54:31,dine_in,,apple_pay,completed
1025600,10,1188,2026-06-08 11:55:38,drive_thru,,debit_card,completed
1025601,1,,2026-06-08 11:56:57,dine_in,,cash,completed
1025602,4,2423,2026-06-08 11:58:22,takeout,,apple_pay,completed
1025603,2,2174,2026-06-08 12:02:48,delivery,,credit_card,completed
1025604,17,1079,2026-06-08 12:05:40,delivery,,apple_pay,completed
1025605,14,,2026-06-08 12:13:12,delivery,DELIVER15,credit_card,completed
1025606,14,,2026-06-08 12:19:30,drive_thru,,credit_card,completed
1025607,3,,2026-06-08 12:20:31,dine_in,,cash,completed
1025608,16,610,2026-06-08 12:23:21,dine_in,,apple_pay,completed
1025609,18,534,2026-06-08 12:24:14,dine_in,,cash,completed
1025610,18,936,2026-06-08 12:26:02,takeout,,cash,completed
1025611,15,1156,2026-06-08 12:26:56,delivery,,credit_card,completed
1025612,17,271,2026-06-08 12:27:11,dine_in,,credit_card,completed
1025613,20,,2026-06-08 12:28:17,dine_in,,cash,completed
1025614,16,693,2026-06-08 12:28:29,delivery,,credit_card,completed
1025615,10,1810,2026-06-08 12:29:11,dine_in,,cash,completed
1025616,2,,2026-06-08 12:29:14,takeout,,credit_card,completed
1025617,11,522,2026-06-08 12:29:19,takeout,,apple_pay,completed
1025617,11,522,2026-06-08 12:29:19,takeout,,apple_pay,refunded
1025618,18,622,2026-06-08 12:30:25,dine_in,,credit_card,completed
1025619,20,,2026-06-08 12:32:24,drive_thru,,debit_card,completed
1025620,15,,2026-06-08 12:33:17,dine_in,,debit_card,completed
1025621,6,2347,2026-06-08 12:34:02,drive_thru,,credit_card,completed
1025622,18,,2026-06-08 12:36:10,takeout,,apple_pay,completed
1025623,1,739,2026-06-08 12:37:33,delivery,DELIVER15,apple_pay,completed
1025624,17,1079,2026-06-08 12:40:27,delivery,,credit_card,completed
1025625,13,1786,2026-06-08 12:41:11,dine_in,,apple_pay,completed
1025626,18,2216,2026-06-08 12:41:35,delivery,,apple_pay,completed
1025627,17,,2026-06-08 12:41:57,delivery,,debit_card,completed
1025628,7,107,2026-06-08 12:42:44,takeout,,cash,completed
1025629,5,,2026-06-08 12:42:58,dine_in,,cash,completed
1025630,4,,2026-06-08 12:46:36,dine_in,,apple_pay,completed
1025631,1,2018,2026-06-08 12:50:15,delivery,DELIVER15,credit_card,completed
1025632,16,1354,2026-06-08 12:51:10,dine_in,,credit_card,completed
1025633,19,411,2026-06-08 12:53:38,drive_thru,,credit_card,completed
1025634,7,2355,2026-06-08 12:57:51,takeout,,cash,completed
1025635,7,737,2026-06-08 12:58:00,dine_in,,credit_card,completed
1025636,6,,2026-06-08 13:00:03,delivery,,credit_card,completed
1025637,3,,2026-06-08 13:01:59,delivery,,credit_card,completed
1025638,2,487,06/08/2026 13:03,dine_in,,credit_card,completed
1025639,13,,2026-06-08 13:04:12,dine_in,,debit_card,completed
1025640,2,,2026-06-08 13:06:50,delivery,,apple_pay,completed
1025641,18,159,2026-06-08 13:08:57,takeout,,credit_card,completed
1025642,7,,2026-06-08 13:09:54,delivery,,credit_card,refunded
1025643,5,1437,2026-06-08 13:10:45,drive_thru,,cash,completed
1025644,1,2003,2026-06-08 13:12:58,delivery,,debit_card,completed
1025645,1,1874,2026-06-08 13:13:13,takeout,,credit_card,completed
1025646,4,1997,2026-06-08 13:13:21,dine_in,,credit_card,completed
1025647,3,1255,2026-06-08 13:17:21,delivery,,debit_card,cancelled
1025648,17,,2026-06-08 13:22:45,takeout,,apple_pay,completed
1025649,4,1257,2026-06-08 13:29:44,delivery,,debit_card,completed
1025650,6,381,2026-06-08 13:32:19,takeout,,credit_card,completed
1025651,16,,2026-06-08 13:44:45,dine_in,,credit_card,completed
1025652,5,2224,2026-06-08 13:45:30,drive_thru,,debit_card,completed
1025653,6,1006,2026-06-08 13:52:00,takeout,,debit_card,completed
1025654,20,1682,2026-06-08 14:12:51,,,debit_card,completed
1025655,1,253,2026-06-08 14:17:33,takeout,,debit_card,completed
1025656,7,1121,2026-06-08 14:44:57,takeout,,apple_pay,completed
1025657,17,,2026-06-08 15:23:41,dine_in,,debit_card,completed
1025658,18,400,2026-06-08 15:27:20,drive_thru,,credit_card,completed
1025659,5,,2026-06-08 15:45:16,delivery,,credit_card,completed
1025660,14,,2026-06-08 15:50:44,takeout,,credit_card,completed
1025661,4,,2026-06-08 16:11:05,dine_in,,apple_pay,completed
1025662,2,2276,2026-06-08 16:43:47,delivery,,credit_card,completed
1025663,20,894,2026-06-08 16:51:43,takeout,,credit_card,completed
1025664,18,1183,2026-06-08 17:10:29,takeout,,cash,completed
1025665,16,610,2026-06-08 17:30:50,dine_in,,debit_card,completed
1025666,4,312,2026-06-08 17:31:14,delivery,,credit_card,completed
1025667,2,,2026-06-08 17:36:47,dine_in,,apple_pay,completed
1025668,4,662,2026-06-08 17:39:30,delivery,DELIVER15,debit_card,completed
1025669,6,2059,2026-06-08 17:40:26,takeout,,debit_card,completed
1025670,4,1601,2026-06-08 17:45:45,takeout,,gift_card,completed
1025671,4,,2026-06-08 17:48:40,dine_in,,cash,completed
1025671,4,,2026-06-08 17:48:40,dine_in,,cash,completed
1025672,15,1864,2026-06-08 17:53:28,dine_in,,credit_card,completed
1025673,19,657,2026-06-08 17:53:35,dine_in,,apple_pay,completed
1025674,3,2363,2026-06-08 17:59:15,delivery,,debit_card,completed
1025675,11,269,2026-06-08 18:07:30,takeout,,cash,completed
1025676,2,,2026-06-08 18:07:33,dine_in,,credit_card,completed
1025677,10,1975,2026-06-08 18:16:36,delivery,,credit_card,completed
1025678,10,,2026-06-08 18:17:39,dine_in,,cash,completed
1025679,12,1212,2026-06-08 18:18:04,delivery,,debit_card,completed
1025680,12,816,06/08/2026 18:19,delivery,,apple_pay,completed
1025681,18,432,2026-06-08 18:22:01,delivery,,credit_card,completed
1025682,10,339,2026-06-08 18:23:12,drive_thru,,cash,completed
1025683,12,192,2026-06-08 18:25:04,takeout,,debit_card,completed
1025684,4,1165,2026-06-08 18:28:43,drive_thru,,credit_card,completed
1025685,15,,2026-06-08 18:32:06,delivery,,credit_card,completed
1025686,7,674,2026-06-08 18:34:50,dine_in,,cash,completed
1025687,19,834,2026-06-08 18:35:02,drive_thru,,cash,completed
1025688,14,67,2026-06-08 18:35:22,delivery,,credit_card,completed
1025689,1,,2026-06-08 18:37:12,delivery,DELIVER15,credit_card,cancelled
1025690,19,1394,2026-06-08 18:37:53,dine_in,,gift_card,completed
1025691,15,910,2026-06-08 18:38:43,delivery,,apple_pay,completed
1025692,20,2088,2026-06-08 18:39:53,drive_thru,,cash,completed
1025693,7,,2026-06-08 18:40:21,dine_in,,debit_card,completed
1025694,20,793,2026-06-08 18:41:38,drive_thru,,credit_card,completed
1025695,17,2238,2026-06-08 18:42:22,delivery,,credit_card,completed
1025696,17,620,2026-06-08 18:42:30,dine_in,,cash,completed
1025697,1,,2026-06-08 18:42:39,dine_in,,credit_card,completed
1025698,11,2092,2026-06-08 18:44:45,,DELIVER15,credit_card,completed
1025699,14,,2026-06-08 18:47:43,delivery,,debit_card,completed
1025700,7,1435,2026-06-08 18:48:05,takeout,,apple_pay,completed
1025701,1,791,2026-06-08 18:51:51,dine_in,,credit_card,completed
1025702,16,,2026-06-08 18:52:06,takeout,,credit_card,completed
1025703,20,1836,2026-06-08 18:54:16,delivery,,debit_card,completed
1025704,12,2415,2026-06-08 18:55:22,dine_in,,debit_card,completed
1025705,16,,2026-06-08 18:56:24,dine_in,,credit_card,completed
1025706,6,2333,2026-06-08 18:56:37,drive_thru,,debit_card,completed
1025707,14,,2026-06-08 18:56:53,delivery,,debit_card,completed
1025708,11,2056,2026-06-08 18:57:53,dine_in,,cash,completed
1025709,8,1253,2026-06-08 18:58:14,takeout,,debit_card,completed
1025710,7,,2026-06-08 18:58:36,delivery,,credit_card,completed
1025711,12,,2026-06-08 19:00:39,dine_in,,gift_card,completed
1025712,6,901,2026-06-08 19:01:49,dine_in,,credit_card,completed
1025713,8,2389,2026-06-08 19:04:35,delivery,,debit_card,completed
1025713,8,2389,06/08/2026 19:04,delivery,,debit_card,completed
1025714,2,2109,2026-06-08 19:05:10,takeout,,apple_pay,completed
1025715,17,2341,2026-06-08 19:05:12,takeout,,debit_card,completed
1025716,7,2315,2026-06-08 19:07:48,dine_in,,debit_card,completed
1025717,12,753,2026-06-08 19:11:32,takeout,,debit_card,completed
1025718,15,,2026-06-08 19:11:37,dine_in,,credit_card,completed
1025719,6,2142,2026-06-08 19:12:04,dine_in,,debit_card,cancelled
1025720,20,366,2026-06-08 19:12:17,drive_thru,,debit_card,completed
1025721,8,,2026-06-08 19:13:32,dine_in,,credit_card,completed
1025722,10,,2026-06-08 19:20:04,delivery,DELIVER15,credit_card,completed
1025723,8,,2026-06-08 19:20:30,dine_in,,debit_card,completed
1025723,8,,2026-06-08 19:20:30,dine_in,,debit_card,completed
1025724,5,468,2026-06-08 19:25:38,drive_thru,,gift_card,cancelled
1025725,19,1286,2026-06-08 19:30:46,drive_thru,,debit_card,completed
1025726,14,2187,2026-06-08 19:30:55,drive_thru,,credit_card,completed
1025727,14,1976,2026-06-08 19:30:59,delivery,,debit_card,completed
1025728,10,,2026-06-08 19:31:14,dine_in,,credit_card,completed
1025729,11,1973,2026-06-08 19:31:52,drive_thru,,cash,completed
1025730,14,1885,2026-06-08 19:34:15,delivery,DELIVER15,credit_card,completed
1025731,18,,2026-06-08 19:34:36,dine_in,,credit_card,completed
1025732,8,714,2026-06-08 19:34:40,takeout,,credit_card,completed
1025733,4,1738,2026-06-08 19:36:16,delivery,DELIVER15,credit_card,completed
1025734,3,505,2026-06-08 19:36:24,dine_in,,gift_card,completed
1025735,2,274,2026-06-08 19:43:04,dine_in,,cash,completed
1025736,7,2218,06/08/2026 19:43,delivery,,credit_card,completed
1025737,12,,2026-06-08 19:44:42,delivery,,credit_card,completed
1025738,7,2013,2026-06-08 19:44:48,delivery,,credit_card,completed
1025739,14,991,2026-06-08 19:46:23,dine_in,,cash,completed
1025740,10,,2026-06-08 19:47:10,takeout,,credit_card,completed
1025741,10,1327,2026-06-08 19:47:36,drive_thru,,credit_card,completed
1025742,8,667,2026-06-08 19:49:11,delivery,DELIVER15,credit_card,completed
1025743,7,,2026-06-08 19:51:54,dine_in,,cash,completed
1025744,12,,2026-06-08 19:52:22,takeout,,credit_card,completed
1025745,2,1806,2026-06-08 19:56:57,delivery,DELIVER15,credit_card,completed
1025746,14,,2026-06-08 20:00:46,dine_in,,credit_card,completed
1025747,20,427,2026-06-08 20:02:34,delivery,DELIVER15,apple_pay,completed
1025748,15,,2026-06-08 20:09:35,dine_in,,apple_pay,completed
1025749,12,2085,2026-06-08 20:22:33,takeout,,gift_card,completed
1025750,5,1964,2026-06-08 20:24:35,takeout,,credit_card,completed
1025751,3,,2026-06-08 20:42:11,delivery,,credit_card,completed
1025752,4,434,2026-06-08 21:07:01,dine_in,,credit_card,completed
1025753,14,,2026-06-08 21:20:28,drive_thru,,credit_card,completed
1025754,8,1018,2026-06-08 21:38:08,dine_in,,cash,completed
1025755,15,2403,2026-06-08 21:53:17,delivery,,debit_card,completed
1025756,7,,2026-06-09 10:44:25,delivery,,gift_card,completed
1025757,8,104,2026-06-09 10:51:25,delivery,,debit_card,completed
1025758,16,1246,2026-06-09 11:03:02,delivery,,credit_card,completed
1025759,15,1752,2026-06-09 11:04:56,delivery,,apple_pay,completed
1025760,12,124,2026-06-09 11:08:28,dine_in,,debit_card,completed
1025761,19,,2026-06-09 11:20:25,takeout,,cash,completed
1025762,7,1060,2026-06-09 11:22:18,dine_in,,credit_card,cancelled
1025763,6,249,2026-06-09 11:24:08,dine_in,,cash,completed
1025764,19,443,06/09/2026 11:25,drive_thru,,debit_card,completed
1025765,1,,2026-06-09 11:26:25,dine_in,,credit_card,completed
1025766,12,862,2026-06-09 11:26:28,takeout,,apple_pay,completed
1025767,15,,2026-06-09 11:41:21,takeout,,apple_pay,completed
1025768,8,986,2026-06-09 11:50:58,dine_in,,apple_pay,refunded
1025769,8,2303,2026-06-09 11:55:45,delivery,,debit_card,completed
1025770,14,2277,2026-06-09 11:55:54,delivery,DELIVER15,credit_card,completed
1025771,1,616,2026-06-09 11:56:52,delivery,,gift_card,refunded
1025772,7,,2026-06-09 11:59:50,dine_in,,credit_card,completed
1025773,15,1727,2026-06-09 12:00:15,drive_thru,,cash,completed
1025774,8,2218,2026-06-09 12:04:58,delivery,,gift_card,completed
1025775,20,895,2026-06-09 12:08:33,takeout,,credit_card,completed
1025776,20,,2026-06-09 12:08:34,dine_in,,apple_pay,completed
1025777,19,1378,2026-06-09 12:09:30,takeout,,cash,completed
1025778,5,1421,2026-06-09 12:11:18,takeout,,debit_card,completed
1025779,5,1464,2026-06-09 12:13:03,drive_thru,,credit_card,completed
1025780,13,2431,2026-06-09 12:13:16,takeout,,cash,completed
1025781,3,2469,06/09/2026 12:14,takeout,,debit_card,completed
1025782,11,2393,2026-06-09 12:17:15,delivery,,credit_card,completed
1025783,15,817,2026-06-09 12:18:12,,,apple_pay,completed
1025784,16,,2026-06-09 12:20:24,dine_in,,credit_card,completed
1025785,1,1141,2026-06-09 12:21:52,delivery,,credit_card,completed
1025786,16,1579,2026-06-09 12:22:11,dine_in,,gift_card,completed
1025787,11,336,2026-06-09 12:26:11,takeout,,credit_card,completed
1025788,1,,2026-06-09 12:28:11,delivery,DELIVER15,credit_card,completed
1025789,5,2021,2026-06-09 12:29:09,drive_thru,,gift_card,completed
1025790,9,1658,2026-06-09 12:29:57,takeout,,credit_card,completed
1025791,3,,2026-06-09 12:32:20,dine_in,,debit_card,completed
1025792,7,2188,2026-06-09 12:35:04,delivery,,debit_card,completed
1025793,17,2158,2026-06-09 12:35:12,dine_in,,credit_card,completed
1025794,1,,2026-06-09 12:36:09,dine_in,,debit_card,completed
1025795,6,397,2026-06-09 12:36:27,takeout,,credit_card,completed
1025796,14,1774,2026-06-09 12:39:59,delivery,,apple_pay,completed
1025797,11,,2026-06-09 12:41:37,delivery,,debit_card,completed
1025798,6,1226,2026-06-09 12:45:54,delivery,,credit_card,completed
1025799,3,,2026-06-09 12:51:02,dine_in,,debit_card,completed
1025800,10,2150,2026-06-09 12:51:54,drive_thru,,debit_card,completed
1025801,6,,2026-06-09 12:51:57,drive_thru,,credit_card,completed
1025802,6,207,2026-06-09 12:52:33,takeout,,credit_card,completed
1025803,12,,2026-06-09 12:53:09,takeout,,credit_card,completed
1025804,17,1259,2026-06-09 12:53:11,delivery,,credit_card,completed
1025805,3,785,2026-06-09 12:53:16,delivery,,credit_card,completed
1025806,2,541,2026-06-09 12:53:26,dine_in,,credit_card,completed
1025807,1,1932,2026-06-09 12:54:20,delivery,,credit_card,completed
1025808,1,462,2026-06-09 12:57:59,dine_in,,cash,completed
1025809,20,,2026-06-09 12:58:01,dine_in,,apple_pay,completed
1025810,19,834,2026-06-09 13:00:15,dine_in,,apple_pay,completed
1025811,20,1248,2026-06-09 13:03:04,takeout,,credit_card,completed
1025812,9,,2026-06-09 13:04:15,delivery,DELIVER15,credit_card,completed
1025813,14,10,2026-06-09 13:05:20,drive_thru,,cash,completed
1025814,3,,2026-06-09 13:06:31,takeout,,cash,completed
1025815,3,953,2026-06-09 13:07:29,dine_in,,debit_card,completed
1025816,12,1727,2026-06-09 13:07:37,takeout,,credit_card,completed
1025817,14,,2026-06-09 13:13:21,delivery,,credit_card,cancelled
1025818,6,,2026-06-09 13:14:41,takeout,,cash,completed
1025819,1,2110,2026-06-09 13:25:01,dine_in,,gift_card,completed
1025820,19,896,2026-06-09 13:25:17,dine_in,,credit_card,completed
1025821,4,1743,2026-06-09 13:36:21,drive_thru,,credit_card,completed
1025822,19,966,2026-06-09 13:43:53,dine_in,,credit_card,completed
1025823,17,1079,2026-06-09 13:52:08,delivery,,credit_card,completed
1025824,8,256,2026-06-09 13:57:56,dine_in,,credit_card,completed
1025825,15,1311,2026-06-09 13:58:43,delivery,,credit_card,completed
1025826,12,,2026-06-09 14:17:30,takeout,,debit_card,completed
1025827,4,1955,2026-06-09 14:25:08,delivery,,credit_card,completed
1025828,19,700,2026-06-09 14:28:35,drive_thru,,cash,completed
1025829,12,1885,2026-06-09 15:17:29,takeout,,credit_card,completed
1025830,16,1650,2026-06-09 15:37:09,delivery,DELIVER15,apple_pay,completed
1025831,16,1411,2026-06-09 15:45:12,dine_in,,debit_card,completed
1025832,14,,2026-06-09 16:04:17,drive_thru,,credit_card,completed
1025833,10,,2026-06-09 16:20:15,delivery,,credit_card,completed
1025834,13,,2026-06-09 16:42:03,dine_in,,cash,completed
1025835,4,835,2026-06-09 17:20:48,delivery,,apple_pay,completed
1025836,11,1660,2026-06-09 17:32:53,dine_in,,debit_card,completed
1025837,11,125,2026-06-09 17:34:33,dine_in,,debit_card,completed
1025838,17,414,2026-06-09 17:37:42,delivery,DELIVER15,credit_card,completed
1025839,10,1807,06/09/2026 17:43,dine_in,,debit_card,completed
1025840,12,,2026-06-09 17:46:14,dine_in,,debit_card,completed
1025841,4,1347,06/09/2026 17:50,takeout,,credit_card,completed
1025842,6,153,2026-06-09 17:51:17,drive_thru,,credit_card,completed
1025843,6,2439,2026-06-09 17:59:38,delivery,DELIVER15,debit_card,completed
1025844,12,,2026-06-09 18:00:29,delivery,,credit_card,completed
1025845,15,,2026-06-09 18:13:32,drive_thru,,credit_card,completed
1025846,19,2300,2026-06-09 18:15:07,delivery,,credit_card,completed
1025847,15,281,2026-06-09 18:16:04,takeout,,debit_card,completed
1025848,10,,2026-06-09 18:20:21,takeout,,credit_card,completed
1025848,10,,2026-06-09 18:20:21,takeout,,credit_card,completed
1025849,5,,2026-06-09 18:21:39,drive_thru,,apple_pay,completed
1025850,19,,2026-06-09 18:26:41,delivery,,credit_card,completed
1025851,11,163,2026-06-09 18:27:23,delivery,,credit_card,completed
1025852,13,2431,2026-06-09 18:27:49,takeout,,debit_card,cancelled
1025853,20,,2026-06-09 18:31:19,drive_thru,,credit_card,completed
1025854,13,288,06/09/2026 18:33,dine_in,,credit_card,completed
1025855,14,1797,2026-06-09 18:34:49,delivery,,credit_card,completed
1025856,1,32,2026-06-09 18:38:21,,,debit_card,completed
1025857,18,259,2026-06-09 18:40:20,dine_in,,credit_card,completed
1025858,7,,2026-06-09 18:40:52,dine_in,,credit_card,completed
1025859,5,,2026-06-09 18:41:05,takeout,,gift_card,completed
1025860,7,1082,2026-06-09 18:42:24,delivery,,credit_card,completed
1025861,6,,2026-06-09 18:43:49,takeout,,credit_card,completed
1025862,12,1270,2026-06-09 18:43:55,delivery,,debit_card,completed
1025863,12,,2026-06-09 18:44:54,dine_in,,credit_card,completed
1025864,6,890,2026-06-09 18:45:33,dine_in,,apple_pay,completed
1025865,15,2298,2026-06-09 18:46:57,delivery,,apple_pay,completed
1025866,2,2109,2026-06-09 18:48:36,delivery,,apple_pay,completed
1025867,6,,2026-06-09 18:51:43,dine_in,,debit_card,completed
1025868,8,1092,2026-06-09 18:52:10,takeout,,apple_pay,completed
1025869,3,,2026-06-09 18:53:31,delivery,,credit_card,completed
1025870,8,217,2026-06-09 18:56:32,dine_in,,debit_card,completed
1025871,8,349,2026-06-09 18:58:05,delivery,,credit_card,completed
1025872,7,2105,2026-06-09 18:58:22,delivery,,debit_card,completed
1025873,10,1549,2026-06-09 18:58:55,dine_in,,credit_card,completed
1025874,5,1527,2026-06-09 18:59:51,drive_thru,,apple_pay,completed
1025875,13,,2026-06-09 19:00:06,dine_in,,credit_card,completed
1025876,6,,2026-06-09 19:00:31,drive_thru,,credit_card,completed
1025877,20,,2026-06-09 19:01:22,dine_in,,credit_card,completed
1025878,13,2251,2026-06-09 19:03:05,dine_in,,debit_card,completed
1025879,6,,2026-06-09 19:03:36,drive_thru,,credit_card,completed
1025880,12,1669,2026-06-09 19:04:20,delivery,,credit_card,completed
1025881,5,,2026-06-09 19:06:55,drive_thru,,debit_card,completed
1025882,8,2240,2026-06-09 19:07:28,dine_in,,apple_pay,completed
1025883,1,1373,2026-06-09 19:07:31,takeout,,credit_card,completed
1025884,13,,2026-06-09 19:09:39,delivery,,apple_pay,completed
1025885,12,811,2026-06-09 19:12:33,delivery,,credit_card,completed
1025885,12,811,2026-06-09 19:12:33,delivery,,credit_card,completed
1025886,8,1118,2026-06-09 19:15:28,takeout,,credit_card,completed
1025887,13,2431,2026-06-09 19:18:10,takeout,,cash,completed
1025888,12,195,2026-06-09 19:21:55,delivery,,debit_card,completed
1025889,4,1742,2026-06-09 19:22:01,delivery,DELIVER15,credit_card,completed
1025890,8,2240,2026-06-09 19:24:02,dine_in,,credit_card,completed
1025891,8,,2026-06-09 19:24:39,dine_in,,cash,refunded
1025892,3,2401,2026-06-09 19:27:51,delivery,,credit_card,refunded
1025893,3,2363,2026-06-09 19:28:01,takeout,,apple_pay,completed
1025894,4,2401,2026-06-09 19:31:08,drive_thru,,credit_card,completed
1025895,20,2037,2026-06-09 19:31:47,dine_in,,credit_card,completed
1025896,2,1133,2026-06-09 19:32:57,dine_in,,credit_card,completed
1025897,4,2177,2026-06-09 19:36:27,delivery,,credit_card,completed
1025898,8,,2026-06-09 19:37:14,takeout,,credit_card,completed
1025898,8,,2026-06-09 19:37:14,takeout,,credit_card,refunded
1025899,15,2369,2026-06-09 19:38:21,dine_in,,debit_card,completed
1025900,4,1577,2026-06-09 19:43:31,drive_thru,,apple_pay,completed
1025901,6,965,2026-06-09 19:44:55,dine_in,,credit_card,completed
1025902,4,,2026-06-09 19:47:09,drive_thru,,credit_card,completed
1025903,7,773,2026-06-09 19:47:21,dine_in,,gift_card,completed
1025904,17,2054,2026-06-09 19:51:00,takeout,,cash,completed
1025905,3,,2026-06-09 19:55:20,dine_in,,credit_card,completed
1025906,8,,2026-06-09 20:02:39,takeout,,credit_card,completed
1025907,15,,2026-06-09 20:09:41,takeout,,credit_card,completed
1025908,20,,2026-06-09 20:09:44,dine_in,,credit_card,completed
1025909,6,1599,2026-06-09 20:10:40,delivery,,credit_card,completed
1025910,19,1063,2026-06-09 20:23:26,drive_thru,,credit_card,completed
1025911,13,1913,2026-06-09 20:26:09,dine_in,,credit_card,completed
1025912,7,1866,2026-06-09 20:26:12,delivery,,debit_card,completed
1025913,12,909,2026-06-09 20:35:25,dine_in,,credit_card,completed
1025914,8,,2026-06-09 20:38:28,delivery,DELIVER15,credit_card,completed
1025915,10,1337,2026-06-09 20:46:18,delivery,,debit_card,completed
1025916,18,668,2026-06-09 21:08:09,drive_thru,,credit_card,completed
1025917,20,,2026-06-09 21:33:02,dine_in,,debit_card,completed
1025918,14,,2026-06-10 10:46:06,dine_in,,cash,completed
1025919,14,,2026-06-10 11:23:57,drive_thru,,debit_card,completed
1025920,3,1665,2026-06-10 11:26:07,takeout,,credit_card,completed
1025921,20,793,2026-06-10 11:43:25,delivery,,debit_card,completed
1025922,12,1940,2026-06-10 11:44:30,dine_in,,apple_pay,completed
1025923,11,1859,2026-06-10 11:52:52,delivery,DELIVER15,credit_card,refunded
1025924,18,276,2026-06-10 11:54:06,delivery,,credit_card,completed
1025925,3,1944,2026-06-10 11:54:36,delivery,DELIVER15,credit_card,completed
1025926,15,,2026-06-10 11:55:11,drive_thru,,cash,completed
1025927,3,943,2026-06-10 11:57:23,delivery,DELIVER15,credit_card,refunded
1025928,12,1751,2026-06-10 11:58:08,dine_in,,credit_card,cancelled
1025929,8,667,2026-06-10 11:58:42,takeout,,debit_card,completed
1025930,5,,2026-06-10 11:58:49,dine_in,,credit_card,refunded
1025931,12,757,2026-06-10 11:58:59,dine_in,,cash,completed
1025932,6,57,2026-06-10 11:59:38,delivery,DELIVER15,credit_card,completed
1025933,19,1451,2026-06-10 12:02:16,delivery,,debit_card,completed
1025934,4,,2026-06-10 12:08:14,dine_in,,credit_card,completed
1025935,7,,2026-06-10 12:08:16,takeout,,debit_card,completed
1025936,3,984,2026-06-10 12:09:05,dine_in,,cash,completed
1025937,18,273,2026-06-10 12:13:01,takeout,,credit_card,completed
1025938,8,,2026-06-10 12:13:10,dine_in,,debit_card,completed
1025939,4,2062,2026-06-10 12:13:23,delivery,,apple_pay,completed
1025940,9,1053,2026-06-10 12:13:43,dine_in,,credit_card,completed
1025941,4,1743,2026-06-10 12:14:34,delivery,,debit_card,completed
1025942,3,17,2026-06-10 12:14:38,takeout,,credit_card,completed
1025943,10,2343,2026-06-10 12:14:54,delivery,DELIVER15,credit_card,completed
1025944,9,1886,2026-06-10 12:15:13,dine_in,,debit_card,completed
1025945,10,42,2026-06-10 12:16:28,drive_thru,,debit_card,completed
1025946,6,,2026-06-10 12:16:33,takeout,,credit_card,completed
1025947,19,,2026-06-10 12:16:45,drive_thru,,debit_card,completed
1025948,5,2445,2026-06-10 12:18:01,delivery,,credit_card,completed
1025949,1,,2026-06-10 12:22:17,delivery,,gift_card,completed
1025950,15,554,2026-06-10 12:22:18,delivery,,debit_card,completed
1025951,8,772,2026-06-10 12:22:35,delivery,,gift_card,completed
1025952,19,117,2026-06-10 12:24:27,delivery,,debit_card,completed
1025953,7,2035,2026-06-10 12:24:49,dine_in,,apple_pay,completed
1025954,18,,2026-06-10 12:24:55,dine_in,,cash,completed
1025955,17,1236,2026-06-10 12:25:04,takeout,,credit_card,completed
1025956,17,552,2026-06-10 12:25:44,dine_in,,credit_card,completed
1025957,17,,2026-06-10 12:26:15,takeout,,credit_card,completed
1025958,13,1120,2026-06-10 12:28:30,dine_in,,apple_pay,completed
1025959,6,1131,2026-06-10 12:28:50,delivery,DELIVER15,credit_card,completed
1025960,3,,2026-06-10 12:29:38,dine_in,,debit_card,completed
1025961,10,,2026-06-10 12:33:43,takeout,,debit_card,completed
1025962,3,1453,2026-06-10 12:35:55,delivery,,apple_pay,completed
1025963,13,617,2026-06-10 12:36:09,delivery,,credit_card,completed
1025964,19,2460,2026-06-10 12:38:17,drive_thru,,debit_card,cancelled
1025965,4,1831,2026-06-10 12:39:24,dine_in,,apple_pay,completed
1025966,4,,2026-06-10 12:41:53,drive_thru,,credit_card,completed
1025967,13,2406,2026-06-10 12:41:55,dine_in,,credit_card,completed
1025968,13,1445,2026-06-10 12:46:44,delivery,,debit_card,completed
1025969,13,,2026-06-10 12:46:55,takeout,,debit_card,completed
1025970,19,,2026-06-10 12:47:41,dine_in,,apple_pay,completed
1025971,6,1632,2026-06-10 12:48:24,delivery,DELIVER15,credit_card,completed
1025972,18,,2026-06-10 12:51:04,drive_thru,,credit_card,completed
1025973,18,,2026-06-10 12:51:45,drive_thru,,apple_pay,completed
1025974,10,,2026-06-10 12:53:35,takeout,,debit_card,completed
1025975,1,,2026-06-10 12:56:23,takeout,,credit_card,completed
1025976,3,,2026-06-10 12:56:56,takeout,,cash,completed
1025977,16,237,06/10/2026 12:57,dine_in,,credit_card,completed
1025978,12,1885,2026-06-10 12:57:47,takeout,,apple_pay,completed
1025979,18,1890,2026-06-10 13:02:33,dine_in,,apple_pay,completed
1025980,20,,2026-06-10 13:02:45,drive_thru,,debit_card,completed
1025981,6,,2026-06-10 13:04:41,delivery,DELIVER15,debit_card,completed
1025982,11,931,2026-06-10 13:05:05,dine_in,,credit_card,completed
1025983,20,,2026-06-10 13:05:18,drive_thru,,credit_card,completed
1025984,11,,2026-06-10 13:08:29,dine_in,,credit_card,completed
1025985,6,,2026-06-10 13:09:36,delivery,,apple_pay,completed
1025986,9,,2026-06-10 13:09:43,takeout,,cash,completed
1025987,3,,2026-06-10 13:12:11,delivery,,credit_card,completed
1025988,4,490,2026-06-10 13:13:02,delivery,,credit_card,completed
1025989,5,,2026-06-10 13:17:38,delivery,,credit_card,completed
1025990,6,,2026-06-10 13:19:27,drive_thru,,apple_pay,completed
1025991,14,1908,2026-06-10 13:20:19,dine_in,,credit_card,completed
1025992,6,1006,2026-06-10 13:25:47,takeout,,credit_card,completed
1025993,19,2267,2026-06-10 13:26:18,drive_thru,,debit_card,completed
1025994,2,,2026-06-10 13:34:43,delivery,,debit_card,completed
1025995,1,777,06/10/2026 13:40,delivery,,credit_card,completed
1025996,7,1973,2026-06-10 13:45:16,dine_in,,credit_card,completed
1025997,20,,2026-06-10 13:53:31,delivery,DELIVER15,credit_card,completed
1025998,8,2008,2026-06-10 13:54:50,takeout,,cash,completed
1025999,8,,2026-06-10 13:55:42,takeout,,credit_card,completed
1026000,4,960,2026-06-10 14:43:26,drive_thru,,credit_card,completed
1026001,15,2268,2026-06-10 14:52:31,takeout,,credit_card,completed
1026002,7,1973,2026-06-10 15:24:19,takeout,,debit_card,completed
1026003,6,2042,2026-06-10 15:44:43,drive_thru,,debit_card,completed
1026004,10,1802,2026-06-10 15:50:50,dine_in,,credit_card,completed
1026005,13,288,2026-06-10 16:26:30,takeout,,credit_card,completed
1026006,10,1208,2026-06-10 17:02:41,delivery,,apple_pay,completed
1026007,8,1050,2026-06-10 17:10:40,dine_in,,debit_card,completed
1026008,17,,2026-06-10 17:36:53,delivery,,credit_card,completed
1026009,2,1436,2026-06-10 17:41:41,takeout,,credit_card,completed
1026010,3,,2026-06-10 17:43:38,dine_in,,credit_card,completed
1026011,13,514,2026-06-10 17:44:15,takeout,,credit_card,completed
1026012,14,2020,2026-06-10 17:47:09,delivery,DELIVER15,apple_pay,completed
1026013,12,2429,2026-06-10 17:48:01,dine_in,,debit_card,completed
1026014,2,,2026-06-10 17:48:03,dine_in,,debit_card,completed
1026015,15,619,2026-06-10 17:54:47,dine_in,,apple_pay,completed
1026016,9,477,2026-06-10 17:55:19,delivery,,credit_card,completed
1026016,9,477,2026-06-10 17:55:19,delivery,,credit_card,completed
1026017,7,,2026-06-10 17:55:53,dine_in,,credit_card,completed
1026018,16,1322,2026-06-10 17:59:50,dine_in,,credit_card,refunded
1026019,5,,2026-06-10 18:05:30,dine_in,,credit_card,completed
1026020,8,2061,2026-06-10 18:08:04,delivery,,gift_card,completed
1026021,9,664,2026-06-10 18:09:54,takeout,,credit_card,completed
1026022,8,,2026-06-10 18:15:10,dine_in,,apple_pay,completed
1026023,3,2401,2026-06-10 18:16:03,delivery,DELIVER15,debit_card,completed
1026024,11,900,2026-06-10 18:16:34,delivery,,credit_card,completed
1026025,9,1589,2026-06-10 18:16:43,dine_in,,credit_card,completed
1026026,20,,2026-06-10 18:18:17,drive_thru,,credit_card,completed
1026027,20,1153,2026-06-10 18:21:19,drive_thru,,credit_card,completed
1026028,14,1614,2026-06-10 18:21:42,drive_thru,,credit_card,completed
1026029,12,,2026-06-10 18:25:39,dine_in,,apple_pay,completed
1026030,17,2054,2026-06-10 18:27:06,delivery,,credit_card,completed
1026031,5,,2026-06-10 18:27:15,dine_in,,credit_card,completed
1026032,15,1494,2026-06-10 18:27:56,dine_in,,credit_card,completed
1026033,20,524,2026-06-10 18:28:18,takeout,,gift_card,completed
1026034,1,623,2026-06-10 18:29:03,dine_in,,cash,completed
1026035,14,1401,2026-06-10 18:29:27,delivery,DELIVER15,credit_card,completed
1026036,8,1253,2026-06-10 18:30:47,delivery,,credit_card,completed
1026037,10,361,2026-06-10 18:33:06,dine_in,,debit_card,refunded
1026038,1,1289,2026-06-10 18:34:48,delivery,,credit_card,completed
1026039,3,,2026-06-10 18:36:25,dine_in,,credit_card,completed
1026040,6,1284,2026-06-10 18:43:12,takeout,,credit_card,completed
1026041,6,683,2026-06-10 18:43:24,dine_in,,gift_card,completed
1026042,17,,2026-06-10 18:44:17,delivery,,credit_card,completed
1026043,10,1468,2026-06-10 18:45:00,dine_in,,cash,completed
1026044,4,1080,2026-06-10 18:47:40,delivery,,credit_card,completed
1026045,5,407,2026-06-10 18:49:35,delivery,,debit_card,completed
1026046,15,,2026-06-10 18:50:21,dine_in,,cash,completed
1026047,1,,2026-06-10 18:52:01,dine_in,,credit_card,completed
1026048,19,2216,2026-06-10 18:53:17,dine_in,,credit_card,completed
1026049,7,2464,2026-06-10 18:54:45,dine_in,,cash,completed
1026050,20,,2026-06-10 18:56:08,takeout,,cash,completed
1026051,13,592,2026-06-10 18:57:16,dine_in,,credit_card,completed
1026052,2,,2026-06-10 18:59:12,delivery,,debit_card,completed
1026053,11,1455,2026-06-10 19:00:37,delivery,,credit_card,completed
1026054,7,1973,2026-06-10 19:01:34,takeout,,credit_card,completed
1026055,10,1261,2026-06-10 19:01:59,delivery,,credit_card,completed
1026056,2,,2026-06-10 19:03:42,takeout,,credit_card,completed
1026057,20,685,2026-06-10 19:03:44,drive_thru,,cash,completed
1026058,9,2192,2026-06-10 19:05:55,dine_in,,apple_pay,refunded
1026059,11,,2026-06-10 19:05:58,takeout,,cash,completed
1026060,12,,2026-06-10 19:06:20,dine_in,,credit_card,completed
1026061,3,2037,2026-06-10 19:06:50,delivery,,debit_card,completed
1026062,17,657,2026-06-10 19:07:38,takeout,,gift_card,completed
1026063,7,,2026-06-10 19:10:03,dine_in,,credit_card,completed
1026064,8,228,2026-06-10 19:11:53,dine_in,,cash,completed
1026065,3,,2026-06-10 19:12:15,dine_in,,cash,completed
1026066,8,1242,2026-06-10 19:13:32,takeout,,gift_card,completed
1026067,1,2003,2026-06-10 19:16:12,dine_in,,credit_card,completed
1026068,16,2290,2026-06-10 19:16:16,dine_in,,cash,completed
1026069,17,,2026-06-10 19:17:42,dine_in,,gift_card,completed
1026069,17,,2026-06-10 19:17:42,dine_in,,gift_card,refunded
1026070,3,244,06/10/2026 19:18,delivery,,credit_card,completed
1026071,1,,2026-06-10 19:18:48,dine_in,,credit_card,completed
1026072,4,,2026-06-10 19:19:17,dine_in,,debit_card,completed
1026073,20,1392,2026-06-10 19:21:09,drive_thru,,credit_card,completed
1026073,20,1392,2026-06-10 19:21:09,drive_thru,,credit_card,completed
1026074,4,,2026-06-10 19:23:54,takeout,,debit_card,completed
1026075,5,1815,2026-06-10 19:25:13,dine_in,,debit_card,completed
1026076,4,2423,2026-06-10 19:31:57,takeout,,debit_card,completed
1026077,5,1421,2026-06-10 19:32:07,drive_thru,,credit_card,completed
1026078,4,,2026-06-10 19:34:00,takeout,,credit_card,completed
1026079,11,,2026-06-10 19:36:11,takeout,,credit_card,completed
1026080,6,,2026-06-10 19:36:28,dine_in,,cash,completed
1026081,15,1793,2026-06-10 19:36:47,drive_thru,,cash,completed
1026082,18,,2026-06-10 19:37:15,delivery,,debit_card,completed
1026083,17,2328,2026-06-10 19:37:49,takeout,,debit_card,completed
1026084,19,1587,2026-06-10 19:38:35,takeout,,apple_pay,completed
1026085,5,1673,2026-06-10 19:38:44,takeout,,debit_card,completed
1026086,7,2230,2026-06-10 19:40:18,takeout,,apple_pay,completed
1026087,14,2173,2026-06-10 19:46:51,delivery,,credit_card,completed
1026088,4,,2026-06-10 19:54:20,dine_in,,cash,completed
1026089,6,1851,2026-06-10 20:10:40,drive_thru,,debit_card,completed
1026090,19,975,2026-06-10 20:19:54,drive_thru,,debit_card,completed
1026091,5,2386,2026-06-10 20:22:25,,,cash,completed
1026092,2,2177,2026-06-10 20:24:36,dine_in,,credit_card,completed
1026093,20,2421,2026-06-10 20:43:21,takeout,,debit_card,completed
1026094,18,132,2026-06-10 20:52:23,takeout,,credit_card,completed
1026095,2,,2026-06-10 20:55:57,takeout,,gift_card,completed
1026096,8,1563,2026-06-10 20:56:46,delivery,,credit_card,completed
1026097,15,1441,2026-06-10 21:16:02,delivery,,apple_pay,completed
1026098,19,966,2026-06-10 21:41:27,drive_thru,,debit_card,completed
1026099,2,55,2026-06-10 21:43:38,dine_in,,credit_card,completed
1026100,3,1571,2026-06-10 21:50:52,delivery,DELIVER15,credit_card,completed
1026101,3,2340,2026-06-11 11:05:53,dine_in,,cash,completed
1026102,19,,2026-06-11 11:06:00,dine_in,,credit_card,completed
1026103,19,2400,2026-06-11 11:15:50,delivery,DELIVER15,debit_card,completed
1026104,18,,2026-06-11 11:19:08,drive_thru,,credit_card,completed
1026105,12,113,2026-06-11 11:20:36,takeout,,debit_card,completed
1026106,8,1526,2026-06-11 11:30:49,dine_in,,credit_card,completed
1026107,1,,2026-06-11 11:33:38,dine_in,,apple_pay,refunded
1026108,4,,2026-06-11 11:37:33,dine_in,,credit_card,cancelled
1026109,4,516,2026-06-11 11:39:48,delivery,,debit_card,completed
1026110,14,814,2026-06-11 11:39:48,takeout,,credit_card,completed
1026111,15,,2026-06-11 11:40:40,drive_thru,,gift_card,completed
1026112,7,995,2026-06-11 11:47:09,delivery,,credit_card,completed
1026113,12,,2026-06-11 11:49:29,takeout,,cash,completed
1026114,8,,2026-06-11 11:51:45,dine_in,,credit_card,completed
1026115,11,1803,2026-06-11 11:53:47,delivery,DELIVER15,apple_pay,completed
1026116,8,2139,2026-06-11 11:56:03,takeout,,credit_card,completed
1026117,16,,2026-06-11 12:00:41,dine_in,,credit_card,completed
1026118,10,,2026-06-11 12:04:02,delivery,,debit_card,refunded
1026119,16,1655,2026-06-11 12:09:42,dine_in,,cash,completed
1026119,16,1655,2026-06-11 12:09:42,dine_in,,cash,completed
1026120,5,,2026-06-11 12:13:43,dine_in,,debit_card,completed
1026121,8,,2026-06-11 12:15:27,dine_in,,cash,completed
1026122,10,,2026-06-11 12:15:46,drive_thru,,credit_card,completed
1026123,19,,2026-06-11 12:16:32,takeout,,credit_card,completed
1026124,4,1896,2026-06-11 12:17:33,dine_in,,debit_card,completed
1026125,7,,2026-06-11 12:17:33,dine_in,,credit_card,completed
1026126,2,825,2026-06-11 12:17:48,,,gift_card,completed
1026127,11,1873,2026-06-11 12:20:05,delivery,,apple_pay,completed
1026128,18,672,2026-06-11 12:21:20,drive_thru,,debit_card,completed
1026129,11,,2026-06-11 12:22:38,drive_thru,,cash,completed
1026130,18,675,2026-06-11 12:24:48,drive_thru,,debit_card,completed
1026131,7,2068,2026-06-11 12:25:02,takeout,,debit_card,completed
1026132,1,920,2026-06-11 12:25:04,delivery,,apple_pay,refunded
1026133,11,304,2026-06-11 12:25:39,takeout,,debit_card,completed
1026134,6,510,2026-06-11 12:25:44,takeout,,cash,completed
1026135,3,1895,2026-06-11 12:28:02,dine_in,,apple_pay,completed
1026136,7,,2026-06-11 12:28:11,delivery,,apple_pay,cancelled
1026137,6,243,2026-06-11 12:28:35,dine_in,,credit_card,completed
1026138,6,243,2026-06-11 12:29:54,drive_thru,,cash,completed
1026139,12,177,2026-06-11 12:30:04,takeout,,apple_pay,completed
1026140,13,991,2026-06-11 12:36:33,dine_in,,debit_card,completed
1026141,11,,2026-06-11 12:37:07,drive_thru,,credit_card,completed
1026142,16,1734,2026-06-11 12:37:14,takeout,,credit_card,completed
1026143,6,88,2026-06-11 12:38:31,,,gift_card,completed
1026144,11,1858,2026-06-11 12:39:10,delivery,,credit_card,refunded
1026145,13,309,2026-06-11 12:40:49,dine_in,,debit_card,completed
1026146,12,678,2026-06-11 12:41:31,dine_in,,credit_card,completed
1026147,14,,2026-06-11 12:42:19,dine_in,,credit_card,completed
1026148,13,,2026-06-11 12:42:58,dine_in,,apple_pay,completed
1026149,20,2037,2026-06-11 12:47:54,delivery,,apple_pay,completed
1026150,8,,2026-06-11 12:48:59,dine_in,,credit_card,completed
1026151,3,,2026-06-11 12:49:26,dine_in,,apple_pay,completed
1026152,18,856,2026-06-11 12:49:55,takeout,,credit_card,completed
1026153,8,2144,2026-06-11 12:50:29,takeout,,credit_card,completed
1026154,4,,2026-06-11 12:51:02,takeout,,cash,completed
1026155,5,1556,2026-06-11 12:51:07,drive_thru,,credit_card,completed
1026155,5,1556,2026-06-11 12:51:07,drive_thru,,credit_card,refunded
1026156,14,1214,2026-06-11 12:52:15,dine_in,,credit_card,completed
1026157,10,,2026-06-11 12:53:16,dine_in,,credit_card,completed
1026158,19,,2026-06-11 12:55:03,delivery,,gift_card,completed
1026159,6,,2026-06-11 12:55:17,dine_in,,credit_card,completed
1026160,8,913,2026-06-11 12:55:35,takeout,,apple_pay,completed
1026161,6,,2026-06-11 12:56:20,delivery,DELIVER15,apple_pay,completed
1026162,13,,2026-06-11 12:56:39,dine_in,,gift_card,completed
1026163,5,1344,2026-06-11 13:02:26,delivery,DELIVER15,credit_card,completed
1026164,12,2413,2026-06-11 13:02:46,delivery,,credit_card,completed
1026165,13,76,2026-06-11 13:05:49,delivery,,credit_card,completed
1026166,11,208,2026-06-11 13:07:32,dine_in,,gift_card,completed
1026166,11,208,2026-06-11 13:07:32,dine_in,,gift_card,completed
1026167,10,1188,2026-06-11 13:09:06,delivery,,apple_pay,completed
1026168,14,2277,2026-06-11 13:09:53,drive_thru,,credit_card,completed
1026169,7,2373,2026-06-11 13:10:25,delivery,,credit_card,completed
1026170,19,,2026-06-11 13:10:49,drive_thru,,cash,completed
1026171,11,2165,2026-06-11 13:11:42,dine_in,,credit_card,completed
1026172,7,1158,2026-06-11 13:11:59,dine_in,,credit_card,completed
1026173,20,1843,2026-06-11 13:17:19,delivery,DELIVER15,credit_card,completed
1026174,2,1231,2026-06-11 13:32:47,dine_in,,cash,completed
1026175,19,,2026-06-11 13:48:13,delivery,,credit_card,cancelled
1026176,4,,2026-06-11 13:56:00,takeout,,apple_pay,completed
1026177,6,,2026-06-11 14:06:29,delivery,,credit_card,completed
1026178,20,253,2026-06-11 14:41:59,dine_in,,debit_card,cancelled
1026179,7,1741,2026-06-11 14:49:50,delivery,,credit_card,completed
1026180,7,,2026-06-11 15:01:48,takeout,,debit_card,completed
1026181,20,,2026-06-11 15:25:05,delivery,,credit_card,completed
1026181,20,,2026-06-11 15:25:05,delivery,,credit_card,completed
1026182,20,1682,2026-06-11 15:33:40,takeout,,credit_card,completed
1026183,4,2204,2026-06-11 15:41:59,takeout,,apple_pay,completed
1026184,6,,2026-06-11 15:52:58,dine_in,,credit_card,completed
1026185,7,,2026-06-11 16:04:30,takeout,,apple_pay,completed
1026186,1,158,2026-06-11 16:32:04,delivery,,credit_card,completed
1026187,6,,2026-06-11 16:37:44,dine_in,,credit_card,completed
1026188,8,1404,2026-06-11 16:43:30,dine_in,,credit_card,completed
1026189,9,1760,2026-06-11 16:51:46,dine_in,,credit_card,completed
1026190,16,237,2026-06-11 17:16:55,dine_in,,credit_card,completed
1026191,12,,2026-06-11 17:17:02,delivery,,credit_card,completed
1026192,2,2266,2026-06-11 17:18:38,dine_in,,cash,completed
1026193,1,,2026-06-11 17:21:34,delivery,,apple_pay,completed
1026194,7,,2026-06-11 17:37:13,takeout,,apple_pay,completed
1026195,19,,2026-06-11 17:43:37,drive_thru,,apple_pay,completed
1026196,16,448,2026-06-11 17:43:49,dine_in,,cash,refunded
1026197,14,716,2026-06-11 17:47:04,takeout,,cash,completed
1026198,13,977,2026-06-11 17:51:12,takeout,,credit_card,completed
1026199,18,929,2026-06-11 17:53:09,drive_thru,,debit_card,completed
1026200,12,345,2026-06-11 17:57:25,dine_in,,credit_card,completed
1026201,18,,2026-06-11 18:07:16,dine_in,,credit_card,completed
1026202,10,1454,2026-06-11 18:10:56,drive_thru,,credit_card,completed
1026203,16,970,2026-06-11 18:17:48,takeout,,credit_card,completed
1026204,15,1152,2026-06-11 18:18:41,takeout,,credit_card,completed
1026205,1,2481,2026-06-11 18:19:53,dine_in,,credit_card,completed
1026206,3,,2026-06-11 18:22:35,delivery,,credit_card,completed
1026207,9,,2026-06-11 18:23:56,dine_in,,debit_card,completed
1026208,16,194,2026-06-11 18:24:02,takeout,,debit_card,completed
1026209,3,1946,2026-06-11 18:25:40,dine_in,,cash,completed
1026210,6,1085,2026-06-11 18:26:16,delivery,,credit_card,completed
1026211,3,,2026-06-11 18:32:26,takeout,,gift_card,completed
1026212,2,,2026-06-11 18:34:40,takeout,,apple_pay,completed
1026213,18,,2026-06-11 18:34:44,drive_thru,,cash,completed
1026214,11,1060,2026-06-11 18:35:27,dine_in,,credit_card,completed
1026215,16,1557,2026-06-11 18:36:15,dine_in,,credit_card,completed
1026216,10,1468,2026-06-11 18:38:32,takeout,,cash,completed
1026217,19,,2026-06-11 18:38:54,delivery,,credit_card,completed
1026218,4,1164,2026-06-11 18:40:13,delivery,,credit_card,completed
1026219,1,49,2026-06-11 18:43:09,dine_in,,credit_card,completed
1026220,19,,2026-06-11 18:43:48,takeout,,cash,completed
1026221,20,521,2026-06-11 18:44:40,dine_in,,credit_card,refunded
1026222,8,2303,2026-06-11 18:46:21,dine_in,,credit_card,completed
1026223,2,1096,2026-06-11 18:46:32,delivery,DELIVER15,credit_card,completed
1026224,3,1330,2026-06-11 18:47:40,takeout,,debit_card,completed
1026225,18,,2026-06-11 18:49:56,takeout,,credit_card,completed
1026226,7,1767,2026-06-11 18:52:45,dine_in,,cash,completed
1026227,12,1212,2026-06-11 18:55:36,takeout,,cash,completed
1026228,10,,2026-06-11 18:59:11,takeout,,credit_card,completed
1026229,8,,2026-06-11 18:59:34,dine_in,,cash,completed
1026230,1,,2026-06-11 19:00:25,delivery,DELIVER15,credit_card,completed
1026231,5,1491,2026-06-11 19:01:46,delivery,,credit_card,completed
1026232,10,1861,2026-06-11 19:03:39,dine_in,,credit_card,completed
1026233,17,1691,2026-06-11 19:05:52,dine_in,,credit_card,completed
1026234,11,931,2026-06-11 19:09:14,drive_thru,,cash,completed
1026235,15,2020,2026-06-11 19:12:29,takeout,,gift_card,completed
1026236,16,60,2026-06-11 19:13:55,dine_in,,credit_card,completed
1026237,9,,2026-06-11 19:13:56,delivery,,debit_card,completed
1026238,11,2387,2026-06-11 19:14:05,takeout,,credit_card,completed
1026239,12,,2026-06-11 19:14:22,dine_in,,credit_card,completed
1026240,6,2377,2026-06-11 19:14:38,drive_thru,,cash,completed
1026241,1,1701,2026-06-11 19:14:55,takeout,,gift_card,completed
1026242,16,848,2026-06-11 19:15:31,delivery,,debit_card,completed
1026243,15,1614,2026-06-11 19:17:55,takeout,,cash,completed
1026244,17,1332,2026-06-11 19:18:36,dine_in,,apple_pay,completed
1026245,8,,2026-06-11 19:19:23,dine_in,,credit_card,completed
1026246,17,,2026-06-11 19:19:40,delivery,,credit_card,completed
1026247,1,1081,2026-06-11 19:20:03,dine_in,,credit_card,cancelled
1026248,4,,2026-06-11 19:20:17,delivery,,debit_card,completed
1026249,20,,2026-06-11 19:20:23,dine_in,,credit_card,completed
1026250,7,766,2026-06-11 19:22:44,delivery,,credit_card,completed
1026251,13,472,2026-06-11 19:24:20,delivery,,apple_pay,completed
1026252,17,,2026-06-11 19:26:20,dine_in,,debit_card,completed
1026253,11,941,2026-06-11 19:27:26,takeout,,debit_card,completed
1026254,2,774,2026-06-11 19:29:30,delivery,,credit_card,completed
1026255,18,,2026-06-11 19:30:49,delivery,DELIVER15,credit_card,completed
1026256,6,,2026-06-11 19:31:16,drive_thru,,apple_pay,completed
1026257,5,,2026-06-11 19:37:34,takeout,,credit_card,completed
1026258,4,,2026-06-11 19:38:21,dine_in,,gift_card,completed
1026259,4,1644,2026-06-11 19:40:36,delivery,,credit_card,completed
1026260,16,,2026-06-11 19:42:02,dine_in,,debit_card,completed
1026261,16,647,2026-06-11 19:48:24,dine_in,,credit_card,completed
1026262,13,,2026-06-11 19:48:48,delivery,,apple_pay,completed
1026263,16,693,2026-06-11 19:50:38,dine_in,,apple_pay,completed
1026264,3,,2026-06-11 19:53:33,dine_in,,credit_card,completed
1026265,17,833,2026-06-11 19:56:02,takeout,,credit_card,completed
1026266,5,2100,2026-06-11 19:57:42,dine_in,,cash,completed
1026267,5,1633,2026-06-11 19:58:10,drive_thru,,apple_pay,completed
1026268,18,1963,2026-06-11 20:00:03,dine_in,,credit_card,cancelled
1026269,10,2030,2026-06-11 20:00:35,drive_thru,,gift_card,completed
1026270,7,,2026-06-11 20:03:28,delivery,,credit_card,completed
1026271,16,1078,2026-06-11 20:19:51,dine_in,,cash,completed
1026272,4,1644,2026-06-11 20:26:00,dine_in,,credit_card,completed
1026273,14,,2026-06-11 20:34:57,takeout,,credit_card,completed
1026274,13,592,2026-06-11 20:42:45,dine_in,,credit_card,completed
1026275,19,2170,2026-06-11 20:45:57,dine_in,,gift_card,completed
1026275,19,2170,2026-06-11 20:45:57,dine_in,,gift_card,refunded
1026276,11,,2026-06-11 20:47:21,takeout,,cash,completed
1026277,14,446,2026-06-11 21:12:29,drive_thru,,credit_card,completed
1026278,1,663,2026-06-11 21:26:22,delivery,,debit_card,completed
1026279,20,,2026-06-11 21:39:15,dine_in,,credit_card,completed
1026280,9,766,2026-06-11 21:41:57,drive_thru,,credit_card,completed
1026281,6,,2026-06-11 21:56:53,delivery,,apple_pay,refunded
1026282,11,2387,2026-06-12 10:35:28,dine_in,,credit_card,completed
1026283,6,849,2026-06-12 10:45:32,drive_thru,,apple_pay,completed
1026284,5,1586,2026-06-12 10:50:45,dine_in,,credit_card,completed
1026285,7,1973,2026-06-12 11:00:34,takeout,,credit_card,completed
1026286,17,221,2026-06-12 11:00:36,dine_in,,debit_card,completed
1026287,20,818,2026-06-12 11:19:54,delivery,,apple_pay,completed
1026288,16,622,2026-06-12 11:20:54,takeout,,credit_card,completed
1026289,7,217,2026-06-12 11:21:15,dine_in,,debit_card,completed
1026290,20,,2026-06-12 11:27:54,delivery,,credit_card,completed
1026291,5,,2026-06-12 11:34:38,dine_in,,credit_card,completed
1026292,9,,2026-06-12 11:36:06,takeout,,apple_pay,completed
1026293,8,2105,2026-06-12 11:36:43,delivery,,credit_card,completed
1026294,20,1133,2026-06-12 11:39:30,drive_thru,,gift_card,completed
1026295,19,738,2026-06-12 11:41:44,drive_thru,,credit_card,completed
1026296,15,,2026-06-12 11:41:59,dine_in,,credit_card,completed
1026297,14,1774,2026-06-12 11:43:22,delivery,,apple_pay,completed
1026298,15,,2026-06-12 11:47:01,delivery,DELIVER15,apple_pay,completed
1026299,17,2317,2026-06-12 11:48:26,takeout,,apple_pay,completed
1026300,10,,2026-06-12 11:48:42,dine_in,,apple_pay,completed
1026301,15,1652,2026-06-12 11:49:19,drive_thru,,debit_card,completed
1026302,2,2443,2026-06-12 11:49:50,dine_in,,apple_pay,completed
1026303,3,1884,2026-06-12 11:49:59,dine_in,,cash,completed
1026304,13,,2026-06-12 11:50:51,delivery,,debit_card,completed
1026305,1,250,2026-06-12 11:51:05,delivery,,debit_card,completed
1026306,18,,2026-06-12 11:53:37,,,credit_card,completed
1026307,3,907,2026-06-12 11:53:45,dine_in,,credit_card,completed
1026308,20,1168,2026-06-12 11:55:42,dine_in,,credit_card,completed
1026309,2,2109,2026-06-12 11:55:45,dine_in,,cash,completed
1026310,4,,2026-06-12 11:57:36,drive_thru,,credit_card,completed
1026311,20,1682,2026-06-12 11:58:42,takeout,,debit_card,completed
1026312,15,,2026-06-12 12:00:40,drive_thru,,credit_card,completed
1026313,17,,2026-06-12 12:05:36,dine_in,,credit_card,completed
1026314,6,,2026-06-12 12:07:29,drive_thru,,cash,completed
1026315,16,1322,2026-06-12 12:09:51,dine_in,,credit_card,completed
1026316,16,1914,2026-06-12 12:10:15,dine_in,,credit_card,completed
1026317,5,,2026-06-12 12:11:36,delivery,,debit_card,completed
1026318,1,613,2026-06-12 12:12:24,takeout,,debit_card,completed
1026319,18,,2026-06-12 12:14:23,dine_in,,debit_card,completed
1026320,8,714,2026-06-12 12:16:40,dine_in,,credit_card,completed
1026321,7,296,2026-06-12 12:17:35,dine_in,,credit_card,refunded
1026322,19,,2026-06-12 12:17:57,drive_thru,,gift_card,completed
1026323,4,,2026-06-12 12:18:13,delivery,,apple_pay,completed
1026324,20,182,2026-06-12 12:19:29,dine_in,,credit_card,completed
1026325,14,1040,2026-06-12 12:20:55,takeout,,credit_card,completed
1026326,12,,2026-06-12 12:24:03,takeout,,credit_card,completed
1026327,19,368,2026-06-12 12:25:17,delivery,,debit_card,completed
1026328,10,1903,2026-06-12 12:25:33,delivery,,credit_card,completed
1026329,11,931,2026-06-12 12:26:25,delivery,,credit_card,completed
1026330,8,359,2026-06-12 12:27:19,delivery,DELIVER15,credit_card,completed
1026331,11,1980,2026-06-12 12:27:25,takeout,,credit_card,completed
1026332,2,1531,2026-06-12 12:27:47,takeout,,credit_card,completed
1026333,3,1531,2026-06-12 12:28:10,delivery,,debit_card,completed
1026334,13,,2026-06-12 12:29:02,takeout,,credit_card,completed
1026335,15,498,2026-06-12 12:29:23,delivery,DELIVER15,debit_card,completed
1026336,5,751,2026-06-12 12:29:46,delivery,,credit_card,completed
1026337,2,2266,2026-06-12 12:30:33,dine_in,,credit_card,completed
1026338,7,614,2026-06-12 12:31:55,delivery,,credit_card,completed
1026339,19,2300,2026-06-12 12:34:29,dine_in,,cash,completed
1026340,3,,2026-06-12 12:34:54,delivery,,debit_card,completed
1026341,12,,2026-06-12 12:35:39,delivery,,debit_card,completed
1026342,1,2098,2026-06-12 12:38:06,takeout,,debit_card,completed
1026343,10,2284,2026-06-12 12:38:06,takeout,,apple_pay,completed
1026344,15,,2026-06-12 12:38:48,drive_thru,,cash,completed
1026345,8,1253,2026-06-12 12:38:57,takeout,,apple_pay,completed
1026346,11,1996,2026-06-12 12:39:22,dine_in,,apple_pay,completed
1026347,8,,2026-06-12 12:40:05,dine_in,,debit_card,completed
1026348,1,,2026-06-12 12:40:41,dine_in,,apple_pay,completed
1026349,10,1667,2026-06-12 12:41:29,takeout,,credit_card,completed
1026350,18,838,2026-06-12 12:42:00,dine_in,,debit_card,completed
1026351,8,2355,2026-06-12 12:42:12,dine_in,,credit_card,completed
1026352,9,99,06/12/2026 12:42,takeout,,credit_card,completed
1026353,19,1679,2026-06-12 12:45:01,delivery,,credit_card,completed
1026354,20,2031,2026-06-12 12:45:29,delivery,,credit_card,completed
1026355,1,1709,2026-06-12 12:47:16,takeout,,cash,completed
1026356,6,510,2026-06-12 12:47:18,dine_in,,credit_card,completed
1026357,4,,2026-06-12 12:49:04,delivery,,apple_pay,completed
1026358,1,2364,2026-06-12 12:49:28,delivery,,apple_pay,completed
1026359,13,,2026-06-12 12:49:35,takeout,,debit_card,completed
1026360,14,35,2026-06-12 12:50:38,drive_thru,,apple_pay,cancelled
1026361,14,2360,2026-06-12 12:50:53,delivery,,debit_card,completed
1026362,9,,2026-06-12 12:51:16,drive_thru,,credit_card,completed
1026363,17,,2026-06-12 12:52:20,dine_in,,cash,completed
1026364,14,794,2026-06-12 12:52:24,dine_in,,apple_pay,completed
1026365,5,,2026-06-12 12:53:59,delivery,DELIVER15,credit_card,completed
1026366,15,,2026-06-12 12:54:16,delivery,,debit_card,completed
1026367,13,1429,2026-06-12 12:54:56,takeout,,credit_card,completed
1026368,2,1351,2026-06-12 12:56:43,dine_in,,apple_pay,completed
1026369,1,,2026-06-12 13:00:22,delivery,,credit_card,completed
1026370,20,,2026-06-12 13:00:51,drive_thru,,apple_pay,completed
1026371,20,1969,2026-06-12 13:02:54,drive_thru,,debit_card,completed
1026372,3,1373,2026-06-12 13:04:14,dine_in,,gift_card,completed
1026373,14,741,2026-06-12 13:04:14,delivery,,credit_card,completed
1026374,1,,2026-06-12 13:06:02,,,cash,completed
1026375,18,,2026-06-12 13:07:55,dine_in,,credit_card,completed
1026376,17,2054,2026-06-12 13:13:13,dine_in,,cash,completed
1026377,10,701,2026-06-12 13:16:10,delivery,DELIVER15,credit_card,completed
1026378,6,1651,2026-06-12 13:16:38,dine_in,,credit_card,completed
1026379,10,1486,2026-06-12 13:16:47,dine_in,,credit_card,completed
1026380,12,2094,2026-06-12 13:18:34,delivery,,credit_card,completed
1026381,4,541,06/12/2026 13:22,delivery,,credit_card,completed
1026382,2,1163,2026-06-12 13:25:40,dine_in,,gift_card,completed
1026383,9,2027,2026-06-12 13:45:46,dine_in,,cash,completed
1026384,7,,2026-06-12 13:54:58,dine_in,,credit_card,completed
1026385,16,1519,2026-06-12 13:57:03,delivery,,credit_card,completed
1026386,17,,2026-06-12 14:07:20,dine_in,,credit_card,completed
1026387,8,,2026-06-12 14:12:55,dine_in,,cash,completed
1026388,20,2088,2026-06-12 14:16:05,takeout,,credit_card,completed
1026389,3,,2026-06-12 14:31:10,dine_in,,apple_pay,completed
1026390,5,1443,2026-06-12 14:35:20,dine_in,,credit_card,completed
1026391,15,1959,2026-06-12 14:37:34,dine_in,,credit_card,completed
1026392,12,1940,2026-06-12 15:02:25,delivery,DELIVER15,credit_card,completed
1026393,8,986,2026-06-12 15:16:38,delivery,,apple_pay,completed
1026394,12,,2026-06-12 16:10:03,takeout,,gift_card,completed
1026395,20,2113,2026-06-12 16:28:58,takeout,,cash,completed
1026396,11,336,2026-06-12 16:36:16,dine_in,,credit_card,completed
1026397,14,2277,2026-06-12 16:43:49,dine_in,,credit_card,completed
1026398,4,1489,2026-06-12 16:44:17,drive_thru,,credit_card,completed
1026399,7,1026,2026-06-12 16:44:25,dine_in,,cash,completed
1026400,1,1422,2026-06-12 16:44:45,delivery,DELIVER15,gift_card,completed
1026401,2,,2026-06-12 16:45:16,delivery,,credit_card,completed
1026402,18,694,2026-06-12 16:45:33,delivery,,credit_card,completed
1026403,10,106,2026-06-12 17:00:06,dine_in,,debit_card,completed
1026404,11,1803,2026-06-12 17:14:39,dine_in,,apple_pay,completed
1026405,12,1885,2026-06-12 17:23:31,dine_in,,cash,completed
1026406,7,2355,2026-06-12 17:28:55,takeout,,apple_pay,completed
1026407,14,,2026-06-12 17:33:09,delivery,,credit_card,completed
1026408,7,,2026-06-12 17:33:26,dine_in,,debit_card,completed
1026409,13,1170,2026-06-12 17:34:45,delivery,,credit_card,completed
1026410,4,,2026-06-12 17:40:56,dine_in,,cash,completed
1026411,14,1583,2026-06-12 17:41:05,dine_in,,apple_pay,completed
1026412,8,365,2026-06-12 17:43:47,dine_in,,credit_card,completed
1026413,1,,2026-06-12 17:45:47,dine_in,,apple_pay,completed
1026414,6,1344,2026-06-12 17:48:17,dine_in,,credit_card,completed
1026415,13,136,2026-06-12 17:49:15,delivery,,credit_card,completed
1026416,1,,2026-06-12 17:50:26,dine_in,,credit_card,completed
1026417,17,1389,2026-06-12 17:52:07,delivery,,credit_card,completed
1026418,16,,2026-06-12 17:54:51,delivery,,credit_card,completed
1026419,17,2158,2026-06-12 17:56:46,delivery,,debit_card,completed
1026420,18,,2026-06-12 18:01:42,dine_in,,debit_card,completed
1026421,9,1811,2026-06-12 18:08:58,delivery,DELIVER15,credit_card,completed
1026422,8,1353,2026-06-12 18:11:03,takeout,,credit_card,completed
1026423,11,1011,2026-06-12 18:11:44,dine_in,,cash,completed
1026424,15,1593,2026-06-12 18:14:09,dine_in,,debit_card,completed
1026425,15,1311,2026-06-12 18:14:58,delivery,,debit_card,completed
1026426,19,362,2026-06-12 18:19:39,drive_thru,,cash,completed
1026427,3,943,2026-06-12 18:22:02,dine_in,,debit_card,completed
1026428,9,2202,2026-06-12 18:25:44,delivery,,credit_card,completed
1026429,13,1984,2026-06-12 18:26:06,takeout,,cash,completed
1026430,7,464,2026-06-12 18:27:40,delivery,,credit_card,completed
1026431,16,,2026-06-12 18:28:06,delivery,,credit_card,completed
1026432,3,2314,2026-06-12 18:28:28,dine_in,,debit_card,completed
1026433,20,1089,2026-06-12 18:29:02,dine_in,,debit_card,completed
1026434,7,208,2026-06-12 18:31:32,dine_in,,debit_card,completed
1026435,14,,2026-06-12 18:33:07,takeout,,credit_card,completed
1026436,16,377,2026-06-12 18:36:02,dine_in,,gift_card,completed
1026437,13,,2026-06-12 18:39:39,dine_in,,credit_card,completed
1026438,14,413,2026-06-12 18:43:22,drive_thru,,apple_pay,completed
1026439,2,541,2026-06-12 18:43:58,takeout,,credit_card,refunded
1026440,11,1937,2026-06-12 18:44:37,delivery,DELIVER15,credit_card,completed
1026441,14,927,2026-06-12 18:46:41,delivery,,credit_card,completed
1026442,9,,2026-06-12 18:50:30,drive_thru,,gift_card,completed
1026443,14,1184,2026-06-12 18:50:56,delivery,,debit_card,completed
1026444,4,,2026-06-12 18:52:08,dine_in,,apple_pay,completed
1026445,17,1769,2026-06-12 18:52:46,dine_in,,credit_card,completed
1026446,19,382,2026-06-12 18:52:51,delivery,,debit_card,completed
1026447,13,76,2026-06-12 18:54:26,dine_in,,apple_pay,completed
1026448,13,1272,2026-06-12 18:54:59,takeout,,credit_card,cancelled
1026449,7,1866,2026-06-12 18:58:35,delivery,,debit_card,completed
1026450,1,2018,2026-06-12 19:00:41,dine_in,,credit_card,completed
1026450,1,2018,2026-06-12 19:00:41,dine_in,,credit_card,completed
1026451,4,,2026-06-12 19:02:01,delivery,,debit_card,completed
1026452,2,,2026-06-12 19:02:43,delivery,,credit_card,completed
1026453,2,2438,2026-06-12 19:03:53,dine_in,,apple_pay,completed
1026454,20,,2026-06-12 19:04:21,delivery,,credit_card,completed
1026455,15,,2026-06-12 19:04:28,dine_in,,credit_card,completed
1026456,3,1376,2026-06-12 19:08:06,delivery,DELIVER15,credit_card,completed
1026457,7,2263,2026-06-12 19:09:35,delivery,,credit_card,completed
1026458,6,2146,2026-06-12 19:11:09,dine_in,,apple_pay,completed
1026459,14,,2026-06-12 19:12:08,dine_in,,gift_card,completed
1026460,8,,2026-06-12 19:13:18,dine_in,,debit_card,completed
1026461,7,,2026-06-12 19:13:20,delivery,,credit_card,completed
1026462,10,1447,2026-06-12 19:14:02,dine_in,,credit_card,completed
1026463,18,,2026-06-12 19:14:57,drive_thru,,debit_card,completed
1026464,13,,2026-06-12 19:15:17,dine_in,,credit_card,completed
1026465,14,2391,2026-06-12 19:16:14,dine_in,,cash,completed
1026466,15,140,2026-06-12 19:17:05,drive_thru,,credit_card,completed
1026467,8,1105,2026-06-12 19:18:37,dine_in,,credit_card,completed
1026468,2,,2026-06-12 19:20:41,dine_in,,apple_pay,completed
1026469,6,882,2026-06-12 19:23:58,drive_thru,,cash,completed
1026470,15,837,2026-06-12 19:24:09,delivery,,debit_card,completed
1026471,6,381,2026-06-12 19:26:22,delivery,,debit_card,completed
1026472,4,2378,2026-06-12 19:30:09,dine_in,,cash,refunded
1026473,3,1737,2026-06-12 19:31:03,delivery,,apple_pay,completed
1026474,3,829,2026-06-12 19:31:04,dine_in,,apple_pay,completed
1026475,3,1510,2026-06-12 19:33:47,dine_in,,debit_card,completed
1026476,12,752,2026-06-12 19:34:11,dine_in,,cash,completed
1026477,16,,2026-06-12 19:35:25,dine_in,,debit_card,completed
1026478,12,1781,2026-06-12 19:35:56,delivery,,credit_card,completed
1026479,13,,2026-06-12 19:37:25,takeout,,credit_card,completed
1026480,14,,2026-06-12 19:39:01,takeout,,cash,completed
1026481,13,2180,2026-06-12 19:39:19,delivery,,gift_card,completed
1026482,2,2177,2026-06-12 19:39:54,dine_in,,apple_pay,completed
1026483,19,,2026-06-12 19:45:07,delivery,,apple_pay,completed
1026484,13,1005,2026-06-12 19:46:28,dine_in,,cash,completed
1026485,1,,2026-06-12 19:48:47,delivery,,credit_card,completed
1026486,1,,2026-06-12 19:55:51,delivery,,debit_card,completed
1026487,2,2439,2026-06-12 19:58:52,takeout,,apple_pay,completed
1026488,7,464,2026-06-12 20:00:04,takeout,,credit_card,completed
1026489,4,1366,2026-06-12 20:09:28,takeout,,apple_pay,completed
1026490,10,1470,2026-06-12 20:14:55,drive_thru,,apple_pay,completed
1026491,8,104,2026-06-12 20:17:02,dine_in,,credit_card,completed
1026492,19,80,06/12/2026 20:17,drive_thru,,credit_card,completed
1026493,4,,2026-06-12 20:22:03,dine_in,,credit_card,completed
1026494,16,,2026-06-12 20:32:23,takeout,,credit_card,completed
1026495,1,,2026-06-12 20:35:53,dine_in,,cash,completed
1026496,12,697,2026-06-12 20:37:59,dine_in,,apple_pay,completed
1026497,19,2126,2026-06-12 20:45:36,dine_in,,credit_card,completed
1026498,7,,2026-06-12 21:01:42,dine_in,,apple_pay,completed
1026499,4,1927,2026-06-12 21:11:13,takeout,,debit_card,completed
1026500,18,684,2026-06-12 21:15:19,delivery,,credit_card,completed
1026501,1,,2026-06-12 21:48:27,dine_in,,credit_card,completed
1026502,13,2180,2026-06-13 10:44:51,dine_in,,credit_card,completed
1026503,3,659,2026-06-13 10:49:39,dine_in,,cash,completed
1026504,11,522,2026-06-13 10:52:53,takeout,,gift_card,completed
1026505,5,1159,2026-06-13 11:02:07,drive_thru,,debit_card,completed
1026506,13,1341,2026-06-13 11:07:30,delivery,,credit_card,completed
1026507,1,105,2026-06-13 11:23:02,dine_in,,apple_pay,completed
1026508,13,,2026-06-13 11:23:47,,,debit_card,cancelled
1026509,8,719,2026-06-13 11:24:14,,DELIVER15,credit_card,completed
1026510,5,808,2026-06-13 11:34:42,takeout,,credit_card,completed
1026511,5,1970,2026-06-13 11:36:14,drive_thru,,debit_card,completed
1026512,5,2386,2026-06-13 11:36:38,delivery,DELIVER15,credit_card,completed
1026513,20,1383,2026-06-13 11:37:03,dine_in,,cash,completed
1026514,14,,2026-06-13 11:37:06,takeout,,credit_card,completed
1026515,3,2363,2026-06-13 11:38:55,dine_in,,credit_card,completed
1026516,4,,2026-06-13 11:43:23,delivery,,debit_card,completed
1026517,13,392,2026-06-13 11:44:04,dine_in,,gift_card,completed
1026518,15,804,2026-06-13 11:44:27,delivery,,debit_card,completed
1026519,17,1966,2026-06-13 11:46:34,takeout,,credit_card,completed
1026520,6,2365,2026-06-13 11:47:53,dine_in,,apple_pay,completed
1026521,7,1973,2026-06-13 11:49:01,delivery,DELIVER15,credit_card,completed
1026522,14,646,2026-06-13 11:49:33,dine_in,,credit_card,completed
1026523,14,,2026-06-13 11:50:09,takeout,,credit_card,completed
1026524,19,1427,2026-06-13 11:50:28,dine_in,,credit_card,completed
1026525,5,,2026-06-13 11:50:30,drive_thru,,debit_card,completed
1026526,5,673,2026-06-13 11:52:40,takeout,,credit_card,completed
1026527,8,,2026-06-13 11:55:39,dine_in,,debit_card,completed
1026528,15,398,2026-06-13 11:58:37,drive_thru,,credit_card,completed
1026529,10,1844,2026-06-13 11:59:17,delivery,DELIVER15,credit_card,completed
1026530,7,995,2026-06-13 11:59:24,dine_in,,apple_pay,cancelled
1026531,7,2295,06/13/2026 12:00,dine_in,,credit_card,completed
1026532,19,,2026-06-13 12:03:38,delivery,DELIVER15,credit_card,completed
1026533,1,2110,2026-06-13 12:05:17,delivery,,debit_card,completed
1026534,6,1529,2026-06-13 12:05:31,delivery,,debit_card,completed
1026535,1,,2026-06-13 12:08:51,takeout,,credit_card,completed
1026536,15,2289,2026-06-13 12:09:00,dine_in,,debit_card,completed
1026537,3,1097,2026-06-13 12:10:40,dine_in,,credit_card,completed
1026538,14,989,2026-06-13 12:10:59,dine_in,,credit_card,completed
1026539,4,1211,2026-06-13 12:14:09,delivery,,credit_card,completed
1026540,14,735,2026-06-13 12:16:22,delivery,,credit_card,completed
1026541,12,770,2026-06-13 12:17:03,delivery,DELIVER15,debit_card,completed
1026542,2,1133,2026-06-13 12:18:28,dine_in,,apple_pay,completed
1026543,13,,2026-06-13 12:18:50,dine_in,,credit_card,completed
1026544,15,363,2026-06-13 12:19:32,drive_thru,,credit_card,completed
1026545,10,,2026-06-13 12:20:36,delivery,,debit_card,completed
1026546,15,,2026-06-13 12:21:34,delivery,DELIVER15,credit_card,completed
1026547,6,170,2026-06-13 12:21:36,delivery,,debit_card,completed
1026548,1,1219,2026-06-13 12:21:39,takeout,,credit_card,completed
1026549,17,1928,2026-06-13 12:23:32,dine_in,,credit_card,completed
1026550,8,,2026-06-13 12:24:38,delivery,,gift_card,completed
1026551,11,522,2026-06-13 12:26:04,drive_thru,,credit_card,completed
1026552,15,337,2026-06-13 12:27:17,takeout,,credit_card,refunded
1026553,6,,2026-06-13 12:27:50,dine_in,,debit_card,completed
1026554,14,,2026-06-13 12:29:36,dine_in,,credit_card,completed
1026555,4,262,2026-06-13 12:30:06,delivery,,credit_card,completed
1026556,2,774,2026-06-13 12:30:15,delivery,DELIVER15,credit_card,completed
1026557,14,1214,2026-06-13 12:34:00,delivery,,credit_card,completed
1026558,14,188,2026-06-13 12:35:25,delivery,,credit_card,completed
1026559,10,1402,2026-06-13 12:36:12,dine_in,,apple_pay,completed
1026560,2,2125,2026-06-13 12:37:24,dine_in,,credit_card,completed
1026561,18,,2026-06-13 12:37:44,delivery,,apple_pay,completed
1026562,20,,2026-06-13 12:37:53,dine_in,,debit_card,completed
1026563,12,,2026-06-13 12:39:00,dine_in,,gift_card,completed
1026564,3,2082,2026-06-13 12:39:40,dine_in,,credit_card,completed
1026565,14,1012,2026-06-13 12:41:08,delivery,,credit_card,completed
1026566,14,779,2026-06-13 12:42:04,delivery,,credit_card,completed
1026567,15,,2026-06-13 12:43:14,delivery,,credit_card,completed
1026568,3,2082,2026-06-13 12:44:34,takeout,,apple_pay,completed
1026569,20,,2026-06-13 12:45:58,takeout,,credit_card,completed
1026570,20,1102,2026-06-13 12:46:12,dine_in,,cash,completed
1026571,17,,2026-06-13 12:48:16,dine_in,,credit_card,completed
1026572,3,2356,2026-06-13 12:49:22,delivery,DELIVER15,credit_card,completed
1026573,16,1889,2026-06-13 12:50:26,dine_in,,apple_pay,completed
1026574,8,1015,2026-06-13 12:50:36,takeout,,cash,completed
1026575,5,,2026-06-13 12:51:58,delivery,DELIVER15,apple_pay,completed
1026576,6,,2026-06-13 12:52:51,delivery,,credit_card,completed
1026577,19,,2026-06-13 12:52:51,dine_in,,apple_pay,completed
1026578,11,1660,2026-06-13 12:53:14,dine_in,,debit_card,completed
1026579,14,85,2026-06-13 12:53:16,dine_in,,gift_card,completed
1026580,8,466,2026-06-13 12:53:29,takeout,,apple_pay,completed
1026581,19,,2026-06-13 12:54:31,drive_thru,,debit_card,completed
1026582,17,1147,2026-06-13 12:54:46,dine_in,,credit_card,completed
1026583,3,2493,2026-06-13 12:57:36,delivery,,credit_card,completed
1026584,6,,2026-06-13 12:57:38,dine_in,,credit_card,completed
1026585,20,593,2026-06-13 12:57:49,takeout,,credit_card,completed
1026586,13,136,2026-06-13 12:58:43,dine_in,,credit_card,completed
1026587,11,,2026-06-13 12:59:19,drive_thru,,debit_card,completed
1026588,7,1567,2026-06-13 13:00:48,dine_in,,debit_card,completed
1026589,18,,2026-06-13 13:01:36,delivery,,debit_card,completed
1026590,3,198,2026-06-13 13:02:10,dine_in,,apple_pay,completed
1026591,14,1786,2026-06-13 13:02:19,dine_in,,credit_card,completed
1026592,16,973,2026-06-13 13:03:29,dine_in,,credit_card,completed
1026593,13,,2026-06-13 13:04:37,delivery,DELIVER15,apple_pay,completed
1026594,14,,2026-06-13 13:05:30,drive_thru,,credit_card,completed
1026595,17,1612,2026-06-13 13:06:23,delivery,,credit_card,completed
1026596,9,2005,2026-06-13 13:07:33,drive_thru,,cash,completed
1026596,9,2005,2026-06-13 13:07:33,drive_thru,,cash,completed
1026597,1,1896,2026-06-13 13:08:42,,,credit_card,completed
1026598,12,909,2026-06-13 13:08:51,delivery,,credit_card,completed
1026599,16,383,2026-06-13 13:10:58,dine_in,,credit_card,completed
1026600,6,,2026-06-13 13:12:50,drive_thru,,debit_card,completed
1026601,7,568,2026-06-13 13:13:53,takeout,,cash,completed
1026602,8,21,2026-06-13 13:14:01,dine_in,,credit_card,completed
1026603,11,,2026-06-13 13:14:17,takeout,,apple_pay,completed
1026604,2,1748,06/13/2026 13:15,takeout,,apple_pay,completed
1026605,4,1601,2026-06-13 13:15:34,takeout,,credit_card,completed
1026606,1,2486,2026-06-13 13:18:28,dine_in,,credit_card,completed
1026607,3,1145,2026-06-13 13:22:08,delivery,,debit_card,completed
1026608,10,1810,2026-06-13 13:23:29,takeout,,credit_card,completed
1026609,7,2218,2026-06-13 13:24:31,takeout,,apple_pay,completed
1026610,1,,2026-06-13 13:28:29,delivery,,debit_card,completed
1026611,15,1976,2026-06-13 13:29:14,drive_thru,,cash,completed
1026612,4,,2026-06-13 13:31:19,dine_in,,apple_pay,completed
1026613,19,1322,2026-06-13 13:39:21,drive_thru,,debit_card,completed
1026614,4,,2026-06-13 13:44:15,dine_in,,gift_card,completed
1026615,17,,2026-06-13 13:56:30,takeout,,credit_card,completed
1026616,20,648,2026-06-13 13:57:27,dine_in,,credit_card,completed
1026617,14,654,2026-06-13 14:07:40,dine_in,,credit_card,completed
1026618,17,,2026-06-13 14:11:17,dine_in,,apple_pay,completed
1026619,7,104,2026-06-13 14:24:43,delivery,,apple_pay,completed
1026620,15,2268,2026-06-13 14:26:18,dine_in,,credit_card,completed
1026621,12,2234,2026-06-13 14:34:08,dine_in,,credit_card,refunded
1026622,14,1048,2026-06-13 14:41:40,takeout,,credit_card,completed
1026623,6,1591,2026-06-13 14:51:56,dine_in,,credit_card,completed
1026624,12,802,2026-06-13 14:53:39,dine_in,,apple_pay,completed
1026625,12,,2026-06-13 15:06:35,dine_in,,credit_card,completed
1026626,11,,2026-06-13 15:24:43,delivery,,credit_card,completed
1026627,8,1808,2026-06-13 16:17:57,takeout,,credit_card,completed
1026628,3,1034,2026-06-13 16:58:47,delivery,,credit_card,completed
1026629,15,,2026-06-13 16:59:48,takeout,,apple_pay,completed
1026630,12,,2026-06-13 17:07:44,dine_in,,debit_card,completed
1026631,6,800,2026-06-13 17:17:34,delivery,,credit_card,completed
1026632,20,743,2026-06-13 17:18:10,drive_thru,,apple_pay,completed
1026633,7,2455,2026-06-13 17:18:54,delivery,,credit_card,completed
1026634,1,1467,2026-06-13 17:29:42,delivery,,debit_card,completed
1026635,13,,2026-06-13 17:36:48,dine_in,,credit_card,completed
1026636,1,,2026-06-13 17:38:09,dine_in,,apple_pay,completed
1026637,5,293,2026-06-13 17:40:12,dine_in,,cash,completed
1026638,8,2293,2026-06-13 17:40:29,takeout,,cash,completed
1026639,7,107,2026-06-13 17:42:33,delivery,,apple_pay,completed
1026640,1,1295,2026-06-13 17:43:26,dine_in,,debit_card,completed
1026641,7,2455,2026-06-13 17:44:41,delivery,,debit_card,completed
1026642,7,1688,2026-06-13 17:54:14,dine_in,,debit_card,completed
1026643,4,835,2026-06-13 17:54:37,dine_in,,credit_card,completed
1026644,13,181,2026-06-13 17:56:06,dine_in,,credit_card,completed
1026645,13,1264,2026-06-13 17:57:17,takeout,,debit_card,completed
1026646,14,255,2026-06-13 18:03:06,delivery,,debit_card,completed
1026647,20,,2026-06-13 18:03:28,drive_thru,,credit_card,completed
1026648,7,495,2026-06-13 18:04:21,dine_in,,credit_card,completed
1026649,19,2162,2026-06-13 18:04:28,takeout,,cash,completed
1026650,18,1733,2026-06-13 18:05:50,dine_in,,credit_card,completed
1026651,6,,2026-06-13 18:06:29,delivery,,credit_card,completed
1026652,6,2270,2026-06-13 18:06:49,dine_in,,credit_card,completed
1026653,14,2065,2026-06-13 18:07:20,delivery,DELIVER15,debit_card,completed
1026654,4,1228,2026-06-13 18:09:12,delivery,,debit_card,completed
1026655,9,1117,2026-06-13 18:10:00,takeout,,credit_card,completed
1026656,8,,2026-06-13 18:10:33,dine_in,,credit_card,completed
1026657,4,1228,2026-06-13 18:10:46,drive_thru,,credit_card,completed
1026658,4,,2026-06-13 18:12:32,drive_thru,,apple_pay,completed
1026659,8,466,2026-06-13 18:14:39,takeout,,apple_pay,completed
1026660,14,446,2026-06-13 18:15:51,delivery,,credit_card,completed
1026661,20,594,2026-06-13 18:19:33,delivery,DELIVER15,apple_pay,completed
1026662,17,,2026-06-13 18:22:37,delivery,,debit_card,completed
1026663,7,995,2026-06-13 18:23:06,takeout,,debit_card,completed
1026664,18,,2026-06-13 18:23:45,delivery,,debit_card,completed
1026665,10,,2026-06-13 18:24:46,drive_thru,,credit_card,completed
1026666,12,860,2026-06-13 18:26:02,delivery,,credit_card,completed
1026667,14,1675,2026-06-13 18:27:24,takeout,,gift_card,completed
1026668,1,185,2026-06-13 18:29:37,dine_in,,debit_card,completed
1026669,13,1465,2026-06-13 18:31:49,delivery,,credit_card,refunded
1026670,12,802,2026-06-13 18:34:30,delivery,,credit_card,completed
1026671,5,2354,2026-06-13 18:35:07,drive_thru,,debit_card,completed
1026672,20,630,2026-06-13 18:42:24,delivery,,credit_card,completed
1026673,1,712,2026-06-13 18:45:51,delivery,,debit_card,completed
1026674,3,141,2026-06-13 18:48:14,takeout,,gift_card,completed
1026675,7,,2026-06-13 18:49:08,dine_in,,debit_card,completed
1026676,15,2112,2026-06-13 18:50:32,drive_thru,,apple_pay,completed
1026677,11,,2026-06-13 18:50:34,drive_thru,,credit_card,refunded
1026678,12,2309,2026-06-13 18:50:37,takeout,,apple_pay,completed
1026679,12,458,2026-06-13 18:50:46,takeout,,debit_card,completed
1026680,19,80,2026-06-13 18:52:37,takeout,,credit_card,completed
1026681,17,,2026-06-13 18:54:19,takeout,,credit_card,completed
1026682,16,,2026-06-13 18:57:30,delivery,,credit_card,completed
1026683,5,,2026-06-13 19:00:36,drive_thru,,cash,completed
1026684,4,,2026-06-13 19:01:26,drive_thru,,apple_pay,completed
1026685,19,,2026-06-13 19:01:29,delivery,DELIVER15,apple_pay,completed
1026686,1,968,2026-06-13 19:02:19,dine_in,,debit_card,completed
1026687,14,298,2026-06-13 19:02:40,dine_in,,apple_pay,completed
1026688,1,1298,2026-06-13 19:03:27,delivery,,credit_card,completed
1026689,4,,2026-06-13 19:04:55,delivery,,credit_card,completed
1026690,1,2117,2026-06-13 19:05:38,takeout,,credit_card,completed
1026691,19,,2026-06-13 19:05:49,dine_in,,credit_card,completed
1026692,4,,2026-06-13 19:06:35,dine_in,,apple_pay,completed
1026693,20,2353,2026-06-13 19:07:50,delivery,DELIVER15,credit_card,completed
1026694,7,1280,2026-06-13 19:08:27,takeout,,debit_card,completed
1026695,5,1448,2026-06-13 19:09:13,dine_in,,debit_card,completed
1026696,1,,2026-06-13 19:09:46,delivery,DELIVER15,debit_card,completed
1026697,17,1981,2026-06-13 19:11:02,takeout,,debit_card,completed
1026698,4,2111,2026-06-13 19:11:03,dine_in,,credit_card,completed
1026699,19,,06/13/2026 19:11,delivery,,credit_card,completed
1026700,19,,2026-06-13 19:13:31,drive_thru,,credit_card,refunded
1026701,18,,2026-06-13 19:13:43,dine_in,,credit_card,completed
1026702,19,,2026-06-13 19:14:04,delivery,,debit_card,completed
1026703,15,1727,2026-06-13 19:14:16,delivery,,credit_card,completed
1026704,15,596,2026-06-13 19:14:51,dine_in,,apple_pay,completed
1026705,1,2486,2026-06-13 19:15:43,dine_in,,apple_pay,completed
1026706,19,150,2026-06-13 19:16:08,delivery,DELIVER15,credit_card,completed
1026707,9,,2026-06-13 19:16:15,dine_in,,debit_card,completed
1026708,19,1290,2026-06-13 19:17:05,delivery,DELIVER15,gift_card,completed
1026709,1,1025,2026-06-13 19:17:15,dine_in,,debit_card,completed
1026710,13,,2026-06-13 19:17:46,dine_in,,apple_pay,completed
1026711,8,2303,2026-06-13 19:17:59,dine_in,,debit_card,completed
1026712,7,502,2026-06-13 19:19:13,dine_in,,apple_pay,completed
1026713,4,1131,2026-06-13 19:21:51,delivery,,debit_card,completed
1026714,10,538,2026-06-13 19:22:58,takeout,,gift_card,completed
1026715,18,,2026-06-13 19:23:26,delivery,,apple_pay,completed
1026716,20,427,2026-06-13 19:23:51,dine_in,,credit_card,completed
1026717,13,,2026-06-13 19:24:45,dine_in,,credit_card,completed
1026718,7,2218,2026-06-13 19:24:54,dine_in,,credit_card,completed
1026719,14,2069,2026-06-13 19:25:37,delivery,,credit_card,completed
1026720,3,,2026-06-13 19:26:31,delivery,,debit_card,cancelled
1026721,6,,2026-06-13 19:26:53,delivery,,gift_card,completed
1026722,7,42,2026-06-13 19:27:10,dine_in,,credit_card,completed
1026723,11,1135,2026-06-13 19:28:19,delivery,DELIVER15,apple_pay,completed
1026724,19,199,2026-06-13 19:28:21,takeout,,apple_pay,completed
1026725,15,1518,2026-06-13 19:28:32,dine_in,,apple_pay,completed
1026726,11,,2026-06-13 19:30:17,dine_in,,credit_card,completed
1026727,14,,2026-06-13 19:34:04,takeout,,apple_pay,completed
1026728,14,446,2026-06-13 19:35:04,drive_thru,,credit_card,completed
1026729,20,,2026-06-13 19:37:49,dine_in,,credit_card,completed
1026730,4,1219,2026-06-13 19:38:23,dine_in,,credit_card,completed
1026731,20,390,2026-06-13 19:38:25,delivery,,credit_card,completed
1026732,7,666,2026-06-13 19:38:49,takeout,,debit_card,completed
1026733,18,1890,2026-06-13 19:39:17,dine_in,,debit_card,completed
1026734,12,1432,2026-06-13 19:40:00,dine_in,,credit_card,completed
1026735,4,,2026-06-13 19:44:16,drive_thru,,credit_card,completed
1026736,5,1585,2026-06-13 19:45:11,delivery,,credit_card,completed
1026737,17,,2026-06-13 19:46:13,dine_in,,debit_card,completed
1026738,19,1931,2026-06-13 19:47:04,drive_thru,,debit_card,completed
1026739,10,118,2026-06-13 19:47:28,takeout,,credit_card,completed
1026740,2,,2026-06-13 19:49:50,dine_in,,credit_card,completed
1026741,2,88,2026-06-13 19:50:20,delivery,,credit_card,completed
1026742,6,899,2026-06-13 19:52:12,drive_thru,,credit_card,completed
1026743,5,1071,2026-06-13 19:54:20,delivery,,apple_pay,completed
1026744,20,,2026-06-13 19:56:22,dine_in,,credit_card,completed
1026745,3,1512,2026-06-13 19:56:32,takeout,,credit_card,completed
1026746,17,,2026-06-13 20:03:12,dine_in,,debit_card,completed
1026747,3,1310,2026-06-13 20:04:23,dine_in,,credit_card,completed
1026748,14,2173,2026-06-13 20:07:57,delivery,DELIVER15,apple_pay,completed
1026749,1,630,2026-06-13 20:10:42,delivery,,credit_card,completed
1026750,4,960,2026-06-13 20:12:28,dine_in,,credit_card,completed
1026751,1,1673,2026-06-13 20:13:42,dine_in,,apple_pay,completed
1026752,8,2061,2026-06-13 20:16:30,takeout,,credit_card,completed
1026753,13,1465,2026-06-13 20:23:46,takeout,,credit_card,completed
1026754,10,1249,2026-06-13 20:25:22,delivery,DELIVER15,credit_card,completed
1026755,20,1003,2026-06-13 20:31:29,dine_in,,credit_card,completed
1026756,16,2460,2026-06-13 20:35:39,takeout,,cash,completed
1026757,15,196,2026-06-13 20:44:13,dine_in,,apple_pay,completed
1026758,10,,2026-06-13 20:48:11,takeout,,debit_card,completed
1026759,1,2279,2026-06-13 20:53:55,dine_in,,gift_card,completed
1026760,4,,2026-06-13 21:05:44,delivery,,credit_card,cancelled
1026761,7,1904,2026-06-13 21:13:37,delivery,,credit_card,completed
1026762,16,307,2026-06-13 21:28:01,takeout,,credit_card,completed
1026763,20,818,2026-06-13 21:46:46,drive_thru,,apple_pay,completed
1026764,14,,2026-06-13 21:52:09,drive_thru,,debit_card,completed
1026765,18,,2026-06-14 10:52:53,dine_in,,cash,completed
1026766,6,,2026-06-14 10:57:32,drive_thru,,cash,completed
1026767,9,1353,2026-06-14 11:11:58,dine_in,,cash,completed
1026768,18,1051,2026-06-14 11:28:02,delivery,,debit_card,completed
1026769,18,,2026-06-14 11:29:45,dine_in,,debit_card,completed
1026770,7,,2026-06-14 11:30:14,dine_in,,cash,completed
1026771,17,,06/14/2026 11:40,dine_in,,credit_card,completed
1026772,13,1877,2026-06-14 11:47:49,takeout,,debit_card,completed
1026773,11,,2026-06-14 11:49:12,delivery,,apple_pay,completed
1026774,13,1897,2026-06-14 11:50:05,delivery,,credit_card,completed
1026775,13,,2026-06-14 11:51:02,takeout,,credit_card,completed
1026776,1,,2026-06-14 11:52:26,dine_in,,debit_card,completed
1026777,13,2268,2026-06-14 11:52:58,delivery,,credit_card,cancelled
1026778,4,1144,2026-06-14 11:55:11,delivery,DELIVER15,credit_card,completed
1026779,18,,2026-06-14 11:55:35,drive_thru,,debit_card,completed
1026780,3,888,2026-06-14 11:56:14,dine_in,,credit_card,completed
1026781,12,,2026-06-14 11:56:50,dine_in,,credit_card,completed
1026782,16,475,2026-06-14 11:57:58,dine_in,,debit_card,completed
1026783,6,2059,2026-06-14 11:59:28,drive_thru,,cash,completed
1026784,3,2099,2026-06-14 12:01:16,delivery,,credit_card,completed
1026785,4,1578,2026-06-14 12:02:23,takeout,,credit_card,completed
1026786,14,,2026-06-14 12:03:58,drive_thru,,credit_card,completed
1026787,17,,2026-06-14 12:04:44,takeout,,debit_card,completed
1026788,14,1768,2026-06-14 12:10:14,delivery,,credit_card,completed
1026789,11,904,2026-06-14 12:12:38,takeout,,cash,completed
1026790,6,2439,2026-06-14 12:14:28,drive_thru,,credit_card,completed
1026791,14,298,2026-06-14 12:18:21,delivery,,credit_card,completed
1026792,20,158,2026-06-14 12:18:43,dine_in,,gift_card,completed
1026793,10,946,2026-06-14 12:21:35,delivery,,credit_card,completed
1026794,4,1144,2026-06-14 12:23:42,dine_in,,credit_card,completed
1026795,12,470,2026-06-14 12:24:54,dine_in,,debit_card,completed
1026796,6,,2026-06-14 12:25:09,,,apple_pay,completed
1026797,3,965,2026-06-14 12:26:33,dine_in,,debit_card,completed
1026798,14,1774,2026-06-14 12:26:54,delivery,,debit_card,completed
1026799,20,1104,2026-06-14 12:27:09,drive_thru,,credit_card,completed
1026800,15,2133,2026-06-14 12:27:34,drive_thru,,cash,completed
1026801,9,1275,2026-06-14 12:29:30,delivery,,debit_card,completed
1026802,17,,2026-06-14 12:31:55,delivery,DELIVER15,credit_card,completed
1026803,14,,2026-06-14 12:34:14,delivery,,credit_card,completed
1026804,2,2292,2026-06-14 12:34:39,takeout,,credit_card,completed
1026805,14,,2026-06-14 12:35:56,delivery,,credit_card,refunded
1026806,14,,2026-06-14 12:36:03,delivery,DELIVER15,credit_card,completed
1026807,2,,2026-06-14 12:36:37,delivery,,credit_card,completed
1026808,11,,2026-06-14 12:36:42,delivery,,credit_card,completed
1026809,17,2341,2026-06-14 12:37:15,dine_in,,credit_card,completed
1026810,4,2003,2026-06-14 12:39:09,dine_in,,debit_card,completed
1026811,7,666,2026-06-14 12:39:31,takeout,,credit_card,completed
1026812,2,1806,2026-06-14 12:41:30,dine_in,,credit_card,completed
1026813,16,,2026-06-14 12:42:48,delivery,,apple_pay,completed
1026814,17,1434,2026-06-14 12:45:09,dine_in,,debit_card,completed
1026815,12,,2026-06-14 12:47:28,takeout,,credit_card,completed
1026816,16,688,2026-06-14 12:48:09,takeout,,credit_card,completed
1026817,14,446,2026-06-14 12:50:21,drive_thru,,apple_pay,completed
1026818,7,,2026-06-14 12:51:19,delivery,DELIVER15,credit_card,completed
1026819,3,1823,06/14/2026 12:55,dine_in,,apple_pay,completed
1026820,20,786,2026-06-14 12:57:09,dine_in,,debit_card,completed
1026821,5,,2026-06-14 12:59:43,takeout,,credit_card,completed
1026822,7,,2026-06-14 13:00:15,dine_in,,apple_pay,completed
1026823,18,2147,2026-06-14 13:00:23,drive_thru,,apple_pay,completed
1026824,18,2147,2026-06-14 13:04:54,delivery,,debit_card,completed
1026825,6,1153,2026-06-14 13:05:06,delivery,DELIVER15,apple_pay,completed
1026826,17,756,2026-06-14 13:06:36,takeout,,credit_card,completed
1026827,4,,2026-06-14 13:07:07,dine_in,,cash,completed
1026828,7,1225,2026-06-14 13:08:11,takeout,,apple_pay,completed
1026829,4,869,2026-06-14 13:08:40,dine_in,,credit_card,completed
1026830,2,1695,2026-06-14 13:09:17,dine_in,,credit_card,completed
1026831,1,,2026-06-14 13:11:44,takeout,,credit_card,completed
1026832,16,2167,2026-06-14 13:13:09,delivery,,credit_card,completed
1026833,15,97,2026-06-14 13:14:07,drive_thru,,apple_pay,completed
1026834,4,,2026-06-14 13:14:09,drive_thru,,cash,completed
1026835,15,,2026-06-14 13:15:42,delivery,DELIVER15,credit_card,completed
1026836,14,1199,2026-06-14 13:24:01,dine_in,,credit_card,completed
1026837,3,2002,2026-06-14 13:24:54,delivery,,credit_card,completed
1026838,19,738,2026-06-14 13:29:31,dine_in,,debit_card,completed
1026839,7,1158,2026-06-14 13:31:15,delivery,,apple_pay,completed
1026840,16,,2026-06-14 13:31:46,dine_in,,apple_pay,completed
1026840,16,,2026-06-14 13:31:46,dine_in,,apple_pay,refunded
1026841,20,793,2026-06-14 13:39:29,dine_in,,cash,completed
1026842,6,1902,2026-06-14 13:40:28,dine_in,,credit_card,completed
1026843,12,225,2026-06-14 13:42:41,takeout,,credit_card,completed
1026844,8,,2026-06-14 14:02:31,delivery,,debit_card,completed
1026845,12,254,2026-06-14 14:49:45,dine_in,,apple_pay,completed
1026846,6,,2026-06-14 15:27:56,delivery,DELIVER15,credit_card,completed
1026847,2,1021,2026-06-14 15:49:34,delivery,,credit_card,completed
1026848,17,,2026-06-14 16:03:38,delivery,,credit_card,completed
1026849,1,,06/14/2026 17:04,dine_in,,debit_card,completed
1026850,3,1531,2026-06-14 17:10:00,delivery,,credit_card,completed
1026851,10,1729,2026-06-14 17:11:09,dine_in,,cash,completed
1026852,6,1580,2026-06-14 17:21:44,drive_thru,,credit_card,cancelled
1026853,18,,2026-06-14 17:32:29,drive_thru,,cash,completed
1026854,2,1096,2026-06-14 17:40:24,dine_in,,credit_card,completed
1026855,2,2208,2026-06-14 17:42:13,dine_in,,apple_pay,completed
1026856,19,414,2026-06-14 17:44:07,dine_in,,debit_card,completed
1026857,15,1716,2026-06-14 17:46:42,takeout,,credit_card,completed
1026858,3,17,2026-06-14 17:47:20,delivery,,apple_pay,completed
1026859,2,,2026-06-14 17:49:11,takeout,,cash,completed
1026860,6,1226,2026-06-14 17:50:53,takeout,,apple_pay,completed
1026861,10,820,2026-06-14 17:51:18,dine_in,,cash,completed
1026862,7,2223,2026-06-14 17:56:36,takeout,,debit_card,completed
1026863,1,,2026-06-14 17:57:14,delivery,,credit_card,completed
1026864,1,,2026-06-14 17:58:35,takeout,,cash,completed
1026865,8,986,2026-06-14 18:00:53,dine_in,,apple_pay,completed
1026866,11,,2026-06-14 18:04:15,drive_thru,,credit_card,completed
1026867,6,,2026-06-14 18:04:22,takeout,,apple_pay,completed
1026868,7,,2026-06-14 18:04:32,delivery,,credit_card,completed
1026869,12,2252,2026-06-14 18:07:21,dine_in,,apple_pay,completed
1026870,1,,2026-06-14 18:08:06,dine_in,,gift_card,completed
1026871,9,957,2026-06-14 18:11:36,drive_thru,,cash,completed
1026872,8,62,2026-06-14 18:12:43,takeout,,credit_card,completed
1026873,18,,2026-06-14 18:14:13,drive_thru,,credit_card,completed
1026874,15,2282,2026-06-14 18:15:08,dine_in,,apple_pay,completed
1026875,12,,2026-06-14 18:16:12,dine_in,,apple_pay,completed
1026876,20,603,2026-06-14 18:17:05,takeout,,credit_card,cancelled
1026877,13,2490,2026-06-14 18:17:20,delivery,,apple_pay,completed
1026878,1,1336,2026-06-14 18:19:29,takeout,,debit_card,completed
1026879,20,,2026-06-14 18:19:31,delivery,,debit_card,completed
1026880,12,2094,2026-06-14 18:20:51,dine_in,,debit_card,completed
1026881,14,1614,2026-06-14 18:20:56,dine_in,,credit_card,cancelled
1026882,12,1881,2026-06-14 18:22:33,dine_in,,cash,completed
1026883,3,965,2026-06-14 18:28:39,delivery,,credit_card,completed
1026884,3,,2026-06-14 18:29:41,dine_in,,cash,completed
1026885,3,2458,2026-06-14 18:30:25,dine_in,,apple_pay,completed
1026886,16,,2026-06-14 18:33:13,delivery,DELIVER15,gift_card,completed
1026887,17,,2026-06-14 18:35:04,takeout,,apple_pay,completed
1026888,16,1371,2026-06-14 18:37:24,delivery,DELIVER15,debit_card,completed
1026889,8,,2026-06-14 18:38:06,delivery,,credit_card,completed
1026890,18,,2026-06-14 18:38:16,dine_in,,apple_pay,completed
1026891,6,1033,2026-06-14 18:39:50,takeout,,credit_card,completed
1026892,2,1572,2026-06-14 18:41:47,dine_in,,gift_card,completed
1026893,2,,2026-06-14 18:44:09,dine_in,,debit_card,completed
1026894,14,1784,2026-06-14 18:44:18,drive_thru,,credit_card,completed
1026895,1,2077,2026-06-14 18:44:35,dine_in,,credit_card,completed
1026896,14,855,2026-06-14 18:45:35,takeout,,credit_card,completed
1026897,2,,2026-06-14 18:47:24,takeout,,debit_card,completed
1026898,12,331,2026-06-14 18:47:36,dine_in,,apple_pay,completed
1026899,14,828,2026-06-14 18:47:42,dine_in,,apple_pay,completed
1026900,10,1188,2026-06-14 18:48:19,dine_in,,credit_card,completed
1026901,17,2054,2026-06-14 18:52:06,delivery,,credit_card,completed
1026902,2,,2026-06-14 18:53:34,takeout,,credit_card,completed
1026903,3,,2026-06-14 18:56:00,delivery,,credit_card,completed
1026904,16,,2026-06-14 18:56:40,delivery,,apple_pay,completed
1026905,18,1130,2026-06-14 18:57:24,takeout,,apple_pay,completed
1026906,15,,2026-06-14 18:58:13,dine_in,,debit_card,completed
1026907,8,1353,2026-06-14 18:58:38,delivery,,debit_card,completed
1026908,20,1843,2026-06-14 19:02:55,delivery,,credit_card,refunded
1026909,1,518,2026-06-14 19:03:47,dine_in,,apple_pay,completed
1026910,5,,2026-06-14 19:06:11,drive_thru,,gift_card,completed
1026911,4,2307,2026-06-14 19:10:08,takeout,,credit_card,completed
1026912,19,2460,2026-06-14 19:10:59,delivery,,credit_card,completed
1026913,16,1708,2026-06-14 19:12:15,delivery,,credit_card,completed
1026914,19,,2026-06-14 19:13:15,delivery,,apple_pay,completed
1026915,10,531,2026-06-14 19:15:02,delivery,,debit_card,completed
1026916,12,,2026-06-14 19:15:18,delivery,,debit_card,completed
1026917,1,456,2026-06-14 19:16:20,takeout,,debit_card,cancelled
1026918,15,,2026-06-14 19:17:04,delivery,,credit_card,completed
1026919,4,453,2026-06-14 19:17:19,delivery,,credit_card,completed
1026920,17,,2026-06-14 19:18:17,takeout,,cash,cancelled
1026921,12,794,2026-06-14 19:22:05,delivery,DELIVER15,debit_card,completed
1026922,12,,2026-06-14 19:22:26,dine_in,,credit_card,completed
1026923,3,282,2026-06-14 19:24:44,takeout,,credit_card,completed
1026924,2,1471,2026-06-14 19:25:28,dine_in,,credit_card,completed
1026925,19,,2026-06-14 19:29:08,drive_thru,,gift_card,completed
1026926,11,1363,2026-06-14 19:32:20,dine_in,,debit_card,completed
1026927,11,,2026-06-14 19:35:17,dine_in,,debit_card,completed
1026928,3,30,2026-06-14 19:37:28,dine_in,,credit_card,completed
1026929,3,,2026-06-14 19:38:52,dine_in,,credit_card,completed
1026929,3,,2026-06-14 19:38:52,dine_in,,credit_card,completed
1026930,7,,2026-06-14 19:39:25,takeout,,credit_card,completed
1026931,1,375,2026-06-14 19:40:44,delivery,DELIVER15,debit_card,completed
1026932,20,603,2026-06-14 19:41:46,dine_in,,apple_pay,completed
1026933,18,386,2026-06-14 19:46:57,drive_thru,,cash,completed
1026934,1,2110,2026-06-14 19:48:53,takeout,,gift_card,completed
1026935,19,,2026-06-14 19:50:18,delivery,,credit_card,completed
1026936,6,,2026-06-14 19:50:32,delivery,,credit_card,completed
1026937,6,1562,2026-06-14 19:57:29,delivery,,credit_card,completed
1026938,15,910,2026-06-14 20:00:28,takeout,,credit_card,completed
1026939,5,,2026-06-14 20:01:10,delivery,,credit_card,completed
1026940,11,1859,2026-06-14 20:06:38,dine_in,,cash,completed
1026941,2,,2026-06-14 20:07:29,dine_in,,apple_pay,completed
1026942,6,1043,2026-06-14 20:21:07,dine_in,,cash,completed
1026943,13,566,2026-06-14 20:31:39,dine_in,,cash,completed
1026944,18,1733,2026-06-14 20:40:22,delivery,,apple_pay,completed
1026945,9,568,2026-06-14 20:56:56,dine_in,,credit_card,completed
1026946,4,1038,2026-06-14 21:06:11,delivery,,credit_card,completed
1026947,10,1685,2026-06-14 21:08:07,delivery,,debit_card,completed
1026948,12,972,2026-06-14 21:08:21,takeout,,credit_card,completed
1026949,5,,2026-06-14 21:39:14,drive_thru,,credit_card,completed
1026950,8,701,2026-06-14 21:52:27,delivery,,apple_pay,completed
1026951,7,2373,2026-06-14 21:57:46,dine_in,,gift_card,completed
1026952,8,866,2026-06-15 10:45:49,dine_in,,apple_pay,completed
1026953,3,525,2026-06-15 10:46:29,takeout,,credit_card,completed
1026954,3,369,2026-06-15 10:50:30,delivery,,apple_pay,completed
1026955,15,,2026-06-15 11:00:35,delivery,DELIVER15,credit_card,completed
1026956,3,2396,2026-06-15 11:03:57,dine_in,,credit_card,completed
1026957,16,769,2026-06-15 11:17:18,dine_in,,credit_card,completed
1026958,19,,2026-06-15 11:28:26,delivery,,credit_card,completed
1026959,4,1601,2026-06-15 11:49:16,takeout,,apple_pay,completed
1026960,9,358,2026-06-15 11:51:46,drive_thru,,apple_pay,completed
1026961,11,1273,2026-06-15 11:56:57,dine_in,,credit_card,completed
1026962,14,2069,2026-06-15 11:57:15,delivery,,credit_card,completed
1026962,14,2069,2026-06-15 11:57:15,delivery,,credit_card,completed
1026963,11,2393,2026-06-15 11:58:03,delivery,DELIVER15,debit_card,completed
1026964,8,,2026-06-15 12:01:04,delivery,,credit_card,completed
1026965,5,54,2026-06-15 12:03:16,dine_in,,credit_card,completed
1026966,16,1655,2026-06-15 12:06:34,delivery,,credit_card,completed
1026967,10,302,2026-06-15 12:07:59,dine_in,,credit_card,completed
1026968,15,,2026-06-15 12:09:39,dine_in,,credit_card,completed
1026969,11,46,2026-06-15 12:10:34,dine_in,,debit_card,completed
1026970,1,65,2026-06-15 12:11:45,delivery,DELIVER15,credit_card,completed
1026971,8,,2026-06-15 12:13:34,takeout,,gift_card,completed
1026972,13,,2026-06-15 12:14:39,dine_in,,credit_card,completed
1026973,4,,2026-06-15 12:21:39,dine_in,,apple_pay,completed
1026974,18,1369,2026-06-15 12:22:09,delivery,,credit_card,completed
1026975,6,487,2026-06-15 12:22:42,delivery,DELIVER15,credit_card,completed
1026976,2,,2026-06-15 12:27:01,dine_in,,credit_card,completed
1026977,4,,2026-06-15 12:27:26,takeout,,debit_card,completed
1026978,11,145,2026-06-15 12:28:12,drive_thru,,apple_pay,completed
1026979,14,1990,2026-06-15 12:28:34,drive_thru,,credit_card,completed
1026980,7,645,2026-06-15 12:28:50,dine_in,,cash,completed
1026981,3,2189,2026-06-15 12:29:20,delivery,,debit_card,completed
1026982,14,1657,2026-06-15 12:30:00,drive_thru,,credit_card,completed
1026983,18,1715,2026-06-15 12:30:52,drive_thru,,cash,completed
1026984,17,1079,2026-06-15 12:30:56,dine_in,,credit_card,completed
1026985,4,599,2026-06-15 12:32:45,dine_in,,debit_card,completed
1026986,15,1127,2026-06-15 12:36:04,dine_in,,cash,completed
1026987,3,2154,2026-06-15 12:39:45,takeout,,debit_card,completed
1026988,16,237,2026-06-15 12:40:53,delivery,,debit_card,completed
1026989,13,,2026-06-15 12:41:29,delivery,,credit_card,completed
1026990,3,2171,2026-06-15 12:42:17,dine_in,,cash,completed
1026991,4,252,2026-06-15 12:42:26,drive_thru,,cash,completed
1026992,17,,2026-06-15 12:43:02,takeout,,debit_card,completed
1026993,14,471,2026-06-15 12:43:25,drive_thru,,credit_card,completed
1026994,20,1089,2026-06-15 12:45:21,takeout,,credit_card,completed
1026995,11,931,2026-06-15 12:50:26,drive_thru,,credit_card,completed
1026996,9,157,2026-06-15 12:50:58,dine_in,,apple_pay,completed
1026997,9,,2026-06-15 12:53:21,drive_thru,,gift_card,completed
1026998,7,,2026-06-15 12:53:35,takeout,,credit_card,completed
1026999,8,2293,2026-06-15 12:54:32,takeout,,debit_card,completed
1027000,3,,2026-06-15 12:55:49,dine_in,,debit_card,completed
1027001,14,,2026-06-15 12:56:27,delivery,,credit_card,completed
1027002,10,1516,2026-06-15 12:56:37,takeout,,credit_card,completed
1027003,20,,2026-06-15 12:57:21,dine_in,,cash,completed
1027004,13,,2026-06-15 12:57:58,takeout,,gift_card,completed
1027005,17,684,2026-06-15 12:58:27,delivery,,credit_card,completed
1027006,10,1363,2026-06-15 12:58:34,dine_in,,debit_card,completed
1027007,4,1347,06/15/2026 13:04,drive_thru,,credit_card,completed
1027008,17,723,2026-06-15 13:04:32,dine_in,,credit_card,completed
1027009,20,1164,2026-06-15 13:05:04,dine_in,,credit_card,completed
1027010,5,1556,2026-06-15 13:05:18,delivery,,apple_pay,completed
1027010,5,1556,2026-06-15 13:05:18,delivery,,apple_pay,refunded
1027011,17,635,2026-06-15 13:19:34,dine_in,,apple_pay,completed
1027012,20,2421,2026-06-15 13:20:07,delivery,,credit_card,completed
1027013,3,785,2026-06-15 13:22:24,takeout,,debit_card,completed
1027014,16,1485,2026-06-15 13:23:08,takeout,,credit_card,completed
1027015,4,1644,2026-06-15 13:24:18,delivery,,credit_card,completed
1027016,4,1344,2026-06-15 13:27:05,delivery,DELIVER15,credit_card,completed
1027017,17,2341,2026-06-15 13:28:22,takeout,,apple_pay,completed
1027018,19,,2026-06-15 13:35:50,drive_thru,,credit_card,completed
1027019,20,1559,2026-06-15 13:54:41,delivery,,credit_card,completed
1027020,3,1634,2026-06-15 13:55:33,takeout,,credit_card,completed
1027021,9,763,2026-06-15 14:16:35,delivery,,credit_card,completed
1027022,6,,2026-06-15 14:17:43,delivery,,apple_pay,completed
1027023,5,1077,2026-06-15 14:21:46,dine_in,,apple_pay,completed
1027024,12,1109,2026-06-15 14:50:46,dine_in,,cash,completed
1027025,4,533,2026-06-15 15:06:54,takeout,,credit_card,completed
1027026,14,,2026-06-15 15:24:11,drive_thru,,cash,completed
1027027,20,,2026-06-15 15:43:48,drive_thru,,credit_card,completed
1027028,5,873,2026-06-15 15:54:00,takeout,,credit_card,completed
1027029,8,1172,2026-06-15 16:04:57,takeout,,credit_card,completed
1027030,8,,2026-06-15 16:40:48,delivery,,apple_pay,completed
1027031,6,,2026-06-15 17:01:46,delivery,,credit_card,completed
1027032,11,1428,2026-06-15 17:04:33,dine_in,,debit_card,completed
1027033,6,,2026-06-15 17:23:56,dine_in,,credit_card,completed
1027034,11,1346,2026-06-15 17:30:42,dine_in,,apple_pay,completed
1027035,19,273,2026-06-15 17:34:16,takeout,,debit_card,completed
1027036,15,,2026-06-15 17:41:58,,,credit_card,completed
1027037,6,882,2026-06-15 17:57:11,dine_in,,debit_card,completed
1027038,11,2394,2026-06-15 17:58:20,dine_in,,debit_card,completed
1027039,20,979,2026-06-15 18:03:01,delivery,,gift_card,completed
1027040,17,,2026-06-15 18:12:11,takeout,,debit_card,completed
1027041,16,1691,2026-06-15 18:12:34,dine_in,,credit_card,completed
1027042,12,1324,2026-06-15 18:15:11,takeout,,cash,completed
1027043,6,2439,2026-06-15 18:16:05,delivery,DELIVER15,credit_card,completed
1027044,17,215,2026-06-15 18:16:22,takeout,,gift_card,completed
1027045,14,2406,2026-06-15 18:16:29,delivery,,apple_pay,completed
1027046,7,2068,2026-06-15 18:17:45,dine_in,,credit_card,completed
1027047,16,2290,2026-06-15 18:18:26,delivery,DELIVER15,credit_card,completed
1027048,16,,2026-06-15 18:20:58,dine_in,,debit_card,completed
1027049,14,,2026-06-15 18:21:01,dine_in,,credit_card,completed
1027050,3,1641,2026-06-15 18:27:58,dine_in,,debit_card,completed
1027051,20,,2026-06-15 18:29:13,dine_in,,apple_pay,completed
1027052,4,2269,2026-06-15 18:32:12,drive_thru,,credit_card,completed
1027053,6,,2026-06-15 18:37:01,delivery,,debit_card,completed
1027054,5,372,2026-06-15 18:37:19,takeout,,credit_card,completed
1027055,14,977,2026-06-15 18:38:12,takeout,,cash,completed
1027056,18,694,2026-06-15 18:39:16,drive_thru,,credit_card,completed
1027057,8,1256,2026-06-15 18:40:26,dine_in,,apple_pay,completed
1027058,6,1333,2026-06-15 18:41:43,drive_thru,,credit_card,completed
1027059,7,,2026-06-15 18:42:43,takeout,,credit_card,completed
1027060,1,1649,2026-06-15 18:43:52,dine_in,,credit_card,completed
1027061,3,829,2026-06-15 18:44:22,dine_in,,cash,refunded
1027062,10,725,2026-06-15 18:45:18,delivery,,credit_card,completed
1027063,3,2314,2026-06-15 18:47:47,delivery,DELIVER15,apple_pay,completed
1027064,12,2010,2026-06-15 18:48:49,dine_in,,cash,completed
1027065,6,,2026-06-15 18:51:20,delivery,,credit_card,completed
1027066,14,,06/15/2026 18:52,takeout,,credit_card,completed
1027067,2,715,2026-06-15 18:57:05,takeout,,debit_card,completed
1027068,12,,2026-06-15 18:57:08,dine_in,,credit_card,cancelled
1027069,8,1253,2026-06-15 18:58:43,dine_in,,credit_card,refunded
1027070,6,164,2026-06-15 19:00:41,dine_in,,debit_card,completed
1027071,6,1317,2026-06-15 19:00:42,dine_in,,gift_card,completed
1027072,6,537,2026-06-15 19:10:13,delivery,,credit_card,completed
1027073,20,2113,2026-06-15 19:14:32,delivery,DELIVER15,credit_card,completed
1027074,16,2382,2026-06-15 19:15:49,takeout,,apple_pay,completed
1027075,12,794,2026-06-15 19:16:09,dine_in,,credit_card,completed
1027076,15,735,2026-06-15 19:17:15,dine_in,,gift_card,completed
1027077,3,795,2026-06-15 19:18:26,takeout,,debit_card,completed
1027078,11,2424,2026-06-15 19:19:35,dine_in,,debit_card,refunded
1027079,15,,2026-06-15 19:24:15,delivery,,debit_card,completed
1027080,8,1015,2026-06-15 19:24:43,takeout,,credit_card,cancelled
1027081,6,1202,2026-06-15 19:26:35,dine_in,,credit_card,refunded
1027082,3,2469,2026-06-15 19:33:25,takeout,,debit_card,completed
1027083,13,459,2026-06-15 19:35:23,delivery,,credit_card,completed
1027084,19,1573,2026-06-15 19:39:23,delivery,DELIVER15,credit_card,completed
1027085,7,2013,2026-06-15 19:41:22,delivery,DELIVER15,credit_card,completed
1027086,1,2082,2026-06-15 19:41:48,takeout,,credit_card,completed
1027087,15,398,2026-06-15 19:49:24,delivery,,debit_card,completed
1027088,8,1551,2026-06-15 19:56:15,dine_in,,debit_card,completed
1027089,14,828,2026-06-15 20:02:26,dine_in,,credit_card,completed
1027090,3,934,2026-06-15 20:06:25,delivery,,gift_card,completed
1027091,13,,2026-06-15 20:36:02,dine_in,,cash,completed
1027092,7,2068,2026-06-15 20:36:22,delivery,,apple_pay,completed
1027093,20,,2026-06-15 20:41:42,dine_in,,credit_card,completed
1027094,20,853,2026-06-15 20:42:28,delivery,,credit_card,completed
1027095,10,1861,2026-06-15 21:01:44,takeout,,credit_card,completed
1027096,7,2105,2026-06-15 21:58:10,delivery,,debit_card,completed
1027097,3,1097,2026-06-16 10:41:16,delivery,,apple_pay,completed
1027098,14,1614,2026-06-16 11:11:27,dine_in,,credit_card,cancelled
1027099,3,1673,2026-06-16 11:12:11,dine_in,,debit_card,completed
1027100,19,1094,2026-06-16 11:25:24,dine_in,,debit_card,completed
1027101,3,,2026-06-16 11:27:26,dine_in,,debit_card,completed
1027102,13,1288,2026-06-16 11:29:53,dine_in,,credit_card,completed
1027103,6,595,2026-06-16 11:31:07,drive_thru,,credit_card,completed
1027104,20,,2026-06-16 11:33:01,takeout,,credit_card,completed
1027105,4,,2026-06-16 11:42:04,dine_in,,credit_card,completed
1027106,10,,2026-06-16 11:43:12,delivery,,debit_card,completed
1027107,7,1291,2026-06-16 11:43:25,delivery,,credit_card,completed
1027108,12,113,2026-06-16 11:44:42,delivery,,gift_card,completed
1027109,10,,2026-06-16 11:44:51,takeout,,credit_card,refunded
1027110,7,1405,2026-06-16 11:48:59,delivery,,apple_pay,completed
1027111,6,1530,2026-06-16 11:56:11,dine_in,,debit_card,completed
1027112,12,1341,2026-06-16 11:58:01,dine_in,,debit_card,completed
1027113,17,1365,2026-06-16 11:58:14,dine_in,,credit_card,completed
1027114,20,,2026-06-16 12:02:31,delivery,,credit_card,completed
1027115,8,1995,2026-06-16 12:02:33,takeout,,cash,completed
1027116,10,2338,2026-06-16 12:03:21,drive_thru,,credit_card,completed
1027117,12,,2026-06-16 12:05:18,delivery,,apple_pay,completed
1027118,12,2085,2026-06-16 12:05:19,dine_in,,credit_card,completed
1027119,11,,2026-06-16 12:05:43,delivery,DELIVER15,credit_card,cancelled
1027120,7,1907,2026-06-16 12:05:56,delivery,,apple_pay,completed
1027121,17,1846,2026-06-16 12:08:27,takeout,,debit_card,completed
1027122,11,1039,2026-06-16 12:09:05,dine_in,,apple_pay,completed
1027123,14,,2026-06-16 12:11:47,delivery,,credit_card,completed
1027124,8,,2026-06-16 12:14:07,delivery,DELIVER15,credit_card,completed
1027125,17,501,2026-06-16 12:15:02,dine_in,,cash,completed
1027126,12,558,2026-06-16 12:18:05,dine_in,,credit_card,completed
1027127,13,977,2026-06-16 12:18:59,dine_in,,credit_card,completed
1027128,17,,2026-06-16 12:19:51,delivery,,credit_card,completed
1027129,15,,2026-06-16 12:20:56,dine_in,,credit_card,completed
1027130,17,1079,2026-06-16 12:21:10,dine_in,,cash,completed
1027131,9,572,2026-06-16 12:22:08,dine_in,,credit_card,completed
1027132,18,1893,2026-06-16 12:26:43,takeout,,debit_card,completed
1027133,1,2374,2026-06-16 12:27:57,dine_in,,cash,completed
1027134,13,,2026-06-16 12:28:25,takeout,,apple_pay,completed
1027135,20,1095,2026-06-16 12:28:33,delivery,,apple_pay,completed
1027136,17,174,2026-06-16 12:28:51,delivery,,credit_card,completed
1027137,12,38,2026-06-16 12:30:54,dine_in,,credit_card,completed
1027138,2,2177,2026-06-16 12:33:47,delivery,,apple_pay,completed
1027139,7,1479,2026-06-16 12:34:38,takeout,,credit_card,completed
1027140,2,532,2026-06-16 12:35:40,takeout,,credit_card,completed
1027141,5,1153,2026-06-16 12:36:47,takeout,,apple_pay,completed
1027142,4,1080,2026-06-16 12:37:21,delivery,DELIVER15,apple_pay,completed
1027143,6,1564,2026-06-16 12:41:43,dine_in,,credit_card,completed
1027144,1,404,2026-06-16 12:42:08,dine_in,,apple_pay,completed
1027145,15,1341,2026-06-16 12:42:47,takeout,,credit_card,completed
1027146,7,,2026-06-16 12:47:31,delivery,,credit_card,completed
1027147,10,1950,2026-06-16 12:48:19,delivery,DELIVER15,apple_pay,completed
1027148,13,566,2026-06-16 12:51:14,dine_in,,credit_card,completed
1027149,12,2168,2026-06-16 12:51:45,takeout,,credit_card,completed
1027150,4,108,2026-06-16 12:53:14,dine_in,,debit_card,completed
1027151,1,2110,2026-06-16 12:54:51,delivery,,credit_card,completed
1027152,4,974,2026-06-16 12:55:15,drive_thru,,apple_pay,completed
1027153,14,318,06/16/2026 12:57,delivery,DELIVER15,credit_card,completed
1027154,19,1711,2026-06-16 12:57:31,dine_in,,credit_card,completed
1027154,19,1711,2026-06-16 12:57:31,dine_in,,credit_card,completed
1027155,2,1351,2026-06-16 12:59:35,dine_in,,cash,completed
1027156,6,,2026-06-16 13:05:53,delivery,,credit_card,completed
1027157,1,883,2026-06-16 13:08:55,delivery,,gift_card,completed
1027158,3,,2026-06-16 13:12:21,takeout,,credit_card,completed
1027159,18,394,2026-06-16 13:13:35,takeout,,apple_pay,completed
1027160,7,1818,2026-06-16 13:15:37,takeout,,credit_card,completed
1027161,5,681,2026-06-16 13:15:46,delivery,DELIVER15,debit_card,completed
1027162,18,,2026-06-16 13:15:49,takeout,,apple_pay,completed
1027163,5,1839,2026-06-16 13:17:34,dine_in,,credit_card,completed
1027164,11,,2026-06-16 13:18:48,delivery,,apple_pay,completed
1027165,12,,2026-06-16 13:22:15,dine_in,,debit_card,completed
1027166,19,,2026-06-16 13:26:49,delivery,,debit_card,completed
1027167,8,230,06/16/2026 13:27,delivery,DELIVER15,debit_card,completed
1027168,10,1685,2026-06-16 13:29:36,delivery,,gift_card,cancelled
1027169,4,,2026-06-16 13:30:59,takeout,,debit_card,completed
1027170,8,2303,2026-06-16 13:33:44,dine_in,,credit_card,completed
1027171,12,1736,2026-06-16 13:39:04,dine_in,,credit_card,completed
1027172,13,,2026-06-16 13:39:07,takeout,,cash,completed
1027173,7,,2026-06-16 13:39:49,delivery,,credit_card,completed
1027174,12,757,2026-06-16 13:47:32,delivery,,credit_card,completed
1027175,5,1673,2026-06-16 13:52:13,dine_in,,apple_pay,completed
1027176,1,,2026-06-16 13:54:19,dine_in,,debit_card,completed
1027177,8,,2026-06-16 14:01:29,dine_in,,debit_card,completed
1027178,8,228,2026-06-16 14:07:13,dine_in,,apple_pay,completed
1027179,19,1537,2026-06-16 14:32:26,delivery,,credit_card,refunded
1027180,10,,2026-06-16 14:54:53,drive_thru,,credit_card,completed
1027181,12,1885,2026-06-16 14:58:31,dine_in,,debit_card,completed
1027182,13,,2026-06-16 15:01:59,delivery,,credit_card,completed
1027183,4,1095,2026-06-16 15:02:56,delivery,,credit_card,completed
1027184,6,71,2026-06-16 15:50:18,dine_in,,credit_card,completed
1027185,10,,2026-06-16 16:09:15,delivery,DELIVER15,credit_card,completed
1027186,8,667,2026-06-16 16:15:20,dine_in,,credit_card,completed
1027187,16,1762,2026-06-16 16:44:20,takeout,,debit_card,completed
1027188,12,1652,2026-06-16 17:03:52,dine_in,,debit_card,completed
1027189,17,2447,2026-06-16 17:33:03,takeout,,apple_pay,completed
1027190,17,,2026-06-16 17:36:19,takeout,,debit_card,completed
1027191,15,1593,2026-06-16 17:39:59,dine_in,,cash,completed
1027192,6,1857,2026-06-16 17:44:41,delivery,DELIVER15,credit_card,completed
1027193,16,,2026-06-16 17:49:06,dine_in,,debit_card,completed
1027194,6,487,2026-06-16 17:51:41,dine_in,,credit_card,completed
1027195,17,1750,2026-06-16 17:52:08,dine_in,,debit_card,completed
1027196,3,,2026-06-16 17:52:15,takeout,,apple_pay,completed
1027197,8,,2026-06-16 17:59:56,dine_in,,apple_pay,completed
1027198,7,2389,2026-06-16 18:01:44,delivery,,debit_card,completed
1027199,19,1147,2026-06-16 18:07:48,delivery,,debit_card,completed
1027200,1,703,2026-06-16 18:09:21,takeout,,debit_card,completed
1027201,13,1972,2026-06-16 18:10:30,dine_in,,debit_card,completed
1027202,15,2366,2026-06-16 18:12:57,drive_thru,,credit_card,completed
1027203,19,1411,2026-06-16 18:13:40,delivery,,credit_card,completed
1027204,8,,2026-06-16 18:15:48,dine_in,,credit_card,completed
1027205,13,,2026-06-16 18:19:02,dine_in,,credit_card,completed
1027206,16,756,2026-06-16 18:19:45,takeout,,debit_card,completed
1027207,20,,2026-06-16 18:22:51,drive_thru,,credit_card,completed
1027208,1,2077,2026-06-16 18:24:24,takeout,,apple_pay,completed
1027209,7,782,2026-06-16 18:24:29,dine_in,,credit_card,completed
1027210,3,2401,2026-06-16 18:24:34,dine_in,,credit_card,completed
1027211,20,785,2026-06-16 18:27:17,delivery,,credit_card,completed
1027212,14,,2026-06-16 18:29:12,delivery,,apple_pay,completed
1027213,8,824,2026-06-16 18:29:25,takeout,,credit_card,completed
1027214,5,,2026-06-16 18:29:55,drive_thru,,credit_card,completed
1027215,10,,2026-06-16 18:30:01,delivery,,debit_card,completed
1027216,1,,2026-06-16 18:34:04,takeout,,debit_card,completed
1027217,14,1614,2026-06-16 18:35:48,delivery,,debit_card,completed
1027218,1,,2026-06-16 18:37:24,takeout,,debit_card,completed
1027219,2,901,2026-06-16 18:38:11,dine_in,,cash,completed
1027220,14,,2026-06-16 18:38:29,dine_in,,gift_card,completed
1027221,20,277,2026-06-16 18:39:05,delivery,DELIVER15,apple_pay,completed
1027222,16,2434,2026-06-16 18:45:08,takeout,,credit_card,completed
1027223,1,185,06/16/2026 18:47,dine_in,,credit_card,completed
1027224,18,684,2026-06-16 18:48:36,drive_thru,,credit_card,completed
1027225,1,883,2026-06-16 18:49:26,dine_in,,credit_card,completed
1027226,17,,2026-06-16 18:50:44,takeout,,credit_card,completed
1027227,19,,2026-06-16 18:52:53,dine_in,,credit_card,completed
1027228,18,,2026-06-16 18:54:28,dine_in,,gift_card,completed
1027229,17,908,2026-06-16 18:56:18,delivery,DELIVER15,credit_card,completed
1027230,7,858,2026-06-16 18:58:47,dine_in,,debit_card,completed
1027231,7,1405,2026-06-16 19:03:03,delivery,,apple_pay,completed
1027232,20,1289,2026-06-16 19:04:15,drive_thru,,credit_card,completed
1027233,16,1322,2026-06-16 19:04:58,dine_in,,apple_pay,completed
1027234,4,1714,2026-06-16 19:05:25,drive_thru,,credit_card,completed
1027235,19,,2026-06-16 19:07:08,drive_thru,,debit_card,completed
1027236,7,1803,2026-06-16 19:08:07,dine_in,,debit_card,completed
1027237,20,1615,2026-06-16 19:09:20,dine_in,,credit_card,completed
1027238,7,,2026-06-16 19:11:56,dine_in,,debit_card,completed
1027239,9,,2026-06-16 19:12:57,delivery,,apple_pay,completed
1027240,2,144,2026-06-16 19:17:53,delivery,,credit_card,completed
1027241,15,596,2026-06-16 19:18:35,drive_thru,,credit_card,completed
1027242,18,,2026-06-16 19:18:48,takeout,,cash,completed
1027243,6,2227,2026-06-16 19:19:13,drive_thru,,credit_card,completed
1027244,7,645,2026-06-16 19:19:13,dine_in,,credit_card,completed
1027245,3,1641,2026-06-16 19:20:25,delivery,,credit_card,completed
1027246,14,,2026-06-16 19:22:01,dine_in,,debit_card,completed
1027247,13,1473,2026-06-16 19:27:00,delivery,DELIVER15,gift_card,completed
1027248,9,2165,2026-06-16 19:29:57,delivery,,debit_card,completed
1027249,12,2186,2026-06-16 19:30:34,takeout,,debit_card,completed
1027250,18,1561,2026-06-16 19:30:38,,,cash,completed
1027251,19,1498,2026-06-16 19:32:53,dine_in,,credit_card,completed
1027252,2,1356,2026-06-16 19:33:09,dine_in,,debit_card,completed
1027253,10,,2026-06-16 19:34:46,drive_thru,,cash,completed
1027254,15,1212,2026-06-16 19:43:06,delivery,,apple_pay,completed
1027255,1,,2026-06-16 19:55:12,dine_in,,apple_pay,completed
1027256,18,,2026-06-16 19:56:56,delivery,,apple_pay,completed
1027257,13,794,2026-06-16 19:57:54,dine_in,,credit_card,completed
1027258,10,1353,2026-06-16 20:09:15,delivery,DELIVER15,credit_card,completed
1027259,1,,2026-06-16 20:11:37,dine_in,,credit_card,completed
1027260,17,,2026-06-16 20:16:32,delivery,,credit_card,completed
1027261,2,1351,2026-06-16 20:25:50,dine_in,,apple_pay,completed
1027262,7,,2026-06-16 20:31:39,dine_in,,gift_card,completed
1027263,1,2473,2026-06-16 20:41:14,delivery,,gift_card,completed
1027264,10,628,2026-06-16 20:48:36,drive_thru,,credit_card,completed
1027265,15,669,2026-06-16 21:19:56,takeout,,credit_card,completed
1027266,14,1680,2026-06-16 21:41:51,drive_thru,,debit_card,cancelled
1027267,17,695,2026-06-17 10:56:00,delivery,DELIVER15,gift_card,completed
1027268,12,1777,2026-06-17 10:56:02,dine_in,,credit_card,completed
1027269,19,571,2026-06-17 11:05:42,drive_thru,,credit_card,completed
1027270,4,436,2026-06-17 11:16:48,drive_thru,,credit_card,completed
1027271,17,,2026-06-17 11:22:46,delivery,,credit_card,completed
1027272,10,,2026-06-17 11:24:08,dine_in,,credit_card,completed
1027273,17,2120,2026-06-17 11:37:06,takeout,,credit_card,completed
1027274,2,1436,2026-06-17 11:37:24,delivery,DELIVER15,credit_card,completed
1027275,1,2077,2026-06-17 11:39:06,takeout,,apple_pay,completed
1027276,2,,2026-06-17 11:40:03,dine_in,,apple_pay,completed
1027277,19,1889,2026-06-17 11:41:47,dine_in,,credit_card,completed
1027278,1,253,2026-06-17 11:41:48,takeout,,debit_card,completed
1027279,18,,2026-06-17 11:53:42,drive_thru,,credit_card,completed
1027280,19,1411,2026-06-17 11:55:05,takeout,,credit_card,completed
1027281,12,,2026-06-17 11:56:19,,,credit_card,completed
1027282,6,,2026-06-17 11:57:50,drive_thru,,credit_card,completed
1027283,17,,2026-06-17 11:58:13,dine_in,,apple_pay,completed
1027284,11,940,2026-06-17 12:04:01,takeout,,credit_card,completed
1027285,1,775,2026-06-17 12:06:08,dine_in,,credit_card,completed
1027286,5,,2026-06-17 12:06:48,takeout,,credit_card,completed
1027287,5,143,2026-06-17 12:07:57,delivery,DELIVER15,debit_card,cancelled
1027288,10,,2026-06-17 12:08:23,delivery,,credit_card,completed
1027289,4,,2026-06-17 12:09:37,delivery,,debit_card,completed
1027290,4,1924,2026-06-17 12:11:22,dine_in,,debit_card,completed
1027291,15,2020,2026-06-17 12:13:02,takeout,,credit_card,completed
1027292,3,,2026-06-17 12:16:31,dine_in,,apple_pay,completed
1027293,13,1877,2026-06-17 12:18:31,takeout,,apple_pay,completed
1027294,14,,2026-06-17 12:19:37,drive_thru,,apple_pay,completed
1027295,4,1347,2026-06-17 12:20:51,delivery,DELIVER15,credit_card,cancelled
1027296,18,132,2026-06-17 12:21:30,takeout,,credit_card,completed
1027297,4,,2026-06-17 12:21:54,takeout,,cash,completed
1027298,14,2069,2026-06-17 12:23:56,takeout,,credit_card,completed
1027299,15,2372,2026-06-17 12:24:35,delivery,,credit_card,completed
1027300,20,,2026-06-17 12:24:47,takeout,,credit_card,cancelled
1027301,6,1732,2026-06-17 12:25:36,delivery,,credit_card,completed
1027302,10,719,2026-06-17 12:25:39,dine_in,,credit_card,completed
1027303,2,1210,2026-06-17 12:26:28,delivery,,debit_card,completed
1027304,10,,2026-06-17 12:27:35,takeout,,apple_pay,completed
1027305,7,1858,2026-06-17 12:28:19,delivery,,apple_pay,completed
1027306,15,677,2026-06-17 12:30:58,takeout,,credit_card,completed
1027307,11,986,2026-06-17 12:31:51,drive_thru,,apple_pay,completed
1027308,6,1179,2026-06-17 12:32:44,dine_in,,apple_pay,completed
1027309,12,860,2026-06-17 12:32:57,dine_in,,cash,completed
1027310,7,2047,2026-06-17 12:33:03,dine_in,,debit_card,completed
1027311,12,2429,2026-06-17 12:34:45,dine_in,,credit_card,completed
1027312,19,1411,2026-06-17 12:36:31,drive_thru,,credit_card,completed
1027313,14,413,2026-06-17 12:36:50,takeout,,apple_pay,completed
1027314,16,,2026-06-17 12:36:55,delivery,,apple_pay,completed
1027315,7,,2026-06-17 12:38:42,delivery,DELIVER15,credit_card,completed
1027316,4,,2026-06-17 12:38:55,dine_in,,apple_pay,completed
1027317,1,1709,2026-06-17 12:38:58,dine_in,,debit_card,completed
1027318,4,1718,06/17/2026 12:41,dine_in,,credit_card,completed
1027319,7,734,2026-06-17 12:41:57,takeout,,cash,completed
1027320,20,818,2026-06-17 12:44:43,dine_in,,credit_card,completed
1027321,12,279,2026-06-17 12:48:25,dine_in,,debit_card,refunded
1027322,12,1234,2026-06-17 12:48:52,dine_in,,cash,completed
1027323,17,1612,2026-06-17 12:48:57,delivery,,apple_pay,completed
1027324,12,770,2026-06-17 12:51:27,delivery,,credit_card,completed
1027325,15,1752,2026-06-17 12:52:10,dine_in,,gift_card,completed
1027326,7,645,2026-06-17 12:52:41,delivery,DELIVER15,credit_card,completed
1027327,19,,2026-06-17 12:53:03,dine_in,,credit_card,completed
1027328,10,2284,2026-06-17 12:54:35,delivery,,credit_card,completed
1027329,11,,2026-06-17 12:54:51,dine_in,,debit_card,completed
1027330,19,935,2026-06-17 12:56:00,dine_in,,cash,completed
1027331,1,2032,2026-06-17 12:56:44,delivery,DELIVER15,credit_card,completed
1027332,18,,2026-06-17 12:56:53,delivery,DELIVER15,debit_card,completed
1027333,14,,2026-06-17 12:57:20,drive_thru,,debit_card,completed
1027334,1,465,2026-06-17 12:58:04,dine_in,,credit_card,completed
1027335,4,,2026-06-17 12:58:52,takeout,,credit_card,completed
1027336,19,834,2026-06-17 13:00:07,takeout,,credit_card,cancelled
1027337,19,483,2026-06-17 13:01:45,dine_in,,credit_card,completed
1027338,5,,2026-06-17 13:03:31,delivery,DELIVER15,credit_card,completed
1027339,2,2222,06/17/2026 13:06,dine_in,,credit_card,completed
1027340,8,,2026-06-17 13:07:03,takeout,,credit_card,completed
1027341,20,895,2026-06-17 13:07:38,dine_in,,apple_pay,completed
1027342,6,465,2026-06-17 13:10:45,dine_in,,credit_card,completed
1027343,15,1152,2026-06-17 13:11:30,delivery,DELIVER15,credit_card,completed
1027344,7,,2026-06-17 13:16:05,dine_in,,apple_pay,cancelled
1027345,10,15,2026-06-17 13:16:35,drive_thru,,credit_card,completed
1027346,11,1719,2026-06-17 13:17:00,drive_thru,,credit_card,completed
1027347,12,1042,2026-06-17 13:17:50,dine_in,,credit_card,completed
1027348,4,,2026-06-17 13:20:12,drive_thru,,debit_card,completed
1027349,18,1206,2026-06-17 13:20:45,takeout,,credit_card,completed
1027350,11,1937,2026-06-17 13:30:02,drive_thru,,credit_card,completed
1027351,8,1404,2026-06-17 13:32:03,,,apple_pay,completed
1027352,15,910,2026-06-17 13:33:55,drive_thru,,cash,completed
1027353,17,1166,2026-06-17 13:34:36,delivery,,debit_card,completed
1027354,9,,2026-06-17 13:36:20,takeout,,credit_card,completed
1027355,1,32,2026-06-17 14:03:46,dine_in,,apple_pay,completed
1027356,3,934,2026-06-17 14:04:11,takeout,,cash,cancelled
1027357,18,81,2026-06-17 14:41:48,delivery,,gift_card,completed
1027358,18,1689,2026-06-17 14:42:40,takeout,,credit_card,completed
1027359,4,2093,2026-06-17 14:58:08,dine_in,,cash,completed
1027360,1,1336,2026-06-17 15:41:42,delivery,,apple_pay,completed
1027361,11,2489,2026-06-17 16:04:13,takeout,,debit_card,completed
1027362,6,170,2026-06-17 16:09:37,drive_thru,,credit_card,completed
1027363,1,493,2026-06-17 16:37:32,delivery,,debit_card,completed
1027364,8,,2026-06-17 16:52:45,delivery,,apple_pay,completed
1027365,18,2328,2026-06-17 17:04:18,takeout,,credit_card,completed
1027366,9,,2026-06-17 17:18:13,delivery,,apple_pay,completed
1027367,5,1956,2026-06-17 17:21:20,delivery,DELIVER15,credit_card,completed
1027368,14,1990,2026-06-17 17:28:38,takeout,,credit_card,completed
1027369,4,,2026-06-17 17:43:22,delivery,,credit_card,completed
1027370,2,1133,2026-06-17 17:44:23,delivery,DELIVER15,credit_card,completed
1027371,12,2289,2026-06-17 17:44:43,takeout,,credit_card,completed
1027372,17,,2026-06-17 17:44:46,,,cash,completed
1027373,20,332,2026-06-17 17:58:02,delivery,,credit_card,completed
1027374,13,584,2026-06-17 17:58:14,dine_in,,credit_card,completed
1027375,15,781,2026-06-17 17:58:39,delivery,DELIVER15,credit_card,completed
1027376,16,,2026-06-17 17:58:40,takeout,,apple_pay,completed
1027377,20,,2026-06-17 17:58:44,delivery,,apple_pay,completed
1027378,2,,2026-06-17 18:01:49,dine_in,,credit_card,completed
1027379,9,990,2026-06-17 18:04:25,takeout,,credit_card,completed
1027380,12,463,2026-06-17 18:06:56,takeout,,debit_card,completed
1027381,7,1261,2026-06-17 18:07:53,delivery,,debit_card,completed
1027382,17,2452,2026-06-17 18:10:38,dine_in,,credit_card,completed
1027383,17,1477,2026-06-17 18:12:28,dine_in,,credit_card,completed
1027384,8,2008,2026-06-17 18:14:45,dine_in,,debit_card,completed
1027385,2,319,2026-06-17 18:25:53,takeout,,debit_card,completed
1027386,16,2124,2026-06-17 18:26:25,delivery,,debit_card,completed
1027387,15,1913,2026-06-17 18:26:57,takeout,,cash,refunded
1027388,20,3,2026-06-17 18:27:21,drive_thru,,cash,completed
1027389,19,80,2026-06-17 18:29:26,delivery,,apple_pay,completed
1027390,8,,2026-06-17 18:29:54,takeout,,apple_pay,completed
1027391,7,,2026-06-17 18:30:17,dine_in,,debit_card,completed
1027392,14,735,2026-06-17 18:33:55,delivery,,credit_card,completed
1027393,7,2295,2026-06-17 18:33:58,delivery,,credit_card,completed
1027394,5,2495,2026-06-17 18:34:07,takeout,,cash,completed
1027395,13,1272,2026-06-17 18:34:39,takeout,,apple_pay,completed
1027396,10,42,2026-06-17 18:36:54,delivery,DELIVER15,credit_card,completed
1027397,18,,2026-06-17 18:40:33,delivery,,credit_card,completed
1027398,11,1398,2026-06-17 18:42:45,drive_thru,,cash,completed
1027399,1,1366,2026-06-17 18:43:03,dine_in,,apple_pay,completed
1027400,4,210,2026-06-17 18:45:55,delivery,,debit_card,completed
1027401,15,,2026-06-17 18:47:54,delivery,,apple_pay,completed
1027402,1,253,2026-06-17 18:50:29,dine_in,,debit_card,completed
1027403,3,,2026-06-17 18:51:12,delivery,,credit_card,completed
1027404,4,,2026-06-17 18:51:13,dine_in,,credit_card,completed
1027405,1,,2026-06-17 18:52:03,delivery,,debit_card,completed
1027406,1,600,2026-06-17 18:52:45,takeout,,debit_card,completed
1027407,11,2476,2026-06-17 18:53:27,delivery,,credit_card,completed
1027408,5,,2026-06-17 18:53:36,takeout,,credit_card,completed
1027409,18,856,2026-06-17 18:55:10,dine_in,,credit_card,completed
1027410,3,898,2026-06-17 18:55:11,takeout,,debit_card,completed
1027411,4,1596,2026-06-17 18:56:29,takeout,,credit_card,completed
1027412,7,1026,2026-06-17 18:58:47,dine_in,,cash,completed
1027413,6,800,2026-06-17 19:00:17,drive_thru,,cash,completed
1027414,19,611,2026-06-17 19:02:36,dine_in,,apple_pay,completed
1027415,2,,2026-06-17 19:02:37,delivery,DELIVER15,credit_card,cancelled
1027416,4,,2026-06-17 19:02:42,takeout,,credit_card,completed
1027417,3,,2026-06-17 19:07:05,dine_in,,credit_card,completed
1027418,3,241,2026-06-17 19:07:51,takeout,,credit_card,completed
1027419,3,,2026-06-17 19:08:05,dine_in,,debit_card,completed
1027420,12,,2026-06-17 19:08:33,delivery,,credit_card,completed
1027421,6,718,2026-06-17 19:10:26,dine_in,,apple_pay,completed
1027422,13,,2026-06-17 19:10:30,delivery,DELIVER15,credit_card,completed
1027423,5,,2026-06-17 19:10:52,drive_thru,,credit_card,completed
1027424,6,93,2026-06-17 19:12:07,dine_in,,credit_card,completed
1027424,6,93,2026-06-17 19:12:07,dine_in,,credit_card,completed
1027425,18,,2026-06-17 19:12:08,dine_in,,cash,completed
1027426,19,,2026-06-17 19:13:46,delivery,DELIVER15,debit_card,completed
1027427,19,1537,2026-06-17 19:13:59,delivery,,credit_card,completed
1027428,7,1060,2026-06-17 19:15:56,dine_in,,credit_card,completed
1027429,19,1265,2026-06-17 19:20:56,takeout,,apple_pay,completed
1027430,13,1753,2026-06-17 19:24:34,dine_in,,apple_pay,completed
1027431,1,724,2026-06-17 19:25:53,dine_in,,credit_card,completed
1027432,16,,2026-06-17 19:29:22,delivery,,credit_card,completed
1027433,10,,2026-06-17 19:32:57,dine_in,,credit_card,completed
1027434,1,2473,2026-06-17 19:33:39,dine_in,,credit_card,completed
1027435,19,,2026-06-17 19:37:40,dine_in,,debit_card,completed
1027436,12,,2026-06-17 19:38:25,takeout,,credit_card,completed
1027437,8,958,2026-06-17 19:39:14,dine_in,,credit_card,completed
1027438,19,2126,2026-06-17 19:42:59,,,debit_card,completed
1027439,7,1483,2026-06-17 19:45:05,dine_in,,credit_card,completed
1027440,3,1823,2026-06-17 19:45:24,dine_in,,apple_pay,completed
1027441,6,88,2026-06-17 19:46:49,dine_in,,credit_card,completed
1027442,2,,2026-06-17 19:49:56,takeout,,debit_card,completed
1027443,5,1448,2026-06-17 19:51:24,delivery,,credit_card,completed
1027444,12,,2026-06-17 19:56:35,dine_in,,credit_card,completed
1027445,19,1439,2026-06-17 19:57:03,delivery,,credit_card,completed
1027446,5,,2026-06-17 19:57:20,delivery,,credit_card,completed
1027447,5,,2026-06-17 19:57:24,drive_thru,,apple_pay,completed
1027448,15,428,2026-06-17 19:58:02,takeout,,debit_card,completed
1027449,7,107,2026-06-17 19:59:13,delivery,DELIVER15,credit_card,completed
1027450,11,15,2026-06-17 20:00:38,dine_in,,credit_card,completed
1027451,11,1803,2026-06-17 20:00:58,takeout,,debit_card,completed
1027452,11,949,2026-06-17 20:03:52,delivery,,debit_card,completed
1027453,1,2003,2026-06-17 20:07:25,takeout,,credit_card,completed
1027454,10,1810,2026-06-17 20:14:10,drive_thru,,apple_pay,completed
1027455,13,473,2026-06-17 20:14:58,dine_in,,credit_card,completed
1027456,12,,2026-06-17 20:17:29,delivery,,credit_card,completed
1027457,6,2179,2026-06-17 20:20:44,delivery,,credit_card,refunded
1027458,7,2389,2026-06-17 20:40:06,delivery,,credit_card,completed
1027459,3,898,2026-06-17 20:48:19,dine_in,,apple_pay,completed
1027460,4,1742,2026-06-17 21:01:47,dine_in,,apple_pay,completed
1027461,14,,2026-06-17 21:11:54,drive_thru,,credit_card,completed
1027462,15,1504,2026-06-17 21:13:17,dine_in,,credit_card,completed
1027463,17,370,2026-06-17 21:13:57,dine_in,,credit_card,completed
1027464,3,,2026-06-17 21:33:53,delivery,DELIVER15,apple_pay,completed
1027465,7,1483,2026-06-17 21:33:55,delivery,,credit_card,completed
1027466,12,2358,2026-06-18 10:40:40,dine_in,,apple_pay,completed
1027467,1,130,2026-06-18 10:55:18,dine_in,,cash,completed
1027468,16,1332,2026-06-18 10:57:16,delivery,,debit_card,completed
1027469,7,,2026-06-18 11:08:32,delivery,,credit_card,completed
1027470,2,109,2026-06-18 11:09:15,dine_in,,apple_pay,completed
1027471,5,143,2026-06-18 11:23:05,drive_thru,,credit_card,completed
1027472,3,264,2026-06-18 11:26:00,delivery,,gift_card,completed
1027473,3,,2026-06-18 11:31:00,delivery,,credit_card,completed
1027474,13,1731,2026-06-18 11:37:44,takeout,,credit_card,completed
1027475,10,2350,2026-06-18 11:38:41,delivery,DELIVER15,debit_card,completed
1027476,14,,2026-06-18 11:45:03,dine_in,,debit_card,completed
1027477,13,592,2026-06-18 11:45:06,dine_in,,apple_pay,completed
1027478,17,2328,2026-06-18 11:45:56,takeout,,credit_card,completed
1027479,9,2141,2026-06-18 11:49:35,drive_thru,,credit_card,completed
1027480,19,,2026-06-18 11:51:03,delivery,,credit_card,completed
1027481,20,,2026-06-18 11:53:39,dine_in,,apple_pay,completed
1027482,11,208,2026-06-18 11:54:47,delivery,,credit_card,refunded
1027483,1,403,2026-06-18 11:54:50,dine_in,,debit_card,completed
1027484,10,1250,2026-06-18 11:56:42,dine_in,,cash,completed
1027485,6,2485,2026-06-18 12:00:38,delivery,DELIVER15,credit_card,completed
1027486,14,2406,2026-06-18 12:01:35,delivery,,credit_card,completed
1027487,2,,2026-06-18 12:05:04,takeout,,credit_card,completed
1027488,15,1674,2026-06-18 12:05:12,drive_thru,,credit_card,completed
1027489,8,467,2026-06-18 12:07:19,dine_in,,apple_pay,completed
1027490,16,,2026-06-18 12:07:31,delivery,DELIVER15,credit_card,completed
1027491,4,905,2026-06-18 12:07:46,drive_thru,,apple_pay,completed
1027492,9,,2026-06-18 12:09:58,delivery,DELIVER15,credit_card,completed
1027493,15,,2026-06-18 12:10:00,delivery,DELIVER15,credit_card,completed
1027494,11,798,2026-06-18 12:14:17,dine_in,,gift_card,completed
1027495,12,,2026-06-18 12:15:06,takeout,,credit_card,completed
1027496,3,2386,2026-06-18 12:15:48,dine_in,,credit_card,completed
1027496,3,2386,2026-06-18 12:15:48,dine_in,,credit_card,completed
1027497,20,521,2026-06-18 12:19:28,dine_in,,credit_card,completed
1027498,6,731,2026-06-18 12:22:05,delivery,,credit_card,completed
1027499,15,841,2026-06-18 12:24:27,takeout,,apple_pay,completed
1027500,14,2442,2026-06-18 12:26:12,drive_thru,,credit_card,completed
1027501,16,970,2026-06-18 12:26:28,takeout,,credit_card,completed
1027502,1,515,2026-06-18 12:28:51,dine_in,,credit_card,completed
1027503,13,,2026-06-18 12:29:12,takeout,,credit_card,completed
1027504,2,,2026-06-18 12:29:37,delivery,DELIVER15,apple_pay,completed
1027505,3,503,2026-06-18 12:30:12,dine_in,,credit_card,completed
1027506,10,,2026-06-18 12:31:37,dine_in,,credit_card,completed
1027507,18,,2026-06-18 12:31:43,drive_thru,,cash,completed
1027508,13,1642,2026-06-18 12:33:40,delivery,DELIVER15,debit_card,completed
1027509,10,1516,2026-06-18 12:34:52,drive_thru,,credit_card,completed
1027510,14,646,2026-06-18 12:35:09,dine_in,,credit_card,completed
1027511,20,182,2026-06-18 12:35:10,drive_thru,,credit_card,refunded
1027512,10,1069,2026-06-18 12:35:39,dine_in,,credit_card,completed
1027513,19,1041,2026-06-18 12:36:38,drive_thru,,credit_card,completed
1027514,19,80,2026-06-18 12:37:26,dine_in,,credit_card,completed
1027515,14,989,2026-06-18 12:37:42,takeout,,credit_card,completed
1027516,2,253,2026-06-18 12:38:12,delivery,,credit_card,completed
1027517,19,1266,2026-06-18 12:38:25,delivery,,credit_card,completed
1027518,1,1241,2026-06-18 12:39:24,dine_in,,credit_card,completed
1027519,6,17,2026-06-18 12:44:30,dine_in,,gift_card,completed
1027520,3,1255,2026-06-18 12:46:20,delivery,,credit_card,completed
1027521,13,1941,2026-06-18 12:46:57,takeout,,apple_pay,completed
1027522,19,2017,2026-06-18 12:47:14,dine_in,,cash,completed
1027523,18,694,2026-06-18 12:48:02,drive_thru,,credit_card,completed
1027524,3,791,2026-06-18 12:48:21,takeout,,cash,completed
1027525,6,2159,2026-06-18 12:48:35,takeout,,credit_card,completed
1027526,9,2005,2026-06-18 12:49:03,dine_in,,credit_card,completed
1027527,2,1746,2026-06-18 12:49:19,delivery,DELIVER15,credit_card,completed
1027528,3,,2026-06-18 12:49:41,takeout,,debit_card,completed
1027529,1,65,2026-06-18 12:52:16,delivery,,credit_card,completed
1027530,1,,2026-06-18 12:52:43,delivery,,debit_card,completed
1027531,7,,2026-06-18 12:52:57,delivery,,credit_card,completed
1027532,7,,2026-06-18 12:54:19,,,credit_card,completed
1027533,5,468,2026-06-18 12:55:46,delivery,DELIVER15,credit_card,completed
1027534,11,959,2026-06-18 12:56:15,drive_thru,,credit_card,completed
1027535,1,1294,2026-06-18 12:57:35,delivery,,debit_card,completed
1027536,17,,2026-06-18 13:00:49,delivery,,credit_card,refunded
1027537,12,1698,2026-06-18 13:02:10,delivery,,credit_card,completed
1027538,6,,2026-06-18 13:02:17,dine_in,,apple_pay,completed
1027539,2,1258,2026-06-18 13:03:31,delivery,,debit_card,completed
1027540,8,2143,2026-06-18 13:04:22,dine_in,,credit_card,completed
1027541,3,,2026-06-18 13:06:01,dine_in,,debit_card,completed
1027542,20,653,2026-06-18 13:06:34,dine_in,,credit_card,completed
1027543,1,,2026-06-18 13:15:06,,,credit_card,completed
1027543,1,,2026-06-18 13:15:06,,,credit_card,refunded
1027544,15,1771,2026-06-18 13:15:32,dine_in,,credit_card,completed
1027545,8,,2026-06-18 13:15:35,delivery,,apple_pay,completed
1027546,6,,2026-06-18 13:21:44,delivery,,apple_pay,completed
1027547,19,994,2026-06-18 13:33:59,takeout,,credit_card,completed
1027548,16,,2026-06-18 13:55:18,delivery,,credit_card,completed
1027549,11,304,2026-06-18 13:57:51,delivery,,debit_card,completed
1027550,1,2456,2026-06-18 14:33:31,dine_in,,credit_card,completed
1027551,12,316,2026-06-18 14:42:20,dine_in,,credit_card,completed
1027552,14,98,06/18/2026 14:58,delivery,,credit_card,completed
1027553,8,,2026-06-18 15:01:01,takeout,,cash,completed
1027554,7,,2026-06-18 15:12:43,dine_in,,apple_pay,completed
1027555,8,1253,2026-06-18 15:15:18,takeout,,gift_card,completed
1027556,13,,2026-06-18 15:37:22,delivery,DELIVER15,credit_card,completed
1027557,5,,2026-06-18 15:42:38,delivery,DELIVER15,credit_card,completed
1027558,9,1269,2026-06-18 15:45:51,takeout,,debit_card,completed
1027559,10,964,2026-06-18 15:48:18,delivery,,credit_card,completed
1027560,5,634,2026-06-18 16:11:43,drive_thru,,debit_card,completed
1027561,12,2360,2026-06-18 16:52:51,delivery,,credit_card,completed
1027562,10,1975,2026-06-18 16:53:48,dine_in,,credit_card,completed
1027563,7,,2026-06-18 16:56:57,dine_in,,apple_pay,completed
1027564,9,1589,2026-06-18 17:05:42,takeout,,cash,completed
1027565,18,1130,2026-06-18 17:07:01,dine_in,,cash,completed
1027566,12,1308,2026-06-18 17:14:40,dine_in,,cash,completed
1027567,17,408,2026-06-18 17:22:14,dine_in,,cash,refunded
1027568,2,849,2026-06-18 17:37:28,dine_in,,credit_card,completed
1027569,20,,2026-06-18 17:42:41,dine_in,,credit_card,completed
1027570,1,402,2026-06-18 17:43:54,delivery,DELIVER15,credit_card,completed
1027571,2,89,2026-06-18 17:49:33,takeout,,cash,completed
1027572,14,433,2026-06-18 17:51:44,drive_thru,,credit_card,completed
1027573,1,1370,2026-06-18 18:01:12,delivery,,credit_card,completed
1027574,4,960,2026-06-18 18:03:23,delivery,,credit_card,completed
1027575,12,860,2026-06-18 18:05:08,delivery,,credit_card,completed
1027576,15,529,2026-06-18 18:05:44,drive_thru,,debit_card,completed
1027577,3,,2026-06-18 18:05:56,takeout,,credit_card,completed
1027578,9,477,06/18/2026 18:06,takeout,,credit_card,completed
1027579,18,,2026-06-18 18:09:18,delivery,DELIVER15,credit_card,completed
1027580,2,2127,2026-06-18 18:09:42,dine_in,,credit_card,completed
1027581,5,,2026-06-18 18:11:39,takeout,,debit_card,completed
1027582,2,1648,2026-06-18 18:13:41,delivery,,debit_card,completed
1027583,13,34,2026-06-18 18:13:48,delivery,,credit_card,completed
1027584,12,2277,2026-06-18 18:14:06,takeout,,credit_card,completed
1027585,9,,2026-06-18 18:14:40,delivery,,apple_pay,completed
1027586,6,2270,2026-06-18 18:15:55,drive_thru,,cash,completed
1027587,6,2270,2026-06-18 18:16:24,delivery,,apple_pay,completed
1027588,4,879,2026-06-18 18:17:01,delivery,,credit_card,completed
1027589,4,1317,2026-06-18 18:19:01,takeout,,debit_card,completed
1027590,2,2239,2026-06-18 18:21:54,dine_in,,gift_card,completed
1027591,15,,2026-06-18 18:22:26,delivery,,debit_card,completed
1027592,19,1573,2026-06-18 18:22:33,delivery,,credit_card,completed
1027593,14,,06/18/2026 18:24,delivery,,credit_card,completed
1027594,13,,2026-06-18 18:24:16,dine_in,,credit_card,completed
1027595,1,116,2026-06-18 18:27:52,delivery,,credit_card,completed
1027596,3,2457,2026-06-18 18:28:56,dine_in,,gift_card,completed
1027597,4,1281,2026-06-18 18:30:09,delivery,DELIVER15,debit_card,completed
1027598,19,1371,2026-06-18 18:30:12,delivery,,apple_pay,completed
1027599,20,,2026-06-18 18:31:27,dine_in,,debit_card,completed
1027600,7,,2026-06-18 18:32:38,dine_in,,credit_card,completed
1027601,13,1170,2026-06-18 18:33:04,dine_in,,credit_card,completed
1027602,2,2174,2026-06-18 18:33:18,takeout,,cash,completed
1027603,8,2303,2026-06-18 18:34:19,delivery,,credit_card,completed
1027604,13,1727,2026-06-18 18:35:21,dine_in,,apple_pay,completed
1027605,19,2162,2026-06-18 18:35:33,drive_thru,,credit_card,completed
1027606,11,59,2026-06-18 18:36:12,delivery,,debit_card,completed
1027607,1,615,2026-06-18 18:37:10,takeout,,credit_card,completed
1027608,13,,2026-06-18 18:37:17,delivery,DELIVER15,credit_card,completed
1027609,10,,2026-06-18 18:39:08,dine_in,,credit_card,completed
1027610,16,221,2026-06-18 18:39:14,delivery,,debit_card,completed
1027611,3,1102,2026-06-18 18:40:26,dine_in,,debit_card,completed
1027612,16,2083,2026-06-18 18:40:26,delivery,,credit_card,completed
1027613,8,,2026-06-18 18:42:35,dine_in,,credit_card,completed
1027614,20,2088,2026-06-18 18:43:30,drive_thru,,credit_card,completed
1027615,5,624,2026-06-18 18:45:40,dine_in,,cash,completed
1027616,8,1484,2026-06-18 18:46:17,dine_in,,credit_card,completed
1027617,4,,2026-06-18 18:48:17,drive_thru,,credit_card,completed
1027618,20,603,2026-06-18 18:51:40,delivery,,debit_card,completed
1027619,8,,2026-06-18 18:52:37,delivery,,credit_card,completed
1027620,10,1486,2026-06-18 18:53:02,drive_thru,,credit_card,completed
1027621,14,,2026-06-18 18:55:16,drive_thru,,debit_card,completed
1027622,13,566,2026-06-18 18:55:22,dine_in,,credit_card,completed
1027623,4,788,2026-06-18 18:56:00,delivery,,credit_card,completed
1027624,12,,2026-06-18 18:59:41,delivery,,credit_card,completed
1027625,16,607,2026-06-18 19:00:12,dine_in,,cash,completed
1027626,13,,2026-06-18 19:01:20,delivery,,credit_card,completed
1027627,12,,2026-06-18 19:02:45,dine_in,,credit_card,completed
1027627,12,,2026-06-18 19:02:45,dine_in,,credit_card,completed
1027628,5,933,2026-06-18 19:03:04,dine_in,,credit_card,completed
1027629,6,83,2026-06-18 19:05:01,takeout,,debit_card,completed
1027630,2,2494,2026-06-18 19:05:30,takeout,,debit_card,completed
1027631,10,561,2026-06-18 19:06:42,dine_in,,credit_card,completed
1027632,19,2400,2026-06-18 19:07:54,,,cash,completed
1027633,15,529,2026-06-18 19:12:10,drive_thru,,cash,completed
1027634,13,2180,2026-06-18 19:12:26,takeout,,credit_card,completed
1027635,14,1947,2026-06-18 19:13:22,dine_in,,debit_card,completed
1027636,12,,2026-06-18 19:13:56,dine_in,,credit_card,completed
1027637,16,2124,2026-06-18 19:18:22,dine_in,,credit_card,refunded
1027638,2,1408,2026-06-18 19:19:34,dine_in,,gift_card,completed
1027639,6,1632,2026-06-18 19:19:39,delivery,,debit_card,completed
1027640,11,125,2026-06-18 19:19:59,drive_thru,,apple_pay,completed
1027641,18,386,2026-06-18 19:22:37,delivery,DELIVER15,gift_card,completed
1027642,11,823,2026-06-18 19:25:22,delivery,,credit_card,completed
1027643,17,834,2026-06-18 19:27:28,takeout,,debit_card,completed
1027644,6,1580,2026-06-18 19:28:07,dine_in,,credit_card,completed
1027645,2,,2026-06-18 19:29:33,delivery,,credit_card,completed
1027646,10,127,2026-06-18 19:29:41,dine_in,,credit_card,completed
1027647,10,538,2026-06-18 19:31:11,drive_thru,,credit_card,completed
1027648,13,2228,2026-06-18 19:33:02,dine_in,,cash,completed
1027649,16,218,2026-06-18 19:33:26,dine_in,,apple_pay,completed
1027650,10,1901,2026-06-18 19:37:04,dine_in,,apple_pay,completed
1027651,10,1799,2026-06-18 19:37:05,delivery,DELIVER15,credit_card,completed
1027652,5,396,2026-06-18 19:39:12,drive_thru,,apple_pay,completed
1027653,6,1074,2026-06-18 19:41:28,drive_thru,,credit_card,completed
1027654,13,,2026-06-18 19:46:27,delivery,,debit_card,completed
1027655,8,,2026-06-18 19:46:28,takeout,,debit_card,completed
1027656,15,419,2026-06-18 19:46:35,delivery,DELIVER15,gift_card,completed
1027657,15,333,2026-06-18 19:48:34,drive_thru,,cash,completed
1027658,2,715,2026-06-18 19:48:44,delivery,,debit_card,completed
1027659,13,1465,2026-06-18 19:51:09,delivery,,credit_card,completed
1027660,6,1197,2026-06-18 19:51:53,delivery,,debit_card,completed
1027661,18,892,2026-06-18 19:53:45,dine_in,,credit_card,completed
1027662,1,,2026-06-18 19:53:57,dine_in,,credit_card,completed
1027663,10,1861,2026-06-18 19:55:25,takeout,,cash,completed
1027664,15,,2026-06-18 19:55:59,delivery,,apple_pay,refunded
1027665,12,340,2026-06-18 19:57:22,delivery,,gift_card,completed
1027666,8,466,2026-06-18 20:01:52,delivery,,gift_card,completed
1027667,14,,2026-06-18 20:06:40,drive_thru,,cash,completed
1027668,3,2074,2026-06-18 20:10:31,delivery,,apple_pay,completed
1027669,6,2227,2026-06-18 20:11:33,dine_in,,debit_card,completed
1027670,11,1057,2026-06-18 20:17:10,dine_in,,credit_card,cancelled
1027671,3,2082,2026-06-18 20:19:39,delivery,,apple_pay,completed
1027672,8,1118,2026-06-18 20:26:12,delivery,,credit_card,completed
1027673,1,721,2026-06-18 20:27:08,,,debit_card,completed
1027674,8,228,2026-06-18 20:30:10,dine_in,,cash,completed
1027675,14,1184,2026-06-18 20:30:32,takeout,,debit_card,completed
1027676,10,,2026-06-18 20:34:06,dine_in,,debit_card,completed
1027677,6,786,2026-06-18 20:40:17,delivery,,credit_card,completed
1027678,12,,2026-06-18 20:41:11,dine_in,,apple_pay,completed
1027679,1,755,2026-06-18 20:53:23,takeout,,cash,completed
1027680,1,575,2026-06-18 20:53:54,takeout,,debit_card,completed
1027681,12,1881,2026-06-18 21:06:54,delivery,,debit_card,completed
1027682,13,2345,06/18/2026 21:11,takeout,,credit_card,completed
1027683,10,538,2026-06-18 21:34:39,delivery,,credit_card,completed
1027684,12,,2026-06-18 21:47:43,delivery,,credit_card,completed
1027685,15,,2026-06-18 21:49:11,takeout,,credit_card,completed
1027686,19,,2026-06-19 10:40:25,takeout,,cash,completed
1027687,4,,2026-06-19 10:42:20,drive_thru,,cash,completed
1027688,17,,2026-06-19 11:00:09,takeout,,credit_card,refunded
1027689,14,,2026-06-19 11:11:10,dine_in,,debit_card,completed
1027690,17,,2026-06-19 11:14:37,dine_in,,cash,completed
1027691,8,461,2026-06-19 11:15:11,delivery,,credit_card,completed
1027692,19,1889,2026-06-19 11:17:19,delivery,DELIVER15,credit_card,completed
1027693,12,652,2026-06-19 11:20:14,dine_in,,credit_card,completed
1027694,1,429,2026-06-19 11:24:48,takeout,,credit_card,completed
1027695,1,,2026-06-19 11:39:35,delivery,,apple_pay,completed
1027696,8,228,2026-06-19 11:40:46,dine_in,,credit_card,completed
1027697,20,790,2026-06-19 11:43:12,dine_in,,debit_card,completed
1027698,19,,2026-06-19 11:46:02,delivery,DELIVER15,debit_card,completed
1027699,13,348,2026-06-19 11:46:20,takeout,,cash,completed
1027700,1,,2026-06-19 11:48:25,takeout,,credit_card,completed
1027701,10,1454,2026-06-19 11:48:29,delivery,,credit_card,completed
1027702,18,583,2026-06-19 11:48:42,takeout,,apple_pay,completed
1027703,2,1748,2026-06-19 11:53:59,delivery,DELIVER15,credit_card,completed
1027704,5,,2026-06-19 11:54:16,dine_in,,cash,completed
1027705,15,914,2026-06-19 11:54:34,drive_thru,,credit_card,completed
1027706,12,787,2026-06-19 11:55:52,takeout,,credit_card,refunded
1027706,12,787,2026-06-19 11:55:52,takeout,,credit_card,refunded
1027707,13,2001,2026-06-19 11:58:05,delivery,,credit_card,completed
1027708,14,481,2026-06-19 11:59:16,dine_in,,apple_pay,completed
1027709,16,213,2026-06-19 12:00:56,delivery,,apple_pay,cancelled
1027710,1,,2026-06-19 12:01:28,takeout,,apple_pay,completed
1027711,14,72,2026-06-19 12:02:57,delivery,,credit_card,completed
1027712,8,,2026-06-19 12:03:59,delivery,,credit_card,completed
1027713,7,2455,2026-06-19 12:04:21,dine_in,,credit_card,completed
1027714,3,1032,2026-06-19 12:04:59,delivery,,debit_card,completed
1027715,17,,2026-06-19 12:05:24,takeout,,apple_pay,completed
1027716,7,,2026-06-19 12:06:54,takeout,,gift_card,completed
1027717,19,,2026-06-19 12:06:58,drive_thru,,credit_card,completed
1027718,1,883,2026-06-19 12:07:28,takeout,,apple_pay,completed
1027719,7,674,2026-06-19 12:08:49,dine_in,,credit_card,completed
1027720,7,614,2026-06-19 12:09:28,dine_in,,gift_card,completed
1027721,9,2070,2026-06-19 12:09:48,dine_in,,credit_card,refunded
1027722,10,658,2026-06-19 12:13:13,delivery,,credit_card,completed
1027723,16,1579,2026-06-19 12:13:17,dine_in,,credit_card,completed
1027724,7,2286,2026-06-19 12:15:12,dine_in,,credit_card,completed
1027725,15,,2026-06-19 12:16:42,takeout,,credit_card,completed
1027726,15,597,2026-06-19 12:17:14,drive_thru,,gift_card,completed
1027727,20,,2026-06-19 12:19:01,delivery,,gift_card,completed
1027728,14,,2026-06-19 12:19:16,delivery,DELIVER15,credit_card,completed
1027729,2,,2026-06-19 12:19:59,delivery,,gift_card,completed
1027730,12,469,2026-06-19 12:20:19,dine_in,,credit_card,completed
1027731,18,132,2026-06-19 12:21:23,dine_in,,debit_card,completed
1027732,16,962,2026-06-19 12:22:22,delivery,,credit_card,completed
1027733,15,498,2026-06-19 12:22:42,dine_in,,cash,completed
1027734,19,150,2026-06-19 12:22:58,delivery,,credit_card,completed
1027735,8,304,2026-06-19 12:23:01,dine_in,,credit_card,completed
1027736,13,566,2026-06-19 12:24:52,dine_in,,credit_card,completed
1027737,14,86,2026-06-19 12:24:57,delivery,,credit_card,completed
1027738,6,2377,2026-06-19 12:26:16,drive_thru,,debit_card,completed
1027739,2,,2026-06-19 12:26:47,dine_in,,credit_card,completed
1027740,15,2420,2026-06-19 12:26:56,dine_in,,debit_card,completed
1027741,15,,2026-06-19 12:27:49,dine_in,,credit_card,completed
1027742,16,2161,2026-06-19 12:27:59,delivery,,credit_card,completed
1027743,12,2358,2026-06-19 12:28:19,dine_in,,credit_card,completed
1027744,4,,2026-06-19 12:28:44,delivery,,credit_card,completed
1027745,20,,2026-06-19 12:28:49,takeout,,debit_card,completed
1027746,4,778,2026-06-19 12:29:19,delivery,,apple_pay,completed
1027747,3,1220,2026-06-19 12:34:21,takeout,,apple_pay,completed
1027748,19,,2026-06-19 12:34:21,dine_in,,apple_pay,completed
1027749,5,,2026-06-19 12:36:21,takeout,,debit_card,cancelled
1027750,11,,2026-06-19 12:36:48,delivery,,credit_card,cancelled
1027751,2,,2026-06-19 12:36:50,takeout,,credit_card,completed
1027752,9,,2026-06-19 12:38:02,takeout,,credit_card,refunded
1027753,2,332,2026-06-19 12:38:18,delivery,,debit_card,completed
1027754,12,2168,2026-06-19 12:39:10,dine_in,,gift_card,completed
1027755,13,2409,2026-06-19 12:39:19,,DELIVER15,credit_card,completed
1027756,18,400,2026-06-19 12:40:10,delivery,,apple_pay,completed
1027757,4,2265,2026-06-19 12:40:46,drive_thru,,credit_card,completed
1027758,6,,06/19/2026 12:41,dine_in,,debit_card,refunded
1027759,8,,2026-06-19 12:43:42,takeout,,credit_card,completed
1027760,9,,2026-06-19 12:45:37,takeout,,debit_card,completed
1027761,2,1210,2026-06-19 12:46:04,dine_in,,apple_pay,completed
1027762,19,2471,2026-06-19 12:46:18,drive_thru,,credit_card,completed
1027763,1,2354,2026-06-19 12:46:58,delivery,DELIVER15,gift_card,cancelled
1027764,3,103,2026-06-19 12:47:30,delivery,,credit_card,completed
1027765,7,766,2026-06-19 12:48:15,dine_in,,debit_card,completed
1027766,20,1969,2026-06-19 12:49:16,takeout,,apple_pay,completed
1027767,3,,2026-06-19 12:50:03,dine_in,,credit_card,completed
1027768,20,1111,2026-06-19 12:51:14,dine_in,,apple_pay,completed
1027769,7,1513,2026-06-19 12:55:23,delivery,,credit_card,completed
1027770,4,1924,2026-06-19 12:57:40,drive_thru,,cash,completed
1027771,11,308,2026-06-19 12:59:06,takeout,,credit_card,completed
1027772,10,15,2026-06-19 13:00:01,delivery,,credit_card,completed
1027773,5,,2026-06-19 13:00:29,takeout,,credit_card,completed
1027774,12,331,2026-06-19 13:03:54,dine_in,,credit_card,completed
1027775,18,,2026-06-19 13:10:51,drive_thru,,credit_card,completed
1027776,4,1848,2026-06-19 13:11:10,drive_thru,,apple_pay,refunded
1027776,4,1848,2026-06-19 13:11:10,drive_thru,,apple_pay,refunded
1027777,8,228,2026-06-19 13:13:25,dine_in,,credit_card,completed
1027778,2,89,2026-06-19 13:14:04,dine_in,,cash,completed
1027779,18,1469,2026-06-19 13:14:36,dine_in,,credit_card,completed
1027780,6,,2026-06-19 13:20:56,delivery,,credit_card,completed
1027781,18,,2026-06-19 13:21:01,delivery,,credit_card,completed
1027782,1,1224,2026-06-19 13:28:28,takeout,,credit_card,completed
1027783,19,,2026-06-19 13:29:29,dine_in,,credit_card,completed
1027784,16,,2026-06-19 13:34:02,takeout,,gift_card,completed
1027785,8,,2026-06-19 14:08:59,delivery,,apple_pay,completed
1027786,7,1973,2026-06-19 14:19:36,delivery,,debit_card,completed
1027787,6,170,2026-06-19 14:28:39,delivery,,debit_card,completed
1027788,1,,2026-06-19 14:32:08,delivery,,apple_pay,completed
1027789,18,,2026-06-19 14:32:28,drive_thru,,credit_card,completed
1027790,2,1102,2026-06-19 14:41:23,takeout,,debit_card,completed
1027791,11,,2026-06-19 14:45:14,dine_in,,credit_card,completed
1027792,16,1557,2026-06-19 14:57:01,takeout,,credit_card,completed
1027793,10,581,2026-06-19 15:08:24,drive_thru,,apple_pay,completed
1027794,14,1296,2026-06-19 15:18:37,dine_in,,cash,completed
1027795,18,,2026-06-19 15:19:20,dine_in,,credit_card,completed
1027796,17,,2026-06-19 16:25:03,delivery,,debit_card,completed
1027797,2,1790,2026-06-19 16:46:02,delivery,,credit_card,completed
1027798,4,179,2026-06-19 17:21:11,drive_thru,,credit_card,completed
1027799,3,,2026-06-19 17:23:55,dine_in,,credit_card,completed
1027800,5,1071,2026-06-19 17:45:25,delivery,DELIVER15,apple_pay,completed
1027801,10,2295,2026-06-19 17:46:50,drive_thru,,credit_card,completed
1027802,1,630,06/19/2026 17:51,delivery,,credit_card,completed
1027803,20,894,2026-06-19 17:51:26,delivery,,credit_card,completed
1027804,6,1690,2026-06-19 17:54:03,delivery,,credit_card,refunded
1027805,13,,2026-06-19 17:55:52,delivery,,debit_card,completed
1027806,5,1556,2026-06-19 17:57:12,dine_in,,cash,completed
1027807,14,98,2026-06-19 18:00:20,takeout,,credit_card,completed
1027808,16,,2026-06-19 18:00:20,takeout,,apple_pay,cancelled
1027809,4,1211,2026-06-19 18:00:30,delivery,,credit_card,completed
1027810,4,424,2026-06-19 18:00:46,takeout,,debit_card,completed
1027811,5,,2026-06-19 18:00:46,delivery,DELIVER15,debit_card,completed
1027812,18,132,2026-06-19 18:01:11,dine_in,,credit_card,completed
1027813,1,2473,2026-06-19 18:03:16,,,credit_card,completed
1027814,6,,2026-06-19 18:03:47,drive_thru,,debit_card,completed
1027815,8,1526,2026-06-19 18:04:09,delivery,,credit_card,completed
1027816,1,801,2026-06-19 18:05:28,delivery,,apple_pay,completed
1027817,5,,2026-06-19 18:05:33,dine_in,,credit_card,completed
1027818,16,1078,2026-06-19 18:07:01,dine_in,,debit_card,completed
1027819,16,,2026-06-19 18:09:30,dine_in,,credit_card,completed
1027820,17,1554,2026-06-19 18:12:34,dine_in,,cash,completed
1027821,3,,2026-06-19 18:12:39,dine_in,,credit_card,completed
1027822,17,,2026-06-19 18:13:02,takeout,,debit_card,completed
1027823,16,,2026-06-19 18:14:49,delivery,,credit_card,completed
1027824,15,669,2026-06-19 18:15:07,delivery,,apple_pay,completed
1027825,5,2362,2026-06-19 18:15:51,drive_thru,,debit_card,completed
1027826,5,,2026-06-19 18:16:42,takeout,,apple_pay,completed
1027827,19,1711,2026-06-19 18:17:13,drive_thru,,credit_card,completed
1027828,8,,2026-06-19 18:19:49,dine_in,,debit_card,completed
1027829,15,1727,2026-06-19 18:21:39,delivery,,debit_card,completed
1027830,15,347,2026-06-19 18:23:45,delivery,,debit_card,completed
1027831,8,719,2026-06-19 18:26:29,delivery,,debit_card,completed
1027832,13,,2026-06-19 18:28:25,delivery,DELIVER15,credit_card,completed
1027833,19,199,2026-06-19 18:28:34,drive_thru,,credit_card,completed
1027834,16,,2026-06-19 18:31:27,dine_in,,credit_card,completed
1027835,6,,06/19/2026 18:32,dine_in,,credit_card,completed
1027836,19,1290,2026-06-19 18:32:49,dine_in,,credit_card,completed
1027837,12,,2026-06-19 18:33:09,dine_in,,credit_card,completed
1027838,1,,2026-06-19 18:34:13,takeout,,cash,completed
1027839,12,1940,2026-06-19 18:35:38,delivery,,credit_card,completed
1027840,20,,2026-06-19 18:37:31,drive_thru,,credit_card,completed
1027841,1,2481,06/19/2026 18:38,dine_in,,credit_card,completed
1027842,20,,2026-06-19 18:38:35,drive_thru,,apple_pay,completed
1027843,7,,2026-06-19 18:40:45,dine_in,,credit_card,completed
1027844,12,2172,2026-06-19 18:41:50,dine_in,,debit_card,completed
1027845,13,,2026-06-19 18:43:03,delivery,,gift_card,completed
1027846,19,1847,2026-06-19 18:44:21,delivery,,debit_card,completed
1027846,19,1847,2026-06-19 18:44:21,delivery,,debit_card,completed
1027847,13,1539,2026-06-19 18:44:53,dine_in,,debit_card,completed
1027848,5,54,2026-06-19 18:44:56,delivery,,credit_card,completed
1027849,7,1483,2026-06-19 18:45:01,takeout,,debit_card,completed
1027850,11,,2026-06-19 18:45:43,delivery,,debit_card,completed
1027851,20,2271,2026-06-19 18:48:01,,,credit_card,completed
1027852,20,790,2026-06-19 18:48:19,takeout,,cash,completed
1027853,1,,2026-06-19 18:48:29,delivery,DELIVER15,credit_card,completed
1027854,16,555,2026-06-19 18:48:38,takeout,,credit_card,completed
1027855,13,514,2026-06-19 18:48:43,takeout,,credit_card,completed
1027856,5,1702,2026-06-19 18:49:31,drive_thru,,debit_card,completed
1027857,17,,2026-06-19 18:51:08,dine_in,,debit_card,completed
1027858,7,,2026-06-19 18:51:30,delivery,,credit_card,completed
1027859,7,,2026-06-19 18:51:43,delivery,,credit_card,completed
1027860,12,288,2026-06-19 18:52:45,dine_in,,apple_pay,completed
1027861,20,,2026-06-19 18:53:48,drive_thru,,credit_card,completed
1027862,10,284,2026-06-19 18:56:35,delivery,,debit_card,cancelled
1027863,2,,2026-06-19 19:00:16,,,apple_pay,completed
1027864,20,1420,2026-06-19 19:01:25,drive_thru,,credit_card,completed
1027865,4,,2026-06-19 19:01:51,drive_thru,,apple_pay,completed
1027866,4,516,2026-06-19 19:01:56,dine_in,,credit_card,completed
1027867,11,,2026-06-19 19:05:42,delivery,,apple_pay,completed
1027868,3,683,2026-06-19 19:06:21,delivery,,apple_pay,completed
1027869,6,,2026-06-19 19:09:01,delivery,DELIVER15,credit_card,completed
1027870,11,2288,2026-06-19 19:09:17,drive_thru,,debit_card,completed
1027871,6,1743,2026-06-19 19:10:18,takeout,,credit_card,completed
1027872,1,2098,2026-06-19 19:11:32,dine_in,,credit_card,completed
1027873,5,1702,2026-06-19 19:12:08,dine_in,,gift_card,completed
1027874,20,30,2026-06-19 19:13:56,drive_thru,,debit_card,completed
1027875,1,,2026-06-19 19:14:10,takeout,,cash,completed
1027876,7,,2026-06-19 19:14:38,dine_in,,credit_card,completed
1027877,2,1916,2026-06-19 19:16:16,delivery,,credit_card,completed
1027878,2,2179,2026-06-19 19:18:13,delivery,,credit_card,completed
1027879,4,516,2026-06-19 19:18:58,takeout,,debit_card,completed
1027880,5,873,2026-06-19 19:25:49,drive_thru,,apple_pay,completed
1027881,5,54,2026-06-19 19:28:35,delivery,,debit_card,completed
1027882,20,1174,2026-06-19 19:30:43,delivery,,credit_card,completed
1027883,7,1305,2026-06-19 19:31:41,delivery,,credit_card,completed
1027884,19,,2026-06-19 19:31:46,drive_thru,,debit_card,completed
1027885,19,,2026-06-19 19:33:41,dine_in,,cash,completed
1027886,15,1066,2026-06-19 19:34:16,dine_in,,credit_card,completed
1027887,6,2324,2026-06-19 19:34:47,drive_thru,,credit_card,completed
1027888,12,1293,2026-06-19 19:35:04,delivery,,credit_card,completed
1027889,11,2394,2026-06-19 19:41:01,drive_thru,,cash,completed
1027890,19,1724,2026-06-19 19:41:06,dine_in,,credit_card,completed
1027891,13,279,2026-06-19 19:43:43,dine_in,,credit_card,completed
1027892,14,72,2026-06-19 19:45:48,dine_in,,gift_card,completed
1027893,16,,2026-06-19 19:50:07,takeout,,credit_card,completed
1027893,16,,2026-06-19 19:50:07,takeout,,credit_card,completed
1027894,20,1738,2026-06-19 19:50:17,takeout,,credit_card,completed
1027895,12,617,2026-06-19 19:51:13,takeout,,cash,completed
1027896,4,,2026-06-19 19:52:44,,,cash,completed
1027897,16,1371,2026-06-19 19:54:46,delivery,DELIVER15,debit_card,completed
1027898,4,996,2026-06-19 19:59:19,drive_thru,,credit_card,completed
1027899,1,,2026-06-19 19:59:44,takeout,,cash,completed
1027900,10,484,2026-06-19 20:05:58,dine_in,,debit_card,completed
1027901,7,,06/19/2026 20:10,delivery,,debit_card,completed
1027902,14,2277,2026-06-19 20:11:32,dine_in,,credit_card,completed
1027903,7,2373,2026-06-19 20:11:38,delivery,,credit_card,completed
1027904,10,1402,2026-06-19 20:13:24,dine_in,,credit_card,completed
1027905,7,,2026-06-19 20:16:07,dine_in,,credit_card,completed
1027906,6,1217,2026-06-19 20:17:34,dine_in,,credit_card,completed
1027907,5,1956,2026-06-19 20:19:02,delivery,,credit_card,completed
1027908,13,,2026-06-19 20:20:33,dine_in,,credit_card,completed
1027909,14,,2026-06-19 20:21:45,takeout,,debit_card,completed
1027910,7,,2026-06-19 20:24:45,takeout,,debit_card,completed
1027911,14,2187,2026-06-19 20:27:09,drive_thru,,debit_card,completed
1027911,14,2187,2026-06-19 20:27:09,drive_thru,,debit_card,completed
1027912,2,,2026-06-19 20:54:38,takeout,,credit_card,completed
1027913,15,,2026-06-19 21:10:47,dine_in,,debit_card,completed
1027914,5,234,2026-06-19 21:21:36,delivery,,credit_card,completed
1027915,20,2392,2026-06-19 21:27:27,dine_in,,credit_card,completed
1027916,10,1470,2026-06-19 21:42:12,delivery,,credit_card,completed
1027917,1,,2026-06-20 11:03:17,dine_in,,cash,completed
1027918,4,116,2026-06-20 11:06:07,drive_thru,,apple_pay,completed
1027919,17,2332,2026-06-20 11:08:52,dine_in,,apple_pay,completed
1027920,20,793,2026-06-20 11:09:12,delivery,DELIVER15,credit_card,completed
1027921,8,466,2026-06-20 11:11:03,dine_in,,apple_pay,completed
1027922,15,619,2026-06-20 11:16:33,dine_in,,credit_card,completed
1027923,13,1044,2026-06-20 11:17:57,dine_in,,credit_card,completed
1027924,6,685,2026-06-20 11:19:02,delivery,,credit_card,completed
1027925,6,,2026-06-20 11:22:01,dine_in,,credit_card,completed
1027926,17,,2026-06-20 11:22:49,takeout,,credit_card,completed
1027927,4,,2026-06-20 11:28:18,dine_in,,apple_pay,completed
1027928,19,805,2026-06-20 11:28:21,drive_thru,,apple_pay,cancelled
1027929,13,817,2026-06-20 11:29:25,delivery,DELIVER15,credit_card,completed
1027930,1,2256,2026-06-20 11:33:03,delivery,,credit_card,completed
1027931,9,1000,2026-06-20 11:35:11,dine_in,,debit_card,completed
1027932,15,1830,2026-06-20 11:41:22,delivery,,credit_card,completed
1027933,16,1889,2026-06-20 11:44:01,takeout,,credit_card,completed
1027934,19,966,2026-06-20 11:44:04,delivery,,debit_card,completed
1027935,17,1485,2026-06-20 11:49:50,,,debit_card,completed
1027936,6,711,2026-06-20 11:50:13,,,gift_card,completed
1027937,11,2398,2026-06-20 11:51:09,delivery,,apple_pay,completed
1027938,6,,2026-06-20 11:54:12,drive_thru,,apple_pay,completed
1027939,6,1530,2026-06-20 11:54:20,dine_in,,credit_card,refunded
1027940,19,368,2026-06-20 11:55:04,takeout,,debit_card,completed
1027941,16,,2026-06-20 11:55:28,dine_in,,credit_card,completed
1027942,15,1674,2026-06-20 11:56:57,drive_thru,,credit_card,completed
1027943,2,407,2026-06-20 11:58:36,takeout,,credit_card,completed
1027944,8,2,2026-06-20 11:59:31,dine_in,,cash,completed
1027945,12,140,2026-06-20 11:59:57,takeout,,credit_card,completed
1027946,17,1638,2026-06-20 12:01:13,dine_in,,debit_card,completed
1027947,7,2286,2026-06-20 12:01:48,dine_in,,credit_card,completed
1027948,7,,2026-06-20 12:02:57,dine_in,,gift_card,completed
1027949,3,,2026-06-20 12:06:53,takeout,,credit_card,completed
1027950,11,,2026-06-20 12:07:40,takeout,,apple_pay,completed
1027951,5,1857,2026-06-20 12:07:45,delivery,,apple_pay,completed
1027952,13,592,2026-06-20 12:09:31,delivery,,debit_card,completed
1027953,1,1138,06/20/2026 12:12,dine_in,,credit_card,completed
1027954,1,,2026-06-20 12:14:28,delivery,DELIVER15,debit_card,completed
1027955,6,,06/20/2026 12:14,takeout,,debit_card,completed
1027956,2,1231,2026-06-20 12:16:16,dine_in,,debit_card,completed
1027957,10,556,2026-06-20 12:16:18,drive_thru,,credit_card,cancelled
1027958,5,524,2026-06-20 12:17:27,dine_in,,cash,completed
1027959,12,909,2026-06-20 12:17:37,delivery,,credit_card,cancelled
1027960,18,2344,2026-06-20 12:17:39,takeout,,credit_card,cancelled
1027961,16,,2026-06-20 12:20:26,delivery,,credit_card,cancelled
1027962,15,2282,2026-06-20 12:20:43,delivery,DELIVER15,apple_pay,completed
1027963,3,,2026-06-20 12:20:49,delivery,DELIVER15,credit_card,completed
1027964,13,1753,2026-06-20 12:22:23,takeout,,cash,completed
1027965,14,2215,2026-06-20 12:23:01,delivery,DELIVER15,apple_pay,completed
1027966,3,,2026-06-20 12:24:13,dine_in,,gift_card,completed
1027967,20,1095,2026-06-20 12:24:18,dine_in,,credit_card,completed
1027968,5,,2026-06-20 12:24:21,drive_thru,,credit_card,cancelled
1027969,1,,2026-06-20 12:26:08,takeout,,credit_card,completed
1027970,20,,2026-06-20 12:28:24,drive_thru,,credit_card,completed
1027971,4,,2026-06-20 12:29:21,dine_in,,gift_card,completed
1027972,9,,2026-06-20 12:32:11,dine_in,,cash,completed
1027973,8,2105,2026-06-20 12:32:41,dine_in,,credit_card,completed
1027974,10,,2026-06-20 12:32:53,takeout,,credit_card,completed
1027975,17,,2026-06-20 12:33:27,dine_in,,gift_card,completed
1027976,15,2268,2026-06-20 12:33:45,dine_in,,apple_pay,completed
1027977,7,,2026-06-20 12:35:17,takeout,,credit_card,completed
1027978,5,2224,2026-06-20 12:35:58,delivery,,credit_card,completed
1027979,6,,2026-06-20 12:36:04,dine_in,,credit_card,completed
1027980,13,2413,2026-06-20 12:37:22,delivery,,credit_card,completed
1027981,9,1157,2026-06-20 12:37:41,takeout,,debit_card,completed
1027982,17,2054,2026-06-20 12:38:59,dine_in,,credit_card,completed
1027983,17,1147,2026-06-20 12:40:11,dine_in,,debit_card,completed
1027984,1,2276,2026-06-20 12:40:34,dine_in,,credit_card,completed
1027985,12,2413,2026-06-20 12:41:22,takeout,,credit_card,completed
1027986,19,1001,2026-06-20 12:41:25,dine_in,,cash,completed
1027987,1,1723,2026-06-20 12:43:13,delivery,,credit_card,completed
1027988,4,155,2026-06-20 12:43:31,takeout,,cash,completed
1027989,10,339,2026-06-20 12:43:45,takeout,,credit_card,completed
1027990,20,765,2026-06-20 12:43:59,delivery,,credit_card,completed
1027991,17,543,2026-06-20 12:44:24,dine_in,,cash,completed
1027992,5,396,2026-06-20 12:44:36,drive_thru,,apple_pay,completed
1027993,20,1843,2026-06-20 12:44:41,delivery,,debit_card,completed
1027994,20,,2026-06-20 12:46:22,drive_thru,,cash,completed
1027995,12,1598,2026-06-20 12:46:56,delivery,,apple_pay,completed
1027996,7,1858,2026-06-20 12:47:08,dine_in,,credit_card,completed
1027997,8,,2026-06-20 12:47:48,takeout,,credit_card,completed
1027998,19,2471,2026-06-20 12:49:42,drive_thru,,credit_card,completed
1027999,1,,2026-06-20 12:49:52,delivery,,credit_card,completed
1028000,12,2094,2026-06-20 12:49:55,dine_in,,debit_card,completed
1028001,7,768,2026-06-20 12:52:16,delivery,,gift_card,completed
1028002,17,1375,2026-06-20 12:54:04,dine_in,,credit_card,refunded
1028003,16,150,2026-06-20 12:54:13,dine_in,,gift_card,completed
1028004,10,1861,2026-06-20 12:54:50,takeout,,credit_card,completed
1028005,5,2100,2026-06-20 12:57:07,drive_thru,,apple_pay,completed
1028006,12,1297,2026-06-20 12:57:35,delivery,,credit_card,completed
1028007,14,2086,2026-06-20 12:57:44,delivery,,credit_card,completed
1028008,1,1336,2026-06-20 12:58:48,delivery,DELIVER15,credit_card,completed
1028009,20,,2026-06-20 12:59:30,dine_in,,apple_pay,completed
1028010,9,1729,2026-06-20 12:59:35,dine_in,,credit_card,completed
1028011,14,1270,2026-06-20 12:59:52,delivery,DELIVER15,gift_card,completed
1028012,7,1973,2026-06-20 13:08:10,takeout,,apple_pay,completed
1028013,20,724,2026-06-20 13:08:55,delivery,,apple_pay,completed
1028014,16,1734,2026-06-20 13:08:56,delivery,,credit_card,completed
1028015,18,2475,2026-06-20 13:08:56,drive_thru,,credit_card,completed
1028016,17,1192,2026-06-20 13:08:58,delivery,,credit_card,completed
1028017,7,146,2026-06-20 13:12:11,dine_in,,credit_card,completed
1028018,16,2083,2026-06-20 13:12:13,dine_in,,debit_card,completed
1028019,12,1941,2026-06-20 13:15:46,takeout,,apple_pay,completed
1028020,16,1762,2026-06-20 13:16:27,delivery,,credit_card,completed
1028021,18,,2026-06-20 13:18:56,drive_thru,,credit_card,refunded
1028022,16,,2026-06-20 13:28:59,delivery,,apple_pay,completed
1028023,14,2406,2026-06-20 13:30:23,drive_thru,,credit_card,completed
1028024,19,,2026-06-20 13:47:50,,,apple_pay,completed
1028025,15,2268,2026-06-20 13:50:34,takeout,,debit_card,completed
1028026,12,,2026-06-20 13:54:51,delivery,,credit_card,completed
1028027,3,2164,2026-06-20 13:59:31,dine_in,,apple_pay,completed
1028028,3,829,2026-06-20 14:21:12,dine_in,,credit_card,completed
1028029,6,1690,2026-06-20 15:15:18,delivery,,credit_card,completed
1028030,1,431,2026-06-20 15:17:17,dine_in,,credit_card,completed
1028031,2,,2026-06-20 16:06:04,dine_in,,credit_card,completed
1028032,13,,2026-06-20 16:21:16,delivery,,credit_card,completed
1028033,13,58,2026-06-20 16:24:37,takeout,,cash,completed
1028034,13,1465,2026-06-20 16:25:39,delivery,,credit_card,completed
1028035,4,1144,2026-06-20 16:49:26,drive_thru,,gift_card,completed
1028036,2,2314,2026-06-20 16:53:47,dine_in,,credit_card,completed
1028037,4,78,2026-06-20 17:00:53,delivery,DELIVER15,credit_card,completed
1028038,18,534,2026-06-20 17:06:39,dine_in,,credit_card,completed
1028039,10,628,2026-06-20 17:21:02,delivery,,debit_card,completed
1028040,3,,2026-06-20 17:33:46,takeout,,credit_card,completed
1028041,16,,2026-06-20 17:38:31,delivery,,credit_card,completed
1028042,11,,2026-06-20 17:40:26,drive_thru,,debit_card,completed
1028043,1,,2026-06-20 17:41:27,delivery,DELIVER15,credit_card,completed
1028044,14,828,2026-06-20 17:45:51,takeout,,credit_card,completed
1028045,12,956,2026-06-20 17:48:57,,,apple_pay,completed
1028046,6,,2026-06-20 17:56:42,drive_thru,,apple_pay,completed
1028047,16,1485,2026-06-20 17:57:06,dine_in,,credit_card,completed
1028048,12,1067,2026-06-20 18:01:54,dine_in,,credit_card,completed
1028049,4,778,2026-06-20 18:04:09,drive_thru,,credit_card,refunded
1028050,18,1203,2026-06-20 18:04:17,delivery,,credit_card,completed
1028051,6,,06/20/2026 18:09,drive_thru,,gift_card,completed
1028052,15,,2026-06-20 18:10:02,drive_thru,,debit_card,completed
1028053,3,2002,2026-06-20 18:10:20,delivery,,credit_card,completed
1028054,20,,2026-06-20 18:12:33,delivery,DELIVER15,credit_card,completed
1028055,10,1459,2026-06-20 18:14:39,dine_in,,apple_pay,completed
1028056,1,,2026-06-20 18:16:36,dine_in,,cash,completed
1028057,2,330,2026-06-20 18:18:45,delivery,,credit_card,completed
1028058,2,,2026-06-20 18:19:51,dine_in,,credit_card,completed
1028059,8,,2026-06-20 18:21:09,takeout,,apple_pay,completed
1028060,6,1875,2026-06-20 18:21:49,delivery,,credit_card,completed
1028061,20,,2026-06-20 18:22:25,dine_in,,debit_card,completed
1028062,13,971,2026-06-20 18:22:35,takeout,,credit_card,completed
1028063,10,,2026-06-20 18:24:49,drive_thru,,debit_card,completed
1028064,16,,2026-06-20 18:26:03,takeout,,apple_pay,completed
1028065,4,,2026-06-20 18:29:51,dine_in,,debit_card,completed
1028066,20,1420,06/20/2026 18:34,delivery,,gift_card,completed
1028067,17,1300,2026-06-20 18:35:01,takeout,,apple_pay,completed
1028068,18,,2026-06-20 18:35:37,drive_thru,,apple_pay,completed
1028069,2,,2026-06-20 18:35:58,delivery,DELIVER15,credit_card,completed
1028070,4,2458,2026-06-20 18:36:00,delivery,,credit_card,completed
1028071,20,1625,2026-06-20 18:36:47,dine_in,,apple_pay,completed
1028072,3,898,2026-06-20 18:37:23,dine_in,,apple_pay,completed
1028073,1,2032,2026-06-20 18:37:38,dine_in,,debit_card,completed
1028074,13,1473,2026-06-20 18:37:47,dine_in,,cash,completed
1028075,19,738,2026-06-20 18:40:03,delivery,,credit_card,completed
1028076,18,148,2026-06-20 18:40:16,takeout,,apple_pay,completed
1028077,11,1660,2026-06-20 18:42:34,delivery,,credit_card,completed
1028078,6,595,2026-06-20 18:42:51,dine_in,,credit_card,completed
1028079,1,403,2026-06-20 18:44:43,takeout,,cash,completed
1028080,15,2358,2026-06-20 18:46:25,delivery,,credit_card,completed
1028081,7,,2026-06-20 18:46:35,delivery,DELIVER15,apple_pay,completed
1028082,16,1246,2026-06-20 18:46:44,delivery,DELIVER15,debit_card,completed
1028083,9,,2026-06-20 18:47:10,drive_thru,,apple_pay,completed
1028084,5,873,2026-06-20 18:47:16,delivery,DELIVER15,gift_card,completed
1028085,9,217,2026-06-20 18:47:36,drive_thru,,debit_card,completed
1028086,4,193,2026-06-20 18:47:54,drive_thru,,credit_card,completed
1028087,13,2210,06/20/2026 18:51,delivery,DELIVER15,apple_pay,completed
1028088,1,1241,2026-06-20 18:51:47,dine_in,,gift_card,completed
1028089,17,1285,2026-06-20 18:52:06,takeout,,credit_card,completed
1028090,2,644,2026-06-20 18:54:06,dine_in,,credit_card,completed
1028091,3,,2026-06-20 18:54:27,dine_in,,credit_card,completed
1028092,12,469,2026-06-20 18:55:35,delivery,,apple_pay,completed
1028093,1,1821,2026-06-20 18:55:43,dine_in,,cash,completed
1028094,13,,2026-06-20 18:56:30,dine_in,,credit_card,completed
1028095,14,842,2026-06-20 18:56:36,delivery,,credit_card,completed
1028096,7,1741,2026-06-20 18:57:26,dine_in,,credit_card,completed
1028097,12,2273,2026-06-20 18:58:03,delivery,,credit_card,completed
1028098,10,2395,2026-06-20 18:58:19,takeout,,credit_card,completed
1028099,17,,2026-06-20 18:59:03,dine_in,,credit_card,completed
1028100,2,66,2026-06-20 19:00:46,dine_in,,credit_card,completed
1028101,11,904,2026-06-20 19:01:12,delivery,,credit_card,completed
1028102,5,,2026-06-20 19:01:45,drive_thru,,debit_card,completed
1028103,14,,2026-06-20 19:01:47,drive_thru,,apple_pay,completed
1028104,17,1750,2026-06-20 19:02:10,delivery,,apple_pay,completed
1028105,20,,2026-06-20 19:03:48,dine_in,,apple_pay,completed
1028106,8,606,2026-06-20 19:04:18,takeout,,apple_pay,completed
1028107,16,,2026-06-20 19:04:41,takeout,,debit_card,completed
1028108,13,,2026-06-20 19:04:55,delivery,,debit_card,completed
1028109,7,1859,2026-06-20 19:08:14,delivery,,debit_card,completed
1028110,2,1096,2026-06-20 19:09:33,delivery,DELIVER15,debit_card,completed
1028111,8,2240,2026-06-20 19:09:41,dine_in,,apple_pay,completed
1028112,1,,2026-06-20 19:11:51,takeout,,credit_card,completed
1028113,11,1602,2026-06-20 19:12:41,delivery,,credit_card,completed
1028114,1,,2026-06-20 19:13:12,dine_in,,credit_card,completed
1028115,20,1046,2026-06-20 19:13:54,delivery,DELIVER15,credit_card,completed
1028115,20,1046,2026-06-20 19:13:54,delivery,DELIVER15,credit_card,refunded
1028116,10,946,2026-06-20 19:14:21,delivery,,credit_card,completed
1028117,18,,2026-06-20 19:17:35,drive_thru,,debit_card,completed
1028118,4,662,2026-06-20 19:18:24,drive_thru,,debit_card,completed
1028119,18,,2026-06-20 19:18:39,drive_thru,,debit_card,completed
1028120,8,,2026-06-20 19:19:08,dine_in,,credit_card,completed
1028121,20,,2026-06-20 19:19:14,delivery,,credit_card,completed
1028122,3,2053,2026-06-20 19:19:48,takeout,,credit_card,completed
1028123,10,1468,2026-06-20 19:20:01,dine_in,,debit_card,completed
1028124,3,,2026-06-20 19:21:03,dine_in,,credit_card,completed
1028125,20,437,2026-06-20 19:25:21,drive_thru,,apple_pay,completed
1028126,7,2201,2026-06-20 19:26:09,dine_in,,credit_card,completed
1028127,5,468,2026-06-20 19:27:30,drive_thru,,cash,completed
1028128,4,,2026-06-20 19:28:46,drive_thru,,credit_card,completed
1028129,3,1453,2026-06-20 19:29:22,delivery,,gift_card,completed
1028130,14,,06/20/2026 19:35,drive_thru,,credit_card,completed
1028131,17,,2026-06-20 19:36:07,takeout,,credit_card,completed
1028132,15,859,2026-06-20 19:37:43,dine_in,,debit_card,completed
1028133,20,,2026-06-20 19:39:10,drive_thru,,gift_card,completed
1028134,20,818,06/20/2026 19:39,dine_in,,debit_card,completed
1028135,6,,2026-06-20 19:40:30,delivery,,gift_card,completed
1028136,20,2308,2026-06-20 19:42:48,drive_thru,,cash,completed
1028137,6,1997,2026-06-20 19:43:50,,,apple_pay,completed
1028138,8,513,2026-06-20 19:43:58,takeout,,debit_card,completed
1028139,7,,2026-06-20 19:47:02,dine_in,,apple_pay,completed
1028140,9,1922,2026-06-20 19:48:55,delivery,,credit_card,completed
1028141,4,2297,2026-06-20 19:53:22,delivery,,credit_card,completed
1028142,2,774,2026-06-20 19:55:41,dine_in,,credit_card,completed
1028143,20,1836,2026-06-20 19:57:44,dine_in,,credit_card,completed
1028144,13,1036,2026-06-20 19:58:32,takeout,,credit_card,completed
1028145,10,,2026-06-20 20:00:07,dine_in,,credit_card,completed
1028146,8,,2026-06-20 20:05:30,dine_in,,credit_card,completed
1028146,8,,2026-06-20 20:05:30,dine_in,,credit_card,refunded
1028147,20,,2026-06-20 20:06:27,delivery,,debit_card,completed
1028148,11,1273,2026-06-20 20:07:31,takeout,,cash,completed
1028149,2,2177,2026-06-20 20:14:19,dine_in,,cash,completed
1028150,15,,2026-06-20 20:20:04,delivery,,debit_card,completed
1028151,13,699,2026-06-20 20:31:41,takeout,,debit_card,completed
1028152,8,,2026-06-20 20:33:42,delivery,,debit_card,completed
1028153,14,1774,2026-06-20 20:34:31,delivery,,gift_card,completed
1028154,15,,2026-06-20 20:37:09,delivery,DELIVER15,apple_pay,completed
1028155,20,605,2026-06-20 20:46:32,drive_thru,,apple_pay,completed
1028156,9,990,2026-06-20 20:56:45,delivery,,credit_card,completed
1028157,3,898,2026-06-20 21:38:16,dine_in,,credit_card,completed
1028158,16,2161,06/20/2026 21:51,delivery,,credit_card,completed
1028159,15,2253,2026-06-21 10:46:41,delivery,,credit_card,completed
1028160,18,178,2026-06-21 10:47:21,delivery,,credit_card,completed
1028161,4,2062,2026-06-21 11:01:23,takeout,,credit_card,refunded
1028162,7,1904,2026-06-21 11:11:01,delivery,,debit_card,completed
1028163,9,,2026-06-21 11:13:34,drive_thru,,apple_pay,completed
1028164,4,,2026-06-21 11:13:50,delivery,,credit_card,completed
1028165,10,302,2026-06-21 11:20:57,takeout,,credit_card,completed
1028166,5,,2026-06-21 11:21:08,dine_in,,cash,completed
1028167,13,2001,2026-06-21 11:32:48,takeout,,cash,completed
1028168,6,2179,2026-06-21 11:37:02,dine_in,,credit_card,completed
1028169,7,1866,2026-06-21 11:40:23,dine_in,,credit_card,completed
1028170,7,495,2026-06-21 11:44:06,delivery,,debit_card,completed
1028171,13,1699,2026-06-21 11:46:12,takeout,,credit_card,completed
1028172,14,1675,2026-06-21 11:47:50,drive_thru,,apple_pay,completed
1028173,13,1072,2026-06-21 11:48:39,dine_in,,gift_card,completed
1028174,13,558,2026-06-21 11:52:34,dine_in,,cash,completed
1028175,7,294,2026-06-21 11:55:32,takeout,,apple_pay,completed
1028176,18,90,2026-06-21 11:59:20,drive_thru,,debit_card,completed
1028177,5,,2026-06-21 11:59:31,drive_thru,,cash,completed
1028178,17,260,2026-06-21 12:00:30,dine_in,,credit_card,completed
1028179,14,,2026-06-21 12:00:34,takeout,,debit_card,completed
1028180,5,1831,2026-06-21 12:01:17,drive_thru,,cash,completed
1028181,18,2475,2026-06-21 12:02:15,dine_in,,apple_pay,completed
1028182,4,1927,2026-06-21 12:02:47,drive_thru,,credit_card,completed
1028183,15,,2026-06-21 12:03:12,delivery,,gift_card,completed
1028184,19,,2026-06-21 12:03:46,dine_in,,credit_card,completed
1028185,7,2035,2026-06-21 12:04:33,delivery,,debit_card,completed
1028186,1,747,2026-06-21 12:05:01,delivery,,gift_card,completed
1028187,17,,2026-06-21 12:08:19,dine_in,,cash,completed
1028188,14,,2026-06-21 12:08:36,delivery,,debit_card,completed
1028189,6,1074,2026-06-21 12:08:51,drive_thru,,debit_card,completed
1028190,18,,2026-06-21 12:09:04,dine_in,,credit_card,completed
1028191,11,686,2026-06-21 12:11:27,dine_in,,credit_card,completed
1028192,11,1262,2026-06-21 12:12:25,drive_thru,,debit_card,completed
1028193,15,2366,2026-06-21 12:12:33,dine_in,,cash,completed
1028194,7,,2026-06-21 12:13:18,dine_in,,apple_pay,completed
1028195,5,1619,2026-06-21 12:14:20,drive_thru,,apple_pay,completed
1028196,18,,2026-06-21 12:15:31,delivery,,credit_card,completed
1028197,12,1613,2026-06-21 12:15:42,dine_in,,debit_card,completed
1028198,19,,2026-06-21 12:15:46,delivery,,debit_card,completed
1028199,17,,2026-06-21 12:16:03,delivery,,credit_card,completed
1028200,2,1113,2026-06-21 12:17:53,delivery,,debit_card,completed
1028201,19,,2026-06-21 12:17:55,takeout,,apple_pay,completed
1028202,3,,2026-06-21 12:19:44,takeout,,debit_card,completed
1028203,2,,2026-06-21 12:23:10,delivery,,credit_card,completed
1028204,14,1108,2026-06-21 12:23:32,delivery,,debit_card,completed
1028205,16,2238,2026-06-21 12:23:52,dine_in,,debit_card,completed
1028206,14,255,2026-06-21 12:26:24,drive_thru,,apple_pay,completed
1028207,15,1897,2026-06-21 12:26:29,delivery,DELIVER15,credit_card,completed
1028208,18,1543,2026-06-21 12:31:14,dine_in,,gift_card,completed
1028209,16,1545,2026-06-21 12:32:00,takeout,,credit_card,completed
1028210,5,,2026-06-21 12:32:31,takeout,,credit_card,completed
1028211,3,,2026-06-21 12:33:42,dine_in,,debit_card,completed
1028212,14,,2026-06-21 12:35:03,delivery,,credit_card,completed
1028213,20,,2026-06-21 12:35:36,takeout,,debit_card,completed
1028214,12,,2026-06-21 12:35:52,takeout,,gift_card,completed
1028215,13,1120,2026-06-21 12:36:06,,,credit_card,completed
1028216,20,1693,2026-06-21 12:36:56,dine_in,,credit_card,completed
1028217,18,856,2026-06-21 12:37:02,dine_in,,credit_card,completed
1028218,14,,2026-06-21 12:37:37,drive_thru,,credit_card,completed
1028219,6,1344,2026-06-21 12:39:05,drive_thru,,credit_card,completed
1028220,20,,2026-06-21 12:40:24,drive_thru,,apple_pay,completed
1028221,11,304,2026-06-21 12:40:37,takeout,,credit_card,completed
1028222,14,1184,2026-06-21 12:43:14,delivery,,credit_card,completed
1028223,2,330,2026-06-21 12:46:22,delivery,,credit_card,completed
1028224,12,2186,2026-06-21 12:47:42,takeout,,debit_card,refunded
1028225,10,1013,2026-06-21 12:48:29,delivery,,credit_card,completed
1028226,14,1114,2026-06-21 12:50:21,dine_in,,cash,completed
1028227,6,921,2026-06-21 12:53:51,dine_in,,cash,completed
1028228,12,,2026-06-21 12:54:39,dine_in,,apple_pay,completed
1028229,8,,2026-06-21 12:55:11,takeout,,debit_card,completed
1028230,14,1774,2026-06-21 12:55:19,takeout,,credit_card,completed
1028231,16,2238,2026-06-21 12:56:58,dine_in,,gift_card,completed
1028232,5,,2026-06-21 12:57:10,takeout,,credit_card,completed
1028233,20,1089,2026-06-21 12:59:51,takeout,,apple_pay,completed
1028234,2,,2026-06-21 13:00:21,delivery,,debit_card,completed
1028235,1,648,2026-06-21 13:00:23,takeout,,gift_card,completed
1028236,1,,2026-06-21 13:00:25,delivery,,apple_pay,completed
1028237,16,1762,06/21/2026 13:03,dine_in,,credit_card,completed
1028238,16,1083,2026-06-21 13:06:19,takeout,,debit_card,completed
1028239,6,510,2026-06-21 13:07:48,delivery,,credit_card,completed
1028240,18,400,2026-06-21 13:09:19,delivery,,credit_card,completed
1028241,15,914,2026-06-21 13:11:05,dine_in,,debit_card,completed
1028242,20,653,2026-06-21 13:13:41,delivery,,debit_card,completed
1028243,5,808,2026-06-21 13:13:51,delivery,DELIVER15,credit_card,completed
1028244,16,,2026-06-21 13:15:09,takeout,,credit_card,completed
1028245,2,634,2026-06-21 13:18:46,dine_in,,credit_card,completed
1028246,14,2309,2026-06-21 13:22:24,drive_thru,,cash,completed
1028247,14,1898,2026-06-21 13:24:02,dine_in,,apple_pay,completed
1028248,5,,2026-06-21 13:24:41,delivery,,credit_card,completed
1028249,17,1411,2026-06-21 13:30:09,dine_in,,apple_pay,completed
1028250,2,1231,2026-06-21 13:32:46,takeout,,credit_card,completed
1028251,16,847,2026-06-21 13:33:20,dine_in,,debit_card,completed
1028252,15,1653,2026-06-21 13:33:22,delivery,,credit_card,completed
1028253,13,,2026-06-21 13:43:45,dine_in,,credit_card,completed
1028254,14,,2026-06-21 13:55:16,dine_in,,gift_card,completed
1028255,3,984,2026-06-21 14:28:18,delivery,,debit_card,completed
1028256,4,,2026-06-21 14:30:19,dine_in,,cash,completed
1028257,10,538,2026-06-21 14:39:33,delivery,,apple_pay,completed
1028258,1,,2026-06-21 15:00:45,delivery,,credit_card,completed
1028259,1,706,2026-06-21 15:19:08,dine_in,,debit_card,completed
1028260,13,617,2026-06-21 15:45:15,dine_in,,credit_card,completed
1028261,20,1615,2026-06-21 16:17:50,dine_in,,debit_card,completed
1028262,13,1170,2026-06-21 16:29:18,takeout,,credit_card,completed
1028263,20,,2026-06-21 16:32:54,drive_thru,,credit_card,completed
1028264,17,,06/21/2026 16:40,dine_in,,debit_card,completed
1028265,7,2389,2026-06-21 17:11:42,delivery,,credit_card,completed
1028266,3,,2026-06-21 17:18:53,takeout,,credit_card,completed
1028267,13,391,2026-06-21 17:23:05,dine_in,,credit_card,completed
1028268,1,,2026-06-21 17:24:40,delivery,,credit_card,completed
1028269,2,528,2026-06-21 17:25:39,dine_in,,credit_card,completed
1028270,19,,2026-06-21 17:40:59,dine_in,,credit_card,completed
1028271,12,,2026-06-21 17:43:30,dine_in,,debit_card,cancelled
1028272,18,,2026-06-21 17:47:00,dine_in,,cash,completed
1028273,5,2397,2026-06-21 17:49:36,delivery,,credit_card,cancelled
1028274,2,344,2026-06-21 17:51:06,delivery,,credit_card,completed
1028275,8,824,2026-06-21 17:53:39,dine_in,,cash,completed
1028276,12,,2026-06-21 17:58:27,delivery,DELIVER15,credit_card,completed
1028277,12,,2026-06-21 18:00:50,delivery,,gift_card,completed
1028278,3,,2026-06-21 18:03:21,dine_in,,apple_pay,completed
1028279,8,,2026-06-21 18:04:39,dine_in,,credit_card,completed
1028280,8,812,2026-06-21 18:04:43,takeout,,debit_card,completed
1028281,14,413,2026-06-21 18:06:58,dine_in,,credit_card,completed
1028282,15,817,2026-06-21 18:10:48,dine_in,,cash,completed
1028283,19,738,2026-06-21 18:11:21,delivery,,credit_card,completed
1028284,4,2226,2026-06-21 18:14:38,drive_thru,,credit_card,completed
1028285,10,,2026-06-21 18:17:15,delivery,DELIVER15,credit_card,completed
1028286,13,2251,2026-06-21 18:19:01,dine_in,,credit_card,completed
1028287,17,382,2026-06-21 18:20:00,takeout,,debit_card,completed
1028288,5,850,2026-06-21 18:22:36,dine_in,,debit_card,completed
1028289,13,,2026-06-21 18:26:39,delivery,,credit_card,completed
1028290,19,,2026-06-21 18:27:12,drive_thru,,cash,completed
1028291,15,,2026-06-21 18:27:17,delivery,,debit_card,completed
1028292,3,,2026-06-21 18:29:48,dine_in,,debit_card,completed
1028293,6,,2026-06-21 18:30:58,drive_thru,,cash,completed
1028294,7,,2026-06-21 18:31:02,delivery,DELIVER15,credit_card,completed
1028295,14,,2026-06-21 18:31:29,drive_thru,,credit_card,completed
1028296,12,1288,2026-06-21 18:34:45,delivery,,credit_card,completed
1028297,16,,2026-06-21 18:37:09,dine_in,,credit_card,completed
1028298,14,1505,2026-06-21 18:37:14,drive_thru,,cash,completed
1028299,12,,2026-06-21 18:37:35,delivery,,credit_card,completed
1028300,19,1265,2026-06-21 18:39:20,drive_thru,,credit_card,completed
1028301,20,911,2026-06-21 18:40:23,dine_in,,credit_card,completed
1028302,20,2037,2026-06-21 18:40:46,delivery,,credit_card,cancelled
1028303,6,,2026-06-21 18:49:52,delivery,,apple_pay,completed
1028304,20,,2026-06-21 18:49:55,takeout,,apple_pay,completed
1028305,3,1867,2026-06-21 18:50:15,takeout,,debit_card,completed
1028306,16,,2026-06-21 18:53:22,,,apple_pay,completed
1028307,5,2224,2026-06-21 18:54:23,dine_in,,credit_card,completed
1028308,14,2272,2026-06-21 18:56:40,dine_in,,credit_card,completed
1028309,11,1106,2026-06-21 18:57:41,dine_in,,credit_card,completed
1028310,13,1862,2026-06-21 18:57:50,takeout,,debit_card,completed
1028311,12,,2026-06-21 19:04:04,delivery,,credit_card,completed
1028312,15,,2026-06-21 19:08:16,dine_in,,credit_card,completed
1028313,8,,2026-06-21 19:09:31,takeout,,debit_card,completed
1028314,19,571,2026-06-21 19:12:42,delivery,DELIVER15,credit_card,completed
1028315,5,1522,06/21/2026 19:16,drive_thru,,cash,completed
1028316,6,57,2026-06-21 19:16:49,dine_in,,cash,completed
1028317,2,,2026-06-21 19:16:51,dine_in,,debit_card,completed
1028318,16,1643,2026-06-21 19:18:24,delivery,DELIVER15,debit_card,completed
1028319,18,,2026-06-21 19:18:24,drive_thru,,credit_card,completed
1028320,4,835,2026-06-21 19:18:39,dine_in,,credit_card,cancelled
1028321,4,,2026-06-21 19:19:34,delivery,,credit_card,completed
1028322,20,1682,2026-06-21 19:20:52,delivery,,credit_card,completed
1028323,10,820,2026-06-21 19:21:12,dine_in,,credit_card,completed
1028324,7,,2026-06-21 19:23:01,takeout,,credit_card,completed
1028325,7,,2026-06-21 19:23:53,dine_in,,cash,completed
1028326,2,528,06/21/2026 19:24,delivery,,credit_card,completed
1028327,7,1567,2026-06-21 19:26:35,delivery,DELIVER15,credit_card,completed
1028328,19,585,2026-06-21 19:27:09,takeout,,debit_card,completed
1028329,12,,2026-06-21 19:28:37,takeout,,credit_card,completed
1028330,2,1096,2026-06-21 19:28:41,dine_in,,cash,completed
1028331,3,953,2026-06-21 19:29:19,delivery,,gift_card,completed
1028332,11,1273,2026-06-21 19:29:55,dine_in,,cash,completed
1028333,12,469,2026-06-21 19:33:58,delivery,,credit_card,completed
1028334,17,,2026-06-21 19:34:17,takeout,,credit_card,completed
1028335,20,,2026-06-21 19:35:24,takeout,,apple_pay,completed
1028336,17,543,2026-06-21 19:37:41,delivery,,apple_pay,completed
1028337,6,387,2026-06-21 19:42:48,dine_in,,credit_card,completed
1028338,14,1725,2026-06-21 19:44:22,dine_in,,debit_card,completed
1028339,19,,2026-06-21 19:44:49,delivery,DELIVER15,credit_card,completed
1028340,3,,2026-06-21 19:45:09,delivery,,credit_card,completed
1028341,1,,2026-06-21 19:45:32,takeout,,credit_card,completed
1028342,16,119,2026-06-21 19:45:42,dine_in,,debit_card,completed
1028343,7,495,2026-06-21 19:46:09,takeout,,credit_card,cancelled
1028344,12,1804,2026-06-21 19:46:39,dine_in,,credit_card,completed
1028345,16,,2026-06-21 19:53:21,delivery,DELIVER15,credit_card,completed
1028346,1,2026,2026-06-21 19:57:41,takeout,,credit_card,completed
1028347,5,624,2026-06-21 20:02:56,dine_in,,debit_card,completed
1028348,8,,2026-06-21 20:03:06,takeout,,credit_card,completed
1028349,11,1779,2026-06-21 20:03:10,takeout,,debit_card,completed
1028350,14,589,2026-06-21 20:04:40,drive_thru,,credit_card,completed
1028351,9,2188,06/21/2026 20:06,delivery,,credit_card,completed
1028352,4,1097,2026-06-21 20:06:57,drive_thru,,credit_card,completed
1028352,4,1097,2026-06-21 20:06:57,drive_thru,,credit_card,completed
1028353,14,,2026-06-21 20:06:59,drive_thru,,cash,completed
1028354,15,1536,2026-06-21 20:11:02,dine_in,,debit_card,completed
1028355,5,,2026-06-21 20:16:01,dine_in,,credit_card,completed
1028356,12,445,2026-06-21 20:20:25,dine_in,,apple_pay,completed
1028357,18,723,2026-06-21 20:24:50,drive_thru,,credit_card,completed
1028358,10,,2026-06-21 20:29:10,drive_thru,,credit_card,completed
1028359,11,,2026-06-21 21:13:23,dine_in,,debit_card,completed
1028360,17,2254,2026-06-21 21:22:38,delivery,,credit_card,completed
1028361,6,,2026-06-21 21:23:51,,,debit_card,completed
1028362,4,2093,2026-06-21 21:30:49,dine_in,,credit_card,completed
1028363,5,,2026-06-22 10:50:12,takeout,,apple_pay,completed
1028364,5,,2026-06-22 11:03:13,delivery,DELIVER15,apple_pay,cancelled
1028365,7,1268,2026-06-22 11:14:27,delivery,,credit_card,completed
1028366,3,791,2026-06-22 11:27:19,,,credit_card,refunded
1028367,3,2497,2026-06-22 11:36:39,takeout,,credit_card,completed
1028368,14,1214,2026-06-22 11:36:49,delivery,DELIVER15,credit_card,completed
1028369,8,,2026-06-22 11:39:50,dine_in,,credit_card,completed
1028370,3,389,2026-06-22 11:49:29,takeout,,apple_pay,completed
1028371,17,626,2026-06-22 11:53:08,delivery,DELIVER15,credit_card,completed
1028372,14,1786,2026-06-22 11:53:09,delivery,,credit_card,completed
1028373,17,,2026-06-22 11:53:26,takeout,,cash,completed
1028374,12,97,2026-06-22 11:57:44,takeout,,cash,completed
1028375,1,615,06/22/2026 11:58,dine_in,,cash,completed
1028376,20,,2026-06-22 11:59:20,drive_thru,,debit_card,completed
1028377,14,316,2026-06-22 12:01:14,dine_in,,cash,completed
1028378,4,2458,2026-06-22 12:06:11,delivery,,credit_card,completed
1028379,6,,2026-06-22 12:06:29,delivery,,apple_pay,completed
1028380,4,,2026-06-22 12:09:51,dine_in,,debit_card,completed
1028381,6,,2026-06-22 12:09:51,takeout,,apple_pay,completed
1028382,1,1417,2026-06-22 12:11:46,takeout,,cash,completed
1028383,19,,2026-06-22 12:13:01,drive_thru,,credit_card,completed
1028384,8,230,2026-06-22 12:13:11,takeout,,apple_pay,completed
1028385,18,2147,2026-06-22 12:15:58,dine_in,,credit_card,completed
1028386,7,,2026-06-22 12:16:09,takeout,,cash,completed
1028387,3,,2026-06-22 12:19:39,takeout,,credit_card,completed
1028388,14,446,2026-06-22 12:19:45,dine_in,,credit_card,completed
1028389,13,,2026-06-22 12:20:37,dine_in,,credit_card,completed
1028390,10,1486,2026-06-22 12:20:48,takeout,,apple_pay,completed
1028391,8,1327,2026-06-22 12:22:01,dine_in,,apple_pay,completed
1028392,10,1950,2026-06-22 12:22:19,takeout,,debit_card,completed
1028393,13,2001,2026-06-22 12:23:01,dine_in,,cash,completed
1028394,3,1091,2026-06-22 12:24:55,delivery,,debit_card,completed
1028395,14,,2026-06-22 12:24:57,drive_thru,,debit_card,completed
1028396,3,713,2026-06-22 12:29:12,dine_in,,cash,completed
1028397,13,,2026-06-22 12:30:39,takeout,,apple_pay,completed
1028398,18,2344,2026-06-22 12:32:46,takeout,,credit_card,completed
1028399,6,,2026-06-22 12:33:57,delivery,,credit_card,completed
1028400,2,2222,2026-06-22 12:34:24,dine_in,,debit_card,completed
1028401,13,1834,2026-06-22 12:35:03,dine_in,,credit_card,completed
1028402,7,,2026-06-22 12:36:31,dine_in,,apple_pay,completed
1028403,7,660,2026-06-22 12:38:54,dine_in,,debit_card,completed
1028404,19,307,2026-06-22 12:39:50,drive_thru,,debit_card,completed
1028405,20,765,2026-06-22 12:49:12,dine_in,,cash,completed
1028406,4,1217,2026-06-22 12:49:55,drive_thru,,debit_card,completed
1028407,4,,2026-06-22 12:54:24,drive_thru,,credit_card,completed
1028408,4,1200,2026-06-22 12:54:40,dine_in,,debit_card,completed
1028409,18,684,2026-06-22 12:57:33,,,apple_pay,completed
1028410,8,,2026-06-22 12:57:58,dine_in,,credit_card,completed
1028411,10,,2026-06-22 13:06:38,takeout,,cash,completed
1028412,7,1402,2026-06-22 13:07:07,takeout,,apple_pay,completed
1028413,20,1853,2026-06-22 13:07:19,delivery,,credit_card,completed
1028414,12,,2026-06-22 13:08:12,delivery,,credit_card,completed
1028415,6,1333,2026-06-22 13:08:30,drive_thru,,credit_card,completed
1028416,5,2445,2026-06-22 13:18:29,takeout,,credit_card,completed
1028417,14,,2026-06-22 13:19:42,drive_thru,,debit_card,completed
1028418,11,,06/22/2026 13:22,drive_thru,,debit_card,completed
1028419,19,,2026-06-22 13:22:41,delivery,,credit_card,completed
1028420,1,2456,2026-06-22 13:23:14,takeout,,credit_card,completed
1028421,8,714,2026-06-22 13:25:01,takeout,,credit_card,completed
1028422,12,1912,2026-06-22 13:33:53,dine_in,,credit_card,completed
1028423,6,,2026-06-22 13:41:26,drive_thru,,credit_card,completed
1028424,19,,2026-06-22 13:54:40,dine_in,,cash,completed
1028425,15,,2026-06-22 14:40:46,drive_thru,,credit_card,completed
1028426,19,,2026-06-22 14:43:20,dine_in,,credit_card,completed
1028427,8,,2026-06-22 14:45:18,delivery,,credit_card,cancelled
1028428,4,,2026-06-22 14:46:53,takeout,,credit_card,completed
1028429,11,361,2026-06-22 14:48:33,delivery,,gift_card,completed
1028430,8,1015,2026-06-22 14:50:10,dine_in,,credit_card,completed
1028431,8,266,2026-06-22 16:14:38,dine_in,,cash,completed
1028432,2,89,2026-06-22 16:23:01,delivery,,debit_card,completed
1028433,16,,2026-06-22 16:32:51,takeout,,credit_card,completed
1028434,20,,2026-06-22 16:41:43,delivery,,credit_card,completed
1028435,20,,2026-06-22 16:59:48,dine_in,,cash,completed
1028436,14,1757,2026-06-22 17:01:12,takeout,,apple_pay,completed
1028437,16,439,2026-06-22 17:10:27,delivery,,credit_card,completed
1028438,8,2335,2026-06-22 17:26:14,delivery,,gift_card,completed
1028439,11,,2026-06-22 17:27:42,delivery,,debit_card,completed
1028440,11,,2026-06-22 17:36:18,delivery,,debit_card,completed
1028441,17,,2026-06-22 17:36:22,takeout,,apple_pay,completed
1028442,17,1175,2026-06-22 17:42:24,dine_in,,apple_pay,completed
1028443,15,1953,2026-06-22 17:48:53,dine_in,,credit_card,completed
1028444,13,,2026-06-22 17:49:07,dine_in,,credit_card,completed
1028445,18,1051,2026-06-22 17:56:20,drive_thru,,cash,completed
1028446,12,1282,2026-06-22 17:56:54,dine_in,,debit_card,completed
1028447,6,1384,2026-06-22 18:02:18,delivery,,debit_card,completed
1028448,2,541,2026-06-22 18:13:58,delivery,,debit_card,completed
1028449,12,1881,2026-06-22 18:15:33,dine_in,,debit_card,completed
1028450,17,1123,2026-06-22 18:24:11,delivery,,credit_card,completed
1028451,14,,2026-06-22 18:24:16,delivery,DELIVER15,credit_card,completed
1028452,20,3,2026-06-22 18:25:23,dine_in,,credit_card,completed
1028453,9,,2026-06-22 18:27:38,delivery,,debit_card,completed
1028454,3,,2026-06-22 18:28:55,dine_in,,cash,completed
1028455,14,,2026-06-22 18:34:03,delivery,,credit_card,completed
1028456,3,2164,2026-06-22 18:34:36,delivery,,apple_pay,completed
1028457,15,,2026-06-22 18:36:53,dine_in,,credit_card,completed
1028458,13,1972,2026-06-22 18:37:16,takeout,,gift_card,completed
1028459,1,,2026-06-22 18:37:56,delivery,DELIVER15,gift_card,completed
1028460,20,1682,2026-06-22 18:38:03,dine_in,,credit_card,completed
1028461,1,,2026-06-22 18:43:13,delivery,,credit_card,completed
1028462,3,1555,2026-06-22 18:45:23,takeout,,credit_card,completed
1028463,12,,2026-06-22 18:45:29,takeout,,cash,completed
1028464,11,,2026-06-22 18:45:37,delivery,DELIVER15,apple_pay,completed
1028465,20,818,2026-06-22 18:45:40,delivery,,gift_card,completed
1028466,6,920,2026-06-22 18:46:30,delivery,,debit_card,refunded
1028467,6,1778,06/22/2026 18:48,takeout,,debit_card,completed
1028468,13,1757,2026-06-22 18:52:32,dine_in,,debit_card,completed
1028469,14,1072,2026-06-22 18:52:43,drive_thru,,credit_card,completed
1028470,16,237,2026-06-22 18:54:40,dine_in,,apple_pay,completed
1028471,17,,2026-06-22 18:55:05,delivery,,credit_card,completed
1028472,17,221,2026-06-22 18:58:47,takeout,,apple_pay,completed
1028473,8,986,2026-06-22 18:59:04,takeout,,cash,completed
1028474,19,,2026-06-22 19:00:46,dine_in,,credit_card,completed
1028475,17,,2026-06-22 19:02:03,dine_in,,credit_card,completed
1028476,14,,2026-06-22 19:04:15,dine_in,,credit_card,completed
1028477,13,,2026-06-22 19:06:37,delivery,,credit_card,completed
1028478,18,22,2026-06-22 19:09:41,dine_in,,debit_card,completed
1028479,17,1715,2026-06-22 19:09:42,dine_in,,cash,completed
1028480,12,,2026-06-22 19:10:35,takeout,,credit_card,completed
1028481,12,,2026-06-22 19:11:38,dine_in,,debit_card,completed
1028482,12,334,2026-06-22 19:12:03,dine_in,,credit_card,completed
1028483,15,2020,2026-06-22 19:13:29,takeout,,apple_pay,completed
1028484,1,,2026-06-22 19:13:33,dine_in,,credit_card,completed
1028485,13,,2026-06-22 19:15:38,delivery,,credit_card,completed
1028486,8,466,2026-06-22 19:16:31,takeout,,credit_card,completed
1028487,17,,2026-06-22 19:17:40,delivery,,debit_card,completed
1028488,1,2102,2026-06-22 19:18:02,dine_in,,credit_card,completed
1028489,2,2304,2026-06-22 19:20:23,dine_in,,gift_card,completed
1028490,3,1097,2026-06-22 19:21:01,dine_in,,credit_card,completed
1028490,3,1097,2026-06-22 19:21:01,dine_in,,credit_card,completed
1028491,7,,2026-06-22 19:23:40,takeout,,debit_card,cancelled
1028492,3,503,2026-06-22 19:23:48,takeout,,credit_card,completed
1028493,12,,2026-06-22 19:29:26,dine_in,,credit_card,completed
1028494,6,299,2026-06-22 19:33:44,delivery,,credit_card,completed
1028494,6,299,2026-06-22 19:33:44,delivery,,credit_card,completed
1028495,3,1531,2026-06-22 19:33:53,takeout,,cash,refunded
1028496,20,1248,2026-06-22 19:34:02,drive_thru,,credit_card,completed
1028497,17,,2026-06-22 19:35:14,delivery,,debit_card,completed
1028498,5,,2026-06-22 19:35:46,drive_thru,,credit_card,cancelled
1028499,8,719,2026-06-22 19:35:51,takeout,,debit_card,completed
1028500,16,1166,2026-06-22 19:41:46,dine_in,,debit_card,completed
1028501,20,389,2026-06-22 19:42:28,drive_thru,,credit_card,completed
1028502,9,1338,2026-06-22 19:45:54,dine_in,,debit_card,completed
1028503,19,738,06/22/2026 19:51,dine_in,,credit_card,completed
1028504,19,,2026-06-22 19:56:02,dine_in,,debit_card,completed
1028505,2,1113,2026-06-22 19:56:07,delivery,,credit_card,completed
1028506,19,,2026-06-22 19:57:47,delivery,,debit_card,completed
1028507,7,1668,2026-06-22 19:58:00,dine_in,,apple_pay,completed
1028508,3,,2026-06-22 20:03:08,delivery,,credit_card,completed
1028509,3,490,2026-06-22 20:04:25,takeout,,credit_card,completed
1028510,2,,2026-06-22 20:04:36,takeout,,credit_card,completed
1028511,18,929,2026-06-22 20:06:07,delivery,,credit_card,completed
1028512,18,,2026-06-22 20:07:42,takeout,,debit_card,completed
1028513,1,630,2026-06-22 20:10:21,takeout,,credit_card,completed
1028514,5,2100,2026-06-22 20:12:30,drive_thru,,apple_pay,completed
1028515,9,,2026-06-22 20:21:15,dine_in,,apple_pay,completed
1028516,6,151,2026-06-22 20:42:11,drive_thru,,debit_card,completed
1028517,15,363,2026-06-22 20:54:01,dine_in,,apple_pay,cancelled
1028518,14,2323,2026-06-22 21:21:12,drive_thru,,credit_card,completed
1028519,12,,2026-06-23 11:14:54,takeout,,credit_card,completed
1028520,13,1669,2026-06-23 11:31:23,takeout,,cash,completed
1028521,4,,2026-06-23 11:31:59,delivery,DELIVER15,credit_card,completed
1028522,19,2198,2026-06-23 11:33:11,drive_thru,,debit_card,completed
1028523,13,1481,2026-06-23 11:43:00,takeout,,credit_card,completed
1028524,14,,2026-06-23 11:44:01,delivery,,credit_card,completed
1028525,7,1060,2026-06-23 11:46:30,delivery,,credit_card,completed
1028526,10,969,2026-06-23 11:48:54,dine_in,,apple_pay,completed
1028527,14,413,2026-06-23 11:51:23,drive_thru,,cash,completed
1028528,8,,2026-06-23 11:59:06,takeout,,gift_card,completed
1028529,4,2308,2026-06-23 11:59:32,,DELIVER15,credit_card,refunded
1028530,7,1158,2026-06-23 12:00:19,delivery,,credit_card,completed
1028531,9,1792,2026-06-23 12:00:40,dine_in,,cash,completed
1028532,17,1128,2026-06-23 12:00:47,dine_in,,credit_card,completed
1028533,12,1804,2026-06-23 12:02:35,takeout,,credit_card,completed
1028534,14,814,2026-06-23 12:08:06,drive_thru,,credit_card,completed
1028535,10,2480,2026-06-23 12:09:44,dine_in,,debit_card,completed
1028536,9,2419,2026-06-23 12:13:12,delivery,DELIVER15,credit_card,completed
1028537,5,328,2026-06-23 12:14:45,dine_in,,credit_card,completed
1028538,16,488,2026-06-23 12:15:04,takeout,,credit_card,completed
1028539,7,,2026-06-23 12:15:06,dine_in,,debit_card,completed
1028540,7,2355,2026-06-23 12:18:24,dine_in,,apple_pay,completed
1028541,4,1927,2026-06-23 12:19:04,drive_thru,,credit_card,completed
1028541,4,1927,2026-06-23 12:19:04,drive_thru,,credit_card,completed
1028542,6,,2026-06-23 12:20:33,drive_thru,,apple_pay,completed
1028543,4,1376,2026-06-23 12:25:43,dine_in,,credit_card,completed
1028544,9,,2026-06-23 12:25:44,delivery,DELIVER15,debit_card,completed
1028545,12,2431,2026-06-23 12:26:33,delivery,,credit_card,completed
1028546,2,1632,2026-06-23 12:27:01,dine_in,,credit_card,completed
1028547,15,85,2026-06-23 12:27:33,dine_in,,gift_card,completed
1028548,6,250,2026-06-23 12:29:28,delivery,,credit_card,completed
1028549,18,1485,2026-06-23 12:29:40,dine_in,,credit_card,completed
1028550,1,282,2026-06-23 12:29:41,dine_in,,debit_card,completed
1028551,2,,2026-06-23 12:29:51,delivery,,gift_card,completed
1028552,13,1476,2026-06-23 12:30:44,takeout,,debit_card,completed
1028553,1,1909,2026-06-23 12:30:49,takeout,,credit_card,completed
1028554,7,,2026-06-23 12:32:08,takeout,,cash,refunded
1028555,6,1895,2026-06-23 12:36:28,drive_thru,,credit_card,completed
1028556,2,,2026-06-23 12:37:00,takeout,,credit_card,completed
1028557,19,994,06/23/2026 12:38,drive_thru,,debit_card,completed
1028558,15,,2026-06-23 12:39:19,delivery,DELIVER15,credit_card,completed
1028559,4,1165,2026-06-23 12:43:04,takeout,,debit_card,completed
1028560,19,2182,2026-06-23 12:43:42,delivery,,credit_card,completed
1028561,16,,2026-06-23 12:44:51,delivery,,credit_card,completed
1028562,1,,2026-06-23 12:44:56,delivery,,credit_card,completed
1028563,12,1293,2026-06-23 12:46:54,takeout,,apple_pay,completed
1028564,13,,2026-06-23 12:48:16,delivery,,credit_card,completed
1028565,10,,2026-06-23 12:48:19,dine_in,,credit_card,completed
1028566,4,109,2026-06-23 12:50:51,drive_thru,,credit_card,completed
1028567,9,2343,2026-06-23 12:52:19,drive_thru,,credit_card,completed
1028568,1,2456,2026-06-23 12:53:18,takeout,,credit_card,completed
1028569,1,,2026-06-23 12:53:47,dine_in,,debit_card,completed
1028570,10,,2026-06-23 12:54:02,drive_thru,,credit_card,completed
1028571,7,,2026-06-23 12:55:57,delivery,,apple_pay,completed
1028572,7,1045,2026-06-23 12:56:40,delivery,,credit_card,completed
1028573,6,24,2026-06-23 12:58:23,delivery,,credit_card,completed
1028574,8,1125,2026-06-23 12:58:39,delivery,,credit_card,completed
1028575,20,1248,2026-06-23 12:59:35,drive_thru,,credit_card,completed
1028576,7,645,2026-06-23 13:04:54,delivery,,credit_card,completed
1028577,7,,2026-06-23 13:07:01,delivery,DELIVER15,credit_card,completed
1028578,19,2471,2026-06-23 13:07:40,takeout,,credit_card,completed
1028579,2,1993,2026-06-23 13:07:44,dine_in,,gift_card,completed
1028580,9,2351,2026-06-23 13:10:32,drive_thru,,debit_card,completed
1028581,3,,2026-06-23 13:11:14,dine_in,,credit_card,completed
1028582,8,827,2026-06-23 13:15:56,dine_in,,credit_card,completed
1028583,1,2374,2026-06-23 13:19:23,dine_in,,credit_card,completed
1028584,1,2140,2026-06-23 13:22:38,delivery,,credit_card,completed
1028585,14,,2026-06-23 13:22:42,delivery,,debit_card,completed
1028586,16,216,2026-06-23 13:23:35,takeout,,credit_card,completed
1028587,3,,2026-06-23 13:28:27,,,debit_card,completed
1028588,11,1011,2026-06-23 13:37:31,delivery,,credit_card,completed
1028589,13,348,2026-06-23 13:40:02,dine_in,,credit_card,completed
1028590,3,,2026-06-23 13:42:35,dine_in,,debit_card,completed
1028591,12,1234,2026-06-23 13:44:42,delivery,,gift_card,completed
1028592,12,,2026-06-23 13:50:35,takeout,,cash,completed
1028593,6,,2026-06-23 13:51:17,drive_thru,,cash,completed
1028594,9,,2026-06-23 13:51:43,dine_in,,cash,completed
1028595,20,,2026-06-23 14:03:36,delivery,DELIVER15,apple_pay,completed
1028596,10,1808,2026-06-23 14:29:31,takeout,,credit_card,completed
1028597,1,156,2026-06-23 14:39:22,dine_in,,cash,completed
1028598,14,,2026-06-23 14:39:45,dine_in,,credit_card,completed
1028599,16,2487,2026-06-23 14:48:32,takeout,,debit_card,completed
1028600,5,328,2026-06-23 14:51:29,takeout,,credit_card,completed
1028601,20,2128,2026-06-23 15:04:21,drive_thru,,debit_card,completed
1028602,5,,2026-06-23 15:39:11,takeout,,credit_card,completed
1028603,12,504,2026-06-23 15:53:58,delivery,,debit_card,completed
1028604,7,502,2026-06-23 16:12:54,delivery,DELIVER15,apple_pay,completed
1028605,14,195,2026-06-23 16:16:06,drive_thru,,credit_card,completed
1028606,8,,2026-06-23 16:49:18,delivery,,debit_card,completed
1028607,8,,2026-06-23 17:28:49,delivery,,credit_card,completed
1028608,6,671,2026-06-23 17:33:50,delivery,,credit_card,completed
1028609,20,1240,2026-06-23 17:44:09,takeout,,credit_card,completed
1028610,19,206,2026-06-23 17:44:21,delivery,,apple_pay,completed
1028611,19,,2026-06-23 17:47:48,dine_in,,gift_card,completed
1028612,18,612,2026-06-23 17:51:19,drive_thru,,credit_card,completed
1028613,10,125,2026-06-23 17:53:57,,,credit_card,completed
1028614,11,,2026-06-23 17:54:52,delivery,,credit_card,completed
1028615,16,1557,2026-06-23 17:56:58,dine_in,,cash,completed
1028616,13,1264,2026-06-23 18:06:04,takeout,,cash,completed
1028617,3,1437,2026-06-23 18:06:30,takeout,,credit_card,completed
1028618,14,1108,2026-06-23 18:10:41,delivery,,credit_card,completed
1028619,20,390,2026-06-23 18:10:41,takeout,,cash,completed
1028620,6,1074,2026-06-23 18:10:52,drive_thru,,credit_card,completed
1028621,7,2185,2026-06-23 18:11:11,takeout,,cash,completed
1028622,6,1580,2026-06-23 18:12:45,dine_in,,credit_card,completed
1028623,1,,2026-06-23 18:17:14,takeout,,credit_card,completed
1028624,3,576,2026-06-23 18:19:04,takeout,,debit_card,completed
1028625,4,1743,2026-06-23 18:19:23,delivery,DELIVER15,credit_card,completed
1028626,15,,2026-06-23 18:26:40,delivery,,credit_card,completed
1028627,6,,2026-06-23 18:26:46,dine_in,,apple_pay,cancelled
1028628,19,,2026-06-23 18:34:01,delivery,,credit_card,completed
1028629,10,,2026-06-23 18:34:21,delivery,,credit_card,completed
1028630,19,,2026-06-23 18:35:33,dine_in,,apple_pay,completed
1028631,15,2123,2026-06-23 18:35:59,delivery,,credit_card,completed
1028632,13,1036,2026-06-23 18:36:40,dine_in,,apple_pay,completed
1028633,18,2075,2026-06-23 18:36:53,dine_in,,cash,completed
1028634,14,1465,2026-06-23 18:38:07,drive_thru,,debit_card,completed
1028635,12,441,2026-06-23 18:39:28,delivery,,apple_pay,completed
1028636,13,,2026-06-23 18:41:47,dine_in,,cash,completed
1028637,10,1516,2026-06-23 18:44:07,drive_thru,,credit_card,completed
1028638,13,306,2026-06-23 18:47:50,takeout,,credit_card,completed
1028639,1,1366,2026-06-23 18:49:01,delivery,,debit_card,completed
1028640,9,,2026-06-23 18:50:34,takeout,,credit_card,completed
1028641,2,,2026-06-23 18:51:20,dine_in,,credit_card,completed
1028642,13,1272,2026-06-23 18:56:23,delivery,DELIVER15,debit_card,completed
1028643,3,,2026-06-23 18:56:30,dine_in,,apple_pay,completed
1028644,17,1079,2026-06-23 18:56:42,takeout,,credit_card,completed
1028645,14,,2026-06-23 18:56:59,delivery,DELIVER15,credit_card,completed
1028646,12,504,2026-06-23 18:59:11,dine_in,,credit_card,completed
1028647,12,,2026-06-23 19:01:26,dine_in,,debit_card,completed
1028648,13,,2026-06-23 19:01:32,dine_in,,credit_card,completed
1028649,4,1644,2026-06-23 19:03:19,takeout,,debit_card,completed
1028650,18,,2026-06-23 19:03:54,delivery,DELIVER15,credit_card,completed
1028651,17,242,2026-06-23 19:04:01,delivery,,apple_pay,completed
1028652,12,,2026-06-23 19:05:46,takeout,,cash,completed
1028653,14,98,2026-06-23 19:08:54,delivery,DELIVER15,credit_card,completed
1028654,16,,2026-06-23 19:09:34,delivery,,debit_card,cancelled
1028655,8,861,2026-06-23 19:14:23,delivery,DELIVER15,credit_card,completed
1028656,5,1159,2026-06-23 19:14:49,dine_in,,apple_pay,cancelled
1028657,19,,2026-06-23 19:15:37,takeout,,cash,completed
1028658,2,2015,2026-06-23 19:18:21,dine_in,,credit_card,completed
1028659,12,177,2026-06-23 19:20:02,delivery,,gift_card,completed
1028660,19,,2026-06-23 19:21:20,dine_in,,cash,completed
1028661,13,2431,2026-06-23 19:21:26,delivery,,credit_card,completed
1028662,6,1853,2026-06-23 19:22:11,delivery,,debit_card,completed
1028663,16,,2026-06-23 19:23:02,takeout,,credit_card,completed
1028664,12,2482,2026-06-23 19:23:35,delivery,,apple_pay,completed
1028665,19,,2026-06-23 19:26:55,dine_in,,debit_card,completed
1028666,3,1884,2026-06-23 19:27:49,takeout,,cash,completed
1028667,2,2244,2026-06-23 19:30:20,delivery,DELIVER15,credit_card,completed
1028668,15,412,2026-06-23 19:34:07,takeout,,apple_pay,completed
1028669,1,,2026-06-23 19:34:25,dine_in,,apple_pay,completed
1028670,3,71,2026-06-23 19:37:05,delivery,DELIVER15,credit_card,completed
1028671,7,,2026-06-23 19:37:51,delivery,DELIVER15,debit_card,completed
1028672,11,,2026-06-23 19:39:54,delivery,,apple_pay,completed
1028673,17,,2026-06-23 19:44:42,dine_in,,cash,completed
1028674,20,,2026-06-23 19:47:02,drive_thru,,debit_card,completed
1028675,20,603,2026-06-23 19:54:42,drive_thru,,credit_card,completed
1028676,20,790,2026-06-23 19:58:36,delivery,,credit_card,completed
1028677,20,,2026-06-23 20:01:21,drive_thru,,credit_card,completed
1028678,15,1674,2026-06-23 20:02:59,dine_in,,credit_card,completed
1028679,11,1337,2026-06-23 20:04:24,delivery,,credit_card,completed
1028680,16,962,2026-06-23 20:29:53,delivery,,debit_card,completed
1028681,6,2324,2026-06-23 20:34:03,delivery,,apple_pay,completed
1028682,19,704,2026-06-23 20:58:53,drive_thru,,debit_card,completed
1028683,13,,2026-06-23 21:14:01,takeout,,credit_card,completed
1028684,10,,2026-06-23 21:51:56,delivery,,gift_card,completed
1028685,6,,2026-06-24 10:34:52,delivery,,debit_card,completed
1028686,11,,06/24/2026 10:48,dine_in,,debit_card,completed
1028687,7,,2026-06-24 10:49:57,takeout,,cash,completed
1028688,10,1802,2026-06-24 11:12:57,drive_thru,,debit_card,completed
1028689,12,811,2026-06-24 11:22:04,dine_in,,debit_card,completed
1028690,1,721,2026-06-24 11:24:26,delivery,,credit_card,completed
1028691,15,,2026-06-24 11:26:26,delivery,,credit_card,completed
1028692,15,1621,2026-06-24 11:28:53,drive_thru,,debit_card,completed
1028693,20,290,2026-06-24 11:30:07,delivery,DELIVER15,gift_card,completed
1028694,4,,2026-06-24 11:35:32,drive_thru,,debit_card,completed
1028695,10,2248,2026-06-24 11:38:41,delivery,DELIVER15,debit_card,completed
1028696,4,,2026-06-24 11:42:22,delivery,,credit_card,completed
1028697,13,633,2026-06-24 11:42:33,delivery,DELIVER15,debit_card,completed
1028698,19,1123,2026-06-24 11:47:45,delivery,,credit_card,completed
1028699,20,277,2026-06-24 11:47:46,delivery,,credit_card,completed
1028700,11,766,2026-06-24 11:48:57,dine_in,,cash,completed
1028701,19,1244,2026-06-24 11:51:01,drive_thru,,credit_card,completed
1028702,8,986,06/24/2026 11:51,dine_in,,apple_pay,completed
1028703,17,,2026-06-24 11:52:26,dine_in,,credit_card,completed
1028704,20,,2026-06-24 11:52:56,dine_in,,apple_pay,completed
1028705,20,2392,2026-06-24 11:54:14,dine_in,,credit_card,completed
1028706,14,,2026-06-24 11:59:04,drive_thru,,credit_card,completed
1028707,4,1892,2026-06-24 12:01:46,dine_in,,debit_card,completed
1028708,10,,2026-06-24 12:05:11,takeout,,cash,completed
1028709,15,781,2026-06-24 12:06:32,delivery,,debit_card,completed
1028709,15,781,2026-06-24 12:06:32,delivery,,debit_card,completed
1028710,19,448,2026-06-24 12:08:27,dine_in,,debit_card,completed
1028711,6,,2026-06-24 12:08:32,dine_in,,credit_card,completed
1028712,19,2357,2026-06-24 12:08:32,drive_thru,,debit_card,completed
1028713,5,1030,2026-06-24 12:11:04,dine_in,,apple_pay,completed
1028714,12,,2026-06-24 12:14:49,dine_in,,debit_card,completed
1028715,10,1069,2026-06-24 12:15:56,drive_thru,,credit_card,completed
1028716,15,,2026-06-24 12:18:08,delivery,,credit_card,completed
1028717,7,1050,2026-06-24 12:18:14,dine_in,,debit_card,completed
1028718,17,1259,2026-06-24 12:18:32,dine_in,,debit_card,completed
1028719,16,36,2026-06-24 12:19:10,takeout,,credit_card,completed
1028720,11,1779,2026-06-24 12:19:41,dine_in,,credit_card,completed
1028721,20,1240,2026-06-24 12:20:37,takeout,,cash,completed
1028721,20,1240,2026-06-24 12:20:37,takeout,,cash,completed
1028722,18,1051,2026-06-24 12:22:24,delivery,,credit_card,completed
1028723,18,,2026-06-24 12:23:19,dine_in,,credit_card,completed
1028724,7,2352,2026-06-24 12:23:50,dine_in,,debit_card,completed
1028725,2,,2026-06-24 12:24:16,takeout,,credit_card,completed
1028726,18,1399,2026-06-24 12:25:50,delivery,DELIVER15,credit_card,completed
1028727,20,,2026-06-24 12:27:06,takeout,,credit_card,cancelled
1028728,13,,2026-06-24 12:29:50,delivery,,debit_card,refunded
1028729,2,1382,2026-06-24 12:31:03,takeout,,credit_card,completed
1028730,4,835,2026-06-24 12:33:02,drive_thru,,cash,completed
1028731,4,,2026-06-24 12:36:12,delivery,DELIVER15,credit_card,completed
1028732,4,,2026-06-24 12:38:35,drive_thru,,credit_card,completed
1028733,6,,2026-06-24 12:40:06,drive_thru,,credit_card,completed
1028734,3,,2026-06-24 12:41:01,dine_in,,cash,completed
1028735,19,2017,2026-06-24 12:41:20,takeout,,credit_card,completed
1028736,3,220,2026-06-24 12:41:33,takeout,,apple_pay,completed
1028737,6,1951,2026-06-24 12:41:51,delivery,,credit_card,completed
1028738,15,,2026-06-24 12:44:27,dine_in,,credit_card,completed
1028739,1,1137,2026-06-24 12:44:32,takeout,,credit_card,completed
1028740,20,2025,2026-06-24 12:44:33,drive_thru,,debit_card,completed
1028741,18,583,2026-06-24 12:46:13,drive_thru,,credit_card,completed
1028742,2,,2026-06-24 12:46:43,dine_in,,apple_pay,refunded
1028743,15,,2026-06-24 12:47:14,dine_in,,cash,completed
1028744,12,1308,2026-06-24 12:48:11,dine_in,,debit_card,completed
1028745,14,334,2026-06-24 12:50:13,delivery,,credit_card,completed
1028746,10,2338,2026-06-24 12:50:33,drive_thru,,credit_card,completed
1028747,4,510,2026-06-24 12:52:27,dine_in,,gift_card,completed
1028748,18,,2026-06-24 12:54:43,dine_in,,credit_card,cancelled
1028749,1,748,2026-06-24 12:55:46,dine_in,,apple_pay,completed
1028750,18,672,2026-06-24 13:01:29,delivery,,gift_card,completed
1028751,12,580,2026-06-24 13:04:03,takeout,,debit_card,completed
1028752,18,,2026-06-24 13:08:20,dine_in,,credit_card,completed
1028753,12,1911,2026-06-24 13:08:33,takeout,,cash,completed
1028754,14,98,2026-06-24 13:10:32,delivery,DELIVER15,credit_card,completed
1028755,10,,2026-06-24 13:13:39,takeout,,credit_card,completed
1028756,17,1192,2026-06-24 13:23:42,delivery,,credit_card,completed
1028757,20,653,2026-06-24 13:26:43,dine_in,,credit_card,completed
1028758,20,,2026-06-24 13:27:53,dine_in,,credit_card,refunded
1028759,14,313,06/24/2026 13:33,dine_in,,debit_card,completed
1028760,17,2411,2026-06-24 13:35:40,dine_in,,debit_card,completed
1028761,11,,2026-06-24 13:36:45,drive_thru,,credit_card,completed
1028762,11,551,2026-06-24 13:51:06,takeout,,credit_card,completed
1028763,7,930,2026-06-24 13:55:55,dine_in,,apple_pay,completed
1028764,16,695,2026-06-24 13:56:38,dine_in,,debit_card,completed
1028765,17,1451,2026-06-24 14:04:46,dine_in,,debit_card,completed
1028766,4,984,2026-06-24 14:08:04,,,credit_card,completed
1028767,15,1152,2026-06-24 15:13:28,delivery,,credit_card,completed
1028768,12,2252,2026-06-24 15:23:57,dine_in,,debit_card,completed
1028769,20,508,2026-06-24 15:24:23,delivery,DELIVER15,apple_pay,completed
1028770,8,,2026-06-24 15:29:35,delivery,DELIVER15,debit_card,completed
1028771,3,,2026-06-24 15:42:38,dine_in,,credit_card,cancelled
1028772,18,,2026-06-24 15:46:12,dine_in,,debit_card,completed
1028773,19,,2026-06-24 15:55:03,dine_in,,credit_card,cancelled
1028774,10,,2026-06-24 16:12:57,takeout,,credit_card,completed
1028775,20,158,2026-06-24 16:40:06,delivery,,credit_card,completed
1028776,20,916,2026-06-24 16:40:42,takeout,,credit_card,refunded
1028777,5,396,2026-06-24 17:25:13,drive_thru,,credit_card,completed
1028778,13,828,2026-06-24 17:25:31,dine_in,,debit_card,completed
1028779,11,1222,2026-06-24 17:30:32,dine_in,,credit_card,completed
1028780,13,2215,2026-06-24 17:36:06,takeout,,apple_pay,completed
1028781,2,,2026-06-24 17:39:26,delivery,,credit_card,completed
1028782,14,280,2026-06-24 17:41:13,delivery,,apple_pay,completed
1028783,19,,2026-06-24 17:43:38,takeout,,apple_pay,completed
1028784,10,,2026-06-24 17:47:50,drive_thru,,debit_card,completed
1028785,8,,06/24/2026 17:50,takeout,,gift_card,completed
1028786,6,,2026-06-24 17:51:54,dine_in,,apple_pay,completed
1028787,13,,2026-06-24 17:54:22,takeout,,cash,completed
1028788,2,2177,2026-06-24 18:02:42,delivery,,credit_card,completed
1028789,2,1746,2026-06-24 18:04:18,takeout,,credit_card,completed
1028790,10,,2026-06-24 18:05:22,delivery,,debit_card,completed
1028791,4,1743,2026-06-24 18:09:07,dine_in,,credit_card,completed
1028792,17,,2026-06-24 18:13:46,delivery,,apple_pay,completed
1028793,1,,2026-06-24 18:18:19,dine_in,,credit_card,completed
1028794,17,,2026-06-24 18:22:06,takeout,,credit_card,completed
1028795,19,142,2026-06-24 18:24:24,delivery,,credit_card,completed
1028796,13,2345,2026-06-24 18:27:14,dine_in,,credit_card,completed
1028797,1,777,2026-06-24 18:27:15,dine_in,,credit_card,completed
1028798,13,2409,2026-06-24 18:32:37,delivery,DELIVER15,apple_pay,completed
1028799,20,,2026-06-24 18:34:58,drive_thru,,credit_card,completed
1028800,10,839,2026-06-24 18:38:48,delivery,,credit_card,completed
1028801,15,1613,2026-06-24 18:40:33,,DELIVER15,gift_card,completed
1028802,2,89,2026-06-24 18:40:46,dine_in,,apple_pay,completed
1028803,7,1116,06/24/2026 18:41,takeout,,debit_card,completed
1028804,7,969,2026-06-24 18:41:29,delivery,DELIVER15,apple_pay,completed
1028805,12,,2026-06-24 18:43:36,takeout,,credit_card,completed
1028806,12,,2026-06-24 18:45:20,dine_in,,credit_card,completed
1028807,19,896,2026-06-24 18:45:48,dine_in,,credit_card,completed
1028808,8,,2026-06-24 18:47:11,delivery,DELIVER15,credit_card,cancelled
1028809,8,2310,2026-06-24 18:48:37,dine_in,,cash,completed
1028810,10,302,2026-06-24 18:49:12,dine_in,,debit_card,completed
1028811,2,2015,2026-06-24 18:50:16,takeout,,credit_card,completed
1028812,17,,2026-06-24 18:59:46,dine_in,,debit_card,completed
1028813,2,,2026-06-24 19:02:35,takeout,,cash,completed
1028814,20,1251,2026-06-24 19:06:02,drive_thru,,cash,completed
1028815,11,1470,2026-06-24 19:07:03,drive_thru,,debit_card,completed
1028816,13,,2026-06-24 19:08:15,delivery,,credit_card,completed
1028817,13,345,2026-06-24 19:08:28,takeout,,debit_card,completed
1028818,1,,2026-06-24 19:09:24,takeout,,credit_card,completed
1028819,7,2218,2026-06-24 19:09:30,delivery,,debit_card,completed
1028820,19,1931,2026-06-24 19:10:17,dine_in,,credit_card,completed
1028821,9,1171,2026-06-24 19:10:34,delivery,,credit_card,completed
1028822,15,1009,2026-06-24 19:11:04,dine_in,,debit_card,completed
1028823,14,815,2026-06-24 19:12:43,delivery,,debit_card,completed
1028824,10,15,2026-06-24 19:14:36,dine_in,,credit_card,completed
1028825,11,,2026-06-24 19:15:42,dine_in,,apple_pay,completed
1028826,19,,2026-06-24 19:19:03,dine_in,,cash,completed
1028827,9,,2026-06-24 19:21:24,takeout,,debit_card,completed
1028827,9,,2026-06-24 19:21:24,takeout,,debit_card,completed
1028828,15,,2026-06-24 19:23:46,delivery,,credit_card,completed
1028829,19,1352,2026-06-24 19:25:34,dine_in,,debit_card,completed
1028830,19,1485,2026-06-24 19:25:53,drive_thru,,cash,completed
1028831,15,1830,2026-06-24 19:26:00,delivery,,debit_card,completed
1028832,8,881,2026-06-24 19:28:32,dine_in,,apple_pay,completed
1028833,5,,2026-06-24 19:28:59,drive_thru,,apple_pay,completed
1028834,4,1257,2026-06-24 19:31:35,delivery,,credit_card,completed
1028835,6,,2026-06-24 19:32:57,drive_thru,,credit_card,completed
1028836,16,,2026-06-24 19:33:02,delivery,DELIVER15,apple_pay,completed
1028837,12,,2026-06-24 19:33:21,dine_in,,credit_card,completed
1028838,11,200,2026-06-24 19:34:42,delivery,,credit_card,completed
1028839,13,166,2026-06-24 19:35:24,delivery,,debit_card,completed
1028840,6,2270,2026-06-24 19:38:40,dine_in,,credit_card,completed
1028841,2,2222,2026-06-24 19:39:19,takeout,,credit_card,completed
1028842,2,,2026-06-24 19:41:29,dine_in,,cash,completed
1028843,2,1637,2026-06-24 19:41:57,delivery,DELIVER15,apple_pay,completed
1028844,20,,2026-06-24 19:43:15,dine_in,,credit_card,completed
1028845,2,1806,2026-06-24 19:46:29,dine_in,,credit_card,completed
1028846,19,483,2026-06-24 19:49:25,drive_thru,,credit_card,completed
1028847,19,557,2026-06-24 19:50:23,delivery,DELIVER15,apple_pay,completed
1028848,5,2080,2026-06-24 19:53:17,dine_in,,credit_card,completed
1028849,2,,2026-06-24 19:55:55,dine_in,,credit_card,completed
1028850,12,1270,2026-06-24 19:59:56,dine_in,,gift_card,completed
1028851,11,104,2026-06-24 20:00:23,delivery,,credit_card,completed
1028852,14,1012,2026-06-24 20:00:56,takeout,,credit_card,completed
1028853,3,,2026-06-24 20:04:03,takeout,,credit_card,completed
1028854,10,484,2026-06-24 20:06:51,delivery,,credit_card,completed
1028855,15,,2026-06-24 20:16:50,takeout,,credit_card,completed
1028856,16,1041,2026-06-24 20:20:46,takeout,,cash,completed
1028857,19,,2026-06-24 20:29:17,takeout,,debit_card,completed
1028858,3,906,2026-06-24 20:43:56,delivery,,credit_card,completed
1028859,18,694,2026-06-24 20:49:27,delivery,,apple_pay,completed
1028860,15,1864,06/24/2026 21:13,takeout,,cash,completed
1028861,2,1916,2026-06-24 21:27:09,delivery,DELIVER15,apple_pay,completed
1028862,3,683,2026-06-24 21:44:55,dine_in,,credit_card,completed
1028863,7,1858,2026-06-24 21:49:02,,,gift_card,completed
1028864,7,1735,2026-06-25 10:43:00,delivery,DELIVER15,credit_card,completed
1028865,20,,2026-06-25 10:48:33,dine_in,,credit_card,completed
1028865,20,,2026-06-25 10:48:33,dine_in,,credit_card,completed
1028866,8,772,2026-06-25 11:13:20,dine_in,,cash,completed
1028867,3,1255,2026-06-25 11:25:41,delivery,,credit_card,completed
1028868,19,2126,2026-06-25 11:26:37,delivery,,credit_card,completed
1028869,5,1464,2026-06-25 11:27:52,delivery,,debit_card,completed
1028870,6,1977,2026-06-25 11:33:58,drive_thru,,debit_card,completed
1028871,12,334,2026-06-25 11:36:12,dine_in,,credit_card,completed
1028872,5,,2026-06-25 11:37:36,takeout,,credit_card,completed
1028873,9,1730,2026-06-25 11:39:22,drive_thru,,cash,completed
1028874,2,,2026-06-25 11:40:20,dine_in,,credit_card,completed
1028875,17,285,2026-06-25 11:41:32,dine_in,,credit_card,completed
1028876,11,,2026-06-25 11:45:40,drive_thru,,debit_card,completed
1028877,10,1208,2026-06-25 11:48:31,drive_thru,,credit_card,cancelled
1028878,15,,2026-06-25 11:51:30,dine_in,,credit_card,completed
1028879,1,2032,2026-06-25 11:52:49,delivery,,credit_card,completed
1028880,10,2202,06/25/2026 11:54,dine_in,,credit_card,completed
1028881,17,,2026-06-25 12:02:21,delivery,,credit_card,completed
1028882,16,1331,2026-06-25 12:02:31,delivery,DELIVER15,apple_pay,completed
1028883,17,,2026-06-25 12:04:58,takeout,,debit_card,completed
1028884,17,,2026-06-25 12:06:04,takeout,,apple_pay,completed
1028885,18,1629,2026-06-25 12:06:09,delivery,,debit_card,completed
1028886,3,1492,2026-06-25 12:08:11,takeout,,credit_card,completed
1028887,20,,2026-06-25 12:08:28,delivery,,debit_card,completed
1028888,9,990,2026-06-25 12:09:33,dine_in,,credit_card,completed
1028889,11,,2026-06-25 12:10:22,delivery,,credit_card,completed
1028890,2,1374,2026-06-25 12:11:59,dine_in,,debit_card,completed
1028891,4,,2026-06-25 12:12:06,drive_thru,,credit_card,completed
1028892,12,2437,2026-06-25 12:12:40,delivery,,debit_card,cancelled
1028893,5,2498,2026-06-25 12:12:45,delivery,,credit_card,completed
1028894,20,1420,2026-06-25 12:13:30,takeout,,cash,completed
1028895,3,795,2026-06-25 12:14:29,dine_in,,apple_pay,completed
1028896,11,145,2026-06-25 12:14:48,drive_thru,,debit_card,completed
1028897,18,132,2026-06-25 12:15:12,drive_thru,,cash,completed
1028898,7,645,2026-06-25 12:16:01,takeout,,debit_card,completed
1028899,7,,2026-06-25 12:18:00,dine_in,,credit_card,completed
1028900,6,712,2026-06-25 12:18:06,drive_thru,,credit_card,completed
1028901,19,,2026-06-25 12:18:28,delivery,,credit_card,completed
1028902,2,1938,2026-06-25 12:19:45,dine_in,,debit_card,completed
1028903,14,1040,2026-06-25 12:20:54,drive_thru,,apple_pay,completed
1028904,11,466,2026-06-25 12:22:47,takeout,,apple_pay,completed
1028905,3,,2026-06-25 12:23:16,takeout,,credit_card,completed
1028906,11,1039,2026-06-25 12:25:02,drive_thru,,credit_card,completed
1028907,19,,2026-06-25 12:27:20,delivery,,apple_pay,completed
1028908,10,,2026-06-25 12:27:47,delivery,,credit_card,completed
1028909,16,,2026-06-25 12:28:33,dine_in,,cash,completed
1028910,4,1211,2026-06-25 12:29:46,delivery,,credit_card,completed
1028910,4,1211,2026-06-25 12:29:46,delivery,,credit_card,completed
1028911,12,463,2026-06-25 12:30:35,takeout,,debit_card,completed
1028912,8,2476,2026-06-25 12:31:08,delivery,,credit_card,completed
1028913,3,,2026-06-25 12:32:10,takeout,,credit_card,completed
1028914,3,1746,2026-06-25 12:32:13,dine_in,,cash,completed
1028915,19,1587,06/25/2026 12:32,dine_in,,credit_card,completed
1028916,8,650,2026-06-25 12:33:57,dine_in,,credit_card,completed
1028917,3,525,2026-06-25 12:34:55,delivery,,credit_card,completed
1028918,12,,2026-06-25 12:36:20,delivery,,apple_pay,completed
1028919,4,1960,2026-06-25 12:37:23,delivery,,credit_card,completed
1028920,13,1109,2026-06-25 12:38:35,,,credit_card,completed
1028921,4,2204,2026-06-25 12:40:52,drive_thru,,debit_card,completed
1028922,4,,2026-06-25 12:41:42,delivery,,credit_card,completed
1028923,17,704,2026-06-25 12:43:00,delivery,,apple_pay,cancelled
1028924,19,1266,2026-06-25 12:45:09,takeout,,credit_card,cancelled
1028925,15,817,2026-06-25 12:45:14,delivery,,apple_pay,completed
1028926,18,,2026-06-25 12:46:57,dine_in,,credit_card,completed
1028927,10,,2026-06-25 12:49:22,takeout,,debit_card,completed
1028928,11,1442,2026-06-25 12:50:43,drive_thru,,credit_card,completed
1028929,13,578,2026-06-25 12:51:13,dine_in,,cash,completed
1028930,2,510,2026-06-25 12:52:37,dine_in,,credit_card,completed
1028931,13,2001,06/25/2026 12:53,delivery,,credit_card,completed
1028932,4,,2026-06-25 12:54:53,drive_thru,,credit_card,completed
1028933,16,1079,2026-06-25 12:55:26,delivery,,debit_card,completed
1028934,8,,2026-06-25 12:55:29,dine_in,,credit_card,completed
1028935,20,1842,2026-06-25 12:57:57,drive_thru,,debit_card,completed
1028936,12,,2026-06-25 13:03:56,takeout,,debit_card,completed
1028937,20,2291,2026-06-25 13:10:05,delivery,DELIVER15,credit_card,completed
1028938,6,,2026-06-25 13:10:10,takeout,,apple_pay,completed
1028939,12,1552,2026-06-25 13:13:53,dine_in,,credit_card,completed
1028940,2,2399,2026-06-25 13:15:29,dine_in,,credit_card,refunded
1028941,4,2058,06/25/2026 13:17,dine_in,,credit_card,completed
1028942,12,,2026-06-25 13:23:58,takeout,,debit_card,completed
1028943,14,971,2026-06-25 13:24:25,takeout,,credit_card,completed
1028944,5,234,2026-06-25 13:24:50,takeout,,gift_card,completed
1028945,4,179,2026-06-25 13:31:43,drive_thru,,debit_card,completed
1028946,15,,2026-06-25 13:52:23,delivery,,credit_card,completed
1028947,20,1033,2026-06-25 13:54:40,,,cash,completed
1028948,7,295,2026-06-25 14:11:36,takeout,,credit_card,completed
1028949,15,2420,2026-06-25 14:12:07,takeout,,credit_card,completed
1028950,7,2,2026-06-25 14:23:58,delivery,,credit_card,completed
1028951,10,2078,2026-06-25 14:24:44,drive_thru,,credit_card,completed
1028952,18,1469,2026-06-25 14:44:43,dine_in,,debit_card,completed
1028953,14,,2026-06-25 14:47:05,delivery,,debit_card,completed
1028954,13,,2026-06-25 14:54:22,delivery,,credit_card,completed
1028955,14,,2026-06-25 15:01:52,takeout,,debit_card,completed
1028956,12,316,2026-06-25 15:05:47,delivery,,credit_card,completed
1028957,18,,2026-06-25 15:26:35,delivery,,apple_pay,completed
1028958,19,2460,2026-06-25 15:36:06,dine_in,,credit_card,completed
1028959,5,,2026-06-25 15:41:47,takeout,,credit_card,completed
1028960,1,711,2026-06-25 15:43:13,,,cash,completed
1028961,19,271,2026-06-25 16:09:17,dine_in,,credit_card,completed
1028962,7,2155,2026-06-25 16:10:52,dine_in,,credit_card,completed
1028963,2,2365,2026-06-25 16:31:31,takeout,,credit_card,completed
1028964,11,308,2026-06-25 16:32:49,delivery,,credit_card,completed
1028965,19,1427,2026-06-25 16:38:16,delivery,,credit_card,completed
1028966,15,,2026-06-25 16:54:39,dine_in,,credit_card,completed
1028967,5,,2026-06-25 16:57:54,dine_in,,gift_card,completed
1028968,3,,2026-06-25 16:59:16,dine_in,,credit_card,completed
1028969,4,,2026-06-25 17:00:13,drive_thru,,cash,completed
1028970,19,935,2026-06-25 17:08:14,delivery,DELIVER15,credit_card,completed
1028971,17,,2026-06-25 17:14:11,delivery,,apple_pay,completed
1028972,6,882,2026-06-25 17:30:30,delivery,,apple_pay,completed
1028973,14,584,2026-06-25 17:32:18,takeout,,credit_card,completed
1028974,7,2318,2026-06-25 17:40:34,dine_in,,cash,completed
1028975,7,614,2026-06-25 17:41:39,delivery,,credit_card,completed
1028976,1,663,2026-06-25 17:43:20,delivery,,apple_pay,completed
1028977,12,333,2026-06-25 17:45:37,delivery,DELIVER15,credit_card,completed
1028978,17,1537,2026-06-25 17:49:04,delivery,,debit_card,completed
1028979,12,,2026-06-25 17:50:54,takeout,,debit_card,completed
1028980,11,,2026-06-25 18:00:13,drive_thru,,apple_pay,completed
1028981,2,1021,2026-06-25 18:04:20,takeout,,debit_card,completed
1028982,1,,2026-06-25 18:04:33,delivery,,debit_card,completed
1028983,11,2056,2026-06-25 18:04:46,dine_in,,credit_card,completed
1028984,7,969,2026-06-25 18:05:52,dine_in,,apple_pay,completed
1028985,19,945,2026-06-25 18:06:33,takeout,,cash,completed
1028986,8,1242,2026-06-25 18:10:18,takeout,,apple_pay,completed
1028987,6,882,2026-06-25 18:13:53,dine_in,,cash,completed
1028988,3,1073,2026-06-25 18:14:28,delivery,,credit_card,completed
1028989,2,344,2026-06-25 18:16:01,dine_in,,apple_pay,completed
1028990,16,245,2026-06-25 18:16:11,takeout,,debit_card,completed
1028991,3,2314,2026-06-25 18:17:42,takeout,,credit_card,completed
1028992,9,,2026-06-25 18:19:58,delivery,,credit_card,completed
1028993,12,225,2026-06-25 18:20:27,takeout,,credit_card,completed
1028994,10,986,2026-06-25 18:21:42,takeout,,credit_card,completed
1028995,3,,2026-06-25 18:24:28,takeout,,apple_pay,completed
1028996,8,,2026-06-25 18:25:07,dine_in,,credit_card,completed
1028997,20,,2026-06-25 18:32:18,dine_in,,gift_card,completed
1028998,16,475,2026-06-25 18:32:23,takeout,,apple_pay,completed
1028999,8,2233,2026-06-25 18:33:51,delivery,,gift_card,completed
1029000,20,,2026-06-25 18:35:09,delivery,DELIVER15,credit_card,completed
1029001,20,1458,2026-06-25 18:35:36,delivery,DELIVER15,apple_pay,completed
1029002,13,,2026-06-25 18:38:18,delivery,DELIVER15,debit_card,completed
1029003,17,908,2026-06-25 18:38:27,dine_in,,credit_card,completed
1029004,20,,2026-06-25 18:38:31,delivery,DELIVER15,debit_card,completed
1029005,18,,2026-06-25 18:42:29,delivery,,credit_card,completed
1029006,13,,2026-06-25 18:42:47,takeout,,gift_card,completed
1029007,15,,2026-06-25 18:44:07,delivery,,credit_card,completed
1029008,11,,2026-06-25 18:44:51,delivery,,apple_pay,completed
1029009,3,795,2026-06-25 18:44:59,dine_in,,credit_card,completed
1029010,11,268,2026-06-25 18:49:04,dine_in,,apple_pay,completed
1029011,20,1836,2026-06-25 18:50:34,delivery,DELIVER15,credit_card,completed
1029012,16,767,2026-06-25 18:51:10,dine_in,,debit_card,cancelled
1029013,12,1234,2026-06-25 18:51:19,delivery,,debit_card,completed
1029014,10,1402,2026-06-25 18:51:50,drive_thru,,debit_card,completed
1029015,3,130,2026-06-25 18:52:04,dine_in,,apple_pay,completed
1029016,7,,2026-06-25 18:52:49,dine_in,,credit_card,completed
1029017,6,899,2026-06-25 18:52:50,delivery,,credit_card,refunded
1029018,4,,2026-06-25 18:56:10,delivery,,credit_card,cancelled
1029019,17,408,2026-06-25 18:56:58,takeout,,apple_pay,completed
1029020,8,,2026-06-25 18:57:59,dine_in,,credit_card,completed
1029021,19,2193,2026-06-25 18:59:15,takeout,,apple_pay,completed
1029022,6,,06/25/2026 18:59,delivery,,credit_card,completed
1029023,16,970,2026-06-25 19:01:11,dine_in,,cash,completed
1029024,2,541,2026-06-25 19:01:18,dine_in,,cash,completed
1029025,2,,2026-06-25 19:02:29,takeout,,credit_card,completed
1029026,14,2069,2026-06-25 19:03:34,,,credit_card,completed
1029026,14,2069,2026-06-25 19:03:34,,,credit_card,refunded
1029027,3,,2026-06-25 19:04:43,delivery,DELIVER15,credit_card,completed
1029028,11,,2026-06-25 19:05:37,dine_in,,apple_pay,completed
1029029,1,8,2026-06-25 19:07:36,dine_in,,debit_card,completed
1029030,13,977,2026-06-25 19:12:01,dine_in,,cash,completed
1029031,6,1533,2026-06-25 19:12:12,dine_in,,credit_card,completed
1029032,2,,2026-06-25 19:12:40,takeout,,debit_card,completed
1029032,2,,2026-06-25 19:12:40,takeout,,debit_card,refunded
1029033,19,809,2026-06-25 19:13:43,delivery,DELIVER15,apple_pay,completed
1029034,6,444,2026-06-25 19:17:36,dine_in,,apple_pay,completed
1029035,6,2347,2026-06-25 19:22:02,drive_thru,,debit_card,completed
1029036,13,,2026-06-25 19:24:34,delivery,,gift_card,completed
1029037,8,667,2026-06-25 19:25:40,takeout,,credit_card,completed
1029038,1,1081,2026-06-25 19:27:27,takeout,,credit_card,completed
1029039,8,2261,2026-06-25 19:29:33,takeout,,credit_card,completed
1029040,6,,2026-06-25 19:31:33,dine_in,,cash,completed
1029041,14,,2026-06-25 19:33:12,drive_thru,,credit_card,completed
1029042,7,,2026-06-25 19:34:03,dine_in,,debit_card,completed
1029043,9,1957,2026-06-25 19:35:10,dine_in,,cash,completed
1029044,13,837,2026-06-25 19:40:27,delivery,,credit_card,completed
1029045,3,244,2026-06-25 19:42:47,delivery,,debit_card,completed
1029046,2,731,2026-06-25 19:43:12,takeout,,credit_card,completed
1029047,4,,2026-06-25 19:43:48,drive_thru,,cash,completed
1029048,9,1886,2026-06-25 19:45:04,,,credit_card,completed
1029049,18,81,2026-06-25 19:45:17,delivery,,credit_card,completed
1029050,19,1966,2026-06-25 19:45:42,takeout,,credit_card,completed
1029051,1,1081,2026-06-25 19:49:09,dine_in,,cash,completed
1029052,7,145,2026-06-25 19:51:16,delivery,,credit_card,completed
1029053,10,1058,2026-06-25 19:51:22,delivery,,debit_card,completed
1029054,11,1346,2026-06-25 19:53:53,dine_in,,debit_card,completed
1029055,4,662,2026-06-25 19:57:51,drive_thru,,cash,completed
1029056,7,2455,2026-06-25 19:59:46,delivery,DELIVER15,apple_pay,completed
1029057,12,1093,2026-06-25 19:59:54,dine_in,,credit_card,completed
1029058,8,,2026-06-25 20:01:07,delivery,,credit_card,completed
1029059,1,,2026-06-25 20:03:23,delivery,,credit_card,completed
1029060,10,,06/25/2026 20:07,dine_in,,debit_card,completed
1029061,17,131,2026-06-25 20:07:29,takeout,,gift_card,completed
1029062,1,575,2026-06-25 20:10:56,delivery,DELIVER15,credit_card,completed
1029063,18,132,2026-06-25 20:21:17,takeout,,credit_card,completed
1029064,20,2392,2026-06-25 20:30:09,drive_thru,,credit_card,completed
1029065,1,2140,2026-06-25 20:31:39,takeout,,credit_card,completed
1029066,18,2147,2026-06-25 20:37:20,drive_thru,,credit_card,completed
1029067,8,,2026-06-25 20:38:18,delivery,,credit_card,completed
1029068,19,1581,2026-06-25 20:40:15,drive_thru,,credit_card,completed
1029068,19,1581,2026-06-25 20:40:15,drive_thru,,credit_card,completed
1029069,12,,2026-06-25 20:44:08,delivery,,credit_card,completed
1029069,12,,2026-06-25 20:44:08,delivery,,credit_card,refunded
1029070,10,1107,2026-06-25 20:47:49,drive_thru,,gift_card,completed
1029071,19,,06/25/2026 20:57,drive_thru,,apple_pay,completed
1029072,5,2362,2026-06-25 21:03:52,delivery,DELIVER15,debit_card,completed
1029073,9,379,2026-06-25 21:12:16,drive_thru,,credit_card,completed
1029074,11,2477,2026-06-25 21:33:03,takeout,,credit_card,completed
1029075,10,1135,2026-06-25 21:35:47,dine_in,,credit_card,completed
1029076,1,1891,2026-06-25 21:52:55,dine_in,,debit_card,completed
1029077,2,435,2026-06-25 21:58:09,takeout,,cash,refunded
1029078,20,1420,2026-06-26 11:02:46,takeout,,credit_card,completed
1029079,11,2398,2026-06-26 11:04:40,dine_in,,debit_card,completed
1029080,19,1094,2026-06-26 11:21:17,drive_thru,,apple_pay,completed
1029081,14,1947,2026-06-26 11:27:52,delivery,,credit_card,completed
1029082,18,,2026-06-26 11:35:05,drive_thru,,debit_card,completed
1029083,17,370,2026-06-26 11:37:40,dine_in,,cash,completed
1029084,11,904,2026-06-26 11:38:44,drive_thru,,apple_pay,completed
1029085,11,1135,2026-06-26 11:39:49,dine_in,,apple_pay,completed
1029086,3,,2026-06-26 11:49:22,dine_in,,credit_card,completed
1029087,12,1429,2026-06-26 11:49:45,dine_in,,debit_card,cancelled
1029088,19,1062,2026-06-26 11:55:44,delivery,DELIVER15,credit_card,completed
1029089,2,,2026-06-26 11:57:33,dine_in,,credit_card,completed
1029090,5,1815,2026-06-26 11:57:54,takeout,,debit_card,completed
1029091,14,1282,2026-06-26 11:58:47,takeout,,debit_card,completed
1029092,20,366,2026-06-26 11:59:09,delivery,DELIVER15,debit_card,completed
1029093,19,,2026-06-26 11:59:22,dine_in,,debit_card,completed
1029094,16,1678,2026-06-26 12:00:08,delivery,,credit_card,completed
1029095,15,,2026-06-26 12:00:20,dine_in,,cash,completed
1029096,17,1358,2026-06-26 12:00:47,dine_in,,debit_card,completed
1029097,16,2465,2026-06-26 12:00:49,dine_in,,cash,completed
1029098,16,1557,2026-06-26 12:03:18,delivery,,credit_card,completed
1029099,15,596,2026-06-26 12:04:25,delivery,,credit_card,completed
1029100,11,,2026-06-26 12:04:40,dine_in,,credit_card,completed
1029101,12,1093,2026-06-26 12:04:57,delivery,,credit_card,completed
1029102,14,,2026-06-26 12:05:07,dine_in,,cash,completed
1029103,2,,2026-06-26 12:05:19,takeout,,credit_card,completed
1029104,1,,2026-06-26 12:08:26,dine_in,,gift_card,completed
1029105,8,2105,2026-06-26 12:09:44,takeout,,credit_card,completed
1029106,17,1192,2026-06-26 12:10:44,delivery,,debit_card,completed
1029107,7,2231,2026-06-26 12:12:13,takeout,,debit_card,completed
1029108,5,19,2026-06-26 12:12:24,dine_in,,apple_pay,cancelled
1029109,11,2454,2026-06-26 12:14:16,,,debit_card,completed
1029110,13,309,2026-06-26 12:14:16,dine_in,,cash,completed
1029111,2,109,2026-06-26 12:16:11,dine_in,,credit_card,completed
1029112,16,,2026-06-26 12:16:23,dine_in,,cash,completed
1029113,17,,2026-06-26 12:17:04,delivery,,gift_card,completed
1029114,8,1980,2026-06-26 12:17:31,takeout,,credit_card,completed
1029115,5,1831,2026-06-26 12:18:23,takeout,,gift_card,completed
1029116,16,,2026-06-26 12:18:40,dine_in,,apple_pay,completed
1029117,17,1332,2026-06-26 12:19:27,takeout,,debit_card,completed
1029118,3,2359,2026-06-26 12:20:25,takeout,,gift_card,cancelled
1029119,7,766,2026-06-26 12:21:23,takeout,,apple_pay,completed
1029120,8,,2026-06-26 12:21:35,delivery,,credit_card,completed
1029121,6,369,2026-06-26 12:22:47,dine_in,,debit_card,completed
1029122,6,,2026-06-26 12:24:04,drive_thru,,debit_card,completed
1029123,14,1614,2026-06-26 12:24:51,drive_thru,,debit_card,completed
1029124,1,2003,2026-06-26 12:28:23,dine_in,,cash,completed
1029125,4,1506,2026-06-26 12:30:05,dine_in,,debit_card,cancelled
1029126,12,,2026-06-26 12:32:23,takeout,,apple_pay,completed
1029127,8,1475,2026-06-26 12:33:18,takeout,,gift_card,completed
1029128,13,757,2026-06-26 12:33:27,,,apple_pay,completed
1029129,3,785,2026-06-26 12:34:53,delivery,,credit_card,completed
1029130,13,1059,2026-06-26 12:34:56,takeout,,apple_pay,completed
1029131,2,1971,2026-06-26 12:35:35,dine_in,,credit_card,completed
1029132,15,2268,2026-06-26 12:37:40,delivery,,credit_card,completed
1029133,3,490,2026-06-26 12:37:45,dine_in,,credit_card,completed
1029134,6,1609,2026-06-26 12:37:54,takeout,,debit_card,completed
1029135,8,1668,2026-06-26 12:37:57,takeout,,apple_pay,completed
1029135,8,1668,2026-06-26 12:37:57,takeout,,apple_pay,refunded
1029136,14,,2026-06-26 12:38:02,drive_thru,,apple_pay,completed
1029137,7,2464,2026-06-26 12:38:58,delivery,,credit_card,completed
1029138,9,,2026-06-26 12:39:19,delivery,,credit_card,completed
1029139,3,355,2026-06-26 12:39:25,delivery,,debit_card,completed
1029140,9,358,2026-06-26 12:42:28,dine_in,,credit_card,completed
1029141,16,,2026-06-26 12:42:32,dine_in,,debit_card,completed
1029142,16,822,2026-06-26 12:43:28,takeout,,credit_card,completed
1029143,7,1479,2026-06-26 12:44:32,takeout,,cash,completed
1029144,8,,2026-06-26 12:47:41,dine_in,,apple_pay,completed
1029145,7,1350,2026-06-26 12:49:22,takeout,,credit_card,completed
1029146,13,1005,2026-06-26 12:49:57,delivery,,debit_card,completed
1029147,10,1323,2026-06-26 12:50:08,dine_in,,debit_card,completed
1029148,4,,2026-06-26 12:50:38,drive_thru,,credit_card,completed
1029149,16,307,2026-06-26 12:51:17,delivery,,credit_card,completed
1029150,19,,2026-06-26 12:51:19,takeout,,apple_pay,completed
1029151,17,2193,2026-06-26 12:54:40,dine_in,,credit_card,completed
1029152,7,,2026-06-26 12:55:55,delivery,,apple_pay,completed
1029153,15,1716,06/26/2026 12:56,dine_in,,cash,completed
1029154,11,,2026-06-26 12:58:03,delivery,,credit_card,completed
1029155,17,2072,06/26/2026 13:03,delivery,,credit_card,completed
1029156,18,,2026-06-26 13:04:03,drive_thru,,credit_card,completed
1029157,14,989,2026-06-26 13:05:35,delivery,,apple_pay,completed
1029158,14,441,2026-06-26 13:06:04,delivery,DELIVER15,gift_card,completed
1029159,15,669,2026-06-26 13:07:39,delivery,,credit_card,completed
1029160,6,890,2026-06-26 13:09:16,drive_thru,,credit_card,completed
1029161,13,1897,2026-06-26 13:09:51,delivery,,credit_card,completed
1029162,12,1912,2026-06-26 13:10:23,dine_in,,credit_card,completed
1029163,19,1365,2026-06-26 13:12:40,drive_thru,,credit_card,cancelled
1029164,7,2,2026-06-26 13:16:12,,,debit_card,completed
1029165,11,,2026-06-26 13:17:17,dine_in,,credit_card,completed
1029166,10,2284,2026-06-26 13:17:44,drive_thru,,credit_card,completed
1029167,10,2050,2026-06-26 13:17:53,delivery,DELIVER15,credit_card,completed
1029168,3,108,2026-06-26 13:18:17,dine_in,,credit_card,completed
1029169,6,1631,2026-06-26 13:20:53,drive_thru,,gift_card,completed
1029170,14,815,2026-06-26 13:21:06,takeout,,credit_card,completed
1029171,14,1915,2026-06-26 13:21:21,takeout,,credit_card,cancelled
1029172,15,2442,2026-06-26 13:22:44,takeout,,credit_card,completed
1029173,7,,2026-06-26 13:26:01,dine_in,,credit_card,completed
1029174,10,291,2026-06-26 13:26:53,dine_in,,credit_card,completed
1029175,7,,2026-06-26 13:27:25,takeout,,cash,completed
1029176,15,2094,2026-06-26 13:29:09,dine_in,,apple_pay,completed
1029177,15,281,2026-06-26 13:33:11,delivery,,debit_card,completed
1029178,14,459,2026-06-26 13:34:43,drive_thru,,debit_card,completed
1029179,12,113,2026-06-26 13:45:11,dine_in,,credit_card,completed
1029180,1,366,2026-06-26 13:47:02,takeout,,apple_pay,completed
1029181,4,1896,2026-06-26 14:03:21,delivery,DELIVER15,credit_card,completed
1029182,10,1402,2026-06-26 15:16:22,delivery,,credit_card,completed
1029183,1,375,2026-06-26 15:18:43,delivery,,credit_card,completed
1029184,4,,2026-06-26 15:34:21,dine_in,,debit_card,completed
1029185,10,464,2026-06-26 15:39:06,dine_in,,gift_card,completed
1029186,14,29,2026-06-26 15:49:10,,,debit_card,completed
1029187,18,276,2026-06-26 15:58:30,dine_in,,credit_card,completed
1029188,10,1849,2026-06-26 16:15:26,takeout,,credit_card,completed
1029189,6,,2026-06-26 16:16:14,delivery,,debit_card,completed
1029190,12,1052,2026-06-26 16:22:52,delivery,,credit_card,completed
1029191,10,,2026-06-26 16:36:40,takeout,,debit_card,completed
1029192,3,490,2026-06-26 16:44:15,takeout,,credit_card,completed
1029193,2,317,2026-06-26 16:47:58,dine_in,,cash,completed
1029194,11,,2026-06-26 16:52:34,delivery,,debit_card,completed
1029195,10,,2026-06-26 17:07:00,dine_in,,credit_card,completed
1029196,5,,2026-06-26 17:13:43,dine_in,,credit_card,completed
1029197,18,,2026-06-26 17:14:50,delivery,,credit_card,cancelled
1029198,4,416,2026-06-26 17:19:00,delivery,,credit_card,completed
1029199,14,298,2026-06-26 17:27:41,delivery,,credit_card,completed
1029200,4,1415,2026-06-26 17:30:11,delivery,,apple_pay,completed
1029201,14,1114,2026-06-26 17:32:43,drive_thru,,apple_pay,completed
1029202,17,1795,2026-06-26 17:39:21,takeout,,debit_card,completed
1029203,1,703,2026-06-26 17:47:21,delivery,,credit_card,completed
1029204,4,,2026-06-26 17:50:33,drive_thru,,cash,completed
1029205,12,,2026-06-26 17:50:37,delivery,,credit_card,completed
1029206,18,,2026-06-26 17:53:23,takeout,,cash,completed
1029207,1,2032,2026-06-26 17:53:57,takeout,,credit_card,completed
1029208,18,,06/26/2026 17:55,dine_in,,cash,completed
1029209,8,1567,2026-06-26 17:57:32,dine_in,,apple_pay,completed
1029210,20,,2026-06-26 18:06:39,delivery,,debit_card,completed
1029211,7,1305,2026-06-26 18:06:48,takeout,,credit_card,completed
1029212,19,,2026-06-26 18:08:02,dine_in,,gift_card,completed
1029213,14,1339,2026-06-26 18:10:01,delivery,DELIVER15,credit_card,completed
1029214,8,365,2026-06-26 18:14:53,dine_in,,credit_card,completed
1029215,7,,2026-06-26 18:15:02,dine_in,,cash,completed
1029216,6,1309,2026-06-26 18:18:41,dine_in,,credit_card,completed
1029217,17,1147,2026-06-26 18:20:29,dine_in,,credit_card,completed
1029218,18,1369,2026-06-26 18:21:22,delivery,,credit_card,completed
1029219,10,1058,2026-06-26 18:21:31,dine_in,,cash,completed
1029220,11,1728,2026-06-26 18:22:27,delivery,,debit_card,completed
1029221,16,973,2026-06-26 18:24:03,delivery,,credit_card,completed
1029222,18,,2026-06-26 18:24:09,takeout,,apple_pay,completed
1029223,15,1441,2026-06-26 18:27:15,takeout,,credit_card,completed
1029224,15,,2026-06-26 18:27:20,drive_thru,,debit_card,completed
1029225,19,885,2026-06-26 18:28:25,delivery,,credit_card,completed
1029226,13,566,2026-06-26 18:28:55,takeout,,credit_card,completed
1029227,6,2159,2026-06-26 18:29:22,delivery,,debit_card,completed
1029228,14,,2026-06-26 18:30:24,drive_thru,,credit_card,completed
1029229,1,2018,2026-06-26 18:30:50,takeout,,debit_card,completed
1029230,12,,2026-06-26 18:32:55,takeout,,cash,completed
1029231,16,,2026-06-26 18:35:58,dine_in,,cash,completed
1029232,2,1687,2026-06-26 18:36:11,delivery,,debit_card,completed
1029233,11,,2026-06-26 18:39:14,dine_in,,cash,completed
1029234,7,,2026-06-26 18:41:17,delivery,,credit_card,completed
1029235,17,1147,2026-06-26 18:43:16,dine_in,,credit_card,completed
1029236,6,,2026-06-26 18:43:56,delivery,,credit_card,completed
1029237,11,904,2026-06-26 18:44:24,dine_in,,gift_card,completed
1029238,2,,2026-06-26 18:44:25,delivery,DELIVER15,credit_card,completed
1029239,13,1023,06/26/2026 18:47,delivery,,apple_pay,completed
1029240,10,,2026-06-26 18:47:18,drive_thru,,cash,completed
1029241,20,1111,2026-06-26 18:48:10,dine_in,,credit_card,completed
1029242,17,,2026-06-26 18:50:05,delivery,,credit_card,completed
1029243,2,,2026-06-26 18:51:01,dine_in,,debit_card,completed
1029244,20,2339,2026-06-26 18:51:59,drive_thru,,credit_card,completed
1029245,8,,2026-06-26 18:53:15,takeout,,credit_card,cancelled
1029246,18,357,2026-06-26 18:57:32,drive_thru,,debit_card,completed
1029247,6,1992,2026-06-26 18:57:45,drive_thru,,cash,completed
1029248,7,,2026-06-26 18:59:50,takeout,,credit_card,refunded
1029249,6,24,2026-06-26 19:00:31,drive_thru,,debit_card,completed
1029250,14,,2026-06-26 19:03:09,dine_in,,credit_card,completed
1029251,20,1851,2026-06-26 19:08:49,takeout,,credit_card,completed
1029252,1,1336,2026-06-26 19:09:59,takeout,,credit_card,completed
1029253,8,1151,2026-06-26 19:10:00,delivery,,gift_card,completed
1029254,9,,2026-06-26 19:10:36,drive_thru,,apple_pay,completed
1029255,16,326,2026-06-26 19:10:52,takeout,,credit_card,completed
1029256,12,348,2026-06-26 19:13:57,dine_in,,debit_card,completed
1029257,9,1567,2026-06-26 19:16:50,takeout,,credit_card,cancelled
1029258,10,2257,2026-06-26 19:17:20,drive_thru,,apple_pay,completed
1029259,8,,2026-06-26 19:20:01,delivery,DELIVER15,debit_card,completed
1029260,5,1529,2026-06-26 19:20:57,drive_thru,,credit_card,completed
1029261,20,1585,2026-06-26 19:20:57,delivery,,debit_card,completed
1029262,14,,2026-06-26 19:23:44,delivery,,credit_card,completed
1029263,14,,2026-06-26 19:24:12,drive_thru,,apple_pay,completed
1029264,19,935,2026-06-26 19:24:34,delivery,,apple_pay,completed
1029265,19,36,2026-06-26 19:25:41,drive_thru,,credit_card,completed
1029266,8,2393,2026-06-26 19:27:03,dine_in,,credit_card,completed
1029267,1,1201,2026-06-26 19:27:18,dine_in,,apple_pay,completed
1029268,1,1081,2026-06-26 19:28:41,takeout,,credit_card,completed
1029269,15,,2026-06-26 19:29:09,takeout,,apple_pay,completed
1029270,13,473,2026-06-26 19:31:07,dine_in,,apple_pay,completed
1029271,20,1682,2026-06-26 19:31:16,drive_thru,,credit_card,completed
1029272,18,1469,2026-06-26 19:31:22,drive_thru,,credit_card,completed
1029273,17,723,2026-06-26 19:32:15,takeout,,credit_card,completed
1029274,11,208,2026-06-26 19:33:55,delivery,DELIVER15,debit_card,completed
1029275,7,,2026-06-26 19:34:14,dine_in,,apple_pay,completed
1029276,12,,2026-06-26 19:38:13,delivery,,apple_pay,completed
1029277,2,2044,2026-06-26 19:38:30,delivery,,credit_card,completed
1029278,8,645,2026-06-26 19:38:32,delivery,,credit_card,completed
1029279,15,1834,2026-06-26 19:39:40,drive_thru,,debit_card,completed
1029280,10,531,2026-06-26 19:39:51,dine_in,,credit_card,completed
1029281,6,1664,2026-06-26 19:40:01,delivery,,debit_card,completed
1029282,16,,2026-06-26 19:40:59,dine_in,,debit_card,completed
1029283,15,,2026-06-26 19:41:40,delivery,,debit_card,completed
1029284,15,,2026-06-26 19:43:56,takeout,,apple_pay,completed
1029285,13,633,2026-06-26 19:46:28,takeout,,credit_card,completed
1029286,17,,2026-06-26 19:47:11,delivery,,debit_card,completed
1029287,12,816,2026-06-26 19:47:56,dine_in,,credit_card,completed
1029288,4,,2026-06-26 19:50:08,delivery,,credit_card,completed
1029289,17,394,2026-06-26 19:50:59,delivery,,gift_card,completed
1029290,8,720,2026-06-26 19:54:12,dine_in,,credit_card,completed
1029291,19,,2026-06-26 20:01:55,dine_in,,debit_card,completed
1029292,17,259,2026-06-26 20:08:31,delivery,,credit_card,completed
1029293,7,,2026-06-26 20:13:51,dine_in,,apple_pay,completed
1029294,18,,2026-06-26 20:27:01,dine_in,,credit_card,completed
1029295,3,,2026-06-26 20:27:59,delivery,DELIVER15,gift_card,completed
1029296,12,1181,2026-06-26 20:29:33,delivery,,credit_card,completed
1029297,4,2294,2026-06-26 20:38:59,drive_thru,,credit_card,completed
1029298,7,1973,2026-06-26 20:48:38,dine_in,,apple_pay,completed
1029299,10,183,2026-06-26 20:50:01,takeout,,debit_card,refunded
1029300,18,2075,2026-06-26 20:54:52,takeout,,credit_card,completed
1029301,4,832,2026-06-26 21:28:11,,,debit_card,completed
1029302,12,316,2026-06-26 21:50:47,delivery,,apple_pay,completed
1029303,8,359,2026-06-27 10:48:21,delivery,,debit_card,completed
1029304,19,1656,2026-06-27 11:03:53,takeout,,cash,completed
1029305,6,1501,2026-06-27 11:11:12,delivery,,credit_card,completed
1029306,8,1151,2026-06-27 11:15:24,dine_in,,credit_card,completed
1029307,2,2222,2026-06-27 11:16:32,takeout,,cash,completed
1029308,15,363,2026-06-27 11:21:06,takeout,,credit_card,completed
1029309,18,1319,2026-06-27 11:24:18,dine_in,,debit_card,completed
1029310,7,2230,2026-06-27 11:24:25,dine_in,,credit_card,completed
1029311,15,1465,2026-06-27 11:24:47,takeout,,cash,completed
1029312,12,412,2026-06-27 11:29:27,dine_in,,cash,completed
1029313,20,,2026-06-27 11:33:24,drive_thru,,credit_card,completed
1029314,17,2120,2026-06-27 11:37:05,dine_in,,cash,completed
1029315,12,2168,2026-06-27 11:39:11,dine_in,,credit_card,completed
1029316,15,,2026-06-27 11:40:46,dine_in,,credit_card,cancelled
1029317,11,,2026-06-27 11:41:11,dine_in,,credit_card,completed
1029318,13,,2026-06-27 11:45:33,delivery,,debit_card,completed
1029319,6,2179,2026-06-27 11:46:47,drive_thru,,gift_card,completed
1029320,14,,2026-06-27 11:50:35,takeout,,debit_card,completed
1029321,17,1939,2026-06-27 11:52:32,takeout,,credit_card,completed
1029322,12,,2026-06-27 11:52:34,dine_in,,credit_card,completed
1029323,15,1441,2026-06-27 11:53:52,takeout,,debit_card,completed
1029324,15,398,2026-06-27 11:55:26,delivery,,credit_card,completed
1029325,20,2266,2026-06-27 11:55:27,takeout,,credit_card,completed
1029326,10,452,2026-06-27 11:56:43,drive_thru,,credit_card,completed
1029327,4,1219,2026-06-27 11:56:51,drive_thru,,credit_card,completed
1029328,20,,2026-06-27 11:59:07,dine_in,,credit_card,completed
1029329,3,503,2026-06-27 11:59:43,dine_in,,debit_card,completed
1029330,11,1602,2026-06-27 12:00:01,dine_in,,credit_card,completed
1029331,3,2314,2026-06-27 12:01:14,dine_in,,cash,completed
1029332,2,,2026-06-27 12:01:54,takeout,,cash,completed
1029333,4,1742,2026-06-27 12:02:54,dine_in,,credit_card,completed
1029334,2,1061,2026-06-27 12:03:19,delivery,,credit_card,refunded
1029335,8,,2026-06-27 12:03:33,dine_in,,debit_card,completed
1029336,4,2111,2026-06-27 12:04:39,,,debit_card,completed
1029337,14,2453,2026-06-27 12:05:05,drive_thru,,apple_pay,completed
1029338,5,,2026-06-27 12:06:49,delivery,,apple_pay,completed
1029339,16,1671,2026-06-27 12:07:00,delivery,,credit_card,completed
1029340,14,1108,2026-06-27 12:07:39,dine_in,,apple_pay,completed
1029341,10,118,2026-06-27 12:08:07,dine_in,,credit_card,completed
1029342,12,2085,2026-06-27 12:08:12,takeout,,apple_pay,completed
1029343,15,1727,2026-06-27 12:09:13,drive_thru,,apple_pay,completed
1029344,4,1176,2026-06-27 12:09:22,dine_in,,debit_card,completed
1029344,4,1176,2026-06-27 12:09:22,dine_in,,debit_card,refunded
1029345,14,2453,2026-06-27 12:09:46,dine_in,,debit_card,completed
1029346,5,,2026-06-27 12:10:09,dine_in,,credit_card,completed
1029347,13,,2026-06-27 12:10:34,delivery,,credit_card,completed
1029348,4,,2026-06-27 12:12:26,delivery,,credit_card,completed
1029349,15,,2026-06-27 12:13:31,drive_thru,,credit_card,completed
1029350,17,,2026-06-27 12:13:58,dine_in,,credit_card,cancelled
1029351,17,,2026-06-27 12:15:42,takeout,,debit_card,completed
1029352,6,1840,2026-06-27 12:15:55,delivery,,apple_pay,completed
1029353,14,997,2026-06-27 12:18:07,dine_in,,cash,completed
1029354,3,1422,2026-06-27 12:19:00,delivery,,gift_card,completed
1029355,9,228,2026-06-27 12:19:01,takeout,,credit_card,completed
1029356,4,416,2026-06-27 12:19:34,delivery,,apple_pay,completed
1029357,6,1530,2026-06-27 12:21:07,dine_in,,credit_card,completed
1029358,18,1629,06/27/2026 12:21,dine_in,,cash,completed
1029359,14,2260,2026-06-27 12:22:20,delivery,,credit_card,completed
1029360,2,2485,2026-06-27 12:22:35,dine_in,,cash,completed
1029361,8,1789,2026-06-27 12:24:05,delivery,,apple_pay,completed
1029362,4,,2026-06-27 12:24:48,takeout,,credit_card,completed
1029363,11,2387,2026-06-27 12:25:42,dine_in,,gift_card,completed
1029364,6,,2026-06-27 12:26:02,delivery,DELIVER15,credit_card,completed
1029365,1,630,2026-06-27 12:26:45,dine_in,,credit_card,completed
1029366,8,1280,2026-06-27 12:28:29,delivery,,credit_card,completed
1029367,7,,2026-06-27 12:29:08,takeout,,apple_pay,completed
1029368,20,,2026-06-27 12:29:49,delivery,,credit_card,completed
1029369,18,,2026-06-27 12:31:26,takeout,,credit_card,completed
1029370,1,,2026-06-27 12:31:36,takeout,,cash,completed
1029371,2,644,2026-06-27 12:32:10,takeout,,cash,completed
1029372,2,,2026-06-27 12:32:18,delivery,,gift_card,completed
1029373,5,1464,2026-06-27 12:32:51,delivery,,credit_card,completed
1029374,15,11,2026-06-27 12:33:48,dine_in,,debit_card,completed
1029375,11,46,2026-06-27 12:33:57,takeout,,credit_card,completed
1029376,8,2393,2026-06-27 12:34:19,dine_in,,cash,completed
1029377,11,476,2026-06-27 12:35:17,dine_in,,credit_card,completed
1029378,20,,2026-06-27 12:35:56,delivery,,credit_card,completed
1029379,2,491,2026-06-27 12:36:21,dine_in,,credit_card,cancelled
1029380,9,,2026-06-27 12:36:40,takeout,,apple_pay,completed
1029381,19,2084,2026-06-27 12:37:23,dine_in,,apple_pay,completed
1029382,19,1537,2026-06-27 12:37:34,dine_in,,credit_card,cancelled
1029383,4,262,2026-06-27 12:38:27,dine_in,,credit_card,completed
1029384,6,1510,2026-06-27 12:39:21,delivery,,apple_pay,completed
1029385,8,772,2026-06-27 12:39:39,dine_in,,gift_card,completed
1029386,12,574,2026-06-27 12:39:45,dine_in,,credit_card,completed
1029387,17,1079,2026-06-27 12:40:34,delivery,,debit_card,completed
1029388,2,2443,2026-06-27 12:41:16,dine_in,,credit_card,completed
1029389,19,112,2026-06-27 12:42:20,delivery,,credit_card,completed
1029390,8,104,2026-06-27 12:43:57,dine_in,,apple_pay,completed
1029391,7,1767,2026-06-27 12:44:52,dine_in,,credit_card,completed
1029392,2,1163,2026-06-27 12:45:22,dine_in,,cash,completed
1029393,10,1418,2026-06-27 12:45:28,drive_thru,,debit_card,completed
1029394,8,,2026-06-27 12:45:31,dine_in,,credit_card,completed
1029395,19,966,2026-06-27 12:45:48,dine_in,,credit_card,completed
1029396,4,832,2026-06-27 12:45:55,dine_in,,cash,completed
1029397,19,966,2026-06-27 12:45:58,drive_thru,,credit_card,completed
1029398,4,40,2026-06-27 12:45:59,,,credit_card,completed
1029399,1,116,2026-06-27 12:46:08,delivery,,credit_card,completed
1029400,5,624,2026-06-27 12:47:49,delivery,,credit_card,completed
1029401,12,1227,2026-06-27 12:49:02,dine_in,,credit_card,completed
1029402,7,,2026-06-27 12:49:49,dine_in,,credit_card,completed
1029403,11,550,2026-06-27 12:49:58,takeout,,credit_card,completed
1029404,12,316,06/27/2026 12:52,delivery,,credit_card,completed
1029405,19,1801,2026-06-27 12:54:22,drive_thru,,credit_card,completed
1029406,11,959,2026-06-27 12:55:34,delivery,,credit_card,completed
1029407,14,413,2026-06-27 12:57:26,drive_thru,,debit_card,completed
1029408,4,717,2026-06-27 12:57:29,delivery,DELIVER15,debit_card,completed
1029409,20,2191,2026-06-27 13:01:04,delivery,,gift_card,cancelled
1029410,11,1405,2026-06-27 13:01:18,delivery,,credit_card,completed
1029411,2,,2026-06-27 13:03:52,dine_in,,apple_pay,completed
1029412,16,,2026-06-27 13:04:24,dine_in,,credit_card,completed
1029413,12,,2026-06-27 13:04:38,dine_in,,credit_card,completed
1029414,7,146,2026-06-27 13:06:37,delivery,DELIVER15,gift_card,completed
1029415,2,2239,2026-06-27 13:08:14,takeout,,apple_pay,completed
1029416,1,2060,2026-06-27 13:09:18,dine_in,,credit_card,completed
1029417,16,439,2026-06-27 13:11:58,delivery,,credit_card,completed
1029418,20,1836,2026-06-27 13:13:48,drive_thru,,credit_card,completed
1029419,20,,2026-06-27 13:13:51,dine_in,,credit_card,completed
1029420,15,,2026-06-27 13:15:29,takeout,,credit_card,completed
1029421,16,2382,2026-06-27 13:16:55,delivery,,credit_card,completed
1029422,16,1579,2026-06-27 13:20:35,delivery,DELIVER15,credit_card,completed
1029423,8,2393,2026-06-27 13:26:44,delivery,,credit_card,completed
1029424,10,183,06/27/2026 13:29,takeout,,debit_card,completed
1029425,15,398,2026-06-27 13:32:04,delivery,,credit_card,completed
1029426,15,,2026-06-27 13:38:11,drive_thru,,cash,completed
1029427,10,452,2026-06-27 13:39:52,takeout,,debit_card,completed
1029428,4,1896,2026-06-27 13:41:40,drive_thru,,credit_card,completed
1029429,11,931,2026-06-27 13:43:45,dine_in,,credit_card,completed
1029430,18,,2026-06-27 14:16:26,delivery,DELIVER15,apple_pay,completed
1029431,10,1810,2026-06-27 14:19:59,delivery,,credit_card,completed
1029432,15,281,2026-06-27 14:23:05,dine_in,,credit_card,completed
1029433,8,457,2026-06-27 14:31:10,dine_in,,apple_pay,completed
1029433,8,457,2026-06-27 14:31:10,dine_in,,apple_pay,refunded
1029434,19,,2026-06-27 14:42:14,delivery,,debit_card,completed
1029435,7,,2026-06-27 14:45:01,takeout,,apple_pay,completed
1029436,17,1948,2026-06-27 14:50:06,delivery,,credit_card,completed
1029437,9,1532,2026-06-27 15:03:37,dine_in,,credit_card,completed
1029438,15,837,2026-06-27 15:08:55,dine_in,,credit_card,completed
1029439,12,,2026-06-27 15:12:22,delivery,DELIVER15,credit_card,completed
1029440,17,805,2026-06-27 15:12:54,dine_in,,apple_pay,completed
1029441,5,1585,2026-06-27 15:23:30,takeout,,credit_card,completed
1029442,14,,2026-06-27 15:36:54,dine_in,,debit_card,completed
1029443,10,1250,2026-06-27 15:44:43,,,credit_card,completed
1029444,15,1191,2026-06-27 16:18:48,drive_thru,,cash,completed
1029445,15,875,2026-06-27 16:38:59,delivery,,gift_card,refunded
1029446,16,2382,2026-06-27 16:48:11,delivery,,apple_pay,completed
1029447,14,1614,2026-06-27 16:56:08,drive_thru,,credit_card,completed
1029448,8,564,2026-06-27 16:58:56,dine_in,,cash,completed
1029449,8,1470,2026-06-27 17:19:09,takeout,,apple_pay,completed
1029450,17,,2026-06-27 17:26:54,takeout,,debit_card,completed
1029451,8,,2026-06-27 17:28:43,dine_in,,credit_card,completed
1029452,16,,2026-06-27 17:31:39,dine_in,,cash,completed
1029453,8,1327,2026-06-27 17:34:38,delivery,,debit_card,completed
1029454,8,2225,2026-06-27 17:35:26,takeout,,credit_card,completed
1029455,7,107,2026-06-27 17:38:18,delivery,,credit_card,completed
1029456,19,647,2026-06-27 17:38:43,drive_thru,,credit_card,completed
1029457,16,,2026-06-27 17:41:27,delivery,DELIVER15,credit_card,completed
1029458,19,1352,2026-06-27 17:45:04,dine_in,,apple_pay,completed
1029459,19,2357,2026-06-27 17:45:45,delivery,,debit_card,completed
1029460,1,,2026-06-27 17:49:43,dine_in,,debit_card,completed
1029461,11,,2026-06-27 17:49:44,dine_in,,apple_pay,completed
1029462,7,1243,2026-06-27 17:55:01,dine_in,,debit_card,completed
1029463,9,1658,2026-06-27 17:55:32,dine_in,,credit_card,completed
1029464,11,,2026-06-27 17:58:27,takeout,,credit_card,completed
1029465,3,,2026-06-27 18:02:12,dine_in,,credit_card,completed
1029466,18,,2026-06-27 18:02:47,delivery,,credit_card,completed
1029467,13,566,2026-06-27 18:03:29,delivery,,debit_card,completed
1029468,2,1113,2026-06-27 18:11:59,dine_in,,credit_card,completed
1029469,8,1484,2026-06-27 18:13:55,delivery,,debit_card,completed
1029470,13,1911,2026-06-27 18:14:43,dine_in,,credit_card,completed
1029471,6,,2026-06-27 18:15:24,drive_thru,,credit_card,completed
1029472,18,796,2026-06-27 18:16:28,delivery,,debit_card,completed
1029473,19,2182,2026-06-27 18:17:35,dine_in,,apple_pay,completed
1029474,6,921,2026-06-27 18:17:57,drive_thru,,apple_pay,completed
1029475,4,2402,2026-06-27 18:19:09,delivery,,credit_card,completed
1029476,2,1436,2026-06-27 18:20:05,dine_in,,credit_card,completed
1029477,10,2284,2026-06-27 18:21:38,delivery,,credit_card,completed
1029478,13,,2026-06-27 18:22:29,delivery,,debit_card,completed
1029479,19,2017,2026-06-27 18:26:22,dine_in,,cash,cancelled
1029480,8,2157,2026-06-27 18:29:03,dine_in,,credit_card,completed
1029481,16,1078,06/27/2026 18:29,dine_in,,cash,completed
1029482,19,543,06/27/2026 18:30,delivery,DELIVER15,credit_card,completed
1029483,3,795,2026-06-27 18:30:36,dine_in,,credit_card,completed
1029484,20,2291,2026-06-27 18:30:37,delivery,,credit_card,completed
1029485,10,1454,2026-06-27 18:32:32,drive_thru,,credit_card,completed
1029486,12,842,2026-06-27 18:32:49,delivery,,debit_card,completed
1029487,4,,2026-06-27 18:33:05,delivery,DELIVER15,apple_pay,completed
1029488,19,2281,2026-06-27 18:33:35,delivery,,credit_card,completed
1029489,11,304,2026-06-27 18:35:19,drive_thru,,credit_card,completed
1029490,7,,2026-06-27 18:35:22,dine_in,,cash,completed
1029491,12,1841,2026-06-27 18:35:22,dine_in,,gift_card,completed
1029492,2,1471,2026-06-27 18:36:07,delivery,,credit_card,completed
1029493,2,1471,2026-06-27 18:38:04,delivery,,credit_card,completed
1029494,14,,2026-06-27 18:40:52,delivery,,credit_card,completed
1029495,14,855,2026-06-27 18:41:04,takeout,,apple_pay,completed
1029496,10,931,2026-06-27 18:41:37,dine_in,,apple_pay,completed
1029497,10,719,2026-06-27 18:42:09,drive_thru,,cash,completed
1029498,2,1374,2026-06-27 18:42:21,dine_in,,debit_card,completed
1029499,16,970,2026-06-27 18:42:57,takeout,,cash,completed
1029500,1,1821,2026-06-27 18:44:14,dine_in,,apple_pay,completed
1029501,10,628,2026-06-27 18:44:31,dine_in,,credit_card,completed
1029502,3,,2026-06-27 18:45:57,takeout,,cash,completed
1029503,13,,2026-06-27 18:47:00,takeout,,debit_card,completed
1029504,8,,2026-06-27 18:47:49,takeout,,apple_pay,completed
1029505,6,,2026-06-27 18:50:15,takeout,,cash,completed
1029506,12,,2026-06-27 18:50:16,delivery,,credit_card,completed
1029507,14,,2026-06-27 18:50:28,delivery,,apple_pay,completed
1029508,7,256,2026-06-27 18:50:53,dine_in,,credit_card,completed
1029509,9,2005,2026-06-27 18:51:04,takeout,,gift_card,completed
1029510,13,,2026-06-27 18:52:21,takeout,,credit_card,completed
1029511,8,2105,2026-06-27 18:52:46,dine_in,,credit_card,completed
1029512,7,2035,2026-06-27 18:53:06,dine_in,,cash,completed
1029513,4,2378,2026-06-27 18:53:14,delivery,,credit_card,completed
1029514,16,1557,2026-06-27 18:55:11,delivery,,credit_card,completed
1029515,7,,2026-06-27 18:55:26,takeout,,cash,completed
1029516,7,614,2026-06-27 18:56:32,delivery,DELIVER15,debit_card,completed
1029517,8,,2026-06-27 18:59:17,takeout,,cash,completed
1029518,1,1840,2026-06-27 18:59:24,dine_in,,debit_card,completed
1029519,15,1028,2026-06-27 18:59:43,drive_thru,,credit_card,completed
1029520,6,,2026-06-27 19:00:04,delivery,DELIVER15,credit_card,completed
1029521,3,2197,2026-06-27 19:01:58,takeout,,debit_card,completed
1029522,1,2456,2026-06-27 19:03:19,dine_in,,credit_card,completed
1029523,5,,2026-06-27 19:03:26,delivery,,debit_card,completed
1029524,13,,2026-06-27 19:03:32,dine_in,,apple_pay,completed
1029525,13,2210,2026-06-27 19:03:32,dine_in,,gift_card,cancelled
1029526,19,657,2026-06-27 19:03:37,delivery,,credit_card,completed
1029527,12,,2026-06-27 19:06:41,dine_in,,credit_card,completed
1029528,14,,2026-06-27 19:06:43,dine_in,,credit_card,completed
1029529,1,,2026-06-27 19:06:59,dine_in,,debit_card,completed
1029530,10,,2026-06-27 19:08:41,takeout,,cash,completed
1029531,2,2304,2026-06-27 19:10:04,delivery,DELIVER15,credit_card,completed
1029532,9,,2026-06-27 19:10:05,drive_thru,,credit_card,completed
1029532,9,,2026-06-27 19:10:05,drive_thru,,credit_card,refunded
1029533,7,,2026-06-27 19:11:33,dine_in,,credit_card,completed
1029534,10,1807,2026-06-27 19:12:48,drive_thru,,credit_card,completed
1029535,2,2109,2026-06-27 19:13:01,dine_in,,credit_card,completed
1029536,5,,2026-06-27 19:13:09,delivery,,debit_card,completed
1029537,16,2161,2026-06-27 19:13:13,dine_in,,apple_pay,completed
1029538,8,2105,2026-06-27 19:13:35,delivery,,credit_card,completed
1029539,14,1990,2026-06-27 19:14:33,delivery,,credit_card,completed
1029540,15,1885,2026-06-27 19:15:41,takeout,,apple_pay,completed
1029541,14,1505,2026-06-27 19:16:59,delivery,,apple_pay,completed
1029542,14,2069,2026-06-27 19:18:22,takeout,,apple_pay,completed
1029543,2,2015,2026-06-27 19:18:31,,,credit_card,completed
1029544,19,150,2026-06-27 19:18:36,dine_in,,credit_card,completed
1029545,6,2392,2026-06-27 19:20:27,delivery,,credit_card,completed
1029546,15,,2026-06-27 19:20:33,drive_thru,,credit_card,completed
1029547,15,2383,2026-06-27 19:21:37,delivery,,apple_pay,completed
1029548,1,2140,2026-06-27 19:21:46,dine_in,,credit_card,completed
1029549,10,,2026-06-27 19:23:19,delivery,,credit_card,completed
1029550,9,,2026-06-27 19:23:48,delivery,,credit_card,completed
1029551,10,296,2026-06-27 19:24:46,delivery,,debit_card,completed
1029552,11,,2026-06-27 19:27:44,delivery,,apple_pay,completed
1029553,12,,2026-06-27 19:29:28,dine_in,,cash,completed
1029554,5,1905,2026-06-27 19:29:59,drive_thru,,debit_card,completed
1029555,12,1698,2026-06-27 19:30:08,takeout,,debit_card,completed
1029556,12,,2026-06-27 19:31:47,delivery,,credit_card,completed
1029557,7,,2026-06-27 19:33:56,delivery,DELIVER15,credit_card,completed
1029558,8,1253,2026-06-27 19:35:10,delivery,,debit_card,completed
1029559,13,,2026-06-27 19:35:15,dine_in,,apple_pay,completed
1029560,14,1908,2026-06-27 19:35:16,takeout,,credit_card,completed
1029561,7,107,2026-06-27 19:35:41,delivery,,apple_pay,completed
1029562,13,,2026-06-27 19:36:02,dine_in,,credit_card,completed
1029563,1,2003,2026-06-27 19:36:13,delivery,,debit_card,completed
1029564,4,865,2026-06-27 19:36:58,delivery,,credit_card,completed
1029565,11,2028,2026-06-27 19:38:04,takeout,,credit_card,completed
1029566,2,1408,2026-06-27 19:43:28,dine_in,,credit_card,completed
1029567,6,882,2026-06-27 19:45:28,drive_thru,,debit_card,completed
1029568,10,2284,2026-06-27 19:46:01,dine_in,,debit_card,completed
1029569,6,56,2026-06-27 19:47:33,delivery,DELIVER15,credit_card,completed
1029570,6,2152,2026-06-27 19:48:20,drive_thru,,credit_card,completed
1029571,8,2157,2026-06-27 19:48:29,dine_in,,cash,completed
1029572,8,857,2026-06-27 19:50:07,dine_in,,apple_pay,completed
1029573,7,,2026-06-27 19:53:44,dine_in,,cash,completed
1029574,3,2082,2026-06-27 19:54:39,dine_in,,apple_pay,completed
1029575,16,,2026-06-27 20:00:05,dine_in,,credit_card,completed
1029576,1,1891,2026-06-27 20:00:42,dine_in,,apple_pay,completed
1029577,11,,2026-06-27 20:01:41,dine_in,,credit_card,completed
1029578,20,681,2026-06-27 20:01:41,takeout,,cash,completed
1029579,14,1675,2026-06-27 20:01:54,takeout,,credit_card,completed
1029580,20,,2026-06-27 20:03:29,drive_thru,,credit_card,completed
1029581,6,803,2026-06-27 20:03:42,dine_in,,debit_card,completed
1029582,6,,2026-06-27 20:03:52,dine_in,,cash,completed
1029583,17,,2026-06-27 20:03:57,delivery,,gift_card,completed
1029584,18,,2026-06-27 20:05:17,drive_thru,,debit_card,completed
1029585,20,1747,2026-06-27 20:06:35,drive_thru,,debit_card,completed
1029586,8,,2026-06-27 20:08:30,takeout,,credit_card,completed
1029587,13,,2026-06-27 20:12:34,delivery,,credit_card,completed
1029588,2,1408,2026-06-27 20:13:19,dine_in,,debit_card,completed
1029589,19,,2026-06-27 20:20:08,delivery,,credit_card,completed
1029590,3,2356,2026-06-27 20:22:16,dine_in,,cash,completed
1029591,13,,2026-06-27 20:32:32,dine_in,,credit_card,completed
1029592,4,671,2026-06-27 20:47:05,dine_in,,debit_card,completed
1029593,11,940,2026-06-27 20:49:19,drive_thru,,credit_card,completed
1029594,14,,2026-06-27 20:56:37,dine_in,,cash,completed
1029595,2,2208,2026-06-27 21:04:14,delivery,DELIVER15,apple_pay,completed
1029596,3,,2026-06-27 21:14:50,takeout,,credit_card,completed
1029597,8,1594,2026-06-27 21:24:27,delivery,DELIVER15,credit_card,completed
1029598,6,877,2026-06-27 21:30:42,drive_thru,,credit_card,completed
1029599,8,,2026-06-27 21:32:34,delivery,,credit_card,completed
1029600,18,962,2026-06-27 21:49:57,delivery,,credit_card,cancelled
1029601,7,2263,2026-06-28 10:46:37,dine_in,,debit_card,completed
1029602,8,1789,2026-06-28 11:03:03,dine_in,,apple_pay,completed
1029603,12,1052,2026-06-28 11:10:47,delivery,,gift_card,completed
1029604,18,,2026-06-28 11:15:32,drive_thru,,credit_card,cancelled
1029605,8,1688,2026-06-28 11:16:14,takeout,,debit_card,completed
1029606,13,,2026-06-28 11:24:23,delivery,,credit_card,completed
1029607,14,2249,2026-06-28 11:26:00,takeout,,debit_card,completed
1029608,8,866,2026-06-28 11:30:01,takeout,,debit_card,completed
1029609,17,1961,2026-06-28 11:30:16,dine_in,,debit_card,completed
1029610,14,1657,2026-06-28 11:30:27,drive_thru,,debit_card,completed
1029611,15,,2026-06-28 11:32:39,delivery,DELIVER15,apple_pay,completed
1029612,4,2423,2026-06-28 11:39:29,dine_in,,cash,completed
1029613,12,,2026-06-28 11:42:21,takeout,,cash,completed
1029614,11,2394,2026-06-28 11:48:10,delivery,,debit_card,completed
1029615,15,280,2026-06-28 11:50:44,delivery,DELIVER15,debit_card,completed
1029616,9,2231,2026-06-28 11:52:18,drive_thru,,debit_card,completed
1029617,7,690,2026-06-28 11:54:28,dine_in,,cash,completed
1029618,4,,2026-06-28 11:58:01,takeout,,debit_card,completed
1029619,6,,2026-06-28 11:58:01,drive_thru,,cash,completed
1029620,6,,2026-06-28 11:58:36,drive_thru,,credit_card,completed
1029621,16,2176,2026-06-28 11:58:40,dine_in,,cash,completed
1029622,1,1025,2026-06-28 11:59:36,dine_in,,apple_pay,completed
1029623,17,520,2026-06-28 12:02:04,dine_in,,credit_card,completed
1029624,7,,2026-06-28 12:04:12,takeout,,apple_pay,completed
1029625,9,990,2026-06-28 12:04:35,dine_in,,credit_card,completed
1029626,8,2240,2026-06-28 12:05:34,delivery,DELIVER15,credit_card,completed
1029627,3,,2026-06-28 12:05:51,takeout,,credit_card,completed
1029628,6,2101,2026-06-28 12:07:31,takeout,,credit_card,completed
1029629,8,,2026-06-28 12:07:34,delivery,DELIVER15,debit_card,completed
1029630,16,962,2026-06-28 12:10:21,delivery,,credit_card,completed
1029631,20,,2026-06-28 12:10:45,delivery,,credit_card,completed
1029632,16,2336,2026-06-28 12:11:11,dine_in,,cash,completed
1029633,5,,2026-06-28 12:12:44,drive_thru,,credit_card,completed
1029634,12,473,2026-06-28 12:13:54,delivery,,credit_card,completed
1029635,3,2039,2026-06-28 12:14:12,delivery,,credit_card,completed
1029636,15,,2026-06-28 12:15:25,delivery,DELIVER15,credit_card,completed
1029637,2,2196,06/28/2026 12:15,delivery,,credit_card,completed
1029638,11,145,2026-06-28 12:16:42,dine_in,,credit_card,completed
1029639,10,202,2026-06-28 12:16:50,dine_in,,credit_card,completed
1029640,19,1292,2026-06-28 12:17:04,dine_in,,apple_pay,completed
1029641,17,,2026-06-28 12:18:20,takeout,,credit_card,completed
1029642,15,,2026-06-28 12:20:13,dine_in,,debit_card,completed
1029643,9,1667,2026-06-28 12:20:52,delivery,,credit_card,completed
1029644,12,,2026-06-28 12:21:36,delivery,,apple_pay,completed
1029645,6,,2026-06-28 12:21:53,drive_thru,,cash,completed
1029646,9,,2026-06-28 12:22:51,delivery,,debit_card,completed
1029647,4,,2026-06-28 12:24:19,takeout,,debit_card,completed
1029648,6,,2026-06-28 12:28:38,delivery,DELIVER15,credit_card,completed
1029649,17,,2026-06-28 12:29:04,delivery,,apple_pay,completed
1029650,15,,2026-06-28 12:30:45,dine_in,,apple_pay,completed
1029651,13,2345,2026-06-28 12:32:24,dine_in,,credit_card,completed
1029652,18,1659,2026-06-28 12:34:13,drive_thru,,apple_pay,completed
1029653,11,,2026-06-28 12:36:08,dine_in,,cash,completed
1029654,10,302,2026-06-28 12:36:33,drive_thru,,cash,completed
1029655,2,2404,2026-06-28 12:37:01,delivery,,apple_pay,completed
1029656,6,,2026-06-28 12:40:19,delivery,,credit_card,completed
1029657,9,982,2026-06-28 12:41:00,takeout,,cash,completed
1029658,13,,2026-06-28 12:41:43,dine_in,,credit_card,completed
1029659,10,1323,2026-06-28 12:41:48,dine_in,,credit_card,completed
1029660,1,615,2026-06-28 12:42:57,delivery,,apple_pay,completed
1029661,15,1028,2026-06-28 12:45:18,takeout,,apple_pay,completed
1029662,7,,2026-06-28 12:45:39,takeout,,apple_pay,completed
1029663,18,,2026-06-28 12:50:22,dine_in,,apple_pay,completed
1029664,6,2097,2026-06-28 12:51:02,dine_in,,cash,completed
1029665,17,,2026-06-28 12:53:20,dine_in,,debit_card,completed
1029666,3,1491,2026-06-28 12:56:22,dine_in,,gift_card,completed
1029667,17,2120,2026-06-28 13:00:00,takeout,,credit_card,completed
1029668,2,,2026-06-28 13:00:45,dine_in,,apple_pay,completed
1029669,15,,2026-06-28 13:01:11,takeout,,credit_card,refunded
1029670,18,675,2026-06-28 13:02:30,dine_in,,credit_card,completed
1029671,4,,2026-06-28 13:04:28,dine_in,,apple_pay,completed
1029672,7,1158,2026-06-28 13:05:11,takeout,,apple_pay,completed
1029673,13,,2026-06-28 13:08:55,delivery,,gift_card,completed
1029674,18,2147,2026-06-28 13:09:24,takeout,,gift_card,cancelled
1029675,7,,2026-06-28 13:11:28,dine_in,,credit_card,completed
1029676,13,,2026-06-28 13:12:48,,,apple_pay,completed
1029677,19,1394,2026-06-28 13:15:27,takeout,,credit_card,completed
1029678,1,2077,2026-06-28 13:18:08,dine_in,,apple_pay,completed
1029679,1,721,2026-06-28 13:20:14,takeout,,debit_card,completed
1029680,3,1087,2026-06-28 13:23:39,dine_in,,gift_card,completed
1029681,7,2030,2026-06-28 13:35:28,takeout,,cash,completed
1029682,5,926,2026-06-28 13:44:47,delivery,DELIVER15,credit_card,completed
1029683,16,,2026-06-28 13:52:20,takeout,,apple_pay,completed
1029684,8,667,2026-06-28 13:54:49,dine_in,,apple_pay,completed
1029685,18,150,2026-06-28 13:58:16,drive_thru,,debit_card,completed
1029686,1,1138,2026-06-28 14:22:47,dine_in,,apple_pay,completed
1029687,13,,2026-06-28 14:28:29,delivery,DELIVER15,debit_card,completed
1029688,1,431,2026-06-28 14:28:46,dine_in,,credit_card,completed
1029689,6,151,2026-06-28 14:29:32,dine_in,,credit_card,completed
1029690,4,,2026-06-28 14:44:22,drive_thru,,credit_card,completed
1029691,3,1097,2026-06-28 14:47:04,takeout,,debit_card,completed
1029692,4,1927,2026-06-28 14:56:44,delivery,DELIVER15,credit_card,completed
1029693,11,,2026-06-28 15:02:00,delivery,DELIVER15,debit_card,completed
1029694,10,1901,2026-06-28 15:07:20,dine_in,,cash,completed
1029695,20,437,2026-06-28 15:16:59,dine_in,,cash,completed
1029696,14,,2026-06-28 15:41:25,dine_in,,apple_pay,completed
1029697,16,,2026-06-28 15:45:24,dine_in,,credit_card,completed
1029698,17,,2026-06-28 16:12:31,dine_in,,credit_card,completed
1029699,9,689,2026-06-28 16:54:56,dine_in,,credit_card,completed
1029700,11,823,2026-06-28 16:58:07,drive_thru,,cash,completed
1029701,8,287,2026-06-28 17:06:21,takeout,,debit_card,completed
1029702,10,15,2026-06-28 17:08:59,drive_thru,,cash,completed
1029703,16,,2026-06-28 17:19:43,delivery,DELIVER15,credit_card,completed
1029703,16,,2026-06-28 17:19:43,delivery,DELIVER15,credit_card,refunded
1029704,18,1893,2026-06-28 17:50:44,delivery,,debit_card,completed
1029705,15,1793,2026-06-28 17:51:19,delivery,DELIVER15,credit_card,completed
1029706,12,1943,2026-06-28 17:52:26,delivery,,credit_card,completed
1029707,3,1330,2026-06-28 17:56:53,delivery,,apple_pay,completed
1029708,2,,2026-06-28 18:00:07,takeout,,credit_card,refunded
1029709,18,1708,2026-06-28 18:01:23,dine_in,,credit_card,completed
1029710,11,1849,2026-06-28 18:01:48,delivery,,credit_card,completed
1029711,18,2237,2026-06-28 18:02:43,dine_in,,debit_card,completed
1029712,3,,2026-06-28 18:07:25,dine_in,,credit_card,completed
1029713,12,2366,2026-06-28 18:18:04,delivery,DELIVER15,debit_card,completed
1029714,1,2032,2026-06-28 18:18:57,dine_in,,credit_card,completed
1029715,3,,2026-06-28 18:19:59,dine_in,,credit_card,completed
1029716,16,,2026-06-28 18:20:34,dine_in,,cash,completed
1029717,1,852,2026-06-28 18:21:29,dine_in,,apple_pay,completed
1029718,2,1816,2026-06-28 18:23:50,delivery,,credit_card,completed
1029719,7,,2026-06-28 18:24:01,delivery,,credit_card,completed
1029720,19,1498,2026-06-28 18:24:55,dine_in,,debit_card,completed
1029721,14,2187,2026-06-28 18:24:59,dine_in,,credit_card,completed
1029722,2,1806,2026-06-28 18:27:30,takeout,,gift_card,completed
1029723,8,466,2026-06-28 18:27:51,takeout,,gift_card,refunded
1029724,19,,2026-06-28 18:28:25,drive_thru,,credit_card,completed
1029725,15,1283,2026-06-28 18:29:10,dine_in,,credit_card,completed
1029726,12,1918,2026-06-28 18:29:20,delivery,,credit_card,completed
1029727,16,,2026-06-28 18:29:38,dine_in,,debit_card,completed
1029727,16,,2026-06-28 18:29:38,dine_in,,debit_card,completed
1029728,11,,2026-06-28 18:35:00,delivery,,credit_card,completed
1029729,13,,2026-06-28 18:35:55,takeout,,apple_pay,completed
1029730,13,1341,2026-06-28 18:41:43,takeout,,cash,cancelled
1029731,8,,2026-06-28 18:41:55,dine_in,,apple_pay,completed
1029732,8,1307,2026-06-28 18:45:29,dine_in,,credit_card,completed
1029733,3,1665,2026-06-28 18:45:47,delivery,,apple_pay,completed
1029734,5,,2026-06-28 18:46:55,takeout,,credit_card,completed
1029735,20,1970,2026-06-28 18:48:44,drive_thru,,apple_pay,completed
1029736,7,773,2026-06-28 18:48:59,takeout,,cash,completed
1029737,3,1102,2026-06-28 18:49:25,dine_in,,credit_card,completed
1029738,12,,2026-06-28 18:50:57,dine_in,,credit_card,completed
1029739,14,1283,2026-06-28 18:51:30,dine_in,,gift_card,completed
1029740,20,,2026-06-28 18:56:41,dine_in,,credit_card,completed
1029741,14,,2026-06-28 18:57:15,drive_thru,,credit_card,completed
1029742,19,,2026-06-28 19:00:12,delivery,,credit_card,completed
1029743,9,1171,2026-06-28 19:02:05,delivery,,credit_card,completed
1029744,15,,2026-06-28 19:02:09,delivery,,credit_card,completed
1029745,7,773,2026-06-28 19:05:06,takeout,,debit_card,completed
1029746,5,2362,2026-06-28 19:05:55,drive_thru,,credit_card,completed
1029747,13,,2026-06-28 19:07:28,dine_in,,cash,completed
1029748,16,,2026-06-28 19:07:44,delivery,,apple_pay,completed
1029749,20,2037,2026-06-28 19:08:35,delivery,,credit_card,completed
1029750,10,,2026-06-28 19:13:39,delivery,,credit_card,completed
1029751,17,2198,2026-06-28 19:14:38,dine_in,,debit_card,completed
1029752,16,,2026-06-28 19:15:52,dine_in,,cash,completed
1029753,3,616,2026-06-28 19:18:44,takeout,,cash,completed
1029754,15,,2026-06-28 19:19:07,delivery,,apple_pay,completed
1029755,15,,2026-06-28 19:19:49,dine_in,,cash,refunded
1029756,1,2098,2026-06-28 19:20:31,dine_in,,debit_card,completed
1029757,2,1021,2026-06-28 19:22:10,dine_in,,credit_card,completed
1029758,6,,2026-06-28 19:22:26,delivery,DELIVER15,credit_card,completed
1029759,10,701,2026-06-28 19:24:50,drive_thru,,gift_card,completed
1029760,2,1572,2026-06-28 19:25:41,takeout,,credit_card,completed
1029761,13,1785,2026-06-28 19:28:27,takeout,,apple_pay,completed
1029762,12,,2026-06-28 19:28:45,dine_in,,apple_pay,completed
1029763,7,2389,2026-06-28 19:37:09,takeout,,cash,completed
1029764,4,950,2026-06-28 19:39:52,takeout,,credit_card,completed
1029765,7,,06/28/2026 19:40,takeout,,credit_card,completed
1029766,8,2393,2026-06-28 19:40:50,delivery,,apple_pay,completed
1029767,5,1159,2026-06-28 19:43:28,dine_in,,credit_card,completed
1029768,10,,2026-06-28 19:48:49,delivery,,debit_card,completed
1029769,3,343,2026-06-28 19:49:15,delivery,,gift_card,completed
1029770,7,2013,2026-06-28 19:52:11,takeout,,credit_card,completed
1029771,1,251,2026-06-28 19:58:54,dine_in,,credit_card,completed
1029772,4,,2026-06-28 20:03:37,takeout,,credit_card,completed
1029773,12,115,2026-06-28 20:05:28,takeout,,gift_card,completed
1029774,12,,2026-06-28 20:09:59,dine_in,,credit_card,completed
1029775,6,537,2026-06-28 20:19:03,dine_in,,apple_pay,completed
1029776,13,,2026-06-28 20:23:00,dine_in,,cash,completed
1029777,20,,2026-06-28 20:25:34,takeout,,credit_card,completed
1029778,14,,2026-06-28 20:27:56,delivery,DELIVER15,gift_card,completed
1029779,7,,2026-06-28 20:28:28,takeout,,gift_card,completed
1029780,15,1086,2026-06-28 20:36:01,dine_in,,credit_card,completed
1029781,17,,06/28/2026 20:37,delivery,,gift_card,completed
1029782,15,1752,2026-06-28 20:41:10,delivery,DELIVER15,credit_card,cancelled
1029783,7,,2026-06-28 21:10:22,dine_in,,debit_card,completed
1029784,12,,2026-06-28 21:47:58,dine_in,,debit_card,completed
1029785,12,298,2026-06-28 21:58:29,takeout,,debit_card,completed
1029786,1,,2026-06-29 10:37:17,dine_in,,apple_pay,completed
1029787,7,1017,2026-06-29 10:41:19,takeout,,cash,completed
1029788,19,273,2026-06-29 11:15:57,delivery,,credit_card,completed
1029789,8,640,2026-06-29 11:19:16,dine_in,,cash,completed
1029790,7,598,2026-06-29 11:27:04,dine_in,,apple_pay,completed
1029791,19,80,2026-06-29 11:34:15,drive_thru,,credit_card,completed
1029792,10,,2026-06-29 11:38:34,delivery,,credit_card,completed
1029793,8,59,2026-06-29 11:44:20,takeout,,apple_pay,completed
1029794,14,67,2026-06-29 11:54:04,drive_thru,,credit_card,completed
1029795,7,1268,2026-06-29 11:56:09,delivery,,credit_card,completed
1029796,16,,2026-06-29 11:59:10,takeout,,credit_card,completed
1029797,3,,2026-06-29 11:59:41,takeout,,credit_card,completed
1029798,17,275,2026-06-29 11:59:47,dine_in,,credit_card,completed
1029799,6,1632,2026-06-29 12:08:28,dine_in,,apple_pay,completed
1029800,6,2222,2026-06-29 12:10:07,delivery,,debit_card,completed
1029801,19,1203,2026-06-29 12:12:25,takeout,,credit_card,completed
1029802,15,814,2026-06-29 12:14:01,delivery,,gift_card,completed
1029803,6,2439,2026-06-29 12:14:08,drive_thru,,cash,completed
1029803,6,2439,2026-06-29 12:14:08,drive_thru,,cash,refunded
1029804,6,1309,2026-06-29 12:15:59,dine_in,,credit_card,refunded
1029805,10,1729,2026-06-29 12:17:14,dine_in,,credit_card,completed
1029806,8,2466,2026-06-29 12:19:59,takeout,,cash,completed
1029807,17,,2026-06-29 12:20:24,dine_in,,credit_card,completed
1029808,19,,2026-06-29 12:24:20,drive_thru,,cash,completed
1029809,12,,2026-06-29 12:25:38,dine_in,,credit_card,completed
1029810,9,2491,2026-06-29 12:30:48,delivery,,credit_card,completed
1029811,15,1409,2026-06-29 12:31:06,dine_in,,apple_pay,completed
1029812,13,1072,2026-06-29 12:31:52,delivery,,credit_card,completed
1029813,13,1940,2026-06-29 12:36:43,delivery,,credit_card,completed
1029814,18,377,2026-06-29 12:37:08,delivery,DELIVER15,credit_card,completed
1029815,15,,2026-06-29 12:38:49,drive_thru,,credit_card,completed
1029816,8,451,2026-06-29 12:39:01,dine_in,,apple_pay,completed
1029817,5,1776,2026-06-29 12:39:43,delivery,,credit_card,completed
1029818,2,853,2026-06-29 12:42:43,takeout,,apple_pay,completed
1029819,5,1186,2026-06-29 12:43:01,dine_in,,debit_card,completed
1029820,20,,2026-06-29 12:43:39,takeout,,gift_card,completed
1029821,8,2035,2026-06-29 12:45:25,dine_in,,apple_pay,completed
1029822,9,,2026-06-29 12:46:20,delivery,,credit_card,completed
1029823,13,,2026-06-29 12:47:47,takeout,,credit_card,completed
1029824,11,550,2026-06-29 12:48:29,dine_in,,credit_card,refunded
1029825,14,815,2026-06-29 12:51:31,dine_in,,debit_card,completed
1029826,12,,2026-06-29 12:52:28,dine_in,,credit_card,completed
1029827,2,1572,2026-06-29 12:54:49,takeout,,cash,completed
1029828,15,,2026-06-29 12:55:06,delivery,,apple_pay,completed
1029829,19,154,2026-06-29 12:58:26,dine_in,,gift_card,completed
1029830,5,,2026-06-29 13:02:55,delivery,DELIVER15,debit_card,completed
1029831,2,,2026-06-29 13:07:11,dine_in,,credit_card,completed
1029832,2,2443,2026-06-29 13:12:03,dine_in,,credit_card,completed
1029833,12,,2026-06-29 13:17:03,takeout,,credit_card,completed
1029834,15,,2026-06-29 13:28:35,dine_in,,debit_card,completed
1029835,8,1692,2026-06-29 13:31:54,dine_in,,cash,completed
1029836,10,2231,2026-06-29 13:37:43,takeout,,cash,completed
1029837,6,1033,2026-06-29 13:39:36,delivery,,debit_card,completed
1029838,1,32,2026-06-29 14:00:02,dine_in,,debit_card,completed
1029839,4,2486,2026-06-29 14:19:51,dine_in,,credit_card,completed
1029840,8,,2026-06-29 14:21:20,takeout,,credit_card,completed
1029841,14,,2026-06-29 14:32:30,drive_thru,,debit_card,completed
1029842,12,214,2026-06-29 14:35:27,delivery,,debit_card,completed
1029843,15,412,2026-06-29 15:10:15,drive_thru,,debit_card,cancelled
1029844,17,,2026-06-29 15:10:50,dine_in,,credit_card,completed
1029845,6,,2026-06-29 15:32:11,delivery,,credit_card,completed
1029846,1,,2026-06-29 15:37:56,delivery,,credit_card,completed
1029847,10,2284,2026-06-29 15:41:54,dine_in,,apple_pay,completed
1029848,8,,2026-06-29 16:11:56,dine_in,,credit_card,completed
1029849,3,282,2026-06-29 16:34:11,takeout,,debit_card,completed
1029850,6,1113,06/29/2026 16:39,drive_thru,,debit_card,completed
1029851,12,1885,2026-06-29 17:10:10,takeout,,credit_card,completed
1029852,6,1690,2026-06-29 17:26:06,delivery,,debit_card,completed
1029853,4,2308,2026-06-29 17:36:55,takeout,,credit_card,completed
1029854,2,2320,2026-06-29 17:45:59,delivery,,credit_card,completed
1029855,19,,2026-06-29 17:50:34,dine_in,,debit_card,completed
1029856,17,,2026-06-29 17:56:35,delivery,,credit_card,completed
1029857,15,,06/29/2026 17:58,drive_thru,,debit_card,completed
1029858,8,230,2026-06-29 18:08:31,delivery,,debit_card,completed
1029859,17,,2026-06-29 18:12:06,delivery,,credit_card,completed
1029860,18,1544,2026-06-29 18:12:07,dine_in,,credit_card,completed
1029861,19,2161,2026-06-29 18:14:50,delivery,,debit_card,completed
1029862,9,73,2026-06-29 18:15:34,dine_in,,credit_card,completed
1029863,1,,2026-06-29 18:18:46,dine_in,,credit_card,completed
1029864,3,,2026-06-29 18:22:47,dine_in,,credit_card,completed
1029865,13,,06/29/2026 18:23,delivery,,debit_card,completed
1029866,3,1217,2026-06-29 18:25:30,takeout,,debit_card,cancelled
1029867,4,155,2026-06-29 18:27:44,drive_thru,,cash,completed
1029868,2,66,2026-06-29 18:27:53,dine_in,,debit_card,completed
1029869,20,84,2026-06-29 18:30:07,delivery,,credit_card,completed
1029870,13,,2026-06-29 18:34:37,delivery,,apple_pay,completed
1029871,18,684,2026-06-29 18:35:21,delivery,,apple_pay,completed
1029872,17,1638,2026-06-29 18:36:01,delivery,DELIVER15,credit_card,completed
1029873,13,,2026-06-29 18:36:57,dine_in,,apple_pay,completed
1029874,10,820,2026-06-29 18:37:37,dine_in,,debit_card,completed
1029875,9,1811,2026-06-29 18:38:54,dine_in,,apple_pay,completed
1029876,15,347,2026-06-29 18:39:26,drive_thru,,credit_card,completed
1029877,6,921,2026-06-29 18:41:00,dine_in,,cash,completed
1029878,14,459,2026-06-29 18:42:43,takeout,,credit_card,completed
1029879,7,1275,2026-06-29 18:44:59,dine_in,,cash,completed
1029880,6,93,2026-06-29 18:48:29,drive_thru,,gift_card,completed
1029881,7,1327,2026-06-29 18:52:20,dine_in,,credit_card,completed
1029882,4,1144,2026-06-29 18:56:41,delivery,,credit_card,completed
1029883,5,,2026-06-29 18:57:33,dine_in,,apple_pay,completed
1029884,15,2268,2026-06-29 18:58:57,drive_thru,,credit_card,completed
1029885,10,820,2026-06-29 18:59:24,drive_thru,,cash,completed
1029886,13,,2026-06-29 19:04:06,takeout,,apple_pay,completed
1029887,16,695,2026-06-29 19:07:26,dine_in,,cash,completed
1029888,1,493,2026-06-29 19:08:12,delivery,DELIVER15,credit_card,completed
1029889,18,1935,2026-06-29 19:09:03,drive_thru,,credit_card,refunded
1029890,14,2277,2026-06-29 19:11:32,dine_in,,credit_card,completed
1029891,15,862,2026-06-29 19:11:49,delivery,,credit_card,completed
1029892,7,,2026-06-29 19:12:15,delivery,,credit_card,completed
1029893,19,1314,2026-06-29 19:12:32,delivery,,credit_card,completed
1029894,10,484,2026-06-29 19:13:21,dine_in,,debit_card,completed
1029895,12,101,2026-06-29 19:19:30,delivery,,credit_card,completed
1029896,10,1798,2026-06-29 19:23:07,drive_thru,,apple_pay,completed
1029897,17,1883,2026-06-29 19:25:07,dine_in,,cash,completed
1029898,20,,2026-06-29 19:26:09,dine_in,,credit_card,completed
1029899,6,,2026-06-29 19:30:13,delivery,,credit_card,completed
1029900,10,812,2026-06-29 19:30:21,delivery,,credit_card,completed
1029901,4,,2026-06-29 19:31:42,takeout,,credit_card,completed
1029902,4,869,2026-06-29 19:34:17,dine_in,,credit_card,completed
1029903,14,,2026-06-29 19:34:27,drive_thru,,apple_pay,completed
1029904,18,1054,2026-06-29 19:34:58,delivery,,apple_pay,refunded
1029905,7,,06/29/2026 19:41,takeout,,apple_pay,completed
1029906,5,1721,2026-06-29 19:46:08,delivery,DELIVER15,credit_card,refunded
1029907,3,,2026-06-29 20:03:10,delivery,DELIVER15,credit_card,completed
1029908,2,644,2026-06-29 20:10:18,dine_in,,gift_card,completed
1029909,3,,2026-06-29 20:19:05,dine_in,,debit_card,completed
1029910,3,241,2026-06-29 20:43:28,dine_in,,debit_card,completed
1029911,1,1920,2026-06-29 20:44:06,takeout,,credit_card,completed
1029912,6,2179,2026-06-29 20:51:34,dine_in,,credit_card,refunded
1029913,5,1721,2026-06-29 20:53:39,delivery,,credit_card,completed
1029914,8,857,2026-06-29 20:56:34,delivery,DELIVER15,credit_card,completed
1029915,8,,06/29/2026 21:02,dine_in,,debit_card,completed
1029916,2,,2026-06-30 10:30:14,dine_in,,credit_card,completed
1029917,2,55,2026-06-30 10:32:57,dine_in,,credit_card,completed
1029918,13,309,2026-06-30 10:33:12,dine_in,,debit_card,completed
1029919,6,,2026-06-30 10:34:17,dine_in,,cash,completed
1029920,12,,2026-06-30 10:53:09,delivery,,apple_pay,completed
1029921,20,518,2026-06-30 10:59:51,dine_in,,credit_card,completed
1029922,18,,2026-06-30 11:06:30,dine_in,,credit_card,completed
1029923,8,,2026-06-30 11:20:32,takeout,,credit_card,completed
1029924,6,1695,2026-06-30 11:26:11,takeout,,apple_pay,completed
1029925,15,2366,2026-06-30 11:33:12,delivery,DELIVER15,credit_card,completed
1029926,20,1325,2026-06-30 11:34:24,delivery,,credit_card,completed
1029927,5,,2026-06-30 11:35:00,delivery,DELIVER15,debit_card,completed
1029928,19,,2026-06-30 11:40:27,drive_thru,,apple_pay,completed
1029929,2,,2026-06-30 11:43:46,takeout,,debit_card,completed
1029930,14,,2026-06-30 11:50:13,takeout,,apple_pay,completed
1029931,7,,2026-06-30 11:51:09,delivery,,apple_pay,completed
1029932,19,1352,2026-06-30 11:51:15,drive_thru,,credit_card,completed
1029933,14,351,2026-06-30 11:51:21,takeout,,debit_card,completed
1029934,6,,2026-06-30 11:52:21,delivery,,apple_pay,cancelled
1029935,15,,2026-06-30 11:55:14,takeout,,credit_card,completed
1029936,10,,2026-06-30 11:55:30,delivery,,credit_card,completed
1029937,2,,2026-06-30 11:57:12,takeout,,apple_pay,completed
1029938,15,1953,2026-06-30 11:58:47,delivery,,credit_card,completed
1029939,18,,2026-06-30 12:00:32,delivery,,credit_card,completed
1029940,6,,2026-06-30 12:03:05,drive_thru,,cash,completed
1029941,5,1702,2026-06-30 12:03:23,dine_in,,credit_card,completed
1029942,10,602,2026-06-30 12:04:49,drive_thru,,debit_card,completed
1029943,19,,2026-06-30 12:06:12,delivery,,credit_card,completed
1029944,3,,2026-06-30 12:09:32,delivery,DELIVER15,credit_card,completed
1029945,2,,2026-06-30 12:09:46,delivery,DELIVER15,credit_card,completed
1029945,2,,2026-06-30 12:09:46,delivery,DELIVER15,credit_card,completed
1029946,19,966,2026-06-30 12:10:04,dine_in,,cash,completed
1029947,16,693,2026-06-30 12:10:56,delivery,,credit_card,completed
1029948,10,202,2026-06-30 12:13:35,delivery,,gift_card,cancelled
1029949,11,2436,2026-06-30 12:14:41,delivery,,credit_card,completed
1029950,10,1667,2026-06-30 12:15:36,drive_thru,,credit_card,completed
1029951,10,1470,2026-06-30 12:16:25,takeout,,gift_card,completed
1029952,4,1415,2026-06-30 12:18:26,drive_thru,,debit_card,completed
1029953,19,,2026-06-30 12:20:43,drive_thru,,debit_card,completed
1029954,18,2147,2026-06-30 12:20:44,delivery,DELIVER15,credit_card,completed
1029955,9,,2026-06-30 12:23:28,delivery,DELIVER15,credit_card,refunded
1029956,10,,2026-06-30 12:25:01,delivery,,debit_card,completed
1029957,1,144,2026-06-30 12:26:06,delivery,,credit_card,completed
1029958,13,,2026-06-30 12:27:01,delivery,,credit_card,completed
1029959,6,1226,2026-06-30 12:30:57,delivery,DELIVER15,credit_card,completed
1029960,18,,2026-06-30 12:31:51,delivery,DELIVER15,credit_card,cancelled
1029961,3,1095,2026-06-30 12:32:54,delivery,,apple_pay,completed
1029962,12,469,2026-06-30 12:34:46,takeout,,debit_card,completed
1029963,7,149,2026-06-30 12:36:15,delivery,,credit_card,completed
1029964,15,,2026-06-30 12:37:06,drive_thru,,credit_card,completed
1029965,16,60,2026-06-30 12:37:25,takeout,,credit_card,completed
1029966,14,,2026-06-30 12:38:15,dine_in,,cash,completed
1029967,11,1039,2026-06-30 12:40:20,drive_thru,,credit_card,completed
1029968,9,1792,2026-06-30 12:41:40,drive_thru,,debit_card,completed
1029969,18,1001,2026-06-30 12:41:58,takeout,,debit_card,completed
1029970,5,1464,2026-06-30 12:42:11,delivery,DELIVER15,credit_card,completed
1029971,17,2447,2026-06-30 12:48:31,,,debit_card,completed
1029972,4,1601,2026-06-30 12:48:37,,,cash,completed
1029973,11,1397,2026-06-30 12:49:08,delivery,,credit_card,completed
1029974,6,170,2026-06-30 12:49:27,,,credit_card,completed
1029975,2,901,2026-06-30 12:54:23,takeout,,gift_card,cancelled
1029976,4,2270,2026-06-30 12:55:24,drive_thru,,cash,completed
1029977,15,1140,2026-06-30 13:01:04,dine_in,,gift_card,completed
1029978,8,200,2026-06-30 13:03:52,dine_in,,credit_card,completed
1029979,2,1814,2026-06-30 13:04:36,delivery,DELIVER15,credit_card,completed
1029980,8,,2026-06-30 13:04:37,delivery,,apple_pay,completed
1029981,12,405,2026-06-30 13:07:45,dine_in,,credit_card,completed
1029982,7,2185,2026-06-30 13:09:49,delivery,,apple_pay,completed
1029983,18,,2026-06-30 13:11:51,dine_in,,credit_card,completed
1029984,6,,2026-06-30 13:14:53,delivery,,debit_card,completed
1029985,3,207,2026-06-30 13:15:26,takeout,,apple_pay,completed
1029986,14,646,2026-06-30 13:16:37,drive_thru,,credit_card,completed
1029987,17,,2026-06-30 13:18:01,dine_in,,gift_card,completed
1029988,17,1192,2026-06-30 13:18:45,takeout,,credit_card,completed
1029989,9,2351,2026-06-30 13:22:40,delivery,DELIVER15,credit_card,completed
1029990,8,104,2026-06-30 13:25:54,delivery,,credit_card,completed
1029991,2,,2026-06-30 13:27:48,dine_in,,credit_card,completed
1029992,11,2231,2026-06-30 13:28:16,delivery,,debit_card,completed
1029993,11,,2026-06-30 13:30:49,delivery,,gift_card,completed
1029994,20,,2026-06-30 13:31:20,delivery,,credit_card,completed
1029995,5,,2026-06-30 13:32:33,delivery,,credit_card,completed
1029996,6,,2026-06-30 13:34:46,drive_thru,,debit_card,completed
1029997,19,,2026-06-30 13:35:04,takeout,,credit_card,completed
1029998,3,2340,2026-06-30 13:43:21,takeout,,cash,completed
1029999,9,2033,2026-06-30 14:17:08,takeout,,cash,cancelled
1030000,6,2291,2026-06-30 15:27:24,takeout,,credit_card,completed
1030001,4,,2026-06-30 15:35:53,dine_in,,credit_card,completed
1030002,13,1481,2026-06-30 15:43:33,delivery,DELIVER15,credit_card,completed
1030003,20,1416,2026-06-30 15:44:25,dine_in,,credit_card,completed
1030004,3,,06/30/2026 16:35,dine_in,,credit_card,completed
1030005,5,1619,2026-06-30 17:27:26,drive_thru,,credit_card,cancelled
1030005,5,1619,2026-06-30 17:27:26,drive_thru,,credit_card,cancelled
1030006,6,2262,2026-06-30 17:32:45,drive_thru,,credit_card,completed
1030007,15,1674,2026-06-30 17:42:25,drive_thru,,credit_card,completed
1030008,17,2051,2026-06-30 17:52:22,dine_in,,apple_pay,completed
1030009,3,442,2026-06-30 17:56:30,delivery,,credit_card,completed
1030010,14,298,2026-06-30 17:58:35,drive_thru,,credit_card,completed
1030011,15,441,2026-06-30 17:59:10,drive_thru,,cash,completed
1030012,8,676,2026-06-30 17:59:42,dine_in,,credit_card,completed
1030013,4,,2026-06-30 18:00:00,takeout,,debit_card,completed
1030014,15,617,2026-06-30 18:00:17,delivery,,credit_card,completed
1030015,7,,2026-06-30 18:02:09,delivery,,credit_card,completed
1030016,17,,2026-06-30 18:10:54,dine_in,,credit_card,completed
1030017,11,107,2026-06-30 18:13:10,delivery,,debit_card,completed
1030018,6,,2026-06-30 18:14:06,drive_thru,,cash,completed
1030019,8,1050,2026-06-30 18:16:33,dine_in,,cash,completed
1030020,4,868,2026-06-30 18:16:49,delivery,,credit_card,completed
1030021,7,303,2026-06-30 18:19:06,dine_in,,apple_pay,completed
1030022,13,1178,2026-06-30 18:21:02,takeout,,cash,completed
1030023,1,,2026-06-30 18:21:37,delivery,,apple_pay,completed
1030024,12,859,2026-06-30 18:22:16,takeout,,credit_card,completed
1030025,11,2476,2026-06-30 18:22:33,delivery,DELIVER15,credit_card,completed
1030026,6,487,2026-06-30 18:23:29,drive_thru,,cash,completed
1030027,6,,2026-06-30 18:23:42,dine_in,,credit_card,completed
1030028,16,1331,2026-06-30 18:23:45,takeout,,cash,completed
1030029,17,1560,2026-06-30 18:26:41,delivery,,credit_card,completed
1030030,3,,2026-06-30 18:27:36,delivery,,credit_card,refunded
1030031,7,660,2026-06-30 18:36:00,dine_in,,credit_card,completed
1030032,6,93,2026-06-30 18:36:01,dine_in,,apple_pay,completed
1030033,11,2350,2026-06-30 18:36:20,takeout,,debit_card,completed
1030034,11,676,2026-06-30 18:38:01,delivery,,debit_card,completed
1030035,12,,2026-06-30 18:41:51,delivery,,debit_card,completed
1030036,13,,2026-06-30 18:43:09,takeout,,gift_card,completed
1030037,10,993,2026-06-30 18:46:44,drive_thru,,credit_card,completed
1030038,18,,2026-06-30 18:49:10,drive_thru,,credit_card,completed
1030039,4,,2026-06-30 18:50:39,takeout,,credit_card,completed
1030040,16,1689,2026-06-30 18:52:12,delivery,DELIVER15,credit_card,refunded
1030041,2,,2026-06-30 18:53:08,dine_in,,apple_pay,completed
1030042,10,1950,2026-06-30 18:53:50,delivery,,debit_card,completed
1030043,19,966,2026-06-30 18:53:58,takeout,,apple_pay,completed
1030044,7,988,2026-06-30 18:54:16,dine_in,,cash,completed
1030045,1,,2026-06-30 18:55:38,delivery,,credit_card,completed
1030046,19,,2026-06-30 18:56:15,delivery,,credit_card,completed
1030047,9,1818,2026-06-30 18:56:52,delivery,DELIVER15,gift_card,completed
1030048,6,2256,2026-06-30 19:01:53,dine_in,,cash,completed
1030049,19,368,2026-06-30 19:05:43,dine_in,,debit_card,completed
1030050,3,1233,2026-06-30 19:08:55,dine_in,,gift_card,completed
1030051,10,1486,2026-06-30 19:12:05,dine_in,,gift_card,completed
1030052,10,,2026-06-30 19:14:31,delivery,,credit_card,cancelled
1030053,8,,2026-06-30 19:14:53,delivery,,debit_card,completed
1030054,2,1462,2026-06-30 19:16:25,delivery,,apple_pay,completed
1030055,19,1900,2026-06-30 19:16:59,drive_thru,,credit_card,completed
1030056,16,2479,2026-06-30 19:17:17,dine_in,,credit_card,completed
1030057,2,696,2026-06-30 19:19:22,dine_in,,debit_card,completed
1030058,18,1472,2026-06-30 19:22:14,drive_thru,,credit_card,completed
1030059,19,411,2026-06-30 19:23:46,takeout,,debit_card,completed
1030060,17,275,2026-06-30 19:23:54,delivery,,credit_card,completed
1030061,11,,2026-06-30 19:24:17,dine_in,,gift_card,completed
1030062,17,,06/30/2026 19:25,delivery,,debit_card,completed
1030063,10,556,2026-06-30 19:26:37,dine_in,,gift_card,completed
1030064,12,,2026-06-30 19:27:15,dine_in,,cash,completed
1030065,1,1138,2026-06-30 19:27:20,delivery,,debit_card,completed
1030066,10,1668,2026-06-30 19:29:03,takeout,,apple_pay,completed
1030067,7,969,2026-06-30 19:29:56,takeout,,apple_pay,completed
1030068,14,,06/30/2026 19:31,drive_thru,,cash,completed
1030069,9,,2026-06-30 19:31:25,dine_in,,apple_pay,completed
1030070,19,147,2026-06-30 19:31:32,drive_thru,,credit_card,completed
1030071,4,1896,2026-06-30 19:32:34,drive_thru,,credit_card,completed
1030072,16,2238,2026-06-30 19:34:41,takeout,,credit_card,completed
1030073,10,,2026-06-30 19:35:47,delivery,DELIVER15,credit_card,completed
1030074,20,,2026-06-30 19:36:50,takeout,,credit_card,completed
1030075,17,,2026-06-30 19:44:05,delivery,,credit_card,completed
1030076,1,2495,2026-06-30 19:44:38,delivery,,apple_pay,completed
1030077,6,,2026-06-30 19:46:59,drive_thru,,credit_card,completed
1030078,13,1642,2026-06-30 19:48:00,takeout,,credit_card,completed
1030079,7,1328,2026-06-30 20:11:35,dine_in,,credit_card,completed
1030080,19,,2026-06-30 20:12:39,dine_in,,credit_card,completed
1030081,16,,2026-06-30 20:13:56,takeout,,apple_pay,completed
1030082,3,,2026-06-30 20:18:28,dine_in,,credit_card,completed
1030083,4,1038,2026-06-30 20:33:24,delivery,,credit_card,completed
1030084,1,2456,2026-06-30 20:33:26,dine_in,,credit_card,completed
1030085,9,2285,2026-06-30 20:34:37,delivery,,debit_card,completed
1030086,13,,2026-06-30 20:35:13,dine_in,,credit_card,completed
1030087,8,839,2026-06-30 20:37:19,dine_in,,debit_card,completed
1030088,1,130,2026-06-30 20:43:51,takeout,,debit_card,refunded
1030089,18,159,2026-06-30 20:44:00,delivery,,credit_card,completed
1030089,18,159,2026-06-30 20:44:00,delivery,,credit_card,refunded
1030090,6,,2026-06-30 21:00:58,delivery,DELIVER15,apple_pay,completed
1030091,4,,2026-06-30 21:11:48,delivery,DELIVER15,credit_card,completed
