order_id,location_id,customer_id,order_ts,channel,promo_code,payment_type,order_status
1013681,7,,2026-04-01 12:21:57,dine_in,,debit_card,completed
1013711,1,,2026-04-01 13:40:00,dine_in,,gift_card,completed
1013802,1,883,2026-04-02 12:00:11,delivery,,credit_card,completed
1013851,12,860,2026-04-02 14:01:33,dine_in,,debit_card,completed
1013868,13,,2026-04-02 17:50:54,dine_in,,debit_card,refunded
1013955,12,678,2026-04-03 11:51:49,dine_in,,cash,completed
1014044,19,2487,2026-04-03 15:19:41,delivery,,credit_card,completed
1014157,14,298,2026-04-03 20:20:13,drive_thru,,cash,refunded
1014183,1,748,2026-04-04 11:41:26,delivery,,credit_card,completed
1014223,14,,2026-04-04 12:37:39,drive_thru,,credit_card,completed
1014287,13,,2026-04-04 18:02:15,dine_in,,cash,completed
1014310,17,2496,2026-04-04 18:44:48,dine_in,,credit_card,completed
1014338,20,818,2026-04-04 19:20:36,drive_thru,,debit_card,completed
1014360,10,,2026-04-04 19:51:39,delivery,,credit_card,refunded
1014428,10,1810,2026-04-05 12:52:47,delivery,,apple_pay,refunded
1014487,19,,2026-04-05 18:57:49,takeout,,credit_card,completed
1014523,4,1743,2026-04-05 20:12:53,drive_thru,,credit_card,refunded
1014567,14,1675,2026-04-06 12:42:26,dine_in,,debit_card,completed
1014699,6,,2026-04-07 12:35:59,dine_in,,credit_card,refunded
1014733,5,234,2026-04-07 17:32:14,delivery,,credit_card,refunded
1014882,17,,2026-04-08 18:08:27,takeout,,cash,completed
1014918,10,,2026-04-08 19:00:43,dine_in,,credit_card,refunded
1015174,1,2032,2026-04-10 12:29:39,dine_in,,credit_card,completed
1015180,4,879,2026-04-10 12:36:58,delivery,,debit_card,cancelled
1015357,12,2403,04/11/2026 12:22,delivery,,credit_card,completed
1015571,8,964,2026-04-12 12:27:25,takeout,,gift_card,completed
1015671,15,1518,2026-04-12 20:57:08,dine_in,,debit_card,refunded
1015866,1,1932,2026-04-14 19:30:52,dine_in,,credit_card,completed
1015937,1,,2026-04-15 13:50:48,dine_in,,credit_card,completed
1016038,14,,2026-04-16 11:56:35,dine_in,,credit_card,refunded
1016116,17,,2026-04-16 17:29:30,takeout,,cash,completed
1016248,4,1596,2026-04-17 12:37:36,delivery,,credit_card,completed
1016432,15,1696,2026-04-18 11:54:43,dine_in,,credit_card,completed
1016470,15,,2026-04-18 12:35:31,takeout,,apple_pay,refunded
1016623,7,,2026-04-18 19:49:59,takeout,,debit_card,completed
1016751,5,2362,2026-04-19 18:47:51,dine_in,,credit_card,completed
1016767,10,1802,2026-04-19 19:08:45,drive_thru,,debit_card,completed
1016812,20,2339,2026-04-20 11:28:54,dine_in,,cash,completed
1016905,9,,2026-04-20 19:02:54,drive_thru,,credit_card,refunded
1017110,18,350,2026-04-22 12:43:16,dine_in,,debit_card,completed
1017137,19,2300,2026-04-22 17:56:24,dine_in,,credit_card,refunded
1017208,10,1685,2026-04-23 12:09:19,dine_in,,credit_card,refunded
1017314,8,,2026-04-23 19:38:58,delivery,,gift_card,refunded
1017358,19,966,2026-04-24 12:18:11,drive_thru,,credit_card,cancelled
1017376,6,1165,2026-04-24 12:34:21,dine_in,CRAWFRI,credit_card,completed
1017549,8,650,2026-04-25 12:06:41,dine_in,,credit_card,refunded
1017597,18,,2026-04-25 12:47:06,dine_in,,debit_card,completed
1017612,12,997,2026-04-25 13:18:40,dine_in,,cash,refunded
1017791,20,521,2026-04-26 15:58:18,dine_in,,credit_card,completed
1017805,6,205,2026-04-26 18:06:33,dine_in,,credit_card,completed
1017960,2,981,2026-04-27 19:08:28,delivery,,gift_card,completed
1017999,5,,2026-04-28 11:39:09,drive_thru,,credit_card,completed
1018055,5,1831,2026-04-28 13:24:48,dine_in,,debit_card,completed
1018106,3,1749,2026-04-28 18:29:46,dine_in,,credit_card,refunded
1018119,6,444,2026-04-28 18:49:48,delivery,,credit_card,completed
1018224,10,993,2026-04-29 12:52:14,dine_in,,debit_card,refunded
1018443,2,,2026-05-01 10:33:04,delivery,CRAWFRI,credit_card,completed
1018444,6,,2026-05-01 10:42:50,dine_in,CRAWFRI,credit_card,completed
1018445,13,633,2026-05-01 10:48:45,dine_in,,cash,completed
1018446,1,1137,2026-05-01 10:57:21,dine_in,,debit_card,completed
1018447,19,994,2026-05-01 11:04:53,takeout,,debit_card,completed
1018448,7,1045,2026-05-01 11:06:33,delivery,,credit_card,completed
1018449,15,914,2026-05-01 11:12:02,drive_thru,,apple_pay,completed
1018450,1,,2026-05-01 11:13:54,takeout,,credit_card,completed
1018451,6,,05/01/2026 11:15,takeout,,credit_card,completed
1018452,19,,2026-05-01 11:18:16,dine_in,BOUDIN20,credit_card,completed
1018453,5,,2026-05-01 11:18:39,takeout,,cash,completed
1018454,2,,2026-05-01 11:19:32,takeout,CRAWFRI,debit_card,completed
1018455,6,877,2026-05-01 11:21:30,dine_in,,cash,completed
1018456,7,568,2026-05-01 11:21:39,takeout,,credit_card,cancelled
1018457,11,,2026-05-01 11:23:07,takeout,,credit_card,cancelled
1018458,20,,2026-05-01 11:28:30,takeout,CRAWFRI,cash,completed
1018459,19,2017,2026-05-01 11:30:04,drive_thru,,gift_card,completed
1018460,9,1157,2026-05-01 11:34:37,delivery,,credit_card,completed
1018461,20,1936,2026-05-01 11:37:09,drive_thru,CRAWFRI,apple_pay,completed
1018462,5,,2026-05-01 11:37:57,dine_in,,credit_card,completed
1018463,13,,2026-05-01 11:38:26,takeout,BOUDIN20,credit_card,completed
1018464,11,,2026-05-01 11:41:52,drive_thru,,cash,completed
1018465,6,,2026-05-01 11:43:56,drive_thru,CRAWFRI,credit_card,completed
1018466,6,883,2026-05-01 11:44:07,dine_in,,debit_card,completed
1018467,2,1687,2026-05-01 11:44:37,dine_in,BOUDIN20,credit_card,completed
1018468,14,,2026-05-01 11:45:08,takeout,,credit_card,completed
1018469,20,1682,2026-05-01 11:45:12,delivery,CRAWFRI,credit_card,completed
1018470,11,,2026-05-01 11:47:23,dine_in,,credit_card,completed
1018471,20,2314,2026-05-01 11:49:14,delivery,CRAWFRI,credit_card,completed
1018472,7,1479,2026-05-01 11:56:02,,,credit_card,completed
1018473,10,1901,2026-05-01 11:56:54,drive_thru,,credit_card,completed
1018474,3,533,2026-05-01 11:57:10,takeout,,gift_card,completed
1018475,3,1131,2026-05-01 11:57:53,delivery,,debit_card,completed
1018476,6,,2026-05-01 11:57:54,drive_thru,,credit_card,completed
1018477,3,1535,2026-05-01 11:58:19,delivery,CRAWFRI,gift_card,completed
1018478,19,738,2026-05-01 11:59:20,drive_thru,,debit_card,completed
1018479,9,1532,2026-05-01 11:59:52,takeout,,credit_card,completed
1018480,13,,2026-05-01 12:01:00,delivery,,credit_card,completed
1018481,2,,2026-05-01 12:02:39,takeout,CRAWFRI,credit_card,completed
1018482,4,2090,2026-05-01 12:03:47,drive_thru,,credit_card,completed
1018483,3,,2026-05-01 12:04:35,dine_in,CRAWFRI,apple_pay,completed
1018484,14,195,2026-05-01 12:06:37,dine_in,,gift_card,completed
1018485,6,921,05/01/2026 12:07,delivery,CRAWFRI,credit_card,completed
1018486,13,1016,2026-05-01 12:07:50,takeout,,apple_pay,completed
1018487,10,77,2026-05-01 12:08:04,takeout,BOUDIN20,credit_card,completed
1018488,4,,2026-05-01 12:09:01,delivery,CRAWFRI,credit_card,completed
1018489,6,1664,2026-05-01 12:09:02,dine_in,,apple_pay,completed
1018490,17,738,2026-05-01 12:11:10,takeout,,apple_pay,completed
1018491,13,1915,2026-05-01 12:13:19,takeout,,credit_card,completed
1018492,13,255,2026-05-01 12:17:09,dine_in,,apple_pay,completed
1018493,14,1757,2026-05-01 12:17:29,drive_thru,,gift_card,completed
1018494,4,164,2026-05-01 12:17:34,dine_in,CRAWFRI,credit_card,completed
1018495,5,,2026-05-01 12:19:19,takeout,,credit_card,completed
1018496,7,1243,2026-05-01 12:19:26,delivery,BOUDIN20,debit_card,completed
1018497,10,,2026-05-01 12:20:11,dine_in,,credit_card,completed
1018498,12,1326,2026-05-01 12:20:59,delivery,,credit_card,completed
1018499,7,107,2026-05-01 12:21:15,delivery,,debit_card,completed
1018500,12,2010,2026-05-01 12:21:43,,,debit_card,cancelled
1018501,6,1951,2026-05-01 12:30:07,drive_thru,,cash,refunded
1018502,7,,2026-05-01 12:30:18,dine_in,BOUDIN20,apple_pay,completed
1018503,5,1956,2026-05-01 12:30:22,drive_thru,CRAWFRI,cash,completed
1018504,18,1914,2026-05-01 12:30:29,dine_in,,cash,completed
1018505,9,,2026-05-01 12:31:08,delivery,,credit_card,completed
1018506,3,1512,2026-05-01 12:31:19,dine_in,BOUDIN20,cash,completed
1018507,1,,2026-05-01 12:32:41,takeout,CRAWFRI,credit_card,completed
1018508,12,1326,2026-05-01 12:33:52,dine_in,,debit_card,completed
1018509,12,1751,2026-05-01 12:35:06,dine_in,,apple_pay,completed
1018510,17,,2026-05-01 12:35:07,delivery,,credit_card,completed
1018511,9,1922,2026-05-01 12:36:18,drive_thru,,apple_pay,completed
1018512,18,672,2026-05-01 12:38:15,delivery,BOUDIN20,gift_card,completed
1018513,15,,2026-05-01 12:39:46,drive_thru,,cash,completed
1018514,6,352,2026-05-01 12:40:15,delivery,CRAWFRI,apple_pay,completed
1018515,7,,2026-05-01 12:40:28,delivery,,apple_pay,cancelled
1018516,3,,2026-05-01 12:41:04,dine_in,,cash,completed
1018517,20,2421,2026-05-01 12:41:18,takeout,,credit_card,completed
1018518,3,651,2026-05-01 12:41:37,dine_in,CRAWFRI,credit_card,completed
1018519,1,,2026-05-01 12:43:00,dine_in,,apple_pay,completed
1018520,2,2494,2026-05-01 12:44:17,dine_in,CRAWFRI,debit_card,completed
1018521,9,,2026-05-01 12:44:56,dine_in,,apple_pay,completed
1018522,10,1323,2026-05-01 12:45:07,dine_in,,debit_card,completed
1018523,10,466,2026-05-01 12:47:10,delivery,,debit_card,completed
1018524,13,2251,2026-05-01 12:47:46,dine_in,,debit_card,completed
1018525,3,,2026-05-01 12:48:32,dine_in,CRAWFRI,credit_card,completed
1018526,13,34,2026-05-01 12:50:43,dine_in,,credit_card,completed
1018527,10,118,2026-05-01 12:51:08,delivery,,credit_card,cancelled
1018528,1,,2026-05-01 12:51:54,takeout,,credit_card,completed
1018529,4,,2026-05-01 12:56:10,drive_thru,CRAWFRI,cash,completed
1018530,6,,2026-05-01 12:56:17,drive_thru,,apple_pay,completed
1018531,3,243,2026-05-01 12:56:30,takeout,,credit_card,completed
1018532,1,724,2026-05-01 12:59:00,dine_in,,credit_card,completed
1018533,13,2212,2026-05-01 12:59:11,dine_in,,debit_card,completed
1018534,8,,2026-05-01 12:59:52,takeout,BOUDIN20,gift_card,completed
1018535,18,,2026-05-01 13:00:08,takeout,,debit_card,completed
1018536,12,463,2026-05-01 13:01:28,takeout,,credit_card,completed
1018537,5,2224,2026-05-01 13:03:33,takeout,,credit_card,completed
1018538,20,2242,2026-05-01 13:04:42,dine_in,,credit_card,completed
1018539,20,,2026-05-01 13:07:10,delivery,,credit_card,completed
1018540,7,1225,2026-05-01 13:08:10,takeout,,apple_pay,completed
1018541,7,,2026-05-01 13:08:46,dine_in,BOUDIN20,apple_pay,completed
1018542,1,,05/01/2026 13:09,dine_in,,debit_card,completed
1018543,1,2486,2026-05-01 13:11:45,takeout,,apple_pay,completed
1018544,12,1040,2026-05-01 13:13:04,dine_in,,credit_card,completed
1018545,17,754,2026-05-01 13:13:50,dine_in,BOUDIN20,credit_card,completed
1018546,2,2297,2026-05-01 13:20:38,delivery,CRAWFRI,credit_card,completed
1018547,14,,2026-05-01 13:24:20,drive_thru,,credit_card,completed
1018548,6,120,2026-05-01 13:25:43,delivery,CRAWFRI,credit_card,completed
1018549,5,,2026-05-01 13:25:45,delivery,,credit_card,completed
1018550,11,,2026-05-01 13:31:59,drive_thru,,credit_card,completed
1018551,9,2005,2026-05-01 13:32:56,takeout,,credit_card,completed
1018552,6,,2026-05-01 13:43:46,delivery,CRAWFRI,apple_pay,completed
1018553,2,608,2026-05-01 13:49:12,takeout,,credit_card,completed
1018554,9,1053,2026-05-01 13:56:13,dine_in,,credit_card,completed
1018555,3,713,2026-05-01 14:06:17,dine_in,,credit_card,completed
1018556,5,2397,2026-05-01 14:17:21,delivery,,credit_card,completed
1018557,7,2201,2026-05-01 14:23:17,delivery,,credit_card,completed
1018558,20,,2026-05-01 14:29:07,delivery,,debit_card,completed
1018559,20,2088,2026-05-01 14:41:25,dine_in,,debit_card,refunded
1018560,3,2018,2026-05-01 14:48:35,dine_in,,cash,completed
1018561,19,501,2026-05-01 14:51:21,dine_in,,cash,completed
1018562,6,,2026-05-01 15:14:57,drive_thru,CRAWFRI,credit_card,completed
1018563,3,683,2026-05-01 15:36:18,dine_in,CRAWFRI,credit_card,completed
1018564,14,2432,2026-05-01 16:02:33,drive_thru,,apple_pay,completed
1018565,8,2337,2026-05-01 16:22:30,dine_in,BOUDIN20,credit_card,completed
1018566,4,,2026-05-01 16:29:27,drive_thru,,gift_card,completed
1018567,14,1583,2026-05-01 16:33:49,drive_thru,,debit_card,completed
1018568,14,,2026-05-01 16:50:31,delivery,,credit_card,completed
1018569,1,49,05/01/2026 16:54,dine_in,,credit_card,completed
1018570,13,971,2026-05-01 17:10:47,takeout,,credit_card,completed
1018571,6,,2026-05-01 17:11:14,drive_thru,,cash,completed
1018572,6,,2026-05-01 17:13:13,delivery,BOUDIN20,credit_card,completed
1018573,5,808,2026-05-01 17:29:05,delivery,,credit_card,completed
1018574,8,,2026-05-01 17:29:05,dine_in,,apple_pay,completed
1018575,16,33,2026-05-01 17:33:03,takeout,,credit_card,completed
1018576,16,,2026-05-01 17:41:24,takeout,,cash,completed
1018577,1,748,2026-05-01 17:47:34,dine_in,,debit_card,completed
1018578,1,,2026-05-01 17:47:36,dine_in,CRAWFRI,cash,completed
1018579,5,2018,2026-05-01 17:49:59,takeout,CRAWFRI,credit_card,completed
1018580,10,,2026-05-01 17:50:33,,,credit_card,completed
1018581,3,,2026-05-01 17:55:02,delivery,,apple_pay,completed
1018582,19,60,2026-05-01 17:58:10,dine_in,,debit_card,completed
1018583,13,,2026-05-01 18:03:19,delivery,,credit_card,completed
1018584,4,,2026-05-01 18:05:09,dine_in,CRAWFRI,debit_card,completed
1018585,20,,2026-05-01 18:05:58,dine_in,,cash,completed
1018586,3,1257,2026-05-01 18:07:07,dine_in,CRAWFRI,apple_pay,completed
1018587,1,1991,2026-05-01 18:08:02,delivery,,apple_pay,completed
1018588,8,,2026-05-01 18:09:20,dine_in,,apple_pay,refunded
1018589,8,,2026-05-01 18:09:33,delivery,,credit_card,completed
1018590,11,2398,2026-05-01 18:10:51,delivery,,credit_card,completed
1018591,11,,2026-05-01 18:11:49,dine_in,,apple_pay,completed
1018592,6,2179,2026-05-01 18:13:27,drive_thru,CRAWFRI,apple_pay,completed
1018593,5,536,2026-05-01 18:15:00,drive_thru,CRAWFRI,debit_card,completed
1018594,6,,2026-05-01 18:16:54,takeout,CRAWFRI,credit_card,completed
1018595,12,,2026-05-01 18:18:06,takeout,,credit_card,completed
1018596,20,84,2026-05-01 18:22:39,dine_in,,apple_pay,completed
1018597,12,,2026-05-01 18:24:52,takeout,BOUDIN20,apple_pay,completed
1018598,7,1707,2026-05-01 18:25:38,delivery,,credit_card,completed
1018599,5,,2026-05-01 18:26:11,drive_thru,,cash,completed
1018600,4,,2026-05-01 18:29:13,delivery,,credit_card,completed
1018601,7,,2026-05-01 18:29:32,dine_in,,credit_card,completed
1018602,6,,2026-05-01 18:30:01,takeout,,debit_card,completed
1018603,3,220,2026-05-01 18:30:21,dine_in,,credit_card,completed
1018604,5,1831,2026-05-01 18:32:15,drive_thru,,credit_card,cancelled
1018605,18,936,2026-05-01 18:32:31,delivery,,credit_card,completed
1018606,16,2083,2026-05-01 18:35:05,dine_in,,apple_pay,completed
1018607,3,,2026-05-01 18:35:13,dine_in,CRAWFRI,credit_card,completed
1018608,1,1466,2026-05-01 18:35:44,dine_in,CRAWFRI,apple_pay,completed
1018609,2,,2026-05-01 18:36:39,dine_in,,credit_card,completed
1018610,6,,2026-05-01 18:38:29,takeout,,cash,completed
1018611,11,,2026-05-01 18:42:25,drive_thru,,credit_card,completed
1018612,1,2368,2026-05-01 18:42:52,takeout,,gift_card,completed
1018613,2,1879,2026-05-01 18:45:06,delivery,CRAWFRI,debit_card,completed
1018614,11,1004,2026-05-01 18:45:08,takeout,BOUDIN20,debit_card,completed
1018615,6,1529,2026-05-01 18:48:54,delivery,,credit_card,completed
1018616,18,,2026-05-01 18:49:01,drive_thru,,credit_card,completed
1018617,6,1529,2026-05-01 18:49:49,,CRAWFRI,cash,completed
1018618,6,,2026-05-01 18:50:27,takeout,CRAWFRI,credit_card,completed
1018619,19,,2026-05-01 18:51:45,delivery,,debit_card,completed
1018620,8,,2026-05-01 18:51:59,dine_in,BOUDIN20,credit_card,completed
1018621,6,685,2026-05-01 18:52:40,dine_in,,credit_card,completed
1018622,8,,2026-05-01 18:54:09,dine_in,,debit_card,completed
1018623,8,361,2026-05-01 18:54:33,dine_in,,apple_pay,completed
1018624,12,124,2026-05-01 18:55:28,takeout,,credit_card,completed
1018625,16,,2026-05-01 18:57:27,dine_in,,cash,completed
1018626,6,,2026-05-01 18:57:58,delivery,CRAWFRI,apple_pay,completed
1018627,2,,2026-05-01 18:58:21,takeout,,apple_pay,completed
1018628,2,,2026-05-01 18:58:39,takeout,,credit_card,completed
1018629,4,1601,2026-05-01 18:58:41,delivery,,credit_card,completed
1018630,6,1997,2026-05-01 18:59:17,drive_thru,,cash,completed
1018631,2,2443,2026-05-01 19:00:57,takeout,CRAWFRI,cash,completed
1018632,1,948,2026-05-01 19:02:24,delivery,,credit_card,completed
1018633,20,1896,2026-05-01 19:03:20,takeout,,cash,completed
1018634,14,,2026-05-01 19:05:16,dine_in,BOUDIN20,apple_pay,completed
1018635,9,1957,2026-05-01 19:07:32,takeout,,credit_card,completed
1018636,2,,2026-05-01 19:09:19,takeout,CRAWFRI,credit_card,completed
1018637,3,1453,2026-05-01 19:11:08,dine_in,BOUDIN20,debit_card,completed
1018638,6,510,2026-05-01 19:12:57,drive_thru,CRAWFRI,debit_card,completed
1018639,7,2068,2026-05-01 19:13:16,dine_in,,gift_card,completed
1018640,6,1025,2026-05-01 19:14:43,takeout,CRAWFRI,credit_card,completed
1018641,4,1164,2026-05-01 19:14:51,drive_thru,CRAWFRI,credit_card,completed
1018642,5,,2026-05-01 19:16:02,dine_in,CRAWFRI,apple_pay,completed
1018643,17,2317,2026-05-01 19:16:51,delivery,,debit_card,cancelled
1018644,5,1721,2026-05-01 19:17:34,takeout,CRAWFRI,credit_card,completed
1018645,14,2173,2026-05-01 19:18:30,delivery,,debit_card,completed
1018646,16,848,2026-05-01 19:18:42,dine_in,,apple_pay,completed
1018647,8,551,2026-05-01 19:19:15,dine_in,,debit_card,completed
1018648,13,2345,2026-05-01 19:19:59,delivery,BOUDIN20,debit_card,completed
1018649,1,2077,2026-05-01 19:21:09,takeout,,credit_card,cancelled
1018650,18,,2026-05-01 19:28:12,drive_thru,,credit_card,completed
1018651,2,2322,2026-05-01 19:28:28,delivery,,credit_card,completed
1018652,18,,2026-05-01 19:30:14,takeout,,credit_card,completed
1018653,16,843,2026-05-01 19:30:19,dine_in,,debit_card,completed
1018654,10,,2026-05-01 19:30:23,dine_in,,debit_card,completed
1018655,11,,2026-05-01 19:30:36,delivery,,debit_card,completed
1018656,8,1692,2026-05-01 19:34:18,dine_in,,debit_card,completed
1018657,1,,2026-05-01 19:36:39,dine_in,,debit_card,completed
1018658,16,1930,2026-05-01 19:37:17,takeout,,debit_card,completed
1018659,6,,2026-05-01 19:40:22,drive_thru,CRAWFRI,debit_card,cancelled
1018660,10,820,2026-05-01 19:40:58,dine_in,,debit_card,completed
1018661,1,1336,2026-05-01 19:42:52,dine_in,,cash,completed
1018662,20,,2026-05-01 19:43:37,dine_in,CRAWFRI,credit_card,completed
1018663,11,2257,2026-05-01 19:43:45,,,debit_card,completed
1018664,7,,2026-05-01 19:43:54,dine_in,,credit_card,completed
1018665,18,534,2026-05-01 19:43:56,dine_in,,debit_card,completed
1018666,11,,2026-05-01 19:44:23,drive_thru,,credit_card,completed
1018667,13,459,2026-05-01 19:45:03,dine_in,,cash,completed
1018668,17,847,2026-05-01 19:46:21,delivery,,debit_card,completed
1018669,7,,2026-05-01 19:47:10,dine_in,BOUDIN20,cash,cancelled
1018670,20,2059,2026-05-01 19:48:19,takeout,,debit_card,completed
1018671,1,2486,2026-05-01 19:48:50,delivery,CRAWFRI,credit_card,completed
1018672,11,2476,2026-05-01 19:50:14,drive_thru,,debit_card,completed
1018673,20,,2026-05-01 19:51:44,dine_in,,debit_card,completed
1018674,4,747,2026-05-01 19:55:17,drive_thru,CRAWFRI,cash,completed
1018675,14,2406,2026-05-01 19:59:28,takeout,,gift_card,completed
1018676,6,88,2026-05-01 20:02:03,takeout,BOUDIN20,apple_pay,completed
1018677,10,,2026-05-01 20:03:54,delivery,,credit_card,cancelled
1018678,14,,2026-05-01 20:10:52,drive_thru,,credit_card,completed
1018679,1,,2026-05-01 20:18:21,dine_in,,credit_card,completed
1018680,1,,2026-05-01 20:18:46,takeout,,apple_pay,completed
1018681,8,720,2026-05-01 20:33:17,takeout,,apple_pay,completed
1018682,17,,2026-05-01 20:40:20,dine_in,,debit_card,completed
1018683,5,54,2026-05-01 20:44:50,delivery,CRAWFRI,credit_card,completed
1018684,10,1454,2026-05-01 20:46:15,dine_in,,debit_card,completed
1018685,1,2456,2026-05-01 21:00:40,,,debit_card,completed
1018686,2,1790,2026-05-01 21:01:08,delivery,,gift_card,completed
1018687,3,220,2026-05-01 21:17:54,dine_in,,credit_card,completed
1018688,3,1395,2026-05-01 21:22:06,delivery,,credit_card,completed
1018689,2,1436,2026-05-01 21:25:13,delivery,BOUDIN20,credit_card,completed
1018690,18,432,2026-05-01 21:37:47,dine_in,,credit_card,completed
1018691,3,1535,2026-05-01 21:39:51,delivery,CRAWFRI,credit_card,completed
1018692,8,2105,2026-05-01 21:43:08,delivery,,credit_card,completed
1018693,16,1128,2026-05-01 21:53:55,delivery,,credit_card,completed
1018694,18,809,2026-05-02 10:49:12,delivery,,credit_card,completed
1018695,6,1690,2026-05-02 10:53:52,delivery,,debit_card,completed
1018696,4,1144,2026-05-02 10:56:10,dine_in,,credit_card,completed
1018697,20,1936,2026-05-02 11:02:06,dine_in,BOUDIN20,credit_card,completed
1018698,11,2476,2026-05-02 11:19:52,drive_thru,,debit_card,completed
1018699,15,,2026-05-02 11:19:53,takeout,,credit_card,completed
1018700,14,584,2026-05-02 11:22:01,,,apple_pay,completed
1018701,3,,2026-05-02 11:22:27,dine_in,,credit_card,completed
1018702,13,,2026-05-02 11:27:44,delivery,,credit_card,completed
1018703,8,,2026-05-02 11:29:53,dine_in,BOUDIN20,credit_card,completed
1018704,16,,2026-05-02 11:32:57,delivery,,credit_card,completed
1018705,14,1984,2026-05-02 11:33:26,dine_in,,credit_card,completed
1018706,19,1434,2026-05-02 11:36:49,takeout,,cash,completed
1018707,18,2216,2026-05-02 11:37:01,drive_thru,,credit_card,completed
1018708,13,,2026-05-02 11:39:06,dine_in,,debit_card,completed
1018709,19,2400,05/02/2026 11:40,takeout,,apple_pay,completed
1018710,12,2186,2026-05-02 11:43:18,dine_in,,apple_pay,completed
1018711,17,1961,2026-05-02 11:43:53,takeout,,credit_card,completed
1018712,6,28,05/02/2026 11:44,dine_in,,credit_card,completed
1018713,7,,2026-05-02 11:44:49,dine_in,,credit_card,completed
1018714,5,808,2026-05-02 11:46:49,dine_in,,credit_card,completed
1018715,13,,2026-05-02 11:48:08,takeout,,credit_card,completed
1018716,16,33,2026-05-02 11:49:33,delivery,,credit_card,completed
1018717,3,532,2026-05-02 11:52:36,dine_in,,credit_card,completed
1018718,3,384,2026-05-02 11:55:17,delivery,,credit_card,completed
1018719,16,1557,2026-05-02 12:04:54,dine_in,,credit_card,completed
1018720,11,2092,2026-05-02 12:06:30,drive_thru,,apple_pay,cancelled
1018721,9,1302,2026-05-02 12:06:37,delivery,BOUDIN20,gift_card,completed
1018722,13,,2026-05-02 12:07:10,dine_in,BOUDIN20,cash,completed
1018723,7,,2026-05-02 12:08:04,dine_in,,credit_card,completed
1018724,12,2375,2026-05-02 12:08:27,dine_in,,credit_card,completed
1018725,14,,2026-05-02 12:08:59,dine_in,,credit_card,completed
1018726,16,1041,2026-05-02 12:11:07,dine_in,,apple_pay,completed
1018727,13,,2026-05-02 12:13:12,dine_in,,debit_card,completed
1018728,6,1977,2026-05-02 12:13:28,takeout,,cash,completed
1018729,3,785,2026-05-02 12:13:56,dine_in,,cash,completed
1018730,1,223,2026-05-02 12:13:58,takeout,,credit_card,completed
1018731,2,1382,2026-05-02 12:15:09,dine_in,,credit_card,completed
1018732,3,1641,2026-05-02 12:15:10,takeout,,credit_card,completed
1018733,7,2108,2026-05-02 12:15:11,dine_in,,apple_pay,completed
1018734,1,253,2026-05-02 12:16:52,dine_in,,debit_card,completed
1018735,18,1655,2026-05-02 12:17:10,dine_in,BOUDIN20,cash,completed
1018736,11,1328,2026-05-02 12:17:15,dine_in,,credit_card,completed
1018737,6,,2026-05-02 12:17:28,dine_in,BOUDIN20,apple_pay,completed
1018738,20,1585,2026-05-02 12:18:29,drive_thru,,cash,completed
1018739,16,218,05/02/2026 12:20,takeout,,credit_card,completed
1018740,20,437,2026-05-02 12:24:23,drive_thru,BOUDIN20,apple_pay,completed
1018741,15,837,2026-05-02 12:25:20,delivery,,credit_card,completed
1018742,1,,2026-05-02 12:26:01,dine_in,,debit_card,completed
1018743,19,1801,2026-05-02 12:26:22,takeout,,credit_card,completed
1018744,19,,2026-05-02 12:28:41,takeout,,credit_card,completed
1018745,20,,2026-05-02 12:31:15,drive_thru,,cash,completed
1018746,12,,2026-05-02 12:31:25,takeout,,gift_card,completed
1018747,16,1079,2026-05-02 12:31:55,dine_in,,credit_card,completed
1018748,12,,2026-05-02 12:33:10,takeout,,credit_card,completed
1018749,14,646,2026-05-02 12:34:15,drive_thru,BOUDIN20,debit_card,completed
1018750,17,,2026-05-02 12:34:47,delivery,,gift_card,completed
1018751,18,684,2026-05-02 12:34:51,dine_in,BOUDIN20,cash,completed
1018752,8,1118,2026-05-02 12:36:28,delivery,,debit_card,completed
1018753,8,1276,2026-05-02 12:36:59,dine_in,,debit_card,completed
1018754,1,,2026-05-02 12:38:19,takeout,,apple_pay,completed
1018755,10,1323,2026-05-02 12:38:28,delivery,,credit_card,completed
1018756,12,,2026-05-02 12:39:46,dine_in,,credit_card,completed
1018757,7,,2026-05-02 12:40:11,dine_in,,credit_card,refunded
1018758,9,1403,2026-05-02 12:42:20,dine_in,,credit_card,completed
1018759,3,,2026-05-02 12:43:06,dine_in,,credit_card,completed
1018760,18,,2026-05-02 12:46:25,dine_in,,debit_card,completed
1018761,8,2387,2026-05-02 12:46:51,takeout,,credit_card,completed
1018762,3,2356,2026-05-02 12:47:04,delivery,,apple_pay,completed
1018763,19,1411,2026-05-02 12:47:41,delivery,,debit_card,completed
1018764,4,1415,2026-05-02 12:49:04,dine_in,BOUDIN20,debit_card,completed
1018765,7,,2026-05-02 12:51:25,dine_in,,cash,refunded
1018766,10,2480,2026-05-02 12:51:44,takeout,,credit_card,completed
1018767,13,2251,2026-05-02 12:52:19,takeout,,debit_card,completed
1018768,17,,2026-05-02 12:53:05,takeout,,gift_card,completed
1018769,16,,2026-05-02 12:53:26,takeout,,credit_card,completed
1018770,11,1922,2026-05-02 12:54:40,delivery,,credit_card,completed
1018771,1,,2026-05-02 12:55:42,delivery,,credit_card,completed
1018772,4,1742,2026-05-02 12:56:00,delivery,,credit_card,completed
1018773,8,,2026-05-02 12:56:14,takeout,,cash,completed
1018774,3,1895,2026-05-02 12:56:30,delivery,,credit_card,completed
1018775,4,31,05/02/2026 13:01,delivery,,apple_pay,completed
1018776,10,1454,2026-05-02 13:01:28,delivery,,debit_card,completed
1018777,14,,2026-05-02 13:05:13,takeout,,debit_card,cancelled
1018778,18,684,2026-05-02 13:05:13,dine_in,BOUDIN20,credit_card,completed
1018779,9,,2026-05-02 13:08:26,dine_in,,gift_card,completed
1018780,7,114,2026-05-02 13:09:27,dine_in,,credit_card,completed
1018781,7,768,2026-05-02 13:10:12,dine_in,,credit_card,completed
1018782,12,1885,2026-05-02 13:10:48,takeout,,debit_card,completed
1018783,8,1018,2026-05-02 13:11:36,takeout,BOUDIN20,credit_card,completed
1018784,12,757,2026-05-02 13:13:32,takeout,,credit_card,completed
1018785,7,,2026-05-02 13:17:10,dine_in,,gift_card,completed
1018786,6,,2026-05-02 13:17:20,drive_thru,,credit_card,completed
1018787,4,2378,2026-05-02 13:17:48,dine_in,,apple_pay,cancelled
1018788,16,,2026-05-02 13:20:01,takeout,,cash,completed
1018789,1,,2026-05-02 13:21:17,dine_in,,credit_card,completed
1018790,4,1202,2026-05-02 13:22:42,delivery,,gift_card,completed
1018791,16,962,05/02/2026 13:25,dine_in,,cash,completed
1018792,1,,2026-05-02 13:32:49,delivery,,credit_card,refunded
1018793,1,,2026-05-02 13:35:50,takeout,,gift_card,completed
1018794,8,104,2026-05-02 13:45:31,delivery,,apple_pay,completed
1018795,12,2168,2026-05-02 14:04:46,delivery,,gift_card,completed
1018796,14,,2026-05-02 14:40:59,drive_thru,,credit_card,refunded
1018797,2,599,2026-05-02 14:44:05,delivery,,credit_card,completed
1018798,16,1979,2026-05-02 14:50:38,takeout,,cash,completed
1018799,13,,05/02/2026 14:54,dine_in,,credit_card,completed
1018800,10,1798,05/02/2026 15:43,drive_thru,,apple_pay,completed
1018801,5,1884,2026-05-02 15:43:43,delivery,,apple_pay,completed
1018802,10,1470,2026-05-02 16:54:33,drive_thru,,debit_card,completed
1018803,18,2147,2026-05-02 16:54:49,delivery,,credit_card,completed
1018804,15,,2026-05-02 17:01:01,drive_thru,BOUDIN20,debit_card,completed
1018805,7,2286,2026-05-02 17:04:09,dine_in,,apple_pay,completed
1018806,8,2303,2026-05-02 17:06:03,takeout,,credit_card,completed
1018807,12,859,2026-05-02 17:18:27,dine_in,,apple_pay,completed
1018808,11,,2026-05-02 17:25:57,delivery,,credit_card,completed
1018809,4,1718,2026-05-02 17:38:16,dine_in,,apple_pay,completed
1018810,15,,2026-05-02 17:41:33,takeout,,credit_card,completed
1018811,17,,2026-05-02 17:52:49,delivery,,apple_pay,completed
1018812,16,439,05/02/2026 17:55,takeout,,debit_card,completed
1018813,7,773,2026-05-02 17:56:58,dine_in,,credit_card,completed
1018814,11,1057,2026-05-02 17:57:51,dine_in,,gift_card,completed
1018815,6,2138,2026-05-02 17:57:59,drive_thru,,apple_pay,completed
1018816,16,,2026-05-02 17:58:07,dine_in,,debit_card,completed
1018817,4,1743,2026-05-02 17:58:35,dine_in,,credit_card,completed
1018818,7,598,2026-05-02 18:01:36,dine_in,,debit_card,completed
1018819,1,465,2026-05-02 18:10:20,dine_in,,gift_card,completed
1018820,20,524,2026-05-02 18:11:44,takeout,,debit_card,cancelled
1018821,8,2261,2026-05-02 18:12:08,dine_in,,cash,completed
1018822,18,,2026-05-02 18:12:46,dine_in,,credit_card,completed
1018823,17,414,2026-05-02 18:13:50,dine_in,,credit_card,completed
1018824,18,1629,2026-05-02 18:16:35,delivery,,debit_card,completed
1018825,11,,2026-05-02 18:16:56,dine_in,,cash,completed
1018826,1,882,2026-05-02 18:20:23,dine_in,,debit_card,completed
1018827,15,1180,2026-05-02 18:21:12,dine_in,,debit_card,cancelled
1018828,1,801,2026-05-02 18:21:45,dine_in,,apple_pay,completed
1018829,11,,2026-05-02 18:22:24,dine_in,,credit_card,completed
1018830,11,2165,2026-05-02 18:23:09,takeout,,credit_card,completed
1018831,17,908,2026-05-02 18:23:10,dine_in,,gift_card,completed
1018832,16,1485,2026-05-02 18:28:02,takeout,,credit_card,completed
1018833,8,359,2026-05-02 18:29:52,takeout,,credit_card,completed
1018834,7,,2026-05-02 18:30:37,dine_in,,credit_card,completed
1018835,13,,2026-05-02 18:30:59,dine_in,,debit_card,completed
1018836,10,,2026-05-02 18:31:37,takeout,,cash,cancelled
1018837,2,253,2026-05-02 18:32:16,takeout,,apple_pay,completed
1018838,3,,05/02/2026 18:32,takeout,,credit_card,completed
1018839,13,1753,2026-05-02 18:32:56,takeout,,debit_card,completed
1018840,15,1864,2026-05-02 18:33:43,delivery,,apple_pay,cancelled
1018841,4,1164,2026-05-02 18:34:15,drive_thru,,credit_card,completed
1018842,12,1426,2026-05-02 18:35:56,delivery,,credit_card,completed
1018843,20,,2026-05-02 18:36:11,dine_in,,debit_card,completed
1018844,18,,2026-05-02 18:38:36,delivery,,credit_card,completed
1018845,2,,2026-05-02 18:38:50,takeout,,credit_card,completed
1018846,6,2066,2026-05-02 18:38:54,drive_thru,,apple_pay,completed
1018847,7,,2026-05-02 18:40:19,takeout,,credit_card,completed
1018848,6,1664,2026-05-02 18:41:10,delivery,,debit_card,completed
1018849,17,,2026-05-02 18:41:37,takeout,,credit_card,completed
1018850,2,,2026-05-02 18:41:41,takeout,BOUDIN20,debit_card,completed
1018851,8,,2026-05-02 18:42:59,takeout,,cash,completed
1018852,6,57,2026-05-02 18:44:40,drive_thru,,debit_card,completed
1018853,5,,2026-05-02 18:49:31,takeout,,credit_card,completed
1018854,14,,2026-05-02 18:50:07,dine_in,,cash,completed
1018855,15,,2026-05-02 18:51:06,drive_thru,,credit_card,completed
1018856,19,966,2026-05-02 18:51:53,drive_thru,,debit_card,completed
1018857,12,,2026-05-02 18:54:19,dine_in,,debit_card,completed
1018858,14,,2026-05-02 18:55:42,dine_in,,credit_card,completed
1018859,8,1551,2026-05-02 18:57:03,takeout,,debit_card,completed
1018860,5,1815,2026-05-02 18:57:34,takeout,,apple_pay,completed
1018861,8,650,2026-05-02 18:59:21,dine_in,,debit_card,completed
1018862,11,1455,2026-05-02 19:03:20,delivery,,credit_card,completed
1018863,2,,2026-05-02 19:04:30,dine_in,,gift_card,completed
1018864,11,,2026-05-02 19:05:44,dine_in,,cash,completed
1018865,12,,2026-05-02 19:06:09,dine_in,,credit_card,completed
1018866,16,,2026-05-02 19:06:17,dine_in,,gift_card,completed
1018867,10,,2026-05-02 19:06:36,dine_in,,credit_card,completed
1018868,18,1689,2026-05-02 19:07:53,delivery,,credit_card,completed
1018869,5,1591,2026-05-02 19:08:40,drive_thru,,credit_card,completed
1018870,14,,2026-05-02 19:13:12,dine_in,,credit_card,refunded
1018871,4,,2026-05-02 19:13:39,dine_in,,debit_card,completed
1018872,15,1227,2026-05-02 19:17:06,delivery,,credit_card,completed
1018873,14,,2026-05-02 19:18:51,delivery,,debit_card,completed
1018874,1,748,2026-05-02 19:19:17,takeout,,debit_card,completed
1018875,6,,2026-05-02 19:19:19,drive_thru,,credit_card,completed
1018876,17,,2026-05-02 19:20:04,delivery,,credit_card,completed
1018877,11,686,2026-05-02 19:20:25,dine_in,,credit_card,completed
1018878,5,407,2026-05-02 19:21:43,delivery,,credit_card,completed
1018879,15,,2026-05-02 19:22:02,delivery,,credit_card,completed
1018880,15,472,2026-05-02 19:23:21,delivery,,debit_card,completed
1018881,12,2309,2026-05-02 19:23:30,dine_in,,cash,completed
1018882,11,128,2026-05-02 19:24:53,dine_in,,credit_card,completed
1018883,13,,2026-05-02 19:25:08,dine_in,,debit_card,completed
1018884,20,524,2026-05-02 19:25:59,delivery,,credit_card,completed
1018885,16,822,2026-05-02 19:26:02,takeout,,cash,cancelled
1018886,1,156,2026-05-02 19:26:14,takeout,,gift_card,completed
1018887,12,334,2026-05-02 19:28:33,,,debit_card,completed
1018888,7,,2026-05-02 19:34:14,dine_in,,debit_card,completed
1018889,20,1174,2026-05-02 19:36:32,drive_thru,,credit_card,completed
1018890,19,945,2026-05-02 19:37:02,dine_in,,apple_pay,completed
1018891,4,1027,2026-05-02 19:40:17,takeout,,apple_pay,completed
1018892,14,,2026-05-02 19:41:07,takeout,,debit_card,completed
1018893,12,2085,2026-05-02 19:41:28,dine_in,,debit_card,completed
1018894,2,821,2026-05-02 19:43:53,delivery,,apple_pay,completed
1018895,13,,2026-05-02 19:45:05,dine_in,,credit_card,completed
1018896,18,2147,2026-05-02 19:49:04,dine_in,,debit_card,completed
1018897,16,486,2026-05-02 19:49:46,dine_in,,debit_card,completed
1018898,15,1493,2026-05-02 19:50:51,dine_in,,debit_card,completed
1018899,18,1544,2026-05-02 19:52:16,drive_thru,,apple_pay,completed
1018900,3,,2026-05-02 19:53:57,takeout,,credit_card,completed
1018901,4,1625,2026-05-02 19:54:27,dine_in,,credit_card,completed
1018902,7,1405,2026-05-02 19:55:25,takeout,,apple_pay,refunded
1018903,16,1655,2026-05-02 19:56:23,dine_in,,credit_card,completed
1018904,10,,2026-05-02 19:57:41,takeout,,debit_card,completed
1018905,1,,2026-05-02 20:01:58,,,cash,completed
1018906,8,1475,2026-05-02 20:04:10,takeout,,debit_card,completed
1018907,3,2082,2026-05-02 20:07:49,dine_in,,credit_card,completed
1018908,8,,2026-05-02 20:13:38,dine_in,,credit_card,completed
1018909,11,1273,2026-05-02 20:20:11,dine_in,,apple_pay,completed
1018910,17,,2026-05-02 20:30:17,delivery,,debit_card,completed
1018911,13,420,2026-05-02 20:37:05,delivery,,credit_card,completed
1018912,13,,2026-05-02 20:40:44,dine_in,,credit_card,completed
1018913,15,,2026-05-02 20:46:20,drive_thru,,credit_card,completed
1018914,8,,2026-05-02 21:01:05,takeout,,debit_card,completed
1018915,17,1358,2026-05-02 21:03:32,delivery,,credit_card,completed
1018916,1,,2026-05-02 21:03:47,takeout,,gift_card,completed
1018917,6,,2026-05-02 21:14:38,dine_in,,credit_card,completed
1018918,6,1644,2026-05-02 21:19:38,drive_thru,,cash,completed
1018919,14,,2026-05-02 21:27:03,drive_thru,,credit_card,completed
1018920,20,2376,2026-05-02 21:58:24,delivery,,credit_card,completed
1018921,4,,2026-05-03 10:57:13,takeout,,credit_card,completed
1018922,1,,2026-05-03 10:59:37,takeout,,credit_card,completed
1018923,11,,2026-05-03 11:07:23,dine_in,,debit_card,completed
1018924,6,2269,2026-05-03 11:07:28,drive_thru,,apple_pay,completed
1018925,16,,2026-05-03 11:12:28,delivery,,credit_card,completed
1018926,17,834,2026-05-03 11:13:01,takeout,,cash,completed
1018927,3,1531,2026-05-03 11:28:25,takeout,,credit_card,completed
1018928,4,1644,2026-05-03 11:31:30,drive_thru,,debit_card,completed
1018929,13,679,2026-05-03 11:35:57,takeout,,credit_card,completed
1018930,14,,2026-05-03 11:44:49,dine_in,,debit_card,completed
1018931,8,1076,2026-05-03 11:45:39,dine_in,,credit_card,completed
1018932,2,1687,2026-05-03 11:48:53,delivery,BOUDIN20,credit_card,completed
1018933,6,510,2026-05-03 11:52:30,delivery,,credit_card,completed
1018934,1,,2026-05-03 11:53:33,takeout,,cash,completed
1018935,16,1246,2026-05-03 11:58:05,delivery,,apple_pay,completed
1018936,14,255,2026-05-03 11:58:16,takeout,,cash,completed
1018937,10,452,2026-05-03 11:59:22,drive_thru,,credit_card,completed
1018938,17,1183,2026-05-03 12:01:25,delivery,,credit_card,completed
1018939,10,1685,2026-05-03 12:02:34,takeout,,gift_card,completed
1018940,18,259,2026-05-03 12:04:33,dine_in,,credit_card,completed
1018941,8,2143,2026-05-03 12:04:42,takeout,,credit_card,completed
1018942,7,1302,2026-05-03 12:06:06,takeout,,credit_card,completed
1018943,2,,2026-05-03 12:06:17,dine_in,,credit_card,completed
1018944,20,,2026-05-03 12:07:18,dine_in,,credit_card,completed
1018945,9,1767,2026-05-03 12:09:39,delivery,,credit_card,completed
1018946,8,2459,2026-05-03 12:09:42,dine_in,BOUDIN20,cash,completed
1018947,17,2496,2026-05-03 12:10:50,takeout,,cash,completed
1018948,7,,2026-05-03 12:11:28,dine_in,,credit_card,completed
1018949,4,,2026-05-03 12:11:51,takeout,,cash,completed
1018950,3,,2026-05-03 12:12:19,takeout,,debit_card,completed
1018951,6,1535,2026-05-03 12:14:41,delivery,,debit_card,completed
1018952,17,,2026-05-03 12:17:21,takeout,,credit_card,completed
1018953,7,1866,2026-05-03 12:17:31,takeout,,credit_card,completed
1018954,18,1561,2026-05-03 12:17:38,dine_in,,credit_card,completed
1018955,16,1427,2026-05-03 12:17:45,takeout,,credit_card,completed
1018956,18,,2026-05-03 12:20:38,takeout,,debit_card,completed
1018957,6,,2026-05-03 12:20:55,dine_in,,credit_card,completed
1018958,18,,2026-05-03 12:22:22,dine_in,BOUDIN20,credit_card,cancelled
1018959,16,970,2026-05-03 12:23:28,takeout,,apple_pay,completed
1018960,11,,2026-05-03 12:23:57,dine_in,,credit_card,completed
1018961,12,1042,2026-05-03 12:24:52,delivery,,apple_pay,completed
1018962,16,610,2026-05-03 12:25:17,dine_in,,debit_card,completed
1018963,16,276,2026-05-03 12:25:28,dine_in,,debit_card,completed
1018964,4,,2026-05-03 12:26:06,delivery,,credit_card,completed
1018965,12,,2026-05-03 12:28:09,dine_in,,debit_card,completed
1018966,9,,2026-05-03 12:29:41,drive_thru,,debit_card,completed
1018967,8,,2026-05-03 12:29:44,dine_in,,credit_card,completed
1018968,12,1598,2026-05-03 12:31:21,takeout,,debit_card,completed
1018969,17,1575,2026-05-03 12:31:58,takeout,,credit_card,completed
1018970,20,1591,2026-05-03 12:33:15,dine_in,,credit_card,completed
1018971,12,,2026-05-03 12:34:55,delivery,,credit_card,completed
1018972,12,1885,2026-05-03 12:35:47,delivery,,credit_card,completed
1018973,19,,2026-05-03 12:38:25,delivery,,debit_card,completed
1018974,19,1365,2026-05-03 12:39:34,takeout,,cash,completed
1018975,20,2271,2026-05-03 12:39:40,drive_thru,,credit_card,completed
1018976,1,821,2026-05-03 12:41:27,takeout,,credit_card,completed
1018977,13,2409,2026-05-03 12:42:25,dine_in,,debit_card,completed
1018978,16,647,2026-05-03 12:42:53,takeout,,credit_card,completed
1018979,15,1727,2026-05-03 12:48:13,drive_thru,,debit_card,completed
1018980,8,2105,2026-05-03 12:48:41,takeout,,credit_card,completed
1018981,18,2475,05/03/2026 12:49,takeout,,credit_card,completed
1018982,2,2494,2026-05-03 12:49:34,takeout,,gift_card,completed
1018983,20,277,2026-05-03 12:50:53,dine_in,,debit_card,completed
1018984,15,860,2026-05-03 12:51:24,drive_thru,,debit_card,completed
1018985,6,,2026-05-03 12:52:18,takeout,,credit_card,completed
1018986,5,,2026-05-03 12:53:41,dine_in,,cash,completed
1018987,9,,2026-05-03 12:56:10,delivery,,debit_card,completed
1018988,13,,2026-05-03 12:56:31,takeout,,debit_card,completed
1018989,15,140,2026-05-03 12:57:48,delivery,,credit_card,completed
1018990,17,1850,2026-05-03 12:58:25,delivery,,debit_card,completed
1018991,17,1259,2026-05-03 12:59:25,dine_in,,apple_pay,completed
1018992,3,397,2026-05-03 13:00:47,takeout,BOUDIN20,debit_card,completed
1018993,7,,2026-05-03 13:00:47,takeout,,apple_pay,completed
1018994,9,,2026-05-03 13:08:32,dine_in,,debit_card,completed
1018995,18,1694,2026-05-03 13:13:31,delivery,,credit_card,completed
1018996,8,1118,2026-05-03 13:16:24,delivery,BOUDIN20,credit_card,completed
1018997,8,2143,05/03/2026 13:16,dine_in,,cash,completed
1018998,18,2145,2026-05-03 13:17:05,drive_thru,,debit_card,completed
1018999,1,2110,2026-05-03 13:18:34,takeout,,cash,refunded
1019000,14,2323,2026-05-03 13:21:06,drive_thru,BOUDIN20,apple_pay,completed
1019001,2,9,2026-05-03 13:23:32,delivery,BOUDIN20,credit_card,completed
1019002,3,1529,2026-05-03 13:23:46,dine_in,,credit_card,completed
1019003,8,1363,2026-05-03 13:24:05,takeout,,gift_card,completed
1019004,19,1062,05/03/2026 13:25,takeout,,debit_card,completed
1019005,4,869,2026-05-03 13:26:45,takeout,,debit_card,completed
1019006,16,769,2026-05-03 13:28:06,delivery,,credit_card,completed
1019007,1,,2026-05-03 13:36:12,takeout,,debit_card,completed
1019008,14,,2026-05-03 13:45:18,dine_in,,gift_card,completed
1019009,6,1347,2026-05-03 14:33:38,dine_in,,credit_card,completed
1019010,6,,2026-05-03 14:39:25,drive_thru,BOUDIN20,apple_pay,completed
1019011,20,1248,2026-05-03 15:11:12,dine_in,,credit_card,completed
1019012,16,2016,2026-05-03 15:19:44,dine_in,,credit_card,completed
1019013,3,1509,2026-05-03 15:32:49,dine_in,BOUDIN20,cash,completed
1019014,11,,2026-05-03 15:42:25,dine_in,,apple_pay,completed
1019015,18,2216,2026-05-03 15:44:32,drive_thru,,apple_pay,completed
1019016,15,601,2026-05-03 15:50:01,delivery,BOUDIN20,apple_pay,completed
1019017,2,1651,05/03/2026 15:51,dine_in,,apple_pay,completed
1019018,2,1806,2026-05-03 15:53:14,delivery,,apple_pay,refunded
1019019,4,,2026-05-03 16:03:22,delivery,,credit_card,completed
1019020,12,860,2026-05-03 16:27:09,delivery,,credit_card,refunded
1019021,16,1655,2026-05-03 17:00:49,delivery,,credit_card,cancelled
1019022,14,,2026-05-03 17:02:27,drive_thru,,credit_card,completed
1019023,15,1976,2026-05-03 17:02:58,dine_in,,credit_card,completed
1019024,10,1833,2026-05-03 17:20:31,delivery,,credit_card,completed
1019025,10,1208,2026-05-03 17:24:39,drive_thru,,credit_card,completed
1019026,8,,2026-05-03 17:28:29,delivery,,credit_card,completed
1019027,12,,2026-05-03 17:39:24,delivery,,apple_pay,completed
1019028,20,,05/03/2026 17:45,delivery,,credit_card,completed
1019029,19,,2026-05-03 17:51:48,,,apple_pay,completed
1019030,2,,2026-05-03 17:55:36,dine_in,,credit_card,completed
1019031,20,733,2026-05-03 17:56:59,delivery,,debit_card,completed
1019032,6,,2026-05-03 17:57:09,drive_thru,,debit_card,completed
1019033,1,1309,2026-05-03 17:57:27,dine_in,,credit_card,completed
1019034,11,1728,2026-05-03 17:58:50,dine_in,,cash,completed
1019035,19,830,2026-05-03 18:09:19,drive_thru,,credit_card,completed
1019036,6,1714,2026-05-03 18:13:31,drive_thru,,credit_card,completed
1019037,16,,2026-05-03 18:14:36,delivery,,credit_card,completed
1019038,6,537,2026-05-03 18:15:12,delivery,,credit_card,completed
1019039,4,,2026-05-03 18:16:00,drive_thru,,credit_card,completed
1019040,5,,2026-05-03 18:16:33,delivery,,credit_card,completed
1019041,11,145,2026-05-03 18:19:57,dine_in,,debit_card,completed
1019042,2,55,2026-05-03 18:21:26,dine_in,,credit_card,completed
1019043,9,,2026-05-03 18:22:11,drive_thru,,cash,completed
1019044,6,151,2026-05-03 18:22:16,drive_thru,,apple_pay,completed
1019045,19,273,2026-05-03 18:22:41,drive_thru,,debit_card,completed
1019046,9,1792,2026-05-03 18:24:43,dine_in,BOUDIN20,debit_card,completed
1019047,11,941,2026-05-03 18:24:49,delivery,,debit_card,completed
1019048,2,1515,2026-05-03 18:26:16,takeout,,credit_card,completed
1019049,9,73,2026-05-03 18:26:29,dine_in,,credit_card,completed
1019050,5,234,2026-05-03 18:26:57,delivery,,credit_card,completed
1019051,8,104,2026-05-03 18:30:30,dine_in,,credit_card,completed
1019052,3,,2026-05-03 18:30:40,takeout,,debit_card,completed
1019053,17,1285,05/03/2026 18:30,delivery,,credit_card,completed
1019054,4,593,2026-05-03 18:31:38,drive_thru,,cash,refunded
1019055,17,2496,2026-05-03 18:38:13,delivery,,debit_card,completed
1019056,3,,2026-05-03 18:43:14,dine_in,,credit_card,completed
1019057,19,,2026-05-03 18:46:04,drive_thru,,debit_card,completed
1019058,7,2230,2026-05-03 18:50:58,delivery,,credit_card,completed
1019059,9,2188,2026-05-03 18:51:35,delivery,,gift_card,completed
1019060,15,,2026-05-03 18:52:31,drive_thru,BOUDIN20,debit_card,completed
1019061,11,,2026-05-03 18:52:48,dine_in,,credit_card,completed
1019062,14,855,2026-05-03 18:53:04,dine_in,,credit_card,completed
1019063,12,334,2026-05-03 18:54:28,takeout,,credit_card,completed
1019064,9,1546,2026-05-03 18:55:11,dine_in,,gift_card,completed
1019065,19,,2026-05-03 18:58:20,delivery,,debit_card,completed
1019066,13,,2026-05-03 19:01:22,dine_in,,cash,completed
1019067,4,1330,2026-05-03 19:03:15,dine_in,,credit_card,completed
1019068,19,1537,2026-05-03 19:03:46,delivery,,credit_card,completed
1019069,7,969,2026-05-03 19:05:31,delivery,,debit_card,completed
1019070,14,,2026-05-03 19:08:25,delivery,,credit_card,completed
1019071,12,,2026-05-03 19:10:15,dine_in,,credit_card,completed
1019072,19,1411,2026-05-03 19:10:53,drive_thru,BOUDIN20,debit_card,completed
1019073,15,2369,2026-05-03 19:11:57,dine_in,,apple_pay,completed
1019074,16,119,2026-05-03 19:13:56,dine_in,,debit_card,completed
1019075,13,1727,2026-05-03 19:14:34,takeout,,credit_card,completed
1019076,12,807,2026-05-03 19:15:22,delivery,,apple_pay,completed
1019077,13,1897,2026-05-03 19:16:47,takeout,,credit_card,completed
1019078,16,1246,2026-05-03 19:18:06,delivery,,credit_card,completed
1019079,17,,2026-05-03 19:19:42,dine_in,,credit_card,completed
1019080,19,1711,2026-05-03 19:20:14,dine_in,,debit_card,completed
1019081,15,,2026-05-03 19:21:56,drive_thru,,credit_card,completed
1019082,6,,2026-05-03 19:25:56,dine_in,BOUDIN20,apple_pay,completed
1019083,2,1407,2026-05-03 19:26:08,dine_in,,cash,completed
1019084,16,1519,2026-05-03 19:27:10,takeout,BOUDIN20,credit_card,completed
1019085,6,1333,2026-05-03 19:27:56,dine_in,,apple_pay,completed
1019086,9,2288,2026-05-03 19:28:37,drive_thru,,credit_card,completed
1019087,18,2238,2026-05-03 19:31:35,,,credit_card,completed
1019088,6,,2026-05-03 19:34:13,takeout,,cash,cancelled
1019089,3,2439,2026-05-03 19:34:48,dine_in,,cash,completed
1019090,19,987,2026-05-03 19:38:19,delivery,,debit_card,completed
1019091,4,,2026-05-03 19:41:55,drive_thru,,debit_card,completed
1019092,12,,2026-05-03 19:42:46,dine_in,,debit_card,completed
1019093,7,107,2026-05-03 19:43:04,takeout,,credit_card,completed
1019094,13,,2026-05-03 19:50:32,takeout,,debit_card,completed
1019095,10,1799,2026-05-03 19:50:39,dine_in,,debit_card,completed
1019096,11,1980,2026-05-03 19:51:56,drive_thru,,debit_card,completed
1019097,5,,2026-05-03 19:53:11,drive_thru,,apple_pay,completed
1019098,9,2033,2026-05-03 19:53:50,drive_thru,,credit_card,completed
1019099,10,2201,2026-05-03 19:56:43,drive_thru,,debit_card,completed
1019100,9,857,2026-05-03 20:04:50,drive_thru,,cash,completed
1019101,16,,2026-05-03 20:10:35,dine_in,,apple_pay,completed
1019102,13,617,2026-05-03 20:11:40,delivery,,apple_pay,completed
1019103,16,326,2026-05-03 20:19:21,delivery,,debit_card,completed
1019104,6,,2026-05-03 20:20:33,dine_in,,apple_pay,completed
1019105,13,1652,2026-05-03 20:23:48,dine_in,,cash,completed
1019106,1,,2026-05-03 20:45:26,delivery,,credit_card,completed
1019107,13,592,2026-05-03 21:34:40,dine_in,,credit_card,completed
1019108,13,,2026-05-03 21:38:52,takeout,,credit_card,completed
1019109,7,,2026-05-03 21:47:39,dine_in,,credit_card,completed
1019110,8,1088,2026-05-04 11:09:30,delivery,BOUDIN20,credit_card,cancelled
1019111,10,1208,2026-05-04 11:16:21,drive_thru,,apple_pay,completed
1019112,6,2438,2026-05-04 11:22:10,dine_in,,credit_card,completed
1019113,2,541,2026-05-04 11:25:48,delivery,,debit_card,completed
1019114,6,2439,2026-05-04 11:26:46,delivery,,apple_pay,completed
1019115,10,2395,2026-05-04 11:33:45,delivery,,credit_card,completed
1019116,3,,2026-05-04 11:36:26,dine_in,,cash,completed
1019117,19,,2026-05-04 11:38:01,dine_in,,credit_card,completed
1019118,2,,2026-05-04 11:39:07,dine_in,,credit_card,completed
1019119,2,897,2026-05-04 11:45:59,,,debit_card,completed
1019120,5,889,2026-05-04 11:46:08,dine_in,,debit_card,completed
1019121,7,,2026-05-04 11:47:32,dine_in,,apple_pay,completed
1019122,1,,2026-05-04 11:47:40,delivery,,credit_card,completed
1019123,7,,2026-05-04 11:50:12,takeout,,cash,completed
1019124,16,,2026-05-04 11:50:28,dine_in,,gift_card,cancelled
1019125,8,1406,2026-05-04 11:50:39,delivery,,credit_card,completed
1019126,16,1557,2026-05-04 11:52:32,takeout,,debit_card,completed
1019127,19,273,2026-05-04 11:54:27,drive_thru,,credit_card,completed
1019128,12,697,2026-05-04 11:55:33,takeout,,apple_pay,completed
1019129,7,2318,2026-05-04 11:56:48,takeout,,debit_card,completed
1019130,13,,2026-05-04 11:57:27,takeout,,credit_card,completed
1019131,1,253,2026-05-04 11:58:18,dine_in,,debit_card,completed
1019132,10,2425,2026-05-04 11:59:26,dine_in,,credit_card,completed
1019133,6,1195,2026-05-04 12:00:13,delivery,,credit_card,completed
1019134,12,,2026-05-04 12:00:32,dine_in,,credit_card,completed
1019135,20,1383,2026-05-04 12:01:09,drive_thru,,credit_card,completed
1019136,10,,2026-05-04 12:04:12,dine_in,,credit_card,completed
1019137,4,1569,2026-05-04 12:05:34,dine_in,,apple_pay,completed
1019138,8,,2026-05-04 12:07:49,dine_in,,apple_pay,refunded
1019139,14,596,2026-05-04 12:07:51,dine_in,,credit_card,completed
1019140,9,,2026-05-04 12:08:28,delivery,,credit_card,completed
1019141,19,1063,2026-05-04 12:12:04,delivery,,debit_card,completed
1019142,2,1334,2026-05-04 12:14:40,dine_in,,credit_card,completed
1019143,1,,2026-05-04 12:16:03,dine_in,BOUDIN20,debit_card,completed
1019144,19,,2026-05-04 12:16:47,delivery,,debit_card,completed
1019145,8,667,2026-05-04 12:16:48,dine_in,,gift_card,cancelled
1019146,11,522,2026-05-04 12:18:18,drive_thru,BOUDIN20,credit_card,completed
1019147,1,1991,2026-05-04 12:19:00,dine_in,,credit_card,completed
1019148,4,,2026-05-04 12:19:10,delivery,,debit_card,completed
1019149,19,,2026-05-04 12:20:23,takeout,BOUDIN20,cash,completed
1019150,3,,2026-05-04 12:20:51,dine_in,,debit_card,completed
1019151,1,,2026-05-04 12:21:44,takeout,,cash,completed
1019152,6,1778,2026-05-04 12:23:17,takeout,,debit_card,completed
1019153,11,,2026-05-04 12:23:20,drive_thru,,apple_pay,completed
1019154,13,,2026-05-04 12:23:54,takeout,,debit_card,completed
1019155,9,21,2026-05-04 12:25:43,delivery,,debit_card,completed
1019156,9,1053,2026-05-04 12:27:09,drive_thru,,apple_pay,completed
1019157,3,,2026-05-04 12:28:37,delivery,,credit_card,completed
1019158,5,,2026-05-04 12:31:44,dine_in,,apple_pay,completed
1019159,4,155,2026-05-04 12:36:49,delivery,,credit_card,completed
1019160,7,912,2026-05-04 12:36:51,dine_in,,cash,completed
1019161,12,,2026-05-04 12:38:28,dine_in,,apple_pay,completed
1019162,3,2359,2026-05-04 12:38:30,delivery,,apple_pay,completed
1019163,4,,2026-05-04 12:40:30,delivery,,credit_card,completed
1019164,15,1653,2026-05-04 12:40:38,delivery,,gift_card,completed
1019165,13,985,2026-05-04 12:42:44,delivery,,apple_pay,completed
1019166,5,,2026-05-04 12:42:56,dine_in,BOUDIN20,apple_pay,completed
1019167,12,1940,2026-05-04 12:43:18,delivery,,debit_card,completed
1019168,5,,2026-05-04 12:44:22,drive_thru,,credit_card,completed
1019169,10,1950,2026-05-04 12:45:22,drive_thru,,credit_card,completed
1019170,12,,2026-05-04 12:45:36,delivery,,apple_pay,completed
1019171,5,2354,2026-05-04 12:49:16,,,cash,completed
1019172,4,1848,2026-05-04 12:59:03,takeout,,cash,completed
1019173,19,1451,2026-05-04 12:59:42,drive_thru,,cash,completed
1019174,7,13,2026-05-04 12:59:43,dine_in,,credit_card,completed
1019175,7,549,2026-05-04 13:00:08,dine_in,,apple_pay,completed
1019176,15,1752,2026-05-04 13:01:39,drive_thru,,credit_card,completed
1019177,15,837,2026-05-04 13:01:52,dine_in,,credit_card,completed
1019178,15,1409,2026-05-04 13:09:25,delivery,BOUDIN20,apple_pay,completed
1019179,15,337,2026-05-04 13:11:09,drive_thru,,credit_card,completed
1019180,20,593,2026-05-04 13:12:39,delivery,,debit_card,completed
1019181,4,,2026-05-04 13:13:35,drive_thru,,debit_card,completed
1019182,19,204,2026-05-04 13:23:15,dine_in,,apple_pay,refunded
1019183,19,,2026-05-04 13:27:03,dine_in,,debit_card,completed
1019184,1,721,2026-05-04 13:28:45,takeout,,credit_card,completed
1019185,11,2387,2026-05-04 13:33:15,delivery,,apple_pay,completed
1019186,8,,2026-05-04 13:36:39,dine_in,,credit_card,completed
1019187,3,2197,2026-05-04 13:41:33,delivery,,credit_card,completed
1019188,7,358,2026-05-04 13:53:04,takeout,,credit_card,completed
1019189,4,996,2026-05-04 14:03:55,takeout,,debit_card,completed
1019190,14,2086,2026-05-04 14:08:19,drive_thru,,credit_card,completed
1019191,17,1655,2026-05-04 14:10:53,delivery,,credit_card,completed
1019192,17,1575,2026-05-04 14:14:38,dine_in,,credit_card,completed
1019193,4,1205,2026-05-04 14:39:04,takeout,,credit_card,completed
1019194,10,939,2026-05-04 14:40:12,dine_in,,credit_card,completed
1019195,13,76,2026-05-04 15:06:30,takeout,,apple_pay,completed
1019196,14,413,2026-05-04 15:20:23,delivery,,credit_card,completed
1019197,5,54,2026-05-04 15:33:15,dine_in,,debit_card,completed
1019198,10,,2026-05-04 15:37:17,dine_in,,apple_pay,completed
1019199,3,,2026-05-04 15:38:32,delivery,,debit_card,completed
1019200,1,978,2026-05-04 15:50:27,dine_in,,credit_card,completed
1019201,3,,2026-05-04 15:59:12,delivery,,credit_card,completed
1019202,19,947,2026-05-04 16:15:25,delivery,BOUDIN20,apple_pay,completed
1019203,4,2064,05/04/2026 16:42,drive_thru,,apple_pay,completed
1019204,2,,2026-05-04 16:54:10,dine_in,,credit_card,completed
1019205,12,316,2026-05-04 16:59:57,dine_in,,debit_card,completed
1019206,3,1531,2026-05-04 17:21:33,delivery,,credit_card,completed
1019207,9,,2026-05-04 17:24:16,dine_in,,credit_card,completed
1019208,12,1793,2026-05-04 17:28:42,takeout,,credit_card,completed
1019209,2,,2026-05-04 17:32:06,takeout,,credit_card,completed
1019210,16,,2026-05-04 17:34:20,dine_in,,debit_card,completed
1019211,15,814,2026-05-04 17:34:43,dine_in,,credit_card,completed
1019212,5,2362,2026-05-04 17:35:09,drive_thru,,cash,completed
1019213,12,,2026-05-04 17:58:54,delivery,,credit_card,completed
1019214,7,107,2026-05-04 18:00:41,dine_in,,credit_card,completed
1019215,6,865,2026-05-04 18:02:37,delivery,,credit_card,completed
1019216,14,,2026-05-04 18:05:24,takeout,,debit_card,completed
1019217,8,667,2026-05-04 18:06:25,delivery,,credit_card,completed
1019218,5,873,2026-05-04 18:09:53,takeout,,debit_card,completed
1019219,20,,2026-05-04 18:15:11,delivery,,credit_card,completed
1019220,17,2317,2026-05-04 18:16:04,delivery,,credit_card,completed
1019221,4,1027,2026-05-04 18:17:04,delivery,,credit_card,completed
1019222,11,2436,2026-05-04 18:23:18,,,credit_card,completed
1019223,19,,2026-05-04 18:23:18,dine_in,,cash,completed
1019224,11,,2026-05-04 18:25:29,delivery,,debit_card,completed
1019225,1,250,2026-05-04 18:26:22,delivery,,credit_card,completed
1019226,10,1550,2026-05-04 18:30:54,drive_thru,,credit_card,completed
1019227,14,654,2026-05-04 18:31:44,dine_in,,debit_card,completed
1019228,7,988,2026-05-04 18:33:39,delivery,,credit_card,completed
1019229,5,,2026-05-04 18:34:27,drive_thru,,cash,completed
1019230,6,1099,2026-05-04 18:38:12,takeout,,apple_pay,completed
1019231,10,21,2026-05-04 18:38:19,drive_thru,,credit_card,completed
1019232,2,,2026-05-04 18:39:46,dine_in,,credit_card,completed
1019233,12,,2026-05-04 18:40:05,dine_in,,credit_card,completed
1019234,19,,2026-05-04 18:40:08,takeout,,apple_pay,completed
1019235,1,2018,2026-05-04 18:40:26,takeout,,credit_card,completed
1019236,18,400,2026-05-04 18:41:00,takeout,,credit_card,completed
1019237,6,,2026-05-04 18:41:07,dine_in,,debit_card,completed
1019238,12,,2026-05-04 18:41:33,takeout,,credit_card,completed
1019239,18,1544,2026-05-04 18:41:39,dine_in,,credit_card,completed
1019240,19,80,2026-05-04 18:43:33,takeout,,credit_card,completed
1019241,9,1922,2026-05-04 18:44:01,delivery,,gift_card,completed
1019242,11,1273,2026-05-04 18:44:35,takeout,,apple_pay,completed
1019243,2,120,2026-05-04 18:46:39,dine_in,,credit_card,completed
1019244,17,1183,2026-05-04 18:47:38,dine_in,,debit_card,completed
1019245,12,214,2026-05-04 18:50:51,dine_in,,credit_card,completed
1019246,3,953,2026-05-04 18:51:47,delivery,,apple_pay,completed
1019247,6,290,2026-05-04 18:53:17,delivery,,credit_card,completed
1019248,2,2196,2026-05-04 18:56:53,dine_in,,debit_card,refunded
1019249,4,,2026-05-04 18:59:13,delivery,,apple_pay,completed
1019250,3,1145,2026-05-04 19:01:51,delivery,BOUDIN20,debit_card,completed
1019251,13,,2026-05-04 19:06:33,takeout,,credit_card,completed
1019252,8,,2026-05-04 19:06:34,dine_in,,debit_card,completed
1019253,10,,2026-05-04 19:07:20,dine_in,,debit_card,completed
1019254,1,,2026-05-04 19:09:17,takeout,,apple_pay,completed
1019255,20,2271,2026-05-04 19:10:07,drive_thru,,apple_pay,completed
1019256,2,,2026-05-04 19:11:19,takeout,,gift_card,completed
1019257,4,1624,05/04/2026 19:11,delivery,,debit_card,completed
1019258,20,,2026-05-04 19:11:50,drive_thru,,cash,completed
1019259,10,2027,2026-05-04 19:12:33,drive_thru,,debit_card,completed
1019260,17,,2026-05-04 19:15:06,dine_in,BOUDIN20,gift_card,completed
1019261,20,,2026-05-04 19:16:16,takeout,,credit_card,completed
1019262,3,343,2026-05-04 19:19:37,dine_in,,debit_card,completed
1019263,2,,2026-05-04 19:23:49,delivery,,credit_card,completed
1019264,13,413,2026-05-04 19:25:45,dine_in,,credit_card,completed
1019265,13,2123,2026-05-04 19:26:18,takeout,,apple_pay,completed
1019266,2,,2026-05-04 19:26:29,delivery,,apple_pay,completed
1019267,12,,2026-05-04 19:26:59,dine_in,,cash,completed
1019268,8,2293,2026-05-04 19:28:40,dine_in,,debit_card,completed
1019269,20,1853,2026-05-04 19:36:58,delivery,,gift_card,completed
1019270,3,2401,2026-05-04 19:37:12,delivery,,debit_card,completed
1019271,6,,2026-05-04 19:39:52,dine_in,,credit_card,completed
1019272,12,1912,2026-05-04 19:47:19,dine_in,,credit_card,completed
1019273,5,1030,2026-05-04 19:48:15,dine_in,,credit_card,completed
1019274,1,,2026-05-04 19:49:37,dine_in,,credit_card,completed
1019275,4,407,2026-05-04 19:50:27,drive_thru,,apple_pay,completed
1019276,12,757,2026-05-04 19:50:59,dine_in,,credit_card,completed
1019277,17,1079,2026-05-04 19:54:13,dine_in,,cash,completed
1019278,7,782,2026-05-04 19:54:39,dine_in,,debit_card,completed
1019279,11,,2026-05-04 20:04:59,dine_in,,debit_card,completed
1019280,11,904,2026-05-04 20:06:02,dine_in,,cash,completed
1019281,9,1118,2026-05-04 20:09:04,dine_in,,credit_card,completed
1019282,13,1204,2026-05-04 20:15:32,takeout,,credit_card,completed
1019283,10,1810,2026-05-04 20:16:17,dine_in,,debit_card,completed
1019284,2,,2026-05-04 20:19:58,dine_in,,credit_card,completed
1019285,4,,05/04/2026 20:21,delivery,,credit_card,completed
1019286,19,,2026-05-04 20:26:39,dine_in,,credit_card,completed
1019287,19,,2026-05-04 20:29:38,dine_in,,credit_card,completed
1019288,18,,2026-05-04 20:54:32,dine_in,,credit_card,completed
1019289,6,1588,2026-05-04 21:00:28,delivery,,credit_card,completed
1019290,3,713,2026-05-04 21:15:35,dine_in,,credit_card,completed
1019291,14,2482,2026-05-04 21:26:38,delivery,,credit_card,completed
1019292,9,,2026-05-04 21:33:02,dine_in,,debit_card,completed
1019293,2,,2026-05-04 21:35:13,takeout,,credit_card,completed
1019294,19,2487,2026-05-05 11:03:31,delivery,BOUDIN20,credit_card,completed
1019295,15,,2026-05-05 11:20:29,delivery,,debit_card,completed
1019296,7,568,2026-05-05 11:25:04,dine_in,,cash,completed
1019297,7,1479,2026-05-05 11:34:24,delivery,,apple_pay,completed
1019298,13,1170,2026-05-05 11:38:55,takeout,,cash,completed
1019299,8,667,2026-05-05 11:43:27,delivery,,credit_card,completed
1019300,3,,2026-05-05 11:46:31,dine_in,,cash,completed
1019301,9,763,2026-05-05 11:47:14,dine_in,,credit_card,completed
1019302,8,1829,2026-05-05 11:47:15,dine_in,,credit_card,completed
1019303,16,60,2026-05-05 11:50:45,takeout,,credit_card,completed
1019304,13,1042,2026-05-05 11:51:29,dine_in,,credit_card,completed
1019305,9,,2026-05-05 11:52:17,delivery,,gift_card,completed
1019306,4,1038,2026-05-05 11:56:07,dine_in,BOUDIN20,cash,completed
1019307,12,860,2026-05-05 11:56:18,delivery,,credit_card,completed
1019308,9,1345,05/05/2026 11:57,dine_in,,cash,completed
1019309,20,1682,2026-05-05 11:59:05,dine_in,,credit_card,completed
1019310,10,606,2026-05-05 12:01:12,drive_thru,,apple_pay,completed
1019311,6,,2026-05-05 12:01:53,dine_in,,credit_card,completed
1019312,5,,2026-05-05 12:02:12,drive_thru,,apple_pay,completed
1019313,8,1092,2026-05-05 12:04:33,delivery,,debit_card,completed
1019314,6,164,2026-05-05 12:08:35,dine_in,,debit_card,completed
1019315,6,921,2026-05-05 12:11:11,takeout,,cash,completed
1019316,14,,2026-05-05 12:11:41,delivery,,credit_card,completed
1019317,20,143,2026-05-05 12:13:48,takeout,,credit_card,completed
1019318,18,796,2026-05-05 12:16:07,drive_thru,,apple_pay,completed
1019319,4,,2026-05-05 12:24:52,delivery,,credit_card,completed
1019320,20,,2026-05-05 12:24:57,dine_in,BOUDIN20,apple_pay,completed
1019321,6,425,2026-05-05 12:27:29,drive_thru,,credit_card,completed
1019322,6,,2026-05-05 12:27:35,takeout,,cash,completed
1019323,13,1023,2026-05-05 12:28:28,dine_in,,credit_card,completed
1019324,6,1501,2026-05-05 12:29:32,dine_in,,debit_card,completed
1019325,20,,2026-05-05 12:30:26,dine_in,,debit_card,completed
1019326,9,358,2026-05-05 12:31:13,dine_in,,gift_card,completed
1019327,12,,2026-05-05 12:31:14,delivery,,credit_card,completed
1019328,19,357,2026-05-05 12:32:14,dine_in,,credit_card,completed
1019329,1,,2026-05-05 12:33:31,delivery,,gift_card,completed
1019330,18,1130,2026-05-05 12:37:38,delivery,,credit_card,completed
1019331,19,206,2026-05-05 12:40:20,dine_in,BOUDIN20,credit_card,completed
1019332,2,375,2026-05-05 12:40:58,dine_in,,credit_card,completed
1019333,7,,2026-05-05 12:44:29,takeout,BOUDIN20,cash,completed
1019334,8,,2026-05-05 12:45:14,delivery,,debit_card,completed
1019335,9,1792,2026-05-05 12:52:32,dine_in,,debit_card,completed
1019336,17,2051,2026-05-05 12:55:24,dine_in,,gift_card,completed
1019337,3,2171,2026-05-05 12:58:31,dine_in,,debit_card,completed
1019338,14,584,2026-05-05 12:59:41,dine_in,,cash,completed
1019339,20,1969,2026-05-05 13:00:31,dine_in,,apple_pay,completed
1019340,18,936,2026-05-05 13:01:48,takeout,,cash,completed
1019341,12,903,2026-05-05 13:02:12,delivery,,credit_card,completed
1019342,4,1349,2026-05-05 13:04:03,dine_in,,credit_card,completed
1019343,3,683,2026-05-05 13:09:06,delivery,,credit_card,completed
1019344,5,1619,2026-05-05 13:14:35,drive_thru,,credit_card,completed
1019345,8,,2026-05-05 13:15:20,dine_in,,cash,completed
1019346,4,2397,2026-05-05 13:21:13,takeout,,debit_card,completed
1019347,2,,2026-05-05 13:21:36,dine_in,,credit_card,completed
1019348,11,2220,2026-05-05 13:26:43,drive_thru,,credit_card,completed
1019349,1,2473,2026-05-05 13:32:12,dine_in,,cash,completed
1019350,9,,2026-05-05 13:39:39,takeout,BOUDIN20,cash,completed
1019351,17,1221,2026-05-05 13:44:49,delivery,,credit_card,completed
1019352,8,,2026-05-05 13:48:34,takeout,,apple_pay,completed
1019353,13,1862,05/05/2026 13:51,dine_in,,apple_pay,completed
1019354,13,,2026-05-05 13:57:33,delivery,,credit_card,completed
1019355,4,,2026-05-05 14:01:47,delivery,,gift_card,completed
1019356,12,,2026-05-05 14:31:50,delivery,,credit_card,completed
1019357,8,839,2026-05-05 14:41:38,delivery,,debit_card,completed
1019358,3,9,2026-05-05 14:43:28,delivery,,credit_card,completed
1019359,16,1246,2026-05-05 15:39:00,delivery,,apple_pay,completed
1019360,14,855,2026-05-05 15:42:51,delivery,,credit_card,completed
1019361,3,,2026-05-05 15:58:43,delivery,,credit_card,refunded
1019362,3,1235,2026-05-05 16:50:00,takeout,BOUDIN20,gift_card,completed
1019363,5,2080,2026-05-05 17:04:35,delivery,,credit_card,completed
1019364,20,2242,2026-05-05 17:27:21,drive_thru,,credit_card,completed
1019365,11,2436,2026-05-05 17:30:10,dine_in,,credit_card,completed
1019366,8,1088,2026-05-05 17:44:50,dine_in,,credit_card,completed
1019367,1,775,2026-05-05 17:48:06,dine_in,,gift_card,completed
1019368,14,1774,2026-05-05 18:01:26,dine_in,,cash,completed
1019369,6,,2026-05-05 18:05:44,delivery,,gift_card,completed
1019370,6,2270,2026-05-05 18:10:04,delivery,BOUDIN20,debit_card,completed
1019371,13,617,2026-05-05 18:12:08,dine_in,,credit_card,completed
1019372,10,118,2026-05-05 18:17:20,dine_in,,cash,completed
1019373,3,,2026-05-05 18:17:24,dine_in,,cash,completed
1019374,20,,2026-05-05 18:20:32,dine_in,,credit_card,completed
1019375,17,,2026-05-05 18:20:51,dine_in,,cash,completed
1019376,7,614,2026-05-05 18:21:10,dine_in,,credit_card,completed
1019377,11,,2026-05-05 18:21:42,dine_in,,credit_card,completed
1019378,5,808,2026-05-05 18:24:21,dine_in,,credit_card,completed
1019379,10,1549,2026-05-05 18:27:29,drive_thru,,apple_pay,completed
1019380,8,2229,2026-05-05 18:27:37,dine_in,,cash,completed
1019381,7,,2026-05-05 18:30:21,dine_in,,credit_card,completed
1019382,17,,2026-05-05 18:31:48,dine_in,,credit_card,completed
1019383,13,1465,2026-05-05 18:35:40,takeout,,credit_card,completed
1019384,11,1377,2026-05-05 18:36:02,drive_thru,,credit_card,completed
1019385,7,614,2026-05-05 18:40:42,dine_in,,credit_card,completed
1019386,3,,2026-05-05 18:43:29,delivery,,credit_card,completed
1019387,5,,2026-05-05 18:45:52,delivery,,apple_pay,completed
1019388,5,2354,2026-05-05 18:46:11,drive_thru,,credit_card,completed
1019389,5,1749,2026-05-05 18:46:35,dine_in,,cash,cancelled
1019390,3,1499,2026-05-05 18:47:45,dine_in,BOUDIN20,gift_card,completed
1019391,2,1916,2026-05-05 18:48:25,dine_in,,apple_pay,completed
1019392,10,1975,2026-05-05 18:49:38,delivery,,credit_card,completed
1019393,20,1248,2026-05-05 18:50:28,delivery,,apple_pay,completed
1019394,12,38,2026-05-05 18:51:56,takeout,,cash,completed
1019395,5,681,2026-05-05 18:53:07,takeout,,debit_card,completed
1019396,3,1102,2026-05-05 18:55:02,takeout,,debit_card,completed
1019397,2,2174,2026-05-05 18:57:17,delivery,,debit_card,completed
1019398,8,1151,2026-05-05 18:58:31,delivery,,apple_pay,completed
1019399,11,,2026-05-05 18:59:13,delivery,,apple_pay,completed
1019400,7,,2026-05-05 19:01:39,dine_in,,debit_card,completed
1019401,4,111,2026-05-05 19:02:15,drive_thru,,credit_card,completed
1019402,1,1909,2026-05-05 19:03:02,delivery,,credit_card,completed
1019403,7,,2026-05-05 19:06:13,dine_in,,credit_card,completed
1019404,14,,2026-05-05 19:06:15,,,credit_card,completed
1019405,6,,2026-05-05 19:07:30,drive_thru,,credit_card,completed
1019406,4,1524,2026-05-05 19:10:23,takeout,,credit_card,completed
1019407,4,1425,2026-05-05 19:10:38,dine_in,,debit_card,completed
1019408,7,,2026-05-05 19:15:03,delivery,,apple_pay,completed
1019409,9,,2026-05-05 19:17:56,delivery,BOUDIN20,credit_card,completed
1019410,8,1050,2026-05-05 19:20:28,takeout,,debit_card,completed
1019411,10,820,2026-05-05 19:21:49,delivery,,credit_card,completed
1019412,14,1680,2026-05-05 19:23:36,delivery,,credit_card,completed
1019413,13,1826,2026-05-05 19:25:36,takeout,,apple_pay,completed
1019414,15,1518,2026-05-05 19:30:08,dine_in,,credit_card,completed
1019415,1,,2026-05-05 19:31:53,dine_in,,debit_card,completed
1019416,19,2474,2026-05-05 19:32:13,drive_thru,,credit_card,completed
1019417,3,1310,2026-05-05 19:32:30,takeout,BOUDIN20,credit_card,completed
1019418,17,2441,2026-05-05 19:35:33,delivery,,debit_card,completed
1019419,6,,2026-05-05 19:35:39,drive_thru,,debit_card,completed
1019420,11,,2026-05-05 19:36:10,dine_in,,credit_card,completed
1019421,15,2129,2026-05-05 19:38:38,delivery,,credit_card,completed
1019422,15,337,2026-05-05 19:38:42,delivery,,apple_pay,completed
1019423,12,1652,2026-05-05 19:40:34,delivery,,apple_pay,completed
1019424,5,1871,2026-05-05 19:48:41,delivery,,debit_card,completed
1019425,1,613,2026-05-05 19:50:04,delivery,,credit_card,completed
1019426,13,348,2026-05-05 19:59:52,delivery,,debit_card,completed
1019427,4,1524,2026-05-05 20:01:38,delivery,,credit_card,completed
1019428,14,1965,2026-05-05 20:05:16,drive_thru,,credit_card,completed
1019429,5,933,2026-05-05 20:07:14,takeout,BOUDIN20,credit_card,completed
1019430,12,,2026-05-05 20:09:49,takeout,,debit_card,completed
1019431,4,1281,2026-05-05 20:13:15,drive_thru,,debit_card,completed
1019432,10,,2026-05-05 20:19:07,delivery,,credit_card,completed
1019433,20,2392,2026-05-05 20:21:22,dine_in,BOUDIN20,credit_card,completed
1019434,14,,2026-05-05 20:23:24,drive_thru,,cash,completed
1019435,4,,2026-05-05 20:28:55,delivery,,apple_pay,cancelled
1019436,19,1063,2026-05-05 20:33:08,dine_in,,credit_card,completed
1019437,11,,2026-05-05 20:49:44,delivery,,credit_card,completed
1019438,6,153,2026-05-05 21:39:47,dine_in,,debit_card,completed
1019439,19,,2026-05-06 11:03:02,takeout,,credit_card,completed
1019440,2,2239,2026-05-06 11:03:50,delivery,,credit_card,completed
1019441,17,1055,2026-05-06 11:12:39,delivery,,gift_card,completed
1019442,2,541,2026-05-06 11:17:30,dine_in,,apple_pay,completed
1019443,4,1588,2026-05-06 11:19:53,dine_in,,cash,refunded
1019444,13,,2026-05-06 11:27:40,dine_in,,cash,completed
1019445,12,347,2026-05-06 11:28:28,takeout,,debit_card,completed
1019446,15,1028,2026-05-06 11:33:00,dine_in,,debit_card,completed
1019447,11,476,2026-05-06 11:39:57,dine_in,,debit_card,completed
1019448,15,,2026-05-06 11:40:40,delivery,,debit_card,completed
1019449,20,,2026-05-06 11:45:40,drive_thru,,credit_card,completed
1019450,17,,2026-05-06 11:46:41,delivery,,credit_card,completed
1019451,2,270,2026-05-06 11:46:56,dine_in,,debit_card,completed
1019452,5,,2026-05-06 11:49:01,dine_in,,gift_card,completed
1019453,2,220,2026-05-06 11:51:01,takeout,,debit_card,completed
1019454,18,,2026-05-06 11:51:07,takeout,BOUDIN20,cash,completed
1019455,3,1634,2026-05-06 11:52:36,delivery,,credit_card,completed
1019456,18,885,2026-05-06 11:55:38,delivery,,credit_card,completed
1019457,12,1777,2026-05-06 11:56:19,delivery,,credit_card,completed
1019458,18,,2026-05-06 12:00:59,drive_thru,,credit_card,completed
1019459,15,,2026-05-06 12:07:14,takeout,,apple_pay,completed
1019460,3,1376,2026-05-06 12:07:34,delivery,,credit_card,completed
1019461,19,259,2026-05-06 12:07:38,delivery,,credit_card,completed
1019462,12,1326,2026-05-06 12:09:24,takeout,BOUDIN20,credit_card,refunded
1019463,1,1600,2026-05-06 12:10:10,takeout,,credit_card,completed
1019464,12,2252,2026-05-06 12:10:50,takeout,,apple_pay,completed
1019465,7,2068,2026-05-06 12:11:32,takeout,,credit_card,completed
1019466,18,,2026-05-06 12:12:40,drive_thru,,debit_card,completed
1019467,13,280,2026-05-06 12:14:03,dine_in,,debit_card,completed
1019468,13,,2026-05-06 12:14:33,delivery,,gift_card,completed
1019469,1,1874,2026-05-06 12:14:41,takeout,,apple_pay,completed
1019470,14,2482,2026-05-06 12:14:55,takeout,,credit_card,completed
1019471,1,,2026-05-06 12:15:38,delivery,,credit_card,completed
1019472,3,1634,2026-05-06 12:15:48,takeout,,credit_card,completed
1019473,17,,2026-05-06 12:16:14,dine_in,,cash,completed
1019474,8,,2026-05-06 12:17:23,dine_in,,credit_card,completed
1019475,18,432,2026-05-06 12:19:15,takeout,,credit_card,completed
1019476,4,1749,2026-05-06 12:19:37,dine_in,,debit_card,completed
1019477,12,,2026-05-06 12:20:43,dine_in,,cash,completed
1019478,1,,2026-05-06 12:21:46,delivery,BOUDIN20,debit_card,completed
1019479,3,,2026-05-06 12:22:53,,,credit_card,completed
1019480,3,,2026-05-06 12:24:53,delivery,,credit_card,completed
1019481,13,,2026-05-06 12:26:07,takeout,,debit_card,completed
1019482,8,,2026-05-06 12:26:26,delivery,,apple_pay,completed
1019483,11,2056,2026-05-06 12:28:35,drive_thru,,cash,completed
1019484,15,373,2026-05-06 12:28:45,takeout,BOUDIN20,debit_card,completed
1019485,19,834,2026-05-06 12:29:55,takeout,,cash,completed
1019486,5,,2026-05-06 12:31:21,dine_in,BOUDIN20,gift_card,completed
1019487,12,860,2026-05-06 12:32:35,delivery,,credit_card,completed
1019488,5,,2026-05-06 12:34:17,drive_thru,,credit_card,refunded
1019489,7,,2026-05-06 12:34:20,takeout,,credit_card,completed
1019490,1,,2026-05-06 12:36:31,delivery,,debit_card,completed
1019491,12,1234,2026-05-06 12:37:57,delivery,BOUDIN20,credit_card,completed
1019492,13,2431,2026-05-06 12:43:22,takeout,,debit_card,completed
1019493,1,1998,2026-05-06 12:44:21,takeout,,credit_card,completed
1019494,17,1029,2026-05-06 12:44:54,dine_in,,apple_pay,completed
1019495,2,541,2026-05-06 12:45:22,takeout,BOUDIN20,apple_pay,completed
1019496,7,2013,2026-05-06 12:47:26,takeout,,credit_card,completed
1019497,4,,2026-05-06 12:47:52,delivery,,debit_card,completed
1019498,7,1973,2026-05-06 12:49:58,dine_in,,debit_card,completed
1019499,20,,2026-05-06 12:50:26,drive_thru,,credit_card,completed
1019500,19,885,2026-05-06 12:51:00,delivery,,apple_pay,completed
1019501,7,2263,2026-05-06 12:52:03,dine_in,,credit_card,completed
1019502,12,1326,2026-05-06 12:53:24,dine_in,,debit_card,completed
1019503,2,644,2026-05-06 12:55:43,delivery,,credit_card,completed
1019504,14,,2026-05-06 12:56:39,drive_thru,,debit_card,completed
1019505,17,,2026-05-06 12:56:56,takeout,,debit_card,completed
1019506,9,,2026-05-06 13:01:28,delivery,,gift_card,completed
1019507,1,1838,2026-05-06 13:01:36,dine_in,,debit_card,completed
1019508,5,2386,2026-05-06 13:04:53,delivery,,apple_pay,completed
1019509,6,,2026-05-06 13:05:24,dine_in,,credit_card,completed
1019510,4,262,2026-05-06 13:08:16,delivery,,debit_card,completed
1019511,2,,2026-05-06 13:12:19,delivery,,credit_card,completed
1019512,4,88,2026-05-06 13:13:11,delivery,,debit_card,completed
1019513,7,930,2026-05-06 13:22:17,delivery,,credit_card,completed
1019514,12,1834,2026-05-06 13:28:51,takeout,,credit_card,cancelled
1019515,14,413,2026-05-06 13:30:56,drive_thru,,debit_card,completed
1019516,20,2421,2026-05-06 13:33:45,takeout,,credit_card,completed
1019517,19,1352,2026-05-06 13:34:50,delivery,,credit_card,completed
1019518,19,,2026-05-06 13:42:46,drive_thru,BOUDIN20,credit_card,completed
1019519,11,,2026-05-06 14:02:30,drive_thru,BOUDIN20,credit_card,completed
1019520,19,2341,2026-05-06 14:37:34,delivery,,credit_card,completed
1019521,20,1936,2026-05-06 14:38:42,drive_thru,,debit_card,completed
1019522,15,,2026-05-06 15:14:27,takeout,BOUDIN20,apple_pay,completed
1019523,13,1804,2026-05-06 15:29:16,dine_in,,credit_card,completed
1019524,1,792,2026-05-06 16:47:44,delivery,,apple_pay,refunded
1019525,10,,2026-05-06 16:59:18,delivery,,credit_card,completed
1019526,11,1760,2026-05-06 16:59:33,dine_in,,gift_card,completed
1019527,14,72,2026-05-06 16:59:34,takeout,,credit_card,completed
1019528,2,2208,2026-05-06 17:16:39,dine_in,,credit_card,completed
1019529,8,1013,2026-05-06 17:20:20,delivery,,gift_card,refunded
1019530,19,1365,2026-05-06 17:24:54,delivery,,apple_pay,completed
1019531,11,128,2026-05-06 17:28:30,dine_in,,debit_card,completed
1019532,2,,2026-05-06 17:29:46,takeout,BOUDIN20,credit_card,completed
1019533,18,432,2026-05-06 17:33:28,drive_thru,,credit_card,completed
1019534,10,1107,2026-05-06 17:38:56,dine_in,,credit_card,completed
1019535,7,,2026-05-06 17:40:34,takeout,,credit_card,completed
1019536,9,2188,2026-05-06 17:42:19,delivery,,credit_card,completed
1019537,11,,2026-05-06 17:43:49,drive_thru,BOUDIN20,credit_card,completed
1019538,11,2398,2026-05-06 17:46:17,drive_thru,,credit_card,completed
1019539,16,822,2026-05-06 17:50:20,dine_in,,cash,completed
1019540,5,1585,2026-05-06 17:55:02,takeout,,debit_card,completed
1019541,10,734,2026-05-06 17:56:03,dine_in,,credit_card,completed
1019542,20,808,2026-05-06 17:57:38,dine_in,,cash,completed
1019543,8,2472,2026-05-06 18:00:11,dine_in,,debit_card,completed
1019544,18,2344,2026-05-06 18:01:45,takeout,,credit_card,completed
1019545,13,288,2026-05-06 18:06:26,dine_in,,debit_card,completed
1019546,2,317,2026-05-06 18:07:05,dine_in,,debit_card,completed
1019547,12,,2026-05-06 18:07:44,dine_in,,credit_card,completed
1019548,6,,2026-05-06 18:13:43,drive_thru,,debit_card,completed
1019549,19,668,2026-05-06 18:15:27,delivery,,credit_card,completed
1019550,15,398,2026-05-06 18:18:44,takeout,BOUDIN20,cash,completed
1019551,2,1096,2026-05-06 18:19:19,delivery,,credit_card,completed
1019552,6,,2026-05-06 18:21:01,takeout,,debit_card,completed
1019553,3,397,2026-05-06 18:21:28,takeout,,cash,completed
1019554,4,1927,2026-05-06 18:22:17,dine_in,,credit_card,completed
1019555,19,738,2026-05-06 18:23:26,dine_in,,debit_card,completed
1019556,1,,2026-05-06 18:23:46,delivery,,gift_card,completed
1019557,6,243,2026-05-06 18:27:44,takeout,,credit_card,completed
1019558,1,1909,2026-05-06 18:32:33,dine_in,,credit_card,completed
1019559,20,524,2026-05-06 18:36:17,drive_thru,,debit_card,completed
1019560,15,2410,2026-05-06 18:36:34,drive_thru,,credit_card,completed
1019561,7,1223,2026-05-06 18:39:19,delivery,,debit_card,completed
1019562,4,2146,2026-05-06 18:41:11,dine_in,,credit_card,completed
1019563,15,,2026-05-06 18:42:06,delivery,,credit_card,completed
1019564,7,551,2026-05-06 18:43:26,takeout,,credit_card,completed
1019565,2,,05/06/2026 18:45,delivery,,credit_card,completed
1019566,12,1885,2026-05-06 18:46:11,dine_in,BOUDIN20,cash,completed
1019567,2,1096,2026-05-06 18:46:15,dine_in,BOUDIN20,credit_card,completed
1019568,13,544,2026-05-06 18:46:49,takeout,,credit_card,completed
1019569,15,2232,2026-05-06 18:50:51,drive_thru,,credit_card,completed
1019570,3,505,2026-05-06 18:52:38,dine_in,,cash,completed
1019571,13,,2026-05-06 18:54:46,takeout,,apple_pay,completed
1019572,1,,2026-05-06 18:56:49,delivery,,debit_card,completed
1019573,19,,2026-05-06 18:58:24,dine_in,,credit_card,completed
1019574,2,,2026-05-06 18:59:06,delivery,,credit_card,completed
1019575,2,,2026-05-06 19:00:28,delivery,,credit_card,completed
1019576,14,584,2026-05-06 19:01:59,takeout,,credit_card,completed
1019577,11,,2026-05-06 19:07:11,dine_in,,debit_card,completed
1019578,6,,2026-05-06 19:08:05,drive_thru,,apple_pay,completed
1019579,3,1884,2026-05-06 19:08:10,takeout,,credit_card,completed
1019580,5,,2026-05-06 19:09:55,delivery,,credit_card,completed
1019581,10,1516,2026-05-06 19:11:53,takeout,,debit_card,completed
1019582,16,1122,2026-05-06 19:13:12,dine_in,,gift_card,completed
1019583,3,2363,2026-05-06 19:22:13,dine_in,,credit_card,refunded
1019584,7,,2026-05-06 19:22:39,dine_in,,debit_card,completed
1019585,8,,2026-05-06 19:23:22,takeout,,credit_card,completed
1019586,14,,2026-05-06 19:25:57,delivery,,credit_card,completed
1019587,3,,2026-05-06 19:27:27,delivery,,credit_card,completed
1019588,6,,2026-05-06 19:29:50,dine_in,,credit_card,cancelled
1019589,12,2234,2026-05-06 19:30:47,dine_in,,debit_card,completed
1019590,5,,2026-05-06 19:32:16,drive_thru,,credit_card,completed
1019591,13,203,2026-05-06 19:32:47,dine_in,,cash,completed
1019592,19,117,2026-05-06 19:34:02,drive_thru,,debit_card,completed
1019593,6,487,2026-05-06 19:36:57,delivery,,debit_card,completed
1019594,7,,2026-05-06 19:38:01,dine_in,,debit_card,completed
1019595,16,908,2026-05-06 19:42:51,takeout,,cash,completed
1019596,13,1768,2026-05-06 19:46:44,takeout,,credit_card,completed
1019597,11,,2026-05-06 19:49:10,dine_in,,cash,completed
1019598,5,1673,05/06/2026 19:49,drive_thru,,cash,completed
1019599,18,,2026-05-06 19:50:57,delivery,,debit_card,completed
1019600,14,794,2026-05-06 19:53:49,delivery,,credit_card,completed
1019601,1,32,2026-05-06 19:53:55,delivery,,debit_card,completed
1019602,6,1695,2026-05-06 19:55:51,delivery,,credit_card,completed
1019603,10,1685,2026-05-06 19:59:07,delivery,BOUDIN20,credit_card,completed
1019604,12,463,2026-05-06 20:05:27,dine_in,,credit_card,completed
1019605,13,2251,2026-05-06 20:17:24,dine_in,,debit_card,completed
1019606,10,1861,2026-05-06 20:20:08,delivery,,credit_card,completed
1019607,6,330,2026-05-06 20:22:18,drive_thru,,cash,completed
1019608,16,822,2026-05-06 20:32:45,delivery,,apple_pay,completed
1019609,7,1685,2026-05-06 21:05:17,dine_in,,apple_pay,completed
1019610,5,2080,2026-05-06 21:27:09,drive_thru,BOUDIN20,apple_pay,completed
1019611,3,95,2026-05-06 21:47:11,dine_in,,credit_card,completed
1019612,19,1315,2026-05-07 10:32:22,takeout,,apple_pay,completed
1019613,7,1973,2026-05-07 10:57:46,delivery,,gift_card,completed
1019614,20,,2026-05-07 11:08:46,dine_in,BOUDIN20,credit_card,completed
1019615,9,,2026-05-07 11:11:43,dine_in,,gift_card,completed
1019616,8,1194,2026-05-07 11:17:12,,,cash,completed
1019617,5,,2026-05-07 11:26:50,dine_in,,credit_card,completed
1019618,18,1495,2026-05-07 11:27:52,drive_thru,BOUDIN20,credit_card,completed
1019619,3,,2026-05-07 11:35:27,delivery,,credit_card,completed
1019620,4,943,2026-05-07 11:36:47,delivery,,credit_card,completed
1019621,5,,2026-05-07 11:37:23,takeout,,credit_card,completed
1019622,4,916,2026-05-07 11:38:33,drive_thru,,gift_card,completed
1019623,3,,2026-05-07 11:39:37,delivery,,credit_card,completed
1019624,6,800,2026-05-07 11:44:42,dine_in,,apple_pay,completed
1019625,8,,2026-05-07 11:46:44,delivery,,credit_card,completed
1019626,19,2460,2026-05-07 11:47:10,dine_in,,debit_card,completed
1019627,3,1373,2026-05-07 11:47:37,delivery,,credit_card,completed
1019628,18,119,2026-05-07 11:47:47,delivery,,debit_card,completed
1019629,7,1082,2026-05-07 11:51:09,delivery,,credit_card,completed
1019630,2,608,2026-05-07 11:53:00,dine_in,,credit_card,completed
1019631,16,1472,2026-05-07 11:53:22,takeout,BOUDIN20,debit_card,completed
1019632,6,,2026-05-07 11:55:46,delivery,,apple_pay,completed
1019633,6,,2026-05-07 11:56:17,drive_thru,,credit_card,cancelled
1019634,15,1797,2026-05-07 11:57:17,drive_thru,,debit_card,completed
1019635,1,739,2026-05-07 11:57:41,dine_in,,apple_pay,completed
1019636,13,,2026-05-07 11:58:55,delivery,,debit_card,completed
1019637,15,1834,2026-05-07 12:07:24,drive_thru,,debit_card,completed
1019638,10,,2026-05-07 12:07:58,dine_in,,cash,completed
1019639,2,521,2026-05-07 12:08:02,dine_in,,apple_pay,completed
1019640,4,,2026-05-07 12:08:05,dine_in,,credit_card,refunded
1019641,3,785,2026-05-07 12:15:28,takeout,,credit_card,completed
1019642,12,794,2026-05-07 12:16:17,dine_in,,credit_card,completed
1019643,11,,2026-05-07 12:17:16,dine_in,,debit_card,completed
1019644,12,,2026-05-07 12:18:43,delivery,,debit_card,refunded
1019645,17,,2026-05-07 12:19:14,dine_in,,credit_card,completed
1019646,15,601,2026-05-07 12:19:41,drive_thru,,credit_card,completed
1019647,12,,2026-05-07 12:20:17,delivery,,credit_card,completed
1019648,1,852,2026-05-07 12:21:16,dine_in,,credit_card,completed
1019649,7,,2026-05-07 12:23:14,dine_in,,debit_card,completed
1019650,1,,2026-05-07 12:24:09,takeout,,credit_card,completed
1019651,16,,2026-05-07 12:24:35,delivery,,credit_card,completed
1019652,11,,2026-05-07 12:24:48,drive_thru,,gift_card,completed
1019653,17,,2026-05-07 12:27:36,dine_in,,cash,completed
1019654,16,,2026-05-07 12:28:10,delivery,,debit_card,completed
1019655,20,,2026-05-07 12:29:08,delivery,BOUDIN20,credit_card,refunded
1019656,14,1990,2026-05-07 12:29:22,dine_in,,apple_pay,completed
1019657,4,516,2026-05-07 12:30:15,drive_thru,,credit_card,completed
1019658,7,,2026-05-07 12:31:05,takeout,,debit_card,refunded
1019659,15,811,2026-05-07 12:32:51,delivery,,credit_card,completed
1019660,16,1083,2026-05-07 12:33:52,dine_in,,cash,completed
1019661,12,329,2026-05-07 12:34:40,dine_in,,debit_card,completed
1019662,13,,2026-05-07 12:35:10,dine_in,,credit_card,refunded
1019663,4,1960,2026-05-07 12:35:41,dine_in,,debit_card,completed
1019664,12,,2026-05-07 12:35:43,takeout,,credit_card,completed
1019665,7,,2026-05-07 12:36:01,delivery,,credit_card,completed
1019666,17,1557,2026-05-07 12:39:07,dine_in,,credit_card,completed
1019667,1,703,2026-05-07 12:42:22,dine_in,,debit_card,completed
1019668,7,737,2026-05-07 12:43:24,dine_in,,credit_card,completed
1019669,11,59,2026-05-07 12:45:42,drive_thru,,credit_card,completed
1019670,20,979,2026-05-07 12:46:07,drive_thru,,credit_card,completed
1019671,12,1841,2026-05-07 12:50:00,dine_in,,apple_pay,completed
1019672,19,738,2026-05-07 12:56:53,takeout,,credit_card,completed
1019673,13,1288,2026-05-07 12:57:24,dine_in,,credit_card,completed
1019674,12,1777,2026-05-07 12:57:42,dine_in,,credit_card,completed
1019675,12,,2026-05-07 12:58:20,delivery,,apple_pay,completed
1019676,5,1964,2026-05-07 12:59:29,dine_in,,debit_card,completed
1019677,14,815,2026-05-07 13:00:58,drive_thru,,apple_pay,completed
1019678,10,,2026-05-07 13:02:19,dine_in,,cash,completed
1019679,19,2447,2026-05-07 13:03:20,dine_in,,apple_pay,completed
1019680,3,,2026-05-07 13:04:41,delivery,,credit_card,completed
1019681,12,,2026-05-07 13:05:04,delivery,,debit_card,completed
1019682,5,1585,2026-05-07 13:10:26,takeout,,credit_card,completed
1019683,5,829,2026-05-07 13:11:42,dine_in,BOUDIN20,cash,completed
1019684,2,,2026-05-07 13:17:44,takeout,,debit_card,completed
1019685,6,,2026-05-07 13:21:18,dine_in,,apple_pay,completed
1019686,6,899,2026-05-07 13:21:25,dine_in,,credit_card,completed
1019687,5,2362,2026-05-07 13:22:44,delivery,,debit_card,completed
1019688,5,2354,2026-05-07 13:25:11,delivery,,debit_card,completed
1019689,17,,2026-05-07 13:28:26,takeout,,credit_card,refunded
1019690,3,355,2026-05-07 13:29:18,dine_in,,credit_card,completed
1019691,17,2496,2026-05-07 13:30:20,delivery,,gift_card,completed
1019692,16,,2026-05-07 13:31:59,dine_in,,credit_card,completed
1019693,2,1382,2026-05-07 13:43:44,dine_in,,credit_card,completed
1019694,7,2013,2026-05-07 13:44:04,takeout,,credit_card,completed
1019695,13,,2026-05-07 13:51:44,takeout,,debit_card,completed
1019696,18,1001,2026-05-07 14:05:14,dine_in,,credit_card,completed
1019697,8,,2026-05-07 14:27:57,delivery,,credit_card,completed
1019698,16,60,2026-05-07 14:31:02,delivery,,credit_card,completed
1019699,16,1331,2026-05-07 14:58:49,dine_in,BOUDIN20,debit_card,completed
1019700,4,515,2026-05-07 15:00:03,delivery,,credit_card,completed
1019701,15,,2026-05-07 15:15:54,takeout,,credit_card,completed
1019702,16,1659,2026-05-07 15:17:29,dine_in,,debit_card,completed
1019703,10,2150,05/07/2026 15:29,,,cash,completed
1019704,4,496,2026-05-07 15:45:25,dine_in,,cash,completed
1019705,18,2147,2026-05-07 16:16:34,delivery,,credit_card,completed
1019706,6,1951,2026-05-07 16:38:21,drive_thru,,credit_card,completed
1019707,14,2277,2026-05-07 17:23:21,takeout,,cash,completed
1019708,4,,2026-05-07 17:25:06,dine_in,,credit_card,completed
1019709,2,1006,2026-05-07 17:37:16,dine_in,,credit_card,completed
1019710,16,36,2026-05-07 17:37:23,delivery,,credit_card,completed
1019711,10,,2026-05-07 17:37:56,drive_thru,,debit_card,completed
1019712,5,1176,2026-05-07 17:43:55,delivery,,credit_card,completed
1019713,8,,2026-05-07 17:46:44,takeout,,apple_pay,completed
1019714,18,2384,2026-05-07 17:55:12,drive_thru,,credit_card,completed
1019715,1,,2026-05-07 17:56:22,dine_in,,debit_card,completed
1019716,1,,2026-05-07 18:08:09,delivery,,apple_pay,completed
1019717,8,,2026-05-07 18:11:11,dine_in,,debit_card,completed
1019718,2,1572,2026-05-07 18:14:07,dine_in,,cash,completed
1019719,14,,2026-05-07 18:18:18,dine_in,,debit_card,completed
1019720,14,,2026-05-07 18:22:09,dine_in,,debit_card,completed
1019721,14,1768,2026-05-07 18:26:57,dine_in,,debit_card,completed
1019722,13,2212,2026-05-07 18:27:38,dine_in,,credit_card,completed
1019723,19,1079,2026-05-07 18:30:23,dine_in,BOUDIN20,credit_card,completed
1019724,18,,2026-05-07 18:33:02,dine_in,BOUDIN20,credit_card,completed
1019725,15,652,2026-05-07 18:33:15,dine_in,BOUDIN20,debit_card,completed
1019726,13,544,2026-05-07 18:35:37,,,credit_card,completed
1019727,14,780,2026-05-07 18:37:22,dine_in,,cash,completed
1019728,1,792,2026-05-07 18:39:08,delivery,BOUDIN20,credit_card,completed
1019729,11,2454,2026-05-07 18:39:59,dine_in,,debit_card,completed
1019730,15,2431,2026-05-07 18:40:46,drive_thru,,debit_card,completed
1019731,19,885,2026-05-07 18:42:17,delivery,,credit_card,completed
1019732,13,2431,2026-05-07 18:42:24,,,cash,completed
1019733,15,1282,2026-05-07 18:45:00,dine_in,,credit_card,completed
1019734,12,1308,2026-05-07 18:48:50,dine_in,,debit_card,completed
1019735,6,93,2026-05-07 18:50:15,drive_thru,,cash,completed
1019736,2,2015,2026-05-07 18:52:18,takeout,,debit_card,completed
1019737,17,559,2026-05-07 18:53:59,takeout,,credit_card,completed
1019738,18,1100,2026-05-07 18:54:43,dine_in,,apple_pay,completed
1019739,13,,2026-05-07 18:55:20,takeout,,cash,completed
1019740,13,,2026-05-07 18:55:32,takeout,,apple_pay,completed
1019741,19,2182,2026-05-07 18:56:51,drive_thru,,debit_card,refunded
1019742,17,2163,2026-05-07 18:57:24,dine_in,,gift_card,completed
1019743,4,1506,2026-05-07 19:00:09,dine_in,,cash,completed
1019744,8,,2026-05-07 19:00:11,dine_in,,credit_card,completed
1019745,12,2168,2026-05-07 19:01:47,delivery,,credit_card,completed
1019746,3,2074,2026-05-07 19:04:35,delivery,BOUDIN20,credit_card,completed
1019747,17,2496,2026-05-07 19:06:55,dine_in,,credit_card,completed
1019748,8,813,05/07/2026 19:10,dine_in,,credit_card,completed
1019749,7,349,2026-05-07 19:10:40,dine_in,,credit_card,completed
1019750,14,1657,2026-05-07 19:10:45,takeout,,debit_card,completed
1019751,10,1015,2026-05-07 19:13:15,drive_thru,,cash,completed
1019752,18,919,2026-05-07 19:15:22,,,debit_card,completed
1019753,14,1912,2026-05-07 19:17:09,dine_in,,debit_card,completed
1019754,15,,2026-05-07 19:17:35,drive_thru,,credit_card,completed
1019755,17,805,2026-05-07 19:20:01,delivery,,credit_card,completed
1019756,8,1574,05/07/2026 19:20,delivery,,apple_pay,completed
1019757,16,856,2026-05-07 19:24:12,takeout,,gift_card,completed
1019758,7,502,2026-05-07 19:26:42,takeout,,debit_card,completed
1019759,17,1147,2026-05-07 19:26:43,delivery,,debit_card,completed
1019760,16,2479,2026-05-07 19:28:22,dine_in,,credit_card,completed
1019761,2,,2026-05-07 19:28:25,dine_in,,debit_card,completed
1019762,9,1057,2026-05-07 19:28:27,drive_thru,,credit_card,completed
1019763,12,554,2026-05-07 19:30:53,dine_in,,cash,completed
1019764,11,,2026-05-07 19:31:38,drive_thru,,apple_pay,completed
1019765,14,,2026-05-07 19:31:57,drive_thru,,credit_card,completed
1019766,3,1924,2026-05-07 19:32:14,takeout,,cash,completed
1019767,7,967,2026-05-07 19:36:13,dine_in,,cash,completed
1019768,1,429,2026-05-07 19:39:40,dine_in,,credit_card,completed
1019769,5,1417,2026-05-07 19:45:24,drive_thru,,credit_card,completed
1019770,2,2326,2026-05-07 19:52:20,dine_in,,apple_pay,completed
1019771,16,,2026-05-07 20:03:13,takeout,,cash,completed
1019772,15,1009,2026-05-07 20:06:17,dine_in,,debit_card,completed
1019773,18,,2026-05-07 20:06:33,drive_thru,,credit_card,completed
1019774,13,,2026-05-07 20:06:54,dine_in,,credit_card,completed
1019775,5,1527,2026-05-07 20:12:08,delivery,,debit_card,completed
1019776,13,1862,05/07/2026 20:19,dine_in,,apple_pay,completed
1019777,17,1889,2026-05-07 20:22:06,dine_in,,gift_card,completed
1019778,12,,2026-05-07 20:26:21,dine_in,,cash,completed
1019779,3,722,2026-05-07 20:29:14,delivery,,credit_card,completed
1019780,3,1531,2026-05-07 20:47:09,delivery,,credit_card,completed
1019781,11,269,2026-05-07 20:56:27,delivery,BOUDIN20,debit_card,completed
1019782,5,1851,2026-05-07 21:36:15,delivery,,credit_card,completed
1019783,2,,2026-05-07 21:39:10,delivery,,apple_pay,completed
1019784,6,,2026-05-07 21:40:21,delivery,,apple_pay,completed
1019785,19,2126,2026-05-07 21:47:34,delivery,,debit_card,completed
1019786,1,613,2026-05-07 21:51:41,delivery,,credit_card,completed
1019787,20,2160,2026-05-08 10:56:18,takeout,CRAWFRI,gift_card,completed
1019788,1,,2026-05-08 10:59:39,dine_in,,debit_card,completed
1019789,3,960,2026-05-08 10:59:56,dine_in,CRAWFRI,debit_card,completed
1019790,7,2389,2026-05-08 11:08:09,takeout,BOUDIN20,apple_pay,completed
1019791,4,1625,2026-05-08 11:08:48,delivery,CRAWFRI,credit_card,completed
1019792,14,855,2026-05-08 11:09:50,drive_thru,,credit_card,completed
1019793,12,,2026-05-08 11:14:18,takeout,,credit_card,completed
1019794,5,172,2026-05-08 11:16:19,takeout,BOUDIN20,debit_card,completed
1019795,5,1673,2026-05-08 11:17:59,delivery,,apple_pay,completed
1019796,19,,05/08/2026 11:35,dine_in,BOUDIN20,cash,completed
1019797,2,1356,2026-05-08 11:38:04,delivery,CRAWFRI,credit_card,completed
1019798,13,2490,2026-05-08 11:40:28,delivery,,credit_card,completed
1019799,1,1723,2026-05-08 11:42:56,dine_in,,credit_card,completed
1019800,19,,2026-05-08 11:49:25,delivery,,credit_card,completed
1019801,14,1968,2026-05-08 11:50:51,drive_thru,,credit_card,completed
1019802,14,,2026-05-08 11:51:13,takeout,,debit_card,completed
1019803,8,1276,2026-05-08 11:51:53,delivery,BOUDIN20,credit_card,completed
1019804,3,417,2026-05-08 11:51:57,dine_in,,cash,completed
1019805,3,2189,2026-05-08 11:52:07,delivery,CRAWFRI,credit_card,completed
1019806,1,,2026-05-08 11:53:36,delivery,CRAWFRI,gift_card,completed
1019807,3,1220,2026-05-08 11:54:54,delivery,,gift_card,completed
1019808,17,,2026-05-08 11:56:20,delivery,,debit_card,completed
1019809,12,1652,2026-05-08 11:57:32,dine_in,,credit_card,completed
1019810,13,,2026-05-08 11:57:50,takeout,,apple_pay,refunded
1019811,16,760,2026-05-08 12:01:05,dine_in,,credit_card,completed
1019812,4,2104,2026-05-08 12:01:19,dine_in,,cash,completed
1019813,16,1078,2026-05-08 12:02:13,dine_in,,credit_card,completed
1019814,5,,2026-05-08 12:03:50,dine_in,CRAWFRI,credit_card,completed
1019815,7,,2026-05-08 12:04:06,delivery,,apple_pay,completed
1019816,7,,2026-05-08 12:06:07,delivery,,debit_card,completed
1019817,1,,2026-05-08 12:09:08,delivery,CRAWFRI,credit_card,completed
1019818,15,963,2026-05-08 12:09:14,drive_thru,,apple_pay,completed
1019819,16,,2026-05-08 12:09:20,,,debit_card,completed
1019820,6,2179,2026-05-08 12:12:48,dine_in,,credit_card,completed
1019821,14,192,2026-05-08 12:12:57,drive_thru,,debit_card,completed
1019822,19,215,2026-05-08 12:13:07,dine_in,,credit_card,completed
1019823,6,2179,2026-05-08 12:13:45,drive_thru,CRAWFRI,credit_card,completed
1019824,6,,2026-05-08 12:14:22,drive_thru,CRAWFRI,debit_card,completed
1019825,5,1159,2026-05-08 12:15:04,takeout,BOUDIN20,credit_card,completed
1019826,8,640,2026-05-08 12:17:26,delivery,,credit_card,completed
1019827,19,738,2026-05-08 12:17:53,dine_in,,debit_card,completed
1019828,2,1687,2026-05-08 12:20:20,delivery,CRAWFRI,credit_card,completed
1019829,15,,2026-05-08 12:21:32,drive_thru,,credit_card,completed
1019830,11,812,2026-05-08 12:21:52,drive_thru,,debit_card,completed
1019831,3,1032,2026-05-08 12:24:06,delivery,,credit_card,completed
1019832,18,350,2026-05-08 12:24:07,dine_in,,debit_card,completed
1019833,16,,2026-05-08 12:25:01,delivery,,credit_card,completed
1019834,15,,2026-05-08 12:25:28,delivery,,debit_card,completed
1019835,6,2179,2026-05-08 12:26:15,takeout,,credit_card,completed
1019836,17,,2026-05-08 12:27:35,delivery,,credit_card,completed
1019837,20,1615,2026-05-08 12:28:28,delivery,,credit_card,completed
1019838,16,410,2026-05-08 12:28:31,dine_in,,credit_card,completed
1019839,6,487,2026-05-08 12:28:37,delivery,,credit_card,completed
1019840,20,84,2026-05-08 12:28:50,takeout,,credit_card,completed
1019841,4,1608,2026-05-08 12:29:25,drive_thru,,credit_card,refunded
1019842,4,,2026-05-08 12:29:45,,CRAWFRI,credit_card,completed
1019843,16,1485,2026-05-08 12:30:33,takeout,,credit_card,completed
1019844,13,544,2026-05-08 12:32:08,delivery,,credit_card,completed
1019845,6,,2026-05-08 12:32:39,delivery,,credit_card,completed
1019846,2,,2026-05-08 12:32:52,dine_in,,cash,completed
1019847,14,2063,2026-05-08 12:33:29,takeout,,credit_card,completed
1019848,20,524,2026-05-08 12:33:43,dine_in,,apple_pay,completed
1019849,3,2064,2026-05-08 12:34:07,delivery,CRAWFRI,credit_card,completed
1019850,7,2286,2026-05-08 12:34:40,takeout,,apple_pay,completed
1019851,11,,2026-05-08 12:35:10,drive_thru,,apple_pay,completed
1019852,6,,2026-05-08 12:35:22,drive_thru,,credit_card,completed
1019853,1,2032,2026-05-08 12:35:40,delivery,,credit_card,completed
1019854,17,1391,2026-05-08 12:36:41,dine_in,,credit_card,completed
1019855,11,1719,2026-05-08 12:37:02,delivery,,credit_card,completed
1019856,8,,2026-05-08 12:37:05,dine_in,,apple_pay,completed
1019857,6,1763,2026-05-08 12:39:39,delivery,,credit_card,completed
1019858,7,,2026-05-08 12:40:36,dine_in,,credit_card,completed
1019859,5,1527,2026-05-08 12:41:55,delivery,CRAWFRI,debit_card,completed
1019860,1,1141,2026-05-08 12:43:45,dine_in,CRAWFRI,credit_card,completed
1019861,6,,2026-05-08 12:44:20,drive_thru,,cash,completed
1019862,19,,2026-05-08 12:45:02,drive_thru,,cash,completed
1019863,3,943,2026-05-08 12:45:32,takeout,CRAWFRI,debit_card,completed
1019864,11,1980,2026-05-08 12:47:30,delivery,,debit_card,completed
1019865,10,18,2026-05-08 12:50:48,delivery,,credit_card,completed
1019866,2,1971,2026-05-08 12:51:14,delivery,CRAWFRI,apple_pay,cancelled
1019867,8,2335,2026-05-08 12:51:35,dine_in,,apple_pay,completed
1019868,5,808,2026-05-08 12:51:40,drive_thru,CRAWFRI,cash,completed
1019869,3,64,2026-05-08 12:53:10,takeout,CRAWFRI,cash,completed
1019870,18,33,2026-05-08 12:54:15,dine_in,,credit_card,completed
1019871,19,,2026-05-08 12:54:25,dine_in,,apple_pay,completed
1019872,18,,2026-05-08 12:54:50,delivery,,apple_pay,completed
1019873,10,1454,2026-05-08 12:55:35,dine_in,,apple_pay,completed
1019874,5,,2026-05-08 12:58:21,delivery,CRAWFRI,credit_card,completed
1019875,13,76,2026-05-08 12:58:53,dine_in,,credit_card,completed
1019876,2,825,2026-05-08 13:00:03,takeout,CRAWFRI,debit_card,completed
1019877,4,88,2026-05-08 13:00:45,dine_in,,apple_pay,completed
1019878,19,1378,2026-05-08 13:00:55,delivery,BOUDIN20,apple_pay,completed
1019879,2,1408,2026-05-08 13:03:34,takeout,,cash,completed
1019880,15,2065,2026-05-08 13:04:40,dine_in,,credit_card,completed
1019881,4,,05/08/2026 13:06,drive_thru,,apple_pay,completed
1019882,7,,2026-05-08 13:07:04,takeout,BOUDIN20,debit_card,completed
1019883,10,,2026-05-08 13:07:33,drive_thru,,credit_card,completed
1019884,3,1097,2026-05-08 13:07:50,dine_in,BOUDIN20,cash,completed
1019885,14,,05/08/2026 13:09,dine_in,,cash,completed
1019886,20,,2026-05-08 13:12:00,dine_in,,credit_card,completed
1019887,19,,2026-05-08 13:12:21,delivery,,credit_card,completed
1019888,1,,2026-05-08 13:13:04,delivery,CRAWFRI,apple_pay,completed
1019889,11,302,2026-05-08 13:20:54,delivery,,credit_card,completed
1019890,16,,2026-05-08 13:28:29,takeout,,credit_card,completed
1019891,19,2341,2026-05-08 13:31:16,dine_in,,credit_card,completed
1019892,1,2486,2026-05-08 13:31:38,takeout,CRAWFRI,credit_card,completed
1019893,14,1725,2026-05-08 13:34:06,dine_in,,credit_card,completed
1019894,1,755,2026-05-08 13:51:39,delivery,CRAWFRI,credit_card,completed
1019895,15,2372,2026-05-08 14:04:57,delivery,BOUDIN20,credit_card,completed
1019896,3,906,2026-05-08 14:27:35,takeout,,credit_card,completed
1019897,16,,2026-05-08 14:46:19,delivery,BOUDIN20,debit_card,completed
1019898,7,107,2026-05-08 14:57:03,takeout,,apple_pay,completed
1019899,11,986,2026-05-08 15:10:55,delivery,,apple_pay,completed
1019900,1,,2026-05-08 15:16:46,delivery,CRAWFRI,credit_card,completed
1019901,6,899,2026-05-08 15:18:04,dine_in,,credit_card,completed
1019902,14,2345,2026-05-08 15:31:49,delivery,BOUDIN20,debit_card,completed
1019903,5,,05/08/2026 15:35,delivery,,debit_card,completed
1019904,7,2230,2026-05-08 16:02:35,dine_in,,credit_card,completed
1019905,13,192,2026-05-08 16:02:50,takeout,,gift_card,completed
1019906,12,1943,2026-05-08 16:05:18,dine_in,,apple_pay,completed
1019907,17,1433,2026-05-08 16:13:26,dine_in,,credit_card,completed
1019908,18,350,2026-05-08 16:21:55,delivery,,credit_card,completed
1019909,1,,2026-05-08 16:32:32,delivery,,apple_pay,completed
1019910,14,1990,2026-05-08 16:37:03,drive_thru,,gift_card,completed
1019911,12,2094,2026-05-08 17:01:30,dine_in,,cash,completed
1019912,16,1983,2026-05-08 17:02:46,delivery,,credit_card,completed
1019913,8,1475,2026-05-08 17:17:40,takeout,,cash,completed
1019914,12,1075,2026-05-08 17:32:26,dine_in,,gift_card,completed
1019915,17,,2026-05-08 17:33:31,delivery,,apple_pay,completed
1019916,3,1220,2026-05-08 17:34:47,dine_in,CRAWFRI,gift_card,completed
1019917,4,2265,2026-05-08 17:37:02,takeout,,cash,completed
1019918,12,,2026-05-08 17:44:02,delivery,,credit_card,refunded
1019919,9,,2026-05-08 17:45:54,drive_thru,BOUDIN20,cash,completed
1019920,2,133,2026-05-08 17:46:28,delivery,,apple_pay,completed
1019921,2,,2026-05-08 17:46:36,delivery,CRAWFRI,debit_card,completed
1019922,4,518,2026-05-08 17:50:33,drive_thru,BOUDIN20,cash,completed
1019923,20,,2026-05-08 17:55:58,dine_in,CRAWFRI,credit_card,completed
1019924,3,2401,2026-05-08 17:57:32,dine_in,CRAWFRI,debit_card,completed
1019925,10,1402,2026-05-08 17:58:15,dine_in,,credit_card,completed
1019926,2,2040,2026-05-08 18:04:30,dine_in,CRAWFRI,credit_card,completed
1019927,4,1278,2026-05-08 18:06:20,delivery,,credit_card,completed
1019928,6,,05/08/2026 18:08,dine_in,,cash,completed
1019929,14,1293,2026-05-08 18:09:20,drive_thru,,cash,completed
1019930,13,2087,2026-05-08 18:10:26,delivery,,apple_pay,completed
1019931,1,883,2026-05-08 18:11:24,dine_in,,credit_card,completed
1019932,4,455,2026-05-08 18:11:54,drive_thru,,debit_card,completed
1019933,18,350,2026-05-08 18:11:58,takeout,,apple_pay,completed
1019934,14,,2026-05-08 18:12:03,delivery,,credit_card,completed
1019935,7,2352,2026-05-08 18:18:25,delivery,,credit_card,completed
1019936,12,2094,2026-05-08 18:20:42,dine_in,,debit_card,completed
1019937,20,,2026-05-08 18:21:36,drive_thru,CRAWFRI,apple_pay,refunded
1019938,8,1526,2026-05-08 18:22:13,dine_in,,cash,completed
1019939,14,,2026-05-08 18:22:58,drive_thru,,credit_card,completed
1019940,6,2270,2026-05-08 18:23:26,drive_thru,CRAWFRI,credit_card,completed
1019941,12,,2026-05-08 18:24:37,takeout,,credit_card,completed
1019942,13,2001,2026-05-08 18:24:41,takeout,,credit_card,completed
1019943,9,,2026-05-08 18:25:48,delivery,,credit_card,completed
1019944,11,,2026-05-08 18:28:58,drive_thru,,credit_card,completed
1019945,5,1585,2026-05-08 18:29:33,dine_in,,credit_card,completed
1019946,10,1810,2026-05-08 18:29:34,takeout,,debit_card,completed
1019947,12,,2026-05-08 18:32:28,takeout,,apple_pay,completed
1019948,15,,2026-05-08 18:34:39,delivery,,debit_card,completed
1019949,14,2277,2026-05-08 18:35:51,delivery,,credit_card,completed
1019950,13,,2026-05-08 18:35:58,takeout,,credit_card,completed
1019951,17,,2026-05-08 18:36:52,takeout,,apple_pay,completed
1019952,5,2397,2026-05-08 18:37:33,takeout,CRAWFRI,credit_card,completed
1019953,16,1519,2026-05-08 18:39:22,dine_in,,credit_card,completed
1019954,2,825,2026-05-08 18:39:32,dine_in,CRAWFRI,debit_card,completed
1019955,2,1096,2026-05-08 18:39:33,delivery,CRAWFRI,credit_card,completed
1019956,12,1042,2026-05-08 18:39:55,takeout,,debit_card,refunded
1019957,12,2309,2026-05-08 18:42:09,dine_in,,credit_card,completed
1019958,5,,2026-05-08 18:42:22,takeout,CRAWFRI,credit_card,completed
1019959,13,,2026-05-08 18:42:41,takeout,,debit_card,completed
1019960,12,794,2026-05-08 18:44:05,dine_in,,debit_card,completed
1019961,4,,2026-05-08 18:44:07,dine_in,,apple_pay,completed
1019962,7,,2026-05-08 18:44:20,dine_in,,credit_card,completed
1019963,3,1453,2026-05-08 18:45:10,delivery,,debit_card,completed
1019964,3,,2026-05-08 18:45:49,dine_in,CRAWFRI,debit_card,completed
1019965,11,,2026-05-08 18:46:25,delivery,,apple_pay,completed
1019966,17,1146,2026-05-08 18:47:39,dine_in,,credit_card,completed
1019967,18,612,2026-05-08 18:48:56,dine_in,,debit_card,completed
1019968,15,,2026-05-08 18:52:05,dine_in,,credit_card,completed
1019969,4,950,2026-05-08 18:53:09,takeout,,debit_card,completed
1019970,2,2322,2026-05-08 18:53:23,takeout,CRAWFRI,credit_card,completed
1019971,4,,2026-05-08 18:53:33,delivery,,apple_pay,completed
1019972,14,,2026-05-08 18:56:12,drive_thru,,credit_card,cancelled
1019973,18,,2026-05-08 18:56:30,delivery,,credit_card,completed
1019974,18,1733,2026-05-08 18:56:40,drive_thru,,credit_card,completed
1019975,13,,2026-05-08 18:56:52,takeout,,credit_card,completed
1019976,6,,2026-05-08 18:57:00,takeout,CRAWFRI,apple_pay,completed
1019977,6,,2026-05-08 18:58:34,drive_thru,CRAWFRI,credit_card,completed
1019978,14,,2026-05-08 18:58:50,,,apple_pay,completed
1019979,14,1283,2026-05-08 19:01:33,dine_in,,credit_card,completed
1019980,8,606,2026-05-08 19:02:24,dine_in,,credit_card,refunded
1019981,7,1767,2026-05-08 19:05:20,delivery,,credit_card,completed
1019982,2,,2026-05-08 19:06:38,dine_in,CRAWFRI,credit_card,completed
1019983,18,,2026-05-08 19:06:42,drive_thru,,credit_card,completed
1019984,4,2478,2026-05-08 19:08:58,drive_thru,CRAWFRI,apple_pay,completed
1019985,9,,2026-05-08 19:09:23,drive_thru,,cash,completed
1019986,6,2324,2026-05-08 19:10:42,drive_thru,CRAWFRI,credit_card,completed
1019987,13,566,2026-05-08 19:10:56,delivery,,credit_card,completed
1019988,7,,2026-05-08 19:13:29,delivery,,apple_pay,cancelled
1019989,8,,2026-05-08 19:14:05,dine_in,,credit_card,completed
1019990,6,494,2026-05-08 19:14:16,drive_thru,,credit_card,completed
1019991,16,1557,2026-05-08 19:14:35,dine_in,,credit_card,completed
1019992,17,,2026-05-08 19:16:29,delivery,,debit_card,completed
1019993,9,,2026-05-08 19:16:55,dine_in,BOUDIN20,credit_card,completed
1019994,7,773,2026-05-08 19:17:20,takeout,,credit_card,completed
1019995,18,386,2026-05-08 19:22:54,drive_thru,,credit_card,completed
1019996,7,,2026-05-08 19:23:49,delivery,,credit_card,completed
1019997,4,252,2026-05-08 19:23:52,drive_thru,,credit_card,completed
1019998,15,,2026-05-08 19:25:08,dine_in,,apple_pay,completed
1019999,19,,2026-05-08 19:27:20,takeout,,gift_card,completed
1020000,2,,2026-05-08 19:27:39,takeout,,credit_card,completed
1020001,6,2128,2026-05-08 19:29:38,delivery,CRAWFRI,debit_card,completed
1020002,8,,2026-05-08 19:32:40,takeout,,credit_card,completed
1020003,2,,2026-05-08 19:34:54,takeout,,credit_card,completed
1020004,12,,2026-05-08 19:43:27,dine_in,,apple_pay,completed
1020005,11,,2026-05-08 19:43:39,drive_thru,,credit_card,completed
1020006,6,,2026-05-08 19:44:12,dine_in,CRAWFRI,credit_card,completed
1020007,9,1922,2026-05-08 19:48:29,delivery,,credit_card,completed
1020008,7,766,2026-05-08 19:48:55,takeout,,apple_pay,completed
1020009,2,1136,2026-05-08 19:50:51,,CRAWFRI,apple_pay,completed
1020010,7,1350,2026-05-08 19:51:33,delivery,,debit_card,completed
1020011,3,829,2026-05-08 19:51:50,takeout,CRAWFRI,gift_card,completed
1020012,11,1405,2026-05-08 19:53:34,drive_thru,,gift_card,refunded
1020013,17,2328,2026-05-08 19:54:25,dine_in,,debit_card,completed
1020014,10,531,2026-05-08 19:54:56,dine_in,,credit_card,completed
1020015,11,1302,2026-05-08 19:55:01,delivery,BOUDIN20,credit_card,completed
1020016,13,592,2026-05-08 19:55:32,takeout,,cash,completed
1020017,4,1211,2026-05-08 20:04:50,delivery,BOUDIN20,credit_card,completed
1020018,14,,2026-05-08 20:07:42,dine_in,,credit_card,refunded
1020019,7,,2026-05-08 20:10:01,takeout,,debit_card,completed
1020020,18,2216,2026-05-08 20:10:32,takeout,,debit_card,completed
1020021,17,174,2026-05-08 20:13:00,takeout,,credit_card,completed
1020022,3,2197,2026-05-08 20:15:59,dine_in,BOUDIN20,credit_card,completed
1020023,1,,2026-05-08 20:16:49,takeout,CRAWFRI,credit_card,completed
1020024,19,565,2026-05-08 20:20:17,dine_in,,credit_card,completed
1020025,4,,2026-05-08 20:25:21,drive_thru,,credit_card,completed
1020026,19,2024,2026-05-08 20:25:56,,,debit_card,completed
1020027,6,,2026-05-08 20:27:36,delivery,,credit_card,completed
1020028,12,1800,2026-05-08 20:28:45,dine_in,BOUDIN20,debit_card,completed
1020029,16,1149,2026-05-08 20:31:21,dine_in,,credit_card,completed
1020030,6,,2026-05-08 20:34:44,dine_in,,debit_card,completed
1020031,17,22,2026-05-08 20:36:06,dine_in,,credit_card,completed
1020032,19,341,2026-05-08 20:39:23,drive_thru,,credit_card,completed
1020033,12,,2026-05-08 20:43:23,dine_in,,credit_card,completed
1020034,17,,2026-05-08 20:55:03,delivery,,apple_pay,completed
1020035,19,,2026-05-08 21:06:09,dine_in,,credit_card,completed
1020036,4,95,2026-05-08 21:17:30,,,apple_pay,completed
1020037,2,2443,2026-05-08 21:18:52,delivery,,credit_card,completed
1020038,7,674,2026-05-08 21:27:22,delivery,,credit_card,completed
1020039,4,,2026-05-08 21:27:26,delivery,,credit_card,completed
1020040,13,617,2026-05-08 21:36:19,dine_in,,credit_card,completed
1020041,9,942,2026-05-08 21:37:59,drive_thru,,credit_card,completed
1020042,12,225,2026-05-08 21:53:29,delivery,,credit_card,completed
1020043,14,2272,2026-05-08 21:56:21,delivery,,debit_card,completed
1020044,8,606,2026-05-09 10:35:01,takeout,,credit_card,completed
1020045,18,2147,2026-05-09 10:43:00,takeout,,credit_card,completed
1020046,10,,05/09/2026 10:50,delivery,,apple_pay,completed
1020047,7,2030,2026-05-09 11:05:01,takeout,,credit_card,completed
1020048,14,,2026-05-09 11:05:37,takeout,,gift_card,completed
1020049,3,,2026-05-09 11:33:04,takeout,,credit_card,completed
1020050,16,1332,2026-05-09 11:33:41,dine_in,,credit_card,completed
1020051,11,2387,2026-05-09 11:35:11,drive_thru,,credit_card,completed
1020052,12,,2026-05-09 11:35:45,dine_in,BOUDIN20,apple_pay,completed
1020053,12,240,2026-05-09 11:39:27,dine_in,,credit_card,completed
1020054,8,572,2026-05-09 11:40:34,dine_in,,debit_card,completed
1020055,6,882,2026-05-09 11:41:57,delivery,,credit_card,completed
1020056,13,1908,2026-05-09 11:44:56,dine_in,,apple_pay,completed
1020057,17,1935,2026-05-09 11:46:17,takeout,,credit_card,completed
1020058,5,1336,2026-05-09 11:52:32,delivery,BOUDIN20,debit_card,completed
1020059,12,,2026-05-09 11:53:13,delivery,,apple_pay,completed
1020060,14,1539,2026-05-09 11:56:59,drive_thru,,debit_card,completed
1020061,9,670,2026-05-09 11:58:37,drive_thru,,gift_card,completed
1020062,12,807,2026-05-09 11:59:37,dine_in,,credit_card,completed
1020063,9,,2026-05-09 12:01:01,drive_thru,,apple_pay,completed
1020064,2,,2026-05-09 12:01:05,takeout,,debit_card,completed
1020065,1,630,2026-05-09 12:02:38,dine_in,,credit_card,completed
1020066,2,1510,2026-05-09 12:03:49,delivery,,credit_card,completed
1020067,13,1476,2026-05-09 12:04:50,takeout,,cash,completed
1020068,16,,2026-05-09 12:05:25,takeout,,credit_card,cancelled
1020069,8,2229,2026-05-09 12:07:03,dine_in,BOUDIN20,credit_card,completed
1020070,6,164,2026-05-09 12:08:24,drive_thru,,cash,completed
1020071,6,378,2026-05-09 12:08:32,dine_in,,credit_card,completed
1020072,6,,2026-05-09 12:08:45,delivery,,credit_card,completed
1020073,6,310,2026-05-09 12:09:45,delivery,,credit_card,completed
1020074,3,2082,2026-05-09 12:11:52,dine_in,,apple_pay,completed
1020075,5,,2026-05-09 12:12:00,dine_in,,credit_card,completed
1020076,7,1350,2026-05-09 12:12:09,dine_in,,apple_pay,completed
1020077,15,,2026-05-09 12:12:15,dine_in,BOUDIN20,apple_pay,completed
1020078,14,,2026-05-09 12:12:36,dine_in,,apple_pay,completed
1020079,16,,2026-05-09 12:12:55,dine_in,,credit_card,completed
1020080,3,748,2026-05-09 12:16:00,dine_in,,debit_card,completed
1020081,10,1808,2026-05-09 12:19:52,takeout,,credit_card,completed
1020082,6,2305,2026-05-09 12:21:06,takeout,,cash,completed
1020083,16,1734,2026-05-09 12:22:24,takeout,,cash,cancelled
1020084,6,,2026-05-09 12:23:00,takeout,,cash,cancelled
1020085,19,,2026-05-09 12:23:02,drive_thru,,cash,completed
1020086,3,,2026-05-09 12:25:48,delivery,,apple_pay,completed
1020087,12,1086,2026-05-09 12:27:50,takeout,,apple_pay,completed
1020088,12,1777,2026-05-09 12:29:19,dine_in,,credit_card,completed
1020089,7,1305,2026-05-09 12:29:46,dine_in,,credit_card,completed
1020090,9,,2026-05-09 12:29:54,drive_thru,,credit_card,completed
1020091,11,931,2026-05-09 12:30:39,drive_thru,,credit_card,completed
1020092,14,,2026-05-09 12:31:49,delivery,,credit_card,completed
1020093,12,,2026-05-09 12:31:51,dine_in,,credit_card,completed
1020094,16,1485,2026-05-09 12:32:31,dine_in,,credit_card,completed
1020095,12,,2026-05-09 12:34:09,delivery,,credit_card,completed
1020096,3,2082,2026-05-09 12:35:09,dine_in,,cash,completed
1020097,1,253,2026-05-09 12:36:38,delivery,BOUDIN20,credit_card,completed
1020098,9,526,2026-05-09 12:37:01,takeout,,cash,completed
1020099,2,774,2026-05-09 12:37:21,dine_in,,debit_card,completed
1020100,14,,2026-05-09 12:37:54,drive_thru,,credit_card,cancelled
1020101,11,670,2026-05-09 12:38:18,delivery,,credit_card,completed
1020102,7,,2026-05-09 12:38:58,dine_in,,cash,completed
1020103,2,2322,2026-05-09 12:39:08,takeout,,credit_card,completed
1020104,11,959,2026-05-09 12:39:10,dine_in,,gift_card,completed
1020105,17,1850,2026-05-09 12:39:22,delivery,,credit_card,completed
1020106,4,,2026-05-09 12:41:01,delivery,BOUDIN20,credit_card,completed
1020107,4,179,2026-05-09 12:43:22,drive_thru,,debit_card,completed
1020108,3,,2026-05-09 12:43:43,dine_in,,debit_card,completed
1020109,12,1652,2026-05-09 12:45:17,dine_in,,credit_card,completed
1020110,13,1539,2026-05-09 12:46:13,takeout,,debit_card,completed
1020111,14,1341,2026-05-09 12:46:52,drive_thru,BOUDIN20,credit_card,completed
1020112,17,,2026-05-09 12:48:36,dine_in,,apple_pay,completed
1020113,12,,2026-05-09 12:48:45,dine_in,,credit_card,refunded
1020114,11,128,2026-05-09 12:52:23,drive_thru,,apple_pay,completed
1020115,13,1716,2026-05-09 12:52:35,delivery,,credit_card,completed
1020116,20,,2026-05-09 12:54:58,delivery,,debit_card,completed
1020117,16,2176,2026-05-09 12:55:48,dine_in,,credit_card,completed
1020118,4,1205,2026-05-09 12:55:49,dine_in,,credit_card,completed
1020119,16,,2026-05-09 12:58:04,dine_in,,credit_card,completed
1020120,12,,2026-05-09 12:59:37,dine_in,,apple_pay,completed
1020121,5,,2026-05-09 12:59:39,dine_in,,debit_card,completed
1020122,10,628,2026-05-09 13:00:02,dine_in,,credit_card,completed
1020123,14,2482,2026-05-09 13:00:04,drive_thru,,apple_pay,completed
1020124,16,1655,2026-05-09 13:00:16,dine_in,,credit_card,completed
1020125,9,,2026-05-09 13:01:42,drive_thru,BOUDIN20,apple_pay,refunded
1020126,10,284,2026-05-09 13:02:35,drive_thru,,credit_card,completed
1020127,15,281,2026-05-09 13:06:19,dine_in,,debit_card,completed
1020128,13,,2026-05-09 13:07:23,dine_in,,debit_card,completed
1020129,19,1315,2026-05-09 13:07:37,delivery,,credit_card,completed
1020130,12,678,2026-05-09 13:09:20,delivery,,credit_card,completed
1020131,11,1135,2026-05-09 13:09:32,takeout,,cash,completed
1020132,8,,2026-05-09 13:09:49,takeout,,credit_card,completed
1020133,2,17,2026-05-09 13:10:27,dine_in,,credit_card,completed
1020134,8,,2026-05-09 13:13:32,dine_in,,cash,completed
1020135,10,,2026-05-09 13:15:35,delivery,,debit_card,completed
1020136,6,873,2026-05-09 13:19:39,delivery,,credit_card,completed
1020137,15,,2026-05-09 13:20:40,drive_thru,,debit_card,completed
1020138,6,1006,2026-05-09 13:24:44,takeout,,cash,completed
1020139,6,2359,2026-05-09 13:42:25,dine_in,BOUDIN20,debit_card,completed
1020140,5,,2026-05-09 13:49:05,dine_in,BOUDIN20,credit_card,completed
1020141,13,,2026-05-09 14:03:06,delivery,,credit_card,completed
1020142,6,,2026-05-09 14:30:00,dine_in,,credit_card,completed
1020143,11,1849,2026-05-09 14:36:02,dine_in,,debit_card,completed
1020144,12,,2026-05-09 14:37:42,delivery,,debit_card,completed
1020145,5,,2026-05-09 14:38:18,delivery,,credit_card,completed
1020146,3,1884,2026-05-09 14:49:02,delivery,,apple_pay,completed
1020147,13,977,2026-05-09 14:51:12,dine_in,,gift_card,completed
1020148,16,1124,2026-05-09 14:54:07,delivery,,credit_card,completed
1020149,19,1434,2026-05-09 14:56:33,dine_in,,cash,completed
1020150,10,,2026-05-09 15:14:20,takeout,,apple_pay,completed
1020151,14,,2026-05-09 15:22:37,delivery,,credit_card,completed
1020152,11,686,2026-05-09 15:23:03,takeout,,credit_card,completed
1020153,17,,2026-05-09 16:07:51,delivery,,credit_card,refunded
1020154,2,,2026-05-09 16:13:50,dine_in,,apple_pay,completed
1020155,9,839,2026-05-09 16:22:18,dine_in,,apple_pay,completed
1020156,20,2392,2026-05-09 16:24:29,drive_thru,,cash,completed
1020157,5,54,05/09/2026 16:39,drive_thru,,gift_card,completed
1020158,3,2304,2026-05-09 16:43:47,dine_in,,debit_card,completed
1020159,19,,2026-05-09 16:46:18,dine_in,,credit_card,cancelled
1020160,7,,2026-05-09 16:54:01,delivery,,debit_card,completed
1020161,16,1485,2026-05-09 16:59:07,takeout,,debit_card,completed
1020162,14,,2026-05-09 17:00:51,delivery,,credit_card,completed
1020163,14,10,2026-05-09 17:08:12,delivery,,credit_card,completed
1020164,19,147,2026-05-09 17:24:14,takeout,,debit_card,completed
1020165,5,,2026-05-09 17:41:33,delivery,,credit_card,completed
1020166,3,,2026-05-09 17:49:38,delivery,BOUDIN20,credit_card,completed
1020167,6,882,2026-05-09 17:51:17,dine_in,,credit_card,completed
1020168,7,858,2026-05-09 17:53:34,takeout,,debit_card,completed
1020169,11,2231,2026-05-09 17:54:30,,,credit_card,completed
1020170,6,,2026-05-09 17:59:40,dine_in,,gift_card,completed
1020171,6,921,2026-05-09 18:00:05,dine_in,,gift_card,completed
1020172,9,,2026-05-09 18:00:37,drive_thru,,credit_card,completed
1020173,2,,2026-05-09 18:01:30,delivery,,debit_card,completed
1020174,1,743,2026-05-09 18:02:14,takeout,,cash,completed
1020175,3,,2026-05-09 18:04:06,takeout,,credit_card,completed
1020176,17,,2026-05-09 18:04:52,dine_in,,debit_card,completed
1020177,10,,2026-05-09 18:05:05,dine_in,,debit_card,completed
1020178,6,,2026-05-09 18:06:42,dine_in,,cash,completed
1020179,16,693,2026-05-09 18:06:48,dine_in,,debit_card,completed
1020180,17,847,2026-05-09 18:09:25,delivery,,gift_card,completed
1020181,8,1406,2026-05-09 18:11:25,dine_in,,gift_card,completed
1020182,16,2238,2026-05-09 18:16:19,delivery,,credit_card,completed
1020183,2,,2026-05-09 18:16:54,delivery,,debit_card,completed
1020184,17,1393,2026-05-09 18:18:11,delivery,,credit_card,completed
1020185,13,,2026-05-09 18:18:26,dine_in,,credit_card,completed
1020186,10,,2026-05-09 18:18:31,dine_in,,debit_card,completed
1020187,4,1219,2026-05-09 18:19:36,drive_thru,,credit_card,completed
1020188,1,,2026-05-09 18:21:04,dine_in,BOUDIN20,apple_pay,completed
1020189,15,,2026-05-09 18:21:39,dine_in,,credit_card,completed
1020190,15,,2026-05-09 18:23:28,drive_thru,,credit_card,completed
1020191,1,487,2026-05-09 18:25:33,dine_in,,cash,completed
1020192,9,763,2026-05-09 18:28:18,delivery,,credit_card,completed
1020193,6,1386,2026-05-09 18:32:24,takeout,,credit_card,completed
1020194,17,1795,2026-05-09 18:34:39,takeout,,debit_card,completed
1020195,19,,2026-05-09 18:35:52,delivery,,apple_pay,completed
1020196,6,911,2026-05-09 18:37:10,takeout,,apple_pay,completed
1020197,12,2358,2026-05-09 18:37:39,takeout,,cash,completed
1020198,1,2469,2026-05-09 18:37:43,takeout,,apple_pay,completed
1020199,14,1075,2026-05-09 18:37:52,delivery,,credit_card,completed
1020200,20,1559,2026-05-09 18:38:24,drive_thru,,cash,completed
1020201,20,1853,2026-05-09 18:38:27,dine_in,,debit_card,completed
1020202,19,1711,2026-05-09 18:38:53,dine_in,,cash,completed
1020203,12,458,2026-05-09 18:39:00,takeout,,apple_pay,completed
1020204,18,672,2026-05-09 18:41:12,drive_thru,,debit_card,completed
1020205,11,609,2026-05-09 18:42:05,delivery,,gift_card,completed
1020206,13,2268,2026-05-09 18:42:05,dine_in,,credit_card,completed
1020207,1,,2026-05-09 18:42:13,delivery,,debit_card,completed
1020208,13,2180,2026-05-09 18:43:40,delivery,,credit_card,completed
1020209,12,280,2026-05-09 18:44:00,dine_in,,debit_card,completed
1020210,15,1696,2026-05-09 18:51:25,drive_thru,,cash,completed
1020211,19,,2026-05-09 18:52:36,drive_thru,,gift_card,completed
1020212,12,1296,2026-05-09 18:53:45,delivery,,credit_card,completed
1020213,4,,2026-05-09 18:55:34,delivery,,credit_card,completed
1020214,10,18,2026-05-09 18:58:25,dine_in,,credit_card,completed
1020215,6,,2026-05-09 18:59:55,drive_thru,,apple_pay,completed
1020216,3,2164,2026-05-09 19:00:47,dine_in,,gift_card,completed
1020217,2,1211,2026-05-09 19:00:58,dine_in,,cash,completed
1020218,10,,2026-05-09 19:04:13,delivery,,apple_pay,completed
1020219,7,,2026-05-09 19:08:40,dine_in,,gift_card,completed
1020220,6,,2026-05-09 19:09:15,takeout,,apple_pay,completed
1020221,7,,2026-05-09 19:11:07,dine_in,BOUDIN20,cash,cancelled
1020222,2,,2026-05-09 19:12:28,takeout,BOUDIN20,apple_pay,completed
1020223,1,2481,2026-05-09 19:13:39,dine_in,,credit_card,completed
1020224,10,1802,2026-05-09 19:15:41,drive_thru,,debit_card,completed
1020225,9,942,2026-05-09 19:16:24,takeout,,debit_card,completed
1020226,11,1719,2026-05-09 19:17:11,drive_thru,,credit_card,completed
1020227,11,550,2026-05-09 19:17:18,dine_in,,debit_card,completed
1020228,1,,2026-05-09 19:18:39,delivery,,credit_card,completed
1020229,5,1871,2026-05-09 19:21:38,dine_in,,credit_card,completed
1020230,7,,2026-05-09 19:23:12,delivery,,credit_card,completed
1020231,3,1749,2026-05-09 19:23:48,dine_in,,credit_card,completed
1020232,5,,2026-05-09 19:23:54,dine_in,,debit_card,completed
1020233,2,2438,2026-05-09 19:24:56,delivery,BOUDIN20,debit_card,completed
1020234,15,,2026-05-09 19:25:41,delivery,,credit_card,completed
1020235,19,2084,2026-05-09 19:25:59,takeout,BOUDIN20,credit_card,completed
1020236,8,2428,2026-05-09 19:27:57,delivery,,apple_pay,completed
1020237,15,419,2026-05-09 19:28:03,dine_in,,cash,completed
1020238,4,1340,2026-05-09 19:28:16,dine_in,,apple_pay,completed
1020239,6,2169,2026-05-09 19:28:30,delivery,,credit_card,completed
1020240,17,,2026-05-09 19:29:16,delivery,,credit_card,completed
1020241,17,1948,2026-05-09 19:31:05,dine_in,,apple_pay,completed
1020242,10,,2026-05-09 19:32:12,dine_in,,credit_card,completed
1020243,3,,2026-05-09 19:36:25,delivery,BOUDIN20,credit_card,completed
1020244,1,272,2026-05-09 19:37:19,dine_in,,credit_card,completed
1020245,20,,2026-05-09 19:38:22,takeout,BOUDIN20,credit_card,completed
1020246,12,,2026-05-09 19:39:31,takeout,,credit_card,completed
1020247,8,,2026-05-09 19:41:20,delivery,,credit_card,completed
1020248,15,,2026-05-09 19:41:43,drive_thru,,credit_card,completed
1020249,2,1258,2026-05-09 19:42:39,delivery,,credit_card,completed
1020250,4,1609,2026-05-09 19:44:50,takeout,,credit_card,completed
1020251,15,,2026-05-09 19:47:11,dine_in,,gift_card,completed
1020252,15,,2026-05-09 19:51:22,drive_thru,,gift_card,completed
1020253,19,,2026-05-09 19:52:13,drive_thru,,debit_card,completed
1020254,16,,2026-05-09 19:56:03,delivery,,debit_card,completed
1020255,1,493,2026-05-09 19:58:09,dine_in,,apple_pay,completed
1020256,2,435,2026-05-09 20:01:49,delivery,,gift_card,completed
1020257,12,1885,2026-05-09 20:01:49,dine_in,,credit_card,completed
1020258,6,2021,2026-05-09 20:02:16,delivery,,credit_card,completed
1020259,3,1529,2026-05-09 20:02:26,takeout,,apple_pay,completed
1020260,7,766,2026-05-09 20:03:19,takeout,,debit_card,completed
1020261,3,133,2026-05-09 20:06:35,takeout,,debit_card,completed
1020262,10,776,2026-05-09 20:08:39,dine_in,BOUDIN20,credit_card,completed
1020263,4,1748,2026-05-09 20:09:51,dine_in,,gift_card,completed
1020264,7,,2026-05-09 20:12:59,takeout,,debit_card,completed
1020265,15,,2026-05-09 20:16:35,takeout,,credit_card,completed
1020266,1,1906,2026-05-09 20:20:16,delivery,,credit_card,completed
1020267,7,,2026-05-09 20:21:18,takeout,,credit_card,completed
1020268,3,1737,2026-05-09 20:21:27,delivery,,credit_card,completed
1020269,19,1434,2026-05-09 20:22:10,delivery,,credit_card,completed
1020270,2,2109,2026-05-09 20:25:00,dine_in,,credit_card,completed
1020271,4,749,2026-05-09 20:39:02,dine_in,,credit_card,completed
1020272,5,1651,2026-05-09 20:45:34,drive_thru,BOUDIN20,cash,completed
1020273,6,,2026-05-09 21:10:17,delivery,,apple_pay,completed
1020274,12,679,2026-05-09 21:18:09,delivery,,apple_pay,completed
1020275,10,2338,2026-05-09 21:22:29,delivery,,apple_pay,completed
1020276,6,487,2026-05-09 21:29:10,dine_in,,debit_card,completed
1020277,19,1847,2026-05-09 21:30:01,drive_thru,,cash,completed
1020278,4,330,2026-05-09 21:51:14,drive_thru,,credit_card,completed
1020279,18,,2026-05-09 21:55:00,dine_in,,credit_card,completed
1020280,7,636,2026-05-10 10:30:12,dine_in,,credit_card,completed
1020281,15,,2026-05-10 10:51:14,delivery,,apple_pay,refunded
1020282,6,576,2026-05-10 11:02:51,drive_thru,,cash,cancelled
1020283,3,1097,2026-05-10 11:21:57,dine_in,,credit_card,completed
1020284,2,,2026-05-10 11:24:22,dine_in,,credit_card,completed
1020285,14,,2026-05-10 11:29:15,dine_in,,credit_card,completed
1020286,16,1662,2026-05-10 11:30:37,delivery,,apple_pay,completed
1020287,7,2394,2026-05-10 11:31:23,delivery,,apple_pay,completed
1020288,2,541,2026-05-10 11:31:54,takeout,,debit_card,completed
1020289,12,94,2026-05-10 11:33:23,dine_in,BOUDIN20,apple_pay,completed
1020290,2,1200,2026-05-10 11:35:59,dine_in,,credit_card,completed
1020291,11,798,2026-05-10 11:43:09,dine_in,,debit_card,completed
1020292,1,1920,2026-05-10 11:45:54,,,apple_pay,completed
1020293,20,2271,2026-05-10 11:46:24,delivery,,apple_pay,refunded
1020294,14,1990,2026-05-10 11:50:29,drive_thru,,apple_pay,completed
1020295,14,2406,2026-05-10 11:53:05,delivery,,credit_card,completed
1020296,12,1800,2026-05-10 11:53:55,takeout,,credit_card,completed
1020297,7,,2026-05-10 11:54:30,takeout,,cash,refunded
1020298,3,960,2026-05-10 11:55:57,delivery,,credit_card,completed
1020299,6,83,2026-05-10 11:58:04,drive_thru,,credit_card,completed
1020300,5,468,2026-05-10 11:58:56,delivery,,apple_pay,completed
1020301,4,,2026-05-10 12:00:54,takeout,BOUDIN20,credit_card,completed
1020302,5,,2026-05-10 12:07:03,dine_in,,debit_card,completed
1020303,20,158,2026-05-10 12:08:04,takeout,,credit_card,completed
1020304,16,1537,2026-05-10 12:09:37,delivery,,credit_card,completed
1020305,8,2143,2026-05-10 12:10:08,delivery,,credit_card,completed
1020306,13,,2026-05-10 12:11:16,delivery,,credit_card,completed
1020307,14,,2026-05-10 12:12:43,delivery,,apple_pay,completed
1020308,9,118,2026-05-10 12:13:18,dine_in,,cash,completed
1020309,19,1801,2026-05-10 12:13:34,drive_thru,,cash,completed
1020310,3,1091,2026-05-10 12:14:46,delivery,,credit_card,completed
1020311,11,128,2026-05-10 12:14:47,delivery,,credit_card,completed
1020312,19,1979,2026-05-10 12:19:11,drive_thru,,credit_card,completed
1020313,9,526,2026-05-10 12:21:45,dine_in,,gift_card,completed
1020314,9,572,2026-05-10 12:23:34,delivery,,credit_card,completed
1020315,8,1171,2026-05-10 12:25:26,delivery,,credit_card,completed
1020316,12,1264,2026-05-10 12:27:32,dine_in,,debit_card,completed
1020317,3,,2026-05-10 12:28:06,dine_in,,credit_card,completed
1020318,13,2345,2026-05-10 12:28:32,takeout,,cash,completed
1020319,15,1976,2026-05-10 12:31:02,takeout,,credit_card,completed
1020320,18,,2026-05-10 12:31:20,dine_in,,gift_card,completed
1020321,4,1644,2026-05-10 12:31:21,delivery,,credit_card,completed
1020322,8,297,2026-05-10 12:31:39,dine_in,,apple_pay,completed
1020323,12,419,2026-05-10 12:33:27,delivery,,credit_card,completed
1020324,6,911,2026-05-10 12:35:00,takeout,,credit_card,completed
1020325,13,1897,2026-05-10 12:39:05,dine_in,,cash,completed
1020326,2,491,2026-05-10 12:40:21,delivery,,credit_card,completed
1020327,5,932,2026-05-10 12:42:27,dine_in,,gift_card,completed
1020328,20,277,2026-05-10 12:42:53,takeout,,cash,completed
1020329,18,1206,2026-05-10 12:45:00,drive_thru,,apple_pay,completed
1020330,9,68,2026-05-10 12:46:28,takeout,,cash,completed
1020331,16,1469,2026-05-10 12:48:32,dine_in,BOUDIN20,credit_card,completed
1020332,13,,2026-05-10 12:54:26,delivery,,credit_card,completed
1020333,10,1810,2026-05-10 12:57:16,dine_in,,debit_card,completed
1020334,3,983,2026-05-10 12:58:41,delivery,,credit_card,completed
1020335,3,,2026-05-10 12:59:32,dine_in,,debit_card,completed
1020336,13,,2026-05-10 13:02:18,dine_in,BOUDIN20,cash,completed
1020337,6,,2026-05-10 13:02:56,takeout,,debit_card,completed
1020338,3,,2026-05-10 13:07:35,dine_in,,credit_card,completed
1020339,13,1826,2026-05-10 13:10:08,dine_in,,credit_card,completed
1020340,2,173,2026-05-10 13:11:45,takeout,,credit_card,completed
1020341,16,,2026-05-10 13:12:17,takeout,,credit_card,completed
1020342,3,1839,2026-05-10 13:13:36,takeout,,apple_pay,completed
1020343,2,2239,2026-05-10 13:16:48,takeout,,cash,completed
1020344,9,,2026-05-10 13:20:45,takeout,,cash,completed
1020345,12,,2026-05-10 13:20:53,delivery,,apple_pay,refunded
1020346,19,341,2026-05-10 13:23:03,takeout,,credit_card,completed
1020347,11,959,2026-05-10 13:23:08,dine_in,,cash,completed
1020348,14,842,2026-05-10 13:24:52,drive_thru,,credit_card,completed
1020349,19,1498,2026-05-10 13:27:32,takeout,,credit_card,completed
1020350,4,,2026-05-10 13:31:55,delivery,,credit_card,completed
1020351,1,1336,2026-05-10 13:35:21,dine_in,,credit_card,refunded
1020352,16,1485,2026-05-10 13:44:39,dine_in,,apple_pay,completed
1020353,1,144,2026-05-10 13:53:34,delivery,,credit_card,completed
1020354,6,1533,2026-05-10 14:00:25,drive_thru,,gift_card,cancelled
1020355,14,1318,2026-05-10 14:02:07,takeout,,debit_card,completed
1020356,14,1184,2026-05-10 14:28:54,delivery,,credit_card,completed
1020357,1,703,2026-05-10 14:37:05,delivery,,gift_card,completed
1020358,19,1315,2026-05-10 14:42:42,dine_in,,apple_pay,completed
1020359,13,,2026-05-10 15:04:16,delivery,,credit_card,completed
1020360,2,1136,2026-05-10 16:08:31,dine_in,,debit_card,completed
1020361,10,1470,2026-05-10 16:08:43,delivery,,credit_card,completed
1020362,19,1733,2026-05-10 16:10:45,dine_in,,cash,completed
1020363,12,1287,2026-05-10 16:16:10,dine_in,,credit_card,completed
1020364,1,2377,2026-05-10 16:21:04,dine_in,BOUDIN20,debit_card,completed
1020365,15,566,2026-05-10 16:46:44,drive_thru,,credit_card,completed
1020366,5,2439,2026-05-10 17:21:34,drive_thru,,cash,completed
1020367,10,,2026-05-10 17:25:14,dine_in,,debit_card,completed
1020368,17,,2026-05-10 17:33:56,takeout,,credit_card,completed
1020369,6,151,2026-05-10 17:37:15,dine_in,,credit_card,completed
1020370,2,,2026-05-10 17:38:27,takeout,,credit_card,completed
1020371,8,719,2026-05-10 17:45:49,dine_in,,credit_card,completed
1020372,15,1976,2026-05-10 17:47:07,delivery,,debit_card,completed
1020373,3,1145,2026-05-10 17:48:21,,,credit_card,cancelled
1020374,3,453,2026-05-10 17:51:48,takeout,,credit_card,completed
1020375,17,1259,2026-05-10 17:54:39,takeout,,gift_card,completed
1020376,7,,2026-05-10 18:01:12,dine_in,,debit_card,completed
1020377,3,1097,2026-05-10 18:02:28,dine_in,,credit_card,completed
1020378,14,,2026-05-10 18:03:40,dine_in,,debit_card,completed
1020379,15,,2026-05-10 18:06:12,dine_in,BOUDIN20,credit_card,completed
1020380,12,1293,2026-05-10 18:12:01,dine_in,,credit_card,completed
1020381,4,2062,2026-05-10 18:16:28,drive_thru,BOUDIN20,apple_pay,completed
1020382,3,2079,2026-05-10 18:21:04,delivery,,debit_card,completed
1020383,8,,2026-05-10 18:21:09,dine_in,,apple_pay,completed
1020384,16,2238,2026-05-10 18:21:10,dine_in,,credit_card,completed
1020385,6,2347,2026-05-10 18:21:47,dine_in,,apple_pay,completed
1020386,8,292,2026-05-10 18:22:12,takeout,,credit_card,completed
1020387,11,737,2026-05-10 18:22:51,delivery,,credit_card,refunded
1020388,6,487,2026-05-10 18:23:57,drive_thru,,credit_card,completed
1020389,4,,2026-05-10 18:24:19,delivery,,credit_card,completed
1020390,2,2404,2026-05-10 18:31:08,dine_in,,credit_card,completed
1020391,2,2213,2026-05-10 18:31:37,dine_in,BOUDIN20,apple_pay,completed
1020392,14,,2026-05-10 18:33:30,delivery,BOUDIN20,credit_card,completed
1020393,10,15,2026-05-10 18:33:46,delivery,,credit_card,completed
1020394,11,208,2026-05-10 18:34:36,dine_in,,apple_pay,completed
1020395,6,,2026-05-10 18:36:20,dine_in,,credit_card,completed
1020396,6,1529,2026-05-10 18:37:46,drive_thru,,cash,completed
1020397,19,,2026-05-10 18:40:12,drive_thru,BOUDIN20,debit_card,completed
1020398,3,249,2026-05-10 18:45:26,dine_in,,credit_card,completed
1020399,8,,2026-05-10 18:47:55,takeout,,credit_card,refunded
1020400,7,,2026-05-10 18:49:15,takeout,,cash,completed
1020401,16,1678,2026-05-10 18:51:14,dine_in,BOUDIN20,credit_card,completed
1020402,11,,2026-05-10 18:52:08,dine_in,,apple_pay,completed
1020403,20,,2026-05-10 18:53:18,delivery,,credit_card,completed
1020404,3,,2026-05-10 18:54:11,takeout,BOUDIN20,apple_pay,completed
1020405,4,1176,2026-05-10 18:58:10,drive_thru,,cash,completed
1020406,11,,2026-05-10 18:58:29,delivery,,credit_card,completed
1020407,5,,2026-05-10 18:58:45,dine_in,,debit_card,completed
1020408,6,921,2026-05-10 19:00:51,takeout,,credit_card,completed
1020409,15,97,2026-05-10 19:02:07,dine_in,,cash,completed
1020410,1,1034,2026-05-10 19:05:03,takeout,,credit_card,completed
1020411,6,2021,2026-05-10 19:05:52,drive_thru,,credit_card,completed
1020412,8,,2026-05-10 19:07:19,dine_in,,credit_card,completed
1020413,1,,2026-05-10 19:08:00,delivery,BOUDIN20,debit_card,completed
1020414,8,1829,2026-05-10 19:08:23,dine_in,,credit_card,completed
1020415,1,791,2026-05-10 19:10:55,dine_in,,debit_card,completed
1020416,6,,2026-05-10 19:14:29,,,credit_card,completed
1020417,4,1927,05/10/2026 19:15,dine_in,,debit_card,completed
1020418,4,2265,2026-05-10 19:20:05,delivery,,apple_pay,completed
1020419,14,255,2026-05-10 19:20:08,drive_thru,,cash,completed
1020420,14,646,2026-05-10 19:24:24,delivery,,credit_card,completed
1020421,11,,2026-05-10 19:24:34,delivery,,credit_card,completed
1020422,14,815,2026-05-10 19:25:02,dine_in,,credit_card,completed
1020423,10,,2026-05-10 19:29:49,drive_thru,,credit_card,completed
1020424,8,,2026-05-10 19:31:19,delivery,,credit_card,completed
1020425,7,,2026-05-10 19:33:39,dine_in,,credit_card,completed
1020426,3,503,2026-05-10 19:34:28,takeout,,apple_pay,completed
1020427,11,1239,2026-05-10 19:35:48,dine_in,,credit_card,completed
1020428,3,651,2026-05-10 19:36:07,takeout,,credit_card,completed
1020429,5,,2026-05-10 19:39:17,drive_thru,,gift_card,completed
1020430,13,592,2026-05-10 19:44:50,delivery,,credit_card,completed
1020431,18,1689,2026-05-10 19:46:42,takeout,,cash,completed
1020432,10,,2026-05-10 19:47:03,delivery,,apple_pay,completed
1020433,17,908,2026-05-10 19:50:04,delivery,,credit_card,completed
1020434,4,1927,2026-05-10 19:52:53,dine_in,,credit_card,completed
1020435,8,1610,05/10/2026 19:57,dine_in,,credit_card,completed
1020436,5,1633,2026-05-10 19:59:02,dine_in,,credit_card,completed
1020437,19,1537,2026-05-10 19:59:54,takeout,,credit_card,completed
1020438,6,,2026-05-10 20:02:23,takeout,,cash,completed
1020439,12,1804,2026-05-10 20:03:33,delivery,,credit_card,completed
1020440,8,,2026-05-10 20:07:31,dine_in,,credit_card,completed
1020441,12,,2026-05-10 20:15:48,takeout,,credit_card,completed
1020442,11,,2026-05-10 20:19:39,dine_in,,debit_card,completed
1020443,13,,2026-05-10 20:43:24,takeout,,cash,completed
1020444,14,2453,2026-05-10 21:19:37,delivery,,credit_card,completed
1020445,4,,2026-05-10 21:52:41,drive_thru,,apple_pay,completed
1020446,18,2475,2026-05-11 10:47:03,drive_thru,,apple_pay,completed
1020447,13,2180,2026-05-11 11:08:16,delivery,,apple_pay,completed
1020448,19,1847,2026-05-11 11:14:46,delivery,,debit_card,completed
1020449,14,,2026-05-11 11:21:37,dine_in,,gift_card,completed
1020450,19,1931,2026-05-11 11:22:48,delivery,,credit_card,completed
1020451,3,173,2026-05-11 11:30:01,dine_in,,credit_card,completed
1020452,10,2284,2026-05-11 11:39:01,delivery,,credit_card,completed
1020453,3,,2026-05-11 11:40:56,dine_in,,credit_card,completed
1020454,17,2313,2026-05-11 11:42:05,takeout,,credit_card,completed
1020455,15,,2026-05-11 11:45:15,dine_in,,cash,completed
1020456,2,,2026-05-11 11:46:14,takeout,,debit_card,completed
1020457,4,1718,2026-05-11 11:46:57,delivery,,apple_pay,completed
1020458,5,1649,2026-05-11 11:47:18,delivery,,apple_pay,completed
1020459,16,1431,2026-05-11 11:49:00,dine_in,,credit_card,completed
1020460,11,2398,2026-05-11 11:57:53,drive_thru,,debit_card,completed
1020461,4,,2026-05-11 11:58:51,dine_in,,apple_pay,completed
1020462,6,1763,2026-05-11 11:58:59,dine_in,,credit_card,completed
1020463,14,,2026-05-11 12:04:36,drive_thru,,credit_card,completed
1020464,3,210,2026-05-11 12:05:26,takeout,,apple_pay,completed
1020465,1,,2026-05-11 12:08:52,dine_in,,debit_card,completed
1020466,5,1765,2026-05-11 12:09:30,takeout,BOUDIN20,debit_card,completed
1020467,1,1998,2026-05-11 12:13:32,delivery,BOUDIN20,debit_card,completed
1020468,17,1285,2026-05-11 12:14:07,dine_in,,credit_card,completed
1020469,20,2271,2026-05-11 12:16:32,drive_thru,,credit_card,completed
1020470,6,1333,2026-05-11 12:16:47,takeout,,credit_card,completed
1020471,18,1740,2026-05-11 12:17:00,dine_in,,debit_card,completed
1020472,6,2221,2026-05-11 12:18:41,drive_thru,,credit_card,completed
1020473,4,,2026-05-11 12:22:34,delivery,,debit_card,completed
1020474,6,1743,2026-05-11 12:22:38,delivery,,apple_pay,completed
1020475,1,748,2026-05-11 12:23:00,dine_in,,debit_card,completed
1020476,2,1604,2026-05-11 12:25:00,dine_in,,credit_card,completed
1020477,6,1530,2026-05-11 12:26:13,delivery,BOUDIN20,debit_card,completed
1020478,1,1081,2026-05-11 12:28:06,dine_in,,debit_card,completed
1020479,6,1586,2026-05-11 12:28:46,dine_in,,debit_card,completed
1020480,17,,2026-05-11 12:29:30,takeout,,cash,completed
1020481,14,313,2026-05-11 12:30:36,dine_in,BOUDIN20,cash,completed
1020482,20,437,2026-05-11 12:31:29,,,debit_card,completed
1020483,17,2327,2026-05-11 12:33:36,takeout,,debit_card,completed
1020484,17,1146,2026-05-11 12:34:02,dine_in,,credit_card,completed
1020485,18,1587,2026-05-11 12:38:32,delivery,BOUDIN20,debit_card,completed
1020486,8,2303,2026-05-11 12:38:34,dine_in,,cash,completed
1020487,1,,2026-05-11 12:41:06,dine_in,,cash,completed
1020488,1,,2026-05-11 12:41:43,dine_in,,apple_pay,completed
1020489,15,2268,2026-05-11 12:42:37,dine_in,,cash,completed
1020490,4,,2026-05-11 12:42:49,dine_in,,debit_card,completed
1020491,1,2276,2026-05-11 12:43:25,dine_in,,credit_card,completed
1020492,4,865,2026-05-11 12:44:12,delivery,,credit_card,completed
1020493,20,,2026-05-11 12:44:40,dine_in,,cash,completed
1020494,4,1257,2026-05-11 12:46:10,delivery,,credit_card,completed
1020495,4,,2026-05-11 12:47:49,dine_in,,debit_card,completed
1020496,19,,2026-05-11 12:48:35,dine_in,,credit_card,completed
1020497,3,2401,2026-05-11 12:50:41,dine_in,,debit_card,completed
1020498,11,304,2026-05-11 12:51:41,drive_thru,,credit_card,completed
1020499,18,1469,05/11/2026 12:53,dine_in,,credit_card,completed
1020500,11,,2026-05-11 12:54:44,delivery,,apple_pay,completed
1020501,8,1346,2026-05-11 12:57:07,dine_in,,credit_card,completed
1020502,13,1877,2026-05-11 12:59:50,dine_in,,credit_card,completed
1020503,1,,2026-05-11 13:02:36,takeout,,credit_card,completed
1020504,15,,2026-05-11 13:04:56,dine_in,,credit_card,refunded
1020505,7,,2026-05-11 13:05:27,delivery,,credit_card,completed
1020506,10,,2026-05-11 13:06:08,delivery,,credit_card,completed
1020507,20,,2026-05-11 13:07:00,takeout,,credit_card,completed
1020508,17,,2026-05-11 13:10:28,dine_in,,credit_card,completed
1020509,4,1144,2026-05-11 13:11:25,delivery,,credit_card,completed
1020510,4,1202,2026-05-11 13:11:37,delivery,,debit_card,completed
1020511,7,912,2026-05-11 13:15:03,takeout,,debit_card,completed
1020512,16,,2026-05-11 13:17:54,takeout,,apple_pay,completed
1020513,17,2328,2026-05-11 13:21:27,delivery,BOUDIN20,credit_card,completed
1020514,19,1926,2026-05-11 13:21:53,delivery,,credit_card,completed
1020515,11,2489,2026-05-11 13:25:32,dine_in,,credit_card,completed
1020516,11,,05/11/2026 13:28,dine_in,,credit_card,completed
1020517,18,,2026-05-11 13:35:04,takeout,,debit_card,completed
1020518,2,,2026-05-11 13:36:12,dine_in,BOUDIN20,cash,completed
1020519,18,259,2026-05-11 13:42:33,dine_in,,credit_card,completed
1020520,7,,2026-05-11 13:44:04,dine_in,,credit_card,completed
1020521,3,,2026-05-11 13:44:10,dine_in,,cash,completed
1020522,11,1182,2026-05-11 13:44:16,dine_in,,cash,completed
1020523,16,,2026-05-11 13:47:36,delivery,,credit_card,completed
1020524,19,33,2026-05-11 13:57:27,delivery,,debit_card,completed
1020525,4,,2026-05-11 14:07:04,drive_thru,,credit_card,completed
1020526,3,1497,2026-05-11 14:15:24,dine_in,,credit_card,completed
1020527,7,2398,2026-05-11 14:43:51,dine_in,,debit_card,completed
1020528,13,2260,2026-05-11 15:15:00,dine_in,BOUDIN20,apple_pay,completed
1020529,4,2402,2026-05-11 15:22:30,drive_thru,BOUDIN20,cash,completed
1020530,14,446,2026-05-11 15:45:00,drive_thru,,debit_card,refunded
1020531,11,949,2026-05-11 16:46:42,drive_thru,,debit_card,completed
1020532,4,1165,2026-05-11 16:53:48,delivery,,credit_card,completed
1020533,17,,2026-05-11 16:57:52,takeout,,apple_pay,completed
1020534,13,,2026-05-11 16:58:56,takeout,,debit_card,completed
1020535,17,2452,2026-05-11 17:00:34,delivery,,debit_card,completed
1020536,3,,2026-05-11 17:02:34,takeout,,debit_card,completed
1020537,7,,2026-05-11 17:03:07,dine_in,,credit_card,completed
1020538,7,1808,2026-05-11 17:09:04,takeout,,apple_pay,completed
1020539,7,941,2026-05-11 17:25:25,dine_in,,apple_pay,completed
1020540,6,,2026-05-11 17:32:15,dine_in,,debit_card,completed
1020541,5,1159,2026-05-11 17:38:42,drive_thru,,credit_card,completed
1020542,12,909,2026-05-11 17:42:55,delivery,,credit_card,completed
1020543,19,,2026-05-11 17:46:16,takeout,,cash,completed
1020544,6,1878,2026-05-11 17:48:14,takeout,,debit_card,completed
1020545,9,1910,2026-05-11 17:50:33,dine_in,,cash,completed
1020546,11,1039,2026-05-11 17:52:00,takeout,,credit_card,completed
1020547,8,,2026-05-11 17:52:39,dine_in,,debit_card,cancelled
1020548,19,,2026-05-11 17:52:52,dine_in,,cash,completed
1020549,12,1052,2026-05-11 18:03:55,delivery,,debit_card,completed
1020550,14,814,2026-05-11 18:07:02,dine_in,,debit_card,completed
1020551,13,1022,2026-05-11 18:15:34,dine_in,,credit_card,completed
1020552,7,,2026-05-11 18:17:55,takeout,,gift_card,completed
1020553,20,172,2026-05-11 18:18:27,dine_in,BOUDIN20,credit_card,completed
1020554,18,2075,2026-05-11 18:22:39,dine_in,,credit_card,completed
1020555,16,60,2026-05-11 18:25:24,takeout,,credit_card,completed
1020556,17,805,2026-05-11 18:27:01,takeout,,credit_card,completed
1020557,3,505,2026-05-11 18:27:09,dine_in,,credit_card,completed
1020558,5,,2026-05-11 18:32:01,drive_thru,,credit_card,completed
1020559,3,1665,2026-05-11 18:32:18,dine_in,,apple_pay,completed
1020560,13,1727,2026-05-11 18:35:00,dine_in,,credit_card,refunded
1020561,20,1248,2026-05-11 18:35:50,dine_in,,debit_card,completed
1020562,10,,2026-05-11 18:36:14,,,credit_card,completed
1020563,10,,2026-05-11 18:37:42,dine_in,,cash,completed
1020564,10,107,2026-05-11 18:38:34,delivery,,credit_card,completed
1020565,13,,2026-05-11 18:41:48,takeout,,apple_pay,completed
1020566,12,192,2026-05-11 18:42:07,dine_in,,credit_card,completed
1020567,1,1991,2026-05-11 18:44:54,dine_in,,credit_card,completed
1020568,11,269,2026-05-11 18:46:42,dine_in,,credit_card,cancelled
1020569,11,59,2026-05-11 18:49:06,dine_in,,credit_card,completed
1020570,20,1416,2026-05-11 18:52:55,drive_thru,,credit_card,completed
1020571,15,,2026-05-11 18:53:36,,,credit_card,completed
1020572,16,60,2026-05-11 18:54:24,takeout,BOUDIN20,gift_card,completed
1020573,8,1242,2026-05-11 18:55:18,delivery,,credit_card,completed
1020574,3,,2026-05-11 18:56:46,dine_in,,cash,completed
1020575,12,324,2026-05-11 18:58:10,delivery,,debit_card,completed
1020576,16,2465,2026-05-11 19:00:11,dine_in,,debit_card,completed
1020577,17,1554,2026-05-11 19:04:30,dine_in,,cash,completed
1020578,18,856,2026-05-11 19:05:14,takeout,,credit_card,completed
1020579,6,,2026-05-11 19:07:06,drive_thru,,apple_pay,completed
1020580,7,,2026-05-11 19:08:17,takeout,,gift_card,completed
1020581,15,,2026-05-11 19:19:00,,,cash,completed
1020582,14,,2026-05-11 19:19:27,takeout,,credit_card,completed
1020583,15,2069,2026-05-11 19:21:14,drive_thru,,debit_card,completed
1020584,7,1973,2026-05-11 19:23:46,dine_in,,credit_card,completed
1020585,19,,2026-05-11 19:26:58,delivery,,debit_card,completed
1020586,19,80,2026-05-11 19:31:04,takeout,,cash,completed
1020587,10,628,2026-05-11 19:34:54,takeout,,apple_pay,completed
1020588,6,378,2026-05-11 19:36:46,drive_thru,,apple_pay,completed
1020589,11,812,2026-05-11 19:39:06,takeout,,credit_card,completed
1020590,7,2155,2026-05-11 19:40:10,takeout,,credit_card,completed
1020591,14,2346,2026-05-11 19:42:47,takeout,,credit_card,completed
1020592,4,,2026-05-11 19:43:23,delivery,,credit_card,completed
1020593,15,,2026-05-11 19:47:01,drive_thru,,credit_card,completed
1020594,14,,2026-05-11 19:52:34,drive_thru,,credit_card,completed
1020595,12,1751,2026-05-11 20:02:20,dine_in,,gift_card,completed
1020596,10,,2026-05-11 20:09:48,dine_in,,credit_card,completed
1020597,18,1495,2026-05-11 20:38:21,drive_thru,,cash,completed
1020598,13,,2026-05-11 20:38:35,dine_in,,credit_card,completed
1020599,16,,2026-05-11 20:40:56,dine_in,,debit_card,completed
1020600,17,1393,2026-05-11 20:43:25,delivery,,debit_card,completed
1020601,7,,2026-05-11 20:43:38,dine_in,,cash,completed
1020602,1,883,2026-05-11 20:47:34,dine_in,,credit_card,completed
1020603,16,218,2026-05-11 20:47:46,takeout,BOUDIN20,credit_card,completed
1020604,13,203,2026-05-11 20:55:17,takeout,BOUDIN20,credit_card,completed
1020605,4,747,2026-05-11 21:10:01,delivery,,credit_card,completed
1020606,8,640,2026-05-11 21:50:15,dine_in,,apple_pay,completed
1020607,1,207,2026-05-12 10:32:44,takeout,,apple_pay,completed
1020608,11,812,2026-05-12 11:03:12,dine_in,,debit_card,completed
1020609,1,524,2026-05-12 11:06:08,dine_in,,credit_card,completed
1020610,14,,2026-05-12 11:16:50,delivery,,apple_pay,completed
1020611,17,1869,2026-05-12 11:18:03,takeout,,cash,completed
1020612,19,150,2026-05-12 11:35:42,dine_in,,credit_card,completed
1020613,18,1689,2026-05-12 11:35:55,dine_in,,credit_card,completed
1020614,15,1086,2026-05-12 11:39:59,takeout,,credit_card,completed
1020615,12,,2026-05-12 11:43:56,dine_in,,credit_card,completed
1020616,16,1889,2026-05-12 11:45:28,dine_in,,cash,completed
1020617,13,1429,2026-05-12 11:55:04,dine_in,,debit_card,completed
1020618,20,979,2026-05-12 12:01:02,dine_in,BOUDIN20,cash,completed
1020619,5,873,2026-05-12 12:05:22,takeout,,debit_card,completed
1020620,1,792,2026-05-12 12:06:28,dine_in,BOUDIN20,credit_card,completed
1020621,15,419,2026-05-12 12:06:50,drive_thru,,cash,completed
1020622,3,,2026-05-12 12:10:53,takeout,,credit_card,completed
1020623,2,2044,2026-05-12 12:11:51,dine_in,BOUDIN20,debit_card,completed
1020624,6,1977,2026-05-12 12:12:42,dine_in,,debit_card,cancelled
1020625,6,1714,2026-05-12 12:16:39,drive_thru,,credit_card,completed
1020626,14,,2026-05-12 12:18:40,drive_thru,,apple_pay,completed
1020627,7,1243,2026-05-12 12:19:08,dine_in,,gift_card,completed
1020628,10,1799,2026-05-12 12:19:27,takeout,,apple_pay,completed
1020629,13,2010,2026-05-12 12:23:05,delivery,,credit_card,completed
1020630,3,2079,2026-05-12 12:25:07,dine_in,,credit_card,completed
1020631,1,2308,2026-05-12 12:28:02,takeout,,cash,completed
1020632,8,230,2026-05-12 12:32:13,delivery,,debit_card,completed
1020633,13,472,2026-05-12 12:32:44,takeout,,cash,completed
1020634,3,713,2026-05-12 12:33:16,delivery,,credit_card,completed
1020635,5,503,2026-05-12 12:37:15,dine_in,,apple_pay,completed
1020636,2,,2026-05-12 12:37:59,takeout,,cash,completed
1020637,7,2286,2026-05-12 12:38:28,takeout,,debit_card,completed
1020638,13,617,2026-05-12 12:39:40,delivery,,apple_pay,completed
1020639,4,,2026-05-12 12:40:22,delivery,,apple_pay,completed
1020640,12,2358,2026-05-12 12:40:34,takeout,,credit_card,completed
1020641,16,1485,2026-05-12 12:42:02,takeout,BOUDIN20,apple_pay,completed
1020642,14,29,2026-05-12 12:42:30,dine_in,,credit_card,completed
1020643,5,978,2026-05-12 12:43:53,,,gift_card,refunded
1020644,12,,2026-05-12 12:44:33,delivery,BOUDIN20,credit_card,completed
1020645,7,,2026-05-12 12:47:39,takeout,,debit_card,completed
1020646,11,1719,2026-05-12 12:54:21,delivery,,credit_card,completed
1020647,10,,2026-05-12 12:57:01,drive_thru,,debit_card,completed
1020648,10,2338,2026-05-12 12:57:50,delivery,,apple_pay,completed
1020649,10,,2026-05-12 13:00:04,delivery,,credit_card,completed
1020650,1,1596,2026-05-12 13:00:08,dine_in,,apple_pay,completed
1020651,7,,2026-05-12 13:01:30,dine_in,,credit_card,completed
1020652,7,,2026-05-12 13:05:14,takeout,,cash,completed
1020653,6,,2026-05-12 13:05:26,dine_in,,credit_card,completed
1020654,11,812,2026-05-12 13:05:37,drive_thru,,apple_pay,completed
1020655,10,553,2026-05-12 13:09:40,takeout,,credit_card,completed
1020656,19,2024,2026-05-12 13:20:08,takeout,,credit_card,completed
1020657,17,,2026-05-12 13:21:54,dine_in,BOUDIN20,credit_card,completed
1020658,16,2134,2026-05-12 13:25:26,dine_in,,credit_card,completed
1020659,1,1895,2026-05-12 13:33:04,takeout,,credit_card,completed
1020660,5,,2026-05-12 13:36:48,delivery,,debit_card,completed
1020661,1,1732,2026-05-12 13:42:06,takeout,,cash,completed
1020662,15,2372,2026-05-12 14:12:09,takeout,,apple_pay,completed
1020663,11,2387,2026-05-12 14:23:44,delivery,,debit_card,completed
1020664,1,,2026-05-12 14:34:56,takeout,,debit_card,completed
1020665,2,2177,2026-05-12 15:08:56,delivery,,debit_card,completed
1020666,11,812,2026-05-12 16:04:44,dine_in,,cash,completed
1020667,3,,2026-05-12 16:08:18,dine_in,,cash,completed
1020668,14,1339,2026-05-12 16:09:47,drive_thru,,credit_card,completed
1020669,16,1474,2026-05-12 16:36:47,delivery,,credit_card,completed
1020670,11,2394,2026-05-12 16:38:40,dine_in,BOUDIN20,debit_card,completed
1020671,17,1979,2026-05-12 16:46:05,delivery,,gift_card,completed
1020672,10,,2026-05-12 17:07:22,delivery,,debit_card,completed
1020673,13,,2026-05-12 17:28:35,dine_in,BOUDIN20,apple_pay,completed
1020674,14,2087,2026-05-12 17:38:23,drive_thru,,debit_card,completed
1020675,13,,2026-05-12 17:42:25,delivery,,credit_card,completed
1020676,19,970,2026-05-12 17:45:50,drive_thru,,credit_card,completed
1020677,3,175,2026-05-12 17:45:55,dine_in,,debit_card,completed
1020678,11,2257,2026-05-12 17:51:25,dine_in,,cash,completed
1020679,6,,2026-05-12 17:57:59,delivery,,debit_card,completed
1020680,11,,2026-05-12 18:05:22,drive_thru,,credit_card,completed
1020681,10,467,2026-05-12 18:08:53,delivery,,apple_pay,completed
1020682,5,,2026-05-12 18:09:49,dine_in,,credit_card,completed
1020683,12,38,2026-05-12 18:13:57,dine_in,,cash,completed
1020684,9,,2026-05-12 18:20:58,dine_in,,cash,completed
1020685,19,,2026-05-12 18:21:49,drive_thru,,credit_card,completed
1020686,20,,2026-05-12 18:25:08,delivery,,credit_card,completed
1020687,8,1829,2026-05-12 18:26:37,dine_in,,debit_card,completed
1020688,13,1731,2026-05-12 18:28:15,takeout,,debit_card,completed
1020689,6,,2026-05-12 18:28:31,drive_thru,,credit_card,completed
1020690,2,708,2026-05-12 18:29:28,dine_in,BOUDIN20,gift_card,completed
1020691,4,,2026-05-12 18:29:46,dine_in,,cash,completed
1020692,12,,2026-05-12 18:31:05,delivery,,debit_card,completed
1020693,1,630,2026-05-12 18:31:47,dine_in,,credit_card,completed
1020694,13,,2026-05-12 18:33:53,dine_in,,credit_card,completed
1020695,19,,2026-05-12 18:35:42,drive_thru,,debit_card,completed
1020696,19,1266,2026-05-12 18:35:54,takeout,,debit_card,completed
1020697,8,,2026-05-12 18:36:13,dine_in,,credit_card,completed
1020698,1,429,2026-05-12 18:42:34,dine_in,,debit_card,completed
1020699,6,1529,2026-05-12 18:44:50,drive_thru,,cash,completed
1020700,5,234,2026-05-12 18:45:31,dine_in,,credit_card,completed
1020701,8,,2026-05-12 18:47:25,delivery,,apple_pay,completed
1020702,3,1634,2026-05-12 18:49:07,takeout,,credit_card,completed
1020703,13,1877,2026-05-12 18:51:01,takeout,,cash,completed
1020704,3,1035,2026-05-12 18:51:04,delivery,,apple_pay,completed
1020705,12,,2026-05-12 18:53:21,takeout,,credit_card,refunded
1020706,3,2363,2026-05-12 18:54:00,takeout,,credit_card,completed
1020707,6,800,2026-05-12 18:55:26,dine_in,,credit_card,completed
1020708,18,,2026-05-12 18:56:30,drive_thru,,debit_card,completed
1020709,17,,2026-05-12 18:58:50,dine_in,,apple_pay,completed
1020710,7,1978,2026-05-12 18:59:27,dine_in,BOUDIN20,credit_card,completed
1020711,14,1184,2026-05-12 19:00:21,dine_in,BOUDIN20,cash,completed
1020712,8,1076,2026-05-12 19:02:46,dine_in,,apple_pay,completed
1020713,2,55,2026-05-12 19:02:47,dine_in,,debit_card,completed
1020714,6,247,2026-05-12 19:03:51,drive_thru,,debit_card,completed
1020715,10,,2026-05-12 19:04:32,dine_in,,debit_card,completed
1020716,14,446,2026-05-12 19:10:34,dine_in,,apple_pay,completed
1020717,1,801,2026-05-12 19:10:52,delivery,,apple_pay,completed
1020718,4,1677,2026-05-12 19:16:13,drive_thru,,debit_card,completed
1020719,3,,2026-05-12 19:17:50,delivery,,credit_card,completed
1020720,10,,2026-05-12 19:19:00,dine_in,,credit_card,completed
1020721,15,,2026-05-12 19:19:53,dine_in,,debit_card,completed
1020722,7,737,2026-05-12 19:23:30,dine_in,,debit_card,completed
1020723,13,288,2026-05-12 19:23:33,delivery,,debit_card,completed
1020724,2,103,2026-05-12 19:23:49,dine_in,,apple_pay,completed
1020725,19,1314,2026-05-12 19:24:43,takeout,,credit_card,completed
1020726,1,,2026-05-12 19:30:33,dine_in,,apple_pay,completed
1020727,15,,2026-05-12 19:32:07,takeout,,gift_card,completed
1020728,4,948,2026-05-12 19:37:11,dine_in,,credit_card,completed
1020729,20,,2026-05-12 19:40:06,dine_in,,debit_card,completed
1020730,5,2362,2026-05-12 19:44:40,dine_in,,credit_card,completed
1020731,15,1180,2026-05-12 19:46:19,drive_thru,,credit_card,completed
1020732,17,408,2026-05-12 19:52:08,dine_in,,cash,completed
1020733,12,,2026-05-12 19:55:08,dine_in,,credit_card,completed
1020734,7,1261,2026-05-12 20:03:57,takeout,,cash,completed
1020735,4,1165,2026-05-12 20:06:33,delivery,,credit_card,completed
1020736,14,1040,2026-05-12 20:12:29,dine_in,,credit_card,completed
1020737,10,2425,2026-05-12 20:17:43,,,debit_card,completed
1020738,19,1983,2026-05-12 20:18:08,delivery,,credit_card,completed
1020739,2,,2026-05-12 20:18:38,takeout,,debit_card,completed
1020740,11,452,2026-05-12 20:36:19,dine_in,,credit_card,completed
1020741,15,,2026-05-12 21:10:31,drive_thru,,credit_card,completed
1020742,19,,2026-05-12 21:31:47,drive_thru,BOUDIN20,credit_card,completed
1020743,4,,2026-05-12 21:45:10,dine_in,,apple_pay,completed
1020744,14,,2026-05-12 21:50:06,delivery,,credit_card,completed
1020745,7,955,2026-05-13 10:39:04,dine_in,,credit_card,completed
1020746,1,429,2026-05-13 10:40:57,dine_in,,credit_card,completed
1020747,18,259,2026-05-13 10:47:56,delivery,,apple_pay,completed
1020748,4,252,2026-05-13 11:14:29,takeout,,debit_card,completed
1020749,11,1980,2026-05-13 11:34:44,drive_thru,,debit_card,completed
1020750,12,1885,2026-05-13 11:42:31,delivery,,credit_card,completed
1020751,15,,2026-05-13 11:47:57,takeout,,cash,completed
1020752,15,1432,2026-05-13 11:48:38,dine_in,,cash,completed
1020753,15,1696,2026-05-13 11:49:05,delivery,,credit_card,completed
1020754,5,,2026-05-13 11:50:04,delivery,,credit_card,completed
1020755,20,,2026-05-13 12:06:50,delivery,,credit_card,completed
1020756,20,,2026-05-13 12:08:10,dine_in,,apple_pay,completed
1020757,19,,2026-05-13 12:09:09,delivery,,debit_card,completed
1020758,15,,2026-05-13 12:10:02,delivery,,credit_card,completed
1020759,16,2182,2026-05-13 12:12:14,takeout,,credit_card,completed
1020760,16,2016,2026-05-13 12:12:29,dine_in,,credit_card,refunded
1020761,6,2179,05/13/2026 12:12,dine_in,,credit_card,completed
1020762,7,146,2026-05-13 12:15:50,dine_in,,debit_card,completed
1020763,18,694,2026-05-13 12:19:15,,,credit_card,completed
1020764,2,,2026-05-13 12:19:24,takeout,,credit_card,completed
1020765,7,1444,2026-05-13 12:21:45,dine_in,,credit_card,completed
1020766,1,,2026-05-13 12:22:17,takeout,,credit_card,refunded
1020767,15,,2026-05-13 12:22:25,takeout,,debit_card,completed
1020768,16,325,2026-05-13 12:25:51,dine_in,,credit_card,completed
1020769,20,2291,2026-05-13 12:27:21,delivery,,apple_pay,completed
1020770,13,1753,2026-05-13 12:29:13,delivery,,debit_card,completed
1020771,15,815,2026-05-13 12:29:58,dine_in,,credit_card,completed
1020772,13,,2026-05-13 12:31:02,takeout,,credit_card,completed
1020773,14,2241,2026-05-13 12:31:14,drive_thru,,credit_card,completed
1020774,19,368,2026-05-13 12:32:55,dine_in,,apple_pay,completed
1020775,13,,2026-05-13 12:33:40,takeout,,cash,completed
1020776,15,,2026-05-13 12:34:22,delivery,,credit_card,completed
1020777,17,,2026-05-13 12:36:32,dine_in,,credit_card,completed
1020778,5,,2026-05-13 12:37:40,dine_in,,credit_card,completed
1020779,10,,2026-05-13 12:43:18,delivery,,apple_pay,completed
1020780,11,163,2026-05-13 12:43:18,dine_in,,credit_card,cancelled
1020781,8,52,2026-05-13 12:44:09,takeout,,cash,completed
1020782,1,156,2026-05-13 12:47:37,takeout,,credit_card,completed
1020783,18,,2026-05-13 12:48:29,drive_thru,,credit_card,completed
1020784,3,,2026-05-13 12:48:47,dine_in,,apple_pay,completed
1020785,7,1444,2026-05-13 12:54:59,delivery,,credit_card,completed
1020786,7,257,2026-05-13 12:55:11,dine_in,BOUDIN20,credit_card,completed
1020787,4,1814,2026-05-13 12:57:06,drive_thru,,apple_pay,completed
1020788,12,225,2026-05-13 12:58:05,dine_in,,gift_card,completed
1020789,14,,2026-05-13 13:00:13,delivery,,apple_pay,completed
1020790,15,412,2026-05-13 13:02:52,takeout,,credit_card,completed
1020791,6,1530,2026-05-13 13:05:05,dine_in,,credit_card,completed
1020792,1,623,2026-05-13 13:06:11,dine_in,BOUDIN20,debit_card,completed
1020793,19,885,2026-05-13 13:06:16,delivery,,credit_card,completed
1020794,3,,2026-05-13 13:09:50,dine_in,,cash,completed
1020795,2,,2026-05-13 13:10:40,delivery,,apple_pay,completed
1020796,7,1328,2026-05-13 13:11:58,delivery,BOUDIN20,apple_pay,completed
1020797,2,1615,2026-05-13 13:14:52,,,debit_card,completed
1020798,6,151,2026-05-13 13:18:55,drive_thru,,apple_pay,completed
1020799,6,1530,2026-05-13 13:21:04,drive_thru,,credit_card,completed
1020800,15,,2026-05-13 13:21:30,drive_thru,,cash,completed
1020801,5,2333,2026-05-13 13:23:51,delivery,,credit_card,completed
1020802,17,221,2026-05-13 13:25:38,delivery,,credit_card,completed
1020803,4,,2026-05-13 13:31:37,drive_thru,,credit_card,completed
1020804,3,748,2026-05-13 13:42:59,takeout,,credit_card,completed
1020805,6,1510,2026-05-13 13:53:22,dine_in,,debit_card,completed
1020806,2,1744,2026-05-13 13:54:30,delivery,,credit_card,completed
1020807,15,837,2026-05-13 14:14:52,dine_in,,credit_card,completed
1020808,7,,2026-05-13 14:48:37,delivery,,apple_pay,completed
1020809,3,1997,2026-05-13 14:48:43,delivery,,debit_card,completed
1020810,4,,2026-05-13 14:48:49,delivery,,credit_card,completed
1020811,17,,2026-05-13 15:20:56,delivery,,credit_card,completed
1020812,7,,2026-05-13 15:26:42,dine_in,,cash,completed
1020813,14,1898,2026-05-13 15:28:41,delivery,,credit_card,completed
1020814,7,,2026-05-13 15:55:43,takeout,,credit_card,completed
1020815,7,,2026-05-13 16:26:47,takeout,,cash,completed
1020816,2,,2026-05-13 16:32:43,dine_in,,credit_card,completed
1020817,20,,2026-05-13 16:47:24,dine_in,,apple_pay,completed
1020818,4,2458,2026-05-13 16:53:41,delivery,,credit_card,completed
1020819,19,2017,2026-05-13 17:17:12,dine_in,,credit_card,completed
1020820,13,985,2026-05-13 17:31:31,,,credit_card,completed
1020821,6,93,2026-05-13 17:33:33,takeout,,credit_card,completed
1020822,7,121,2026-05-13 17:48:10,dine_in,,credit_card,completed
1020823,12,,2026-05-13 17:49:26,takeout,BOUDIN20,apple_pay,completed
1020824,1,,2026-05-13 17:56:01,delivery,,apple_pay,completed
1020825,12,1075,2026-05-13 17:57:24,delivery,,credit_card,completed
1020826,15,1953,2026-05-13 17:58:44,delivery,,credit_card,completed
1020827,3,1233,2026-05-13 18:03:10,dine_in,,apple_pay,completed
1020828,3,1077,2026-05-13 18:06:49,dine_in,,debit_card,completed
1020829,10,,2026-05-13 18:07:40,delivery,,apple_pay,completed
1020830,6,901,2026-05-13 18:12:57,drive_thru,,apple_pay,completed
1020831,2,608,2026-05-13 18:17:37,delivery,,credit_card,completed
1020832,17,520,2026-05-13 18:21:21,delivery,,gift_card,completed
1020833,10,1188,2026-05-13 18:22:56,drive_thru,,credit_card,completed
1020834,13,1481,2026-05-13 18:26:17,delivery,BOUDIN20,credit_card,completed
1020835,19,1394,2026-05-13 18:26:58,delivery,,credit_card,completed
1020836,15,,2026-05-13 18:31:42,takeout,,credit_card,completed
1020837,3,,2026-05-13 18:32:08,dine_in,,credit_card,completed
1020838,16,2161,2026-05-13 18:36:45,delivery,BOUDIN20,debit_card,cancelled
1020839,20,,2026-05-13 18:39:00,drive_thru,BOUDIN20,apple_pay,completed
1020840,19,,2026-05-13 18:39:47,dine_in,,apple_pay,completed
1020841,1,,2026-05-13 18:42:08,dine_in,,credit_card,completed
1020842,3,,2026-05-13 18:42:49,delivery,,credit_card,completed
1020843,4,,2026-05-13 18:45:19,dine_in,,cash,completed
1020844,3,,2026-05-13 18:47:15,delivery,BOUDIN20,credit_card,completed
1020845,10,,05/13/2026 18:50,dine_in,,debit_card,completed
1020846,1,,2026-05-13 18:50:37,dine_in,,debit_card,completed
1020847,9,,2026-05-13 18:50:59,dine_in,,debit_card,completed
1020848,3,,2026-05-13 18:51:16,dine_in,,apple_pay,completed
1020849,19,,2026-05-13 18:51:46,takeout,,credit_card,completed
1020850,2,,2026-05-13 18:51:55,takeout,,debit_card,completed
1020851,12,1293,2026-05-13 18:53:01,takeout,,apple_pay,completed
1020852,11,2257,2026-05-13 19:02:10,delivery,,gift_card,cancelled
1020853,12,445,2026-05-13 19:03:14,dine_in,,cash,completed
1020854,1,,2026-05-13 19:08:58,takeout,,cash,completed
1020855,2,2399,2026-05-13 19:11:54,delivery,,apple_pay,completed
1020856,2,384,2026-05-13 19:13:35,dine_in,,apple_pay,completed
1020857,3,2423,2026-05-13 19:15:29,takeout,,credit_card,completed
1020858,6,,2026-05-13 19:15:48,dine_in,,debit_card,completed
1020859,3,,2026-05-13 19:15:50,dine_in,,debit_card,completed
1020860,3,1936,2026-05-13 19:18:17,takeout,,apple_pay,completed
1020861,15,914,2026-05-13 19:18:37,delivery,,debit_card,completed
1020862,19,,2026-05-13 19:19:14,dine_in,,apple_pay,completed
1020863,18,,2026-05-13 19:21:01,delivery,,credit_card,completed
1020864,6,,2026-05-13 19:22:00,dine_in,,cash,completed
1020865,12,313,2026-05-13 19:26:07,takeout,,credit_card,completed
1020866,15,2369,2026-05-13 19:27:00,dine_in,,apple_pay,completed
1020867,18,400,2026-05-13 19:34:08,drive_thru,,debit_card,completed
1020868,5,,2026-05-13 19:35:05,drive_thru,,credit_card,completed
1020869,15,,2026-05-13 19:37:44,dine_in,,credit_card,completed
1020870,5,,2026-05-13 19:50:32,takeout,,credit_card,completed
1020871,2,1806,2026-05-13 19:54:51,takeout,,credit_card,completed
1020872,16,2465,2026-05-13 20:03:57,delivery,,gift_card,completed
1020873,4,,2026-05-13 20:04:43,delivery,,debit_card,completed
1020874,17,2051,2026-05-13 20:14:59,delivery,,apple_pay,completed
1020875,1,630,2026-05-13 20:25:31,delivery,,apple_pay,completed
1020876,20,390,2026-05-13 20:26:11,,,credit_card,completed
1020877,10,2220,2026-05-13 20:32:19,drive_thru,,cash,completed
1020878,18,,2026-05-13 20:53:24,dine_in,,credit_card,completed
1020879,14,1657,2026-05-13 21:03:02,delivery,BOUDIN20,credit_card,completed
1020880,17,,2026-05-13 21:39:50,dine_in,,credit_card,completed
1020881,13,,2026-05-14 10:41:51,takeout,,credit_card,completed
1020882,12,811,2026-05-14 10:58:20,takeout,,debit_card,completed
1020883,7,,2026-05-14 10:59:17,dine_in,,cash,completed
1020884,1,2276,2026-05-14 10:59:49,dine_in,,credit_card,cancelled
1020885,19,117,05/14/2026 11:10,,,apple_pay,completed
1020886,17,2147,2026-05-14 11:17:53,delivery,BOUDIN20,debit_card,completed
1020887,17,,2026-05-14 11:27:16,takeout,,apple_pay,completed
1020888,14,446,2026-05-14 11:32:05,dine_in,,apple_pay,completed
1020889,20,2271,2026-05-14 11:36:31,delivery,,debit_card,completed
1020890,15,181,2026-05-14 11:43:44,delivery,,credit_card,completed
1020891,14,2383,2026-05-14 11:43:45,dine_in,,gift_card,completed
1020892,2,,2026-05-14 11:47:54,dine_in,,credit_card,completed
1020893,20,2128,2026-05-14 11:49:39,takeout,,credit_card,completed
1020894,14,,2026-05-14 11:49:53,dine_in,,credit_card,cancelled
1020895,1,748,2026-05-14 11:53:33,takeout,,debit_card,completed
1020896,8,1327,2026-05-14 11:54:34,takeout,,debit_card,completed
1020897,18,694,2026-05-14 11:59:32,dine_in,,debit_card,completed
1020898,3,1376,2026-05-14 11:59:37,dine_in,,cash,completed
1020899,14,1652,2026-05-14 12:05:31,drive_thru,,credit_card,completed
1020900,3,282,2026-05-14 12:12:13,delivery,BOUDIN20,debit_card,completed
1020901,6,,2026-05-14 12:13:03,takeout,,apple_pay,completed
1020902,6,444,2026-05-14 12:14:44,delivery,,credit_card,completed
1020903,11,904,2026-05-14 12:15:07,takeout,,credit_card,completed
1020904,1,2003,2026-05-14 12:17:10,delivery,,apple_pay,cancelled
1020905,13,1726,2026-05-14 12:19:56,dine_in,,cash,completed
1020906,17,,2026-05-14 12:20:55,takeout,,debit_card,completed
1020907,12,2346,2026-05-14 12:23:18,dine_in,,apple_pay,cancelled
1020908,3,983,2026-05-14 12:23:26,delivery,,credit_card,completed
1020909,6,2169,2026-05-14 12:25:36,dine_in,,cash,completed
1020910,19,215,2026-05-14 12:25:59,takeout,,apple_pay,completed
1020911,8,1276,2026-05-14 12:27:05,dine_in,,debit_card,completed
1020912,14,716,2026-05-14 12:27:09,takeout,,credit_card,completed
1020913,13,617,2026-05-14 12:29:13,delivery,,apple_pay,completed
1020914,7,,2026-05-14 12:31:15,delivery,,credit_card,completed
1020915,11,128,2026-05-14 12:31:45,delivery,,apple_pay,completed
1020916,11,,2026-05-14 12:33:30,drive_thru,,apple_pay,completed
1020917,4,,2026-05-14 12:34:00,dine_in,,cash,completed
1020918,12,903,2026-05-14 12:34:27,delivery,,apple_pay,completed
1020919,3,659,2026-05-14 12:34:28,delivery,,credit_card,completed
1020920,16,,2026-05-14 12:34:42,dine_in,,apple_pay,completed
1020921,4,262,2026-05-14 12:35:58,takeout,,credit_card,completed
1020922,17,,2026-05-14 12:39:12,dine_in,,credit_card,completed
1020923,14,1279,2026-05-14 12:40:00,dine_in,,credit_card,completed
1020924,12,428,2026-05-14 12:42:21,takeout,,debit_card,completed
1020925,19,1537,2026-05-14 12:42:45,dine_in,,cash,completed
1020926,10,1398,2026-05-14 12:43:22,takeout,,cash,completed
1020927,8,2303,2026-05-14 12:43:26,dine_in,,debit_card,completed
1020928,6,2003,2026-05-14 12:43:49,dine_in,,gift_card,completed
1020929,4,6,2026-05-14 12:43:58,drive_thru,,credit_card,completed
1020930,14,2277,2026-05-14 12:44:00,drive_thru,,cash,completed
1020931,7,2263,2026-05-14 12:48:42,dine_in,,credit_card,completed
1020932,7,2455,2026-05-14 12:48:46,delivery,,apple_pay,cancelled
1020933,17,2214,2026-05-14 12:52:40,dine_in,,debit_card,completed
1020934,8,1125,2026-05-14 12:53:15,dine_in,,cash,completed
1020935,19,,2026-05-14 12:53:19,drive_thru,,credit_card,cancelled
1020936,13,1445,2026-05-14 12:54:34,dine_in,,apple_pay,completed
1020937,20,,2026-05-14 12:56:05,takeout,,credit_card,completed
1020938,17,805,2026-05-14 12:59:07,delivery,,apple_pay,completed
1020939,4,923,2026-05-14 13:00:42,dine_in,,cash,completed
1020940,15,,2026-05-14 13:01:09,dine_in,,cash,completed
1020941,4,1164,2026-05-14 13:01:15,drive_thru,,apple_pay,completed
1020942,8,,2026-05-14 13:01:58,takeout,,credit_card,completed
1020943,14,2249,2026-05-14 13:02:47,delivery,,credit_card,completed
1020944,6,1530,2026-05-14 13:02:58,drive_thru,,credit_card,completed
1020945,15,,2026-05-14 13:08:37,takeout,BOUDIN20,credit_card,completed
1020946,6,,2026-05-14 13:10:24,takeout,,cash,completed
1020947,17,,2026-05-14 13:11:13,takeout,BOUDIN20,debit_card,completed
1020948,14,,2026-05-14 13:11:30,takeout,BOUDIN20,credit_card,completed
1020949,10,42,2026-05-14 13:12:02,takeout,,cash,completed
1020950,19,1537,2026-05-14 13:13:52,delivery,,credit_card,completed
1020951,3,983,2026-05-14 13:22:14,takeout,,credit_card,completed
1020952,14,842,2026-05-14 13:29:13,dine_in,,debit_card,completed
1020953,14,318,2026-05-14 13:47:56,drive_thru,,debit_card,completed
1020954,17,,2026-05-14 13:55:39,delivery,,gift_card,completed
1020955,20,,2026-05-14 14:00:20,dine_in,,debit_card,completed
1020956,15,2420,2026-05-14 14:08:27,dine_in,,credit_card,completed
1020957,16,,2026-05-14 14:19:49,dine_in,,apple_pay,completed
1020958,7,461,2026-05-14 14:20:52,takeout,,apple_pay,completed
1020959,8,,2026-05-14 14:27:28,dine_in,,credit_card,completed
1020960,12,265,2026-05-14 14:36:45,takeout,,debit_card,completed
1020961,19,1041,2026-05-14 14:48:55,dine_in,,credit_card,completed
1020962,8,,2026-05-14 15:08:26,dine_in,,debit_card,completed
1020963,4,1466,2026-05-14 15:12:32,takeout,,apple_pay,completed
1020964,11,,2026-05-14 15:22:07,dine_in,,gift_card,completed
1020965,5,,2026-05-14 15:51:22,drive_thru,,credit_card,completed
1020966,16,148,2026-05-14 16:06:56,delivery,,gift_card,completed
1020967,14,,2026-05-14 16:12:55,dine_in,,debit_card,completed
1020968,6,1033,2026-05-14 16:30:32,drive_thru,BOUDIN20,debit_card,completed
1020969,10,1798,2026-05-14 16:33:27,delivery,,debit_card,completed
1020970,5,,2026-05-14 16:40:27,dine_in,,credit_card,completed
1020971,8,,2026-05-14 17:20:06,dine_in,,credit_card,completed
1020972,11,,2026-05-14 17:21:24,dine_in,,credit_card,completed
1020973,7,,2026-05-14 17:26:14,dine_in,,apple_pay,completed
1020974,6,899,2026-05-14 17:43:28,delivery,,credit_card,completed
1020975,18,,2026-05-14 17:44:02,drive_thru,,credit_card,completed
1020976,16,475,2026-05-14 17:48:17,takeout,,credit_card,completed
1020977,8,292,2026-05-14 17:52:25,delivery,BOUDIN20,credit_card,completed
1020978,19,668,2026-05-14 17:56:03,dine_in,,credit_card,completed
1020979,3,,2026-05-14 17:57:30,delivery,,credit_card,completed
1020980,13,1877,2026-05-14 18:02:06,takeout,,debit_card,completed
1020981,19,,2026-05-14 18:02:30,dine_in,,cash,completed
1020982,20,277,2026-05-14 18:04:10,drive_thru,,credit_card,completed
1020983,13,337,2026-05-14 18:05:17,delivery,,gift_card,completed
1020984,17,2361,2026-05-14 18:11:28,dine_in,,cash,cancelled
1020985,3,,2026-05-14 18:16:09,takeout,,credit_card,completed
1020986,8,,2026-05-14 18:17:03,dine_in,,gift_card,completed
1020987,1,282,2026-05-14 18:17:29,dine_in,,credit_card,completed
1020988,13,,2026-05-14 18:20:24,delivery,,debit_card,completed
1020989,8,21,2026-05-14 18:28:29,takeout,,credit_card,completed
1020990,7,287,2026-05-14 18:30:44,delivery,,debit_card,completed
1020991,8,650,2026-05-14 18:32:38,dine_in,,credit_card,completed
1020992,7,766,2026-05-14 18:33:08,dine_in,,cash,completed
1020993,11,,2026-05-14 18:39:39,takeout,,debit_card,completed
1020994,6,474,2026-05-14 18:40:56,takeout,,apple_pay,completed
1020995,11,,2026-05-14 18:42:12,drive_thru,,gift_card,completed
1020996,6,,2026-05-14 18:43:21,delivery,BOUDIN20,apple_pay,completed
1020997,4,533,2026-05-14 18:44:15,dine_in,BOUDIN20,credit_card,completed
1020998,10,,2026-05-14 18:45:24,drive_thru,,credit_card,completed
1020999,3,,2026-05-14 18:45:34,dine_in,,cash,completed
1021000,15,,2026-05-14 18:45:49,drive_thru,,debit_card,completed
1021001,12,2372,2026-05-14 18:46:37,delivery,,credit_card,completed
1021002,2,,2026-05-14 18:50:07,takeout,,debit_card,completed
1021003,8,,2026-05-14 18:50:26,delivery,,credit_card,completed
1021004,4,1601,2026-05-14 18:53:44,delivery,,credit_card,completed
1021005,17,,2026-05-14 18:54:08,delivery,,credit_card,completed
1021006,15,1494,2026-05-14 18:54:36,delivery,,credit_card,cancelled
1021007,12,,2026-05-14 18:57:19,delivery,,credit_card,completed
1021008,15,837,2026-05-14 18:59:18,dine_in,,credit_card,completed
1021009,13,,2026-05-14 19:00:23,dine_in,,credit_card,completed
1021010,19,2017,2026-05-14 19:01:07,delivery,,debit_card,completed
1021011,11,,2026-05-14 19:04:35,dine_in,,credit_card,completed
1021012,13,2210,2026-05-14 19:07:16,takeout,,credit_card,completed
1021013,8,,2026-05-14 19:09:51,dine_in,,credit_card,completed
1021014,12,240,2026-05-14 19:09:51,delivery,,credit_card,completed
1021015,6,2278,2026-05-14 19:12:20,delivery,,apple_pay,completed
1021016,9,728,2026-05-14 19:12:45,delivery,,credit_card,completed
1021017,13,,2026-05-14 19:14:10,dine_in,,debit_card,completed
1021018,14,578,2026-05-14 19:17:09,dine_in,,cash,completed
1021019,8,1475,2026-05-14 19:17:27,dine_in,,credit_card,cancelled
1021020,14,,2026-05-14 19:18:38,drive_thru,,credit_card,completed
1021021,1,1909,2026-05-14 19:19:01,takeout,,cash,completed
1021022,16,1643,2026-05-14 19:19:02,dine_in,,debit_card,completed
1021023,8,1262,2026-05-14 19:19:23,takeout,,debit_card,completed
1021024,2,2443,2026-05-14 19:19:43,dine_in,,cash,completed
1021025,7,,2026-05-14 19:19:43,delivery,,debit_card,completed
1021026,12,288,2026-05-14 19:21:59,dine_in,,debit_card,completed
1021027,11,,2026-05-14 19:23:28,takeout,,debit_card,completed
1021028,2,274,2026-05-14 19:24:54,takeout,,apple_pay,completed
1021029,14,,2026-05-14 19:25:15,delivery,,credit_card,completed
1021030,10,18,2026-05-14 19:26:18,delivery,,credit_card,completed
1021031,16,822,2026-05-14 19:29:03,dine_in,BOUDIN20,credit_card,cancelled
1021032,19,1054,2026-05-14 19:29:13,dine_in,,credit_card,completed
1021033,1,185,2026-05-14 19:30:15,dine_in,,debit_card,completed
1021034,5,,2026-05-14 19:34:07,dine_in,,apple_pay,completed
1021035,14,2272,2026-05-14 19:34:44,drive_thru,,gift_card,completed
1021036,11,,2026-05-14 19:35:53,drive_thru,,credit_card,completed
1021037,19,,2026-05-14 19:36:09,delivery,,credit_card,completed
1021038,14,166,2026-05-14 19:39:16,delivery,,debit_card,completed
1021039,4,1333,2026-05-14 19:39:32,dine_in,,debit_card,completed
1021040,19,738,2026-05-14 19:41:21,drive_thru,,credit_card,completed
1021041,3,417,2026-05-14 19:43:00,takeout,,credit_card,completed
1021042,14,,2026-05-14 19:46:25,dine_in,,cash,completed
1021043,19,301,2026-05-14 19:50:40,delivery,,credit_card,completed
1021044,18,,2026-05-14 19:52:36,dine_in,,debit_card,completed
1021045,12,,2026-05-14 19:58:10,takeout,,apple_pay,cancelled
1021046,19,700,2026-05-14 20:07:33,drive_thru,,cash,refunded
1021047,10,,2026-05-14 20:09:36,drive_thru,,credit_card,completed
1021048,19,2400,2026-05-14 20:15:07,drive_thru,,cash,completed
1021049,19,1537,2026-05-14 20:17:54,dine_in,,gift_card,completed
1021050,9,,2026-05-14 20:18:29,takeout,,credit_card,completed
1021051,4,1624,2026-05-14 20:26:48,dine_in,BOUDIN20,cash,completed
1021052,17,,2026-05-14 20:44:20,takeout,,credit_card,completed
1021053,5,2100,2026-05-14 20:47:28,dine_in,,credit_card,completed
1021054,6,1746,2026-05-14 20:51:39,delivery,,apple_pay,completed
1021055,6,151,2026-05-14 20:51:40,delivery,,debit_card,completed
1021056,4,,2026-05-14 20:54:15,delivery,,credit_card,completed
1021057,17,81,2026-05-14 21:01:28,takeout,,cash,completed
1021058,17,22,2026-05-14 21:05:38,delivery,,credit_card,completed
1021059,4,,2026-05-14 21:12:05,drive_thru,,cash,completed
1021060,19,,2026-05-14 21:30:30,drive_thru,,credit_card,completed
1021061,12,,2026-05-14 21:41:46,delivery,,apple_pay,completed
1021062,18,856,2026-05-15 10:47:42,drive_thru,,credit_card,completed
1021063,19,,2026-05-15 10:53:06,drive_thru,,apple_pay,completed
1021064,1,703,2026-05-15 11:05:52,takeout,CRAWFRI,debit_card,completed
1021065,12,1598,2026-05-15 11:06:19,delivery,,credit_card,completed
1021066,13,45,2026-05-15 11:06:32,,BOUDIN20,debit_card,completed
1021067,3,220,2026-05-15 11:11:27,takeout,,cash,completed
1021068,13,,2026-05-15 11:17:37,delivery,BOUDIN20,gift_card,completed
1021069,17,1391,2026-05-15 11:19:50,takeout,,apple_pay,completed
1021070,11,1553,2026-05-15 11:20:07,drive_thru,,debit_card,completed
1021071,5,,2026-05-15 11:21:12,delivery,,apple_pay,completed
1021072,5,1200,2026-05-15 11:21:13,delivery,,credit_card,completed
1021073,4,1211,2026-05-15 11:21:21,delivery,,credit_card,cancelled
1021074,12,,2026-05-15 11:26:55,takeout,,credit_card,completed
1021075,19,,2026-05-15 11:29:53,delivery,,credit_card,completed
1021076,4,,2026-05-15 11:32:42,delivery,,debit_card,completed
1021077,11,1792,2026-05-15 11:37:59,delivery,,credit_card,completed
1021078,6,510,2026-05-15 11:38:13,delivery,CRAWFRI,gift_card,completed
1021079,20,1458,2026-05-15 11:39:23,drive_thru,,credit_card,completed
1021080,6,,2026-05-15 11:39:27,drive_thru,,credit_card,completed
1021081,3,2340,2026-05-15 11:42:29,delivery,BOUDIN20,credit_card,completed
1021082,18,1037,2026-05-15 11:46:33,dine_in,,cash,completed
1021083,13,306,2026-05-15 11:50:23,dine_in,,debit_card,completed
1021084,7,,2026-05-15 11:51:34,delivery,,credit_card,completed
1021085,10,,2026-05-15 11:51:58,dine_in,,credit_card,completed
1021086,15,,2026-05-15 11:52:28,drive_thru,,apple_pay,completed
1021087,20,,2026-05-15 11:53:51,takeout,CRAWFRI,credit_card,completed
1021088,16,1671,2026-05-15 11:54:40,dine_in,BOUDIN20,credit_card,completed
1021089,15,2467,2026-05-15 11:55:26,drive_thru,,cash,completed
1021090,4,1927,2026-05-15 11:56:03,drive_thru,CRAWFRI,apple_pay,completed
1021091,11,,2026-05-15 11:57:53,delivery,,apple_pay,completed
1021092,19,368,2026-05-15 11:58:29,drive_thru,,cash,completed
1021093,3,,2026-05-15 11:59:20,dine_in,CRAWFRI,credit_card,completed
1021094,19,,2026-05-15 12:00:08,drive_thru,,credit_card,completed
1021095,20,1969,2026-05-15 12:00:09,dine_in,,debit_card,completed
1021096,14,828,2026-05-15 12:00:30,drive_thru,,debit_card,completed
1021097,2,1938,2026-05-15 12:03:20,dine_in,CRAWFRI,debit_card,completed
1021098,3,321,2026-05-15 12:04:12,dine_in,,debit_card,completed
1021099,16,730,2026-05-15 12:07:36,takeout,BOUDIN20,credit_card,completed
1021100,15,,2026-05-15 12:07:40,dine_in,,credit_card,completed
1021101,8,228,2026-05-15 12:07:50,dine_in,,cash,completed
1021102,15,,2026-05-15 12:08:16,dine_in,,apple_pay,completed
1021103,20,2160,2026-05-15 12:09:14,takeout,CRAWFRI,debit_card,completed
1021104,15,914,2026-05-15 12:09:37,drive_thru,,cash,completed
1021105,6,1664,2026-05-15 12:10:03,delivery,,gift_card,completed
1021106,11,1398,2026-05-15 12:10:07,delivery,BOUDIN20,credit_card,completed
1021107,11,1980,2026-05-15 12:10:18,delivery,,apple_pay,completed
1021108,11,,2026-05-15 12:11:17,dine_in,,credit_card,refunded
1021109,2,1746,2026-05-15 12:11:47,takeout,CRAWFRI,credit_card,cancelled
1021110,15,,2026-05-15 12:12:24,takeout,,credit_card,completed
1021111,14,646,2026-05-15 12:12:35,dine_in,,debit_card,completed
1021112,14,2406,2026-05-15 12:13:09,delivery,,credit_card,completed
1021113,2,1790,2026-05-15 12:14:46,dine_in,CRAWFRI,debit_card,completed
1021114,3,1255,2026-05-15 12:14:49,takeout,,credit_card,completed
1021115,14,,2026-05-15 12:15:27,delivery,,credit_card,completed
1021116,7,,2026-05-15 12:16:30,dine_in,,credit_card,completed
1021117,3,,2026-05-15 12:17:47,delivery,BOUDIN20,credit_card,completed
1021118,1,2456,2026-05-15 12:17:51,delivery,,credit_card,completed
1021119,12,1918,2026-05-15 12:18:47,delivery,,gift_card,completed
1021120,5,2362,2026-05-15 12:20:17,dine_in,,debit_card,completed
1021121,19,994,2026-05-15 12:21:08,dine_in,,credit_card,completed
1021122,15,1727,2026-05-15 12:21:29,delivery,,credit_card,completed
1021123,4,1281,2026-05-15 12:22:14,drive_thru,CRAWFRI,cash,completed
1021124,7,2068,2026-05-15 12:23:15,takeout,,credit_card,cancelled
1021125,19,738,2026-05-15 12:23:44,dine_in,BOUDIN20,credit_card,completed
1021126,3,2363,2026-05-15 12:24:08,dine_in,,credit_card,refunded
1021127,5,,2026-05-15 12:24:19,dine_in,CRAWFRI,credit_card,completed
1021128,18,1629,2026-05-15 12:25:30,drive_thru,,credit_card,completed
1021129,8,1402,2026-05-15 12:27:09,takeout,,credit_card,completed
1021130,5,2362,2026-05-15 12:27:37,drive_thru,CRAWFRI,debit_card,cancelled
1021131,20,,2026-05-15 12:27:51,dine_in,BOUDIN20,credit_card,completed
1021132,6,,2026-05-15 12:29:01,dine_in,,apple_pay,completed
1021133,19,1979,2026-05-15 12:29:08,takeout,,cash,completed
1021134,8,,2026-05-15 12:29:24,dine_in,,apple_pay,completed
1021135,2,1604,2026-05-15 12:29:25,delivery,CRAWFRI,debit_card,completed
1021136,1,1049,2026-05-15 12:30:54,takeout,,apple_pay,completed
1021137,1,1640,2026-05-15 12:31:06,takeout,CRAWFRI,debit_card,completed
1021138,3,,2026-05-15 12:31:11,dine_in,,debit_card,completed
1021139,2,1633,2026-05-15 12:32:51,delivery,CRAWFRI,credit_card,completed
1021140,14,1675,2026-05-15 12:33:19,delivery,,credit_card,completed
1021141,4,2104,2026-05-15 12:33:33,takeout,,cash,completed
1021142,6,,2026-05-15 12:35:05,delivery,,apple_pay,completed
1021143,7,,2026-05-15 12:35:17,takeout,,apple_pay,completed
1021144,4,,2026-05-15 12:35:55,dine_in,,cash,completed
1021145,10,,2026-05-15 12:36:03,drive_thru,,credit_card,completed
1021146,10,2351,2026-05-15 12:36:06,drive_thru,,debit_card,completed
1021147,1,,2026-05-15 12:36:22,takeout,,credit_card,completed
1021148,16,1545,2026-05-15 12:36:27,dine_in,,gift_card,completed
1021149,8,,2026-05-15 12:36:53,dine_in,,apple_pay,completed
1021150,14,,2026-05-15 12:37:37,takeout,,credit_card,completed
1021151,5,,2026-05-15 12:42:16,takeout,CRAWFRI,credit_card,completed
1021152,8,1276,2026-05-15 12:42:42,dine_in,,credit_card,completed
1021153,1,2342,2026-05-15 12:44:42,dine_in,,apple_pay,completed
1021154,6,,2026-05-15 12:44:48,delivery,CRAWFRI,credit_card,completed
1021155,6,2125,2026-05-15 12:45:04,takeout,CRAWFRI,gift_card,completed
1021156,14,1768,2026-05-15 12:45:41,dine_in,,apple_pay,refunded
1021157,20,,2026-05-15 12:48:24,drive_thru,CRAWFRI,debit_card,completed
1021158,15,,2026-05-15 12:48:32,dine_in,,credit_card,completed
1021159,16,,2026-05-15 12:48:50,delivery,,credit_card,completed
1021160,2,1021,2026-05-15 12:49:04,takeout,,credit_card,completed
1021161,17,1433,2026-05-15 12:49:25,delivery,,debit_card,completed
1021162,5,808,2026-05-15 12:52:06,drive_thru,,credit_card,completed
1021163,14,1898,2026-05-15 12:53:08,delivery,,credit_card,completed
1021164,19,1365,2026-05-15 12:53:48,dine_in,,debit_card,completed
1021165,1,,2026-05-15 12:53:53,dine_in,,cash,completed
1021166,4,873,2026-05-15 12:53:56,dine_in,,credit_card,completed
1021167,6,,2026-05-15 12:54:27,dine_in,,credit_card,completed
1021168,3,,2026-05-15 12:54:52,dine_in,,cash,completed
1021169,7,714,2026-05-15 12:54:55,dine_in,,credit_card,completed
1021170,1,,05/15/2026 12:56,delivery,,credit_card,completed
1021171,13,1326,2026-05-15 12:57:20,dine_in,,gift_card,completed
1021172,10,993,2026-05-15 12:57:22,drive_thru,,credit_card,completed
1021173,6,2377,2026-05-15 12:57:40,delivery,,credit_card,cancelled
1021174,19,,2026-05-15 12:58:35,dine_in,,debit_card,completed
1021175,14,2241,2026-05-15 12:58:36,takeout,,debit_card,completed
1021176,6,88,2026-05-15 12:59:04,dine_in,,cash,completed
1021177,1,144,2026-05-15 12:59:28,delivery,,apple_pay,completed
1021178,13,,2026-05-15 13:01:47,delivery,BOUDIN20,credit_card,completed
1021179,3,,2026-05-15 13:03:41,dine_in,CRAWFRI,credit_card,completed
1021180,20,1197,2026-05-15 13:04:54,delivery,,gift_card,completed
1021181,3,,2026-05-15 13:10:56,takeout,,credit_card,completed
1021182,4,,2026-05-15 13:10:58,drive_thru,,debit_card,completed
1021183,1,801,2026-05-15 13:12:43,delivery,CRAWFRI,credit_card,completed
1021184,3,1205,2026-05-15 13:13:04,dine_in,CRAWFRI,cash,completed
1021185,19,2487,2026-05-15 13:14:28,drive_thru,,credit_card,completed
1021186,10,,05/15/2026 13:17,dine_in,,apple_pay,completed
1021187,1,,2026-05-15 13:17:56,takeout,CRAWFRI,cash,completed
1021188,12,430,2026-05-15 13:18:47,dine_in,,credit_card,completed
1021189,3,2098,2026-05-15 13:20:50,delivery,CRAWFRI,credit_card,completed
1021190,9,,2026-05-15 13:25:22,takeout,,debit_card,completed
1021191,12,1308,2026-05-15 13:27:20,takeout,,apple_pay,completed
1021192,4,1228,2026-05-15 13:31:35,takeout,,credit_card,completed
1021193,13,,2026-05-15 13:32:26,dine_in,,credit_card,completed
1021194,10,1523,2026-05-15 13:37:19,delivery,,credit_card,completed
1021195,20,,2026-05-15 14:05:24,delivery,CRAWFRI,credit_card,completed
1021196,9,,2026-05-15 14:24:34,drive_thru,,credit_card,completed
1021197,10,2261,2026-05-15 14:44:20,delivery,,apple_pay,completed
1021198,7,2295,2026-05-15 15:01:00,dine_in,,credit_card,completed
1021199,18,1543,2026-05-15 15:19:51,delivery,,gift_card,completed
1021200,7,,2026-05-15 15:23:18,dine_in,,cash,cancelled
1021201,4,1577,2026-05-15 15:29:14,takeout,CRAWFRI,apple_pay,completed
1021202,6,243,2026-05-15 15:45:03,drive_thru,CRAWFRI,credit_card,completed
1021203,11,676,2026-05-15 16:01:49,drive_thru,,apple_pay,completed
1021204,7,,2026-05-15 16:04:19,takeout,,credit_card,completed
1021205,14,855,2026-05-15 16:04:44,takeout,BOUDIN20,debit_card,completed
1021206,6,1564,2026-05-15 16:08:33,takeout,BOUDIN20,apple_pay,completed
1021207,3,,2026-05-15 16:16:59,dine_in,,debit_card,completed
1021208,7,2286,2026-05-15 16:52:56,takeout,,credit_card,completed
1021209,2,2304,2026-05-15 16:54:43,dine_in,,credit_card,completed
1021210,5,,2026-05-15 16:54:56,drive_thru,CRAWFRI,cash,completed
1021211,12,1841,2026-05-15 17:13:34,delivery,,credit_card,completed
1021212,16,,2026-05-15 17:23:23,takeout,,gift_card,completed
1021213,11,128,2026-05-15 17:23:26,drive_thru,,credit_card,completed
1021214,4,2104,2026-05-15 17:25:27,drive_thru,CRAWFRI,apple_pay,completed
1021215,8,,2026-05-15 17:34:32,dine_in,,credit_card,completed
1021216,17,1103,05/15/2026 17:34,takeout,,debit_card,completed
1021217,7,2218,2026-05-15 17:37:44,takeout,,credit_card,completed
1021218,17,131,2026-05-15 17:41:00,takeout,,debit_card,cancelled
1021219,15,,2026-05-15 17:46:36,takeout,,credit_card,completed
1021220,20,1383,2026-05-15 17:52:57,drive_thru,CRAWFRI,cash,completed
1021221,10,1901,2026-05-15 17:53:32,delivery,,credit_card,completed
1021222,20,894,2026-05-15 17:53:56,delivery,,credit_card,completed
1021223,2,1938,2026-05-15 17:56:47,dine_in,CRAWFRI,credit_card,completed
1021224,15,837,2026-05-15 17:57:47,drive_thru,,debit_card,completed
1021225,20,,2026-05-15 18:01:57,dine_in,CRAWFRI,debit_card,completed
1021226,1,402,2026-05-15 18:04:19,takeout,CRAWFRI,credit_card,completed
1021227,4,747,2026-05-15 18:09:49,drive_thru,CRAWFRI,apple_pay,completed
1021228,5,262,2026-05-15 18:10:53,takeout,,credit_card,completed
1021229,8,2387,2026-05-15 18:15:03,delivery,BOUDIN20,credit_card,completed
1021230,5,2080,2026-05-15 18:15:43,dine_in,CRAWFRI,credit_card,completed
1021231,19,571,2026-05-15 18:16:47,drive_thru,,debit_card,completed
1021232,3,,2026-05-15 18:17:27,dine_in,CRAWFRI,cash,completed
1021233,19,341,2026-05-15 18:17:28,drive_thru,,cash,completed
1021234,16,1149,2026-05-15 18:20:26,delivery,,credit_card,completed
1021235,1,,2026-05-15 18:23:32,dine_in,,debit_card,completed
1021236,6,,2026-05-15 18:29:13,dine_in,BOUDIN20,cash,completed
1021237,17,,2026-05-15 18:29:17,dine_in,,debit_card,completed
1021238,1,8,2026-05-15 18:29:33,delivery,CRAWFRI,credit_card,completed
1021239,1,1906,2026-05-15 18:29:58,delivery,CRAWFRI,credit_card,completed
1021240,2,2142,2026-05-15 18:31:24,takeout,,debit_card,completed
1021241,8,,2026-05-15 18:31:40,delivery,,credit_card,completed
1021242,3,,2026-05-15 18:32:10,delivery,CRAWFRI,debit_card,completed
1021243,18,,2026-05-15 18:34:43,delivery,,credit_card,completed
1021244,6,93,2026-05-15 18:38:17,drive_thru,,credit_card,completed
1021245,9,,2026-05-15 18:39:33,delivery,,debit_card,completed
1021246,2,2494,2026-05-15 18:39:51,delivery,CRAWFRI,credit_card,completed
1021247,3,2362,2026-05-15 18:40:24,takeout,,gift_card,completed
1021248,6,444,2026-05-15 18:40:25,delivery,,debit_card,completed
1021249,18,,2026-05-15 18:40:43,drive_thru,,credit_card,completed
1021250,14,584,2026-05-15 18:42:19,drive_thru,,credit_card,completed
1021251,2,2304,2026-05-15 18:42:58,delivery,CRAWFRI,credit_card,completed
1021252,3,,2026-05-15 18:44:14,takeout,,debit_card,completed
1021253,4,,2026-05-15 18:44:59,delivery,,debit_card,completed
1021254,1,,2026-05-15 18:49:04,dine_in,,credit_card,completed
1021255,3,532,2026-05-15 18:49:26,dine_in,CRAWFRI,credit_card,completed
1021256,7,,2026-05-15 18:50:33,delivery,,gift_card,completed
1021257,14,2323,2026-05-15 18:50:41,dine_in,,apple_pay,completed
1021258,8,645,2026-05-15 18:50:59,takeout,,cash,completed
1021259,17,2361,2026-05-15 18:51:08,takeout,,cash,completed
1021260,19,,2026-05-15 18:53:54,dine_in,,credit_card,completed
1021261,20,,2026-05-15 18:54:20,dine_in,,cash,completed
1021262,3,785,2026-05-15 18:54:22,delivery,,debit_card,completed
1021263,11,,2026-05-15 18:54:37,delivery,,gift_card,completed
1021264,2,1687,2026-05-15 18:54:45,dine_in,,apple_pay,completed
1021265,16,301,2026-05-15 18:55:05,dine_in,,credit_card,completed
1021266,12,1109,2026-05-15 18:56:38,delivery,,debit_card,completed
1021267,20,1330,2026-05-15 18:57:48,drive_thru,CRAWFRI,cash,completed
1021268,11,,2026-05-15 18:57:56,drive_thru,,credit_card,completed
1021269,20,1969,2026-05-15 18:58:15,dine_in,CRAWFRI,apple_pay,completed
1021270,13,,2026-05-15 18:58:46,dine_in,,credit_card,completed
1021271,11,2398,2026-05-15 18:58:51,drive_thru,,credit_card,completed
1021272,4,1202,2026-05-15 18:59:09,delivery,,credit_card,completed
1021273,2,,2026-05-15 18:59:46,dine_in,CRAWFRI,credit_card,completed
1021274,16,1122,05/15/2026 19:01,takeout,BOUDIN20,cash,completed
1021275,1,,2026-05-15 19:02:19,dine_in,CRAWFRI,gift_card,completed
1021276,2,2266,2026-05-15 19:02:51,delivery,CRAWFRI,credit_card,completed
1021277,13,592,2026-05-15 19:03:51,delivery,,credit_card,completed
1021278,12,1652,2026-05-15 19:04:08,takeout,,gift_card,completed
1021279,4,2184,2026-05-15 19:04:26,delivery,,gift_card,completed
1021280,5,2354,2026-05-15 19:04:34,delivery,,debit_card,completed
1021281,1,,2026-05-15 19:05:09,dine_in,,apple_pay,completed
1021282,2,57,2026-05-15 19:06:01,delivery,CRAWFRI,credit_card,completed
1021283,6,1333,2026-05-15 19:07:01,delivery,,gift_card,completed
1021284,4,,2026-05-15 19:07:02,drive_thru,CRAWFRI,debit_card,completed
1021285,3,2469,2026-05-15 19:07:12,dine_in,BOUDIN20,cash,completed
1021286,8,1118,2026-05-15 19:07:17,dine_in,,credit_card,completed
1021287,13,1480,2026-05-15 19:07:18,delivery,,credit_card,completed
1021288,5,2495,2026-05-15 19:08:05,drive_thru,CRAWFRI,credit_card,completed
1021289,11,,2026-05-15 19:09:45,delivery,,credit_card,completed
1021290,7,127,2026-05-15 19:13:37,,,credit_card,completed
1021291,1,515,2026-05-15 19:15:20,dine_in,CRAWFRI,cash,completed
1021292,4,2090,2026-05-15 19:16:48,dine_in,CRAWFRI,apple_pay,completed
1021293,17,,2026-05-15 19:17:05,dine_in,,debit_card,completed
1021294,5,,2026-05-15 19:18:52,delivery,CRAWFRI,debit_card,completed
1021295,3,,2026-05-15 19:20:50,delivery,,credit_card,completed
1021296,13,1264,2026-05-15 19:23:55,dine_in,,debit_card,completed
1021297,11,,2026-05-15 19:26:29,drive_thru,,debit_card,completed
1021298,7,,2026-05-15 19:26:38,delivery,BOUDIN20,credit_card,completed
1021299,2,541,2026-05-15 19:27:42,dine_in,,debit_card,completed
1021300,16,647,2026-05-15 19:28:56,dine_in,,credit_card,completed
1021301,6,803,2026-05-15 19:29:10,dine_in,,credit_card,completed
1021302,16,,2026-05-15 19:29:51,delivery,,credit_card,completed
1021303,3,2486,2026-05-15 19:30:12,dine_in,,credit_card,completed
1021304,12,2289,2026-05-15 19:30:27,delivery,,credit_card,completed
1021305,1,1025,2026-05-15 19:35:54,dine_in,,debit_card,completed
1021306,14,413,2026-05-15 19:37:51,drive_thru,,credit_card,completed
1021307,5,2082,2026-05-15 19:39:24,takeout,CRAWFRI,debit_card,completed
1021308,12,,2026-05-15 19:41:28,dine_in,,apple_pay,completed
1021309,2,,2026-05-15 19:42:16,takeout,,credit_card,completed
1021310,17,,2026-05-15 19:44:32,delivery,,credit_card,completed
1021311,7,,2026-05-15 19:44:57,takeout,,credit_card,completed
1021312,16,1655,2026-05-15 19:45:12,dine_in,,debit_card,completed
1021313,17,1365,2026-05-15 19:47:13,takeout,,gift_card,completed
1021314,19,1451,2026-05-15 19:49:31,delivery,,debit_card,completed
1021315,13,,2026-05-15 19:52:27,takeout,,credit_card,completed
1021316,17,439,2026-05-15 19:53:39,dine_in,,credit_card,completed
1021317,10,42,2026-05-15 19:56:37,delivery,,apple_pay,completed
1021318,2,55,2026-05-15 19:58:57,delivery,,credit_card,completed
1021319,4,,2026-05-15 20:03:23,drive_thru,,cash,completed
1021320,3,282,2026-05-15 20:04:52,dine_in,CRAWFRI,credit_card,completed
1021321,6,1548,2026-05-15 20:08:40,dine_in,CRAWFRI,debit_card,completed
1021322,14,,2026-05-15 20:10:44,drive_thru,,credit_card,completed
1021323,4,1205,05/15/2026 20:11,dine_in,,cash,completed
1021324,6,685,2026-05-15 20:20:18,dine_in,,apple_pay,completed
1021325,8,,2026-05-15 20:21:41,dine_in,,debit_card,completed
1021326,3,,2026-05-15 20:30:32,dine_in,,cash,completed
1021327,18,929,2026-05-15 20:31:17,dine_in,,cash,completed
1021328,1,748,2026-05-15 20:39:35,takeout,CRAWFRI,cash,refunded
1021329,18,1893,2026-05-15 20:42:15,delivery,,gift_card,completed
1021330,6,711,2026-05-15 20:43:22,takeout,,credit_card,completed
1021331,6,164,2026-05-15 20:48:11,,,debit_card,completed
1021332,4,2090,2026-05-15 20:48:18,drive_thru,,credit_card,completed
1021333,13,440,2026-05-15 20:49:30,dine_in,,apple_pay,completed
1021334,3,2314,2026-05-15 20:55:52,dine_in,CRAWFRI,credit_card,completed
1021335,3,198,2026-05-15 20:56:57,delivery,,gift_card,completed
1021336,19,1629,2026-05-15 21:00:51,delivery,,credit_card,completed
1021337,12,1326,2026-05-15 21:00:56,delivery,,credit_card,completed
1021338,1,105,2026-05-15 21:19:03,dine_in,,credit_card,completed
1021339,13,566,2026-05-15 21:28:01,dine_in,,debit_card,completed
1021340,6,2439,2026-05-15 21:57:11,drive_thru,,debit_card,completed
1021341,18,583,2026-05-16 10:30:12,drive_thru,,credit_card,completed
1021342,12,,2026-05-16 10:35:29,delivery,,credit_card,completed
1021343,10,1810,2026-05-16 10:37:07,delivery,,credit_card,completed
1021344,7,773,2026-05-16 10:46:03,delivery,,credit_card,completed
1021345,16,2198,2026-05-16 10:47:04,dine_in,BOUDIN20,debit_card,completed
1021346,12,909,2026-05-16 10:51:25,delivery,,credit_card,completed
1021347,7,858,2026-05-16 11:00:07,dine_in,,credit_card,completed
1021348,16,36,2026-05-16 11:13:20,takeout,,credit_card,completed
1021349,17,,2026-05-16 11:15:45,dine_in,,credit_card,completed
1021350,14,1341,2026-05-16 11:18:06,dine_in,,credit_card,completed
1021351,1,1920,2026-05-16 11:18:56,delivery,,credit_card,completed
1021352,20,593,2026-05-16 11:27:38,dine_in,,credit_card,completed
1021353,9,1338,2026-05-16 11:30:16,drive_thru,,credit_card,completed
1021354,18,482,2026-05-16 11:31:37,dine_in,,cash,completed
1021355,2,2090,2026-05-16 11:32:07,takeout,,cash,completed
1021356,19,2198,2026-05-16 11:32:49,delivery,,credit_card,completed
1021357,14,,2026-05-16 11:33:50,drive_thru,,credit_card,completed
1021358,5,2100,2026-05-16 11:34:11,drive_thru,,credit_card,completed
1021359,18,1694,2026-05-16 11:39:44,dine_in,,cash,completed
1021360,16,,2026-05-16 11:45:22,,,credit_card,completed
1021361,9,,2026-05-16 11:46:05,delivery,,debit_card,completed
1021362,10,964,2026-05-16 11:47:05,dine_in,,credit_card,completed
1021363,10,1861,2026-05-16 11:47:07,delivery,,credit_card,completed
1021364,7,506,2026-05-16 11:48:58,dine_in,,credit_card,completed
1021365,6,2439,2026-05-16 11:49:40,delivery,,credit_card,completed
1021366,7,127,2026-05-16 11:51:10,delivery,,debit_card,completed
1021367,14,1968,2026-05-16 11:52:38,delivery,,credit_card,completed
1021368,19,411,2026-05-16 11:53:48,dine_in,,credit_card,completed
1021369,8,986,2026-05-16 11:53:50,dine_in,,debit_card,completed
1021370,11,,2026-05-16 11:54:14,takeout,BOUDIN20,credit_card,completed
1021371,6,,2026-05-16 11:56:07,delivery,,gift_card,completed
1021372,10,,2026-05-16 11:56:07,drive_thru,,gift_card,completed
1021373,10,1470,2026-05-16 11:56:48,delivery,,apple_pay,completed
1021374,14,,2026-05-16 11:57:13,dine_in,,credit_card,completed
1021375,15,1237,2026-05-16 11:57:15,takeout,,credit_card,completed
1021376,7,1903,2026-05-16 11:59:44,delivery,,credit_card,completed
1021377,18,1130,2026-05-16 12:00:08,delivery,,debit_card,completed
1021378,8,2303,2026-05-16 12:01:43,takeout,,credit_card,completed
1021379,16,1322,2026-05-16 12:03:39,delivery,,debit_card,completed
1021380,16,610,2026-05-16 12:03:50,takeout,,cash,completed
1021381,19,935,2026-05-16 12:05:44,takeout,,debit_card,completed
1021382,20,,2026-05-16 12:06:02,drive_thru,,credit_card,completed
1021383,9,1361,2026-05-16 12:06:05,drive_thru,,credit_card,completed
1021384,17,1939,2026-05-16 12:07:50,dine_in,,apple_pay,completed
1021385,5,239,2026-05-16 12:08:03,drive_thru,,apple_pay,completed
1021386,20,,2026-05-16 12:08:39,delivery,,credit_card,completed
1021387,10,728,2026-05-16 12:09:46,drive_thru,,apple_pay,completed
1021388,14,,2026-05-16 12:12:49,drive_thru,,credit_card,completed
1021389,7,2455,2026-05-16 12:13:01,dine_in,,debit_card,completed
1021390,10,2284,2026-05-16 12:13:45,takeout,,credit_card,completed
1021391,7,702,2026-05-16 12:13:51,dine_in,,credit_card,completed
1021392,17,320,2026-05-16 12:15:47,delivery,,credit_card,refunded
1021393,16,,2026-05-16 12:16:58,delivery,,debit_card,completed
1021394,14,,2026-05-16 12:17:42,drive_thru,,credit_card,completed
1021395,6,,2026-05-16 12:17:58,dine_in,,apple_pay,completed
1021396,6,536,2026-05-16 12:18:02,takeout,BOUDIN20,debit_card,completed
1021397,5,64,2026-05-16 12:18:17,dine_in,,credit_card,completed
1021398,4,1535,2026-05-16 12:20:14,drive_thru,,cash,completed
1021399,7,2013,2026-05-16 12:20:33,dine_in,,debit_card,completed
1021400,15,862,2026-05-16 12:20:46,dine_in,,debit_card,completed
1021401,18,,2026-05-16 12:20:56,dine_in,,credit_card,completed
1021402,17,833,2026-05-16 12:22:34,delivery,,debit_card,completed
1021403,12,,2026-05-16 12:22:49,delivery,,credit_card,completed
1021404,13,1023,2026-05-16 12:24:01,dine_in,,cash,completed
1021405,19,2400,2026-05-16 12:24:36,dine_in,,credit_card,completed
1021406,14,2063,2026-05-16 12:26:26,dine_in,,debit_card,completed
1021407,10,1833,2026-05-16 12:27:14,takeout,,cash,completed
1021408,11,2220,2026-05-16 12:27:18,drive_thru,,credit_card,completed
1021409,8,1088,2026-05-16 12:28:24,dine_in,BOUDIN20,apple_pay,completed
1021410,3,372,2026-05-16 12:30:45,delivery,,credit_card,refunded
1021411,12,101,2026-05-16 12:30:57,dine_in,,debit_card,completed
1021412,3,384,2026-05-16 12:31:03,takeout,,credit_card,completed
1021413,12,844,2026-05-16 12:32:01,takeout,BOUDIN20,apple_pay,completed
1021414,19,1365,2026-05-16 12:32:13,takeout,,credit_card,completed
1021415,2,2127,2026-05-16 12:33:01,dine_in,BOUDIN20,credit_card,completed
1021416,1,,2026-05-16 12:34:47,dine_in,,debit_card,completed
1021417,4,1960,2026-05-16 12:35:16,dine_in,,credit_card,completed
1021418,13,,2026-05-16 12:36:09,delivery,,credit_card,completed
1021419,7,1741,2026-05-16 12:37:09,delivery,,apple_pay,completed
1021420,11,2476,2026-05-16 12:39:00,dine_in,,debit_card,completed
1021421,2,,2026-05-16 12:39:06,dine_in,,credit_card,completed
1021422,1,,2026-05-16 12:39:11,dine_in,,cash,completed
1021423,3,2456,2026-05-16 12:40:09,delivery,,credit_card,completed
1021424,20,1854,2026-05-16 12:40:11,delivery,BOUDIN20,debit_card,completed
1021425,19,327,2026-05-16 12:41:07,drive_thru,,credit_card,completed
1021426,9,2202,2026-05-16 12:43:06,dine_in,BOUDIN20,cash,completed
1021427,8,2157,2026-05-16 12:44:04,takeout,,gift_card,completed
1021428,20,2376,2026-05-16 12:45:22,drive_thru,,debit_card,completed
1021429,9,1157,2026-05-16 12:45:53,delivery,,apple_pay,completed
1021430,18,1411,2026-05-16 12:45:55,takeout,,credit_card,completed
1021431,7,,2026-05-16 12:46:12,dine_in,,credit_card,completed
1021432,13,2435,2026-05-16 12:46:17,dine_in,,debit_card,completed
1021433,15,529,2026-05-16 12:46:19,drive_thru,BOUDIN20,debit_card,completed
1021434,17,962,2026-05-16 12:47:05,takeout,,debit_card,completed
1021435,5,,2026-05-16 12:47:07,drive_thru,,debit_card,completed
1021436,20,1854,2026-05-16 12:49:17,delivery,,debit_card,completed
1021437,9,,05/16/2026 12:52,drive_thru,,credit_card,completed
1021438,18,694,2026-05-16 12:52:59,dine_in,,cash,completed
1021439,7,2013,2026-05-16 12:53:09,dine_in,,credit_card,completed
1021440,20,1240,2026-05-16 12:55:41,delivery,,credit_card,completed
1021441,18,2344,2026-05-16 12:57:15,delivery,,gift_card,completed
1021442,9,2491,2026-05-16 12:58:01,delivery,BOUDIN20,credit_card,completed
1021443,14,2415,2026-05-16 12:58:20,dine_in,,cash,cancelled
1021444,13,1480,2026-05-16 12:58:48,takeout,,credit_card,completed
1021445,6,425,2026-05-16 12:59:22,dine_in,,apple_pay,completed
1021446,10,,2026-05-16 13:06:28,takeout,,debit_card,completed
1021447,13,,2026-05-16 13:08:20,delivery,,gift_card,completed
1021448,11,1829,2026-05-16 13:08:47,delivery,,debit_card,completed
1021449,2,1356,2026-05-16 13:08:49,takeout,,credit_card,completed
1021450,4,,2026-05-16 13:10:51,delivery,,apple_pay,completed
1021451,4,,2026-05-16 13:11:24,drive_thru,,apple_pay,completed
1021452,5,1625,2026-05-16 13:12:56,takeout,BOUDIN20,credit_card,completed
1021453,17,1266,2026-05-16 13:13:40,takeout,,gift_card,completed
1021454,9,2491,2026-05-16 13:16:58,drive_thru,,gift_card,completed
1021455,10,,2026-05-16 13:17:24,takeout,,cash,completed
1021456,8,1280,2026-05-16 13:20:47,dine_in,,credit_card,completed
1021457,10,,2026-05-16 13:20:59,delivery,,credit_card,completed
1021458,13,1465,2026-05-16 13:21:13,dine_in,,credit_card,completed
1021459,19,,2026-05-16 13:26:05,delivery,,credit_card,completed
1021460,6,93,2026-05-16 13:27:51,dine_in,,credit_card,completed
1021461,17,,2026-05-16 13:37:23,dine_in,,apple_pay,completed
1021462,1,,2026-05-16 13:45:42,dine_in,,credit_card,completed
1021463,17,805,2026-05-16 13:46:25,delivery,,credit_card,completed
1021464,13,440,2026-05-16 13:48:57,takeout,,debit_card,completed
1021465,13,,2026-05-16 13:53:52,dine_in,,cash,completed
1021466,4,2090,2026-05-16 13:54:14,dine_in,,debit_card,completed
1021467,20,593,2026-05-16 14:09:33,dine_in,,credit_card,completed
1021468,4,2074,2026-05-16 14:11:25,drive_thru,BOUDIN20,credit_card,completed
1021469,20,521,2026-05-16 14:19:25,takeout,,credit_card,completed
1021470,8,2008,2026-05-16 14:26:18,dine_in,,debit_card,completed
1021471,1,791,2026-05-16 14:30:29,dine_in,,credit_card,cancelled
1021472,17,,2026-05-16 14:38:51,takeout,,credit_card,completed
1021473,17,756,2026-05-16 14:47:33,delivery,,debit_card,completed
1021474,12,,2026-05-16 14:51:11,delivery,,debit_card,completed
1021475,16,1369,2026-05-16 14:54:23,takeout,,credit_card,completed
1021476,19,,2026-05-16 14:57:37,takeout,,credit_card,completed
1021477,8,2293,2026-05-16 15:09:37,takeout,BOUDIN20,cash,completed
1021478,17,626,2026-05-16 15:24:23,dine_in,,gift_card,completed
1021479,10,480,2026-05-16 15:25:21,dine_in,,cash,completed
1021480,18,1689,2026-05-16 15:25:57,takeout,,debit_card,completed
1021481,20,,2026-05-16 15:27:34,dine_in,,credit_card,completed
1021482,19,,2026-05-16 15:29:49,dine_in,,apple_pay,completed
1021483,6,,2026-05-16 15:41:51,dine_in,,apple_pay,completed
1021484,20,277,2026-05-16 15:41:51,delivery,,apple_pay,completed
1021485,5,223,2026-05-16 16:14:59,delivery,,credit_card,completed
1021486,12,,2026-05-16 16:31:50,takeout,,cash,completed
1021487,13,,2026-05-16 17:15:21,delivery,,debit_card,completed
1021488,20,2242,2026-05-16 17:32:34,delivery,,credit_card,completed
1021489,1,2099,2026-05-16 17:40:26,delivery,,credit_card,completed
1021490,1,575,2026-05-16 17:44:03,delivery,,credit_card,completed
1021491,2,541,2026-05-16 17:44:43,delivery,,apple_pay,completed
1021492,13,1753,2026-05-16 17:46:20,takeout,,credit_card,completed
1021493,20,865,2026-05-16 17:47:01,dine_in,,credit_card,completed
1021494,3,,2026-05-16 17:48:49,delivery,,gift_card,completed
1021495,13,,2026-05-16 17:49:33,delivery,,credit_card,completed
1021496,13,1476,2026-05-16 17:51:03,dine_in,,apple_pay,completed
1021497,13,,2026-05-16 17:52:14,dine_in,,credit_card,refunded
1021498,15,,2026-05-16 17:54:48,dine_in,,cash,completed
1021499,18,809,2026-05-16 17:55:45,,,apple_pay,completed
1021500,13,1828,2026-05-16 17:56:41,dine_in,BOUDIN20,credit_card,completed
1021501,15,1067,2026-05-16 17:59:52,delivery,,credit_card,completed
1021502,3,,2026-05-16 18:02:39,dine_in,,apple_pay,completed
1021503,8,839,2026-05-16 18:06:08,dine_in,,cash,completed
1021504,16,1603,2026-05-16 18:06:34,dine_in,,credit_card,completed
1021505,1,126,2026-05-16 18:06:37,delivery,,debit_card,completed
1021506,20,1682,2026-05-16 18:08:45,dine_in,,debit_card,completed
1021507,15,,2026-05-16 18:09:35,drive_thru,,cash,completed
1021508,20,1682,2026-05-16 18:10:00,dine_in,,credit_card,completed
1021509,13,1170,2026-05-16 18:11:52,delivery,BOUDIN20,debit_card,completed
1021510,15,,2026-05-16 18:12:20,dine_in,,credit_card,completed
1021511,14,2063,2026-05-16 18:15:47,delivery,,debit_card,completed
1021512,3,,2026-05-16 18:15:49,dine_in,,credit_card,completed
1021513,14,2087,2026-05-16 18:16:24,dine_in,,cash,completed
1021514,14,815,2026-05-16 18:19:47,takeout,,credit_card,completed
1021515,17,,2026-05-16 18:20:05,delivery,,credit_card,completed
1021516,14,195,2026-05-16 18:21:10,dine_in,,cash,completed
1021517,12,113,2026-05-16 18:22:22,takeout,,credit_card,completed
1021518,9,1302,2026-05-16 18:22:29,dine_in,,credit_card,completed
1021519,14,,2026-05-16 18:22:46,drive_thru,,credit_card,completed
1021520,18,1399,2026-05-16 18:22:49,dine_in,,credit_card,completed
1021521,8,2335,2026-05-16 18:25:28,dine_in,,credit_card,completed
1021522,12,,2026-05-16 18:28:18,dine_in,,apple_pay,completed
1021523,1,,2026-05-16 18:30:17,,,credit_card,completed
1021524,13,470,2026-05-16 18:30:50,takeout,,credit_card,completed
1021525,10,,2026-05-16 18:30:57,takeout,,debit_card,completed
1021526,19,,2026-05-16 18:32:38,drive_thru,,debit_card,completed
1021527,10,,2026-05-16 18:37:00,drive_thru,BOUDIN20,credit_card,completed
1021528,12,1885,2026-05-16 18:39:05,takeout,,credit_card,completed
1021529,11,,2026-05-16 18:40:36,delivery,,credit_card,completed
1021530,14,1680,2026-05-16 18:40:42,drive_thru,,cash,completed
1021531,17,1537,2026-05-16 18:40:54,delivery,,credit_card,completed
1021532,3,57,2026-05-16 18:41:21,delivery,,debit_card,completed
1021533,11,1904,2026-05-16 18:41:23,dine_in,,credit_card,completed
1021534,6,,2026-05-16 18:41:34,drive_thru,,debit_card,completed
1021535,3,,2026-05-16 18:43:05,delivery,,debit_card,cancelled
1021536,11,2398,2026-05-16 18:43:42,drive_thru,,credit_card,completed
1021537,14,1614,2026-05-16 18:43:49,dine_in,,apple_pay,completed
1021538,14,98,2026-05-16 18:45:45,delivery,,credit_card,completed
1021539,12,2232,2026-05-16 18:46:11,takeout,,debit_card,completed
1021540,19,1041,2026-05-16 18:46:42,drive_thru,BOUDIN20,credit_card,completed
1021541,19,117,2026-05-16 18:47:06,takeout,,cash,completed
1021542,17,1850,2026-05-16 18:47:24,delivery,,credit_card,completed
1021543,12,,2026-05-16 18:48:58,takeout,,apple_pay,completed
1021544,4,1104,2026-05-16 18:52:10,dine_in,,credit_card,cancelled
1021545,4,,2026-05-16 18:54:39,dine_in,,debit_card,completed
1021546,8,,2026-05-16 18:54:54,dine_in,,credit_card,completed
1021547,15,1606,2026-05-16 18:59:43,delivery,,credit_card,completed
1021548,18,1319,2026-05-16 19:00:37,dine_in,,credit_card,completed
1021549,3,17,2026-05-16 19:01:59,takeout,,apple_pay,completed
1021550,10,15,2026-05-16 19:02:31,delivery,BOUDIN20,credit_card,completed
1021551,17,,2026-05-16 19:04:01,dine_in,,credit_card,completed
1021552,5,1421,2026-05-16 19:04:19,dine_in,,debit_card,completed
1021553,15,1518,2026-05-16 19:05:35,drive_thru,,credit_card,completed
1021554,8,,2026-05-16 19:05:41,dine_in,,debit_card,completed
1021555,13,,2026-05-16 19:07:33,dine_in,,credit_card,completed
1021556,14,1947,2026-05-16 19:08:02,dine_in,BOUDIN20,credit_card,completed
1021557,15,265,2026-05-16 19:09:41,dine_in,,cash,completed
1021558,1,724,2026-05-16 19:11:31,takeout,,credit_card,completed
1021559,10,2248,2026-05-16 19:12:17,takeout,BOUDIN20,credit_card,completed
1021560,13,699,2026-05-16 19:12:44,dine_in,,cash,completed
1021561,14,,2026-05-16 19:13:33,drive_thru,,credit_card,completed
1021562,13,166,2026-05-16 19:14:40,,,debit_card,completed
1021563,10,1468,2026-05-16 19:15:11,dine_in,,cash,completed
1021564,3,,2026-05-16 19:15:44,delivery,,debit_card,completed
1021565,10,,2026-05-16 19:16:22,dine_in,,credit_card,completed
1021566,6,1776,2026-05-16 19:17:04,dine_in,,apple_pay,completed
1021567,3,,2026-05-16 19:17:36,delivery,,credit_card,completed
1021568,6,1496,2026-05-16 19:18:06,dine_in,,apple_pay,completed
1021569,20,2392,2026-05-16 19:18:08,drive_thru,,credit_card,completed
1021570,2,1746,2026-05-16 19:18:18,dine_in,,cash,completed
1021571,10,1402,2026-05-16 19:19:53,delivery,,credit_card,completed
1021572,17,1122,2026-05-16 19:20:28,delivery,,debit_card,completed
1021573,3,,2026-05-16 19:20:36,takeout,,debit_card,completed
1021574,3,1988,2026-05-16 19:21:01,takeout,,credit_card,completed
1021575,6,,2026-05-16 19:23:01,takeout,,cash,completed
1021576,9,,2026-05-16 19:24:06,dine_in,,debit_card,completed
1021577,18,,2026-05-16 19:25:28,drive_thru,,debit_card,completed
1021578,12,,2026-05-16 19:25:34,takeout,,cash,completed
1021579,4,1601,2026-05-16 19:30:31,drive_thru,,debit_card,completed
1021580,4,2294,2026-05-16 19:30:41,drive_thru,,cash,completed
1021581,8,466,2026-05-16 19:30:53,delivery,,gift_card,completed
1021582,12,,2026-05-16 19:31:27,dine_in,,apple_pay,completed
1021583,3,,2026-05-16 19:31:43,dine_in,,credit_card,completed
1021584,20,1854,2026-05-16 19:32:06,delivery,,credit_card,completed
1021585,10,,2026-05-16 19:32:47,drive_thru,,credit_card,completed
1021586,12,,2026-05-16 19:34:52,takeout,,gift_card,completed
1021587,15,1283,2026-05-16 19:37:09,takeout,,credit_card,completed
1021588,10,,2026-05-16 19:37:52,drive_thru,,apple_pay,completed
1021589,18,1051,2026-05-16 19:39:20,delivery,,credit_card,completed
1021590,15,419,2026-05-16 19:39:43,takeout,,credit_card,completed
1021591,13,971,2026-05-16 19:39:47,takeout,,credit_card,completed
1021592,9,73,2026-05-16 19:43:54,dine_in,,credit_card,completed
1021593,12,1614,2026-05-16 19:48:20,delivery,,debit_card,completed
1021594,10,1808,2026-05-16 19:52:56,drive_thru,,credit_card,completed
1021595,2,1806,2026-05-16 19:55:30,delivery,,debit_card,completed
1021596,20,16,2026-05-16 19:55:47,takeout,,debit_card,completed
1021597,2,1347,2026-05-16 20:01:08,delivery,,gift_card,completed
1021598,20,1854,2026-05-16 20:03:07,takeout,,credit_card,completed
1021599,8,1252,2026-05-16 20:09:53,delivery,,apple_pay,completed
1021600,7,2223,2026-05-16 20:13:18,delivery,,credit_card,completed
1021601,2,1096,2026-05-16 20:16:04,dine_in,,credit_card,completed
1021602,10,,2026-05-16 20:22:32,dine_in,,credit_card,completed
1021603,6,703,2026-05-16 20:25:14,dine_in,,credit_card,completed
1021604,3,,2026-05-16 20:26:29,dine_in,,credit_card,completed
1021605,8,1617,2026-05-16 20:27:45,dine_in,,credit_card,completed
1021606,17,33,2026-05-16 20:29:29,dine_in,,credit_card,completed
1021607,4,1097,2026-05-16 20:30:05,delivery,,credit_card,completed
1021608,6,932,2026-05-16 20:38:51,,,credit_card,completed
1021609,1,49,2026-05-16 20:55:24,takeout,,apple_pay,completed
1021610,5,,2026-05-16 20:57:44,dine_in,,debit_card,completed
1021611,9,2070,2026-05-16 21:09:29,takeout,,cash,completed
1021612,12,324,2026-05-16 21:15:30,delivery,,apple_pay,completed
1021613,12,750,2026-05-16 21:22:31,delivery,,credit_card,completed
1021614,18,,2026-05-16 21:22:42,drive_thru,BOUDIN20,apple_pay,completed
1021615,14,2272,2026-05-16 21:47:53,dine_in,,debit_card,cancelled
1021616,7,,2026-05-16 21:55:03,dine_in,,credit_card,completed
1021617,9,689,2026-05-16 21:57:14,drive_thru,,credit_card,completed
1021618,8,1360,2026-05-17 10:47:04,delivery,BOUDIN20,credit_card,completed
1021619,8,200,2026-05-17 10:54:23,takeout,,credit_card,completed
1021620,17,833,05/17/2026 11:04,dine_in,,credit_card,completed
1021621,12,2391,2026-05-17 11:05:27,delivery,,credit_card,completed
1021622,4,,2026-05-17 11:16:43,delivery,,apple_pay,completed
1021623,16,,2026-05-17 11:17:20,takeout,,gift_card,completed
1021624,7,,2026-05-17 11:20:01,takeout,,apple_pay,completed
1021625,3,,2026-05-17 11:31:39,delivery,,apple_pay,completed
1021626,12,316,2026-05-17 11:32:53,dine_in,,apple_pay,completed
1021627,13,,2026-05-17 11:35:13,dine_in,,credit_card,completed
1021628,14,2360,2026-05-17 11:38:18,drive_thru,,credit_card,cancelled
1021629,14,2323,2026-05-17 11:41:20,delivery,,credit_card,completed
1021630,8,18,2026-05-17 11:42:33,delivery,,apple_pay,completed
1021631,19,830,2026-05-17 11:45:40,dine_in,,credit_card,completed
1021632,4,1644,2026-05-17 11:46:54,,,credit_card,completed
1021633,4,16,2026-05-17 11:46:58,dine_in,,credit_card,completed
1021634,19,1244,2026-05-17 11:47:56,delivery,,credit_card,completed
1021635,12,1780,05/17/2026 11:50,dine_in,,debit_card,refunded
1021636,12,860,2026-05-17 11:59:42,dine_in,,credit_card,completed
1021637,10,,2026-05-17 12:00:15,drive_thru,,apple_pay,completed
1021638,19,,2026-05-17 12:01:04,delivery,,apple_pay,completed
1021639,19,1566,2026-05-17 12:02:52,takeout,,credit_card,completed
1021640,12,,2026-05-17 12:03:20,dine_in,,debit_card,completed
1021641,9,1788,2026-05-17 12:09:17,dine_in,,credit_card,completed
1021642,3,,2026-05-17 12:09:43,delivery,,debit_card,completed
1021643,6,,2026-05-17 12:11:49,delivery,,credit_card,completed
1021644,15,1953,2026-05-17 12:12:56,,,debit_card,completed
1021645,13,1264,2026-05-17 12:15:40,delivery,,apple_pay,completed
1021646,8,,2026-05-17 12:18:18,dine_in,,cash,completed
1021647,12,1726,2026-05-17 12:19:27,delivery,,credit_card,completed
1021648,20,1738,2026-05-17 12:21:15,delivery,,credit_card,completed
1021649,7,,2026-05-17 12:22:53,delivery,,debit_card,completed
1021650,8,287,2026-05-17 12:22:56,delivery,,apple_pay,completed
1021651,14,2482,2026-05-17 12:23:43,dine_in,,debit_card,completed
1021652,20,524,2026-05-17 12:23:43,dine_in,,gift_card,completed
1021653,13,,2026-05-17 12:25:14,delivery,,credit_card,completed
1021654,12,,2026-05-17 12:25:27,takeout,BOUDIN20,credit_card,completed
1021655,6,,2026-05-17 12:27:02,drive_thru,,cash,refunded
1021656,19,,2026-05-17 12:28:58,dine_in,,credit_card,cancelled
1021657,3,,2026-05-17 12:30:04,delivery,,apple_pay,completed
1021658,6,2377,2026-05-17 12:30:33,delivery,,credit_card,completed
1021659,19,,2026-05-17 12:32:37,delivery,,debit_card,completed
1021660,17,,2026-05-17 12:33:34,delivery,,credit_card,completed
1021661,17,833,2026-05-17 12:33:43,delivery,,credit_card,completed
1021662,19,2390,2026-05-17 12:33:59,drive_thru,,credit_card,completed
1021663,8,2008,2026-05-17 12:34:03,takeout,,debit_card,completed
1021664,3,249,2026-05-17 12:34:30,takeout,,credit_card,completed
1021665,18,2216,2026-05-17 12:34:30,drive_thru,,gift_card,completed
1021666,17,368,2026-05-17 12:35:33,dine_in,,gift_card,refunded
1021667,1,926,2026-05-17 12:37:08,takeout,,debit_card,completed
1021668,6,,2026-05-17 12:37:20,drive_thru,,cash,completed
1021669,7,568,2026-05-17 12:38:04,delivery,,apple_pay,completed
1021670,9,1788,2026-05-17 12:39:23,takeout,,credit_card,completed
1021671,7,645,2026-05-17 12:40:57,dine_in,,credit_card,completed
1021672,1,1640,2026-05-17 12:43:03,takeout,BOUDIN20,gift_card,completed
1021673,1,1929,2026-05-17 12:43:34,takeout,,cash,completed
1021674,7,506,2026-05-17 12:46:51,dine_in,,credit_card,completed
1021675,2,317,2026-05-17 12:48:54,takeout,,credit_card,completed
1021676,19,,2026-05-17 12:49:15,dine_in,BOUDIN20,credit_card,completed
1021677,14,1184,2026-05-17 12:51:42,delivery,,apple_pay,completed
1021678,19,2400,2026-05-17 12:51:42,takeout,,debit_card,completed
1021679,5,2397,2026-05-17 12:54:26,drive_thru,BOUDIN20,credit_card,completed
1021680,14,,2026-05-17 12:54:53,dine_in,,credit_card,completed
1021681,20,,2026-05-17 12:57:21,drive_thru,,cash,completed
1021682,5,,2026-05-17 12:59:03,delivery,,credit_card,completed
1021683,16,1149,2026-05-17 12:59:29,dine_in,,debit_card,completed
1021684,17,,2026-05-17 12:59:46,delivery,,debit_card,completed
1021685,19,668,2026-05-17 12:59:50,drive_thru,,credit_card,completed
1021686,15,554,2026-05-17 12:59:59,dine_in,BOUDIN20,cash,completed
1021687,20,524,2026-05-17 13:02:11,delivery,,credit_card,completed
1021688,20,,2026-05-17 13:03:57,takeout,,debit_card,completed
1021689,7,645,2026-05-17 13:06:14,delivery,,credit_card,completed
1021690,8,2233,2026-05-17 13:07:25,dine_in,,cash,completed
1021691,17,,2026-05-17 13:08:56,dine_in,,credit_card,completed
1021692,8,,2026-05-17 13:12:00,dine_in,,credit_card,completed
1021693,16,,2026-05-17 13:17:35,delivery,,credit_card,completed
1021694,16,647,2026-05-17 13:21:18,dine_in,,cash,completed
1021695,8,2240,2026-05-17 13:28:20,dine_in,,credit_card,completed
1021696,12,,2026-05-17 13:30:50,delivery,,apple_pay,completed
1021697,7,614,2026-05-17 13:32:06,delivery,,apple_pay,completed
1021698,12,697,2026-05-17 13:42:36,delivery,,gift_card,completed
1021699,11,269,2026-05-17 13:43:31,delivery,,debit_card,refunded
1021700,5,,2026-05-17 13:50:39,takeout,,debit_card,completed
1021701,3,2082,2026-05-17 13:54:43,delivery,,debit_card,completed
1021702,12,,2026-05-17 14:21:02,delivery,,credit_card,completed
1021703,14,2482,2026-05-17 14:35:47,delivery,,apple_pay,completed
1021704,13,20,2026-05-17 14:36:44,delivery,,apple_pay,completed
1021705,4,1570,2026-05-17 15:05:00,delivery,,apple_pay,completed
1021706,7,,2026-05-17 15:17:48,takeout,,gift_card,completed
1021707,1,2077,2026-05-17 15:55:37,dine_in,,credit_card,completed
1021708,8,,2026-05-17 16:15:40,delivery,,apple_pay,completed
1021709,19,571,2026-05-17 16:20:13,delivery,,credit_card,completed
1021710,7,303,2026-05-17 16:28:26,delivery,,debit_card,completed
1021711,17,2441,2026-05-17 16:38:48,dine_in,,credit_card,completed
1021712,8,640,2026-05-17 16:41:56,delivery,,credit_card,completed
1021713,15,,2026-05-17 16:44:09,dine_in,,cash,completed
1021714,8,,2026-05-17 16:47:02,takeout,,cash,cancelled
1021715,9,,2026-05-17 16:48:37,delivery,,credit_card,completed
1021716,15,324,2026-05-17 17:06:30,delivery,,debit_card,completed
1021717,4,496,2026-05-17 17:07:46,drive_thru,,cash,completed
1021718,14,,2026-05-17 17:11:24,drive_thru,,credit_card,completed
1021719,8,,2026-05-17 17:12:19,delivery,,credit_card,completed
1021720,9,,2026-05-17 17:14:35,delivery,,credit_card,completed
1021721,13,412,2026-05-17 17:30:16,takeout,,credit_card,completed
1021722,19,,2026-05-17 17:30:35,dine_in,,apple_pay,completed
1021723,16,1557,2026-05-17 17:31:15,delivery,,debit_card,completed
1021724,15,1727,2026-05-17 17:36:32,dine_in,,debit_card,completed
1021725,3,1205,2026-05-17 17:36:52,,,apple_pay,completed
1021726,5,1619,2026-05-17 17:40:12,delivery,,apple_pay,completed
1021727,3,,2026-05-17 17:53:41,delivery,,debit_card,completed
1021728,9,1139,2026-05-17 18:02:15,takeout,,credit_card,completed
1021729,7,495,2026-05-17 18:06:30,dine_in,,apple_pay,completed
1021730,6,,2026-05-17 18:08:50,drive_thru,,debit_card,completed
1021731,10,1668,2026-05-17 18:16:02,drive_thru,,cash,cancelled
1021732,19,1394,2026-05-17 18:17:20,takeout,,debit_card,completed
1021733,6,352,2026-05-17 18:22:13,drive_thru,,cash,completed
1021734,19,,2026-05-17 18:22:38,drive_thru,,credit_card,completed
1021735,8,1410,2026-05-17 18:23:17,dine_in,,apple_pay,completed
1021736,20,2242,2026-05-17 18:26:53,dine_in,,apple_pay,completed
1021737,17,1146,2026-05-17 18:27:27,dine_in,,cash,completed
1021738,17,1963,2026-05-17 18:27:38,dine_in,,debit_card,completed
1021739,6,,2026-05-17 18:30:19,takeout,BOUDIN20,debit_card,completed
1021740,9,1520,2026-05-17 18:30:33,drive_thru,,credit_card,completed
1021741,10,2284,2026-05-17 18:33:10,dine_in,,credit_card,completed
1021742,17,,2026-05-17 18:34:01,dine_in,,debit_card,completed
1021743,17,2250,2026-05-17 18:34:53,dine_in,,debit_card,completed
1021744,8,924,2026-05-17 18:35:45,dine_in,,credit_card,completed
1021745,8,,2026-05-17 18:37:17,takeout,BOUDIN20,credit_card,completed
1021746,15,498,2026-05-17 18:37:44,delivery,BOUDIN20,apple_pay,completed
1021747,7,303,2026-05-17 18:39:01,dine_in,,credit_card,completed
1021748,15,2123,2026-05-17 18:40:45,takeout,,credit_card,completed
1021749,19,1041,2026-05-17 18:42:07,takeout,,apple_pay,completed
1021750,4,,2026-05-17 18:43:00,dine_in,,credit_card,completed
1021751,18,,2026-05-17 18:50:46,dine_in,BOUDIN20,credit_card,completed
1021752,17,908,2026-05-17 18:50:54,dine_in,BOUDIN20,cash,completed
1021753,7,,2026-05-17 18:51:57,dine_in,,cash,completed
1021754,8,,2026-05-17 18:54:18,dine_in,,cash,completed
1021755,18,,2026-05-17 18:56:13,delivery,,apple_pay,completed
1021756,4,1596,2026-05-17 18:56:17,drive_thru,,credit_card,completed
1021757,3,2314,2026-05-17 18:56:49,dine_in,,debit_card,completed
1021758,13,1480,2026-05-17 18:57:07,dine_in,,credit_card,completed
1021759,13,1022,2026-05-17 18:59:37,takeout,,debit_card,completed
1021760,1,706,2026-05-17 19:01:12,takeout,,debit_card,completed
1021761,20,1969,2026-05-17 19:05:34,dine_in,,apple_pay,completed
1021762,9,1269,2026-05-17 19:21:52,delivery,BOUDIN20,credit_card,completed
1021763,19,2416,2026-05-17 19:21:53,takeout,,debit_card,completed
1021764,13,34,2026-05-17 19:23:06,takeout,,credit_card,completed
1021765,3,,2026-05-17 19:24:06,dine_in,,debit_card,completed
1021766,12,992,2026-05-17 19:26:18,delivery,,credit_card,completed
1021767,6,,2026-05-17 19:28:52,dine_in,,debit_card,completed
1021768,4,960,2026-05-17 19:30:18,drive_thru,,cash,completed
1021769,5,873,2026-05-17 19:30:59,takeout,BOUDIN20,cash,completed
1021770,15,,2026-05-17 19:37:11,drive_thru,,credit_card,completed
1021771,13,2251,2026-05-17 19:37:38,takeout,,credit_card,completed
1021772,2,1790,2026-05-17 19:37:45,takeout,,credit_card,completed
1021773,12,,2026-05-17 19:37:47,delivery,,apple_pay,completed
1021774,6,1580,2026-05-17 19:39:07,delivery,,credit_card,completed
1021775,6,,2026-05-17 19:42:12,delivery,,debit_card,refunded
1021776,7,,2026-05-17 19:45:37,dine_in,,credit_card,completed
1021777,8,,2026-05-17 19:49:53,takeout,,debit_card,completed
1021778,17,,2026-05-17 19:51:43,takeout,BOUDIN20,credit_card,completed
1021779,5,1853,2026-05-17 19:52:16,dine_in,,cash,completed
1021780,12,,2026-05-17 19:54:19,dine_in,,apple_pay,completed
1021781,16,,05/17/2026 19:54,takeout,,debit_card,completed
1021782,16,,2026-05-17 19:57:23,delivery,,debit_card,completed
1021783,11,,2026-05-17 20:03:23,delivery,,debit_card,completed
1021784,19,,2026-05-17 20:05:26,drive_thru,,credit_card,completed
1021785,13,2251,2026-05-17 20:16:48,takeout,,credit_card,completed
1021786,11,640,2026-05-17 20:17:38,dine_in,BOUDIN20,debit_card,completed
1021787,4,,2026-05-17 20:28:27,takeout,,credit_card,completed
1021788,19,2487,2026-05-17 20:35:38,delivery,BOUDIN20,credit_card,completed
1021789,6,899,2026-05-17 20:36:03,delivery,,credit_card,completed
1021790,14,,2026-05-17 21:14:37,drive_thru,,debit_card,completed
1021791,16,,2026-05-17 21:30:25,dine_in,,credit_card,completed
1021792,17,2332,2026-05-17 21:41:49,dine_in,,gift_card,completed
1021793,3,173,2026-05-17 21:43:42,delivery,,credit_card,completed
1021794,14,,2026-05-17 21:51:17,dine_in,,credit_card,completed
1021795,14,855,2026-05-18 10:38:52,takeout,,credit_card,completed
1021796,17,,2026-05-18 11:11:09,dine_in,,credit_card,completed
1021797,1,,2026-05-18 11:16:38,dine_in,,cash,completed
1021798,3,,2026-05-18 11:18:51,takeout,,apple_pay,completed
1021799,18,,2026-05-18 11:23:33,delivery,BOUDIN20,gift_card,completed
1021800,5,,2026-05-18 11:27:59,dine_in,,debit_card,completed
1021801,18,1063,2026-05-18 11:30:25,takeout,BOUDIN20,credit_card,completed
1021802,7,568,2026-05-18 11:32:13,takeout,,debit_card,cancelled
1021803,4,,2026-05-18 11:32:51,delivery,,credit_card,completed
1021804,12,1279,2026-05-18 11:41:36,dine_in,,credit_card,completed
1021805,20,,2026-05-18 11:49:51,delivery,,debit_card,completed
1021806,12,,2026-05-18 11:52:36,dine_in,,credit_card,completed
1021807,10,2425,2026-05-18 11:53:43,drive_thru,,cash,completed
1021808,7,,2026-05-18 11:56:41,dine_in,BOUDIN20,credit_card,completed
1021809,6,1977,2026-05-18 12:01:12,takeout,,credit_card,completed
1021810,13,1022,2026-05-18 12:01:44,takeout,,cash,completed
1021811,17,377,2026-05-18 12:04:29,delivery,,credit_card,completed
1021812,3,1032,2026-05-18 12:04:33,takeout,,credit_card,completed
1021813,5,,2026-05-18 12:09:48,dine_in,,cash,completed
1021814,16,410,2026-05-18 12:11:03,dine_in,,debit_card,completed
1021815,17,1809,2026-05-18 12:11:05,dine_in,,credit_card,completed
1021816,4,,2026-05-18 12:14:49,takeout,,debit_card,completed
1021817,10,,2026-05-18 12:15:36,dine_in,,cash,completed
1021818,19,1587,2026-05-18 12:15:46,drive_thru,,credit_card,completed
1021819,17,2496,2026-05-18 12:17:05,dine_in,,debit_card,completed
1021820,20,,2026-05-18 12:17:59,dine_in,,apple_pay,completed
1021821,14,828,2026-05-18 12:18:04,takeout,,debit_card,completed
1021822,7,,2026-05-18 12:18:44,dine_in,,credit_card,completed
1021823,9,820,2026-05-18 12:19:00,drive_thru,,cash,completed
1021824,9,,2026-05-18 12:21:15,dine_in,,credit_card,completed
1021825,14,617,2026-05-18 12:22:04,dine_in,,apple_pay,completed
1021826,2,,2026-05-18 12:22:21,delivery,,credit_card,completed
1021827,10,2243,2026-05-18 12:22:52,dine_in,,credit_card,completed
1021828,14,2408,2026-05-18 12:24:58,delivery,,credit_card,completed
1021829,18,,2026-05-18 12:27:57,delivery,,credit_card,completed
1021830,2,774,2026-05-18 12:28:27,delivery,,credit_card,completed
1021831,12,1736,2026-05-18 12:29:43,dine_in,,apple_pay,completed
1021832,10,,2026-05-18 12:32:01,delivery,,apple_pay,completed
1021833,2,2015,2026-05-18 12:34:14,dine_in,,credit_card,completed
1021834,1,404,2026-05-18 12:34:33,dine_in,,debit_card,completed
1021835,7,2108,2026-05-18 12:34:37,takeout,BOUDIN20,debit_card,completed
1021836,5,681,2026-05-18 12:35:54,,,credit_card,completed
1021837,2,,2026-05-18 12:36:23,delivery,,credit_card,completed
1021838,3,1989,2026-05-18 12:40:30,dine_in,,debit_card,completed
1021839,8,,2026-05-18 12:40:44,dine_in,,apple_pay,completed
1021840,5,873,2026-05-18 12:42:14,drive_thru,BOUDIN20,debit_card,completed
1021841,17,1029,2026-05-18 12:43:08,takeout,,cash,completed
1021842,11,,2026-05-18 12:45:11,delivery,,credit_card,completed
1021843,2,,2026-05-18 12:46:53,delivery,,credit_card,completed
1021844,20,1383,2026-05-18 12:46:53,dine_in,,debit_card,completed
1021845,2,,2026-05-18 12:53:02,delivery,,credit_card,completed
1021846,16,,2026-05-18 12:53:04,dine_in,,debit_card,completed
1021847,2,,2026-05-18 12:53:33,delivery,,credit_card,completed
1021848,9,925,2026-05-18 12:56:08,drive_thru,,credit_card,completed
1021849,3,785,2026-05-18 12:57:03,takeout,,credit_card,completed
1021850,15,596,2026-05-18 12:59:24,drive_thru,,apple_pay,completed
1021851,16,1128,2026-05-18 13:02:22,delivery,,credit_card,completed
1021852,10,,2026-05-18 13:04:51,takeout,,apple_pay,completed
1021853,11,145,2026-05-18 13:05:45,delivery,,credit_card,completed
1021854,4,,2026-05-18 13:08:38,dine_in,,apple_pay,completed
1021855,14,,2026-05-18 13:08:50,takeout,,debit_card,completed
1021856,5,932,2026-05-18 13:10:23,takeout,,cash,completed
1021857,6,151,2026-05-18 13:13:06,dine_in,,credit_card,completed
1021858,20,1686,2026-05-18 13:13:35,delivery,,apple_pay,completed
1021859,3,,2026-05-18 13:14:09,dine_in,,debit_card,completed
1021860,15,,2026-05-18 13:14:51,delivery,,debit_card,completed
1021861,4,,2026-05-18 13:15:50,dine_in,,credit_card,completed
1021862,13,136,2026-05-18 13:23:11,dine_in,BOUDIN20,credit_card,completed
1021863,1,2276,2026-05-18 13:29:05,takeout,,debit_card,completed
1021864,12,,2026-05-18 13:37:05,delivery,,credit_card,completed
1021865,19,1315,2026-05-18 13:38:31,drive_thru,,debit_card,completed
1021866,8,827,2026-05-18 13:41:20,delivery,,gift_card,completed
1021867,11,134,2026-05-18 13:53:51,drive_thru,,credit_card,completed
1021868,19,,2026-05-18 13:55:59,takeout,,credit_card,completed
1021869,7,1126,2026-05-18 14:14:01,takeout,,credit_card,completed
1021870,18,,2026-05-18 14:41:38,drive_thru,,cash,completed
1021871,4,2294,2026-05-18 14:50:42,drive_thru,,gift_card,completed
1021872,7,1567,2026-05-18 14:52:59,,,gift_card,completed
1021873,19,448,2026-05-18 15:01:02,dine_in,,debit_card,completed
1021874,16,,2026-05-18 15:11:21,takeout,,credit_card,completed
1021875,10,190,05/18/2026 15:57,drive_thru,,credit_card,completed
1021876,1,250,2026-05-18 16:09:43,delivery,,debit_card,completed
1021877,16,586,2026-05-18 16:18:38,dine_in,BOUDIN20,credit_card,completed
1021878,12,1287,2026-05-18 16:39:44,dine_in,,credit_card,completed
1021879,16,1889,2026-05-18 16:59:53,takeout,,apple_pay,completed
1021880,3,,2026-05-18 17:13:21,delivery,,credit_card,completed
1021881,15,,05/18/2026 17:26,dine_in,,credit_card,completed
1021882,3,983,2026-05-18 17:29:04,delivery,,apple_pay,completed
1021883,7,,2026-05-18 17:30:53,dine_in,,credit_card,completed
1021884,11,2380,2026-05-18 17:31:26,takeout,,credit_card,completed
1021885,3,,2026-05-18 17:35:32,takeout,,debit_card,completed
1021886,7,,2026-05-18 17:44:00,takeout,,cash,completed
1021887,2,1604,2026-05-18 17:52:31,dine_in,,credit_card,refunded
1021888,8,719,2026-05-18 17:55:35,dine_in,,apple_pay,completed
1021889,1,,2026-05-18 17:56:48,delivery,,credit_card,completed
1021890,2,1258,2026-05-18 17:58:49,takeout,,credit_card,completed
1021891,15,1542,2026-05-18 17:59:38,takeout,,cash,completed
1021892,12,265,2026-05-18 18:00:30,delivery,,debit_card,completed
1021893,18,,2026-05-18 18:13:05,delivery,,debit_card,completed
1021894,12,,2026-05-18 18:14:06,dine_in,,cash,completed
1021895,20,2088,2026-05-18 18:15:28,drive_thru,,cash,completed
1021896,13,,2026-05-18 18:16:45,dine_in,BOUDIN20,apple_pay,completed
1021897,17,2017,2026-05-18 18:17:20,delivery,,apple_pay,completed
1021898,8,228,2026-05-18 18:17:25,takeout,,debit_card,completed
1021899,15,11,2026-05-18 18:18:02,drive_thru,,credit_card,completed
1021900,7,,2026-05-18 18:19:09,delivery,,credit_card,completed
1021901,2,1096,2026-05-18 18:23:01,delivery,,credit_card,completed
1021902,1,1649,2026-05-18 18:25:43,takeout,,debit_card,completed
1021903,19,2300,2026-05-18 18:29:09,dine_in,,debit_card,completed
1021904,10,1808,2026-05-18 18:29:34,dine_in,BOUDIN20,credit_card,completed
1021905,1,2110,2026-05-18 18:30:41,delivery,,apple_pay,completed
1021906,16,1655,2026-05-18 18:31:39,dine_in,,credit_card,completed
1021907,19,,2026-05-18 18:31:54,drive_thru,,cash,completed
1021908,14,1614,2026-05-18 18:36:27,delivery,,credit_card,completed
1021909,10,,2026-05-18 18:44:04,dine_in,BOUDIN20,credit_card,completed
1021910,14,,2026-05-18 18:45:56,drive_thru,,debit_card,cancelled
1021911,20,158,2026-05-18 18:49:02,dine_in,,credit_card,completed
1021912,19,1078,2026-05-18 18:51:50,dine_in,,gift_card,cancelled
1021913,14,2249,2026-05-18 18:52:21,drive_thru,,credit_card,completed
1021914,20,1416,2026-05-18 18:56:03,drive_thru,,credit_card,completed
1021915,2,,2026-05-18 18:56:25,dine_in,,credit_card,completed
1021916,16,767,2026-05-18 18:57:01,delivery,,credit_card,completed
1021917,20,,2026-05-18 18:59:20,drive_thru,,debit_card,completed
1021918,13,,2026-05-18 18:59:36,takeout,,gift_card,completed
1021919,19,896,2026-05-18 19:02:35,drive_thru,,credit_card,completed
1021920,17,1103,2026-05-18 19:05:38,delivery,,credit_card,completed
1021921,12,1270,2026-05-18 19:07:20,dine_in,,credit_card,completed
1021922,14,989,2026-05-18 19:09:37,delivery,,credit_card,completed
1021923,6,299,2026-05-18 19:09:47,dine_in,,credit_card,completed
1021924,12,,2026-05-18 19:10:24,takeout,,credit_card,completed
1021925,18,,2026-05-18 19:11:21,dine_in,BOUDIN20,apple_pay,completed
1021926,18,432,2026-05-18 19:14:27,delivery,,apple_pay,completed
1021927,11,,2026-05-18 19:16:17,dine_in,,apple_pay,completed
1021928,6,890,2026-05-18 19:18:08,dine_in,,credit_card,completed
1021929,14,,2026-05-18 19:23:54,delivery,,apple_pay,completed
1021930,2,,2026-05-18 19:27:03,dine_in,,cash,completed
1021931,19,1411,2026-05-18 19:29:44,drive_thru,,apple_pay,completed
1021932,2,393,2026-05-18 19:30:11,dine_in,,credit_card,completed
1021933,7,,2026-05-18 19:30:29,delivery,,credit_card,refunded
1021934,19,,2026-05-18 19:30:51,drive_thru,,apple_pay,completed
1021935,13,1109,2026-05-18 19:38:05,takeout,,debit_card,completed
1021936,16,1655,2026-05-18 19:46:53,delivery,,credit_card,completed
1021937,10,2480,2026-05-18 19:49:25,,,debit_card,completed
1021938,19,2235,2026-05-18 19:50:52,dine_in,,credit_card,completed
1021939,6,1035,2026-05-18 20:06:13,drive_thru,,cash,completed
1021940,2,78,2026-05-18 20:08:55,dine_in,,apple_pay,completed
1021941,13,2001,2026-05-18 20:09:59,dine_in,BOUDIN20,credit_card,completed
1021942,20,1952,2026-05-18 20:11:13,takeout,,gift_card,completed
1021943,6,1226,2026-05-18 20:12:36,dine_in,,credit_card,completed
1021944,1,1097,2026-05-18 20:14:26,delivery,BOUDIN20,credit_card,completed
1021945,3,,2026-05-18 20:19:29,dine_in,,credit_card,completed
1021946,20,,2026-05-18 20:21:39,dine_in,,credit_card,completed
1021947,10,1808,2026-05-18 20:26:02,delivery,,credit_card,completed
1021948,13,166,2026-05-18 20:26:06,dine_in,,cash,completed
1021949,9,,2026-05-18 20:28:00,takeout,,credit_card,completed
1021950,13,617,2026-05-18 20:40:09,,,cash,completed
1021951,11,812,2026-05-18 20:43:27,delivery,,debit_card,completed
1021952,12,1771,2026-05-18 21:00:01,dine_in,,credit_card,completed
1021953,2,1748,2026-05-18 21:21:06,dine_in,,credit_card,completed
1021954,12,265,2026-05-19 11:09:28,dine_in,,cash,completed
1021955,7,995,2026-05-19 11:21:03,dine_in,,credit_card,completed
1021956,9,1302,2026-05-19 11:39:11,drive_thru,,debit_card,completed
1021957,4,1257,2026-05-19 11:42:42,takeout,,gift_card,completed
1021958,4,850,2026-05-19 11:54:27,dine_in,,credit_card,completed
1021959,3,,2026-05-19 11:54:36,dine_in,,credit_card,completed
1021960,2,88,05/19/2026 11:58,delivery,,credit_card,completed
1021961,19,2084,2026-05-19 12:00:42,delivery,,debit_card,completed
1021962,1,630,2026-05-19 12:03:40,takeout,,credit_card,completed
1021963,14,2406,2026-05-19 12:06:12,takeout,,credit_card,completed
1021964,8,359,2026-05-19 12:09:51,dine_in,,apple_pay,completed
1021965,4,,2026-05-19 12:10:01,dine_in,,debit_card,completed
1021966,6,153,2026-05-19 12:10:07,delivery,,credit_card,completed
1021967,14,842,2026-05-19 12:11:53,takeout,,gift_card,completed
1021968,3,,2026-05-19 12:12:16,delivery,,credit_card,completed
1021969,19,1801,2026-05-19 12:12:55,dine_in,,cash,completed
1021970,14,1943,2026-05-19 12:14:40,dine_in,,cash,completed
1021971,6,,2026-05-19 12:16:12,delivery,,credit_card,completed
1021972,13,,2026-05-19 12:19:55,delivery,,credit_card,completed
1021973,12,,2026-05-19 12:22:18,,,credit_card,completed
1021974,15,1864,05/19/2026 12:23,drive_thru,,debit_card,completed
1021975,19,,2026-05-19 12:23:54,drive_thru,,credit_card,completed
1021976,13,,2026-05-19 12:26:06,dine_in,,apple_pay,completed
1021977,17,1183,2026-05-19 12:31:03,dine_in,BOUDIN20,credit_card,completed
1021978,1,2040,2026-05-19 12:33:05,delivery,,credit_card,completed
1021979,14,2172,2026-05-19 12:35:57,delivery,,credit_card,completed
1021980,6,1997,2026-05-19 12:36:22,takeout,,debit_card,completed
1021981,15,2020,2026-05-19 12:36:30,dine_in,,cash,completed
1021982,20,,2026-05-19 12:40:46,drive_thru,,credit_card,completed
1021983,16,,2026-05-19 12:42:56,delivery,,credit_card,completed
1021984,16,,2026-05-19 12:46:03,takeout,,credit_card,completed
1021985,12,1918,2026-05-19 12:46:21,takeout,,debit_card,completed
1021986,3,17,2026-05-19 12:52:33,takeout,,credit_card,completed
1021987,8,513,2026-05-19 12:54:13,takeout,,apple_pay,completed
1021988,17,1961,2026-05-19 12:55:09,dine_in,,debit_card,completed
1021989,7,,2026-05-19 12:56:16,delivery,,gift_card,cancelled
1021990,17,,2026-05-19 12:59:22,dine_in,,credit_card,completed
1021991,6,444,2026-05-19 13:02:15,delivery,,apple_pay,completed
1021992,18,2384,2026-05-19 13:04:50,takeout,,credit_card,completed
1021993,8,1252,2026-05-19 13:06:10,dine_in,,credit_card,completed
1021994,3,,2026-05-19 13:09:53,takeout,,credit_card,completed
1021995,1,247,2026-05-19 13:13:27,takeout,,gift_card,completed
1021996,11,,2026-05-19 13:23:10,dine_in,,credit_card,completed
1021997,17,,2026-05-19 13:27:18,delivery,,credit_card,completed
1021998,5,,2026-05-19 13:30:24,dine_in,,debit_card,completed
1021999,8,1829,2026-05-19 13:32:26,delivery,,apple_pay,completed
1022000,4,630,2026-05-19 13:35:19,drive_thru,,debit_card,completed
1022001,14,1214,2026-05-19 13:43:16,takeout,BOUDIN20,credit_card,completed
1022002,17,1079,2026-05-19 13:43:45,dine_in,,credit_card,completed
1022003,13,,2026-05-19 13:50:24,takeout,,cash,completed
1022004,6,,2026-05-19 13:51:50,drive_thru,,apple_pay,completed
1022005,10,,2026-05-19 14:12:34,dine_in,BOUDIN20,cash,completed
1022006,14,1565,2026-05-19 14:15:44,drive_thru,,credit_card,completed
1022007,2,1471,2026-05-19 14:31:16,takeout,,credit_card,completed
1022008,5,2362,2026-05-19 14:57:30,delivery,,credit_card,completed
1022009,7,1567,2026-05-19 15:56:15,takeout,,credit_card,completed
1022010,4,1596,2026-05-19 15:58:38,dine_in,,debit_card,completed
1022011,12,2371,2026-05-19 16:12:30,takeout,,debit_card,completed
1022012,5,,2026-05-19 17:26:53,delivery,,credit_card,completed
1022013,4,1529,2026-05-19 17:52:59,delivery,BOUDIN20,credit_card,completed
1022014,16,307,2026-05-19 17:53:51,takeout,,debit_card,completed
1022015,1,,2026-05-19 17:54:54,delivery,,debit_card,refunded
1022016,11,938,2026-05-19 17:54:54,dine_in,,cash,completed
1022017,16,,2026-05-19 17:55:35,delivery,,credit_card,completed
1022018,19,571,2026-05-19 18:03:20,takeout,BOUDIN20,debit_card,completed
1022019,8,1050,2026-05-19 18:05:52,takeout,,credit_card,completed
1022020,13,,2026-05-19 18:18:59,delivery,BOUDIN20,credit_card,completed
1022021,6,,2026-05-19 18:22:02,delivery,,debit_card,completed
1022022,9,1910,2026-05-19 18:26:19,dine_in,,credit_card,completed
1022023,10,,2026-05-19 18:26:23,drive_thru,,credit_card,completed
1022024,19,885,2026-05-19 18:26:46,delivery,,credit_card,completed
1022025,7,924,2026-05-19 18:29:29,dine_in,,apple_pay,completed
1022026,5,873,2026-05-19 18:30:07,delivery,,credit_card,completed
1022027,20,,2026-05-19 18:32:11,drive_thru,,credit_card,completed
1022028,1,,2026-05-19 18:32:56,delivery,,credit_card,completed
1022029,9,,2026-05-19 18:33:55,takeout,,apple_pay,completed
1022030,17,131,2026-05-19 18:34:14,delivery,,credit_card,completed
1022031,8,1076,2026-05-19 18:34:53,dine_in,BOUDIN20,cash,completed
1022032,18,,2026-05-19 18:37:03,takeout,,credit_card,completed
1022033,5,186,2026-05-19 18:37:19,drive_thru,,gift_card,completed
1022034,7,2013,2026-05-19 18:40:41,dine_in,,credit_card,completed
1022035,14,,2026-05-19 18:41:30,dine_in,,cash,completed
1022036,8,,2026-05-19 18:45:02,delivery,,apple_pay,completed
1022037,10,,2026-05-19 18:47:23,,,credit_card,completed
1022038,12,463,2026-05-19 18:56:11,delivery,,credit_card,completed
1022039,8,,2026-05-19 18:58:10,dine_in,,apple_pay,completed
1022040,14,2482,05/19/2026 18:58,takeout,,credit_card,completed
1022041,3,,2026-05-19 18:59:29,dine_in,,credit_card,completed
1022042,5,,2026-05-19 18:59:56,drive_thru,,gift_card,completed
1022043,16,2468,2026-05-19 19:04:36,delivery,,debit_card,completed
1022044,14,2123,2026-05-19 19:08:24,delivery,,debit_card,completed
1022045,15,1237,2026-05-19 19:10:38,takeout,,gift_card,completed
1022046,13,459,2026-05-19 19:13:36,dine_in,,debit_card,completed
1022047,20,1854,2026-05-19 19:17:19,drive_thru,,credit_card,completed
1022048,7,464,2026-05-19 19:18:17,dine_in,,debit_card,completed
1022049,17,1055,2026-05-19 19:20:38,dine_in,,credit_card,completed
1022050,11,,2026-05-19 19:28:32,dine_in,,credit_card,completed
1022051,12,,2026-05-19 19:28:36,takeout,,credit_card,completed
1022052,12,240,2026-05-19 19:30:54,delivery,,debit_card,completed
1022053,14,,2026-05-19 19:37:37,delivery,,credit_card,completed
1022054,4,960,2026-05-19 19:41:59,dine_in,,credit_card,completed
1022055,10,1402,2026-05-19 19:45:50,takeout,,cash,completed
1022056,9,,2026-05-19 19:49:04,takeout,,cash,completed
1022057,16,,2026-05-19 19:49:10,dine_in,,cash,completed
1022058,7,,2026-05-19 19:49:34,dine_in,,debit_card,completed
1022059,6,,2026-05-19 19:52:57,dine_in,,apple_pay,completed
1022060,18,856,2026-05-19 19:59:48,delivery,,credit_card,completed
1022061,12,1940,2026-05-19 20:00:18,dine_in,,cash,completed
1022062,11,2387,2026-05-19 20:08:16,delivery,,debit_card,completed
1022063,16,475,2026-05-19 20:11:38,delivery,,apple_pay,completed
1022064,5,2333,2026-05-19 20:16:19,drive_thru,BOUDIN20,apple_pay,completed
1022065,17,1147,2026-05-19 20:24:13,takeout,,credit_card,completed
1022066,6,,2026-05-19 20:24:34,dine_in,BOUDIN20,gift_card,completed
1022067,15,,2026-05-19 20:43:30,dine_in,,credit_card,completed
1022068,4,1742,2026-05-19 20:49:04,drive_thru,,credit_card,completed
1022069,7,1243,2026-05-19 20:59:42,dine_in,,credit_card,completed
1022070,12,2085,2026-05-19 21:04:22,takeout,,credit_card,completed
1022071,15,,2026-05-19 21:49:42,dine_in,,cash,completed
1022072,10,1323,2026-05-20 10:42:34,drive_thru,,apple_pay,completed
1022073,7,107,05/20/2026 10:48,takeout,,apple_pay,completed
1022074,2,1136,2026-05-20 10:51:52,dine_in,,debit_card,completed
1022075,15,,05/20/2026 10:53,drive_thru,,cash,completed
1022076,10,2480,2026-05-20 11:08:39,takeout,,cash,completed
1022077,6,1857,2026-05-20 11:09:50,takeout,,cash,completed
1022078,17,271,2026-05-20 11:24:08,dine_in,,credit_card,completed
1022079,11,,2026-05-20 11:36:36,dine_in,,credit_card,completed
1022080,2,109,2026-05-20 11:37:09,takeout,BOUDIN20,apple_pay,completed
1022081,14,1009,2026-05-20 11:38:05,drive_thru,,apple_pay,completed
1022082,2,,2026-05-20 11:42:04,dine_in,,credit_card,cancelled
1022083,16,1128,2026-05-20 11:47:40,dine_in,,debit_card,completed
1022084,12,1598,2026-05-20 11:47:44,dine_in,,debit_card,cancelled
1022085,2,2322,2026-05-20 11:48:20,dine_in,,gift_card,completed
1022086,15,2247,2026-05-20 11:55:35,dine_in,,credit_card,completed
1022087,17,612,2026-05-20 11:56:57,takeout,,debit_card,completed
1022088,3,,2026-05-20 11:59:52,delivery,,credit_card,completed
1022089,15,,2026-05-20 12:00:02,drive_thru,,debit_card,completed
1022090,13,837,2026-05-20 12:01:57,dine_in,,apple_pay,completed
1022091,6,1033,2026-05-20 12:02:03,dine_in,,gift_card,completed
1022092,6,711,2026-05-20 12:03:17,drive_thru,,cash,completed
1022093,19,,2026-05-20 12:05:01,drive_thru,,cash,completed
1022094,17,902,2026-05-20 12:05:14,dine_in,,cash,completed
1022095,9,,2026-05-20 12:10:00,dine_in,,debit_card,completed
1022096,16,848,2026-05-20 12:11:19,delivery,,gift_card,cancelled
1022097,18,583,2026-05-20 12:11:55,delivery,,debit_card,completed
1022098,9,,2026-05-20 12:12:09,delivery,,apple_pay,completed
1022099,20,390,2026-05-20 12:14:32,drive_thru,BOUDIN20,apple_pay,completed
1022100,10,1208,2026-05-20 12:14:47,delivery,,apple_pay,completed
1022101,15,,2026-05-20 12:15:02,delivery,BOUDIN20,credit_card,completed
1022102,3,,2026-05-20 12:15:13,dine_in,,credit_card,completed
1022103,3,,2026-05-20 12:16:12,delivery,,apple_pay,completed
1022104,14,,2026-05-20 12:16:58,drive_thru,,credit_card,completed
1022105,16,2235,2026-05-20 12:17:20,dine_in,,debit_card,completed
1022106,15,,2026-05-20 12:19:08,dine_in,,apple_pay,completed
1022107,17,408,2026-05-20 12:22:14,takeout,,apple_pay,completed
1022108,3,1531,2026-05-20 12:22:20,delivery,,credit_card,completed
1022109,7,858,2026-05-20 12:22:36,takeout,,credit_card,cancelled
1022110,2,747,2026-05-20 12:26:05,takeout,,credit_card,completed
1022111,8,2293,2026-05-20 12:26:05,dine_in,,credit_card,completed
1022112,17,,2026-05-20 12:26:39,dine_in,BOUDIN20,cash,completed
1022113,10,,2026-05-20 12:27:54,drive_thru,,credit_card,completed
1022114,3,,2026-05-20 12:29:54,takeout,,gift_card,completed
1022115,16,1914,2026-05-20 12:31:08,,,debit_card,completed
1022116,13,582,2026-05-20 12:31:34,takeout,BOUDIN20,credit_card,completed
1022117,2,1971,2026-05-20 12:35:30,dine_in,,cash,completed
1022118,12,405,2026-05-20 12:35:30,dine_in,BOUDIN20,credit_card,completed
1022119,6,803,2026-05-20 12:35:46,drive_thru,,debit_card,completed
1022120,12,2433,2026-05-20 12:36:32,delivery,,credit_card,completed
1022121,13,1072,2026-05-20 12:36:57,delivery,,credit_card,completed
1022122,5,1527,2026-05-20 12:38:22,drive_thru,,debit_card,completed
1022123,3,,2026-05-20 12:39:08,dine_in,,debit_card,completed
1022124,16,,2026-05-20 12:39:17,takeout,,credit_card,completed
1022125,6,,2026-05-20 12:41:28,drive_thru,,cash,completed
1022126,12,1093,2026-05-20 12:42:24,dine_in,,debit_card,completed
1022127,17,131,2026-05-20 12:42:55,delivery,,credit_card,completed
1022128,10,1459,2026-05-20 12:43:50,delivery,,apple_pay,completed
1022129,1,,2026-05-20 12:45:48,dine_in,,credit_card,completed
1022130,7,1978,2026-05-20 12:45:52,,,apple_pay,completed
1022131,16,2336,2026-05-20 12:45:56,dine_in,,apple_pay,completed
1022132,4,1577,2026-05-20 12:48:34,dine_in,,debit_card,completed
1022133,15,596,2026-05-20 12:48:57,drive_thru,,gift_card,completed
1022134,20,1417,2026-05-20 12:49:35,dine_in,,debit_card,completed
1022135,12,,2026-05-20 12:49:37,takeout,,credit_card,completed
1022136,17,2447,2026-05-20 12:50:56,takeout,,cash,completed
1022137,12,2186,2026-05-20 12:51:08,dine_in,,cash,completed
1022138,18,,2026-05-20 12:51:20,delivery,,credit_card,completed
1022139,17,2361,2026-05-20 12:53:15,dine_in,,debit_card,completed
1022140,20,,2026-05-20 12:53:50,drive_thru,BOUDIN20,credit_card,completed
1022141,6,1033,2026-05-20 12:54:01,delivery,,credit_card,completed
1022142,18,394,2026-05-20 12:55:06,delivery,,debit_card,completed
1022143,2,1790,2026-05-20 12:58:08,takeout,,debit_card,completed
1022144,12,1072,2026-05-20 13:00:05,delivery,,debit_card,completed
1022145,15,,2026-05-20 13:00:49,delivery,,debit_card,completed
1022146,6,455,05/20/2026 13:05,delivery,,credit_card,completed
1022147,6,425,2026-05-20 13:05:56,takeout,,cash,completed
1022148,8,2285,2026-05-20 13:11:39,delivery,,credit_card,completed
1022149,11,776,2026-05-20 13:11:53,dine_in,,gift_card,completed
1022150,13,514,2026-05-20 13:12:39,delivery,,credit_card,completed
1022151,4,1164,2026-05-20 13:13:15,dine_in,,apple_pay,completed
1022152,4,1205,2026-05-20 13:20:11,takeout,BOUDIN20,credit_card,completed
1022153,11,,2026-05-20 13:24:43,dine_in,,cash,completed
1022154,2,1790,2026-05-20 13:25:19,dine_in,,credit_card,completed
1022155,3,,2026-05-20 13:31:21,dine_in,,credit_card,completed
1022156,4,,2026-05-20 13:32:46,drive_thru,,debit_card,completed
1022157,18,,2026-05-20 13:33:16,delivery,,apple_pay,completed
1022158,20,,2026-05-20 13:52:01,drive_thru,,debit_card,completed
1022159,20,524,2026-05-20 13:56:37,dine_in,,credit_card,completed
1022160,8,2008,2026-05-20 13:58:03,delivery,,credit_card,completed
1022161,8,720,2026-05-20 14:08:34,delivery,,credit_card,completed
1022162,15,458,2026-05-20 15:15:05,dine_in,,debit_card,completed
1022163,7,1707,2026-05-20 16:16:08,dine_in,BOUDIN20,debit_card,completed
1022164,9,1870,2026-05-20 16:22:42,drive_thru,,cash,completed
1022165,1,,2026-05-20 16:50:33,delivery,,credit_card,completed
1022166,12,1800,2026-05-20 17:10:25,takeout,,credit_card,completed
1022167,15,,2026-05-20 17:11:26,drive_thru,,credit_card,completed
1022168,4,1340,2026-05-20 17:38:25,delivery,,apple_pay,completed
1022169,3,,2026-05-20 17:43:56,dine_in,,credit_card,completed
1022170,13,1539,2026-05-20 17:53:47,delivery,,debit_card,completed
1022171,3,2171,2026-05-20 17:53:51,takeout,,cash,completed
1022172,12,1565,2026-05-20 17:59:20,dine_in,,debit_card,completed
1022173,15,,2026-05-20 18:02:43,dine_in,,credit_card,completed
1022174,17,,2026-05-20 18:03:08,dine_in,,debit_card,completed
1022175,2,2109,2026-05-20 18:09:45,takeout,,credit_card,completed
1022176,6,2353,2026-05-20 18:10:02,drive_thru,,debit_card,completed
1022177,1,721,2026-05-20 18:17:08,delivery,BOUDIN20,credit_card,cancelled
1022178,14,1012,2026-05-20 18:22:58,takeout,,debit_card,completed
1022179,14,,2026-05-20 18:31:42,dine_in,,cash,completed
1022180,15,,2026-05-20 18:34:06,delivery,,apple_pay,completed
1022181,14,646,2026-05-20 18:36:42,delivery,,credit_card,completed
1022182,19,,2026-05-20 18:37:04,dine_in,,cash,completed
1022183,20,521,2026-05-20 18:37:36,drive_thru,,credit_card,completed
1022184,11,361,2026-05-20 18:40:13,dine_in,,credit_card,completed
1022185,2,1231,05/20/2026 18:41,takeout,,cash,completed
1022186,18,1472,2026-05-20 18:41:56,delivery,,apple_pay,completed
1022187,9,,2026-05-20 18:42:18,delivery,,debit_card,completed
1022188,9,15,2026-05-20 18:42:57,delivery,,debit_card,completed
1022189,3,845,2026-05-20 18:46:12,takeout,,credit_card,completed
1022190,7,,2026-05-20 18:46:34,delivery,,credit_card,completed
1022191,1,,2026-05-20 18:48:40,,,credit_card,completed
1022192,5,1722,2026-05-20 18:49:29,takeout,,credit_card,completed
1022193,8,2143,2026-05-20 18:50:51,delivery,,apple_pay,completed
1022194,12,,2026-05-20 18:54:08,delivery,,credit_card,completed
1022195,12,504,2026-05-20 18:55:02,takeout,,credit_card,completed
1022196,11,2028,2026-05-20 18:57:32,takeout,,credit_card,completed
1022197,2,705,2026-05-20 19:01:22,dine_in,,credit_card,completed
1022198,6,,2026-05-20 19:02:10,delivery,,credit_card,completed
1022199,18,1893,2026-05-20 19:04:47,drive_thru,,credit_card,completed
1022200,16,1557,2026-05-20 19:10:18,takeout,,apple_pay,completed
1022201,7,1973,2026-05-20 19:10:24,takeout,,credit_card,completed
1022202,15,601,2026-05-20 19:10:57,dine_in,,cash,completed
1022203,12,,2026-05-20 19:14:14,dine_in,,cash,completed
1022204,2,2322,2026-05-20 19:15:08,dine_in,,debit_card,completed
1022205,3,,2026-05-20 19:17:54,delivery,,credit_card,completed
1022206,19,,2026-05-20 19:18:02,delivery,,credit_card,completed
1022207,6,1895,05/20/2026 19:21,dine_in,,debit_card,completed
1022208,16,1485,2026-05-20 19:23:14,takeout,,apple_pay,completed
1022209,9,,2026-05-20 19:30:18,dine_in,,gift_card,completed
1022210,11,959,2026-05-20 19:30:39,drive_thru,,credit_card,completed
1022211,14,,05/20/2026 19:31,delivery,,credit_card,completed
1022212,4,1742,2026-05-20 19:37:43,takeout,,cash,completed
1022213,13,1072,2026-05-20 19:39:45,dine_in,,debit_card,completed
1022214,1,1489,2026-05-20 19:40:00,takeout,,credit_card,completed
1022215,14,815,2026-05-20 19:40:40,dine_in,,credit_card,completed
1022216,5,808,2026-05-20 19:41:26,takeout,,debit_card,completed
1022217,4,,2026-05-20 19:41:44,delivery,,credit_card,completed
1022218,2,2222,2026-05-20 19:48:56,,,cash,completed
1022219,14,446,2026-05-20 19:50:24,dine_in,,cash,completed
1022220,17,,2026-05-20 19:52:50,dine_in,,credit_card,completed
1022221,13,544,2026-05-20 19:54:58,delivery,,credit_card,completed
1022222,11,940,2026-05-20 19:56:16,drive_thru,,cash,completed
1022223,11,,2026-05-20 19:58:00,takeout,,credit_card,completed
1022224,8,,2026-05-20 19:58:42,takeout,,apple_pay,completed
1022225,1,130,2026-05-20 20:08:54,dine_in,,credit_card,completed
1022226,13,972,2026-05-20 20:18:55,dine_in,,credit_card,completed
1022227,14,,2026-05-20 20:19:05,drive_thru,,cash,completed
1022228,4,,2026-05-20 20:23:59,delivery,,debit_card,cancelled
1022229,6,,2026-05-20 20:25:51,delivery,,credit_card,completed
1022230,9,2005,2026-05-20 20:55:14,drive_thru,,cash,completed
1022231,8,866,2026-05-21 10:32:20,dine_in,,cash,completed
1022232,8,229,2026-05-21 10:33:45,dine_in,,credit_card,completed
1022233,1,130,2026-05-21 10:33:52,dine_in,BOUDIN20,cash,completed
1022234,11,568,2026-05-21 10:49:15,drive_thru,BOUDIN20,credit_card,cancelled
1022235,7,1274,2026-05-21 10:49:18,takeout,BOUDIN20,debit_card,completed
1022236,7,506,2026-05-21 11:07:54,takeout,,debit_card,completed
1022237,1,,2026-05-21 11:11:36,takeout,,gift_card,completed
1022238,4,1104,2026-05-21 11:23:21,delivery,BOUDIN20,debit_card,completed
1022239,7,2436,2026-05-21 11:26:38,takeout,,debit_card,completed
1022240,17,,2026-05-21 11:27:11,takeout,,apple_pay,completed
1022241,1,,2026-05-21 11:29:48,dine_in,,credit_card,completed
1022242,1,1422,2026-05-21 11:33:07,dine_in,,apple_pay,completed
1022243,15,,2026-05-21 11:40:45,drive_thru,,debit_card,completed
1022244,4,,2026-05-21 11:44:19,drive_thru,,debit_card,completed
1022245,11,1873,2026-05-21 11:49:07,delivery,,gift_card,completed
1022246,18,2147,2026-05-21 11:49:49,dine_in,,cash,completed
1022247,12,,2026-05-21 11:53:17,takeout,,credit_card,completed
1022248,18,,2026-05-21 11:55:23,takeout,,debit_card,completed
1022249,13,1731,2026-05-21 11:56:08,takeout,,cash,completed
1022250,2,1744,2026-05-21 11:56:26,takeout,,credit_card,completed
1022251,20,,2026-05-21 11:56:48,takeout,,credit_card,refunded
1022252,10,1799,2026-05-21 11:57:50,drive_thru,,credit_card,completed
1022253,4,,2026-05-21 12:00:21,dine_in,,credit_card,completed
1022254,8,1360,2026-05-21 12:01:16,takeout,,credit_card,completed
1022255,12,340,2026-05-21 12:03:10,dine_in,,cash,completed
1022256,3,965,2026-05-21 12:03:36,dine_in,,cash,completed
1022257,11,2108,2026-05-21 12:04:13,delivery,BOUDIN20,debit_card,completed
1022258,1,1649,2026-05-21 12:05:42,delivery,,apple_pay,completed
1022259,7,2108,2026-05-21 12:06:49,dine_in,,credit_card,completed
1022260,3,898,2026-05-21 12:10:43,takeout,,credit_card,completed
1022261,11,1345,2026-05-21 12:11:00,delivery,,credit_card,completed
1022262,13,633,2026-05-21 12:15:13,dine_in,,debit_card,completed
1022263,17,242,2026-05-21 12:16:12,dine_in,,credit_card,completed
1022264,6,,2026-05-21 12:16:20,dine_in,,credit_card,cancelled
1022265,20,,2026-05-21 12:16:25,delivery,,credit_card,completed
1022266,14,,2026-05-21 12:17:39,delivery,,apple_pay,completed
1022267,7,674,2026-05-21 12:22:01,dine_in,,credit_card,completed
1022268,7,1483,2026-05-21 12:22:05,dine_in,,debit_card,completed
1022269,20,594,2026-05-21 12:22:39,dine_in,,cash,completed
1022270,3,30,2026-05-21 12:23:44,takeout,,debit_card,completed
1022271,11,2398,2026-05-21 12:24:35,dine_in,,debit_card,completed
1022272,18,,2026-05-21 12:24:36,delivery,,credit_card,completed
1022273,3,,2026-05-21 12:26:39,delivery,,apple_pay,completed
1022274,1,,2026-05-21 12:27:27,delivery,,debit_card,completed
1022275,18,2344,2026-05-21 12:29:05,takeout,BOUDIN20,credit_card,cancelled
1022276,7,,2026-05-21 12:31:28,delivery,,credit_card,completed
1022277,17,929,2026-05-21 12:32:37,takeout,,apple_pay,completed
1022278,18,1739,2026-05-21 12:33:18,drive_thru,,cash,completed
1022279,11,1182,2026-05-21 12:34:15,drive_thru,,debit_card,completed
1022280,10,,2026-05-21 12:35:02,dine_in,,cash,completed
1022281,9,1019,2026-05-21 12:35:47,drive_thru,BOUDIN20,credit_card,completed
1022282,9,1792,2026-05-21 12:36:03,drive_thru,,cash,completed
1022283,14,654,2026-05-21 12:36:06,takeout,,credit_card,completed
1022284,12,1326,2026-05-21 12:36:09,dine_in,BOUDIN20,credit_card,refunded
1022285,14,2453,2026-05-21 12:37:27,dine_in,,credit_card,refunded
1022286,8,,2026-05-21 12:38:30,takeout,,credit_card,completed
1022287,13,,2026-05-21 12:38:56,takeout,,credit_card,completed
1022288,17,559,2026-05-21 12:40:01,takeout,,cash,completed
1022289,8,728,2026-05-21 12:40:03,,,credit_card,completed
1022290,5,1159,2026-05-21 12:40:35,drive_thru,,cash,refunded
1022291,2,274,2026-05-21 12:42:22,dine_in,,cash,completed
1022292,19,,2026-05-21 12:43:22,delivery,,credit_card,completed
1022293,13,473,2026-05-21 12:44:16,delivery,,apple_pay,refunded
1022294,7,145,2026-05-21 12:44:56,dine_in,,cash,completed
1022295,3,,2026-05-21 12:45:39,delivery,,debit_card,completed
1022296,2,874,2026-05-21 12:46:00,dine_in,,credit_card,completed
1022297,10,820,2026-05-21 12:48:21,dine_in,,credit_card,completed
1022298,13,34,2026-05-21 12:48:42,delivery,,credit_card,completed
1022299,4,960,2026-05-21 12:49:12,delivery,,credit_card,completed
1022300,6,2377,2026-05-21 12:49:41,delivery,,credit_card,completed
1022301,7,2108,2026-05-21 12:49:45,dine_in,,credit_card,completed
1022302,7,,2026-05-21 12:50:08,takeout,BOUDIN20,credit_card,completed
1022303,12,1940,2026-05-21 12:50:22,takeout,,credit_card,completed
1022304,20,,2026-05-21 12:54:11,takeout,,credit_card,cancelled
1022305,1,105,2026-05-21 12:54:20,takeout,,cash,completed
1022306,2,,2026-05-21 12:59:28,dine_in,,credit_card,completed
1022307,7,773,2026-05-21 13:00:56,delivery,,gift_card,completed
1022308,7,464,2026-05-21 13:01:04,takeout,,gift_card,completed
1022309,17,2447,2026-05-21 13:01:37,dine_in,,credit_card,completed
1022310,10,538,2026-05-21 13:02:37,delivery,,credit_card,completed
1022311,11,1004,2026-05-21 13:03:31,dine_in,,debit_card,completed
1022312,19,,2026-05-21 13:07:21,takeout,,credit_card,completed
1022313,13,391,2026-05-21 13:08:43,delivery,,apple_pay,completed
1022314,12,,2026-05-21 13:11:29,dine_in,,debit_card,completed
1022315,12,,2026-05-21 13:12:08,delivery,,credit_card,completed
1022316,14,,2026-05-21 13:14:02,takeout,,debit_card,completed
1022317,14,,2026-05-21 13:16:26,dine_in,BOUDIN20,apple_pay,refunded
1022318,6,151,2026-05-21 13:16:39,takeout,,apple_pay,completed
1022319,5,1644,2026-05-21 13:25:31,delivery,,credit_card,completed
1022320,4,850,2026-05-21 13:25:35,delivery,,credit_card,completed
1022321,9,1549,2026-05-21 13:32:53,delivery,,credit_card,completed
1022322,19,2182,2026-05-21 13:46:28,takeout,,debit_card,completed
1022323,4,2104,2026-05-21 14:00:34,takeout,BOUDIN20,credit_card,completed
1022324,18,132,2026-05-21 14:04:41,drive_thru,,credit_card,completed
1022325,15,1965,2026-05-21 14:22:13,delivery,,debit_card,completed
1022326,7,506,2026-05-21 15:43:02,takeout,,credit_card,completed
1022327,20,1682,2026-05-21 15:56:37,drive_thru,,debit_card,completed
1022328,20,,2026-05-21 16:16:24,,,credit_card,completed
1022329,16,,2026-05-21 16:22:38,takeout,,apple_pay,completed
1022330,5,1619,2026-05-21 16:24:32,takeout,BOUDIN20,credit_card,completed
1022331,7,127,2026-05-21 16:31:12,takeout,,credit_card,completed
1022332,2,78,2026-05-21 16:55:16,takeout,,credit_card,completed
1022333,13,,2026-05-21 16:57:21,delivery,,gift_card,completed
1022334,17,1146,2026-05-21 16:58:34,dine_in,,apple_pay,completed
1022335,7,,2026-05-21 17:02:23,dine_in,,credit_card,completed
1022336,13,2251,2026-05-21 17:23:44,takeout,BOUDIN20,credit_card,completed
1022337,8,,2026-05-21 17:26:02,dine_in,,debit_card,completed
1022338,16,695,2026-05-21 17:36:27,,,credit_card,completed
1022339,2,,2026-05-21 17:48:39,dine_in,,credit_card,completed
1022340,4,,2026-05-21 17:48:44,takeout,,cash,completed
1022341,6,1714,2026-05-21 17:51:13,dine_in,,debit_card,completed
1022342,1,663,2026-05-21 17:52:25,takeout,,debit_card,completed
1022343,7,766,2026-05-21 17:58:18,dine_in,BOUDIN20,debit_card,completed
1022344,13,811,2026-05-21 18:07:14,delivery,,credit_card,completed
1022345,2,1258,2026-05-21 18:16:09,delivery,,apple_pay,completed
1022346,6,343,2026-05-21 18:16:11,delivery,,apple_pay,completed
1022347,18,1130,2026-05-21 18:17:19,drive_thru,,apple_pay,completed
1022348,3,,2026-05-21 18:18:24,delivery,,credit_card,completed
1022349,18,,05/21/2026 18:19,dine_in,,debit_card,completed
1022350,19,2162,2026-05-21 18:19:27,takeout,,credit_card,completed
1022351,17,,2026-05-21 18:21:32,dine_in,,cash,completed
1022352,19,2162,2026-05-21 18:27:00,delivery,,apple_pay,completed
1022353,15,,2026-05-21 18:27:21,dine_in,,credit_card,completed
1022354,5,,2026-05-21 18:28:27,drive_thru,,cash,completed
1022355,9,1263,2026-05-21 18:29:54,drive_thru,,credit_card,completed
1022356,12,373,2026-05-21 18:31:02,takeout,,gift_card,completed
1022357,14,1576,2026-05-21 18:35:09,drive_thru,,credit_card,completed
1022358,2,541,2026-05-21 18:37:04,delivery,,credit_card,completed
1022359,13,,2026-05-21 18:38:53,dine_in,,debit_card,completed
1022360,17,488,2026-05-21 18:40:17,delivery,,debit_card,completed
1022361,13,1341,2026-05-21 18:40:31,dine_in,,credit_card,completed
1022362,1,,2026-05-21 18:41:02,dine_in,,credit_card,completed
1022363,5,951,2026-05-21 18:41:12,drive_thru,,apple_pay,completed
1022364,10,1456,2026-05-21 18:42:54,dine_in,,cash,cancelled
1022365,18,994,2026-05-21 18:44:20,drive_thru,,credit_card,completed
1022366,11,,2026-05-21 18:44:55,drive_thru,,apple_pay,completed
1022367,1,1370,2026-05-21 18:51:28,delivery,,apple_pay,completed
1022368,13,544,2026-05-21 18:51:44,takeout,,credit_card,completed
1022369,17,1259,2026-05-21 18:54:06,dine_in,,debit_card,completed
1022370,3,1220,2026-05-21 18:54:09,delivery,,debit_card,completed
1022371,5,1633,2026-05-21 19:00:00,takeout,,credit_card,completed
1022372,18,1573,2026-05-21 19:00:16,dine_in,,debit_card,completed
1022373,3,2154,2026-05-21 19:00:17,delivery,,credit_card,completed
1022374,14,195,2026-05-21 19:01:14,dine_in,,apple_pay,completed
1022375,1,,05/21/2026 19:02,dine_in,,credit_card,completed
1022376,4,,2026-05-21 19:03:58,dine_in,BOUDIN20,credit_card,completed
1022377,17,,2026-05-21 19:06:57,dine_in,BOUDIN20,apple_pay,completed
1022378,6,1529,2026-05-21 19:07:27,dine_in,,credit_card,completed
1022379,1,746,2026-05-21 19:08:42,dine_in,,apple_pay,completed
1022380,14,814,2026-05-21 19:12:54,dine_in,,credit_card,completed
1022381,19,,2026-05-21 19:13:54,drive_thru,,debit_card,completed
1022382,5,1141,2026-05-21 19:14:10,takeout,,debit_card,completed
1022383,10,,2026-05-21 19:14:23,delivery,,gift_card,completed
1022384,17,2120,2026-05-21 19:15:30,takeout,,apple_pay,completed
1022385,1,2110,2026-05-21 19:17:06,dine_in,,credit_card,completed
1022386,8,,2026-05-21 19:17:07,delivery,,debit_card,completed
1022387,16,2468,2026-05-21 19:17:17,takeout,,credit_card,completed
1022388,13,2433,2026-05-21 19:18:43,dine_in,,cash,completed
1022389,12,2371,2026-05-21 19:20:21,dine_in,,credit_card,completed
1022390,11,2398,2026-05-21 19:22:28,delivery,,debit_card,completed
1022391,1,1141,2026-05-21 19:22:36,dine_in,,apple_pay,completed
1022392,12,,2026-05-21 19:23:30,delivery,BOUDIN20,apple_pay,completed
1022393,2,,2026-05-21 19:25:19,dine_in,,credit_card,completed
1022394,3,1718,2026-05-21 19:25:46,dine_in,,credit_card,completed
1022395,13,544,2026-05-21 19:26:20,dine_in,,apple_pay,completed
1022396,12,1885,2026-05-21 19:26:33,delivery,,credit_card,completed
1022397,3,1764,2026-05-21 19:27:56,takeout,,credit_card,completed
1022398,3,,2026-05-21 19:31:22,delivery,,credit_card,completed
1022399,16,973,2026-05-21 19:34:33,delivery,,credit_card,completed
1022400,8,2393,2026-05-21 19:34:42,dine_in,,cash,completed
1022401,14,,2026-05-21 19:36:49,dine_in,,credit_card,completed
1022402,3,179,2026-05-21 19:37:50,delivery,,credit_card,completed
1022403,19,,2026-05-21 19:41:40,delivery,,apple_pay,completed
1022404,8,813,2026-05-21 19:45:46,takeout,,credit_card,completed
1022405,13,447,2026-05-21 19:45:47,delivery,,debit_card,completed
1022406,6,,2026-05-21 19:46:25,delivery,,debit_card,completed
1022407,8,656,2026-05-21 19:51:59,dine_in,,credit_card,completed
1022408,6,1510,2026-05-21 19:55:29,delivery,,debit_card,completed
1022409,10,,2026-05-21 19:58:24,drive_thru,,debit_card,completed
1022410,18,2344,2026-05-21 20:10:20,delivery,,credit_card,completed
1022411,14,,2026-05-21 20:13:03,dine_in,,debit_card,completed
1022412,9,,2026-05-21 20:18:28,drive_thru,,credit_card,completed
1022413,1,,2026-05-21 20:18:31,dine_in,,credit_card,refunded
1022414,10,1327,2026-05-21 20:24:55,delivery,,credit_card,completed
1022415,17,,2026-05-21 20:36:36,dine_in,BOUDIN20,debit_card,completed
1022416,19,2487,2026-05-21 20:37:03,delivery,BOUDIN20,credit_card,completed
1022417,9,881,2026-05-21 20:57:22,drive_thru,,credit_card,completed
1022418,11,1455,2026-05-21 20:57:33,drive_thru,,debit_card,completed
1022419,4,1211,2026-05-21 21:16:57,dine_in,BOUDIN20,credit_card,completed
1022420,13,,2026-05-21 21:34:09,dine_in,,credit_card,completed
1022421,20,1174,2026-05-21 21:36:09,delivery,BOUDIN20,apple_pay,completed
1022422,10,946,2026-05-21 21:37:14,delivery,,credit_card,completed
1022423,2,528,2026-05-21 21:42:40,,,cash,completed
1022424,2,,2026-05-22 10:34:21,delivery,CRAWFRI,gift_card,completed
1022425,5,264,2026-05-22 10:41:25,drive_thru,,credit_card,completed
1022426,2,,2026-05-22 10:47:17,dine_in,CRAWFRI,credit_card,completed
1022427,12,1308,2026-05-22 10:52:57,takeout,,gift_card,completed
1022428,17,1700,2026-05-22 10:56:34,dine_in,,cash,refunded
1022429,16,,2026-05-22 10:59:42,delivery,,credit_card,completed
1022430,9,,2026-05-22 11:07:52,,,credit_card,completed
1022431,10,1418,2026-05-22 11:12:47,takeout,,apple_pay,completed
1022432,6,911,2026-05-22 11:14:47,drive_thru,,debit_card,completed
1022433,15,196,2026-05-22 11:24:19,delivery,,debit_card,completed
1022434,1,1395,2026-05-22 11:31:17,dine_in,CRAWFRI,credit_card,completed
1022435,19,,2026-05-22 11:43:13,dine_in,,credit_card,completed
1022436,11,2440,05/22/2026 11:47,delivery,,credit_card,completed
1022437,13,2251,2026-05-22 11:49:13,delivery,,credit_card,completed
1022438,5,223,2026-05-22 11:49:40,drive_thru,CRAWFRI,credit_card,completed
1022439,13,,2026-05-22 11:53:40,takeout,,apple_pay,completed
1022440,1,158,2026-05-22 11:54:08,dine_in,BOUDIN20,apple_pay,completed
1022441,4,,2026-05-22 11:54:32,drive_thru,,cash,completed
1022442,4,,2026-05-22 11:54:43,delivery,CRAWFRI,apple_pay,completed
1022443,4,1219,2026-05-22 11:55:14,drive_thru,,credit_card,completed
1022444,16,2336,2026-05-22 11:57:21,dine_in,,apple_pay,completed
1022445,9,87,2026-05-22 11:59:22,delivery,,gift_card,completed
1022446,3,,2026-05-22 12:02:41,delivery,,credit_card,refunded
1022447,1,792,2026-05-22 12:02:48,delivery,CRAWFRI,credit_card,completed
1022448,20,,2026-05-22 12:03:44,delivery,CRAWFRI,debit_card,completed
1022449,8,2143,2026-05-22 12:07:07,takeout,,credit_card,completed
1022450,16,1545,2026-05-22 12:08:23,dine_in,,credit_card,completed
1022451,1,267,2026-05-22 12:09:34,delivery,CRAWFRI,debit_card,completed
1022452,6,576,2026-05-22 12:09:50,drive_thru,,debit_card,completed
1022453,10,1810,2026-05-22 12:11:08,dine_in,,credit_card,completed
1022454,10,,2026-05-22 12:14:52,delivery,,apple_pay,completed
1022455,1,2456,2026-05-22 12:15:08,dine_in,CRAWFRI,cash,completed
1022456,15,1120,2026-05-22 12:15:38,delivery,BOUDIN20,debit_card,completed
1022457,17,2267,2026-05-22 12:17:12,delivery,,credit_card,completed
1022458,13,,2026-05-22 12:18:08,takeout,,credit_card,completed
1022459,11,1553,2026-05-22 12:19:30,delivery,,credit_card,completed
1022460,7,2201,2026-05-22 12:19:53,dine_in,,credit_card,completed
1022461,9,,2026-05-22 12:20:08,dine_in,,credit_card,completed
1022462,6,1425,2026-05-22 12:20:27,delivery,CRAWFRI,credit_card,completed
1022463,1,,2026-05-22 12:20:57,takeout,CRAWFRI,credit_card,refunded
1022464,6,153,2026-05-22 12:21:37,dine_in,,debit_card,completed
1022465,17,2136,2026-05-22 12:22:04,dine_in,,debit_card,completed
1022466,12,741,2026-05-22 12:22:45,delivery,,credit_card,completed
1022467,9,,2026-05-22 12:24:42,dine_in,,credit_card,completed
1022468,9,1980,2026-05-22 12:25:34,drive_thru,,apple_pay,completed
1022469,20,2291,2026-05-22 12:26:05,dine_in,,credit_card,completed
1022470,19,301,2026-05-22 12:26:52,dine_in,,cash,completed
1022471,8,230,2026-05-22 12:27:31,takeout,BOUDIN20,debit_card,completed
1022472,5,2042,2026-05-22 12:27:55,delivery,CRAWFRI,credit_card,completed
1022473,3,2359,2026-05-22 12:28:09,delivery,,credit_card,completed
1022474,8,2151,2026-05-22 12:30:00,dine_in,,debit_card,completed
1022475,11,2476,2026-05-22 12:30:22,drive_thru,,credit_card,completed
1022476,13,447,2026-05-22 12:30:40,takeout,,cash,completed
1022477,18,,2026-05-22 12:30:41,dine_in,,credit_card,completed
1022478,7,,2026-05-22 12:31:02,,,debit_card,completed
1022479,11,,2026-05-22 12:31:05,drive_thru,,credit_card,completed
1022480,14,,2026-05-22 12:31:51,drive_thru,,debit_card,completed
1022481,20,,2026-05-22 12:32:14,delivery,,credit_card,refunded
1022482,4,835,2026-05-22 12:32:26,dine_in,,debit_card,completed
1022483,20,2160,2026-05-22 12:32:40,drive_thru,CRAWFRI,credit_card,completed
1022484,5,906,2026-05-22 12:32:45,drive_thru,CRAWFRI,credit_card,completed
1022485,1,1138,2026-05-22 12:33:25,dine_in,,credit_card,completed
1022486,11,,2026-05-22 12:33:43,delivery,,credit_card,completed
1022487,17,,2026-05-22 12:34:35,dine_in,,credit_card,completed
1022488,15,85,2026-05-22 12:35:07,delivery,,credit_card,completed
1022489,10,,2026-05-22 12:35:47,drive_thru,,cash,completed
1022490,17,,2026-05-22 12:36:40,dine_in,,credit_card,completed
1022491,16,1671,2026-05-22 12:37:29,dine_in,,debit_card,completed
1022492,15,,2026-05-22 12:37:34,delivery,,debit_card,completed
1022493,4,,2026-05-22 12:37:51,dine_in,CRAWFRI,apple_pay,completed
1022494,12,2168,2026-05-22 12:38:22,takeout,,credit_card,completed
1022495,18,,2026-05-22 12:38:49,delivery,,debit_card,completed
1022496,5,396,2026-05-22 12:39:29,delivery,CRAWFRI,credit_card,completed
1022497,4,905,2026-05-22 12:39:47,delivery,CRAWFRI,apple_pay,cancelled
1022498,2,,2026-05-22 12:39:58,takeout,CRAWFRI,credit_card,completed
1022499,17,,2026-05-22 12:40:18,delivery,,debit_card,completed
1022500,10,,2026-05-22 12:44:47,drive_thru,,credit_card,completed
1022501,2,,2026-05-22 12:46:18,dine_in,,debit_card,completed
1022502,19,1411,2026-05-22 12:47:07,drive_thru,,cash,completed
1022503,4,1038,2026-05-22 12:50:41,,,cash,completed
1022504,2,541,2026-05-22 12:51:43,takeout,CRAWFRI,credit_card,completed
1022505,19,1375,2026-05-22 12:51:59,delivery,,credit_card,completed
1022506,14,,2026-05-22 12:52:38,dine_in,,debit_card,completed
1022507,6,1878,2026-05-22 12:53:55,delivery,CRAWFRI,debit_card,completed
1022508,13,,2026-05-22 12:55:38,delivery,,credit_card,completed
1022509,8,461,2026-05-22 12:56:47,dine_in,,debit_card,completed
1022510,7,1484,2026-05-22 12:57:26,delivery,,credit_card,completed
1022511,17,,2026-05-22 12:57:33,dine_in,,credit_card,completed
1022512,12,1293,2026-05-22 12:57:43,dine_in,,apple_pay,completed
1022513,14,29,2026-05-22 12:57:50,drive_thru,,credit_card,completed
1022514,17,1147,2026-05-22 12:58:04,delivery,,credit_card,completed
1022515,8,2000,2026-05-22 12:58:51,delivery,,credit_card,completed
1022516,11,1779,2026-05-22 13:00:43,takeout,,credit_card,completed
1022517,6,1997,2026-05-22 13:03:05,dine_in,,cash,completed
1022518,3,,2026-05-22 13:03:47,dine_in,,debit_card,completed
1022519,10,939,2026-05-22 13:04:20,delivery,,apple_pay,completed
1022520,15,1990,2026-05-22 13:04:39,takeout,,debit_card,completed
1022521,11,,2026-05-22 13:04:55,takeout,BOUDIN20,apple_pay,completed
1022522,13,,2026-05-22 13:05:08,delivery,,credit_card,completed
1022523,5,2397,2026-05-22 13:06:01,dine_in,,credit_card,completed
1022524,19,947,2026-05-22 13:06:20,takeout,,credit_card,completed
1022525,13,1753,2026-05-22 13:06:52,delivery,,apple_pay,completed
1022526,3,1634,2026-05-22 13:07:47,dine_in,,credit_card,completed
1022527,6,253,2026-05-22 13:10:47,delivery,CRAWFRI,apple_pay,completed
1022528,10,,2026-05-22 13:11:36,dine_in,,cash,completed
1022529,3,,2026-05-22 13:11:37,dine_in,,debit_card,completed
1022530,5,,2026-05-22 13:12:18,delivery,CRAWFRI,apple_pay,completed
1022531,3,907,2026-05-22 13:13:50,dine_in,,debit_card,completed
1022532,20,,2026-05-22 13:17:13,dine_in,,credit_card,completed
1022533,11,336,2026-05-22 13:18:23,delivery,BOUDIN20,apple_pay,completed
1022534,1,829,2026-05-22 13:21:03,dine_in,,debit_card,completed
1022535,19,483,2026-05-22 13:24:40,drive_thru,,gift_card,completed
1022536,8,1996,2026-05-22 13:50:00,takeout,,debit_card,completed
1022537,12,1204,2026-05-22 13:53:11,dine_in,,gift_card,completed
1022538,1,1081,2026-05-22 14:03:01,delivery,BOUDIN20,credit_card,completed
1022539,15,,2026-05-22 14:15:01,drive_thru,,apple_pay,completed
1022540,1,,2026-05-22 14:26:58,takeout,,debit_card,completed
1022541,20,366,2026-05-22 14:27:52,delivery,CRAWFRI,apple_pay,cancelled
1022542,12,,2026-05-22 14:31:39,dine_in,,cash,completed
1022543,14,1657,2026-05-22 14:45:22,drive_thru,,credit_card,completed
1022544,4,835,2026-05-22 14:50:49,takeout,,credit_card,completed
1022545,4,1506,2026-05-22 15:17:25,dine_in,CRAWFRI,credit_card,completed
1022546,8,,2026-05-22 15:33:40,delivery,,credit_card,completed
1022547,3,1764,2026-05-22 15:40:05,delivery,CRAWFRI,credit_card,completed
1022548,18,,2026-05-22 16:08:00,drive_thru,,debit_card,completed
1022549,18,2267,2026-05-22 16:12:43,takeout,,gift_card,completed
1022550,3,,2026-05-22 16:22:49,dine_in,CRAWFRI,apple_pay,completed
1022551,3,,2026-05-22 16:55:04,dine_in,,credit_card,completed
1022552,8,2105,2026-05-22 17:02:53,delivery,,credit_card,completed
1022553,5,,2026-05-22 17:08:55,delivery,,credit_card,completed
1022554,5,,2026-05-22 17:11:35,delivery,CRAWFRI,credit_card,refunded
1022555,3,1330,2026-05-22 17:13:36,dine_in,CRAWFRI,cash,completed
1022556,2,1946,2026-05-22 17:14:24,delivery,,apple_pay,completed
1022557,18,1495,2026-05-22 17:15:46,dine_in,,apple_pay,completed
1022558,4,,2026-05-22 17:20:38,drive_thru,CRAWFRI,credit_card,completed
1022559,18,1063,2026-05-22 17:30:52,dine_in,,apple_pay,completed
1022560,7,,2026-05-22 17:31:28,takeout,BOUDIN20,credit_card,completed
1022561,3,2269,2026-05-22 17:35:11,takeout,CRAWFRI,apple_pay,completed
1022562,14,1915,2026-05-22 17:35:20,,,credit_card,completed
1022563,11,1779,2026-05-22 17:36:19,delivery,,credit_card,completed
1022564,11,1004,2026-05-22 17:39:51,dine_in,,credit_card,completed
1022565,8,2459,2026-05-22 17:40:02,dine_in,,credit_card,completed
1022566,8,,2026-05-22 17:41:49,takeout,,debit_card,refunded
1022567,2,1145,05/22/2026 17:43,dine_in,CRAWFRI,cash,completed
1022568,15,1401,2026-05-22 17:43:42,delivery,BOUDIN20,credit_card,completed
1022569,3,,2026-05-22 17:45:52,delivery,,credit_card,completed
1022570,19,834,2026-05-22 17:46:21,drive_thru,BOUDIN20,credit_card,completed
1022571,6,595,2026-05-22 17:51:56,drive_thru,,cash,completed
1022572,11,,2026-05-22 17:52:18,drive_thru,BOUDIN20,debit_card,completed
1022573,12,504,2026-05-22 17:55:03,takeout,,gift_card,completed
1022574,7,955,2026-05-22 17:56:25,dine_in,,credit_card,completed
1022575,6,2082,2026-05-22 17:57:05,delivery,,credit_card,completed
1022576,6,2439,2026-05-22 17:59:44,dine_in,,credit_card,completed
1022577,13,,2026-05-22 18:01:02,takeout,,apple_pay,completed
1022578,11,,2026-05-22 18:01:47,delivery,,debit_card,completed
1022579,20,648,2026-05-22 18:02:04,dine_in,,credit_card,completed
1022580,7,349,2026-05-22 18:07:29,dine_in,,debit_card,completed
1022581,16,307,2026-05-22 18:07:42,dine_in,,credit_card,completed
1022582,5,1637,2026-05-22 18:10:23,dine_in,CRAWFRI,apple_pay,completed
1022583,5,,2026-05-22 18:11:33,drive_thru,,debit_card,completed
1022584,2,,2026-05-22 18:11:46,,CRAWFRI,cash,completed
1022585,12,1270,2026-05-22 18:12:03,takeout,,debit_card,refunded
1022586,12,903,2026-05-22 18:18:53,takeout,BOUDIN20,credit_card,cancelled
1022587,12,2448,2026-05-22 18:19:32,dine_in,,credit_card,completed
1022588,14,1367,2026-05-22 18:19:56,dine_in,,cash,completed
1022589,19,,2026-05-22 18:20:41,delivery,,debit_card,completed
1022590,4,,2026-05-22 18:22:03,drive_thru,,apple_pay,completed
1022591,8,1252,2026-05-22 18:22:33,takeout,,debit_card,completed
1022592,3,,2026-05-22 18:23:16,dine_in,,credit_card,cancelled
1022593,20,1853,2026-05-22 18:25:00,takeout,,credit_card,completed
1022594,14,815,2026-05-22 18:25:27,delivery,,gift_card,completed
1022595,20,,2026-05-22 18:28:43,dine_in,,credit_card,completed
1022596,20,873,2026-05-22 18:29:48,takeout,CRAWFRI,gift_card,completed
1022597,18,2147,2026-05-22 18:29:50,dine_in,,debit_card,completed
1022598,1,1531,2026-05-22 18:33:02,dine_in,CRAWFRI,debit_card,completed
1022599,7,1223,2026-05-22 18:34:50,takeout,,credit_card,completed
1022600,5,,2026-05-22 18:35:30,dine_in,CRAWFRI,apple_pay,completed
1022601,1,2265,2026-05-22 18:36:51,takeout,CRAWFRI,credit_card,completed
1022602,2,89,2026-05-22 18:36:59,dine_in,,apple_pay,completed
1022603,6,,2026-05-22 18:37:58,delivery,,debit_card,completed
1022604,1,185,2026-05-22 18:40:39,takeout,,credit_card,completed
1022605,13,1786,2026-05-22 18:40:45,takeout,,credit_card,completed
1022606,19,199,2026-05-22 18:41:11,drive_thru,,cash,completed
1022607,1,,2026-05-22 18:42:27,dine_in,CRAWFRI,credit_card,cancelled
1022608,15,1663,2026-05-22 18:49:14,drive_thru,,credit_card,completed
1022609,10,202,2026-05-22 18:49:35,dine_in,,debit_card,completed
1022610,5,1585,2026-05-22 18:51:13,dine_in,,apple_pay,completed
1022611,10,,2026-05-22 18:51:49,delivery,,debit_card,completed
1022612,6,2324,2026-05-22 18:52:03,delivery,CRAWFRI,credit_card,completed
1022613,20,,2026-05-22 18:52:51,takeout,BOUDIN20,apple_pay,completed
1022614,19,259,2026-05-22 18:52:59,delivery,,debit_card,completed
1022615,14,195,2026-05-22 18:53:11,delivery,,apple_pay,completed
1022616,5,396,2026-05-22 18:54:38,delivery,BOUDIN20,credit_card,completed
1022617,15,2253,2026-05-22 18:55:12,drive_thru,,credit_card,completed
1022618,17,486,2026-05-22 18:56:49,dine_in,,credit_card,completed
1022619,12,,2026-05-22 18:57:56,delivery,,credit_card,completed
1022620,10,1249,2026-05-22 19:00:14,drive_thru,,credit_card,completed
1022621,14,2085,2026-05-22 19:01:12,delivery,,debit_card,completed
1022622,12,539,2026-05-22 19:01:15,delivery,,credit_card,completed
1022623,13,2345,2026-05-22 19:01:40,takeout,,cash,completed
1022624,6,,2026-05-22 19:02:33,dine_in,CRAWFRI,cash,completed
1022625,1,2276,2026-05-22 19:02:57,delivery,CRAWFRI,apple_pay,completed
1022626,15,2298,2026-05-22 19:04:08,dine_in,,credit_card,completed
1022627,10,930,2026-05-22 19:04:11,delivery,,debit_card,completed
1022628,12,458,2026-05-22 19:05:12,takeout,,credit_card,completed
1022629,14,584,05/22/2026 19:05,drive_thru,,credit_card,completed
1022630,17,675,05/22/2026 19:06,dine_in,,credit_card,completed
1022631,3,,2026-05-22 19:07:15,dine_in,,debit_card,completed
1022632,7,2295,2026-05-22 19:08:00,delivery,,debit_card,completed
1022633,19,,2026-05-22 19:09:05,delivery,,credit_card,completed
1022634,11,2303,2026-05-22 19:12:36,drive_thru,,credit_card,completed
1022635,1,,2026-05-22 19:12:42,dine_in,CRAWFRI,cash,completed
1022636,16,,2026-05-22 19:12:45,dine_in,,credit_card,completed
1022637,11,,2026-05-22 19:13:02,,,debit_card,completed
1022638,2,1916,2026-05-22 19:14:31,delivery,,credit_card,completed
1022639,7,1779,2026-05-22 19:16:04,delivery,BOUDIN20,gift_card,refunded
1022640,13,566,2026-05-22 19:16:54,delivery,,credit_card,completed
1022641,13,,2026-05-22 19:19:18,dine_in,,credit_card,completed
1022642,4,,2026-05-22 19:20:40,takeout,,credit_card,completed
1022643,15,,2026-05-22 19:25:26,drive_thru,BOUDIN20,apple_pay,completed
1022644,20,,2026-05-22 19:25:49,takeout,,credit_card,completed
1022645,19,,2026-05-22 19:26:02,drive_thru,,apple_pay,completed
1022646,11,,2026-05-22 19:26:37,dine_in,,apple_pay,completed
1022647,6,,2026-05-22 19:27:46,takeout,CRAWFRI,apple_pay,completed
1022648,1,,2026-05-22 19:28:45,dine_in,,apple_pay,completed
1022649,1,,2026-05-22 19:29:33,delivery,CRAWFRI,apple_pay,completed
1022650,13,,2026-05-22 19:30:50,delivery,,credit_card,completed
1022651,9,,2026-05-22 19:32:46,drive_thru,,debit_card,cancelled
1022652,12,,2026-05-22 19:32:56,dine_in,,debit_card,completed
1022653,7,1256,2026-05-22 19:34:42,dine_in,,debit_card,completed
1022654,5,1437,2026-05-22 19:35:56,delivery,CRAWFRI,debit_card,completed
1022655,17,1332,2026-05-22 19:36:09,dine_in,BOUDIN20,cash,completed
1022656,20,,2026-05-22 19:36:10,dine_in,,credit_card,completed
1022657,1,535,2026-05-22 19:36:18,dine_in,,apple_pay,completed
1022658,1,748,2026-05-22 19:36:37,delivery,CRAWFRI,apple_pay,completed
1022659,8,1866,2026-05-22 19:37:05,delivery,,credit_card,completed
1022660,9,1811,2026-05-22 19:37:10,drive_thru,,credit_card,completed
1022661,1,1506,2026-05-22 19:37:15,dine_in,,apple_pay,completed
1022662,1,253,2026-05-22 19:39:48,delivery,CRAWFRI,credit_card,completed
1022663,8,,2026-05-22 19:39:54,takeout,,credit_card,refunded
1022664,14,997,2026-05-22 19:40:55,drive_thru,,credit_card,completed
1022665,20,,2026-05-22 19:43:25,dine_in,BOUDIN20,credit_card,completed
1022666,11,,2026-05-22 19:43:55,dine_in,,apple_pay,completed
1022667,19,657,2026-05-22 19:44:33,delivery,,credit_card,completed
1022668,12,811,2026-05-22 19:47:32,delivery,,credit_card,completed
1022669,19,704,2026-05-22 19:48:01,delivery,,credit_card,completed
1022670,7,1827,2026-05-22 19:52:08,dine_in,,credit_card,completed
1022671,16,1434,2026-05-22 19:54:57,dine_in,,cash,completed
1022672,8,938,2026-05-22 19:55:59,dine_in,,debit_card,completed
1022673,3,,2026-05-22 19:56:09,dine_in,,debit_card,completed
1022674,20,,2026-05-22 19:58:23,drive_thru,CRAWFRI,credit_card,completed
1022675,20,2291,2026-05-22 19:58:41,delivery,,credit_card,completed
1022676,4,1644,2026-05-22 19:59:43,takeout,,apple_pay,completed
1022677,1,1186,2026-05-22 20:05:12,delivery,,credit_card,completed
1022678,17,,2026-05-22 20:05:33,delivery,,credit_card,completed
1022679,19,2162,2026-05-22 20:07:06,drive_thru,,apple_pay,completed
1022680,19,80,2026-05-22 20:08:48,takeout,,credit_card,completed
1022681,20,1111,2026-05-22 20:10:12,dine_in,,credit_card,completed
1022682,6,170,2026-05-22 20:14:02,drive_thru,,credit_card,completed
1022683,5,,2026-05-22 20:28:04,delivery,,apple_pay,completed
1022684,14,,2026-05-22 20:33:40,drive_thru,,credit_card,completed
1022685,18,,2026-05-22 20:37:31,takeout,,credit_card,completed
1022686,20,2438,2026-05-22 20:37:52,dine_in,,debit_card,completed
1022687,20,,2026-05-22 20:48:08,dine_in,CRAWFRI,credit_card,completed
1022688,3,,2026-05-22 21:03:08,takeout,,debit_card,completed
1022689,5,2445,2026-05-22 21:04:25,dine_in,,credit_card,completed
1022690,7,969,2026-05-22 21:05:21,delivery,,credit_card,completed
1022691,4,,2026-05-22 21:11:59,delivery,,credit_card,completed
1022692,8,2008,2026-05-22 21:26:23,,,credit_card,completed
1022693,20,3,2026-05-22 21:57:59,dine_in,CRAWFRI,credit_card,completed
1022694,18,1739,2026-05-23 10:57:16,dine_in,,credit_card,completed
1022695,12,,2026-05-23 11:07:31,dine_in,,cash,completed
1022696,14,,2026-05-23 11:08:18,drive_thru,,credit_card,completed
1022697,1,2256,2026-05-23 11:08:59,delivery,,debit_card,completed
1022698,19,,2026-05-23 11:09:02,drive_thru,,cash,completed
1022699,15,1066,2026-05-23 11:09:06,drive_thru,,credit_card,completed
1022700,20,1416,2026-05-23 11:12:19,delivery,,debit_card,completed
1022701,9,21,2026-05-23 11:25:33,drive_thru,,debit_card,completed
1022702,6,,2026-05-23 11:26:11,drive_thru,,debit_card,completed
1022703,18,1893,2026-05-23 11:32:03,delivery,,gift_card,completed
1022704,5,2354,2026-05-23 11:33:25,dine_in,,debit_card,completed
1022705,3,2359,2026-05-23 11:34:54,dine_in,,cash,completed
1022706,6,2485,2026-05-23 11:36:26,drive_thru,,credit_card,completed
1022707,1,,2026-05-23 11:39:25,takeout,,gift_card,completed
1022708,8,266,2026-05-23 11:39:28,dine_in,,credit_card,completed
1022709,15,1536,2026-05-23 11:43:31,dine_in,,credit_card,completed
1022710,12,1412,05/23/2026 11:44,takeout,,debit_card,completed
1022711,4,643,2026-05-23 11:45:09,dine_in,BOUDIN20,apple_pay,completed
1022712,7,773,2026-05-23 11:46:21,delivery,,debit_card,completed
1022713,1,1892,2026-05-23 11:47:20,takeout,,debit_card,completed
1022714,14,,2026-05-23 11:47:48,dine_in,,credit_card,completed
1022715,7,1866,2026-05-23 11:48:00,delivery,,credit_card,completed
1022716,19,,2026-05-23 11:48:18,drive_thru,,credit_card,cancelled
1022717,10,106,2026-05-23 11:50:50,drive_thru,,debit_card,completed
1022718,20,1682,2026-05-23 11:53:13,takeout,,credit_card,completed
1022719,9,2288,2026-05-23 11:54:23,delivery,,credit_card,cancelled
1022720,4,,2026-05-23 11:54:56,drive_thru,,credit_card,completed
1022721,14,420,2026-05-23 11:54:57,dine_in,,debit_card,completed
1022722,12,1565,2026-05-23 11:54:59,dine_in,,gift_card,completed
1022723,9,,2026-05-23 11:55:00,drive_thru,,credit_card,completed
1022724,5,,2026-05-23 11:55:06,delivery,,debit_card,completed
1022725,3,,2026-05-23 11:55:36,delivery,,credit_card,refunded
1022726,14,139,2026-05-23 11:57:40,takeout,,debit_card,completed
1022727,3,,2026-05-23 11:58:15,dine_in,,apple_pay,completed
1022728,3,2189,2026-05-23 11:59:40,dine_in,,debit_card,completed
1022729,14,2272,2026-05-23 12:00:06,dine_in,,cash,completed
1022730,10,538,2026-05-23 12:02:01,delivery,,credit_card,completed
1022731,11,,2026-05-23 12:04:06,takeout,,apple_pay,completed
1022732,14,29,2026-05-23 12:04:12,dine_in,,apple_pay,completed
1022733,8,2105,2026-05-23 12:04:26,dine_in,,credit_card,completed
1022734,18,,2026-05-23 12:05:45,delivery,,credit_card,completed
1022735,7,2263,2026-05-23 12:08:57,dine_in,,credit_card,completed
1022736,10,2299,2026-05-23 12:10:16,delivery,,credit_card,completed
1022737,5,,2026-05-23 12:10:26,dine_in,,debit_card,completed
1022738,11,361,2026-05-23 12:14:22,dine_in,,debit_card,completed
1022739,13,,2026-05-23 12:15:43,,,credit_card,completed
1022740,9,2005,2026-05-23 12:16:35,delivery,,credit_card,completed
1022741,12,1234,2026-05-23 12:17:06,takeout,,credit_card,completed
1022742,14,2086,2026-05-23 12:19:30,dine_in,,cash,completed
1022743,7,1523,2026-05-23 12:20:05,dine_in,,credit_card,completed
1022744,1,2365,2026-05-23 12:20:53,dine_in,,credit_card,completed
1022745,19,,2026-05-23 12:22:34,dine_in,,credit_card,completed
1022746,8,292,2026-05-23 12:22:35,takeout,,cash,completed
1022747,19,668,2026-05-23 12:23:34,drive_thru,,cash,completed
1022748,7,502,2026-05-23 12:24:18,dine_in,,apple_pay,completed
1022749,3,2171,2026-05-23 12:26:18,takeout,,debit_card,completed
1022750,2,681,2026-05-23 12:27:34,delivery,,debit_card,completed
1022751,15,140,2026-05-23 12:27:41,drive_thru,,credit_card,completed
1022752,7,636,2026-05-23 12:29:37,takeout,,debit_card,completed
1022753,1,185,2026-05-23 12:30:05,dine_in,,cash,completed
1022754,7,2219,2026-05-23 12:33:00,dine_in,,apple_pay,completed
1022755,7,1866,2026-05-23 12:33:20,dine_in,,debit_card,completed
1022756,7,,2026-05-23 12:33:48,takeout,,apple_pay,completed
1022757,11,1182,2026-05-23 12:34:27,delivery,,credit_card,completed
1022758,6,2154,2026-05-23 12:36:00,dine_in,,cash,completed
1022759,1,,2026-05-23 12:36:15,dine_in,,cash,completed
1022760,15,1976,2026-05-23 12:38:19,dine_in,,credit_card,completed
1022761,10,,2026-05-23 12:38:24,delivery,,credit_card,completed
1022762,6,,2026-05-23 12:38:28,takeout,,debit_card,completed
1022763,20,2392,2026-05-23 12:39:26,dine_in,,cash,completed
1022764,5,2445,2026-05-23 12:42:27,dine_in,,credit_card,completed
1022765,13,,2026-05-23 12:42:34,delivery,,apple_pay,completed
1022766,14,265,05/23/2026 12:43,dine_in,,credit_card,completed
1022767,3,1423,2026-05-23 12:43:54,delivery,,credit_card,completed
1022768,18,,2026-05-23 12:44:19,dine_in,,apple_pay,completed
1022769,5,1815,2026-05-23 12:44:33,dine_in,,debit_card,completed
1022770,1,515,2026-05-23 12:44:43,delivery,,gift_card,completed
1022771,9,2202,2026-05-23 12:44:52,delivery,,debit_card,completed
1022772,10,2338,2026-05-23 12:44:57,dine_in,,credit_card,completed
1022773,7,2334,2026-05-23 12:46:09,delivery,,debit_card,completed
1022774,13,1343,2026-05-23 12:46:26,dine_in,,debit_card,completed
1022775,11,1660,2026-05-23 12:47:15,drive_thru,,credit_card,completed
1022776,11,941,2026-05-23 12:47:42,dine_in,,apple_pay,completed
1022777,13,2251,2026-05-23 12:48:04,takeout,BOUDIN20,cash,completed
1022778,15,,2026-05-23 12:49:44,takeout,,cash,completed
1022779,17,1147,2026-05-23 12:49:45,takeout,,credit_card,completed
1022780,4,865,2026-05-23 12:50:33,delivery,,credit_card,completed
1022781,16,1889,2026-05-23 12:50:33,delivery,,credit_card,completed
1022782,5,1417,2026-05-23 12:51:30,drive_thru,,cash,completed
1022783,2,2015,2026-05-23 12:55:17,takeout,,credit_card,completed
1022784,7,969,2026-05-23 12:56:01,delivery,,credit_card,completed
1022785,5,1585,2026-05-23 12:56:20,dine_in,,credit_card,completed
1022786,19,975,2026-05-23 12:56:47,delivery,,credit_card,completed
1022787,4,,2026-05-23 12:57:50,dine_in,,credit_card,completed
1022788,14,195,05/23/2026 12:58,drive_thru,,debit_card,completed
1022789,10,2013,2026-05-23 13:01:21,delivery,,credit_card,completed
1022790,12,,2026-05-23 13:01:23,dine_in,,apple_pay,completed
1022791,17,730,2026-05-23 13:01:34,dine_in,,credit_card,completed
1022792,3,505,2026-05-23 13:04:44,dine_in,,credit_card,completed
1022793,5,1535,2026-05-23 13:07:06,takeout,,debit_card,completed
1022794,8,,2026-05-23 13:09:38,dine_in,,debit_card,completed
1022795,11,1346,2026-05-23 13:11:02,drive_thru,,apple_pay,completed
1022796,7,269,2026-05-23 13:11:11,dine_in,,apple_pay,completed
1022797,1,270,2026-05-23 13:11:43,delivery,,apple_pay,completed
1022798,5,673,2026-05-23 13:14:25,takeout,,credit_card,completed
1022799,18,2145,2026-05-23 13:14:43,dine_in,,cash,completed
1022800,7,686,2026-05-23 13:15:38,takeout,,debit_card,completed
1022801,1,253,2026-05-23 13:16:28,dine_in,,credit_card,completed
1022802,13,,2026-05-23 13:18:12,takeout,,cash,completed
1022803,19,2474,2026-05-23 13:18:21,dine_in,,credit_card,completed
1022804,19,1809,2026-05-23 13:23:03,drive_thru,,credit_card,completed
1022805,2,,2026-05-23 13:23:50,takeout,,apple_pay,completed
1022806,17,,2026-05-23 13:25:24,dine_in,,credit_card,completed
1022807,10,1798,2026-05-23 13:25:37,dine_in,,debit_card,completed
1022808,14,,2026-05-23 13:26:13,dine_in,,cash,completed
1022809,2,,2026-05-23 13:27:43,delivery,BOUDIN20,credit_card,completed
1022810,14,360,2026-05-23 13:30:43,takeout,,credit_card,completed
1022811,14,35,2026-05-23 13:44:01,takeout,,credit_card,completed
1022812,15,498,2026-05-23 13:44:24,delivery,BOUDIN20,credit_card,completed
1022813,16,1537,2026-05-23 13:47:53,delivery,,apple_pay,completed
1022814,7,1865,2026-05-23 13:57:32,delivery,,debit_card,completed
1022815,9,1157,2026-05-23 14:03:19,dine_in,,apple_pay,completed
1022816,14,654,2026-05-23 14:08:25,delivery,,credit_card,completed
1022817,14,,2026-05-23 14:13:58,drive_thru,BOUDIN20,credit_card,completed
1022818,14,1108,2026-05-23 14:17:11,delivery,,debit_card,completed
1022819,14,,2026-05-23 14:24:37,delivery,,credit_card,completed
1022820,8,1923,2026-05-23 14:27:26,dine_in,,credit_card,completed
1022821,2,,2026-05-23 14:33:09,dine_in,,credit_card,completed
1022822,14,1990,2026-05-23 14:34:09,drive_thru,,credit_card,completed
1022823,17,,2026-05-23 15:08:36,dine_in,BOUDIN20,debit_card,completed
1022824,13,2431,2026-05-23 15:17:25,takeout,,debit_card,completed
1022825,14,,2026-05-23 15:54:27,takeout,,debit_card,completed
1022826,16,607,2026-05-23 16:00:25,dine_in,,credit_card,completed
1022827,1,2032,2026-05-23 16:06:04,delivery,,credit_card,completed
1022828,4,,2026-05-23 16:06:26,drive_thru,,gift_card,completed
1022829,7,,2026-05-23 16:26:36,dine_in,BOUDIN20,credit_card,completed
1022830,6,,2026-05-23 16:31:03,delivery,,debit_card,completed
1022831,13,914,2026-05-23 16:51:28,dine_in,,apple_pay,completed
1022832,13,1005,2026-05-23 17:09:22,delivery,,credit_card,completed
1022833,8,1710,2026-05-23 17:15:29,takeout,,cash,completed
1022834,12,1881,2026-05-23 17:19:56,takeout,,credit_card,completed
1022835,16,647,2026-05-23 17:21:07,takeout,,credit_card,completed
1022836,17,2120,2026-05-23 17:21:44,dine_in,,debit_card,completed
1022837,17,408,2026-05-23 17:27:32,dine_in,,apple_pay,completed
1022838,3,,2026-05-23 17:29:02,dine_in,,credit_card,completed
1022839,9,,2026-05-23 17:32:21,delivery,,debit_card,completed
1022840,16,216,2026-05-23 17:33:05,dine_in,,cash,completed
1022841,10,726,2026-05-23 17:37:55,delivery,,debit_card,cancelled
1022842,6,,2026-05-23 17:40:02,takeout,,credit_card,completed
1022843,11,1779,2026-05-23 17:46:23,takeout,,credit_card,completed
1022844,19,1365,2026-05-23 17:49:30,delivery,,gift_card,completed
1022845,3,,2026-05-23 17:50:15,takeout,,credit_card,completed
1022846,15,1834,2026-05-23 17:50:17,drive_thru,,credit_card,completed
1022847,13,1187,2026-05-23 17:52:50,,,credit_card,completed
1022848,6,444,2026-05-23 17:54:44,takeout,,apple_pay,completed
1022849,13,1785,2026-05-23 17:57:24,dine_in,,cash,completed
1022850,14,577,2026-05-23 18:00:40,,,apple_pay,completed
1022851,17,552,2026-05-23 18:03:53,dine_in,,credit_card,completed
1022852,19,2460,2026-05-23 18:04:10,drive_thru,,credit_card,completed
1022853,6,,2026-05-23 18:04:37,delivery,,debit_card,completed
1022854,6,,2026-05-23 18:07:53,delivery,,credit_card,completed
1022855,19,,2026-05-23 18:07:53,drive_thru,,gift_card,completed
1022856,9,,2026-05-23 18:09:56,delivery,,apple_pay,completed
1022857,17,,2026-05-23 18:13:36,delivery,,gift_card,completed
1022858,6,,2026-05-23 18:15:51,drive_thru,,credit_card,completed
1022859,3,1348,2026-05-23 18:18:58,dine_in,,debit_card,completed
1022860,15,,2026-05-23 18:20:07,delivery,,debit_card,completed
1022861,13,2273,2026-05-23 18:20:58,takeout,,debit_card,completed
1022862,18,,2026-05-23 18:21:20,dine_in,,debit_card,completed
1022863,12,539,2026-05-23 18:22:20,delivery,,credit_card,completed
1022864,11,1182,2026-05-23 18:24:25,dine_in,,apple_pay,completed
1022865,1,,2026-05-23 18:26:48,dine_in,,apple_pay,completed
1022866,4,1773,2026-05-23 18:27:38,takeout,,credit_card,completed
1022867,4,,2026-05-23 18:29:28,drive_thru,,debit_card,completed
1022868,11,645,2026-05-23 18:31:00,dine_in,BOUDIN20,debit_card,completed
1022869,10,2425,2026-05-23 18:31:15,drive_thru,,credit_card,completed
1022870,17,1979,2026-05-23 18:34:11,takeout,,debit_card,completed
1022871,3,437,2026-05-23 18:36:35,delivery,,credit_card,completed
1022872,4,1892,2026-05-23 18:37:13,drive_thru,,apple_pay,refunded
1022873,12,,2026-05-23 18:42:10,dine_in,BOUDIN20,credit_card,completed
1022874,12,633,2026-05-23 18:44:20,dine_in,,apple_pay,completed
1022875,1,748,2026-05-23 18:44:21,delivery,,credit_card,completed
1022876,4,95,2026-05-23 18:44:39,,,apple_pay,completed
1022877,18,276,2026-05-23 18:46:49,takeout,,gift_card,completed
1022878,3,2217,2026-05-23 18:47:30,dine_in,,apple_pay,refunded
1022879,12,1912,2026-05-23 18:48:24,dine_in,BOUDIN20,gift_card,completed
1022880,17,,2026-05-23 18:49:14,dine_in,,gift_card,completed
1022881,3,1220,2026-05-23 18:51:07,takeout,,credit_card,completed
1022882,1,,2026-05-23 18:52:03,dine_in,,apple_pay,completed
1022883,18,2237,2026-05-23 18:52:09,takeout,,apple_pay,completed
1022884,11,1950,2026-05-23 18:54:15,dine_in,,debit_card,completed
1022885,13,473,2026-05-23 18:54:19,dine_in,,credit_card,completed
1022886,1,2011,2026-05-23 18:55:25,takeout,,credit_card,completed
1022887,2,981,2026-05-23 18:57:13,delivery,,credit_card,completed
1022888,17,,05/23/2026 18:57,delivery,,apple_pay,completed
1022889,9,1000,2026-05-23 19:00:51,delivery,,gift_card,completed
1022890,5,1619,2026-05-23 19:00:56,delivery,,debit_card,completed
1022891,2,1596,2026-05-23 19:01:01,dine_in,,apple_pay,completed
1022892,1,1294,2026-05-23 19:01:35,takeout,,debit_card,completed
1022893,19,1930,2026-05-23 19:03:54,delivery,,debit_card,completed
1022894,1,2486,2026-05-23 19:04:08,delivery,,credit_card,refunded
1022895,4,1347,05/23/2026 19:04,takeout,,apple_pay,completed
1022896,1,1289,2026-05-23 19:06:51,dine_in,,credit_card,completed
1022897,19,1587,2026-05-23 19:07:49,delivery,,credit_card,completed
1022898,3,220,2026-05-23 19:08:53,takeout,,credit_card,completed
1022899,1,,2026-05-23 19:10:29,dine_in,,credit_card,completed
1022900,4,1165,2026-05-23 19:11:02,drive_thru,,credit_card,completed
1022901,7,,2026-05-23 19:11:52,dine_in,,credit_card,completed
1022902,15,1283,2026-05-23 19:12:11,drive_thru,,credit_card,completed
1022903,10,,2026-05-23 19:12:20,dine_in,,credit_card,completed
1022904,2,491,2026-05-23 19:12:45,dine_in,,apple_pay,completed
1022905,16,1149,2026-05-23 19:14:05,dine_in,,apple_pay,completed
1022906,17,,2026-05-23 19:16:33,delivery,BOUDIN20,credit_card,completed
1022907,14,1947,2026-05-23 19:17:32,takeout,,credit_card,completed
1022908,6,1510,2026-05-23 19:18:47,dine_in,,apple_pay,completed
1022909,13,2065,2026-05-23 19:19:06,dine_in,,debit_card,completed
1022910,1,1298,2026-05-23 19:19:15,delivery,,credit_card,completed
1022911,19,,2026-05-23 19:21:05,takeout,,credit_card,completed
1022912,20,,2026-05-23 19:21:31,drive_thru,,gift_card,completed
1022913,3,,2026-05-23 19:22:46,dine_in,,debit_card,completed
1022914,18,1935,2026-05-23 19:23:38,takeout,,apple_pay,completed
1022915,15,1002,2026-05-23 19:23:42,takeout,,credit_card,completed
1022916,4,,2026-05-23 19:24:13,delivery,,credit_card,completed
1022917,6,2275,2026-05-23 19:24:45,takeout,,credit_card,completed
1022918,12,,2026-05-23 19:24:58,delivery,,credit_card,completed
1022919,14,,2026-05-23 19:26:04,dine_in,,credit_card,completed
1022920,16,,2026-05-23 19:26:06,delivery,,credit_card,completed
1022921,18,159,2026-05-23 19:28:13,dine_in,,credit_card,completed
1022922,1,1920,2026-05-23 19:28:27,dine_in,,credit_card,completed
1022923,17,,2026-05-23 19:28:30,dine_in,,debit_card,completed
1022924,19,987,2026-05-23 19:29:04,dine_in,,apple_pay,completed
1022925,12,,2026-05-23 19:30:35,dine_in,,credit_card,completed
1022926,2,,2026-05-23 19:30:48,dine_in,,credit_card,completed
1022927,15,1959,2026-05-23 19:30:59,delivery,,credit_card,completed
1022928,6,,2026-05-23 19:31:58,drive_thru,,credit_card,completed
1022929,3,1701,2026-05-23 19:32:10,delivery,,apple_pay,completed
1022930,5,,2026-05-23 19:32:18,dine_in,,credit_card,completed
1022931,8,359,2026-05-23 19:33:17,,,debit_card,completed
1022932,6,,2026-05-23 19:34:37,takeout,,credit_card,completed
1022933,15,1797,2026-05-23 19:37:03,takeout,,credit_card,cancelled
1022934,3,355,2026-05-23 19:40:50,dine_in,,gift_card,completed
1022935,12,,2026-05-23 19:41:19,takeout,,debit_card,completed
1022936,11,2231,2026-05-23 19:41:51,drive_thru,,apple_pay,completed
1022937,7,,2026-05-23 19:44:00,dine_in,,apple_pay,completed
1022938,13,,2026-05-23 19:44:55,dine_in,,cash,completed
1022939,4,,2026-05-23 19:45:06,delivery,,credit_card,completed
1022940,7,,2026-05-23 19:45:09,delivery,,apple_pay,completed
1022941,8,1208,2026-05-23 19:45:12,dine_in,,cash,completed
1022942,7,,2026-05-23 19:47:24,delivery,,debit_card,completed
1022943,1,156,2026-05-23 19:48:17,,,credit_card,completed
1022944,19,2017,2026-05-23 19:50:45,drive_thru,,debit_card,completed
1022945,1,,2026-05-23 19:51:43,delivery,,credit_card,completed
1022946,16,2161,2026-05-23 19:51:56,takeout,,credit_card,completed
1022947,15,,2026-05-23 19:56:57,drive_thru,,debit_card,completed
1022948,17,,2026-05-23 19:56:59,dine_in,,apple_pay,completed
1022949,2,2456,2026-05-23 20:08:28,dine_in,,credit_card,completed
1022950,13,,2026-05-23 20:11:10,dine_in,,debit_card,completed
1022951,18,684,2026-05-23 20:11:14,drive_thru,,cash,completed
1022952,5,873,2026-05-23 20:14:22,takeout,,apple_pay,completed
1022953,9,,2026-05-23 20:16:43,dine_in,,cash,completed
1022954,11,2440,2026-05-23 20:19:01,delivery,,credit_card,completed
1022955,9,1269,2026-05-23 20:19:50,delivery,,credit_card,completed
1022956,16,2238,2026-05-23 20:20:18,dine_in,,gift_card,completed
1022957,1,,2026-05-23 20:25:22,dine_in,,credit_card,completed
1022958,19,1485,2026-05-23 20:40:26,drive_thru,,credit_card,completed
1022959,8,,2026-05-23 20:42:36,delivery,,apple_pay,completed
1022960,19,1062,2026-05-23 20:46:32,drive_thru,,credit_card,completed
1022961,6,151,2026-05-23 21:00:09,takeout,BOUDIN20,credit_card,completed
1022962,1,2177,2026-05-23 21:00:10,delivery,,credit_card,completed
1022963,1,,2026-05-23 21:03:38,,,credit_card,completed
1022964,14,98,2026-05-23 21:07:14,dine_in,,credit_card,completed
1022965,7,1767,2026-05-23 21:08:13,dine_in,,apple_pay,completed
1022966,8,1863,2026-05-23 21:19:38,,,credit_card,cancelled
1022967,7,1973,2026-05-23 21:25:24,takeout,,credit_card,completed
1022968,3,1376,2026-05-23 21:50:52,delivery,,gift_card,completed
1022969,19,1900,2026-05-23 21:54:15,dine_in,,credit_card,completed
1022970,1,2456,2026-05-23 21:54:34,dine_in,,cash,completed
1022971,13,985,2026-05-23 21:57:24,delivery,,apple_pay,completed
1022972,14,,2026-05-24 10:34:56,takeout,,cash,completed
1022973,6,,2026-05-24 10:38:42,dine_in,,gift_card,completed
1022974,4,372,2026-05-24 11:31:10,delivery,,debit_card,completed
1022975,13,,2026-05-24 11:37:29,takeout,,credit_card,completed
1022976,9,1338,2026-05-24 11:41:17,delivery,,credit_card,completed
1022977,1,,2026-05-24 11:47:01,delivery,,credit_card,completed
1022978,19,1645,2026-05-24 11:48:12,drive_thru,,credit_card,completed
1022979,16,,2026-05-24 11:49:01,dine_in,,credit_card,completed
1022980,5,906,2026-05-24 11:50:53,delivery,,debit_card,completed
1022981,8,1118,2026-05-24 11:52:39,delivery,,credit_card,completed
1022982,7,1026,2026-05-24 11:53:57,delivery,,apple_pay,completed
1022983,15,97,2026-05-24 11:57:52,delivery,,credit_card,completed
1022984,7,2151,2026-05-24 12:00:34,dine_in,BOUDIN20,apple_pay,completed
1022985,10,531,2026-05-24 12:00:37,drive_thru,,credit_card,completed
1022986,16,2161,2026-05-24 12:01:14,dine_in,,debit_card,cancelled
1022987,8,,05/24/2026 12:01,takeout,,apple_pay,completed
1022988,3,2171,2026-05-24 12:02:04,takeout,,debit_card,completed
1022989,2,1021,2026-05-24 12:02:29,takeout,,credit_card,completed
1022990,17,1259,2026-05-24 12:08:41,takeout,,credit_card,completed
1022991,1,,2026-05-24 12:09:03,delivery,,credit_card,completed
1022992,8,,2026-05-24 12:09:50,dine_in,,apple_pay,completed
1022993,14,195,2026-05-24 12:10:01,delivery,,debit_card,completed
1022994,12,1940,2026-05-24 12:13:49,dine_in,,credit_card,completed
1022995,8,1252,2026-05-24 12:14:01,dine_in,,cash,completed
1022996,18,826,2026-05-24 12:14:44,dine_in,,credit_card,completed
1022997,13,,2026-05-24 12:15:00,delivery,,apple_pay,completed
1022998,1,,2026-05-24 12:15:59,takeout,,gift_card,completed
1022999,18,,2026-05-24 12:18:39,takeout,,credit_card,completed
1023000,3,,2026-05-24 12:18:56,delivery,,credit_card,completed
1023001,3,2164,2026-05-24 12:20:08,dine_in,,apple_pay,completed
1023002,3,,2026-05-24 12:21:31,dine_in,,apple_pay,completed
1023003,14,1583,2026-05-24 12:22:54,takeout,,credit_card,completed
1023004,13,481,2026-05-24 12:23:07,dine_in,,credit_card,cancelled
1023005,5,951,2026-05-24 12:23:43,takeout,,cash,completed
1023006,14,2453,2026-05-24 12:23:47,takeout,,apple_pay,completed
1023007,9,,2026-05-24 12:25:20,drive_thru,,credit_card,completed
1023008,2,1471,2026-05-24 12:26:06,dine_in,,cash,completed
1023009,15,582,2026-05-24 12:26:29,drive_thru,,apple_pay,completed
1023010,2,981,2026-05-24 12:26:38,dine_in,,apple_pay,completed
1023011,6,2179,2026-05-24 12:28:49,dine_in,,credit_card,completed
1023012,6,,2026-05-24 12:28:55,delivery,,apple_pay,completed
1023013,3,2099,2026-05-24 12:31:35,delivery,,debit_card,completed
1023014,6,1464,2026-05-24 12:31:36,dine_in,,debit_card,completed
1023015,11,2343,2026-05-24 12:32:01,takeout,,debit_card,completed
1023016,4,1577,2026-05-24 12:32:03,delivery,,credit_card,completed
1023017,3,1601,2026-05-24 12:36:51,dine_in,,debit_card,completed
1023018,16,2465,2026-05-24 12:40:44,takeout,,cash,completed
1023019,12,1308,2026-05-24 12:42:15,delivery,,credit_card,completed
1023020,12,1212,2026-05-24 12:46:56,takeout,,credit_card,completed
1023021,10,1975,2026-05-24 12:50:22,dine_in,,apple_pay,completed
1023022,6,,2026-05-24 12:50:28,drive_thru,,credit_card,completed
1023023,3,777,2026-05-24 12:54:45,takeout,,credit_card,completed
1023024,20,2242,2026-05-24 12:56:22,dine_in,,apple_pay,completed
1023025,18,936,2026-05-24 13:01:36,delivery,,credit_card,completed
1023026,11,904,2026-05-24 13:04:00,takeout,,cash,completed
1023027,19,,2026-05-24 13:07:09,delivery,,credit_card,completed
1023028,4,905,2026-05-24 13:10:41,delivery,,credit_card,completed
1023029,14,,2026-05-24 13:10:45,delivery,,credit_card,completed
1023030,17,320,2026-05-24 13:14:02,takeout,,credit_card,completed
1023031,13,1109,05/24/2026 13:18,delivery,,apple_pay,completed
1023032,14,2415,2026-05-24 13:18:17,drive_thru,,apple_pay,completed
1023033,1,852,2026-05-24 13:18:23,takeout,,debit_card,completed
1023034,13,420,2026-05-24 13:18:57,dine_in,,debit_card,completed
1023035,17,22,2026-05-24 13:19:17,dine_in,,apple_pay,completed
1023036,16,1671,2026-05-24 13:23:32,dine_in,BOUDIN20,credit_card,completed
1023037,2,2493,2026-05-24 13:24:27,takeout,,credit_card,completed
1023038,7,737,2026-05-24 13:25:28,takeout,,credit_card,completed
1023039,1,,2026-05-24 13:31:42,dine_in,,credit_card,completed
1023040,2,,2026-05-24 13:34:53,delivery,,apple_pay,refunded
1023041,17,368,2026-05-24 13:37:53,takeout,,credit_card,completed
1023042,17,2167,2026-05-24 15:06:45,takeout,,credit_card,completed
1023043,2,2204,2026-05-24 15:17:45,delivery,,apple_pay,completed
1023044,19,1352,2026-05-24 15:37:01,drive_thru,,credit_card,completed
1023045,10,,2026-05-24 16:06:18,drive_thru,,credit_card,completed
1023046,12,1751,2026-05-24 16:38:18,takeout,,cash,completed
1023047,8,550,2026-05-24 16:52:11,delivery,,credit_card,completed
1023048,19,,2026-05-24 16:54:13,drive_thru,,cash,completed
1023049,1,2132,2026-05-24 17:17:24,dine_in,,credit_card,completed
1023050,12,504,2026-05-24 17:30:44,takeout,,cash,completed
1023051,3,1491,2026-05-24 17:31:04,delivery,,credit_card,completed
1023052,12,,2026-05-24 17:31:22,dine_in,,credit_card,completed
1023053,1,253,2026-05-24 17:32:20,dine_in,,cash,completed
1023054,4,1317,2026-05-24 17:34:40,drive_thru,,credit_card,completed
1023055,15,1409,2026-05-24 17:47:14,dine_in,BOUDIN20,credit_card,completed
1023056,19,,2026-05-24 17:48:47,dine_in,,apple_pay,completed
1023057,12,,2026-05-24 17:49:24,takeout,,cash,completed
1023058,4,1640,2026-05-24 18:00:02,dine_in,BOUDIN20,credit_card,completed
1023059,19,,2026-05-24 18:03:16,dine_in,,gift_card,completed
1023060,2,2304,2026-05-24 18:04:44,delivery,BOUDIN20,debit_card,completed
1023061,1,,2026-05-24 18:12:26,dine_in,,apple_pay,completed
1023062,8,1594,2026-05-24 18:17:45,delivery,,credit_card,completed
1023063,19,966,2026-05-24 18:18:32,drive_thru,,cash,completed
1023064,18,1206,2026-05-24 18:18:48,takeout,,credit_card,completed
1023065,4,,2026-05-24 18:19:26,dine_in,,credit_card,completed
1023066,18,,2026-05-24 18:31:43,dine_in,,credit_card,completed
1023067,18,2290,2026-05-24 18:31:57,dine_in,,credit_card,completed
1023068,10,,2026-05-24 18:32:25,takeout,,apple_pay,completed
1023069,1,,2026-05-24 18:32:53,takeout,,apple_pay,completed
1023070,20,,2026-05-24 18:34:30,delivery,,credit_card,completed
1023071,1,,2026-05-24 18:35:15,dine_in,,debit_card,completed
1023072,5,,2026-05-24 18:35:23,dine_in,,debit_card,completed
1023073,17,,2026-05-24 18:35:52,delivery,,credit_card,completed
1023074,4,193,2026-05-24 18:36:06,takeout,,credit_card,completed
1023075,18,,2026-05-24 18:36:31,dine_in,,cash,completed
1023076,8,,2026-05-24 18:37:57,dine_in,,credit_card,completed
1023077,3,965,2026-05-24 18:39:11,takeout,BOUDIN20,credit_card,completed
1023078,20,158,05/24/2026 18:40,takeout,,cash,completed
1023079,14,577,2026-05-24 18:40:31,delivery,,credit_card,completed
1023080,1,267,2026-05-24 18:41:51,dine_in,,debit_card,completed
1023081,14,2069,2026-05-24 18:42:06,takeout,,cash,completed
1023082,11,,2026-05-24 18:42:16,takeout,BOUDIN20,credit_card,completed
1023083,2,,2026-05-24 18:45:56,takeout,,credit_card,completed
1023084,20,366,2026-05-24 18:46:29,,BOUDIN20,credit_card,completed
1023085,4,,2026-05-24 18:48:33,dine_in,,credit_card,completed
1023086,12,1771,2026-05-24 18:52:39,takeout,,apple_pay,completed
1023087,14,1296,2026-05-24 18:54:05,delivery,,debit_card,completed
1023088,11,959,2026-05-24 18:55:32,delivery,,credit_card,completed
1023089,3,9,2026-05-24 18:57:31,dine_in,,credit_card,completed
1023090,17,,2026-05-24 18:58:05,dine_in,,cash,completed
1023091,2,2015,2026-05-24 18:59:00,dine_in,,credit_card,completed
1023092,12,1751,2026-05-24 19:01:05,dine_in,,credit_card,completed
1023093,14,1214,2026-05-24 19:01:51,delivery,,credit_card,completed
1023094,7,,2026-05-24 19:02:52,dine_in,BOUDIN20,cash,completed
1023095,12,1918,2026-05-24 19:04:00,takeout,BOUDIN20,credit_card,completed
1023096,3,1145,2026-05-24 19:06:56,takeout,,credit_card,completed
1023097,14,255,2026-05-24 19:11:23,drive_thru,,credit_card,completed
1023098,8,1923,2026-05-24 19:12:26,dine_in,,apple_pay,completed
1023099,11,134,2026-05-24 19:18:03,dine_in,,cash,completed
1023100,10,,2026-05-24 19:19:25,dine_in,,apple_pay,completed
1023101,14,10,2026-05-24 19:20:29,dine_in,,debit_card,completed
1023102,15,,2026-05-24 19:20:47,takeout,BOUDIN20,apple_pay,completed
1023103,14,,2026-05-24 19:26:09,drive_thru,,credit_card,completed
1023104,12,1260,2026-05-24 19:31:14,dine_in,,credit_card,completed
1023105,17,922,2026-05-24 19:33:59,dine_in,,cash,completed
1023106,4,2365,2026-05-24 19:34:13,takeout,,apple_pay,completed
1023107,14,2358,2026-05-24 19:42:55,delivery,,credit_card,completed
1023108,4,390,2026-05-24 19:44:21,drive_thru,BOUDIN20,apple_pay,completed
1023109,4,434,2026-05-24 19:44:33,delivery,BOUDIN20,apple_pay,completed
1023110,7,1060,2026-05-24 19:48:28,delivery,,credit_card,completed
1023111,16,,2026-05-24 19:49:31,delivery,,credit_card,completed
1023112,13,,2026-05-24 19:51:02,dine_in,,credit_card,completed
1023113,6,800,2026-05-24 19:52:16,drive_thru,,apple_pay,cancelled
1023114,17,,2026-05-24 19:54:31,dine_in,,credit_card,completed
1023115,19,2300,2026-05-24 20:01:07,delivery,,credit_card,completed
1023116,7,,2026-05-24 20:04:46,delivery,,credit_card,completed
1023117,16,2167,2026-05-24 20:07:48,dine_in,,cash,completed
1023118,15,,2026-05-24 20:19:01,delivery,,credit_card,completed
1023119,11,208,2026-05-24 20:21:46,dine_in,,debit_card,completed
1023120,4,436,05/24/2026 21:02,drive_thru,,credit_card,completed
1023121,11,2387,2026-05-24 21:19:32,delivery,,credit_card,completed
1023122,12,255,2026-05-24 21:41:13,dine_in,BOUDIN20,apple_pay,completed
1023123,7,988,2026-05-24 21:45:34,dine_in,BOUDIN20,credit_card,completed
1023124,18,,2026-05-25 10:42:50,delivery,,credit_card,completed
1023125,1,253,2026-05-25 11:03:02,dine_in,,debit_card,completed
1023126,3,1376,2026-05-25 11:07:10,delivery,,debit_card,completed
1023127,17,723,2026-05-25 11:08:36,dine_in,,credit_card,completed
1023128,16,,2026-05-25 11:21:26,dine_in,,cash,completed
1023129,12,,2026-05-25 11:21:32,delivery,,credit_card,completed
1023130,8,1125,2026-05-25 11:28:06,takeout,,cash,completed
1023131,6,,2026-05-25 11:31:15,delivery,,debit_card,completed
1023132,13,679,2026-05-25 11:33:57,dine_in,,apple_pay,completed
1023133,17,1948,2026-05-25 11:35:20,dine_in,,credit_card,completed
1023134,10,,2026-05-25 11:36:09,dine_in,,credit_card,completed
1023135,18,,2026-05-25 11:36:09,dine_in,,credit_card,completed
1023136,1,,2026-05-25 11:44:10,dine_in,,gift_card,completed
1023137,14,,2026-05-25 11:46:48,dine_in,,credit_card,completed
1023138,9,2033,2026-05-25 11:49:00,takeout,,credit_card,completed
1023139,15,837,2026-05-25 11:59:23,delivery,,credit_card,cancelled
1023140,10,1013,2026-05-25 12:00:08,drive_thru,BOUDIN20,debit_card,completed
1023141,2,,2026-05-25 12:01:51,dine_in,,debit_card,completed
1023142,5,1527,2026-05-25 12:03:24,delivery,,credit_card,completed
1023143,13,1022,2026-05-25 12:03:53,dine_in,,cash,completed
1023144,6,,2026-05-25 12:04:38,delivery,,credit_card,completed
1023145,15,596,2026-05-25 12:06:02,drive_thru,,credit_card,completed
1023146,13,1785,2026-05-25 12:06:50,delivery,,credit_card,completed
1023147,11,,2026-05-25 12:08:02,takeout,,cash,completed
1023148,9,,2026-05-25 12:08:44,dine_in,,credit_card,completed
1023149,1,,2026-05-25 12:10:15,delivery,,credit_card,completed
1023150,16,,2026-05-25 12:12:35,dine_in,,credit_card,completed
1023151,8,,2026-05-25 12:14:14,delivery,,debit_card,completed
1023152,18,482,2026-05-25 12:14:25,delivery,,credit_card,completed
1023153,11,1697,2026-05-25 12:15:35,delivery,,debit_card,completed
1023154,1,105,2026-05-25 12:15:39,takeout,,cash,completed
1023155,8,1670,2026-05-25 12:19:10,delivery,,credit_card,completed
1023156,8,228,2026-05-25 12:19:24,dine_in,,apple_pay,refunded
1023157,4,1548,05/25/2026 12:24,dine_in,,apple_pay,completed
1023158,15,554,2026-05-25 12:26:02,dine_in,,credit_card,completed
1023159,12,2448,2026-05-25 12:31:15,takeout,,apple_pay,completed
1023160,6,,2026-05-25 12:31:47,dine_in,,credit_card,completed
1023161,4,1773,2026-05-25 12:33:36,dine_in,,debit_card,completed
1023162,8,1636,05/25/2026 12:33,takeout,,debit_card,completed
1023163,5,143,2026-05-25 12:36:48,dine_in,,debit_card,completed
1023164,14,1390,2026-05-25 12:39:44,delivery,,apple_pay,completed
1023165,20,158,2026-05-25 12:39:54,drive_thru,BOUDIN20,credit_card,cancelled
1023166,18,796,2026-05-25 12:41:23,takeout,,debit_card,completed
1023167,1,724,2026-05-25 12:41:47,delivery,,credit_card,completed
1023168,3,749,2026-05-25 12:42:30,dine_in,BOUDIN20,credit_card,refunded
1023169,12,,2026-05-25 12:44:25,dine_in,,credit_card,completed
1023170,3,1423,2026-05-25 12:57:18,dine_in,,credit_card,completed
1023171,5,274,2026-05-25 12:59:34,takeout,,apple_pay,completed
1023172,3,,2026-05-25 13:00:48,dine_in,BOUDIN20,cash,completed
1023173,6,800,2026-05-25 13:01:01,dine_in,,debit_card,completed
1023174,13,,2026-05-25 13:03:03,delivery,,gift_card,completed
1023175,3,,2026-05-25 13:05:35,delivery,,credit_card,completed
1023176,4,,05/25/2026 13:08,takeout,,debit_card,completed
1023177,11,931,2026-05-25 13:15:23,delivery,,credit_card,completed
1023178,1,1141,2026-05-25 13:21:16,delivery,,credit_card,completed
1023179,11,,2026-05-25 13:21:51,dine_in,,debit_card,completed
1023180,17,2051,2026-05-25 13:28:08,dine_in,,apple_pay,completed
1023181,18,,2026-05-25 13:37:47,takeout,,credit_card,completed
1023182,7,2295,2026-05-25 13:55:34,delivery,,credit_card,completed
1023183,2,,2026-05-25 13:56:19,,,gift_card,completed
1023184,13,2435,2026-05-25 13:59:14,dine_in,,credit_card,completed
1023185,14,633,2026-05-25 14:05:49,takeout,,apple_pay,refunded
1023186,18,684,2026-05-25 14:15:15,delivery,BOUDIN20,credit_card,completed
1023187,1,1644,2026-05-25 14:47:33,takeout,,apple_pay,completed
1023188,18,2083,2026-05-25 15:05:38,dine_in,,debit_card,completed
1023189,8,2233,2026-05-25 15:38:49,dine_in,,credit_card,completed
1023190,10,302,2026-05-25 16:44:56,drive_thru,,debit_card,completed
1023191,14,2087,2026-05-25 17:00:04,takeout,,apple_pay,completed
1023192,20,,2026-05-25 17:00:09,drive_thru,,credit_card,completed
1023193,13,,2026-05-25 17:05:59,delivery,,credit_card,completed
1023194,18,534,2026-05-25 17:12:51,takeout,,gift_card,completed
1023195,18,,2026-05-25 17:28:24,delivery,,apple_pay,completed
1023196,5,396,2026-05-25 17:47:07,dine_in,,credit_card,completed
1023197,13,1877,2026-05-25 17:49:04,takeout,,gift_card,completed
1023198,19,1711,2026-05-25 17:50:58,dine_in,,cash,completed
1023199,8,2393,2026-05-25 17:54:35,dine_in,,credit_card,completed
1023200,12,1234,2026-05-25 17:56:32,dine_in,,debit_card,refunded
1023201,12,,2026-05-25 17:56:42,dine_in,,credit_card,completed
1023202,10,531,2026-05-25 18:07:37,takeout,,cash,completed
1023203,19,,2026-05-25 18:08:46,dine_in,,debit_card,completed
1023204,14,1657,2026-05-25 18:13:31,dine_in,,apple_pay,refunded
1023205,19,611,2026-05-25 18:15:50,delivery,,credit_card,completed
1023206,6,1857,2026-05-25 18:17:16,drive_thru,,gift_card,completed
1023207,4,2294,2026-05-25 18:19:34,delivery,,debit_card,completed
1023208,13,1023,2026-05-25 18:21:50,dine_in,,credit_card,completed
1023209,8,1172,2026-05-25 18:25:09,delivery,,debit_card,completed
1023210,6,,2026-05-25 18:28:09,dine_in,,apple_pay,completed
1023211,17,,2026-05-25 18:28:14,takeout,,credit_card,completed
1023212,7,457,2026-05-25 18:30:20,delivery,,credit_card,completed
1023213,17,1650,2026-05-25 18:31:41,dine_in,,credit_card,cancelled
1023214,10,118,2026-05-25 18:33:21,drive_thru,,cash,completed
1023215,2,1163,2026-05-25 18:35:39,dine_in,,credit_card,completed
1023216,14,374,2026-05-25 18:36:16,drive_thru,BOUDIN20,cash,completed
1023217,7,1444,2026-05-25 18:38:15,takeout,,gift_card,completed
1023218,8,813,2026-05-25 18:38:24,dine_in,,debit_card,completed
1023219,4,1571,2026-05-25 18:44:18,drive_thru,,credit_card,completed
1023220,16,2238,2026-05-25 18:44:58,delivery,,credit_card,completed
1023221,11,,2026-05-25 18:49:05,drive_thru,,credit_card,completed
1023222,7,,2026-05-25 18:54:29,dine_in,,apple_pay,completed
1023223,13,2180,2026-05-25 18:54:40,dine_in,,credit_card,completed
1023224,17,2327,2026-05-25 18:57:25,dine_in,,apple_pay,completed
1023225,7,,2026-05-25 18:59:03,takeout,,credit_card,completed
1023226,9,1520,2026-05-25 18:59:45,delivery,,credit_card,completed
1023227,20,1879,2026-05-25 19:00:13,dine_in,BOUDIN20,cash,completed
1023228,7,,2026-05-25 19:00:55,dine_in,,credit_card,completed
1023229,15,41,2026-05-25 19:04:53,delivery,,credit_card,completed
1023230,13,1429,2026-05-25 19:06:29,takeout,,debit_card,completed
1023231,3,2082,2026-05-25 19:07:06,dine_in,,apple_pay,completed
1023232,2,1790,2026-05-25 19:12:06,dine_in,,credit_card,completed
1023233,12,1652,2026-05-25 19:15:02,delivery,BOUDIN20,debit_card,completed
1023234,6,,2026-05-25 19:15:35,delivery,,debit_card,completed
1023235,12,1990,2026-05-25 19:15:42,takeout,,credit_card,completed
1023236,5,,2026-05-25 19:16:14,takeout,,apple_pay,completed
1023237,11,591,2026-05-25 19:20:15,takeout,,credit_card,completed
1023238,14,,2026-05-25 19:20:55,takeout,,apple_pay,completed
1023239,2,2399,2026-05-25 19:21:52,delivery,,credit_card,completed
1023240,8,,2026-05-25 19:22:04,dine_in,,cash,completed
1023241,3,651,2026-05-25 19:26:00,delivery,,apple_pay,completed
1023242,17,2300,2026-05-25 19:30:02,dine_in,,debit_card,completed
1023243,10,2248,2026-05-25 19:30:06,dine_in,,apple_pay,completed
1023244,3,785,2026-05-25 19:37:04,takeout,BOUDIN20,credit_card,completed
1023245,12,2448,2026-05-25 19:39:21,takeout,,debit_card,completed
1023246,6,,2026-05-25 19:42:17,dine_in,,credit_card,completed
1023247,4,,2026-05-25 19:43:44,drive_thru,,gift_card,completed
1023248,13,,2026-05-25 19:44:50,takeout,BOUDIN20,debit_card,completed
1023249,10,,2026-05-25 19:47:19,delivery,,credit_card,completed
1023250,1,1145,2026-05-25 19:53:22,delivery,,credit_card,completed
1023251,6,,2026-05-25 20:00:40,delivery,,apple_pay,completed
1023252,3,1373,2026-05-25 20:06:28,takeout,BOUDIN20,credit_card,completed
1023253,6,680,2026-05-25 20:09:54,drive_thru,,credit_card,completed
1023254,19,762,2026-05-25 20:11:01,delivery,,apple_pay,completed
1023255,8,924,2026-05-25 20:11:07,dine_in,,credit_card,cancelled
1023256,16,1474,2026-05-25 20:30:13,delivery,,debit_card,completed
1023257,18,,2026-05-25 20:46:43,takeout,,debit_card,completed
1023258,1,570,2026-05-25 20:49:42,delivery,,apple_pay,completed
1023259,8,,2026-05-25 20:49:42,delivery,BOUDIN20,credit_card,completed
1023260,17,1963,2026-05-25 20:59:07,delivery,,debit_card,completed
1023261,5,1905,2026-05-25 21:26:00,drive_thru,,credit_card,completed
1023262,13,1598,2026-05-25 21:41:54,delivery,,credit_card,completed
1023263,7,645,2026-05-25 21:51:40,takeout,BOUDIN20,credit_card,completed
1023264,3,,2026-05-26 10:39:28,delivery,,credit_card,completed
1023265,3,503,2026-05-26 10:47:25,dine_in,,credit_card,completed
1023266,20,,2026-05-26 10:52:55,delivery,,credit_card,completed
1023267,5,,2026-05-26 10:54:19,drive_thru,BOUDIN20,credit_card,completed
1023268,10,,2026-05-26 10:55:21,drive_thru,,debit_card,completed
1023269,14,655,2026-05-26 11:07:53,dine_in,,cash,completed
1023270,20,593,2026-05-26 11:15:22,delivery,BOUDIN20,credit_card,completed
1023271,4,,2026-05-26 11:23:55,drive_thru,,debit_card,completed
1023272,5,2322,2026-05-26 11:27:53,takeout,,debit_card,completed
1023273,13,203,2026-05-26 11:40:01,,BOUDIN20,credit_card,completed
1023274,14,,2026-05-26 11:41:31,dine_in,,debit_card,completed
1023275,6,532,2026-05-26 11:43:02,dine_in,,cash,completed
1023276,10,1861,2026-05-26 11:46:37,delivery,BOUDIN20,credit_card,completed
1023277,15,1945,2026-05-26 11:49:09,drive_thru,,credit_card,completed
1023278,20,1682,2026-05-26 11:50:56,delivery,,apple_pay,completed
1023279,16,2161,2026-05-26 11:55:38,dine_in,,cash,completed
1023280,8,1685,2026-05-26 12:01:14,delivery,,apple_pay,completed
1023281,19,2300,2026-05-26 12:06:59,takeout,,apple_pay,completed
1023282,10,,2026-05-26 12:09:11,delivery,BOUDIN20,debit_card,completed
1023283,15,,2026-05-26 12:12:18,dine_in,,cash,completed
1023284,5,873,2026-05-26 12:12:19,drive_thru,,credit_card,completed
1023285,18,838,2026-05-26 12:12:38,delivery,,debit_card,completed
1023286,15,,2026-05-26 12:13:07,dine_in,,cash,completed
1023287,4,95,2026-05-26 12:13:45,delivery,,credit_card,completed
1023288,15,,2026-05-26 12:13:51,takeout,,credit_card,completed
1023289,13,,2026-05-26 12:14:22,delivery,,credit_card,completed
1023290,10,2047,2026-05-26 12:15:04,delivery,,debit_card,completed
1023291,12,1293,2026-05-26 12:17:08,dine_in,,cash,completed
1023292,13,,2026-05-26 12:18:32,dine_in,,debit_card,completed
1023293,19,1411,2026-05-26 12:19:00,dine_in,,credit_card,completed
1023294,13,329,2026-05-26 12:19:25,takeout,,credit_card,completed
1023295,1,267,2026-05-26 12:20:44,dine_in,,debit_card,completed
1023296,8,720,2026-05-26 12:21:53,delivery,,credit_card,completed
1023297,1,2456,2026-05-26 12:23:47,dine_in,,debit_card,refunded
1023298,15,,2026-05-26 12:24:10,drive_thru,,credit_card,refunded
1023299,12,811,2026-05-26 12:24:40,takeout,,cash,completed
1023300,4,,2026-05-26 12:25:22,delivery,,credit_card,completed
1023301,4,2402,2026-05-26 12:25:34,,,credit_card,completed
1023302,4,,2026-05-26 12:26:21,drive_thru,,apple_pay,completed
1023303,2,,2026-05-26 12:26:40,takeout,,credit_card,completed
1023304,3,,2026-05-26 12:27:20,dine_in,,credit_card,completed
1023305,4,1219,2026-05-26 12:28:43,delivery,,gift_card,completed
1023306,16,,2026-05-26 12:29:58,takeout,,credit_card,completed
1023307,14,188,2026-05-26 12:30:35,drive_thru,,cash,completed
1023308,8,,2026-05-26 12:31:30,dine_in,,credit_card,completed
1023309,5,417,2026-05-26 12:33:51,delivery,,debit_card,completed
1023310,18,2344,2026-05-26 12:35:52,drive_thru,,apple_pay,completed
1023311,7,,2026-05-26 12:37:42,delivery,,apple_pay,completed
1023312,18,1173,2026-05-26 12:38:19,takeout,,debit_card,completed
1023313,1,105,2026-05-26 12:42:26,dine_in,,cash,completed
1023314,17,1285,2026-05-26 12:44:27,delivery,,credit_card,completed
1023315,9,1338,2026-05-26 12:46:18,dine_in,,debit_card,completed
1023316,13,391,2026-05-26 12:47:31,delivery,,debit_card,completed
1023317,2,,2026-05-26 12:48:34,dine_in,,credit_card,completed
1023318,19,1266,2026-05-26 12:51:27,dine_in,,apple_pay,completed
1023319,2,1746,2026-05-26 13:03:31,takeout,,credit_card,completed
1023320,6,,2026-05-26 13:10:00,takeout,,credit_card,completed
1023321,3,,2026-05-26 13:10:38,delivery,,credit_card,completed
1023322,3,818,2026-05-26 13:13:41,delivery,,debit_card,completed
1023323,20,1033,2026-05-26 13:18:52,drive_thru,,credit_card,completed
1023324,3,,2026-05-26 13:20:48,delivery,,debit_card,completed
1023325,6,1631,2026-05-26 13:23:09,drive_thru,,cash,completed
1023326,19,885,2026-05-26 13:26:00,drive_thru,,credit_card,completed
1023327,17,962,2026-05-26 13:47:43,,,credit_card,refunded
1023328,11,,2026-05-26 13:47:46,dine_in,,credit_card,completed
1023329,10,1456,2026-05-26 13:56:05,dine_in,,debit_card,completed
1023330,18,,2026-05-26 14:02:33,drive_thru,,cash,completed
1023331,7,1523,2026-05-26 14:04:28,delivery,,debit_card,completed
1023332,6,456,2026-05-26 14:12:32,dine_in,,credit_card,completed
1023333,7,1483,2026-05-26 14:19:53,dine_in,,credit_card,completed
1023334,5,,2026-05-26 14:31:55,dine_in,,cash,completed
1023335,1,755,2026-05-26 15:07:23,dine_in,,debit_card,completed
1023336,11,900,2026-05-26 15:16:50,delivery,,credit_card,completed
1023337,1,978,2026-05-26 15:24:02,delivery,,credit_card,completed
1023338,10,,2026-05-26 15:25:14,takeout,,credit_card,completed
1023339,14,741,2026-05-26 17:15:42,dine_in,,credit_card,completed
1023340,8,,2026-05-26 17:35:49,takeout,,debit_card,completed
1023341,11,1670,2026-05-26 17:48:29,delivery,BOUDIN20,apple_pay,completed
1023342,1,1298,2026-05-26 17:50:05,takeout,,apple_pay,completed
1023343,1,,2026-05-26 17:51:41,dine_in,,debit_card,completed
1023344,6,685,2026-05-26 17:55:28,drive_thru,,apple_pay,completed
1023345,12,,2026-05-26 17:59:31,dine_in,,gift_card,completed
1023346,9,,2026-05-26 18:05:35,delivery,BOUDIN20,credit_card,completed
1023347,6,1664,2026-05-26 18:07:59,takeout,,cash,completed
1023348,7,466,2026-05-26 18:11:28,dine_in,,credit_card,completed
1023349,8,967,2026-05-26 18:13:15,delivery,,credit_card,completed
1023350,14,,2026-05-26 18:13:51,dine_in,,credit_card,completed
1023351,12,770,2026-05-26 18:18:35,delivery,BOUDIN20,credit_card,completed
1023352,13,,2026-05-26 18:19:37,dine_in,,debit_card,completed
1023353,4,,2026-05-26 18:26:11,delivery,,credit_card,completed
1023354,14,1576,2026-05-26 18:28:24,delivery,,debit_card,completed
1023355,19,483,2026-05-26 18:31:06,delivery,,credit_card,completed
1023356,19,,2026-05-26 18:31:29,dine_in,,cash,completed
1023357,14,446,2026-05-26 18:32:16,drive_thru,,credit_card,completed
1023358,16,1715,2026-05-26 18:33:30,dine_in,BOUDIN20,debit_card,completed
1023359,3,1531,2026-05-26 18:34:50,takeout,,gift_card,completed
1023360,5,2100,2026-05-26 18:38:08,delivery,,credit_card,completed
1023361,17,,2026-05-26 18:38:48,takeout,,credit_card,cancelled
1023362,3,,2026-05-26 18:39:17,takeout,,credit_card,completed
1023363,1,1344,2026-05-26 18:39:29,dine_in,,cash,completed
1023364,14,956,2026-05-26 18:40:23,dine_in,,gift_card,completed
1023365,16,,2026-05-26 18:41:00,takeout,,debit_card,completed
1023366,16,1889,2026-05-26 18:41:48,dine_in,,credit_card,completed
1023367,12,1941,2026-05-26 18:42:07,dine_in,,apple_pay,completed
1023368,20,,2026-05-26 18:45:38,dine_in,,credit_card,completed
1023369,9,604,2026-05-26 18:47:07,dine_in,,credit_card,completed
1023370,2,,2026-05-26 18:52:17,takeout,,credit_card,completed
1023371,14,989,2026-05-26 18:52:35,delivery,,debit_card,completed
1023372,17,260,2026-05-26 18:54:11,dine_in,,cash,completed
1023373,16,,2026-05-26 18:58:53,takeout,,cash,completed
1023374,16,1603,2026-05-26 18:59:53,dine_in,,credit_card,completed
1023375,8,,2026-05-26 19:01:23,takeout,,credit_card,completed
1023376,3,965,2026-05-26 19:02:58,delivery,,credit_card,completed
1023377,9,,2026-05-26 19:05:07,dine_in,,credit_card,completed
1023378,20,1174,2026-05-26 19:05:11,takeout,,credit_card,completed
1023379,11,2387,2026-05-26 19:05:27,dine_in,,credit_card,completed
1023380,6,310,2026-05-26 19:07:23,drive_thru,BOUDIN20,cash,completed
1023381,2,1096,2026-05-26 19:13:38,delivery,,debit_card,completed
1023382,3,2099,2026-05-26 19:13:39,takeout,,debit_card,completed
1023383,4,832,2026-05-26 19:16:31,drive_thru,BOUDIN20,debit_card,completed
1023384,13,,2026-05-26 19:17:02,dine_in,BOUDIN20,credit_card,completed
1023385,12,678,2026-05-26 19:19:57,delivery,BOUDIN20,gift_card,completed
1023386,17,543,2026-05-26 19:21:33,dine_in,,credit_card,completed
1023387,15,,2026-05-26 19:24:29,delivery,,credit_card,completed
1023388,10,1456,2026-05-26 19:26:52,dine_in,,debit_card,completed
1023389,3,,2026-05-26 19:26:56,takeout,,apple_pay,completed
1023390,10,1668,2026-05-26 19:31:09,takeout,,gift_card,completed
1023391,3,1255,2026-05-26 19:31:44,dine_in,,debit_card,completed
1023392,5,143,2026-05-26 19:38:57,dine_in,,gift_card,completed
1023393,1,742,2026-05-26 19:45:26,delivery,,credit_card,completed
1023394,12,1669,2026-05-26 19:46:05,delivery,,credit_card,cancelled
1023395,2,,2026-05-26 19:46:16,delivery,,credit_card,completed
1023396,1,2456,2026-05-26 19:54:39,dine_in,,credit_card,completed
1023397,17,2313,2026-05-26 20:06:20,dine_in,,gift_card,completed
1023398,6,1074,2026-05-26 20:18:13,delivery,,credit_card,completed
1023399,2,,2026-05-26 20:23:37,delivery,,apple_pay,completed
1023400,13,2345,2026-05-26 20:50:47,takeout,,credit_card,completed
1023401,2,608,2026-05-26 20:52:15,delivery,,debit_card,completed
1023402,7,,2026-05-26 21:11:44,dine_in,,credit_card,completed
1023403,19,148,2026-05-26 21:29:31,dine_in,,apple_pay,completed
1023404,16,970,2026-05-26 21:53:56,dine_in,,credit_card,completed
1023405,20,1615,2026-05-27 10:42:01,drive_thru,,credit_card,completed
1023406,11,,2026-05-27 11:08:12,takeout,,apple_pay,completed
1023407,17,,2026-05-27 11:19:19,takeout,,gift_card,completed
1023408,4,,2026-05-27 11:20:18,drive_thru,,gift_card,completed
1023409,3,,2026-05-27 11:31:33,dine_in,,cash,completed
1023410,2,1938,2026-05-27 11:40:50,takeout,,apple_pay,refunded
1023411,15,2366,2026-05-27 11:41:44,dine_in,,apple_pay,completed
1023412,13,1059,2026-05-27 11:48:44,takeout,,debit_card,completed
1023413,11,,2026-05-27 11:49:20,dine_in,,credit_card,cancelled
1023414,2,,2026-05-27 11:54:54,dine_in,,credit_card,completed
1023415,6,,2026-05-27 11:55:11,drive_thru,,credit_card,completed
1023416,1,1294,2026-05-27 11:58:33,delivery,,credit_card,completed
1023417,13,309,2026-05-27 12:02:11,delivery,BOUDIN20,credit_card,completed
1023418,5,,2026-05-27 12:04:24,dine_in,,credit_card,completed
1023419,12,,2026-05-27 12:04:24,dine_in,,credit_card,completed
1023420,19,966,2026-05-27 12:06:14,dine_in,,credit_card,completed
1023421,20,1423,2026-05-27 12:07:29,dine_in,BOUDIN20,credit_card,completed
1023422,2,,2026-05-27 12:10:31,takeout,,cash,completed
1023423,11,52,2026-05-27 12:10:52,delivery,,apple_pay,completed
1023424,9,530,2026-05-27 12:11:11,takeout,,gift_card,completed
1023425,19,2281,2026-05-27 12:12:59,dine_in,,credit_card,completed
1023426,14,67,2026-05-27 12:17:46,takeout,,apple_pay,completed
1023427,4,533,2026-05-27 12:19:06,dine_in,,cash,completed
1023428,1,2032,2026-05-27 12:20:07,dine_in,,apple_pay,completed
1023429,18,534,2026-05-27 12:20:10,drive_thru,,debit_card,completed
1023430,10,,2026-05-27 12:21:25,delivery,,credit_card,completed
1023431,10,,2026-05-27 12:22:02,dine_in,,credit_card,completed
1023432,8,,2026-05-27 12:22:14,delivery,,credit_card,completed
1023433,20,1559,2026-05-27 12:24:59,delivery,,credit_card,completed
1023434,17,1433,2026-05-27 12:25:20,dine_in,BOUDIN20,credit_card,completed
1023435,14,1108,2026-05-27 12:25:38,delivery,,apple_pay,completed
1023436,5,,2026-05-27 12:26:54,dine_in,,cash,completed
1023437,1,748,2026-05-27 12:29:45,delivery,,credit_card,completed
1023438,8,1262,2026-05-27 12:29:58,dine_in,,gift_card,completed
1023439,6,,2026-05-27 12:31:45,dine_in,,credit_card,completed
1023440,14,909,2026-05-27 12:32:41,delivery,,debit_card,completed
1023441,7,995,2026-05-27 12:34:23,takeout,,debit_card,completed
1023442,18,1694,2026-05-27 12:34:32,dine_in,,apple_pay,completed
1023443,20,,2026-05-27 12:36:05,takeout,,credit_card,completed
1023444,16,1322,2026-05-27 12:40:59,dine_in,,debit_card,completed
1023445,11,522,2026-05-27 12:44:08,takeout,,apple_pay,completed
1023446,19,2390,2026-05-27 12:46:19,drive_thru,,credit_card,completed
1023447,18,,2026-05-27 12:48:20,dine_in,,cash,completed
1023448,19,863,2026-05-27 12:49:29,delivery,,debit_card,completed
1023449,17,1554,2026-05-27 12:49:56,delivery,,gift_card,completed
1023450,17,,2026-05-27 12:54:27,takeout,,debit_card,completed
1023451,12,,2026-05-27 12:55:03,delivery,,credit_card,cancelled
1023452,4,1425,2026-05-27 12:56:36,dine_in,,credit_card,completed
1023453,7,,2026-05-27 12:59:29,dine_in,,apple_pay,completed
1023454,12,1598,2026-05-27 13:00:00,dine_in,,debit_card,completed
1023455,10,1468,2026-05-27 13:05:33,drive_thru,,debit_card,completed
1023456,11,1779,2026-05-27 13:06:57,drive_thru,,credit_card,completed
1023457,11,,2026-05-27 13:10:10,drive_thru,,apple_pay,completed
1023458,8,1252,2026-05-27 13:10:16,dine_in,,debit_card,completed
1023459,8,,2026-05-27 13:11:03,takeout,,cash,completed
1023460,18,987,2026-05-27 13:13:21,dine_in,,apple_pay,completed
1023461,6,,2026-05-27 13:19:13,,,credit_card,completed
1023462,6,2270,2026-05-27 13:31:58,dine_in,,cash,completed
1023463,1,1289,2026-05-27 13:41:21,dine_in,,apple_pay,completed
1023464,18,1739,2026-05-27 13:55:00,drive_thru,,gift_card,cancelled
1023465,6,1875,2026-05-27 14:16:50,dine_in,,credit_card,completed
1023466,10,1275,2026-05-27 14:28:37,delivery,,credit_card,completed
1023467,2,1210,2026-05-27 14:34:58,takeout,,credit_card,completed
1023468,18,,2026-05-27 14:57:14,dine_in,,cash,completed
1023469,3,,2026-05-27 15:53:19,delivery,,apple_pay,completed
1023470,13,,2026-05-27 16:11:13,takeout,,cash,completed
1023471,18,1659,2026-05-27 16:16:10,drive_thru,,debit_card,completed
1023472,10,,2026-05-27 16:20:24,takeout,BOUDIN20,debit_card,completed
1023473,16,693,2026-05-27 16:36:29,delivery,,credit_card,completed
1023474,12,2234,2026-05-27 16:36:44,delivery,,credit_card,completed
1023475,12,,2026-05-27 17:05:05,takeout,,credit_card,completed
1023476,7,,2026-05-27 17:27:23,takeout,,debit_card,completed
1023477,13,,2026-05-27 17:27:49,delivery,BOUDIN20,debit_card,completed
1023478,12,,2026-05-27 17:40:04,takeout,BOUDIN20,debit_card,completed
1023479,11,1996,2026-05-27 17:44:10,delivery,,credit_card,completed
1023480,5,1340,2026-05-27 17:45:40,dine_in,,gift_card,completed
1023481,12,,2026-05-27 17:49:50,dine_in,,debit_card,completed
1023482,15,,2026-05-27 17:54:40,drive_thru,,credit_card,completed
1023483,11,,2026-05-27 17:59:05,dine_in,BOUDIN20,debit_card,completed
1023484,1,883,2026-05-27 17:59:25,dine_in,,credit_card,completed
1023485,13,1272,2026-05-27 17:59:37,takeout,,apple_pay,completed
1023486,8,256,2026-05-27 18:07:10,dine_in,,apple_pay,completed
1023487,20,,2026-05-27 18:09:46,takeout,,gift_card,completed
1023488,20,1559,2026-05-27 18:12:59,drive_thru,,gift_card,completed
1023489,14,,2026-05-27 18:13:48,dine_in,,apple_pay,completed
1023490,6,1496,2026-05-27 18:14:10,drive_thru,,credit_card,completed
1023491,15,,2026-05-27 18:17:51,delivery,,apple_pay,completed
1023492,6,,2026-05-27 18:18:37,dine_in,,debit_card,completed
1023493,12,860,2026-05-27 18:22:39,dine_in,,credit_card,completed
1023494,17,738,2026-05-27 18:26:24,dine_in,,credit_card,completed
1023495,19,,2026-05-27 18:26:29,drive_thru,,debit_card,refunded
1023496,4,1211,2026-05-27 18:28:20,delivery,,credit_card,completed
1023497,3,786,2026-05-27 18:29:10,takeout,,apple_pay,completed
1023498,17,1979,2026-05-27 18:31:00,delivery,,credit_card,completed
1023499,9,572,2026-05-27 18:37:38,delivery,,apple_pay,completed
1023500,16,1914,2026-05-27 18:39:57,dine_in,,credit_card,completed
1023501,8,2148,2026-05-27 18:41:47,delivery,,credit_card,completed
1023502,11,,2026-05-27 18:45:41,drive_thru,,cash,completed
1023503,10,2284,2026-05-27 18:50:17,dine_in,,apple_pay,cancelled
1023504,17,131,2026-05-27 18:52:49,takeout,,apple_pay,completed
1023505,12,,2026-05-27 18:53:04,delivery,,credit_card,completed
1023506,14,1279,2026-05-27 18:55:41,takeout,,cash,completed
1023507,12,,2026-05-27 18:57:54,delivery,,credit_card,completed
1023508,10,1865,2026-05-27 18:59:08,drive_thru,,cash,completed
1023509,4,1596,2026-05-27 19:00:01,delivery,,credit_card,completed
1023510,7,2398,2026-05-27 19:00:15,dine_in,,credit_card,completed
1023511,4,1176,2026-05-27 19:00:31,dine_in,,cash,completed
1023512,6,,2026-05-27 19:02:21,drive_thru,,credit_card,completed
1023513,4,,2026-05-27 19:02:50,takeout,,cash,completed
1023514,4,869,2026-05-27 19:03:59,drive_thru,,credit_card,completed
1023515,17,1146,2026-05-27 19:04:10,delivery,,credit_card,completed
1023516,10,2220,2026-05-27 19:09:35,dine_in,,cash,completed
1023517,8,,2026-05-27 19:10:18,takeout,,debit_card,refunded
1023518,1,1413,2026-05-27 19:10:56,dine_in,,credit_card,completed
1023519,14,2482,2026-05-27 19:12:50,delivery,BOUDIN20,credit_card,completed
1023520,18,,2026-05-27 19:13:23,dine_in,BOUDIN20,credit_card,completed
1023521,19,2017,2026-05-27 19:16:02,dine_in,,cash,completed
1023522,20,524,2026-05-27 19:17:35,takeout,,debit_card,completed
1023523,17,1147,2026-05-27 19:20:00,delivery,,credit_card,completed
1023524,14,,2026-05-27 19:22:32,dine_in,,debit_card,completed
1023525,2,,2026-05-27 19:22:40,dine_in,,credit_card,completed
1023526,7,1045,2026-05-27 19:22:52,dine_in,,credit_card,completed
1023527,5,1619,2026-05-27 19:22:53,dine_in,,debit_card,completed
1023528,15,2372,2026-05-27 19:23:23,delivery,,credit_card,completed
1023529,20,,2026-05-27 19:23:49,dine_in,,gift_card,completed
1023530,5,1619,2026-05-27 19:26:31,delivery,,credit_card,completed
1023531,8,1574,2026-05-27 19:26:40,delivery,,debit_card,completed
1023532,13,1184,2026-05-27 19:29:51,dine_in,,debit_card,completed
1023533,9,1410,2026-05-27 19:31:25,dine_in,,credit_card,completed
1023534,16,2382,2026-05-27 19:32:31,takeout,,cash,completed
1023535,14,,2026-05-27 19:33:14,dine_in,,debit_card,completed
1023536,13,1293,2026-05-27 19:34:11,takeout,,gift_card,completed
1023537,17,,2026-05-27 19:38:27,dine_in,,cash,completed
1023538,16,2083,2026-05-27 19:44:46,delivery,,apple_pay,completed
1023539,13,1476,2026-05-27 19:45:08,takeout,,credit_card,completed
1023540,2,1356,2026-05-27 19:54:21,dine_in,,cash,cancelled
1023541,19,1939,2026-05-27 20:23:04,takeout,,credit_card,completed
1023542,16,,2026-05-27 20:42:08,dine_in,,cash,completed
1023543,11,1053,2026-05-27 20:53:55,delivery,,debit_card,completed
1023544,5,,2026-05-27 21:00:28,drive_thru,,credit_card,completed
1023545,1,,2026-05-27 21:19:40,delivery,,credit_card,completed
1023546,19,2487,2026-05-27 21:45:24,drive_thru,,credit_card,completed
1023547,10,233,2026-05-27 21:51:34,takeout,,gift_card,completed
1023548,3,2164,2026-05-28 10:31:41,dine_in,,credit_card,completed
1023549,9,572,2026-05-28 11:24:47,delivery,,credit_card,completed
1023550,18,271,2026-05-28 11:27:09,drive_thru,,credit_card,completed
1023551,15,,2026-05-28 11:31:07,delivery,BOUDIN20,credit_card,completed
1023552,7,2,2026-05-28 11:36:52,dine_in,,debit_card,completed
1023553,18,,2026-05-28 11:38:38,delivery,,credit_card,completed
1023554,8,,2026-05-28 11:41:17,delivery,,credit_card,completed
1023555,6,1664,2026-05-28 11:42:50,takeout,,credit_card,completed
1023556,8,,2026-05-28 11:43:14,delivery,,credit_card,cancelled
1023557,15,655,2026-05-28 11:44:49,drive_thru,,gift_card,completed
1023558,16,2163,2026-05-28 11:46:13,dine_in,,debit_card,completed
1023559,7,2414,2026-05-28 11:49:32,delivery,,credit_card,completed
1023560,8,986,2026-05-28 12:00:06,delivery,,debit_card,completed
1023561,19,1411,2026-05-28 12:00:09,dine_in,,debit_card,cancelled
1023562,7,2351,2026-05-28 12:03:07,takeout,,cash,completed
1023563,14,2086,2026-05-28 12:03:35,delivery,,credit_card,completed
1023564,7,1534,2026-05-28 12:05:31,takeout,,apple_pay,completed
1023565,8,1250,2026-05-28 12:10:21,takeout,,debit_card,completed
1023566,16,,2026-05-28 12:11:05,delivery,,credit_card,completed
1023567,6,890,2026-05-28 12:11:18,dine_in,,credit_card,completed
1023568,13,699,2026-05-28 12:11:55,dine_in,,apple_pay,completed
1023569,19,,2026-05-28 12:14:22,drive_thru,,credit_card,completed
1023570,5,,2026-05-28 12:15:25,dine_in,,credit_card,completed
1023571,19,,2026-05-28 12:18:41,delivery,,debit_card,completed
1023572,12,1716,2026-05-28 12:19:30,dine_in,,apple_pay,refunded
1023573,8,62,2026-05-28 12:19:38,dine_in,,credit_card,completed
1023574,4,,2026-05-28 12:20:53,dine_in,,cash,completed
1023575,14,654,2026-05-28 12:21:06,delivery,,credit_card,completed
1023576,7,,2026-05-28 12:22:28,takeout,,debit_card,completed
1023577,12,1881,2026-05-28 12:22:52,dine_in,,credit_card,completed
1023578,10,,2026-05-28 12:26:56,dine_in,,apple_pay,completed
1023579,11,1398,2026-05-28 12:28:18,dine_in,,apple_pay,completed
1023580,20,953,2026-05-28 12:30:17,drive_thru,,credit_card,completed
1023581,14,1897,2026-05-28 12:30:25,drive_thru,,apple_pay,completed
1023582,12,,2026-05-28 12:30:31,delivery,,credit_card,refunded
1023583,5,468,2026-05-28 12:31:34,takeout,,credit_card,completed
1023584,12,802,2026-05-28 12:37:03,dine_in,,credit_card,completed
1023585,9,1271,2026-05-28 12:40:57,takeout,,cash,completed
1023586,11,,2026-05-28 12:42:24,delivery,,credit_card,refunded
1023587,12,1841,2026-05-28 12:42:50,dine_in,,credit_card,completed
1023588,11,1039,2026-05-28 12:44:30,dine_in,,apple_pay,completed
1023589,8,1172,2026-05-28 12:45:03,takeout,,credit_card,completed
1023590,12,1621,2026-05-28 12:48:14,dine_in,,credit_card,completed
1023591,11,,2026-05-28 12:49:37,takeout,,credit_card,completed
1023592,2,2174,2026-05-28 12:50:31,dine_in,,credit_card,completed
1023593,15,597,2026-05-28 12:51:03,delivery,,debit_card,completed
1023594,17,,2026-05-28 12:56:29,delivery,,credit_card,completed
1023595,11,1363,2026-05-28 12:57:46,drive_thru,,cash,completed
1023596,10,,2026-05-28 12:58:06,takeout,BOUDIN20,apple_pay,completed
1023597,3,785,2026-05-28 12:59:15,takeout,,credit_card,completed
1023598,20,1936,2026-05-28 13:02:04,takeout,,debit_card,completed
1023599,12,316,2026-05-28 13:07:20,dine_in,,credit_card,completed
1023600,15,1283,2026-05-28 13:15:06,dine_in,,credit_card,completed
1023601,7,257,2026-05-28 13:18:00,delivery,,credit_card,refunded
1023602,15,85,2026-05-28 13:23:00,drive_thru,,credit_card,completed
1023603,3,88,2026-05-28 13:23:31,dine_in,,cash,completed
1023604,1,2032,2026-05-28 13:26:32,dine_in,,credit_card,completed
1023605,11,2454,2026-05-28 13:32:36,delivery,,credit_card,completed
1023606,18,809,2026-05-28 13:37:33,delivery,,debit_card,completed
1023607,1,,2026-05-28 13:37:37,dine_in,,cash,completed
1023608,20,,2026-05-28 14:30:55,takeout,,debit_card,completed
1023609,12,1912,2026-05-28 14:38:27,dine_in,,credit_card,completed
1023610,5,1535,2026-05-28 15:21:43,delivery,,credit_card,completed
1023611,20,2031,2026-05-28 15:53:18,dine_in,BOUDIN20,debit_card,completed
1023612,1,,2026-05-28 16:10:40,takeout,,apple_pay,completed
1023613,20,,2026-05-28 16:19:18,takeout,,credit_card,completed
1023614,16,117,2026-05-28 16:21:01,delivery,,credit_card,completed
1023615,18,218,2026-05-28 16:33:18,dine_in,,debit_card,completed
1023616,17,1612,05/28/2026 16:36,delivery,,apple_pay,completed
1023617,1,1944,2026-05-28 17:05:17,takeout,,debit_card,completed
1023618,3,,2026-05-28 17:34:08,takeout,,cash,completed
1023619,15,58,2026-05-28 17:50:19,delivery,,credit_card,completed
1023620,11,2220,2026-05-28 17:57:07,delivery,,credit_card,completed
1023621,14,,2026-05-28 17:58:25,drive_thru,BOUDIN20,apple_pay,completed
1023622,14,,2026-05-28 18:11:06,dine_in,,cash,completed
1023623,8,268,2026-05-28 18:11:29,delivery,,apple_pay,completed
1023624,1,,2026-05-28 18:12:15,dine_in,,debit_card,completed
1023625,17,33,2026-05-28 18:12:51,dine_in,,apple_pay,completed
1023626,10,1810,2026-05-28 18:14:59,drive_thru,,credit_card,completed
1023627,18,,2026-05-28 18:15:19,takeout,,debit_card,completed
1023628,12,1652,2026-05-28 18:26:04,takeout,,credit_card,completed
1023629,10,2043,2026-05-28 18:27:00,takeout,,credit_card,completed
1023630,14,1339,2026-05-28 18:32:11,delivery,,apple_pay,completed
1023631,3,2401,05/28/2026 18:34,dine_in,,credit_card,completed
1023632,13,,2026-05-28 18:38:00,dine_in,,debit_card,completed
1023633,11,1313,2026-05-28 18:38:31,delivery,,apple_pay,completed
1023634,1,1640,2026-05-28 18:39:46,takeout,BOUDIN20,debit_card,refunded
1023635,20,427,2026-05-28 18:42:15,dine_in,,debit_card,completed
1023636,3,355,2026-05-28 18:43:08,dine_in,,credit_card,completed
1023637,16,1557,2026-05-28 18:44:08,delivery,,debit_card,completed
1023638,14,2277,2026-05-28 18:44:13,delivery,,credit_card,completed
1023639,9,157,2026-05-28 18:46:23,dine_in,,credit_card,completed
1023640,13,699,2026-05-28 18:49:16,takeout,,credit_card,completed
1023641,13,,2026-05-28 18:49:43,delivery,,credit_card,refunded
1023642,20,390,2026-05-28 18:50:22,delivery,,credit_card,completed
1023643,20,1089,2026-05-28 18:53:19,delivery,,gift_card,completed
1023644,7,,2026-05-28 18:54:09,dine_in,,credit_card,completed
1023645,20,1467,2026-05-28 19:00:19,delivery,,credit_card,completed
1023646,16,1889,2026-05-28 19:01:53,dine_in,,apple_pay,completed
1023647,2,2015,2026-05-28 19:02:05,delivery,,gift_card,completed
1023648,6,1226,2026-05-28 19:04:38,dine_in,,credit_card,completed
1023649,8,418,2026-05-28 19:04:59,dine_in,,cash,completed
1023650,3,,2026-05-28 19:05:14,delivery,,credit_card,completed
1023651,14,195,05/28/2026 19:05,dine_in,,debit_card,completed
1023652,13,1480,2026-05-28 19:06:51,delivery,,debit_card,completed
1023653,6,,2026-05-28 19:10:08,takeout,,cash,completed
1023654,2,897,2026-05-28 19:10:42,delivery,,credit_card,completed
1023655,19,2017,2026-05-28 19:10:46,drive_thru,BOUDIN20,credit_card,completed
1023656,17,,2026-05-28 19:11:23,dine_in,,credit_card,completed
1023657,3,1376,05/28/2026 19:14,dine_in,,debit_card,completed
1023658,7,461,2026-05-28 19:17:02,dine_in,BOUDIN20,credit_card,completed
1023659,6,,2026-05-28 19:17:13,drive_thru,,credit_card,completed
1023660,16,60,2026-05-28 19:17:20,dine_in,,credit_card,completed
1023661,14,617,2026-05-28 19:17:25,dine_in,,credit_card,completed
1023662,16,2083,2026-05-28 19:21:56,takeout,,apple_pay,completed
1023663,14,589,2026-05-28 19:27:35,delivery,,credit_card,completed
1023664,10,358,2026-05-28 19:30:07,drive_thru,,debit_card,completed
1023665,12,1943,2026-05-28 19:33:38,dine_in,,credit_card,completed
1023666,19,2416,2026-05-28 19:36:01,drive_thru,,credit_card,refunded
1023667,17,1715,2026-05-28 19:37:07,dine_in,,credit_card,completed
1023668,5,462,2026-05-28 19:38:49,delivery,,credit_card,completed
1023669,16,848,2026-05-28 19:40:29,takeout,,credit_card,completed
1023670,3,895,2026-05-28 19:41:07,delivery,,apple_pay,completed
1023671,6,,2026-05-28 19:42:55,delivery,,credit_card,completed
1023672,3,389,2026-05-28 19:44:44,delivery,,credit_card,completed
1023673,6,151,2026-05-28 19:45:52,dine_in,,debit_card,completed
1023674,16,,2026-05-28 19:46:05,dine_in,,apple_pay,completed
1023675,20,1686,2026-05-28 19:53:30,dine_in,,apple_pay,completed
1023676,15,2268,2026-05-28 20:00:47,dine_in,BOUDIN20,cash,completed
1023677,8,,2026-05-28 20:05:43,dine_in,,credit_card,completed
1023678,18,1935,2026-05-28 20:06:22,takeout,,debit_card,cancelled
1023679,10,,2026-05-28 20:11:42,dine_in,,credit_card,completed
1023680,3,,2026-05-28 20:19:06,dine_in,,debit_card,completed
1023681,14,814,2026-05-28 20:20:32,dine_in,,cash,completed
1023682,2,2239,2026-05-28 20:22:36,,,debit_card,completed
1023683,16,1734,2026-05-28 20:29:51,takeout,,credit_card,completed
1023684,4,1601,2026-05-28 20:37:52,delivery,,debit_card,completed
1023685,3,2469,2026-05-28 21:04:01,delivery,,credit_card,completed
1023686,5,143,2026-05-28 21:11:57,takeout,,credit_card,completed
1023687,6,890,2026-05-28 21:50:38,drive_thru,,credit_card,completed
1023688,1,748,2026-05-29 10:36:45,dine_in,,credit_card,completed
1023689,11,,2026-05-29 10:42:21,dine_in,,credit_card,completed
1023690,17,,2026-05-29 10:48:28,takeout,,apple_pay,completed
1023691,6,1284,05/29/2026 10:52,dine_in,CRAWFRI,credit_card,completed
1023692,18,1399,2026-05-29 10:59:25,takeout,,cash,completed
1023693,1,2098,2026-05-29 11:04:26,delivery,CRAWFRI,credit_card,completed
1023694,20,1952,2026-05-29 11:16:42,dine_in,,credit_card,completed
1023695,10,1468,2026-05-29 11:25:37,dine_in,,credit_card,completed
1023696,14,10,2026-05-29 11:36:50,drive_thru,BOUDIN20,cash,completed
1023697,6,,2026-05-29 11:38:22,drive_thru,CRAWFRI,cash,completed
1023698,9,,2026-05-29 11:39:05,drive_thru,,credit_card,completed
1023699,19,,2026-05-29 11:40:40,dine_in,,credit_card,completed
1023700,18,2384,2026-05-29 11:41:25,takeout,,credit_card,completed
1023701,8,1404,2026-05-29 11:42:46,takeout,,apple_pay,completed
1023702,6,1690,2026-05-29 11:42:58,dine_in,,credit_card,completed
1023703,13,2435,2026-05-29 11:43:33,delivery,BOUDIN20,debit_card,completed
1023704,1,,2026-05-29 11:44:17,dine_in,CRAWFRI,credit_card,refunded
1023705,1,,2026-05-29 11:48:41,dine_in,,debit_card,completed
1023706,3,1989,2026-05-29 11:53:55,takeout,CRAWFRI,credit_card,completed
1023707,4,,2026-05-29 11:57:28,dine_in,BOUDIN20,debit_card,completed
1023708,10,480,2026-05-29 11:58:26,delivery,,credit_card,completed
1023709,5,,2026-05-29 12:00:35,delivery,,apple_pay,completed
1023710,6,,2026-05-29 12:01:21,drive_thru,,credit_card,completed
1023711,4,1892,2026-05-29 12:02:08,,,credit_card,completed
1023712,18,555,2026-05-29 12:02:19,drive_thru,,debit_card,completed
1023713,3,1531,2026-05-29 12:04:00,delivery,CRAWFRI,credit_card,completed
1023714,8,256,2026-05-29 12:04:22,takeout,,cash,completed
1023715,7,,2026-05-29 12:06:17,takeout,,gift_card,completed
1023716,15,963,2026-05-29 12:07:28,delivery,,gift_card,completed
1023717,15,2133,2026-05-29 12:07:33,dine_in,,debit_card,cancelled
1023718,2,1783,2026-05-29 12:07:44,takeout,,credit_card,completed
1023719,11,2350,2026-05-29 12:10:39,dine_in,,cash,completed
1023720,3,184,2026-05-29 12:10:55,dine_in,,apple_pay,completed
1023721,11,,2026-05-29 12:11:53,delivery,,credit_card,completed
1023722,2,89,2026-05-29 12:13:29,delivery,,credit_card,completed
1023723,6,,2026-05-29 12:14:07,drive_thru,CRAWFRI,credit_card,completed
1023724,6,1778,05/29/2026 12:16,delivery,,apple_pay,completed
1023725,2,2292,2026-05-29 12:18:27,takeout,,debit_card,completed
1023726,8,,2026-05-29 12:19:03,delivery,,gift_card,completed
1023727,10,1013,2026-05-29 12:19:11,drive_thru,,credit_card,completed
1023728,3,1895,2026-05-29 12:19:55,takeout,,apple_pay,completed
1023729,15,554,2026-05-29 12:21:05,takeout,,credit_card,completed
1023730,7,1759,2026-05-29 12:21:51,dine_in,,cash,completed
1023731,6,,2026-05-29 12:22:28,delivery,CRAWFRI,credit_card,completed
1023732,3,,2026-05-29 12:23:07,dine_in,CRAWFRI,credit_card,completed
1023733,18,756,2026-05-29 12:23:10,delivery,BOUDIN20,debit_card,completed
1023734,14,2346,2026-05-29 12:23:38,drive_thru,,credit_card,completed
1023735,10,658,2026-05-29 12:26:55,dine_in,,apple_pay,completed
1023736,6,,2026-05-29 12:31:23,dine_in,BOUDIN20,credit_card,completed
1023737,1,,2026-05-29 12:31:27,dine_in,,apple_pay,completed
1023738,8,,2026-05-29 12:33:04,dine_in,,credit_card,completed
1023739,3,,2026-05-29 12:33:19,delivery,,debit_card,completed
1023740,14,255,05/29/2026 12:34,delivery,,credit_card,refunded
1023741,18,2121,2026-05-29 12:34:36,delivery,,credit_card,completed
1023742,4,747,2026-05-29 12:34:48,dine_in,,credit_card,completed
1023743,9,1381,2026-05-29 12:35:44,delivery,,credit_card,completed
1023744,17,414,2026-05-29 12:37:47,dine_in,BOUDIN20,cash,completed
1023745,19,,2026-05-29 12:40:07,dine_in,BOUDIN20,debit_card,completed
1023746,5,186,2026-05-29 12:41:08,delivery,CRAWFRI,debit_card,completed
1023747,10,1808,2026-05-29 12:43:00,drive_thru,,cash,completed
1023748,3,282,2026-05-29 12:43:47,dine_in,CRAWFRI,credit_card,completed
1023749,17,,2026-05-29 12:45:43,takeout,,debit_card,completed
1023750,4,831,2026-05-29 12:45:48,dine_in,,debit_card,completed
1023751,11,1513,2026-05-29 12:46:57,drive_thru,,credit_card,completed
1023752,1,,2026-05-29 12:47:36,takeout,,apple_pay,cancelled
1023753,3,,2026-05-29 12:48:22,takeout,,cash,completed
1023754,12,1093,2026-05-29 12:49:59,delivery,,apple_pay,completed
1023755,18,1399,2026-05-29 12:50:57,delivery,,credit_card,completed
1023756,16,278,2026-05-29 12:51:07,takeout,,credit_card,completed
1023757,9,,2026-05-29 12:51:33,delivery,,credit_card,cancelled
1023758,1,250,2026-05-29 12:52:18,dine_in,CRAWFRI,debit_card,completed
1023759,18,400,05/29/2026 12:53,drive_thru,,debit_card,completed
1023760,12,1881,2026-05-29 12:56:47,takeout,,cash,completed
1023761,12,596,2026-05-29 12:57:09,dine_in,,credit_card,completed
1023762,15,915,2026-05-29 12:58:56,takeout,,cash,completed
1023763,16,,2026-05-29 13:00:03,takeout,,credit_card,completed
1023764,16,2238,2026-05-29 13:01:14,delivery,,credit_card,completed
1023765,20,,2026-05-29 13:02:00,takeout,CRAWFRI,credit_card,completed
1023766,7,,2026-05-29 13:02:45,takeout,,apple_pay,completed
1023767,3,2363,2026-05-29 13:02:49,dine_in,,debit_card,completed
1023768,3,1235,2026-05-29 13:03:03,takeout,CRAWFRI,credit_card,completed
1023769,13,2431,2026-05-29 13:03:05,delivery,BOUDIN20,apple_pay,completed
1023770,16,,2026-05-29 13:03:12,takeout,,apple_pay,completed
1023771,13,1120,2026-05-29 13:03:15,dine_in,,credit_card,completed
1023772,17,2136,2026-05-29 13:06:14,dine_in,,credit_card,completed
1023773,3,595,2026-05-29 13:09:01,delivery,,credit_card,completed
1023774,13,136,2026-05-29 13:09:37,dine_in,,debit_card,completed
1023775,17,2327,2026-05-29 13:13:01,dine_in,,credit_card,completed
1023776,5,,2026-05-29 13:14:01,takeout,,apple_pay,completed
1023777,3,,2026-05-29 13:15:10,takeout,,credit_card,completed
1023778,12,334,2026-05-29 13:17:10,dine_in,,debit_card,completed
1023779,19,2460,05/29/2026 13:18,drive_thru,,credit_card,completed
1023780,15,1086,2026-05-29 13:21:15,drive_thru,,credit_card,completed
1023781,5,1956,2026-05-29 13:22:07,takeout,,cash,completed
1023782,8,,2026-05-29 13:23:53,delivery,,apple_pay,completed
1023783,4,179,2026-05-29 13:29:42,dine_in,CRAWFRI,credit_card,completed
1023784,13,2366,2026-05-29 13:30:15,delivery,,credit_card,completed
1023785,19,,2026-05-29 13:30:44,takeout,,credit_card,completed
1023786,7,127,05/29/2026 13:33,delivery,,apple_pay,completed
1023787,2,1806,2026-05-29 13:34:19,delivery,CRAWFRI,credit_card,completed
1023788,3,1867,2026-05-29 13:34:27,dine_in,,debit_card,completed
1023789,3,1814,2026-05-29 13:38:13,takeout,,credit_card,completed
1023790,16,60,2026-05-29 13:41:22,takeout,,credit_card,completed
1023791,2,,2026-05-29 13:43:00,dine_in,,cash,completed
1023792,3,,2026-05-29 13:49:26,dine_in,,debit_card,completed
1023793,20,1843,2026-05-29 13:53:41,dine_in,,apple_pay,completed
1023794,18,1399,2026-05-29 13:54:05,delivery,,credit_card,completed
1023795,4,,2026-05-29 14:45:04,takeout,CRAWFRI,credit_card,completed
1023796,15,1494,2026-05-29 15:20:27,dine_in,,credit_card,completed
1023797,13,61,2026-05-29 15:35:34,delivery,,credit_card,completed
1023798,12,956,05/29/2026 15:51,takeout,,cash,completed
1023799,8,2008,2026-05-29 15:53:53,delivery,,credit_card,completed
1023800,13,58,2026-05-29 15:54:54,delivery,,credit_card,completed
1023801,13,,2026-05-29 15:55:29,takeout,,credit_card,completed
1023802,12,,2026-05-29 16:04:07,takeout,,credit_card,completed
1023803,3,,2026-05-29 16:05:32,dine_in,,credit_card,completed
1023804,6,1510,2026-05-29 16:13:21,drive_thru,,debit_card,completed
1023805,20,2160,2026-05-29 16:24:14,dine_in,,debit_card,completed
1023806,9,87,2026-05-29 16:27:56,drive_thru,,cash,completed
1023807,19,,2026-05-29 17:02:07,delivery,,debit_card,completed
1023808,13,1642,2026-05-29 17:03:07,takeout,,debit_card,completed
1023809,10,568,2026-05-29 17:07:01,dine_in,,apple_pay,completed
1023810,17,1147,2026-05-29 17:23:10,dine_in,,debit_card,cancelled
1023811,13,,2026-05-29 17:31:10,delivery,,credit_card,completed
1023812,2,1896,2026-05-29 17:40:59,delivery,,credit_card,cancelled
1023813,13,,2026-05-29 17:43:05,dine_in,,credit_card,refunded
1023814,15,351,2026-05-29 17:46:24,drive_thru,,credit_card,completed
1023815,20,1843,2026-05-29 17:48:24,dine_in,CRAWFRI,credit_card,completed
1023816,20,,2026-05-29 17:52:19,delivery,,credit_card,completed
1023817,13,617,2026-05-29 17:54:38,takeout,,credit_card,completed
1023818,14,2069,2026-05-29 18:04:46,delivery,,apple_pay,completed
1023819,10,1468,2026-05-29 18:05:01,dine_in,,apple_pay,completed
1023820,18,1979,2026-05-29 18:07:54,delivery,,credit_card,completed
1023821,16,,2026-05-29 18:10:42,dine_in,,gift_card,completed
1023822,5,1522,2026-05-29 18:14:16,takeout,CRAWFRI,debit_card,completed
1023823,7,,2026-05-29 18:17:32,dine_in,,credit_card,completed
1023824,7,1767,2026-05-29 18:18:29,delivery,,credit_card,completed
1023825,18,276,2026-05-29 18:21:14,dine_in,,debit_card,completed
1023826,6,1501,2026-05-29 18:22:00,drive_thru,,credit_card,completed
1023827,14,,2026-05-29 18:27:06,drive_thru,,cash,completed
1023828,16,,2026-05-29 18:27:08,dine_in,,apple_pay,completed
1023829,11,,2026-05-29 18:27:26,drive_thru,BOUDIN20,debit_card,completed
1023830,19,,2026-05-29 18:27:27,dine_in,,apple_pay,completed
1023831,10,1810,2026-05-29 18:27:45,dine_in,,cash,completed
1023832,16,647,2026-05-29 18:29:00,dine_in,,debit_card,completed
1023833,7,2219,2026-05-29 18:30:27,dine_in,,debit_card,completed
1023834,5,143,2026-05-29 18:31:20,dine_in,CRAWFRI,credit_card,completed
1023835,3,343,2026-05-29 18:32:00,takeout,CRAWFRI,gift_card,completed
1023836,6,,05/29/2026 18:33,dine_in,CRAWFRI,credit_card,cancelled
1023837,7,1158,2026-05-29 18:33:30,delivery,,credit_card,completed
1023838,15,1536,2026-05-29 18:34:13,delivery,,credit_card,completed
1023839,13,136,2026-05-29 18:35:39,delivery,,debit_card,completed
1023840,2,,2026-05-29 18:35:42,takeout,,credit_card,completed
1023841,7,107,2026-05-29 18:36:46,delivery,,apple_pay,completed
1023842,16,,05/29/2026 18:40,delivery,,credit_card,completed
1023843,6,1778,2026-05-29 18:42:42,delivery,,apple_pay,cancelled
1023844,11,2499,05/29/2026 18:45,takeout,,credit_card,completed
1023845,1,130,2026-05-29 18:46:29,dine_in,CRAWFRI,cash,completed
1023846,4,,2026-05-29 18:46:37,delivery,,credit_card,completed
1023847,2,468,2026-05-29 18:47:03,takeout,,credit_card,completed
1023848,16,2479,2026-05-29 18:48:26,delivery,BOUDIN20,debit_card,completed
1023849,5,264,2026-05-29 18:48:57,delivery,CRAWFRI,credit_card,completed
1023850,3,,2026-05-29 18:49:38,takeout,BOUDIN20,apple_pay,completed
1023851,14,471,2026-05-29 18:49:53,delivery,,debit_card,completed
1023852,4,,2026-05-29 18:50:24,drive_thru,,debit_card,completed
1023853,20,2242,2026-05-29 18:50:24,delivery,,credit_card,completed
1023854,9,1788,2026-05-29 18:50:40,dine_in,,gift_card,completed
1023855,4,,2026-05-29 18:51:20,drive_thru,,debit_card,cancelled
1023856,4,1219,2026-05-29 18:51:57,dine_in,CRAWFRI,debit_card,completed
1023857,5,,2026-05-29 18:52:00,drive_thru,CRAWFRI,credit_card,completed
1023858,6,595,2026-05-29 18:52:50,drive_thru,,credit_card,completed
1023859,14,1191,2026-05-29 18:53:01,drive_thru,,credit_card,completed
1023860,14,,2026-05-29 18:54:41,drive_thru,,gift_card,refunded
1023861,1,630,2026-05-29 18:55:19,dine_in,CRAWFRI,credit_card,completed
1023862,13,,2026-05-29 18:57:29,takeout,,cash,completed
1023863,19,1411,2026-05-29 18:57:55,dine_in,,cash,completed
1023864,5,808,2026-05-29 18:58:13,dine_in,CRAWFRI,cash,completed
1023865,8,827,2026-05-29 18:58:46,dine_in,,credit_card,completed
1023866,14,2420,2026-05-29 18:59:30,takeout,,apple_pay,completed
1023867,3,1423,2026-05-29 19:00:27,takeout,,cash,completed
1023868,12,,2026-05-29 19:00:52,dine_in,,debit_card,completed
1023869,5,,2026-05-29 19:01:22,delivery,,credit_card,completed
1023870,19,80,2026-05-29 19:03:59,drive_thru,BOUDIN20,credit_card,completed
1023871,13,1613,2026-05-29 19:04:18,dine_in,,credit_card,completed
1023872,3,71,2026-05-29 19:04:30,dine_in,,apple_pay,completed
1023873,3,,2026-05-29 19:04:31,dine_in,,credit_card,completed
1023874,6,455,2026-05-29 19:09:28,delivery,BOUDIN20,debit_card,completed
1023875,14,1725,2026-05-29 19:10:54,delivery,,debit_card,completed
1023876,12,1343,2026-05-29 19:12:06,takeout,,debit_card,completed
1023877,14,770,2026-05-29 19:12:06,drive_thru,BOUDIN20,credit_card,completed
1023878,14,589,2026-05-29 19:14:28,dine_in,,credit_card,completed
1023879,1,,2026-05-29 19:14:34,takeout,CRAWFRI,credit_card,completed
1023880,19,,2026-05-29 19:17:38,delivery,,debit_card,completed
1023881,10,,2026-05-29 19:18:35,drive_thru,,gift_card,completed
1023882,18,,2026-05-29 19:19:10,delivery,,credit_card,completed
1023883,4,1278,2026-05-29 19:21:55,takeout,,credit_card,completed
1023884,16,33,2026-05-29 19:24:00,dine_in,,debit_card,completed
1023885,9,,2026-05-29 19:24:06,dine_in,,credit_card,completed
1023886,1,156,2026-05-29 19:25:58,dine_in,,apple_pay,completed
1023887,14,1990,2026-05-29 19:27:03,dine_in,,debit_card,completed
1023888,4,369,2026-05-29 19:27:35,drive_thru,CRAWFRI,cash,completed
1023889,13,1481,2026-05-29 19:27:47,takeout,,debit_card,completed
1023890,6,474,2026-05-29 19:29:42,takeout,CRAWFRI,debit_card,completed
1023891,17,1146,2026-05-29 19:31:02,dine_in,,credit_card,completed
1023892,6,,2026-05-29 19:32:20,delivery,CRAWFRI,credit_card,completed
1023893,6,,2026-05-29 19:33:40,dine_in,CRAWFRI,credit_card,cancelled
1023894,20,,2026-05-29 19:34:44,drive_thru,,cash,completed
1023895,16,,2026-05-29 19:36:41,delivery,,credit_card,completed
1023896,11,2398,2026-05-29 19:37:54,delivery,,credit_card,completed
1023897,8,,2026-05-29 19:39:50,takeout,,credit_card,completed
1023898,8,2261,2026-05-29 19:42:47,takeout,,apple_pay,completed
1023899,9,157,2026-05-29 19:43:09,dine_in,,credit_card,completed
1023900,11,353,2026-05-29 19:44:38,delivery,BOUDIN20,credit_card,completed
1023901,12,1912,2026-05-29 19:44:48,,,credit_card,completed
1023902,3,372,2026-05-29 19:47:17,delivery,CRAWFRI,credit_card,completed
1023903,1,2003,2026-05-29 19:49:39,takeout,BOUDIN20,apple_pay,cancelled
1023904,11,823,2026-05-29 19:50:34,dine_in,BOUDIN20,apple_pay,completed
1023905,14,2063,2026-05-29 19:54:55,takeout,,credit_card,completed
1023906,19,320,2026-05-29 19:55:01,drive_thru,,credit_card,completed
1023907,13,1109,2026-05-29 19:56:29,takeout,BOUDIN20,gift_card,completed
1023908,15,,2026-05-29 20:00:21,drive_thru,,cash,completed
1023909,16,2120,2026-05-29 20:02:35,takeout,,debit_card,completed
1023910,16,,2026-05-29 20:06:29,delivery,,apple_pay,completed
1023911,7,1017,2026-05-29 20:07:08,takeout,,debit_card,completed
1023912,3,453,2026-05-29 20:09:26,dine_in,CRAWFRI,credit_card,completed
1023913,11,959,2026-05-29 20:10:56,dine_in,,debit_card,completed
1023914,19,565,2026-05-29 20:13:04,delivery,,credit_card,completed
1023915,6,,2026-05-29 20:17:02,dine_in,BOUDIN20,credit_card,completed
1023916,20,653,2026-05-29 20:25:18,takeout,,debit_card,completed
1023917,1,,05/29/2026 20:32,delivery,,credit_card,completed
1023918,14,1390,2026-05-29 20:34:04,delivery,,credit_card,completed
1023919,18,,2026-05-29 20:34:30,takeout,,apple_pay,completed
1023920,20,594,2026-05-29 21:08:22,takeout,CRAWFRI,debit_card,completed
1023921,7,773,2026-05-29 21:17:57,dine_in,,cash,completed
1023922,11,1660,2026-05-29 21:39:21,drive_thru,BOUDIN20,credit_card,completed
1023923,17,2328,2026-05-29 21:44:26,dine_in,,credit_card,completed
1023924,6,537,2026-05-29 21:44:49,drive_thru,CRAWFRI,credit_card,completed
1023925,16,1557,2026-05-29 21:57:05,delivery,,credit_card,completed
1023926,7,912,2026-05-30 10:41:53,,,gift_card,completed
1023927,12,324,2026-05-30 10:43:57,takeout,,debit_card,completed
1023928,18,1689,2026-05-30 10:46:13,takeout,,credit_card,completed
1023929,6,75,2026-05-30 11:16:53,dine_in,,credit_card,completed
1023930,6,1096,2026-05-30 11:29:59,delivery,,credit_card,completed
1023931,4,,2026-05-30 11:33:21,dine_in,,credit_card,completed
1023932,14,2346,2026-05-30 11:34:06,drive_thru,BOUDIN20,gift_card,cancelled
1023933,10,2480,2026-05-30 11:34:09,takeout,BOUDIN20,cash,completed
1023934,15,311,2026-05-30 11:37:35,dine_in,,credit_card,completed
1023935,20,1843,2026-05-30 11:40:55,drive_thru,,cash,completed
1023936,20,2271,2026-05-30 11:41:10,delivery,,credit_card,completed
1023937,16,,2026-05-30 11:44:42,dine_in,,credit_card,completed
1023938,14,,2026-05-30 11:46:47,delivery,,debit_card,completed
1023939,13,977,2026-05-30 11:48:04,dine_in,,credit_card,completed
1023940,4,1596,2026-05-30 11:49:34,drive_thru,,credit_card,completed
1023941,15,,2026-05-30 11:49:59,delivery,,credit_card,completed
1023942,6,1977,2026-05-30 11:50:00,dine_in,,credit_card,completed
1023943,17,2411,2026-05-30 11:55:04,dine_in,,cash,completed
1023944,15,1593,2026-05-30 11:57:55,delivery,,credit_card,completed
1023945,5,2044,2026-05-30 11:58:14,dine_in,,apple_pay,completed
1023946,18,,2026-05-30 12:01:38,takeout,,cash,completed
1023947,10,1188,2026-05-30 12:01:52,dine_in,,gift_card,completed
1023948,7,2201,2026-05-30 12:02:12,takeout,,credit_card,completed
1023949,8,2261,2026-05-30 12:11:19,takeout,BOUDIN20,credit_card,completed
1023950,8,1594,2026-05-30 12:11:26,takeout,,cash,refunded
1023951,3,,2026-05-30 12:12:18,dine_in,BOUDIN20,credit_card,completed
1023952,8,1327,2026-05-30 12:13:24,dine_in,,credit_card,completed
1023953,8,1327,2026-05-30 12:14:10,dine_in,,debit_card,completed
1023954,4,878,2026-05-30 12:14:53,delivery,,debit_card,completed
1023955,16,2114,2026-05-30 12:15:47,takeout,,apple_pay,completed
1023956,4,,2026-05-30 12:16:44,drive_thru,,credit_card,completed
1023957,19,,2026-05-30 12:17:21,dine_in,,apple_pay,completed
1023958,5,264,2026-05-30 12:18:23,dine_in,,credit_card,cancelled
1023959,3,2181,2026-05-30 12:18:39,delivery,,debit_card,completed
1023960,8,,2026-05-30 12:21:17,dine_in,,debit_card,completed
1023961,3,1255,2026-05-30 12:22:48,takeout,,debit_card,completed
1023962,7,995,2026-05-30 12:24:05,delivery,,debit_card,completed
1023963,7,1607,2026-05-30 12:24:08,delivery,,apple_pay,cancelled
1023964,1,,2026-05-30 12:24:30,dine_in,,credit_card,completed
1023965,6,170,2026-05-30 12:25:29,delivery,,credit_card,completed
1023966,11,2105,2026-05-30 12:25:39,takeout,,credit_card,cancelled
1023967,3,1131,2026-05-30 12:26:11,takeout,,debit_card,cancelled
1023968,20,1096,2026-05-30 12:27:24,dine_in,,apple_pay,cancelled
1023969,16,,2026-05-30 12:27:55,dine_in,,credit_card,completed
1023970,5,,2026-05-30 12:28:43,dine_in,,credit_card,completed
1023971,10,2036,2026-05-30 12:28:44,drive_thru,,cash,completed
1023972,9,2288,2026-05-30 12:29:11,delivery,,gift_card,completed
1023973,11,591,2026-05-30 12:29:36,delivery,,debit_card,completed
1023974,5,,2026-05-30 12:30:13,dine_in,,credit_card,completed
1023975,18,,05/30/2026 12:30,drive_thru,,apple_pay,completed
1023976,7,,2026-05-30 12:31:01,dine_in,,credit_card,completed
1023977,4,170,2026-05-30 12:31:25,takeout,,debit_card,completed
1023978,13,,2026-05-30 12:33:32,takeout,,credit_card,refunded
1023979,15,817,2026-05-30 12:34:21,delivery,,credit_card,completed
1023980,16,1734,2026-05-30 12:34:23,dine_in,,apple_pay,completed
1023981,8,,2026-05-30 12:35:28,takeout,,credit_card,completed
1023982,14,,2026-05-30 12:37:31,takeout,,credit_card,completed
1023983,3,220,2026-05-30 12:38:01,delivery,,apple_pay,completed
1023984,20,2088,2026-05-30 12:42:37,drive_thru,,credit_card,completed
1023985,2,,2026-05-30 12:42:45,dine_in,,credit_card,refunded
1023986,14,1264,2026-05-30 12:43:18,delivery,,credit_card,completed
1023987,2,2239,2026-05-30 12:45:09,dine_in,BOUDIN20,credit_card,completed
1023988,18,1832,2026-05-30 12:45:59,dine_in,,credit_card,completed
1023989,19,350,2026-05-30 12:47:30,takeout,,apple_pay,completed
1023990,15,1293,2026-05-30 12:47:38,drive_thru,,apple_pay,completed
1023991,8,1194,2026-05-30 12:47:41,dine_in,,credit_card,completed
1023992,10,1470,2026-05-30 12:48:40,takeout,,credit_card,completed
1023993,17,,2026-05-30 12:48:53,delivery,,credit_card,completed
1023994,6,2353,2026-05-30 12:49:53,dine_in,,debit_card,completed
1023995,20,1251,2026-05-30 12:52:41,dine_in,,cash,completed
1023996,6,1113,2026-05-30 12:53:58,drive_thru,,debit_card,completed
1023997,18,2290,2026-05-30 12:54:09,takeout,,credit_card,completed
1023998,15,,2026-05-30 12:55:47,takeout,,credit_card,completed
1023999,17,314,2026-05-30 12:57:57,takeout,,debit_card,completed
1024000,2,1464,2026-05-30 12:57:58,dine_in,,cash,completed
1024001,8,,2026-05-30 12:58:56,dine_in,,credit_card,completed
1024002,10,418,2026-05-30 12:59:31,drive_thru,,credit_card,completed
1024003,13,699,2026-05-30 12:59:36,takeout,,credit_card,completed
1024004,13,1272,2026-05-30 13:02:10,dine_in,,gift_card,completed
1024005,1,,2026-05-30 13:05:55,dine_in,,gift_card,completed
1024006,12,214,2026-05-30 13:06:37,dine_in,,credit_card,completed
1024007,2,825,2026-05-30 13:10:56,dine_in,,debit_card,completed
1024008,2,874,2026-05-30 13:11:56,delivery,,debit_card,completed
1024009,17,1961,2026-05-30 13:14:00,dine_in,,apple_pay,completed
1024010,4,2478,2026-05-30 13:15:42,dine_in,,credit_card,completed
1024011,19,657,2026-05-30 13:16:58,takeout,,credit_card,completed
1024012,9,1589,2026-05-30 13:17:32,dine_in,,credit_card,completed
1024013,2,,2026-05-30 13:28:34,dine_in,,credit_card,completed
1024014,10,,2026-05-30 13:29:09,drive_thru,,credit_card,completed
1024015,8,,2026-05-30 13:30:20,delivery,,credit_card,completed
1024016,13,633,2026-05-30 13:35:03,dine_in,,credit_card,completed
1024017,6,,2026-05-30 13:44:17,delivery,,debit_card,completed
1024018,17,,2026-05-30 14:06:37,dine_in,,debit_card,completed
1024019,2,541,2026-05-30 14:31:12,takeout,,apple_pay,completed
1024020,19,150,2026-05-30 14:33:27,dine_in,BOUDIN20,credit_card,completed
1024021,12,817,2026-05-30 14:39:10,,,credit_card,completed
1024022,10,2472,2026-05-30 14:49:47,takeout,,credit_card,completed
1024023,8,,2026-05-30 14:53:30,dine_in,,credit_card,completed
1024024,16,,2026-05-30 15:05:39,delivery,,credit_card,completed
1024025,16,885,2026-05-30 15:23:11,dine_in,,debit_card,completed
1024026,8,1440,2026-05-30 15:28:05,dine_in,,credit_card,completed
1024027,4,,2026-05-30 15:30:02,delivery,,apple_pay,completed
1024028,17,414,2026-05-30 16:11:01,takeout,,cash,completed
1024029,3,1235,2026-05-30 16:14:13,dine_in,,credit_card,completed
1024030,3,746,2026-05-30 16:45:53,takeout,BOUDIN20,credit_card,completed
1024031,11,2387,2026-05-30 16:50:32,delivery,,debit_card,refunded
1024032,11,2424,2026-05-30 17:41:51,delivery,,debit_card,completed
1024033,1,429,2026-05-30 17:42:16,,,credit_card,completed
1024034,11,1442,2026-05-30 17:43:57,dine_in,,cash,completed
1024035,8,,2026-05-30 17:46:10,takeout,BOUDIN20,gift_card,completed
1024036,4,960,2026-05-30 17:48:03,delivery,,credit_card,completed
1024037,10,,2026-05-30 17:52:07,drive_thru,,credit_card,completed
1024038,5,,2026-05-30 17:55:00,takeout,,debit_card,cancelled
1024039,20,521,2026-05-30 17:55:58,delivery,,apple_pay,completed
1024040,6,1763,2026-05-30 17:59:55,delivery,,credit_card,completed
1024041,12,,2026-05-30 18:07:11,dine_in,,debit_card,completed
1024042,1,1998,2026-05-30 18:07:31,takeout,,credit_card,completed
1024043,14,255,2026-05-30 18:08:08,dine_in,,debit_card,completed
1024044,16,908,2026-05-30 18:08:12,delivery,,apple_pay,completed
1024045,12,,2026-05-30 18:09:12,delivery,,gift_card,completed
1024046,17,1079,2026-05-30 18:10:29,delivery,,credit_card,completed
1024047,3,,2026-05-30 18:12:38,takeout,,credit_card,completed
1024048,9,2141,2026-05-30 18:17:36,drive_thru,,debit_card,completed
1024049,16,607,2026-05-30 18:18:20,dine_in,,gift_card,completed
1024050,2,1938,2026-05-30 18:18:41,dine_in,,credit_card,completed
1024051,12,,2026-05-30 18:19:06,dine_in,,cash,completed
1024052,15,1793,2026-05-30 18:22:16,dine_in,,debit_card,completed
1024053,15,,2026-05-30 18:24:16,takeout,,apple_pay,completed
1024054,4,1609,2026-05-30 18:24:26,dine_in,,apple_pay,completed
1024055,2,,2026-05-30 18:24:54,delivery,BOUDIN20,credit_card,completed
1024056,4,,2026-05-30 18:25:39,dine_in,,cash,completed
1024057,3,651,2026-05-30 18:26:05,delivery,,credit_card,completed
1024058,1,,2026-05-30 18:27:31,dine_in,,credit_card,completed
1024059,15,2383,2026-05-30 18:29:56,drive_thru,,gift_card,completed
1024060,5,1633,2026-05-30 18:30:13,takeout,,debit_card,completed
1024061,4,,2026-05-30 18:32:38,dine_in,BOUDIN20,debit_card,completed
1024062,7,,2026-05-30 18:34:50,dine_in,,cash,completed
1024063,20,437,2026-05-30 18:35:14,dine_in,,cash,completed
1024064,7,13,2026-05-30 18:35:19,dine_in,,credit_card,completed
1024065,17,559,2026-05-30 18:38:54,dine_in,,credit_card,completed
1024066,15,677,2026-05-30 18:39:10,drive_thru,,credit_card,completed
1024067,8,667,2026-05-30 18:40:29,dine_in,,apple_pay,completed
1024068,6,,2026-05-30 18:41:15,drive_thru,,apple_pay,completed
1024069,17,2357,2026-05-30 18:44:20,delivery,,apple_pay,completed
1024070,15,373,2026-05-30 18:44:21,delivery,,credit_card,completed
1024071,3,210,2026-05-30 18:45:05,takeout,,apple_pay,completed
1024072,1,2486,2026-05-30 18:46:12,dine_in,,gift_card,completed
1024073,5,,2026-05-30 18:47:38,takeout,,debit_card,completed
1024074,1,,2026-05-30 18:49:25,takeout,,apple_pay,completed
1024075,7,303,2026-05-30 18:52:13,dine_in,,cash,completed
1024076,19,,2026-05-30 18:52:22,delivery,,apple_pay,completed
1024077,3,249,2026-05-30 18:52:23,takeout,,credit_card,completed
1024078,6,1347,2026-05-30 18:54:59,dine_in,,apple_pay,completed
1024079,6,1742,2026-05-30 18:55:04,delivery,,debit_card,completed
1024080,1,630,2026-05-30 18:55:55,delivery,,credit_card,completed
1024081,13,1755,2026-05-30 18:56:12,takeout,,cash,completed
1024082,13,348,2026-05-30 18:56:31,delivery,,credit_card,completed
1024083,15,1114,2026-05-30 18:58:09,dine_in,,credit_card,completed
1024084,17,1393,2026-05-30 18:59:25,dine_in,,debit_card,completed
1024085,20,,2026-05-30 18:59:50,delivery,,credit_card,completed
1024086,7,2464,2026-05-30 19:01:20,delivery,BOUDIN20,debit_card,completed
1024087,10,939,2026-05-30 19:02:04,dine_in,,debit_card,completed
1024088,12,1881,2026-05-30 19:03:17,dine_in,,credit_card,completed
1024089,1,1138,2026-05-30 19:04:35,dine_in,,debit_card,completed
1024090,5,981,2026-05-30 19:08:56,takeout,,credit_card,completed
1024091,13,1642,2026-05-30 19:10:28,takeout,,credit_card,completed
1024092,20,1853,2026-05-30 19:12:06,delivery,,credit_card,completed
1024093,11,2335,2026-05-30 19:16:06,drive_thru,,apple_pay,completed
1024094,12,,2026-05-30 19:16:31,delivery,,credit_card,completed
1024095,16,668,2026-05-30 19:18:13,delivery,,debit_card,completed
1024096,10,,05/30/2026 19:18,delivery,,apple_pay,completed
1024097,6,,2026-05-30 19:18:21,drive_thru,,credit_card,completed
1024098,16,326,2026-05-30 19:22:31,delivery,,credit_card,completed
1024099,5,396,2026-05-30 19:22:37,delivery,,apple_pay,completed
1024100,1,1920,2026-05-30 19:24:16,dine_in,,apple_pay,completed
1024101,9,2288,2026-05-30 19:24:50,dine_in,,debit_card,completed
1024102,16,,2026-05-30 19:26:01,dine_in,,credit_card,completed
1024103,18,,2026-05-30 19:27:38,delivery,,debit_card,completed
1024104,14,,2026-05-30 19:29:42,drive_thru,,apple_pay,completed
1024105,4,,2026-05-30 19:31:24,drive_thru,,cash,completed
1024106,13,,2026-05-30 19:31:28,delivery,BOUDIN20,apple_pay,completed
1024107,17,242,05/30/2026 19:32,dine_in,,debit_card,completed
1024108,19,301,2026-05-30 19:33:01,delivery,,credit_card,completed
1024109,13,473,2026-05-30 19:33:07,delivery,,credit_card,completed
1024110,1,,2026-05-30 19:34:09,takeout,,debit_card,completed
1024111,7,1973,05/30/2026 19:36,dine_in,,debit_card,completed
1024112,6,1033,2026-05-30 19:45:16,,,debit_card,completed
1024113,19,,2026-05-30 19:46:24,drive_thru,BOUDIN20,debit_card,completed
1024114,15,85,2026-05-30 19:47:55,delivery,,credit_card,completed
1024115,14,779,2026-05-30 19:50:25,dine_in,,cash,completed
1024116,5,1556,2026-05-30 19:50:36,drive_thru,,debit_card,completed
1024117,20,390,2026-05-30 19:59:18,drive_thru,,gift_card,completed
1024118,18,2267,2026-05-30 19:59:34,dine_in,,apple_pay,completed
1024119,1,739,2026-05-30 19:59:36,dine_in,,debit_card,completed
1024120,15,,2026-05-30 20:00:24,delivery,,apple_pay,completed
1024121,20,1392,2026-05-30 20:01:07,dine_in,,credit_card,completed
1024122,16,,2026-05-30 20:01:16,dine_in,,credit_card,completed
1024123,6,126,2026-05-30 20:03:44,delivery,,credit_card,completed
1024124,13,1429,2026-05-30 20:03:56,delivery,,credit_card,completed
1024125,8,466,2026-05-30 20:04:17,dine_in,,debit_card,completed
1024126,3,17,2026-05-30 20:04:51,takeout,,credit_card,completed
1024127,6,2221,2026-05-30 20:05:35,dine_in,,credit_card,refunded
1024128,13,,2026-05-30 20:06:58,delivery,,gift_card,completed
1024129,14,2366,2026-05-30 20:07:47,dine_in,,credit_card,completed
1024130,3,,2026-05-30 20:11:02,takeout,,apple_pay,completed
1024131,15,398,2026-05-30 20:11:44,dine_in,,apple_pay,completed
1024132,1,,2026-05-30 20:14:54,dine_in,,cash,completed
1024133,13,1481,2026-05-30 20:14:58,takeout,,apple_pay,completed
1024134,20,2160,2026-05-30 20:16:05,drive_thru,,credit_card,completed
1024135,3,1955,2026-05-30 20:16:36,takeout,,debit_card,completed
1024136,16,1579,2026-05-30 20:22:17,delivery,,credit_card,completed
1024137,20,1854,2026-05-30 20:23:10,dine_in,,apple_pay,completed
1024138,4,,2026-05-30 20:25:13,drive_thru,,credit_card,completed
1024139,7,,2026-05-30 20:28:23,takeout,,cash,completed
1024140,11,,2026-05-30 20:28:47,delivery,BOUDIN20,credit_card,completed
1024141,3,384,2026-05-30 20:44:53,takeout,,credit_card,completed
1024142,9,,2026-05-30 20:46:35,takeout,,debit_card,completed
1024143,13,633,2026-05-30 20:48:15,dine_in,,gift_card,completed
1024144,20,,2026-05-30 20:54:09,drive_thru,,debit_card,completed
1024145,1,2110,2026-05-30 20:54:51,delivery,,debit_card,completed
1024146,20,1936,2026-05-30 21:00:07,takeout,,credit_card,completed
1024147,4,2111,2026-05-30 21:01:25,dine_in,,credit_card,completed
1024148,20,,2026-05-30 21:10:57,drive_thru,,apple_pay,completed
1024149,13,1877,2026-05-30 21:16:37,takeout,,credit_card,completed
1024150,12,,2026-05-30 21:39:43,takeout,,debit_card,completed
1024151,12,,2026-05-30 21:42:18,dine_in,,credit_card,completed
1024152,10,418,2026-05-30 21:47:44,delivery,,credit_card,completed
1024153,4,974,2026-05-31 10:39:14,takeout,,credit_card,completed
1024154,20,,2026-05-31 11:02:32,drive_thru,,credit_card,completed
1024155,12,2375,2026-05-31 11:17:13,delivery,,credit_card,completed
1024156,14,1725,2026-05-31 11:23:26,takeout,,credit_card,completed
1024157,1,185,2026-05-31 11:24:58,dine_in,,credit_card,completed
1024158,3,2002,2026-05-31 11:29:47,dine_in,,apple_pay,completed
1024159,19,,2026-05-31 11:31:42,takeout,,gift_card,completed
1024160,8,839,2026-05-31 11:34:12,delivery,,debit_card,completed
1024161,7,861,2026-05-31 11:35:34,dine_in,,credit_card,completed
1024162,7,766,2026-05-31 11:35:47,dine_in,,cash,completed
1024163,2,2032,2026-05-31 11:41:32,dine_in,,debit_card,completed
1024164,1,,2026-05-31 11:41:33,dine_in,BOUDIN20,credit_card,completed
1024165,14,,2026-05-31 11:44:37,drive_thru,,apple_pay,completed
1024166,18,,2026-05-31 11:50:22,takeout,,credit_card,completed
1024167,6,1164,2026-05-31 11:52:32,dine_in,,credit_card,completed
1024168,7,,2026-05-31 11:54:48,takeout,,credit_card,completed
1024169,20,,2026-05-31 11:56:28,delivery,,apple_pay,completed
1024170,6,1533,2026-05-31 11:57:01,drive_thru,,apple_pay,completed
1024171,10,,2026-05-31 11:57:35,,,credit_card,completed
1024172,18,,2026-05-31 12:00:35,delivery,,credit_card,completed
1024173,9,1886,2026-05-31 12:04:05,dine_in,,apple_pay,completed
1024174,18,394,2026-05-31 12:04:29,dine_in,,debit_card,completed
1024175,6,389,2026-05-31 12:05:24,drive_thru,,apple_pay,completed
1024176,5,1591,2026-05-31 12:05:50,delivery,,credit_card,completed
1024177,12,,2026-05-31 12:09:41,delivery,,gift_card,completed
1024178,2,,2026-05-31 12:09:59,takeout,,credit_card,completed
1024179,12,,2026-05-31 12:11:21,delivery,,credit_card,completed
1024180,2,,2026-05-31 12:11:57,dine_in,,cash,completed
1024181,8,,2026-05-31 12:12:02,takeout,,apple_pay,completed
1024182,10,1685,2026-05-31 12:15:50,takeout,,apple_pay,completed
1024183,14,1308,2026-05-31 12:19:49,delivery,,credit_card,completed
1024184,17,1079,2026-05-31 12:21:09,dine_in,,apple_pay,completed
1024185,1,,2026-05-31 12:22:25,delivery,,credit_card,completed
1024186,15,,2026-05-31 12:23:42,takeout,,credit_card,completed
1024187,1,1241,2026-05-31 12:25:09,dine_in,,cash,completed
1024188,15,1797,2026-05-31 12:25:24,delivery,,debit_card,completed
1024189,14,1620,2026-05-31 12:26:53,delivery,,credit_card,completed
1024190,6,83,2026-05-31 12:27:14,dine_in,,cash,completed
1024191,16,,2026-05-31 12:27:45,delivery,BOUDIN20,credit_card,completed
1024192,14,,2026-05-31 12:30:42,takeout,,cash,completed
1024193,11,2220,2026-05-31 12:31:57,delivery,,credit_card,completed
1024194,8,1418,2026-05-31 12:33:31,dine_in,,credit_card,completed
1024195,20,,2026-05-31 12:33:34,delivery,,credit_card,completed
1024196,2,1030,2026-05-31 12:36:59,dine_in,,credit_card,completed
1024197,11,2352,2026-05-31 12:38:00,dine_in,,credit_card,completed
1024198,19,935,2026-05-31 12:41:29,dine_in,,credit_card,completed
1024199,2,2322,2026-05-31 12:41:52,takeout,,credit_card,completed
1024200,3,244,2026-05-31 12:41:58,delivery,,debit_card,completed
1024201,19,935,2026-05-31 12:42:18,takeout,,credit_card,completed
1024202,20,,2026-05-31 12:43:09,drive_thru,,cash,completed
1024203,5,808,2026-05-31 12:43:43,delivery,,apple_pay,completed
1024204,19,1411,2026-05-31 12:45:58,drive_thru,BOUDIN20,debit_card,completed
1024205,18,,2026-05-31 12:48:49,,,credit_card,completed
1024206,12,2470,2026-05-31 12:50:14,dine_in,,credit_card,completed
1024207,12,458,2026-05-31 12:50:22,dine_in,,credit_card,completed
1024208,1,2003,2026-05-31 12:51:11,dine_in,,gift_card,completed
1024209,8,854,2026-05-31 12:51:49,delivery,,credit_card,completed
1024210,1,1373,2026-05-31 12:54:24,takeout,,debit_card,completed
1024211,12,,2026-05-31 12:54:43,dine_in,,credit_card,completed
1024212,7,,2026-05-31 12:55:43,dine_in,,credit_card,completed
1024213,4,,2026-05-31 13:00:16,delivery,,credit_card,completed
1024214,2,,2026-05-31 13:01:41,delivery,,gift_card,completed
1024215,20,1416,2026-05-31 13:03:13,takeout,,apple_pay,completed
1024216,8,958,2026-05-31 13:03:15,takeout,,credit_card,completed
1024217,8,,2026-05-31 13:03:46,takeout,,apple_pay,completed
1024218,10,,2026-05-31 13:04:56,dine_in,,cash,completed
1024219,9,,2026-05-31 13:05:33,delivery,,credit_card,completed
1024220,7,1350,2026-05-31 13:05:51,dine_in,,apple_pay,completed
1024221,15,2467,2026-05-31 13:07:16,dine_in,,apple_pay,completed
1024222,14,2277,2026-05-31 13:07:54,delivery,,credit_card,completed
1024223,10,,2026-05-31 13:07:57,drive_thru,BOUDIN20,gift_card,completed
1024224,14,67,2026-05-31 13:10:36,dine_in,,debit_card,completed
1024225,16,,2026-05-31 13:14:30,dine_in,,debit_card,completed
1024226,13,617,2026-05-31 13:18:30,takeout,,credit_card,completed
1024227,19,1847,2026-05-31 13:19:27,dine_in,,credit_card,completed
1024228,1,2040,2026-05-31 13:21:50,takeout,,cash,completed
1024229,12,110,2026-05-31 13:24:14,takeout,,debit_card,completed
1024230,11,1894,2026-05-31 13:24:34,dine_in,,credit_card,completed
1024231,14,589,2026-05-31 13:24:36,delivery,,credit_card,completed
1024232,17,2163,2026-05-31 13:31:34,dine_in,BOUDIN20,credit_card,completed
1024233,6,455,2026-05-31 13:33:52,takeout,,debit_card,completed
1024234,12,113,2026-05-31 13:33:53,dine_in,,debit_card,completed
1024235,3,1131,2026-05-31 13:42:38,dine_in,,cash,completed
1024236,8,881,2026-05-31 13:46:42,dine_in,,apple_pay,completed
1024237,19,1041,2026-05-31 13:53:49,dine_in,,cash,completed
1024238,11,812,2026-05-31 13:56:07,takeout,,apple_pay,completed
1024239,3,1497,05/31/2026 14:04,dine_in,,debit_card,completed
1024240,5,,2026-05-31 14:31:52,delivery,,apple_pay,completed
1024241,13,971,2026-05-31 14:41:06,dine_in,,debit_card,completed
1024242,2,874,2026-05-31 14:48:40,delivery,,credit_card,completed
1024243,5,,2026-05-31 14:56:33,drive_thru,BOUDIN20,debit_card,completed
1024244,11,128,2026-05-31 16:47:39,dine_in,,gift_card,completed
1024245,10,2153,2026-05-31 17:31:04,delivery,,credit_card,completed
1024246,14,,2026-05-31 17:33:11,takeout,,credit_card,completed
1024247,6,474,2026-05-31 17:42:34,drive_thru,BOUDIN20,cash,completed
1024248,5,1831,2026-05-31 17:43:35,dine_in,,debit_card,completed
1024249,8,2008,2026-05-31 17:45:45,dine_in,,credit_card,completed
1024250,5,889,2026-05-31 17:45:53,takeout,,apple_pay,completed
1024251,1,748,2026-05-31 17:49:07,delivery,,debit_card,completed
1024252,17,1259,2026-05-31 17:56:43,takeout,,credit_card,completed
1024253,1,575,2026-05-31 17:59:55,takeout,,credit_card,completed
1024254,8,,2026-05-31 18:01:01,delivery,,credit_card,completed
1024255,3,2314,2026-05-31 18:01:30,takeout,,apple_pay,completed
1024256,13,2323,2026-05-31 18:03:29,takeout,,credit_card,completed
1024257,11,1849,2026-05-31 18:03:40,,,debit_card,completed
1024258,13,391,05/31/2026 18:07,delivery,,apple_pay,completed
1024259,20,2421,2026-05-31 18:08:09,dine_in,,credit_card,cancelled
1024260,4,,2026-05-31 18:09:44,dine_in,,credit_card,completed
1024261,20,1095,2026-05-31 18:09:53,drive_thru,,debit_card,refunded
1024262,8,,2026-05-31 18:10:18,takeout,,debit_card,completed
1024263,10,1468,2026-05-31 18:11:07,dine_in,,gift_card,completed
1024264,6,,2026-05-31 18:13:48,delivery,BOUDIN20,credit_card,completed
1024265,20,894,2026-05-31 18:18:21,drive_thru,,apple_pay,completed
1024266,13,,2026-05-31 18:19:16,delivery,,debit_card,completed
1024267,1,1201,2026-05-31 18:20:23,delivery,,debit_card,completed
1024268,10,,2026-05-31 18:20:48,delivery,,apple_pay,completed
1024269,5,,2026-05-31 18:22:06,takeout,,credit_card,completed
1024270,3,,2026-05-31 18:24:18,takeout,,credit_card,cancelled
1024271,8,104,2026-05-31 18:28:39,delivery,,apple_pay,completed
1024272,7,2230,2026-05-31 18:31:10,delivery,,debit_card,completed
1024273,3,375,2026-05-31 18:34:34,delivery,,credit_card,completed
1024274,6,30,2026-05-31 18:39:37,drive_thru,,apple_pay,completed
1024275,1,2159,2026-05-31 18:40:16,dine_in,,credit_card,completed
1024276,8,466,2026-05-31 18:40:51,dine_in,,credit_card,completed
1024277,1,1138,2026-05-31 18:44:39,takeout,,cash,completed
1024278,10,121,2026-05-31 18:45:16,,,debit_card,completed
1024279,18,,2026-05-31 18:45:37,delivery,,credit_card,completed
1024280,13,1613,2026-05-31 18:48:09,delivery,BOUDIN20,credit_card,completed
1024281,14,780,2026-05-31 18:52:36,delivery,,credit_card,completed
1024282,7,,2026-05-31 18:55:40,dine_in,,debit_card,completed
1024283,5,542,2026-05-31 18:56:31,delivery,BOUDIN20,credit_card,completed
1024284,20,2242,2026-05-31 19:03:51,drive_thru,,debit_card,completed
1024285,1,,2026-05-31 19:09:06,delivery,,debit_card,completed
1024286,10,857,2026-05-31 19:11:52,dine_in,,debit_card,completed
1024287,2,774,2026-05-31 19:12:08,delivery,,credit_card,completed
1024288,14,,2026-05-31 19:12:49,delivery,,credit_card,completed
1024289,15,419,2026-05-31 19:18:08,delivery,,debit_card,completed
1024290,19,2281,2026-05-31 19:21:45,delivery,,gift_card,completed
1024291,16,1734,2026-05-31 19:23:36,dine_in,,credit_card,completed
1024292,2,1096,2026-05-31 19:24:24,delivery,,apple_pay,completed
1024293,11,,2026-05-31 19:26:12,drive_thru,BOUDIN20,credit_card,completed
1024294,15,1237,2026-05-31 19:26:16,delivery,,debit_card,completed
1024295,12,794,2026-05-31 19:26:25,takeout,,credit_card,refunded
1024296,6,88,2026-05-31 19:27:27,dine_in,,credit_card,completed
1024297,14,1108,2026-05-31 19:27:40,drive_thru,,credit_card,completed
1024298,13,2251,2026-05-31 19:34:42,dine_in,,apple_pay,completed
1024299,19,668,2026-05-31 19:36:27,delivery,,apple_pay,completed
1024300,13,,2026-05-31 19:38:11,dine_in,,credit_card,completed
1024301,2,491,2026-05-31 19:38:46,dine_in,,credit_card,completed
1024302,18,,05/31/2026 19:39,dine_in,,gift_card,completed
1024303,14,,2026-05-31 19:40:22,dine_in,,credit_card,completed
1024304,15,481,2026-05-31 19:40:26,delivery,,credit_card,completed
1024305,17,1679,2026-05-31 19:40:30,takeout,,credit_card,completed
1024306,10,820,2026-05-31 19:41:04,drive_thru,,credit_card,completed
1024307,20,,05/31/2026 19:42,drive_thru,,debit_card,cancelled
1024308,19,2162,2026-05-31 19:47:17,dine_in,,credit_card,completed
1024309,12,2252,2026-05-31 19:48:10,dine_in,,credit_card,completed
1024310,15,1727,2026-05-31 19:55:50,dine_in,,gift_card,completed
1024311,13,,2026-05-31 20:04:30,,,gift_card,completed
1024312,4,2342,2026-05-31 20:05:43,dine_in,,credit_card,completed
1024313,12,1800,2026-05-31 20:06:02,dine_in,,credit_card,refunded
1024314,9,2285,2026-05-31 20:08:28,drive_thru,,cash,completed
1024315,5,1619,2026-05-31 20:10:43,delivery,,debit_card,completed
1024316,15,582,2026-05-31 20:16:59,takeout,,gift_card,completed
1024317,10,1861,2026-05-31 20:18:04,delivery,,apple_pay,completed
1024318,14,,2026-05-31 20:18:12,dine_in,,debit_card,completed
1024319,19,2488,2026-05-31 20:25:11,drive_thru,,credit_card,completed
1024320,4,,2026-05-31 20:33:17,takeout,,credit_card,completed
1024321,14,,2026-05-31 20:39:03,dine_in,,debit_card,completed
1024322,1,1748,2026-05-31 20:42:09,dine_in,BOUDIN20,apple_pay,completed
1024323,7,2201,2026-05-31 20:49:03,dine_in,,cash,completed
1024324,20,2367,2026-05-31 20:54:21,delivery,,debit_card,completed
1024325,4,,2026-05-31 20:56:18,drive_thru,,credit_card,completed
1024326,7,,2026-05-31 21:25:29,delivery,,credit_card,completed
