order_item_id,order_id,item_id,quantity,unit_price,discount_amount
5033354,1013655,11,1,13.49,0.00
5033355,1013655,27,1,2.49,0.00
5033356,1013656,3,1,10.49,0.00
5033357,1013657,7,1,11.99,0.00
5033358,1013657,19,1,3.99,0.00
5033359,1013657,21,1,3.99,0.00
5033360,1013658,8,1,12.49,0.00
5033361,1013659,1,1,11.49,0.00
5033362,1013660,7,2,11.99,0.00
5033363,1013660,21,1,3.99,0.00
5033364,1013660,30,2,3.29,0.00
5033365,1013660,33,1,5.49,0.00
5033366,1013660,22,1,4.49,0.00
5033367,1013661,1,2,11.49,0.00
5033368,1013662,6,1,12.99,0.00
5033369,1013663,16,1,10.49,0.00
5033370,1013663,27,1,2.49,0.00
5033371,1013664,2,1,11.99,0.00
5033372,1013664,33,1,5.49,0.00
5033373,1013664,26,1,2.49,0.00
5033374,1013664,18,1,5.49,0.00
5033375,1013665,7,1,11.99,0.00
5033376,1013665,27,1,2.49,0.00
5033377,1013665,26,1,2.49,0.00
5033378,1013665,18,1,5.49,0.00
5033379,1013666,2,1,11.99,0.00
5033380,1013667,14,1,10.49,0.00
5033381,1013667,23,1,3.99,0.00
5033382,1013668,15,1,10.99,0.00
5033383,1013668,6,1,12.99,0.00
5033384,1013669,3,1,10.49,0.00
5033385,1013669,9,1,13.99,0.00
5033386,1013669,5,1,13.49,0.00
5033387,1013670,9,1,13.99,0.00
5033388,1013671,3,1,10.49,0.00
5033389,1013671,25,1,6.49,0.00
5033390,1013672,14,1,10.49,0.00
5033391,1013672,29,2,3.49,0.00
5033392,1013673,6,1,12.99,0.00
5033393,1013673,31,1,3.49,0.00
5033394,1013674,12,3,18.99,0.00
5033395,1013674,32,1,4.99,0.00
5033396,1013674,28,1,3.49,0.00
5033397,1013675,10,1,10.99,0.00
5033398,1013676,4,1,14.99,0.00
5033399,1013677,8,1,12.49,0.00
5033400,1013678,4,1,14.99,0.00
5033401,1013678,28,1,3.49,0.00
5033402,1013679,10,1,10.99,0.00
5033403,1013679,28,1,3.49,0.00
5033404,1013680,10,1,10.99,0.00
5033405,1013680,26,2,2.49,0.00
5033406,1013681,10,1,10.99,0.00
5033407,1013681,18,1,5.49,0.00
5033408,1013682,4,1,14.99,0.00
5033409,1013682,23,1,3.99,0.00
5033410,1013682,26,2,2.49,0.00
5033411,1013683,6,1,12.99,0.00
5033412,1013683,26,1,2.49,0.00
5033413,1013683,32,1,4.99,0.00
5033414,1013683,20,1,4.49,0.00
5033415,1013684,10,2,10.99,0.00
5033416,1013685,10,1,10.99,0.00
5033417,1013685,21,3,3.99,0.00
5033418,1013685,22,1,4.49,0.00
5033419,1013686,11,1,13.49,0.00
5033420,1013686,26,1,2.49,0.00
5033421,1013686,22,1,4.49,0.00
5033422,1013687,5,1,13.49,0.00
5033423,1013687,29,1,3.49,0.00
5033424,1013688,13,2,9.99,0.00
5033425,1013689,3,1,10.49,0.00
5033426,1013689,26,1,2.49,0.00
5033427,1013689,22,1,4.49,0.00
5033428,1013690,1,1,11.49,0.00
5033429,1013690,27,1,2.49,0.00
5033430,1013690,19,1,3.99,0.00
5033431,1013691,2,1,11.99,0.00
5033432,1013691,22,1,4.49,0.00
5033433,1013692,15,1,10.99,0.00
5033434,1013693,9,1,13.99,0.00
5033435,1013693,21,1,3.99,0.00
5033436,1013694,9,2,13.99,0.00
5033437,1013695,7,1,11.99,0.00
5033438,1013695,3,1,10.49,0.00
5033439,1013696,2,1,11.99,0.00
5033440,1013696,29,2,3.49,0.00
5033441,1013696,20,1,4.49,0.00
5033442,1013697,2,1,11.99,0.00
5033443,1013698,15,1,10.99,0.00
5033444,1013699,1,1,11.49,0.00
5033445,1013699,26,1,2.49,0.00
5033446,1013700,2,1,11.99,0.00
5033447,1013700,26,1,2.49,0.00
5033448,1013701,11,1,13.49,0.00
5033449,1013701,19,1,3.99,0.00
5033450,1013702,2,1,11.99,0.00
5033451,1013703,13,2,9.99,0.00
5033452,1013703,23,1,3.99,0.00
5033453,1013703,21,1,3.99,0.00
5033454,1013704,4,2,14.99,0.00
5033455,1013704,21,1,3.99,0.00
5033456,1013705,11,1,13.49,0.00
5033457,1013705,25,1,6.49,0.00
5033458,1013705,6,1,12.99,0.00
5033459,1013706,1,4,11.49,0.00
5033460,1013706,20,2,4.49,0.00
5033461,1013706,9,1,13.99,0.00
5033462,1013707,16,2,10.49,0.00
5033463,1013707,34,1,4.49,0.00
5033464,1013707,28,1,3.49,0.00
5033465,1013707,30,1,3.29,0.00
5033466,1013707,27,1,2.49,0.00
5033467,1013708,9,1,13.99,0.00
5033468,1013708,26,1,2.49,0.00
5033469,1013708,18,1,5.49,0.00
5033470,1013709,15,1,10.99,0.00
5033471,1013709,29,1,3.49,0.00
5033472,1013709,27,1,2.49,0.00
5033473,1013709,4,1,14.99,0.00
5033474,1013709,31,1,3.49,0.00
5033475,1013710,7,1,11.99,0.00
5033476,1013710,27,1,2.49,0.00
5033477,1013711,16,1,10.49,0.00
5033478,1013711,26,1,2.49,0.00
5033479,1013712,12,1,18.99,0.00
5033480,1013713,2,1,11.99,0.00
5033481,1013714,11,1,13.49,0.00
5033482,1013714,19,2,3.99,0.00
5033483,1013715,13,1,9.99,0.00
5033484,1013715,22,1,4.49,0.00
5033485,1013715,30,1,3.29,0.00
5033486,1013715,18,1,5.49,0.00
5033487,1013716,5,1,13.49,0.00
5033488,1013717,8,1,12.49,0.00
5033489,1013717,30,1,3.29,0.00
5033490,1013717,25,1,6.49,0.00
5033491,1013718,3,3,10.49,0.00
5033492,1013718,28,1,3.49,0.00
5033493,1013719,2,1,11.99,0.00
5033494,1013720,12,1,18.99,0.00
5033495,1013720,23,1,3.99,0.00
5033496,1013721,7,1,11.99,0.00
5033497,1013721,29,1,3.49,0.00
5033498,1013722,4,1,14.99,0.00
5033499,1013722,29,1,3.49,0.00
5033500,1013722,20,1,4.49,0.00
5033501,1013722,28,3,3.49,0.00
5033502,1013722,34,2,4.49,0.00
5033503,1013722,21,2,3.99,0.00
5033504,1013723,6,1,12.99,0.00
5033505,1013723,30,1,3.29,0.00
5033506,1013723,5,1,13.49,0.00
5033507,1013724,2,1,11.99,0.00
5033508,1013725,6,1,12.99,0.00
5033509,1013725,27,2,2.49,0.00
5033510,1013725,26,2,2.49,0.00
5033511,1013725,20,1,4.49,0.00
5033512,1013726,13,1,9.99,0.00
5033513,1013727,14,2,10.49,0.00
5033514,1013727,28,1,3.49,0.00
5033515,1013727,25,1,6.49,0.00
5033516,1013728,10,1,10.99,0.00
5033517,1013728,20,1,4.49,0.00
5033518,1013729,13,1,9.99,0.00
5033519,1013730,6,1,12.99,0.00
5033520,1013730,26,1,2.49,0.00
5033521,1013730,32,1,4.99,0.00
5033522,1013730,8,1,12.49,0.00
5033523,1013730,27,1,2.49,0.00
5033524,1013731,7,1,11.99,0.00
5033525,1013731,19,1,3.99,0.00
5033526,1013731,20,2,4.49,0.00
5033527,1013731,24,1,3.49,0.00
5033528,1013731,26,1,2.49,0.00
5033529,1013731,27,3,2.49,0.00
5033530,1013732,16,3,10.49,0.00
5033531,1013732,33,1,5.49,0.00
5033532,1013733,11,1,13.49,0.00
5033533,1013734,14,3,10.49,0.00
5033534,1013734,27,1,2.49,0.00
5033535,1013735,11,1,13.49,0.00
5033536,1013735,33,1,5.49,0.00
5033537,1013735,29,1,3.49,0.00
5033538,1013736,5,1,13.49,0.00
5033539,1013737,1,1,11.49,0.00
5033540,1013737,30,1,3.29,0.00
5033541,1013738,15,1,10.99,0.00
5033542,1013738,27,1,2.49,0.00
5033543,1013739,7,2,11.99,0.00
5033544,1013739,8,1,12.49,0.00
5033545,1013740,2,1,11.99,0.00
5033546,1013740,26,1,2.49,0.00
5033547,1013740,25,1,6.49,0.00
5033548,1013741,3,2,10.49,0.00
5033549,1013741,25,1,6.49,0.00
5033550,1013741,19,1,3.99,0.00
5033551,1013741,30,1,3.29,0.00
5033552,1013741,18,1,5.49,0.00
5033553,1013742,1,3,11.49,0.00
5033554,1013742,21,1,3.99,0.00
5033555,1013742,19,1,3.99,0.00
5033556,1013742,32,1,4.99,0.00
5033557,1013743,3,2,10.49,0.00
5033558,1013744,14,1,10.49,0.00
5033559,1013744,21,1,3.99,0.00
5033560,1013744,30,1,3.29,0.00
5033561,1013744,28,1,3.49,0.00
5033562,1013745,6,1,12.99,0.00
5033563,1013745,29,1,3.49,0.00
5033564,1013745,24,2,3.49,0.00
5033565,1013746,4,1,14.99,0.00
5033566,1013746,20,1,4.49,0.00
5033567,1013746,27,1,2.49,0.00
5033568,1013747,9,2,13.99,0.00
5033569,1013748,13,1,9.99,0.00
5033570,1013748,33,1,5.49,0.00
5033571,1013748,34,0,4.49,0.00
5033572,1013749,2,1,11.99,0.00
5033573,1013749,34,1,4.49,0.00
5033574,1013750,12,1,18.99,0.00
5033575,1013750,26,1,2.49,0.00
5033576,1013750,19,1,3.99,0.00
5033577,1013751,10,1,10.99,0.00
5033578,1013751,22,1,4.49,0.00
5033579,1013751,32,1,4.99,0.00
5033580,1013752,11,1,13.49,0.00
5033581,1013752,9,1,13.99,0.00
5033582,1013752,22,1,4.49,0.00
5033583,1013753,4,1,14.99,0.00
5033584,1013753,22,1,4.49,0.00
5033585,1013753,24,1,3.49,0.00
5033586,1013754,3,1,10.49,0.00
5033587,1013754,10,2,10.99,0.00
5033588,1013754,18,1,5.49,0.00
5033589,1013755,10,1,10.99,0.00
5033590,1013755,26,1,2.49,0.00
5033591,1013756,2,1,11.99,0.00
5033592,1013756,28,1,3.49,0.00
5033593,1013756,19,1,3.99,0.00
5033594,1013757,2,2,11.99,0.00
5033595,1013757,4,1,14.99,0.00
5033596,1013758,1,1,11.49,0.00
5033597,1013758,26,2,2.49,0.00
5033598,1013758,29,-1,3.49,0.00
5033599,1013759,4,1,14.99,0.00
5033600,1013760,3,1,10.49,0.00
5033601,1013760,26,1,2.49,0.00
5033602,1013761,3,1,10.49,0.00
5033603,1013761,29,3,3.49,0.00
5033604,1013761,32,1,4.99,0.00
5033605,1013761,14,1,10.49,0.00
5033606,1013762,11,2,13.49,0.00
5033607,1013762,26,3,2.49,0.00
5033608,1013762,19,1,3.99,0.00
5033609,1013763,5,1,13.49,0.00
5033610,1013763,29,2,3.49,0.00
5033611,1013764,14,1,10.49,0.00
5033612,1013764,20,1,4.49,0.00
5033613,1013765,8,2,12.49,0.00
5033614,1013765,25,2,6.49,0.00
5033615,1013766,5,1,13.49,0.00
5033616,1013766,21,1,3.99,0.00
5033617,1013766,19,1,3.99,0.00
5033618,1013767,13,1,9.99,0.00
5033619,1013767,22,1,4.49,0.00
5033620,1013768,11,1,13.49,0.00
5033621,1013768,31,1,3.49,0.00
5033622,1013769,9,2,13.99,0.00
5033623,1013769,25,1,6.49,0.00
5033624,1013769,33,1,5.49,0.00
5033625,1013770,10,1,10.99,0.00
5033626,1013770,32,1,4.99,0.00
5033627,1013770,22,1,4.49,0.00
5033628,1013770,19,2,3.99,0.00
5033629,1013771,13,2,9.99,0.00
5033630,1013771,21,2,3.99,0.00
5033631,1013771,9,2,13.99,0.00
5033632,1013772,14,3,10.49,0.00
5033633,1013772,18,1,5.49,0.00
5033634,1013773,5,1,13.49,0.00
5033635,1013773,29,1,3.49,0.00
5033636,1013774,11,1,13.49,0.00
5033637,1013774,32,2,4.99,0.00
5033638,1013775,4,1,14.99,0.00
5033639,1013775,26,1,2.49,0.00
5033640,1013776,10,3,10.99,0.00
5033641,1013776,29,1,3.49,0.00
5033642,1013777,1,2,11.49,0.00
5033643,1013778,10,1,10.99,0.00
5033644,1013778,5,3,13.49,0.00
5033645,1013778,25,1,6.49,0.00
5033646,1013779,2,1,11.99,0.00
5033647,1013780,5,2,13.49,0.00
5033648,1013780,31,1,3.49,0.00
5033649,1013781,4,1,14.99,0.00
5033650,1013781,30,1,3.29,0.00
5033651,1013782,7,1,11.99,0.00
5033652,1013783,9,1,13.99,0.00
5033653,1013783,27,1,2.49,0.00
5033654,1013783,24,1,3.49,0.00
5033655,1013784,3,1,10.49,0.00
5033656,1013784,33,1,5.49,0.00
5033657,1013784,26,1,2.49,0.00
5033658,1013784,22,2,4.49,0.00
5033659,1013785,14,1,10.49,0.00
5033660,1013785,18,3,5.49,0.00
5033661,1013785,31,1,3.49,0.00
5033662,1013786,7,1,11.99,0.00
5033663,1013786,22,1,4.49,0.00
5033664,1013786,26,1,2.49,0.00
5033665,1013786,27,1,2.49,0.00
5033666,1013787,5,1,13.49,0.00
5033667,1013788,5,1,13.49,0.00
5033668,1013788,18,1,5.49,0.00
5033669,1013789,1,1,11.49,0.00
5033670,1013790,4,1,14.99,0.00
5033671,1013791,14,2,10.49,0.00
5033672,1013791,21,1,3.99,0.00
5033673,1013791,26,2,2.49,0.00
5033674,1013792,2,2,11.99,0.00
5033675,1013792,27,1,2.49,0.00
5033676,1013793,3,1,10.49,0.00
5033677,1013794,7,1,11.99,0.00
5033678,1013794,31,1,3.49,0.00
5033679,1013794,24,1,3.49,0.00
5033680,1013794,27,2,2.49,0.00
5033681,1013794,21,1,3.99,0.00
5033682,1013795,13,1,9.99,0.00
5033683,1013795,28,1,3.49,0.00
5033684,1013795,23,1,3.99,0.00
5033685,1013795,34,1,4.49,0.00
5033686,1013795,30,1,3.29,0.00
5033687,1013795,19,2,3.99,0.00
5033688,1013796,10,1,10.99,0.00
5033689,1013797,6,1,12.99,0.00
5033690,1013797,18,3,5.49,0.00
5033691,1013798,15,3,10.99,0.00
5033692,1013798,30,1,3.29,0.00
5033693,1013799,4,1,14.99,0.00
5033694,1013799,18,1,5.49,0.00
5033695,1013800,1,1,11.49,0.00
5033696,1013800,22,1,4.49,0.00
5033697,1013800,27,1,2.49,0.00
5033698,1013801,3,1,10.49,0.00
5033699,1013801,31,1,3.49,0.00
5033700,1013802,9,1,13.99,0.00
5033701,1013802,27,1,2.49,0.00
5033702,1013803,9,1,13.99,0.00
5033703,1013803,29,1,3.49,0.00
5033704,1013803,27,1,2.49,0.00
5033705,1013804,6,1,12.99,0.00
5033706,1013804,32,3,4.99,0.00
5033707,1013805,8,1,12.49,0.00
5033708,1013805,20,1,4.49,0.00
5033709,1013806,15,1,10.99,0.00
5033710,1013806,26,1,2.49,0.00
5033711,1013806,28,1,3.49,0.00
5033712,1013807,7,1,11.99,0.00
5033713,1013807,30,1,3.29,0.00
5033714,1013808,5,1,13.49,0.00
5033715,1013808,18,1,5.49,0.00
5033716,1013808,22,1,4.49,0.00
5033717,1013808,26,1,2.49,0.00
5033718,1013808,21,1,3.99,0.00
5033719,1013809,15,1,10.99,0.00
5033720,1013809,32,1,4.99,0.00
5033721,1013810,14,1,10.49,0.00
5033722,1013810,31,1,3.49,0.00
5033723,1013810,18,1,5.49,0.00
5033724,1013811,11,1,13.49,0.00
5033725,1013811,18,1,5.49,0.00
5033726,1013812,9,1,13.99,0.00
5033727,1013812,20,1,4.49,0.00
5033728,1013812,27,1,2.49,0.00
5033729,1013812,11,1,13.49,0.00
5033730,1013813,8,1,12.49,0.00
5033731,1013813,24,1,3.49,0.00
5033732,1013813,23,1,3.99,0.00
5033733,1013814,8,1,12.49,0.00
5033734,1013814,33,1,5.49,0.00
5033735,1013815,8,2,12.49,0.00
5033736,1013815,16,1,10.49,0.00
5033737,1013815,31,2,3.49,0.00
5033738,1013816,4,2,14.99,0.00
5033739,1013817,1,1,11.49,0.00
5033740,1013817,21,1,3.99,0.00
5033741,1013818,3,2,10.49,0.00
5033742,1013819,7,1,11.99,0.00
5033743,1013819,18,1,5.49,0.00
5033744,1013819,20,1,4.49,0.00
5033745,1013820,3,1,10.49,0.00
5033746,1013820,21,1,3.99,0.00
5033747,1013820,28,2,3.49,0.00
5033748,1013821,11,1,13.49,0.00
5033749,1013821,26,1,2.49,0.00
5033750,1013822,11,2,13.49,0.00
5033751,1013822,1,1,11.49,0.00
5033752,1013822,19,1,3.99,0.00
5033753,1013822,31,1,3.49,0.00
5033754,1013823,10,1,10.99,0.00
5033755,1013823,22,1,4.49,0.00
5033756,1013823,31,1,3.49,0.00
5033757,1013824,6,1,12.99,0.00
5033758,1013824,33,1,5.49,0.00
5033759,1013824,11,1,13.49,0.00
5033760,1013825,12,1,18.99,0.00
5033761,1013825,21,1,3.99,0.00
5033762,1013826,1,1,11.49,0.00
5033763,1013826,29,1,3.49,0.00
5033764,1013826,32,1,4.99,0.00
5033765,1013827,1,1,11.49,0.00
5033766,1013827,28,1,3.49,0.00
5033767,1013828,1,1,11.49,0.00
5033768,1013829,9,1,13.99,0.00
5033769,1013830,2,1,11.99,0.00
5033770,1013830,23,1,3.99,0.00
5033771,1013830,26,1,2.49,0.00
5033772,1013831,2,1,11.99,0.00
5033773,1013831,26,1,2.49,0.00
5033774,1013832,8,1,12.49,0.00
5033775,1013832,4,1,14.99,0.00
5033776,1013832,7,1,11.99,0.00
5033777,1013832,34,1,4.49,0.00
5033778,1013832,6,1,12.99,0.00
5033779,1013833,7,1,11.99,0.00
5033780,1013833,23,1,3.99,0.00
5033781,1013833,27,3,2.49,0.00
5033782,1013834,13,1,9.99,0.00
5033783,1013834,29,1,3.49,0.00
5033784,1013834,27,1,2.49,0.00
5033785,1013835,14,1,10.49,0.00
5033786,1013835,27,1,2.49,0.00
5033787,1013835,20,2,4.49,0.00
5033788,1013835,25,1,6.49,0.00
5033789,1013836,13,1,9.99,0.00
5033790,1013836,19,1,3.99,0.00
5033791,1013837,14,1,10.49,0.00
5033792,1013838,8,1,12.49,0.00
5033793,1013839,8,1,12.49,0.00
5033794,1013839,14,1,10.49,0.00
5033795,1013839,28,1,3.49,0.00
5033796,1013840,8,1,12.49,0.00
5033797,1013840,28,2,3.49,0.00
5033798,1013840,29,1,3.49,0.00
5033799,1013841,13,1,9.99,0.00
5033800,1013841,28,1,3.49,0.00
5033801,1013842,12,2,18.99,0.00
5033802,1013842,27,1,2.49,0.00
5033803,1013842,32,1,4.99,0.00
5033804,1013842,22,1,4.49,0.00
5033805,1013843,6,1,12.99,0.00
5033806,1013843,23,1,3.99,0.00
5033807,1013843,18,2,5.49,0.00
5033808,1013844,8,1,12.49,0.00
5033809,1013844,33,1,5.49,0.00
5033810,1013844,18,1,5.49,0.00
5033811,1013845,1,1,11.49,0.00
5033812,1013845,29,1,3.49,0.00
5033813,1013846,15,1,10.99,0.00
5033814,1013847,7,1,11.99,0.00
5033815,1013847,30,1,3.29,0.00
5033816,1013847,22,1,4.49,0.00
5033817,1013848,5,1,13.49,0.00
5033818,1013848,30,1,3.29,0.00
5033819,1013849,6,1,12.99,0.00
5033820,1013849,21,1,3.99,0.00
5033821,1013849,34,1,4.49,0.00
5033822,1013850,12,1,18.99,0.00
5033823,1013850,33,1,5.49,0.00
5033824,1013850,29,2,3.49,0.00
5033825,1013851,6,3,12.99,0.00
5033826,1013851,20,1,4.49,0.00
5033827,1013851,32,1,4.99,0.00
5033828,1013852,11,1,13.49,0.00
5033829,1013852,31,1,3.49,0.00
5033830,1013852,30,1,3.29,0.00
5033831,1013853,2,1,11.99,0.00
5033832,1013853,22,1,4.49,0.00
5033833,1013854,8,3,12.49,0.00
5033834,1013854,32,1,4.99,0.00
5033835,1013854,7,1,11.99,0.00
5033836,1013854,6,1,12.99,0.00
5033837,1013855,4,1,14.99,0.00
5033838,1013855,28,1,3.49,0.00
5033839,1013855,35,1,2.99,0.00
5033840,1013855,26,2,2.49,0.00
5033841,1013856,10,1,10.99,0.00
5033842,1013856,34,1,4.49,0.00
5033843,1013856,35,1,2.99,0.00
5033844,1013857,3,2,10.49,0.00
5033845,1013857,19,1,3.99,0.00
5033846,1013858,7,1,11.99,0.00
5033847,1013859,15,1,10.99,0.00
5033848,1013859,20,1,4.49,0.00
5033849,1013859,23,1,3.99,0.00
5033850,1013859,26,1,2.49,0.00
5033851,1013859,24,1,3.49,0.00
5033852,1013860,14,1,10.49,0.00
5033853,1013860,32,1,4.99,0.00
5033854,1013861,7,1,11.99,0.00
5033855,1013861,12,1,18.99,0.00
5033856,1013862,1,1,11.49,0.00
5033857,1013862,34,1,4.49,0.00
5033858,1013862,33,2,5.49,0.00
5033859,1013863,11,1,13.49,0.00
5033860,1013864,8,1,12.49,0.00
5033861,1013865,16,1,10.49,0.00
5033862,1013865,8,1,12.49,0.00
5033863,1013866,2,1,11.99,0.00
5033864,1013866,27,1,2.49,0.00
5033865,1013867,13,1,9.99,0.00
5033866,1013867,18,1,5.49,0.00
5033867,1013868,1,1,11.49,0.00
5033868,1013868,34,1,4.49,0.00
5033869,1013869,9,3,13.99,0.00
5033870,1013869,26,1,2.49,0.00
5033871,1013869,29,1,3.49,0.00
5033872,1013869,27,1,2.49,0.00
5033873,1013870,3,3,10.49,0.00
5033874,1013870,33,1,5.49,0.00
5033875,1013871,1,1,11.49,0.00
5033876,1013871,18,1,5.49,0.00
5033877,1013871,27,1,2.49,0.00
5033878,1013872,3,1,10.49,0.00
5033879,1013873,16,1,10.49,0.00
5033880,1013873,31,1,3.49,0.00
5033881,1013873,20,2,4.49,0.00
5033882,1013874,14,1,10.49,0.00
5033883,1013875,3,1,10.49,0.00
5033884,1013875,28,1,3.49,0.00
5033885,1013875,20,1,4.49,0.00
5033886,1013875,18,2,5.49,0.00
5033887,1013876,5,1,13.49,0.00
5033888,1013876,21,2,3.99,0.00
5033889,1013876,23,1,3.99,0.00
5033890,1013877,15,1,10.99,0.00
5033891,1013877,30,1,3.29,0.00
5033892,1013877,29,1,3.49,0.00
5033893,1013878,4,1,14.99,0.00
5033894,1013879,10,1,10.99,0.00
5033895,1013880,5,2,13.49,0.00
5033896,1013880,31,1,3.49,0.00
5033897,1013880,33,1,5.49,0.00
5033898,1013881,3,1,10.49,0.00
5033899,1013882,7,2,11.99,0.00
5033900,1013882,21,1,3.99,0.00
5033901,1013882,18,1,5.49,0.00
5033902,1013883,8,1,12.49,0.00
5033903,1013883,27,1,2.49,0.00
5033904,1013883,26,1,2.49,0.00
5033905,1013883,19,1,3.99,0.00
5033906,1013883,6,1,12.99,0.00
5033907,1013884,8,2,12.49,0.00
5033908,1013884,22,2,4.49,0.00
5033909,1013884,32,1,4.99,0.00
5033910,1013885,1,1,11.49,0.00
5033911,1013885,33,1,5.49,0.00
5033912,1013885,21,1,3.99,0.00
5033913,1013885,20,2,4.49,0.00
5033914,1013885,34,2,4.49,0.00
5033915,1013885,22,1,4.49,0.00
5033916,1013886,7,1,11.99,0.00
5033917,1013886,27,1,2.49,0.00
5033918,1013886,26,3,2.49,0.00
5033919,1013886,31,1,3.49,0.00
5033920,1013887,3,2,10.49,0.00
5033921,1013887,16,1,10.49,0.00
5033922,1013887,24,1,3.49,0.00
5033923,1013887,18,3,5.49,0.00
5033924,1013888,1,1,11.49,0.00
5033925,1013888,32,1,4.99,0.00
5033926,1013888,28,1,3.49,0.00
5033927,1013888,26,1,2.49,0.00
5033928,1013889,14,1,10.49,0.00
5033929,1013889,22,1,4.49,0.00
5033930,1013889,32,1,4.99,0.00
5033931,1013890,13,1,9.99,0.00
5033932,1013890,29,1,3.49,0.00
5033933,1013891,14,1,10.49,0.00
5033934,1013892,8,2,12.49,0.00
5033935,1013892,18,1,5.49,0.00
5033936,1013893,6,1,12.99,0.00
5033937,1013893,32,1,4.99,0.00
5033938,1013893,27,1,2.49,0.00
5033939,1013894,1,3,11.49,0.00
5033940,1013894,27,1,2.49,0.00
5033941,1013895,5,1,13.49,0.00
5033942,1013895,31,2,3.49,0.00
5033943,1013895,35,1,2.99,0.00
5033944,1013895,26,1,2.49,0.00
5033945,1013896,10,1,10.99,0.00
5033946,1013896,30,2,3.29,0.00
5033947,1013896,18,2,5.49,0.00
5033948,1013897,2,3,11.99,0.00
5033949,1013897,21,1,3.99,0.00
5033950,1013897,30,2,3.29,0.00
5033951,1013898,10,1,10.99,0.00
5033952,1013898,21,1,3.99,0.00
5033953,1013899,3,1,10.49,0.00
5033954,1013899,14,2,10.49,0.00
5033955,1013900,3,1,10.49,0.00
5033956,1013900,19,1,3.99,0.00
5033957,1013900,28,1,3.49,0.00
5033958,1013901,9,1,13.99,0.00
5033959,1013901,26,1,2.49,0.00
5033960,1013901,30,1,3.29,0.00
5033961,1013902,15,1,10.99,0.00
5033962,1013902,23,3,3.99,0.00
5033963,1013903,2,2,11.99,0.00
5033964,1013903,20,1,4.49,0.00
5033965,1013904,4,1,14.99,0.00
5033966,1013904,22,1,4.49,0.00
5033967,1013904,29,2,3.49,0.00
5033968,1013904,26,1,2.49,0.00
5033969,1013904,35,1,2.99,0.00
5033970,1013905,6,2,12.99,0.00
5033971,1013905,34,1,4.49,0.00
5033972,1013906,2,1,11.99,0.00
5033973,1013906,18,1,5.49,0.00
5033974,1013906,23,-1,3.99,0.00
5033975,1013906,27,2,2.49,0.00
5033976,1013907,9,1,13.99,0.00
5033977,1013907,18,1,5.49,0.00
5033978,1013908,5,1,13.49,0.00
5033979,1013909,11,2,13.49,0.00
5033980,1013910,6,1,12.99,0.00
5033981,1013910,18,1,5.49,0.00
5033982,1013910,21,1,3.99,0.00
5033983,1013911,1,2,11.49,0.00
5033984,1013912,15,1,10.99,0.00
5033985,1013912,29,1,3.49,0.00
5033986,1013912,21,1,3.99,0.00
5033987,1013912,23,1,3.99,0.00
5033988,1013912,34,1,4.49,0.00
5033989,1013912,30,1,3.29,0.00
5033990,1013913,3,1,10.49,0.00
5033991,1013913,27,1,2.49,0.00
5033992,1013914,8,0,12.49,0.00
5033993,1013914,26,4,2.49,0.00
5033994,1013915,2,1,11.99,0.00
5033995,1013915,27,1,2.49,0.00
5033996,1013915,18,1,5.49,0.00
5033997,1013916,13,2,9.99,0.00
5033998,1013916,35,1,2.99,0.00
5033999,1013917,13,1,9.99,0.00
5034000,1013917,29,1,3.49,0.00
5034001,1013918,1,1,11.49,0.00
5034002,1013919,1,1,11.49,0.00
5034003,1013920,2,1,11.99,0.00
5034004,1013920,25,1,6.49,0.00
5034005,1013920,21,1,3.99,0.00
5034006,1013921,7,1,11.99,0.00
5034007,1013922,8,1,12.49,0.00
5034008,1013922,27,1,2.49,0.00
5034009,1013923,1,1,11.49,0.00
5034010,1013923,29,1,3.49,0.00
5034011,1013924,5,1,13.49,0.00
5034012,1013924,30,3,3.29,0.00
5034013,1013924,4,2,14.99,0.00
5034014,1013925,12,1,18.99,0.00
5034015,1013926,12,1,18.99,0.00
5034016,1013926,9,2,13.99,0.00
5034017,1013926,21,3,3.99,0.00
5034018,1013927,11,3,13.49,0.00
5034019,1013927,25,2,6.49,0.00
5034020,1013927,29,1,3.49,0.00
5034021,1013928,11,1,13.49,0.00
5034022,1013929,1,1,11.49,0.00
5034023,1013929,34,1,4.49,0.00
5034024,1013930,3,1,10.49,0.00
5034025,1013930,33,2,5.49,0.00
5034026,1013930,30,1,3.29,0.00
5034027,1013931,2,1,11.99,0.00
5034028,1013931,22,1,4.49,0.00
5034029,1013932,2,1,11.99,0.00
5034030,1013932,5,1,13.49,0.00
5034031,1013932,27,2,2.49,0.00
5034032,1013933,16,1,10.49,0.00
5034033,1013933,30,1,3.29,0.00
5034034,1013933,28,1,3.49,0.00
5034035,1013934,8,1,12.49,0.00
5034036,1013934,32,1,4.99,0.00
5034037,1013934,27,1,2.49,0.00
5034038,1013935,4,1,14.99,5.00
5034039,1013935,27,1,2.49,0.00
5034040,1013936,4,1,14.99,0.00
5034041,1013936,27,3,2.49,0.00
5034042,1013936,30,1,3.29,0.00
5034043,1013937,10,1,10.99,0.00
5034044,1013938,2,1,11.99,0.00
5034045,1013938,21,1,3.99,0.00
5034046,1013939,4,1,14.99,5.00
5034047,1013939,18,1,5.49,0.00
5034048,1013939,32,1,4.99,0.00
5034049,1013940,13,1,9.99,0.00
5034050,1013940,32,1,4.99,0.00
5034051,1013940,30,1,3.29,0.00
5034052,1013941,5,1,13.49,0.00
5034053,1013941,27,1,2.49,0.00
5034054,1013941,19,1,3.99,0.00
5034055,1013942,1,1,11.49,0.00
5034056,1013942,26,1,2.49,0.00
5034057,1013943,1,1,11.49,0.00
5034058,1013943,23,1,3.99,0.00
5034059,1013944,13,1,9.99,0.00
5034060,1013944,25,1,6.49,0.00
5034061,1013944,23,1,3.99,0.00
5034062,1013945,4,1,14.99,5.00
5034063,1013945,31,1,3.49,0.00
5034064,1013946,5,1,13.49,0.00
5034065,1013947,1,1,11.49,0.00
5034066,1013947,22,1,4.49,0.00
5034067,1013948,7,1,11.99,0.00
5034068,1013948,6,1,12.99,0.00
5034069,1013949,9,2,13.99,0.00
5034070,1013949,25,1,6.49,0.00
5034071,1013949,34,1,4.49,0.00
5034072,1013950,4,1,14.99,5.00
5034073,1013950,5,1,13.49,0.00
5034074,1013950,22,2,4.49,0.00
5034075,1013950,26,1,2.49,0.00
5034076,1013950,35,1,2.99,0.00
5034077,1013951,4,1,14.99,0.00
5034078,1013952,12,3,18.99,5.00
5034079,1013952,26,1,2.49,0.00
5034080,1013953,13,1,9.99,0.00
5034081,1013953,31,1,3.49,0.00
5034082,1013953,34,1,4.49,0.00
5034083,1013953,26,2,2.49,0.00
5034084,1013954,12,1,18.99,0.00
5034085,1013954,27,1,2.49,0.00
5034086,1013955,5,1,13.49,0.00
5034087,1013956,10,1,10.99,0.00
5034088,1013957,14,1,10.49,0.00
5034089,1013958,3,3,10.49,0.00
5034090,1013958,18,2,5.49,0.00
5034091,1013958,19,1,3.99,0.00
5034092,1013959,2,1,11.99,0.00
5034093,1013959,34,1,4.49,0.00
5034094,1013960,3,1,10.49,0.00
5034095,1013960,19,2,3.99,0.00
5034096,1013960,31,1,3.49,0.00
5034097,1013961,2,1,11.99,0.00
5034098,1013961,26,2,2.49,0.00
5034099,1013961,27,1,2.49,0.00
5034100,1013962,2,2,11.99,0.00
5034101,1013962,26,1,2.49,0.00
5034102,1013963,3,1,10.49,0.00
5034103,1013963,24,1,3.49,0.00
5034104,1013964,3,1,10.49,0.00
5034105,1013965,7,1,11.99,0.00
5034106,1013965,30,1,3.29,0.00
5034107,1013966,15,1,10.99,0.00
5034108,1013966,24,1,3.49,0.00
5034109,1013967,4,2,14.99,5.00
5034110,1013967,26,2,2.49,0.00
5034111,1013968,1,1,11.49,0.00
5034112,1013969,5,1,13.49,0.00
5034113,1013969,2,1,11.99,0.00
5034114,1013969,18,2,5.49,0.00
5034115,1013969,27,1,2.49,0.00
5034116,1013970,4,1,14.99,0.00
5034117,1013970,19,1,3.99,0.00
5034118,1013971,1,1,11.49,0.00
5034119,1013971,25,2,6.49,0.00
5034120,1013972,11,1,13.49,0.00
5034121,1013972,24,1,3.49,0.00
5034122,1013972,26,2,2.49,0.00
5034123,1013972,3,0,10.49,0.00
5034124,1013973,6,1,12.99,0.00
5034125,1013974,11,1,13.49,0.00
5034126,1013974,13,2,9.99,0.00
5034127,1013974,19,1,3.99,0.00
5034128,1013974,28,1,3.49,0.00
5034129,1013975,12,-1,18.99,5.00
5034130,1013975,18,2,5.49,0.00
5034131,1013976,13,1,9.99,0.00
5034132,1013976,26,1,2.49,0.00
5034133,1013976,33,1,5.49,0.00
5034134,1013977,4,2,14.99,0.00
5034135,1013978,7,1,11.99,0.00
5034136,1013979,12,1,18.99,5.00
5034137,1013979,2,1,11.99,0.00
5034138,1013979,30,1,3.29,0.00
5034139,1013979,34,1,4.49,0.00
5034140,1013979,23,1,3.99,0.00
5034141,1013980,3,1,10.49,0.00
5034142,1013981,14,1,10.49,0.00
5034143,1013982,1,1,11.49,0.00
5034144,1013982,18,1,5.49,0.00
5034145,1013983,10,1,10.99,0.00
5034146,1013983,19,1,3.99,0.00
5034147,1013983,16,1,10.49,0.00
5034148,1013983,33,1,5.49,0.00
5034149,1013983,27,1,2.49,0.00
5034150,1013984,10,1,10.99,0.00
5034151,1013984,24,1,3.49,0.00
5034152,1013984,35,1,2.99,0.00
5034153,1013984,4,1,14.99,5.00
5034154,1013984,19,1,3.99,0.00
5034155,1013984,27,1,2.49,0.00
5034156,1013985,12,1,18.99,0.00
5034157,1013986,9,1,13.99,0.00
5034158,1013986,26,1,2.49,0.00
5034159,1013987,1,1,11.49,0.00
5034160,1013987,32,1,4.99,0.00
5034161,1013988,6,2,12.99,0.00
5034162,1013988,27,1,2.49,0.00
5034163,1013989,5,1,13.49,0.00
5034164,1013989,35,1,2.99,0.00
5034165,1013990,3,2,10.49,0.00
5034166,1013990,22,1,4.49,0.00
5034167,1013991,8,1,12.49,0.00
5034168,1013992,8,2,12.49,0.00
5034169,1013993,8,1,12.49,0.00
5034170,1013993,18,1,5.49,0.00
5034171,1013994,5,2,13.49,0.00
5034172,1013994,12,1,18.99,0.00
5034173,1013994,34,1,4.49,0.00
5034174,1013995,6,1,12.99,0.00
5034175,1013995,27,1,2.49,0.00
5034176,1013995,32,1,4.99,0.00
5034177,1013996,11,1,13.49,0.00
5034178,1013996,30,1,3.29,0.00
5034179,1013997,3,1,10.49,0.00
5034180,1013998,1,1,11.49,0.00
5034181,1013998,27,1,2.49,0.00
5034182,1013998,29,1,3.49,0.00
5034183,1013998,35,1,2.99,0.00
5034184,1013999,12,1,18.99,5.00
5034185,1013999,25,1,6.49,0.00
5034186,1014000,8,1,12.49,0.00
5034187,1014000,22,1,4.49,0.00
5034188,1014000,24,2,3.49,0.00
5034189,1014001,12,1,18.99,0.00
5034190,1014001,26,1,2.49,0.00
5034191,1014001,25,1,6.49,0.00
5034192,1014002,12,1,18.99,5.00
5034193,1014003,16,1,10.49,0.00
5034194,1014004,4,2,14.99,5.00
5034195,1014005,1,1,11.49,0.00
5034196,1014005,25,1,6.49,0.00
5034197,1014005,33,3,5.49,0.00
5034198,1014005,18,2,5.49,0.00
5034199,1014006,5,1,13.49,0.00
5034200,1014006,25,2,6.49,0.00
5034201,1014006,28,1,3.49,0.00
5034202,1014007,1,1,11.49,0.00
5034203,1014007,18,1,5.49,0.00
5034204,1014008,12,1,18.99,5.00
5034205,1014008,19,2,3.99,0.00
5034206,1014008,2,1,11.99,0.00
5034207,1014009,12,1,18.99,0.00
5034208,1014010,4,1,14.99,0.00
5034209,1014011,2,1,11.99,0.00
5034210,1014011,18,1,5.49,0.00
5034211,1014012,2,1,11.99,0.00
5034212,1014012,28,1,3.49,0.00
5034213,1014012,35,1,2.99,0.00
5034214,1014013,7,1,11.99,0.00
5034215,1014013,26,1,2.49,0.00
5034216,1014014,4,1,14.99,5.00
5034217,1014014,31,1,3.49,0.00
5034218,1014014,9,1,13.99,0.00
5034219,1014014,27,1,2.49,0.00
5034220,1014015,9,1,13.99,0.00
5034221,1014016,2,1,11.99,0.00
5034222,1014016,26,1,2.49,0.00
5034223,1014017,11,1,13.49,0.00
5034224,1014017,26,1,2.49,0.00
5034225,1014017,18,2,5.49,0.00
5034226,1014018,3,1,10.49,0.00
5034227,1014018,20,1,4.49,0.00
5034228,1014018,18,1,5.49,0.00
5034229,1014019,5,-1,13.49,0.00
5034230,1014019,18,1,5.49,0.00
5034231,1014020,12,1,18.99,5.00
5034232,1014020,34,1,4.49,0.00
5034233,1014021,3,1,10.49,0.00
5034234,1014021,19,1,3.99,0.00
5034235,1014021,35,1,2.99,0.00
5034236,1014022,1,1,11.49,0.00
5034237,1014022,26,1,2.49,0.00
5034238,1014023,11,2,13.49,0.00
5034239,1014023,32,1,4.99,0.00
5034240,1014024,11,1,13.49,0.00
5034241,1014024,18,1,5.49,0.00
5034242,1014025,10,1,10.99,0.00
5034243,1014025,21,1,3.99,0.00
5034244,1014025,22,1,4.49,0.00
5034245,1014025,23,1,3.99,0.00
5034246,1014025,34,2,4.49,0.00
5034247,1014025,8,1,12.49,0.00
5034248,1014026,10,1,10.99,0.00
5034249,1014027,8,3,12.49,0.00
5034250,1014027,22,1,4.49,0.00
5034251,1014027,15,1,10.99,0.00
5034252,1014028,11,1,13.49,0.00
5034253,1014029,11,1,13.49,0.00
5034254,1014029,29,1,3.49,0.00
5034255,1014030,16,1,10.49,0.00
5034256,1014030,34,2,4.49,0.00
5034257,1014031,14,1,10.49,0.00
5034258,1014031,31,1,3.49,0.00
5034259,1014032,14,1,10.49,0.00
5034260,1014032,19,1,3.99,0.00
5034261,1014032,24,1,3.49,0.00
5034262,1014033,3,1,10.49,0.00
5034263,1014033,18,1,5.49,0.00
5034264,1014034,13,1,9.99,0.00
5034265,1014034,32,1,4.99,0.00
5034266,1014035,13,1,9.99,0.00
5034267,1014035,5,1,13.49,0.00
5034268,1014035,19,1,3.99,0.00
5034269,1014036,8,2,12.49,0.00
5034270,1014037,6,1,12.99,0.00
5034271,1014037,19,1,3.99,0.00
5034272,1014037,25,1,6.49,0.00
5034273,1014037,20,1,4.49,0.00
5034274,1014037,33,3,5.49,0.00
5034275,1014038,2,1,11.99,0.00
5034276,1014038,1,1,11.49,0.00
5034277,1014038,32,1,4.99,0.00
5034278,1014039,12,1,18.99,5.00
5034279,1014039,27,1,2.49,0.00
5034280,1014039,35,2,2.99,0.00
5034281,1014040,1,1,11.49,0.00
5034282,1014041,4,1,14.99,5.00
5034283,1014041,20,2,4.49,0.00
5034284,1014042,6,1,12.99,0.00
5034285,1014043,10,2,10.99,0.00
5034286,1014043,28,1,3.49,0.00
5034287,1014043,27,1,2.49,0.00
5034288,1014044,16,1,10.49,0.00
5034289,1014044,18,1,5.49,0.00
5034290,1014044,2,1,11.99,0.00
5034291,1014045,12,1,18.99,5.00
5034292,1014045,21,1,3.99,0.00
5034293,1014045,30,1,3.29,0.00
5034294,1014046,5,1,13.49,0.00
5034295,1014046,22,1,4.49,0.00
5034296,1014046,33,1,5.49,0.00
5034297,1014046,8,1,12.49,0.00
5034298,1014047,6,1,12.99,0.00
5034299,1014047,35,1,2.99,0.00
5034300,1014048,8,-1,12.49,0.00
5034301,1014048,27,1,2.49,0.00
5034302,1014049,14,2,10.49,0.00
5034303,1014049,26,1,2.49,0.00
5034304,1014049,23,1,3.99,0.00
5034305,1014050,12,1,18.99,5.00
5034306,1014050,19,1,3.99,0.00
5034307,1014050,18,1,5.49,0.00
5034308,1014050,32,1,4.99,0.00
5034309,1014050,21,1,3.99,0.00
5034310,1014051,12,1,18.99,5.00
5034311,1014051,30,1,3.29,0.00
5034312,1014052,14,2,10.49,0.00
5034313,1014052,20,1,4.49,0.00
5034314,1014052,11,1,13.49,0.00
5034315,1014053,10,3,10.99,0.00
5034316,1014053,20,3,4.49,0.00
5034317,1014053,32,1,4.99,0.00
5034318,1014054,10,1,10.99,0.00
5034319,1014055,6,1,12.99,0.00
5034320,1014055,29,1,3.49,0.00
5034321,1014055,33,1,5.49,0.00
5034322,1014056,14,1,10.49,0.00
5034323,1014056,24,1,3.49,0.00
5034324,1014056,22,1,4.49,0.00
5034325,1014056,31,1,3.49,0.00
5034326,1014057,4,1,14.99,0.00
5034327,1014058,15,1,10.99,0.00
5034328,1014058,21,1,3.99,0.00
5034329,1014058,23,1,3.99,0.00
5034330,1014059,7,1,11.99,0.00
5034331,1014059,22,1,4.49,0.00
5034332,1014059,20,3,4.49,0.00
5034333,1014059,18,1,5.49,0.00
5034334,1014059,30,3,3.29,0.00
5034335,1014060,3,1,10.49,0.00
5034336,1014060,26,1,2.49,0.00
5034337,1014061,4,1,14.99,0.00
5034338,1014061,29,1,3.49,0.00
5034339,1014062,9,1,13.99,0.00
5034340,1014062,34,1,4.49,0.00
5034341,1014062,6,1,12.99,0.00
5034342,1014063,12,1,18.99,0.00
5034343,1014063,34,2,4.49,0.00
5034344,1014064,4,1,14.99,5.00
5034345,1014064,26,1,2.49,0.00
5034346,1014064,24,1,3.49,0.00
5034347,1014065,7,1,11.99,0.00
5034348,1014065,26,2,2.49,0.00
5034349,1014065,18,1,5.49,0.00
5034350,1014065,31,1,3.49,0.00
5034351,1014066,4,1,14.99,0.00
5034352,1014066,26,1,2.49,0.00
5034353,1014067,15,2,10.99,0.00
5034354,1014067,27,1,2.49,0.00
5034355,1014068,14,1,10.49,0.00
5034356,1014068,34,1,4.49,0.00
5034357,1014068,24,1,3.49,0.00
5034358,1014068,26,1,2.49,0.00
5034359,1014068,19,1,3.99,0.00
5034360,1014069,6,2,12.99,0.00
5034361,1014069,19,1,3.99,0.00
5034362,1014070,7,2,11.99,0.00
5034363,1014070,20,1,4.49,0.00
5034364,1014070,29,1,3.49,0.00
5034365,1014070,34,1,4.49,0.00
5034366,1014071,7,1,11.99,0.00
5034367,1014072,2,1,11.99,0.00
5034368,1014072,24,1,3.49,0.00
5034369,1014073,7,1,11.99,0.00
5034370,1014073,4,1,14.99,0.00
5034371,1014074,2,1,11.99,0.00
5034372,1014074,28,1,3.49,0.00
5034373,1014074,20,1,4.49,0.00
5034374,1014075,11,1,13.49,0.00
5034375,1014075,4,1,14.99,0.00
5034376,1014076,8,1,12.49,0.00
5034377,1014076,29,1,3.49,0.00
5034378,1014076,30,1,3.29,0.00
5034379,1014076,26,1,2.49,0.00
5034380,1014077,4,1,14.99,5.00
5034381,1014077,34,1,4.49,0.00
5034382,1014077,24,1,3.49,0.00
5034383,1014077,22,1,4.49,0.00
5034384,1014077,20,1,4.49,0.00
5034385,1014078,12,1,18.99,5.00
5034386,1014078,26,1,2.49,0.00
5034387,1014079,10,1,10.99,0.00
5034388,1014079,22,1,4.49,0.00
5034389,1014080,6,1,12.99,0.00
5034390,1014080,21,1,3.99,0.00
5034391,1014080,28,1,3.49,0.00
5034392,1014081,11,2,13.49,0.00
5034393,1014082,4,1,14.99,0.00
5034394,1014083,4,1,14.99,5.00
5034395,1014083,27,1,2.49,0.00
5034396,1014084,4,1,14.99,5.00
5034397,1014084,20,-1,4.49,0.00
5034398,1014085,9,4,13.99,0.00
5034399,1014085,27,1,2.49,0.00
5034400,1014085,20,1,4.49,0.00
5034401,1014085,28,1,3.49,0.00
5034402,1014086,1,1,11.49,0.00
5034403,1014086,23,1,3.99,0.00
5034404,1014086,22,1,4.49,0.00
5034405,1014086,21,1,3.99,0.00
5034406,1014087,6,1,12.99,0.00
5034407,1014087,32,2,4.99,0.00
5034408,1014087,21,1,3.99,0.00
5034409,1014088,15,1,10.99,0.00
5034410,1014088,35,1,2.99,0.00
5034411,1014089,4,2,14.99,5.00
5034412,1014090,7,1,11.99,0.00
5034413,1014091,11,1,13.49,0.00
5034414,1014092,15,1,10.99,0.00
5034415,1014092,27,1,2.49,0.00
5034416,1014093,12,1,18.99,5.00
5034417,1014094,8,2,12.49,0.00
5034418,1014094,22,1,4.49,0.00
5034419,1014095,8,1,12.49,0.00
5034420,1014095,18,1,5.49,0.00
5034421,1014095,19,1,3.99,0.00
5034422,1014096,16,2,10.49,0.00
5034423,1014096,27,1,2.49,0.00
5034424,1014096,18,1,5.49,0.00
5034425,1014097,5,1,13.49,0.00
5034426,1014097,26,1,2.49,0.00
5034427,1014097,29,3,3.49,0.00
5034428,1014097,23,1,3.99,0.00
5034429,1014098,8,2,12.49,0.00
5034430,1014098,21,1,3.99,0.00
5034431,1014098,26,1,2.49,0.00
5034432,1014098,34,1,4.49,0.00
5034433,1014099,2,1,11.99,0.00
5034434,1014100,11,1,13.49,0.00
5034435,1014101,4,1,14.99,5.00
5034436,1014101,22,1,4.49,0.00
5034437,1014101,27,1,2.49,0.00
5034438,1014101,19,1,3.99,0.00
5034439,1014102,11,1,13.49,0.00
5034440,1014103,8,3,12.49,0.00
5034441,1014104,8,0,12.49,0.00
5034442,1014104,28,1,3.49,0.00
5034443,1014105,4,1,14.99,5.00
5034444,1014105,27,1,2.49,0.00
5034445,1014105,20,1,4.49,0.00
5034446,1014105,18,1,5.49,0.00
5034447,1014106,2,0,11.99,0.00
5034448,1014107,12,1,18.99,0.00
5034449,1014107,31,1,3.49,0.00
5034450,1014107,14,1,10.49,0.00
5034451,1014107,30,-1,3.29,0.00
5034452,1014107,26,1,2.49,0.00
5034453,1014107,28,1,3.49,0.00
5034454,1014108,12,1,18.99,5.00
5034455,1014109,1,2,11.49,0.00
5034456,1014109,21,1,3.99,0.00
5034457,1014109,31,1,3.49,0.00
5034458,1014110,13,1,9.99,0.00
5034459,1014111,15,1,10.99,0.00
5034460,1014111,22,1,4.49,0.00
5034461,1014111,21,3,3.99,0.00
5034462,1014112,2,1,11.99,0.00
5034463,1014112,26,1,2.49,0.00
5034464,1014113,4,1,14.99,5.00
5034465,1014113,33,1,5.49,0.00
5034466,1014113,32,2,4.99,0.00
5034467,1014114,10,1,10.99,0.00
5034468,1014114,31,1,3.49,0.00
5034469,1014115,7,2,11.99,0.00
5034470,1014116,10,1,10.99,0.00
5034471,1014116,18,1,5.49,0.00
5034472,1014117,8,1,12.49,0.00
5034473,1014117,28,1,3.49,0.00
5034474,1014117,27,2,2.49,0.00
5034475,1014118,10,1,10.99,0.00
5034476,1014118,19,1,3.99,0.00
5034477,1014119,7,1,11.99,0.00
5034478,1014119,29,1,3.49,0.00
5034479,1014119,21,1,3.99,0.00
5034480,1014120,12,1,18.99,5.00
5034481,1014120,20,1,4.49,0.00
5034482,1014120,18,3,5.49,0.00
5034483,1014120,29,1,3.49,0.00
5034484,1014121,7,1,11.99,0.00
5034485,1014121,35,2,2.99,0.00
5034486,1014121,18,3,5.49,0.00
5034487,1014122,3,1,10.49,0.00
5034488,1014122,20,1,4.49,0.00
5034489,1014123,5,1,13.49,0.00
5034490,1014124,5,1,13.49,0.00
5034491,1014124,29,1,3.49,0.00
5034492,1014125,4,1,14.99,5.00
5034493,1014125,29,2,3.49,0.00
5034494,1014125,34,1,4.49,0.00
5034495,1014126,2,1,11.99,0.00
5034496,1014126,25,1,6.49,0.00
5034497,1014126,32,1,4.99,0.00
5034498,1014126,4,1,14.99,0.00
5034499,1014127,12,1,18.99,5.00
5034500,1014127,29,1,3.49,0.00
5034501,1014128,13,1,9.99,0.00
5034502,1014129,7,1,11.99,0.00
5034503,1014129,33,1,5.49,0.00
5034504,1014129,25,3,6.49,0.00
5034505,1014129,18,1,5.49,0.00
5034506,1014129,30,1,3.29,0.00
5034507,1014130,1,1,11.49,0.00
5034508,1014130,28,1,3.49,0.00
5034509,1014130,30,1,3.29,0.00
5034510,1014131,8,1,12.49,0.00
5034511,1014131,32,1,4.99,0.00
5034512,1014132,13,1,9.99,0.00
5034513,1014132,18,1,5.49,0.00
5034514,1014133,11,1,13.49,0.00
5034515,1014133,21,1,3.99,0.00
5034516,1014133,20,1,4.49,0.00
5034517,1014134,4,1,14.99,0.00
5034518,1014134,7,1,11.99,0.00
5034519,1014135,5,1,13.49,0.00
5034520,1014135,29,1,3.49,0.00
5034521,1014135,26,1,2.49,0.00
5034522,1014136,5,1,13.49,0.00
5034523,1014136,31,1,3.49,0.00
5034524,1014137,8,1,12.49,0.00
5034525,1014138,12,1,18.99,5.00
5034526,1014138,23,1,3.99,0.00
5034527,1014138,21,1,3.99,0.00
5034528,1014139,11,1,13.49,0.00
5034529,1014140,6,1,12.99,0.00
5034530,1014140,25,1,6.49,0.00
5034531,1014140,30,1,3.29,0.00
5034532,1014141,16,1,10.49,0.00
5034533,1014141,18,2,5.49,0.00
5034534,1014141,21,1,3.99,0.00
5034535,1014141,27,1,2.49,0.00
5034536,1014142,12,3,18.99,0.00
5034537,1014142,19,1,3.99,0.00
5034538,1014143,15,1,10.99,0.00
5034539,1014144,14,2,10.49,0.00
5034540,1014145,4,2,14.99,5.00
5034541,1014145,21,1,3.99,0.00
5034542,1014145,27,1,2.49,0.00
5034543,1014145,20,1,4.49,0.00
5034544,1014145,18,1,5.49,0.00
5034545,1014145,26,1,2.49,0.00
5034546,1014146,3,1,10.49,0.00
5034547,1014146,26,1,2.49,0.00
5034548,1014147,14,1,10.49,0.00
5034549,1014147,20,1,4.49,0.00
5034550,1014147,34,2,4.49,0.00
5034551,1014147,24,2,3.49,0.00
5034552,1014147,5,1,13.49,0.00
5034553,1014148,2,1,11.99,0.00
5034554,1014149,11,1,13.49,0.00
5034555,1014150,6,1,12.99,0.00
5034556,1014150,19,1,3.99,0.00
5034557,1014151,12,1,18.99,0.00
5034558,1014151,18,1,5.49,0.00
5034559,1014152,16,1,10.49,0.00
5034560,1014152,24,1,3.49,0.00
5034561,1014153,1,1,11.49,0.00
5034562,1014153,28,1,3.49,0.00
5034563,1014154,2,1,11.99,0.00
5034564,1014154,22,2,4.49,0.00
5034565,1014155,9,1,13.99,0.00
5034566,1014155,25,1,6.49,0.00
5034567,1014156,1,1,11.49,0.00
5034568,1014157,11,1,13.49,0.00
5034569,1014157,35,1,2.99,0.00
5034570,1014157,28,1,3.49,0.00
5034571,1014158,15,1,10.99,0.00
5034572,1014158,29,2,3.49,0.00
5034573,1014159,12,1,18.99,5.00
5034574,1014159,27,1,2.49,0.00
5034575,1014160,2,1,11.99,0.00
5034576,1014160,28,1,3.49,0.00
5034577,1014161,1,1,11.49,0.00
5034578,1014162,5,1,13.49,0.00
5034579,1014162,18,1,5.49,0.00
5034580,1014163,15,1,10.99,0.00
5034581,1014164,4,1,14.99,0.00
5034582,1014165,4,1,14.99,5.00
5034583,1014166,15,1,10.99,0.00
5034584,1014166,27,1,2.49,0.00
5034585,1014166,26,3,2.49,0.00
5034586,1014166,18,2,5.49,0.00
5034587,1014166,25,1,6.49,0.00
5034588,1014167,5,2,13.49,0.00
5034589,1014167,29,1,3.49,0.00
5034590,1014168,3,1,10.49,0.00
5034591,1014169,13,2,9.99,0.00
5034592,1014170,8,3,12.49,0.00
5034593,1014170,20,1,4.49,0.00
5034594,1014170,31,1,3.49,0.00
5034595,1014170,28,1,3.49,0.00
5034596,1014171,8,-1,12.49,0.00
5034597,1014171,18,-1,5.49,0.00
5034598,1014172,1,1,11.49,0.00
5034599,1014172,32,1,4.99,0.00
5034600,1014172,22,3,4.49,0.00
5034601,1014173,9,2,13.99,0.00
5034602,1014174,4,1,14.99,0.00
5034603,1014174,23,1,3.99,0.00
5034604,1014174,29,2,3.49,0.00
5034605,1014174,25,1,6.49,0.00
5034606,1014175,8,1,12.49,0.00
5034607,1014176,9,1,13.99,0.00
5034608,1014176,33,1,5.49,0.00
5034609,1014176,34,1,4.49,0.00
5034610,1014176,26,1,2.49,0.00
5034611,1014177,11,1,13.49,0.00
5034612,1014177,29,1,3.49,0.00
5034613,1014177,28,3,3.49,0.00
5034614,1014178,10,1,10.99,0.00
5034615,1014178,28,1,3.49,0.00
5034616,1014179,15,1,10.99,0.00
5034617,1014179,23,1,3.99,0.00
5034618,1014179,33,1,5.49,0.00
5034619,1014180,10,1,10.99,0.00
5034620,1014180,27,1,2.49,0.00
5034621,1014181,7,1,11.99,0.00
5034622,1014181,26,2,2.49,0.00
5034623,1014182,2,1,11.99,0.00
5034624,1014182,26,1,2.49,0.00
5034625,1014182,23,1,3.99,0.00
5034626,1014183,14,1,10.49,0.00
5034627,1014183,22,2,4.49,0.00
5034628,1014184,3,1,10.49,0.00
5034629,1014184,30,1,3.29,0.00
5034630,1014184,28,1,3.49,0.00
5034631,1014184,26,1,2.49,0.00
5034632,1014185,1,1,11.49,0.00
5034633,1014185,8,1,12.49,0.00
5034634,1014186,4,1,14.99,0.00
5034635,1014187,5,2,13.49,0.00
5034636,1014188,13,2,9.99,0.00
5034637,1014188,10,1,10.99,0.00
5034638,1014189,11,1,13.49,0.00
5034639,1014189,25,1,6.49,0.00
5034640,1014190,3,1,10.49,0.00
5034641,1014190,20,1,4.49,0.00
5034642,1014191,4,2,14.99,0.00
5034643,1014191,27,2,2.49,0.00
5034644,1014191,22,1,4.49,0.00
5034645,1014192,15,2,10.99,0.00
5034646,1014192,25,1,6.49,0.00
5034647,1014192,26,1,2.49,0.00
5034648,1014193,3,2,10.49,0.00
5034649,1014193,18,1,5.49,0.00
5034650,1014193,20,1,4.49,0.00
5034651,1014194,13,1,9.99,0.00
5034652,1014195,15,1,10.99,0.00
5034653,1014195,6,1,12.99,0.00
5034654,1014196,15,1,10.99,0.00
5034655,1014196,26,1,2.49,0.00
5034656,1014197,3,1,10.49,0.00
5034657,1014198,15,2,10.99,0.00
5034658,1014198,20,1,4.49,0.00
5034659,1014198,27,1,2.49,0.00
5034660,1014199,8,1,12.49,0.00
5034661,1014200,7,1,11.99,0.00
5034662,1014201,5,1,13.49,0.00
5034663,1014201,33,1,5.49,0.00
5034664,1014201,18,1,5.49,0.00
5034665,1014201,27,1,2.49,0.00
5034666,1014201,31,1,3.49,0.00
5034667,1014202,6,2,12.99,0.00
5034668,1014202,19,1,3.99,0.00
5034669,1014202,25,1,6.49,0.00
5034670,1014203,14,2,10.49,0.00
5034671,1014204,13,1,9.99,0.00
5034672,1014204,32,2,4.99,0.00
5034673,1014205,13,0,9.99,0.00
5034674,1014205,26,1,2.49,0.00
5034675,1014206,7,1,11.99,0.00
5034676,1014207,12,1,18.99,0.00
5034677,1014208,7,2,11.99,0.00
5034678,1014208,28,1,3.49,0.00
5034679,1014208,23,1,3.99,0.00
5034680,1014209,6,1,12.99,0.00
5034681,1014209,15,1,10.99,0.00
5034682,1014209,27,3,2.49,0.00
5034683,1014209,2,1,11.99,0.00
5034684,1014209,29,1,3.49,0.00
5034685,1014210,16,1,10.49,0.00
5034686,1014210,27,1,2.49,0.00
5034687,1014211,10,1,10.99,0.00
5034688,1014211,21,1,3.99,0.00
5034689,1014212,7,1,11.99,0.00
5034690,1014212,31,1,3.49,0.00
5034691,1014212,27,1,2.49,0.00
5034692,1014213,10,2,10.99,0.00
5034693,1014213,23,1,3.99,0.00
5034694,1014213,22,2,4.49,0.00
5034695,1014213,30,1,3.29,0.00
5034696,1014214,6,2,12.99,0.00
5034697,1014215,15,1,10.99,0.00
5034698,1014215,20,1,4.49,0.00
5034699,1014215,29,1,3.49,0.00
5034700,1014216,3,1,10.49,0.00
5034701,1014216,26,3,2.49,0.00
5034702,1014216,28,2,3.49,0.00
5034703,1014217,5,1,13.49,0.00
5034704,1014217,27,1,2.49,0.00
5034705,1014217,30,1,3.29,0.00
5034706,1014218,5,3,13.49,0.00
5034707,1014219,15,1,10.99,0.00
5034708,1014219,1,1,11.49,0.00
5034709,1014220,5,1,13.49,0.00
5034710,1014221,5,1,13.49,0.00
5034711,1014222,10,1,10.99,0.00
5034712,1014222,23,1,3.99,0.00
5034713,1014223,16,1,10.49,0.00
5034714,1014224,14,1,10.49,0.00
5034715,1014225,13,1,9.99,0.00
5034716,1014225,11,1,13.49,0.00
5034717,1014225,25,1,6.49,0.00
5034718,1014226,11,1,13.49,0.00
5034719,1014226,28,3,3.49,0.00
5034720,1014227,1,-1,11.49,0.00
5034721,1014227,20,1,4.49,0.00
5034722,1014227,6,1,12.99,0.00
5034723,1014228,7,1,11.99,0.00
5034724,1014228,21,1,3.99,0.00
5034725,1014229,5,1,13.49,0.00
5034726,1014230,7,1,11.99,0.00
5034727,1014230,22,1,4.49,0.00
5034728,1014230,29,1,3.49,0.00
5034729,1014231,11,1,13.49,0.00
5034730,1014231,27,2,2.49,0.00
5034731,1014231,29,1,3.49,0.00
5034732,1014232,7,1,11.99,0.00
5034733,1014232,27,1,2.49,0.00
5034734,1014232,21,2,3.99,0.00
5034735,1014232,25,1,6.49,0.00
5034736,1014232,16,1,10.49,0.00
5034737,1014233,2,1,11.99,0.00
5034738,1014234,3,1,10.49,0.00
5034739,1014234,19,1,3.99,0.00
5034740,1014234,25,1,6.49,0.00
5034741,1014234,23,1,3.99,0.00
5034742,1014235,3,1,10.49,0.00
5034743,1014235,5,1,13.49,0.00
5034744,1014235,26,2,2.49,0.00
5034745,1014235,1,1,11.49,0.00
5034746,1014235,21,1,3.99,0.00
5034747,1014236,13,2,9.99,0.00
5034748,1014236,33,1,5.49,0.00
5034749,1014236,21,1,3.99,0.00
5034750,1014236,32,1,4.99,0.00
5034751,1014237,1,2,11.49,0.00
5034752,1014237,24,1,3.49,0.00
5034753,1014238,3,1,10.49,0.00
5034754,1014238,18,1,5.49,0.00
5034755,1014239,9,1,13.99,0.00
5034756,1014239,29,1,3.49,0.00
5034757,1014239,24,1,3.49,0.00
5034758,1014240,4,1,14.99,0.00
5034759,1014240,26,1,2.49,0.00
5034760,1014240,20,1,4.49,0.00
5034761,1014240,22,1,4.49,0.00
5034762,1014241,7,1,11.99,0.00
5034763,1014242,12,1,18.99,0.00
5034764,1014242,5,1,13.49,0.00
5034765,1014242,26,1,2.49,0.00
5034766,1014242,3,1,10.49,0.00
5034767,1014243,16,2,10.49,0.00
5034768,1014244,2,1,11.99,0.00
5034769,1014244,31,1,3.49,0.00
5034770,1014245,8,1,12.49,0.00
5034771,1014245,34,1,4.49,0.00
5034772,1014245,30,1,3.29,0.00
5034773,1014246,15,1,10.99,0.00
5034774,1014246,29,1,3.49,0.00
5034775,1014246,26,3,2.49,0.00
5034776,1014247,2,1,11.99,0.00
5034777,1014247,29,1,3.49,0.00
5034778,1014248,6,1,12.99,0.00
5034779,1014249,10,1,10.99,0.00
5034780,1014249,24,1,3.49,0.00
5034781,1014250,5,1,13.49,0.00
5034782,1014250,35,1,2.99,0.00
5034783,1014250,26,-1,2.49,0.00
5034784,1014251,8,1,12.49,0.00
5034785,1014251,1,1,11.49,0.00
5034786,1014252,3,1,10.49,0.00
5034787,1014252,32,1,4.99,0.00
5034788,1014252,31,1,3.49,0.00
5034789,1014253,16,1,10.49,0.00
5034790,1014253,31,1,3.49,0.00
5034791,1014254,1,1,11.49,0.00
5034792,1014254,19,1,3.99,0.00
5034793,1014254,22,1,4.49,0.00
5034794,1014255,9,1,13.99,0.00
5034795,1014256,6,1,12.99,0.00
5034796,1014256,28,1,3.49,0.00
5034797,1014257,13,1,9.99,0.00
5034798,1014257,34,1,4.49,0.00
5034799,1014257,20,1,4.49,0.00
5034800,1014258,16,1,10.49,0.00
5034801,1014259,4,1,14.99,0.00
5034802,1014259,18,1,5.49,0.00
5034803,1014259,27,1,2.49,0.00
5034804,1014260,1,0,11.49,0.00
5034805,1014260,31,1,3.49,0.00
5034806,1014261,1,1,11.49,0.00
5034807,1014261,21,1,3.99,0.00
5034808,1014261,20,1,4.49,0.00
5034809,1014262,12,1,18.99,0.00
5034810,1014262,23,1,3.99,0.00
5034811,1014262,26,1,2.49,0.00
5034812,1014263,11,1,13.49,0.00
5034813,1014263,34,1,4.49,0.00
5034814,1014263,20,1,4.49,0.00
5034815,1014263,26,1,2.49,0.00
5034816,1014264,8,1,12.49,0.00
5034817,1014265,6,1,12.99,0.00
5034818,1014265,8,1,12.49,0.00
5034819,1014266,15,1,10.99,0.00
5034820,1014266,18,1,5.49,0.00
5034821,1014266,24,1,3.49,0.00
5034822,1014267,11,1,13.49,0.00
5034823,1014268,4,3,14.99,0.00
5034824,1014269,8,1,12.49,0.00
5034825,1014269,29,1,3.49,0.00
5034826,1014269,18,1,5.49,0.00
5034827,1014270,5,1,13.49,0.00
5034828,1014270,18,1,5.49,0.00
5034829,1014270,8,1,12.49,0.00
5034830,1014271,3,1,10.49,0.00
5034831,1014271,20,1,4.49,0.00
5034832,1014271,21,1,3.99,0.00
5034833,1014272,2,1,11.99,0.00
5034834,1014273,1,1,11.49,0.00
5034835,1014273,30,1,3.29,0.00
5034836,1014274,13,1,9.99,0.00
5034837,1014274,15,1,10.99,0.00
5034838,1014275,2,2,11.99,0.00
5034839,1014275,18,2,5.49,0.00
5034840,1014275,20,1,4.49,0.00
5034841,1014276,10,1,10.99,0.00
5034842,1014276,26,1,2.49,0.00
5034843,1014277,15,1,10.99,0.00
5034844,1014278,8,1,12.49,0.00
5034845,1014278,28,1,3.49,0.00
5034846,1014279,6,3,12.99,0.00
5034847,1014279,26,1,2.49,0.00
5034848,1014280,11,1,13.49,0.00
5034849,1014280,22,1,4.49,0.00
5034850,1014280,30,1,3.29,0.00
5034851,1014280,25,1,6.49,0.00
5034852,1014281,15,1,10.99,0.00
5034853,1014282,11,1,13.49,0.00
5034854,1014282,15,1,10.99,0.00
5034855,1014283,6,0,12.99,0.00
5034856,1014284,15,1,10.99,0.00
5034857,1014284,29,1,3.49,0.00
5034858,1014285,4,1,14.99,0.00
5034859,1014285,23,1,3.99,0.00
5034860,1014286,1,1,11.49,0.00
5034861,1014286,27,1,2.49,0.00
5034862,1014287,9,1,13.99,0.00
5034863,1014287,28,1,3.49,0.00
5034864,1014287,20,1,4.49,0.00
5034865,1014288,7,1,11.99,0.00
5034866,1014288,18,1,5.49,0.00
5034867,1014289,3,1,10.49,0.00
5034868,1014289,33,1,5.49,0.00
5034869,1014289,32,1,4.99,0.00
5034870,1014290,7,1,11.99,0.00
5034871,1014290,27,1,2.49,0.00
5034872,1014291,1,2,11.49,0.00
5034873,1014292,15,2,10.99,0.00
5034874,1014292,29,1,3.49,0.00
5034875,1014292,22,1,4.49,0.00
5034876,1014293,15,2,10.99,0.00
5034877,1014293,26,1,2.49,0.00
5034878,1014293,32,1,4.99,0.00
5034879,1014293,30,1,3.29,0.00
5034880,1014294,13,1,9.99,0.00
5034881,1014294,35,1,2.99,0.00
5034882,1014295,1,2,11.49,0.00
5034883,1014295,20,1,4.49,0.00
5034884,1014295,25,1,6.49,0.00
5034885,1014295,28,1,3.49,0.00
5034886,1014295,23,1,3.99,0.00
5034887,1014296,14,1,10.49,0.00
5034888,1014296,19,1,3.99,0.00
5034889,1014296,27,1,2.49,0.00
5034890,1014297,7,1,11.99,0.00
5034891,1014297,27,1,2.49,0.00
5034892,1014297,29,1,3.49,0.00
5034893,1014298,2,1,11.99,0.00
5034894,1014298,27,1,2.49,0.00
5034895,1014298,4,1,14.99,0.00
5034896,1014298,34,1,4.49,0.00
5034897,1014298,21,1,3.99,0.00
5034898,1014299,10,1,10.99,0.00
5034899,1014300,14,1,10.49,0.00
5034900,1014300,34,1,4.49,0.00
5034901,1014301,6,1,12.99,0.00
5034902,1014302,9,2,13.99,0.00
5034903,1014303,4,1,14.99,0.00
5034904,1014303,27,1,2.49,0.00
5034905,1014304,13,1,9.99,0.00
5034906,1014305,5,1,13.49,0.00
5034907,1014305,27,1,2.49,0.00
5034908,1014306,4,1,14.99,0.00
5034909,1014307,3,1,10.49,0.00
5034910,1014307,8,1,12.49,0.00
5034911,1014307,27,1,2.49,0.00
5034912,1014308,13,2,9.99,0.00
5034913,1014308,30,1,3.29,0.00
5034914,1014309,6,1,12.99,0.00
5034915,1014310,8,1,12.49,0.00
5034916,1014310,27,3,2.49,0.00
5034917,1014310,10,1,10.99,0.00
5034918,1014311,15,1,10.99,0.00
5034919,1014311,20,1,4.49,0.00
5034920,1014312,11,1,13.49,0.00
5034921,1014312,19,1,3.99,0.00
5034922,1014313,8,1,12.49,0.00
5034923,1014313,34,2,4.49,0.00
5034924,1014314,5,1,13.49,0.00
5034925,1014314,19,1,3.99,0.00
5034926,1014314,21,2,3.99,0.00
5034927,1014315,16,1,10.49,0.00
5034928,1014315,28,1,3.49,0.00
5034929,1014316,14,2,10.49,0.00
5034930,1014316,19,1,3.99,0.00
5034931,1014316,26,1,2.49,0.00
5034932,1014317,15,1,10.99,0.00
5034933,1014317,25,1,6.49,0.00
5034934,1014318,15,1,10.99,0.00
5034935,1014318,32,3,4.99,0.00
5034936,1014318,21,1,3.99,0.00
5034937,1014319,2,2,11.99,0.00
5034938,1014319,34,1,4.49,0.00
5034939,1014320,3,2,10.49,0.00
5034940,1014321,11,-1,13.49,0.00
5034941,1014321,34,1,4.49,0.00
5034942,1014321,28,1,3.49,0.00
5034943,1014322,15,1,10.99,0.00
5034944,1014322,29,1,3.49,0.00
5034945,1014322,26,1,2.49,0.00
5034946,1014323,11,1,13.49,0.00
5034947,1014323,34,1,4.49,0.00
5034948,1014323,26,1,2.49,0.00
5034949,1014324,12,1,18.99,0.00
5034950,1014324,27,1,2.49,0.00
5034951,1014325,8,1,12.49,0.00
5034952,1014325,22,1,4.49,0.00
5034953,1014325,25,1,6.49,0.00
5034954,1014326,1,1,11.49,0.00
5034955,1014326,27,1,2.49,0.00
5034956,1014326,25,2,6.49,0.00
5034957,1014327,14,1,10.49,0.00
5034958,1014327,29,1,3.49,0.00
5034959,1014328,13,1,9.99,0.00
5034960,1014328,21,1,3.99,0.00
5034961,1014328,30,2,3.29,0.00
5034962,1014328,32,1,4.99,0.00
5034963,1014328,18,1,5.49,0.00
5034964,1014329,6,1,12.99,0.00
5034965,1014329,25,1,6.49,0.00
5034966,1014330,6,1,12.99,0.00
5034967,1014330,27,1,2.49,0.00
5034968,1014330,18,3,5.49,0.00
5034969,1014331,7,1,11.99,0.00
5034970,1014331,27,1,2.49,0.00
5034971,1014331,35,2,2.99,0.00
5034972,1014331,26,1,2.49,0.00
5034973,1014332,3,1,10.49,0.00
5034974,1014332,31,2,3.49,0.00
5034975,1014332,23,1,3.99,0.00
5034976,1014333,4,1,14.99,0.00
5034977,1014333,27,1,2.49,0.00
5034978,1014333,33,1,5.49,0.00
5034979,1014334,16,2,10.49,0.00
5034980,1014334,25,1,6.49,0.00
5034981,1014335,13,2,9.99,0.00
5034982,1014335,19,2,3.99,0.00
5034983,1014336,10,1,10.99,0.00
5034984,1014337,7,3,11.99,0.00
5034985,1014337,28,1,3.49,0.00
5034986,1014337,29,1,3.49,0.00
5034987,1014338,3,1,10.49,0.00
5034988,1014338,26,1,2.49,0.00
5034989,1014338,34,1,4.49,0.00
5034990,1014338,27,1,2.49,0.00
5034991,1014338,35,2,2.99,0.00
5034992,1014339,14,1,10.49,0.00
5034993,1014339,27,1,2.49,0.00
5034994,1014340,1,1,11.49,0.00
5034995,1014340,2,1,11.99,0.00
5034996,1014340,26,1,2.49,0.00
5034997,1014341,9,1,13.99,0.00
5034998,1014341,22,1,4.49,0.00
5034999,1014341,24,1,3.49,0.00
5035000,1014342,4,1,14.99,0.00
5035001,1014342,27,1,2.49,0.00
5035002,1014342,7,2,11.99,0.00
5035003,1014343,11,1,13.49,0.00
5035004,1014344,14,2,10.49,0.00
5035005,1014344,19,1,3.99,0.00
5035006,1014345,13,1,9.99,0.00
5035007,1014345,24,1,3.49,0.00
5035008,1014346,14,1,10.49,0.00
5035009,1014346,24,2,3.49,0.00
5035010,1014346,27,1,2.49,0.00
5035011,1014347,9,1,13.99,0.00
5035012,1014347,21,1,3.99,0.00
5035013,1014347,29,1,3.49,0.00
5035014,1014348,10,2,10.99,0.00
5035015,1014348,24,1,3.49,0.00
5035016,1014348,19,3,3.99,0.00
5035017,1014349,8,1,12.49,0.00
5035018,1014349,27,1,2.49,0.00
5035019,1014350,15,1,10.99,0.00
5035020,1014350,27,1,2.49,0.00
5035021,1014350,25,1,6.49,0.00
5035022,1014350,28,3,3.49,0.00
5035023,1014351,4,1,14.99,0.00
5035024,1014351,18,1,5.49,0.00
5035025,1014352,14,1,10.49,0.00
5035026,1014352,25,1,6.49,0.00
5035027,1014352,18,1,5.49,0.00
5035028,1014353,1,1,11.49,0.00
5035029,1014354,13,2,9.99,0.00
5035030,1014354,16,1,10.49,0.00
5035031,1014354,23,2,3.99,0.00
5035032,1014355,1,2,11.49,0.00
5035033,1014356,5,1,13.49,0.00
5035034,1014357,8,1,12.49,0.00
5035035,1014357,35,1,2.99,0.00
5035036,1014357,20,1,4.49,0.00
5035037,1014357,30,1,3.29,0.00
5035038,1014358,1,1,11.49,0.00
5035039,1014358,11,1,13.49,0.00
5035040,1014359,9,1,13.99,0.00
5035041,1014360,9,1,13.99,0.00
5035042,1014360,21,1,3.99,0.00
5035043,1014361,16,1,10.49,0.00
5035044,1014361,7,1,11.99,0.00
5035045,1014361,27,1,2.49,0.00
5035046,1014361,22,1,4.49,0.00
5035047,1014362,2,1,11.99,0.00
5035048,1014362,34,1,4.49,0.00
5035049,1014363,7,1,11.99,0.00
5035050,1014363,27,1,2.49,0.00
5035051,1014363,29,1,3.49,0.00
5035052,1014364,8,1,12.49,0.00
5035053,1014364,33,-1,5.49,0.00
5035054,1014365,5,1,13.49,0.00
5035055,1014365,30,1,3.29,0.00
5035056,1014365,18,1,5.49,0.00
5035057,1014366,10,1,10.99,0.00
5035058,1014367,6,1,12.99,0.00
5035059,1014367,34,1,4.49,0.00
5035060,1014367,19,1,3.99,0.00
5035061,1014367,26,3,2.49,0.00
5035062,1014368,5,1,13.49,0.00
5035063,1014368,19,1,3.99,0.00
5035064,1014368,31,1,3.49,0.00
5035065,1014369,8,1,12.49,0.00
5035066,1014369,29,1,3.49,0.00
5035067,1014369,23,1,3.99,0.00
5035068,1014369,25,1,6.49,0.00
5035069,1014370,2,1,11.99,0.00
5035070,1014371,13,1,9.99,0.00
5035071,1014371,28,1,3.49,0.00
5035072,1014371,18,1,5.49,0.00
5035073,1014372,11,1,13.49,0.00
5035074,1014372,19,1,3.99,0.00
5035075,1014373,6,1,12.99,0.00
5035076,1014373,32,1,4.99,0.00
5035077,1014373,19,2,3.99,0.00
5035078,1014373,20,1,4.49,0.00
5035079,1014374,2,1,11.99,0.00
5035080,1014374,21,2,3.99,0.00
5035081,1014375,1,1,11.49,0.00
5035082,1014375,23,4,3.99,0.00
5035083,1014376,1,1,11.49,0.00
5035084,1014377,5,1,13.49,0.00
5035085,1014378,5,1,13.49,0.00
5035086,1014378,21,1,3.99,0.00
5035087,1014378,28,1,3.49,0.00
5035088,1014378,34,1,4.49,0.00
5035089,1014379,2,1,11.99,0.00
5035090,1014379,20,2,4.49,0.00
5035091,1014380,6,2,12.99,0.00
5035092,1014380,32,1,4.99,0.00
5035093,1014380,20,1,4.49,0.00
5035094,1014380,10,1,10.99,0.00
5035095,1014380,27,1,2.49,0.00
5035096,1014381,1,1,11.49,0.00
5035097,1014381,26,1,2.49,0.00
5035098,1014381,19,1,3.99,0.00
5035099,1014381,30,1,3.29,0.00
5035100,1014382,15,1,10.99,0.00
5035101,1014382,16,1,10.49,0.00
5035102,1014383,7,1,11.99,0.00
5035103,1014383,30,1,3.29,0.00
5035104,1014383,12,1,18.99,0.00
5035105,1014384,5,1,13.49,0.00
5035106,1014384,6,1,12.99,0.00
5035107,1014384,21,2,3.99,0.00
5035108,1014384,23,1,3.99,0.00
5035109,1014384,32,1,4.99,0.00
5035110,1014385,4,2,14.99,0.00
5035111,1014386,1,2,11.49,0.00
5035112,1014386,33,1,5.49,0.00
5035113,1014386,21,1,3.99,0.00
5035114,1014387,2,1,11.99,0.00
5035115,1014387,27,3,2.49,0.00
5035116,1014388,1,1,11.49,0.00
5035117,1014388,23,1,3.99,0.00
5035118,1014389,3,1,10.49,0.00
5035119,1014389,23,1,3.99,0.00
5035120,1014390,6,1,12.99,0.00
5035121,1014390,29,1,3.49,0.00
5035122,1014391,14,2,10.49,0.00
5035123,1014392,1,2,11.49,0.00
5035124,1014392,21,2,3.99,0.00
5035125,1014392,27,1,2.49,0.00
5035126,1014393,2,1,11.99,0.00
5035127,1014393,19,2,3.99,0.00
5035128,1014393,18,1,5.49,0.00
5035129,1014394,7,1,11.99,0.00
5035130,1014394,28,1,3.49,0.00
5035131,1014394,23,1,3.99,0.00
5035132,1014395,3,3,10.49,0.00
5035133,1014395,21,1,3.99,0.00
5035134,1014395,27,2,2.49,0.00
5035135,1014395,24,1,3.49,0.00
5035136,1014396,5,1,13.49,0.00
5035137,1014397,1,1,11.49,0.00
5035138,1014397,22,1,4.49,0.00
5035139,1014398,4,1,14.99,0.00
5035140,1014399,14,1,10.49,0.00
5035141,1014399,30,1,3.29,0.00
5035142,1014400,15,1,10.99,0.00
5035143,1014401,6,1,12.99,0.00
5035144,1014401,27,1,2.49,0.00
5035145,1014402,3,1,10.49,0.00
5035146,1014403,2,1,11.99,0.00
5035147,1014403,29,3,3.49,0.00
5035148,1014403,26,1,2.49,0.00
5035149,1014404,14,1,10.49,0.00
5035150,1014404,27,1,2.49,0.00
5035151,1014404,26,2,2.49,0.00
5035152,1014405,6,1,12.99,0.00
5035153,1014406,14,3,10.49,0.00
5035154,1014406,7,-1,11.99,0.00
5035155,1014407,6,2,12.99,0.00
5035156,1014408,16,2,10.49,0.00
5035157,1014408,19,1,3.99,0.00
5035158,1014409,2,1,11.99,0.00
5035159,1014409,26,1,2.49,0.00
5035160,1014409,30,2,3.29,0.00
5035161,1014409,18,1,5.49,0.00
5035162,1014409,25,1,6.49,0.00
5035163,1014410,4,1,14.99,0.00
5035164,1014411,11,1,13.49,0.00
5035165,1014411,27,2,2.49,0.00
5035166,1014412,2,1,11.99,0.00
5035167,1014412,19,1,3.99,0.00
5035168,1014412,25,1,6.49,0.00
5035169,1014413,5,1,13.49,0.00
5035170,1014413,32,1,4.99,0.00
5035171,1014414,1,1,11.49,0.00
5035172,1014414,21,1,3.99,0.00
5035173,1014415,4,1,14.99,0.00
5035174,1014415,28,1,3.49,0.00
5035175,1014416,7,1,11.99,0.00
5035176,1014416,35,1,2.99,0.00
5035177,1014416,24,1,3.49,0.00
5035178,1014416,29,1,3.49,0.00
5035179,1014416,19,2,3.99,0.00
5035180,1014416,18,2,5.49,0.00
5035181,1014417,1,1,11.49,0.00
5035182,1014417,28,1,3.49,0.00
5035183,1014417,31,1,3.49,0.00
5035184,1014417,29,1,3.49,0.00
5035185,1014417,32,1,4.99,0.00
5035186,1014418,12,1,18.99,0.00
5035187,1014419,8,1,12.49,0.00
5035188,1014419,3,1,10.49,0.00
5035189,1014419,28,1,3.49,0.00
5035190,1014420,2,1,11.99,0.00
5035191,1014421,2,1,11.99,0.00
5035192,1014421,24,1,3.49,0.00
5035193,1014422,7,1,11.99,0.00
5035194,1014422,27,1,2.49,0.00
5035195,1014422,21,2,3.99,0.00
5035196,1014423,2,1,11.99,0.00
5035197,1014423,21,1,3.99,0.00
5035198,1014423,18,1,5.49,0.00
5035199,1014423,27,2,2.49,0.00
5035200,1014424,3,1,10.49,0.00
5035201,1014424,26,1,2.49,0.00
5035202,1014424,13,1,9.99,0.00
5035203,1014425,4,2,14.99,0.00
5035204,1014425,30,1,3.29,0.00
5035205,1014425,35,1,2.99,0.00
5035206,1014426,1,1,11.49,0.00
5035207,1014427,4,1,14.99,0.00
5035208,1014427,18,2,5.49,0.00
5035209,1014427,34,1,4.49,0.00
5035210,1014428,6,3,12.99,0.00
5035211,1014428,32,1,4.99,0.00
5035212,1014429,1,1,11.49,0.00
5035213,1014430,3,1,10.49,0.00
5035214,1014430,32,1,4.99,0.00
5035215,1014431,6,1,12.99,0.00
5035216,1014431,29,1,3.49,0.00
5035217,1014432,8,1,12.49,0.00
5035218,1014433,2,2,11.99,0.00
5035219,1014434,1,1,11.49,0.00
5035220,1014435,5,1,13.49,0.00
5035221,1014436,14,1,10.49,0.00
5035222,1014437,3,2,10.49,0.00
5035223,1014437,26,1,2.49,0.00
5035224,1014438,12,1,18.99,0.00
5035225,1014438,22,2,4.49,0.00
5035226,1014438,26,2,2.49,0.00
5035227,1014439,11,1,13.49,0.00
5035228,1014439,32,1,4.99,0.00
5035229,1014439,25,1,6.49,0.00
5035230,1014440,1,3,11.49,0.00
5035231,1014441,9,1,13.99,0.00
5035232,1014441,26,1,2.49,0.00
5035233,1014442,4,1,14.99,0.00
5035234,1014442,21,1,3.99,0.00
5035235,1014442,19,1,3.99,0.00
5035236,1014443,15,1,10.99,0.00
5035237,1014443,26,1,2.49,0.00
5035238,1014444,14,3,10.49,0.00
5035239,1014444,26,1,2.49,0.00
5035240,1014444,18,1,5.49,0.00
5035241,1014445,14,1,10.49,0.00
5035242,1014445,27,1,2.49,0.00
5035243,1014446,11,1,13.49,0.00
5035244,1014446,5,1,13.49,0.00
5035245,1014446,26,2,2.49,0.00
5035246,1014447,15,1,10.99,0.00
5035247,1014447,34,1,4.49,0.00
5035248,1014447,1,2,11.49,0.00
5035249,1014448,5,1,13.49,0.00
5035250,1014448,32,1,4.99,0.00
5035251,1014449,6,1,12.99,0.00
5035252,1014450,10,1,10.99,0.00
5035253,1014450,24,2,3.49,0.00
5035254,1014450,26,1,2.49,0.00
5035255,1014451,9,1,13.99,0.00
5035256,1014451,27,3,2.49,0.00
5035257,1014452,4,1,14.99,0.00
5035258,1014452,25,1,6.49,0.00
5035259,1014452,34,1,4.49,0.00
5035260,1014453,12,2,18.99,0.00
5035261,1014454,13,1,9.99,0.00
5035262,1014454,29,1,3.49,0.00
5035263,1014454,30,1,3.29,0.00
5035264,1014455,6,1,12.99,0.00
5035265,1014455,22,1,4.49,0.00
5035266,1014455,27,1,2.49,0.00
5035267,1014455,21,1,3.99,0.00
5035268,1014456,7,1,11.99,0.00
5035269,1014456,20,1,4.49,0.00
5035270,1014456,22,1,4.49,0.00
5035271,1014456,27,1,2.49,0.00
5035272,1014456,26,1,2.49,0.00
5035273,1014457,6,1,12.99,0.00
5035274,1014457,26,3,2.49,0.00
5035275,1014457,31,1,3.49,0.00
5035276,1014457,28,2,3.49,0.00
5035277,1014458,3,1,10.49,0.00
5035278,1014458,21,2,3.99,0.00
5035279,1014458,34,1,4.49,0.00
5035280,1014458,27,1,2.49,0.00
5035281,1014459,2,1,11.99,0.00
5035282,1014459,14,1,10.49,0.00
5035283,1014460,10,1,10.99,0.00
5035284,1014460,35,1,2.99,0.00
5035285,1014461,1,1,11.49,0.00
5035286,1014461,12,1,18.99,0.00
5035287,1014462,2,2,11.99,0.00
5035288,1014462,26,1,2.49,0.00
5035289,1014462,21,1,3.99,0.00
5035290,1014463,4,1,14.99,0.00
5035291,1014463,28,1,3.49,0.00
5035292,1014464,4,1,14.99,0.00
5035293,1014464,27,1,2.49,0.00
5035294,1014464,10,1,10.99,0.00
5035295,1014465,15,1,10.99,0.00
5035296,1014465,28,1,3.49,0.00
5035297,1014466,1,2,11.49,0.00
5035298,1014466,19,2,3.99,0.00
5035299,1014466,20,1,4.49,0.00
5035300,1014467,10,1,10.99,0.00
5035301,1014467,27,1,2.49,0.00
5035302,1014467,33,1,5.49,0.00
5035303,1014468,7,1,11.99,0.00
5035304,1014469,15,1,10.99,0.00
5035305,1014469,24,1,3.49,0.00
5035306,1014469,34,1,4.49,0.00
5035307,1014470,1,1,11.49,0.00
5035308,1014470,26,1,2.49,0.00
5035309,1014470,18,1,5.49,0.00
5035310,1014470,31,1,3.49,0.00
5035311,1014471,4,1,14.99,0.00
5035312,1014471,21,2,3.99,0.00
5035313,1014471,24,1,3.49,0.00
5035314,1014472,4,1,14.99,0.00
5035315,1014473,10,2,10.99,0.00
5035316,1014473,27,3,2.49,0.00
5035317,1014473,22,1,4.49,0.00
5035318,1014474,7,-1,11.99,0.00
5035319,1014474,22,1,4.49,0.00
5035320,1014474,24,1,3.49,0.00
5035321,1014474,27,1,2.49,0.00
5035322,1014474,30,2,3.29,0.00
5035323,1014474,19,1,3.99,0.00
5035324,1014475,15,1,10.99,0.00
5035325,1014475,29,1,3.49,0.00
5035326,1014475,5,1,13.49,0.00
5035327,1014476,1,1,11.49,0.00
5035328,1014476,34,1,4.49,0.00
5035329,1014477,3,1,10.49,0.00
5035330,1014477,30,1,3.29,0.00
5035331,1014477,21,1,3.99,0.00
5035332,1014477,18,2,5.49,0.00
5035333,1014478,8,1,12.49,0.00
5035334,1014478,31,1,3.49,0.00
5035335,1014479,7,1,11.99,0.00
5035336,1014479,35,1,2.99,0.00
5035337,1014480,15,1,10.99,0.00
5035338,1014480,19,1,3.99,0.00
5035339,1014480,34,2,4.49,0.00
5035340,1014480,35,1,2.99,0.00
5035341,1014481,2,2,11.99,0.00
5035342,1014481,18,1,5.49,0.00
5035343,1014482,14,1,10.49,0.00
5035344,1014482,29,1,3.49,0.00
5035345,1014482,27,1,2.49,0.00
5035346,1014483,3,1,10.49,0.00
5035347,1014483,25,1,6.49,0.00
5035348,1014483,18,1,5.49,0.00
5035349,1014484,15,1,10.99,0.00
5035350,1014484,31,1,3.49,0.00
5035351,1014484,27,2,2.49,0.00
5035352,1014485,12,2,18.99,0.00
5035353,1014485,18,1,5.49,0.00
5035354,1014486,3,1,10.49,0.00
5035355,1014486,28,1,3.49,0.00
5035356,1014486,26,3,2.49,0.00
5035357,1014486,25,1,6.49,0.00
5035358,1014487,11,1,13.49,0.00
5035359,1014487,29,1,3.49,0.00
5035360,1014488,3,1,10.49,0.00
5035361,1014488,27,1,2.49,0.00
5035362,1014488,19,1,3.99,0.00
5035363,1014489,3,1,10.49,0.00
5035364,1014489,25,1,6.49,0.00
5035365,1014490,8,1,12.49,0.00
5035366,1014490,22,1,4.49,0.00
5035367,1014490,31,1,3.49,0.00
5035368,1014491,14,-1,10.49,0.00
5035369,1014491,26,1,2.49,0.00
5035370,1014492,8,1,12.49,0.00
5035371,1014493,9,2,13.99,0.00
5035372,1014493,19,1,3.99,0.00
5035373,1014494,12,2,18.99,0.00
5035374,1014495,5,1,13.49,0.00
5035375,1014495,26,1,2.49,0.00
5035376,1014496,8,1,12.49,0.00
5035377,1014497,3,1,10.49,0.00
5035378,1014497,34,1,4.49,0.00
5035379,1014498,7,1,11.99,0.00
5035380,1014498,21,2,3.99,0.00
5035381,1014499,13,1,9.99,0.00
5035382,1014499,6,1,12.99,0.00
5035383,1014499,35,1,2.99,0.00
5035384,1014500,2,1,11.99,0.00
5035385,1014500,21,2,3.99,0.00
5035386,1014501,7,2,11.99,0.00
5035387,1014501,25,1,6.49,0.00
5035388,1014501,31,-1,3.49,0.00
5035389,1014502,5,1,13.49,0.00
5035390,1014502,26,2,2.49,0.00
5035391,1014503,3,1,10.49,0.00
5035392,1014503,13,1,9.99,0.00
5035393,1014503,30,1,3.29,0.00
5035394,1014504,5,1,13.49,0.00
5035395,1014504,25,3,6.49,0.00
5035396,1014504,32,1,4.99,0.00
5035397,1014505,8,3,12.49,0.00
5035398,1014505,26,1,2.49,0.00
5035399,1014506,1,1,11.49,0.00
5035400,1014506,26,1,2.49,0.00
5035401,1014506,34,1,4.49,0.00
5035402,1014507,1,1,11.49,0.00
5035403,1014507,18,1,5.49,0.00
5035404,1014508,9,1,13.99,0.00
5035405,1014508,19,1,3.99,0.00
5035406,1014509,1,2,11.49,0.00
5035407,1014509,27,1,2.49,0.00
5035408,1014510,14,1,10.49,0.00
5035409,1014510,23,1,3.99,0.00
5035410,1014511,3,2,10.49,0.00
5035411,1014511,31,1,3.49,0.00
5035412,1014511,26,1,2.49,0.00
5035413,1014512,16,1,10.49,0.00
5035414,1014513,8,1,12.49,0.00
5035415,1014513,27,1,2.49,0.00
5035416,1014513,28,1,3.49,0.00
5035417,1014514,11,2,13.49,0.00
5035418,1014514,23,1,3.99,0.00
5035419,1014515,7,1,11.99,0.00
5035420,1014516,6,1,12.99,0.00
5035421,1014516,28,2,3.49,0.00
5035422,1014517,10,1,10.99,0.00
5035423,1014517,25,1,6.49,0.00
5035424,1014517,24,2,3.49,0.00
5035425,1014517,22,1,4.49,0.00
5035426,1014517,20,1,4.49,0.00
5035427,1014517,3,1,10.49,0.00
5035428,1014518,1,1,11.49,0.00
5035429,1014518,18,1,5.49,0.00
5035430,1014518,24,2,3.49,0.00
5035431,1014519,1,1,11.49,0.00
5035432,1014520,1,2,11.49,0.00
5035433,1014520,27,1,2.49,0.00
5035434,1014520,26,1,2.49,0.00
5035435,1014520,32,1,4.99,0.00
5035436,1014520,31,1,3.49,0.00
5035437,1014520,29,1,3.49,0.00
5035438,1014521,15,1,10.99,0.00
5035439,1014522,11,1,13.49,0.00
5035440,1014522,1,2,11.49,0.00
5035441,1014523,2,1,11.99,0.00
5035442,1014523,35,2,2.99,0.00
5035443,1014523,26,1,2.49,0.00
5035444,1014523,25,1,6.49,0.00
5035445,1014524,13,1,9.99,0.00
5035446,1014524,26,1,2.49,0.00
5035447,1014524,25,1,6.49,0.00
5035448,1014524,23,1,3.99,0.00
5035449,1014525,12,1,18.99,0.00
5035450,1014525,25,1,6.49,0.00
5035451,1014525,21,1,3.99,0.00
5035452,1014526,15,2,10.99,0.00
5035453,1014526,24,1,3.49,0.00
5035454,1014527,6,2,12.99,0.00
5035455,1014527,26,1,2.49,0.00
5035456,1014528,1,1,11.49,0.00
5035457,1014528,27,1,2.49,0.00
5035458,1014529,1,2,11.49,0.00
5035459,1014530,11,1,13.49,0.00
5035460,1014530,23,1,3.99,0.00
5035461,1014530,28,1,3.49,0.00
5035462,1014530,34,1,4.49,0.00
5035463,1014530,25,1,6.49,0.00
5035464,1014530,22,1,4.49,0.00
5035465,1014531,3,1,10.49,0.00
5035466,1014531,25,1,6.49,0.00
5035467,1014531,20,1,4.49,0.00
5035468,1014531,27,1,2.49,0.00
5035469,1014532,14,1,10.49,0.00
5035470,1014533,7,3,11.99,0.00
5035471,1014533,27,1,2.49,0.00
5035472,1014534,1,1,11.49,0.00
5035473,1014535,14,2,10.49,0.00
5035474,1014535,29,2,3.49,0.00
5035475,1014536,10,1,10.99,0.00
5035476,1014536,25,1,6.49,0.00
5035477,1014537,14,1,10.49,0.00
5035478,1014537,19,1,3.99,0.00
5035479,1014537,27,3,2.49,0.00
5035480,1014538,4,1,14.99,0.00
5035481,1014538,33,1,5.49,0.00
5035482,1014538,9,2,13.99,0.00
5035483,1014538,23,1,3.99,0.00
5035484,1014539,7,1,11.99,0.00
5035485,1014539,19,1,3.99,0.00
5035486,1014539,30,3,3.29,0.00
5035487,1014540,5,2,13.49,0.00
5035488,1014540,23,1,3.99,0.00
5035489,1014541,5,3,13.49,0.00
5035490,1014541,30,1,3.29,0.00
5035491,1014541,31,1,3.49,0.00
5035492,1014541,18,2,5.49,0.00
5035493,1014542,1,1,11.49,0.00
5035494,1014543,10,1,10.99,0.00
5035495,1014543,29,1,3.49,0.00
5035496,1014543,34,1,4.49,0.00
5035497,1014544,9,2,13.99,0.00
5035498,1014544,26,1,2.49,0.00
5035499,1014545,5,-1,13.49,0.00
5035500,1014545,30,1,3.29,0.00
5035501,1014545,27,1,2.49,0.00
5035502,1014545,21,1,3.99,0.00
5035503,1014546,3,2,10.49,0.00
5035504,1014546,28,1,3.49,0.00
5035505,1014547,9,1,13.99,0.00
5035506,1014547,13,1,9.99,0.00
5035507,1014548,5,1,13.49,0.00
5035508,1014548,22,1,4.49,0.00
5035509,1014548,25,3,6.49,0.00
5035510,1014548,18,1,5.49,0.00
5035511,1014548,21,1,3.99,0.00
5035512,1014549,5,1,13.49,0.00
5035513,1014549,19,1,3.99,0.00
5035514,1014550,14,2,10.49,0.00
5035515,1014550,30,1,3.29,0.00
5035516,1014550,27,1,2.49,0.00
5035517,1014550,2,1,11.99,0.00
5035518,1014550,22,1,4.49,0.00
5035519,1014551,8,1,12.49,0.00
5035520,1014552,4,1,14.99,0.00
5035521,1014552,29,1,3.49,0.00
5035522,1014553,2,1,11.99,0.00
5035523,1014553,28,1,3.49,0.00
5035524,1014553,26,1,2.49,0.00
5035525,1014553,18,1,5.49,0.00
5035526,1014554,5,2,13.49,0.00
5035527,1014554,21,2,3.99,0.00
5035528,1014555,7,1,11.99,0.00
5035529,1014555,27,1,2.49,0.00
5035530,1014555,26,1,2.49,0.00
5035531,1014555,21,1,3.99,0.00
5035532,1014556,4,1,14.99,0.00
5035533,1014556,18,1,5.49,0.00
5035534,1014556,19,1,3.99,0.00
5035535,1014556,25,1,6.49,0.00
5035536,1014557,10,1,10.99,0.00
5035537,1014557,32,1,4.99,0.00
5035538,1014558,10,1,10.99,0.00
5035539,1014559,2,3,11.99,0.00
5035540,1014560,3,1,10.49,0.00
5035541,1014561,6,1,12.99,0.00
5035542,1014561,21,1,3.99,0.00
5035543,1014562,1,1,11.49,0.00
5035544,1014562,26,2,2.49,0.00
5035545,1014563,8,1,12.49,0.00
5035546,1014563,22,1,4.49,0.00
5035547,1014564,6,-1,12.99,0.00
5035548,1014564,26,1,2.49,0.00
5035549,1014565,3,1,10.49,0.00
5035550,1014565,24,1,3.49,0.00
5035551,1014565,27,1,2.49,0.00
5035552,1014565,21,1,3.99,0.00
5035553,1014566,14,1,10.49,0.00
5035554,1014566,23,1,3.99,0.00
5035555,1014567,1,3,11.49,0.00
5035556,1014567,27,2,2.49,0.00
5035557,1014567,30,1,3.29,0.00
5035558,1014568,5,1,13.49,0.00
5035559,1014568,26,1,2.49,0.00
5035560,1014568,28,1,3.49,0.00
5035561,1014569,9,1,13.99,0.00
5035562,1014569,33,2,5.49,0.00
5035563,1014569,27,1,2.49,0.00
5035564,1014570,13,2,9.99,0.00
5035565,1014570,21,1,3.99,0.00
5035566,1014570,27,1,2.49,0.00
5035567,1014571,15,1,10.99,0.00
5035568,1014571,20,1,4.49,0.00
5035569,1014571,33,1,5.49,0.00
5035570,1014572,14,1,10.49,0.00
5035571,1014573,6,1,12.99,0.00
5035572,1014573,21,1,3.99,0.00
5035573,1014574,14,2,10.49,0.00
5035574,1014574,27,1,2.49,0.00
5035575,1014575,6,2,12.99,0.00
5035576,1014576,15,1,10.99,0.00
5035577,1014576,29,1,3.49,0.00
5035578,1014577,3,1,10.49,0.00
5035579,1014577,8,1,12.49,0.00
5035580,1014578,3,1,10.49,0.00
5035581,1014578,35,1,2.99,0.00
5035582,1014579,5,1,13.49,0.00
5035583,1014579,9,2,13.99,0.00
5035584,1014579,27,1,2.49,0.00
5035585,1014580,14,1,10.49,0.00
5035586,1014580,27,1,2.49,0.00
5035587,1014580,25,1,6.49,0.00
5035588,1014581,4,1,14.99,0.00
5035589,1014581,19,2,3.99,0.00
5035590,1014581,21,2,3.99,0.00
5035591,1014582,6,1,12.99,0.00
5035592,1014582,27,1,2.49,0.00
5035593,1014583,2,1,11.99,0.00
5035594,1014584,6,1,12.99,0.00
5035595,1014584,21,1,3.99,0.00
5035596,1014584,31,1,3.49,0.00
5035597,1014584,28,1,3.49,0.00
5035598,1014584,24,1,3.49,0.00
5035599,1014584,34,2,4.49,0.00
5035600,1014585,12,0,18.99,0.00
5035601,1014585,19,1,3.99,0.00
5035602,1014586,1,1,11.49,0.00
5035603,1014586,23,1,3.99,0.00
5035604,1014587,3,1,10.49,0.00
5035605,1014588,3,1,10.49,0.00
5035606,1014588,34,1,4.49,0.00
5035607,1014589,5,0,13.49,0.00
5035608,1014590,5,2,13.49,0.00
5035609,1014590,1,3,11.49,0.00
5035610,1014590,27,1,2.49,0.00
5035611,1014590,34,3,4.49,0.00
5035612,1014591,6,1,12.99,0.00
5035613,1014592,10,1,10.99,0.00
5035614,1014592,23,2,3.99,0.00
5035615,1014593,3,1,10.49,0.00
5035616,1014593,27,1,2.49,0.00
5035617,1014593,30,1,3.29,0.00
5035618,1014593,19,1,3.99,0.00
5035619,1014594,4,1,14.99,0.00
5035620,1014595,1,1,11.49,0.00
5035621,1014595,26,1,2.49,0.00
5035622,1014595,30,1,3.29,0.00
5035623,1014595,32,1,4.99,0.00
5035624,1014596,11,1,13.49,0.00
5035625,1014596,28,1,3.49,0.00
5035626,1014596,20,1,4.49,0.00
5035627,1014597,4,1,14.99,0.00
5035628,1014597,26,1,2.49,0.00
5035629,1014598,8,1,12.49,0.00
5035630,1014598,20,3,4.49,0.00
5035631,1014599,6,1,12.99,0.00
5035632,1014599,26,1,2.49,0.00
5035633,1014600,7,1,11.99,0.00
5035634,1014600,19,1,3.99,0.00
5035635,1014601,2,1,11.99,0.00
5035636,1014601,18,1,5.49,0.00
5035637,1014601,27,1,2.49,0.00
5035638,1014602,13,1,9.99,0.00
5035639,1014602,31,1,3.49,0.00
5035640,1014603,2,2,11.99,0.00
5035641,1014604,13,3,9.99,0.00
5035642,1014605,5,1,13.49,0.00
5035643,1014605,23,1,3.99,0.00
5035644,1014605,26,1,2.49,0.00
5035645,1014606,14,1,10.49,0.00
5035646,1014607,5,2,13.49,0.00
5035647,1014607,27,1,2.49,0.00
5035648,1014608,12,1,18.99,0.00
5035649,1014608,26,1,2.49,0.00
5035650,1014608,14,1,10.49,0.00
5035651,1014608,27,1,2.49,0.00
5035652,1014608,33,1,5.49,0.00
5035653,1014608,34,1,4.49,0.00
5035654,1014609,6,1,12.99,0.00
5035655,1014610,1,1,11.49,0.00
5035656,1014610,18,1,5.49,0.00
5035657,1014611,1,1,11.49,0.00
5035658,1014611,26,1,2.49,0.00
5035659,1014612,12,1,18.99,0.00
5035660,1014613,15,3,10.99,0.00
5035661,1014613,27,1,2.49,0.00
5035662,1014613,20,1,4.49,0.00
5035663,1014613,19,1,3.99,0.00
5035664,1014613,34,1,4.49,0.00
5035665,1014614,13,1,9.99,0.00
5035666,1014614,34,1,4.49,0.00
5035667,1014615,1,1,11.49,0.00
5035668,1014615,30,1,3.29,0.00
5035669,1014615,19,2,3.99,0.00
5035670,1014615,20,1,4.49,0.00
5035671,1014615,25,-1,6.49,0.00
5035672,1014616,10,1,10.99,0.00
5035673,1014616,23,1,3.99,0.00
5035674,1014616,24,1,3.49,0.00
5035675,1014616,29,1,3.49,0.00
5035676,1014617,7,1,11.99,0.00
5035677,1014617,30,1,3.29,0.00
5035678,1014617,34,1,4.49,0.00
5035679,1014618,6,1,12.99,0.00
5035680,1014618,19,3,3.99,0.00
5035681,1014618,8,1,12.49,0.00
5035682,1014618,32,1,4.99,0.00
5035683,1014618,31,1,3.49,0.00
5035684,1014619,3,1,10.49,0.00
5035685,1014619,25,1,6.49,0.00
5035686,1014619,27,1,2.49,0.00
5035687,1014619,30,1,3.29,0.00
5035688,1014619,19,2,3.99,0.00
5035689,1014620,2,1,11.99,0.00
5035690,1014620,29,1,3.49,0.00
5035691,1014620,27,1,2.49,0.00
5035692,1014621,5,1,13.49,0.00
5035693,1014621,19,1,3.99,0.00
5035694,1014622,10,1,10.99,0.00
5035695,1014622,23,1,3.99,0.00
5035696,1014622,19,1,3.99,0.00
5035697,1014623,2,1,11.99,0.00
5035698,1014624,5,2,13.49,0.00
5035699,1014624,21,2,3.99,0.00
5035700,1014624,26,1,2.49,0.00
5035701,1014625,10,1,10.99,0.00
5035702,1014625,32,1,4.99,0.00
5035703,1014625,19,1,3.99,0.00
5035704,1014626,15,1,10.99,0.00
5035705,1014626,28,1,3.49,0.00
5035706,1014627,2,1,11.99,0.00
5035707,1014627,19,1,3.99,0.00
5035708,1014627,32,2,4.99,0.00
5035709,1014628,4,1,14.99,0.00
5035710,1014628,20,2,4.49,0.00
5035711,1014628,16,1,10.49,0.00
5035712,1014629,1,2,11.49,0.00
5035713,1014630,7,1,11.99,0.00
5035714,1014630,19,1,3.99,0.00
5035715,1014631,14,2,10.49,0.00
5035716,1014632,3,2,10.49,0.00
5035717,1014632,27,1,2.49,0.00
5035718,1014633,11,1,13.49,0.00
5035719,1014634,1,1,11.49,0.00
5035720,1014634,19,2,3.99,0.00
5035721,1014635,12,1,18.99,0.00
5035722,1014635,20,1,4.49,0.00
5035723,1014635,32,1,4.99,0.00
5035724,1014636,3,2,10.49,0.00
5035725,1014637,6,1,12.99,0.00
5035726,1014637,29,1,3.49,0.00
5035727,1014638,9,1,13.99,0.00
5035728,1014638,28,1,3.49,0.00
5035729,1014638,26,1,2.49,0.00
5035730,1014639,15,1,10.99,0.00
5035731,1014640,6,1,12.99,0.00
5035732,1014640,18,1,5.49,0.00
5035733,1014641,8,1,12.49,0.00
5035734,1014641,33,1,5.49,0.00
5035735,1014641,10,1,10.99,0.00
5035736,1014641,29,1,3.49,0.00
5035737,1014642,9,2,13.99,0.00
5035738,1014642,21,1,3.99,0.00
5035739,1014643,2,1,11.99,0.00
5035740,1014643,34,1,4.49,0.00
5035741,1014644,6,1,12.99,0.00
5035742,1014644,27,1,2.49,0.00
5035743,1014644,22,1,4.49,0.00
5035744,1014644,33,1,5.49,0.00
5035745,1014645,7,1,11.99,0.00
5035746,1014646,11,1,13.49,0.00
5035747,1014646,19,1,3.99,0.00
5035748,1014646,15,1,10.99,0.00
5035749,1014647,16,1,10.49,0.00
5035750,1014647,19,1,3.99,0.00
5035751,1014647,26,1,2.49,0.00
5035752,1014647,20,1,4.49,0.00
5035753,1014647,32,2,4.99,0.00
5035754,1014648,8,1,12.49,0.00
5035755,1014648,33,2,5.49,0.00
5035756,1014649,11,1,13.49,0.00
5035757,1014649,19,1,3.99,0.00
5035758,1014650,3,1,10.49,0.00
5035759,1014651,1,1,11.49,0.00
5035760,1014651,19,2,3.99,0.00
5035761,1014651,16,3,10.49,0.00
5035762,1014651,22,4,4.49,0.00
5035763,1014651,6,1,12.99,0.00
5035764,1014652,8,1,12.49,0.00
5035765,1014652,21,1,3.99,0.00
5035766,1014652,19,1,3.99,0.00
5035767,1014652,27,1,2.49,0.00
5035768,1014653,12,1,18.99,0.00
5035769,1014653,19,1,3.99,0.00
5035770,1014653,27,1,2.49,0.00
5035771,1014654,5,1,13.49,0.00
5035772,1014655,8,1,12.49,0.00
5035773,1014655,29,1,3.49,0.00
5035774,1014655,30,1,3.29,0.00
5035775,1014656,12,2,18.99,0.00
5035776,1014656,13,1,9.99,0.00
5035777,1014657,4,1,14.99,0.00
5035778,1014657,31,3,3.49,0.00
5035779,1014658,11,1,13.49,0.00
5035780,1014659,8,1,12.49,0.00
5035781,1014659,31,1,3.49,0.00
5035782,1014660,1,1,11.49,0.00
5035783,1014660,31,2,3.49,0.00
5035784,1014661,7,4,11.99,0.00
5035785,1014662,7,1,11.99,0.00
5035786,1014663,1,1,11.49,0.00
5035787,1014663,11,1,13.49,0.00
5035788,1014663,18,2,5.49,0.00
5035789,1014663,26,1,2.49,0.00
5035790,1014664,3,1,10.49,0.00
5035791,1014664,28,1,3.49,0.00
5035792,1014665,1,1,11.49,0.00
5035793,1014665,27,2,2.49,0.00
5035794,1014665,26,1,2.49,0.00
5035795,1014665,25,1,6.49,0.00
5035796,1014665,35,1,2.99,0.00
5035797,1014666,10,1,10.99,0.00
5035798,1014666,29,1,3.49,0.00
5035799,1014666,28,1,3.49,0.00
5035800,1014666,20,1,4.49,0.00
5035801,1014667,10,1,10.99,0.00
5035802,1014667,28,1,3.49,0.00
5035803,1014668,1,1,11.49,0.00
5035804,1014668,24,3,3.49,0.00
5035805,1014669,11,1,13.49,0.00
5035806,1014670,12,1,18.99,0.00
5035807,1014670,19,0,3.99,0.00
5035808,1014670,26,2,2.49,0.00
5035809,1014671,11,1,13.49,0.00
5035810,1014671,33,1,5.49,0.00
5035811,1014671,18,1,5.49,0.00
5035812,1014672,8,1,12.49,0.00
5035813,1014672,30,2,3.29,0.00
5035814,1014673,8,3,12.49,0.00
5035815,1014673,24,2,3.49,0.00
5035816,1014673,20,3,4.49,0.00
5035817,1014673,19,1,3.99,0.00
5035818,1014674,6,1,12.99,0.00
5035819,1014674,20,1,4.49,0.00
5035820,1014675,5,1,13.49,0.00
5035821,1014676,1,1,11.49,0.00
5035822,1014676,32,3,4.99,0.00
5035823,1014677,7,1,11.99,0.00
5035824,1014677,20,1,4.49,0.00
5035825,1014677,8,1,12.49,0.00
5035826,1014677,19,1,3.99,0.00
5035827,1014678,9,3,13.99,0.00
5035828,1014678,22,1,4.49,0.00
5035829,1014678,19,1,3.99,0.00
5035830,1014679,11,1,13.49,0.00
5035831,1014680,1,1,11.49,0.00
5035832,1014680,14,1,10.49,0.00
5035833,1014680,19,1,3.99,0.00
5035834,1014680,25,1,6.49,0.00
5035835,1014681,9,1,13.99,0.00
5035836,1014681,31,1,3.49,0.00
5035837,1014681,27,1,2.49,0.00
5035838,1014682,5,1,13.49,0.00
5035839,1014682,22,1,4.49,0.00
5035840,1014682,27,1,2.49,0.00
5035841,1014683,3,1,10.49,0.00
5035842,1014683,26,1,2.49,0.00
5035843,1014684,7,1,11.99,0.00
5035844,1014685,11,2,13.49,0.00
5035845,1014685,29,1,3.49,0.00
5035846,1014686,12,1,18.99,0.00
5035847,1014686,27,1,2.49,0.00
5035848,1014686,23,1,3.99,0.00
5035849,1014687,8,1,12.49,0.00
5035850,1014688,9,1,13.99,0.00
5035851,1014688,22,1,4.49,0.00
5035852,1014688,32,2,4.99,0.00
5035853,1014688,18,1,5.49,0.00
5035854,1014689,12,1,18.99,0.00
5035855,1014690,12,1,18.99,0.00
5035856,1014691,4,1,14.99,0.00
5035857,1014692,9,1,13.99,0.00
5035858,1014692,31,2,3.49,0.00
5035859,1014693,11,1,13.49,0.00
5035860,1014693,26,1,2.49,0.00
5035861,1014693,18,2,5.49,0.00
5035862,1014694,7,1,11.99,0.00
5035863,1014694,20,1,4.49,0.00
5035864,1014695,10,1,10.99,0.00
5035865,1014695,28,1,3.49,0.00
5035866,1014695,19,1,3.99,0.00
5035867,1014696,15,1,10.99,0.00
5035868,1014696,31,1,3.49,0.00
5035869,1014696,26,2,2.49,0.00
5035870,1014696,34,0,4.49,0.00
5035871,1014697,14,1,10.49,0.00
5035872,1014697,27,1,2.49,0.00
5035873,1014698,16,1,10.49,0.00
5035874,1014699,15,1,10.99,0.00
5035875,1014699,27,1,2.49,0.00
5035876,1014700,10,1,10.99,0.00
5035877,1014700,20,3,4.49,0.00
5035878,1014700,23,2,3.99,0.00
5035879,1014701,6,1,12.99,0.00
5035880,1014702,2,1,11.99,0.00
5035881,1014703,7,1,11.99,0.00
5035882,1014704,7,2,11.99,0.00
5035883,1014704,13,1,9.99,0.00
5035884,1014704,30,2,3.29,0.00
5035885,1014704,21,2,3.99,0.00
5035886,1014704,19,1,3.99,0.00
5035887,1014705,5,1,13.49,0.00
5035888,1014705,26,1,2.49,0.00
5035889,1014705,31,1,3.49,0.00
5035890,1014706,6,1,12.99,0.00
5035891,1014706,25,1,6.49,0.00
5035892,1014706,1,1,11.49,0.00
5035893,1014707,9,1,13.99,0.00
5035894,1014707,29,1,3.49,0.00
5035895,1014708,2,1,11.99,0.00
5035896,1014708,29,1,3.49,0.00
5035897,1014708,27,1,2.49,0.00
5035898,1014709,1,1,11.49,0.00
5035899,1014710,2,1,11.99,0.00
5035900,1014711,3,1,10.49,0.00
5035901,1014711,33,1,5.49,0.00
5035902,1014711,30,1,3.29,0.00
5035903,1014711,21,1,3.99,0.00
5035904,1014712,10,1,10.99,0.00
5035905,1014712,21,1,3.99,0.00
5035906,1014713,11,1,13.49,0.00
5035907,1014714,14,1,10.49,0.00
5035908,1014714,15,1,10.99,0.00
5035909,1014715,2,1,11.99,0.00
5035910,1014715,29,3,3.49,0.00
5035911,1014715,28,1,3.49,0.00
5035912,1014715,20,1,4.49,0.00
5035913,1014716,8,1,12.49,0.00
5035914,1014716,34,1,4.49,0.00
5035915,1014717,2,1,11.99,0.00
5035916,1014717,26,0,2.49,0.00
5035917,1014717,31,1,3.49,0.00
5035918,1014717,4,2,14.99,0.00
5035919,1014717,30,1,3.29,0.00
5035920,1014718,3,1,10.49,0.00
5035921,1014718,27,1,2.49,0.00
5035922,1014719,5,1,13.49,0.00
5035923,1014719,33,1,5.49,0.00
5035924,1014719,12,1,18.99,0.00
5035925,1014720,16,3,10.49,0.00
5035926,1014720,27,1,2.49,0.00
5035927,1014721,15,1,10.99,0.00
5035928,1014722,1,3,11.49,0.00
5035929,1014723,13,1,9.99,0.00
5035930,1014723,31,1,3.49,0.00
5035931,1014723,22,1,4.49,0.00
5035932,1014724,9,1,13.99,0.00
5035933,1014724,24,1,3.49,0.00
5035934,1014724,2,1,11.99,0.00
5035935,1014725,13,1,9.99,0.00
5035936,1014725,21,1,3.99,0.00
5035937,1014726,16,1,10.49,0.00
5035938,1014726,32,1,4.99,0.00
5035939,1014727,4,1,14.99,0.00
5035940,1014727,28,3,3.49,0.00
5035941,1014728,16,1,10.49,0.00
5035942,1014728,18,2,5.49,0.00
5035943,1014729,4,1,14.99,0.00
5035944,1014730,2,1,11.99,0.00
5035945,1014731,5,1,13.49,0.00
5035946,1014731,25,2,6.49,0.00
5035947,1014732,4,1,14.99,0.00
5035948,1014732,29,3,3.49,0.00
5035949,1014732,20,1,4.49,0.00
5035950,1014732,23,1,3.99,0.00
5035951,1014732,25,1,6.49,0.00
5035952,1014733,8,1,12.49,0.00
5035953,1014733,6,1,12.99,0.00
5035954,1014734,12,1,18.99,0.00
5035955,1014734,25,1,6.49,0.00
5035956,1014734,22,1,4.49,0.00
5035957,1014735,3,1,10.49,0.00
5035958,1014735,29,2,3.49,0.00
5035959,1014735,30,1,3.29,0.00
5035960,1014735,25,1,6.49,0.00
5035961,1014735,19,1,3.99,0.00
5035962,1014736,9,1,13.99,0.00
5035963,1014736,35,1,2.99,0.00
5035964,1014737,13,1,9.99,0.00
5035965,1014737,34,1,4.49,0.00
5035966,1014737,20,1,4.49,0.00
5035967,1014737,28,1,3.49,0.00
5035968,1014738,2,3,11.99,0.00
5035969,1014738,18,1,5.49,0.00
5035970,1014739,6,1,12.99,0.00
5035971,1014740,8,1,12.49,0.00
5035972,1014740,25,1,6.49,0.00
5035973,1014740,29,1,3.49,0.00
5035974,1014741,8,1,12.49,0.00
5035975,1014741,20,1,4.49,0.00
5035976,1014741,28,1,3.49,0.00
5035977,1014742,3,2,10.49,0.00
5035978,1014743,11,1,13.49,0.00
5035979,1014743,18,1,5.49,0.00
5035980,1014743,26,3,2.49,0.00
5035981,1014743,21,1,3.99,0.00
5035982,1014744,4,1,14.99,0.00
5035983,1014745,11,1,13.49,0.00
5035984,1014746,9,1,13.99,0.00
5035985,1014746,21,1,3.99,0.00
5035986,1014746,27,1,2.49,0.00
5035987,1014747,1,1,11.49,0.00
5035988,1014747,22,2,4.49,0.00
5035989,1014747,20,1,4.49,0.00
5035990,1014747,26,1,2.49,0.00
5035991,1014747,28,1,3.49,0.00
5035992,1014748,1,1,11.49,0.00
5035993,1014748,31,1,3.49,0.00
5035994,1014748,20,1,4.49,0.00
5035995,1014748,27,2,2.49,0.00
5035996,1014748,10,1,10.99,0.00
5035997,1014749,8,1,12.49,0.00
5035998,1014750,5,3,13.49,0.00
5035999,1014750,29,1,3.49,0.00
5036000,1014751,7,2,11.99,0.00
5036001,1014752,6,1,12.99,0.00
5036002,1014752,20,2,4.49,0.00
5036003,1014752,27,1,2.49,0.00
5036004,1014752,15,1,10.99,0.00
5036005,1014752,25,1,6.49,0.00
5036006,1014753,7,1,11.99,0.00
5036007,1014754,3,1,10.49,0.00
5036008,1014754,30,1,3.29,0.00
5036009,1014755,13,1,9.99,0.00
5036010,1014755,21,1,3.99,0.00
5036011,1014756,7,1,11.99,0.00
5036012,1014756,27,1,2.49,0.00
5036013,1014757,2,1,11.99,0.00
5036014,1014757,34,1,4.49,0.00
5036015,1014758,6,3,12.99,0.00
5036016,1014758,26,1,2.49,0.00
5036017,1014759,8,1,12.49,0.00
5036018,1014759,26,2,2.49,0.00
5036019,1014760,15,1,10.99,0.00
5036020,1014761,7,1,11.99,0.00
5036021,1014761,24,1,3.49,0.00
5036022,1014761,20,1,4.49,0.00
5036023,1014762,11,1,13.49,0.00
5036024,1014762,19,1,3.99,0.00
5036025,1014762,25,1,6.49,0.00
5036026,1014762,21,2,3.99,0.00
5036027,1014762,22,1,4.49,0.00
5036028,1014763,7,1,11.99,0.00
5036029,1014763,26,1,2.49,0.00
5036030,1014763,18,1,5.49,0.00
5036031,1014764,3,2,10.49,0.00
5036032,1014764,27,1,2.49,0.00
5036033,1014765,5,2,13.49,0.00
5036034,1014765,30,1,3.29,0.00
5036035,1014766,3,1,10.49,0.00
5036036,1014766,21,1,3.99,0.00
5036037,1014767,5,1,13.49,0.00
5036038,1014767,22,1,4.49,0.00
5036039,1014767,30,1,3.29,0.00
5036040,1014767,31,1,3.49,0.00
5036041,1014767,19,1,3.99,0.00
5036042,1014768,15,1,10.99,0.00
5036043,1014768,20,1,4.49,0.00
5036044,1014768,18,1,5.49,0.00
5036045,1014768,26,1,2.49,0.00
5036046,1014768,23,1,3.99,0.00
5036047,1014769,12,1,18.99,0.00
5036048,1014769,26,2,2.49,0.00
5036049,1014769,30,1,3.29,0.00
5036050,1014770,5,1,13.49,0.00
5036051,1014770,26,2,2.49,0.00
5036052,1014770,19,1,3.99,0.00
5036053,1014770,31,1,3.49,0.00
5036054,1014770,24,1,3.49,0.00
5036055,1014770,30,1,3.29,0.00
5036056,1014771,7,1,11.99,0.00
5036057,1014771,32,1,4.99,0.00
5036058,1014771,28,1,3.49,0.00
5036059,1014771,19,1,3.99,0.00
5036060,1014772,4,1,14.99,0.00
5036061,1014772,35,1,2.99,0.00
5036062,1014772,26,1,2.49,0.00
5036063,1014773,3,1,10.49,0.00
5036064,1014773,24,2,3.49,0.00
5036065,1014774,10,1,10.99,0.00
5036066,1014774,19,1,3.99,0.00
5036067,1014774,20,2,4.49,0.00
5036068,1014775,2,1,11.99,0.00
5036069,1014775,21,1,3.99,0.00
5036070,1014776,14,1,10.49,0.00
5036071,1014776,15,1,10.99,0.00
5036072,1014777,11,1,13.49,0.00
5036073,1014778,4,2,14.99,0.00
5036074,1014779,14,1,10.49,0.00
5036075,1014779,29,1,3.49,0.00
5036076,1014780,13,1,9.99,0.00
5036077,1014781,13,1,9.99,0.00
5036078,1014781,26,1,2.49,0.00
5036079,1014782,16,3,10.49,0.00
5036080,1014783,8,1,12.49,0.00
5036081,1014783,24,2,3.49,0.00
5036082,1014783,22,1,4.49,0.00
5036083,1014784,3,1,10.49,0.00
5036084,1014784,4,1,14.99,0.00
5036085,1014785,2,1,11.99,0.00
5036086,1014786,8,2,12.49,0.00
5036087,1014787,1,1,11.49,0.00
5036088,1014788,14,1,10.49,0.00
5036089,1014788,26,1,2.49,0.00
5036090,1014788,25,1,6.49,0.00
5036091,1014788,30,1,3.29,0.00
5036092,1014788,31,1,3.49,0.00
5036093,1014789,6,3,12.99,0.00
5036094,1014789,20,1,4.49,0.00
5036095,1014789,33,2,5.49,0.00
5036096,1014789,27,1,2.49,0.00
5036097,1014789,26,1,2.49,0.00
5036098,1014790,16,1,10.49,0.00
5036099,1014791,10,1,10.99,0.00
5036100,1014791,29,1,3.49,0.00
5036101,1014791,28,1,3.49,0.00
5036102,1014791,32,1,4.99,0.00
5036103,1014792,7,1,11.99,0.00
5036104,1014792,31,1,3.49,0.00
5036105,1014793,11,1,13.49,0.00
5036106,1014793,25,1,6.49,0.00
5036107,1014794,10,3,10.99,0.00
5036108,1014794,28,1,3.49,0.00
5036109,1014794,18,3,5.49,0.00
5036110,1014794,27,2,2.49,0.00
5036111,1014795,4,1,14.99,0.00
5036112,1014795,26,1,2.49,0.00
5036113,1014795,27,1,2.49,0.00
5036114,1014796,16,1,10.49,0.00
5036115,1014796,27,1,2.49,0.00
5036116,1014796,29,2,3.49,0.00
5036117,1014796,34,1,4.49,0.00
5036118,1014797,2,1,11.99,0.00
5036119,1014798,14,0,10.49,0.00
5036120,1014799,8,1,12.49,0.00
5036121,1014799,34,1,4.49,0.00
5036122,1014799,26,1,2.49,0.00
5036123,1014799,27,2,2.49,0.00
5036124,1014800,7,1,11.99,0.00
5036125,1014800,22,1,4.49,0.00
5036126,1014800,20,1,4.49,0.00
5036127,1014801,12,2,18.99,0.00
5036128,1014801,23,1,3.99,0.00
5036129,1014802,8,1,12.49,0.00
5036130,1014803,4,1,14.99,0.00
5036131,1014803,26,2,2.49,0.00
5036132,1014803,21,1,3.99,0.00
5036133,1014803,11,1,13.49,0.00
5036134,1014803,20,1,4.49,0.00
5036135,1014804,13,1,9.99,0.00
5036136,1014804,18,1,5.49,0.00
5036137,1014804,27,1,2.49,0.00
5036138,1014805,6,1,12.99,0.00
5036139,1014806,15,1,10.99,0.00
5036140,1014806,34,1,4.49,0.00
5036141,1014806,28,1,3.49,0.00
5036142,1014807,7,1,11.99,0.00
5036143,1014807,27,1,2.49,0.00
5036144,1014807,33,1,5.49,0.00
5036145,1014808,3,1,10.49,0.00
5036146,1014808,18,2,5.49,0.00
5036147,1014808,9,1,13.99,0.00
5036148,1014809,3,1,10.49,0.00
5036149,1014809,28,2,3.49,0.00
5036150,1014810,3,1,10.49,0.00
5036151,1014810,25,1,6.49,0.00
5036152,1014810,31,3,3.49,0.00
5036153,1014811,3,2,10.49,0.00
5036154,1014811,25,1,6.49,0.00
5036155,1014811,26,2,2.49,0.00
5036156,1014811,33,1,5.49,0.00
5036157,1014812,13,1,9.99,0.00
5036158,1014812,31,1,3.49,0.00
5036159,1014812,30,1,3.29,0.00
5036160,1014813,8,1,12.49,0.00
5036161,1014814,7,1,11.99,0.00
5036162,1014814,27,1,2.49,0.00
5036163,1014815,11,1,13.49,0.00
5036164,1014815,23,1,3.99,0.00
5036165,1014816,13,1,9.99,0.00
5036166,1014816,21,1,3.99,0.00
5036167,1014817,9,1,13.99,0.00
5036168,1014818,3,2,10.49,0.00
5036169,1014818,22,1,4.49,0.00
5036170,1014819,6,1,12.99,0.00
5036171,1014819,34,1,4.49,0.00
5036172,1014820,11,1,13.49,0.00
5036173,1014820,21,1,3.99,0.00
5036174,1014821,8,1,12.49,0.00
5036175,1014821,23,1,3.99,0.00
5036176,1014822,8,1,12.49,0.00
5036177,1014822,9,2,13.99,0.00
5036178,1014822,27,3,2.49,0.00
5036179,1014823,7,2,11.99,0.00
5036180,1014823,22,1,4.49,0.00
5036181,1014823,21,1,3.99,0.00
5036182,1014824,3,1,10.49,0.00
5036183,1014824,19,1,3.99,0.00
5036184,1014825,1,1,11.49,0.00
5036185,1014826,1,1,11.49,0.00
5036186,1014826,21,1,3.99,0.00
5036187,1014827,9,1,13.99,0.00
5036188,1014827,26,1,2.49,0.00
5036189,1014827,29,1,3.49,0.00
5036190,1014827,22,1,4.49,0.00
5036191,1014827,21,1,3.99,0.00
5036192,1014828,8,1,12.49,0.00
5036193,1014828,18,1,5.49,0.00
5036194,1014829,3,1,10.49,0.00
5036195,1014829,20,1,4.49,0.00
5036196,1014829,6,1,12.99,0.00
5036197,1014830,14,1,10.49,0.00
5036198,1014830,30,1,3.29,0.00
5036199,1014831,16,1,10.49,0.00
5036200,1014831,27,1,2.49,0.00
5036201,1014831,35,1,2.99,0.00
5036202,1014831,19,0,3.99,0.00
5036203,1014832,8,1,12.49,0.00
5036204,1014832,31,1,3.49,0.00
5036205,1014832,28,1,3.49,0.00
5036206,1014832,23,1,3.99,0.00
5036207,1014833,11,1,13.49,0.00
5036208,1014833,20,1,4.49,0.00
5036209,1014833,19,2,3.99,0.00
5036210,1014834,6,1,12.99,0.00
5036211,1014834,30,1,3.29,0.00
5036212,1014835,2,2,11.99,0.00
5036213,1014835,31,1,3.49,0.00
5036214,1014835,26,1,2.49,0.00
5036215,1014836,12,1,18.99,0.00
5036216,1014837,3,1,10.49,0.00
5036217,1014837,27,3,2.49,0.00
5036218,1014838,4,1,14.99,0.00
5036219,1014838,2,1,11.99,0.00
5036220,1014838,27,1,2.49,0.00
5036221,1014839,14,1,10.49,0.00
5036222,1014840,6,1,12.99,0.00
5036223,1014840,12,1,18.99,0.00
5036224,1014841,12,1,18.99,0.00
5036225,1014842,5,1,13.49,0.00
5036226,1014842,26,1,2.49,0.00
5036227,1014842,34,1,4.49,0.00
5036228,1014843,3,1,10.49,0.00
5036229,1014843,23,1,3.99,0.00
5036230,1014843,21,1,3.99,0.00
5036231,1014844,16,1,10.49,0.00
5036232,1014844,25,3,6.49,0.00
5036233,1014845,14,1,10.49,0.00
5036234,1014846,7,1,11.99,0.00
5036235,1014846,34,1,4.49,0.00
5036236,1014846,19,3,3.99,0.00
5036237,1014847,4,1,14.99,0.00
5036238,1014848,1,1,11.49,0.00
5036239,1014848,24,2,3.49,0.00
5036240,1014848,35,1,2.99,0.00
5036241,1014849,1,1,11.49,0.00
5036242,1014849,6,1,12.99,0.00
5036243,1014850,16,1,10.49,0.00
5036244,1014850,27,1,2.49,0.00
5036245,1014850,25,1,6.49,0.00
5036246,1014851,14,1,10.49,0.00
5036247,1014851,32,1,4.99,0.00
5036248,1014851,35,1,2.99,0.00
5036249,1014852,4,1,14.99,0.00
5036250,1014852,35,1,2.99,0.00
5036251,1014852,26,1,2.49,0.00
5036252,1014853,4,1,14.99,0.00
5036253,1014854,9,1,13.99,0.00
5036254,1014855,15,1,10.99,0.00
5036255,1014855,19,1,3.99,0.00
5036256,1014855,33,1,5.49,0.00
5036257,1014856,7,1,11.99,0.00
5036258,1014856,8,2,12.49,0.00
5036259,1014857,3,1,10.49,0.00
5036260,1014857,31,1,3.49,0.00
5036261,1014857,9,1,13.99,0.00
5036262,1014857,26,1,2.49,0.00
5036263,1014857,22,1,4.49,0.00
5036264,1014858,12,1,18.99,0.00
5036265,1014858,34,1,4.49,0.00
5036266,1014858,18,3,5.49,0.00
5036267,1014858,4,1,14.99,0.00
5036268,1014859,3,1,10.49,0.00
5036269,1014860,12,2,18.99,0.00
5036270,1014860,22,2,4.49,0.00
5036271,1014861,14,1,10.49,0.00
5036272,1014861,23,1,3.99,0.00
5036273,1014862,2,2,11.99,0.00
5036274,1014862,23,2,3.99,0.00
5036275,1014862,19,1,3.99,0.00
5036276,1014862,18,1,5.49,0.00
5036277,1014863,10,1,10.99,0.00
5036278,1014863,20,1,4.49,0.00
5036279,1014863,18,1,5.49,0.00
5036280,1014863,26,2,2.49,0.00
5036281,1014863,33,1,5.49,0.00
5036282,1014864,5,1,13.49,0.00
5036283,1014864,23,2,3.99,0.00
5036284,1014864,25,1,6.49,0.00
5036285,1014865,3,1,10.49,0.00
5036286,1014865,21,1,3.99,0.00
5036287,1014866,5,1,13.49,0.00
5036288,1014866,27,2,2.49,0.00
5036289,1014866,23,1,3.99,0.00
5036290,1014867,6,1,12.99,0.00
5036291,1014867,29,1,3.49,0.00
5036292,1014867,23,1,3.99,0.00
5036293,1014867,20,1,4.49,0.00
5036294,1014867,28,1,3.49,0.00
5036295,1014868,9,2,13.99,0.00
5036296,1014868,18,1,5.49,0.00
5036297,1014868,4,1,14.99,0.00
5036298,1014869,9,1,13.99,0.00
5036299,1014869,27,1,2.49,0.00
5036300,1014869,18,3,5.49,0.00
5036301,1014870,6,1,12.99,0.00
5036302,1014870,33,1,5.49,0.00
5036303,1014871,13,1,9.99,0.00
5036304,1014871,25,1,6.49,0.00
5036305,1014872,3,1,10.49,0.00
5036306,1014872,25,2,6.49,0.00
5036307,1014872,7,1,11.99,0.00
5036308,1014872,19,1,3.99,0.00
5036309,1014872,8,1,12.49,0.00
5036310,1014872,22,2,4.49,0.00
5036311,1014873,11,1,13.49,0.00
5036312,1014874,1,1,11.49,0.00
5036313,1014874,18,1,5.49,0.00
5036314,1014874,11,1,13.49,0.00
5036315,1014874,28,1,3.49,0.00
5036316,1014874,20,1,4.49,0.00
5036317,1014875,7,1,11.99,0.00
5036318,1014875,32,1,4.99,0.00
5036319,1014876,9,1,13.99,0.00
5036320,1014876,33,1,5.49,0.00
5036321,1014877,1,1,11.49,0.00
5036322,1014877,31,1,3.49,0.00
5036323,1014878,1,1,11.49,0.00
5036324,1014878,31,1,3.49,0.00
5036325,1014878,26,1,2.49,0.00
5036326,1014878,20,1,4.49,0.00
5036327,1014878,18,2,5.49,0.00
5036328,1014879,3,1,10.49,0.00
5036329,1014879,20,2,4.49,0.00
5036330,1014880,9,1,13.99,0.00
5036331,1014880,30,1,3.29,0.00
5036332,1014880,2,1,11.99,0.00
5036333,1014881,7,1,11.99,0.00
5036334,1014881,28,1,3.49,0.00
5036335,1014881,33,1,5.49,0.00
5036336,1014881,29,1,3.49,0.00
5036337,1014882,9,2,13.99,0.00
5036338,1014883,3,1,10.49,0.00
5036339,1014883,26,1,2.49,0.00
5036340,1014883,29,1,3.49,0.00
5036341,1014884,7,1,11.99,0.00
5036342,1014884,19,1,3.99,0.00
5036343,1014885,3,1,10.49,0.00
5036344,1014885,22,1,4.49,0.00
5036345,1014885,34,1,4.49,0.00
5036346,1014886,9,1,13.99,0.00
5036347,1014886,20,2,4.49,0.00
5036348,1014886,34,1,4.49,0.00
5036349,1014886,21,1,3.99,0.00
5036350,1014887,1,1,11.49,0.00
5036351,1014887,9,1,13.99,0.00
5036352,1014888,10,1,10.99,0.00
5036353,1014888,24,1,3.49,0.00
5036354,1014889,1,2,11.49,0.00
5036355,1014889,30,1,3.29,0.00
5036356,1014889,32,1,4.99,0.00
5036357,1014889,33,1,5.49,0.00
5036358,1014890,9,1,13.99,0.00
5036359,1014890,21,1,3.99,0.00
5036360,1014891,16,1,10.49,0.00
5036361,1014892,12,1,18.99,0.00
5036362,1014892,29,1,3.49,0.00
5036363,1014892,8,1,12.49,0.00
5036364,1014892,28,1,3.49,0.00
5036365,1014893,11,1,13.49,0.00
5036366,1014894,10,1,10.99,0.00
5036367,1014894,22,1,4.49,0.00
5036368,1014894,33,1,5.49,0.00
5036369,1014895,6,1,12.99,0.00
5036370,1014895,26,1,2.49,0.00
5036371,1014895,19,1,3.99,0.00
5036372,1014896,8,1,12.49,0.00
5036373,1014896,19,2,3.99,0.00
5036374,1014897,11,1,13.49,0.00
5036375,1014897,28,1,3.49,0.00
5036376,1014898,11,1,13.49,0.00
5036377,1014898,30,1,3.29,0.00
5036378,1014898,22,1,4.49,0.00
5036379,1014899,1,1,11.49,0.00
5036380,1014899,3,1,10.49,0.00
5036381,1014899,29,1,3.49,0.00
5036382,1014900,14,1,10.49,0.00
5036383,1014900,18,1,5.49,0.00
5036384,1014901,13,1,9.99,0.00
5036385,1014902,5,1,13.49,0.00
5036386,1014902,21,1,3.99,0.00
5036387,1014902,31,1,3.49,0.00
5036388,1014903,12,1,18.99,0.00
5036389,1014903,15,1,10.99,0.00
5036390,1014903,19,1,3.99,0.00
5036391,1014904,2,2,11.99,0.00
5036392,1014904,21,1,3.99,0.00
5036393,1014904,8,3,12.49,0.00
5036394,1014905,4,1,14.99,0.00
5036395,1014905,30,1,3.29,0.00
5036396,1014905,23,1,3.99,0.00
5036397,1014905,28,1,3.49,0.00
5036398,1014906,9,1,13.99,0.00
5036399,1014906,25,1,6.49,0.00
5036400,1014906,26,1,2.49,0.00
5036401,1014907,15,1,10.99,0.00
5036402,1014908,3,1,10.49,0.00
5036403,1014908,24,1,3.49,0.00
5036404,1014908,27,1,2.49,0.00
5036405,1014909,10,1,10.99,0.00
5036406,1014909,23,1,3.99,0.00
5036407,1014909,27,2,2.49,0.00
5036408,1014909,21,2,3.99,0.00
5036409,1014910,6,1,12.99,0.00
5036410,1014910,18,1,5.49,0.00
5036411,1014911,2,1,11.99,0.00
5036412,1014911,35,1,2.99,0.00
5036413,1014911,28,1,3.49,0.00
5036414,1014912,1,1,11.49,0.00
5036415,1014912,24,2,3.49,0.00
5036416,1014912,33,1,5.49,0.00
5036417,1014913,8,1,12.49,0.00
5036418,1014913,19,1,3.99,0.00
5036419,1014914,15,1,10.99,0.00
5036420,1014914,22,1,4.49,0.00
5036421,1014915,14,1,10.49,0.00
5036422,1014916,14,1,10.49,0.00
5036423,1014916,24,1,3.49,0.00
5036424,1014916,34,1,4.49,0.00
5036425,1014916,31,1,3.49,0.00
5036426,1014917,8,1,12.49,0.00
5036427,1014917,26,1,2.49,0.00
5036428,1014917,18,1,5.49,0.00
5036429,1014918,6,1,12.99,0.00
5036430,1014918,21,1,3.99,0.00
5036431,1014919,6,1,12.99,0.00
5036432,1014919,27,2,2.49,0.00
5036433,1014919,23,1,3.99,0.00
5036434,1014919,32,2,4.99,0.00
5036435,1014920,13,2,9.99,0.00
5036436,1014920,33,1,5.49,0.00
5036437,1014921,5,1,13.49,0.00
5036438,1014921,26,1,2.49,0.00
5036439,1014922,15,1,10.99,0.00
5036440,1014922,33,2,5.49,0.00
5036441,1014922,31,1,3.49,0.00
5036442,1014923,2,1,11.99,0.00
5036443,1014923,9,1,13.99,0.00
5036444,1014923,32,1,4.99,0.00
5036445,1014923,34,1,4.49,0.00
5036446,1014923,18,1,5.49,0.00
5036447,1014923,21,2,3.99,0.00
5036448,1014924,12,1,18.99,0.00
5036449,1014924,2,1,11.99,0.00
5036450,1014925,7,1,11.99,0.00
5036451,1014925,19,1,3.99,0.00
5036452,1014926,10,1,10.99,0.00
5036453,1014926,14,2,10.49,0.00
5036454,1014926,19,1,3.99,0.00
5036455,1014926,18,1,5.49,0.00
5036456,1014927,13,1,9.99,0.00
5036457,1014927,19,1,3.99,0.00
5036458,1014927,21,1,3.99,0.00
5036459,1014928,1,1,11.49,0.00
5036460,1014928,8,1,12.49,0.00
5036461,1014929,9,1,13.99,0.00
5036462,1014930,11,1,13.49,0.00
5036463,1014930,27,1,2.49,0.00
5036464,1014930,26,1,2.49,0.00
5036465,1014930,22,1,4.49,0.00
5036466,1014931,8,1,12.49,0.00
5036467,1014932,6,3,12.99,0.00
5036468,1014932,26,2,2.49,0.00
5036469,1014933,12,1,18.99,0.00
5036470,1014933,20,2,4.49,0.00
5036471,1014933,18,1,5.49,0.00
5036472,1014934,6,1,12.99,0.00
5036473,1014934,26,1,2.49,0.00
5036474,1014935,9,1,13.99,0.00
5036475,1014935,35,1,2.99,0.00
5036476,1014936,7,1,11.99,0.00
5036477,1014936,20,1,4.49,0.00
5036478,1014937,16,1,10.49,0.00
5036479,1014937,34,2,4.49,0.00
5036480,1014937,18,1,5.49,0.00
5036481,1014937,25,1,6.49,0.00
5036482,1014938,3,1,10.49,0.00
5036483,1014938,29,1,3.49,0.00
5036484,1014939,5,1,13.49,0.00
5036485,1014940,15,1,10.99,0.00
5036486,1014940,30,2,3.29,0.00
5036487,1014941,11,2,13.49,0.00
5036488,1014942,5,2,13.49,0.00
5036489,1014942,26,1,2.49,0.00
5036490,1014943,9,1,13.99,0.00
5036491,1014944,8,2,12.49,0.00
5036492,1014944,7,1,11.99,0.00
5036493,1014944,28,1,3.49,0.00
5036494,1014945,13,1,9.99,0.00
5036495,1014946,1,2,11.49,0.00
5036496,1014946,4,3,14.99,0.00
5036497,1014946,27,3,2.49,0.00
5036498,1014946,26,1,2.49,0.00
5036499,1014947,4,1,14.99,0.00
5036500,1014947,19,2,3.99,0.00
5036501,1014948,1,1,11.49,0.00
5036502,1014948,27,1,2.49,0.00
5036503,1014948,35,1,2.99,0.00
5036504,1014949,6,1,12.99,0.00
5036505,1014949,30,1,3.29,0.00
5036506,1014950,4,1,14.99,0.00
5036507,1014950,28,1,3.49,0.00
5036508,1014951,9,2,13.99,0.00
5036509,1014952,6,1,12.99,0.00
5036510,1014952,26,4,2.49,0.00
5036511,1014952,29,1,3.49,0.00
5036512,1014952,20,1,4.49,0.00
5036513,1014953,4,1,14.99,0.00
5036514,1014954,11,1,13.49,0.00
5036515,1014954,18,1,5.49,0.00
5036516,1014954,24,1,3.49,0.00
5036517,1014955,9,1,13.99,0.00
5036518,1014955,20,2,4.49,0.00
5036519,1014956,3,1,10.49,0.00
5036520,1014956,22,1,4.49,0.00
5036521,1014956,19,2,3.99,0.00
5036522,1014957,7,1,11.99,0.00
5036523,1014957,19,1,3.99,0.00
5036524,1014957,18,1,5.49,0.00
5036525,1014957,29,1,3.49,0.00
5036526,1014957,26,1,2.49,0.00
5036527,1014958,12,1,18.99,0.00
5036528,1014958,30,1,3.29,0.00
5036529,1014959,15,1,10.99,0.00
5036530,1014959,28,1,3.49,0.00
5036531,1014960,3,1,10.49,0.00
5036532,1014961,9,1,13.99,0.00
5036533,1014961,26,1,2.49,0.00
5036534,1014961,32,2,4.99,0.00
5036535,1014962,12,1,18.99,0.00
5036536,1014963,3,1,10.49,0.00
5036537,1014964,7,2,11.99,0.00
5036538,1014964,24,1,3.49,0.00
5036539,1014964,27,2,2.49,0.00
5036540,1014965,14,1,10.49,0.00
5036541,1014965,31,1,3.49,0.00
5036542,1014966,16,2,10.49,0.00
5036543,1014966,33,1,5.49,0.00
5036544,1014967,15,1,10.99,0.00
5036545,1014967,35,1,2.99,0.00
5036546,1014968,3,1,10.49,0.00
5036547,1014968,31,1,3.49,0.00
5036548,1014968,28,1,3.49,0.00
5036549,1014969,2,1,11.99,0.00
5036550,1014970,3,1,10.49,0.00
5036551,1014970,31,1,3.49,0.00
5036552,1014970,1,1,11.49,0.00
5036553,1014970,21,1,3.99,0.00
5036554,1014970,14,1,10.49,0.00
5036555,1014971,9,1,13.99,0.00
5036556,1014971,29,1,3.49,0.00
5036557,1014971,33,1,5.49,0.00
5036558,1014972,2,1,11.99,0.00
5036559,1014972,21,1,3.99,0.00
5036560,1014972,27,1,2.49,0.00
5036561,1014973,9,2,13.99,0.00
5036562,1014973,29,1,3.49,0.00
5036563,1014973,30,1,3.29,0.00
5036564,1014974,1,3,11.49,0.00
5036565,1014974,21,1,3.99,0.00
5036566,1014974,32,1,4.99,0.00
5036567,1014974,30,2,3.29,0.00
5036568,1014975,14,1,10.49,0.00
5036569,1014975,28,1,3.49,0.00
5036570,1014975,32,1,4.99,0.00
5036571,1014976,3,1,10.49,0.00
5036572,1014977,5,1,13.49,0.00
5036573,1014977,35,1,2.99,0.00
5036574,1014977,23,2,3.99,0.00
5036575,1014978,9,1,13.99,0.00
5036576,1014978,3,1,10.49,0.00
5036577,1014979,3,1,10.49,0.00
5036578,1014979,35,1,2.99,0.00
5036579,1014979,24,1,3.49,0.00
5036580,1014979,26,1,2.49,0.00
5036581,1014980,4,1,14.99,0.00
5036582,1014980,31,1,3.49,0.00
5036583,1014980,20,2,4.49,0.00
5036584,1014980,27,2,2.49,0.00
5036585,1014981,15,1,10.99,0.00
5036586,1014981,31,3,3.49,0.00
5036587,1014981,10,1,10.99,0.00
5036588,1014982,7,1,11.99,0.00
5036589,1014982,19,1,3.99,0.00
5036590,1014982,26,1,2.49,0.00
5036591,1014983,7,2,11.99,0.00
5036592,1014983,21,1,3.99,0.00
5036593,1014984,4,1,14.99,0.00
5036594,1014985,10,2,10.99,0.00
5036595,1014986,8,2,12.49,0.00
5036596,1014986,27,1,2.49,0.00
5036597,1014986,33,1,5.49,0.00
5036598,1014987,9,1,13.99,0.00
5036599,1014987,26,1,2.49,0.00
5036600,1014988,7,2,11.99,0.00
5036601,1014988,26,1,2.49,0.00
5036602,1014988,32,1,4.99,0.00
5036603,1014989,16,1,10.49,0.00
5036604,1014989,21,2,3.99,0.00
5036605,1014989,23,1,3.99,0.00
5036606,1014989,27,1,2.49,0.00
5036607,1014990,13,1,9.99,0.00
5036608,1014990,28,1,3.49,0.00
5036609,1014990,18,1,5.49,0.00
5036610,1014990,19,1,3.99,0.00
5036611,1014990,23,1,3.99,0.00
5036612,1014991,10,2,10.99,0.00
5036613,1014991,28,1,3.49,0.00
5036614,1014991,32,1,4.99,0.00
5036615,1014991,34,1,4.49,0.00
5036616,1014992,2,1,11.99,0.00
5036617,1014993,4,1,14.99,0.00
5036618,1014993,35,2,2.99,0.00
5036619,1014993,23,1,3.99,0.00
5036620,1014993,21,1,3.99,0.00
5036621,1014994,16,1,10.49,0.00
5036622,1014994,27,1,2.49,0.00
5036623,1014994,25,1,6.49,0.00
5036624,1014995,7,1,11.99,0.00
5036625,1014995,27,2,2.49,0.00
5036626,1014995,23,1,3.99,0.00
5036627,1014995,18,1,5.49,0.00
5036628,1014996,1,1,11.49,0.00
5036629,1014996,23,3,3.99,0.00
5036630,1014997,4,1,14.99,0.00
5036631,1014997,8,1,12.49,0.00
5036632,1014997,30,1,3.29,0.00
5036633,1014997,25,1,6.49,0.00
5036634,1014998,4,1,14.99,0.00
5036635,1014999,1,2,11.49,0.00
5036636,1014999,23,1,3.99,0.00
5036637,1015000,6,1,12.99,0.00
5036638,1015001,1,1,11.49,0.00
5036639,1015001,22,2,4.49,0.00
5036640,1015002,1,1,11.49,0.00
5036641,1015002,25,1,6.49,0.00
5036642,1015002,31,1,3.49,0.00
5036643,1015002,6,1,12.99,0.00
5036644,1015003,15,1,10.99,0.00
5036645,1015003,20,-1,4.49,0.00
5036646,1015003,28,1,3.49,0.00
5036647,1015003,34,1,4.49,0.00
5036648,1015004,3,1,10.49,0.00
5036649,1015004,20,1,4.49,0.00
5036650,1015004,32,1,4.99,0.00
5036651,1015004,26,1,2.49,0.00
5036652,1015005,7,1,11.99,0.00
5036653,1015006,9,1,13.99,0.00
5036654,1015006,18,1,5.49,0.00
5036655,1015006,23,1,3.99,0.00
5036656,1015007,1,1,11.49,0.00
5036657,1015008,7,1,11.99,0.00
5036658,1015008,1,1,11.49,0.00
5036659,1015008,23,1,3.99,0.00
5036660,1015009,8,1,12.49,0.00
5036661,1015009,25,1,6.49,0.00
5036662,1015010,16,1,10.49,0.00
5036663,1015010,29,1,3.49,0.00
5036664,1015011,1,2,11.49,0.00
5036665,1015011,24,1,3.49,0.00
5036666,1015012,10,3,10.99,0.00
5036667,1015013,11,1,13.49,0.00
5036668,1015013,29,3,3.49,0.00
5036669,1015014,6,3,12.99,0.00
5036670,1015015,9,1,13.99,0.00
5036671,1015015,21,1,3.99,0.00
5036672,1015015,33,1,5.49,0.00
5036673,1015016,1,1,11.49,0.00
5036674,1015017,1,1,11.49,0.00
5036675,1015017,33,2,5.49,0.00
5036676,1015017,18,2,5.49,0.00
5036677,1015017,30,1,3.29,0.00
5036678,1015017,29,1,3.49,0.00
5036679,1015018,4,1,14.99,0.00
5036680,1015018,25,-2,6.49,0.00
5036681,1015019,3,1,10.49,0.00
5036682,1015019,19,1,3.99,0.00
5036683,1015019,32,1,4.99,0.00
5036684,1015020,10,1,10.99,0.00
5036685,1015020,30,1,3.29,0.00
5036686,1015020,21,1,3.99,0.00
5036687,1015021,14,1,10.49,0.00
5036688,1015022,8,1,12.49,0.00
5036689,1015023,9,1,13.99,0.00
5036690,1015023,22,1,4.49,0.00
5036691,1015023,12,1,18.99,0.00
5036692,1015024,9,1,13.99,0.00
5036693,1015024,29,1,3.49,0.00
5036694,1015024,34,1,4.49,0.00
5036695,1015025,4,1,14.99,0.00
5036696,1015025,21,1,3.99,0.00
5036697,1015026,5,1,13.49,0.00
5036698,1015026,32,1,4.99,0.00
5036699,1015027,12,1,18.99,0.00
5036700,1015027,34,1,4.49,0.00
5036701,1015027,27,2,2.49,0.00
5036702,1015027,24,1,3.49,0.00
5036703,1015028,2,2,11.99,0.00
5036704,1015029,8,1,12.49,0.00
5036705,1015029,19,1,3.99,0.00
5036706,1015030,1,2,11.49,0.00
5036707,1015030,22,1,4.49,0.00
5036708,1015031,9,1,13.99,0.00
5036709,1015031,20,2,4.49,0.00
5036710,1015031,25,1,6.49,0.00
5036711,1015032,2,1,11.99,0.00
5036712,1015033,7,1,11.99,0.00
5036713,1015033,27,1,2.49,0.00
5036714,1015033,26,1,2.49,0.00
5036715,1015033,19,2,3.99,0.00
5036716,1015034,2,1,11.99,0.00
5036717,1015034,30,1,3.29,0.00
5036718,1015035,14,1,10.49,0.00
5036719,1015035,25,-1,6.49,0.00
5036720,1015035,28,4,3.49,0.00
5036721,1015035,3,1,10.49,0.00
5036722,1015036,1,1,11.49,0.00
5036723,1015036,20,1,4.49,0.00
5036724,1015036,18,1,5.49,0.00
5036725,1015037,3,3,10.49,0.00
5036726,1015037,28,1,3.49,0.00
5036727,1015037,27,1,2.49,0.00
5036728,1015037,24,1,3.49,0.00
5036729,1015038,12,-1,18.99,0.00
5036730,1015039,16,1,10.49,0.00
5036731,1015039,20,1,4.49,0.00
5036732,1015040,6,1,12.99,0.00
5036733,1015040,18,1,5.49,0.00
5036734,1015041,1,1,11.49,0.00
5036735,1015041,21,1,3.99,0.00
5036736,1015042,14,1,10.49,0.00
5036737,1015042,25,1,6.49,0.00
5036738,1015042,26,1,2.49,0.00
5036739,1015042,21,1,3.99,0.00
5036740,1015043,14,3,10.49,0.00
5036741,1015043,25,1,6.49,0.00
5036742,1015043,29,1,3.49,0.00
5036743,1015044,5,2,13.49,0.00
5036744,1015044,27,1,2.49,0.00
5036745,1015044,18,1,5.49,0.00
5036746,1015044,30,1,3.29,0.00
5036747,1015045,7,1,11.99,0.00
5036748,1015045,27,1,2.49,0.00
5036749,1015045,18,1,5.49,0.00
5036750,1015045,25,1,6.49,0.00
5036751,1015046,13,1,9.99,0.00
5036752,1015046,28,3,3.49,0.00
5036753,1015047,1,1,11.49,0.00
5036754,1015047,29,1,3.49,0.00
5036755,1015048,3,1,10.49,0.00
5036756,1015048,19,1,3.99,0.00
5036757,1015049,13,1,9.99,0.00
5036758,1015049,21,1,3.99,0.00
5036759,1015050,11,1,13.49,0.00
5036760,1015050,28,1,3.49,0.00
5036761,1015050,21,1,3.99,0.00
5036762,1015050,18,2,5.49,0.00
5036763,1015050,26,1,2.49,0.00
5036764,1015051,3,1,10.49,0.00
5036765,1015051,31,1,3.49,0.00
5036766,1015051,26,1,2.49,0.00
5036767,1015051,33,3,5.49,0.00
5036768,1015052,7,1,11.99,0.00
5036769,1015052,31,1,3.49,0.00
5036770,1015052,12,1,18.99,0.00
5036771,1015053,5,1,13.49,0.00
5036772,1015054,9,1,13.99,0.00
5036773,1015054,27,1,2.49,0.00
5036774,1015054,26,2,2.49,0.00
5036775,1015055,13,2,9.99,0.00
5036776,1015055,26,1,2.49,0.00
5036777,1015056,9,1,13.99,0.00
5036778,1015056,13,1,9.99,0.00
5036779,1015056,28,1,3.49,0.00
5036780,1015057,3,1,10.49,0.00
5036781,1015057,21,2,3.99,0.00
5036782,1015058,5,1,13.49,0.00
5036783,1015059,7,1,11.99,0.00
5036784,1015059,1,1,11.49,0.00
5036785,1015059,33,1,5.49,0.00
5036786,1015059,20,1,4.49,0.00
5036787,1015060,14,1,10.49,0.00
5036788,1015060,27,1,2.49,0.00
5036789,1015061,9,1,13.99,0.00
5036790,1015061,20,-1,4.49,0.00
5036791,1015061,26,1,2.49,0.00
5036792,1015062,4,1,14.99,0.00
5036793,1015062,22,1,4.49,0.00
5036794,1015062,30,1,3.29,0.00
5036795,1015063,7,1,11.99,0.00
5036796,1015063,32,1,4.99,0.00
5036797,1015063,20,1,4.49,0.00
5036798,1015064,13,2,9.99,0.00
5036799,1015064,19,2,3.99,0.00
5036800,1015064,30,1,3.29,0.00
5036801,1015064,33,1,5.49,0.00
5036802,1015065,13,1,9.99,0.00
5036803,1015066,3,1,10.49,0.00
5036804,1015066,32,2,4.99,0.00
5036805,1015066,35,1,2.99,0.00
5036806,1015066,26,1,2.49,0.00
5036807,1015067,9,2,13.99,0.00
5036808,1015068,7,1,11.99,0.00
5036809,1015068,27,1,2.49,0.00
5036810,1015069,5,1,13.49,0.00
5036811,1015069,21,2,3.99,0.00
5036812,1015070,9,1,13.99,0.00
5036813,1015070,34,1,4.49,0.00
5036814,1015070,30,1,3.29,0.00
5036815,1015070,2,1,11.99,0.00
5036816,1015070,27,1,2.49,0.00
5036817,1015071,5,1,13.49,0.00
5036818,1015071,19,1,3.99,0.00
5036819,1015071,26,1,2.49,0.00
5036820,1015072,14,1,10.49,0.00
5036821,1015072,21,1,3.99,0.00
5036822,1015072,19,1,3.99,0.00
5036823,1015073,11,1,13.49,0.00
5036824,1015073,20,1,4.49,0.00
5036825,1015074,14,1,10.49,0.00
5036826,1015074,7,1,11.99,0.00
5036827,1015074,22,3,4.49,0.00
5036828,1015075,6,1,12.99,0.00
5036829,1015075,27,1,2.49,0.00
5036830,1015075,21,1,3.99,0.00
5036831,1015075,23,2,3.99,0.00
5036832,1015076,10,1,10.99,0.00
5036833,1015076,22,1,4.49,0.00
5036834,1015077,10,1,10.99,0.00
5036835,1015077,18,1,5.49,0.00
5036836,1015077,19,1,3.99,0.00
5036837,1015077,33,2,5.49,0.00
5036838,1015077,21,1,3.99,0.00
5036839,1015078,5,1,13.49,0.00
5036840,1015079,14,1,10.49,0.00
5036841,1015079,27,2,2.49,0.00
5036842,1015080,3,1,10.49,0.00
5036843,1015080,29,2,3.49,0.00
5036844,1015081,3,1,10.49,0.00
5036845,1015081,25,1,6.49,0.00
5036846,1015081,9,1,13.99,0.00
5036847,1015081,33,2,5.49,0.00
5036848,1015082,3,1,10.49,0.00
5036849,1015082,21,2,3.99,0.00
5036850,1015082,29,1,3.49,0.00
5036851,1015083,6,1,12.99,0.00
5036852,1015084,3,1,10.49,0.00
5036853,1015085,9,1,13.99,0.00
5036854,1015085,29,1,3.49,0.00
5036855,1015086,16,1,10.49,0.00
5036856,1015087,6,1,12.99,0.00
5036857,1015088,2,1,11.99,0.00
5036858,1015089,7,1,11.99,0.00
5036859,1015089,18,1,5.49,0.00
5036860,1015090,7,1,11.99,0.00
5036861,1015090,18,2,5.49,0.00
5036862,1015091,3,1,10.49,0.00
5036863,1015091,22,1,4.49,0.00
5036864,1015091,18,1,5.49,0.00
5036865,1015091,29,1,3.49,0.00
5036866,1015092,1,1,11.49,0.00
5036867,1015092,25,1,6.49,0.00
5036868,1015092,21,1,3.99,0.00
5036869,1015092,23,1,3.99,0.00
5036870,1015093,11,1,13.49,0.00
5036871,1015093,25,1,6.49,0.00
5036872,1015093,21,2,3.99,0.00
5036873,1015094,3,1,10.49,0.00
5036874,1015094,34,1,4.49,0.00
5036875,1015095,3,1,10.49,0.00
5036876,1015096,2,1,11.99,0.00
5036877,1015096,26,1,2.49,0.00
5036878,1015097,1,1,11.49,0.00
5036879,1015097,28,1,3.49,0.00
5036880,1015097,19,1,3.99,0.00
5036881,1015098,12,1,18.99,0.00
5036882,1015098,28,1,3.49,0.00
5036883,1015099,1,1,11.49,0.00
5036884,1015099,15,1,10.99,0.00
5036885,1015099,33,1,5.49,0.00
5036886,1015099,18,1,5.49,0.00
5036887,1015100,13,1,9.99,0.00
5036888,1015100,5,2,13.49,0.00
5036889,1015101,5,1,13.49,0.00
5036890,1015101,19,1,3.99,0.00
5036891,1015102,2,1,11.99,0.00
5036892,1015102,27,1,2.49,0.00
5036893,1015102,24,1,3.49,0.00
5036894,1015103,6,1,12.99,0.00
5036895,1015103,19,1,3.99,0.00
5036896,1015103,34,1,4.49,0.00
5036897,1015104,5,1,13.49,0.00
5036898,1015105,3,1,10.49,0.00
5036899,1015106,6,1,12.99,0.00
5036900,1015106,27,1,2.49,0.00
5036901,1015106,33,1,5.49,0.00
5036902,1015106,26,1,2.49,0.00
5036903,1015106,32,1,4.99,0.00
5036904,1015106,25,1,6.49,0.00
5036905,1015107,4,1,14.99,0.00
5036906,1015107,21,1,3.99,0.00
5036907,1015108,1,1,11.49,0.00
5036908,1015108,22,1,4.49,0.00
5036909,1015109,4,2,14.99,0.00
5036910,1015109,27,2,2.49,0.00
5036911,1015110,4,1,14.99,0.00
5036912,1015110,32,3,4.99,0.00
5036913,1015111,7,2,11.99,0.00
5036914,1015111,34,3,4.49,0.00
5036915,1015111,27,2,2.49,0.00
5036916,1015112,10,1,10.99,0.00
5036917,1015112,22,1,4.49,0.00
5036918,1015113,14,2,10.49,0.00
5036919,1015113,28,3,3.49,0.00
5036920,1015113,27,3,2.49,0.00
5036921,1015113,30,1,3.29,0.00
5036922,1015113,26,3,2.49,0.00
5036923,1015114,14,1,10.49,0.00
5036924,1015114,19,1,3.99,0.00
5036925,1015114,31,2,3.49,0.00
5036926,1015115,9,1,13.99,0.00
5036927,1015115,30,1,3.29,0.00
5036928,1015116,9,1,13.99,0.00
5036929,1015116,19,2,3.99,0.00
5036930,1015117,9,1,13.99,0.00
5036931,1015117,23,1,3.99,0.00
5036932,1015118,8,1,12.49,0.00
5036933,1015118,32,1,4.99,0.00
5036934,1015118,7,1,11.99,0.00
5036935,1015119,8,1,12.49,0.00
5036936,1015119,23,1,3.99,0.00
5036937,1015119,28,1,3.49,0.00
5036938,1015120,2,1,11.99,0.00
5036939,1015120,24,1,3.49,0.00
5036940,1015121,1,1,11.49,0.00
5036941,1015121,20,1,4.49,0.00
5036942,1015121,22,1,4.49,0.00
5036943,1015122,3,1,10.49,0.00
5036944,1015122,31,1,3.49,0.00
5036945,1015123,10,2,10.99,0.00
5036946,1015123,22,1,4.49,0.00
5036947,1015123,19,2,3.99,0.00
5036948,1015123,24,1,3.49,0.00
5036949,1015123,28,1,3.49,0.00
5036950,1015124,3,1,10.49,0.00
5036951,1015125,9,1,13.99,0.00
5036952,1015125,27,1,2.49,0.00
5036953,1015125,31,1,3.49,0.00
5036954,1015126,5,1,13.49,0.00
5036955,1015126,34,1,4.49,0.00
5036956,1015127,2,1,11.99,0.00
5036957,1015127,23,2,3.99,0.00
5036958,1015127,30,1,3.29,0.00
5036959,1015128,6,1,12.99,0.00
5036960,1015128,12,1,18.99,0.00
5036961,1015129,13,1,9.99,0.00
5036962,1015129,29,1,3.49,0.00
5036963,1015130,4,1,14.99,0.00
5036964,1015130,26,1,2.49,0.00
5036965,1015131,3,1,10.49,0.00
5036966,1015131,25,1,6.49,0.00
5036967,1015132,10,1,10.99,0.00
5036968,1015132,26,2,2.49,0.00
5036969,1015132,27,1,2.49,0.00
5036970,1015133,9,1,13.99,0.00
5036971,1015134,1,1,11.49,0.00
5036972,1015135,16,1,10.49,0.00
5036973,1015135,18,1,5.49,0.00
5036974,1015135,25,1,6.49,0.00
5036975,1015136,7,1,11.99,0.00
5036976,1015136,25,1,6.49,0.00
5036977,1015136,33,1,5.49,0.00
5036978,1015136,22,1,4.49,0.00
5036979,1015137,4,1,14.99,5.00
5036980,1015137,26,1,2.49,0.00
5036981,1015138,14,1,10.49,0.00
5036982,1015138,12,1,18.99,0.00
5036983,1015138,26,2,2.49,0.00
5036984,1015139,5,1,13.49,0.00
5036985,1015139,4,1,14.99,0.00
5036986,1015139,11,1,13.49,0.00
5036987,1015140,4,2,14.99,5.00
5036988,1015140,6,-1,12.99,0.00
5036989,1015141,14,1,10.49,0.00
5036990,1015141,30,1,3.29,0.00
5036991,1015142,3,3,10.49,0.00
5036992,1015142,19,0,3.99,0.00
5036993,1015143,2,1,11.99,0.00
5036994,1015143,20,1,4.49,0.00
5036995,1015143,31,1,3.49,0.00
5036996,1015143,15,1,10.99,0.00
5036997,1015143,5,1,13.49,0.00
5036998,1015143,29,1,3.49,0.00
5036999,1015144,7,1,11.99,0.00
5037000,1015144,27,2,2.49,0.00
5037001,1015144,28,1,3.49,0.00
5037002,1015145,3,1,10.49,0.00
5037003,1015145,26,1,2.49,0.00
5037004,1015146,2,1,11.99,0.00
5037005,1015147,9,1,13.99,0.00
5037006,1015147,25,1,6.49,0.00
5037007,1015148,7,1,11.99,0.00
5037008,1015148,23,1,3.99,0.00
5037009,1015148,28,1,3.49,0.00
5037010,1015149,16,2,10.49,0.00
5037011,1015150,9,1,13.99,0.00
5037012,1015150,26,1,2.49,0.00
5037013,1015150,32,1,4.99,0.00
5037014,1015150,25,1,6.49,0.00
5037015,1015151,4,1,14.99,5.00
5037016,1015152,11,1,13.49,0.00
5037017,1015152,22,1,4.49,0.00
5037018,1015152,27,1,2.49,0.00
5037019,1015153,13,1,9.99,0.00
5037020,1015153,34,1,4.49,0.00
5037021,1015153,30,1,3.29,0.00
5037022,1015154,8,1,12.49,0.00
5037023,1015154,26,2,2.49,0.00
5037024,1015155,13,1,9.99,0.00
5037025,1015155,21,1,3.99,0.00
5037026,1015156,4,1,14.99,5.00
5037027,1015156,28,2,3.49,0.00
5037028,1015157,16,1,10.49,0.00
5037029,1015157,18,1,5.49,0.00
5037030,1015157,26,1,2.49,0.00
5037031,1015158,6,1,12.99,0.00
5037032,1015159,7,1,11.99,0.00
5037033,1015159,27,1,2.49,0.00
5037034,1015160,3,1,10.49,0.00
5037035,1015161,9,1,13.99,0.00
5037036,1015162,16,2,10.49,0.00
5037037,1015162,29,1,3.49,0.00
5037038,1015163,16,1,10.49,0.00
5037039,1015164,3,1,10.49,0.00
5037040,1015165,14,1,10.49,0.00
5037041,1015165,23,1,3.99,0.00
5037042,1015166,4,1,14.99,0.00
5037043,1015166,27,1,2.49,0.00
5037044,1015166,7,1,11.99,0.00
5037045,1015166,20,1,4.49,0.00
5037046,1015166,6,1,12.99,0.00
5037047,1015166,25,1,6.49,0.00
5037048,1015167,8,2,12.49,0.00
5037049,1015167,31,2,3.49,0.00
5037050,1015167,26,3,2.49,0.00
5037051,1015168,9,1,13.99,0.00
5037052,1015168,32,1,4.99,0.00
5037053,1015169,7,1,11.99,0.00
5037054,1015169,26,4,2.49,0.00
5037055,1015169,11,1,13.49,0.00
5037056,1015170,8,1,12.49,0.00
5037057,1015171,14,1,10.49,0.00
5037058,1015171,18,1,5.49,0.00
5037059,1015172,4,1,14.99,5.00
5037060,1015172,26,1,2.49,0.00
5037061,1015173,11,1,13.49,0.00
5037062,1015173,27,1,2.49,0.00
5037063,1015174,1,1,11.49,0.00
5037064,1015174,23,1,3.99,0.00
5037065,1015174,27,1,2.49,0.00
5037066,1015174,18,1,5.49,0.00
5037067,1015174,22,1,4.49,0.00
5037068,1015175,16,1,10.49,0.00
5037069,1015176,3,1,10.49,0.00
5037070,1015176,27,1,2.49,0.00
5037071,1015176,13,1,9.99,0.00
5037072,1015177,4,1,14.99,5.00
5037073,1015177,32,1,4.99,0.00
5037074,1015177,25,2,6.49,0.00
5037075,1015177,27,1,2.49,0.00
5037076,1015178,4,1,14.99,5.00
5037077,1015178,26,1,2.49,0.00
5037078,1015178,15,1,10.99,0.00
5037079,1015179,12,1,18.99,5.00
5037080,1015180,1,1,11.49,0.00
5037081,1015180,3,1,10.49,0.00
5037082,1015180,29,1,3.49,0.00
5037083,1015180,21,2,3.99,0.00
5037084,1015180,18,1,5.49,0.00
5037085,1015181,4,2,14.99,0.00
5037086,1015181,27,1,2.49,0.00
5037087,1015181,26,2,2.49,0.00
5037088,1015181,24,1,3.49,0.00
5037089,1015181,15,1,10.99,0.00
5037090,1015182,14,1,10.49,0.00
5037091,1015182,20,1,4.49,0.00
5037092,1015183,7,1,11.99,0.00
5037093,1015183,26,2,2.49,0.00
5037094,1015184,2,3,11.99,0.00
5037095,1015184,26,1,2.49,0.00
5037096,1015184,18,1,5.49,0.00
5037097,1015185,3,1,10.49,0.00
5037098,1015186,4,1,14.99,0.00
5037099,1015186,18,1,5.49,0.00
5037100,1015187,11,1,13.49,0.00
5037101,1015187,9,1,13.99,0.00
5037102,1015188,12,1,18.99,5.00
5037103,1015189,12,1,18.99,0.00
5037104,1015189,34,1,4.49,0.00
5037105,1015189,23,2,3.99,0.00
5037106,1015189,27,1,2.49,0.00
5037107,1015189,21,1,3.99,0.00
5037108,1015190,4,1,14.99,5.00
5037109,1015190,25,1,6.49,0.00
5037110,1015190,28,1,3.49,0.00
5037111,1015190,26,3,2.49,0.00
5037112,1015191,1,1,11.49,0.00
5037113,1015191,23,1,3.99,0.00
5037114,1015191,31,1,3.49,0.00
5037115,1015192,12,1,18.99,5.00
5037116,1015193,3,1,10.49,0.00
5037117,1015193,25,2,6.49,0.00
5037118,1015193,21,1,3.99,0.00
5037119,1015194,4,1,14.99,5.00
5037120,1015194,35,1,2.99,0.00
5037121,1015194,26,1,2.49,0.00
5037122,1015194,15,1,10.99,0.00
5037123,1015195,2,1,11.99,0.00
5037124,1015195,20,1,4.49,0.00
5037125,1015196,13,1,9.99,0.00
5037126,1015196,29,1,3.49,0.00
5037127,1015197,12,1,18.99,5.00
5037128,1015197,22,1,4.49,0.00
5037129,1015198,16,1,10.49,0.00
5037130,1015198,18,1,5.49,0.00
5037131,1015199,12,2,18.99,5.00
5037132,1015200,4,1,14.99,5.00
5037133,1015200,28,1,3.49,0.00
5037134,1015201,11,1,13.49,0.00
5037135,1015201,20,1,4.49,0.00
5037136,1015201,32,3,4.99,0.00
5037137,1015202,12,1,18.99,5.00
5037138,1015203,6,1,12.99,0.00
5037139,1015203,26,2,2.49,0.00
5037140,1015203,19,1,3.99,0.00
5037141,1015204,12,1,18.99,5.00
5037142,1015204,32,2,4.99,0.00
5037143,1015204,20,1,4.49,0.00
5037144,1015204,22,2,4.49,0.00
5037145,1015204,24,1,3.49,0.00
5037146,1015205,1,1,11.49,0.00
5037147,1015205,32,1,4.99,0.00
5037148,1015205,29,1,3.49,0.00
5037149,1015205,27,1,2.49,0.00
5037150,1015206,6,1,12.99,0.00
5037151,1015206,18,1,5.49,0.00
5037152,1015206,21,1,3.99,0.00
5037153,1015206,35,1,2.99,0.00
5037154,1015207,13,1,9.99,0.00
5037155,1015208,9,1,13.99,0.00
5037156,1015208,26,2,2.49,0.00
5037157,1015208,27,1,2.49,0.00
5037158,1015209,10,1,10.99,0.00
5037159,1015209,1,1,11.49,0.00
5037160,1015209,19,1,3.99,0.00
5037161,1015209,34,2,4.49,0.00
5037162,1015209,22,1,4.49,0.00
5037163,1015209,20,1,4.49,0.00
5037164,1015210,16,1,10.49,0.00
5037165,1015210,18,2,5.49,0.00
5037166,1015210,25,1,6.49,0.00
5037167,1015210,6,1,12.99,0.00
5037168,1015211,1,1,11.49,0.00
5037169,1015211,29,1,3.49,0.00
5037170,1015211,28,1,3.49,0.00
5037171,1015211,30,1,3.29,0.00
5037172,1015211,32,1,4.99,0.00
5037173,1015211,23,1,3.99,0.00
5037174,1015212,4,1,14.99,5.00
5037175,1015212,29,1,3.49,0.00
5037176,1015212,21,1,3.99,0.00
5037177,1015212,19,1,3.99,0.00
5037178,1015212,33,1,5.49,0.00
5037179,1015213,11,1,13.49,0.00
5037180,1015213,26,1,2.49,0.00
5037181,1015213,34,1,4.49,0.00
5037182,1015213,18,1,5.49,0.00
5037183,1015214,4,1,14.99,5.00
5037184,1015215,4,1,14.99,5.00
5037185,1015216,2,1,11.99,0.00
5037186,1015216,26,1,2.49,0.00
5037187,1015216,18,3,5.49,0.00
5037188,1015216,29,1,3.49,0.00
5037189,1015217,11,1,13.49,0.00
5037190,1015218,12,1,18.99,5.00
5037191,1015218,29,1,3.49,0.00
5037192,1015219,6,1,12.99,0.00
5037193,1015220,16,1,10.49,0.00
5037194,1015220,26,1,2.49,0.00
5037195,1015220,27,1,2.49,0.00
5037196,1015220,30,2,3.29,0.00
5037197,1015220,24,1,3.49,0.00
5037198,1015221,8,1,12.49,0.00
5037199,1015221,34,1,4.49,0.00
5037200,1015222,6,1,12.99,0.00
5037201,1015222,20,1,4.49,0.00
5037202,1015223,16,1,10.49,0.00
5037203,1015224,4,1,14.99,5.00
5037204,1015225,8,1,12.49,0.00
5037205,1015225,35,3,2.99,0.00
5037206,1015226,13,1,9.99,0.00
5037207,1015226,30,2,3.29,0.00
5037208,1015227,8,1,12.49,0.00
5037209,1015227,32,1,4.99,0.00
5037210,1015227,20,1,4.49,0.00
5037211,1015228,7,1,11.99,0.00
5037212,1015229,11,1,13.49,0.00
5037213,1015229,27,1,2.49,0.00
5037214,1015229,26,1,2.49,0.00
5037215,1015230,8,1,12.49,0.00
5037216,1015230,26,5,2.49,0.00
5037217,1015230,30,1,3.29,0.00
5037218,1015231,3,1,10.49,0.00
5037219,1015231,24,1,3.49,0.00
5037220,1015231,20,1,4.49,0.00
5037221,1015231,13,2,9.99,0.00
5037222,1015231,22,2,4.49,0.00
5037223,1015232,6,1,12.99,0.00
5037224,1015232,22,1,4.49,0.00
5037225,1015232,24,1,3.49,0.00
5037226,1015233,10,1,10.99,0.00
5037227,1015233,19,1,3.99,0.00
5037228,1015233,26,1,2.49,0.00
5037229,1015234,4,1,14.99,5.00
5037230,1015235,1,1,11.49,0.00
5037231,1015235,28,1,3.49,0.00
5037232,1015235,33,1,5.49,0.00
5037233,1015236,9,1,13.99,0.00
5037234,1015236,32,1,4.99,0.00
5037235,1015236,6,1,12.99,0.00
5037236,1015237,12,1,18.99,5.00
5037237,1015237,28,1,3.49,0.00
5037238,1015237,27,1,2.49,0.00
5037239,1015238,2,1,11.99,0.00
5037240,1015238,34,1,4.49,0.00
5037241,1015239,4,1,14.99,5.00
5037242,1015240,4,1,14.99,5.00
5037243,1015240,31,1,3.49,0.00
5037244,1015241,6,1,12.99,0.00
5037245,1015241,33,1,5.49,0.00
5037246,1015242,4,1,14.99,0.00
5037247,1015242,26,1,2.49,0.00
5037248,1015242,19,1,3.99,0.00
5037249,1015242,28,1,3.49,0.00
5037250,1015242,13,1,9.99,0.00
5037251,1015243,14,1,10.49,0.00
5037252,1015243,28,1,3.49,0.00
5037253,1015244,9,2,13.99,0.00
5037254,1015244,25,1,6.49,0.00
5037255,1015244,23,1,3.99,0.00
5037256,1015244,19,-1,3.99,0.00
5037257,1015244,26,1,2.49,0.00
5037258,1015245,10,1,10.99,0.00
5037259,1015245,27,1,2.49,0.00
5037260,1015245,25,1,6.49,0.00
5037261,1015245,34,1,4.49,0.00
5037262,1015245,19,1,3.99,0.00
5037263,1015246,4,2,14.99,0.00
5037264,1015246,28,1,3.49,0.00
5037265,1015246,27,1,2.49,0.00
5037266,1015247,12,2,18.99,5.00
5037267,1015247,9,1,13.99,0.00
5037268,1015248,2,1,11.99,0.00
5037269,1015248,20,1,4.49,0.00
5037270,1015249,1,1,11.49,0.00
5037271,1015249,27,1,2.49,0.00
5037272,1015250,7,2,11.99,0.00
5037273,1015250,28,1,3.49,0.00
5037274,1015251,10,1,10.99,0.00
5037275,1015251,29,2,3.49,0.00
5037276,1015251,26,1,2.49,0.00
5037277,1015251,23,1,3.99,0.00
5037278,1015252,9,3,13.99,0.00
5037279,1015252,28,1,3.49,0.00
5037280,1015252,26,2,2.49,0.00
5037281,1015252,7,1,11.99,0.00
5037282,1015253,15,2,10.99,0.00
5037283,1015254,4,1,14.99,0.00
5037284,1015255,14,2,10.49,0.00
5037285,1015255,31,1,3.49,0.00
5037286,1015255,33,1,5.49,0.00
5037287,1015256,16,1,10.49,0.00
5037288,1015257,3,1,10.49,0.00
5037289,1015257,10,1,10.99,0.00
5037290,1015258,5,1,13.49,0.00
5037291,1015258,23,1,3.99,0.00
5037292,1015259,8,1,12.49,0.00
5037293,1015259,18,1,5.49,0.00
5037294,1015260,15,1,10.99,0.00
5037295,1015260,33,1,5.49,0.00
5037296,1015260,32,1,4.99,0.00
5037297,1015261,12,1,18.99,0.00
5037298,1015262,4,1,14.99,0.00
5037299,1015262,31,2,3.49,0.00
5037300,1015262,14,1,10.49,0.00
5037301,1015263,7,2,11.99,0.00
5037302,1015263,27,2,2.49,0.00
5037303,1015263,34,1,4.49,0.00
5037304,1015263,21,1,3.99,0.00
5037305,1015263,30,1,3.29,0.00
5037306,1015264,12,1,18.99,0.00
5037307,1015264,7,1,11.99,0.00
5037308,1015264,34,1,4.49,0.00
5037309,1015265,8,1,12.49,0.00
5037310,1015265,30,1,3.29,0.00
5037311,1015266,11,1,13.49,0.00
5037312,1015266,32,1,4.99,0.00
5037313,1015266,20,1,4.49,0.00
5037314,1015266,21,1,3.99,0.00
5037315,1015267,16,1,10.49,0.00
5037316,1015267,26,1,2.49,0.00
5037317,1015267,29,3,3.49,0.00
5037318,1015267,18,2,5.49,0.00
5037319,1015268,8,1,12.49,0.00
5037320,1015268,34,1,4.49,0.00
5037321,1015269,16,1,10.49,0.00
5037322,1015269,28,1,3.49,0.00
5037323,1015269,23,1,3.99,0.00
5037324,1015270,14,1,10.49,0.00
5037325,1015270,32,1,4.99,0.00
5037326,1015270,29,2,3.49,0.00
5037327,1015270,19,1,3.99,0.00
5037328,1015271,4,1,14.99,5.00
5037329,1015271,29,1,3.49,0.00
5037330,1015271,2,1,11.99,0.00
5037331,1015272,10,3,10.99,0.00
5037332,1015273,4,2,14.99,5.00
5037333,1015274,15,1,10.99,0.00
5037334,1015274,29,1,3.49,0.00
5037335,1015274,32,2,4.99,0.00
5037336,1015275,12,1,18.99,5.00
5037337,1015275,21,1,3.99,0.00
5037338,1015275,23,1,3.99,0.00
5037339,1015275,26,1,2.49,0.00
5037340,1015275,19,1,3.99,0.00
5037341,1015276,15,1,10.99,0.00
5037342,1015276,32,1,4.99,0.00
5037343,1015276,30,1,3.29,0.00
5037344,1015277,15,1,10.99,0.00
5037345,1015277,28,1,3.49,0.00
5037346,1015278,2,1,11.99,0.00
5037347,1015278,26,-2,2.49,0.00
5037348,1015278,19,1,3.99,0.00
5037349,1015279,10,1,10.99,0.00
5037350,1015280,6,1,12.99,0.00
5037351,1015280,30,1,3.29,0.00
5037352,1015280,18,1,5.49,0.00
5037353,1015281,12,1,18.99,5.00
5037354,1015281,30,1,3.29,0.00
5037355,1015281,21,1,3.99,0.00
5037356,1015282,3,1,10.49,0.00
5037357,1015283,7,1,11.99,0.00
5037358,1015283,19,2,3.99,0.00
5037359,1015283,20,1,4.49,0.00
5037360,1015284,12,1,18.99,0.00
5037361,1015284,26,1,2.49,0.00
5037362,1015284,24,1,3.49,0.00
5037363,1015284,21,1,3.99,0.00
5037364,1015285,1,1,11.49,0.00
5037365,1015286,11,1,13.49,0.00
5037366,1015286,26,1,2.49,0.00
5037367,1015286,32,1,4.99,0.00
5037368,1015286,35,2,2.99,0.00
5037369,1015286,18,1,5.49,0.00
5037370,1015287,13,1,9.99,0.00
5037371,1015287,23,1,3.99,0.00
5037372,1015288,12,1,18.99,0.00
5037373,1015288,19,1,3.99,0.00
5037374,1015288,30,1,3.29,0.00
5037375,1015288,24,1,3.49,0.00
5037376,1015289,6,1,12.99,0.00
5037377,1015289,26,1,2.49,0.00
5037378,1015290,6,1,12.99,0.00
5037379,1015290,32,1,4.99,0.00
5037380,1015290,26,1,2.49,0.00
5037381,1015291,7,1,11.99,0.00
5037382,1015292,12,2,18.99,5.00
5037383,1015293,9,1,13.99,0.00
5037384,1015293,18,1,5.49,0.00
5037385,1015293,20,1,4.49,0.00
5037386,1015294,4,1,14.99,5.00
5037387,1015294,29,1,3.49,0.00
5037388,1015295,5,1,13.49,0.00
5037389,1015295,18,2,5.49,0.00
5037390,1015295,30,1,3.29,0.00
5037391,1015295,21,1,3.99,0.00
5037392,1015295,24,1,3.49,0.00
5037393,1015295,35,1,2.99,0.00
5037394,1015296,16,1,10.49,0.00
5037395,1015296,18,1,5.49,0.00
5037396,1015296,19,1,3.99,0.00
5037397,1015296,32,1,4.99,0.00
5037398,1015297,1,1,11.49,0.00
5037399,1015297,31,1,3.49,0.00
5037400,1015297,22,2,4.49,0.00
5037401,1015298,4,1,14.99,5.00
5037402,1015299,6,1,12.99,0.00
5037403,1015299,26,1,2.49,0.00
5037404,1015300,2,1,11.99,0.00
5037405,1015300,31,2,3.49,0.00
5037406,1015300,29,1,3.49,0.00
5037407,1015301,6,1,12.99,0.00
5037408,1015301,26,1,2.49,0.00
5037409,1015301,27,1,2.49,0.00
5037410,1015301,5,1,13.49,0.00
5037411,1015302,4,1,14.99,0.00
5037412,1015302,30,1,3.29,0.00
5037413,1015302,26,1,2.49,0.00
5037414,1015303,12,1,18.99,0.00
5037415,1015304,5,2,13.49,0.00
5037416,1015305,4,1,14.99,5.00
5037417,1015305,19,1,3.99,0.00
5037418,1015305,23,1,3.99,0.00
5037419,1015305,31,1,3.49,0.00
5037420,1015305,25,1,6.49,0.00
5037421,1015306,16,2,10.49,0.00
5037422,1015306,24,1,3.49,0.00
5037423,1015307,8,1,12.49,0.00
5037424,1015307,27,2,2.49,0.00
5037425,1015308,1,1,11.49,0.00
5037426,1015308,26,1,2.49,0.00
5037427,1015309,3,2,10.49,0.00
5037428,1015309,27,2,2.49,0.00
5037429,1015309,25,1,6.49,0.00
5037430,1015309,13,1,9.99,0.00
5037431,1015310,10,1,10.99,0.00
5037432,1015311,11,1,13.49,0.00
5037433,1015311,21,1,3.99,0.00
5037434,1015311,31,1,3.49,0.00
5037435,1015312,2,2,11.99,0.00
5037436,1015313,10,1,10.99,0.00
5037437,1015313,2,1,11.99,0.00
5037438,1015313,34,1,4.49,0.00
5037439,1015314,3,1,10.49,0.00
5037440,1015314,31,1,3.49,0.00
5037441,1015314,21,1,3.99,0.00
5037442,1015315,9,1,13.99,0.00
5037443,1015315,26,1,2.49,0.00
5037444,1015315,25,1,6.49,0.00
5037445,1015316,13,3,9.99,0.00
5037446,1015316,27,1,2.49,0.00
5037447,1015316,28,1,3.49,0.00
5037448,1015317,9,1,13.99,0.00
5037449,1015317,30,1,3.29,0.00
5037450,1015317,23,1,3.99,0.00
5037451,1015318,16,1,10.49,0.00
5037452,1015318,20,1,4.49,0.00
5037453,1015318,33,1,5.49,0.00
5037454,1015319,9,1,13.99,0.00
5037455,1015320,10,1,10.99,0.00
5037456,1015321,4,2,14.99,0.00
5037457,1015321,30,1,3.29,0.00
5037458,1015322,8,2,12.49,0.00
5037459,1015322,25,1,6.49,0.00
5037460,1015323,1,1,11.49,0.00
5037461,1015323,18,1,5.49,0.00
5037462,1015323,6,2,12.99,0.00
5037463,1015323,23,1,3.99,0.00
5037464,1015323,26,1,2.49,0.00
5037465,1015324,9,1,13.99,0.00
5037466,1015324,21,1,3.99,0.00
5037467,1015324,26,1,2.49,0.00
5037468,1015325,9,1,13.99,0.00
5037469,1015326,11,1,13.49,0.00
5037470,1015326,3,1,10.49,0.00
5037471,1015327,5,1,13.49,0.00
5037472,1015327,22,1,4.49,0.00
5037473,1015327,27,1,2.49,0.00
5037474,1015327,21,2,3.99,0.00
5037475,1015328,2,2,11.99,0.00
5037476,1015328,8,1,12.49,0.00
5037477,1015328,18,1,5.49,0.00
5037478,1015329,5,1,13.49,0.00
5037479,1015329,20,1,4.49,0.00
5037480,1015329,28,1,3.49,0.00
5037481,1015330,8,1,12.49,0.00
5037482,1015331,2,1,11.99,0.00
5037483,1015331,26,2,2.49,0.00
5037484,1015332,8,1,12.49,0.00
5037485,1015333,13,-2,9.99,0.00
5037486,1015333,27,1,2.49,0.00
5037487,1015333,26,1,2.49,0.00
5037488,1015334,16,1,10.49,0.00
5037489,1015334,34,3,4.49,0.00
5037490,1015334,27,1,2.49,0.00
5037491,1015334,4,2,14.99,0.00
5037492,1015335,3,1,10.49,0.00
5037493,1015335,21,1,3.99,0.00
5037494,1015336,5,1,13.49,0.00
5037495,1015336,25,1,6.49,0.00
5037496,1015336,26,2,2.49,0.00
5037497,1015337,8,1,12.49,0.00
5037498,1015337,19,2,3.99,0.00
5037499,1015337,32,1,4.99,0.00
5037500,1015337,26,1,2.49,0.00
5037501,1015337,18,1,5.49,0.00
5037502,1015338,8,1,12.49,0.00
5037503,1015338,33,1,5.49,0.00
5037504,1015338,24,2,3.49,0.00
5037505,1015339,3,1,10.49,0.00
5037506,1015339,18,1,5.49,0.00
5037507,1015340,8,1,12.49,0.00
5037508,1015340,22,1,4.49,0.00
5037509,1015341,7,1,11.99,0.00
5037510,1015342,11,1,13.49,0.00
5037511,1015343,16,1,10.49,0.00
5037512,1015344,1,1,11.49,0.00
5037513,1015344,24,1,3.49,0.00
5037514,1015344,21,1,3.99,0.00
5037515,1015344,22,1,4.49,0.00
5037516,1015344,28,1,3.49,0.00
5037517,1015345,16,1,10.49,0.00
5037518,1015346,9,1,13.99,0.00
5037519,1015346,25,3,6.49,0.00
5037520,1015346,22,1,4.49,0.00
5037521,1015347,5,1,13.49,0.00
5037522,1015347,26,2,2.49,0.00
5037523,1015347,34,1,4.49,0.00
5037524,1015348,16,3,10.49,0.00
5037525,1015349,7,3,11.99,0.00
5037526,1015349,3,1,10.49,0.00
5037527,1015349,21,1,3.99,0.00
5037528,1015350,9,1,13.99,0.00
5037529,1015350,30,1,3.29,0.00
5037530,1015350,6,1,12.99,0.00
5037531,1015350,29,3,3.49,0.00
5037532,1015351,16,1,10.49,0.00
5037533,1015351,30,1,3.29,0.00
5037534,1015351,27,2,2.49,0.00
5037535,1015352,1,1,11.49,0.00
5037536,1015352,21,1,3.99,0.00
5037537,1015352,33,1,5.49,0.00
5037538,1015353,2,1,11.99,0.00
5037539,1015353,26,1,2.49,0.00
5037540,1015353,19,1,3.99,0.00
5037541,1015354,4,1,14.99,0.00
5037542,1015354,34,1,4.49,0.00
5037543,1015355,7,1,11.99,0.00
5037544,1015355,18,1,5.49,0.00
5037545,1015355,35,3,2.99,0.00
5037546,1015355,27,1,2.49,0.00
5037547,1015356,6,1,12.99,0.00
5037548,1015357,9,2,13.99,0.00
5037549,1015357,1,1,11.49,0.00
5037550,1015357,32,1,4.99,0.00
5037551,1015358,3,2,10.49,0.00
5037552,1015358,7,1,11.99,0.00
5037553,1015358,30,1,3.29,0.00
5037554,1015358,34,1,4.49,0.00
5037555,1015359,11,1,13.49,0.00
5037556,1015359,26,1,2.49,0.00
5037557,1015359,30,2,3.29,0.00
5037558,1015360,14,1,10.49,0.00
5037559,1015360,15,1,10.99,0.00
5037560,1015361,15,1,10.99,0.00
5037561,1015361,33,1,5.49,0.00
5037562,1015361,23,1,3.99,0.00
5037563,1015361,21,1,3.99,0.00
5037564,1015362,12,1,18.99,0.00
5037565,1015362,16,1,10.49,0.00
5037566,1015363,12,1,18.99,0.00
5037567,1015363,19,2,3.99,0.00
5037568,1015363,34,1,4.49,0.00
5037569,1015363,30,1,3.29,0.00
5037570,1015363,6,1,12.99,0.00
5037571,1015364,7,2,11.99,0.00
5037572,1015365,16,1,10.49,0.00
5037573,1015365,23,1,3.99,0.00
5037574,1015365,35,1,2.99,0.00
5037575,1015365,26,1,2.49,0.00
5037576,1015366,13,1,9.99,0.00
5037577,1015367,13,1,9.99,0.00
5037578,1015367,25,1,6.49,0.00
5037579,1015367,26,1,2.49,0.00
5037580,1015368,4,1,14.99,0.00
5037581,1015368,26,1,2.49,0.00
5037582,1015368,30,1,3.29,0.00
5037583,1015369,3,2,10.49,0.00
5037584,1015369,9,1,13.99,0.00
5037585,1015369,18,1,5.49,0.00
5037586,1015370,15,1,10.99,0.00
5037587,1015370,31,1,3.49,0.00
5037588,1015371,2,1,11.99,0.00
5037589,1015371,18,2,5.49,0.00
5037590,1015372,4,1,14.99,0.00
5037591,1015372,18,1,5.49,0.00
5037592,1015373,12,1,18.99,0.00
5037593,1015373,26,1,2.49,0.00
5037594,1015373,29,1,3.49,0.00
5037595,1015374,4,1,14.99,0.00
5037596,1015374,21,1,3.99,0.00
5037597,1015375,7,1,11.99,0.00
5037598,1015376,1,1,11.49,0.00
5037599,1015377,1,1,11.49,0.00
5037600,1015377,20,1,4.49,0.00
5037601,1015378,1,2,11.49,0.00
5037602,1015378,21,1,3.99,0.00
5037603,1015378,20,1,4.49,0.00
5037604,1015378,5,1,13.49,0.00
5037605,1015379,5,2,13.49,0.00
5037606,1015380,10,1,10.99,0.00
5037607,1015380,27,1,2.49,0.00
5037608,1015380,28,3,3.49,0.00
5037609,1015381,1,1,11.49,0.00
5037610,1015382,11,1,13.49,0.00
5037611,1015382,3,1,10.49,0.00
5037612,1015383,3,1,10.49,0.00
5037613,1015383,27,1,2.49,0.00
5037614,1015383,28,1,3.49,0.00
5037615,1015384,9,3,13.99,0.00
5037616,1015384,20,1,4.49,0.00
5037617,1015384,30,1,3.29,0.00
5037618,1015384,26,1,2.49,0.00
5037619,1015385,5,2,13.49,0.00
5037620,1015385,18,-1,5.49,0.00
5037621,1015386,8,2,12.49,0.00
5037622,1015386,20,1,4.49,0.00
5037623,1015386,26,3,2.49,0.00
5037624,1015387,11,1,13.49,0.00
5037625,1015388,8,1,12.49,0.00
5037626,1015388,35,1,2.99,0.00
5037627,1015389,3,1,10.49,0.00
5037628,1015389,26,1,2.49,0.00
5037629,1015390,8,1,12.49,0.00
5037630,1015390,20,2,4.49,0.00
5037631,1015391,11,1,13.49,0.00
5037632,1015391,25,1,6.49,0.00
5037633,1015391,14,1,10.49,0.00
5037634,1015392,8,1,12.49,0.00
5037635,1015393,7,2,11.99,0.00
5037636,1015393,29,1,3.49,0.00
5037637,1015393,26,1,2.49,0.00
5037638,1015394,13,3,9.99,0.00
5037639,1015394,11,1,13.49,0.00
5037640,1015394,27,1,2.49,0.00
5037641,1015395,5,1,13.49,0.00
5037642,1015395,20,2,4.49,0.00
5037643,1015396,6,1,12.99,0.00
5037644,1015396,18,1,5.49,0.00
5037645,1015396,29,1,3.49,0.00
5037646,1015396,27,1,2.49,0.00
5037647,1015397,8,2,12.49,0.00
5037648,1015397,30,2,3.29,0.00
5037649,1015398,8,1,12.49,0.00
5037650,1015399,14,1,10.49,0.00
5037651,1015399,19,1,3.99,0.00
5037652,1015399,28,1,3.49,0.00
5037653,1015400,14,1,10.49,0.00
5037654,1015400,31,1,3.49,0.00
5037655,1015400,18,0,5.49,0.00
5037656,1015401,11,1,13.49,0.00
5037657,1015401,22,1,4.49,0.00
5037658,1015402,7,1,11.99,0.00
5037659,1015402,21,1,3.99,0.00
5037660,1015402,30,1,3.29,0.00
5037661,1015403,15,1,10.99,0.00
5037662,1015404,1,2,11.49,0.00
5037663,1015404,18,1,5.49,0.00
5037664,1015405,8,1,12.49,0.00
5037665,1015405,26,1,2.49,0.00
5037666,1015406,13,1,9.99,0.00
5037667,1015406,18,1,5.49,0.00
5037668,1015406,29,1,3.49,0.00
5037669,1015407,8,1,12.49,0.00
5037670,1015407,26,1,2.49,0.00
5037671,1015408,2,1,11.99,0.00
5037672,1015408,30,1,3.29,0.00
5037673,1015409,7,1,11.99,0.00
5037674,1015409,27,2,2.49,0.00
5037675,1015409,26,3,2.49,0.00
5037676,1015410,10,1,10.99,0.00
5037677,1015410,1,2,11.49,0.00
5037678,1015411,11,1,13.49,0.00
5037679,1015411,27,1,2.49,0.00
5037680,1015411,26,2,2.49,0.00
5037681,1015411,28,2,3.49,0.00
5037682,1015412,10,1,10.99,0.00
5037683,1015412,24,1,3.49,0.00
5037684,1015412,27,1,2.49,0.00
5037685,1015412,21,1,3.99,0.00
5037686,1015413,12,1,18.99,0.00
5037687,1015413,14,1,10.49,0.00
5037688,1015413,18,1,5.49,0.00
5037689,1015414,10,1,10.99,0.00
5037690,1015414,27,2,2.49,0.00
5037691,1015414,18,2,5.49,0.00
5037692,1015414,25,1,6.49,0.00
5037693,1015415,13,1,9.99,0.00
5037694,1015416,3,1,10.49,0.00
5037695,1015416,1,1,11.49,0.00
5037696,1015416,25,1,6.49,0.00
5037697,1015417,2,1,11.99,0.00
5037698,1015417,22,1,4.49,0.00
5037699,1015418,5,1,13.49,0.00
5037700,1015418,30,1,3.29,0.00
5037701,1015418,25,1,6.49,0.00
5037702,1015418,2,1,11.99,0.00
5037703,1015418,15,1,10.99,0.00
5037704,1015419,7,1,11.99,0.00
5037705,1015420,6,1,12.99,0.00
5037706,1015420,25,1,6.49,0.00
5037707,1015421,4,1,14.99,0.00
5037708,1015421,8,1,12.49,0.00
5037709,1015422,1,1,11.49,0.00
5037710,1015422,22,1,4.49,0.00
5037711,1015422,25,1,6.49,0.00
5037712,1015423,10,1,10.99,0.00
5037713,1015423,30,1,3.29,0.00
5037714,1015423,19,1,3.99,0.00
5037715,1015424,16,1,10.49,0.00
5037716,1015424,8,2,12.49,0.00
5037717,1015424,26,1,2.49,0.00
5037718,1015424,30,3,3.29,0.00
5037719,1015425,7,1,11.99,0.00
5037720,1015425,24,2,3.49,0.00
5037721,1015425,18,4,5.49,0.00
5037722,1015425,22,1,4.49,0.00
5037723,1015426,9,1,13.99,0.00
5037724,1015426,26,2,2.49,0.00
5037725,1015427,4,1,14.99,0.00
5037726,1015427,26,1,2.49,0.00
5037727,1015427,19,1,3.99,0.00
5037728,1015428,15,1,10.99,0.00
5037729,1015428,18,1,5.49,0.00
5037730,1015429,13,1,9.99,0.00
5037731,1015429,30,2,3.29,0.00
5037732,1015430,16,1,10.49,0.00
5037733,1015430,27,1,2.49,0.00
5037734,1015430,18,1,5.49,0.00
5037735,1015430,32,1,4.99,0.00
5037736,1015431,3,1,10.49,0.00
5037737,1015431,23,1,3.99,0.00
5037738,1015431,28,1,3.49,0.00
5037739,1015432,7,1,11.99,0.00
5037740,1015432,26,1,2.49,0.00
5037741,1015433,9,1,13.99,0.00
5037742,1015433,23,1,3.99,0.00
5037743,1015433,22,1,4.49,0.00
5037744,1015434,7,1,11.99,0.00
5037745,1015434,24,1,3.49,0.00
5037746,1015435,4,1,14.99,0.00
5037747,1015435,23,2,3.99,0.00
5037748,1015435,22,1,4.49,0.00
5037749,1015435,26,1,2.49,0.00
5037750,1015435,29,1,3.49,0.00
5037751,1015436,5,1,13.49,0.00
5037752,1015436,19,1,3.99,0.00
5037753,1015436,21,1,3.99,0.00
5037754,1015436,29,2,3.49,0.00
5037755,1015437,2,1,11.99,0.00
5037756,1015438,7,2,11.99,0.00
5037757,1015439,10,2,10.99,0.00
5037758,1015440,3,1,10.49,0.00
5037759,1015441,14,2,10.49,0.00
5037760,1015441,10,1,10.99,0.00
5037761,1015442,3,1,10.49,0.00
5037762,1015442,27,1,2.49,0.00
5037763,1015443,8,1,12.49,0.00
5037764,1015443,33,1,5.49,0.00
5037765,1015444,15,1,10.99,0.00
5037766,1015444,33,1,5.49,0.00
5037767,1015444,18,-1,5.49,0.00
5037768,1015444,21,1,3.99,0.00
5037769,1015445,16,1,10.49,0.00
5037770,1015446,14,1,10.49,0.00
5037771,1015446,26,3,2.49,0.00
5037772,1015446,21,1,3.99,0.00
5037773,1015447,5,1,13.49,0.00
5037774,1015448,13,1,9.99,0.00
5037775,1015448,32,1,4.99,0.00
5037776,1015449,5,1,13.49,0.00
5037777,1015449,18,3,5.49,0.00
5037778,1015450,6,1,12.99,0.00
5037779,1015450,20,1,4.49,0.00
5037780,1015450,27,1,2.49,0.00
5037781,1015450,23,1,3.99,0.00
5037782,1015450,21,1,3.99,0.00
5037783,1015451,1,1,11.49,0.00
5037784,1015451,28,-1,3.49,0.00
5037785,1015451,32,2,4.99,0.00
5037786,1015452,5,3,13.49,0.00
5037787,1015452,19,1,3.99,0.00
5037788,1015453,15,2,10.99,0.00
5037789,1015453,20,1,4.49,0.00
5037790,1015453,29,1,3.49,0.00
5037791,1015453,27,1,2.49,0.00
5037792,1015454,16,1,10.49,0.00
5037793,1015454,19,1,3.99,0.00
5037794,1015454,13,1,9.99,0.00
5037795,1015454,30,1,3.29,0.00
5037796,1015455,1,3,11.49,0.00
5037797,1015455,25,1,6.49,0.00
5037798,1015455,32,1,4.99,0.00
5037799,1015456,2,1,11.99,0.00
5037800,1015457,16,1,10.49,0.00
5037801,1015457,19,2,3.99,0.00
5037802,1015457,32,1,4.99,0.00
5037803,1015458,8,1,12.49,0.00
5037804,1015458,34,1,4.49,0.00
5037805,1015458,21,2,3.99,0.00
5037806,1015458,6,1,12.99,0.00
5037807,1015459,4,1,14.99,0.00
5037808,1015459,8,1,12.49,0.00
5037809,1015459,12,1,18.99,0.00
5037810,1015459,24,1,3.49,0.00
5037811,1015460,3,1,10.49,0.00
5037812,1015461,3,1,10.49,0.00
5037813,1015461,21,0,3.99,0.00
5037814,1015462,8,2,12.49,0.00
5037815,1015462,33,1,5.49,0.00
5037816,1015463,9,1,13.99,0.00
5037817,1015463,25,1,6.49,0.00
5037818,1015463,26,1,2.49,0.00
5037819,1015464,5,1,13.49,0.00
5037820,1015464,26,2,2.49,0.00
5037821,1015465,7,1,11.99,0.00
5037822,1015465,25,2,6.49,0.00
5037823,1015466,12,2,18.99,0.00
5037824,1015467,8,1,12.49,0.00
5037825,1015467,20,1,4.49,0.00
5037826,1015467,28,2,3.49,0.00
5037827,1015467,30,1,3.29,0.00
5037828,1015468,4,1,14.99,0.00
5037829,1015468,22,1,4.49,0.00
5037830,1015469,6,1,12.99,0.00
5037831,1015470,13,1,9.99,0.00
5037832,1015470,21,3,3.99,0.00
5037833,1015471,8,1,12.49,0.00
5037834,1015471,33,-2,5.49,0.00
5037835,1015471,21,1,3.99,0.00
5037836,1015472,9,1,13.99,0.00
5037837,1015472,19,1,3.99,0.00
5037838,1015473,1,1,11.49,0.00
5037839,1015473,24,1,3.49,0.00
5037840,1015473,35,1,2.99,0.00
5037841,1015474,7,1,11.99,0.00
5037842,1015475,9,2,13.99,0.00
5037843,1015475,33,1,5.49,0.00
5037844,1015476,9,1,13.99,0.00
5037845,1015476,4,1,14.99,0.00
5037846,1015477,10,1,10.99,0.00
5037847,1015477,30,1,3.29,0.00
5037848,1015477,19,1,3.99,0.00
5037849,1015478,11,1,13.49,0.00
5037850,1015478,34,1,4.49,0.00
5037851,1015479,1,1,11.49,0.00
5037852,1015479,18,1,5.49,0.00
5037853,1015479,26,1,2.49,0.00
5037854,1015480,6,1,12.99,0.00
5037855,1015480,27,1,2.49,0.00
5037856,1015480,26,1,2.49,0.00
5037857,1015481,4,1,14.99,0.00
5037858,1015481,30,1,3.29,0.00
5037859,1015482,1,2,11.49,0.00
5037860,1015482,27,1,2.49,0.00
5037861,1015483,3,1,10.49,0.00
5037862,1015483,35,1,2.99,0.00
5037863,1015483,7,1,11.99,0.00
5037864,1015483,27,1,2.49,0.00
5037865,1015483,26,1,2.49,0.00
5037866,1015484,2,1,11.99,0.00
5037867,1015484,28,1,3.49,0.00
5037868,1015484,25,1,6.49,0.00
5037869,1015485,11,2,13.49,0.00
5037870,1015485,22,1,4.49,0.00
5037871,1015485,27,1,2.49,0.00
5037872,1015485,25,1,6.49,0.00
5037873,1015486,3,1,10.49,0.00
5037874,1015486,21,1,3.99,0.00
5037875,1015486,33,1,5.49,0.00
5037876,1015487,1,1,11.49,0.00
5037877,1015487,25,1,6.49,0.00
5037878,1015487,22,1,4.49,0.00
5037879,1015487,11,1,13.49,0.00
5037880,1015488,15,2,10.99,0.00
5037881,1015488,2,1,11.99,0.00
5037882,1015489,10,1,10.99,0.00
5037883,1015489,18,1,5.49,0.00
5037884,1015490,7,1,11.99,0.00
5037885,1015491,6,1,12.99,0.00
5037886,1015491,32,3,4.99,0.00
5037887,1015491,30,1,3.29,0.00
5037888,1015492,9,2,13.99,0.00
5037889,1015492,33,1,5.49,0.00
5037890,1015492,25,1,6.49,0.00
5037891,1015492,28,1,3.49,0.00
5037892,1015492,11,2,13.49,0.00
5037893,1015492,24,1,3.49,0.00
5037894,1015493,7,1,11.99,0.00
5037895,1015493,22,1,4.49,0.00
5037896,1015494,1,1,11.49,0.00
5037897,1015494,30,1,3.29,0.00
5037898,1015494,33,1,5.49,0.00
5037899,1015495,3,1,10.49,0.00
5037900,1015495,34,1,4.49,0.00
5037901,1015495,28,1,3.49,0.00
5037902,1015496,13,1,9.99,0.00
5037903,1015497,15,1,10.99,0.00
5037904,1015497,35,2,2.99,0.00
5037905,1015497,25,1,6.49,0.00
5037906,1015498,1,1,11.49,0.00
5037907,1015498,25,2,6.49,0.00
5037908,1015499,1,1,11.49,0.00
5037909,1015500,9,1,13.99,0.00
5037910,1015500,18,1,5.49,0.00
5037911,1015500,2,1,11.99,0.00
5037912,1015501,2,1,11.99,0.00
5037913,1015502,14,1,10.49,0.00
5037914,1015502,21,1,3.99,0.00
5037915,1015503,7,2,11.99,0.00
5037916,1015503,29,1,3.49,0.00
5037917,1015503,35,1,2.99,0.00
5037918,1015504,3,1,10.49,0.00
5037919,1015505,6,1,12.99,0.00
5037920,1015505,31,1,3.49,0.00
5037921,1015505,25,3,6.49,0.00
5037922,1015506,1,2,11.49,0.00
5037923,1015507,7,1,11.99,0.00
5037924,1015507,27,1,2.49,0.00
5037925,1015508,12,1,18.99,0.00
5037926,1015509,4,1,14.99,0.00
5037927,1015509,21,1,3.99,0.00
5037928,1015510,16,1,10.49,0.00
5037929,1015511,13,1,9.99,0.00
5037930,1015511,31,1,3.49,0.00
5037931,1015512,16,1,10.49,0.00
5037932,1015512,30,1,3.29,0.00
5037933,1015513,10,1,10.99,0.00
5037934,1015513,21,1,3.99,0.00
5037935,1015513,25,1,6.49,0.00
5037936,1015514,10,2,10.99,0.00
5037937,1015514,30,1,3.29,0.00
5037938,1015515,16,1,10.49,0.00
5037939,1015515,27,2,2.49,0.00
5037940,1015515,21,1,3.99,0.00
5037941,1015515,23,1,3.99,0.00
5037942,1015516,11,1,13.49,0.00
5037943,1015516,30,1,3.29,0.00
5037944,1015516,29,1,3.49,0.00
5037945,1015517,3,1,10.49,0.00
5037946,1015518,8,1,12.49,0.00
5037947,1015518,33,2,5.49,0.00
5037948,1015519,13,1,9.99,0.00
5037949,1015519,30,1,3.29,0.00
5037950,1015520,13,1,9.99,0.00
5037951,1015520,24,1,3.49,0.00
5037952,1015520,34,1,4.49,0.00
5037953,1015521,3,1,10.49,0.00
5037954,1015522,4,1,14.99,0.00
5037955,1015523,4,1,14.99,0.00
5037956,1015523,19,1,3.99,0.00
5037957,1015524,13,1,9.99,0.00
5037958,1015524,26,1,2.49,0.00
5037959,1015524,19,1,3.99,0.00
5037960,1015524,35,1,2.99,0.00
5037961,1015525,1,1,11.49,0.00
5037962,1015525,31,3,3.49,0.00
5037963,1015525,24,1,3.49,0.00
5037964,1015526,12,1,18.99,0.00
5037965,1015526,34,1,4.49,0.00
5037966,1015527,12,1,18.99,0.00
5037967,1015527,14,1,10.49,0.00
5037968,1015528,9,1,13.99,0.00
5037969,1015528,27,1,2.49,0.00
5037970,1015528,15,1,10.99,0.00
5037971,1015528,26,1,2.49,0.00
5037972,1015529,8,1,12.49,0.00
5037973,1015529,26,2,2.49,0.00
5037974,1015529,31,1,3.49,0.00
5037975,1015529,22,1,4.49,0.00
5037976,1015530,8,1,12.49,0.00
5037977,1015531,1,1,11.49,0.00
5037978,1015531,25,1,6.49,0.00
5037979,1015532,7,1,11.99,0.00
5037980,1015532,18,1,5.49,0.00
5037981,1015533,3,1,10.49,0.00
5037982,1015533,20,1,4.49,0.00
5037983,1015533,29,3,3.49,0.00
5037984,1015534,1,1,11.49,0.00
5037985,1015535,6,2,12.99,0.00
5037986,1015536,2,1,11.99,0.00
5037987,1015536,15,1,10.99,0.00
5037988,1015537,10,1,10.99,0.00
5037989,1015537,23,1,3.99,0.00
5037990,1015537,31,1,3.49,0.00
5037991,1015537,26,1,2.49,0.00
5037992,1015538,13,1,9.99,0.00
5037993,1015538,27,1,2.49,0.00
5037994,1015538,5,1,13.49,0.00
5037995,1015539,8,1,12.49,0.00
5037996,1015540,15,1,10.99,0.00
5037997,1015540,28,1,3.49,0.00
5037998,1015540,18,2,5.49,0.00
5037999,1015540,26,1,2.49,0.00
5038000,1015541,8,1,12.49,0.00
5038001,1015542,8,1,12.49,0.00
5038002,1015542,20,1,4.49,0.00
5038003,1015543,2,1,11.99,0.00
5038004,1015543,18,3,5.49,0.00
5038005,1015543,33,1,5.49,0.00
5038006,1015543,1,1,11.49,0.00
5038007,1015543,32,3,4.99,0.00
5038008,1015544,13,1,9.99,0.00
5038009,1015545,1,1,11.49,0.00
5038010,1015545,32,3,4.99,0.00
5038011,1015545,25,1,6.49,0.00
5038012,1015545,15,2,10.99,0.00
5038013,1015546,6,1,12.99,0.00
5038014,1015546,18,1,5.49,0.00
5038015,1015546,24,1,3.49,0.00
5038016,1015547,7,1,11.99,0.00
5038017,1015548,11,1,13.49,0.00
5038018,1015548,26,1,2.49,0.00
5038019,1015549,11,1,13.49,0.00
5038020,1015549,29,1,3.49,0.00
5038021,1015549,20,1,4.49,0.00
5038022,1015550,11,1,13.49,0.00
5038023,1015550,18,1,5.49,0.00
5038024,1015550,28,1,3.49,0.00
5038025,1015550,22,1,4.49,0.00
5038026,1015550,33,1,5.49,0.00
5038027,1015550,25,1,6.49,0.00
5038028,1015551,9,0,13.99,0.00
5038029,1015551,19,3,3.99,0.00
5038030,1015552,9,1,13.99,0.00
5038031,1015552,24,1,3.49,0.00
5038032,1015552,20,1,4.49,0.00
5038033,1015553,6,1,12.99,0.00
5038034,1015554,5,1,13.49,0.00
5038035,1015554,20,1,4.49,0.00
5038036,1015554,15,1,10.99,0.00
5038037,1015554,30,2,3.29,0.00
5038038,1015554,18,1,5.49,0.00
5038039,1015555,3,1,10.49,0.00
5038040,1015555,31,1,3.49,0.00
5038041,1015555,22,1,4.49,0.00
5038042,1015555,18,1,5.49,0.00
5038043,1015556,4,1,14.99,0.00
5038044,1015557,2,1,11.99,0.00
5038045,1015557,33,1,5.49,0.00
5038046,1015558,7,1,11.99,0.00
5038047,1015558,26,1,2.49,0.00
5038048,1015558,3,1,10.49,0.00
5038049,1015559,6,1,12.99,0.00
5038050,1015559,27,1,2.49,0.00
5038051,1015560,4,1,14.99,0.00
5038052,1015560,13,1,9.99,0.00
5038053,1015560,21,1,3.99,0.00
5038054,1015560,33,1,5.49,0.00
5038055,1015560,30,1,3.29,0.00
5038056,1015561,2,1,11.99,0.00
5038057,1015561,24,-2,3.49,0.00
5038058,1015562,1,1,11.49,0.00
5038059,1015562,19,1,3.99,0.00
5038060,1015563,15,1,10.99,0.00
5038061,1015564,6,2,12.99,0.00
5038062,1015564,30,1,3.29,0.00
5038063,1015564,31,1,3.49,0.00
5038064,1015565,8,1,12.49,0.00
5038065,1015565,34,1,4.49,0.00
5038066,1015566,2,1,11.99,0.00
5038067,1015566,18,1,5.49,0.00
5038068,1015566,21,1,3.99,0.00
5038069,1015566,25,1,6.49,0.00
5038070,1015567,7,1,11.99,0.00
5038071,1015568,11,1,13.49,0.00
5038072,1015569,10,1,10.99,0.00
5038073,1015569,23,1,3.99,0.00
5038074,1015570,14,1,10.49,0.00
5038075,1015570,33,1,5.49,0.00
5038076,1015570,34,1,4.49,0.00
5038077,1015570,19,1,3.99,0.00
5038078,1015571,3,1,10.49,0.00
5038079,1015571,19,1,3.99,0.00
5038080,1015572,3,2,10.49,0.00
5038081,1015572,30,1,3.29,0.00
5038082,1015572,20,1,4.49,0.00
5038083,1015573,1,1,11.49,0.00
5038084,1015573,30,1,3.29,0.00
5038085,1015574,1,1,11.49,0.00
5038086,1015574,18,1,5.49,0.00
5038087,1015575,7,1,11.99,0.00
5038088,1015575,28,1,3.49,0.00
5038089,1015575,21,1,3.99,0.00
5038090,1015576,7,1,11.99,0.00
5038091,1015576,19,1,3.99,0.00
5038092,1015576,26,1,2.49,0.00
5038093,1015577,14,1,10.49,0.00
5038094,1015577,29,1,3.49,0.00
5038095,1015578,13,1,9.99,0.00
5038096,1015578,34,1,4.49,0.00
5038097,1015579,13,1,9.99,0.00
5038098,1015579,24,1,3.49,0.00
5038099,1015579,32,1,4.99,0.00
5038100,1015580,4,1,14.99,0.00
5038101,1015580,18,2,5.49,0.00
5038102,1015580,27,2,2.49,0.00
5038103,1015580,21,1,3.99,0.00
5038104,1015581,9,1,13.99,0.00
5038105,1015581,19,2,3.99,0.00
5038106,1015581,22,1,4.49,0.00
5038107,1015581,29,1,3.49,0.00
5038108,1015582,16,1,10.49,0.00
5038109,1015583,5,1,13.49,0.00
5038110,1015583,22,1,4.49,0.00
5038111,1015584,9,1,13.99,0.00
5038112,1015584,29,1,3.49,0.00
5038113,1015585,16,2,10.49,0.00
5038114,1015586,14,1,10.49,0.00
5038115,1015587,5,1,13.49,0.00
5038116,1015587,20,1,4.49,0.00
5038117,1015587,27,2,2.49,0.00
5038118,1015587,22,1,4.49,0.00
5038119,1015588,3,1,10.49,0.00
5038120,1015588,20,3,4.49,0.00
5038121,1015589,7,1,11.99,0.00
5038122,1015589,26,1,2.49,0.00
5038123,1015590,1,1,11.49,0.00
5038124,1015590,29,0,3.49,0.00
5038125,1015591,1,1,11.49,0.00
5038126,1015591,14,1,10.49,0.00
5038127,1015591,26,2,2.49,0.00
5038128,1015591,18,1,5.49,0.00
5038129,1015591,21,1,3.99,0.00
5038130,1015591,22,1,4.49,0.00
5038131,1015592,13,1,9.99,0.00
5038132,1015592,22,1,4.49,0.00
5038133,1015593,4,1,14.99,0.00
5038134,1015593,25,1,6.49,0.00
5038135,1015593,30,1,3.29,0.00
5038136,1015593,28,1,3.49,0.00
5038137,1015593,18,1,5.49,0.00
5038138,1015593,21,1,3.99,0.00
5038139,1015594,6,1,12.99,0.00
5038140,1015594,18,1,5.49,0.00
5038141,1015595,8,2,12.49,0.00
5038142,1015595,29,1,3.49,0.00
5038143,1015596,2,1,11.99,0.00
5038144,1015596,21,1,3.99,0.00
5038145,1015596,11,1,13.49,0.00
5038146,1015596,27,1,2.49,0.00
5038147,1015597,6,1,12.99,0.00
5038148,1015597,23,1,3.99,0.00
5038149,1015597,26,2,2.49,0.00
5038150,1015598,11,1,13.49,0.00
5038151,1015598,33,1,5.49,0.00
5038152,1015599,5,1,13.49,0.00
5038153,1015600,3,1,10.49,0.00
5038154,1015601,16,2,10.49,0.00
5038155,1015601,26,1,2.49,0.00
5038156,1015601,25,1,6.49,0.00
5038157,1015602,1,1,11.49,0.00
5038158,1015602,27,2,2.49,0.00
5038159,1015603,9,1,13.99,0.00
5038160,1015603,26,1,2.49,0.00
5038161,1015604,8,1,12.49,0.00
5038162,1015605,2,1,11.99,0.00
5038163,1015606,9,1,13.99,0.00
5038164,1015606,27,1,2.49,0.00
5038165,1015607,4,1,14.99,0.00
5038166,1015607,29,2,3.49,0.00
5038167,1015607,27,1,2.49,0.00
5038168,1015607,33,1,5.49,0.00
5038169,1015608,6,2,12.99,0.00
5038170,1015608,23,1,3.99,0.00
5038171,1015608,30,1,3.29,0.00
5038172,1015609,15,1,10.99,0.00
5038173,1015609,32,2,4.99,0.00
5038174,1015609,34,1,4.49,0.00
5038175,1015610,16,1,10.49,0.00
5038176,1015610,24,1,3.49,0.00
5038177,1015611,3,2,10.49,0.00
5038178,1015611,22,3,4.49,0.00
5038179,1015611,34,1,4.49,0.00
5038180,1015612,8,1,12.49,0.00
5038181,1015612,28,2,3.49,0.00
5038182,1015612,31,2,3.49,0.00
5038183,1015613,9,1,13.99,0.00
5038184,1015613,33,1,5.49,0.00
5038185,1015613,27,1,2.49,0.00
5038186,1015614,9,1,13.99,0.00
5038187,1015614,8,1,12.49,0.00
5038188,1015614,26,1,2.49,0.00
5038189,1015614,29,1,3.49,0.00
5038190,1015614,27,3,2.49,0.00
5038191,1015615,4,1,14.99,0.00
5038192,1015615,20,1,4.49,0.00
5038193,1015615,30,1,3.29,0.00
5038194,1015616,7,2,11.99,0.00
5038195,1015616,34,1,4.49,0.00
5038196,1015616,5,2,13.49,0.00
5038197,1015616,32,3,4.99,0.00
5038198,1015617,1,1,11.49,0.00
5038199,1015617,34,1,4.49,0.00
5038200,1015617,20,1,4.49,0.00
5038201,1015618,6,1,12.99,0.00
5038202,1015618,21,1,3.99,0.00
5038203,1015618,33,1,5.49,0.00
5038204,1015618,27,3,2.49,0.00
5038205,1015619,5,1,13.49,0.00
5038206,1015619,13,2,9.99,0.00
5038207,1015619,31,1,3.49,0.00
5038208,1015620,6,1,12.99,0.00
5038209,1015621,6,1,12.99,0.00
5038210,1015622,3,1,10.49,0.00
5038211,1015622,27,1,2.49,0.00
5038212,1015622,8,1,12.49,0.00
5038213,1015622,32,1,4.99,0.00
5038214,1015622,21,1,3.99,0.00
5038215,1015623,11,1,13.49,0.00
5038216,1015623,34,1,4.49,0.00
5038217,1015623,20,1,4.49,0.00
5038218,1015624,5,1,13.49,0.00
5038219,1015624,20,1,4.49,0.00
5038220,1015625,16,1,10.49,0.00
5038221,1015625,31,2,3.49,0.00
5038222,1015625,22,1,4.49,0.00
5038223,1015626,9,1,13.99,0.00
5038224,1015626,18,1,5.49,0.00
5038225,1015627,2,1,11.99,0.00
5038226,1015627,20,1,4.49,0.00
5038227,1015628,1,1,11.49,0.00
5038228,1015628,21,1,3.99,0.00
5038229,1015628,29,1,3.49,0.00
5038230,1015628,26,1,2.49,0.00
5038231,1015629,10,1,10.99,0.00
5038232,1015629,28,1,3.49,0.00
5038233,1015629,8,1,12.49,0.00
5038234,1015629,1,1,11.49,0.00
5038235,1015630,1,1,11.49,0.00
5038236,1015630,24,2,3.49,0.00
5038237,1015630,21,1,3.99,0.00
5038238,1015631,11,1,13.49,0.00
5038239,1015631,18,2,5.49,0.00
5038240,1015631,35,1,2.99,0.00
5038241,1015632,9,1,13.99,0.00
5038242,1015633,5,1,13.49,0.00
5038243,1015633,3,1,10.49,0.00
5038244,1015633,29,1,3.49,0.00
5038245,1015633,33,1,5.49,0.00
5038246,1015634,10,1,10.99,0.00
5038247,1015634,11,1,13.49,0.00
5038248,1015634,28,1,3.49,0.00
5038249,1015634,8,1,12.49,0.00
5038250,1015635,3,1,10.49,0.00
5038251,1015635,33,1,5.49,0.00
5038252,1015635,27,1,2.49,0.00
5038253,1015635,30,1,3.29,0.00
5038254,1015636,8,1,12.49,0.00
5038255,1015636,26,1,2.49,0.00
5038256,1015636,25,2,6.49,0.00
5038257,1015637,8,1,12.49,0.00
5038258,1015638,7,1,11.99,0.00
5038259,1015638,4,1,14.99,0.00
5038260,1015638,18,1,5.49,0.00
5038261,1015638,29,1,3.49,0.00
5038262,1015638,25,1,6.49,0.00
5038263,1015639,8,1,12.49,0.00
5038264,1015639,5,1,13.49,0.00
5038265,1015640,5,3,13.49,0.00
5038266,1015640,26,1,2.49,0.00
5038267,1015640,29,1,3.49,0.00
5038268,1015640,23,1,3.99,0.00
5038269,1015640,27,1,2.49,0.00
5038270,1015641,1,1,11.49,0.00
5038271,1015641,26,1,2.49,0.00
5038272,1015642,14,1,10.49,0.00
5038273,1015642,22,1,4.49,0.00
5038274,1015642,29,1,3.49,0.00
5038275,1015642,20,1,4.49,0.00
5038276,1015643,13,1,9.99,0.00
5038277,1015643,30,1,3.29,0.00
5038278,1015643,26,1,2.49,0.00
5038279,1015644,1,1,11.49,0.00
5038280,1015644,21,1,3.99,0.00
5038281,1015645,3,3,10.49,0.00
5038282,1015645,27,5,2.49,0.00
5038283,1015646,9,1,13.99,0.00
5038284,1015647,5,1,13.49,0.00
5038285,1015648,14,1,10.49,0.00
5038286,1015648,26,1,2.49,0.00
5038287,1015649,9,1,13.99,0.00
5038288,1015649,18,2,5.49,0.00
5038289,1015649,20,1,4.49,0.00
5038290,1015649,27,1,2.49,0.00
5038291,1015650,11,1,13.49,0.00
5038292,1015650,26,1,2.49,0.00
5038293,1015650,28,1,3.49,0.00
5038294,1015650,27,1,2.49,0.00
5038295,1015651,8,1,12.49,0.00
5038296,1015651,23,1,3.99,0.00
5038297,1015652,13,1,9.99,0.00
5038298,1015652,18,1,5.49,0.00
5038299,1015652,25,4,6.49,0.00
5038300,1015653,9,1,13.99,0.00
5038301,1015653,19,1,3.99,0.00
5038302,1015653,26,2,2.49,0.00
5038303,1015653,28,1,3.49,0.00
5038304,1015653,32,2,4.99,0.00
5038305,1015654,2,1,11.99,0.00
5038306,1015654,32,1,4.99,0.00
5038307,1015655,7,1,11.99,0.00
5038308,1015655,15,1,10.99,0.00
5038309,1015656,8,1,12.49,0.00
5038310,1015656,18,2,5.49,0.00
5038311,1015657,9,1,13.99,0.00
5038312,1015657,26,2,2.49,0.00
5038313,1015657,11,1,13.49,0.00
5038314,1015658,8,1,12.49,0.00
5038315,1015658,18,1,5.49,0.00
5038316,1015658,22,1,4.49,0.00
5038317,1015659,11,1,13.49,0.00
5038318,1015659,23,1,3.99,0.00
5038319,1015659,27,1,2.49,0.00
5038320,1015660,13,1,9.99,0.00
5038321,1015661,15,1,10.99,0.00
5038322,1015661,27,1,2.49,0.00
5038323,1015662,3,1,10.49,0.00
5038324,1015663,11,2,13.49,0.00
5038325,1015663,33,1,5.49,0.00
5038326,1015664,11,2,13.49,0.00
5038327,1015664,18,1,5.49,0.00
5038328,1015664,30,1,3.29,0.00
5038329,1015665,5,1,13.49,0.00
5038330,1015665,2,2,11.99,0.00
5038331,1015665,18,4,5.49,0.00
5038332,1015665,28,1,3.49,0.00
5038333,1015666,7,1,11.99,0.00
5038334,1015666,35,1,2.99,0.00
5038335,1015666,24,1,3.49,0.00
5038336,1015666,25,1,6.49,0.00
5038337,1015666,26,2,2.49,0.00
5038338,1015667,10,1,10.99,0.00
5038339,1015667,18,4,5.49,0.00
5038340,1015667,30,1,3.29,0.00
5038341,1015668,4,2,14.99,0.00
5038342,1015669,2,1,11.99,0.00
5038343,1015670,6,1,12.99,0.00
5038344,1015670,32,1,4.99,0.00
5038345,1015670,9,1,13.99,0.00
5038346,1015670,20,1,4.49,0.00
5038347,1015671,11,1,13.49,0.00
5038348,1015671,27,1,2.49,0.00
5038349,1015672,2,1,11.99,0.00
5038350,1015672,31,1,3.49,0.00
5038351,1015672,30,1,3.29,0.00
5038352,1015672,23,1,3.99,0.00
5038353,1015673,2,1,11.99,0.00
5038354,1015674,7,1,11.99,0.00
5038355,1015674,29,1,3.49,0.00
5038356,1015675,1,1,11.49,0.00
5038357,1015675,21,2,3.99,0.00
5038358,1015676,12,2,18.99,0.00
5038359,1015676,24,1,3.49,0.00
5038360,1015677,14,2,10.49,0.00
5038361,1015677,26,1,2.49,0.00
5038362,1015677,23,1,3.99,0.00
5038363,1015678,3,1,10.49,0.00
5038364,1015678,27,1,2.49,0.00
5038365,1015679,10,1,10.99,0.00
5038366,1015679,19,1,3.99,0.00
5038367,1015680,5,1,13.49,0.00
5038368,1015680,28,1,3.49,0.00
5038369,1015681,5,1,13.49,0.00
5038370,1015681,28,1,3.49,0.00
5038371,1015681,21,1,3.99,0.00
5038372,1015681,30,2,3.29,0.00
5038373,1015682,6,1,12.99,0.00
5038374,1015682,23,1,3.99,0.00
5038375,1015682,27,2,2.49,0.00
5038376,1015683,15,1,10.99,0.00
5038377,1015683,18,1,5.49,0.00
5038378,1015683,22,2,4.49,0.00
5038379,1015684,2,1,11.99,0.00
5038380,1015684,11,1,13.49,0.00
5038381,1015684,30,1,3.29,0.00
5038382,1015684,23,1,3.99,0.00
5038383,1015685,9,1,13.99,0.00
5038384,1015685,19,1,3.99,0.00
5038385,1015685,29,1,3.49,0.00
5038386,1015686,13,1,9.99,0.00
5038387,1015686,21,1,3.99,0.00
5038388,1015686,19,1,3.99,0.00
5038389,1015686,32,1,4.99,0.00
5038390,1015686,31,1,3.49,0.00
5038391,1015686,20,1,4.49,0.00
5038392,1015687,4,1,14.99,0.00
5038393,1015687,21,1,3.99,0.00
5038394,1015687,25,1,6.49,0.00
5038395,1015688,5,1,13.49,0.00
5038396,1015688,6,1,12.99,0.00
5038397,1015688,26,1,2.49,0.00
5038398,1015689,3,1,10.49,0.00
5038399,1015689,29,1,3.49,0.00
5038400,1015689,34,1,4.49,0.00
5038401,1015690,1,1,11.49,0.00
5038402,1015690,30,1,3.29,0.00
5038403,1015690,25,1,6.49,0.00
5038404,1015691,8,1,12.49,0.00
5038405,1015691,18,2,5.49,0.00
5038406,1015692,15,1,10.99,0.00
5038407,1015692,22,1,4.49,0.00
5038408,1015693,15,1,10.99,0.00
5038409,1015693,25,1,6.49,0.00
5038410,1015693,26,2,2.49,0.00
5038411,1015694,3,1,10.49,0.00
5038412,1015694,31,1,3.49,0.00
5038413,1015695,1,1,11.49,0.00
5038414,1015695,4,1,14.99,0.00
5038415,1015695,3,3,10.49,0.00
5038416,1015696,6,2,12.99,0.00
5038417,1015696,1,1,11.49,0.00
5038418,1015696,34,1,4.49,0.00
5038419,1015696,18,1,5.49,0.00
5038420,1015697,1,2,11.49,0.00
5038421,1015697,26,1,2.49,0.00
5038422,1015697,23,1,3.99,0.00
5038423,1015698,1,1,11.49,0.00
5038424,1015699,11,2,13.49,0.00
5038425,1015699,30,1,3.29,0.00
5038426,1015700,5,1,13.49,0.00
5038427,1015700,20,1,4.49,0.00
5038428,1015700,23,1,3.99,0.00
5038429,1015700,18,1,5.49,0.00
5038430,1015701,16,1,10.49,0.00
5038431,1015701,23,2,3.99,0.00
5038432,1015702,10,1,10.99,0.00
5038433,1015702,27,1,2.49,0.00
5038434,1015702,20,1,4.49,0.00
5038435,1015702,28,1,3.49,0.00
5038436,1015703,6,1,12.99,0.00
5038437,1015704,1,1,11.49,0.00
5038438,1015704,19,1,3.99,0.00
5038439,1015705,9,1,13.99,0.00
5038440,1015706,13,1,9.99,0.00
5038441,1015706,27,1,2.49,0.00
5038442,1015707,8,1,12.49,0.00
5038443,1015707,26,1,2.49,0.00
5038444,1015708,2,1,11.99,0.00
5038445,1015708,24,1,3.49,0.00
5038446,1015709,4,1,14.99,0.00
5038447,1015709,28,1,3.49,0.00
5038448,1015709,33,1,5.49,0.00
5038449,1015710,7,1,11.99,0.00
5038450,1015710,26,5,2.49,0.00
5038451,1015711,1,2,11.49,0.00
5038452,1015711,29,1,3.49,0.00
5038453,1015712,3,1,10.49,0.00
5038454,1015713,14,1,10.49,0.00
5038455,1015714,1,2,11.49,0.00
5038456,1015714,22,1,4.49,0.00
5038457,1015714,32,1,4.99,0.00
5038458,1015714,26,1,2.49,0.00
5038459,1015715,2,1,11.99,0.00
5038460,1015715,18,2,5.49,0.00
5038461,1015715,31,1,3.49,0.00
5038462,1015716,14,-1,10.49,0.00
5038463,1015716,33,1,5.49,0.00
5038464,1015717,12,1,18.99,0.00
5038465,1015717,20,1,4.49,0.00
5038466,1015717,30,1,3.29,0.00
5038467,1015718,1,2,11.49,0.00
5038468,1015718,18,1,5.49,0.00
5038469,1015718,26,1,2.49,0.00
5038470,1015718,20,1,4.49,0.00
5038471,1015719,7,1,11.99,0.00
5038472,1015719,28,1,3.49,0.00
5038473,1015719,27,1,2.49,0.00
5038474,1015720,9,1,13.99,0.00
5038475,1015720,18,1,5.49,0.00
5038476,1015720,23,1,3.99,0.00
5038477,1015721,5,1,13.49,0.00
5038478,1015721,18,1,5.49,0.00
5038479,1015722,7,1,11.99,0.00
5038480,1015722,22,1,4.49,0.00
5038481,1015722,23,1,3.99,0.00
5038482,1015723,11,1,13.49,0.00
5038483,1015723,25,2,6.49,0.00
5038484,1015723,28,1,3.49,0.00
5038485,1015723,31,1,3.49,0.00
5038486,1015724,1,2,11.49,0.00
5038487,1015724,32,1,4.99,0.00
5038488,1015724,9,1,13.99,0.00
5038489,1015725,8,1,12.49,0.00
5038490,1015725,31,1,3.49,0.00
5038491,1015726,8,1,12.49,0.00
5038492,1015726,4,1,14.99,0.00
5038493,1015726,27,1,2.49,0.00
5038494,1015726,22,1,4.49,0.00
5038495,1015727,3,1,10.49,0.00
5038496,1015728,11,1,13.49,0.00
5038497,1015728,26,1,2.49,0.00
5038498,1015728,30,2,3.29,0.00
5038499,1015729,10,2,10.99,0.00
5038500,1015729,30,1,3.29,0.00
5038501,1015730,13,1,9.99,0.00
5038502,1015730,24,1,3.49,0.00
5038503,1015730,18,1,5.49,0.00
5038504,1015731,3,1,10.49,0.00
5038505,1015731,1,1,11.49,0.00
5038506,1015731,28,1,3.49,0.00
5038507,1015732,11,1,13.49,0.00
5038508,1015732,23,2,3.99,0.00
5038509,1015733,3,1,10.49,0.00
5038510,1015733,26,1,2.49,0.00
5038511,1015733,25,2,6.49,0.00
5038512,1015734,13,1,9.99,0.00
5038513,1015734,29,1,3.49,0.00
5038514,1015734,19,1,3.99,0.00
5038515,1015734,30,1,3.29,0.00
5038516,1015735,4,1,14.99,0.00
5038517,1015736,10,2,10.99,0.00
5038518,1015736,28,1,3.49,0.00
5038519,1015736,27,2,2.49,0.00
5038520,1015737,3,1,10.49,0.00
5038521,1015737,26,1,2.49,0.00
5038522,1015737,27,-1,2.49,0.00
5038523,1015738,12,1,18.99,0.00
5038524,1015739,4,2,14.99,0.00
5038525,1015739,26,1,2.49,0.00
5038526,1015739,8,1,12.49,0.00
5038527,1015740,2,1,11.99,0.00
5038528,1015741,8,2,12.49,0.00
5038529,1015741,27,1,2.49,0.00
5038530,1015742,1,1,11.49,0.00
5038531,1015742,26,1,2.49,0.00
5038532,1015743,8,1,12.49,0.00
5038533,1015743,22,1,4.49,0.00
5038534,1015744,2,1,11.99,0.00
5038535,1015744,25,1,6.49,0.00
5038536,1015744,20,1,4.49,0.00
5038537,1015745,5,1,13.49,0.00
5038538,1015745,27,1,2.49,0.00
5038539,1015745,28,1,3.49,0.00
5038540,1015746,13,1,9.99,0.00
5038541,1015746,20,1,4.49,0.00
5038542,1015746,27,1,2.49,0.00
5038543,1015746,26,1,2.49,0.00
5038544,1015747,15,2,10.99,0.00
5038545,1015747,26,1,2.49,0.00
5038546,1015747,30,1,3.29,0.00
5038547,1015747,28,1,3.49,0.00
5038548,1015748,5,1,13.49,0.00
5038549,1015748,27,1,2.49,0.00
5038550,1015749,14,1,10.49,0.00
5038551,1015749,5,1,13.49,0.00
5038552,1015750,11,1,13.49,0.00
5038553,1015750,8,1,12.49,0.00
5038554,1015751,10,1,10.99,0.00
5038555,1015751,27,1,2.49,0.00
5038556,1015752,8,1,12.49,0.00
5038557,1015752,19,1,3.99,0.00
5038558,1015752,21,0,3.99,0.00
5038559,1015752,11,1,13.49,0.00
5038560,1015753,4,1,14.99,0.00
5038561,1015753,20,2,4.49,0.00
5038562,1015754,11,1,13.49,0.00
5038563,1015754,34,1,4.49,0.00
5038564,1015755,7,1,11.99,0.00
5038565,1015756,9,1,13.99,0.00
5038566,1015756,31,1,3.49,0.00
5038567,1015757,5,1,13.49,0.00
5038568,1015757,27,1,2.49,0.00
5038569,1015758,15,3,10.99,0.00
5038570,1015758,1,1,11.49,0.00
5038571,1015758,34,1,4.49,0.00
5038572,1015758,28,3,3.49,0.00
5038573,1015759,5,1,13.49,0.00
5038574,1015759,26,1,2.49,0.00
5038575,1015760,3,3,10.49,0.00
5038576,1015760,24,1,3.49,0.00
5038577,1015760,27,1,2.49,0.00
5038578,1015761,12,1,18.99,0.00
5038579,1015761,18,3,5.49,0.00
5038580,1015761,25,1,6.49,0.00
5038581,1015762,4,1,14.99,0.00
5038582,1015762,15,1,10.99,0.00
5038583,1015762,21,1,3.99,0.00
5038584,1015762,34,1,4.49,0.00
5038585,1015763,6,1,12.99,0.00
5038586,1015764,2,1,11.99,0.00
5038587,1015765,14,1,10.49,0.00
5038588,1015765,28,1,3.49,0.00
5038589,1015765,23,1,3.99,0.00
5038590,1015765,26,1,2.49,0.00
5038591,1015766,16,1,10.49,0.00
5038592,1015766,33,1,5.49,0.00
5038593,1015766,28,3,3.49,0.00
5038594,1015767,13,1,9.99,0.00
5038595,1015768,1,1,11.49,0.00
5038596,1015768,5,1,13.49,0.00
5038597,1015768,18,1,5.49,0.00
5038598,1015769,8,1,12.49,0.00
5038599,1015769,22,1,4.49,0.00
5038600,1015769,2,2,11.99,0.00
5038601,1015770,10,2,10.99,0.00
5038602,1015770,32,1,4.99,0.00
5038603,1015771,5,2,13.49,0.00
5038604,1015771,27,1,2.49,0.00
5038605,1015772,3,1,10.49,0.00
5038606,1015772,32,1,4.99,0.00
5038607,1015772,25,1,6.49,0.00
5038608,1015773,5,1,13.49,0.00
5038609,1015773,23,1,3.99,0.00
5038610,1015774,13,1,9.99,0.00
5038611,1015775,6,1,12.99,0.00
5038612,1015775,18,1,5.49,0.00
5038613,1015776,13,3,9.99,0.00
5038614,1015776,23,1,3.99,0.00
5038615,1015776,20,1,4.49,0.00
5038616,1015777,14,1,10.49,0.00
5038617,1015777,26,2,2.49,0.00
5038618,1015777,18,1,5.49,0.00
5038619,1015777,31,2,3.49,0.00
5038620,1015777,28,3,3.49,0.00
5038621,1015778,1,1,11.49,0.00
5038622,1015778,23,2,3.99,0.00
5038623,1015778,5,1,13.49,0.00
5038624,1015778,19,1,3.99,0.00
5038625,1015779,4,2,14.99,0.00
5038626,1015779,25,1,6.49,0.00
5038627,1015779,26,1,2.49,0.00
5038628,1015780,5,1,13.49,0.00
5038629,1015781,1,2,11.49,0.00
5038630,1015781,2,1,11.99,0.00
5038631,1015781,20,1,4.49,0.00
5038632,1015781,22,2,4.49,0.00
5038633,1015782,8,1,12.49,0.00
5038634,1015782,19,1,3.99,0.00
5038635,1015782,35,1,2.99,0.00
5038636,1015783,8,1,12.49,0.00
5038637,1015783,29,1,3.49,0.00
5038638,1015783,21,1,3.99,0.00
5038639,1015784,3,1,10.49,0.00
5038640,1015784,22,1,4.49,0.00
5038641,1015784,32,1,4.99,0.00
5038642,1015785,9,1,13.99,0.00
5038643,1015785,20,1,4.49,0.00
5038644,1015786,6,1,12.99,0.00
5038645,1015786,27,1,2.49,0.00
5038646,1015786,19,1,3.99,0.00
5038647,1015787,8,3,12.49,0.00
5038648,1015787,21,1,3.99,0.00
5038649,1015788,3,1,10.49,0.00
5038650,1015788,26,1,2.49,0.00
5038651,1015788,28,1,3.49,0.00
5038652,1015789,4,1,14.99,0.00
5038653,1015789,27,3,2.49,0.00
5038654,1015790,8,1,12.49,0.00
5038655,1015791,2,1,11.99,0.00
5038656,1015791,34,1,4.49,0.00
5038657,1015791,23,1,3.99,0.00
5038658,1015792,9,1,13.99,0.00
5038659,1015792,22,2,4.49,0.00
5038660,1015793,2,1,11.99,0.00
5038661,1015793,22,2,4.49,0.00
5038662,1015794,9,1,13.99,0.00
5038663,1015794,20,1,4.49,0.00
5038664,1015794,26,1,2.49,0.00
5038665,1015794,27,1,2.49,0.00
5038666,1015795,13,1,9.99,0.00
5038667,1015795,22,1,4.49,0.00
5038668,1015795,24,1,3.49,0.00
5038669,1015796,2,1,11.99,0.00
5038670,1015797,8,1,12.49,0.00
5038671,1015797,18,1,5.49,0.00
5038672,1015797,32,1,4.99,0.00
5038673,1015797,33,1,5.49,0.00
5038674,1015798,6,1,12.99,0.00
5038675,1015799,11,1,13.49,0.00
5038676,1015799,32,1,4.99,0.00
5038677,1015800,7,1,11.99,0.00
5038678,1015800,22,1,4.49,0.00
5038679,1015800,23,1,3.99,0.00
5038680,1015801,2,3,11.99,0.00
5038681,1015801,4,1,14.99,0.00
5038682,1015802,1,1,11.49,0.00
5038683,1015802,25,1,6.49,0.00
5038684,1015802,8,-1,12.49,0.00
5038685,1015802,35,1,2.99,0.00
5038686,1015802,34,1,4.49,0.00
5038687,1015802,19,1,3.99,0.00
5038688,1015803,2,1,11.99,0.00
5038689,1015804,11,1,13.49,0.00
5038690,1015805,8,1,12.49,0.00
5038691,1015805,26,1,2.49,0.00
5038692,1015805,27,1,2.49,0.00
5038693,1015806,8,1,12.49,0.00
5038694,1015806,33,1,5.49,0.00
5038695,1015807,5,1,13.49,0.00
5038696,1015807,18,2,5.49,0.00
5038697,1015807,21,2,3.99,0.00
5038698,1015807,29,3,3.49,0.00
5038699,1015808,15,1,10.99,0.00
5038700,1015808,19,1,3.99,0.00
5038701,1015808,29,1,3.49,0.00
5038702,1015809,4,1,14.99,0.00
5038703,1015810,7,1,11.99,0.00
5038704,1015810,1,1,11.49,0.00
5038705,1015810,27,1,2.49,0.00
5038706,1015811,11,1,13.49,0.00
5038707,1015811,30,1,3.29,0.00
5038708,1015811,26,1,2.49,0.00
5038709,1015812,10,1,10.99,0.00
5038710,1015813,5,1,13.49,0.00
5038711,1015814,11,1,13.49,0.00
5038712,1015815,5,1,13.49,0.00
5038713,1015816,9,1,13.99,0.00
5038714,1015816,29,2,3.49,0.00
5038715,1015816,31,2,3.49,0.00
5038716,1015817,2,1,11.99,0.00
5038717,1015818,10,1,10.99,0.00
5038718,1015818,32,1,4.99,0.00
5038719,1015818,20,1,4.49,0.00
5038720,1015818,18,1,5.49,0.00
5038721,1015819,10,1,10.99,0.00
5038722,1015819,18,1,5.49,0.00
5038723,1015820,11,2,13.49,0.00
5038724,1015820,23,1,3.99,0.00
5038725,1015821,15,1,10.99,0.00
5038726,1015821,21,1,3.99,0.00
5038727,1015821,26,2,2.49,0.00
5038728,1015822,8,1,12.49,0.00
5038729,1015823,5,3,13.49,0.00
5038730,1015823,16,1,10.49,0.00
5038731,1015824,7,1,11.99,0.00
5038732,1015825,2,1,11.99,0.00
5038733,1015825,32,1,4.99,0.00
5038734,1015826,1,1,11.49,0.00
5038735,1015827,4,1,14.99,0.00
5038736,1015827,34,1,4.49,0.00
5038737,1015827,26,1,2.49,0.00
5038738,1015827,16,1,10.49,0.00
5038739,1015828,2,1,11.99,0.00
5038740,1015829,6,1,12.99,0.00
5038741,1015829,12,1,18.99,0.00
5038742,1015829,26,1,2.49,0.00
5038743,1015830,8,1,12.49,0.00
5038744,1015831,5,1,13.49,0.00
5038745,1015831,27,1,2.49,0.00
5038746,1015831,31,1,3.49,0.00
5038747,1015832,12,1,18.99,0.00
5038748,1015832,26,1,2.49,0.00
5038749,1015833,3,1,10.49,0.00
5038750,1015834,6,2,12.99,0.00
5038751,1015834,19,1,3.99,0.00
5038752,1015835,14,1,10.49,0.00
5038753,1015835,7,1,11.99,0.00
5038754,1015835,26,1,2.49,0.00
5038755,1015836,1,1,11.49,0.00
5038756,1015836,30,1,3.29,0.00
5038757,1015837,12,1,18.99,0.00
5038758,1015837,26,2,2.49,0.00
5038759,1015837,18,1,5.49,0.00
5038760,1015837,23,1,3.99,0.00
5038761,1015838,6,1,12.99,0.00
5038762,1015839,5,1,13.49,0.00
5038763,1015839,26,1,2.49,0.00
5038764,1015839,35,1,2.99,0.00
5038765,1015840,2,1,11.99,0.00
5038766,1015840,23,1,3.99,0.00
5038767,1015841,7,1,11.99,0.00
5038768,1015841,12,1,18.99,0.00
5038769,1015842,8,2,12.49,0.00
5038770,1015842,32,1,4.99,0.00
5038771,1015843,2,1,11.99,0.00
5038772,1015843,20,1,4.49,0.00
5038773,1015844,3,1,10.49,0.00
5038774,1015844,21,1,3.99,0.00
5038775,1015844,28,1,3.49,0.00
5038776,1015845,8,1,12.49,0.00
5038777,1015845,31,1,3.49,0.00
5038778,1015845,20,1,4.49,0.00
5038779,1015846,1,3,11.49,0.00
5038780,1015847,4,1,14.99,0.00
5038781,1015847,23,1,3.99,0.00
5038782,1015847,32,1,4.99,0.00
5038783,1015847,21,1,3.99,0.00
5038784,1015848,13,1,9.99,0.00
5038785,1015848,31,1,3.49,0.00
5038786,1015849,1,1,11.49,0.00
5038787,1015849,8,1,12.49,0.00
5038788,1015849,33,1,5.49,0.00
5038789,1015850,9,1,13.99,0.00
5038790,1015850,21,1,3.99,0.00
5038791,1015850,27,1,2.49,0.00
5038792,1015850,5,1,13.49,0.00
5038793,1015850,34,3,4.49,0.00
5038794,1015851,13,2,9.99,0.00
5038795,1015851,29,1,3.49,0.00
5038796,1015852,16,1,10.49,0.00
5038797,1015852,9,1,13.99,0.00
5038798,1015853,7,1,11.99,0.00
5038799,1015853,31,1,3.49,0.00
5038800,1015854,14,2,10.49,0.00
5038801,1015854,3,1,10.49,0.00
5038802,1015855,1,1,11.49,0.00
5038803,1015855,30,1,3.29,0.00
5038804,1015855,18,1,5.49,0.00
5038805,1015856,8,1,12.49,0.00
5038806,1015857,8,1,12.49,0.00
5038807,1015857,20,1,4.49,0.00
5038808,1015858,8,1,12.49,0.00
5038809,1015859,16,1,10.49,0.00
5038810,1015859,33,1,5.49,0.00
5038811,1015860,3,1,10.49,0.00
5038812,1015860,22,1,4.49,0.00
5038813,1015860,18,1,5.49,0.00
5038814,1015861,8,1,12.49,0.00
5038815,1015862,6,3,12.99,0.00
5038816,1015862,22,1,4.49,0.00
5038817,1015863,6,1,12.99,0.00
5038818,1015864,14,2,10.49,0.00
5038819,1015864,27,1,2.49,0.00
5038820,1015865,4,1,14.99,0.00
5038821,1015865,1,1,11.49,0.00
5038822,1015866,3,1,10.49,0.00
5038823,1015866,30,1,3.29,0.00
5038824,1015866,18,1,5.49,0.00
5038825,1015866,31,1,3.49,0.00
5038826,1015866,20,1,4.49,0.00
5038827,1015867,3,2,10.49,0.00
5038828,1015867,19,1,3.99,0.00
5038829,1015867,34,1,4.49,0.00
5038830,1015868,9,1,13.99,0.00
5038831,1015868,33,1,5.49,0.00
5038832,1015868,26,1,2.49,0.00
5038833,1015868,18,1,5.49,0.00
5038834,1015868,30,2,3.29,0.00
5038835,1015869,9,1,13.99,0.00
5038836,1015869,23,1,3.99,0.00
5038837,1015869,21,1,3.99,0.00
5038838,1015870,10,2,10.99,0.00
5038839,1015870,32,1,4.99,0.00
5038840,1015871,13,1,9.99,0.00
5038841,1015872,11,2,13.49,0.00
5038842,1015873,8,3,12.49,0.00
5038843,1015873,25,1,6.49,0.00
5038844,1015873,30,1,3.29,0.00
5038845,1015874,1,1,11.49,0.00
5038846,1015875,10,1,10.99,0.00
5038847,1015875,29,1,3.49,0.00
5038848,1015876,7,3,11.99,0.00
5038849,1015876,22,1,4.49,0.00
5038850,1015876,29,1,3.49,0.00
5038851,1015877,1,1,11.49,0.00
5038852,1015878,9,2,13.99,0.00
5038853,1015878,32,2,4.99,0.00
5038854,1015879,11,3,13.49,0.00
5038855,1015879,27,1,2.49,0.00
5038856,1015879,28,1,3.49,0.00
5038857,1015880,11,1,13.49,0.00
5038858,1015880,26,1,2.49,0.00
5038859,1015881,2,3,11.99,0.00
5038860,1015882,1,1,11.49,0.00
5038861,1015883,13,2,9.99,0.00
5038862,1015884,7,1,11.99,0.00
5038863,1015884,35,1,2.99,0.00
5038864,1015884,27,1,2.49,0.00
5038865,1015884,18,1,5.49,0.00
5038866,1015885,4,2,14.99,0.00
5038867,1015886,7,1,11.99,0.00
5038868,1015887,6,1,12.99,0.00
5038869,1015887,21,1,3.99,0.00
5038870,1015887,23,1,3.99,0.00
5038871,1015888,16,1,10.49,0.00
5038872,1015888,35,1,2.99,0.00
5038873,1015888,18,1,5.49,0.00
5038874,1015889,5,1,13.49,0.00
5038875,1015889,1,1,11.49,0.00
5038876,1015890,5,2,13.49,0.00
5038877,1015891,8,1,12.49,0.00
5038878,1015891,4,1,14.99,0.00
5038879,1015892,11,1,13.49,0.00
5038880,1015892,28,1,3.49,0.00
5038881,1015892,34,1,4.49,0.00
5038882,1015892,29,1,3.49,0.00
5038883,1015893,11,1,13.49,0.00
5038884,1015893,31,1,3.49,0.00
5038885,1015894,9,2,13.99,0.00
5038886,1015895,8,1,12.49,0.00
5038887,1015895,27,1,2.49,0.00
5038888,1015896,16,2,10.49,0.00
5038889,1015896,25,1,6.49,0.00
5038890,1015897,10,3,10.99,0.00
5038891,1015897,30,3,3.29,0.00
5038892,1015897,18,5,5.49,0.00
5038893,1015897,21,1,3.99,0.00
5038894,1015897,8,1,12.49,0.00
5038895,1015898,8,1,12.49,0.00
5038896,1015898,22,1,4.49,0.00
5038897,1015898,20,1,4.49,0.00
5038898,1015899,13,1,9.99,0.00
5038899,1015899,21,1,3.99,0.00
5038900,1015900,5,1,13.49,0.00
5038901,1015900,8,1,12.49,0.00
5038902,1015900,25,2,6.49,0.00
5038903,1015901,3,1,10.49,0.00
5038904,1015901,30,1,3.29,0.00
5038905,1015902,4,1,14.99,0.00
5038906,1015903,4,1,14.99,0.00
5038907,1015903,14,1,10.49,0.00
5038908,1015904,2,1,11.99,0.00
5038909,1015905,5,1,13.49,0.00
5038910,1015905,3,1,10.49,0.00
5038911,1015905,4,1,14.99,0.00
5038912,1015906,2,1,11.99,0.00
5038913,1015906,27,1,2.49,0.00
5038914,1015906,26,2,2.49,0.00
5038915,1015907,14,2,10.49,0.00
5038916,1015907,19,1,3.99,0.00
5038917,1015907,27,1,2.49,0.00
5038918,1015908,2,1,11.99,0.00
5038919,1015908,11,1,13.49,0.00
5038920,1015908,20,1,4.49,0.00
5038921,1015909,10,2,10.99,0.00
5038922,1015909,28,1,3.49,0.00
5038923,1015910,10,1,10.99,0.00
5038924,1015910,26,1,2.49,0.00
5038925,1015910,19,1,3.99,0.00
5038926,1015911,2,3,11.99,0.00
5038927,1015912,6,3,12.99,0.00
5038928,1015912,28,1,3.49,0.00
5038929,1015912,22,1,4.49,0.00
5038930,1015913,6,1,12.99,0.00
5038931,1015913,33,2,5.49,0.00
5038932,1015914,3,1,10.49,0.00
5038933,1015914,22,1,4.49,0.00
5038934,1015915,16,1,10.49,0.00
5038935,1015916,11,2,13.49,0.00
5038936,1015916,31,2,3.49,0.00
5038937,1015917,11,2,13.49,0.00
5038938,1015918,2,2,11.99,0.00
5038939,1015919,12,2,18.99,0.00
5038940,1015920,9,1,13.99,0.00
5038941,1015920,33,0,5.49,0.00
5038942,1015920,19,1,3.99,0.00
5038943,1015921,12,1,18.99,0.00
5038944,1015921,33,1,5.49,0.00
5038945,1015921,26,2,2.49,0.00
5038946,1015921,11,2,13.49,0.00
5038947,1015922,5,1,13.49,0.00
5038948,1015922,29,1,3.49,0.00
5038949,1015922,28,2,3.49,0.00
5038950,1015923,9,1,13.99,0.00
5038951,1015924,6,1,12.99,0.00
5038952,1015924,19,1,3.99,0.00
5038953,1015924,31,1,3.49,0.00
5038954,1015924,32,1,4.99,0.00
5038955,1015924,24,2,3.49,0.00
5038956,1015924,12,1,18.99,0.00
5038957,1015925,1,1,11.49,0.00
5038958,1015925,29,1,3.49,0.00
5038959,1015926,8,1,12.49,0.00
5038960,1015926,28,1,3.49,0.00
5038961,1015927,4,1,14.99,0.00
5038962,1015928,1,1,11.49,0.00
5038963,1015929,13,1,9.99,0.00
5038964,1015929,34,1,4.49,0.00
5038965,1015929,16,1,10.49,0.00
5038966,1015930,1,3,11.49,0.00
5038967,1015930,27,1,2.49,0.00
5038968,1015930,26,1,2.49,0.00
5038969,1015931,7,1,11.99,0.00
5038970,1015932,3,1,10.49,0.00
5038971,1015932,26,3,2.49,0.00
5038972,1015932,30,2,3.29,0.00
5038973,1015933,12,1,18.99,0.00
5038974,1015933,34,1,4.49,0.00
5038975,1015934,6,1,12.99,0.00
5038976,1015934,18,1,5.49,0.00
5038977,1015934,23,1,3.99,0.00
5038978,1015935,4,2,14.99,0.00
5038979,1015935,22,1,4.49,0.00
5038980,1015935,24,1,3.49,0.00
5038981,1015935,25,1,6.49,0.00
5038982,1015936,11,1,13.49,0.00
5038983,1015936,19,1,3.99,0.00
5038984,1015936,28,1,3.49,0.00
5038985,1015936,30,1,3.29,0.00
5038986,1015936,27,1,2.49,0.00
5038987,1015937,8,1,12.49,0.00
5038988,1015937,30,1,3.29,0.00
5038989,1015937,1,1,11.49,0.00
5038990,1015938,8,1,12.49,0.00
5038991,1015938,32,1,4.99,0.00
5038992,1015938,22,1,4.49,0.00
5038993,1015939,6,1,12.99,0.00
5038994,1015939,27,1,2.49,0.00
5038995,1015939,31,1,3.49,0.00
5038996,1015939,19,1,3.99,0.00
5038997,1015940,10,1,10.99,0.00
5038998,1015940,30,2,3.29,0.00
5038999,1015940,28,2,3.49,0.00
5039000,1015940,26,1,2.49,0.00
5039001,1015941,16,1,10.49,0.00
5039002,1015941,9,1,13.99,0.00
5039003,1015941,23,2,3.99,0.00
5039004,1015941,29,3,3.49,0.00
5039005,1015942,1,1,11.49,0.00
5039006,1015942,22,1,4.49,0.00
5039007,1015943,2,1,11.99,0.00
5039008,1015943,20,1,4.49,0.00
5039009,1015943,31,1,3.49,0.00
5039010,1015943,34,1,4.49,0.00
5039011,1015944,14,1,10.49,0.00
5039012,1015945,3,1,10.49,0.00
5039013,1015946,2,1,11.99,0.00
5039014,1015946,23,2,3.99,0.00
5039015,1015947,5,2,13.49,0.00
5039016,1015948,7,2,11.99,0.00
5039017,1015948,14,1,10.49,0.00
5039018,1015948,18,1,5.49,0.00
5039019,1015948,21,1,3.99,0.00
5039020,1015949,16,1,10.49,0.00
5039021,1015950,3,1,10.49,0.00
5039022,1015950,23,1,3.99,0.00
5039023,1015951,10,1,10.99,0.00
5039024,1015952,15,1,10.99,0.00
5039025,1015952,26,3,2.49,0.00
5039026,1015953,2,1,11.99,0.00
5039027,1015954,10,1,10.99,0.00
5039028,1015954,4,1,14.99,0.00
5039029,1015955,10,1,10.99,0.00
5039030,1015955,33,1,5.49,0.00
5039031,1015955,27,1,2.49,0.00
5039032,1015956,1,2,11.49,0.00
5039033,1015956,26,1,2.49,0.00
5039034,1015956,25,1,6.49,0.00
5039035,1015956,27,1,2.49,0.00
5039036,1015957,8,2,12.49,0.00
5039037,1015958,6,1,12.99,0.00
5039038,1015958,22,1,4.49,0.00
5039039,1015959,11,1,13.49,0.00
5039040,1015959,31,1,3.49,0.00
5039041,1015959,33,2,5.49,0.00
5039042,1015959,25,1,6.49,0.00
5039043,1015959,7,1,11.99,0.00
5039044,1015960,14,1,10.49,0.00
5039045,1015961,13,2,9.99,0.00
5039046,1015962,11,1,13.49,0.00
5039047,1015962,18,2,5.49,0.00
5039048,1015962,21,1,3.99,0.00
5039049,1015963,1,1,11.49,0.00
5039050,1015963,26,1,2.49,0.00
5039051,1015963,20,1,4.49,0.00
5039052,1015963,3,1,10.49,0.00
5039053,1015964,8,1,12.49,0.00
5039054,1015964,30,1,3.29,0.00
5039055,1015965,4,1,14.99,0.00
5039056,1015966,5,1,13.49,0.00
5039057,1015966,33,1,5.49,0.00
5039058,1015967,6,1,12.99,0.00
5039059,1015967,30,1,3.29,0.00
5039060,1015967,18,3,5.49,0.00
5039061,1015968,5,1,13.49,0.00
5039062,1015968,27,1,2.49,0.00
5039063,1015969,4,1,14.99,0.00
5039064,1015970,9,1,13.99,0.00
5039065,1015970,20,1,4.49,0.00
5039066,1015971,11,1,13.49,0.00
5039067,1015971,18,1,5.49,0.00
5039068,1015971,30,1,3.29,0.00
5039069,1015972,3,1,10.49,0.00
5039070,1015973,7,1,11.99,0.00
5039071,1015973,11,1,13.49,0.00
5039072,1015974,1,1,11.49,0.00
5039073,1015974,27,1,2.49,0.00
5039074,1015975,11,1,13.49,0.00
5039075,1015975,3,1,10.49,0.00
5039076,1015975,26,2,2.49,0.00
5039077,1015975,21,1,3.99,0.00
5039078,1015975,30,1,3.29,0.00
5039079,1015976,1,1,11.49,0.00
5039080,1015976,24,1,3.49,0.00
5039081,1015977,1,1,11.49,0.00
5039082,1015978,15,1,10.99,0.00
5039083,1015978,8,1,12.49,0.00
5039084,1015979,10,1,10.99,0.00
5039085,1015980,3,1,10.49,0.00
5039086,1015981,9,2,13.99,0.00
5039087,1015981,30,1,3.29,0.00
5039088,1015981,27,1,2.49,0.00
5039089,1015982,4,1,14.99,0.00
5039090,1015983,4,1,14.99,0.00
5039091,1015983,28,1,3.49,0.00
5039092,1015984,7,1,11.99,0.00
5039093,1015984,24,1,3.49,0.00
5039094,1015985,9,1,13.99,0.00
5039095,1015985,22,1,4.49,0.00
5039096,1015985,18,1,5.49,0.00
5039097,1015985,25,1,6.49,0.00
5039098,1015986,2,2,11.99,0.00
5039099,1015987,4,1,14.99,0.00
5039100,1015988,8,1,12.49,0.00
5039101,1015988,26,2,2.49,0.00
5039102,1015989,5,1,13.49,0.00
5039103,1015989,27,1,2.49,0.00
5039104,1015989,30,1,3.29,0.00
5039105,1015990,12,1,18.99,0.00
5039106,1015990,31,1,3.49,0.00
5039107,1015990,27,1,2.49,0.00
5039108,1015991,8,2,12.49,0.00
5039109,1015992,4,1,14.99,0.00
5039110,1015992,26,1,2.49,0.00
5039111,1015992,27,3,2.49,0.00
5039112,1015993,1,1,11.49,0.00
5039113,1015993,10,1,10.99,0.00
5039114,1015994,2,1,11.99,0.00
5039115,1015994,24,-1,3.49,0.00
5039116,1015994,11,1,13.49,0.00
5039117,1015995,3,1,10.49,0.00
5039118,1015995,22,1,4.49,0.00
5039119,1015996,4,1,14.99,0.00
5039120,1015997,2,1,11.99,0.00
5039121,1015997,29,1,3.49,0.00
5039122,1015997,25,1,6.49,0.00
5039123,1015997,26,1,2.49,0.00
5039124,1015998,3,1,10.49,0.00
5039125,1015998,27,1,2.49,0.00
5039126,1015999,9,1,13.99,0.00
5039127,1016000,2,1,11.99,0.00
5039128,1016000,15,1,10.99,0.00
5039129,1016001,12,1,18.99,0.00
5039130,1016002,3,2,10.49,0.00
5039131,1016002,26,1,2.49,0.00
5039132,1016003,6,2,12.99,0.00
5039133,1016003,26,3,2.49,0.00
5039134,1016003,28,1,3.49,0.00
5039135,1016003,33,1,5.49,0.00
5039136,1016004,11,2,13.49,0.00
5039137,1016005,11,1,13.49,0.00
5039138,1016005,26,1,2.49,0.00
5039139,1016005,19,1,3.99,0.00
5039140,1016006,4,2,14.99,0.00
5039141,1016006,3,1,10.49,0.00
5039142,1016006,27,2,2.49,0.00
5039143,1016007,7,3,11.99,0.00
5039144,1016007,22,1,4.49,0.00
5039145,1016007,34,2,4.49,0.00
5039146,1016008,10,1,10.99,0.00
5039147,1016009,9,1,13.99,0.00
5039148,1016010,2,1,11.99,0.00
5039149,1016011,10,0,10.99,0.00
5039150,1016011,25,1,6.49,0.00
5039151,1016012,4,1,14.99,0.00
5039152,1016012,34,2,4.49,0.00
5039153,1016012,29,2,3.49,0.00
5039154,1016012,30,1,3.29,0.00
5039155,1016013,1,1,11.49,0.00
5039156,1016013,34,1,4.49,0.00
5039157,1016014,9,1,13.99,0.00
5039158,1016014,26,2,2.49,0.00
5039159,1016015,9,1,13.99,0.00
5039160,1016015,32,1,4.99,0.00
5039161,1016016,3,2,10.49,0.00
5039162,1016016,2,1,11.99,0.00
5039163,1016016,25,1,6.49,0.00
5039164,1016017,1,1,11.49,0.00
5039165,1016017,34,1,4.49,0.00
5039166,1016018,1,2,11.49,0.00
5039167,1016019,4,1,14.99,0.00
5039168,1016019,27,1,2.49,0.00
5039169,1016019,24,3,3.49,0.00
5039170,1016020,13,1,9.99,0.00
5039171,1016020,24,1,3.49,0.00
5039172,1016021,5,3,13.49,0.00
5039173,1016021,29,2,3.49,0.00
5039174,1016021,25,2,6.49,0.00
5039175,1016022,1,1,11.49,0.00
5039176,1016022,32,1,4.99,0.00
5039177,1016023,9,3,13.99,0.00
5039178,1016023,4,1,14.99,0.00
5039179,1016024,2,1,11.99,0.00
5039180,1016024,27,1,2.49,0.00
5039181,1016024,25,1,6.49,0.00
5039182,1016024,18,2,5.49,0.00
5039183,1016025,7,1,11.99,0.00
5039184,1016026,14,1,10.49,0.00
5039185,1016027,11,1,13.49,0.00
5039186,1016027,31,1,3.49,0.00
5039187,1016028,8,1,12.49,0.00
5039188,1016029,3,2,10.49,0.00
5039189,1016029,23,1,3.99,0.00
5039190,1016029,22,1,4.49,0.00
5039191,1016030,3,1,10.49,0.00
5039192,1016030,25,1,6.49,0.00
5039193,1016030,24,2,3.49,0.00
5039194,1016031,8,1,12.49,0.00
5039195,1016032,6,2,12.99,0.00
5039196,1016032,24,2,3.49,0.00
5039197,1016032,26,1,2.49,0.00
5039198,1016033,1,1,11.49,0.00
5039199,1016033,26,2,2.49,0.00
5039200,1016034,2,1,11.99,0.00
5039201,1016034,21,2,3.99,0.00
5039202,1016035,8,1,12.49,0.00
5039203,1016035,31,1,3.49,0.00
5039204,1016035,21,1,3.99,0.00
5039205,1016035,26,1,2.49,0.00
5039206,1016036,9,3,13.99,0.00
5039207,1016037,2,1,11.99,0.00
5039208,1016037,6,1,12.99,0.00
5039209,1016037,18,1,5.49,0.00
5039210,1016038,4,1,14.99,0.00
5039211,1016038,25,1,6.49,0.00
5039212,1016039,15,1,10.99,0.00
5039213,1016039,21,2,3.99,0.00
5039214,1016039,28,1,3.49,0.00
5039215,1016040,2,1,11.99,0.00
5039216,1016040,9,1,13.99,0.00
5039217,1016040,35,1,2.99,0.00
5039218,1016041,1,1,11.49,0.00
5039219,1016041,25,1,6.49,0.00
5039220,1016041,27,1,2.49,0.00
5039221,1016041,33,1,5.49,0.00
5039222,1016042,15,1,10.99,0.00
5039223,1016042,25,1,6.49,0.00
5039224,1016043,1,1,11.49,0.00
5039225,1016043,31,1,3.49,0.00
5039226,1016044,4,1,14.99,0.00
5039227,1016044,33,1,5.49,0.00
5039228,1016045,2,1,11.99,0.00
5039229,1016045,14,1,10.49,0.00
5039230,1016046,14,1,10.49,0.00
5039231,1016046,19,1,3.99,0.00
5039232,1016046,28,1,3.49,0.00
5039233,1016046,29,1,3.49,0.00
5039234,1016046,20,2,4.49,0.00
5039235,1016047,2,1,11.99,0.00
5039236,1016047,28,1,3.49,0.00
5039237,1016047,15,1,10.99,0.00
5039238,1016048,9,1,13.99,0.00
5039239,1016048,20,2,4.49,0.00
5039240,1016048,19,1,3.99,0.00
5039241,1016049,1,1,11.49,0.00
5039242,1016049,21,2,3.99,0.00
5039243,1016049,28,1,3.49,0.00
5039244,1016050,2,1,11.99,0.00
5039245,1016050,28,2,3.49,0.00
5039246,1016051,15,1,10.99,0.00
5039247,1016051,16,1,10.49,0.00
5039248,1016052,11,2,13.49,0.00
5039249,1016052,26,1,2.49,0.00
5039250,1016052,31,1,3.49,0.00
5039251,1016053,1,1,11.49,0.00
5039252,1016053,28,1,3.49,0.00
5039253,1016054,3,1,10.49,0.00
5039254,1016054,34,1,4.49,0.00
5039255,1016054,21,1,3.99,0.00
5039256,1016055,10,1,10.99,0.00
5039257,1016055,19,1,3.99,0.00
5039258,1016056,14,1,10.49,0.00
5039259,1016056,30,1,3.29,0.00
5039260,1016057,7,1,11.99,0.00
5039261,1016057,29,1,3.49,0.00
5039262,1016057,21,1,3.99,0.00
5039263,1016058,1,1,11.49,0.00
5039264,1016058,27,1,2.49,0.00
5039265,1016058,18,1,5.49,0.00
5039266,1016058,29,1,3.49,0.00
5039267,1016059,13,1,9.99,0.00
5039268,1016059,18,1,5.49,0.00
5039269,1016060,8,1,12.49,0.00
5039270,1016061,15,1,10.99,0.00
5039271,1016061,18,1,5.49,0.00
5039272,1016062,10,1,10.99,0.00
5039273,1016062,30,2,3.29,0.00
5039274,1016062,25,1,6.49,0.00
5039275,1016062,27,1,2.49,0.00
5039276,1016063,5,2,13.49,0.00
5039277,1016063,26,1,2.49,0.00
5039278,1016063,28,1,3.49,0.00
5039279,1016063,33,1,5.49,0.00
5039280,1016063,21,1,3.99,0.00
5039281,1016064,11,1,13.49,0.00
5039282,1016064,34,1,4.49,0.00
5039283,1016065,9,1,13.99,0.00
5039284,1016065,23,1,3.99,0.00
5039285,1016065,3,1,10.49,0.00
5039286,1016066,11,2,13.49,0.00
5039287,1016066,18,1,5.49,0.00
5039288,1016066,21,1,3.99,0.00
5039289,1016066,3,1,10.49,0.00
5039290,1016067,3,1,10.49,0.00
5039291,1016068,6,1,12.99,0.00
5039292,1016068,20,1,4.49,0.00
5039293,1016069,11,3,13.49,0.00
5039294,1016069,21,1,3.99,0.00
5039295,1016069,28,2,3.49,0.00
5039296,1016069,26,2,2.49,0.00
5039297,1016070,2,1,11.99,0.00
5039298,1016070,21,2,3.99,0.00
5039299,1016070,20,1,4.49,0.00
5039300,1016071,7,2,11.99,0.00
5039301,1016071,4,1,14.99,0.00
5039302,1016071,21,1,3.99,0.00
5039303,1016072,2,1,11.99,0.00
5039304,1016072,27,1,2.49,0.00
5039305,1016073,6,2,12.99,0.00
5039306,1016073,32,1,4.99,0.00
5039307,1016073,16,1,10.49,0.00
5039308,1016073,18,1,5.49,0.00
5039309,1016074,1,1,11.49,0.00
5039310,1016074,28,1,3.49,0.00
5039311,1016074,20,1,4.49,0.00
5039312,1016075,8,1,12.49,0.00
5039313,1016075,20,1,4.49,0.00
5039314,1016075,19,3,3.99,0.00
5039315,1016076,11,1,13.49,0.00
5039316,1016077,8,1,12.49,0.00
5039317,1016077,32,1,4.99,0.00
5039318,1016078,4,1,14.99,0.00
5039319,1016078,24,1,3.49,0.00
5039320,1016078,28,1,3.49,0.00
5039321,1016079,8,1,12.49,0.00
5039322,1016080,2,1,11.99,0.00
5039323,1016081,2,1,11.99,0.00
5039324,1016081,27,2,2.49,0.00
5039325,1016082,11,2,13.49,0.00
5039326,1016082,30,1,3.29,0.00
5039327,1016083,3,2,10.49,0.00
5039328,1016083,29,1,3.49,0.00
5039329,1016084,14,1,10.49,0.00
5039330,1016085,10,1,10.99,0.00
5039331,1016085,25,1,6.49,0.00
5039332,1016086,10,1,10.99,0.00
5039333,1016087,6,1,12.99,0.00
5039334,1016087,30,1,3.29,0.00
5039335,1016088,1,1,11.49,0.00
5039336,1016089,6,1,12.99,0.00
5039337,1016089,3,1,10.49,0.00
5039338,1016089,21,1,3.99,0.00
5039339,1016090,5,2,13.49,0.00
5039340,1016091,5,1,13.49,0.00
5039341,1016091,26,0,2.49,0.00
5039342,1016092,1,1,11.49,0.00
5039343,1016093,14,1,10.49,0.00
5039344,1016093,10,1,10.99,0.00
5039345,1016094,6,2,12.99,0.00
5039346,1016094,24,1,3.49,0.00
5039347,1016095,7,1,11.99,0.00
5039348,1016096,5,1,13.49,0.00
5039349,1016096,31,1,3.49,0.00
5039350,1016097,9,1,13.99,0.00
5039351,1016097,15,1,10.99,0.00
5039352,1016098,13,1,9.99,0.00
5039353,1016098,28,1,3.49,0.00
5039354,1016098,14,1,10.49,0.00
5039355,1016099,1,1,11.49,0.00
5039356,1016099,25,1,6.49,0.00
5039357,1016100,7,0,11.99,0.00
5039358,1016100,25,2,6.49,0.00
5039359,1016100,30,1,3.29,0.00
5039360,1016101,8,1,12.49,0.00
5039361,1016101,30,1,3.29,0.00
5039362,1016101,21,1,3.99,0.00
5039363,1016101,20,1,4.49,0.00
5039364,1016101,35,1,2.99,0.00
5039365,1016102,11,1,13.49,0.00
5039366,1016102,18,1,5.49,0.00
5039367,1016102,25,1,6.49,0.00
5039368,1016103,5,1,13.49,0.00
5039369,1016103,31,1,3.49,0.00
5039370,1016104,15,1,10.99,0.00
5039371,1016104,21,1,3.99,0.00
5039372,1016104,26,1,2.49,0.00
5039373,1016104,24,1,3.49,0.00
5039374,1016105,1,3,11.49,0.00
5039375,1016105,33,1,5.49,0.00
5039376,1016105,29,1,3.49,0.00
5039377,1016105,34,1,4.49,0.00
5039378,1016106,2,1,11.99,0.00
5039379,1016107,7,1,11.99,0.00
5039380,1016107,34,2,4.49,0.00
5039381,1016107,21,1,3.99,0.00
5039382,1016108,10,1,10.99,0.00
5039383,1016108,19,1,3.99,0.00
5039384,1016109,16,1,10.49,0.00
5039385,1016109,26,1,2.49,0.00
5039386,1016110,8,1,12.49,0.00
5039387,1016111,7,1,11.99,0.00
5039388,1016111,27,2,2.49,0.00
5039389,1016111,26,2,2.49,0.00
5039390,1016112,8,1,12.49,0.00
5039391,1016112,4,1,14.99,0.00
5039392,1016112,27,2,2.49,0.00
5039393,1016112,23,1,3.99,0.00
5039394,1016113,1,1,11.49,0.00
5039395,1016114,10,1,10.99,0.00
5039396,1016114,26,1,2.49,0.00
5039397,1016115,13,1,9.99,0.00
5039398,1016115,28,1,3.49,0.00
5039399,1016115,18,1,5.49,0.00
5039400,1016115,27,1,2.49,0.00
5039401,1016116,6,1,12.99,0.00
5039402,1016116,31,1,3.49,0.00
5039403,1016116,32,1,4.99,0.00
5039404,1016117,11,1,13.49,0.00
5039405,1016117,6,1,12.99,0.00
5039406,1016118,8,1,12.49,0.00
5039407,1016118,14,1,10.49,0.00
5039408,1016119,1,1,11.49,0.00
5039409,1016119,29,1,3.49,0.00
5039410,1016120,15,1,10.99,0.00
5039411,1016121,9,1,13.99,0.00
5039412,1016121,27,-1,2.49,0.00
5039413,1016121,18,2,5.49,0.00
5039414,1016122,4,1,14.99,0.00
5039415,1016122,22,1,4.49,0.00
5039416,1016122,35,1,2.99,0.00
5039417,1016122,26,2,2.49,0.00
5039418,1016123,3,1,10.49,0.00
5039419,1016123,34,1,4.49,0.00
5039420,1016123,25,1,6.49,0.00
5039421,1016124,1,3,11.49,0.00
5039422,1016125,4,1,14.99,0.00
5039423,1016125,16,1,10.49,0.00
5039424,1016125,32,1,4.99,0.00
5039425,1016125,30,1,3.29,0.00
5039426,1016126,10,1,10.99,0.00
5039427,1016126,22,1,4.49,0.00
5039428,1016126,31,2,3.49,0.00
5039429,1016126,24,1,3.49,0.00
5039430,1016127,4,1,14.99,0.00
5039431,1016128,12,1,18.99,0.00
5039432,1016128,25,1,6.49,0.00
5039433,1016129,5,1,13.49,0.00
5039434,1016129,21,1,3.99,0.00
5039435,1016129,20,2,4.49,0.00
5039436,1016130,2,1,11.99,0.00
5039437,1016130,22,1,4.49,0.00
5039438,1016130,19,1,3.99,0.00
5039439,1016131,3,1,10.49,0.00
5039440,1016131,26,2,2.49,0.00
5039441,1016131,19,1,3.99,0.00
5039442,1016131,22,1,4.49,0.00
5039443,1016132,15,1,10.99,0.00
5039444,1016132,23,1,3.99,0.00
5039445,1016132,2,1,11.99,0.00
5039446,1016132,27,1,2.49,0.00
5039447,1016133,1,1,11.49,0.00
5039448,1016133,22,1,4.49,0.00
5039449,1016134,15,1,10.99,0.00
5039450,1016134,26,1,2.49,0.00
5039451,1016134,19,1,3.99,0.00
5039452,1016135,9,1,13.99,0.00
5039453,1016135,30,1,3.29,0.00
5039454,1016135,29,3,3.49,0.00
5039455,1016135,21,1,3.99,0.00
5039456,1016136,15,3,10.99,0.00
5039457,1016136,32,1,4.99,0.00
5039458,1016137,7,1,11.99,0.00
5039459,1016137,32,1,4.99,0.00
5039460,1016137,31,2,3.49,0.00
5039461,1016137,30,1,3.29,0.00
5039462,1016138,8,1,12.49,0.00
5039463,1016139,15,1,10.99,0.00
5039464,1016140,8,1,12.49,0.00
5039465,1016141,8,1,12.49,0.00
5039466,1016141,27,1,2.49,0.00
5039467,1016141,26,1,2.49,0.00
5039468,1016141,30,2,3.29,0.00
5039469,1016142,14,1,10.49,0.00
5039470,1016142,21,1,3.99,0.00
5039471,1016142,19,1,3.99,0.00
5039472,1016143,3,1,10.49,0.00
5039473,1016143,23,1,3.99,0.00
5039474,1016144,3,1,10.49,0.00
5039475,1016144,20,2,4.49,0.00
5039476,1016144,25,2,6.49,0.00
5039477,1016145,7,1,11.99,0.00
5039478,1016146,10,1,10.99,0.00
5039479,1016147,6,1,12.99,0.00
5039480,1016147,27,1,2.49,0.00
5039481,1016147,8,1,12.49,0.00
5039482,1016148,7,1,11.99,0.00
5039483,1016148,11,1,13.49,0.00
5039484,1016149,4,1,14.99,0.00
5039485,1016149,26,1,2.49,0.00
5039486,1016150,3,2,10.49,0.00
5039487,1016150,34,1,4.49,0.00
5039488,1016150,31,1,3.49,0.00
5039489,1016151,4,1,14.99,0.00
5039490,1016151,20,1,4.49,0.00
5039491,1016152,5,1,13.49,0.00
5039492,1016152,23,1,3.99,0.00
5039493,1016153,4,1,14.99,0.00
5039494,1016153,20,1,4.49,0.00
5039495,1016153,27,1,2.49,0.00
5039496,1016154,15,1,10.99,0.00
5039497,1016154,23,1,3.99,0.00
5039498,1016154,19,1,3.99,0.00
5039499,1016154,28,1,3.49,0.00
5039500,1016154,30,1,3.29,0.00
5039501,1016154,26,1,2.49,0.00
5039502,1016155,10,1,10.99,0.00
5039503,1016156,6,1,12.99,0.00
5039504,1016156,30,1,3.29,0.00
5039505,1016157,7,1,11.99,0.00
5039506,1016157,19,2,3.99,0.00
5039507,1016158,1,1,11.49,0.00
5039508,1016158,25,1,6.49,0.00
5039509,1016159,10,1,10.99,0.00
5039510,1016159,26,1,2.49,0.00
5039511,1016160,10,1,10.99,0.00
5039512,1016160,19,3,3.99,0.00
5039513,1016160,27,1,2.49,0.00
5039514,1016161,16,1,10.49,0.00
5039515,1016161,30,1,3.29,0.00
5039516,1016162,12,1,18.99,0.00
5039517,1016162,27,1,2.49,0.00
5039518,1016162,4,2,14.99,0.00
5039519,1016163,1,1,11.49,0.00
5039520,1016163,26,1,2.49,0.00
5039521,1016164,8,1,12.49,0.00
5039522,1016165,1,1,11.49,0.00
5039523,1016165,32,1,4.99,0.00
5039524,1016166,3,1,10.49,0.00
5039525,1016166,31,3,3.49,0.00
5039526,1016167,8,1,12.49,0.00
5039527,1016167,28,1,3.49,0.00
5039528,1016167,26,1,2.49,0.00
5039529,1016168,16,1,10.49,0.00
5039530,1016168,28,1,3.49,0.00
5039531,1016168,21,1,3.99,0.00
5039532,1016168,33,1,5.49,0.00
5039533,1016169,1,1,11.49,0.00
5039534,1016169,29,2,3.49,0.00
5039535,1016169,9,1,13.99,0.00
5039536,1016169,28,3,3.49,0.00
5039537,1016170,16,1,10.49,0.00
5039538,1016171,11,1,13.49,0.00
5039539,1016172,2,1,11.99,0.00
5039540,1016173,6,1,12.99,0.00
5039541,1016173,20,1,4.49,0.00
5039542,1016174,2,1,11.99,0.00
5039543,1016174,19,1,3.99,0.00
5039544,1016175,14,1,10.49,0.00
5039545,1016175,27,1,2.49,0.00
5039546,1016176,16,1,10.49,0.00
5039547,1016177,4,1,14.99,0.00
5039548,1016177,29,2,3.49,0.00
5039549,1016178,1,1,11.49,0.00
5039550,1016178,22,1,4.49,0.00
5039551,1016179,2,1,11.99,0.00
5039552,1016179,28,1,3.49,0.00
5039553,1016179,30,1,3.29,0.00
5039554,1016180,4,1,14.99,0.00
5039555,1016180,32,-1,4.99,0.00
5039556,1016181,14,1,10.49,0.00
5039557,1016181,26,1,2.49,0.00
5039558,1016182,7,1,11.99,0.00
5039559,1016183,11,1,13.49,0.00
5039560,1016184,7,1,11.99,0.00
5039561,1016184,1,1,11.49,0.00
5039562,1016185,14,1,10.49,0.00
5039563,1016185,27,1,2.49,0.00
5039564,1016185,32,1,4.99,0.00
5039565,1016185,18,3,5.49,0.00
5039566,1016185,19,2,3.99,0.00
5039567,1016186,12,1,18.99,5.00
5039568,1016186,29,1,3.49,0.00
5039569,1016186,19,1,3.99,0.00
5039570,1016186,10,1,10.99,0.00
5039571,1016186,26,1,2.49,0.00
5039572,1016186,18,1,5.49,0.00
5039573,1016187,1,2,11.49,0.00
5039574,1016187,26,1,2.49,0.00
5039575,1016187,27,1,2.49,0.00
5039576,1016188,8,1,12.49,0.00
5039577,1016189,4,1,14.99,5.00
5039578,1016190,12,2,18.99,5.00
5039579,1016190,28,1,3.49,0.00
5039580,1016190,22,1,4.49,0.00
5039581,1016191,12,1,18.99,5.00
5039582,1016191,22,1,4.49,0.00
5039583,1016192,12,1,18.99,5.00
5039584,1016192,20,2,4.49,0.00
5039585,1016192,28,1,3.49,0.00
5039586,1016192,18,1,5.49,0.00
5039587,1016192,25,1,6.49,0.00
5039588,1016193,1,1,11.49,0.00
5039589,1016194,12,1,18.99,5.00
5039590,1016194,26,1,2.49,0.00
5039591,1016195,4,1,14.99,0.00
5039592,1016195,27,4,2.49,0.00
5039593,1016195,18,1,5.49,0.00
5039594,1016196,4,1,14.99,5.00
5039595,1016196,26,1,2.49,0.00
5039596,1016196,28,1,3.49,0.00
5039597,1016196,30,2,3.29,0.00
5039598,1016196,32,1,4.99,0.00
5039599,1016197,8,1,12.49,0.00
5039600,1016197,6,1,12.99,0.00
5039601,1016197,5,1,13.49,0.00
5039602,1016198,12,1,18.99,5.00
5039603,1016199,16,1,10.49,0.00
5039604,1016199,21,1,3.99,0.00
5039605,1016199,27,1,2.49,0.00
5039606,1016200,6,1,12.99,0.00
5039607,1016200,2,1,11.99,0.00
5039608,1016201,2,1,11.99,0.00
5039609,1016201,27,1,2.49,0.00
5039610,1016201,26,1,2.49,0.00
5039611,1016202,4,1,14.99,5.00
5039612,1016202,29,1,3.49,0.00
5039613,1016202,28,1,3.49,0.00
5039614,1016202,25,2,6.49,0.00
5039615,1016203,12,1,18.99,5.00
5039616,1016203,20,1,4.49,0.00
5039617,1016204,2,2,11.99,0.00
5039618,1016205,4,1,14.99,0.00
5039619,1016206,4,1,14.99,0.00
5039620,1016206,32,1,4.99,0.00
5039621,1016206,25,2,6.49,0.00
5039622,1016207,3,1,10.49,0.00
5039623,1016207,21,1,3.99,0.00
5039624,1016207,26,1,2.49,0.00
5039625,1016207,32,1,4.99,0.00
5039626,1016208,3,1,10.49,0.00
5039627,1016208,23,1,3.99,0.00
5039628,1016208,24,1,3.49,0.00
5039629,1016208,2,1,11.99,0.00
5039630,1016208,30,1,3.29,0.00
5039631,1016209,11,1,13.49,0.00
5039632,1016209,32,1,4.99,0.00
5039633,1016210,8,1,12.49,0.00
5039634,1016210,33,1,5.49,0.00
5039635,1016210,3,1,10.49,0.00
5039636,1016211,1,1,11.49,0.00
5039637,1016211,31,1,3.49,0.00
5039638,1016212,6,1,12.99,0.00
5039639,1016213,2,1,11.99,0.00
5039640,1016213,20,0,4.49,0.00
5039641,1016214,15,1,10.99,0.00
5039642,1016214,29,1,3.49,0.00
5039643,1016214,5,1,13.49,0.00
5039644,1016214,30,2,3.29,0.00
5039645,1016214,24,1,3.49,0.00
5039646,1016215,4,1,14.99,5.00
5039647,1016216,4,1,14.99,0.00
5039648,1016217,2,1,11.99,0.00
5039649,1016217,27,1,2.49,0.00
5039650,1016218,10,1,10.99,0.00
5039651,1016219,13,1,9.99,0.00
5039652,1016219,16,3,10.49,0.00
5039653,1016219,18,1,5.49,0.00
5039654,1016220,7,1,11.99,0.00
5039655,1016220,8,1,12.49,0.00
5039656,1016221,2,1,11.99,0.00
5039657,1016222,7,2,11.99,0.00
5039658,1016222,23,1,3.99,0.00
5039659,1016222,2,1,11.99,0.00
5039660,1016222,34,1,4.49,0.00
5039661,1016223,3,1,10.49,0.00
5039662,1016223,35,1,2.99,0.00
5039663,1016223,28,1,3.49,0.00
5039664,1016224,11,1,13.49,0.00
5039665,1016225,4,1,14.99,5.00
5039666,1016225,30,1,3.29,0.00
5039667,1016226,12,1,18.99,5.00
5039668,1016227,3,1,10.49,0.00
5039669,1016228,3,2,10.49,0.00
5039670,1016228,23,3,3.99,0.00
5039671,1016228,30,1,3.29,0.00
5039672,1016228,27,1,2.49,0.00
5039673,1016229,5,1,13.49,0.00
5039674,1016229,21,1,3.99,0.00
5039675,1016230,4,1,14.99,0.00
5039676,1016230,29,1,3.49,0.00
5039677,1016230,25,1,6.49,0.00
5039678,1016231,7,1,11.99,0.00
5039679,1016231,21,1,3.99,0.00
5039680,1016231,27,1,2.49,0.00
5039681,1016232,1,3,11.49,0.00
5039682,1016232,19,2,3.99,0.00
5039683,1016232,31,2,3.49,0.00
5039684,1016232,25,2,6.49,0.00
5039685,1016233,2,1,11.99,0.00
5039686,1016234,5,1,13.49,0.00
5039687,1016234,20,1,4.49,0.00
5039688,1016235,3,1,10.49,0.00
5039689,1016235,10,1,10.99,0.00
5039690,1016235,2,2,11.99,0.00
5039691,1016235,21,1,3.99,0.00
5039692,1016236,5,1,13.49,0.00
5039693,1016237,3,1,10.49,0.00
5039694,1016237,30,1,3.29,0.00
5039695,1016237,33,1,5.49,0.00
5039696,1016237,22,1,4.49,0.00
5039697,1016238,11,1,13.49,0.00
5039698,1016238,29,1,3.49,0.00
5039699,1016239,16,1,10.49,0.00
5039700,1016239,20,1,4.49,0.00
5039701,1016239,35,1,2.99,0.00
5039702,1016240,3,2,10.49,0.00
5039703,1016240,34,1,4.49,0.00
5039704,1016241,7,1,11.99,0.00
5039705,1016241,18,1,5.49,0.00
5039706,1016242,11,1,13.49,0.00
5039707,1016243,2,1,11.99,0.00
5039708,1016243,26,1,2.49,0.00
5039709,1016244,2,1,11.99,0.00
5039710,1016244,34,1,4.49,0.00
5039711,1016245,8,1,12.49,0.00
5039712,1016245,20,1,4.49,0.00
5039713,1016245,25,1,6.49,0.00
5039714,1016245,30,1,3.29,0.00
5039715,1016246,13,1,9.99,0.00
5039716,1016246,32,1,4.99,0.00
5039717,1016246,19,0,3.99,0.00
5039718,1016246,24,1,3.49,0.00
5039719,1016247,15,1,10.99,0.00
5039720,1016248,7,1,11.99,0.00
5039721,1016248,19,2,3.99,0.00
5039722,1016248,29,1,3.49,0.00
5039723,1016248,34,1,4.49,0.00
5039724,1016249,3,1,10.49,0.00
5039725,1016249,27,1,2.49,0.00
5039726,1016250,1,1,11.49,0.00
5039727,1016250,20,1,4.49,0.00
5039728,1016250,27,1,2.49,0.00
5039729,1016250,32,1,4.99,0.00
5039730,1016250,13,1,9.99,0.00
5039731,1016251,15,1,10.99,0.00
5039732,1016252,1,1,11.49,0.00
5039733,1016252,25,1,6.49,0.00
5039734,1016252,27,1,2.49,0.00
5039735,1016252,18,1,5.49,0.00
5039736,1016253,5,1,13.49,0.00
5039737,1016253,16,1,10.49,0.00
5039738,1016254,4,1,14.99,0.00
5039739,1016254,22,2,4.49,0.00
5039740,1016254,35,1,2.99,0.00
5039741,1016254,29,1,3.49,0.00
5039742,1016255,8,2,12.49,0.00
5039743,1016255,22,2,4.49,0.00
5039744,1016255,33,2,5.49,0.00
5039745,1016256,9,1,13.99,0.00
5039746,1016256,30,1,3.29,0.00
5039747,1016257,7,2,11.99,0.00
5039748,1016257,19,1,3.99,0.00
5039749,1016257,24,1,3.49,0.00
5039750,1016257,23,1,3.99,0.00
5039751,1016258,2,1,11.99,0.00
5039752,1016258,20,2,4.49,0.00
5039753,1016258,25,1,6.49,0.00
5039754,1016259,2,1,11.99,0.00
5039755,1016260,11,1,13.49,0.00
5039756,1016261,12,1,18.99,5.00
5039757,1016261,19,1,3.99,0.00
5039758,1016262,16,1,10.49,0.00
5039759,1016262,8,2,12.49,0.00
5039760,1016262,25,1,6.49,0.00
5039761,1016263,6,1,12.99,0.00
5039762,1016264,8,1,12.49,0.00
5039763,1016265,13,1,9.99,0.00
5039764,1016265,21,1,3.99,0.00
5039765,1016265,28,1,3.49,0.00
5039766,1016266,6,1,12.99,0.00
5039767,1016266,24,1,3.49,0.00
5039768,1016266,23,1,3.99,0.00
5039769,1016266,34,1,4.49,0.00
5039770,1016267,4,1,14.99,5.00
5039771,1016267,25,1,6.49,0.00
5039772,1016268,16,1,10.49,0.00
5039773,1016268,18,2,5.49,0.00
5039774,1016268,23,1,3.99,0.00
5039775,1016269,4,1,14.99,5.00
5039776,1016270,15,1,10.99,0.00
5039777,1016271,3,1,10.49,0.00
5039778,1016271,18,1,5.49,0.00
5039779,1016271,21,1,3.99,0.00
5039780,1016271,23,1,3.99,0.00
5039781,1016272,12,1,18.99,5.00
5039782,1016273,12,3,18.99,5.00
5039783,1016273,28,1,3.49,0.00
5039784,1016274,9,2,13.99,0.00
5039785,1016274,21,2,3.99,0.00
5039786,1016274,32,1,4.99,0.00
5039787,1016274,27,2,2.49,0.00
5039788,1016274,30,-2,3.29,0.00
5039789,1016275,4,1,14.99,5.00
5039790,1016275,21,1,3.99,0.00
5039791,1016275,30,1,3.29,0.00
5039792,1016275,18,1,5.49,0.00
5039793,1016275,33,1,5.49,0.00
5039794,1016276,6,2,12.99,0.00
5039795,1016277,1,1,11.49,0.00
5039796,1016277,22,1,4.49,0.00
5039797,1016278,6,1,12.99,0.00
5039798,1016278,7,1,11.99,0.00
5039799,1016278,22,1,4.49,0.00
5039800,1016279,4,1,14.99,5.00
5039801,1016279,21,1,3.99,0.00
5039802,1016279,27,1,2.49,0.00
5039803,1016280,14,1,10.49,0.00
5039804,1016281,12,1,18.99,5.00
5039805,1016282,12,1,18.99,5.00
5039806,1016282,5,1,13.49,0.00
5039807,1016282,22,1,4.49,0.00
5039808,1016282,8,1,12.49,0.00
5039809,1016283,1,1,11.49,0.00
5039810,1016284,11,1,13.49,0.00
5039811,1016284,30,1,3.29,0.00
5039812,1016284,31,1,3.49,0.00
5039813,1016284,26,1,2.49,0.00
5039814,1016284,34,2,4.49,0.00
5039815,1016285,12,1,18.99,5.00
5039816,1016285,20,3,4.49,0.00
5039817,1016286,11,1,13.49,0.00
5039818,1016286,27,1,2.49,0.00
5039819,1016287,4,1,14.99,0.00
5039820,1016287,18,2,5.49,0.00
5039821,1016287,29,1,3.49,0.00
5039822,1016288,13,1,9.99,0.00
5039823,1016288,33,1,5.49,0.00
5039824,1016288,27,1,2.49,0.00
5039825,1016289,4,1,14.99,5.00
5039826,1016289,25,1,6.49,0.00
5039827,1016290,16,1,10.49,0.00
5039828,1016290,4,1,14.99,5.00
5039829,1016290,24,1,3.49,0.00
5039830,1016290,26,1,2.49,0.00
5039831,1016291,9,2,13.99,0.00
5039832,1016291,18,1,5.49,0.00
5039833,1016292,2,1,11.99,0.00
5039834,1016292,33,1,5.49,0.00
5039835,1016292,32,1,4.99,0.00
5039836,1016292,21,1,3.99,0.00
5039837,1016292,18,1,5.49,0.00
5039838,1016293,8,1,12.49,0.00
5039839,1016293,5,2,13.49,0.00
5039840,1016294,12,1,18.99,5.00
5039841,1016294,27,1,2.49,0.00
5039842,1016294,33,1,5.49,0.00
5039843,1016295,12,1,18.99,5.00
5039844,1016295,26,1,2.49,0.00
5039845,1016295,27,1,2.49,0.00
5039846,1016296,5,1,13.49,0.00
5039847,1016296,20,1,4.49,0.00
5039848,1016296,21,1,3.99,0.00
5039849,1016296,18,1,5.49,0.00
5039850,1016297,4,1,14.99,0.00
5039851,1016297,25,1,6.49,0.00
5039852,1016297,26,1,2.49,0.00
5039853,1016298,8,1,12.49,0.00
5039854,1016298,18,3,5.49,0.00
5039855,1016299,6,1,12.99,0.00
5039856,1016299,30,1,3.29,0.00
5039857,1016300,1,1,11.49,0.00
5039858,1016300,18,1,5.49,0.00
5039859,1016301,4,1,14.99,5.00
5039860,1016301,27,1,2.49,0.00
5039861,1016301,21,1,3.99,0.00
5039862,1016302,13,1,9.99,0.00
5039863,1016302,20,1,4.49,0.00
5039864,1016302,23,1,3.99,0.00
5039865,1016302,21,1,3.99,0.00
5039866,1016302,27,1,2.49,0.00
5039867,1016303,6,1,12.99,0.00
5039868,1016303,30,1,3.29,0.00
5039869,1016304,11,2,13.49,0.00
5039870,1016304,27,1,2.49,0.00
5039871,1016304,26,1,2.49,0.00
5039872,1016305,11,1,13.49,0.00
5039873,1016306,9,1,13.99,0.00
5039874,1016307,11,1,13.49,0.00
5039875,1016308,16,1,10.49,0.00
5039876,1016308,34,1,4.49,0.00
5039877,1016309,5,1,13.49,0.00
5039878,1016309,19,2,3.99,0.00
5039879,1016310,15,1,10.99,0.00
5039880,1016310,18,1,5.49,0.00
5039881,1016310,30,1,3.29,0.00
5039882,1016310,20,1,4.49,0.00
5039883,1016311,12,1,18.99,5.00
5039884,1016311,25,1,6.49,0.00
5039885,1016311,29,1,3.49,0.00
5039886,1016311,27,1,2.49,0.00
5039887,1016312,13,1,9.99,0.00
5039888,1016312,27,1,2.49,0.00
5039889,1016312,26,1,2.49,0.00
5039890,1016313,7,1,11.99,0.00
5039891,1016313,22,1,4.49,0.00
5039892,1016313,27,1,2.49,0.00
5039893,1016313,23,1,3.99,0.00
5039894,1016314,10,1,10.99,0.00
5039895,1016315,2,1,11.99,0.00
5039896,1016315,18,1,5.49,0.00
5039897,1016315,21,1,3.99,0.00
5039898,1016315,25,2,6.49,0.00
5039899,1016316,2,1,11.99,0.00
5039900,1016316,20,1,4.49,0.00
5039901,1016317,10,1,10.99,0.00
5039902,1016317,30,1,3.29,0.00
5039903,1016317,27,1,2.49,0.00
5039904,1016317,23,1,3.99,0.00
5039905,1016317,21,1,3.99,0.00
5039906,1016317,9,1,13.99,0.00
5039907,1016318,8,1,12.49,0.00
5039908,1016318,34,1,4.49,0.00
5039909,1016318,18,1,5.49,0.00
5039910,1016318,22,1,4.49,0.00
5039911,1016319,14,1,10.49,0.00
5039912,1016320,4,1,14.99,0.00
5039913,1016320,31,1,3.49,0.00
5039914,1016320,28,1,3.49,0.00
5039915,1016321,7,1,11.99,0.00
5039916,1016321,26,1,2.49,0.00
5039917,1016322,8,3,12.49,0.00
5039918,1016323,5,1,13.49,0.00
5039919,1016323,8,1,12.49,0.00
5039920,1016324,4,1,14.99,5.00
5039921,1016325,8,1,12.49,0.00
5039922,1016325,2,1,11.99,0.00
5039923,1016326,12,1,18.99,0.00
5039924,1016327,15,1,10.99,0.00
5039925,1016327,34,1,4.49,0.00
5039926,1016327,32,1,4.99,0.00
5039927,1016328,2,3,11.99,0.00
5039928,1016328,30,1,3.29,0.00
5039929,1016328,5,1,13.49,0.00
5039930,1016328,10,1,10.99,0.00
5039931,1016328,19,1,3.99,0.00
5039932,1016329,1,1,11.49,0.00
5039933,1016330,14,1,10.49,0.00
5039934,1016330,21,1,3.99,0.00
5039935,1016331,16,1,10.49,0.00
5039936,1016331,28,1,3.49,0.00
5039937,1016331,21,1,3.99,0.00
5039938,1016331,32,1,4.99,0.00
5039939,1016331,24,1,3.49,0.00
5039940,1016332,8,1,12.49,0.00
5039941,1016332,32,1,4.99,0.00
5039942,1016333,12,1,18.99,5.00
5039943,1016334,14,1,10.49,0.00
5039944,1016334,22,1,4.49,0.00
5039945,1016334,30,1,3.29,0.00
5039946,1016335,12,1,18.99,5.00
5039947,1016336,4,1,14.99,0.00
5039948,1016336,32,1,4.99,0.00
5039949,1016336,23,1,3.99,0.00
5039950,1016337,7,1,11.99,0.00
5039951,1016338,11,1,13.49,0.00
5039952,1016339,15,1,10.99,0.00
5039953,1016339,28,2,3.49,0.00
5039954,1016339,26,1,2.49,0.00
5039955,1016339,1,1,11.49,0.00
5039956,1016339,23,1,3.99,0.00
5039957,1016339,27,1,2.49,0.00
5039958,1016340,15,1,10.99,0.00
5039959,1016340,22,1,4.49,0.00
5039960,1016341,7,1,11.99,0.00
5039961,1016341,28,1,3.49,0.00
5039962,1016341,26,1,2.49,0.00
5039963,1016341,23,3,3.99,0.00
5039964,1016341,18,2,5.49,0.00
5039965,1016342,12,1,18.99,5.00
5039966,1016342,27,2,2.49,0.00
5039967,1016343,4,1,14.99,5.00
5039968,1016343,35,1,2.99,0.00
5039969,1016344,13,2,9.99,0.00
5039970,1016344,5,1,13.49,0.00
5039971,1016344,21,1,3.99,0.00
5039972,1016344,23,3,3.99,0.00
5039973,1016345,8,1,12.49,0.00
5039974,1016345,29,1,3.49,0.00
5039975,1016346,4,1,14.99,0.00
5039976,1016346,6,1,12.99,0.00
5039977,1016346,27,1,2.49,0.00
5039978,1016347,4,2,14.99,0.00
5039979,1016347,26,1,2.49,0.00
5039980,1016347,5,1,13.49,0.00
5039981,1016348,4,1,14.99,5.00
5039982,1016348,23,1,3.99,0.00
5039983,1016349,4,1,14.99,5.00
5039984,1016349,19,1,3.99,0.00
5039985,1016349,26,3,2.49,0.00
5039986,1016350,10,1,10.99,0.00
5039987,1016351,1,2,11.49,0.00
5039988,1016351,20,1,4.49,0.00
5039989,1016351,30,1,3.29,0.00
5039990,1016352,10,1,10.99,0.00
5039991,1016352,34,1,4.49,0.00
5039992,1016353,5,1,13.49,0.00
5039993,1016354,5,1,13.49,0.00
5039994,1016354,29,1,3.49,0.00
5039995,1016354,28,1,3.49,0.00
5039996,1016354,30,1,3.29,0.00
5039997,1016355,13,1,9.99,0.00
5039998,1016356,8,3,12.49,0.00
5039999,1016357,4,1,14.99,5.00
5040000,1016357,32,1,4.99,0.00
5040001,1016358,11,1,13.49,0.00
5040002,1016358,30,2,3.29,0.00
5040003,1016359,1,1,11.49,0.00
5040004,1016359,31,1,3.49,0.00
5040005,1016359,30,1,3.29,0.00
5040006,1016359,26,1,2.49,0.00
5040007,1016360,6,1,12.99,0.00
5040008,1016360,20,1,4.49,0.00
5040009,1016361,6,1,12.99,0.00
5040010,1016361,30,1,3.29,0.00
5040011,1016361,22,1,4.49,0.00
5040012,1016362,3,1,10.49,0.00
5040013,1016362,6,1,12.99,0.00
5040014,1016362,31,1,3.49,0.00
5040015,1016362,26,2,2.49,0.00
5040016,1016363,11,1,13.49,0.00
5040017,1016363,20,3,4.49,0.00
5040018,1016364,5,1,13.49,0.00
5040019,1016365,3,1,10.49,0.00
5040020,1016365,19,1,3.99,0.00
5040021,1016365,26,1,2.49,0.00
5040022,1016366,8,2,12.49,0.00
5040023,1016366,21,1,3.99,0.00
5040024,1016366,12,1,18.99,0.00
5040025,1016366,33,1,5.49,0.00
5040026,1016367,4,1,14.99,5.00
5040027,1016367,27,1,2.49,0.00
5040028,1016368,2,1,11.99,0.00
5040029,1016368,9,1,13.99,0.00
5040030,1016368,19,1,3.99,0.00
5040031,1016369,14,1,10.49,0.00
5040032,1016370,6,1,12.99,0.00
5040033,1016370,27,1,2.49,0.00
5040034,1016371,6,1,12.99,0.00
5040035,1016371,22,1,4.49,0.00
5040036,1016371,29,1,3.49,0.00
5040037,1016372,12,1,18.99,5.00
5040038,1016373,13,1,9.99,0.00
5040039,1016373,32,1,4.99,0.00
5040040,1016373,24,1,3.49,0.00
5040041,1016374,6,1,12.99,0.00
5040042,1016375,14,2,10.49,0.00
5040043,1016375,28,1,3.49,0.00
5040044,1016375,27,1,2.49,0.00
5040045,1016375,31,1,3.49,0.00
5040046,1016376,2,1,11.99,0.00
5040047,1016376,20,1,4.49,0.00
5040048,1016376,29,1,3.49,0.00
5040049,1016376,22,1,4.49,0.00
5040050,1016377,11,1,13.49,0.00
5040051,1016377,3,2,10.49,0.00
5040052,1016377,35,1,2.99,0.00
5040053,1016378,11,1,13.49,0.00
5040054,1016378,25,-2,6.49,0.00
5040055,1016378,24,1,3.49,0.00
5040056,1016379,12,1,18.99,0.00
5040057,1016379,30,1,3.29,0.00
5040058,1016379,26,1,2.49,0.00
5040059,1016380,2,1,11.99,0.00
5040060,1016381,14,1,10.49,0.00
5040061,1016381,22,1,4.49,0.00
5040062,1016381,27,2,2.49,0.00
5040063,1016382,11,1,13.49,0.00
5040064,1016382,21,1,3.99,0.00
5040065,1016383,12,1,18.99,5.00
5040066,1016383,23,1,3.99,0.00
5040067,1016384,4,1,14.99,5.00
5040068,1016384,13,2,9.99,0.00
5040069,1016385,8,1,12.49,0.00
5040070,1016385,26,2,2.49,0.00
5040071,1016386,3,2,10.49,0.00
5040072,1016387,8,1,12.49,0.00
5040073,1016387,11,1,13.49,0.00
5040074,1016388,11,1,13.49,0.00
5040075,1016389,12,1,18.99,5.00
5040076,1016389,29,1,3.49,0.00
5040077,1016389,22,3,4.49,0.00
5040078,1016389,26,1,2.49,0.00
5040079,1016389,21,1,3.99,0.00
5040080,1016389,10,1,10.99,0.00
5040081,1016390,4,1,14.99,5.00
5040082,1016390,25,1,6.49,0.00
5040083,1016390,26,2,2.49,0.00
5040084,1016391,12,2,18.99,5.00
5040085,1016392,15,1,10.99,0.00
5040086,1016393,6,1,12.99,0.00
5040087,1016393,18,1,5.49,0.00
5040088,1016394,4,1,14.99,5.00
5040089,1016394,25,1,6.49,0.00
5040090,1016395,11,1,13.49,0.00
5040091,1016395,35,1,2.99,0.00
5040092,1016396,6,3,12.99,0.00
5040093,1016396,18,1,5.49,0.00
5040094,1016397,2,1,11.99,0.00
5040095,1016397,24,1,3.49,0.00
5040096,1016397,18,1,5.49,0.00
5040097,1016398,7,1,11.99,0.00
5040098,1016399,6,1,12.99,0.00
5040099,1016399,19,3,3.99,0.00
5040100,1016400,1,1,11.49,0.00
5040101,1016400,35,1,2.99,0.00
5040102,1016401,12,1,18.99,5.00
5040103,1016401,21,1,3.99,0.00
5040104,1016401,33,1,5.49,0.00
5040105,1016402,1,1,11.49,0.00
5040106,1016402,26,1,2.49,0.00
5040107,1016402,27,2,2.49,0.00
5040108,1016402,29,2,3.49,0.00
5040109,1016402,3,1,10.49,0.00
5040110,1016403,2,1,11.99,0.00
5040111,1016403,26,1,2.49,0.00
5040112,1016404,2,1,11.99,0.00
5040113,1016404,18,2,5.49,0.00
5040114,1016405,2,1,11.99,0.00
5040115,1016405,19,2,3.99,0.00
5040116,1016405,27,2,2.49,0.00
5040117,1016405,29,2,3.49,0.00
5040118,1016406,6,3,12.99,0.00
5040119,1016406,34,3,4.49,0.00
5040120,1016406,1,1,11.49,0.00
5040121,1016407,14,1,10.49,0.00
5040122,1016408,3,1,10.49,0.00
5040123,1016408,31,1,3.49,0.00
5040124,1016408,28,1,3.49,0.00
5040125,1016408,29,1,3.49,0.00
5040126,1016409,12,1,18.99,0.00
5040127,1016409,14,1,10.49,0.00
5040128,1016409,24,2,3.49,0.00
5040129,1016410,3,1,10.49,0.00
5040130,1016410,27,1,2.49,0.00
5040131,1016410,30,1,3.29,0.00
5040132,1016411,9,1,13.99,0.00
5040133,1016411,20,1,4.49,0.00
5040134,1016412,2,1,11.99,0.00
5040135,1016412,18,2,5.49,0.00
5040136,1016413,10,1,10.99,0.00
5040137,1016413,23,1,3.99,0.00
5040138,1016414,14,1,10.49,0.00
5040139,1016415,5,1,13.49,0.00
5040140,1016415,22,1,4.49,0.00
5040141,1016416,11,1,13.49,0.00
5040142,1016416,21,1,3.99,0.00
5040143,1016417,16,1,10.49,0.00
5040144,1016418,11,1,13.49,0.00
5040145,1016418,29,1,3.49,0.00
5040146,1016418,35,1,2.99,0.00
5040147,1016419,2,1,11.99,0.00
5040148,1016419,29,1,3.49,0.00
5040149,1016419,34,2,4.49,0.00
5040150,1016420,1,1,11.49,0.00
5040151,1016420,27,1,2.49,0.00
5040152,1016420,20,2,4.49,0.00
5040153,1016421,5,1,13.49,0.00
5040154,1016421,21,4,3.99,0.00
5040155,1016422,2,1,11.99,0.00
5040156,1016422,31,1,3.49,0.00
5040157,1016423,10,1,10.99,0.00
5040158,1016423,29,2,3.49,0.00
5040159,1016424,4,1,14.99,0.00
5040160,1016424,18,1,5.49,0.00
5040161,1016425,16,1,10.49,0.00
5040162,1016425,26,1,2.49,0.00
5040163,1016425,28,1,3.49,0.00
5040164,1016426,1,1,11.49,0.00
5040165,1016426,21,3,3.99,0.00
5040166,1016426,26,1,2.49,0.00
5040167,1016427,16,1,10.49,0.00
5040168,1016427,21,1,3.99,0.00
5040169,1016428,10,1,10.99,0.00
5040170,1016428,28,2,3.49,0.00
5040171,1016428,22,1,4.49,0.00
5040172,1016429,3,1,10.49,0.00
5040173,1016429,31,2,3.49,0.00
5040174,1016429,19,1,3.99,0.00
5040175,1016430,7,2,11.99,0.00
5040176,1016431,11,1,13.49,0.00
5040177,1016432,2,1,11.99,0.00
5040178,1016432,21,1,3.99,0.00
5040179,1016432,23,1,3.99,0.00
5040180,1016432,28,1,3.49,0.00
5040181,1016433,6,2,12.99,0.00
5040182,1016433,25,1,6.49,0.00
5040183,1016434,1,1,11.49,0.00
5040184,1016435,8,1,12.49,0.00
5040185,1016435,34,1,4.49,0.00
5040186,1016435,23,1,3.99,0.00
5040187,1016435,25,1,6.49,0.00
5040188,1016436,9,2,13.99,0.00
5040189,1016436,21,2,3.99,0.00
5040190,1016436,26,1,2.49,0.00
5040191,1016437,15,1,10.99,0.00
5040192,1016437,33,1,5.49,0.00
5040193,1016437,31,1,3.49,0.00
5040194,1016438,3,1,10.49,0.00
5040195,1016438,20,1,4.49,0.00
5040196,1016438,26,1,2.49,0.00
5040197,1016438,18,1,5.49,0.00
5040198,1016439,13,1,9.99,0.00
5040199,1016439,18,2,5.49,0.00
5040200,1016440,10,1,10.99,0.00
5040201,1016440,22,1,4.49,0.00
5040202,1016440,14,1,10.49,0.00
5040203,1016441,11,1,13.49,0.00
5040204,1016441,21,2,3.99,0.00
5040205,1016441,26,1,2.49,0.00
5040206,1016442,9,1,13.99,0.00
5040207,1016443,3,3,10.49,0.00
5040208,1016443,25,1,6.49,0.00
5040209,1016444,11,1,13.49,0.00
5040210,1016444,19,1,3.99,0.00
5040211,1016444,26,1,2.49,0.00
5040212,1016444,30,1,3.29,0.00
5040213,1016444,23,2,3.99,0.00
5040214,1016444,24,2,3.49,0.00
5040215,1016445,4,1,14.99,0.00
5040216,1016445,26,1,2.49,0.00
5040217,1016446,3,2,10.49,0.00
5040218,1016446,21,1,3.99,0.00
5040219,1016447,11,1,13.49,0.00
5040220,1016447,26,1,2.49,0.00
5040221,1016447,18,1,5.49,0.00
5040222,1016448,5,1,13.49,0.00
5040223,1016449,7,1,11.99,0.00
5040224,1016449,3,1,10.49,0.00
5040225,1016450,2,3,11.99,0.00
5040226,1016450,26,1,2.49,0.00
5040227,1016451,2,1,11.99,0.00
5040228,1016451,35,1,2.99,0.00
5040229,1016451,19,1,3.99,0.00
5040230,1016452,7,1,11.99,0.00
5040231,1016452,14,1,10.49,0.00
5040232,1016453,6,1,12.99,0.00
5040233,1016454,13,1,9.99,0.00
5040234,1016454,27,1,2.49,0.00
5040235,1016455,9,1,13.99,0.00
5040236,1016455,19,1,3.99,0.00
5040237,1016456,4,2,14.99,0.00
5040238,1016456,20,1,4.49,0.00
5040239,1016457,3,1,10.49,0.00
5040240,1016457,19,2,3.99,0.00
5040241,1016458,8,1,12.49,0.00
5040242,1016459,5,1,13.49,0.00
5040243,1016459,27,1,2.49,0.00
5040244,1016460,3,2,10.49,0.00
5040245,1016460,31,1,3.49,0.00
5040246,1016460,22,1,4.49,0.00
5040247,1016461,2,1,11.99,0.00
5040248,1016461,26,1,2.49,0.00
5040249,1016462,9,1,13.99,0.00
5040250,1016463,12,1,18.99,0.00
5040251,1016463,27,1,2.49,0.00
5040252,1016463,31,1,3.49,0.00
5040253,1016464,11,1,13.49,0.00
5040254,1016464,19,1,3.99,0.00
5040255,1016465,3,1,10.49,0.00
5040256,1016465,22,1,4.49,0.00
5040257,1016466,13,1,9.99,0.00
5040258,1016466,3,2,10.49,0.00
5040259,1016467,4,1,14.99,0.00
5040260,1016467,21,1,3.99,0.00
5040261,1016467,32,1,4.99,0.00
5040262,1016467,26,1,2.49,0.00
5040263,1016468,4,1,14.99,0.00
5040264,1016468,28,2,3.49,0.00
5040265,1016469,4,1,14.99,0.00
5040266,1016469,26,1,2.49,0.00
5040267,1016470,2,1,11.99,0.00
5040268,1016471,7,3,11.99,0.00
5040269,1016471,14,1,10.49,0.00
5040270,1016472,5,1,13.49,0.00
5040271,1016473,12,1,18.99,0.00
5040272,1016474,5,1,13.49,0.00
5040273,1016474,25,2,6.49,0.00
5040274,1016474,12,1,18.99,0.00
5040275,1016475,6,2,12.99,0.00
5040276,1016475,29,1,3.49,0.00
5040277,1016475,35,1,2.99,0.00
5040278,1016476,2,1,11.99,0.00
5040279,1016476,1,1,11.49,0.00
5040280,1016477,9,3,13.99,0.00
5040281,1016478,3,1,10.49,0.00
5040282,1016479,16,1,10.49,0.00
5040283,1016480,3,1,10.49,0.00
5040284,1016481,7,1,11.99,0.00
5040285,1016482,5,1,13.49,0.00
5040286,1016482,21,1,3.99,0.00
5040287,1016482,11,1,13.49,0.00
5040288,1016483,9,1,13.99,0.00
5040289,1016483,32,1,4.99,0.00
5040290,1016483,21,1,3.99,0.00
5040291,1016483,27,3,2.49,0.00
5040292,1016484,2,1,11.99,0.00
5040293,1016485,6,1,12.99,0.00
5040294,1016485,24,1,3.49,0.00
5040295,1016485,27,1,2.49,0.00
5040296,1016486,10,1,10.99,0.00
5040297,1016486,32,1,4.99,0.00
5040298,1016486,21,2,3.99,0.00
5040299,1016487,1,1,11.49,0.00
5040300,1016487,34,1,4.49,0.00
5040301,1016487,35,2,2.99,0.00
5040302,1016487,20,1,4.49,0.00
5040303,1016487,33,1,5.49,0.00
5040304,1016488,15,1,10.99,0.00
5040305,1016488,27,1,2.49,0.00
5040306,1016489,9,1,13.99,0.00
5040307,1016489,21,1,3.99,0.00
5040308,1016490,11,2,13.49,0.00
5040309,1016490,19,1,3.99,0.00
5040310,1016490,33,1,5.49,0.00
5040311,1016490,8,1,12.49,0.00
5040312,1016490,1,1,11.49,0.00
5040313,1016490,2,2,11.99,0.00
5040314,1016491,8,2,12.49,0.00
5040315,1016492,8,1,12.49,0.00
5040316,1016492,32,1,4.99,0.00
5040317,1016493,5,2,13.49,0.00
5040318,1016493,28,1,3.49,0.00
5040319,1016493,32,1,4.99,0.00
5040320,1016494,4,1,14.99,0.00
5040321,1016494,13,1,9.99,0.00
5040322,1016494,24,1,3.49,0.00
5040323,1016495,9,1,13.99,0.00
5040324,1016495,29,1,3.49,0.00
5040325,1016496,9,1,13.99,0.00
5040326,1016496,13,1,9.99,0.00
5040327,1016497,9,1,13.99,0.00
5040328,1016498,10,1,10.99,0.00
5040329,1016498,24,1,3.49,0.00
5040330,1016498,32,1,4.99,0.00
5040331,1016499,1,1,11.49,0.00
5040332,1016499,10,1,10.99,0.00
5040333,1016500,5,1,13.49,0.00
5040334,1016500,18,1,5.49,0.00
5040335,1016501,5,1,13.49,0.00
5040336,1016501,22,1,4.49,0.00
5040337,1016501,26,1,2.49,0.00
5040338,1016502,5,2,13.49,0.00
5040339,1016502,10,1,10.99,0.00
5040340,1016502,32,1,4.99,0.00
5040341,1016503,6,1,12.99,0.00
5040342,1016503,27,1,2.49,0.00
5040343,1016504,9,2,13.99,0.00
5040344,1016505,3,1,10.49,0.00
5040345,1016505,31,1,3.49,0.00
5040346,1016506,4,1,14.99,0.00
5040347,1016507,8,1,12.49,0.00
5040348,1016507,28,2,3.49,0.00
5040349,1016508,11,2,13.49,0.00
5040350,1016508,22,1,4.49,0.00
5040351,1016508,26,1,2.49,0.00
5040352,1016508,31,1,3.49,0.00
5040353,1016509,1,1,11.49,0.00
5040354,1016509,21,1,3.99,0.00
5040355,1016509,30,1,3.29,0.00
5040356,1016509,29,1,3.49,0.00
5040357,1016509,26,1,2.49,0.00
5040358,1016510,10,1,10.99,0.00
5040359,1016510,18,1,5.49,0.00
5040360,1016511,11,1,13.49,0.00
5040361,1016511,28,1,3.49,0.00
5040362,1016511,26,1,2.49,0.00
5040363,1016512,7,1,11.99,0.00
5040364,1016513,15,1,10.99,0.00
5040365,1016514,7,1,11.99,0.00
5040366,1016514,21,1,3.99,0.00
5040367,1016514,16,1,10.49,0.00
5040368,1016514,29,1,3.49,0.00
5040369,1016515,3,1,10.49,0.00
5040370,1016515,25,1,6.49,0.00
5040371,1016515,19,1,3.99,0.00
5040372,1016516,3,1,10.49,0.00
5040373,1016516,33,2,5.49,0.00
5040374,1016516,22,1,4.49,0.00
5040375,1016517,15,1,10.99,0.00
5040376,1016518,11,2,13.49,0.00
5040377,1016518,27,1,2.49,0.00
5040378,1016518,12,1,18.99,0.00
5040379,1016519,4,1,14.99,0.00
5040380,1016519,21,1,3.99,0.00
5040381,1016519,30,3,3.29,0.00
5040382,1016520,8,1,12.49,0.00
5040383,1016520,19,1,3.99,0.00
5040384,1016521,7,3,11.99,0.00
5040385,1016521,3,1,10.49,0.00
5040386,1016521,21,1,3.99,0.00
5040387,1016522,2,1,11.99,0.00
5040388,1016522,21,2,3.99,0.00
5040389,1016522,19,1,3.99,0.00
5040390,1016522,26,1,2.49,0.00
5040391,1016523,4,1,14.99,0.00
5040392,1016524,10,1,10.99,0.00
5040393,1016524,7,1,11.99,0.00
5040394,1016525,14,2,10.49,0.00
5040395,1016525,18,1,5.49,0.00
5040396,1016525,29,1,3.49,0.00
5040397,1016526,12,1,18.99,0.00
5040398,1016527,11,1,13.49,0.00
5040399,1016527,18,1,5.49,0.00
5040400,1016527,21,1,3.99,0.00
5040401,1016528,14,1,10.49,0.00
5040402,1016528,26,1,2.49,0.00
5040403,1016529,8,1,12.49,0.00
5040404,1016529,21,1,3.99,0.00
5040405,1016530,6,1,12.99,0.00
5040406,1016530,18,1,5.49,0.00
5040407,1016531,7,1,11.99,0.00
5040408,1016532,9,2,13.99,0.00
5040409,1016532,28,1,3.49,0.00
5040410,1016533,10,1,10.99,0.00
5040411,1016533,22,1,4.49,0.00
5040412,1016534,11,1,13.49,0.00
5040413,1016535,16,-1,10.49,0.00
5040414,1016536,7,1,11.99,0.00
5040415,1016537,12,2,18.99,0.00
5040416,1016537,28,2,3.49,0.00
5040417,1016537,31,1,3.49,0.00
5040418,1016538,1,1,11.49,0.00
5040419,1016538,22,2,4.49,0.00
5040420,1016538,20,1,4.49,0.00
5040421,1016538,4,1,14.99,0.00
5040422,1016539,8,1,12.49,0.00
5040423,1016539,24,1,3.49,0.00
5040424,1016539,28,1,3.49,0.00
5040425,1016540,11,1,13.49,0.00
5040426,1016540,18,3,5.49,0.00
5040427,1016541,5,1,13.49,0.00
5040428,1016542,4,1,14.99,0.00
5040429,1016542,29,1,3.49,0.00
5040430,1016542,33,1,5.49,0.00
5040431,1016543,3,1,10.49,0.00
5040432,1016543,25,1,6.49,0.00
5040433,1016544,5,1,13.49,0.00
5040434,1016544,23,3,3.99,0.00
5040435,1016545,2,1,11.99,0.00
5040436,1016545,25,2,6.49,0.00
5040437,1016546,13,1,9.99,0.00
5040438,1016546,4,1,14.99,0.00
5040439,1016547,11,1,13.49,0.00
5040440,1016547,20,1,4.49,0.00
5040441,1016547,27,1,2.49,0.00
5040442,1016547,29,1,3.49,0.00
5040443,1016548,8,2,12.49,0.00
5040444,1016548,26,1,2.49,0.00
5040445,1016548,18,1,5.49,0.00
5040446,1016548,6,2,12.99,0.00
5040447,1016548,22,2,4.49,0.00
5040448,1016548,25,1,6.49,0.00
5040449,1016549,16,1,10.49,0.00
5040450,1016549,29,1,3.49,0.00
5040451,1016549,21,1,3.99,0.00
5040452,1016549,19,1,3.99,0.00
5040453,1016549,27,1,2.49,0.00
5040454,1016550,11,2,13.49,0.00
5040455,1016550,26,3,2.49,0.00
5040456,1016551,7,1,11.99,0.00
5040457,1016551,28,1,3.49,0.00
5040458,1016551,21,1,3.99,0.00
5040459,1016552,3,1,10.49,0.00
5040460,1016552,30,-2,3.29,0.00
5040461,1016553,1,1,11.49,0.00
5040462,1016553,26,2,2.49,0.00
5040463,1016553,33,1,5.49,0.00
5040464,1016553,29,1,3.49,0.00
5040465,1016553,27,1,2.49,0.00
5040466,1016554,3,1,10.49,0.00
5040467,1016554,25,1,6.49,0.00
5040468,1016555,1,1,11.49,0.00
5040469,1016555,18,1,5.49,0.00
5040470,1016556,6,1,12.99,0.00
5040471,1016557,2,1,11.99,0.00
5040472,1016557,24,1,3.49,0.00
5040473,1016558,6,1,12.99,0.00
5040474,1016558,35,1,2.99,0.00
5040475,1016558,24,1,3.49,0.00
5040476,1016558,30,1,3.29,0.00
5040477,1016559,9,1,13.99,0.00
5040478,1016560,13,1,9.99,0.00
5040479,1016560,22,1,4.49,0.00
5040480,1016560,21,2,3.99,0.00
5040481,1016560,26,1,2.49,0.00
5040482,1016560,20,1,4.49,0.00
5040483,1016561,5,2,13.49,0.00
5040484,1016561,23,1,3.99,0.00
5040485,1016562,7,1,11.99,0.00
5040486,1016563,13,1,9.99,0.00
5040487,1016564,1,2,11.49,0.00
5040488,1016564,21,2,3.99,0.00
5040489,1016564,32,1,4.99,0.00
5040490,1016565,13,2,9.99,0.00
5040491,1016565,27,1,2.49,0.00
5040492,1016566,7,1,11.99,0.00
5040493,1016566,29,2,3.49,0.00
5040494,1016566,28,1,3.49,0.00
5040495,1016567,3,1,10.49,0.00
5040496,1016567,27,1,2.49,0.00
5040497,1016567,33,2,5.49,0.00
5040498,1016567,22,3,4.49,0.00
5040499,1016568,15,1,10.99,0.00
5040500,1016568,30,1,3.29,0.00
5040501,1016568,22,1,4.49,0.00
5040502,1016568,18,0,5.49,0.00
5040503,1016569,1,1,11.49,0.00
5040504,1016569,9,1,13.99,0.00
5040505,1016569,24,1,3.49,0.00
5040506,1016569,26,1,2.49,0.00
5040507,1016570,15,1,10.99,0.00
5040508,1016570,22,1,4.49,0.00
5040509,1016571,6,1,12.99,0.00
5040510,1016571,33,1,5.49,0.00
5040511,1016572,2,1,11.99,0.00
5040512,1016572,25,1,6.49,0.00
5040513,1016572,4,2,14.99,0.00
5040514,1016573,10,1,10.99,0.00
5040515,1016573,28,1,3.49,0.00
5040516,1016573,26,2,2.49,0.00
5040517,1016573,32,2,4.99,0.00
5040518,1016574,14,3,10.49,0.00
5040519,1016574,27,1,2.49,0.00
5040520,1016575,1,1,11.49,0.00
5040521,1016575,7,1,11.99,0.00
5040522,1016575,8,1,12.49,0.00
5040523,1016576,12,1,18.99,0.00
5040524,1016576,6,1,12.99,0.00
5040525,1016576,29,1,3.49,0.00
5040526,1016577,6,1,12.99,0.00
5040527,1016577,28,1,3.49,0.00
5040528,1016577,27,1,2.49,0.00
5040529,1016577,26,1,2.49,0.00
5040530,1016578,12,1,18.99,0.00
5040531,1016578,26,1,2.49,0.00
5040532,1016579,1,1,11.49,0.00
5040533,1016580,3,1,10.49,0.00
5040534,1016580,32,2,4.99,0.00
5040535,1016581,3,1,10.49,0.00
5040536,1016581,24,2,3.49,0.00
5040537,1016581,18,2,5.49,0.00
5040538,1016581,35,1,2.99,0.00
5040539,1016581,27,2,2.49,0.00
5040540,1016582,14,2,10.49,0.00
5040541,1016582,27,1,2.49,0.00
5040542,1016582,18,1,5.49,0.00
5040543,1016583,6,1,12.99,0.00
5040544,1016583,26,3,2.49,0.00
5040545,1016583,3,2,10.49,0.00
5040546,1016583,25,1,6.49,0.00
5040547,1016584,2,1,11.99,0.00
5040548,1016584,21,1,3.99,0.00
5040549,1016584,26,1,2.49,0.00
5040550,1016585,3,1,10.49,0.00
5040551,1016585,33,1,5.49,0.00
5040552,1016586,13,1,9.99,0.00
5040553,1016587,3,1,10.49,0.00
5040554,1016587,22,1,4.49,0.00
5040555,1016587,19,1,3.99,0.00
5040556,1016588,14,1,10.49,0.00
5040557,1016588,23,1,3.99,0.00
5040558,1016588,25,1,6.49,0.00
5040559,1016589,6,1,12.99,0.00
5040560,1016589,27,2,2.49,0.00
5040561,1016590,3,3,10.49,0.00
5040562,1016590,26,1,2.49,0.00
5040563,1016590,32,3,4.99,0.00
5040564,1016590,8,1,12.49,0.00
5040565,1016590,22,2,4.49,0.00
5040566,1016591,1,2,11.49,0.00
5040567,1016591,27,1,2.49,0.00
5040568,1016591,22,1,4.49,0.00
5040569,1016591,24,1,3.49,0.00
5040570,1016592,11,1,13.49,0.00
5040571,1016592,18,1,5.49,0.00
5040572,1016592,23,1,3.99,0.00
5040573,1016593,2,1,11.99,0.00
5040574,1016594,10,1,10.99,0.00
5040575,1016594,1,1,11.49,0.00
5040576,1016594,11,1,13.49,0.00
5040577,1016594,27,1,2.49,0.00
5040578,1016595,5,1,13.49,0.00
5040579,1016596,7,1,11.99,0.00
5040580,1016596,33,1,5.49,0.00
5040581,1016596,25,1,6.49,0.00
5040582,1016596,19,1,3.99,0.00
5040583,1016596,34,1,4.49,0.00
5040584,1016597,16,1,10.49,0.00
5040585,1016597,23,1,3.99,0.00
5040586,1016597,21,2,3.99,0.00
5040587,1016597,26,1,2.49,0.00
5040588,1016598,1,1,11.49,0.00
5040589,1016598,27,2,2.49,0.00
5040590,1016598,28,1,3.49,0.00
5040591,1016598,18,1,5.49,0.00
5040592,1016599,9,1,13.99,0.00
5040593,1016599,4,1,14.99,0.00
5040594,1016599,30,1,3.29,0.00
5040595,1016600,3,1,10.49,0.00
5040596,1016600,32,1,4.99,0.00
5040597,1016600,22,1,4.49,0.00
5040598,1016601,2,1,11.99,0.00
5040599,1016601,27,1,2.49,0.00
5040600,1016601,18,3,5.49,0.00
5040601,1016602,3,1,10.49,0.00
5040602,1016602,19,3,3.99,0.00
5040603,1016603,4,2,14.99,0.00
5040604,1016603,20,1,4.49,0.00
5040605,1016603,21,1,3.99,0.00
5040606,1016604,1,2,11.49,0.00
5040607,1016604,28,1,3.49,0.00
5040608,1016604,30,1,3.29,0.00
5040609,1016604,33,1,5.49,0.00
5040610,1016604,34,1,4.49,0.00
5040611,1016605,14,1,10.49,0.00
5040612,1016605,22,1,4.49,0.00
5040613,1016605,23,1,3.99,0.00
5040614,1016606,15,1,10.99,0.00
5040615,1016606,19,1,3.99,0.00
5040616,1016607,13,1,9.99,0.00
5040617,1016607,25,1,6.49,0.00
5040618,1016607,28,1,3.49,0.00
5040619,1016607,22,1,4.49,0.00
5040620,1016608,8,1,12.49,0.00
5040621,1016608,4,1,14.99,0.00
5040622,1016608,19,1,3.99,0.00
5040623,1016608,25,1,6.49,0.00
5040624,1016608,27,1,2.49,0.00
5040625,1016608,21,1,3.99,0.00
5040626,1016609,6,1,12.99,0.00
5040627,1016609,21,1,3.99,0.00
5040628,1016609,25,1,6.49,0.00
5040629,1016610,7,1,11.99,0.00
5040630,1016611,1,3,11.49,0.00
5040631,1016612,5,2,13.49,0.00
5040632,1016612,23,1,3.99,0.00
5040633,1016613,5,1,13.49,0.00
5040634,1016613,30,1,3.29,0.00
5040635,1016613,32,1,4.99,0.00
5040636,1016614,1,1,11.49,0.00
5040637,1016614,18,1,5.49,0.00
5040638,1016615,2,1,11.99,0.00
5040639,1016615,27,1,2.49,0.00
5040640,1016615,29,1,3.49,0.00
5040641,1016616,12,1,18.99,0.00
5040642,1016616,31,1,3.49,0.00
5040643,1016616,26,1,2.49,0.00
5040644,1016617,12,1,18.99,0.00
5040645,1016617,29,1,3.49,0.00
5040646,1016617,22,1,4.49,0.00
5040647,1016618,14,1,10.49,0.00
5040648,1016619,4,1,14.99,0.00
5040649,1016619,26,1,2.49,0.00
5040650,1016619,5,1,13.49,0.00
5040651,1016619,22,1,4.49,0.00
5040652,1016620,12,1,18.99,0.00
5040653,1016621,2,1,11.99,0.00
5040654,1016621,32,1,4.99,0.00
5040655,1016622,2,1,11.99,0.00
5040656,1016622,26,1,2.49,0.00
5040657,1016623,7,2,11.99,0.00
5040658,1016623,20,1,4.49,0.00
5040659,1016623,21,1,3.99,0.00
5040660,1016624,7,2,11.99,0.00
5040661,1016624,18,0,5.49,0.00
5040662,1016624,31,1,3.49,0.00
5040663,1016624,30,2,3.29,0.00
5040664,1016625,9,1,13.99,0.00
5040665,1016626,14,1,10.49,0.00
5040666,1016626,27,1,2.49,0.00
5040667,1016626,32,1,4.99,0.00
5040668,1016626,24,1,3.49,0.00
5040669,1016626,26,2,2.49,0.00
5040670,1016627,14,1,10.49,0.00
5040671,1016627,21,1,3.99,0.00
5040672,1016628,4,1,14.99,0.00
5040673,1016629,14,1,10.49,0.00
5040674,1016629,23,2,3.99,0.00
5040675,1016629,26,1,2.49,0.00
5040676,1016630,7,1,11.99,0.00
5040677,1016630,22,1,4.49,0.00
5040678,1016630,31,1,3.49,0.00
5040679,1016631,2,1,11.99,0.00
5040680,1016631,29,1,3.49,0.00
5040681,1016631,18,1,5.49,0.00
5040682,1016631,30,2,3.29,0.00
5040683,1016631,19,1,3.99,0.00
5040684,1016632,10,1,10.99,0.00
5040685,1016632,27,1,2.49,0.00
5040686,1016632,26,1,2.49,0.00
5040687,1016633,2,1,11.99,0.00
5040688,1016633,19,1,3.99,0.00
5040689,1016634,8,1,12.49,0.00
5040690,1016634,27,1,2.49,0.00
5040691,1016635,1,1,11.49,0.00
5040692,1016636,11,1,13.49,0.00
5040693,1016636,21,1,3.99,0.00
5040694,1016637,7,1,11.99,0.00
5040695,1016637,27,1,2.49,0.00
5040696,1016638,9,1,13.99,0.00
5040697,1016639,2,1,11.99,0.00
5040698,1016639,29,1,3.49,0.00
5040699,1016640,2,1,11.99,0.00
5040700,1016640,25,1,6.49,0.00
5040701,1016640,19,1,3.99,0.00
5040702,1016641,9,2,13.99,0.00
5040703,1016642,12,1,18.99,0.00
5040704,1016642,21,2,3.99,0.00
5040705,1016643,9,1,13.99,0.00
5040706,1016644,3,1,10.49,0.00
5040707,1016644,26,1,2.49,0.00
5040708,1016645,2,1,11.99,0.00
5040709,1016645,21,2,3.99,0.00
5040710,1016645,18,1,5.49,0.00
5040711,1016645,34,2,4.49,0.00
5040712,1016646,1,1,11.49,0.00
5040713,1016646,26,1,2.49,0.00
5040714,1016647,13,1,9.99,0.00
5040715,1016647,28,1,3.49,0.00
5040716,1016647,26,1,2.49,0.00
5040717,1016647,29,1,3.49,0.00
5040718,1016648,15,1,10.99,0.00
5040719,1016648,28,1,3.49,0.00
5040720,1016648,29,1,3.49,0.00
5040721,1016649,1,1,11.49,0.00
5040722,1016649,22,1,4.49,0.00
5040723,1016650,11,1,13.49,0.00
5040724,1016650,30,1,3.29,0.00
5040725,1016650,34,1,4.49,0.00
5040726,1016651,6,1,12.99,0.00
5040727,1016651,30,2,3.29,0.00
5040728,1016651,20,1,4.49,0.00
5040729,1016652,14,1,10.49,0.00
5040730,1016652,28,1,3.49,0.00
5040731,1016652,25,1,6.49,0.00
5040732,1016652,18,1,5.49,0.00
5040733,1016652,34,1,4.49,0.00
5040734,1016652,27,1,2.49,0.00
5040735,1016653,7,1,11.99,0.00
5040736,1016653,19,1,3.99,0.00
5040737,1016653,35,1,2.99,0.00
5040738,1016654,13,1,9.99,0.00
5040739,1016654,28,1,3.49,0.00
5040740,1016654,21,1,3.99,0.00
5040741,1016655,7,1,11.99,0.00
5040742,1016655,27,1,2.49,0.00
5040743,1016655,21,-1,3.99,0.00
5040744,1016655,29,2,3.49,0.00
5040745,1016656,5,1,13.49,0.00
5040746,1016656,18,1,5.49,0.00
5040747,1016656,22,1,4.49,0.00
5040748,1016656,1,2,11.49,0.00
5040749,1016656,30,1,3.29,0.00
5040750,1016656,25,1,6.49,0.00
5040751,1016657,1,1,11.49,0.00
5040752,1016657,34,1,4.49,0.00
5040753,1016658,11,1,13.49,0.00
5040754,1016658,28,3,3.49,0.00
5040755,1016659,9,1,13.99,0.00
5040756,1016659,27,1,2.49,0.00
5040757,1016659,30,1,3.29,0.00
5040758,1016659,20,2,4.49,0.00
5040759,1016660,16,1,10.49,0.00
5040760,1016660,26,1,2.49,0.00
5040761,1016661,5,1,13.49,0.00
5040762,1016661,20,2,4.49,0.00
5040763,1016661,31,1,3.49,0.00
5040764,1016662,15,1,10.99,0.00
5040765,1016662,20,1,4.49,0.00
5040766,1016662,27,1,2.49,0.00
5040767,1016663,2,1,11.99,0.00
5040768,1016663,34,1,4.49,0.00
5040769,1016663,30,1,3.29,0.00
5040770,1016664,2,2,11.99,0.00
5040771,1016665,3,1,10.49,0.00
5040772,1016665,31,3,3.49,0.00
5040773,1016665,18,1,5.49,0.00
5040774,1016665,26,1,2.49,0.00
5040775,1016666,2,1,11.99,0.00
5040776,1016666,32,1,4.99,0.00
5040777,1016667,12,1,18.99,0.00
5040778,1016667,18,2,5.49,0.00
5040779,1016668,9,1,13.99,0.00
5040780,1016668,19,2,3.99,0.00
5040781,1016669,9,1,13.99,0.00
5040782,1016669,25,1,6.49,0.00
5040783,1016670,11,3,13.49,0.00
5040784,1016671,1,1,11.49,0.00
5040785,1016671,21,1,3.99,0.00
5040786,1016671,25,1,6.49,0.00
5040787,1016671,27,3,2.49,0.00
5040788,1016671,26,1,2.49,0.00
5040789,1016671,34,-2,4.49,0.00
5040790,1016672,16,1,10.49,0.00
5040791,1016672,22,1,4.49,0.00
5040792,1016672,27,1,2.49,0.00
5040793,1016672,19,1,3.99,0.00
5040794,1016673,2,1,11.99,0.00
5040795,1016673,28,1,3.49,0.00
5040796,1016673,23,1,3.99,0.00
5040797,1016673,19,1,3.99,0.00
5040798,1016674,2,1,11.99,0.00
5040799,1016675,10,1,10.99,0.00
5040800,1016675,25,1,6.49,0.00
5040801,1016675,22,1,4.49,0.00
5040802,1016675,28,1,3.49,0.00
5040803,1016675,30,2,3.29,0.00
5040804,1016676,14,1,10.49,0.00
5040805,1016676,18,1,5.49,0.00
5040806,1016676,28,1,3.49,0.00
5040807,1016676,30,1,3.29,0.00
5040808,1016677,9,1,13.99,0.00
5040809,1016677,19,1,3.99,0.00
5040810,1016677,31,1,3.49,0.00
5040811,1016677,24,2,3.49,0.00
5040812,1016677,26,1,2.49,0.00
5040813,1016678,5,1,13.49,0.00
5040814,1016678,34,3,4.49,0.00
5040815,1016679,8,1,12.49,0.00
5040816,1016680,12,1,18.99,0.00
5040817,1016680,27,1,2.49,0.00
5040818,1016681,13,2,9.99,0.00
5040819,1016681,28,1,3.49,0.00
5040820,1016681,29,1,3.49,0.00
5040821,1016681,32,1,4.99,0.00
5040822,1016682,3,1,10.49,0.00
5040823,1016683,3,1,10.49,0.00
5040824,1016684,2,1,11.99,0.00
5040825,1016684,31,1,3.49,0.00
5040826,1016685,6,1,12.99,0.00
5040827,1016686,2,1,11.99,0.00
5040828,1016686,22,1,4.49,0.00
5040829,1016686,26,1,2.49,0.00
5040830,1016686,3,1,10.49,0.00
5040831,1016687,4,1,14.99,0.00
5040832,1016687,22,1,4.49,0.00
5040833,1016687,21,1,3.99,0.00
5040834,1016687,29,1,3.49,0.00
5040835,1016688,9,3,13.99,0.00
5040836,1016688,26,1,2.49,0.00
5040837,1016688,31,1,3.49,0.00
5040838,1016689,11,2,13.49,0.00
5040839,1016689,24,2,3.49,0.00
5040840,1016690,7,1,11.99,0.00
5040841,1016691,2,1,11.99,0.00
5040842,1016691,1,1,11.49,0.00
5040843,1016692,16,1,10.49,0.00
5040844,1016693,7,1,11.99,0.00
5040845,1016693,21,2,3.99,0.00
5040846,1016694,9,1,13.99,0.00
5040847,1016694,30,1,3.29,0.00
5040848,1016695,7,1,11.99,0.00
5040849,1016695,22,1,4.49,0.00
5040850,1016696,2,1,11.99,0.00
5040851,1016697,10,1,10.99,0.00
5040852,1016697,25,1,6.49,0.00
5040853,1016698,14,1,10.49,0.00
5040854,1016698,11,2,13.49,0.00
5040855,1016698,22,1,4.49,0.00
5040856,1016698,25,1,6.49,0.00
5040857,1016699,7,1,11.99,0.00
5040858,1016699,30,1,3.29,0.00
5040859,1016700,2,1,11.99,0.00
5040860,1016700,21,2,3.99,0.00
5040861,1016700,25,1,6.49,0.00
5040862,1016701,4,1,14.99,0.00
5040863,1016701,20,3,4.49,0.00
5040864,1016702,2,1,11.99,0.00
5040865,1016702,27,2,2.49,0.00
5040866,1016702,18,1,5.49,0.00
5040867,1016703,14,1,10.49,0.00
5040868,1016703,18,1,5.49,0.00
5040869,1016704,11,2,13.49,0.00
5040870,1016704,33,1,5.49,0.00
5040871,1016704,21,1,3.99,0.00
5040872,1016704,14,2,10.49,0.00
5040873,1016705,10,1,10.99,0.00
5040874,1016705,26,2,2.49,0.00
5040875,1016705,6,1,12.99,0.00
5040876,1016705,1,1,11.49,0.00
5040877,1016706,6,1,12.99,0.00
5040878,1016706,25,1,6.49,0.00
5040879,1016706,20,1,4.49,0.00
5040880,1016706,31,3,3.49,0.00
5040881,1016707,6,1,12.99,0.00
5040882,1016708,14,1,10.49,0.00
5040883,1016708,19,1,3.99,0.00
5040884,1016708,21,1,3.99,0.00
5040885,1016709,15,1,10.99,0.00
5040886,1016709,19,1,3.99,0.00
5040887,1016710,3,2,10.49,0.00
5040888,1016710,32,1,4.99,0.00
5040889,1016710,20,2,4.49,0.00
5040890,1016710,27,1,2.49,0.00
5040891,1016710,26,1,2.49,0.00
5040892,1016711,10,1,10.99,0.00
5040893,1016712,5,1,13.49,0.00
5040894,1016712,23,1,3.99,0.00
5040895,1016713,7,1,11.99,0.00
5040896,1016713,32,1,4.99,0.00
5040897,1016713,27,1,2.49,0.00
5040898,1016714,3,1,10.49,0.00
5040899,1016714,19,2,3.99,0.00
5040900,1016715,4,1,14.99,0.00
5040901,1016716,2,1,11.99,0.00
5040902,1016716,19,1,3.99,0.00
5040903,1016717,1,2,11.49,0.00
5040904,1016717,31,1,3.49,0.00
5040905,1016717,16,1,10.49,0.00
5040906,1016718,1,1,11.49,0.00
5040907,1016718,21,1,3.99,0.00
5040908,1016718,32,1,4.99,0.00
5040909,1016719,8,1,12.49,0.00
5040910,1016719,3,2,10.49,0.00
5040911,1016719,6,1,12.99,0.00
5040912,1016719,20,1,4.49,0.00
5040913,1016719,23,1,3.99,0.00
5040914,1016720,9,1,13.99,0.00
5040915,1016720,33,1,5.49,0.00
5040916,1016720,34,1,4.49,0.00
5040917,1016721,10,1,10.99,0.00
5040918,1016721,27,1,2.49,0.00
5040919,1016722,14,1,10.49,0.00
5040920,1016722,18,3,5.49,0.00
5040921,1016723,4,1,14.99,0.00
5040922,1016723,20,1,4.49,0.00
5040923,1016723,30,1,3.29,0.00
5040924,1016724,6,1,12.99,0.00
5040925,1016724,30,1,3.29,0.00
5040926,1016725,8,2,12.49,0.00
5040927,1016725,28,1,3.49,0.00
5040928,1016725,18,1,5.49,0.00
5040929,1016726,11,1,13.49,0.00
5040930,1016726,1,1,11.49,0.00
5040931,1016727,8,1,12.49,0.00
5040932,1016727,19,1,3.99,0.00
5040933,1016727,29,1,3.49,0.00
5040934,1016728,2,1,11.99,0.00
5040935,1016728,25,2,6.49,0.00
5040936,1016728,19,1,3.99,0.00
5040937,1016728,31,1,3.49,0.00
5040938,1016728,27,1,2.49,0.00
5040939,1016729,5,1,13.49,0.00
5040940,1016729,18,1,5.49,0.00
5040941,1016730,15,1,10.99,0.00
5040942,1016730,2,1,11.99,0.00
5040943,1016731,11,1,13.49,0.00
5040944,1016731,18,1,5.49,0.00
5040945,1016732,7,1,11.99,0.00
5040946,1016732,19,1,3.99,0.00
5040947,1016733,3,1,10.49,0.00
5040948,1016733,35,2,2.99,0.00
5040949,1016733,25,1,6.49,0.00
5040950,1016733,27,1,2.49,0.00
5040951,1016734,1,1,11.49,0.00
5040952,1016734,25,1,6.49,0.00
5040953,1016735,4,1,14.99,0.00
5040954,1016735,27,1,2.49,0.00
5040955,1016736,10,1,10.99,0.00
5040956,1016736,27,1,2.49,0.00
5040957,1016736,21,1,3.99,0.00
5040958,1016737,3,1,10.49,0.00
5040959,1016738,8,1,12.49,0.00
5040960,1016738,20,1,4.49,0.00
5040961,1016738,27,1,2.49,0.00
5040962,1016739,3,1,10.49,0.00
5040963,1016740,1,1,11.49,0.00
5040964,1016740,22,1,4.49,0.00
5040965,1016740,3,1,10.49,0.00
5040966,1016741,2,1,11.99,0.00
5040967,1016741,30,1,3.29,0.00
5040968,1016742,16,2,10.49,0.00
5040969,1016742,18,1,5.49,0.00
5040970,1016742,29,1,3.49,0.00
5040971,1016742,25,1,6.49,0.00
5040972,1016742,21,1,3.99,0.00
5040973,1016743,1,1,11.49,0.00
5040974,1016743,26,1,2.49,0.00
5040975,1016743,18,2,5.49,0.00
5040976,1016743,28,1,3.49,0.00
5040977,1016744,2,1,11.99,0.00
5040978,1016744,22,1,4.49,0.00
5040979,1016745,6,1,12.99,0.00
5040980,1016745,25,1,6.49,0.00
5040981,1016745,32,1,4.99,0.00
5040982,1016746,7,1,11.99,0.00
5040983,1016746,27,1,2.49,0.00
5040984,1016747,6,1,12.99,0.00
5040985,1016747,20,1,4.49,0.00
5040986,1016747,1,1,11.49,0.00
5040987,1016747,19,1,3.99,0.00
5040988,1016748,1,1,11.49,0.00
5040989,1016749,6,1,12.99,0.00
5040990,1016749,18,1,5.49,0.00
5040991,1016749,25,1,6.49,0.00
5040992,1016750,6,1,12.99,0.00
5040993,1016750,18,1,5.49,0.00
5040994,1016750,34,1,4.49,0.00
5040995,1016750,19,2,3.99,0.00
5040996,1016750,3,1,10.49,0.00
5040997,1016751,4,1,14.99,0.00
5040998,1016751,13,1,9.99,0.00
5040999,1016751,24,1,3.49,0.00
5041000,1016751,25,1,6.49,0.00
5041001,1016751,21,1,3.99,0.00
5041002,1016751,2,1,11.99,0.00
5041003,1016752,11,1,13.49,0.00
5041004,1016752,27,1,2.49,0.00
5041005,1016752,19,1,3.99,0.00
5041006,1016753,9,1,13.99,0.00
5041007,1016753,20,1,4.49,0.00
5041008,1016754,3,1,10.49,0.00
5041009,1016754,21,1,3.99,0.00
5041010,1016754,25,1,6.49,0.00
5041011,1016754,26,1,2.49,0.00
5041012,1016755,1,1,11.49,0.00
5041013,1016755,34,1,4.49,0.00
5041014,1016755,23,2,3.99,0.00
5041015,1016755,22,1,4.49,0.00
5041016,1016756,2,1,11.99,0.00
5041017,1016757,6,1,12.99,0.00
5041018,1016757,28,1,3.49,0.00
5041019,1016757,18,1,5.49,0.00
5041020,1016757,27,1,2.49,0.00
5041021,1016758,6,1,12.99,0.00
5041022,1016759,3,1,10.49,0.00
5041023,1016759,32,1,4.99,0.00
5041024,1016759,34,1,4.49,0.00
5041025,1016760,1,1,11.49,0.00
5041026,1016761,9,1,13.99,0.00
5041027,1016761,24,2,3.49,0.00
5041028,1016761,32,1,4.99,0.00
5041029,1016761,18,2,5.49,0.00
5041030,1016762,1,3,11.49,0.00
5041031,1016762,27,1,2.49,0.00
5041032,1016762,19,1,3.99,0.00
5041033,1016763,4,1,14.99,0.00
5041034,1016764,8,1,12.49,0.00
5041035,1016764,31,1,3.49,0.00
5041036,1016764,24,1,3.49,0.00
5041037,1016765,16,1,10.49,0.00
5041038,1016765,26,1,2.49,0.00
5041039,1016765,20,1,4.49,0.00
5041040,1016766,10,1,10.99,0.00
5041041,1016766,29,2,3.49,0.00
5041042,1016767,8,1,12.49,0.00
5041043,1016768,5,1,13.49,0.00
5041044,1016769,10,1,10.99,0.00
5041045,1016770,12,1,18.99,0.00
5041046,1016770,29,1,3.49,0.00
5041047,1016770,20,2,4.49,0.00
5041048,1016771,3,1,10.49,0.00
5041049,1016771,23,1,3.99,0.00
5041050,1016772,16,1,10.49,0.00
5041051,1016772,28,1,3.49,0.00
5041052,1016772,31,2,3.49,0.00
5041053,1016773,15,-1,10.99,0.00
5041054,1016773,3,1,10.49,0.00
5041055,1016774,8,1,12.49,0.00
5041056,1016774,27,1,2.49,0.00
5041057,1016774,22,2,4.49,0.00
5041058,1016775,7,2,11.99,0.00
5041059,1016775,11,1,13.49,0.00
5041060,1016775,18,2,5.49,0.00
5041061,1016776,4,1,14.99,0.00
5041062,1016776,22,2,4.49,0.00
5041063,1016777,11,1,13.49,0.00
5041064,1016778,7,1,11.99,0.00
5041065,1016778,21,1,3.99,0.00
5041066,1016778,27,2,2.49,0.00
5041067,1016779,4,1,14.99,0.00
5041068,1016780,3,1,10.49,0.00
5041069,1016780,28,1,3.49,0.00
5041070,1016780,20,2,4.49,0.00
5041071,1016781,14,1,10.49,0.00
5041072,1016781,18,1,5.49,0.00
5041073,1016781,28,1,3.49,0.00
5041074,1016782,8,1,12.49,0.00
5041075,1016782,27,1,2.49,0.00
5041076,1016783,1,1,11.49,0.00
5041077,1016784,5,1,13.49,0.00
5041078,1016785,3,1,10.49,0.00
5041079,1016785,2,1,11.99,0.00
5041080,1016786,11,1,13.49,0.00
5041081,1016786,35,1,2.99,0.00
5041082,1016787,7,1,11.99,0.00
5041083,1016787,32,1,4.99,0.00
5041084,1016787,18,1,5.49,0.00
5041085,1016787,19,1,3.99,0.00
5041086,1016788,1,1,11.49,0.00
5041087,1016788,30,1,3.29,0.00
5041088,1016788,28,1,3.49,0.00
5041089,1016788,27,1,2.49,0.00
5041090,1016789,9,1,13.99,0.00
5041091,1016789,21,1,3.99,0.00
5041092,1016789,27,1,2.49,0.00
5041093,1016790,15,1,10.99,0.00
5041094,1016790,31,1,3.49,0.00
5041095,1016791,5,1,13.49,0.00
5041096,1016792,15,1,10.99,0.00
5041097,1016793,3,1,10.49,0.00
5041098,1016794,2,1,11.99,0.00
5041099,1016794,29,1,3.49,0.00
5041100,1016795,10,1,10.99,0.00
5041101,1016795,27,1,2.49,0.00
5041102,1016795,19,1,3.99,0.00
5041103,1016795,29,1,3.49,0.00
5041104,1016795,31,1,3.49,0.00
5041105,1016796,13,1,9.99,0.00
5041106,1016796,31,1,3.49,0.00
5041107,1016797,3,2,10.49,0.00
5041108,1016797,26,1,2.49,0.00
5041109,1016798,2,1,11.99,0.00
5041110,1016798,26,2,2.49,0.00
5041111,1016799,16,1,10.49,0.00
5041112,1016799,28,1,3.49,0.00
5041113,1016800,1,1,11.49,0.00
5041114,1016800,25,1,6.49,0.00
5041115,1016801,16,1,10.49,0.00
5041116,1016801,26,2,2.49,0.00
5041117,1016801,30,1,3.29,0.00
5041118,1016801,28,1,3.49,0.00
5041119,1016802,14,1,10.49,0.00
5041120,1016802,35,1,2.99,0.00
5041121,1016802,18,1,5.49,0.00
5041122,1016802,11,1,13.49,0.00
5041123,1016803,3,2,10.49,0.00
5041124,1016804,2,1,11.99,0.00
5041125,1016804,31,1,3.49,0.00
5041126,1016804,26,2,2.49,0.00
5041127,1016804,11,2,13.49,0.00
5041128,1016804,22,1,4.49,0.00
5041129,1016805,7,2,11.99,0.00
5041130,1016805,20,1,4.49,0.00
5041131,1016805,30,1,3.29,0.00
5041132,1016805,21,1,3.99,0.00
5041133,1016805,19,1,3.99,0.00
5041134,1016806,2,1,11.99,0.00
5041135,1016806,24,1,3.49,0.00
5041136,1016807,9,2,13.99,0.00
5041137,1016807,22,1,4.49,0.00
5041138,1016808,9,1,13.99,0.00
5041139,1016808,18,1,5.49,0.00
5041140,1016809,16,1,10.49,0.00
5041141,1016809,26,2,2.49,0.00
5041142,1016809,21,1,3.99,0.00
5041143,1016810,3,1,10.49,0.00
5041144,1016810,21,1,3.99,0.00
5041145,1016810,30,1,3.29,0.00
5041146,1016811,9,2,13.99,0.00
5041147,1016812,2,2,11.99,0.00
5041148,1016813,12,1,18.99,0.00
5041149,1016814,9,1,13.99,0.00
5041150,1016814,26,1,2.49,0.00
5041151,1016814,31,1,3.49,0.00
5041152,1016815,15,1,10.99,0.00
5041153,1016815,18,1,5.49,0.00
5041154,1016816,3,1,10.49,0.00
5041155,1016816,21,1,3.99,0.00
5041156,1016817,1,1,11.49,0.00
5041157,1016817,35,1,2.99,0.00
5041158,1016817,21,1,3.99,0.00
5041159,1016818,14,2,10.49,0.00
5041160,1016818,34,3,4.49,0.00
5041161,1016818,25,1,6.49,0.00
5041162,1016818,27,1,2.49,0.00
5041163,1016819,7,1,11.99,0.00
5041164,1016819,13,1,9.99,0.00
5041165,1016820,9,0,13.99,0.00
5041166,1016820,29,1,3.49,0.00
5041167,1016820,13,2,9.99,0.00
5041168,1016821,12,1,18.99,0.00
5041169,1016821,19,1,3.99,0.00
5041170,1016822,1,1,11.49,0.00
5041171,1016822,5,1,13.49,0.00
5041172,1016823,11,1,13.49,0.00
5041173,1016823,19,1,3.99,0.00
5041174,1016824,5,1,13.49,0.00
5041175,1016825,15,1,10.99,0.00
5041176,1016825,33,1,5.49,0.00
5041177,1016826,9,3,13.99,0.00
5041178,1016827,16,2,10.49,0.00
5041179,1016827,27,1,2.49,0.00
5041180,1016828,5,3,13.49,0.00
5041181,1016828,27,1,2.49,0.00
5041182,1016829,4,1,14.99,0.00
5041183,1016829,26,4,2.49,0.00
5041184,1016829,27,1,2.49,0.00
5041185,1016830,3,2,10.49,0.00
5041186,1016830,26,1,2.49,0.00
5041187,1016831,1,1,11.49,0.00
5041188,1016831,26,1,2.49,0.00
5041189,1016831,30,1,3.29,0.00
5041190,1016832,2,1,11.99,0.00
5041191,1016833,1,1,11.49,0.00
5041192,1016833,23,1,3.99,0.00
5041193,1016833,27,1,2.49,0.00
5041194,1016833,18,1,5.49,0.00
5041195,1016834,4,2,14.99,0.00
5041196,1016834,27,1,2.49,0.00
5041197,1016834,20,1,4.49,0.00
5041198,1016834,34,1,4.49,0.00
5041199,1016835,15,1,10.99,0.00
5041200,1016835,30,1,3.29,0.00
5041201,1016835,23,2,3.99,0.00
5041202,1016836,15,1,10.99,0.00
5041203,1016836,25,1,6.49,0.00
5041204,1016837,3,1,10.49,0.00
5041205,1016837,27,2,2.49,0.00
5041206,1016838,6,1,12.99,0.00
5041207,1016839,7,1,11.99,0.00
5041208,1016839,18,2,5.49,0.00
5041209,1016839,28,1,3.49,0.00
5041210,1016840,8,1,12.49,0.00
5041211,1016841,1,1,11.49,0.00
5041212,1016841,27,1,2.49,0.00
5041213,1016842,6,1,12.99,0.00
5041214,1016843,9,1,13.99,0.00
5041215,1016843,26,1,2.49,0.00
5041216,1016843,27,1,2.49,0.00
5041217,1016844,1,1,11.49,0.00
5041218,1016845,10,2,10.99,0.00
5041219,1016845,18,2,5.49,0.00
5041220,1016845,19,1,3.99,0.00
5041221,1016845,28,1,3.49,0.00
5041222,1016845,23,2,3.99,0.00
5041223,1016846,15,1,10.99,0.00
5041224,1016847,3,1,10.49,0.00
5041225,1016848,2,1,11.99,0.00
5041226,1016848,25,1,6.49,0.00
5041227,1016849,6,3,12.99,0.00
5041228,1016850,5,1,13.49,0.00
5041229,1016850,21,1,3.99,0.00
5041230,1016850,26,1,2.49,0.00
5041231,1016850,32,1,4.99,0.00
5041232,1016851,11,1,13.49,0.00
5041233,1016852,4,1,14.99,0.00
5041234,1016853,15,1,10.99,0.00
5041235,1016853,27,1,2.49,0.00
5041236,1016854,11,1,13.49,0.00
5041237,1016855,6,1,12.99,0.00
5041238,1016855,26,1,2.49,0.00
5041239,1016856,6,1,12.99,0.00
5041240,1016857,2,1,11.99,0.00
5041241,1016857,30,1,3.29,0.00
5041242,1016857,27,3,2.49,0.00
5041243,1016857,1,1,11.49,0.00
5041244,1016857,7,1,11.99,0.00
5041245,1016858,13,1,9.99,0.00
5041246,1016859,13,1,9.99,0.00
5041247,1016859,30,1,3.29,0.00
5041248,1016859,1,1,11.49,0.00
5041249,1016860,9,1,13.99,0.00
5041250,1016861,7,1,11.99,0.00
5041251,1016861,25,1,6.49,0.00
5041252,1016861,30,1,3.29,0.00
5041253,1016862,1,1,11.49,0.00
5041254,1016862,23,1,3.99,0.00
5041255,1016862,27,1,2.49,0.00
5041256,1016863,1,1,11.49,0.00
5041257,1016863,22,1,4.49,0.00
5041258,1016863,26,1,2.49,0.00
5041259,1016864,5,1,13.49,0.00
5041260,1016865,11,1,13.49,0.00
5041261,1016865,22,1,4.49,0.00
5041262,1016866,14,1,10.49,0.00
5041263,1016866,32,1,4.99,0.00
5041264,1016867,4,1,14.99,0.00
5041265,1016867,31,2,3.49,0.00
5041266,1016868,6,1,12.99,0.00
5041267,1016868,25,1,6.49,0.00
5041268,1016869,6,2,12.99,0.00
5041269,1016869,27,2,2.49,0.00
5041270,1016869,28,2,3.49,0.00
5041271,1016870,6,1,12.99,0.00
5041272,1016870,18,1,5.49,0.00
5041273,1016870,26,1,2.49,0.00
5041274,1016871,1,1,11.49,0.00
5041275,1016871,21,1,3.99,0.00
5041276,1016872,2,1,11.99,0.00
5041277,1016872,24,1,3.49,0.00
5041278,1016872,22,1,4.49,0.00
5041279,1016873,4,1,14.99,0.00
5041280,1016873,23,1,3.99,0.00
5041281,1016874,2,1,11.99,0.00
5041282,1016874,21,1,3.99,0.00
5041283,1016875,6,2,12.99,0.00
5041284,1016875,27,2,2.49,0.00
5041285,1016876,3,1,10.49,0.00
5041286,1016876,26,1,2.49,0.00
5041287,1016876,4,1,14.99,0.00
5041288,1016877,1,1,11.49,0.00
5041289,1016877,5,1,13.49,0.00
5041290,1016878,1,1,11.49,0.00
5041291,1016879,9,1,13.99,0.00
5041292,1016880,11,2,13.49,0.00
5041293,1016880,30,1,3.29,0.00
5041294,1016880,27,2,2.49,0.00
5041295,1016881,8,1,12.49,0.00
5041296,1016881,21,2,3.99,0.00
5041297,1016882,1,1,11.49,0.00
5041298,1016883,5,1,13.49,0.00
5041299,1016883,34,2,4.49,0.00
5041300,1016883,19,1,3.99,0.00
5041301,1016883,27,1,2.49,0.00
5041302,1016884,2,1,11.99,0.00
5041303,1016884,30,1,3.29,0.00
5041304,1016884,28,2,3.49,0.00
5041305,1016885,15,2,10.99,0.00
5041306,1016885,7,1,11.99,0.00
5041307,1016885,27,1,2.49,0.00
5041308,1016886,8,1,12.49,0.00
5041309,1016886,18,2,5.49,0.00
5041310,1016886,29,1,3.49,0.00
5041311,1016886,25,1,6.49,0.00
5041312,1016887,4,1,14.99,0.00
5041313,1016887,26,2,2.49,0.00
5041314,1016888,15,1,10.99,0.00
5041315,1016888,19,1,3.99,0.00
5041316,1016888,8,2,12.49,0.00
5041317,1016889,11,2,13.49,0.00
5041318,1016890,15,3,10.99,0.00
5041319,1016890,19,1,3.99,0.00
5041320,1016890,26,1,2.49,0.00
5041321,1016891,1,1,11.49,0.00
5041322,1016891,27,1,2.49,0.00
5041323,1016891,26,2,2.49,0.00
5041324,1016892,8,1,12.49,0.00
5041325,1016892,21,1,3.99,0.00
5041326,1016893,5,1,13.49,0.00
5041327,1016894,1,1,11.49,0.00
5041328,1016894,24,1,3.49,0.00
5041329,1016895,12,1,18.99,0.00
5041330,1016896,7,1,11.99,0.00
5041331,1016896,27,1,2.49,0.00
5041332,1016896,35,1,2.99,0.00
5041333,1016897,14,1,10.49,0.00
5041334,1016897,19,1,3.99,0.00
5041335,1016897,32,1,4.99,0.00
5041336,1016898,1,1,11.49,0.00
5041337,1016898,32,1,4.99,0.00
5041338,1016898,31,1,3.49,0.00
5041339,1016899,10,1,10.99,0.00
5041340,1016899,19,1,3.99,0.00
5041341,1016899,30,1,3.29,0.00
5041342,1016900,10,1,10.99,0.00
5041343,1016900,1,2,11.49,0.00
5041344,1016900,31,1,3.49,0.00
5041345,1016901,13,2,9.99,0.00
5041346,1016901,24,1,3.49,0.00
5041347,1016901,27,3,2.49,0.00
5041348,1016901,19,1,3.99,0.00
5041349,1016901,28,1,3.49,0.00
5041350,1016902,14,1,10.49,0.00
5041351,1016902,27,1,2.49,0.00
5041352,1016903,3,1,10.49,0.00
5041353,1016903,30,1,3.29,0.00
5041354,1016904,14,1,10.49,0.00
5041355,1016905,5,1,13.49,0.00
5041356,1016906,11,1,13.49,0.00
5041357,1016907,3,2,10.49,0.00
5041358,1016908,13,1,9.99,0.00
5041359,1016908,1,1,11.49,0.00
5041360,1016908,29,1,3.49,0.00
5041361,1016909,1,1,11.49,0.00
5041362,1016910,3,2,10.49,0.00
5041363,1016910,32,1,4.99,0.00
5041364,1016910,4,1,14.99,0.00
5041365,1016910,30,1,3.29,0.00
5041366,1016911,5,1,13.49,0.00
5041367,1016911,20,2,4.49,0.00
5041368,1016911,31,1,3.49,0.00
5041369,1016911,27,1,2.49,0.00
5041370,1016912,8,1,12.49,0.00
5041371,1016912,26,1,2.49,0.00
5041372,1016913,2,1,11.99,0.00
5041373,1016913,7,2,11.99,0.00
5041374,1016913,28,1,3.49,0.00
5041375,1016913,35,1,2.99,0.00
5041376,1016914,4,1,14.99,0.00
5041377,1016915,9,1,13.99,0.00
5041378,1016916,16,2,10.49,0.00
5041379,1016916,21,1,3.99,0.00
5041380,1016917,10,1,10.99,0.00
5041381,1016917,18,2,5.49,0.00
5041382,1016918,7,1,11.99,0.00
5041383,1016918,20,1,4.49,0.00
5041384,1016918,26,1,2.49,0.00
5041385,1016919,4,1,14.99,0.00
5041386,1016919,26,1,2.49,0.00
5041387,1016920,10,1,10.99,0.00
5041388,1016921,16,1,10.49,0.00
5041389,1016921,33,2,5.49,0.00
5041390,1016921,22,1,4.49,0.00
5041391,1016921,31,1,3.49,0.00
5041392,1016921,28,1,3.49,0.00
5041393,1016922,7,1,11.99,0.00
5041394,1016922,21,2,3.99,0.00
5041395,1016923,15,1,10.99,0.00
5041396,1016923,21,1,3.99,0.00
5041397,1016923,27,2,2.49,0.00
5041398,1016923,26,1,2.49,0.00
5041399,1016924,11,1,13.49,0.00
5041400,1016925,3,1,10.49,0.00
5041401,1016926,15,1,10.99,0.00
5041402,1016926,25,1,6.49,0.00
5041403,1016926,19,1,3.99,0.00
5041404,1016927,14,1,10.49,0.00
5041405,1016927,26,4,2.49,0.00
5041406,1016927,19,1,3.99,0.00
5041407,1016927,32,1,4.99,0.00
5041408,1016928,1,1,11.49,0.00
5041409,1016928,35,1,2.99,0.00
5041410,1016929,9,3,13.99,0.00
5041411,1016929,33,1,5.49,0.00
5041412,1016930,11,1,13.49,0.00
5041413,1016930,27,1,2.49,0.00
5041414,1016931,11,1,13.49,0.00
5041415,1016931,18,2,5.49,0.00
5041416,1016931,30,1,3.29,0.00
5041417,1016932,2,1,11.99,0.00
5041418,1016933,13,1,9.99,0.00
5041419,1016933,18,1,5.49,0.00
5041420,1016933,19,1,3.99,0.00
5041421,1016934,15,1,10.99,0.00
5041422,1016935,13,1,9.99,0.00
5041423,1016935,18,2,5.49,0.00
5041424,1016936,1,1,11.49,0.00
5041425,1016936,26,1,2.49,0.00
5041426,1016936,19,1,3.99,0.00
5041427,1016936,32,1,4.99,0.00
5041428,1016937,7,1,11.99,0.00
5041429,1016937,26,1,2.49,0.00
5041430,1016937,27,1,2.49,0.00
5041431,1016938,9,1,13.99,0.00
5041432,1016938,18,1,5.49,0.00
5041433,1016938,27,1,2.49,0.00
5041434,1016939,15,1,10.99,0.00
5041435,1016939,27,1,2.49,0.00
5041436,1016939,21,2,3.99,0.00
5041437,1016940,8,1,12.49,0.00
5041438,1016940,9,1,13.99,0.00
5041439,1016940,19,1,3.99,0.00
5041440,1016940,27,1,2.49,0.00
5041441,1016941,3,1,10.49,0.00
5041442,1016941,18,1,5.49,0.00
5041443,1016941,19,1,3.99,0.00
5041444,1016942,11,1,13.49,0.00
5041445,1016942,18,2,5.49,0.00
5041446,1016943,8,1,12.49,0.00
5041447,1016944,1,1,11.49,0.00
5041448,1016944,18,1,5.49,0.00
5041449,1016945,2,1,11.99,0.00
5041450,1016946,15,2,10.99,0.00
5041451,1016946,28,1,3.49,0.00
5041452,1016946,19,1,3.99,0.00
5041453,1016946,23,1,3.99,0.00
5041454,1016946,29,1,3.49,0.00
5041455,1016947,16,1,10.49,0.00
5041456,1016947,32,1,4.99,0.00
5041457,1016948,15,2,10.99,0.00
5041458,1016948,18,1,5.49,0.00
5041459,1016948,30,1,3.29,0.00
5041460,1016948,21,1,3.99,0.00
5041461,1016948,32,1,4.99,0.00
5041462,1016949,1,1,11.49,0.00
5041463,1016949,21,1,3.99,0.00
5041464,1016950,1,1,11.49,0.00
5041465,1016950,2,1,11.99,0.00
5041466,1016950,22,1,4.49,0.00
5041467,1016950,20,1,4.49,0.00
5041468,1016950,25,1,6.49,0.00
5041469,1016951,10,1,10.99,0.00
5041470,1016951,27,1,2.49,0.00
5041471,1016951,28,1,3.49,0.00
5041472,1016951,25,1,6.49,0.00
5041473,1016952,4,1,14.99,0.00
5041474,1016952,30,1,3.29,0.00
5041475,1016952,19,1,3.99,0.00
5041476,1016953,4,2,14.99,0.00
5041477,1016953,32,1,4.99,0.00
5041478,1016953,23,1,3.99,0.00
5041479,1016954,1,1,11.49,0.00
5041480,1016954,20,1,4.49,0.00
5041481,1016954,26,1,2.49,0.00
5041482,1016955,3,3,10.49,0.00
5041483,1016955,18,1,5.49,0.00
5041484,1016956,15,3,10.99,0.00
5041485,1016957,6,1,12.99,0.00
5041486,1016957,25,2,6.49,0.00
5041487,1016957,30,1,3.29,0.00
5041488,1016957,21,1,3.99,0.00
5041489,1016958,2,3,11.99,0.00
5041490,1016958,27,1,2.49,0.00
5041491,1016958,28,1,3.49,0.00
5041492,1016959,11,3,13.49,0.00
5041493,1016960,14,1,10.49,0.00
5041494,1016960,27,1,2.49,0.00
5041495,1016961,5,1,13.49,0.00
5041496,1016962,10,1,10.99,0.00
5041497,1016962,12,1,18.99,0.00
5041498,1016962,26,1,2.49,0.00
5041499,1016962,13,1,9.99,0.00
5041500,1016963,5,1,13.49,0.00
5041501,1016964,1,1,11.49,0.00
5041502,1016964,19,1,3.99,0.00
5041503,1016965,15,1,10.99,0.00
5041504,1016965,35,1,2.99,0.00
5041505,1016966,15,1,10.99,0.00
5041506,1016966,31,1,3.49,0.00
5041507,1016966,33,2,5.49,0.00
5041508,1016966,25,1,6.49,0.00
5041509,1016967,11,1,13.49,0.00
5041510,1016967,7,1,11.99,0.00
5041511,1016967,27,1,2.49,0.00
5041512,1016968,15,1,10.99,0.00
5041513,1016968,20,-2,4.49,0.00
5041514,1016968,34,1,4.49,0.00
5041515,1016968,18,2,5.49,0.00
5041516,1016969,3,1,10.49,0.00
5041517,1016970,6,2,12.99,0.00
5041518,1016970,21,1,3.99,0.00
5041519,1016970,26,1,2.49,0.00
5041520,1016971,3,2,10.49,0.00
5041521,1016971,30,1,3.29,0.00
5041522,1016971,23,1,3.99,0.00
5041523,1016972,10,1,10.99,0.00
5041524,1016972,34,1,4.49,0.00
5041525,1016973,14,1,10.49,0.00
5041526,1016974,2,1,11.99,0.00
5041527,1016974,26,1,2.49,0.00
5041528,1016975,7,1,11.99,0.00
5041529,1016975,18,1,5.49,0.00
5041530,1016976,1,3,11.49,0.00
5041531,1016976,9,1,13.99,0.00
5041532,1016977,10,2,10.99,0.00
5041533,1016977,30,1,3.29,0.00
5041534,1016977,19,1,3.99,0.00
5041535,1016978,6,1,12.99,0.00
5041536,1016978,29,1,3.49,0.00
5041537,1016978,23,1,3.99,0.00
5041538,1016979,1,1,11.49,0.00
5041539,1016979,27,1,2.49,0.00
5041540,1016980,1,2,11.49,0.00
5041541,1016980,34,1,4.49,0.00
5041542,1016980,18,-1,5.49,0.00
5041543,1016981,14,1,10.49,0.00
5041544,1016981,27,1,2.49,0.00
5041545,1016982,5,1,13.49,0.00
5041546,1016983,11,1,13.49,0.00
5041547,1016983,26,1,2.49,0.00
5041548,1016984,9,1,13.99,0.00
5041549,1016984,19,3,3.99,0.00
5041550,1016984,32,1,4.99,0.00
5041551,1016984,30,1,3.29,0.00
5041552,1016985,5,1,13.49,0.00
5041553,1016985,33,1,5.49,0.00
5041554,1016985,28,3,3.49,0.00
5041555,1016986,1,1,11.49,0.00
5041556,1016987,9,1,13.99,0.00
5041557,1016987,18,1,5.49,0.00
5041558,1016988,1,3,11.49,0.00
5041559,1016988,22,1,4.49,0.00
5041560,1016989,8,2,12.49,0.00
5041561,1016989,25,1,6.49,0.00
5041562,1016990,11,1,13.49,0.00
5041563,1016990,30,1,3.29,0.00
5041564,1016990,28,1,3.49,0.00
5041565,1016990,27,2,2.49,0.00
5041566,1016991,7,2,11.99,0.00
5041567,1016992,14,1,10.49,0.00
5041568,1016992,28,1,3.49,0.00
5041569,1016992,18,1,5.49,0.00
5041570,1016992,29,1,3.49,0.00
5041571,1016993,4,1,14.99,0.00
5041572,1016993,15,1,10.99,0.00
5041573,1016994,4,1,14.99,0.00
5041574,1016994,26,2,2.49,0.00
5041575,1016995,3,1,10.49,0.00
5041576,1016995,29,2,3.49,0.00
5041577,1016996,4,1,14.99,0.00
5041578,1016996,18,1,5.49,0.00
5041579,1016996,26,1,2.49,0.00
5041580,1016996,23,1,3.99,0.00
5041581,1016997,13,2,9.99,0.00
5041582,1016997,18,3,5.49,0.00
5041583,1016997,32,1,4.99,0.00
5041584,1016998,16,0,10.49,0.00
5041585,1016998,21,1,3.99,0.00
5041586,1016999,15,1,10.99,0.00
5041587,1016999,26,1,2.49,0.00
5041588,1016999,32,1,4.99,0.00
5041589,1017000,9,1,13.99,0.00
5041590,1017000,26,1,2.49,0.00
5041591,1017001,2,1,11.99,0.00
5041592,1017001,20,1,4.49,0.00
5041593,1017002,16,2,10.49,0.00
5041594,1017002,22,1,4.49,0.00
5041595,1017003,1,1,11.49,0.00
5041596,1017004,7,1,11.99,0.00
5041597,1017004,27,1,2.49,0.00
5041598,1017005,3,1,10.49,0.00
5041599,1017005,23,1,3.99,0.00
5041600,1017006,8,1,12.49,0.00
5041601,1017006,32,1,4.99,0.00
5041602,1017007,7,1,11.99,0.00
5041603,1017007,3,1,10.49,0.00
5041604,1017007,30,2,3.29,0.00
5041605,1017008,14,1,10.49,0.00
5041606,1017009,8,1,12.49,0.00
5041607,1017010,9,1,13.99,0.00
5041608,1017011,5,1,13.49,0.00
5041609,1017011,28,2,3.49,0.00
5041610,1017012,1,3,11.49,0.00
5041611,1017012,33,2,5.49,0.00
5041612,1017012,20,1,4.49,0.00
5041613,1017012,23,1,3.99,0.00
5041614,1017013,7,1,11.99,0.00
5041615,1017013,8,1,12.49,0.00
5041616,1017013,31,1,3.49,0.00
5041617,1017014,7,1,11.99,0.00
5041618,1017014,26,1,2.49,0.00
5041619,1017015,9,1,13.99,0.00
5041620,1017015,28,1,3.49,0.00
5041621,1017015,33,1,5.49,0.00
5041622,1017016,6,1,12.99,0.00
5041623,1017016,30,1,3.29,0.00
5041624,1017016,24,1,3.49,0.00
5041625,1017016,31,1,3.49,0.00
5041626,1017017,5,1,13.49,0.00
5041627,1017017,25,1,6.49,0.00
5041628,1017017,26,2,2.49,0.00
5041629,1017018,14,1,10.49,0.00
5041630,1017018,22,3,4.49,0.00
5041631,1017019,14,1,10.49,0.00
5041632,1017020,1,1,11.49,0.00
5041633,1017021,6,-2,12.99,0.00
5041634,1017021,29,1,3.49,0.00
5041635,1017022,3,-2,10.49,0.00
5041636,1017022,24,1,3.49,0.00
5041637,1017022,27,1,2.49,0.00
5041638,1017022,31,1,3.49,0.00
5041639,1017023,4,1,14.99,0.00
5041640,1017023,30,1,3.29,0.00
5041641,1017023,29,1,3.49,0.00
5041642,1017023,34,1,4.49,0.00
5041643,1017024,2,2,11.99,0.00
5041644,1017024,35,-2,2.99,0.00
5041645,1017025,1,1,11.49,0.00
5041646,1017026,11,1,13.49,0.00
5041647,1017026,18,2,5.49,0.00
5041648,1017026,22,1,4.49,0.00
5041649,1017026,32,1,4.99,0.00
5041650,1017027,10,1,10.99,0.00
5041651,1017027,32,1,4.99,0.00
5041652,1017027,26,2,2.49,0.00
5041653,1017028,2,1,11.99,0.00
5041654,1017028,21,1,3.99,0.00
5041655,1017029,5,1,13.49,0.00
5041656,1017029,22,2,4.49,0.00
5041657,1017030,7,1,11.99,0.00
5041658,1017030,26,3,2.49,0.00
5041659,1017031,6,1,12.99,0.00
5041660,1017031,21,2,3.99,0.00
5041661,1017032,3,1,10.49,0.00
5041662,1017032,18,1,5.49,0.00
5041663,1017032,23,1,3.99,0.00
5041664,1017032,28,1,3.49,0.00
5041665,1017033,3,2,10.49,0.00
5041666,1017033,22,1,4.49,0.00
5041667,1017033,20,1,4.49,0.00
5041668,1017034,6,1,12.99,0.00
5041669,1017034,34,2,4.49,0.00
5041670,1017034,27,1,2.49,0.00
5041671,1017034,35,1,2.99,0.00
5041672,1017035,10,1,10.99,0.00
5041673,1017036,1,1,11.49,0.00
5041674,1017036,32,1,4.99,0.00
5041675,1017037,14,1,10.49,0.00
5041676,1017038,4,1,14.99,0.00
5041677,1017039,3,1,10.49,0.00
5041678,1017040,3,1,10.49,0.00
5041679,1017040,30,1,3.29,0.00
5041680,1017041,6,1,12.99,0.00
5041681,1017042,1,1,11.49,0.00
5041682,1017043,7,1,11.99,0.00
5041683,1017043,25,1,6.49,0.00
5041684,1017044,11,2,13.49,0.00
5041685,1017045,9,1,13.99,0.00
5041686,1017046,5,1,13.49,0.00
5041687,1017046,27,1,2.49,0.00
5041688,1017046,16,1,10.49,0.00
5041689,1017047,6,1,12.99,0.00
5041690,1017047,26,2,2.49,0.00
5041691,1017048,2,1,11.99,0.00
5041692,1017049,1,1,11.49,0.00
5041693,1017049,24,1,3.49,0.00
5041694,1017050,1,2,11.49,0.00
5041695,1017050,26,3,2.49,0.00
5041696,1017050,19,1,3.99,0.00
5041697,1017051,1,1,11.49,0.00
5041698,1017051,27,1,2.49,0.00
5041699,1017052,5,1,13.49,0.00
5041700,1017052,3,1,10.49,0.00
5041701,1017052,22,1,4.49,0.00
5041702,1017053,11,1,13.49,0.00
5041703,1017053,21,1,3.99,0.00
5041704,1017054,5,1,13.49,0.00
5041705,1017054,34,1,4.49,0.00
5041706,1017054,31,1,3.49,0.00
5041707,1017055,7,1,11.99,0.00
5041708,1017056,6,1,12.99,0.00
5041709,1017056,26,1,2.49,0.00
5041710,1017056,14,1,10.49,0.00
5041711,1017056,32,2,4.99,0.00
5041712,1017057,6,1,12.99,0.00
5041713,1017058,1,1,11.49,0.00
5041714,1017058,30,1,3.29,0.00
5041715,1017058,21,1,3.99,0.00
5041716,1017058,33,2,5.49,0.00
5041717,1017059,11,1,13.49,0.00
5041718,1017059,27,1,2.49,0.00
5041719,1017059,26,2,2.49,0.00
5041720,1017060,7,2,11.99,0.00
5041721,1017060,26,3,2.49,0.00
5041722,1017060,30,1,3.29,0.00
5041723,1017061,6,-1,12.99,0.00
5041724,1017061,18,1,5.49,0.00
5041725,1017061,32,1,4.99,0.00
5041726,1017061,30,1,3.29,0.00
5041727,1017062,15,1,10.99,0.00
5041728,1017062,29,1,3.49,0.00
5041729,1017063,10,1,10.99,0.00
5041730,1017063,26,1,2.49,0.00
5041731,1017063,28,1,3.49,0.00
5041732,1017064,11,1,13.49,0.00
5041733,1017064,23,1,3.99,0.00
5041734,1017064,26,1,2.49,0.00
5041735,1017065,9,1,13.99,0.00
5041736,1017066,13,1,9.99,0.00
5041737,1017066,30,2,3.29,0.00
5041738,1017066,19,1,3.99,0.00
5041739,1017067,13,1,9.99,0.00
5041740,1017067,28,1,3.49,0.00
5041741,1017067,21,1,3.99,0.00
5041742,1017068,10,2,10.99,0.00
5041743,1017069,12,1,18.99,0.00
5041744,1017069,26,1,2.49,0.00
5041745,1017069,28,1,3.49,0.00
5041746,1017070,2,1,11.99,0.00
5041747,1017071,4,1,14.99,0.00
5041748,1017071,23,1,3.99,0.00
5041749,1017071,31,1,3.49,0.00
5041750,1017072,13,1,9.99,0.00
5041751,1017072,26,1,2.49,0.00
5041752,1017073,9,1,13.99,0.00
5041753,1017073,19,1,3.99,0.00
5041754,1017073,18,1,5.49,0.00
5041755,1017074,4,1,14.99,0.00
5041756,1017074,26,2,2.49,0.00
5041757,1017075,4,1,14.99,0.00
5041758,1017075,32,2,4.99,0.00
5041759,1017075,26,1,2.49,0.00
5041760,1017076,3,2,10.49,0.00
5041761,1017076,24,2,3.49,0.00
5041762,1017076,28,1,3.49,0.00
5041763,1017076,22,1,4.49,0.00
5041764,1017076,12,1,18.99,0.00
5041765,1017076,20,2,4.49,0.00
5041766,1017077,6,1,12.99,0.00
5041767,1017077,19,2,3.99,0.00
5041768,1017077,21,2,3.99,0.00
5041769,1017078,3,1,10.49,0.00
5041770,1017078,27,1,2.49,0.00
5041771,1017078,23,1,3.99,0.00
5041772,1017078,32,1,4.99,0.00
5041773,1017079,15,1,10.99,0.00
5041774,1017080,8,2,12.49,0.00
5041775,1017080,25,1,6.49,0.00
5041776,1017080,34,1,4.49,0.00
5041777,1017081,7,1,11.99,0.00
5041778,1017081,19,2,3.99,0.00
5041779,1017081,33,1,5.49,0.00
5041780,1017081,35,1,2.99,0.00
5041781,1017082,16,1,10.49,0.00
5041782,1017082,26,1,2.49,0.00
5041783,1017082,9,1,13.99,0.00
5041784,1017083,3,1,10.49,0.00
5041785,1017083,19,1,3.99,0.00
5041786,1017084,5,2,13.49,0.00
5041787,1017085,1,2,11.49,0.00
5041788,1017085,14,1,10.49,0.00
5041789,1017085,30,1,3.29,0.00
5041790,1017085,21,2,3.99,0.00
5041791,1017086,2,1,11.99,0.00
5041792,1017086,31,3,3.49,0.00
5041793,1017086,18,1,5.49,0.00
5041794,1017086,11,1,13.49,0.00
5041795,1017087,7,1,11.99,0.00
5041796,1017088,14,1,10.49,0.00
5041797,1017088,20,1,4.49,0.00
5041798,1017088,29,1,3.49,0.00
5041799,1017089,8,1,12.49,0.00
5041800,1017089,7,1,11.99,0.00
5041801,1017090,1,1,11.49,0.00
5041802,1017091,15,0,10.99,0.00
5041803,1017091,14,2,10.49,0.00
5041804,1017092,2,1,11.99,0.00
5041805,1017093,15,1,10.99,0.00
5041806,1017093,30,1,3.29,0.00
5041807,1017094,7,1,11.99,0.00
5041808,1017095,5,1,13.49,0.00
5041809,1017095,31,1,3.49,0.00
5041810,1017095,26,2,2.49,0.00
5041811,1017096,14,1,10.49,0.00
5041812,1017097,14,1,10.49,0.00
5041813,1017098,16,1,10.49,0.00
5041814,1017098,8,1,12.49,0.00
5041815,1017099,6,1,12.99,0.00
5041816,1017099,20,0,4.49,0.00
5041817,1017100,7,1,11.99,0.00
5041818,1017101,1,2,11.49,0.00
5041819,1017101,12,1,18.99,0.00
5041820,1017102,11,1,13.49,0.00
5041821,1017102,29,1,3.49,0.00
5041822,1017103,5,1,13.49,0.00
5041823,1017103,26,2,2.49,0.00
5041824,1017103,9,1,13.99,0.00
5041825,1017104,7,1,11.99,0.00
5041826,1017104,29,1,3.49,0.00
5041827,1017105,16,1,10.49,0.00
5041828,1017105,20,1,4.49,0.00
5041829,1017105,25,1,6.49,0.00
5041830,1017106,2,1,11.99,0.00
5041831,1017107,1,3,11.49,0.00
5041832,1017107,25,1,6.49,0.00
5041833,1017107,32,1,4.99,0.00
5041834,1017107,23,1,3.99,0.00
5041835,1017108,6,1,12.99,0.00
5041836,1017108,28,1,3.49,0.00
5041837,1017108,19,1,3.99,0.00
5041838,1017108,26,1,2.49,0.00
5041839,1017109,5,1,13.49,0.00
5041840,1017109,19,1,3.99,0.00
5041841,1017109,18,1,5.49,0.00
5041842,1017110,3,1,10.49,0.00
5041843,1017111,1,1,11.49,0.00
5041844,1017111,29,1,3.49,0.00
5041845,1017111,21,1,3.99,0.00
5041846,1017112,11,1,13.49,0.00
5041847,1017112,21,1,3.99,0.00
5041848,1017112,28,2,3.49,0.00
5041849,1017112,27,1,2.49,0.00
5041850,1017112,19,3,3.99,0.00
5041851,1017113,7,1,11.99,0.00
5041852,1017114,4,1,14.99,0.00
5041853,1017114,18,1,5.49,0.00
5041854,1017114,30,1,3.29,0.00
5041855,1017115,2,1,11.99,0.00
5041856,1017115,20,2,4.49,0.00
5041857,1017116,5,1,13.49,0.00
5041858,1017116,34,1,4.49,0.00
5041859,1017116,11,1,13.49,0.00
5041860,1017117,4,1,14.99,0.00
5041861,1017117,27,1,2.49,0.00
5041862,1017117,25,1,6.49,0.00
5041863,1017118,8,1,12.49,0.00
5041864,1017119,5,1,13.49,0.00
5041865,1017119,22,2,4.49,0.00
5041866,1017119,29,1,3.49,0.00
5041867,1017120,12,1,18.99,0.00
5041868,1017120,21,1,3.99,0.00
5041869,1017121,7,2,11.99,0.00
5041870,1017121,25,1,6.49,0.00
5041871,1017122,8,1,12.49,0.00
5041872,1017122,33,1,5.49,0.00
5041873,1017122,10,1,10.99,0.00
5041874,1017123,1,3,11.49,0.00
5041875,1017123,18,1,5.49,0.00
5041876,1017123,19,2,3.99,0.00
5041877,1017124,7,1,11.99,0.00
5041878,1017124,19,1,3.99,0.00
5041879,1017125,6,1,12.99,0.00
5041880,1017125,26,1,2.49,0.00
5041881,1017125,28,1,3.49,0.00
5041882,1017126,5,2,13.49,0.00
5041883,1017127,10,1,10.99,0.00
5041884,1017127,26,1,2.49,0.00
5041885,1017127,30,3,3.29,0.00
5041886,1017127,18,1,5.49,0.00
5041887,1017127,28,3,3.49,0.00
5041888,1017128,10,1,10.99,0.00
5041889,1017128,23,1,3.99,0.00
5041890,1017129,1,1,11.49,0.00
5041891,1017129,13,1,9.99,0.00
5041892,1017130,12,1,18.99,0.00
5041893,1017130,19,1,3.99,0.00
5041894,1017130,7,1,11.99,0.00
5041895,1017130,23,1,3.99,0.00
5041896,1017130,26,1,2.49,0.00
5041897,1017131,15,1,10.99,0.00
5041898,1017131,31,2,3.49,0.00
5041899,1017131,33,1,5.49,0.00
5041900,1017132,5,1,13.49,0.00
5041901,1017132,4,1,14.99,0.00
5041902,1017132,27,1,2.49,0.00
5041903,1017133,8,1,12.49,0.00
5041904,1017133,28,1,3.49,0.00
5041905,1017134,6,1,12.99,0.00
5041906,1017134,21,1,3.99,0.00
5041907,1017135,11,1,13.49,0.00
5041908,1017135,20,2,4.49,0.00
5041909,1017135,22,4,4.49,0.00
5041910,1017135,19,1,3.99,0.00
5041911,1017136,4,1,14.99,0.00
5041912,1017137,5,1,13.49,0.00
5041913,1017138,4,1,14.99,0.00
5041914,1017138,30,1,3.29,0.00
5041915,1017138,26,1,2.49,0.00
5041916,1017138,23,1,3.99,0.00
5041917,1017139,6,1,12.99,0.00
5041918,1017139,27,1,2.49,0.00
5041919,1017139,19,1,3.99,0.00
5041920,1017140,14,1,10.49,0.00
5041921,1017140,26,1,2.49,0.00
5041922,1017141,3,1,10.49,0.00
5041923,1017141,28,1,3.49,0.00
5041924,1017142,6,1,12.99,0.00
5041925,1017142,3,1,10.49,0.00
5041926,1017142,30,1,3.29,0.00
5041927,1017142,29,1,3.49,0.00
5041928,1017143,15,1,10.99,0.00
5041929,1017143,34,1,4.49,0.00
5041930,1017143,20,1,4.49,0.00
5041931,1017143,26,1,2.49,0.00
5041932,1017143,18,2,5.49,0.00
5041933,1017143,25,1,6.49,0.00
5041934,1017144,14,1,10.49,0.00
5041935,1017145,16,1,10.49,0.00
5041936,1017145,29,1,3.49,0.00
5041937,1017145,23,1,3.99,0.00
5041938,1017146,8,1,12.49,0.00
5041939,1017146,31,1,3.49,0.00
5041940,1017146,23,2,3.99,0.00
5041941,1017146,5,1,13.49,0.00
5041942,1017146,30,1,3.29,0.00
5041943,1017147,1,1,11.49,0.00
5041944,1017147,3,1,10.49,0.00
5041945,1017147,22,1,4.49,0.00
5041946,1017147,23,1,3.99,0.00
5041947,1017147,26,2,2.49,0.00
5041948,1017148,1,1,11.49,0.00
5041949,1017148,27,1,2.49,0.00
5041950,1017149,13,1,9.99,0.00
5041951,1017149,26,1,2.49,0.00
5041952,1017149,23,1,3.99,0.00
5041953,1017150,6,1,12.99,0.00
5041954,1017150,21,1,3.99,0.00
5041955,1017150,20,1,4.49,0.00
5041956,1017150,31,1,3.49,0.00
5041957,1017150,34,1,4.49,0.00
5041958,1017151,1,1,11.49,0.00
5041959,1017151,32,1,4.99,0.00
5041960,1017151,34,1,4.49,0.00
5041961,1017152,13,1,9.99,0.00
5041962,1017152,18,1,5.49,0.00
5041963,1017152,27,0,2.49,0.00
5041964,1017152,21,1,3.99,0.00
5041965,1017152,32,1,4.99,0.00
5041966,1017153,14,1,10.49,0.00
5041967,1017154,8,1,12.49,0.00
5041968,1017154,27,1,2.49,0.00
5041969,1017155,6,1,12.99,0.00
5041970,1017155,19,1,3.99,0.00
5041971,1017155,27,1,2.49,0.00
5041972,1017156,1,1,11.49,0.00
5041973,1017156,22,1,4.49,0.00
5041974,1017156,34,2,4.49,0.00
5041975,1017156,28,1,3.49,0.00
5041976,1017156,20,1,4.49,0.00
5041977,1017157,3,2,10.49,0.00
5041978,1017158,9,1,13.99,0.00
5041979,1017159,6,1,12.99,0.00
5041980,1017159,10,1,10.99,0.00
5041981,1017160,12,1,18.99,0.00
5041982,1017160,34,1,4.49,0.00
5041983,1017160,26,1,2.49,0.00
5041984,1017160,31,1,3.49,0.00
5041985,1017161,10,1,10.99,0.00
5041986,1017161,32,1,4.99,0.00
5041987,1017162,8,1,12.49,0.00
5041988,1017162,30,1,3.29,0.00
5041989,1017162,24,1,3.49,0.00
5041990,1017163,5,1,13.49,0.00
5041991,1017163,28,1,3.49,0.00
5041992,1017163,34,1,4.49,0.00
5041993,1017164,12,1,18.99,0.00
5041994,1017165,8,1,12.49,0.00
5041995,1017165,18,2,5.49,0.00
5041996,1017166,12,1,18.99,0.00
5041997,1017166,3,1,10.49,0.00
5041998,1017166,19,1,3.99,0.00
5041999,1017167,14,1,10.49,0.00
5042000,1017167,29,1,3.49,0.00
5042001,1017168,1,1,11.49,0.00
5042002,1017168,20,2,4.49,0.00
5042003,1017168,18,1,5.49,0.00
5042004,1017168,35,1,2.99,0.00
5042005,1017169,10,1,10.99,0.00
5042006,1017169,28,1,3.49,0.00
5042007,1017170,16,1,10.49,0.00
5042008,1017170,28,1,3.49,0.00
5042009,1017170,19,1,3.99,0.00
5042010,1017171,1,1,11.49,0.00
5042011,1017171,20,1,4.49,0.00
5042012,1017172,1,1,11.49,0.00
5042013,1017173,9,1,13.99,0.00
5042014,1017174,5,1,13.49,0.00
5042015,1017175,2,1,11.99,0.00
5042016,1017176,2,1,11.99,0.00
5042017,1017177,3,1,10.49,0.00
5042018,1017177,21,1,3.99,0.00
5042019,1017177,18,1,5.49,0.00
5042020,1017178,3,1,10.49,0.00
5042021,1017179,2,1,11.99,0.00
5042022,1017179,21,2,3.99,0.00
5042023,1017180,2,1,11.99,0.00
5042024,1017180,21,1,3.99,0.00
5042025,1017180,20,1,4.49,0.00
5042026,1017180,35,3,2.99,0.00
5042027,1017180,22,1,4.49,0.00
5042028,1017181,10,1,10.99,0.00
5042029,1017182,7,1,11.99,0.00
5042030,1017182,27,2,2.49,0.00
5042031,1017182,6,1,12.99,0.00
5042032,1017182,18,1,5.49,0.00
5042033,1017183,2,3,11.99,0.00
5042034,1017183,26,1,2.49,0.00
5042035,1017183,18,1,5.49,0.00
5042036,1017184,2,1,11.99,0.00
5042037,1017184,30,1,3.29,0.00
5042038,1017185,12,1,18.99,0.00
5042039,1017185,2,1,11.99,0.00
5042040,1017186,10,1,10.99,0.00
5042041,1017186,22,1,4.49,0.00
5042042,1017187,11,1,13.49,0.00
5042043,1017187,19,1,3.99,0.00
5042044,1017188,12,1,18.99,0.00
5042045,1017188,33,1,5.49,0.00
5042046,1017189,8,1,12.49,0.00
5042047,1017189,30,1,3.29,0.00
5042048,1017190,1,1,11.49,0.00
5042049,1017190,29,3,3.49,0.00
5042050,1017190,18,1,5.49,0.00
5042051,1017191,9,1,13.99,0.00
5042052,1017191,26,2,2.49,0.00
5042053,1017191,12,1,18.99,0.00
5042054,1017192,11,1,13.49,0.00
5042055,1017192,12,1,18.99,0.00
5042056,1017193,4,1,14.99,0.00
5042057,1017193,27,1,2.49,0.00
5042058,1017193,22,1,4.49,0.00
5042059,1017194,15,1,10.99,0.00
5042060,1017194,23,1,3.99,0.00
5042061,1017195,6,1,12.99,0.00
5042062,1017196,5,1,13.49,0.00
5042063,1017196,31,1,3.49,0.00
5042064,1017196,23,1,3.99,0.00
5042065,1017197,3,1,10.49,0.00
5042066,1017198,15,1,10.99,0.00
5042067,1017198,20,1,4.49,0.00
5042068,1017198,27,1,2.49,0.00
5042069,1017199,12,1,18.99,0.00
5042070,1017199,20,1,4.49,0.00
5042071,1017199,27,1,2.49,0.00
5042072,1017199,35,3,2.99,0.00
5042073,1017200,3,1,10.49,0.00
5042074,1017200,28,1,3.49,0.00
5042075,1017201,3,1,10.49,0.00
5042076,1017202,1,1,11.49,0.00
5042077,1017203,9,1,13.99,0.00
5042078,1017203,33,1,5.49,0.00
5042079,1017203,24,1,3.49,0.00
5042080,1017204,10,1,10.99,0.00
5042081,1017204,25,1,6.49,0.00
5042082,1017204,32,1,4.99,0.00
5042083,1017205,10,1,10.99,0.00
5042084,1017205,22,3,4.49,0.00
5042085,1017205,28,1,3.49,0.00
5042086,1017206,14,1,10.49,0.00
5042087,1017206,27,1,2.49,0.00
5042088,1017206,7,1,11.99,0.00
5042089,1017206,23,1,3.99,0.00
5042090,1017206,29,1,3.49,0.00
5042091,1017207,14,1,10.49,0.00
5042092,1017207,25,1,6.49,0.00
5042093,1017207,1,1,11.49,0.00
5042094,1017208,7,1,11.99,0.00
5042095,1017208,19,1,3.99,0.00
5042096,1017208,28,1,3.49,0.00
5042097,1017209,2,1,11.99,0.00
5042098,1017209,35,1,2.99,0.00
5042099,1017210,7,2,11.99,0.00
5042100,1017211,8,-1,12.49,0.00
5042101,1017212,5,1,13.49,0.00
5042102,1017212,21,1,3.99,0.00
5042103,1017213,4,1,14.99,0.00
5042104,1017214,1,1,11.49,0.00
5042105,1017214,4,1,14.99,0.00
5042106,1017215,8,1,12.49,0.00
5042107,1017215,31,2,3.49,0.00
5042108,1017215,27,1,2.49,0.00
5042109,1017216,11,1,13.49,0.00
5042110,1017217,8,2,12.49,0.00
5042111,1017218,9,1,13.99,0.00
5042112,1017219,3,1,10.49,0.00
5042113,1017219,31,1,3.49,0.00
5042114,1017220,3,1,10.49,0.00
5042115,1017220,21,1,3.99,0.00
5042116,1017221,7,1,11.99,0.00
5042117,1017221,29,2,3.49,0.00
5042118,1017222,2,1,11.99,0.00
5042119,1017222,32,1,4.99,0.00
5042120,1017222,25,2,6.49,0.00
5042121,1017222,20,1,4.49,0.00
5042122,1017223,14,2,10.49,0.00
5042123,1017224,7,1,11.99,0.00
5042124,1017224,18,1,5.49,0.00
5042125,1017224,21,1,3.99,0.00
5042126,1017225,13,1,9.99,0.00
5042127,1017225,27,3,2.49,0.00
5042128,1017225,26,1,2.49,0.00
5042129,1017225,21,1,3.99,0.00
5042130,1017226,9,1,13.99,0.00
5042131,1017227,3,1,10.49,0.00
5042132,1017227,22,1,4.49,0.00
5042133,1017227,30,3,3.29,0.00
5042134,1017227,34,1,4.49,0.00
5042135,1017228,6,1,12.99,0.00
5042136,1017229,3,1,10.49,0.00
5042137,1017230,4,1,14.99,0.00
5042138,1017230,21,1,3.99,0.00
5042139,1017230,15,1,10.99,0.00
5042140,1017230,19,1,3.99,0.00
5042141,1017230,26,1,2.49,0.00
5042142,1017231,6,1,12.99,0.00
5042143,1017232,2,1,11.99,0.00
5042144,1017233,11,3,13.49,0.00
5042145,1017233,26,1,2.49,0.00
5042146,1017234,3,1,10.49,0.00
5042147,1017234,21,3,3.99,0.00
5042148,1017234,29,1,3.49,0.00
5042149,1017234,20,1,4.49,0.00
5042150,1017235,12,1,18.99,0.00
5042151,1017235,26,1,2.49,0.00
5042152,1017235,25,1,6.49,0.00
5042153,1017235,19,1,3.99,0.00
5042154,1017236,3,1,10.49,0.00
5042155,1017236,33,1,5.49,0.00
5042156,1017237,12,1,18.99,0.00
5042157,1017237,27,2,2.49,0.00
5042158,1017237,26,1,2.49,0.00
5042159,1017238,10,1,10.99,0.00
5042160,1017238,21,2,3.99,0.00
5042161,1017239,14,1,10.49,0.00
5042162,1017239,29,3,3.49,0.00
5042163,1017239,25,2,6.49,0.00
5042164,1017240,14,1,10.49,0.00
5042165,1017240,29,1,3.49,0.00
5042166,1017240,26,1,2.49,0.00
5042167,1017241,9,1,13.99,0.00
5042168,1017242,14,1,10.49,0.00
5042169,1017242,25,1,6.49,0.00
5042170,1017243,4,1,14.99,0.00
5042171,1017243,23,1,3.99,0.00
5042172,1017243,29,1,3.49,0.00
5042173,1017244,7,1,11.99,0.00
5042174,1017244,30,1,3.29,0.00
5042175,1017244,23,1,3.99,0.00
5042176,1017245,5,1,13.49,0.00
5042177,1017245,21,1,3.99,0.00
5042178,1017245,24,1,3.49,0.00
5042179,1017245,6,1,12.99,0.00
5042180,1017245,31,1,3.49,0.00
5042181,1017246,10,2,10.99,0.00
5042182,1017246,32,1,4.99,0.00
5042183,1017247,15,1,10.99,0.00
5042184,1017247,25,1,6.49,0.00
5042185,1017248,8,1,12.49,0.00
5042186,1017248,20,3,4.49,0.00
5042187,1017248,29,1,3.49,0.00
5042188,1017249,9,1,13.99,0.00
5042189,1017250,3,1,10.49,0.00
5042190,1017250,34,1,4.49,0.00
5042191,1017250,7,1,11.99,0.00
5042192,1017251,3,1,10.49,0.00
5042193,1017251,20,1,4.49,0.00
5042194,1017251,11,2,13.49,0.00
5042195,1017252,14,1,10.49,0.00
5042196,1017253,8,1,12.49,0.00
5042197,1017253,27,1,2.49,0.00
5042198,1017253,29,1,3.49,0.00
5042199,1017254,3,1,10.49,0.00
5042200,1017254,22,1,4.49,0.00
5042201,1017255,8,1,12.49,0.00
5042202,1017255,21,2,3.99,0.00
5042203,1017255,27,1,2.49,0.00
5042204,1017255,23,1,3.99,0.00
5042205,1017255,3,1,10.49,0.00
5042206,1017256,10,1,10.99,0.00
5042207,1017257,11,1,13.49,0.00
5042208,1017257,28,1,3.49,0.00
5042209,1017258,3,1,10.49,0.00
5042210,1017258,18,2,5.49,0.00
5042211,1017258,23,1,3.99,0.00
5042212,1017259,6,1,12.99,0.00
5042213,1017259,33,1,5.49,0.00
5042214,1017259,29,1,3.49,0.00
5042215,1017259,8,1,12.49,0.00
5042216,1017260,9,1,13.99,0.00
5042217,1017261,5,1,13.49,0.00
5042218,1017261,16,1,10.49,0.00
5042219,1017261,32,1,4.99,0.00
5042220,1017261,21,1,3.99,0.00
5042221,1017262,8,2,12.49,0.00
5042222,1017263,3,1,10.49,0.00
5042223,1017263,25,1,6.49,0.00
5042224,1017263,26,1,2.49,0.00
5042225,1017264,3,1,10.49,0.00
5042226,1017264,33,3,5.49,0.00
5042227,1017264,4,2,14.99,0.00
5042228,1017265,1,1,11.49,0.00
5042229,1017265,2,1,11.99,0.00
5042230,1017266,7,1,11.99,0.00
5042231,1017266,30,1,3.29,0.00
5042232,1017266,22,1,4.49,0.00
5042233,1017267,15,1,10.99,0.00
5042234,1017267,22,1,4.49,0.00
5042235,1017268,2,1,11.99,0.00
5042236,1017268,24,1,3.49,0.00
5042237,1017269,6,1,12.99,0.00
5042238,1017269,29,2,3.49,0.00
5042239,1017269,18,1,5.49,0.00
5042240,1017269,26,1,2.49,0.00
5042241,1017270,10,2,10.99,0.00
5042242,1017270,34,1,4.49,0.00
5042243,1017270,27,1,2.49,0.00
5042244,1017270,29,3,3.49,0.00
5042245,1017270,28,1,3.49,0.00
5042246,1017271,8,1,12.49,0.00
5042247,1017271,25,2,6.49,0.00
5042248,1017271,20,1,4.49,0.00
5042249,1017272,9,1,13.99,0.00
5042250,1017272,23,1,3.99,0.00
5042251,1017273,3,1,10.49,0.00
5042252,1017273,29,1,3.49,0.00
5042253,1017273,28,1,3.49,0.00
5042254,1017274,7,1,11.99,0.00
5042255,1017274,22,2,4.49,0.00
5042256,1017274,18,1,5.49,0.00
5042257,1017274,10,1,10.99,0.00
5042258,1017274,27,1,2.49,0.00
5042259,1017274,6,1,12.99,0.00
5042260,1017275,4,2,14.99,0.00
5042261,1017275,32,2,4.99,0.00
5042262,1017276,4,2,14.99,0.00
5042263,1017277,6,1,12.99,0.00
5042264,1017277,27,2,2.49,0.00
5042265,1017277,26,2,2.49,0.00
5042266,1017278,9,1,13.99,0.00
5042267,1017279,5,1,13.49,0.00
5042268,1017279,26,1,2.49,0.00
5042269,1017280,16,1,10.49,0.00
5042270,1017280,19,2,3.99,0.00
5042271,1017280,22,1,4.49,0.00
5042272,1017281,6,2,12.99,0.00
5042273,1017281,20,1,4.49,0.00
5042274,1017282,11,1,13.49,0.00
5042275,1017282,26,1,2.49,0.00
5042276,1017282,22,1,4.49,0.00
5042277,1017283,9,1,13.99,0.00
5042278,1017284,4,1,14.99,0.00
5042279,1017284,18,1,5.49,0.00
5042280,1017284,26,1,2.49,0.00
5042281,1017285,6,2,12.99,0.00
5042282,1017286,10,1,10.99,0.00
5042283,1017287,6,1,12.99,0.00
5042284,1017287,28,2,3.49,0.00
5042285,1017287,33,1,5.49,0.00
5042286,1017287,26,1,2.49,0.00
5042287,1017287,19,1,3.99,0.00
5042288,1017288,2,1,11.99,0.00
5042289,1017288,19,1,3.99,0.00
5042290,1017289,11,1,13.49,0.00
5042291,1017290,3,1,10.49,0.00
5042292,1017290,26,1,2.49,0.00
5042293,1017290,19,1,3.99,0.00
5042294,1017291,10,1,10.99,0.00
5042295,1017291,19,1,3.99,0.00
5042296,1017292,15,1,10.99,0.00
5042297,1017292,35,1,2.99,0.00
5042298,1017292,24,1,3.49,0.00
5042299,1017293,3,1,10.49,0.00
5042300,1017293,14,2,10.49,0.00
5042301,1017293,33,1,5.49,0.00
5042302,1017294,14,1,10.49,0.00
5042303,1017295,5,1,13.49,0.00
5042304,1017295,26,1,2.49,0.00
5042305,1017295,34,3,4.49,0.00
5042306,1017295,30,1,3.29,0.00
5042307,1017296,13,1,9.99,0.00
5042308,1017296,27,1,2.49,0.00
5042309,1017297,2,1,11.99,0.00
5042310,1017297,21,1,3.99,0.00
5042311,1017297,26,2,2.49,0.00
5042312,1017297,25,1,6.49,0.00
5042313,1017298,2,1,11.99,0.00
5042314,1017298,27,3,2.49,0.00
5042315,1017298,31,1,3.49,0.00
5042316,1017299,1,1,11.49,0.00
5042317,1017299,27,1,2.49,0.00
5042318,1017299,26,1,2.49,0.00
5042319,1017300,15,1,10.99,0.00
5042320,1017300,21,1,3.99,0.00
5042321,1017300,26,3,2.49,0.00
5042322,1017300,18,1,5.49,0.00
5042323,1017301,6,1,12.99,0.00
5042324,1017302,15,1,10.99,0.00
5042325,1017303,13,1,9.99,0.00
5042326,1017303,30,1,3.29,0.00
5042327,1017304,3,2,10.49,0.00
5042328,1017304,27,2,2.49,0.00
5042329,1017304,25,1,6.49,0.00
5042330,1017304,24,1,3.49,0.00
5042331,1017305,11,1,13.49,0.00
5042332,1017306,9,1,13.99,0.00
5042333,1017307,2,1,11.99,0.00
5042334,1017307,7,1,11.99,0.00
5042335,1017307,3,1,10.49,0.00
5042336,1017308,11,2,13.49,0.00
5042337,1017308,21,1,3.99,0.00
5042338,1017308,30,1,3.29,0.00
5042339,1017308,31,2,3.49,0.00
5042340,1017308,18,2,5.49,0.00
5042341,1017309,6,1,12.99,0.00
5042342,1017309,23,2,3.99,0.00
5042343,1017309,21,1,3.99,0.00
5042344,1017310,9,1,13.99,0.00
5042345,1017310,32,1,4.99,0.00
5042346,1017310,26,1,2.49,0.00
5042347,1017311,3,1,10.49,0.00
5042348,1017311,25,1,6.49,0.00
5042349,1017311,27,1,2.49,0.00
5042350,1017312,9,2,13.99,0.00
5042351,1017313,4,1,14.99,0.00
5042352,1017313,27,1,2.49,0.00
5042353,1017313,18,3,5.49,0.00
5042354,1017314,5,1,13.49,0.00
5042355,1017315,8,1,12.49,0.00
5042356,1017315,19,1,3.99,0.00
5042357,1017315,20,1,4.49,0.00
5042358,1017316,7,1,11.99,0.00
5042359,1017317,8,2,12.49,0.00
5042360,1017317,34,1,4.49,0.00
5042361,1017318,13,1,9.99,0.00
5042362,1017318,25,2,6.49,0.00
5042363,1017318,33,1,5.49,0.00
5042364,1017318,2,1,11.99,0.00
5042365,1017318,18,1,5.49,0.00
5042366,1017319,7,1,11.99,0.00
5042367,1017319,26,1,2.49,0.00
5042368,1017319,25,1,6.49,0.00
5042369,1017320,7,1,11.99,0.00
5042370,1017321,11,1,13.49,0.00
5042371,1017321,19,1,3.99,0.00
5042372,1017322,6,1,12.99,0.00
5042373,1017323,5,1,13.49,0.00
5042374,1017323,29,2,3.49,0.00
5042375,1017323,24,1,3.49,0.00
5042376,1017323,21,1,3.99,0.00
5042377,1017324,3,1,10.49,0.00
5042378,1017324,18,1,5.49,0.00
5042379,1017324,32,1,4.99,0.00
5042380,1017325,4,1,14.99,0.00
5042381,1017326,9,1,13.99,0.00
5042382,1017327,9,1,13.99,0.00
5042383,1017328,3,1,10.49,0.00
5042384,1017328,21,1,3.99,0.00
5042385,1017329,8,1,12.49,0.00
5042386,1017329,30,3,3.29,0.00
5042387,1017330,2,1,11.99,0.00
5042388,1017331,7,2,11.99,0.00
5042389,1017331,29,1,3.49,0.00
5042390,1017331,31,2,3.49,0.00
5042391,1017331,21,1,3.99,0.00
5042392,1017332,13,2,9.99,0.00
5042393,1017332,23,1,3.99,0.00
5042394,1017332,30,3,3.29,0.00
5042395,1017332,27,3,2.49,0.00
5042396,1017333,6,1,12.99,0.00
5042397,1017333,27,1,2.49,0.00
5042398,1017334,7,1,11.99,0.00
5042399,1017335,13,2,9.99,0.00
5042400,1017335,20,1,4.49,0.00
5042401,1017335,9,1,13.99,0.00
5042402,1017336,6,2,12.99,0.00
5042403,1017336,32,1,4.99,0.00
5042404,1017336,24,2,3.49,0.00
5042405,1017336,18,1,5.49,0.00
5042406,1017336,27,1,2.49,0.00
5042407,1017337,9,2,13.99,0.00
5042408,1017337,34,3,4.49,0.00
5042409,1017338,12,1,18.99,5.00
5042410,1017338,19,1,3.99,0.00
5042411,1017338,32,1,4.99,0.00
5042412,1017339,6,1,12.99,0.00
5042413,1017339,19,2,3.99,0.00
5042414,1017339,34,2,4.49,0.00
5042415,1017339,21,1,3.99,0.00
5042416,1017340,14,2,10.49,0.00
5042417,1017340,18,1,5.49,0.00
5042418,1017341,15,-1,10.99,0.00
5042419,1017342,2,1,11.99,0.00
5042420,1017342,26,1,2.49,0.00
5042421,1017342,8,1,12.49,0.00
5042422,1017342,22,1,4.49,0.00
5042423,1017343,12,1,18.99,5.00
5042424,1017343,30,1,3.29,0.00
5042425,1017343,26,1,2.49,0.00
5042426,1017344,12,1,18.99,0.00
5042427,1017344,26,1,2.49,0.00
5042428,1017345,10,1,10.99,0.00
5042429,1017345,21,1,3.99,0.00
5042430,1017346,4,1,14.99,5.00
5042431,1017347,4,1,14.99,5.00
5042432,1017347,32,1,4.99,0.00
5042433,1017348,6,1,12.99,0.00
5042434,1017349,7,1,11.99,0.00
5042435,1017349,32,1,4.99,0.00
5042436,1017349,34,1,4.49,0.00
5042437,1017350,5,1,13.49,0.00
5042438,1017350,18,1,5.49,0.00
5042439,1017350,31,1,3.49,0.00
5042440,1017351,5,1,13.49,0.00
5042441,1017351,27,1,2.49,0.00
5042442,1017352,6,1,12.99,0.00
5042443,1017352,19,1,3.99,0.00
5042444,1017353,8,2,12.49,0.00
5042445,1017353,26,1,2.49,0.00
5042446,1017353,11,1,13.49,0.00
5042447,1017354,16,2,10.49,0.00
5042448,1017354,29,1,3.49,0.00
5042449,1017354,28,1,3.49,0.00
5042450,1017355,4,1,14.99,5.00
5042451,1017356,14,1,10.49,0.00
5042452,1017356,26,1,2.49,0.00
5042453,1017357,3,1,10.49,0.00
5042454,1017357,33,1,5.49,0.00
5042455,1017358,15,0,10.99,0.00
5042456,1017358,29,1,3.49,0.00
5042457,1017358,5,1,13.49,0.00
5042458,1017358,32,2,4.99,0.00
5042459,1017358,30,1,3.29,0.00
5042460,1017359,12,1,18.99,5.00
5042461,1017360,8,1,12.49,0.00
5042462,1017360,28,2,3.49,0.00
5042463,1017360,26,1,2.49,0.00
5042464,1017361,6,1,12.99,0.00
5042465,1017361,18,1,5.49,0.00
5042466,1017361,27,2,2.49,0.00
5042467,1017361,28,1,3.49,0.00
5042468,1017362,4,1,14.99,0.00
5042469,1017362,28,1,3.49,0.00
5042470,1017363,4,1,14.99,5.00
5042471,1017363,18,1,5.49,0.00
5042472,1017363,19,1,3.99,0.00
5042473,1017364,4,1,14.99,5.00
5042474,1017364,23,1,3.99,0.00
5042475,1017364,27,1,2.49,0.00
5042476,1017364,13,1,9.99,0.00
5042477,1017364,32,2,4.99,0.00
5042478,1017365,4,1,14.99,5.00
5042479,1017365,27,1,2.49,0.00
5042480,1017366,4,1,14.99,0.00
5042481,1017366,20,2,4.49,0.00
5042482,1017366,21,1,3.99,0.00
5042483,1017367,12,1,18.99,5.00
5042484,1017367,26,3,2.49,0.00
5042485,1017368,8,1,12.49,0.00
5042486,1017368,22,1,4.49,0.00
5042487,1017368,31,1,3.49,0.00
5042488,1017368,20,1,4.49,0.00
5042489,1017369,5,1,13.49,0.00
5042490,1017370,3,1,10.49,0.00
5042491,1017370,19,2,3.99,0.00
5042492,1017370,18,1,5.49,0.00
5042493,1017370,30,1,3.29,0.00
5042494,1017371,2,1,11.99,0.00
5042495,1017372,16,3,10.49,0.00
5042496,1017372,1,1,11.49,0.00
5042497,1017373,8,1,12.49,0.00
5042498,1017373,26,1,2.49,0.00
5042499,1017374,3,1,10.49,0.00
5042500,1017375,9,1,13.99,0.00
5042501,1017375,19,1,3.99,0.00
5042502,1017376,12,1,18.99,5.00
5042503,1017376,16,2,10.49,0.00
5042504,1017376,29,1,3.49,0.00
5042505,1017377,4,1,14.99,5.00
5042506,1017377,26,1,2.49,0.00
5042507,1017377,28,1,3.49,0.00
5042508,1017377,19,1,3.99,0.00
5042509,1017378,2,1,11.99,0.00
5042510,1017378,22,2,4.49,0.00
5042511,1017378,26,1,2.49,0.00
5042512,1017378,18,1,5.49,0.00
5042513,1017379,9,1,13.99,0.00
5042514,1017379,27,1,2.49,0.00
5042515,1017380,5,3,13.49,0.00
5042516,1017381,15,1,10.99,0.00
5042517,1017381,19,3,3.99,0.00
5042518,1017382,1,1,11.49,0.00
5042519,1017383,4,1,14.99,0.00
5042520,1017383,19,1,3.99,0.00
5042521,1017384,3,1,10.49,0.00
5042522,1017385,12,2,18.99,5.00
5042523,1017385,27,1,2.49,0.00
5042524,1017385,28,2,3.49,0.00
5042525,1017386,10,2,10.99,0.00
5042526,1017386,22,1,4.49,0.00
5042527,1017387,4,1,14.99,5.00
5042528,1017387,26,3,2.49,0.00
5042529,1017387,18,1,5.49,0.00
5042530,1017387,20,1,4.49,0.00
5042531,1017387,27,1,2.49,0.00
5042532,1017387,22,1,4.49,0.00
5042533,1017388,4,1,14.99,5.00
5042534,1017389,1,1,11.49,0.00
5042535,1017389,23,1,3.99,0.00
5042536,1017389,32,2,4.99,0.00
5042537,1017390,6,1,12.99,0.00
5042538,1017390,25,1,6.49,0.00
5042539,1017391,11,1,13.49,0.00
5042540,1017391,26,1,2.49,0.00
5042541,1017391,19,1,3.99,0.00
5042542,1017392,9,1,13.99,0.00
5042543,1017392,28,2,3.49,0.00
5042544,1017393,7,1,11.99,0.00
5042545,1017393,22,1,4.49,0.00
5042546,1017393,34,1,4.49,0.00
5042547,1017393,21,1,3.99,0.00
5042548,1017394,3,3,10.49,0.00
5042549,1017395,4,2,14.99,5.00
5042550,1017395,30,1,3.29,0.00
5042551,1017396,9,1,13.99,0.00
5042552,1017396,31,1,3.49,0.00
5042553,1017396,27,1,2.49,0.00
5042554,1017397,4,1,14.99,5.00
5042555,1017397,21,3,3.99,0.00
5042556,1017397,26,1,2.49,0.00
5042557,1017397,19,1,3.99,0.00
5042558,1017398,1,1,11.49,0.00
5042559,1017398,29,1,3.49,0.00
5042560,1017398,28,1,3.49,0.00
5042561,1017399,5,3,13.49,0.00
5042562,1017399,11,1,13.49,0.00
5042563,1017399,21,2,3.99,0.00
5042564,1017400,6,1,12.99,0.00
5042565,1017401,12,1,18.99,0.00
5042566,1017401,7,3,11.99,0.00
5042567,1017401,19,1,3.99,0.00
5042568,1017402,14,1,10.49,0.00
5042569,1017403,11,1,13.49,0.00
5042570,1017404,4,1,14.99,5.00
5042571,1017405,15,1,10.99,0.00
5042572,1017405,29,1,3.49,0.00
5042573,1017406,4,1,14.99,5.00
5042574,1017406,19,1,3.99,0.00
5042575,1017406,22,1,4.49,0.00
5042576,1017407,12,1,18.99,5.00
5042577,1017408,13,1,9.99,0.00
5042578,1017408,30,1,3.29,0.00
5042579,1017409,5,2,13.49,0.00
5042580,1017409,8,2,12.49,0.00
5042581,1017409,19,1,3.99,0.00
5042582,1017410,12,1,18.99,0.00
5042583,1017410,27,1,2.49,0.00
5042584,1017411,4,1,14.99,0.00
5042585,1017411,3,1,10.49,0.00
5042586,1017411,21,1,3.99,0.00
5042587,1017411,29,2,3.49,0.00
5042588,1017412,4,1,14.99,5.00
5042589,1017412,31,1,3.49,0.00
5042590,1017413,6,1,12.99,0.00
5042591,1017413,29,1,3.49,0.00
5042592,1017413,32,1,4.99,0.00
5042593,1017414,16,1,10.49,0.00
5042594,1017414,18,1,5.49,0.00
5042595,1017414,5,1,13.49,0.00
5042596,1017414,20,-1,4.49,0.00
5042597,1017415,4,1,14.99,0.00
5042598,1017415,29,1,3.49,0.00
5042599,1017415,31,2,3.49,0.00
5042600,1017415,28,1,3.49,0.00
5042601,1017416,14,2,10.49,0.00
5042602,1017416,7,1,11.99,0.00
5042603,1017416,26,3,2.49,0.00
5042604,1017417,4,1,14.99,5.00
5042605,1017418,2,1,11.99,0.00
5042606,1017418,21,1,3.99,0.00
5042607,1017419,12,1,18.99,5.00
5042608,1017419,29,1,3.49,0.00
5042609,1017419,26,2,2.49,0.00
5042610,1017419,21,2,3.99,0.00
5042611,1017420,6,1,12.99,0.00
5042612,1017420,27,1,2.49,0.00
5042613,1017421,4,1,14.99,5.00
5042614,1017422,15,1,10.99,0.00
5042615,1017422,18,1,5.49,0.00
5042616,1017422,32,-2,4.99,0.00
5042617,1017422,23,1,3.99,0.00
5042618,1017423,6,2,12.99,0.00
5042619,1017423,18,1,5.49,0.00
5042620,1017423,24,1,3.49,0.00
5042621,1017423,19,1,3.99,0.00
5042622,1017423,34,1,4.49,0.00
5042623,1017424,1,1,11.49,0.00
5042624,1017425,9,1,13.99,0.00
5042625,1017426,8,1,12.49,0.00
5042626,1017427,8,1,12.49,0.00
5042627,1017427,35,1,2.99,0.00
5042628,1017427,26,2,2.49,0.00
5042629,1017428,7,2,11.99,0.00
5042630,1017429,2,1,11.99,0.00
5042631,1017429,28,1,3.49,0.00
5042632,1017429,26,3,2.49,0.00
5042633,1017429,34,1,4.49,0.00
5042634,1017429,24,1,3.49,0.00
5042635,1017430,3,1,10.49,0.00
5042636,1017431,1,1,11.49,0.00
5042637,1017431,7,1,11.99,0.00
5042638,1017431,27,1,2.49,0.00
5042639,1017432,4,2,14.99,5.00
5042640,1017432,22,1,4.49,0.00
5042641,1017432,19,1,3.99,0.00
5042642,1017433,7,1,11.99,0.00
5042643,1017434,12,1,18.99,5.00
5042644,1017434,14,1,10.49,0.00
5042645,1017435,3,2,10.49,0.00
5042646,1017435,1,2,11.49,0.00
5042647,1017436,4,1,14.99,0.00
5042648,1017437,16,1,10.49,0.00
5042649,1017437,26,1,2.49,0.00
5042650,1017438,6,2,12.99,0.00
5042651,1017438,22,1,4.49,0.00
5042652,1017439,12,1,18.99,5.00
5042653,1017439,26,1,2.49,0.00
5042654,1017439,30,2,3.29,0.00
5042655,1017440,12,1,18.99,0.00
5042656,1017441,10,1,10.99,0.00
5042657,1017441,27,2,2.49,0.00
5042658,1017441,19,2,3.99,0.00
5042659,1017442,8,1,12.49,0.00
5042660,1017442,30,1,3.29,0.00
5042661,1017442,22,1,4.49,0.00
5042662,1017443,4,1,14.99,5.00
5042663,1017444,9,2,13.99,0.00
5042664,1017444,35,1,2.99,0.00
5042665,1017445,1,1,11.49,0.00
5042666,1017445,19,1,3.99,0.00
5042667,1017446,15,1,10.99,0.00
5042668,1017447,1,2,11.49,0.00
5042669,1017447,27,1,2.49,0.00
5042670,1017447,30,1,3.29,0.00
5042671,1017447,29,1,3.49,0.00
5042672,1017448,7,1,11.99,0.00
5042673,1017449,12,1,18.99,5.00
5042674,1017449,21,1,3.99,0.00
5042675,1017450,5,2,13.49,0.00
5042676,1017450,21,1,3.99,0.00
5042677,1017450,18,1,5.49,0.00
5042678,1017451,12,1,18.99,5.00
5042679,1017452,4,1,14.99,5.00
5042680,1017452,26,2,2.49,0.00
5042681,1017452,1,1,11.49,0.00
5042682,1017453,12,1,18.99,0.00
5042683,1017453,26,1,2.49,0.00
5042684,1017453,25,1,6.49,0.00
5042685,1017453,28,1,3.49,0.00
5042686,1017454,14,1,10.49,0.00
5042687,1017454,32,1,4.99,0.00
5042688,1017455,11,1,13.49,0.00
5042689,1017455,27,1,2.49,0.00
5042690,1017455,29,2,3.49,0.00
5042691,1017456,4,1,14.99,5.00
5042692,1017457,6,1,12.99,0.00
5042693,1017457,20,1,4.49,0.00
5042694,1017457,31,1,3.49,0.00
5042695,1017458,3,1,10.49,0.00
5042696,1017458,25,1,6.49,0.00
5042697,1017459,2,3,11.99,0.00
5042698,1017460,3,1,10.49,0.00
5042699,1017460,30,1,3.29,0.00
5042700,1017460,32,1,4.99,0.00
5042701,1017461,1,1,11.49,0.00
5042702,1017462,11,1,13.49,0.00
5042703,1017463,4,1,14.99,5.00
5042704,1017463,18,1,5.49,0.00
5042705,1017463,31,1,3.49,0.00
5042706,1017464,7,2,11.99,0.00
5042707,1017465,13,1,9.99,0.00
5042708,1017466,12,1,18.99,5.00
5042709,1017466,2,1,11.99,0.00
5042710,1017466,19,1,3.99,0.00
5042711,1017467,1,1,11.49,0.00
5042712,1017467,19,1,3.99,0.00
5042713,1017468,1,1,11.49,0.00
5042714,1017468,26,1,2.49,0.00
5042715,1017468,27,1,2.49,0.00
5042716,1017469,1,1,11.49,0.00
5042717,1017470,12,1,18.99,5.00
5042718,1017470,16,1,10.49,0.00
5042719,1017470,30,1,3.29,0.00
5042720,1017471,1,1,11.49,0.00
5042721,1017472,8,1,12.49,0.00
5042722,1017472,20,2,4.49,0.00
5042723,1017473,11,1,13.49,0.00
5042724,1017474,10,1,10.99,0.00
5042725,1017474,26,1,2.49,0.00
5042726,1017474,30,1,3.29,0.00
5042727,1017475,1,1,11.49,0.00
5042728,1017476,11,1,13.49,0.00
5042729,1017477,14,2,10.49,0.00
5042730,1017477,32,1,4.99,0.00
5042731,1017477,25,1,6.49,0.00
5042732,1017478,7,1,11.99,0.00
5042733,1017479,12,1,18.99,5.00
5042734,1017479,18,1,5.49,0.00
5042735,1017480,12,1,18.99,0.00
5042736,1017481,12,1,18.99,5.00
5042737,1017481,20,1,4.49,0.00
5042738,1017481,31,1,3.49,0.00
5042739,1017482,9,1,13.99,0.00
5042740,1017483,12,1,18.99,0.00
5042741,1017483,25,1,6.49,0.00
5042742,1017483,26,1,2.49,0.00
5042743,1017484,14,1,10.49,0.00
5042744,1017484,21,1,3.99,0.00
5042745,1017484,33,1,5.49,0.00
5042746,1017484,26,1,2.49,0.00
5042747,1017485,4,1,14.99,0.00
5042748,1017485,29,3,3.49,0.00
5042749,1017485,25,2,6.49,0.00
5042750,1017485,24,1,3.49,0.00
5042751,1017486,4,1,14.99,0.00
5042752,1017487,14,1,10.49,0.00
5042753,1017487,24,1,3.49,0.00
5042754,1017487,31,1,3.49,0.00
5042755,1017488,1,1,11.49,0.00
5042756,1017488,24,1,3.49,0.00
5042757,1017488,27,1,2.49,0.00
5042758,1017489,15,3,10.99,0.00
5042759,1017489,18,1,5.49,0.00
5042760,1017489,27,1,2.49,0.00
5042761,1017489,33,1,5.49,0.00
5042762,1017490,12,1,18.99,5.00
5042763,1017490,32,1,4.99,0.00
5042764,1017490,27,2,2.49,0.00
5042765,1017490,26,2,2.49,0.00
5042766,1017491,13,1,9.99,0.00
5042767,1017492,4,1,14.99,5.00
5042768,1017493,10,1,10.99,0.00
5042769,1017493,26,1,2.49,0.00
5042770,1017494,4,1,14.99,0.00
5042771,1017495,12,1,18.99,0.00
5042772,1017496,5,1,13.49,0.00
5042773,1017497,3,1,10.49,0.00
5042774,1017497,32,1,4.99,0.00
5042775,1017498,11,1,13.49,0.00
5042776,1017498,3,2,10.49,0.00
5042777,1017498,20,1,4.49,0.00
5042778,1017498,16,1,10.49,0.00
5042779,1017499,1,1,11.49,0.00
5042780,1017499,19,2,3.99,0.00
5042781,1017499,26,1,2.49,0.00
5042782,1017500,6,1,12.99,0.00
5042783,1017500,28,1,3.49,0.00
5042784,1017501,15,1,10.99,0.00
5042785,1017502,13,1,9.99,0.00
5042786,1017503,2,1,11.99,0.00
5042787,1017503,22,2,4.49,0.00
5042788,1017504,9,1,13.99,0.00
5042789,1017504,28,1,3.49,0.00
5042790,1017505,7,1,11.99,0.00
5042791,1017505,27,1,2.49,0.00
5042792,1017505,30,-1,3.29,0.00
5042793,1017506,3,2,10.49,0.00
5042794,1017506,20,1,4.49,0.00
5042795,1017506,16,1,10.49,0.00
5042796,1017507,3,1,10.49,0.00
5042797,1017507,34,2,4.49,0.00
5042798,1017507,19,1,3.99,0.00
5042799,1017508,14,1,10.49,0.00
5042800,1017508,28,1,3.49,0.00
5042801,1017509,6,1,12.99,0.00
5042802,1017510,4,1,14.99,5.00
5042803,1017510,22,1,4.49,0.00
5042804,1017510,26,3,2.49,0.00
5042805,1017510,34,1,4.49,0.00
5042806,1017511,9,1,13.99,0.00
5042807,1017511,24,1,3.49,0.00
5042808,1017511,23,2,3.99,0.00
5042809,1017512,1,1,11.49,0.00
5042810,1017513,14,1,10.49,0.00
5042811,1017513,21,1,3.99,0.00
5042812,1017513,20,1,4.49,0.00
5042813,1017513,35,2,2.99,0.00
5042814,1017513,6,1,12.99,0.00
5042815,1017514,4,1,14.99,5.00
5042816,1017515,12,1,18.99,0.00
5042817,1017515,35,1,2.99,0.00
5042818,1017516,4,1,14.99,0.00
5042819,1017516,18,1,5.49,0.00
5042820,1017517,9,2,13.99,0.00
5042821,1017518,11,2,13.49,0.00
5042822,1017518,19,2,3.99,0.00
5042823,1017519,14,1,10.49,0.00
5042824,1017520,12,1,18.99,5.00
5042825,1017520,27,3,2.49,0.00
5042826,1017520,28,1,3.49,0.00
5042827,1017521,2,1,11.99,0.00
5042828,1017521,35,1,2.99,0.00
5042829,1017522,1,1,11.49,0.00
5042830,1017522,27,1,2.49,0.00
5042831,1017523,16,1,10.49,0.00
5042832,1017523,29,1,3.49,0.00
5042833,1017524,13,1,9.99,0.00
5042834,1017524,27,1,2.49,0.00
5042835,1017524,24,2,3.49,0.00
5042836,1017525,9,1,13.99,0.00
5042837,1017525,31,1,3.49,0.00
5042838,1017526,7,1,11.99,0.00
5042839,1017527,14,1,10.49,0.00
5042840,1017527,30,1,3.29,0.00
5042841,1017527,22,1,4.49,0.00
5042842,1017527,33,2,5.49,0.00
5042843,1017528,11,1,13.49,0.00
5042844,1017528,26,1,2.49,0.00
5042845,1017528,21,1,3.99,0.00
5042846,1017529,1,1,11.49,0.00
5042847,1017529,27,1,2.49,0.00
5042848,1017530,3,1,10.49,0.00
5042849,1017530,18,1,5.49,0.00
5042850,1017530,27,1,2.49,0.00
5042851,1017531,16,1,10.49,0.00
5042852,1017531,19,2,3.99,0.00
5042853,1017532,10,1,10.99,0.00
5042854,1017532,21,1,3.99,0.00
5042855,1017532,20,1,4.49,0.00
5042856,1017533,5,3,13.49,0.00
5042857,1017533,18,1,5.49,0.00
5042858,1017534,11,1,13.49,0.00
5042859,1017535,3,1,10.49,0.00
5042860,1017536,13,1,9.99,0.00
5042861,1017536,23,1,3.99,0.00
5042862,1017536,28,1,3.49,0.00
5042863,1017537,1,2,11.49,0.00
5042864,1017537,26,2,2.49,0.00
5042865,1017538,12,1,18.99,0.00
5042866,1017538,30,1,3.29,0.00
5042867,1017538,27,1,2.49,0.00
5042868,1017539,13,2,9.99,0.00
5042869,1017540,9,1,13.99,0.00
5042870,1017540,32,1,4.99,0.00
5042871,1017541,5,1,13.49,0.00
5042872,1017541,24,1,3.49,0.00
5042873,1017542,13,2,9.99,0.00
5042874,1017542,30,1,3.29,0.00
5042875,1017542,26,1,2.49,0.00
5042876,1017543,14,1,10.49,0.00
5042877,1017543,26,1,2.49,0.00
5042878,1017544,12,1,18.99,0.00
5042879,1017544,21,1,3.99,0.00
5042880,1017545,2,1,11.99,0.00
5042881,1017545,18,2,5.49,0.00
5042882,1017545,30,1,3.29,0.00
5042883,1017546,5,1,13.49,0.00
5042884,1017546,27,1,2.49,0.00
5042885,1017546,30,1,3.29,0.00
5042886,1017546,22,1,4.49,0.00
5042887,1017547,4,1,14.99,0.00
5042888,1017547,23,1,3.99,0.00
5042889,1017547,30,1,3.29,0.00
5042890,1017548,3,1,10.49,0.00
5042891,1017549,8,1,12.49,0.00
5042892,1017549,35,1,2.99,0.00
5042893,1017549,15,1,10.99,0.00
5042894,1017549,27,2,2.49,0.00
5042895,1017550,7,1,11.99,0.00
5042896,1017550,32,2,4.99,0.00
5042897,1017550,19,1,3.99,0.00
5042898,1017550,3,1,10.49,0.00
5042899,1017551,15,1,10.99,0.00
5042900,1017551,20,1,4.49,0.00
5042901,1017551,26,1,2.49,0.00
5042902,1017551,7,1,11.99,0.00
5042903,1017552,13,1,9.99,0.00
5042904,1017552,22,1,4.49,0.00
5042905,1017553,7,1,11.99,0.00
5042906,1017554,10,1,10.99,0.00
5042907,1017554,18,1,5.49,0.00
5042908,1017554,21,1,3.99,0.00
5042909,1017554,34,1,4.49,0.00
5042910,1017555,14,2,10.49,0.00
5042911,1017555,23,1,3.99,0.00
5042912,1017555,31,1,3.49,0.00
5042913,1017556,16,1,10.49,0.00
5042914,1017556,29,1,3.49,0.00
5042915,1017556,19,2,3.99,0.00
5042916,1017556,20,1,4.49,0.00
5042917,1017557,1,1,11.49,0.00
5042918,1017558,14,1,10.49,0.00
5042919,1017558,26,1,2.49,0.00
5042920,1017558,21,1,3.99,0.00
5042921,1017559,1,1,11.49,0.00
5042922,1017559,26,1,2.49,0.00
5042923,1017559,11,1,13.49,0.00
5042924,1017560,16,1,10.49,0.00
5042925,1017561,4,1,14.99,0.00
5042926,1017562,11,1,13.49,0.00
5042927,1017563,2,1,11.99,0.00
5042928,1017563,27,1,2.49,0.00
5042929,1017564,2,1,11.99,0.00
5042930,1017565,5,1,13.49,0.00
5042931,1017565,26,1,2.49,0.00
5042932,1017565,27,1,2.49,0.00
5042933,1017566,6,1,12.99,0.00
5042934,1017566,25,1,6.49,0.00
5042935,1017567,10,1,10.99,0.00
5042936,1017567,21,2,3.99,0.00
5042937,1017567,29,2,3.49,0.00
5042938,1017568,10,1,10.99,0.00
5042939,1017569,3,1,10.49,0.00
5042940,1017569,24,1,3.49,0.00
5042941,1017570,14,1,10.49,0.00
5042942,1017570,4,1,14.99,0.00
5042943,1017570,15,1,10.99,0.00
5042944,1017570,28,1,3.49,0.00
5042945,1017571,13,1,9.99,0.00
5042946,1017572,13,1,9.99,0.00
5042947,1017572,24,1,3.49,0.00
5042948,1017573,10,2,10.99,0.00
5042949,1017573,29,1,3.49,0.00
5042950,1017574,1,2,11.49,0.00
5042951,1017575,15,1,10.99,0.00
5042952,1017576,8,1,12.49,0.00
5042953,1017576,28,1,3.49,0.00
5042954,1017576,20,1,4.49,0.00
5042955,1017576,2,2,11.99,0.00
5042956,1017577,1,1,11.49,0.00
5042957,1017577,34,1,4.49,0.00
5042958,1017578,15,1,10.99,0.00
5042959,1017578,18,1,5.49,0.00
5042960,1017578,29,1,3.49,0.00
5042961,1017578,26,1,2.49,0.00
5042962,1017579,6,1,12.99,0.00
5042963,1017579,19,1,3.99,0.00
5042964,1017579,21,2,3.99,0.00
5042965,1017580,3,1,10.49,0.00
5042966,1017580,21,1,3.99,0.00
5042967,1017580,23,1,3.99,0.00
5042968,1017580,35,1,2.99,0.00
5042969,1017580,25,1,6.49,0.00
5042970,1017581,6,1,12.99,0.00
5042971,1017581,15,1,10.99,0.00
5042972,1017581,26,1,2.49,0.00
5042973,1017582,13,1,9.99,0.00
5042974,1017582,29,1,3.49,0.00
5042975,1017582,19,1,3.99,0.00
5042976,1017583,2,2,11.99,0.00
5042977,1017584,12,1,18.99,0.00
5042978,1017584,19,1,3.99,0.00
5042979,1017584,7,1,11.99,0.00
5042980,1017585,1,2,11.49,0.00
5042981,1017585,19,1,3.99,0.00
5042982,1017586,1,1,11.49,0.00
5042983,1017587,5,2,13.49,0.00
5042984,1017587,31,1,3.49,0.00
5042985,1017588,3,1,10.49,0.00
5042986,1017588,25,1,6.49,0.00
5042987,1017589,14,1,10.49,0.00
5042988,1017589,27,1,2.49,0.00
5042989,1017589,24,2,3.49,0.00
5042990,1017589,35,1,2.99,0.00
5042991,1017590,4,2,14.99,0.00
5042992,1017590,21,1,3.99,0.00
5042993,1017590,18,1,5.49,0.00
5042994,1017591,1,1,11.49,0.00
5042995,1017592,14,1,10.49,0.00
5042996,1017592,18,3,5.49,0.00
5042997,1017593,1,2,11.49,0.00
5042998,1017593,26,1,2.49,0.00
5042999,1017593,31,2,3.49,0.00
5043000,1017594,1,1,11.49,0.00
5043001,1017595,14,2,10.49,0.00
5043002,1017595,10,2,10.99,0.00
5043003,1017596,12,1,18.99,0.00
5043004,1017596,32,2,4.99,0.00
5043005,1017597,5,1,13.49,0.00
5043006,1017598,5,1,13.49,0.00
5043007,1017599,12,1,18.99,0.00
5043008,1017600,3,1,10.49,0.00
5043009,1017600,32,1,4.99,0.00
5043010,1017600,21,1,3.99,0.00
5043011,1017601,8,1,12.49,0.00
5043012,1017601,30,1,3.29,0.00
5043013,1017601,21,1,3.99,0.00
5043014,1017602,15,1,10.99,0.00
5043015,1017602,24,1,3.49,0.00
5043016,1017602,27,1,2.49,0.00
5043017,1017603,4,1,14.99,0.00
5043018,1017603,31,1,3.49,0.00
5043019,1017603,23,1,3.99,0.00
5043020,1017604,14,1,10.49,0.00
5043021,1017605,3,1,10.49,0.00
5043022,1017605,18,1,5.49,0.00
5043023,1017605,19,1,3.99,0.00
5043024,1017606,10,1,10.99,0.00
5043025,1017607,10,1,10.99,0.00
5043026,1017607,23,2,3.99,0.00
5043027,1017607,34,1,4.49,0.00
5043028,1017608,2,1,11.99,0.00
5043029,1017608,22,1,4.49,0.00
5043030,1017609,7,1,11.99,0.00
5043031,1017609,34,1,4.49,0.00
5043032,1017610,9,1,13.99,0.00
5043033,1017611,1,1,11.49,0.00
5043034,1017611,18,2,5.49,0.00
5043035,1017612,7,1,11.99,0.00
5043036,1017613,1,1,11.49,0.00
5043037,1017613,20,1,4.49,0.00
5043038,1017614,8,1,12.49,0.00
5043039,1017614,13,1,9.99,0.00
5043040,1017614,18,1,5.49,0.00
5043041,1017615,14,1,10.49,0.00
5043042,1017616,7,1,11.99,0.00
5043043,1017616,6,1,12.99,0.00
5043044,1017616,18,2,5.49,0.00
5043045,1017617,5,1,13.49,0.00
5043046,1017617,28,1,3.49,0.00
5043047,1017617,20,1,4.49,0.00
5043048,1017618,11,1,13.49,0.00
5043049,1017618,21,2,3.99,0.00
5043050,1017619,1,1,11.49,0.00
5043051,1017619,26,1,2.49,0.00
5043052,1017620,6,1,12.99,0.00
5043053,1017621,7,1,11.99,0.00
5043054,1017622,2,2,11.99,0.00
5043055,1017623,1,1,11.49,0.00
5043056,1017623,21,1,3.99,0.00
5043057,1017623,19,1,3.99,0.00
5043058,1017623,5,1,13.49,0.00
5043059,1017623,18,2,5.49,0.00
5043060,1017624,2,1,11.99,0.00
5043061,1017624,27,1,2.49,0.00
5043062,1017624,1,1,11.49,0.00
5043063,1017625,13,1,9.99,0.00
5043064,1017625,14,3,10.49,0.00
5043065,1017626,14,1,10.49,0.00
5043066,1017626,1,1,11.49,0.00
5043067,1017626,26,2,2.49,0.00
5043068,1017626,28,1,3.49,0.00
5043069,1017627,1,1,11.49,0.00
5043070,1017627,34,1,4.49,0.00
5043071,1017627,21,1,3.99,0.00
5043072,1017628,14,1,10.49,0.00
5043073,1017629,5,2,13.49,0.00
5043074,1017629,21,2,3.99,0.00
5043075,1017630,4,1,14.99,0.00
5043076,1017630,18,2,5.49,0.00
5043077,1017630,19,1,3.99,0.00
5043078,1017631,8,1,12.49,0.00
5043079,1017631,26,1,2.49,0.00
5043080,1017632,1,1,11.49,0.00
5043081,1017633,3,1,10.49,0.00
5043082,1017633,1,1,11.49,0.00
5043083,1017633,18,1,5.49,0.00
5043084,1017634,2,1,11.99,0.00
5043085,1017634,31,1,3.49,0.00
5043086,1017634,18,1,5.49,0.00
5043087,1017634,26,1,2.49,0.00
5043088,1017634,30,1,3.29,0.00
5043089,1017635,4,1,14.99,0.00
5043090,1017635,30,1,3.29,0.00
5043091,1017635,18,1,5.49,0.00
5043092,1017636,7,1,11.99,0.00
5043093,1017637,15,1,10.99,0.00
5043094,1017637,28,1,3.49,0.00
5043095,1017638,12,1,18.99,0.00
5043096,1017638,30,2,3.29,0.00
5043097,1017639,6,1,12.99,0.00
5043098,1017639,30,1,3.29,0.00
5043099,1017639,28,3,3.49,0.00
5043100,1017640,1,1,11.49,0.00
5043101,1017640,35,1,2.99,0.00
5043102,1017640,33,1,5.49,0.00
5043103,1017641,7,1,11.99,0.00
5043104,1017641,27,3,2.49,0.00
5043105,1017641,30,1,3.29,0.00
5043106,1017641,1,1,11.49,0.00
5043107,1017642,1,1,11.49,0.00
5043108,1017642,23,1,3.99,0.00
5043109,1017642,26,1,2.49,0.00
5043110,1017643,10,1,10.99,0.00
5043111,1017643,20,1,4.49,0.00
5043112,1017644,13,1,9.99,0.00
5043113,1017644,20,1,4.49,0.00
5043114,1017645,1,2,11.49,0.00
5043115,1017646,6,1,12.99,0.00
5043116,1017646,27,1,2.49,0.00
5043117,1017647,15,1,10.99,0.00
5043118,1017647,31,1,3.49,0.00
5043119,1017647,19,1,3.99,0.00
5043120,1017648,1,1,11.49,0.00
5043121,1017648,19,2,3.99,0.00
5043122,1017649,3,1,10.49,0.00
5043123,1017649,25,1,6.49,0.00
5043124,1017650,3,1,10.49,0.00
5043125,1017651,10,2,10.99,0.00
5043126,1017651,33,1,5.49,0.00
5043127,1017651,20,1,4.49,0.00
5043128,1017652,15,1,10.99,0.00
5043129,1017652,27,1,2.49,0.00
5043130,1017653,5,1,13.49,0.00
5043131,1017653,20,1,4.49,0.00
5043132,1017653,21,1,3.99,0.00
5043133,1017654,1,1,11.49,0.00
5043134,1017654,18,1,5.49,0.00
5043135,1017655,6,1,12.99,0.00
5043136,1017656,5,1,13.49,0.00
5043137,1017656,8,2,12.49,0.00
5043138,1017657,10,1,10.99,0.00
5043139,1017657,24,1,3.49,0.00
5043140,1017657,25,2,6.49,0.00
5043141,1017657,32,1,4.99,0.00
5043142,1017658,1,2,11.49,0.00
5043143,1017658,19,1,3.99,0.00
5043144,1017659,7,1,11.99,0.00
5043145,1017660,13,1,9.99,0.00
5043146,1017660,26,1,2.49,0.00
5043147,1017660,35,1,2.99,0.00
5043148,1017661,14,1,10.49,0.00
5043149,1017662,1,2,11.49,0.00
5043150,1017662,2,2,11.99,0.00
5043151,1017663,13,1,9.99,0.00
5043152,1017663,20,1,4.49,0.00
5043153,1017664,5,1,13.49,0.00
5043154,1017664,31,1,3.49,0.00
5043155,1017665,11,1,13.49,0.00
5043156,1017665,33,1,5.49,0.00
5043157,1017665,13,1,9.99,0.00
5043158,1017666,13,1,9.99,0.00
5043159,1017666,22,1,4.49,0.00
5043160,1017666,25,1,6.49,0.00
5043161,1017666,33,1,5.49,0.00
5043162,1017667,1,1,11.49,0.00
5043163,1017667,29,1,3.49,0.00
5043164,1017668,16,1,10.49,0.00
5043165,1017668,35,1,2.99,0.00
5043166,1017669,1,3,11.49,0.00
5043167,1017669,31,2,3.49,0.00
5043168,1017669,28,1,3.49,0.00
5043169,1017670,5,1,13.49,0.00
5043170,1017670,20,1,4.49,0.00
5043171,1017670,27,1,2.49,0.00
5043172,1017670,12,1,18.99,0.00
5043173,1017671,1,2,11.49,0.00
5043174,1017671,31,1,3.49,0.00
5043175,1017671,5,1,13.49,0.00
5043176,1017672,6,1,12.99,0.00
5043177,1017673,16,2,10.49,0.00
5043178,1017673,10,2,10.99,0.00
5043179,1017674,10,1,10.99,0.00
5043180,1017674,2,1,11.99,0.00
5043181,1017674,25,2,6.49,0.00
5043182,1017674,26,1,2.49,0.00
5043183,1017674,32,1,4.99,0.00
5043184,1017675,5,1,13.49,0.00
5043185,1017675,22,1,4.49,0.00
5043186,1017676,4,1,14.99,0.00
5043187,1017676,21,1,3.99,0.00
5043188,1017676,22,1,4.49,0.00
5043189,1017676,13,3,9.99,0.00
5043190,1017677,16,1,10.49,0.00
5043191,1017678,6,1,12.99,0.00
5043192,1017678,26,3,2.49,0.00
5043193,1017679,3,1,10.49,0.00
5043194,1017679,27,1,2.49,0.00
5043195,1017680,5,1,13.49,0.00
5043196,1017680,35,2,2.99,0.00
5043197,1017680,31,1,3.49,0.00
5043198,1017681,3,2,10.49,0.00
5043199,1017681,29,1,3.49,0.00
5043200,1017682,2,1,11.99,0.00
5043201,1017682,3,1,10.49,0.00
5043202,1017683,9,2,13.99,0.00
5043203,1017683,21,1,3.99,0.00
5043204,1017683,22,1,4.49,0.00
5043205,1017684,5,1,13.49,0.00
5043206,1017684,32,1,4.99,0.00
5043207,1017684,23,1,3.99,0.00
5043208,1017685,2,1,11.99,0.00
5043209,1017685,22,1,4.49,0.00
5043210,1017686,8,1,12.49,0.00
5043211,1017686,10,1,10.99,0.00
5043212,1017687,1,1,11.49,0.00
5043213,1017687,27,1,2.49,0.00
5043214,1017687,29,1,3.49,0.00
5043215,1017688,15,2,10.99,0.00
5043216,1017688,19,1,3.99,0.00
5043217,1017688,1,1,11.49,0.00
5043218,1017688,14,1,10.49,0.00
5043219,1017689,9,1,13.99,0.00
5043220,1017689,19,1,3.99,0.00
5043221,1017689,28,2,3.49,0.00
5043222,1017690,7,1,11.99,0.00
5043223,1017691,9,1,13.99,0.00
5043224,1017691,26,1,2.49,0.00
5043225,1017691,28,2,3.49,0.00
5043226,1017691,30,2,3.29,0.00
5043227,1017692,2,1,11.99,0.00
5043228,1017693,3,1,10.49,0.00
5043229,1017693,30,1,3.29,0.00
5043230,1017694,13,1,9.99,0.00
5043231,1017694,25,2,6.49,0.00
5043232,1017694,29,1,3.49,0.00
5043233,1017694,28,1,3.49,0.00
5043234,1017695,5,1,13.49,0.00
5043235,1017696,4,1,14.99,0.00
5043236,1017696,32,1,4.99,0.00
5043237,1017697,8,1,12.49,0.00
5043238,1017697,26,1,2.49,0.00
5043239,1017698,16,2,10.49,0.00
5043240,1017698,30,1,3.29,0.00
5043241,1017698,27,0,2.49,0.00
5043242,1017698,14,1,10.49,0.00
5043243,1017698,26,3,2.49,0.00
5043244,1017698,19,1,3.99,0.00
5043245,1017699,2,2,11.99,0.00
5043246,1017699,25,1,6.49,0.00
5043247,1017699,21,2,3.99,0.00
5043248,1017700,4,1,14.99,0.00
5043249,1017700,31,-1,3.49,0.00
5043250,1017701,4,1,14.99,0.00
5043251,1017701,1,1,11.49,0.00
5043252,1017701,30,1,3.29,0.00
5043253,1017701,18,1,5.49,0.00
5043254,1017702,1,1,11.49,0.00
5043255,1017703,1,1,11.49,0.00
5043256,1017704,13,1,9.99,0.00
5043257,1017704,21,1,3.99,0.00
5043258,1017704,20,1,4.49,0.00
5043259,1017705,7,1,11.99,0.00
5043260,1017705,30,2,3.29,0.00
5043261,1017706,15,1,10.99,0.00
5043262,1017706,33,1,5.49,0.00
5043263,1017706,26,1,2.49,0.00
5043264,1017706,27,1,2.49,0.00
5043265,1017707,9,1,13.99,0.00
5043266,1017707,21,1,3.99,0.00
5043267,1017707,30,1,3.29,0.00
5043268,1017708,7,1,11.99,0.00
5043269,1017708,31,2,3.49,0.00
5043270,1017708,20,1,4.49,0.00
5043271,1017709,11,1,13.49,0.00
5043272,1017710,11,3,13.49,0.00
5043273,1017710,20,3,4.49,0.00
5043274,1017710,26,1,2.49,0.00
5043275,1017710,21,1,3.99,0.00
5043276,1017710,28,1,3.49,0.00
5043277,1017711,13,1,9.99,0.00
5043278,1017711,19,2,3.99,0.00
5043279,1017712,14,1,10.49,0.00
5043280,1017712,18,1,5.49,0.00
5043281,1017712,26,2,2.49,0.00
5043282,1017712,19,1,3.99,0.00
5043283,1017712,2,1,11.99,0.00
5043284,1017713,2,2,11.99,0.00
5043285,1017713,27,2,2.49,0.00
5043286,1017714,9,1,13.99,0.00
5043287,1017714,21,1,3.99,0.00
5043288,1017714,6,1,12.99,0.00
5043289,1017714,14,1,10.49,0.00
5043290,1017715,7,1,11.99,0.00
5043291,1017715,26,1,2.49,0.00
5043292,1017716,2,1,11.99,0.00
5043293,1017717,1,1,11.49,0.00
5043294,1017717,29,3,3.49,0.00
5043295,1017718,9,1,13.99,0.00
5043296,1017719,4,1,14.99,0.00
5043297,1017720,1,1,11.49,0.00
5043298,1017720,24,1,3.49,0.00
5043299,1017721,8,1,12.49,0.00
5043300,1017721,30,1,3.29,0.00
5043301,1017721,20,-1,4.49,0.00
5043302,1017722,2,1,11.99,0.00
5043303,1017722,27,1,2.49,0.00
5043304,1017723,3,1,10.49,0.00
5043305,1017724,2,1,11.99,0.00
5043306,1017724,13,1,9.99,0.00
5043307,1017725,2,1,11.99,0.00
5043308,1017725,14,1,10.49,0.00
5043309,1017725,25,1,6.49,0.00
5043310,1017726,1,2,11.49,0.00
5043311,1017726,32,1,4.99,0.00
5043312,1017726,27,1,2.49,0.00
5043313,1017726,26,3,2.49,0.00
5043314,1017727,2,1,11.99,0.00
5043315,1017727,28,2,3.49,0.00
5043316,1017728,6,1,12.99,0.00
5043317,1017729,15,1,10.99,0.00
5043318,1017729,10,1,10.99,0.00
5043319,1017729,18,1,5.49,0.00
5043320,1017730,16,1,10.49,0.00
5043321,1017730,27,1,2.49,0.00
5043322,1017730,22,3,4.49,0.00
5043323,1017730,18,2,5.49,0.00
5043324,1017731,2,1,11.99,0.00
5043325,1017731,4,1,14.99,0.00
5043326,1017732,7,1,11.99,0.00
5043327,1017732,26,4,2.49,0.00
5043328,1017733,8,3,12.49,0.00
5043329,1017734,11,2,13.49,0.00
5043330,1017734,32,1,4.99,0.00
5043331,1017734,21,1,3.99,0.00
5043332,1017734,28,1,3.49,0.00
5043333,1017734,27,1,2.49,0.00
5043334,1017735,11,2,13.49,0.00
5043335,1017735,30,1,3.29,0.00
5043336,1017735,26,1,2.49,0.00
5043337,1017735,32,1,4.99,0.00
5043338,1017735,18,1,5.49,0.00
5043339,1017736,13,1,9.99,0.00
5043340,1017736,25,2,6.49,0.00
5043341,1017737,6,1,12.99,0.00
5043342,1017737,28,1,3.49,0.00
5043343,1017737,27,1,2.49,0.00
5043344,1017738,2,1,11.99,0.00
5043345,1017738,26,1,2.49,0.00
5043346,1017738,18,1,5.49,0.00
5043347,1017739,14,1,10.49,0.00
5043348,1017739,27,1,2.49,0.00
5043349,1017739,18,1,5.49,0.00
5043350,1017740,2,2,11.99,0.00
5043351,1017741,15,1,10.99,0.00
5043352,1017741,7,1,11.99,0.00
5043353,1017742,4,1,14.99,0.00
5043354,1017742,29,1,3.49,0.00
5043355,1017742,21,1,3.99,0.00
5043356,1017743,12,1,18.99,0.00
5043357,1017743,29,1,3.49,0.00
5043358,1017743,27,1,2.49,0.00
5043359,1017743,32,1,4.99,0.00
5043360,1017743,11,1,13.49,0.00
5043361,1017744,15,1,10.99,0.00
5043362,1017744,30,1,3.29,0.00
5043363,1017745,12,2,18.99,0.00
5043364,1017745,20,1,4.49,0.00
5043365,1017746,4,1,14.99,0.00
5043366,1017746,21,1,3.99,0.00
5043367,1017746,19,1,3.99,0.00
5043368,1017746,22,1,4.49,0.00
5043369,1017746,26,1,2.49,0.00
5043370,1017746,32,1,4.99,0.00
5043371,1017747,11,1,13.49,0.00
5043372,1017747,31,1,3.49,0.00
5043373,1017747,32,1,4.99,0.00
5043374,1017748,12,1,18.99,0.00
5043375,1017748,30,1,3.29,0.00
5043376,1017749,1,1,11.49,0.00
5043377,1017749,34,1,4.49,0.00
5043378,1017749,29,1,3.49,0.00
5043379,1017749,24,2,3.49,0.00
5043380,1017750,3,1,10.49,0.00
5043381,1017750,32,1,4.99,0.00
5043382,1017751,2,2,11.99,0.00
5043383,1017752,4,1,14.99,0.00
5043384,1017753,2,1,11.99,0.00
5043385,1017753,33,1,5.49,0.00
5043386,1017753,25,1,6.49,0.00
5043387,1017753,31,1,3.49,0.00
5043388,1017754,5,1,13.49,0.00
5043389,1017754,27,1,2.49,0.00
5043390,1017755,11,1,13.49,0.00
5043391,1017755,31,1,3.49,0.00
5043392,1017755,30,1,3.29,0.00
5043393,1017755,35,1,2.99,0.00
5043394,1017756,16,1,10.49,0.00
5043395,1017756,28,1,3.49,0.00
5043396,1017756,32,1,4.99,0.00
5043397,1017757,4,1,14.99,0.00
5043398,1017758,11,1,13.49,0.00
5043399,1017758,26,1,2.49,0.00
5043400,1017758,33,1,5.49,0.00
5043401,1017759,7,1,11.99,0.00
5043402,1017760,2,1,11.99,0.00
5043403,1017761,7,1,11.99,0.00
5043404,1017761,21,1,3.99,0.00
5043405,1017761,28,1,3.49,0.00
5043406,1017762,2,1,11.99,0.00
5043407,1017762,33,1,5.49,0.00
5043408,1017762,16,1,10.49,0.00
5043409,1017763,9,1,13.99,0.00
5043410,1017763,18,1,5.49,0.00
5043411,1017763,27,1,2.49,0.00
5043412,1017763,31,1,3.49,0.00
5043413,1017764,13,1,9.99,0.00
5043414,1017764,30,1,3.29,0.00
5043415,1017764,25,1,6.49,0.00
5043416,1017765,3,1,10.49,0.00
5043417,1017766,1,1,11.49,0.00
5043418,1017767,8,1,12.49,0.00
5043419,1017768,14,1,10.49,0.00
5043420,1017768,29,1,3.49,0.00
5043421,1017769,8,1,12.49,0.00
5043422,1017769,23,1,3.99,0.00
5043423,1017769,33,1,5.49,0.00
5043424,1017770,15,2,10.99,0.00
5043425,1017770,18,2,5.49,0.00
5043426,1017770,29,1,3.49,0.00
5043427,1017771,11,1,13.49,0.00
5043428,1017772,1,1,11.49,0.00
5043429,1017773,1,1,11.49,0.00
5043430,1017773,20,1,4.49,0.00
5043431,1017773,27,2,2.49,0.00
5043432,1017773,26,2,2.49,0.00
5043433,1017774,7,1,11.99,0.00
5043434,1017774,26,1,2.49,0.00
5043435,1017775,4,1,14.99,0.00
5043436,1017775,28,2,3.49,0.00
5043437,1017775,21,1,3.99,0.00
5043438,1017776,2,1,11.99,0.00
5043439,1017777,15,2,10.99,0.00
5043440,1017778,4,1,14.99,0.00
5043441,1017779,15,1,10.99,0.00
5043442,1017779,32,1,4.99,0.00
5043443,1017780,1,1,11.49,0.00
5043444,1017780,20,1,4.49,0.00
5043445,1017780,27,1,2.49,0.00
5043446,1017781,3,1,10.49,0.00
5043447,1017782,3,1,10.49,0.00
5043448,1017783,15,2,10.99,0.00
5043449,1017784,6,1,12.99,0.00
5043450,1017784,34,1,4.49,0.00
5043451,1017784,26,1,2.49,0.00
5043452,1017785,6,1,12.99,0.00
5043453,1017785,23,1,3.99,0.00
5043454,1017786,10,1,10.99,0.00
5043455,1017786,26,1,2.49,0.00
5043456,1017786,12,1,18.99,0.00
5043457,1017787,1,1,11.49,0.00
5043458,1017788,14,1,10.49,0.00
5043459,1017788,18,1,5.49,0.00
5043460,1017789,4,1,14.99,0.00
5043461,1017789,19,1,3.99,0.00
5043462,1017789,15,1,10.99,0.00
5043463,1017790,6,1,12.99,0.00
5043464,1017790,21,1,3.99,0.00
5043465,1017791,2,1,11.99,0.00
5043466,1017791,32,4,4.99,0.00
5043467,1017791,25,1,6.49,0.00
5043468,1017791,19,1,3.99,0.00
5043469,1017792,7,1,11.99,0.00
5043470,1017792,30,1,3.29,0.00
5043471,1017792,19,1,3.99,0.00
5043472,1017792,26,1,2.49,0.00
5043473,1017793,7,1,11.99,0.00
5043474,1017793,34,2,4.49,0.00
5043475,1017793,28,1,3.49,0.00
5043476,1017794,7,2,11.99,0.00
5043477,1017794,30,2,3.29,0.00
5043478,1017794,26,1,2.49,0.00
5043479,1017794,32,1,4.99,0.00
5043480,1017795,16,1,10.49,0.00
5043481,1017795,12,1,18.99,0.00
5043482,1017795,18,1,5.49,0.00
5043483,1017795,1,1,11.49,0.00
5043484,1017796,12,1,18.99,0.00
5043485,1017796,22,1,4.49,0.00
5043486,1017797,9,1,13.99,0.00
5043487,1017797,27,1,2.49,0.00
5043488,1017797,1,1,11.49,0.00
5043489,1017798,15,1,10.99,0.00
5043490,1017798,30,1,3.29,0.00
5043491,1017799,7,2,11.99,0.00
5043492,1017799,28,1,3.49,0.00
5043493,1017799,30,1,3.29,0.00
5043494,1017800,12,-1,18.99,0.00
5043495,1017800,30,1,3.29,0.00
5043496,1017800,15,1,10.99,0.00
5043497,1017800,21,1,3.99,0.00
5043498,1017801,8,1,12.49,0.00
5043499,1017801,21,1,3.99,0.00
5043500,1017802,9,1,13.99,0.00
5043501,1017802,19,1,3.99,0.00
5043502,1017802,31,1,3.49,0.00
5043503,1017803,3,2,10.49,0.00
5043504,1017803,14,1,10.49,0.00
5043505,1017803,24,1,3.49,0.00
5043506,1017803,27,0,2.49,0.00
5043507,1017804,4,1,14.99,0.00
5043508,1017804,21,1,3.99,0.00
5043509,1017804,23,1,3.99,0.00
5043510,1017805,11,3,13.49,0.00
5043511,1017806,12,1,18.99,0.00
5043512,1017806,20,2,4.49,0.00
5043513,1017806,32,1,4.99,0.00
5043514,1017807,4,1,14.99,0.00
5043515,1017807,21,1,3.99,0.00
5043516,1017807,20,1,4.49,0.00
5043517,1017807,22,2,4.49,0.00
5043518,1017807,13,1,9.99,0.00
5043519,1017808,3,1,10.49,0.00
5043520,1017809,1,2,11.49,0.00
5043521,1017809,30,1,3.29,0.00
5043522,1017809,23,1,3.99,0.00
5043523,1017810,1,1,11.49,0.00
5043524,1017810,29,1,3.49,0.00
5043525,1017810,19,1,3.99,0.00
5043526,1017811,5,1,13.49,0.00
5043527,1017811,19,1,3.99,0.00
5043528,1017811,29,1,3.49,0.00
5043529,1017811,30,1,3.29,0.00
5043530,1017812,14,1,10.49,0.00
5043531,1017812,35,1,2.99,0.00
5043532,1017813,2,1,11.99,0.00
5043533,1017813,26,1,2.49,0.00
5043534,1017814,15,1,10.99,0.00
5043535,1017815,11,1,13.49,0.00
5043536,1017815,19,1,3.99,0.00
5043537,1017815,26,1,2.49,0.00
5043538,1017816,7,2,11.99,0.00
5043539,1017816,35,1,2.99,0.00
5043540,1017817,9,1,13.99,0.00
5043541,1017817,27,1,2.49,0.00
5043542,1017818,1,1,11.49,0.00
5043543,1017818,25,1,6.49,0.00
5043544,1017819,16,1,10.49,0.00
5043545,1017819,21,1,3.99,0.00
5043546,1017819,31,1,3.49,0.00
5043547,1017819,27,1,2.49,0.00
5043548,1017820,9,1,13.99,0.00
5043549,1017820,32,1,4.99,0.00
5043550,1017821,4,1,14.99,0.00
5043551,1017822,5,1,13.49,0.00
5043552,1017822,26,1,2.49,0.00
5043553,1017822,19,1,3.99,0.00
5043554,1017823,2,1,11.99,0.00
5043555,1017824,11,1,13.49,0.00
5043556,1017824,20,1,4.49,0.00
5043557,1017824,18,2,5.49,0.00
5043558,1017824,22,1,4.49,0.00
5043559,1017824,5,1,13.49,0.00
5043560,1017825,4,1,14.99,0.00
5043561,1017825,28,1,3.49,0.00
5043562,1017825,23,1,3.99,0.00
5043563,1017826,11,1,13.49,0.00
5043564,1017827,3,1,10.49,0.00
5043565,1017827,19,1,3.99,0.00
5043566,1017828,9,1,13.99,0.00
5043567,1017829,6,2,12.99,0.00
5043568,1017829,26,2,2.49,0.00
5043569,1017830,6,1,12.99,0.00
5043570,1017830,19,1,3.99,0.00
5043571,1017831,7,1,11.99,0.00
5043572,1017832,7,1,11.99,0.00
5043573,1017832,32,1,4.99,0.00
5043574,1017833,13,1,9.99,0.00
5043575,1017834,13,1,9.99,0.00
5043576,1017835,6,1,12.99,0.00
5043577,1017836,3,1,10.49,0.00
5043578,1017836,25,2,6.49,0.00
5043579,1017837,14,1,10.49,0.00
5043580,1017837,1,1,11.49,0.00
5043581,1017838,3,1,10.49,0.00
5043582,1017838,29,2,3.49,0.00
5043583,1017838,26,1,2.49,0.00
5043584,1017839,13,1,9.99,0.00
5043585,1017839,26,1,2.49,0.00
5043586,1017839,21,1,3.99,0.00
5043587,1017839,28,1,3.49,0.00
5043588,1017839,33,1,5.49,0.00
5043589,1017840,6,1,12.99,0.00
5043590,1017840,35,1,2.99,0.00
5043591,1017840,27,1,2.49,0.00
5043592,1017840,28,1,3.49,0.00
5043593,1017841,2,1,11.99,0.00
5043594,1017841,35,2,2.99,0.00
5043595,1017841,27,1,2.49,0.00
5043596,1017841,29,1,3.49,0.00
5043597,1017841,26,1,2.49,0.00
5043598,1017842,16,1,10.49,0.00
5043599,1017842,20,1,4.49,0.00
5043600,1017843,15,1,10.99,0.00
5043601,1017843,21,1,3.99,0.00
5043602,1017843,31,1,3.49,0.00
5043603,1017843,25,1,6.49,0.00
5043604,1017844,1,1,11.49,0.00
5043605,1017845,10,1,10.99,0.00
5043606,1017845,22,1,4.49,0.00
5043607,1017845,18,1,5.49,0.00
5043608,1017846,7,1,11.99,0.00
5043609,1017846,27,1,2.49,0.00
5043610,1017846,3,1,10.49,0.00
5043611,1017847,3,1,10.49,0.00
5043612,1017847,35,2,2.99,0.00
5043613,1017847,26,2,2.49,0.00
5043614,1017847,23,1,3.99,0.00
5043615,1017848,16,1,10.49,0.00
5043616,1017849,11,1,13.49,0.00
5043617,1017849,27,1,2.49,0.00
5043618,1017850,3,1,10.49,0.00
5043619,1017850,29,1,3.49,0.00
5043620,1017851,11,2,13.49,0.00
5043621,1017851,21,1,3.99,0.00
5043622,1017852,10,1,10.99,0.00
5043623,1017852,20,1,4.49,0.00
5043624,1017853,2,1,11.99,0.00
5043625,1017853,26,1,2.49,0.00
5043626,1017854,2,1,11.99,0.00
5043627,1017855,4,1,14.99,0.00
5043628,1017855,27,2,2.49,0.00
5043629,1017856,15,2,10.99,0.00
5043630,1017856,28,1,3.49,0.00
5043631,1017856,32,1,4.99,0.00
5043632,1017856,22,1,4.49,0.00
5043633,1017857,7,1,11.99,0.00
5043634,1017857,18,1,5.49,0.00
5043635,1017857,26,1,2.49,0.00
5043636,1017858,3,2,10.49,0.00
5043637,1017858,19,1,3.99,0.00
5043638,1017859,15,1,10.99,0.00
5043639,1017859,18,1,5.49,0.00
5043640,1017859,21,1,3.99,0.00
5043641,1017859,20,1,4.49,0.00
5043642,1017860,3,3,10.49,0.00
5043643,1017860,19,2,3.99,0.00
5043644,1017860,24,1,3.49,0.00
5043645,1017860,20,1,4.49,0.00
5043646,1017861,9,1,13.99,0.00
5043647,1017861,27,1,2.49,0.00
5043648,1017861,35,1,2.99,0.00
5043649,1017862,1,2,11.49,0.00
5043650,1017862,30,1,3.29,0.00
5043651,1017863,10,1,10.99,0.00
5043652,1017863,3,1,10.49,0.00
5043653,1017863,21,1,3.99,0.00
5043654,1017863,31,1,3.49,0.00
5043655,1017864,4,1,14.99,0.00
5043656,1017864,31,1,3.49,0.00
5043657,1017864,34,1,4.49,0.00
5043658,1017864,19,1,3.99,0.00
5043659,1017865,8,1,12.49,0.00
5043660,1017865,26,2,2.49,0.00
5043661,1017865,27,2,2.49,0.00
5043662,1017865,23,1,3.99,0.00
5043663,1017865,6,1,12.99,0.00
5043664,1017866,12,1,18.99,0.00
5043665,1017866,25,1,6.49,0.00
5043666,1017866,27,1,2.49,0.00
5043667,1017867,14,1,10.49,0.00
5043668,1017867,20,1,4.49,0.00
5043669,1017868,13,1,9.99,0.00
5043670,1017869,3,1,10.49,0.00
5043671,1017870,13,1,9.99,0.00
5043672,1017870,19,2,3.99,0.00
5043673,1017871,5,1,13.49,0.00
5043674,1017871,1,1,11.49,0.00
5043675,1017871,33,1,5.49,0.00
5043676,1017871,29,1,3.49,0.00
5043677,1017872,11,1,13.49,0.00
5043678,1017872,35,2,2.99,0.00
5043679,1017873,6,1,12.99,0.00
5043680,1017874,9,1,13.99,0.00
5043681,1017874,21,1,3.99,0.00
5043682,1017874,27,1,2.49,0.00
5043683,1017874,32,1,4.99,0.00
5043684,1017874,18,1,5.49,0.00
5043685,1017875,10,1,10.99,0.00
5043686,1017876,3,1,10.49,0.00
5043687,1017877,14,1,10.49,0.00
5043688,1017877,28,2,3.49,0.00
5043689,1017877,26,1,2.49,0.00
5043690,1017878,2,1,11.99,0.00
5043691,1017878,35,1,2.99,0.00
5043692,1017879,2,1,11.99,0.00
5043693,1017879,32,1,4.99,0.00
5043694,1017879,25,1,6.49,0.00
5043695,1017880,7,1,11.99,0.00
5043696,1017880,21,1,3.99,0.00
5043697,1017881,9,2,13.99,0.00
5043698,1017881,26,1,2.49,0.00
5043699,1017882,3,1,10.49,0.00
5043700,1017882,18,1,5.49,0.00
5043701,1017882,34,1,4.49,0.00
5043702,1017883,1,1,11.49,0.00
5043703,1017883,19,1,3.99,0.00
5043704,1017883,2,1,11.99,0.00
5043705,1017884,3,1,10.49,0.00
5043706,1017885,1,1,11.49,0.00
5043707,1017885,32,1,4.99,0.00
5043708,1017885,26,1,2.49,0.00
5043709,1017885,34,1,4.49,0.00
5043710,1017886,5,2,13.49,0.00
5043711,1017886,33,1,5.49,0.00
5043712,1017887,4,1,14.99,0.00
5043713,1017887,18,3,5.49,0.00
5043714,1017887,27,1,2.49,0.00
5043715,1017887,5,1,13.49,0.00
5043716,1017888,5,1,13.49,0.00
5043717,1017888,18,1,5.49,0.00
5043718,1017888,23,2,3.99,0.00
5043719,1017888,32,1,4.99,0.00
5043720,1017889,15,1,10.99,0.00
5043721,1017889,26,1,2.49,0.00
5043722,1017889,29,1,3.49,0.00
5043723,1017890,8,1,12.49,0.00
5043724,1017890,32,1,4.99,0.00
5043725,1017890,24,1,3.49,0.00
5043726,1017891,11,1,13.49,0.00
5043727,1017891,26,2,2.49,0.00
5043728,1017891,21,1,3.99,0.00
5043729,1017891,31,1,3.49,0.00
5043730,1017892,5,2,13.49,0.00
5043731,1017892,33,1,5.49,0.00
5043732,1017892,2,1,11.99,0.00
5043733,1017892,19,1,3.99,0.00
5043734,1017892,35,1,2.99,0.00
5043735,1017893,2,1,11.99,0.00
5043736,1017894,7,1,11.99,0.00
5043737,1017894,26,1,2.49,0.00
5043738,1017894,20,1,4.49,0.00
5043739,1017895,15,1,10.99,0.00
5043740,1017896,5,1,13.49,0.00
5043741,1017896,22,2,4.49,0.00
5043742,1017896,23,1,3.99,0.00
5043743,1017896,25,1,6.49,0.00
5043744,1017897,10,1,10.99,0.00
5043745,1017897,25,1,6.49,0.00
5043746,1017897,20,2,4.49,0.00
5043747,1017898,3,1,10.49,0.00
5043748,1017898,23,1,3.99,0.00
5043749,1017899,14,1,10.49,0.00
5043750,1017899,27,1,2.49,0.00
5043751,1017899,7,1,11.99,0.00
5043752,1017900,8,1,12.49,0.00
5043753,1017900,26,1,2.49,0.00
5043754,1017900,25,1,6.49,0.00
5043755,1017901,3,1,10.49,0.00
5043756,1017901,28,1,3.49,0.00
5043757,1017902,8,2,12.49,0.00
5043758,1017902,25,1,6.49,0.00
5043759,1017902,18,1,5.49,0.00
5043760,1017903,9,1,13.99,0.00
5043761,1017903,26,2,2.49,0.00
5043762,1017904,3,1,10.49,0.00
5043763,1017905,3,1,10.49,0.00
5043764,1017906,7,1,11.99,0.00
5043765,1017906,27,2,2.49,0.00
5043766,1017906,31,1,3.49,0.00
5043767,1017907,7,2,11.99,0.00
5043768,1017907,21,1,3.99,0.00
5043769,1017908,15,1,10.99,0.00
5043770,1017908,27,1,2.49,0.00
5043771,1017909,4,1,14.99,0.00
5043772,1017909,34,1,4.49,0.00
5043773,1017910,16,1,10.49,0.00
5043774,1017910,30,1,3.29,0.00
5043775,1017911,12,1,18.99,0.00
5043776,1017911,30,1,3.29,0.00
5043777,1017911,21,1,3.99,0.00
5043778,1017912,15,1,10.99,0.00
5043779,1017912,19,1,3.99,0.00
5043780,1017913,11,1,13.49,0.00
5043781,1017914,5,1,13.49,0.00
5043782,1017914,28,1,3.49,0.00
5043783,1017914,21,1,3.99,0.00
5043784,1017915,8,1,12.49,0.00
5043785,1017915,26,2,2.49,0.00
5043786,1017916,3,1,10.49,0.00
5043787,1017916,27,1,2.49,0.00
5043788,1017916,28,1,3.49,0.00
5043789,1017916,25,1,6.49,0.00
5043790,1017917,9,1,13.99,0.00
5043791,1017917,22,1,4.49,0.00
5043792,1017917,18,1,5.49,0.00
5043793,1017917,27,1,2.49,0.00
5043794,1017918,1,2,11.49,0.00
5043795,1017918,23,1,3.99,0.00
5043796,1017918,18,1,5.49,0.00
5043797,1017918,30,2,3.29,0.00
5043798,1017919,3,2,10.49,0.00
5043799,1017919,26,1,2.49,0.00
5043800,1017919,1,1,11.49,0.00
5043801,1017920,5,1,13.49,0.00
5043802,1017920,19,1,3.99,0.00
5043803,1017921,7,1,11.99,0.00
5043804,1017922,15,1,10.99,0.00
5043805,1017922,24,2,3.49,0.00
5043806,1017922,27,1,2.49,0.00
5043807,1017923,14,1,10.49,0.00
5043808,1017923,27,2,2.49,0.00
5043809,1017923,26,1,2.49,0.00
5043810,1017924,1,1,11.49,0.00
5043811,1017924,33,3,5.49,0.00
5043812,1017924,26,1,2.49,0.00
5043813,1017924,28,2,3.49,0.00
5043814,1017925,15,1,10.99,0.00
5043815,1017925,28,1,3.49,0.00
5043816,1017926,4,2,14.99,0.00
5043817,1017926,25,1,6.49,0.00
5043818,1017926,30,2,3.29,0.00
5043819,1017926,32,1,4.99,0.00
5043820,1017927,7,1,11.99,0.00
5043821,1017927,31,1,3.49,0.00
5043822,1017927,34,1,4.49,0.00
5043823,1017927,26,1,2.49,0.00
5043824,1017928,14,1,10.49,0.00
5043825,1017928,28,1,3.49,0.00
5043826,1017929,13,1,9.99,0.00
5043827,1017929,26,1,2.49,0.00
5043828,1017929,31,1,3.49,0.00
5043829,1017929,6,1,12.99,0.00
5043830,1017930,6,1,12.99,0.00
5043831,1017930,21,1,3.99,0.00
5043832,1017931,16,1,10.49,0.00
5043833,1017932,2,1,11.99,0.00
5043834,1017933,15,1,10.99,0.00
5043835,1017934,1,1,11.49,0.00
5043836,1017935,13,1,9.99,0.00
5043837,1017936,5,1,13.49,0.00
5043838,1017936,35,1,2.99,0.00
5043839,1017937,10,1,10.99,0.00
5043840,1017938,10,1,10.99,0.00
5043841,1017938,23,1,3.99,0.00
5043842,1017939,12,1,18.99,0.00
5043843,1017939,32,1,4.99,0.00
5043844,1017939,31,1,3.49,0.00
5043845,1017939,27,1,2.49,0.00
5043846,1017939,21,3,3.99,0.00
5043847,1017940,1,1,11.49,0.00
5043848,1017940,34,1,4.49,0.00
5043849,1017941,4,1,14.99,0.00
5043850,1017942,8,1,12.49,0.00
5043851,1017942,30,1,3.29,0.00
5043852,1017943,3,1,10.49,0.00
5043853,1017944,3,2,10.49,0.00
5043854,1017944,31,1,3.49,0.00
5043855,1017945,3,1,10.49,0.00
5043856,1017945,24,1,3.49,0.00
5043857,1017945,5,2,13.49,0.00
5043858,1017945,22,1,4.49,0.00
5043859,1017946,12,1,18.99,0.00
5043860,1017946,27,1,2.49,0.00
5043861,1017946,23,1,3.99,0.00
5043862,1017946,29,1,3.49,0.00
5043863,1017946,24,1,3.49,0.00
5043864,1017947,6,1,12.99,0.00
5043865,1017947,21,1,3.99,0.00
5043866,1017948,10,1,10.99,0.00
5043867,1017949,2,1,11.99,0.00
5043868,1017950,3,1,10.49,0.00
5043869,1017950,34,1,4.49,0.00
5043870,1017950,27,1,2.49,0.00
5043871,1017950,31,2,3.49,0.00
5043872,1017951,14,1,10.49,0.00
5043873,1017951,27,1,2.49,0.00
5043874,1017952,3,3,10.49,0.00
5043875,1017952,26,3,2.49,0.00
5043876,1017953,1,1,11.49,0.00
5043877,1017953,29,1,3.49,0.00
5043878,1017953,19,1,3.99,0.00
5043879,1017954,5,-1,13.49,0.00
5043880,1017955,3,1,10.49,0.00
5043881,1017955,32,2,4.99,0.00
5043882,1017956,5,2,13.49,0.00
5043883,1017956,21,1,3.99,0.00
5043884,1017956,22,1,4.49,0.00
5043885,1017956,27,1,2.49,0.00
5043886,1017956,26,1,2.49,0.00
5043887,1017957,9,1,13.99,0.00
5043888,1017957,34,1,4.49,0.00
5043889,1017957,27,1,2.49,0.00
5043890,1017957,26,1,2.49,0.00
5043891,1017957,29,1,3.49,0.00
5043892,1017958,10,1,10.99,0.00
5043893,1017959,1,2,11.49,0.00
5043894,1017959,26,1,2.49,0.00
5043895,1017960,2,1,11.99,0.00
5043896,1017960,29,1,3.49,0.00
5043897,1017960,21,1,3.99,0.00
5043898,1017960,22,3,4.49,0.00
5043899,1017961,12,1,18.99,0.00
5043900,1017961,32,1,4.99,0.00
5043901,1017961,27,1,2.49,0.00
5043902,1017962,4,1,14.99,0.00
5043903,1017963,16,1,10.49,0.00
5043904,1017963,18,1,5.49,0.00
5043905,1017963,27,1,2.49,0.00
5043906,1017964,1,1,11.49,0.00
5043907,1017964,22,2,4.49,0.00
5043908,1017965,7,1,11.99,0.00
5043909,1017965,2,1,11.99,0.00
5043910,1017965,21,1,3.99,0.00
5043911,1017966,1,1,11.49,0.00
5043912,1017967,6,1,12.99,0.00
5043913,1017967,33,1,5.49,0.00
5043914,1017967,3,2,10.49,0.00
5043915,1017967,26,1,2.49,0.00
5043916,1017968,1,1,11.49,0.00
5043917,1017969,4,1,14.99,0.00
5043918,1017970,7,1,11.99,0.00
5043919,1017970,16,2,10.49,0.00
5043920,1017970,27,2,2.49,0.00
5043921,1017970,2,1,11.99,0.00
5043922,1017971,3,1,10.49,0.00
5043923,1017971,32,2,4.99,0.00
5043924,1017971,26,2,2.49,0.00
5043925,1017972,3,2,10.49,0.00
5043926,1017972,22,1,4.49,0.00
5043927,1017972,20,1,4.49,0.00
5043928,1017973,13,1,9.99,0.00
5043929,1017973,30,1,3.29,0.00
5043930,1017973,12,1,18.99,0.00
5043931,1017974,5,1,13.49,0.00
5043932,1017974,32,1,4.99,0.00
5043933,1017974,24,1,3.49,0.00
5043934,1017974,19,1,3.99,0.00
5043935,1017975,4,1,14.99,0.00
5043936,1017975,32,1,4.99,0.00
5043937,1017976,2,1,11.99,0.00
5043938,1017976,20,2,4.49,0.00
5043939,1017977,7,1,11.99,0.00
5043940,1017977,19,1,3.99,0.00
5043941,1017978,16,2,10.49,0.00
5043942,1017979,13,1,9.99,0.00
5043943,1017979,29,1,3.49,0.00
5043944,1017979,26,1,2.49,0.00
5043945,1017979,27,1,2.49,0.00
5043946,1017980,12,1,18.99,0.00
5043947,1017981,13,1,9.99,0.00
5043948,1017981,19,1,3.99,0.00
5043949,1017981,23,1,3.99,0.00
5043950,1017982,8,1,12.49,0.00
5043951,1017982,32,1,4.99,0.00
5043952,1017982,29,1,3.49,0.00
5043953,1017983,2,1,11.99,0.00
5043954,1017983,30,1,3.29,0.00
5043955,1017984,3,1,10.49,0.00
5043956,1017985,5,1,13.49,0.00
5043957,1017985,29,1,3.49,0.00
5043958,1017985,6,1,12.99,0.00
5043959,1017986,5,1,13.49,0.00
5043960,1017986,21,3,3.99,0.00
5043961,1017986,25,1,6.49,0.00
5043962,1017986,32,1,4.99,0.00
5043963,1017987,9,1,13.99,0.00
5043964,1017987,20,1,4.49,0.00
5043965,1017988,13,1,9.99,0.00
5043966,1017989,8,1,12.49,0.00
5043967,1017989,26,3,2.49,0.00
5043968,1017989,32,1,4.99,0.00
5043969,1017989,23,1,3.99,0.00
5043970,1017990,14,1,10.49,0.00
5043971,1017990,27,1,2.49,0.00
5043972,1017990,29,1,3.49,0.00
5043973,1017990,35,1,2.99,0.00
5043974,1017990,32,1,4.99,0.00
5043975,1017991,15,1,10.99,0.00
5043976,1017992,14,1,10.49,0.00
5043977,1017992,30,1,3.29,0.00
5043978,1017992,22,1,4.49,0.00
5043979,1017992,21,1,3.99,0.00
5043980,1017993,5,1,13.49,0.00
5043981,1017994,5,1,13.49,0.00
5043982,1017994,31,1,3.49,0.00
5043983,1017994,25,1,6.49,0.00
5043984,1017995,6,1,12.99,0.00
5043985,1017995,18,1,5.49,0.00
5043986,1017995,25,1,6.49,0.00
5043987,1017996,3,1,10.49,0.00
5043988,1017996,25,1,6.49,0.00
5043989,1017996,23,1,3.99,0.00
5043990,1017997,1,1,11.49,0.00
5043991,1017997,32,1,4.99,0.00
5043992,1017998,16,1,10.49,0.00
5043993,1017998,19,1,3.99,0.00
5043994,1017998,23,1,3.99,0.00
5043995,1017999,14,1,10.49,0.00
5043996,1017999,26,1,2.49,0.00
5043997,1017999,20,1,4.49,0.00
5043998,1018000,2,1,11.99,0.00
5043999,1018000,21,1,3.99,0.00
5044000,1018001,2,1,11.99,0.00
5044001,1018001,27,1,2.49,0.00
5044002,1018002,8,1,12.49,0.00
5044003,1018002,35,1,2.99,0.00
5044004,1018003,11,1,13.49,0.00
5044005,1018004,14,1,10.49,0.00
5044006,1018004,33,2,5.49,0.00
5044007,1018005,4,1,14.99,0.00
5044008,1018005,21,1,3.99,0.00
5044009,1018006,8,1,12.49,0.00
5044010,1018006,29,1,3.49,0.00
5044011,1018006,25,1,6.49,0.00
5044012,1018007,8,1,12.49,0.00
5044013,1018007,18,1,5.49,0.00
5044014,1018008,2,3,11.99,0.00
5044015,1018008,27,1,2.49,0.00
5044016,1018008,29,2,3.49,0.00
5044017,1018008,26,1,2.49,0.00
5044018,1018009,7,1,11.99,0.00
5044019,1018010,7,1,11.99,0.00
5044020,1018011,15,1,10.99,0.00
5044021,1018012,7,1,11.99,0.00
5044022,1018012,26,1,2.49,0.00
5044023,1018013,14,1,10.49,0.00
5044024,1018013,32,2,4.99,0.00
5044025,1018013,19,3,3.99,0.00
5044026,1018014,8,1,12.49,0.00
5044027,1018014,18,1,5.49,0.00
5044028,1018014,26,1,2.49,0.00
5044029,1018015,7,1,11.99,0.00
5044030,1018015,28,1,3.49,0.00
5044031,1018015,27,1,2.49,0.00
5044032,1018015,31,1,3.49,0.00
5044033,1018016,16,1,10.49,0.00
5044034,1018017,15,1,10.99,0.00
5044035,1018017,23,1,3.99,0.00
5044036,1018017,22,1,4.49,0.00
5044037,1018017,27,2,2.49,0.00
5044038,1018018,3,1,10.49,0.00
5044039,1018018,20,2,4.49,0.00
5044040,1018019,3,1,10.49,0.00
5044041,1018019,20,1,4.49,0.00
5044042,1018019,21,1,3.99,0.00
5044043,1018020,14,1,10.49,0.00
5044044,1018020,30,2,3.29,0.00
5044045,1018021,1,1,11.49,0.00
5044046,1018022,10,1,10.99,0.00
5044047,1018022,25,1,6.49,0.00
5044048,1018023,13,3,9.99,0.00
5044049,1018024,3,1,10.49,0.00
5044050,1018024,26,1,2.49,0.00
5044051,1018024,21,1,3.99,0.00
5044052,1018025,9,1,13.99,0.00
5044053,1018025,27,1,2.49,0.00
5044054,1018026,2,1,11.99,0.00
5044055,1018027,1,1,11.49,0.00
5044056,1018027,18,1,5.49,0.00
5044057,1018028,8,1,12.49,0.00
5044058,1018028,22,1,4.49,0.00
5044059,1018028,31,1,3.49,0.00
5044060,1018029,4,1,14.99,0.00
5044061,1018030,1,1,11.49,0.00
5044062,1018030,28,1,3.49,0.00
5044063,1018031,9,1,13.99,0.00
5044064,1018031,23,1,3.99,0.00
5044065,1018032,14,1,10.49,0.00
5044066,1018032,26,1,2.49,0.00
5044067,1018033,10,2,10.99,0.00
5044068,1018034,15,1,10.99,0.00
5044069,1018034,29,1,3.49,0.00
5044070,1018035,12,2,18.99,0.00
5044071,1018035,18,1,5.49,0.00
5044072,1018036,7,1,11.99,0.00
5044073,1018037,2,1,11.99,0.00
5044074,1018037,18,1,5.49,0.00
5044075,1018038,1,1,11.49,0.00
5044076,1018038,19,1,3.99,0.00
5044077,1018038,23,1,3.99,0.00
5044078,1018039,13,1,9.99,0.00
5044079,1018039,21,1,3.99,0.00
5044080,1018040,9,1,13.99,0.00
5044081,1018040,32,-1,4.99,0.00
5044082,1018041,16,1,10.49,0.00
5044083,1018041,35,1,2.99,0.00
5044084,1018042,15,1,10.99,0.00
5044085,1018042,28,1,3.49,0.00
5044086,1018043,8,1,12.49,0.00
5044087,1018043,25,1,6.49,0.00
5044088,1018043,30,1,3.29,0.00
5044089,1018043,28,1,3.49,0.00
5044090,1018044,11,1,13.49,0.00
5044091,1018044,4,1,14.99,0.00
5044092,1018044,21,1,3.99,0.00
5044093,1018045,2,1,11.99,0.00
5044094,1018046,4,1,14.99,0.00
5044095,1018046,28,1,3.49,0.00
5044096,1018047,4,1,14.99,0.00
5044097,1018048,1,1,11.49,0.00
5044098,1018048,35,1,2.99,0.00
5044099,1018049,8,3,12.49,0.00
5044100,1018049,29,1,3.49,0.00
5044101,1018050,10,1,10.99,0.00
5044102,1018050,26,1,2.49,0.00
5044103,1018050,35,1,2.99,0.00
5044104,1018051,11,1,13.49,0.00
5044105,1018052,14,1,10.49,0.00
5044106,1018052,26,1,2.49,0.00
5044107,1018052,30,1,3.29,0.00
5044108,1018053,4,1,14.99,0.00
5044109,1018053,25,1,6.49,0.00
5044110,1018053,21,1,3.99,0.00
5044111,1018054,1,1,11.49,0.00
5044112,1018054,30,2,3.29,0.00
5044113,1018054,26,1,2.49,0.00
5044114,1018054,18,1,5.49,0.00
5044115,1018055,15,1,10.99,0.00
5044116,1018055,29,1,3.49,0.00
5044117,1018056,10,1,10.99,0.00
5044118,1018056,29,1,3.49,0.00
5044119,1018056,13,1,9.99,0.00
5044120,1018057,1,2,11.49,0.00
5044121,1018057,29,2,3.49,0.00
5044122,1018057,24,1,3.49,0.00
5044123,1018057,27,1,2.49,0.00
5044124,1018058,10,1,10.99,0.00
5044125,1018058,29,2,3.49,0.00
5044126,1018059,1,-1,11.49,0.00
5044127,1018059,26,1,2.49,0.00
5044128,1018059,32,1,4.99,0.00
5044129,1018060,5,1,13.49,0.00
5044130,1018060,19,1,3.99,0.00
5044131,1018061,3,1,10.49,0.00
5044132,1018062,1,1,11.49,0.00
5044133,1018062,26,1,2.49,0.00
5044134,1018062,29,1,3.49,0.00
5044135,1018063,13,1,9.99,0.00
5044136,1018063,8,1,12.49,0.00
5044137,1018063,29,2,3.49,0.00
5044138,1018064,11,1,13.49,0.00
5044139,1018064,30,2,3.29,0.00
5044140,1018064,26,1,2.49,0.00
5044141,1018064,28,1,3.49,0.00
5044142,1018065,6,1,12.99,0.00
5044143,1018065,28,1,3.49,0.00
5044144,1018066,15,1,10.99,0.00
5044145,1018066,29,1,3.49,0.00
5044146,1018067,3,2,10.49,0.00
5044147,1018068,7,1,11.99,0.00
5044148,1018068,22,1,4.49,0.00
5044149,1018069,3,2,10.49,0.00
5044150,1018069,5,1,13.49,0.00
5044151,1018070,2,1,11.99,0.00
5044152,1018071,6,1,12.99,0.00
5044153,1018072,9,1,13.99,0.00
5044154,1018072,23,1,3.99,0.00
5044155,1018072,20,1,4.49,0.00
5044156,1018073,6,1,12.99,0.00
5044157,1018073,27,1,2.49,0.00
5044158,1018073,23,1,3.99,0.00
5044159,1018074,4,1,14.99,0.00
5044160,1018074,20,1,4.49,0.00
5044161,1018074,24,1,3.49,0.00
5044162,1018074,1,1,11.49,0.00
5044163,1018075,13,1,9.99,0.00
5044164,1018075,6,2,12.99,0.00
5044165,1018075,27,1,2.49,0.00
5044166,1018076,2,1,11.99,0.00
5044167,1018076,30,1,3.29,0.00
5044168,1018077,1,2,11.49,0.00
5044169,1018077,19,1,3.99,0.00
5044170,1018078,6,3,12.99,0.00
5044171,1018078,28,1,3.49,0.00
5044172,1018079,16,1,10.49,0.00
5044173,1018080,11,1,13.49,0.00
5044174,1018080,21,1,3.99,0.00
5044175,1018080,26,1,2.49,0.00
5044176,1018080,30,1,3.29,0.00
5044177,1018080,33,1,5.49,0.00
5044178,1018080,25,1,6.49,0.00
5044179,1018081,10,2,10.99,0.00
5044180,1018081,27,1,2.49,0.00
5044181,1018081,22,1,4.49,0.00
5044182,1018082,11,2,13.49,0.00
5044183,1018082,27,2,2.49,0.00
5044184,1018082,18,4,5.49,0.00
5044185,1018082,30,1,3.29,0.00
5044186,1018083,5,1,13.49,0.00
5044187,1018083,19,3,3.99,0.00
5044188,1018083,27,1,2.49,0.00
5044189,1018084,13,1,9.99,0.00
5044190,1018084,27,1,2.49,0.00
5044191,1018084,5,1,13.49,0.00
5044192,1018084,22,1,4.49,0.00
5044193,1018085,5,1,13.49,0.00
5044194,1018085,21,1,3.99,0.00
5044195,1018085,28,1,3.49,0.00
5044196,1018086,12,1,18.99,0.00
5044197,1018086,32,1,4.99,0.00
5044198,1018086,26,2,2.49,0.00
5044199,1018087,5,1,13.49,0.00
5044200,1018088,14,1,10.49,0.00
5044201,1018088,26,1,2.49,0.00
5044202,1018089,3,1,10.49,0.00
5044203,1018090,8,1,12.49,0.00
5044204,1018090,24,1,3.49,0.00
5044205,1018090,21,1,3.99,0.00
5044206,1018091,11,1,13.49,0.00
5044207,1018091,29,1,3.49,0.00
5044208,1018091,30,2,3.29,0.00
5044209,1018092,16,1,10.49,0.00
5044210,1018092,7,1,11.99,0.00
5044211,1018093,7,1,11.99,0.00
5044212,1018094,4,1,14.99,0.00
5044213,1018095,13,1,9.99,0.00
5044214,1018096,1,1,11.49,0.00
5044215,1018096,23,1,3.99,0.00
5044216,1018096,25,1,6.49,0.00
5044217,1018097,7,1,11.99,0.00
5044218,1018097,19,1,3.99,0.00
5044219,1018098,6,1,12.99,0.00
5044220,1018098,34,1,4.49,0.00
5044221,1018099,15,1,10.99,0.00
5044222,1018099,26,1,2.49,0.00
5044223,1018099,28,1,3.49,0.00
5044224,1018099,20,2,4.49,0.00
5044225,1018100,15,2,10.99,0.00
5044226,1018101,16,1,10.49,0.00
5044227,1018101,20,1,4.49,0.00
5044228,1018101,1,1,11.49,0.00
5044229,1018101,25,1,6.49,0.00
5044230,1018101,19,1,3.99,0.00
5044231,1018101,24,1,3.49,0.00
5044232,1018102,5,1,13.49,0.00
5044233,1018102,25,1,6.49,0.00
5044234,1018102,27,1,2.49,0.00
5044235,1018102,26,1,2.49,0.00
5044236,1018103,9,-1,13.99,0.00
5044237,1018103,27,1,2.49,0.00
5044238,1018104,9,1,13.99,0.00
5044239,1018104,21,1,3.99,0.00
5044240,1018104,4,2,14.99,0.00
5044241,1018104,33,1,5.49,0.00
5044242,1018105,13,1,9.99,0.00
5044243,1018106,11,1,13.49,0.00
5044244,1018106,30,1,3.29,0.00
5044245,1018107,2,1,11.99,0.00
5044246,1018107,18,3,5.49,0.00
5044247,1018107,8,1,12.49,0.00
5044248,1018108,5,1,13.49,0.00
5044249,1018108,25,1,6.49,0.00
5044250,1018108,23,1,3.99,0.00
5044251,1018108,28,1,3.49,0.00
5044252,1018109,3,2,10.49,0.00
5044253,1018110,16,1,10.49,0.00
5044254,1018110,27,1,2.49,0.00
5044255,1018111,11,2,13.49,0.00
5044256,1018111,27,2,2.49,0.00
5044257,1018111,21,1,3.99,0.00
5044258,1018111,30,1,3.29,0.00
5044259,1018111,19,1,3.99,0.00
5044260,1018112,8,1,12.49,0.00
5044261,1018112,10,1,10.99,0.00
5044262,1018113,2,1,11.99,0.00
5044263,1018113,11,1,13.49,0.00
5044264,1018113,34,1,4.49,0.00
5044265,1018113,30,1,3.29,0.00
5044266,1018114,1,1,11.49,0.00
5044267,1018114,28,2,3.49,0.00
5044268,1018114,21,1,3.99,0.00
5044269,1018114,25,1,6.49,0.00
5044270,1018114,23,1,3.99,0.00
5044271,1018115,6,2,12.99,0.00
5044272,1018116,8,3,12.49,0.00
5044273,1018117,13,1,9.99,0.00
5044274,1018117,32,1,4.99,0.00
5044275,1018117,11,1,13.49,0.00
5044276,1018118,13,2,9.99,0.00
5044277,1018119,3,1,10.49,0.00
5044278,1018119,20,1,4.49,0.00
5044279,1018119,13,2,9.99,0.00
5044280,1018119,2,1,11.99,0.00
5044281,1018120,5,2,13.49,0.00
5044282,1018121,3,1,10.49,0.00
5044283,1018121,25,1,6.49,0.00
5044284,1018122,16,1,10.49,0.00
5044285,1018122,28,1,3.49,0.00
5044286,1018122,26,3,2.49,0.00
5044287,1018122,19,1,3.99,0.00
5044288,1018122,35,1,2.99,0.00
5044289,1018122,21,1,3.99,0.00
5044290,1018123,4,1,14.99,0.00
5044291,1018124,8,1,12.49,0.00
5044292,1018124,20,1,4.49,0.00
5044293,1018125,9,1,13.99,0.00
5044294,1018125,34,1,4.49,0.00
5044295,1018125,18,1,5.49,0.00
5044296,1018126,3,1,10.49,0.00
5044297,1018126,19,1,3.99,0.00
5044298,1018126,18,1,5.49,0.00
5044299,1018127,7,1,11.99,0.00
5044300,1018127,18,1,5.49,0.00
5044301,1018128,7,1,11.99,0.00
5044302,1018128,31,2,3.49,0.00
5044303,1018129,4,1,14.99,0.00
5044304,1018129,19,3,3.99,0.00
5044305,1018130,3,1,10.49,0.00
5044306,1018130,26,1,2.49,0.00
5044307,1018131,1,2,11.49,0.00
5044308,1018131,28,1,3.49,0.00
5044309,1018131,27,1,2.49,0.00
5044310,1018132,5,1,13.49,0.00
5044311,1018133,4,1,14.99,0.00
5044312,1018134,6,1,12.99,0.00
5044313,1018134,3,1,10.49,0.00
5044314,1018134,21,1,3.99,0.00
5044315,1018135,8,1,12.49,0.00
5044316,1018135,28,1,3.49,0.00
5044317,1018136,3,1,10.49,0.00
5044318,1018136,18,1,5.49,0.00
5044319,1018137,10,3,10.99,0.00
5044320,1018137,26,1,2.49,0.00
5044321,1018137,21,1,3.99,0.00
5044322,1018137,18,1,5.49,0.00
5044323,1018138,3,1,10.49,0.00
5044324,1018139,3,1,10.49,0.00
5044325,1018140,8,1,12.49,0.00
5044326,1018141,4,1,14.99,0.00
5044327,1018141,12,1,18.99,0.00
5044328,1018141,28,1,3.49,0.00
5044329,1018142,6,1,12.99,0.00
5044330,1018142,31,1,3.49,0.00
5044331,1018142,33,1,5.49,0.00
5044332,1018142,3,1,10.49,0.00
5044333,1018142,27,1,2.49,0.00
5044334,1018143,5,1,13.49,0.00
5044335,1018143,27,1,2.49,0.00
5044336,1018144,1,1,11.49,0.00
5044337,1018145,5,1,13.49,0.00
5044338,1018145,8,2,12.49,0.00
5044339,1018146,5,1,13.49,0.00
5044340,1018146,3,1,10.49,0.00
5044341,1018147,12,1,18.99,0.00
5044342,1018148,1,1,11.49,0.00
5044343,1018149,14,1,10.49,0.00
5044344,1018149,23,2,3.99,0.00
5044345,1018149,26,3,2.49,0.00
5044346,1018150,10,1,10.99,0.00
5044347,1018151,5,1,13.49,0.00
5044348,1018151,18,1,5.49,0.00
5044349,1018151,29,1,3.49,0.00
5044350,1018151,32,1,4.99,0.00
5044351,1018152,7,1,11.99,0.00
5044352,1018152,20,1,4.49,0.00
5044353,1018152,25,1,6.49,0.00
5044354,1018153,1,1,11.49,0.00
5044355,1018154,11,1,13.49,0.00
5044356,1018154,18,1,5.49,0.00
5044357,1018155,6,1,12.99,0.00
5044358,1018155,1,1,11.49,0.00
5044359,1018156,14,2,10.49,0.00
5044360,1018156,26,3,2.49,0.00
5044361,1018156,25,1,6.49,0.00
5044362,1018156,27,1,2.49,0.00
5044363,1018156,28,1,3.49,0.00
5044364,1018157,8,1,12.49,0.00
5044365,1018157,27,1,2.49,0.00
5044366,1018158,8,1,12.49,0.00
5044367,1018158,26,2,2.49,0.00
5044368,1018158,30,2,3.29,0.00
5044369,1018159,10,1,10.99,0.00
5044370,1018159,19,1,3.99,0.00
5044371,1018159,25,3,6.49,0.00
5044372,1018160,9,1,13.99,0.00
5044373,1018160,27,1,2.49,0.00
5044374,1018160,11,1,13.49,0.00
5044375,1018160,25,1,6.49,0.00
5044376,1018161,10,1,10.99,0.00
5044377,1018161,31,1,3.49,0.00
5044378,1018161,26,2,2.49,0.00
5044379,1018161,18,1,5.49,0.00
5044380,1018162,11,1,13.49,0.00
5044381,1018162,28,1,3.49,0.00
5044382,1018162,23,2,3.99,0.00
5044383,1018163,7,1,11.99,0.00
5044384,1018163,21,2,3.99,0.00
5044385,1018164,2,1,11.99,0.00
5044386,1018164,18,1,5.49,0.00
5044387,1018164,6,1,12.99,0.00
5044388,1018165,4,1,14.99,0.00
5044389,1018166,14,1,10.49,0.00
5044390,1018166,25,1,6.49,0.00
5044391,1018166,33,1,5.49,0.00
5044392,1018167,3,1,10.49,0.00
5044393,1018167,30,1,3.29,0.00
5044394,1018167,27,1,2.49,0.00
5044395,1018167,28,1,3.49,0.00
5044396,1018168,16,1,10.49,0.00
5044397,1018169,7,1,11.99,0.00
5044398,1018169,35,2,2.99,0.00
5044399,1018169,18,1,5.49,0.00
5044400,1018169,32,2,4.99,0.00
5044401,1018169,3,1,10.49,0.00
5044402,1018170,1,1,11.49,0.00
5044403,1018171,10,2,10.99,0.00
5044404,1018171,19,2,3.99,0.00
5044405,1018172,7,1,11.99,0.00
5044406,1018172,19,1,3.99,0.00
5044407,1018172,6,1,12.99,0.00
5044408,1018173,4,1,14.99,0.00
5044409,1018174,3,1,10.49,0.00
5044410,1018174,27,1,2.49,0.00
5044411,1018174,34,1,4.49,0.00
5044412,1018175,11,1,13.49,0.00
5044413,1018175,23,1,3.99,0.00
5044414,1018175,30,2,3.29,0.00
5044415,1018176,2,1,11.99,0.00
5044416,1018176,22,1,4.49,0.00
5044417,1018176,5,-2,13.49,0.00
5044418,1018177,1,2,11.49,0.00
5044419,1018177,18,1,5.49,0.00
5044420,1018178,15,1,10.99,0.00
5044421,1018178,35,2,2.99,0.00
5044422,1018178,29,1,3.49,0.00
5044423,1018178,23,2,3.99,0.00
5044424,1018179,9,1,13.99,0.00
5044425,1018179,19,1,3.99,0.00
5044426,1018179,30,2,3.29,0.00
5044427,1018180,7,1,11.99,0.00
5044428,1018181,8,1,12.49,0.00
5044429,1018181,22,1,4.49,0.00
5044430,1018182,11,1,13.49,0.00
5044431,1018182,26,1,2.49,0.00
5044432,1018182,20,1,4.49,0.00
5044433,1018182,18,3,5.49,0.00
5044434,1018183,2,1,11.99,0.00
5044435,1018183,23,1,3.99,0.00
5044436,1018183,27,2,2.49,0.00
5044437,1018183,20,1,4.49,0.00
5044438,1018184,1,1,11.49,0.00
5044439,1018184,34,1,4.49,0.00
5044440,1018184,19,2,3.99,0.00
5044441,1018185,1,1,11.49,0.00
5044442,1018185,27,1,2.49,0.00
5044443,1018185,29,1,3.49,0.00
5044444,1018185,32,1,4.99,0.00
5044445,1018185,19,2,3.99,0.00
5044446,1018186,7,1,11.99,0.00
5044447,1018187,5,1,13.49,0.00
5044448,1018188,4,1,14.99,0.00
5044449,1018188,27,1,2.49,0.00
5044450,1018189,6,1,12.99,0.00
5044451,1018189,33,1,5.49,0.00
5044452,1018190,4,1,14.99,0.00
5044453,1018190,30,1,3.29,0.00
5044454,1018190,26,1,2.49,0.00
5044455,1018190,22,1,4.49,0.00
5044456,1018191,1,1,11.49,0.00
5044457,1018191,34,2,4.49,0.00
5044458,1018192,1,1,11.49,0.00
5044459,1018192,23,1,3.99,0.00
5044460,1018192,32,1,4.99,0.00
5044461,1018193,5,2,13.49,0.00
5044462,1018194,4,1,14.99,0.00
5044463,1018195,1,1,11.49,0.00
5044464,1018195,20,1,4.49,0.00
5044465,1018195,31,1,3.49,0.00
5044466,1018195,22,2,4.49,0.00
5044467,1018196,2,1,11.99,0.00
5044468,1018196,18,1,5.49,0.00
5044469,1018197,1,1,11.49,0.00
5044470,1018197,22,2,4.49,0.00
5044471,1018198,3,2,10.49,0.00
5044472,1018198,32,1,4.99,0.00
5044473,1018198,26,1,2.49,0.00
5044474,1018199,10,1,10.99,0.00
5044475,1018199,28,1,3.49,0.00
5044476,1018200,7,1,11.99,0.00
5044477,1018200,30,1,3.29,0.00
5044478,1018201,16,2,10.49,0.00
5044479,1018201,18,1,5.49,0.00
5044480,1018201,21,2,3.99,0.00
5044481,1018202,3,1,10.49,0.00
5044482,1018202,18,1,5.49,0.00
5044483,1018202,26,1,2.49,0.00
5044484,1018202,19,1,3.99,0.00
5044485,1018202,25,1,6.49,0.00
5044486,1018203,10,1,10.99,0.00
5044487,1018203,18,1,5.49,0.00
5044488,1018203,32,1,4.99,0.00
5044489,1018203,25,1,6.49,0.00
5044490,1018204,9,1,13.99,0.00
5044491,1018204,29,2,3.49,0.00
5044492,1018204,27,1,2.49,0.00
5044493,1018204,26,1,2.49,0.00
5044494,1018205,7,1,11.99,0.00
5044495,1018205,21,1,3.99,0.00
5044496,1018205,32,1,4.99,0.00
5044497,1018205,34,1,4.49,0.00
5044498,1018205,35,1,2.99,0.00
5044499,1018206,3,1,10.49,0.00
5044500,1018206,27,1,2.49,0.00
5044501,1018207,15,2,10.99,0.00
5044502,1018207,19,1,3.99,0.00
5044503,1018207,21,1,3.99,0.00
5044504,1018207,28,2,3.49,0.00
5044505,1018208,12,1,18.99,0.00
5044506,1018208,20,1,4.49,0.00
5044507,1018208,18,1,5.49,0.00
5044508,1018208,29,1,3.49,0.00
5044509,1018209,8,1,12.49,0.00
5044510,1018209,32,1,4.99,0.00
5044511,1018209,27,2,2.49,0.00
5044512,1018210,7,1,11.99,0.00
5044513,1018210,26,1,2.49,0.00
5044514,1018210,27,1,2.49,0.00
5044515,1018210,23,1,3.99,0.00
5044516,1018211,3,1,10.49,0.00
5044517,1018211,25,1,6.49,0.00
5044518,1018212,5,1,13.49,0.00
5044519,1018212,29,1,3.49,0.00
5044520,1018212,30,1,3.29,0.00
5044521,1018212,27,1,2.49,0.00
5044522,1018213,15,1,10.99,0.00
5044523,1018213,18,1,5.49,0.00
5044524,1018213,20,1,4.49,0.00
5044525,1018214,13,1,9.99,0.00
5044526,1018214,32,1,4.99,0.00
5044527,1018215,10,1,10.99,0.00
5044528,1018215,24,1,3.49,0.00
5044529,1018216,3,1,10.49,0.00
5044530,1018216,28,1,3.49,0.00
5044531,1018216,21,4,3.99,0.00
5044532,1018217,12,1,18.99,0.00
5044533,1018218,16,1,10.49,0.00
5044534,1018219,3,1,10.49,0.00
5044535,1018219,28,1,3.49,0.00
5044536,1018219,31,1,3.49,0.00
5044537,1018219,26,1,2.49,0.00
5044538,1018219,4,1,14.99,0.00
5044539,1018219,7,1,11.99,0.00
5044540,1018220,5,1,13.49,0.00
5044541,1018220,24,1,3.49,0.00
5044542,1018221,13,1,9.99,0.00
5044543,1018221,22,2,4.49,0.00
5044544,1018221,25,2,6.49,0.00
5044545,1018222,3,1,10.49,0.00
5044546,1018222,28,1,3.49,0.00
5044547,1018222,27,1,2.49,0.00
5044548,1018222,29,1,3.49,0.00
5044549,1018222,24,1,3.49,0.00
5044550,1018222,19,1,3.99,0.00
5044551,1018223,13,2,9.99,0.00
5044552,1018223,33,1,5.49,0.00
5044553,1018223,22,1,4.49,0.00
5044554,1018223,5,1,13.49,0.00
5044555,1018224,1,1,11.49,0.00
5044556,1018224,19,1,3.99,0.00
5044557,1018225,1,1,11.49,0.00
5044558,1018225,31,1,3.49,0.00
5044559,1018225,23,1,3.99,0.00
5044560,1018225,27,1,2.49,0.00
5044561,1018226,11,1,13.49,0.00
5044562,1018227,15,1,10.99,0.00
5044563,1018228,3,1,10.49,0.00
5044564,1018228,23,1,3.99,0.00
5044565,1018229,5,1,13.49,0.00
5044566,1018230,1,1,11.49,0.00
5044567,1018230,31,3,3.49,0.00
5044568,1018231,1,1,11.49,0.00
5044569,1018231,26,2,2.49,0.00
5044570,1018232,13,2,9.99,0.00
5044571,1018233,10,1,10.99,0.00
5044572,1018233,27,1,2.49,0.00
5044573,1018234,2,1,11.99,0.00
5044574,1018234,26,2,2.49,0.00
5044575,1018234,27,1,2.49,0.00
5044576,1018235,3,1,10.49,0.00
5044577,1018235,29,1,3.49,0.00
5044578,1018235,31,1,3.49,0.00
5044579,1018235,5,1,13.49,0.00
5044580,1018236,1,1,11.49,0.00
5044581,1018236,35,1,2.99,0.00
5044582,1018236,19,1,3.99,0.00
5044583,1018237,6,1,12.99,0.00
5044584,1018237,27,1,2.49,0.00
5044585,1018238,3,3,10.49,0.00
5044586,1018239,7,1,11.99,0.00
5044587,1018240,3,1,10.49,0.00
5044588,1018240,10,1,10.99,0.00
5044589,1018240,7,1,11.99,0.00
5044590,1018240,18,2,5.49,0.00
5044591,1018241,4,1,14.99,0.00
5044592,1018242,3,1,10.49,0.00
5044593,1018242,32,1,4.99,0.00
5044594,1018243,10,1,10.99,0.00
5044595,1018243,33,1,5.49,0.00
5044596,1018244,15,1,10.99,0.00
5044597,1018244,21,1,3.99,0.00
5044598,1018245,2,1,11.99,0.00
5044599,1018245,23,1,3.99,0.00
5044600,1018245,29,1,3.49,0.00
5044601,1018245,27,1,2.49,0.00
5044602,1018246,1,1,11.49,0.00
5044603,1018247,9,1,13.99,0.00
5044604,1018247,32,1,4.99,0.00
5044605,1018247,34,1,4.49,0.00
5044606,1018247,31,2,3.49,0.00
5044607,1018247,30,1,3.29,0.00
5044608,1018247,18,1,5.49,0.00
5044609,1018248,3,1,10.49,0.00
5044610,1018249,16,2,10.49,0.00
5044611,1018250,14,1,10.49,0.00
5044612,1018250,20,1,4.49,0.00
5044613,1018250,18,1,5.49,0.00
5044614,1018251,1,2,11.49,0.00
5044615,1018251,19,2,3.99,0.00
5044616,1018252,10,1,10.99,0.00
5044617,1018252,2,1,11.99,0.00
5044618,1018253,6,3,12.99,0.00
5044619,1018253,31,1,3.49,0.00
5044620,1018253,19,1,3.99,0.00
5044621,1018254,11,2,13.49,0.00
5044622,1018254,33,2,5.49,0.00
5044623,1018254,28,1,3.49,0.00
5044624,1018254,27,1,2.49,0.00
5044625,1018255,3,1,10.49,0.00
5044626,1018255,27,3,2.49,0.00
5044627,1018256,5,1,13.49,0.00
5044628,1018256,19,1,3.99,0.00
5044629,1018256,21,1,3.99,0.00
5044630,1018257,9,1,13.99,0.00
5044631,1018258,3,1,10.49,0.00
5044632,1018258,31,1,3.49,0.00
5044633,1018259,10,1,10.99,0.00
5044634,1018260,3,1,10.49,0.00
5044635,1018260,31,2,3.49,0.00
5044636,1018260,23,1,3.99,0.00
5044637,1018261,3,1,10.49,0.00
5044638,1018261,8,1,12.49,0.00
5044639,1018261,19,1,3.99,0.00
5044640,1018262,2,1,11.99,0.00
5044641,1018262,9,1,13.99,0.00
5044642,1018263,10,1,10.99,0.00
5044643,1018264,11,1,13.49,0.00
5044644,1018264,22,1,4.49,0.00
5044645,1018265,1,1,11.49,0.00
5044646,1018265,27,1,2.49,0.00
5044647,1018265,22,2,4.49,0.00
5044648,1018265,19,1,3.99,0.00
5044649,1018266,4,1,14.99,0.00
5044650,1018266,33,1,5.49,0.00
5044651,1018267,13,1,9.99,0.00
5044652,1018267,27,1,2.49,0.00
5044653,1018268,13,1,9.99,0.00
5044654,1018268,18,2,5.49,0.00
5044655,1018268,11,1,13.49,0.00
5044656,1018269,14,1,10.49,0.00
5044657,1018269,21,1,3.99,0.00
5044658,1018270,11,1,13.49,0.00
5044659,1018270,24,3,3.49,0.00
5044660,1018271,7,1,11.99,0.00
5044661,1018271,22,1,4.49,0.00
5044662,1018272,15,2,10.99,0.00
5044663,1018272,20,1,4.49,0.00
5044664,1018273,8,2,12.49,0.00
5044665,1018273,20,2,4.49,0.00
5044666,1018274,3,1,10.49,0.00
5044667,1018274,25,1,6.49,0.00
5044668,1018275,9,1,13.99,0.00
5044669,1018275,33,1,5.49,0.00
5044670,1018276,8,1,12.49,0.00
5044671,1018276,21,1,3.99,0.00
5044672,1018276,19,1,3.99,0.00
5044673,1018277,3,1,10.49,0.00
5044674,1018277,27,3,2.49,0.00
5044675,1018278,11,1,13.49,0.00
5044676,1018278,21,1,3.99,0.00
5044677,1018279,7,1,11.99,0.00
5044678,1018279,27,1,2.49,0.00
5044679,1018280,15,1,10.99,0.00
5044680,1018280,32,1,4.99,0.00
5044681,1018280,29,2,3.49,0.00
5044682,1018280,35,1,2.99,0.00
5044683,1018280,27,1,2.49,0.00
5044684,1018281,15,2,10.99,0.00
5044685,1018281,21,1,3.99,0.00
5044686,1018281,30,2,3.29,0.00
5044687,1018282,3,1,10.49,0.00
5044688,1018282,21,1,3.99,0.00
5044689,1018282,27,1,2.49,0.00
5044690,1018283,2,1,11.99,0.00
5044691,1018283,27,1,2.49,0.00
5044692,1018283,26,1,2.49,0.00
5044693,1018283,29,1,3.49,0.00
5044694,1018283,13,1,9.99,0.00
5044695,1018284,12,1,18.99,0.00
5044696,1018284,30,1,3.29,0.00
5044697,1018284,29,2,3.49,0.00
5044698,1018285,7,2,11.99,0.00
5044699,1018286,15,1,10.99,0.00
5044700,1018286,22,1,4.49,0.00
5044701,1018287,4,1,14.99,0.00
5044702,1018287,22,1,4.49,0.00
5044703,1018287,25,1,6.49,0.00
5044704,1018288,8,1,12.49,0.00
5044705,1018288,27,1,2.49,0.00
5044706,1018289,13,1,9.99,0.00
5044707,1018289,25,1,6.49,0.00
5044708,1018290,15,1,10.99,0.00
5044709,1018290,23,1,3.99,0.00
5044710,1018291,7,1,11.99,0.00
5044711,1018291,29,2,3.49,0.00
5044712,1018292,4,1,14.99,0.00
5044713,1018292,28,1,3.49,0.00
5044714,1018292,34,1,4.49,0.00
5044715,1018292,31,2,3.49,0.00
5044716,1018292,18,1,5.49,0.00
5044717,1018292,26,1,2.49,0.00
5044718,1018293,6,1,12.99,0.00
5044719,1018294,6,1,12.99,0.00
5044720,1018294,19,2,3.99,0.00
5044721,1018295,1,1,11.49,0.00
5044722,1018296,4,1,14.99,0.00
5044723,1018296,29,1,3.49,0.00
5044724,1018296,11,3,13.49,0.00
5044725,1018296,23,1,3.99,0.00
5044726,1018296,26,1,2.49,0.00
5044727,1018297,2,1,11.99,0.00
5044728,1018297,30,1,3.29,0.00
5044729,1018297,10,1,10.99,0.00
5044730,1018298,7,2,11.99,0.00
5044731,1018298,18,1,5.49,0.00
5044732,1018299,1,1,11.49,0.00
5044733,1018299,32,1,4.99,0.00
5044734,1018299,31,1,3.49,0.00
5044735,1018300,1,1,11.49,0.00
5044736,1018301,1,1,11.49,0.00
5044737,1018301,21,1,3.99,0.00
5044738,1018302,8,1,12.49,0.00
5044739,1018302,20,1,4.49,0.00
5044740,1018303,9,1,13.99,0.00
5044741,1018304,11,1,13.49,0.00
5044742,1018305,4,1,14.99,0.00
5044743,1018305,28,1,3.49,0.00
5044744,1018305,20,1,4.49,0.00
5044745,1018306,2,1,11.99,0.00
5044746,1018306,31,1,3.49,0.00
5044747,1018307,13,1,9.99,0.00
5044748,1018307,31,1,3.49,0.00
5044749,1018308,6,1,12.99,0.00
5044750,1018309,4,1,14.99,0.00
5044751,1018310,8,1,12.49,0.00
5044752,1018310,21,1,3.99,0.00
5044753,1018310,35,1,2.99,0.00
5044754,1018311,8,1,12.49,0.00
5044755,1018311,31,1,3.49,0.00
5044756,1018312,13,3,9.99,0.00
5044757,1018312,18,1,5.49,0.00
5044758,1018312,29,1,3.49,0.00
5044759,1018312,32,3,4.99,0.00
5044760,1018313,2,1,11.99,0.00
5044761,1018313,29,1,3.49,0.00
5044762,1018313,27,2,2.49,0.00
5044763,1018314,14,1,10.49,0.00
5044764,1018315,7,2,11.99,0.00
5044765,1018315,34,1,4.49,0.00
5044766,1018316,6,1,12.99,0.00
5044767,1018317,11,1,13.49,0.00
5044768,1018318,4,1,14.99,0.00
5044769,1018319,6,1,12.99,0.00
5044770,1018319,24,1,3.49,0.00
5044771,1018319,30,1,3.29,0.00
5044772,1018319,33,1,5.49,0.00
5044773,1018319,29,1,3.49,0.00
5044774,1018320,1,2,11.49,0.00
5044775,1018320,27,2,2.49,0.00
5044776,1018320,21,2,3.99,0.00
5044777,1018320,31,1,3.49,0.00
5044778,1018321,11,1,13.49,0.00
5044779,1018321,24,2,3.49,0.00
5044780,1018322,1,1,11.49,0.00
5044781,1018322,22,1,4.49,0.00
5044782,1018322,26,1,2.49,0.00
5044783,1018322,28,1,3.49,0.00
5044784,1018323,3,2,10.49,0.00
5044785,1018324,11,1,13.49,0.00
5044786,1018324,27,1,2.49,0.00
5044787,1018325,3,1,10.49,0.00
5044788,1018325,27,1,2.49,0.00
5044789,1018326,1,1,11.49,0.00
5044790,1018326,30,1,3.29,0.00
5044791,1018327,15,3,10.99,0.00
5044792,1018327,27,1,2.49,0.00
5044793,1018327,18,1,5.49,0.00
5044794,1018327,25,2,6.49,0.00
5044795,1018328,4,1,14.99,0.00
5044796,1018329,15,2,10.99,0.00
5044797,1018329,30,1,3.29,0.00
5044798,1018329,8,1,12.49,0.00
5044799,1018329,13,1,9.99,0.00
5044800,1018330,4,2,14.99,0.00
5044801,1018330,23,2,3.99,0.00
5044802,1018330,18,1,5.49,0.00
5044803,1018331,9,1,13.99,0.00
5044804,1018331,22,2,4.49,0.00
5044805,1018332,6,1,12.99,0.00
5044806,1018333,6,1,12.99,0.00
5044807,1018333,30,2,3.29,0.00
5044808,1018333,27,3,2.49,0.00
5044809,1018334,7,1,11.99,0.00
5044810,1018334,18,1,5.49,0.00
5044811,1018334,26,1,2.49,0.00
5044812,1018335,8,1,12.49,0.00
5044813,1018336,1,1,11.49,0.00
5044814,1018336,33,1,5.49,0.00
5044815,1018337,13,1,9.99,0.00
5044816,1018337,18,3,5.49,0.00
5044817,1018337,20,1,4.49,0.00
5044818,1018337,31,1,3.49,0.00
5044819,1018337,30,1,3.29,0.00
5044820,1018338,15,1,10.99,0.00
5044821,1018338,24,1,3.49,0.00
5044822,1018338,18,1,5.49,0.00
5044823,1018339,11,2,13.49,0.00
5044824,1018339,19,1,3.99,0.00
5044825,1018339,26,0,2.49,0.00
5044826,1018339,18,1,5.49,0.00
5044827,1018340,8,1,12.49,0.00
5044828,1018341,10,1,10.99,0.00
5044829,1018341,18,1,5.49,0.00
5044830,1018341,5,1,13.49,0.00
5044831,1018341,26,3,2.49,0.00
5044832,1018342,14,1,10.49,0.00
5044833,1018342,27,2,2.49,0.00
5044834,1018342,19,1,3.99,0.00
5044835,1018343,2,1,11.99,0.00
5044836,1018343,27,1,2.49,0.00
5044837,1018344,7,3,11.99,0.00
5044838,1018344,25,1,6.49,0.00
5044839,1018344,26,-1,2.49,0.00
5044840,1018345,16,2,10.49,0.00
5044841,1018346,1,1,11.49,0.00
5044842,1018346,21,1,3.99,0.00
5044843,1018347,1,1,11.49,0.00
5044844,1018348,10,1,10.99,0.00
5044845,1018349,7,1,11.99,0.00
5044846,1018349,35,1,2.99,0.00
5044847,1018350,8,1,12.49,0.00
5044848,1018350,19,1,3.99,0.00
5044849,1018350,31,1,3.49,0.00
5044850,1018351,7,1,11.99,0.00
5044851,1018351,27,1,2.49,0.00
5044852,1018351,20,1,4.49,0.00
5044853,1018352,6,1,12.99,0.00
5044854,1018352,20,1,4.49,0.00
5044855,1018352,34,1,4.49,0.00
5044856,1018353,10,2,10.99,0.00
5044857,1018353,24,1,3.49,0.00
5044858,1018353,30,3,3.29,0.00
5044859,1018354,9,1,13.99,0.00
5044860,1018355,12,1,18.99,0.00
5044861,1018355,24,1,3.49,0.00
5044862,1018355,18,1,5.49,0.00
5044863,1018355,21,1,3.99,0.00
5044864,1018355,29,1,3.49,0.00
5044865,1018355,30,1,3.29,0.00
5044866,1018356,8,1,12.49,0.00
5044867,1018356,33,1,5.49,0.00
5044868,1018356,27,1,2.49,0.00
5044869,1018356,7,1,11.99,0.00
5044870,1018357,2,1,11.99,0.00
5044871,1018357,29,1,3.49,0.00
5044872,1018357,11,1,13.49,0.00
5044873,1018358,13,1,9.99,0.00
5044874,1018359,6,1,12.99,0.00
5044875,1018360,4,2,14.99,0.00
5044876,1018360,27,2,2.49,0.00
5044877,1018360,18,1,5.49,0.00
5044878,1018361,11,1,13.49,0.00
5044879,1018361,22,1,4.49,0.00
5044880,1018362,2,1,11.99,0.00
5044881,1018362,24,1,3.49,0.00
5044882,1018363,10,1,10.99,0.00
5044883,1018363,29,1,3.49,0.00
5044884,1018363,1,1,11.49,0.00
5044885,1018364,13,1,9.99,0.00
5044886,1018364,30,1,3.29,0.00
5044887,1018365,6,1,12.99,0.00
5044888,1018365,20,1,4.49,0.00
5044889,1018366,7,2,11.99,0.00
5044890,1018366,30,2,3.29,0.00
5044891,1018366,21,1,3.99,0.00
5044892,1018366,16,1,10.49,0.00
5044893,1018366,13,1,9.99,0.00
5044894,1018367,4,1,14.99,0.00
5044895,1018367,18,1,5.49,0.00
5044896,1018367,33,1,5.49,0.00
5044897,1018368,3,1,10.49,0.00
5044898,1018369,7,1,11.99,0.00
5044899,1018369,30,1,3.29,0.00
5044900,1018370,5,1,13.49,0.00
5044901,1018371,5,1,13.49,0.00
5044902,1018371,18,1,5.49,0.00
5044903,1018371,1,1,11.49,0.00
5044904,1018371,27,2,2.49,0.00
5044905,1018371,33,1,5.49,0.00
5044906,1018372,7,1,11.99,0.00
5044907,1018372,25,1,6.49,0.00
5044908,1018372,26,1,2.49,0.00
5044909,1018373,9,1,13.99,0.00
5044910,1018373,21,1,3.99,0.00
5044911,1018373,5,1,13.49,0.00
5044912,1018373,13,1,9.99,0.00
5044913,1018374,1,1,11.49,0.00
5044914,1018374,18,1,5.49,0.00
5044915,1018374,27,1,2.49,0.00
5044916,1018375,8,3,12.49,0.00
5044917,1018375,18,2,5.49,0.00
5044918,1018375,30,1,3.29,0.00
5044919,1018376,8,1,12.49,0.00
5044920,1018376,32,1,4.99,0.00
5044921,1018377,3,1,10.49,0.00
5044922,1018377,23,2,3.99,0.00
5044923,1018377,28,1,3.49,0.00
5044924,1018378,6,1,12.99,0.00
5044925,1018378,18,1,5.49,0.00
5044926,1018378,14,1,10.49,0.00
5044927,1018378,21,1,3.99,0.00
5044928,1018378,20,1,4.49,0.00
5044929,1018379,11,1,13.49,0.00
5044930,1018379,19,1,3.99,0.00
5044931,1018380,9,1,13.99,0.00
5044932,1018380,26,1,2.49,0.00
5044933,1018381,2,2,11.99,0.00
5044934,1018381,27,1,2.49,0.00
5044935,1018381,18,1,5.49,0.00
5044936,1018381,31,1,3.49,0.00
5044937,1018382,3,1,10.49,0.00
5044938,1018382,32,1,4.99,0.00
5044939,1018382,22,1,4.49,0.00
5044940,1018382,34,2,4.49,0.00
5044941,1018382,14,1,10.49,0.00
5044942,1018383,11,1,13.49,0.00
5044943,1018383,21,1,3.99,0.00
5044944,1018383,18,2,5.49,0.00
5044945,1018384,4,1,14.99,0.00
5044946,1018384,34,-1,4.49,0.00
5044947,1018384,30,1,3.29,0.00
5044948,1018385,6,1,12.99,0.00
5044949,1018385,32,1,4.99,0.00
5044950,1018385,21,1,3.99,0.00
5044951,1018386,8,1,12.49,0.00
5044952,1018386,28,1,3.49,0.00
5044953,1018386,26,2,2.49,0.00
5044954,1018386,4,2,14.99,0.00
5044955,1018386,27,3,2.49,0.00
5044956,1018387,3,1,10.49,0.00
5044957,1018387,34,1,4.49,0.00
5044958,1018387,26,2,2.49,0.00
5044959,1018388,1,1,11.49,0.00
5044960,1018389,5,3,13.49,0.00
5044961,1018389,26,3,2.49,0.00
5044962,1018389,32,1,4.99,0.00
5044963,1018389,34,2,4.49,0.00
5044964,1018389,19,2,3.99,0.00
5044965,1018390,9,1,13.99,0.00
5044966,1018390,19,1,3.99,0.00
5044967,1018391,3,2,10.49,0.00
5044968,1018391,31,1,3.49,0.00
5044969,1018391,29,1,3.49,0.00
5044970,1018392,9,1,13.99,0.00
5044971,1018392,27,1,2.49,0.00
5044972,1018393,5,1,13.49,0.00
5044973,1018393,31,2,3.49,0.00
5044974,1018394,3,1,10.49,0.00
5044975,1018395,2,1,11.99,0.00
5044976,1018396,12,1,18.99,0.00
5044977,1018396,22,1,4.49,0.00
5044978,1018397,5,0,13.49,0.00
5044979,1018397,28,1,3.49,0.00
5044980,1018397,29,1,3.49,0.00
5044981,1018398,5,1,13.49,0.00
5044982,1018398,28,2,3.49,0.00
5044983,1018398,31,1,3.49,0.00
5044984,1018399,4,1,14.99,0.00
5044985,1018399,27,1,2.49,0.00
5044986,1018399,16,0,10.49,0.00
5044987,1018400,4,1,14.99,0.00
5044988,1018400,19,1,3.99,0.00
5044989,1018401,8,1,12.49,0.00
5044990,1018401,25,1,6.49,0.00
5044991,1018401,18,1,5.49,0.00
5044992,1018402,14,1,10.49,0.00
5044993,1018402,10,2,10.99,0.00
5044994,1018402,26,1,2.49,0.00
5044995,1018403,13,1,9.99,0.00
5044996,1018403,21,1,3.99,0.00
5044997,1018403,25,2,6.49,0.00
5044998,1018403,26,1,2.49,0.00
5044999,1018404,10,1,10.99,0.00
5045000,1018404,20,1,4.49,0.00
5045001,1018405,8,1,12.49,0.00
5045002,1018405,4,1,14.99,0.00
5045003,1018406,15,2,10.99,0.00
5045004,1018406,29,1,3.49,0.00
5045005,1018406,30,2,3.29,0.00
5045006,1018407,10,1,10.99,0.00
5045007,1018407,20,1,4.49,0.00
5045008,1018408,16,1,10.49,0.00
5045009,1018409,7,1,11.99,0.00
5045010,1018409,18,1,5.49,0.00
5045011,1018410,2,2,11.99,0.00
5045012,1018411,7,1,11.99,0.00
5045013,1018411,18,2,5.49,0.00
5045014,1018411,1,1,11.49,0.00
5045015,1018412,8,1,12.49,0.00
5045016,1018412,19,1,3.99,0.00
5045017,1018412,30,1,3.29,0.00
5045018,1018412,24,1,3.49,0.00
5045019,1018413,5,1,13.49,0.00
5045020,1018414,14,1,10.49,0.00
5045021,1018414,23,1,3.99,0.00
5045022,1018415,7,1,11.99,0.00
5045023,1018415,22,2,4.49,0.00
5045024,1018416,8,1,12.49,0.00
5045025,1018417,2,1,11.99,0.00
5045026,1018417,28,1,3.49,0.00
5045027,1018418,4,1,14.99,0.00
5045028,1018418,21,2,3.99,0.00
5045029,1018419,13,1,9.99,0.00
5045030,1018419,26,5,2.49,0.00
5045031,1018419,35,1,2.99,0.00
5045032,1018420,3,1,10.49,0.00
5045033,1018420,26,1,2.49,0.00
5045034,1018421,3,1,10.49,0.00
5045035,1018421,31,1,3.49,0.00
5045036,1018421,21,1,3.99,0.00
5045037,1018421,33,3,5.49,0.00
5045038,1018421,7,1,11.99,0.00
5045039,1018421,20,1,4.49,0.00
5045040,1018422,10,1,10.99,0.00
5045041,1018423,1,1,11.49,0.00
5045042,1018423,34,2,4.49,0.00
5045043,1018424,10,2,10.99,0.00
5045044,1018424,26,1,2.49,0.00
5045045,1018424,18,1,5.49,0.00
5045046,1018425,6,3,12.99,0.00
5045047,1018425,18,1,5.49,0.00
5045048,1018425,31,1,3.49,0.00
5045049,1018426,5,1,13.49,0.00
5045050,1018426,33,1,5.49,0.00
5045051,1018427,16,1,10.49,0.00
5045052,1018427,9,1,13.99,0.00
5045053,1018427,18,-2,5.49,0.00
5045054,1018427,19,1,3.99,0.00
5045055,1018427,26,-1,2.49,0.00
5045056,1018428,5,2,13.49,0.00
5045057,1018429,14,1,10.49,0.00
5045058,1018429,23,3,3.99,0.00
5045059,1018430,4,2,14.99,0.00
5045060,1018430,27,1,2.49,0.00
5045061,1018430,25,2,6.49,0.00
5045062,1018431,9,1,13.99,0.00
5045063,1018431,29,1,3.49,0.00
5045064,1018431,26,1,2.49,0.00
5045065,1018432,8,1,12.49,0.00
5045066,1018432,21,1,3.99,0.00
5045067,1018432,30,1,3.29,0.00
5045068,1018432,34,1,4.49,0.00
5045069,1018433,6,1,12.99,0.00
5045070,1018433,27,1,2.49,0.00
5045071,1018433,31,1,3.49,0.00
5045072,1018434,1,1,11.49,0.00
5045073,1018434,5,1,13.49,0.00
5045074,1018434,34,1,4.49,0.00
5045075,1018434,26,1,2.49,0.00
5045076,1018435,1,1,11.49,0.00
5045077,1018435,26,2,2.49,0.00
5045078,1018436,12,2,18.99,0.00
5045079,1018436,10,1,10.99,0.00
5045080,1018436,20,2,4.49,0.00
5045081,1018436,18,3,5.49,0.00
5045082,1018437,12,1,18.99,0.00
5045083,1018437,4,1,14.99,0.00
5045084,1018437,6,1,12.99,0.00
5045085,1018438,16,1,10.49,0.00
5045086,1018438,31,1,3.49,0.00
5045087,1018438,1,2,11.49,0.00
5045088,1018439,12,1,18.99,0.00
5045089,1018439,23,1,3.99,0.00
5045090,1018439,32,3,4.99,0.00
5045091,1018440,14,1,10.49,0.00
5045092,1018440,33,1,5.49,0.00
5045093,1018440,26,1,2.49,0.00
5045094,1018441,6,1,12.99,0.00
5045095,1018441,7,1,11.99,0.00
5045096,1018442,10,1,10.99,0.00
5045097,1018442,23,1,3.99,0.00
5045098,1018442,26,1,2.49,0.00
5045099,1018442,29,1,3.49,0.00
5073582,1030374,21,1,3.99,0.00
5073410,1030767,10,1,10.99,0.00
5073623,1031251,33,1,5.49,0.00
5073357,1031341,27,1,2.49,0.00
5073538,1031696,13,1,9.99,0.00
5073294,1032286,6,1,12.99,0.00
5073411,1032321,2,1,11.99,0.00
5073507,1032360,28,2,3.49,0.00
5073311,1033238,24,1,3.49,0.00
5073633,1033244,3,1,10.49,0.00
5073668,1033525,22,-2,4.49,0.00
5073672,1033726,26,1,2.49,0.37
5073459,1033793,6,1,12.99,0.00
5073479,1033963,28,1,3.49,0.00
5073492,1034173,19,1,3.99,0.00
5073695,1034514,28,1,3.49,0.00
5073630,1034566,18,1,5.49,0.00
5073549,1036378,3,1,10.49,0.00
5073412,1036643,26,1,2.49,0.00
5073510,1036687,8,1,12.49,0.00
5073662,1036841,21,3,3.99,0.00
5073665,1037081,11,1,13.49,0.00
5073377,1039643,18,1,5.49,0.00
5073616,1039780,19,2,3.99,0.00
5073329,1039912,22,2,4.49,0.90
5073691,1039949,30,1,3.29,0.00
5073358,1040186,32,1,4.99,0.00
5073416,1040295,22,1,4.49,0.00
5073398,1041559,22,1,4.49,0.00
5073402,1041929,3,1,10.49,0.00
5073471,1043609,34,1,4.49,0.00
5073554,1043612,15,1,10.99,0.00
5073457,1045660,3,1,10.49,0.00
5073709,1047281,11,1,13.49,0.00
5073659,1048438,8,1,12.49,0.00
5073647,1048449,30,2,3.29,0.00
5073517,1048631,3,1,10.49,0.00
5073475,1048638,16,1,10.49,0.00
5073403,1048640,27,1,2.49,0.00
5073314,1048868,19,3,3.99,0.00
5073466,1048952,8,1,12.49,0.00
5073356,1049712,6,1,12.99,0.00
5073667,1049945,8,1,12.49,0.00
5073625,1050664,3,1,10.49,0.00
5073378,1050928,20,-1,4.49,0.00
5073501,1051248,6,1,12.99,0.00
5073721,1051338,2,1,11.99,0.00
5073376,1051598,6,1,12.99,0.00
5073608,1052527,32,1,4.99,0.00
5073396,1052792,27,1,2.49,0.00
5073491,1054628,10,3,10.99,0.00
5073569,1055086,10,1,10.99,0.00
5073320,1055876,4,1,14.99,0.00
5073325,1056345,3,1,10.49,0.00
5073293,1056877,27,1,2.49,0.00
5073487,1057128,24,1,3.49,0.00
5073530,1057310,28,2,3.49,0.00
5073550,1057805,26,-1,2.49,0.00
5073341,1058162,26,1,2.49,0.00
5073379,1058894,6,1,12.99,0.00
5073338,1059198,35,2,2.99,0.00
5073671,1059426,34,1,4.49,0.00
5073556,1059758,8,1,12.49,0.00
5073619,1059890,1,1,11.49,0.00
5073429,1059986,32,1,4.99,0.00
5073391,1060153,13,1,9.99,0.00
5073404,1060186,19,1,3.99,0.00
5073575,1061612,17,2,12.49,0.00
5073522,1062045,30,1,3.29,0.00
5073707,1062448,30,1,3.29,0.00
5073723,1063207,5,2,13.49,0.00
5073394,1063383,1,2,11.49,0.00
5073365,1063780,3,1,10.49,0.00
5073557,1064639,2,1,11.99,0.00
5073680,1065222,30,2,3.29,0.00
5073360,1066807,33,1,5.49,0.00
5073604,1067107,22,1,4.49,0.00
5073353,1068519,34,1,4.49,0.00
5073564,1068823,26,1,2.49,0.00
5073547,1069879,5,0,13.49,0.00
5073287,1069992,16,1,10.49,0.00
5073332,1070106,28,1,3.49,0.35
5073573,1070357,19,1,3.99,0.00
5073724,1070806,30,1,3.29,0.00
5073511,1070880,23,1,3.99,0.00
5073425,1071081,3,1,10.49,0.00
5073643,1071646,29,1,3.49,0.00
5073290,1072205,1,1,11.49,1.15
5073368,1072402,19,1,3.99,0.00
5073342,1072690,18,3,5.49,0.00
5073520,1072768,27,1,2.49,0.00
5073373,1073324,31,1,3.49,0.00
5073316,1074072,1,1,11.49,0.00
5073300,1074391,2,1,11.99,0.00
5073596,1075132,6,1,12.99,0.00
5073718,1075824,27,1,2.49,0.00
5073627,1076201,32,2,4.99,0.00
5073433,1077508,9,1,13.99,0.00
5073664,1079287,16,2,10.49,0.00
5073322,1079439,28,2,3.49,0.00
