customer_id,first_name,last_name,email,phone,home_location_id,loyalty_tier,signup_date,marketing_opt_in,updated_at
1,Austin,Roberts,austin.roberts@example.net,737-555-9083,15,Bronze,2026-05-24,True,2026-06-21 11:22:57+00
2,Ximena,Baker,ximena.baker45@example.org,469-555-5991,7,Bronze,2025-10-04,True,2025-11-27 11:39:17+00
3,Austin,Davis,austin.davis39@example.net,281-555-5923,20,Bronze,2026-05-17,True,2026-06-10 14:53:49+00
4,Noah,Carter,noah.carter95@example.com,210-555-6969,18,Bronze,2025-07-09,True,2025-07-09 09:45:40+00
5,Olivia,Turner,olivia.turner@example.org,737-555-1415,15,Bronze,2024-08-09,True,2024-08-09 18:25:27+00
6,Tuan,Lewis,tuan.lewis@example.com,281-555-1732,4,Bronze,2026-04-15,True,2026-05-23 08:20:14+00
7,Caleb,Flores,caleb.flores@example.com,469-555-1078,9,Bronze,2024-05-27,False,2025-06-23 17:53:26+00
8,Margot,Jackson,margot.jackson31@example.net,281-555-6678,1,Bronze,2024-11-20,True,2024-11-20 08:09:30+00
9,Marcus,Adams,marcus.adams@example.org,832-555-5038,3,Bronze,2023-12-21,True,2023-12-21 11:18:03+00
10,Colton,Hill,colton.hill31@example.org,737-555-1246,14,Bronze,2024-11-26,True,2025-02-10 00:10:30+00
11,Brianna,Broussard,brianna.broussard36@example.net,737-555-7158,15,Bronze,2023-12-24,True,2025-10-07 02:23:38+00
12,Ethan,Harris,ethan.harris72@example.net,210-555-4793,19,Silver,2024-10-29,True,2025-06-07 15:40:46+00
13,Daniel,Thibodeaux,daniel.thibodeaux98@example.com,214-555-1610,7,Bronze,2025-05-14,True,2025-08-25 01:54:20+00
14,Mia,Ramirez,mia.ramirez75@example.net,972-555-5927,7,Bronze,2026-02-06,False,2026-02-06 15:28:11+00
15,Minh,Jackson,minh.jackson82@example.net,469-555-3382,10,Gold,2024-04-15,False,2026-05-25 04:57:59+00
16,Grace,LeBlanc,grace.leblanc95@example.org,281-555-1082,4,Bronze,2023-12-20,True,2024-10-04 10:43:25+00
17,Andrew,Perez,andrew.perez43@example.net,832-555-2302,3,Gold,2025-03-11,True,2025-09-05 01:23:49+00
18,Carmen,Kumar,carmen.kumar8@example.org,972-555-7842,10,Gold,2024-10-10,False,2025-07-30 01:26:14+00
19,Olivia,Diaz,olivia.diaz@example.net,281-555-1458,5,Bronze,2026-03-16,True,2026-03-16 10:25:55+00
20,Linh,Le,linh.le76@example.org,512-555-4584,13,Bronze,2023-01-28,True,2023-01-28 10:37:23+00
21,Emily,Morales,emily.morales@example.net,469-555-7242,9,Silver,2023-05-01,True,2024-09-04 01:53:33+00
22,Noah,Nelson,noah.nelson@example.net,726-555-3972,17,Bronze,2023-01-09,True,2025-06-16 13:19:31+00
23,Daniel,Baker,daniel.baker@example.org,512-555-3242,14,Bronze,2025-07-20,True,2025-07-20 08:36:37+00
24,Santiago,Fontenot,santiago.fontenot@example.org,832-555-2535,6,Silver,2025-07-22,False,2025-07-22 08:44:17+00
25,Andre,Harris,ANDRE.HARRIS96@EXAMPLE.ORG,210-555-2407,17,Bronze,2023-03-16,True,2025-02-17 07:48:16+00
26,Aaliyah,Hernandez,aaliyah.hernandez@example.net,210-555-6012,16,Silver,2023-02-20,True,2025-10-21 21:05:03+00
27,Margot,McAllister,margot.mcallister7@example.org,972-555-9519,8,Silver,2025-05-06,True,2025-05-06 11:21:44+00
28,James,Perez,james.perez72@example.net,281-555-6589,6,Bronze,2026-01-16,True,2026-05-31 23:07:24+00
29,Ashley,Adams,ashley.adams@example.org,737-555-0642,14,Silver,2023-12-05,False,2023-12-05 09:00:54+00
30,Grace,Green,grace.green@example.com,713-555-7061,3,Silver,2024-11-05,False,2024-11-05 19:12:25+00
31,Andre,Hernandez,andre.hernandez5@example.com,281-555-9082,4,Bronze,2023-09-17,False,2023-10-12 21:04:47+00
32,Jamal,Smith,jamal.smith43@example.net,832-555-1089,1,Gold,2023-08-06,True,2023-09-10 15:26:11+00
33,Tyrone,Robinson,tyrone.robinson10@example.net,726-555-3179,16,Gold,2024-02-07,False,2024-02-07 17:27:08+00
34,Lucien,Adams,lucien.adams80@example.com,512-555-7682,13,Silver,2025-09-08,True,2026-03-27 01:54:14+00
35,Minh,Walker,minh.walker@example.net,512-555-3016,14,Silver,2025-04-20,True,2026-04-01 22:04:08+00
36,Emily,Brown,emily.brown@example.org,726-555-9653,16,Silver,2023-07-28,True,2025-10-10 00:59:36+00
37,Daniel,Reddy,daniel.reddy85@example.org,972-555-1636,9,Bronze,2026-02-17,True,2026-02-17 12:50:29+00
38,Juan,Thibodeaux,juan.thibodeaux@example.com,512-555-8090,12,Gold,2025-08-27,True,2025-08-27 12:44:25+00
39,Jessica,Mitchell,jessica.mitchell50@example.com,713-555-0779,3,Bronze,2025-11-08,False,2025-11-08 09:10:24+00
40,Mai,Wright,mai.wright@example.com,832-555-6570,3,Silver,2026-06-06,False,2026-06-15 01:18:20+00
41,Valeria,Wright,valeria.wright11@example.net,737-555-4863,13,Bronze,2023-05-22,True,2023-05-22 18:37:52+00
42,Mia,Hebert,mia.hebert@example.com,972-555-5343,10,Silver,2023-09-21,True,2023-09-21 11:52:01+00
43,Tuan,Diaz,tuan.diaz4@example.net,737-555-4873,12,Silver,2023-08-28,True,2025-01-16 07:31:06+00
44,Abigail,Scott,abigail.scott@example.net,737-555-9632,15,Bronze,2023-06-15,True,2023-06-15 08:58:06+00
45,Rohan,Wilson,rohan.wilson9@example.org,737-555-4010,13,Bronze,2023-07-12,True,2023-07-12 11:31:11+00
46,Ashley,Davis,ashley.davis66@example.com,469-555-5927,11,Bronze,2023-12-13,True,2026-06-20 14:05:57+00
47,Matthew,Jones,matthew.jones@example.com,214-555-2334,11,Bronze,2026-06-16,True,2026-06-16 14:35:22+00
48,Priya,Robichaux,priya.robichaux71@example.net,281-555-0716,6,Bronze,2026-06-24,True,2026-06-29 12:53:24+00
49,Jessica,Jones,jessica.jones76@example.net,832-555-4848,1,Silver,2024-04-06,False,2026-04-20 05:01:33+00
50,Daniel,Le,daniel.le@example.com,469-555-8459,9,Bronze,2023-09-27,False,2024-04-18 22:11:57+00
51,Linh,Hernandez,linh.hernandez94@example.net,713-555-7908,4,Bronze,2026-01-20,True,2026-06-25 21:34:19+00
52,Priya,Nelson,priya.nelson@example.com,972-555-9925,8,Bronze,2025-12-30,True,2026-04-04 03:09:38+00
53,Daniel,Broussard,daniel.broussard46@example.com,726-555-5069,17,Bronze,2024-10-18,True,2026-01-23 16:09:38+00
54,Jennifer,Davis,jennifer.davis4@example.net,832-555-7810,5,Silver,2023-09-09,True,2023-09-09 10:31:37+00
55,Tyrone,Thomas,tyrone.thomas50@example.org,281-555-2808,2,Bronze,2025-06-06,False,2025-06-06 11:32:39+00
56,Noah,Reyes,noah.reyes28@example.com,832-555-4970,6,Bronze,2025-06-29,True,2025-11-08 09:22:00+00
57,Priya,Torres,priya.torres@example.com,713-555-3142,6,Silver,2025-11-25,True,2025-11-25 09:28:39+00
58,Luis,Kumar,luis.kumar@example.net,512-555-7723,13,Bronze,2023-06-24,True,2023-06-24 15:16:32+00
59,Olivia,Phillips,olivia.phillips@example.net,469-555-6037,11,Bronze,2026-03-18,False,2026-04-19 19:10:11+00
60,Tuan,O'Brien,tuan.obrien43@example.net,210-555-5734,16,Gold,2025-12-10,False,2025-12-10 20:05:51+00
61,Jose,Broussard,jose.broussard2@example.com,737-555-6893,13,Bronze,2026-05-24,True,2026-06-27 08:26:42+00
62,Olivia,Green,olivia.green@example.net,972-555-1140,8,Gold,2023-09-05,False,2023-10-18 06:17:10+00
63,Aaliyah,Gonzalez,aaliyah.gonzalez@example.com,726-555-4821,16,Bronze,2026-06-14,True,2026-06-14 22:03:09+00
64,Kayla,Green,kayla.green10@example.com,281-555-6905,4,Bronze,2024-04-07,True,2025-08-02 23:47:07+00
65,Madison,Turner,madison.turner2@example.net,281-555-0253,1,Bronze,2026-05-29,False,2026-06-21 06:59:27+00
66,Jose,Comeaux,jose.comeaux13@example.com,832-555-7033,2,Bronze,2024-09-04,True,2025-10-13 17:36:30+00
67,Maria,Comeaux,maria.comeaux94@example.net,512-555-6512,14,Bronze,2025-04-25,True,2025-04-25 21:32:52+00
68,Josette,Tran,josette.tran@example.org,214-555-0743,9,Bronze,2026-01-29,True,2026-01-29 10:29:10+00
69,Destiny,Jones,destiny.jones@example.com,832-555-4264,3,Bronze,2024-08-14,True,2024-08-14 15:04:03+00
70,Linh,Baker,linh.baker24@example.net,469-555-3254,10,Bronze,2025-06-14,True,2025-06-14 21:31:01+00
71,Ava,Robinson,ava.robinson32@example.com,281-555-6187,3,Silver,2024-08-24,True,2024-08-24 09:38:17+00
72,Maria,Adams,maria.adams33@example.net,737-555-7877,14,Bronze,2023-10-29,True,2023-10-29 11:33:18+00
73,Isabella,Wilson,isabella.wilson@example.net,469-555-0748,9,Bronze,2023-03-03,True,2026-04-10 09:15:48+00
74,Robert,Wright,robert.wright@example.org,214-555-9915,8,Bronze,2026-05-02,True,2026-05-22 14:18:33+00
75,Camille,Morales,camille.morales16@example.com,713-555-4276,6,Silver,2025-02-09,False,2025-04-30 01:42:37+00
76,Andrew,Scott,andrew.scott59@example.net,512-555-9902,13,Bronze,2024-08-25,False,2024-11-21 00:10:29+00
77,Michael,McAllister,michael.mcallister54@example.com,972-555-4834,7,Bronze,2026-01-13,True,2026-01-13 16:08:29+00
78,Tuan,Nelson,tuan.nelson20@example.org,281-555-5515,2,Bronze,2024-10-22,True,2026-04-03 18:56:53+00
79,Ethan,Mitchell,ethan.mitchell@example.com,832-555-9539,3,Bronze,2024-07-11,True,2024-12-27 00:42:37+00
80,Mateo,Wilson,mateo.wilson@example.org,726-555-1128,19,Gold,2023-03-02,True,2024-09-08 14:27:44+00
81,Liam,Diaz,Liam.diaz63@Example.net,726-555-8197,18,Bronze,2024-09-04,True,2024-09-04 14:40:44+00
82,David,Rivera,david.rivera32@example.net,512-555-3570,14,Bronze,2023-07-04,True,2023-12-03 17:59:31+00
83,Jamal,Robichaux,  jamal.robichaux71@example.org ,713-555-7210,6,Bronze,2025-03-05,False,2026-04-19 01:17:13+00
84,Jamal,O'Brien,jamal.obrien@example.com,713-555-6240,20,Bronze,2026-04-26,False,2026-05-23 23:13:57+00
85,Diego,Thomas,diego.thomas@example.org,512-555-9239,15,Bronze,2026-01-08,True,2026-06-07 08:03:30+00
86,Destiny,Doucet,destiny.doucet82@example.org,512-555-4076,14,Bronze,2026-06-17,True,2026-06-17 11:22:59+00
87,Ethan,Hill,ethan.hill80@example.org,972-555-3796,9,Bronze,2024-04-20,False,2024-12-12 20:10:23+00
88,Anika,Hernandez,anika.hernandez22@example.com,713-555-9048,6,Gold,2023-06-08,False,2025-08-17 23:07:56+00
89,Darnell,Kumar,darnell.kumar30@example.com,713-555-4970,2,Bronze,2023-08-19,True,2023-08-19 12:18:21+00
90,Margot,Robichaux,margot.robichaux42@example.org,210-555-6978,18,Bronze,2025-10-07,True,2025-12-29 08:51:04+00
91,Darnell,Gonzalez,darnell.gonzalez@example.org,214-555-9323,9,Silver,2023-11-07,True,2023-11-07 15:03:28+00
92,Mateo,Reddy,mateo.reddy@example.net,713-555-6697,4,Bronze,2024-07-16,True,2024-07-16 21:54:35+00
93,Brianna,Green,brianna.green35@example.com,713-555-1131,6,Gold,2025-12-11,False,2026-04-27 02:20:29+00
94,Andre,Scott,andre.scott58@example.org,512-555-8838,12,Bronze,2024-11-14,True,2026-01-27 09:35:16+00
95,Celeste,Green,celeste.green74@example.net,281-555-6135,4,Silver,2023-02-15,True,2024-03-06 22:17:26+00
96,Grace,Hill, Grace.Hill38@Example.Org,210-555-3121,17,Gold,2024-01-27,True,2025-10-27 23:36:09+00
97,Colton,LeBlanc,colton.leblanc37@example.org,512-555-3405,15,Bronze,2024-02-28,True,2025-10-30 05:03:11+00
98,Ashley,Brown,ashley.brown8@example.net,512-555-6852,14,Silver,2023-10-30,False,2023-10-30 14:35:20+00
99,James,Phillips,james.phillips41@example.com,214-555-0357,9,Silver,2023-09-22,True,2024-06-22 09:21:32+00
100,Hannah,Guidry,hannah.guidry@example.com,737-555-2427,13,Silver,2024-07-05,False,2025-05-14 15:10:48+00
101,Emily,Shah,emily.shah73@example.net,512-555-7117,12,Bronze,2024-02-18,False,2024-02-18 13:28:06+00
102,Santiago,Johnson,santiago.johnson48@example.org,737-555-5343,13,Bronze,2023-11-19,True,2024-05-22 10:25:55+00
103,Robert,Nelson,robert.nelson@example.org,281-555-2690,2,Bronze,2024-03-28,True,2024-03-28 21:57:19+00
104,Austin,Nelson,austin.nelson@example.org,972-555-9796,8,Gold,2024-01-12,True,2024-08-29 07:48:49+00
105,Rohan,Roberts,rohan.roberts88@example.com,713-555-7383,1,Bronze,2023-09-08,True,2023-09-08 09:33:53+00
106,Andrew,Hernandez,andrew.hernandez@example.net,469-555-8807,10,Bronze,2024-05-11,True,2024-05-11 11:02:47+00
107,Robert,Green,robert.green13@example.com,214-555-9605,7,Gold,2025-10-29,True,2026-04-28 06:33:28+00
108,Wyatt,Shah,wyatt.shah76@example.com,281-555-7050,3,Bronze,2024-07-08,True,2024-07-08 19:36:34+00
109,Jose,Martinez,jose.martinez@example.org,713-555-0826,2,Silver,2024-10-16,False,2025-12-02 08:59:45+00
110,David,Tran,david.tran98@example.org,737-555-4789,12,Bronze,2025-12-14,False,2026-06-25 20:53:08+00
111,Darnell,Fontenot,darnell.fontenot28@example.org,713-555-8419,4,Bronze,2026-03-07,False,2026-03-13 11:37:42+00
112,Rohan,Shah,rohan.shah78@example.org,210-555-4589,19,Bronze,2023-09-02,False,2024-02-03 18:06:12+00
113,Jose,Miller,jose.miller94@example.com,512-555-9816,12,Bronze,2024-03-12,False,2024-03-12 20:50:48+00
114,Joshua,Tran,joshua.tran@example.org,469-555-2595,7,Bronze,2024-06-18,True,2025-07-09 08:45:02+00
115,Anika,Jackson,anika.jackson2@example.org,737-555-0340,12,Bronze,2024-06-04,True,2026-02-01 20:50:03+00
116,Anika,Walker,anika.walker71@example.org,832-555-5646,1,Bronze,2023-06-13,False,2023-06-13 16:31:00+00
117,Ethan,Young,ethan.young@example.org,210-555-7690,19,Bronze,2023-04-26,False,2025-10-17 19:29:21+00
118,Ava,Shah,ava.shah57@example.com,214-555-9816,10,Silver,2024-01-19,False,2024-01-19 12:56:40+00
119,Linda,Harris,linda.harris@example.com,726-555-1753,16,Bronze,2025-09-29,True,2026-06-14 22:07:32+00
120,James,Miller,james.miller@example.org,832-555-1969,2,Bronze,2025-02-25,False,2025-02-25 11:51:32+00
121,Mateo,Wright,mateo.wright98@example.net,469-555-3524,10,Bronze,2025-07-11,True,2026-06-25 12:58:29+00
122,Emily,Boudreaux,emily.boudreaux38@example.net,469-555-9569,10,Bronze,2023-07-11,True,2023-07-11 18:38:20+00
123,Valeria,Nguyen,valeria.nguyen5@example.org,726-555-8671,19,Silver,2024-03-30,True,2024-03-30 19:33:48+00
124,Robert,Nguyen,robert.nguyen66@example.org,737-555-4744,12,Bronze,2024-09-29,True,2024-09-29 09:35:10+00
125,Santiago,O'Brien,santiago.obrien@example.net,214-555-0891,10,Gold,2024-04-21,True,2024-04-21 08:48:18+00
126,Liam,Diaz,liam.diaz@example.com,832-555-5039,6,Silver,2024-04-01,False,2024-04-01 14:41:42+00
127,Hannah,Thibodeaux,hannah.thibodeaux98@example.com,469-555-8454,7,Silver,2024-01-30,True,2025-04-04 09:16:59+00
128,Grace,Young,grace.young84@example.net,214-555-6587,11,Silver,2023-02-26,False,2024-03-09 12:16:01+00
129,Madison,Shah,madison.shah@example.org,972-555-6456,9,Bronze,2025-07-28,True,2025-07-28 19:35:22+00
130,Marcus,Gomez,marcus.gomez92@example.com,713-555-4063,1,Gold,2025-10-19,True,2025-10-19 17:59:20+00
131,Joshua,Reyes,joshua.reyes85@example.org,210-555-1771,17,Silver,2023-03-30,True,2023-03-30 17:53:00+00
132,Darnell,Scott,darnell.scott60@example.com,726-555-6174,18,Silver,2024-03-29,True,2024-03-29 15:32:20+00
133,Mateo,Green,mateo.green60@example.com,281-555-6917,3,Bronze,2024-07-21,True,2026-03-08 11:07:16+00
134,Hannah,Martinez,hannah.martinez76@example.com,214-555-8132,11,Bronze,2025-05-09,True,2025-11-05 13:58:13+00
135,Aaliyah,Hebert,aaliyah.hebert28@example.org,281-555-1915,3,Silver,2025-12-17,True,2026-01-02 22:41:08+00
136,Chloe,Young,chloe.young25@example.net,512-555-7637,13,Bronze,2024-04-01,True,2024-04-01 12:19:23+00
137,Sarah,Wilson,sarah.wilson10@example.net,281-555-0897,6,Silver,2025-03-31,True,2025-04-30 22:36:31+00
138,Andre,Lopez,andre.lopez@example.net,512-555-9138,13,Bronze,2025-10-24,True,2026-04-11 07:39:00+00
139,Ana,Rodriguez,Ana.rodriguez@Example.net,737-555-8171,14,Bronze,2026-04-13,True,2026-04-13 08:10:59+00
140,Andre,Comeaux,andre.comeaux67@example.com,512-555-1211,15,Bronze,2023-11-15,True,2024-02-16 01:21:14+00
141,Abigail,Guidry,abigail.guidry93@example.net,832-555-6868,3,Bronze,2025-06-14,True,2025-11-01 05:27:28+00
142,Sarah,Diaz,sarah.diaz72@example.com,726-555-6440,19,Bronze,2024-03-27,False,2026-03-13 04:37:52+00
143,Austin,Garcia,austin.garcia80@example.com,713-555-5904,5,Silver,2023-01-20,True,2025-03-21 02:12:52+00
144,Linh,Reddy,linh.reddy92@example.net,713-555-6096,1,Silver,2025-04-11,True,2025-11-14 03:40:12+00
145,Jennifer,Hill, Jennifer.Hill@Example.Org,469-555-5330,11,Gold,2025-07-04,False,2025-07-04 21:27:03+00
146,Aaliyah,Perez,aaliyah.perez29@example.com,469-555-6380,7,Silver,2024-01-12,True,2024-01-12 12:27:30+00
147,James,Kumar,james.kumar@example.org,210-555-9661,17,Silver,2024-05-09,False,2024-05-09 08:59:26+00
148,Tuan,Wright,tuan.wright35@example.net,726-555-5071,16,Bronze,2026-03-21,False,2026-03-21 18:44:56+00
149,Andre,Nguyen,andre.nguyen@example.com,469-555-1045,7,Silver,2023-05-09,False,2023-06-03 00:42:35+00
150,Brianna,Tran,brianna.tran50@example.net,726-555-3632,19,Gold,2025-12-26,False,2026-03-03 23:42:26+00
151,Chloe,Hernandez,chloe.hernandez@example.net,281-555-6579,6,Silver,2023-01-25,True,2023-04-08 22:15:33+00
152,Jose,Phillips,jose.phillips49@example.org,469-555-0317,10,Bronze,2024-08-31,True,2024-08-31 12:44:09+00
153,Noah,Phillips,noah.phillips88@example.com,832-555-8453,6,Silver,2023-01-17,True,2025-08-05 23:38:36+00
154,Tyrone,Harris,tyrone.harris56@example.com,210-555-6502,19,Bronze,2025-01-25,True,2025-01-25 08:45:20+00
155,Ximena,Carter,ximena.carter@example.com,713-555-4067,4,Bronze,2025-09-14,True,2025-09-14 10:35:22+00
156,Carlos,Patel,carlos.patel@example.com,281-555-4235,1,Silver,2024-12-06,True,2024-12-06 10:05:41+00
157,Madison,Kumar,madison.kumar@example.org,972-555-4094,9,Silver,2024-10-26,False,2026-01-02 13:24:26+00
158,Colton,Scott,colton.scott9@example.net,281-555-6437,20,Silver,2026-05-05,True,2026-05-05 13:11:23+00
159,Andrew,Williams,andrew.williams53@example.com,726-555-5329,18,Bronze,2025-12-03,True,2026-01-05 03:44:31+00
160,Daniel,Perez,daniel.perez@example.net,512-555-3535,15,Gold,2025-08-02,True,2026-05-14 12:24:08+00
161,Grace,Gonzalez,grace.gonzalez51@example.com,726-555-9800,18,Bronze,2023-09-11,True,2023-09-11 08:31:35+00
162,Celeste,Shah,celeste.shah34@example.com,210-555-9364,18,Bronze,2024-09-09,True,2025-09-16 08:39:43+00
163,Minh,Sanchez,minh.sanchez@example.org,972-555-7690,11,Bronze,2026-04-20,True,2026-04-20 16:51:21+00
164,Celeste,Thibodeaux,celeste.thibodeaux16@example.com,832-555-8629,6,Silver,2023-11-19,False,2023-11-19 21:30:01+00
165,Tuan,Arceneaux,tuan.arceneaux90@example.org,512-555-6339,15,Bronze,2025-01-10,True,2025-01-10 16:09:08+00
166,Ashley,Lewis,ashley.lewis@example.net,737-555-8052,13,Bronze,2023-01-25,True,2025-07-12 10:38:59+00
167,Marcus,Comeaux,marcus.comeaux@example.net,469-555-3854,8,Bronze,2025-08-19,True,2026-03-29 12:31:03+00
168,Ethan,Johnson,ethan.johnson@example.net,281-555-6737,2,Bronze,2024-11-04,True,2025-02-27 22:57:30+00
169,Margot,Thomas,margot.thomas30@example.com,737-555-6233,15,Silver,2025-03-25,True,2025-03-25 13:15:07+00
170,Luis,Broussard,luis.broussard22@example.com,281-555-4776,6,Silver,2025-06-23,True,2026-05-25 04:09:20+00
171,James,Wilson,james.wilson33@example.net,726-555-8039,19,Bronze,2023-08-28,False,2023-08-28 12:11:37+00
172,Lucien,Kumar,lucien.kumar@example.org,832-555-2449,5,Bronze,2024-05-08,True,2024-05-08 19:43:10+00
173,Ana,Torres,ana.torres@example.net,281-555-3754,3,Bronze,2025-07-30,False,2026-06-17 03:14:22+00
174,Austin,LeBlanc,austin.leblanc@example.com,210-555-3727,17,Bronze,2023-06-30,False,2023-06-30 14:41:40+00
175,Mateo,Phillips,mateo.phillips@example.org,713-555-8782,3,Bronze,2025-06-20,True,2026-02-11 02:18:20+00
176,Olivia,Sanchez,olivia.sanchez@example.com,281-555-2666,4,Bronze,2026-06-15,True,2026-06-27 11:44:07+00
177,Jessica,Nelson,  jessica.nelson79@example.com ,737-555-7114,12,Silver,2024-09-22,False,2025-04-17 06:29:42+00
178,Andre,LeBlanc,andre.leblanc@example.org,726-555-1626,18,Bronze,2026-03-31,True,2026-03-31 17:50:45+00
179,Carlos,Roberts,carlos.roberts86@example.org,713-555-9202,4,Silver,2025-01-22,True,2025-01-22 18:16:28+00
180,Abigail,Baker,abigail.baker39@example.com,713-555-5963,6,Bronze,2025-07-06,True,2025-08-11 09:34:15+00
181,Sarah,Scott, Sarah.Scott98@Example.Net,737-555-3429,15,Silver,2024-01-18,True,2024-06-07 12:31:12+00
182,Lucas,Gonzalez,lucas.gonzalez@example.com,713-555-7912,20,Bronze,2026-06-06,False,2026-06-16 15:41:23+00
183,Sofia,Wright,sofia.wright70@example.net,469-555-0226,10,Bronze,2024-04-08,True,2026-01-18 01:41:59+00
184,Grace,Boudreaux,grace.boudreaux24@example.org,832-555-5300,3,Bronze,2024-11-01,True,2025-08-04 13:43:54+00
185,Juan,Mitchell,juan.mitchell@example.org,281-555-2262,1,Silver,2025-04-02,True,2025-04-02 14:21:03+00
186,Lucas,McAllister,lucas.mcallister19@example.com,832-555-1813,5,Bronze,2025-04-05,True,2025-04-05 10:55:02+00
187,Grace,Patel,grace.patel28@example.org,713-555-2638,3,Bronze,2024-01-08,False,2025-02-14 14:52:39+00
188,Mia,Mitchell,mia.mitchell@example.com,737-555-6635,14,Bronze,2025-10-22,True,2025-10-22 08:47:07+00
189,Luis,Doucet,luis.doucet37@example.net,713-555-0758,3,Bronze,2026-06-16,False,2026-06-16 08:36:10+00
190,Carmen,Williams,carmen.williams@example.net,972-555-2939,10,Bronze,2023-05-08,True,2023-05-08 08:25:58+00
191,Tuan,Adams,tuan.adams28@example.com,737-555-0767,14,Bronze,2023-01-28,False,2023-01-28 09:30:36+00
192,Jose,Doucet,jose.doucet@example.org,737-555-9093,12,Bronze,2025-10-12,False,2026-04-13 21:45:05+00
193,Madison,Williams,madison.williams@example.org,832-555-5779,4,Silver,2023-07-17,True,2025-10-22 10:44:41+00
194,Tuan,Jones,tuan.jones@example.org,210-555-2859,16,Bronze,2026-03-18,False,2026-05-17 14:41:56+00
195,Chloe,Walker,chloe.walker69@example.com,512-555-4789,14,Gold,2025-06-09,True,2025-06-09 14:21:20+00
196,Caleb,Mitchell,caleb.mitchell@example.com,737-555-1160,15,Silver,2025-04-20,True,2026-01-31 19:38:49+00
197,Destiny,Harris,destiny.harris58@example.org,832-555-8370,3,Bronze,2025-11-05,True,2026-03-30 22:55:25+00
198,Ana,Guidry,ana.guidry71@example.org,832-555-7604,3,Bronze,2023-02-28,True,2025-03-14 14:02:40+00
199,Caleb,Gomez,Caleb.gomez33@Example.net,210-555-6025,19,Silver,2026-01-22,False,2026-03-08 11:20:28+00
200,Austin,Landry,austin.landry5@example.com,972-555-5978,8,Silver,2024-07-08,False,2024-09-17 05:30:31+00
201,Carlos,Diaz,carlos.diaz63@example.com,281-555-6935,6,Bronze,2025-02-01,True,2025-05-10 00:59:34+00
202,Ethan,Flores,ethan.flores9@example.com,214-555-1603,10,Bronze,2024-11-13,False,2024-11-13 08:50:53+00
203,Noah,Garcia,noah.garcia@example.net,737-555-3481,13,Bronze,2024-09-05,True,2024-09-05 20:11:16+00
204,Liam,Tran,liam.tran81@example.net,210-555-4833,19,Bronze,2023-12-03,True,2024-07-20 16:18:15+00
205,Camille,Perez,camille.perez42@example.com,281-555-9908,6,Bronze,2026-02-24,False,2026-02-24 12:50:34+00
206,Harper,Martinez,harper.martinez36@example.org,726-555-0797,19,Bronze,2024-04-18,True,2024-04-18 13:02:04+00
207,Arjun,Flores,arjun.flores@example.com,281-555-7252,1,Bronze,2023-10-12,False,2026-06-28 21:37:36+00
208,Harper,Wright,harper.wright61@example.org,972-555-4267,11,Silver,2026-05-04,True,2026-05-04 21:52:36+00
209,Madison,Tran,madison.tran81@example.org,737-555-4516,13,Silver,2025-05-23,True,2025-10-09 15:12:37+00
210,Margot,Arceneaux,margot.arceneaux@example.org,832-555-2468,3,Silver,2024-08-28,True,2025-12-25 08:03:16+00
211,Sarah,Pham,sarah.pham@example.org,832-555-0167,3,Bronze,2026-04-24,True,2026-04-24 17:04:43+00
212,Matthew,Tran,matthew.tran@example.com,972-555-8415,8,Silver,2023-02-15,True,2023-03-23 16:50:07+00
213,Minh,Arceneaux,minh.arceneaux49@example.org,210-555-2136,19,Bronze,2024-12-07,True,2025-10-15 22:18:27+00
214,Luis,Green,luis.green78@example.org,737-555-8463,12,Silver,2024-04-26,True,2024-12-24 12:15:36+00
215,Mateo,Robinson,mateo.robinson@example.net,210-555-4319,19,Bronze,2023-05-16,False,2025-02-26 12:17:43+00
216,Matthew,Lopez,matthew.lopez12@example.com,210-555-8520,16,Bronze,2023-08-23,True,2024-02-20 06:37:49+00
217,Carmen,Hill,carmen.hill@example.com,972-555-0842,9,Gold,2025-05-05,True,2025-05-05 08:05:22+00
218,Kayla,Hernandez,kayla.hernandez25@example.com,210-555-1572,16,Gold,2025-10-01,True,2025-11-23 08:42:58+00
219,David,Miller,david.miller67@example.com,281-555-9006,1,Bronze,2024-07-10,True,2025-02-11 01:34:42+00
220,Olivia,Landry,olivia.landry@example.net,832-555-1575,3,Silver,2025-12-06,True,2025-12-06 18:38:04+00
221,Sofia,Thibodeaux,sofia.thibodeaux71@example.org,726-555-8904,17,Silver,2026-04-01,True,2026-04-21 23:51:01+00
222,Destiny,King,destiny.king@example.net,726-555-4450,16,Bronze,2023-11-25,True,2023-11-25 16:15:31+00
223,Wyatt,Thomas,wyatt.thomas91@example.com,281-555-9559,5,Bronze,2026-01-25,False,2026-02-06 03:49:29+00
224,Sofia,Brown,sofia.brown37@example.com,972-555-4746,11,Bronze,2023-07-12,True,2025-07-26 18:30:47+00
225,Liam,Arceneaux,liam.arceneaux@example.com,512-555-3719,12,Silver,2024-12-23,True,2025-10-18 08:29:19+00
226,Remy,Wright,remy.wright5@example.org,210-555-9875,17,Bronze,2023-08-29,False,2025-12-20 00:52:32+00
227,Destiny,Robinson,destiny.robinson19@example.org,737-555-8585,12,Bronze,2023-12-29,True,2023-12-29 13:55:46+00
228,Madison,Robichaux,madison.robichaux@example.com,972-555-4764,8,Gold,2024-06-07,True,2024-06-07 21:17:01+00
229,Margot,Patel,margot.patel@example.net,972-555-6399,8,Bronze,2024-01-30,True,2024-08-30 13:02:27+00
230,Andre,Tran,andre.tran86@example.net,972-555-3008,8,Bronze,2026-01-31,True,2026-05-23 06:44:24+00
231,James,Sanchez,james.sanchez@example.org,512-555-1802,13,Bronze,2025-12-02,False,2025-12-02 13:52:26+00
232,Lucien,Tran,lucien.tran27@example.com,210-555-9785,17,Bronze,2024-07-02,True,2025-04-02 12:47:09+00
233,Lucien,Jackson,lucien.jackson72@example.org,972-555-1462,9,Bronze,2024-07-29,False,2025-12-24 15:29:46+00
234,Santiago,Brown,santiago.brown79@example.org,832-555-9403,5,Bronze,2026-02-18,True,2026-02-18 18:32:05+00
235,Andre,Thomas,andre.thomas@example.com,281-555-6122,5,Gold,2023-09-14,False,2025-10-24 15:11:31+00
236,Harper,Ramirez,harper.ramirez59@example.com,737-555-3260,15,Bronze,2023-02-13,True,2023-02-13 18:51:21+00
237,Madison,Smith,madison.smith79@example.com,726-555-0831,16,Bronze,2025-07-27,False,2026-01-16 00:32:16+00
238,Destiny,Lewis,destiny.lewis@example.org,281-555-8712,3,Bronze,2023-09-07,True,2023-09-07 14:22:58+00
239,Austin,Thibodeaux,austin.thibodeaux38@example.org,713-555-5119,2,Silver,2024-01-09,True,2025-07-22 21:11:59+00
240,Juan,Landry,juan.landry@example.org,737-555-4742,12,Bronze,2025-07-12,True,2025-12-02 00:48:44+00
241,Lucien,Shah,lucien.shah89@example.com,713-555-0700,3,Bronze,2025-02-20,False,2025-06-13 15:41:07+00
242,Valeria,Nguyen,valeria.nguyen95@example.net,210-555-2777,17,Gold,2024-11-12,True,2024-11-12 16:33:38+00
243,Josette,Patel,josette.patel@example.net,281-555-8611,6,Silver,2026-04-07,True,2026-06-24 16:42:59+00
244,Harper,Turner,harper.turner54@example.net,713-555-2104,3,Bronze,2024-09-09,False,2024-10-31 09:21:36+00
245,Liam,Reddy,liam.reddy49@example.org,210-555-4018,19,Silver,2026-06-23,False,2026-06-23 16:40:59+00
246,Harper,Brown,harper.brown55@example.net,281-555-1522,4,Bronze,2023-12-16,True,2024-06-10 07:11:01+00
247,Priya,Perez,priya.perez16@example.net,281-555-7002,6,Gold,2025-03-27,True,2025-11-10 01:46:18+00
248,Remy,Guidry,remy.guidry@example.org,713-555-3147,3,Bronze,2025-10-15,True,2025-12-05 01:18:45+00
249,Isabella,Fontenot,isabella.fontenot32@example.com,281-555-5039,3,Bronze,2023-10-11,False,2023-10-11 13:28:05+00
250,Carmen,Morales,carmen.morales@example.com,832-555-0414,1,Silver,2023-12-29,True,2024-07-22 06:24:06+00
251,Jessica,Lopez,jessica.lopez39@example.org,832-555-6145,1,Bronze,2026-01-12,False,2026-02-12 23:09:19+00
252,Brianna,Wilson,brianna.wilson81@example.org,281-555-4469,4,Bronze,2025-07-04,True,2025-07-04 18:49:35+00
253,Camille,Martinez,camille.martinez91@example.net,832-555-2220,1,Gold,2023-03-27,False,2023-03-27 20:25:18+00
254,Noah,Turner,noah.turner@example.net,737-555-6979,12,Bronze,2026-05-20,True,2026-06-16 04:15:35+00
255,Camille,Hebert,camille.hebert61@example.org,737-555-6679,14,Gold,2025-04-29,True,2025-04-29 08:14:31+00
256,Madison,Phillips,madison.phillips@example.net,972-555-8798,8,Silver,2024-06-13,False,2025-11-16 11:10:34+00
257,Hannah,Reyes,hannah.reyes50@example.com,972-555-3352,7,Bronze,2024-10-01,False,2025-07-02 22:49:51+00
258,Noah,Gomez,noah.gomez@example.net,214-555-0007,10,Silver,2025-09-07,False,2025-11-05 02:40:47+00
259,Remy,Arceneaux,remy.arceneaux@example.org,726-555-8990,18,Silver,2025-04-23,True,2025-04-23 13:00:54+00
260,Lucien,Turner,lucien.turner@example.org,726-555-7211,17,Bronze,2026-05-24,True,2026-05-24 15:53:57+00
261,Arjun,Tran,arjun.tran@example.org,713-555-5654,1,Bronze,2026-06-04,False,2026-06-14 13:29:47+00
262,Joshua,Williams,joshua.williams@example.net,832-555-1566,4,Silver,2026-01-29,True,2026-04-17 23:33:11+00
263,Linda,Torres,linda.torres@example.net,281-555-3352,5,Bronze,2023-06-09,True,2025-12-03 14:32:21+00
264,Destiny,O'Brien,destiny.obrien8@example.org,713-555-6959,5,Silver,2023-04-07,True,2023-04-07 16:45:05+00
265,Lucien,Rodriguez,lucien.rodriguez@example.org,512-555-5360,12,Bronze,2025-12-12,True,2025-12-12 13:26:09+00
266,Arjun,Green,arjun.green@example.com,469-555-6226,8,Bronze,2024-06-03,True,2024-06-03 10:24:54+00
267,Josette,Roberts,josette.roberts56@example.net,832-555-8146,1,Bronze,2024-12-14,True,2024-12-14 16:37:58+00
268,Andre,Perez,andre.perez52@example.net,972-555-4837,8,Bronze,2023-08-27,False,2023-08-27 12:43:17+00
269,Ximena,Nguyen,ximena.nguyen@example.org,214-555-2789,11,Silver,2023-04-22,True,2023-04-22 20:39:02+00
270,Jennifer,Pham,jennifer.pham56@example.org,281-555-2566,2,Silver,2023-03-10,True,2023-03-10 08:52:59+00
271,David,Wright,david.wright94@example.com,726-555-6621,17,Silver,2024-01-24,True,2025-09-10 18:06:58+00
272,Diego,Wright,diego.wright@example.net,832-555-1264,1,Bronze,2026-05-08,True,2026-05-08 18:54:51+00
273,Harper,Brown,harper.brown@example.org,726-555-6927,19,Bronze,2024-04-05,False,2025-04-16 04:02:38+00
274,Ava,Diaz,ava.diaz57@example.org,713-555-8249,2,Silver,2023-12-22,False,2025-11-19 17:45:35+00
275,Pierre,Turner,pierre.turner@example.com,210-555-4125,17,Bronze,2024-07-31,True,2025-06-14 22:35:18+00
276,Lucas,Morales,lucas.morales99@example.com,726-555-7390,18,Silver,2024-10-08,False,2025-11-26 08:46:23+00
277,Santiago,Ramirez,santiago.ramirez68@example.org,713-555-3358,20,Bronze,2026-04-15,True,2026-04-15 13:29:38+00
278,Lucas,Shah,lucas.shah@example.net,726-555-3295,16,Bronze,2024-05-13,False,2025-05-10 10:57:53+00
279,Tyrone,Lopez,tyrone.lopez@example.com,737-555-3978,15,Bronze,2023-03-27,False,2023-06-29 19:21:47+00
280,Ethan,Martinez,  ethan.martinez98@example.net ,512-555-5144,13,Silver,2023-11-27,False,2023-11-27 10:14:48+00
281,Chloe,Wright,chloe.wright@example.net,512-555-2649,15,Bronze,2025-12-08,True,2025-12-08 10:22:57+00
282,Rohan,Wilson,rohan.wilson@example.net,281-555-7742,3,Gold,2025-12-22,True,2025-12-23 22:52:30+00
283,Noah,Nelson,noah.nelson44@example.org,214-555-5238,11,Silver,2026-03-11,True,2026-04-03 10:52:56+00
284,James,Ramirez,james.ramirez@example.org,972-555-0532,10,Bronze,2025-10-26,True,2025-11-11 01:26:14+00
285,Luis,Wilson,luis.wilson@example.com,210-555-5399,17,Bronze,2026-04-03,True,2026-04-03 15:34:12+00
286,Colton,Robinson,colton.robinson1@example.net,972-555-9274,9,Bronze,2023-05-18,True,2023-06-05 01:27:33+00
287,Ethan,Hernandez,ethan.hernandez52@example.net,469-555-7040,8,Bronze,2025-08-09,True,2025-08-09 11:00:53+00
288,Sarah,Boudreaux,sarah.boudreaux34@example.net,512-555-9046,13,Gold,2024-03-30,True,2026-05-18 18:47:04+00
289,Diego,Morales,diego.morales74@example.org,832-555-8913,6,Silver,2024-11-02,True,2024-11-02 18:12:07+00
290,Santiago,Robichaux,santiago.robichaux64@example.net,832-555-9310,3,Bronze,2026-04-05,False,2026-04-25 01:03:09+00
291,Celeste,Fontenot,celeste.fontenot43@example.com,972-555-7676,10,Bronze,2026-06-13,True,2026-06-22 02:39:20+00
292,Mai,Lopez,mai.lopez69@example.org,214-555-8063,8,Bronze,2025-03-14,True,2026-05-10 11:44:03+00
293,Brianna,Sanchez,brianna.sanchez56@example.net,713-555-9362,5,Bronze,2024-07-03,False,2025-11-15 11:39:20+00
294,Michael,Lopez,michael.lopez43@example.com,214-555-8259,7,Bronze,2026-03-21,True,2026-03-21 21:08:42+00
295,Jessica,Brown,jessica.brown45@example.org,469-555-3925,7,Bronze,2026-02-26,True,2026-02-26 17:27:35+00
296,Lucien,Reddy,lucien.reddy@example.org,972-555-3882,7,Bronze,2025-03-28,False,2025-12-17 07:55:15+00
297,Josette,Fontenot,josette.fontenot89@example.com,214-555-0756,8,Bronze,2023-10-01,True,2023-10-01 15:00:40+00
298,Joshua,Wilson,joshua.wilson@example.org,737-555-3844,14,Silver,2023-05-17,True,2026-05-27 02:49:09+00
299,James,Diaz,james.diaz@example.net,281-555-0200,6,Bronze,2025-08-24,False,2025-08-24 21:19:41+00
300,Ximena,Jackson,ximena.jackson58@example.com,210-555-9880,19,Silver,2023-12-30,False,2025-04-04 13:45:53+00
301,Mai,Flores,mai.flores@example.org,210-555-6876,19,Silver,2024-12-03,True,2025-03-03 10:55:18+00
302,Brianna,Hebert,brianna.hebert84@example.org,469-555-5000,10,Gold,2025-02-24,True,2025-12-26 02:30:39+00
303,Mia,Lewis,mia.lewis@example.net,214-555-2668,7,Bronze,2026-04-20,False,2026-06-05 12:02:32+00
304,Andre,Jackson,andre.jackson@example.org,972-555-5356,11,Gold,2024-11-16,True,2024-11-16 11:26:02+00
305,Lucas,Harris,lucas.harris@example.net,726-555-9448,17,Silver,2025-02-14,False,2025-09-14 01:39:17+00
306,Mia,Thibodeaux,mia.thibodeaux@example.com,512-555-8036,13,Bronze,2025-07-06,True,2026-01-31 12:21:03+00
307,Anika,Fontenot,anika.fontenot@example.net,726-555-4607,16,Bronze,2025-10-30,True,2025-10-30 14:13:10+00
308,Santiago,Green,santiago.green@example.com,214-555-3540,11,Bronze,2023-02-21,True,2026-04-24 05:35:20+00
309,Kayla,Adams,kayla.adams90@example.net,737-555-3058,13,Silver,2025-03-25,False,2026-04-16 20:56:39+00
310,Anika,Brown,anika.brown@example.net,832-555-1245,6,Silver,2023-07-11,True,2023-07-11 21:45:25+00
311,James,Green,james.green17@example.net,512-555-9345,15,Bronze,2025-09-03,False,2026-02-22 04:01:57+00
312,Andre,Nelson,andre.nelson@example.org,832-555-8224,4,Silver,2023-02-23,False,2023-02-23 17:16:41+00
313,Ximena,Turner,ximena.turner@example.net,512-555-7612,14,Bronze,2023-09-28,False,2023-09-28 09:00:28+00
314,Noah,Torres,noah.torres40@example.com,726-555-9251,17,Bronze,2023-07-30,False,2023-09-30 13:19:12+00
315,Josette,Robichaux,josette.robichaux@example.org,832-555-6817,3,Gold,2024-10-23,True,2026-01-05 05:00:03+00
316,Olivia,Williams,olivia.williams49@example.net,737-555-8136,12,Gold,2023-01-05,True,2025-07-24 00:49:28+00
317,Sofia,Wilson, Sofia.Wilson40@Example.Com,281-555-0312,2,Silver,2023-01-19,True,2024-09-19 22:09:37+00
318,Jamal,Tran,jamal.tran87@example.net,737-555-7915,14,Bronze,2024-07-06,True,2024-07-06 15:53:53+00
319,Andrew,Gonzalez,andrew.gonzalez40@example.com,281-555-1535,2,Bronze,2025-11-30,True,2025-11-30 17:44:57+00
320,Linh,Perez,linh.perez@example.net,726-555-1653,19,Bronze,2026-01-25,False,2026-06-01 18:57:27+00
321,Linh,Rivera,linh.rivera67@example.net,713-555-1115,3,Bronze,2024-05-03,False,2024-05-03 09:49:58+00
322,Wyatt,LeBlanc,wyatt.leblanc77@example.com,726-555-2720,19,Bronze,2024-12-22,True,2025-09-19 05:47:12+00
323,Diego,Rodriguez,diego.rodriguez5@example.com,210-555-2563,16,Gold,2024-08-27,True,2024-08-27 09:15:11+00
324,Josette,Wright,josette.wright18@example.org,737-555-8888,12,Silver,2024-02-26,True,2026-05-06 09:57:11+00
325,Jennifer,Jackson,jennifer.jackson@example.com,726-555-8286,16,Bronze,2024-10-07,False,2024-10-07 12:57:05+00
326,Minh,Wright,minh.wright79@example.org,210-555-9999,16,Bronze,2023-01-04,False,2023-07-15 17:41:13+00
327,Colton,Roberts,colton.roberts@example.com,210-555-4004,19,Bronze,2023-09-25,True,2024-02-26 08:53:44+00
328,Remy,Pham,remy.pham77@example.com,713-555-8770,5,Bronze,2026-06-11,True,2026-06-20 20:25:53+00
329,Lucien,Morales,lucien.morales@example.org,512-555-8579,12,Silver,2024-01-10,False,2024-01-10 16:03:25+00
330,Tyrone,O'Brien,tyrone.obrien88@example.net,281-555-7720,2,Bronze,2023-03-01,True,2023-03-01 21:20:06+00
331,Mia,Tran,mia.tran@example.net,512-555-7384,12,Silver,2023-05-17,False,2023-05-17 12:37:01+00
332,Liam,LeBlanc,  liam.leblanc29@example.com ,281-555-3943,4,Bronze,2025-08-07,True,2026-04-16 15:46:20+00
333,Remy,Landry,remy.landry42@example.net,512-555-1120,12,Bronze,2023-12-28,True,2023-12-28 11:49:02+00
334,Wyatt,Williams,wyatt.williams@example.com,512-555-6734,12,Gold,2023-01-25,True,2023-07-10 18:15:50+00
335,Celeste,Phillips,  celeste.phillips@example.org ,214-555-7413,9,Bronze,2025-03-09,False,2025-03-09 21:44:23+00
336,Olivia,Scott,olivia.scott44@example.org,214-555-6741,11,Bronze,2024-08-04,True,2025-03-15 05:18:00+00
337,Linh,Harris,linh.harris@example.org,737-555-2296,15,Silver,2024-05-09,False,2024-05-09 11:49:02+00
338,Destiny,Perez,destiny.perez@example.net,210-555-2399,16,Bronze,2025-09-07,False,2025-09-07 13:24:18+00
339,Austin,Roberts,austin.roberts93@example.com,469-555-6367,10,Bronze,2023-12-10,False,2025-02-03 16:24:06+00
340,Harper,Hernandez,harper.hernandez@example.com,737-555-1940,12,Bronze,2024-09-19,False,2024-09-19 18:48:23+00
341,Kayla,Sanchez,kayla.sanchez22@example.com,210-555-8108,19,Bronze,2025-03-27,False,2026-04-21 14:21:01+00
342,Tyrone,Jones,tyrone.jones62@example.org,832-555-4356,3,Bronze,2024-10-28,False,2026-04-13 11:36:47+00
343,Lucas,Rivera,lucas.rivera53@example.net,713-555-9300,3,Bronze,2023-08-16,True,2025-03-23 01:10:54+00
344,Joshua,Diaz,joshua.diaz@example.net,713-555-7688,2,Bronze,2026-06-10,False,2026-06-30 10:25:09+00
345,Lucien,Wright,lucien.wright26@example.org,737-555-2434,13,Silver,2025-03-25,False,2025-11-21 11:39:50+00
346,Jamal,Diaz,jamal.diaz91@example.org,214-555-2499,8,Bronze,2026-05-28,True,2026-05-28 19:01:21+00
347,Margot,Phillips,margot.phillips67@example.com,512-555-7449,15,Bronze,2023-07-01,True,2023-07-01 16:43:55+00
348,Carlos,Rivera,carlos.rivera15@example.com,737-555-4304,13,Bronze,2025-01-09,True,2026-03-03 05:28:50+00
349,Maria,Comeaux,maria.comeaux@example.org,469-555-9526,7,Bronze,2023-05-11,False,2023-05-11 16:26:38+00
350,Michael,Pham,michael.pham@example.org,726-555-0255,18,Bronze,2026-02-09,False,2026-02-09 21:48:04+00
351,Liam,Scott,liam.scott14@example.org,737-555-3612,15,Silver,2023-05-01,True,2024-09-22 02:46:54+00
352,Darnell,Lewis,darnell.lewis10@example.com,281-555-9849,6,Bronze,2025-12-03,False,2026-04-05 08:21:46+00
353,Darnell,Adams,darnell.adams@example.net,469-555-6240,7,Bronze,2026-02-13,True,2026-02-13 10:11:36+00
354,Hannah,Roberts,hannah.roberts27@example.org,832-555-0747,6,Silver,2024-04-30,True,2025-11-18 05:03:01+00
355,Jamal,Wilson,jamal.wilson@example.com,713-555-3602,3,Bronze,2026-03-31,False,2026-04-21 13:14:09+00
356,Maria,Davis,maria.davis66@example.net,281-555-3414,3,Bronze,2024-01-13,False,2024-01-13 10:39:36+00
357,Colton,Guidry,colton.guidry55@example.org,210-555-5312,19,Bronze,2025-03-31,True,2025-03-31 19:04:16+00
358,Ximena,Martinez,Ximena.martinez7@Example.net,214-555-4899,9,Gold,2025-04-05,False,2025-04-05 12:58:02+00
359,Wyatt,Arceneaux,wyatt.arceneaux@example.org,469-555-8511,8,Bronze,2023-08-17,False,2023-08-17 11:02:24+00
360,Lucas,Le,lucas.le43@example.org,737-555-8177,14,Bronze,2026-05-14,False,2026-05-20 14:17:16+00
361,Isabella,Flores,isabella.flores14@example.org,469-555-6986,11,Bronze,2026-01-20,False,2026-01-20 12:25:09+00
362,Austin,Davis,austin.davis12@example.com,210-555-1476,19,Bronze,2026-02-21,True,2026-02-21 19:43:48+00
363,Luis,Phillips,luis.phillips@example.net,737-555-6040,15,Bronze,2025-01-29,True,2026-06-21 23:20:35+00
364,Darnell,Boudreaux,darnell.boudreaux@example.org,214-555-4078,10,Bronze,2023-07-08,True,2024-01-28 08:58:45+00
365,Mateo,Green,mateo.green@example.net,972-555-0210,8,Bronze,2025-07-03,True,2026-04-17 03:06:45+00
366,Austin,Shah,austin.shah@example.org,832-555-8369,20,Bronze,2026-05-18,True,2026-05-18 11:45:21+00
367,Margot,Kumar,margot.kumar27@example.org,737-555-3686,14,Bronze,2026-03-19,True,2026-03-19 10:17:24+00
368,Grace,King,grace.king@example.net,726-555-7160,19,Silver,2024-05-18,True,2024-05-18 21:12:47+00
369,Grace,Torres,grace.torres27@example.com,832-555-7794,3,Bronze,2026-02-16,True,2026-03-29 13:49:29+00
370,Lucia,Perez,lucia.perez4@example.net,726-555-2750,17,Bronze,2026-04-28,True,2026-04-28 09:43:04+00
371,Ethan,McAllister,ethan.mcallister91@example.net,512-555-7808,13,Bronze,2026-06-23,True,2026-06-29 22:57:32+00
372,Priya,Jackson,priya.jackson80@example.org,713-555-7784,3,Bronze,2023-01-22,True,2023-01-22 18:24:11+00
373,Caleb,Rivera,caleb.rivera44@example.org,512-555-7029,12,Bronze,2025-12-13,True,2025-12-13 21:45:26+00
374,Isabella,Reddy,isabella.reddy54@example.org,737-555-0384,14,Silver,2023-02-27,True,2023-02-27 20:39:05+00
375,Isabella,Thibodeaux,isabella.thibodeaux@example.com,713-555-6295,1,Silver,2024-01-01,False,2025-03-14 15:59:21+00
376,Noah,Baker,noah.baker@example.net,469-555-0436,9,Bronze,2026-05-08,False,2026-05-12 10:08:08+00
377,Ethan,Robichaux,ethan.robichaux@example.org,726-555-2385,17,Silver,2023-06-19,False,2025-07-24 01:37:44+00
378,Brianna,Gomez,brianna.gomez38@example.com,281-555-1167,6,Bronze,2023-03-21,False,2023-03-21 14:28:38+00
379,Diego,Thomas,diego.thomas@example.com,214-555-5288,9,Bronze,2025-03-26,False,2025-06-24 04:04:35+00
380,Juan,Lewis,juan.lewis@example.com,469-555-6037,9,Silver,2023-03-22,True,2023-03-22 19:23:03+00
381,Olivia,Boudreaux,olivia.boudreaux@example.org,713-555-2642,6,Bronze,2025-09-12,True,2025-12-29 07:56:03+00
382,Diego,Lewis,diego.lewis@example.org,210-555-4404,19,Bronze,2024-05-09,True,2024-06-17 21:53:10+00
383,Linh,Sanchez,linh.sanchez15@example.org,726-555-4624,16,Bronze,2026-01-29,True,2026-03-18 02:10:03+00
384,Carlos,Sanchez,carlos.sanchez@example.org,281-555-2515,3,Silver,2023-09-26,False,2026-03-31 18:18:10+00
385,Tuan,Scott,tuan.scott47@example.net,713-555-1010,20,Bronze,2026-06-02,True,2026-06-11 07:05:53+00
386,Colton,Patel,colton.patel@example.org,210-555-3117,18,Silver,2025-11-21,False,2026-01-09 21:59:22+00
387,Chloe,Williams,chloe.williams@example.org,832-555-7135,6,Bronze,2025-04-15,True,2026-06-04 22:17:58+00
388,Remy,Jackson,remy.jackson9@example.com,210-555-6862,17,Bronze,2026-02-16,False,2026-02-16 15:07:48+00
389,Tuan,Gomez,tuan.gomez67@example.org,713-555-9469,3,Bronze,2023-12-17,True,2026-05-06 22:31:14+00
390,Grace,Flores,grace.flores19@example.net,713-555-0334,20,Bronze,2026-04-24,True,2026-04-24 10:56:05+00
391,Lucien,Landry,lucien.landry@example.net,512-555-6512,13,Silver,2024-09-24,True,2024-09-24 11:29:59+00
392,Mateo,Guidry,mateo.guidry@example.net,512-555-1630,13,Bronze,2026-05-31,True,2026-06-12 08:57:06+00
393,Brianna,Nelson,brianna.nelson1@example.org,281-555-8246,2,Bronze,2023-09-23,True,2024-02-09 18:55:44+00
394,Liam,Broussard,liam.broussard99@example.org,726-555-2206,18,Bronze,2024-02-16,False,2024-07-30 15:49:44+00
395,Celeste,Rivera,celeste.rivera@example.com,832-555-6895,1,Silver,2024-10-29,True,2025-03-20 11:45:43+00
396,Destiny,King,destiny.king@example.com,832-555-1789,5,Bronze,2026-05-10,True,2026-06-03 15:50:58+00
397,Michael,Doucet,michael.doucet@example.org,281-555-9384,3,Silver,2024-01-04,True,2024-01-04 20:57:19+00
398,Isabella,Smith,isabella.smith21@example.com,512-555-7030,15,Gold,2023-11-17,True,2025-12-22 01:18:12+00
399,Emily,Shah,emily.shah6@example.net,281-555-5412,4,Bronze,2026-05-18,True,2026-05-18 09:56:16+00
400,Hannah,Robichaux,hannah.robichaux49@example.net,210-555-6905,18,Silver,2023-05-15,True,2023-05-15 19:40:39+00
401,Caleb,Tran,caleb.tran47@example.org,737-555-2615,13,Bronze,2024-06-27,False,2024-09-25 11:08:18+00
402,Caleb,Lopez,caleb.lopez72@example.net,713-555-2525,1,Bronze,2026-03-12,True,2026-03-12 17:03:55+00
403,Sarah,Fontenot,sarah.fontenot@example.org,281-555-5571,1,Bronze,2026-01-11,False,2026-05-24 23:34:28+00
404,Jessica,Reddy,jessica.reddy@example.com,713-555-5876,1,Silver,2024-09-06,True,2025-12-18 22:04:48+00
405,Andrew,Jackson,andrew.jackson27@example.org,737-555-1852,12,Silver,2026-05-15,True,2026-05-15 10:49:07+00
406,Maria,Jackson,maria.jackson@example.com,726-555-2288,16,Bronze,2023-04-19,True,2025-02-22 08:02:53+00
407,Ashley,McAllister,ashley.mcallister49@example.org,713-555-4006,5,Bronze,2024-04-21,True,2025-04-23 09:32:23+00
408,Mia,Robichaux,mia.robichaux9@example.net,726-555-6689,17,Gold,2023-04-23,True,2023-04-23 11:07:36+00
409,Colton,Broussard,colton.broussard9@example.com,713-555-1858,2,Bronze,2024-04-14,True,2024-04-14 19:43:36+00
410,Carmen,Doucet,  carmen.doucet37@example.org ,726-555-3207,16,Bronze,2024-06-10,True,2025-12-04 10:17:28+00
411,Abigail,Diaz,abigail.diaz@example.com,210-555-4360,19,Bronze,2025-05-25,False,2025-05-25 09:19:57+00
412,Caleb,Gomez,caleb.gomez@example.org,737-555-5757,15,Bronze,2024-04-29,False,2024-04-29 09:32:38+00
413,Carmen,Thomas,carmen.thomas32@example.net,737-555-1021,14,Gold,2025-10-22,True,2025-10-22 20:20:58+00
414,Ashley,Gomez,ashley.gomez81@example.com,210-555-5503,17,Gold,2023-05-31,False,2023-09-26 11:36:44+00
415,Camille,Lewis,camille.lewis@example.org,281-555-5153,1,Silver,2023-02-28,True,2023-02-28 21:36:25+00
416,Ximena,Lewis,ximena.lewis83@example.com,281-555-8378,4,Silver,2023-01-05,True,2025-01-05 21:22:26+00
417,Kayla,Turner,kayla.turner76@example.org,281-555-3975,3,Bronze,2024-01-26,True,2024-06-15 05:34:46+00
418,Lucia,Garcia,LUCIA.GARCIA66@EXAMPLE.ORG,214-555-5334,10,Bronze,2026-02-13,True,2026-06-30 19:33:09+00
419,Andrew,Morales,andrew.morales62@example.com,512-555-0292,15,Silver,2023-04-11,False,2023-07-29 09:48:24+00
420,Austin,Young,austin.young@example.net,512-555-8352,13,Bronze,2026-03-03,True,2026-06-18 12:07:56+00
421,Ximena,Broussard,ximena.broussard71@example.com,210-555-9497,17,Bronze,2025-12-04,False,2026-03-17 01:16:42+00
422,Linh,Kumar,linh.kumar@example.com,713-555-9677,3,Silver,2025-05-27,False,2025-08-24 16:26:16+00
423,Juan,Robinson,juan.robinson27@example.com,737-555-3585,15,Bronze,2023-01-21,True,2023-01-21 10:52:46+00
424,Ashley,Nelson,ashley.nelson@example.net,832-555-9883,4,Bronze,2026-03-23,True,2026-06-01 01:15:46+00
425,Ana,Perez,ana.perez92@example.org,832-555-9317,6,Bronze,2023-08-13,True,2025-10-15 14:56:59+00
426,Hannah,Torres,hannah.torres39@example.net,512-555-1635,14,Silver,2024-03-20,True,2024-03-20 21:21:15+00
427,Andrew,Fontenot,andrew.fontenot@example.net,713-555-3252,20,Bronze,2026-05-24,True,2026-06-09 08:16:25+00
428,Jamal,Robichaux,jamal.robichaux96@example.com,737-555-9639,12,Bronze,2024-03-19,True,2024-03-19 09:38:41+00
429,Ashley,Carter,Ashley.carter@Example.org,832-555-4226,1,Silver,2025-04-13,True,2026-03-29 15:19:47+00
430,Lucia,Williams,lucia.williams99@example.com,737-555-5882,12,Silver,2025-02-19,True,2025-02-19 15:37:31+00
431,Kayla,Ramirez,kayla.ramirez59@example.org,832-555-0849,1,Bronze,2026-05-10,True,2026-05-30 21:32:52+00
432,Chloe,Mitchell,chloe.mitchell@example.com,210-555-6977,18,Silver,2024-11-18,False,2026-03-29 10:16:30+00
433,Remy,Patel,remy.patel99@example.net,737-555-4958,14,Bronze,2026-06-09,False,2026-06-09 12:13:50+00
434,Michael,Jackson,michael.jackson86@example.org,281-555-6912,4,Bronze,2023-07-21,False,2025-02-07 08:34:59+00
435,Ana,Ramirez,ana.ramirez2@example.org,713-555-8349,2,Bronze,2024-03-09,True,2025-08-06 12:23:15+00
436,Santiago,Shah,santiago.shah@example.org,281-555-2193,4,Bronze,2023-04-29,True,2023-09-01 10:19:23+00
437,Caleb,Boudreaux,caleb.boudreaux62@example.com,713-555-9580,20,Bronze,2026-04-22,True,2026-04-22 21:44:45+00
438,Grace,Robinson,grace.robinson56@example.net,214-555-0323,9,Bronze,2026-01-04,False,2026-05-13 13:04:23+00
439,Arjun,Miller,arjun.miller@example.org,210-555-2282,16,Bronze,2024-11-29,True,2024-11-29 09:26:26+00
440,Isabella,Flores,isabella.flores40@example.org,737-555-4562,13,Silver,2024-09-11,True,2024-09-11 10:49:11+00
441,Sarah,Reddy,sarah.reddy98@example.org,737-555-2320,12,Silver,2023-10-27,False,2023-12-19 03:51:46+00
442,Aaliyah,Pham,aaliyah.pham81@example.com,713-555-4042,3,Bronze,2023-06-02,True,2023-06-02 13:37:39+00
443,Joshua,Green,joshua.green88@example.com,726-555-5029,19,Bronze,2026-04-26,False,2026-04-26 11:19:32+00
444,James,Wright,james.wright30@example.net,281-555-0937,6,Bronze,2023-11-18,True,2025-08-08 00:53:18+00
445,Maria,Smith,maria.smith2@example.org,512-555-4374,12,Silver,2023-05-01,True,2023-10-27 15:09:11+00
446,Lucien,Miller,lucien.miller99@example.net,512-555-3142,14,Gold,2023-12-02,False,2024-01-02 11:03:37+00
447,Grace,Morales,grace.morales2@example.net,512-555-4555,13,Bronze,2025-09-16,True,2025-09-16 14:04:23+00
448,Ethan,Phillips,ethan.phillips41@example.net,210-555-2696,19,Silver,2023-10-14,True,2024-03-07 11:14:12+00
449,Santiago,Fontenot,santiago.fontenot0@example.org,281-555-1430,3,Silver,2025-12-17,True,2026-03-13 07:04:55+00
450,Chloe,Nelson,chloe.nelson82@example.org,972-555-5428,10,Gold,2024-05-19,True,2024-05-19 21:40:36+00
451,Marcus,Brown,marcus.brown80@example.com,214-555-4008,8,Bronze,2025-08-02,True,2025-08-02 13:07:11+00
452,Daniel,Phillips,daniel.phillips@example.net,469-555-2772,10,Bronze,2024-12-16,True,2025-08-22 04:23:30+00
453,Tuan,Jones,tuan.jones@example.net,713-555-7121,3,Bronze,2026-04-26,True,2026-04-26 15:49:50+00
454,Matthew,Hill,matthew.hill38@example.net,713-555-9282,3,Bronze,2024-07-12,True,2024-07-12 08:20:15+00
455,Kayla,Adams,kayla.adams29@example.com,713-555-3816,6,Bronze,2024-04-01,True,2026-04-20 03:17:34+00
456,Lucas,Rivera,lucas.rivera68@example.net,713-555-8809,6,Bronze,2023-08-09,True,2025-08-03 11:50:08+00
457,Robert,Rivera,robert.rivera@example.net,214-555-8037,8,Bronze,2024-08-25,False,2024-08-25 13:23:18+00
458,Daniel,Le,daniel.le14@example.org,512-555-0316,12,Silver,2023-04-23,True,2023-09-27 07:14:08+00
459,Madison,Walker,madison.walker@example.org,512-555-5232,13,Silver,2025-02-04,True,2025-02-04 21:13:46+00
460,Camille,Wilson,camille.wilson31@example.org,469-555-9870,8,Bronze,2025-06-19,True,2026-05-22 16:07:19+00
461,Ashley,Sanchez,ashley.sanchez@example.net,469-555-7790,8,Silver,2023-04-12,True,2023-04-12 18:50:52+00
462,Minh,Lewis,minh.lewis24@example.org,832-555-1448,5,Bronze,2024-06-09,True,2024-06-09 10:59:30+00
463,Mateo,Hill,mateo.hill@example.net,512-555-5599,12,Bronze,2026-01-12,False,2026-02-07 14:09:16+00
464,Jamal,Rodriguez,  jamal.rodriguez98@example.org ,469-555-7665,7,Bronze,2023-03-10,True,2026-04-06 00:57:21+00
465,Andrew,Nelson,andrew.nelson@example.org,281-555-0807,1,Bronze,2026-02-16,False,2026-02-16 12:15:47+00
466,Rohan,Adams,rohan.adams86@example.net,214-555-2738,8,Gold,2023-10-10,True,2023-10-10 14:35:03+00
467,Mateo,Adams,mateo.adams91@example.net,469-555-0424,10,Bronze,2026-04-04,False,2026-05-09 22:46:21+00
468,Emily,Sanchez,emily.sanchez@example.net,713-555-4090,5,Silver,2025-05-31,False,2025-11-16 20:10:31+00
469,Emily,Jackson,emily.jackson@example.net,512-555-8464,12,Bronze,2026-06-11,False,2026-06-23 02:10:47+00
470,Robert,Rodriguez,robert.rodriguez52@example.com,737-555-8722,12,Silver,2025-04-03,True,2025-09-20 08:59:17+00
471,Grace,Lopez,grace.lopez19@example.org,737-555-4140,14,Silver,2024-10-05,True,2025-02-15 19:49:02+00
472,Grace,Jones,grace.jones@example.com,737-555-8437,13,Bronze,2025-08-17,True,2025-08-17 10:53:11+00
473,Ava,Arceneaux,ava.arceneaux78@example.net,512-555-8505,13,Gold,2025-12-28,True,2026-05-02 14:07:52+00
474,Colton,Harris,colton.harris27@example.net,713-555-2082,6,Bronze,2024-10-21,True,2024-10-21 17:57:39+00
475,Arjun,Gonzalez,arjun.gonzalez98@example.net,726-555-7890,16,Bronze,2024-01-21,False,2024-01-21 14:23:29+00
476,Lucia,Lopez,lucia.lopez94@example.com,214-555-7539,11,Gold,2024-04-08,True,2024-04-08 15:31:21+00
477,Valeria,Flores,valeria.flores70@example.org,469-555-5585,9,Bronze,2025-06-23,True,2025-06-23 09:01:27+00
478,Mateo,Gonzalez,mateo.gonzalez@example.net,737-555-1600,13,Bronze,2024-04-12,False,2026-01-20 11:51:21+00
479,Noah,Scott,noah.scott86@example.com,469-555-2898,7,Bronze,2024-07-23,True,2025-09-14 22:25:15+00
480,Priya,Hernandez,priya.hernandez84@example.org,469-555-1579,10,Bronze,2026-04-12,False,2026-06-24 17:06:25+00
481,Carmen,Flores,carmen.flores@example.com,512-555-6961,15,Silver,2025-12-21,False,2026-05-07 15:57:44+00
482,Harper,Gomez,harper.gomez66@example.com,210-555-4172,18,Bronze,2024-12-14,True,2024-12-14 18:26:30+00
483,Olivia,Gonzalez,olivia.gonzalez59@example.org,726-555-9989,19,Silver,2023-12-28,True,2023-12-28 13:01:43+00
484,Lucas,Turner,lucas.turner87@example.org,214-555-9270,10,Silver,2024-10-03,False,2024-10-03 14:44:34+00
485,Linh,Gonzalez,linh.gonzalez53@example.com,469-555-1985,11,Bronze,2026-05-18,True,2026-06-27 03:59:54+00
486,Darnell,Arceneaux,darnell.arceneaux@example.org,726-555-4883,16,Silver,2023-06-19,False,2025-06-18 13:07:25+00
487,Marcus,Tran,marcus.tran@example.org,832-555-4271,6,Gold,2025-08-16,True,2025-08-16 14:05:25+00
488,Ximena,Torres,ximena.torres37@example.com,210-555-2637,17,Silver,2026-05-13,True,2026-06-12 13:06:32+00
489,Jamal,Fontenot,jamal.fontenot@example.org,214-555-9321,10,Bronze,2026-02-05,True,2026-04-12 17:25:43+00
490,Darnell,Hernandez,darnell.hernandez60@example.com,832-555-5461,3,Silver,2024-02-08,True,2024-02-08 11:38:52+00
491,Minh,Fontenot,minh.fontenot47@example.net,832-555-8846,2,Bronze,2023-10-09,True,2023-10-09 16:20:32+00
492,Liam,Johnson,liam.johnson32@example.org,726-555-6895,17,Bronze,2023-02-24,True,2025-02-23 23:51:57+00
493,Austin,Broussard,austin.broussard@example.net,713-555-3084,1,Bronze,2025-03-12,True,2026-05-29 02:08:34+00
494,Chloe,Boudreaux,chloe.boudreaux96@example.net,281-555-9300,6,Bronze,2023-12-26,True,2023-12-26 15:33:56+00
495,Mai,Morales,mai.morales@example.org,214-555-3364,7,Gold,2025-09-04,False,2025-09-04 11:09:59+00
496,Jessica,Wilson,jessica.wilson6@example.org,713-555-7841,4,Bronze,2025-08-11,True,2026-01-03 09:32:28+00
497,Remy,McAllister,remy.mcallister@example.com,281-555-8876,6,Silver,2023-05-21,False,2023-05-21 15:16:07+00
498,Ethan,Johnson,ethan.johnson70@example.org,737-555-3484,15,Bronze,2026-02-07,True,2026-03-30 00:13:44+00
499,Ashley,Martinez,ashley.martinez@example.org,713-555-8889,1,Bronze,2023-06-03,True,2023-06-03 21:43:03+00
500,Caleb,Davis,caleb.davis55@example.com,210-555-2153,17,Bronze,2024-06-21,True,2024-06-21 14:56:11+00
501,Tyrone,O'Brien,tyrone.obrien@example.org,726-555-4795,17,Bronze,2024-06-03,False,2024-06-03 14:13:28+00
502,Jamal,Diaz,jamal.diaz35@example.net,214-555-8961,7,Bronze,2025-11-14,True,2025-11-14 14:39:39+00
503,Linda,Broussard,linda.broussard37@example.org,713-555-3089,3,Bronze,2024-12-21,False,2025-01-03 15:59:11+00
504,Daniel,Lewis,daniel.lewis@example.net,737-555-2702,12,Silver,2025-08-17,False,2026-06-17 13:06:32+00
505,Isabella,Brown,isabella.brown@example.net,281-555-6916,3,Bronze,2024-10-14,False,2024-10-14 13:20:22+00
506,Jamal,Jones,jamal.jones@example.org,469-555-2000,7,Bronze,2026-01-08,True,2026-01-10 20:35:18+00
507,Harper,Lopez,harper.lopez6@example.com,210-555-2723,19,Bronze,2025-07-22,True,2025-07-22 16:43:21+00
508,Chloe,Jackson,chloe.jackson58@example.org,281-555-7926,20,Bronze,2026-06-21,True,2026-06-22 12:15:47+00
509,Joshua,O'Brien,joshua.obrien81@example.net,512-555-5280,15,Bronze,2024-03-27,True,2025-09-06 12:41:25+00
510,Lucien,Patel,lucien.patel@example.com,281-555-5232,6,Gold,2024-02-23,True,2024-02-23 11:41:40+00
511,Santiago,Adams,santiago.adams11@example.net,512-555-1397,14,Bronze,2025-12-15,True,2026-01-26 13:45:41+00
512,Ethan,Nelson,ethan.nelson64@example.net,737-555-5240,14,Gold,2026-06-25,True,2026-06-25 11:51:21+00
513,Matthew,Flores,matthew.flores27@example.org,469-555-2699,8,Silver,2025-10-02,True,2026-01-28 13:03:21+00
514,Margot,Lopez,margot.lopez@example.net,512-555-4072,13,Silver,2024-09-24,True,2024-11-05 06:28:27+00
515,Valeria,Rodriguez,valeria.rodriguez51@example.com,832-555-4687,1,Silver,2025-10-15,True,2026-05-16 02:12:03+00
516,Marcus,Wright,marcus.wright2@example.com,281-555-1890,4,Bronze,2025-02-27,True,2025-07-07 11:29:02+00
517,Margot,Jackson,margot.jackson@example.org,469-555-2352,11,Silver,2025-03-24,True,2025-03-24 18:36:12+00
518,Marcus,Adams,marcus.adams@example.com,713-555-4147,4,Bronze,2026-04-01,True,2026-05-26 17:18:10+00
519,Maria,Robichaux,maria.robichaux30@example.com,713-555-3721,4,Silver,2024-09-13,True,2024-10-20 15:24:48+00
520,Brianna,O'Brien,brianna.obrien@example.com,726-555-3758,17,Bronze,2025-03-12,False,2025-03-12 17:53:36+00
521,David,Carter,david.carter89@example.com,281-555-2949,20,Bronze,2026-04-07,True,2026-05-15 11:45:05+00
522,Noah,Hill,noah.hill@example.com,469-555-8751,11,Silver,2025-11-15,False,2026-01-01 03:05:36+00
523,Madison,Hill,madison.hill@example.org,210-555-5009,17,Silver,2023-12-25,True,2023-12-25 08:20:37+00
524,Destiny,Garcia,destiny.garcia79@example.org,281-555-3620,20,Bronze,2026-04-26,True,2026-04-26 17:13:04+00
525,Emily,Lewis,emily.lewis94@example.org,713-555-6977,3,Silver,2025-11-28,True,2025-11-28 23:39:48+00
526,Emily,Turner,emily.turner50@example.net,214-555-2655,9,Silver,2025-12-16,False,2025-12-16 20:28:22+00
527,Colton,Rivera,colton.rivera82@example.com,469-555-2173,8,Bronze,2023-07-17,False,2025-02-15 15:07:15+00
528,Remy,Hill,remy.hill@example.com,832-555-6193,2,Bronze,2024-02-19,False,2025-10-10 12:57:12+00
529,Marcus,Morales,marcus.morales41@example.net,737-555-6017,15,Bronze,2025-11-05,True,2026-01-19 02:06:30+00
530,Minh,Perez,minh.perez6@example.com,469-555-7258,9,Bronze,2023-08-07,False,2023-08-07 13:54:25+00
531,Mai,Robinson,mai.robinson40@example.org,214-555-4704,10,Silver,2025-05-08,True,2025-08-09 09:20:57+00
532,Destiny,Rodriguez,destiny.rodriguez46@example.net,281-555-1755,3,Bronze,2026-01-31,True,2026-01-31 08:30:13+00
533,Anika,Fontenot,anika.fontenot@example.org,713-555-2199,4,Silver,2023-07-15,False,2025-07-27 21:04:43+00
534,Austin,Roberts,austin.roberts1@example.net,726-555-3541,18,Silver,2025-05-10,True,2025-09-28 03:05:31+00
535,Kayla,Rodriguez,kayla.rodriguez@example.com,713-555-8153,1,Silver,2024-10-27,False,2024-10-27 19:01:53+00
536,Andrew,Rodriguez,andrew.rodriguez60@example.org,281-555-0049,5,Silver,2024-08-31,False,2024-08-31 11:23:28+00
537,Carmen,Turner,carmen.turner@example.com,281-555-7071,6,Silver,2025-07-27,False,2026-02-19 23:54:32+00
538,Wyatt,King,wyatt.king52@example.com,972-555-0867,10,Silver,2026-03-30,True,2026-05-21 10:05:22+00
539,Chloe,LeBlanc,chloe.leblanc1@example.com,512-555-3358,12,Bronze,2024-07-05,True,2024-07-05 20:00:09+00
540,Andrew,Hebert,andrew.hebert60@example.com,972-555-4985,10,Silver,2024-10-28,True,2025-11-18 12:36:07+00
541,Sarah,Phillips,sarah.phillips@example.com,281-555-2450,2,Gold,2025-03-21,True,2026-01-15 10:45:23+00
542,Josette,Walker,josette.walker70@example.net,832-555-8779,5,Bronze,2023-12-30,False,2024-01-11 10:20:04+00
543,Andre,Carter,andre.carter19@example.com,210-555-7796,17,Gold,2024-11-25,True,2024-11-25 09:56:10+00
544,Caleb,Davis,caleb.davis@example.net,737-555-1755,13,Gold,2024-05-06,False,2024-11-14 13:46:24+00
545,Brianna,Doucet,brianna.doucet@example.org,737-555-9461,13,Bronze,2024-08-16,True,2026-03-06 05:51:20+00
546,Aaliyah,Walker,aaliyah.walker@example.net,737-555-4694,13,Silver,2025-08-03,True,2025-11-02 19:26:48+00
547,Pierre,Williams,pierre.williams@example.org,512-555-2977,15,Silver,2024-03-07,False,2024-11-30 21:37:07+00
548,Abigail,Robichaux,abigail.robichaux6@example.com,832-555-3100,2,Bronze,2025-01-02,True,2025-10-22 12:03:00+00
549,Lucia,Brown,lucia.brown90@example.net,214-555-0606,7,Bronze,2025-10-29,True,2026-03-12 08:26:34+00
550,Caleb,Carter,caleb.carter@example.net,469-555-8153,11,Bronze,2025-04-15,False,2025-04-15 15:01:28+00
551,Madison,Jackson,madison.jackson62@example.net,972-555-8494,7,Bronze,2026-01-13,True,2026-03-19 20:07:16+00
552,Matthew,Lopez,matthew.lopez124@example.com,726-555-8676,17,Bronze,2024-10-01,True,2025-03-29 20:09:03+00
553,James,Comeaux,james.comeaux11@example.org,972-555-8066,10,Silver,2023-11-06,False,2023-11-06 20:23:29+00
554,Santiago,Wilson,santiago.wilson8@example.com,737-555-0854,15,Silver,2025-12-22,True,2026-05-10 07:01:57+00
555,Marcus,Hill,marcus.hill@example.org,210-555-8472,17,Silver,2024-12-07,False,2026-06-26 18:37:47+00
556,Diego,Lopez,diego.lopez2@example.com,972-555-0125,10,Bronze,2023-09-22,False,2025-06-09 15:05:29+00
557,Darnell,Patel,darnell.patel@example.net,210-555-6585,18,Bronze,2023-12-14,True,2023-12-14 13:54:38+00
558,Mia,Miller,mia.miller47@example.net,737-555-7314,12,Bronze,2023-10-15,False,2023-10-15 08:15:16+00
559,Juan,Rodriguez,juan.rodriguez@example.net,726-555-0664,17,Bronze,2025-07-02,True,2025-07-02 16:43:09+00
560,Jennifer,O'Brien,jennifer.obrien37@example.net,972-555-1282,7,Bronze,2023-04-12,True,2023-04-12 12:11:16+00
561,Darnell,Thibodeaux,darnell.thibodeaux3@example.net,972-555-9742,10,Bronze,2025-03-21,True,2025-06-06 19:33:18+00
562,Andrew,Garcia,andrew.garcia@example.net,469-555-5325,11,Bronze,2026-06-01,True,2026-06-01 21:56:02+00
563,Chloe,Harris,chloe.harris2@example.org,832-555-5532,3,Silver,2023-03-22,True,2025-01-21 00:00:47+00
564,Grace,Gonzalez,grace.gonzalez95@example.org,972-555-2814,8,Bronze,2024-11-03,True,2025-03-14 18:14:41+00
565,Remy,Le,remy.le@example.net,210-555-9684,19,Bronze,2025-04-05,True,2026-03-02 05:14:25+00
566,Ximena,Hill,ximena.hill36@example.com,737-555-5403,13,Gold,2025-03-06,True,2026-01-13 14:14:55+00
567,Josette,Thomas,josette.thomas63@example.org,713-555-9555,4,Bronze,2024-08-02,True,2025-01-12 10:30:58+00
568,Grace,Ramirez,grace.ramirez99@example.net,972-555-3283,7,Gold,2024-01-03,False,2026-06-21 16:25:38+00
569,Jose,Sanchez,Jose.sanchez@Example.org,832-555-4193,4,Silver,2023-06-29,False,2023-06-29 12:26:52+00
570,Noah,Perez,noah.perez33@example.com,281-555-6872,1,Bronze,2023-01-14,True,2023-01-14 21:26:47+00
571,Luis,Shah,luis.shah76@example.net,210-555-9679,19,Gold,2024-01-30,True,2024-01-30 12:05:56+00
572,Jennifer,Jackson,jennifer.jackson82@example.com,469-555-4840,9,Silver,2024-11-23,True,2026-04-30 11:58:49+00
573,Santiago,Comeaux,santiago.comeaux63@example.net,281-555-4497,6,Silver,2023-02-11,True,2024-06-27 15:55:02+00
574,Margot,Hebert,margot.hebert@example.net,512-555-3885,12,Bronze,2025-12-30,True,2025-12-30 19:41:59+00
575,Madison,Jones,madison.jones91@example.org,713-555-2792,1,Bronze,2024-10-04,False,2025-02-08 16:49:22+00
576,Chloe,Green,chloe.green@example.net,713-555-7281,6,Bronze,2026-01-26,True,2026-05-19 01:15:46+00
577,Emily,Kumar,emily.kumar@example.org,737-555-9325,14,Bronze,2026-04-13,False,2026-05-30 12:25:09+00
578,Jose,Reddy,jose.reddy70@example.com,737-555-0803,13,Bronze,2023-07-21,False,2024-07-27 21:52:42+00
579,Austin,Davis,Austin.davis@Example.org,832-555-1752,20,Bronze,2026-06-23,True,2026-06-28 23:30:38+00
580,Sarah,Rivera,sarah.rivera38@example.com,512-555-6626,12,Bronze,2026-02-10,False,2026-02-10 13:24:49+00
581,Chloe,Gomez,chloe.gomez@example.org,214-555-4090,10,Bronze,2024-02-21,True,2024-02-21 08:15:09+00
582,Juan,Pham,juan.pham22@example.com,737-555-2560,15,Bronze,2024-04-11,False,2024-04-11 13:14:58+00
583,Diego,King,diego.king96@example.org,726-555-3766,18,Bronze,2025-12-26,True,2026-01-17 06:18:15+00
584,Carlos,Adams,carlos.adams@example.com,512-555-1970,14,Gold,2023-10-03,True,2023-11-06 14:09:06+00
585,Noah,Comeaux,noah.comeaux74@example.org,210-555-1509,19,Bronze,2025-12-02,True,2025-12-02 14:38:47+00
586,Brianna,Boudreaux,brianna.boudreaux19@example.com,210-555-8832,16,Bronze,2024-01-16,True,2024-07-30 09:16:10+00
587,Lucien,Hebert,lucien.hebert81@example.org,726-555-3533,17,Bronze,2023-11-09,False,2024-03-16 12:58:32+00
588,Chloe,Robinson,chloe.robinson29@example.com,281-555-2043,3,Bronze,2024-11-30,False,2024-11-30 14:43:47+00
589,Lucien,Gomez,lucien.gomez54@example.net,737-555-2024,14,Silver,2025-01-30,True,2026-04-02 06:08:04+00
590,Mia,Landry,mia.landry@example.com,469-555-3576,9,Bronze,2024-01-14,False,2024-04-08 20:46:30+00
591,Jessica,King,jessica.king@example.net,972-555-8350,11,Gold,2023-05-27,True,2025-08-24 01:27:59+00
592,Linh,Doucet,linh.doucet@example.com,512-555-0411,13,Gold,2024-03-10,True,2024-03-10 18:22:32+00
593,Ethan,LeBlanc,ethan.leblanc@example.com,713-555-2819,20,Bronze,2026-04-01,True,2026-04-05 11:45:20+00
594,Mateo,Robinson,mateo.robinson35@example.net,832-555-5743,20,Bronze,2026-05-18,False,2026-06-06 15:46:19+00
595,Camille,Rivera,camille.rivera88@example.net,281-555-0627,6,Bronze,2023-03-28,True,2024-06-25 06:26:36+00
596,Brianna,Brown,brianna.brown10@example.com,737-555-1716,15,Silver,2025-10-03,True,2025-10-03 20:07:24+00
597,Emily,Wright,emily.wright12@example.com,737-555-6368,15,Bronze,2026-04-20,True,2026-04-20 17:23:27+00
598,Arjun,LeBlanc,arjun.leblanc44@example.net,972-555-5599,7,Silver,2024-03-21,False,2024-03-21 18:56:55+00
599,Lucien,Diaz,lucien.diaz48@example.com,713-555-9136,3,Bronze,2025-04-17,True,2025-04-17 08:40:09+00
600,Brianna,Davis,brianna.davis39@example.com,832-555-4795,1,Bronze,2023-12-26,True,2026-01-18 20:08:24+00
601,Camille,Roberts,camille.roberts90@example.net,737-555-2649,15,Silver,2026-02-21,True,2026-03-15 04:12:11+00
602,Aaliyah,Walker,aaliyah.walker9@example.net,972-555-0445,10,Silver,2023-04-05,True,2025-11-04 15:56:00+00
603,Michael,Flores,michael.flores24@example.net,713-555-9901,20,Bronze,2026-05-24,True,2026-06-15 13:30:14+00
604,Destiny,Patel,destiny.patel@example.net,469-555-8932,9,Bronze,2024-11-26,False,2024-11-26 13:55:02+00
605,Brianna,LeBlanc,brianna.leblanc94@example.net,281-555-9903,20,Bronze,2026-06-20,True,2026-06-23 17:23:38+00
606,Celeste,Diaz,celeste.diaz21@example.net,972-555-6832,8,Bronze,2025-08-04,False,2025-08-04 09:47:44+00
607,Robert,Gomez,robert.gomez77@example.net,726-555-6833,16,Silver,2024-01-20,False,2025-07-01 01:00:48+00
608,Lucien,Miller,lucien.miller90@example.net,713-555-8151,2,Bronze,2026-04-17,True,2026-04-17 09:31:45+00
609,Kayla,O'Brien,kayla.obrien60@example.org,214-555-4795,11,Bronze,2024-01-15,True,2024-01-15 15:01:39+00
610,Camille,Roberts,camille.roberts47@example.com,210-555-7614,16,Silver,2023-06-09,True,2026-04-27 00:42:36+00
611,David,Adams,david.adams75@example.org,210-555-2065,19,Silver,2024-08-07,False,2024-08-07 08:11:30+00
612,Noah,Gomez,noah.gomez@example.org,726-555-4868,17,Silver,2023-06-10,True,2023-06-10 16:48:34+00
613,Santiago,McAllister,santiago.mcallister@example.net,281-555-8788,1,Bronze,2026-02-04,True,2026-02-04 11:32:01+00
614,Ashley,Flores,ashley.flores@example.com,972-555-3999,7,Silver,2026-03-20,False,2026-03-20 13:17:33+00
615,Pierre,Scott,pierre.scott96@example.org,713-555-9600,1,Bronze,2023-10-05,False,2025-02-01 03:16:28+00
616,Madison,Davis,madison.davis86@example.org,713-555-7692,3,Bronze,2025-10-06,True,2026-05-08 11:58:05+00
617,Jamal,Gomez,jamal.gomez@example.org,737-555-4426,13,Gold,2025-04-23,False,2025-04-23 14:29:35+00
618,Liam,Le,liam.le15@example.org,512-555-4721,14,Bronze,2026-06-20,False,2026-06-20 09:51:53+00
619,Chloe,Phillips,chloe.phillips@example.com,512-555-3521,15,Silver,2023-06-10,True,2023-06-10 08:01:39+00
620,Minh,Torres,minh.torres@example.org,210-555-5182,17,Bronze,2024-01-12,True,2025-09-21 10:41:01+00
621,Minh,Broussard,minh.broussard97@example.org,512-555-8458,15,Bronze,2024-10-02,False,2025-10-29 06:31:05+00
622,Celeste,Green,celeste.green35@example.net,210-555-9856,16,Bronze,2026-05-25,False,2026-06-13 13:08:59+00
623,Ashley,Fontenot,ashley.fontenot3@example.org,713-555-4895,1,Silver,2023-10-15,True,2023-10-15 10:46:00+00
624,Sarah,Thomas,sarah.thomas90@example.net,281-555-6542,5,Bronze,2026-04-16,False,2026-05-28 12:43:14+00
625,Destiny,Landry,destiny.landry@example.net,512-555-6040,12,Bronze,2023-11-06,True,2024-09-27 19:14:12+00
626,Joshua,Smith,joshua.smith22@example.org,726-555-9326,17,Bronze,2023-09-28,True,2026-03-04 11:51:08+00
627,Tuan,Flores,tuan.flores@example.org,832-555-9921,1,Bronze,2024-05-04,False,2025-10-06 06:26:14+00
628,Chloe,Tran,chloe.tran49@example.com,469-555-1923,10,Bronze,2023-06-26,False,2025-03-01 17:13:41+00
629,Wyatt,Johnson,  wyatt.johnson@example.com ,737-555-9173,14,Bronze,2024-03-19,True,2024-03-19 13:38:17+00
630,Jamal,Sanchez,jamal.sanchez59@example.com,713-555-3989,1,Gold,2024-01-28,True,2024-12-02 04:21:51+00
631,Ava,Turner,ava.turner@example.com,214-555-8419,8,Bronze,2026-05-11,True,2026-06-01 20:48:48+00
632,Joshua,Johnson,joshua.johnson@example.org,726-555-7161,18,Bronze,2025-04-30,True,2025-07-22 20:09:38+00
633,Brianna,Ramirez,brianna.ramirez@example.org,737-555-8322,13,Bronze,2023-12-30,False,2026-02-18 14:13:43+00
634,James,Patel,james.patel1@example.net,832-555-9348,5,Bronze,2026-01-01,True,2026-01-01 12:48:18+00
635,Michael,Tran,michael.tran66@example.net,210-555-9785,17,Bronze,2025-02-28,False,2025-02-28 08:25:42+00
636,Linda,Gonzalez,linda.gonzalez@example.com,972-555-2216,7,Silver,2024-12-30,True,2024-12-30 20:54:40+00
637,Madison,Brown,madison.brown74@example.com,726-555-6978,17,Bronze,2026-05-30,False,2026-05-30 15:29:27+00
638,Celeste,Carter,celeste.carter25@example.net,281-555-1677,6,Bronze,2026-06-02,True,2026-06-12 16:30:25+00
639,Jessica,Nguyen,jessica.nguyen74@example.net,737-555-1514,12,Bronze,2023-09-17,False,2023-09-17 19:25:58+00
640,Sofia,Tran,sofia.tran@example.com,972-555-8733,8,Silver,2023-10-31,True,2026-05-23 16:34:06+00
641,Andrew,Brown,andrew.brown92@example.com,832-555-1298,6,Gold,2025-08-16,True,2025-08-16 10:53:23+00
642,Celeste,Gonzalez,celeste.gonzalez3@example.com,726-555-4392,18,Silver,2024-01-08,True,2024-01-08 21:26:55+00
643,Jessica,Jones,jessica.jones32@example.org,281-555-0993,4,Bronze,2026-05-12,True,2026-06-12 09:35:30+00
644,Minh,O'Brien,minh.obrien17@example.org,832-555-3615,2,Bronze,2023-02-16,True,2023-12-16 18:38:49+00
645,Chloe,Young,chloe.young33@example.net,972-555-2982,7,Gold,2024-11-04,False,2025-06-28 08:48:29+00
646,Diego,Nguyen,diego.nguyen83@example.org,737-555-9220,14,Silver,2025-08-10,False,2026-05-16 05:00:56+00
647,Santiago,Jackson,santiago.jackson43@example.net,726-555-1746,16,Bronze,2026-02-24,True,2026-04-27 14:02:20+00
648,Arjun,Rodriguez,  arjun.rodriguez87@example.com ,713-555-0171,20,Bronze,2026-05-22,False,2026-05-22 11:45:43+00
649,Josette,McAllister,josette.mcallister@example.org,281-555-7254,6,Bronze,2026-06-23,True,2026-06-24 19:45:39+00
650,Robert,Comeaux,robert.comeaux@example.com,214-555-7312,8,Bronze,2023-11-23,True,2023-11-23 08:57:28+00
651,Mai,Comeaux,mai.comeaux80@example.org,832-555-8165,3,Silver,2024-02-17,True,2026-02-12 06:32:11+00
652,Chloe,Phillips,chloe.phillips35@example.net,512-555-1988,12,Silver,2023-03-18,True,2026-04-21 04:24:13+00
653,Jessica,Davis,jessica.davis57@example.com,281-555-3696,20,Bronze,2026-04-11,True,2026-05-07 18:01:03+00
654,Darnell,Landry,darnell.landry33@example.org,737-555-8807,14,Silver,2025-03-03,True,2025-05-26 03:27:23+00
655,Robert,Miller,robert.miller94@example.org,512-555-4036,12,Bronze,2025-04-03,True,2025-04-14 06:40:52+00
656,Ashley,Broussard,ashley.broussard@example.net,972-555-1363,8,Bronze,2026-02-17,True,2026-03-06 15:29:39+00
657,Kayla,Torres,kayla.torres@example.com,726-555-0981,19,Bronze,2023-05-20,True,2025-12-26 01:44:51+00
658,Valeria,LeBlanc,valeria.leblanc@example.net,214-555-5434,10,Silver,2024-12-31,True,2025-09-06 13:51:59+00
659,Margot,Harris,margot.harris99@example.net,713-555-6391,3,Bronze,2026-01-15,True,2026-01-15 16:21:04+00
660,Pierre,Flores,pierre.flores96@example.org,469-555-2707,7,Silver,2023-08-12,True,2023-08-12 11:02:32+00
661,Mateo,Brown,mateo.brown79@example.org,281-555-1594,2,Silver,2024-06-06,True,2026-01-26 03:16:18+00
662,David,Rodriguez,david.rodriguez55@example.net,832-555-1684,4,Silver,2025-09-27,True,2025-09-27 10:29:41+00
663,Remy,Walker,remy.walker21@example.com,713-555-2051,1,Bronze,2024-03-30,True,2024-03-30 13:49:38+00
664,Emily,Le,  emily.le96@example.org ,214-555-4120,9,Bronze,2026-01-21,False,2026-04-05 19:22:09+00
665,Remy,O'Brien,remy.obrien17@example.org,512-555-1387,13,Bronze,2026-06-25,True,2026-06-26 22:28:08+00
666,Austin,Carter,austin.carter@example.net,214-555-0946,7,Bronze,2026-02-17,False,2026-06-17 15:22:44+00
667,Linh,Rodriguez,linh.rodriguez@example.org,469-555-9739,8,Gold,2024-11-17,True,2025-02-16 00:11:18+00
668,Santiago,Robinson,santiago.robinson@example.net,210-555-0347,19,Gold,2024-12-14,True,2024-12-14 21:12:35+00
669,Andre,Miller,andre.miller62@example.com,737-555-7249,15,Bronze,2026-05-26,True,2026-05-26 18:41:45+00
670,Abigail,Davis,abigail.davis61@example.net,972-555-1730,11,Silver,2025-09-18,False,2026-06-06 20:07:29+00
671,Carmen,Wright,carmen.wright8@example.org,281-555-6235,6,Bronze,2023-11-21,True,2024-05-10 03:34:38+00
672,Olivia,Hebert,olivia.hebert@example.com,210-555-1156,18,Silver,2026-01-19,True,2026-01-19 20:53:32+00
673,Matthew,McAllister,matthew.mcallister26@example.net,832-555-7790,5,Bronze,2024-11-19,True,2026-04-17 09:40:58+00
674,Tyrone,Smith,tyrone.smith91@example.net,972-555-5875,7,Bronze,2024-10-14,False,2026-03-21 06:12:26+00
675,Andre,Robichaux,andre.robichaux@example.net,726-555-6954,18,Bronze,2023-12-26,True,2026-03-05 11:14:12+00
676,Isabella,Gomez,isabella.gomez@example.net,214-555-3648,11,Silver,2024-04-01,True,2024-04-01 20:27:51+00
677,Luis,McAllister,luis.mcallister@example.org,512-555-8388,15,Bronze,2024-12-15,True,2024-12-15 19:50:35+00
678,Chloe,Jackson,chloe.jackson8@example.com,737-555-7772,12,Bronze,2026-01-20,False,2026-01-20 14:26:40+00
679,Juan,Young,juan.young@example.net,512-555-9298,13,Bronze,2026-02-23,False,2026-02-23 20:04:26+00
680,Destiny,Rivera,destiny.rivera@example.com,281-555-6163,6,Bronze,2025-06-16,False,2025-12-31 00:34:07+00
681,Wyatt,Carter,wyatt.carter11@example.com,281-555-6595,5,Silver,2024-03-31,False,2025-11-08 23:47:52+00
682,Mateo,Green,mateo.green@example.org,972-555-2471,7,Bronze,2024-12-07,True,2024-12-07 16:25:50+00
683,Emily,King,emily.king92@example.net,281-555-1843,3,Bronze,2023-02-04,True,2023-02-04 11:44:53+00
684,Mia,Fontenot,mia.fontenot82@example.net,726-555-6068,18,Gold,2023-03-26,False,2025-11-13 11:40:57+00
685,Andre,Mitchell,andre.mitchell@example.net,713-555-7746,6,Silver,2025-07-18,True,2026-06-23 06:56:29+00
686,Celeste,Jackson,celeste.jackson@example.com,214-555-5095,11,Silver,2023-06-05,True,2023-06-05 20:22:53+00
687,Lucas,Jones,lucas.jones90@example.com,726-555-1251,16,Bronze,2026-01-30,True,2026-06-08 04:32:43+00
688,Isabella,Nelson,isabella.nelson42@example.org,210-555-5083,16,Bronze,2026-01-20,True,2026-06-08 23:51:44+00
689,Sarah,Johnson,sarah.johnson11@example.net,972-555-3819,9,Bronze,2026-02-01,True,2026-03-12 15:27:33+00
690,Ava,Thomas,ava.thomas64@example.net,214-555-1314,10,Silver,2026-06-23,True,2026-06-28 18:49:19+00
691,David,Ramirez,david.ramirez31@example.net,713-555-8666,20,Bronze,2026-06-04,True,2026-06-04 10:52:24+00
692,Michael,Carter,Michael.carter@Example.net,737-555-4177,13,Bronze,2025-11-09,True,2025-11-09 09:06:00+00
693,Margot,Robinson,margot.robinson46@example.org,726-555-9184,16,Silver,2023-09-17,True,2023-10-17 23:23:20+00
694,Abigail,Hill,abigail.hill62@example.org,726-555-0045,18,Bronze,2024-04-13,False,2025-08-15 07:13:20+00
695,Pierre,Harris,pierre.harris86@example.org,210-555-7254,16,Silver,2026-02-01,False,2026-05-28 21:03:21+00
696,Maria,Tran,maria.tran@example.org,832-555-1588,4,Bronze,2025-05-09,False,2026-01-22 14:14:30+00
697,Grace,Adams,grace.adams25@example.org,737-555-3554,12,Silver,2023-02-17,True,2023-03-24 23:07:25+00
698,Rohan,Rivera,rohan.rivera@example.net,281-555-5768,2,Bronze,2026-02-13,False,2026-03-02 03:31:50+00
699,Andrew,Comeaux,andrew.comeaux75@example.com,512-555-9345,13,Bronze,2023-01-26,False,2023-01-26 13:49:57+00
700,Matthew,Rivera,matthew.rivera24@example.net,726-555-2962,19,Bronze,2023-12-13,True,2023-12-13 14:20:27+00
701,Harper,Wilson,harper.wilson@example.com,214-555-5550,10,Silver,2024-10-15,True,2026-06-04 19:31:11+00
702,Remy,Adams,remy.adams58@example.org,972-555-8359,9,Bronze,2023-06-09,True,2023-06-09 11:57:47+00
703,Ana,Arceneaux,ana.arceneaux@example.net,713-555-4321,1,Gold,2024-06-21,True,2024-06-21 08:10:56+00
704,Matthew,Brown,matthew.brown94@example.org,726-555-6608,19,Bronze,2025-12-28,False,2026-01-04 08:06:29+00
705,Ashley,Scott,ashley.scott31@example.org,713-555-9170,2,Bronze,2026-02-13,True,2026-02-13 09:07:14+00
706,Ava,Turner,ava.turner62@example.com,281-555-4601,1,Bronze,2023-02-03,True,2026-01-06 18:40:56+00
707,Madison,Kumar,madison.kumar@example.net,281-555-6484,5,Bronze,2024-10-10,True,2024-10-10 12:33:20+00
708,Josette,Diaz,josette.diaz15@example.com,713-555-7964,2,Bronze,2024-10-16,False,2025-04-27 08:35:08+00
709,Olivia,Baker,olivia.baker45@example.com,214-555-2289,9,Bronze,2023-03-16,False,2026-03-14 15:49:05+00
710,Priya,Robinson,priya.robinson81@example.com,469-555-0186,10,Gold,2024-12-13,True,2024-12-13 10:18:10+00
711,Celeste,Flores,celeste.flores67@example.net,832-555-5505,6,Bronze,2024-07-25,False,2024-07-25 13:41:40+00
712,Diego,Diaz,diego.diaz@example.com,281-555-1592,1,Bronze,2026-06-10,True,2026-06-19 11:43:58+00
713,Caleb,McAllister,caleb.mcallister88@example.net,832-555-4416,3,Bronze,2023-11-23,True,2023-11-23 18:02:46+00
714,Joshua,Turner,joshua.turner64@example.com,214-555-4519,8,Bronze,2026-04-23,True,2026-04-23 17:03:51+00
715,Robert,Jackson,robert.jackson@example.org,281-555-8242,2,Bronze,2026-04-02,False,2026-04-02 21:54:28+00
716,Minh,Williams,minh.williams@example.org,512-555-8467,14,Bronze,2026-04-13,False,2026-04-13 17:28:52+00
717,Joshua,Sanchez,joshua.sanchez61@example.com,832-555-0471,4,Bronze,2023-06-27,False,2023-10-13 16:21:31+00
718,Austin,Morales,austin.morales25@example.org,281-555-5259,6,Bronze,2023-08-26,False,2025-12-16 05:56:37+00
719,Ava,Doucet,ava.doucet@example.org,972-555-0983,8,Gold,2024-10-04,True,2026-03-22 13:23:53+00
720,Jessica,Adams,jessica.adams13@example.com,214-555-9018,8,Silver,2025-06-27,True,2025-06-27 21:46:09+00
721,Joshua,Green,joshua.green73@example.com,713-555-5493,1,Gold,2023-08-10,True,2023-08-10 18:45:44+00
722,Abigail,Flores,abigail.flores2@example.org,832-555-9482,3,Bronze,2023-08-29,True,2023-08-29 18:22:27+00
723,Sarah,Wilson,sarah.wilson@example.net,210-555-7537,17,Silver,2025-06-04,True,2025-08-11 09:39:35+00
724,Mateo,Flores,mateo.flores@example.org,281-555-7009,1,Bronze,2025-02-02,True,2025-02-02 14:33:46+00
725,Emily,Sanchez,emily.sanchez10@example.com,469-555-0711,10,Bronze,2026-04-21,True,2026-04-21 17:51:08+00
726,Wyatt,Carter,wyatt.carter@example.com,214-555-5609,10,Silver,2025-05-08,True,2025-05-08 21:15:28+00
727,Josette,Smith,josette.smith40@example.org,469-555-1845,7,Bronze,2025-11-10,True,2025-11-10 16:10:07+00
728,Lucien,Scott,lucien.scott@example.net,972-555-4611,9,Bronze,2023-07-27,False,2023-12-23 11:53:07+00
729,Carlos,Kumar,carlos.kumar@example.com,737-555-5482,15,Silver,2023-10-26,True,2025-09-20 02:59:00+00
730,Aaliyah,Davis,aaliyah.davis7@example.org,210-555-1088,17,Silver,2023-09-18,False,2024-04-12 05:35:42+00
731,Arjun,Thomas,arjun.thomas@example.com,713-555-5071,6,Bronze,2023-03-02,True,2024-04-28 14:13:26+00
732,Remy,Le,remy.le8@example.com,469-555-7182,7,Bronze,2025-05-03,False,2026-06-12 19:06:16+00
733,Camille,Smith,camille.smith75@example.com,832-555-2843,5,Bronze,2024-12-26,True,2024-12-26 21:42:59+00
734,Linh,Perez,linh.perez85@example.org,972-555-5658,10,Gold,2023-04-05,True,2025-11-16 10:41:14+00
735,Remy,Reyes,remy.reyes@example.com,737-555-9531,14,Bronze,2026-06-13,True,2026-06-15 16:08:33+00
736,Lucia,Perez,lucia.perez15@example.com,281-555-1268,5,Bronze,2023-07-29,True,2024-07-16 10:57:39+00
737,Robert,Le,robert.le54@example.org,469-555-0288,7,Bronze,2026-02-27,False,2026-02-27 08:18:48+00
738,Daniel,Patel,daniel.patel18@example.com,726-555-7026,19,Gold,2024-05-14,True,2024-05-14 10:06:52+00
739,Wyatt,Hernandez,wyatt.hernandez7@example.org,713-555-6072,1,Silver,2023-11-13,True,2025-10-08 09:47:47+00
740,Darnell,Garcia,darnell.garcia84@example.com,469-555-5433,9,Bronze,2026-03-09,False,2026-03-09 16:26:45+00
741,Madison,Kumar,madison.kumar70@example.com,737-555-9841,14,Bronze,2026-04-25,True,2026-04-25 13:37:11+00
742,Andre,Fontenot,andre.fontenot4@example.net,281-555-4024,3,Bronze,2024-09-07,True,2024-09-07 11:45:12+00
743,Maria,Torres,maria.torres@example.net,281-555-1409,1,Bronze,2026-05-05,True,2026-05-05 11:33:29+00
744,Luis,Ramirez,luis.ramirez28@example.com,713-555-1173,3,Bronze,2024-02-29,True,2024-02-29 16:26:47+00
745,Ximena,Williams,ximena.williams@example.net,726-555-0238,19,Bronze,2025-06-24,True,2025-06-24 21:41:22+00
746,Arjun,Baker,arjun.baker@example.net,281-555-8322,1,Bronze,2025-12-08,True,2025-12-09 05:15:26+00
747,Robert,Green,robert.green15@example.com,281-555-7659,4,Gold,2023-01-07,True,2023-01-07 10:26:39+00
748,Darnell,Nguyen,darnell.nguyen38@example.com,832-555-8115,1,Gold,2024-05-23,False,2024-09-17 10:25:43+00
749,Ava,Morales,ava.morales@example.org,281-555-8924,3,Silver,2023-05-11,True,2024-06-10 14:55:35+00
750,Lucien,Perez,lucien.perez@example.com,737-555-7667,12,Bronze,2026-04-21,True,2026-04-21 18:15:52+00
751,Wyatt,Gomez,wyatt.gomez83@example.org,832-555-8917,5,Bronze,2024-11-07,False,2024-11-07 08:06:54+00
752,Grace,Roberts,grace.roberts@example.org,512-555-5007,12,Bronze,2024-03-27,False,2024-03-27 17:51:41+00
753,Ana,Miller,ana.miller79@example.com,737-555-2624,12,Bronze,2023-12-05,False,2023-12-05 16:07:23+00
754,Ethan,Scott,ethan.scott82@example.org,726-555-1103,17,Bronze,2023-12-09,True,2023-12-09 17:14:19+00
755,Matthew,Gomez,matthew.gomez@example.net,832-555-0348,1,Silver,2023-11-25,False,2024-05-07 13:27:42+00
756,Austin,Torres,austin.torres@example.org,726-555-8420,17,Silver,2023-12-23,True,2023-12-23 16:16:29+00
757,Kayla,Hill,kayla.hill20@example.net,512-555-1502,12,Gold,2024-02-14,False,2024-04-28 19:57:57+00
758,Arjun,Phillips,arjun.phillips@example.net,832-555-9016,4,Bronze,2025-01-23,True,2025-12-28 22:15:45+00
759,Michael,McAllister,michael.mcallister@example.org,512-555-9615,15,Bronze,2023-04-16,True,2024-02-21 22:11:09+00
760,Hannah,Torres,hannah.torres94@example.com,210-555-4417,17,Bronze,2026-02-24,False,2026-02-24 13:19:27+00
761,Lucien,Pham,lucien.pham88@example.com,832-555-2706,5,Bronze,2024-07-20,False,2024-07-20 08:55:42+00
762,Matthew,Rivera,matthew.rivera19@example.net,210-555-1729,19,Bronze,2026-04-27,False,2026-04-27 08:21:12+00
763,Mia,Lopez,mia.lopez33@example.org,469-555-2897,9,Silver,2023-10-11,False,2024-11-14 06:20:24+00
764,Lucas,Thibodeaux,lucas.thibodeaux80@example.org,512-555-3626,12,Bronze,2026-06-24,False,2026-06-24 16:55:25+00
765,Jessica,Jones,jessica.jones72@example.org,713-555-1809,20,Silver,2026-06-08,True,2026-06-08 13:43:33+00
766,Austin,Rodriguez,austin.rodriguez84@example.com,972-555-0251,7,Gold,2024-02-26,True,2024-02-26 18:26:52+00
767,Valeria,Pham,valeria.pham73@example.net,210-555-6841,16,Bronze,2025-03-17,True,2025-05-27 18:01:56+00
768,Jennifer,Thomas,jennifer.thomas39@example.net,214-555-7373,7,Bronze,2023-06-10,True,2023-06-10 11:34:04+00
769,Diego,Torres,diego.torres6@example.com,210-555-0552,16,Bronze,2026-02-21,False,2026-02-21 16:11:24+00
770,Ava,Nguyen,ava.nguyen20@example.net,512-555-8603,12,Silver,2024-08-28,False,2026-04-11 03:14:05+00
771,Darnell,Young,darnell.young74@example.org,713-555-0987,4,Bronze,2024-03-06,True,2026-02-10 14:31:50+00
772,Kayla,Carter,kayla.carter23@example.org,972-555-6100,8,Silver,2025-03-10,False,2025-05-11 03:36:30+00
773,Linh,Tran,linh.tran46@example.org,469-555-0404,7,Gold,2024-07-08,False,2025-09-06 17:05:33+00
774,Brianna,Sanchez,brianna.sanchez66@example.net,832-555-5764,2,Bronze,2024-01-24,False,2025-10-04 10:01:43+00
775,Rohan,Walker,rohan.walker48@example.net,832-555-5213,1,Bronze,2023-06-25,True,2023-06-25 17:34:29+00
776,Wyatt,Hernandez,wyatt.hernandez@example.org,214-555-9888,7,Silver,2023-06-29,True,2023-06-29 18:49:25+00
777,Liam,Martinez,liam.martinez48@example.com,281-555-2415,1,Silver,2025-04-08,True,2025-04-08 14:02:47+00
778,Marcus,Morales,marcus.morales76@example.org,281-555-3014,4,Bronze,2023-09-06,False,2025-01-14 11:31:01+00
779,Lucia,Diaz,lucia.diaz19@example.net,512-555-8930,14,Bronze,2024-07-04,False,2025-08-08 22:43:24+00
780,Ximena,Martinez,ximena.martinez85@example.org,512-555-0608,14,Bronze,2026-03-16,False,2026-03-16 17:19:43+00
781,Juan,Brown,juan.brown@example.net,737-555-2640,15,Bronze,2025-09-11,True,2025-09-11 15:32:29+00
782,Celeste,Turner,celeste.turner60@example.net,214-555-1023,7,Bronze,2023-10-21,True,2023-10-21 08:06:58+00
783,Andre,Jackson,andre.jackson26@example.net,210-555-9609,18,Bronze,2023-05-01,False,2023-05-01 17:15:08+00
784,Mai,Walker,mai.walker80@example.net,737-555-8428,12,Bronze,2025-04-29,True,2025-04-29 08:01:57+00
785,Arjun,Jones,arjun.jones1@example.com,832-555-5433,3,Gold,2025-01-23,False,2025-01-23 17:51:31+00
786,Wyatt,Wright,wyatt.wright97@example.com,713-555-9673,3,Bronze,2026-01-24,False,2026-01-24 15:20:21+00
787,Pierre,Boudreaux,pierre.boudreaux@example.org,737-555-5283,14,Bronze,2026-05-26,False,2026-06-14 19:35:47+00
788,Jamal,Lewis,jamal.lewis12@example.net,713-555-7601,4,Bronze,2026-05-30,False,2026-06-14 08:13:09+00
789,Harper,Arceneaux,harper.arceneaux@example.org,214-555-2091,10,Bronze,2025-02-06,True,2025-02-06 12:12:18+00
790,Sarah,Ramirez,sarah.ramirez@example.net,281-555-8371,20,Bronze,2026-06-17,True,2026-06-18 12:36:33+00
791,Priya,Torres,priya.torres@example.net,832-555-0739,1,Bronze,2023-11-25,True,2025-03-23 09:33:11+00
792,Ethan,Martinez,ethan.martinez20@example.net,832-555-9188,1,Silver,2024-05-28,False,2024-06-05 05:18:33+00
793,Austin,Scott,austin.scott82@example.com,281-555-2654,20,Bronze,2026-06-01,False,2026-06-01 09:15:40+00
794,Josette,Broussard,josette.broussard54@example.net,737-555-2489,12,Silver,2023-02-04,True,2024-05-09 23:39:38+00
795,Tuan,King,tuan.king@example.com,281-555-8457,3,Bronze,2023-05-20,True,2023-05-20 17:50:22+00
796,Brianna,Scott,brianna.scott@example.org,726-555-1352,18,Bronze,2026-03-25,True,2026-03-25 08:48:25+00
797,Emily,Hernandez,emily.hernandez@example.org,210-555-1208,18,Bronze,2024-05-14,True,2024-05-14 21:35:27+00
798,Josette,Diaz,josette.diaz27@example.net,972-555-6806,11,Bronze,2026-02-03,False,2026-06-27 07:42:27+00
799,Kayla,Garcia,kayla.garcia@example.net,512-555-8562,12,Bronze,2026-06-06,True,2026-06-06 15:21:01+00
800,Kayla,Smith,kayla.smith49@example.org,281-555-9363,6,Silver,2024-01-23,True,2024-01-23 21:46:41+00
801,Isabella,McAllister,isabella.mcallister23@example.org,713-555-1747,1,Bronze,2026-01-02,True,2026-02-22 06:31:27+00
802,Grace,Kumar,grace.kumar70@example.org,512-555-2651,12,Bronze,2024-02-26,False,2024-02-26 16:51:14+00
803,Carmen,Guidry,carmen.guidry70@example.org,281-555-4254,6,Bronze,2025-12-31,True,2026-01-13 14:39:26+00
804,Ashley,Gonzalez,ashley.gonzalez@example.com,737-555-1717,13,Bronze,2024-06-20,True,2024-06-20 17:53:14+00
805,Wyatt,Pham,wyatt.pham25@example.com,210-555-9376,17,Silver,2025-04-17,True,2025-04-17 10:15:36+00
806,Mai,Doucet,mai.doucet@example.org,832-555-1393,1,Gold,2025-05-10,True,2026-01-17 11:26:49+00
807,Pierre,Perez,pierre.perez46@example.com,737-555-1327,12,Bronze,2023-01-31,True,2023-01-31 10:41:06+00
808,Josette,Smith,josette.smith@example.net,281-555-3860,5,Gold,2023-01-07,False,2025-07-03 02:14:55+00
809,Mateo,LeBlanc,mateo.leblanc35@example.com,210-555-2593,18,Bronze,2025-10-08,False,2025-10-08 10:54:52+00
810,Isabella,Robichaux,isabella.robichaux@example.org,713-555-4087,5,Bronze,2025-10-18,True,2025-10-18 16:55:47+00
811,Jessica,Wright,  jessica.wright@example.com ,512-555-4480,12,Gold,2023-05-26,True,2026-05-15 01:18:40+00
812,Celeste,Thibodeaux,celeste.thibodeaux20@example.com,469-555-6306,11,Gold,2024-12-09,True,2024-12-09 15:49:34+00
813,Wyatt,Davis,wyatt.davis9@example.net,214-555-3625,8,Bronze,2026-03-02,True,2026-03-02 08:13:05+00
814,Josette,Nelson,josette.nelson56@example.org,737-555-9518,14,Silver,2025-11-07,True,2025-12-07 23:48:31+00
815,Aaliyah,Landry,aaliyah.landry6@example.org,737-555-3661,14,Gold,2023-11-21,False,2023-11-21 15:34:34+00
816,Caleb,Walker,caleb.walker@example.net,512-555-7821,12,Silver,2025-06-14,True,2026-04-16 12:36:40+00
817,Harper,Williams,harper.williams74@example.net,512-555-9449,15,Silver,2024-12-09,True,2025-10-14 05:24:07+00
818,Camille,Williams,camille.williams40@example.com,713-555-6059,20,Bronze,2026-04-01,True,2026-06-30 23:54:23+00
819,Camille,Johnson,camille.johnson@example.org,469-555-4516,8,Bronze,2023-06-10,True,2024-08-15 01:43:40+00
820,Linda,Wright,linda.wright49@example.net,469-555-1588,10,Silver,2024-10-20,True,2026-05-26 04:21:14+00
821,Linda,Sanchez,linda.sanchez@example.net,832-555-3534,1,Bronze,2023-01-27,True,2025-03-25 15:05:14+00
822,Celeste,Wright,celeste.wright@example.net,726-555-5982,16,Bronze,2024-01-27,False,2024-01-27 16:12:43+00
823,Brianna,Turner,brianna.turner4@example.net,469-555-5172,11,Silver,2026-01-25,True,2026-06-18 01:19:31+00
824,Grace,Kumar,grace.kumar@example.com,469-555-0471,8,Bronze,2026-06-06,True,2026-06-06 08:54:14+00
825,Ava,McAllister, Ava.Mcallister@Example.Com,281-555-8924,2,Bronze,2025-06-07,False,2025-09-27 15:59:33+00
826,Lucien,Roberts,lucien.roberts59@example.net,210-555-7610,18,Bronze,2024-12-22,True,2026-04-18 06:26:02+00
827,Hannah,Walker,hannah.walker18@example.com,469-555-0676,8,Bronze,2023-12-14,False,2023-12-14 20:57:46+00
828,Olivia,Hill,olivia.hill96@example.net,737-555-2676,14,Bronze,2024-04-12,True,2024-05-19 04:03:39+00
829,Carmen,Pham,carmen.pham87@example.com,832-555-5757,3,Gold,2024-02-07,True,2025-09-18 19:28:35+00
830,Valeria,Perez,valeria.perez53@example.org,210-555-2658,19,Silver,2025-03-12,True,2025-03-12 15:39:20+00
831,Josette,Davis,josette.davis87@example.net,281-555-3560,4,Bronze,2026-02-26,False,2026-05-04 08:16:00+00
832,Juan,Thibodeaux,juan.thibodeaux24@example.org,832-555-6654,4,Bronze,2026-03-04,False,2026-04-22 07:41:36+00
833,Daniel,Fontenot,daniel.fontenot19@example.net,726-555-4789,17,Bronze,2026-01-05,True,2026-01-05 18:16:27+00
834,Olivia,Morales,olivia.morales50@example.com,210-555-9131,19,Silver,2025-06-28,True,2025-09-02 20:27:00+00
835,Carlos,Davis,carlos.davis@example.com,832-555-2978,4,Silver,2024-06-06,True,2024-06-06 15:44:34+00
836,Mia,Robichaux,mia.robichaux@example.org,214-555-3248,10,Silver,2023-08-12,True,2024-04-15 12:13:26+00
837,Hannah,Arceneaux,hannah.arceneaux70@example.com,512-555-3048,15,Silver,2023-02-20,True,2025-03-31 08:59:45+00
838,Marcus,Turner,marcus.turner72@example.com,726-555-5248,18,Bronze,2025-10-31,False,2026-03-12 01:56:09+00
839,Valeria,Turner,valeria.turner@example.com,214-555-4640,8,Bronze,2025-04-13,True,2025-07-20 21:07:48+00
840,Grace,Patel,grace.patel@example.com,469-555-0428,11,Bronze,2023-06-20,True,2023-06-20 16:12:48+00
841,Andrew,Baker,andrew.baker54@example.com,512-555-7227,15,Bronze,2023-03-23,False,2023-03-23 16:06:46+00
842,Michael,Gomez,michael.gomez80@example.com,512-555-3009,14,Bronze,2023-05-22,True,2023-05-22 16:04:25+00
843,Juan,Phillips,juan.phillips22@example.org,210-555-1665,16,Silver,2024-02-17,False,2026-05-11 06:27:01+00
844,Darnell,Turner,darnell.turner92@example.org,737-555-7157,12,Bronze,2025-06-08,True,2025-06-08 12:54:31+00
845,Joshua,Garcia,joshua.garcia@example.com,832-555-2302,3,Silver,2023-06-25,False,2023-06-25 18:20:02+00
846,Aaliyah,Harris,aaliyah.harris@example.net,726-555-2150,18,Bronze,2025-06-16,True,2026-01-30 12:47:50+00
847,Camille,LeBlanc,camille.leblanc55@example.net,210-555-0330,17,Bronze,2023-01-03,True,2024-06-18 19:48:26+00
848,Harper,Torres,harper.torres49@example.org,210-555-8716,16,Silver,2025-03-20,True,2025-11-05 17:29:18+00
849,Andre,Landry,andre.landry99@example.org,281-555-5458,2,Bronze,2026-03-06,False,2026-04-27 00:19:20+00
850,Austin,Carter,austin.carter69@example.org,281-555-7068,4,Bronze,2025-11-18,True,2026-04-14 13:20:52+00
851,Daniel,Roberts,daniel.roberts@example.org,512-555-7132,15,Bronze,2024-06-05,True,2025-01-21 12:25:37+00
852,Kayla,Reyes,kayla.reyes87@example.net,832-555-9619,1,Bronze,2026-02-19,True,2026-02-19 17:14:01+00
853,Margot,LeBlanc,margot.leblanc@example.net,281-555-8447,20,Silver,2026-06-03,True,2026-06-15 01:44:30+00
854,Sofia,Comeaux,sofia.comeaux1@example.net,469-555-5182,8,Bronze,2026-03-02,False,2026-04-12 15:17:58+00
855,Emily,Robinson,emily.robinson88@example.net,512-555-6527,14,Gold,2024-03-17,False,2024-03-17 16:03:07+00
856,Andrew,Fontenot,andrew.fontenot61@example.net,210-555-5404,18,Silver,2024-01-21,True,2024-12-06 01:01:33+00
857,Juan,Hebert,juan.hebert56@example.net,214-555-4759,8,Bronze,2026-03-29,True,2026-04-06 06:35:51+00
858,Diego,Mitchell,diego.mitchell@example.net,972-555-3083,7,Silver,2024-08-11,True,2024-11-26 08:44:52+00
859,Carlos,Boudreaux,carlos.boudreaux@example.com,737-555-2599,12,Bronze,2024-12-28,True,2024-12-28 09:41:09+00
860,Linh,Torres,linh.torres9@example.net,512-555-1828,12,Gold,2024-05-03,True,2025-07-20 22:42:38+00
861,Lucien,Diaz,lucien.diaz23@example.net,214-555-3720,8,Bronze,2023-03-12,True,2023-03-12 18:57:27+00
862,Pierre,Diaz,pierre.diaz@example.net,512-555-8915,12,Bronze,2023-01-07,True,2023-01-07 17:58:17+00
863,Mai,Nguyen,mai.nguyen15@example.com,726-555-2216,19,Bronze,2023-02-12,False,2023-02-12 10:55:40+00
864,Valeria,Kumar,valeria.kumar@example.org,972-555-3653,9,Silver,2024-09-21,True,2024-09-21 19:41:20+00
865,Mateo,Garcia,mateo.garcia@example.com,832-555-6989,4,Gold,2024-07-16,False,2024-07-16 10:18:29+00
866,Colton,Nelson,colton.nelson2@example.net,972-555-0077,8,Bronze,2025-03-30,False,2025-03-30 15:49:45+00
867,Camille,Ramirez,camille.ramirez@example.net,214-555-3365,8,Bronze,2025-09-07,False,2026-02-03 17:26:57+00
868,Aaliyah,Wilson,aaliyah.wilson6@example.net,832-555-8724,3,Silver,2023-07-11,False,2025-09-14 20:20:58+00
869,Sofia,Jackson,sofia.jackson@example.net,832-555-4634,4,Silver,2025-11-15,True,2026-04-09 05:04:09+00
870,Colton,Gonzalez,colton.gonzalez@example.net,512-555-5260,14,Silver,2025-10-18,True,2026-03-23 16:38:55+00
871,Sofia,Lewis,sofia.lewis16@example.net,469-555-6366,7,Bronze,2026-06-06,False,2026-06-20 06:56:53+00
872,Sarah,Turner,sarah.turner48@example.org,726-555-5671,19,Silver,2024-08-04,False,2024-08-04 13:24:46+00
873,Grace,Thomas,grace.thomas78@example.com,713-555-8172,5,Silver,2023-07-13,True,2025-04-28 15:19:29+00
874,Tyrone,King,tyrone.king@example.net,832-555-4865,2,Bronze,2026-01-30,True,2026-01-30 15:27:28+00
875,Ana,Arceneaux,ana.arceneaux23@example.net,737-555-5898,15,Bronze,2023-01-21,False,2025-07-05 07:59:36+00
876,Mateo,Reyes,mateo.reyes75@example.org,726-555-8801,18,Bronze,2024-12-08,True,2024-12-08 10:55:40+00
877,Sarah,Patel,sarah.patel@example.com,832-555-9824,6,Bronze,2026-04-13,True,2026-05-29 07:15:34+00
878,Jennifer,Morales,jennifer.morales88@example.org,713-555-8712,4,Bronze,2026-04-17,True,2026-04-17 20:08:14+00
879,Ximena,Adams,ximena.adams@example.org,281-555-0997,4,Bronze,2023-05-27,True,2023-05-27 11:57:27+00
880,Isabella,LeBlanc,isabella.leblanc81@example.org,214-555-0369,11,Bronze,2023-03-11,True,2023-07-09 22:33:42+00
881,Emily,Arceneaux,emily.arceneaux@example.com,214-555-9914,9,Bronze,2026-01-27,True,2026-01-27 08:57:55+00
882,Darnell,Jackson,darnell.jackson63@example.net,713-555-0337,6,Gold,2025-01-21,False,2025-01-21 13:41:08+00
883,Tuan,Lopez,tuan.lopez6@example.com,832-555-3534,1,Silver,2024-11-23,True,2024-11-23 10:23:32+00
884,Margot,Tran,margot.tran@example.org,469-555-6065,10,Bronze,2023-05-02,False,2023-05-02 21:01:33+00
885,Santiago,Lewis,santiago.lewis@example.com,726-555-4149,19,Silver,2023-02-15,True,2024-07-17 03:29:43+00
886,David,King,david.king62@example.org,512-555-0226,13,Bronze,2023-04-27,False,2023-04-27 19:36:01+00
887,Valeria,Perez,valeria.perez65@example.net,972-555-2132,10,Silver,2025-04-03,True,2025-04-03 11:56:29+00
888,Ashley,Brown,ashley.brown62@example.com,832-555-8806,3,Silver,2025-03-21,True,2025-03-21 17:39:37+00
889,Mai,Lopez,mai.lopez51@example.org,832-555-6253,5,Bronze,2023-11-20,True,2023-11-20 14:52:39+00
890,Olivia,Scott,olivia.scott53@example.net,713-555-7090,6,Bronze,2026-04-21,True,2026-04-21 11:49:35+00
891,Jessica,Torres,jessica.torres31@example.com,512-555-6917,15,Bronze,2023-12-17,True,2026-02-10 00:01:20+00
892,Olivia,Brown,olivia.brown25@example.com,726-555-4895,18,Bronze,2026-05-28,True,2026-05-28 10:18:52+00
893,Lucien,Pham,lucien.pham@example.net,726-555-7197,18,Bronze,2023-06-07,False,2025-03-31 15:51:13+00
894,Colton,Nelson,colton.nelson@example.net,713-555-3755,20,Bronze,2026-05-14,True,2026-05-14 10:17:37+00
895,Sarah,Perez,sarah.perez71@example.org,832-555-1517,20,Bronze,2026-05-20,False,2026-06-02 07:02:07+00
896,Anika,Williams,anika.williams80@example.com,210-555-0414,19,Bronze,2023-06-04,True,2023-06-04 11:05:59+00
897,Abigail,Martinez,abigail.martinez77@example.org,832-555-2057,2,Bronze,2025-10-20,True,2026-05-09 02:52:06+00
898,Marcus,Garcia,marcus.garcia@example.com,713-555-8183,3,Gold,2024-07-22,False,2026-04-09 17:13:33+00
899,Lucia,Gonzalez,lucia.gonzalez95@example.org,713-555-1207,6,Silver,2026-03-05,True,2026-05-03 05:45:15+00
900,James,Hernandez,james.hernandez77@example.com,214-555-0234,11,Silver,2023-04-16,False,2023-07-24 02:55:48+00
901,Ethan,Reddy,ethan.reddy49@example.org,281-555-9869,2,Bronze,2024-02-12,True,2024-02-12 10:49:07+00
902,Liam,Perez,liam.perez96@example.net,726-555-7993,17,Silver,2024-11-24,True,2025-04-15 22:30:57+00
903,Pierre,Nguyen,pierre.nguyen77@example.net,512-555-5545,12,Bronze,2024-12-08,False,2025-07-08 13:44:12+00
904,Olivia,Hebert,olivia.hebert6@example.com,214-555-3008,11,Silver,2023-03-10,True,2024-12-06 00:57:56+00
905,Daniel,Kumar,daniel.kumar@example.net,832-555-6815,4,Bronze,2026-03-10,False,2026-05-22 02:55:46+00
906,Wyatt,Kumar,  wyatt.kumar@example.org ,713-555-2561,5,Bronze,2025-11-01,True,2025-12-11 02:12:00+00
907,Emily,Pham,emily.pham73@example.com,281-555-2242,3,Bronze,2026-01-13,False,2026-02-14 07:55:49+00
908,Ximena,Nelson,ximena.nelson99@example.com,210-555-2868,17,Gold,2023-08-16,True,2023-08-16 20:43:03+00
909,Robert,Lopez,robert.lopez42@example.com,737-555-5348,12,Bronze,2025-09-27,True,2025-09-27 08:58:08+00
910,Liam,Comeaux,liam.comeaux40@example.com,512-555-1479,15,Bronze,2025-01-18,True,2025-01-18 20:29:03+00
911,Tuan,Hebert,tuan.hebert35@example.com,281-555-9403,6,Bronze,2023-03-04,True,2023-09-22 23:49:21+00
912,Lucia,Doucet,lucia.doucet@example.com,972-555-0775,7,Silver,2023-05-21,False,2024-09-22 18:07:02+00
913,Tyrone,Martinez,tyrone.martinez18@example.org,972-555-6607,8,Gold,2025-10-06,False,2025-12-11 16:13:11+00
914,Maria,Diaz,maria.diaz23@example.org,737-555-4863,15,Silver,2023-08-18,False,2023-08-18 09:52:15+00
915,Brianna,Turner,brianna.turner@example.net,512-555-6326,15,Bronze,2026-02-14,False,2026-06-07 00:43:58+00
916,Olivia,Wright,olivia.wright@example.com,713-555-7454,4,Bronze,2024-05-09,False,2025-01-25 16:33:40+00
917,Abigail,Broussard,abigail.broussard34@example.net,210-555-1879,19,Bronze,2024-07-30,True,2024-07-30 14:29:15+00
918,Kayla,Wilson,kayla.wilson3@example.net,281-555-2644,3,Bronze,2024-09-20,True,2025-02-18 13:00:59+00
919,Sofia,Reddy,sofia.reddy79@example.org,726-555-2727,18,Bronze,2026-01-13,True,2026-01-19 08:33:12+00
920,Ethan,Rivera,ethan.rivera39@example.net,832-555-4367,2,Bronze,2025-12-30,True,2025-12-30 19:34:44+00
921,Caleb,Diaz,caleb.diaz61@example.net,281-555-1862,6,Silver,2025-04-12,False,2025-04-12 17:41:33+00
922,Valeria,Davis,valeria.davis23@example.org,210-555-1924,17,Bronze,2023-01-29,True,2024-08-30 03:58:38+00
923,Tuan,Rivera,tuan.rivera56@example.com,713-555-4528,4,Bronze,2026-04-07,True,2026-05-25 01:30:01+00
924,Isabella,Perez,isabella.perez@example.com,469-555-8636,8,Bronze,2023-01-01,False,2023-11-21 18:22:10+00
925,Noah,Williams,noah.williams83@example.com,469-555-4099,9,Bronze,2024-03-09,True,2025-02-13 00:23:34+00
926,Darnell,Le,darnell.le54@example.com,713-555-0989,5,Bronze,2024-01-20,False,2024-10-31 23:13:08+00
927,Linh,Phillips,linh.phillips@example.org,737-555-6328,14,Bronze,2025-10-20,False,2026-05-17 11:59:01+00
928,Carlos,Garcia,carlos.garcia@example.org,726-555-4440,17,Bronze,2024-02-06,True,2025-11-18 08:12:31+00
929,Matthew,Brown,matthew.brown9@example.org,726-555-8456,18,Bronze,2023-02-03,False,2024-01-22 10:21:54+00
930,Sofia,Davis,sofia.davis99@example.net,214-555-4987,7,Silver,2025-08-26,True,2025-08-26 21:17:42+00
931,Camille,Nguyen,camille.nguyen@example.com,214-555-1049,11,Silver,2023-10-13,True,2023-10-13 20:00:03+00
932,Lucas,Scott,lucas.scott@example.org,281-555-7048,5,Silver,2025-09-27,False,2025-11-22 15:37:51+00
933,Pierre,Gomez,pierre.gomez61@example.net,281-555-0214,5,Silver,2026-01-25,True,2026-01-25 19:50:31+00
934,Ximena,Wilson,ximena.wilson92@example.com,713-555-5745,3,Bronze,2026-01-03,True,2026-01-03 12:48:50+00
935,Arjun,Davis,arjun.davis90@example.net,726-555-9400,19,Bronze,2025-06-17,True,2025-09-11 04:47:58+00
936,Minh,Patel,minh.patel@example.org,726-555-9049,18,Silver,2023-06-06,True,2023-06-06 20:22:09+00
937,Ethan,Morales,ethan.morales29@example.org,737-555-3157,15,Bronze,2024-11-17,False,2025-05-29 18:27:51+00
938,Priya,Morales,priya.morales22@example.com,469-555-6353,11,Bronze,2024-03-27,True,2024-03-27 10:02:51+00
939,Ximena,Sanchez,ximena.sanchez@example.org,469-555-8855,10,Bronze,2026-03-11,True,2026-03-22 17:58:02+00
940,James,Carter,james.carter@example.org,972-555-5168,11,Bronze,2025-03-28,False,2025-04-27 19:13:21+00
941,Madison,Boudreaux,madison.boudreaux@example.com,469-555-7926,11,Silver,2024-07-03,True,2024-07-03 17:21:28+00
942,Jennifer,Harris,jennifer.harris@example.net,214-555-2185,9,Bronze,2023-12-09,True,2023-12-09 16:54:09+00
943,Carlos,Robinson,carlos.robinson@example.org,832-555-1275,3,Bronze,2026-01-24,True,2026-03-19 19:03:08+00
944,Michael,Brown,michael.brown87@example.net,832-555-4324,3,Gold,2024-12-27,False,2024-12-27 09:37:18+00
945,Linh,Ramirez,linh.ramirez98@example.net,726-555-4615,19,Bronze,2025-08-28,True,2025-08-28 09:09:18+00
946,Caleb,Carter,caleb.carter@example.org,972-555-2745,10,Bronze,2023-09-17,True,2025-07-07 09:37:16+00
947,Diego,Nelson,diego.nelson@example.org,210-555-7382,19,Bronze,2025-07-07,True,2026-06-10 05:54:30+00
948,Emily,Landry,emily.landry33@example.org,713-555-6565,4,Bronze,2023-12-21,True,2024-01-01 20:51:46+00
949,Destiny,Rodriguez,destiny.rodriguez@example.org,972-555-3753,11,Gold,2024-05-19,False,2024-05-19 17:40:04+00
950,Joshua,Rivera,joshua.rivera@example.com,713-555-1901,4,Silver,2025-08-01,False,2026-03-09 11:25:18+00
951,Olivia,Turner,olivia.turner1@example.org,713-555-2840,5,Silver,2024-01-24,True,2025-06-27 11:43:29+00
952,Tuan,Jackson,tuan.jackson67@example.net,281-555-2547,1,Bronze,2023-10-02,True,2025-08-26 11:58:09+00
953,Rohan,Jones,rohan.jones15@example.org,281-555-9529,3,Silver,2025-09-30,True,2026-02-16 14:26:43+00
954,Minh,Walker,minh.walker64@example.com,726-555-9808,19,Silver,2025-11-22,True,2026-06-14 21:23:52+00
955,David,Martinez,david.martinez86@example.com,469-555-9563,7,Bronze,2023-12-07,True,2024-05-03 23:40:23+00
956,Ava,Gomez,ava.gomez@example.net,737-555-0807,12,Bronze,2023-12-02,True,2025-02-20 10:29:50+00
957,Matthew,Fontenot,matthew.fontenot@example.com,972-555-9504,9,Bronze,2023-09-07,True,2025-07-09 12:45:23+00
958,James,Morales,james.morales@example.org,972-555-4168,8,Bronze,2023-01-26,False,2026-03-08 18:29:36+00
959,Robert,Harris,robert.harris@example.net,214-555-5854,11,Gold,2024-08-28,True,2025-07-21 22:13:12+00
960,Lucas,Rodriguez,lucas.rodriguez91@example.net,281-555-8406,4,Silver,2023-10-07,True,2026-06-08 01:30:54+00
961,Sarah,Adams,sarah.adams11@example.com,832-555-7863,20,Bronze,2026-06-25,True,2026-06-25 20:05:30+00
962,Marcus,Pham,marcus.pham@example.com,210-555-6234,16,Gold,2023-07-07,True,2025-08-07 10:00:35+00
963,Jennifer,Gomez,jennifer.gomez7@example.org,512-555-7493,15,Bronze,2024-11-27,True,2026-03-17 11:57:15+00
964,Emily,Phillips,emily.phillips89@example.com,214-555-5949,10,Bronze,2024-07-09,True,2024-07-09 13:14:36+00
965,Lucia,Fontenot,lucia.fontenot@example.net,281-555-1119,3,Gold,2024-11-01,False,2024-11-01 08:51:37+00
966,Jamal,Landry,jamal.landry@example.net,210-555-0408,19,Gold,2023-05-04,True,2023-05-04 18:13:06+00
967,Lucien,Johnson,lucien.johnson28@example.net,972-555-9253,7,Silver,2024-05-26,True,2024-05-26 11:43:15+00
968,Maria,McAllister,maria.mcallister@example.org,713-555-5459,1,Bronze,2024-11-17,True,2026-05-22 06:55:09+00
969,Jennifer,Green,jennifer.green@example.net,972-555-0253,7,Gold,2024-01-09,True,2026-01-22 06:27:42+00
970,Austin,Hernandez,austin.hernandez@example.com,210-555-1289,16,Silver,2025-08-16,False,2026-03-07 14:59:01+00
971,Darnell,Turner,darnell.turner93@example.com,737-555-5094,13,Silver,2024-08-03,True,2024-09-20 12:46:58+00
972,Ximena,Wright,ximena.wright18@example.com,737-555-9972,15,Bronze,2026-01-15,False,2026-01-15 18:58:33+00
973,Hannah,Landry,hannah.landry66@example.com,726-555-3138,16,Bronze,2023-02-03,True,2023-02-03 12:36:25+00
974,James,Roberts,james.roberts97@example.org,832-555-2969,4,Silver,2023-07-04,True,2023-07-04 19:26:04+00
975,Hannah,Nguyen,hannah.nguyen91@example.org,726-555-8122,19,Bronze,2026-02-21,True,2026-02-21 16:09:58+00
976,Camille,Thomas,camille.thomas1@example.org,972-555-9515,9,Silver,2024-03-14,True,2024-03-14 15:56:47+00
977,Destiny,Lopez,destiny.lopez@example.net,512-555-8950,13,Bronze,2025-08-13,True,2026-03-20 15:22:56+00
978,Ava,Wilson,ava.wilson93@example.net,281-555-5464,1,Silver,2025-05-11,True,2025-05-11 19:02:35+00
979,Aaliyah,Comeaux,Aaliyah.comeaux@Example.com,713-555-1190,20,Bronze,2026-04-13,True,2026-06-28 14:01:18+00
980,Grace,Diaz,grace.diaz56@example.net,832-555-8303,6,Bronze,2024-10-10,False,2026-04-05 15:50:00+00
981,Lucia,O'Brien,lucia.obrien89@example.net,281-555-2431,2,Bronze,2024-05-13,True,2025-10-29 04:44:50+00
982,Pierre,Miller,pierre.miller10@example.net,972-555-8265,9,Bronze,2023-04-21,True,2023-04-21 09:37:49+00
983,Matthew,Young,matthew.young62@example.com,832-555-3740,3,Bronze,2026-02-16,False,2026-02-16 13:36:03+00
984,Tuan,Pham,tuan.pham92@example.net,832-555-6754,3,Bronze,2024-08-11,True,2025-05-19 12:57:31+00
985,Celeste,Nelson,celeste.nelson99@example.com,737-555-1716,13,Bronze,2023-04-06,True,2023-04-06 11:50:09+00
986,Carlos,McAllister,carlos.mcallister12@example.net,469-555-1201,8,Gold,2024-05-28,True,2025-09-12 22:09:04+00
987,Aaliyah,Adams,aaliyah.adams8@example.com,726-555-4070,19,Silver,2025-03-12,True,2025-03-12 13:43:42+00
988,Linda,Boudreaux,linda.boudreaux@example.net,214-555-2033,7,Bronze,2023-12-25,True,2024-11-10 09:58:25+00
989,Ava,Thomas,ava.thomas@example.org,512-555-4712,14,Bronze,2024-01-27,True,2026-04-29 10:16:40+00
990,Destiny,Rodriguez,destiny.rodriguez0@example.org,972-555-3230,9,Silver,2023-05-01,False,2026-01-13 11:53:32+00
991,Valeria,Arceneaux,valeria.arceneaux@example.org,512-555-6364,13,Bronze,2023-08-12,True,2023-08-12 10:31:51+00
992,Mai,Torres,mai.torres@example.net,512-555-7391,12,Bronze,2025-12-11,False,2025-12-11 11:52:44+00
993,Lucia,Ramirez,lucia.ramirez18@example.com,214-555-4462,10,Bronze,2024-11-11,True,2024-11-21 17:04:45+00
994,Grace,Tran,grace.tran92@example.org,726-555-8361,19,Bronze,2023-07-12,True,2025-06-05 14:06:40+00
995,Emily,Garcia,emily.garcia@example.org,469-555-3918,7,Silver,2024-06-13,True,2026-02-11 19:51:16+00
996,Wyatt,Tran,wyatt.tran4@example.org,281-555-4625,4,Bronze,2023-07-31,True,2023-07-31 20:28:35+00
997,Joshua,Hebert,joshua.hebert15@example.net,512-555-5960,14,Bronze,2024-04-30,True,2024-05-18 23:05:48+00
998,Priya,Sanchez,priya.sanchez86@example.org,210-555-8894,17,Bronze,2026-05-25,True,2026-05-25 15:49:25+00
999,Carlos,Tran,carlos.tran85@example.net,713-555-0501,1,Bronze,2024-11-09,True,2025-03-15 19:59:39+00
1000,Pierre,Lewis,pierre.lewis@example.org,469-555-9482,9,Bronze,2024-09-16,True,2025-10-31 04:03:20+00
1001,Rohan,Patel,rohan.patel@example.org,210-555-8081,18,Gold,2024-11-25,True,2024-11-25 08:09:13+00
1002,Austin,Miller,austin.miller@example.net,512-555-5575,15,Bronze,2024-05-01,True,2024-05-01 10:11:17+00
1003,Ximena,Tran,ximena.tran95@example.com,832-555-1597,20,Bronze,2026-05-20,True,2026-06-10 06:41:38+00
1004,Hannah,Shah,hannah.shah@example.com,972-555-1753,11,Bronze,2023-10-01,True,2026-02-20 01:38:18+00
1005,Lucien,Thomas,lucien.thomas78@example.com,512-555-5583,13,Silver,2023-08-24,True,2024-11-23 22:54:12+00
1006,Colton,Broussard,colton.broussard@example.net,832-555-0316,6,Bronze,2024-04-15,True,2024-08-14 10:02:47+00
1007,Sarah,Davis,sarah.davis63@example.com,210-555-6547,19,Bronze,2026-06-10,True,2026-06-22 07:51:07+00
1008,Santiago,Garcia,santiago.garcia40@example.org,469-555-7300,7,Bronze,2026-06-21,False,2026-06-21 11:43:16+00
1009,Carlos,Diaz,carlos.diaz13@example.net,737-555-1793,15,Bronze,2023-02-27,False,2023-07-18 21:36:22+00
1010,Ava,Shah,ava.shah@example.com,972-555-8947,8,Silver,2023-11-05,True,2024-04-05 07:43:38+00
1011,Austin,Robinson,austin.robinson6@example.net,972-555-8512,11,Bronze,2026-04-03,True,2026-05-23 18:31:11+00
1012,Aaliyah,Jackson,aaliyah.jackson@example.net,512-555-6520,14,Bronze,2026-03-09,False,2026-04-16 23:48:10+00
1013,Wyatt,Gomez,wyatt.gomez16@example.net,469-555-9840,10,Gold,2025-10-17,True,2026-06-04 04:41:58+00
1014,Destiny,Guidry,destiny.guidry@example.net,726-555-1615,18,Bronze,2026-03-11,True,2026-03-11 12:52:03+00
1015,Tuan,Brown,tuan.brown59@example.com,972-555-6971,8,Silver,2023-05-31,True,2023-11-13 03:45:01+00
1016,Luis,Wright,luis.wright64@example.net,737-555-4460,13,Bronze,2023-08-06,True,2023-08-06 13:41:54+00
1017,Santiago,Morales,santiago.morales@example.org,469-555-7709,7,Bronze,2023-05-25,True,2025-05-22 01:03:14+00
1018,Priya,Robichaux,priya.robichaux@example.net,972-555-5520,8,Silver,2025-11-12,True,2026-03-06 06:08:49+00
1019,Anika,Guidry,anika.guidry11@example.org,972-555-2323,9,Bronze,2026-03-30,True,2026-04-23 08:46:20+00
1020,Liam,Flores,liam.flores54@example.com,832-555-5987,3,Bronze,2025-06-07,True,2025-06-07 14:45:24+00
1021,Ximena,Hernandez,ximena.hernandez28@example.com,713-555-4988,2,Silver,2025-03-10,True,2026-05-13 13:10:45+00
1022,Lucas,Turner,lucas.turner@example.net,737-555-6754,13,Silver,2024-01-12,True,2024-01-12 15:39:14+00
1023,Sofia,Wilson,sofia.wilson69@example.org,737-555-1616,13,Bronze,2024-06-05,True,2025-03-16 00:14:04+00
1024,Luis,Turner,luis.turner51@example.com,512-555-4418,13,Silver,2025-07-11,True,2025-07-11 11:51:52+00
1025,Destiny,Wilson, Destiny.Wilson50@Example.Org,713-555-0100,1,Silver,2025-06-11,True,2025-11-05 23:21:51+00
1026,Brianna,Davis,brianna.davis30@example.net,469-555-7542,7,Silver,2024-07-22,False,2024-08-16 21:41:30+00
1027,Carlos,Carter,carlos.carter97@example.org,281-555-1031,4,Gold,2025-07-06,True,2025-07-06 10:01:12+00
1028,Destiny,Turner,destiny.turner56@example.net,737-555-3807,15,Bronze,2024-01-16,True,2025-09-26 17:34:16+00
1029,Santiago,Carter,santiago.carter19@example.com,210-555-4719,17,Bronze,2026-04-12,True,2026-06-07 02:54:46+00
1030,Pierre,King,pierre.king96@example.org,713-555-6728,5,Bronze,2025-07-09,True,2025-07-09 12:56:34+00
1031,Mateo,Arceneaux,mateo.arceneaux@example.net,737-555-7256,13,Bronze,2024-02-17,True,2024-02-17 19:25:34+00
1032,Juan,Wilson,juan.wilson44@example.com,713-555-3485,3,Bronze,2025-04-04,True,2025-04-04 10:09:52+00
1033,Ava,Pham,ava.pham@example.com,832-555-9848,6,Gold,2024-05-11,False,2025-10-29 06:53:59+00
1034,Josette,Comeaux,Josette.comeaux@Example.org,832-555-6534,3,Bronze,2023-11-23,True,2024-04-20 15:34:55+00
1035,Ethan,Robinson,ethan.robinson54@example.net,832-555-2954,6,Silver,2023-08-28,True,2024-12-14 02:01:10+00
1036,Sarah,Williams,sarah.williams29@example.org,737-555-8344,13,Bronze,2024-10-26,False,2025-10-05 19:37:10+00
1037,Camille,Miller,camille.miller@example.org,210-555-5387,18,Bronze,2024-06-09,True,2024-07-16 16:40:13+00
1038,Joshua,Le,joshua.le@example.com,281-555-1578,4,Silver,2024-02-09,True,2024-08-22 16:33:46+00
1039,Carlos,Baker,carlos.baker@example.org,469-555-4736,11,Silver,2025-03-25,True,2026-05-24 11:48:48+00
1040,Chloe,Roberts,chloe.roberts15@example.org,737-555-5938,14,Bronze,2023-01-02,True,2026-01-28 22:45:28+00
1041,Liam,Tran,liam.tran34@example.net,726-555-0868,19,Gold,2023-04-12,True,2024-04-25 17:21:25+00
1042,Colton,Boudreaux,colton.boudreaux@example.org,512-555-3450,12,Bronze,2025-11-20,False,2026-06-01 15:58:29+00
1043,Celeste,Fontenot,celeste.fontenot@example.com,281-555-5922,6,Bronze,2024-12-28,True,2025-12-11 03:26:28+00
1044,Liam,Robichaux,liam.robichaux97@example.net,512-555-0236,13,Bronze,2024-08-25,True,2026-06-18 14:31:47+00
1045,Noah,Patel,Noah.patel@Example.org,972-555-1377,7,Silver,2023-01-17,True,2023-01-17 15:50:17+00
1046,Linh,Sanchez,linh.sanchez@example.org,713-555-4065,20,Bronze,2026-06-12,True,2026-06-23 22:27:06+00
1047,Matthew,Thibodeaux,matthew.thibodeaux77@example.net,469-555-2586,8,Silver,2024-04-21,False,2025-04-30 23:10:28+00
1048,Colton,Doucet,colton.doucet@example.org,512-555-0865,14,Bronze,2024-10-19,True,2024-10-19 16:03:41+00
1049,Liam,Baker,liam.baker@example.com,832-555-9518,1,Bronze,2023-02-14,True,2024-11-29 03:49:58+00
1050,Liam,Wright,liam.wright@example.net,214-555-5727,8,Silver,2024-08-26,True,2025-05-21 17:55:12+00
1051,Michael,Lewis,michael.lewis@example.org,210-555-6737,18,Bronze,2024-09-25,False,2024-09-25 17:56:25+00
1052,Colton,Perez,colton.perez@example.net,512-555-2032,12,Silver,2026-04-08,True,2026-04-08 08:55:30+00
1053,Camille,Hebert,camille.hebert@example.org,214-555-6484,9,Bronze,2023-03-01,True,2023-03-01 08:19:34+00
1054,Ana,Nguyen,ana.nguyen38@example.com,726-555-1715,19,Bronze,2025-11-30,False,2025-11-30 12:59:08+00
1055,Carmen,Phillips,carmen.phillips4@example.com,210-555-2932,17,Bronze,2025-02-16,True,2025-02-16 16:20:02+00
1056,Ethan,Morales,ethan.morales@example.org,214-555-0372,7,Bronze,2024-11-12,True,2025-11-24 10:35:32+00
1057,Kayla,Mitchell,kayla.mitchell96@example.org,972-555-6473,11,Silver,2025-04-20,True,2026-04-05 13:44:53+00
1058,David,Lewis,david.lewis2@example.com,469-555-2953,10,Bronze,2025-01-05,False,2025-11-01 16:56:02+00
1059,Jose,Shah,jose.shah@example.org,512-555-7947,13,Bronze,2023-05-28,False,2026-04-19 01:52:33+00
1060,Lucien,Harris,lucien.harris14@example.net,469-555-1020,7,Bronze,2026-01-28,False,2026-01-28 13:17:56+00
1061,Celeste,Wright,celeste.wright55@example.com,832-555-5216,5,Bronze,2025-08-31,True,2025-11-21 15:10:04+00
1062,Mateo,Harris,mateo.harris@example.com,726-555-5368,19,Silver,2023-11-12,False,2023-11-12 17:21:43+00
1063,Brianna,Jackson,brianna.jackson51@example.org,726-555-2443,19,Silver,2025-12-01,True,2026-03-14 20:05:19+00
1064,Arjun,Boudreaux,arjun.boudreaux43@example.com,726-555-8877,17,Bronze,2023-03-12,True,2024-01-12 18:53:22+00
1065,Joshua,Broussard,joshua.broussard16@example.com,281-555-9649,20,Bronze,2026-06-21,False,2026-06-21 13:20:52+00
1066,Mai,Pham,mai.pham96@example.com,737-555-1066,15,Bronze,2024-01-19,False,2025-07-24 10:58:04+00
1067,Minh,Green,minh.green47@example.org,737-555-0322,15,Bronze,2024-11-07,False,2025-06-17 19:56:07+00
1068,Matthew,Reddy,matthew.reddy83@example.org,737-555-4467,15,Bronze,2023-07-13,True,2024-10-12 12:53:44+00
1069,Ethan,McAllister,ethan.mcallister70@example.com,972-555-7827,10,Silver,2023-09-09,True,2024-09-24 22:15:24+00
1070,Diego,Jackson,diego.jackson3@example.com,972-555-2268,9,Silver,2024-12-26,False,2025-08-30 10:36:00+00
1071,Pierre,Hebert,pierre.hebert@example.org,281-555-7578,5,Bronze,2023-11-08,False,2023-11-08 09:49:30+00
1072,Remy,Tran,remy.tran7@example.net,512-555-6373,13,Gold,2025-08-21,True,2025-08-21 11:00:12+00
1073,Darnell,Shah,darnell.shah@example.com,713-555-5620,6,Bronze,2025-08-11,True,2025-08-11 19:09:51+00
1074,Ashley,Adams,ashley.adams60@example.com,713-555-3583,6,Bronze,2026-04-03,True,2026-04-03 11:01:43+00
1075,Isabella,Ramirez,isabella.ramirez@example.com,512-555-8621,12,Bronze,2026-01-16,True,2026-01-16 08:11:42+00
1076,Santiago,Ramirez,santiago.ramirez@example.com,972-555-7982,8,Bronze,2023-12-31,True,2025-10-10 15:02:51+00
1077,Hannah,Gonzalez,hannah.gonzalez45@example.org,281-555-3633,5,Bronze,2024-01-13,False,2024-01-13 13:06:05+00
1078,Liam,Brown,liam.brown97@example.net,210-555-5682,16,Bronze,2025-01-04,True,2025-01-04 13:32:00+00
1079,Ximena,Jackson,ximena.jackson@example.org,210-555-2823,17,Gold,2023-11-18,False,2024-05-17 21:19:12+00
1080,Chloe,Phillips,chloe.phillips@example.org,713-555-1609,4,Bronze,2023-06-13,True,2023-09-02 07:53:17+00
1081,Rohan,Patel,rohan.patel19@example.com,281-555-3213,1,Gold,2023-10-11,True,2023-10-11 08:25:01+00
1082,Robert,Jones,robert.jones80@example.org,972-555-6697,7,Bronze,2026-01-30,True,2026-01-30 09:30:08+00
1083,Destiny,Boudreaux,destiny.boudreaux19@example.net,210-555-0625,16,Bronze,2023-10-12,True,2023-10-12 18:16:37+00
1084,Luis,Carter,luis.carter16@example.org,210-555-0815,17,Silver,2024-02-03,False,2025-03-05 21:12:23+00
1085,Emily,Brown,emily.brown@example.net,281-555-9072,3,Bronze,2024-11-20,True,2024-11-20 11:38:53+00
1086,Hannah,Patel,hannah.patel@example.org,737-555-2929,15,Bronze,2026-03-01,False,2026-04-18 06:15:54+00
1087,Carlos,Guidry,carlos.guidry@example.org,281-555-6470,3,Bronze,2026-01-19,True,2026-01-19 15:34:34+00
1088,Remy,Mitchell,remy.mitchell@example.net,469-555-8798,8,Bronze,2023-07-11,False,2023-07-11 19:09:26+00
1089,Valeria,Robichaux,valeria.robichaux88@example.net,713-555-5677,20,Bronze,2026-05-08,True,2026-05-08 19:05:33+00
1090,Ximena,Tran,ximena.tran86@example.com,281-555-9078,4,Gold,2025-10-19,True,2025-10-19 12:12:07+00
1091,Lucas,Walker,lucas.walker81@example.com,713-555-2876,3,Bronze,2025-04-08,True,2025-05-08 04:52:38+00
1092,Linda,Scott,linda.scott94@example.net,972-555-4996,8,Bronze,2023-09-28,True,2023-09-28 16:18:11+00
1093,Jessica,Comeaux,jessica.comeaux@example.org,737-555-7735,12,Bronze,2024-11-06,True,2024-11-06 14:22:42+00
1094,Mai,Walker, Mai.Walker@Example.Com,210-555-3314,19,Silver,2024-12-26,False,2025-12-24 21:30:23+00
1095,Joshua,Hill,joshua.hill69@example.net,832-555-0279,20,Bronze,2026-05-09,False,2026-06-21 07:40:14+00
1096,Aaliyah,Comeaux,aaliyah.comeaux17@example.com,281-555-1154,2,Gold,2023-06-21,True,2023-06-21 09:22:24+00
1097,Santiago,Walker,santiago.walker87@example.net,281-555-7787,3,Gold,2025-03-17,True,2025-05-18 23:30:36+00
1098,Mai,Morales,mai.morales56@example.org,210-555-0722,16,Bronze,2026-01-22,True,2026-04-30 13:21:31+00
1099,Mai,Morales,mai.morales96@example.net,281-555-4485,6,Bronze,2024-09-15,False,2024-09-15 20:46:56+00
1100,Pierre,Smith,pierre.smith@example.com,210-555-4295,18,Bronze,2025-08-21,False,2026-05-04 16:00:18+00
1101,Sofia,Jackson,SOFIA.JACKSON6@EXAMPLE.NET,737-555-6884,13,Gold,2023-03-10,True,2025-09-15 20:44:03+00
1102,Minh,Ramirez,MINH.RAMIREZ60@EXAMPLE.ORG,281-555-5145,3,Bronze,2023-06-12,True,2023-06-12 10:17:50+00
1103,Diego,Hill,diego.hill@example.com,210-555-9496,17,Bronze,2025-06-10,True,2025-09-22 09:12:28+00
1104,Destiny,Turner,destiny.turner73@example.net,281-555-5151,4,Bronze,2023-01-21,True,2023-01-21 10:34:37+00
1105,Brianna,Adams,brianna.adams27@example.net,972-555-3628,8,Bronze,2025-01-20,True,2025-11-15 04:12:02+00
1106,Abigail,Flores,abigail.flores27@example.org,972-555-9679,11,Bronze,2024-07-03,True,2024-07-03 19:18:57+00
1107,Noah,Kumar,noah.kumar40@example.org,469-555-0083,10,Bronze,2024-01-15,False,2025-11-26 21:10:57+00
1108,Joshua,Lewis,joshua.lewis42@example.net,737-555-8520,14,Gold,2025-08-03,True,2025-08-03 21:04:42+00
1109,Mateo,Robichaux,mateo.robichaux26@example.com,737-555-9750,13,Silver,2025-07-19,False,2025-07-19 08:39:11+00
1110,Camille,Robichaux,camille.robichaux50@example.org,832-555-9180,20,Bronze,2026-06-24,False,2026-06-24 09:10:28+00
1111,Marcus,Broussard,marcus.broussard41@example.com,713-555-5871,20,Bronze,2026-04-09,True,2026-05-02 04:55:35+00
1112,Priya,Gomez,priya.gomez@example.com,972-555-9154,10,Bronze,2023-05-21,True,2024-03-06 13:51:50+00
1113,Jose,Tran,jose.tran@example.net,832-555-5460,2,Silver,2023-04-28,True,2024-08-01 21:38:51+00
1114,Andrew,McAllister,andrew.mcallister41@example.net,512-555-8675,14,Bronze,2025-12-12,False,2026-05-22 20:53:31+00
1115,Olivia,Perez,olivia.perez@example.net,281-555-2395,20,Bronze,2026-06-09,True,2026-06-12 06:52:53+00
1116,Luis,Brown,luis.brown@example.org,214-555-8139,7,Bronze,2026-06-01,False,2026-06-01 12:59:50+00
1117,Kayla,Brown,kayla.brown11@example.com,972-555-0997,9,Bronze,2023-09-11,False,2025-07-17 01:10:32+00
1118,Mateo,Le,mateo.le@example.net,469-555-5064,8,Silver,2025-07-21,True,2025-08-02 06:42:08+00
1119,Mateo,Torres,mateo.torres@example.com,713-555-6640,1,Silver,2025-03-03,True,2025-03-30 17:26:50+00
1120,Sofia,LeBlanc,sofia.leblanc@example.net,737-555-2115,13,Silver,2025-04-04,True,2025-04-04 08:37:51+00
1121,Lucas,Turner,lucas.turner27@example.com,972-555-0809,7,Bronze,2024-05-28,True,2024-05-28 14:29:51+00
1122,Emily,Miller,  emily.miller81@example.com ,210-555-5651,16,Bronze,2026-03-28,True,2026-05-20 04:13:31+00
1123,Michael,Hernandez,michael.hernandez73@example.org,726-555-8854,17,Silver,2024-08-19,False,2025-02-04 21:52:22+00
1124,Mai,Perez,mai.perez21@example.com,726-555-9875,16,Silver,2026-04-19,True,2026-05-28 01:17:36+00
1125,Abigail,LeBlanc,abigail.leblanc@example.net,972-555-3633,8,Bronze,2026-01-22,True,2026-01-22 18:58:45+00
1126,Linda,Thomas,linda.thomas@example.org,214-555-8222,7,Bronze,2023-12-22,False,2023-12-22 08:48:16+00
1127,Priya,Lopez,priya.lopez27@example.com,512-555-5206,15,Bronze,2025-11-10,True,2026-06-22 17:38:16+00
1128,Robert,Wilson,robert.wilson25@example.org,726-555-0346,16,Bronze,2025-02-24,True,2025-03-20 23:52:20+00
1129,Wyatt,Miller,wyatt.miller32@example.com,972-555-3033,10,Bronze,2025-03-20,True,2025-03-20 08:01:11+00
1130,Michael,Wright,michael.wright21@example.com,210-555-3718,18,Silver,2025-02-24,False,2025-02-24 20:39:43+00
1131,Mia,Johnson,mia.johnson69@example.net,832-555-4544,3,Silver,2024-05-06,True,2024-10-15 17:53:21+00
1132,Jose,Shah,jose.shah97@example.com,210-555-1893,18,Silver,2025-11-07,True,2026-06-15 16:35:58+00
1133,Ava,Le,ava.le@example.org,832-555-2264,2,Silver,2023-08-16,False,2024-11-05 02:50:45+00
1134,Mia,Davis,mia.davis35@example.com,832-555-8991,3,Bronze,2024-09-15,False,2024-09-15 17:31:58+00
1135,Pierre,Nguyen,pierre.nguyen38@example.org,214-555-0361,11,Gold,2023-03-18,True,2023-07-08 09:19:09+00
1136,Grace,Flores,grace.flores@example.net,832-555-0285,2,Bronze,2026-04-22,True,2026-04-22 18:35:27+00
1137,Santiago,Robichaux,santiago.robichaux41@example.org,832-555-4903,1,Bronze,2026-03-03,True,2026-03-03 20:27:14+00
1138,Joshua,Martinez,joshua.martinez28@example.net,832-555-6065,1,Bronze,2024-06-20,True,2024-06-20 13:00:44+00
1139,Valeria,Jackson,valeria.jackson@example.com,972-555-1274,9,Silver,2025-10-28,False,2025-10-28 09:31:44+00
1140,Liam,Wright,liam.wright26@example.com,512-555-6966,15,Bronze,2026-06-07,True,2026-06-10 08:27:29+00
1141,Jose,Smith,jose.smith63@example.org,713-555-4288,1,Silver,2024-03-26,False,2024-03-26 16:23:29+00
1142,Tuan,Doucet,tuan.doucet13@example.net,512-555-3917,13,Silver,2024-04-12,False,2024-04-12 18:51:02+00
1143,Aaliyah,Reddy,aaliyah.reddy@example.org,726-555-1134,17,Gold,2024-11-01,True,2024-11-01 11:57:00+00
1144,Andrew,Smith,andrew.smith49@example.net,713-555-0050,4,Gold,2025-05-17,True,2025-06-17 23:33:22+00
1145,Linh,Walker,linh.walker74@example.com,281-555-8319,3,Silver,2023-10-31,True,2024-11-05 20:56:03+00
1146,Mia,Doucet,mia.doucet@example.org,210-555-0363,17,Gold,2024-10-02,True,2024-10-02 16:07:41+00
1147,Juan,Gomez,juan.gomez80@example.net,210-555-9560,17,Gold,2024-09-21,False,2025-12-21 08:28:22+00
1148,Noah,Fontenot,noah.fontenot@example.net,972-555-6590,11,Bronze,2026-03-01,False,2026-03-01 17:43:40+00
1149,Liam,Thomas,liam.thomas12@example.net,726-555-1766,16,Silver,2025-09-27,True,2025-10-01 03:07:35+00
1150,Joshua,Reddy,joshua.reddy@example.com,832-555-7939,2,Bronze,2024-09-16,False,2024-09-29 22:21:31+00
1151,Valeria,King,valeria.king66@example.net,214-555-4350,8,Bronze,2023-09-23,False,2023-09-23 08:01:15+00
1152,Noah,Williams,noah.williams41@example.net,512-555-1768,15,Bronze,2024-11-25,True,2024-11-25 19:25:09+00
1153,Mai,King,mai.king98@example.com,713-555-9681,6,Bronze,2025-01-12,False,2025-01-12 14:54:04+00
1154,James,Williams,  james.williams28@example.com ,737-555-0816,15,Bronze,2025-09-30,True,2026-05-25 10:19:55+00
1155,Andrew,Reddy,andrew.reddy@example.com,972-555-5911,10,Bronze,2023-02-07,False,2025-05-08 19:49:15+00
1156,Harper,Morales,harper.morales60@example.net,512-555-3970,15,Bronze,2024-03-29,False,2024-08-03 09:59:56+00
1157,Harper,Jones,HARPER.JONES59@EXAMPLE.NET,469-555-9288,9,Silver,2023-07-17,True,2023-07-17 14:04:39+00
1158,Lucia,Thomas,lucia.thomas@example.com,972-555-4004,7,Gold,2024-09-21,True,2026-06-13 22:43:46+00
1159,Jennifer,Nguyen,jennifer.nguyen31@example.net,713-555-1087,5,Gold,2024-07-03,False,2025-04-26 00:58:50+00
1160,Abigail,Kumar,abigail.kumar15@example.com,713-555-1374,4,Bronze,2026-06-17,True,2026-06-20 17:56:25+00
1161,Ashley,Boudreaux,ashley.boudreaux39@example.org,737-555-5757,15,Bronze,2025-12-12,True,2025-12-12 13:37:29+00
1162,James,Flores,james.flores82@example.org,713-555-9262,3,Bronze,2026-06-25,True,2026-06-25 18:06:25+00
1163,David,Shah,david.shah49@example.com,713-555-6454,2,Bronze,2024-03-26,True,2026-01-09 21:02:04+00
1164,Brianna,Perez,brianna.perez93@example.org,713-555-5888,4,Gold,2023-03-15,True,2023-03-15 15:41:35+00
1165,Linh,Hill,linh.hill@example.org,832-555-9088,4,Silver,2023-11-14,True,2025-12-21 22:19:09+00
1166,Minh,Thomas,minh.thomas14@example.net,726-555-4891,17,Bronze,2026-05-05,False,2026-06-09 09:45:29+00
1167,Colton,McAllister,colton.mcallister@example.com,469-555-6333,8,Bronze,2024-05-10,False,2025-11-03 23:21:10+00
1168,David,Johnson,david.johnson@example.com,832-555-7138,20,Bronze,2026-06-02,False,2026-06-02 17:27:31+00
1169,Linda,Le,linda.le@example.net,832-555-9691,3,Bronze,2024-08-06,True,2026-04-08 01:24:25+00
1170,Diego,Nguyen,diego.nguyen52@example.com,512-555-7292,13,Bronze,2024-08-23,True,2024-11-29 03:08:19+00
1171,Tuan,Baker,tuan.baker@example.org,972-555-7181,9,Silver,2026-01-05,True,2026-01-05 08:23:24+00
1172,Kayla,Landry,kayla.landry10@example.com,972-555-4340,8,Silver,2024-09-01,True,2024-09-01 16:11:38+00
1173,Margot,Roberts,margot.roberts@example.com,726-555-1539,18,Bronze,2026-05-21,False,2026-05-21 13:32:39+00
1174,Juan,Sanchez,juan.sanchez95@example.com,832-555-1596,20,Bronze,2026-04-23,True,2026-04-23 09:20:28+00
1175,Margot,Baker,margot.baker92@example.org,726-555-7821,17,Bronze,2024-06-05,False,2024-06-05 19:59:38+00
1176,Mateo,Comeaux,mateo.comeaux@example.net,713-555-8029,4,Bronze,2024-10-17,False,2024-12-29 06:47:09+00
1177,Jose,Turner,jose.turner@example.net,713-555-7297,5,Silver,2024-08-26,True,2024-08-26 16:45:35+00
1178,Jose,Perez,jose.perez5@example.net,737-555-8294,13,Bronze,2026-02-07,False,2026-02-12 03:37:58+00
1179,Madison,Torres,madison.torres83@example.com,713-555-1802,6,Bronze,2026-02-08,False,2026-03-25 13:45:49+00
1180,Lucas,Tran,lucas.tran@example.com,512-555-8419,15,Bronze,2025-02-16,True,2025-02-16 17:37:59+00
1181,Priya,Nguyen,priya.nguyen37@example.org,737-555-1558,12,Bronze,2024-10-24,True,2026-04-26 21:07:44+00
1182,Carmen,Martinez,carmen.martinez@example.org,469-555-5299,11,Silver,2023-02-21,False,2026-05-23 08:20:05+00
1183,Diego,Reddy,diego.reddy@example.com,726-555-6347,17,Silver,2024-05-10,False,2026-06-10 16:28:00+00
1184,Juan,Hebert,juan.hebert@example.net,512-555-3872,14,Silver,2025-02-18,True,2025-02-18 17:51:24+00
1185,Carlos,Martinez,carlos.martinez57@example.net,281-555-9090,1,Bronze,2026-03-07,True,2026-03-07 09:03:54+00
1186,Mateo,Robichaux,mateo.robichaux27@example.com,713-555-5711,1,Bronze,2026-01-15,True,2026-01-23 02:46:51+00
1187,Chloe,Harris,chloe.harris@example.com,737-555-6011,12,Bronze,2025-10-10,True,2026-01-30 15:31:18+00
1188,Minh,Williams,minh.williams79@example.net,214-555-5838,10,Bronze,2024-12-15,True,2024-12-15 20:28:10+00
1189,Mia,Mitchell,  mia.mitchell91@example.com ,713-555-4891,6,Silver,2024-04-24,True,2024-04-24 16:10:24+00
1190,Ashley,Patel,ashley.patel69@example.com,469-555-0564,8,Bronze,2024-11-18,False,2025-06-25 07:45:32+00
1191,Andre,Torres,andre.torres67@example.com,512-555-9887,15,Silver,2025-08-13,True,2026-05-26 21:26:04+00
1192,Kayla,Lewis,kayla.lewis@example.org,726-555-4584,17,Bronze,2023-09-06,True,2023-09-06 17:33:06+00
1193,James,Green,james.green36@example.org,214-555-1241,11,Bronze,2023-06-14,True,2024-08-08 04:39:01+00
1194,Colton,Phillips,colton.phillips@example.net,469-555-5455,8,Bronze,2024-04-27,False,2024-04-27 10:49:20+00
1195,Luis,Wright,LUIS.WRIGHT58@EXAMPLE.COM,713-555-8008,6,Silver,2023-04-02,False,2025-03-02 03:30:31+00
1196,Valeria,Gonzalez,valeria.gonzalez@example.net,469-555-0558,11,Silver,2025-07-04,False,2025-07-04 18:40:00+00
1197,Mateo,Rodriguez,mateo.rodriguez@example.net,713-555-8616,6,Bronze,2025-11-29,True,2025-11-29 10:53:42+00
1198,Diego,Gonzalez,diego.gonzalez@example.com,512-555-3728,12,Bronze,2024-10-25,True,2024-10-25 16:28:56+00
1199,Arjun,Adams,arjun.adams68@example.com,512-555-8078,14,Bronze,2025-12-09,True,2025-12-09 13:59:51+00
1200,Austin,Gomez,austin.gomez@example.com,281-555-2424,2,Bronze,2023-03-17,True,2024-09-28 22:41:53+00
1201,Abigail,Diaz,abigail.diaz22@example.com,281-555-4523,1,Silver,2024-11-24,True,2026-05-14 14:11:34+00
1202,Priya,Nelson,priya.nelson@example.org,713-555-7958,4,Bronze,2024-04-30,True,2024-10-15 03:13:43+00
1203,Harper,Gonzalez,harper.gonzalez20@example.net,210-555-8743,18,Bronze,2023-10-31,True,2023-10-31 19:44:02+00
1204,Joshua,Hebert,joshua.hebert42@example.net,512-555-3230,13,Bronze,2023-12-08,True,2023-12-08 16:54:55+00
1205,Grace,Rivera,grace.rivera20@example.net,713-555-2352,4,Silver,2024-08-20,True,2025-08-20 11:32:30+00
1206,Valeria,Rivera,valeria.rivera@example.com,210-555-7516,18,Silver,2024-12-04,False,2024-12-04 18:26:02+00
1207,Priya,Pham,priya.pham@example.net,469-555-5158,10,Silver,2023-06-29,True,2024-06-03 16:47:40+00
1208,Jose,Robinson,jose.robinson@example.net,972-555-4978,10,Silver,2024-11-04,True,2026-03-22 02:33:43+00
1209,Carlos,Torres,carlos.torres@example.org,726-555-3848,19,Gold,2025-10-12,True,2026-05-19 18:44:46+00
1210,Carmen,Williams,carmen.williams57@example.org,713-555-2558,2,Bronze,2023-01-12,True,2023-01-12 16:59:38+00
1211,Pierre,Reddy,pierre.reddy8@example.org,713-555-9071,4,Gold,2025-08-20,False,2026-04-20 11:51:52+00
1212,Mia,Nguyen,mia.nguyen46@example.com,512-555-8223,12,Silver,2024-10-28,True,2026-06-23 17:57:27+00
1213,Caleb,Kumar,caleb.kumar45@example.com,713-555-1504,4,Bronze,2024-01-11,True,2024-01-11 09:37:41+00
1214,Matthew,Guidry,matthew.guidry85@example.org,737-555-0810,14,Silver,2025-03-16,False,2025-12-27 02:43:26+00
1215,Carmen,King,carmen.king57@example.com,713-555-7756,4,Bronze,2026-06-08,True,2026-06-11 20:07:13+00
1216,Mai,Shah,mai.shah75@example.org,713-555-5972,2,Silver,2025-04-22,True,2025-06-13 15:55:18+00
1217,Ana,Young,ana.young@example.net,713-555-0856,4,Bronze,2023-03-31,True,2024-02-11 09:56:19+00
1218,Austin,Robinson,austin.robinson85@example.com,972-555-3922,8,Bronze,2023-03-06,True,2025-03-04 16:06:24+00
1219,Linda,Arceneaux,linda.arceneaux63@example.com,713-555-6815,4,Gold,2024-12-04,True,2025-07-14 04:28:13+00
1220,Celeste,Diaz,celeste.diaz93@example.org,281-555-5610,3,Bronze,2023-11-29,False,2023-11-29 21:27:36+00
1221,Ximena,Le,ximena.le72@example.org,210-555-8438,17,Bronze,2023-09-19,True,2023-09-19 14:20:23+00
1222,Josette,Reddy,josette.reddy64@example.net,469-555-6130,7,Bronze,2024-04-06,True,2024-04-06 08:43:54+00
1223,Hannah,Tran,hannah.tran@example.net,469-555-7262,7,Bronze,2025-03-05,True,2026-05-16 07:44:14+00
1224,Liam,Comeaux,liam.comeaux@example.net,832-555-4817,1,Silver,2023-07-17,True,2023-09-21 06:01:17+00
1225,Brianna,Reyes,brianna.reyes@example.com,469-555-2958,7,Bronze,2026-03-26,True,2026-04-21 02:19:03+00
1226,Jamal,Garcia,jamal.garcia84@example.net,832-555-0606,6,Gold,2024-04-06,False,2026-01-30 22:47:28+00
1227,Andre,Broussard,andre.broussard81@example.net,512-555-0764,12,Bronze,2023-06-15,True,2023-06-15 18:00:27+00
1228,Sarah,Nelson,sarah.nelson@example.com,713-555-3516,4,Bronze,2023-03-19,False,2023-12-08 16:58:44+00
1229,Mateo,Walker,mateo.walker@example.com,210-555-2962,18,Bronze,2025-07-28,True,2025-07-28 10:08:38+00
1230,Jennifer,Lewis,jennifer.lewis8@example.com,726-555-9698,19,Bronze,2023-05-05,True,2023-05-05 08:03:01+00
1231,Madison,Robinson,madison.robinson59@example.org,832-555-7119,2,Bronze,2026-05-09,True,2026-06-21 04:41:27+00
1232,Priya,Mitchell,priya.mitchell@example.net,281-555-9445,3,Bronze,2025-01-02,True,2025-01-02 10:04:47+00
1233,Tyrone,Perez,tyrone.perez55@example.com,281-555-1141,3,Bronze,2024-07-16,True,2025-01-14 18:03:42+00
1234,Pierre,Walker, Pierre.Walker@Example.Com,512-555-9078,12,Gold,2023-10-15,True,2023-10-15 12:19:32+00
1235,Ava,Jones,ava.jones78@example.org,281-555-5345,3,Silver,2023-04-29,False,2023-04-29 14:33:37+00
1236,Ava,Ramirez,ava.ramirez@example.net,210-555-0582,17,Bronze,2025-02-18,False,2026-06-16 07:21:04+00
1237,Lucia,Johnson,lucia.johnson75@example.org,512-555-5063,15,Silver,2024-06-21,True,2024-10-22 08:21:29+00
1238,Joshua,Broussard,  joshua.broussard@example.org ,726-555-5218,16,Bronze,2023-02-22,True,2025-08-24 22:21:31+00
1239,Wyatt,Martinez,wyatt.martinez49@example.net,214-555-9681,11,Silver,2023-07-18,True,2023-07-18 16:27:49+00
1240,Jennifer,Thibodeaux,jennifer.thibodeaux@example.net,713-555-3826,20,Bronze,2026-04-28,True,2026-06-02 01:26:39+00
1241,Anika,Garcia,anika.garcia23@example.net,832-555-2931,1,Bronze,2023-07-04,True,2023-07-04 15:08:01+00
1242,Rohan,Williams,rohan.williams@example.org,214-555-6112,8,Bronze,2024-03-05,False,2024-04-26 18:10:08+00
1243,Rohan,Fontenot,rohan.fontenot@example.org,214-555-8790,7,Bronze,2026-03-25,True,2026-03-25 21:39:37+00
1244,Liam,Landry,liam.landry65@example.net,726-555-4281,19,Silver,2025-05-23,False,2026-05-31 23:33:35+00
1245,Destiny,Landry,destiny.landry40@example.org,512-555-9497,12,Silver,2026-06-21,False,2026-06-21 20:36:15+00
1246,Lucas,Reyes,lucas.reyes92@example.com,210-555-3786,16,Silver,2025-05-09,True,2025-05-09 17:01:53+00
1247,Linh,Landry,linh.landry55@example.com,713-555-1385,4,Bronze,2023-02-27,False,2024-02-25 11:52:07+00
1248,Harper,Smith,harper.smith14@example.com,281-555-1014,20,Bronze,2026-04-30,False,2026-06-14 00:50:07+00
1249,Rohan,Fontenot,rohan.fontenot63@example.com,972-555-7837,10,Bronze,2023-10-21,True,2023-10-21 09:41:47+00
1250,Marcus,Green,marcus.green@example.com,469-555-7419,10,Bronze,2024-11-13,True,2024-11-13 16:37:07+00
1251,Mateo,Martinez,mateo.martinez55@example.org,713-555-1172,20,Bronze,2026-05-26,True,2026-05-26 08:54:23+00
1252,Isabella,Martinez,isabella.martinez75@example.org,469-555-7643,8,Silver,2023-09-07,True,2026-02-14 12:13:01+00
1253,Linh,King,linh.king80@example.com,214-555-1757,8,Gold,2025-04-23,False,2025-04-23 10:46:18+00
1254,Anika,Robichaux,anika.robichaux@example.org,737-555-6340,12,Bronze,2024-09-28,True,2024-09-28 09:48:00+00
1255,Destiny,Ramirez,destiny.ramirez@example.com,832-555-4123,3,Silver,2025-06-22,False,2025-06-22 11:06:34+00
1256,Ana,King,ana.king@example.com,972-555-7344,7,Bronze,2023-03-31,True,2023-05-09 06:48:19+00
1257,Tyrone,Diaz,tyrone.diaz74@example.org,832-555-1295,4,Silver,2025-12-22,True,2026-02-04 10:18:33+00
1258,Sofia,Pham,sofia.pham@example.com,281-555-1368,2,Bronze,2026-04-16,True,2026-04-16 21:06:12+00
1259,Ava,Nguyen,ava.nguyen79@example.org,210-555-8959,17,Silver,2023-11-03,False,2023-11-03 20:56:51+00
1260,Jamal,Hernandez,jamal.hernandez20@example.org,512-555-8312,12,Bronze,2023-07-20,True,2023-07-20 18:03:19+00
1261,Ashley,Lewis,ashley.lewis@example.org,469-555-7450,7,Bronze,2026-03-14,True,2026-03-14 11:13:35+00
1262,Jose,Patel,jose.patel34@example.com,469-555-2801,8,Silver,2025-08-26,False,2026-02-04 19:20:34+00
1263,Rohan,Gonzalez,rohan.gonzalez@example.org,972-555-4674,9,Bronze,2023-05-24,True,2023-05-24 18:37:20+00
1264,Matthew,Young,matthew.young@example.org,512-555-6585,13,Bronze,2024-05-02,False,2024-05-02 11:18:42+00
1265,Caleb,Patel,caleb.patel63@example.net,726-555-8715,19,Bronze,2025-03-14,True,2025-03-14 19:42:02+00
1266,Harper,Baker,harper.baker@example.com,210-555-2312,19,Gold,2024-10-09,False,2024-10-09 21:57:24+00
1267,Madison,Scott,madison.scott72@example.com,214-555-2626,8,Bronze,2023-07-27,True,2025-07-08 06:37:23+00
1268,Marcus,Diaz,marcus.diaz25@example.org,214-555-4307,7,Bronze,2026-02-25,True,2026-05-05 03:14:17+00
1269,Isabella,Roberts,isabella.roberts@example.com,214-555-5330,9,Silver,2024-02-08,True,2024-02-08 20:12:08+00
1270,Diego,Williams,diego.williams@example.org,737-555-4303,12,Silver,2023-11-13,True,2023-11-13 11:40:26+00
1271,Daniel,Reyes,daniel.reyes33@example.net,214-555-3897,9,Bronze,2025-11-18,True,2025-12-24 12:18:00+00
1272,Colton,Patel,colton.patel95@example.org,512-555-5944,13,Silver,2023-08-11,True,2023-08-11 12:14:42+00
1273,Darnell,Doucet,darnell.doucet@example.org,214-555-3009,11,Bronze,2026-02-17,True,2026-06-21 22:32:39+00
1274,Andrew,Perez,andrew.perez@example.net,972-555-1755,7,Bronze,2026-05-12,True,2026-06-03 13:16:19+00
1275,Caleb,Gonzalez,caleb.gonzalez65@example.net,972-555-2976,7,Bronze,2025-05-21,False,2025-05-21 18:23:12+00
1276,Priya,King,priya.king@example.net,972-555-0820,8,Silver,2025-05-26,True,2025-05-26 15:21:16+00
1277,Anika,Adams,anika.adams@example.org,713-555-3771,2,Silver,2023-06-24,True,2023-06-24 13:12:11+00
1278,Chloe,Jackson,chloe.jackson25@example.com,832-555-0919,4,Bronze,2023-05-27,False,2023-05-27 14:08:50+00
1279,Emily,Comeaux,emily.comeaux@example.com,512-555-8771,14,Bronze,2025-05-08,True,2026-01-03 00:35:46+00
1280,Destiny,King,destiny.king2@example.com,972-555-4409,8,Bronze,2025-03-29,False,2025-12-25 07:47:32+00
1281,Jennifer,Sanchez,jennifer.sanchez42@example.com,713-555-2754,4,Bronze,2026-03-18,True,2026-03-18 21:54:00+00
1282,Madison,Phillips,madison.phillips7@example.com,737-555-9188,12,Bronze,2024-04-03,True,2025-09-08 02:21:59+00
1283,Ana,Garcia,ana.garcia10@example.net,737-555-8629,15,Silver,2024-07-27,False,2024-07-27 11:51:59+00
1284,James,Le,james.le33@example.net,281-555-6233,6,Bronze,2026-04-17,True,2026-06-18 14:43:11+00
1285,James,Reyes,james.reyes43@example.org,726-555-6463,17,Bronze,2026-04-11,True,2026-05-08 02:19:42+00
1286,David,Carter,david.carter7@example.net,210-555-6412,19,Bronze,2026-04-28,True,2026-06-12 23:05:29+00
1287,Diego,Ramirez,diego.ramirez19@example.com,512-555-6250,12,Bronze,2023-05-18,True,2023-05-18 11:41:51+00
1288,Tyrone,Reddy,tyrone.reddy15@example.org,512-555-4874,13,Bronze,2023-05-23,True,2023-05-23 15:15:19+00
1289,Santiago,Rodriguez,santiago.rodriguez92@example.net,713-555-9570,1,Silver,2023-02-19,False,2026-04-03 00:05:18+00
1290,Linda,Hernandez,linda.hernandez@example.com,726-555-1072,19,Bronze,2023-08-19,True,2023-11-10 19:54:40+00
1291,Santiago,Landry,santiago.landry51@example.com,469-555-4543,8,Bronze,2025-12-24,True,2026-04-06 01:34:29+00
1292,Linh,Wright,linh.wright@example.com,726-555-7552,19,Bronze,2026-06-05,True,2026-06-05 16:38:54+00
1293,Darnell,Flores,darnell.flores@example.net,737-555-4667,12,Silver,2025-11-05,True,2026-01-12 17:55:22+00
1294,Abigail,Thomas,abigail.thomas@example.org,713-555-7212,1,Bronze,2026-03-03,True,2026-03-03 13:03:38+00
1295,Ashley,Tran,ashley.tran@example.org,713-555-6365,1,Bronze,2024-10-18,True,2024-10-18 15:04:17+00
1296,Marcus,O'Brien,marcus.obrien71@example.net,512-555-3496,14,Bronze,2025-09-04,True,2025-12-01 03:22:33+00
1297,Arjun,Rivera,arjun.rivera78@example.org,512-555-8000,12,Bronze,2024-01-21,True,2024-01-21 13:52:22+00
1298,Ava,Ramirez,ava.ramirez32@example.com,281-555-3419,1,Bronze,2024-12-21,False,2024-12-21 21:18:03+00
1299,Celeste,Carter,celeste.carter29@example.net,737-555-9863,15,Gold,2025-01-29,False,2025-12-19 01:18:07+00
1300,Carlos,Diaz,carlos.diaz52@example.org,726-555-9494,17,Bronze,2025-07-01,True,2025-09-30 18:05:54+00
1301,Luis,Perez,luis.perez72@example.org,469-555-3768,10,Silver,2025-11-28,True,2026-06-22 18:10:15+00
1302,Valeria,Scott,valeria.scott12@example.net,972-555-6629,9,Gold,2024-11-05,True,2024-11-05 14:34:44+00
1303,Marcus,Hill,marcus.hill89@example.com,832-555-6419,1,Silver,2024-09-30,True,2024-09-30 18:55:06+00
1304,Lucien,Jones,lucien.jones57@example.com,726-555-6874,16,Bronze,2026-05-20,False,2026-05-20 08:30:36+00
1305,Destiny,Baker,destiny.baker43@example.org,972-555-0359,7,Silver,2025-01-20,True,2025-01-20 20:38:09+00
1306,Ava,Shah,ava.shah@example.org,726-555-3177,18,Bronze,2024-02-01,True,2024-02-01 17:49:34+00
1307,Daniel,Flores,daniel.flores@example.com,214-555-2764,8,Bronze,2024-11-21,False,2026-05-31 19:49:02+00
1308,Diego,Doucet,diego.doucet@example.com,737-555-8175,12,Gold,2024-08-24,False,2026-04-18 06:17:56+00
1309,Santiago,Sanchez,santiago.sanchez@example.org,713-555-1920,6,Bronze,2023-09-08,True,2023-09-08 14:14:13+00
1310,Isabella,Hernandez,isabella.hernandez75@example.org,832-555-3317,3,Bronze,2024-07-19,True,2024-07-19 12:40:57+00
1311,Hannah,Garcia,hannah.garcia72@example.org,512-555-7840,15,Bronze,2024-11-14,True,2025-06-30 20:13:34+00
1312,Mia,Rodriguez,mia.rodriguez@example.com,214-555-1734,10,Bronze,2025-09-17,True,2026-04-06 23:59:50+00
1313,Jamal,Le,jamal.le@example.org,214-555-6851,11,Silver,2024-09-28,True,2024-10-04 17:50:47+00
1314,Sarah,Hill,sarah.hill19@example.com,210-555-2196,19,Silver,2023-06-30,True,2025-01-25 08:43:01+00
1315,Remy,Arceneaux,remy.arceneaux@example.net,726-555-0928,19,Silver,2025-12-18,True,2025-12-18 16:56:04+00
1316,Jose,Johnson,jose.johnson15@example.net,726-555-0112,17,Bronze,2024-09-25,True,2024-09-25 21:29:41+00
1317,Caleb,Broussard,caleb.broussard@example.com,281-555-7135,4,Bronze,2023-11-11,True,2023-11-11 17:26:37+00
1318,Noah,Lewis,noah.lewis@example.org,737-555-6663,12,Bronze,2026-02-24,False,2026-05-29 17:22:51+00
1319,Ashley,Green,Ashley.green@Example.com,210-555-9953,18,Bronze,2024-02-26,True,2024-02-26 13:35:43+00
1320,Destiny,Robinson,destiny.robinson@example.com,972-555-0887,8,Silver,2024-02-10,False,2024-08-31 16:26:29+00
1321,Ximena,Boudreaux,ximena.boudreaux82@example.org,832-555-5426,2,Silver,2025-07-09,True,2025-08-30 03:42:19+00
1322,Joshua,Reddy,joshua.reddy36@example.com,210-555-4560,16,Gold,2025-08-08,False,2025-08-08 10:26:08+00
1323,Aaliyah,Jones,aaliyah.jones58@example.com,972-555-0865,10,Silver,2024-07-28,True,2024-07-28 17:41:46+00
1324,Destiny,Landry,destiny.landry@example.com,737-555-7003,12,Bronze,2024-02-13,True,2024-02-13 15:28:12+00
1325,Celeste,Doucet,celeste.doucet1@example.net,713-555-3052,20,Bronze,2026-06-16,True,2026-06-23 06:16:22+00
1326,Hannah,Johnson,hannah.johnson85@example.net,737-555-7035,12,Silver,2023-07-09,True,2024-10-26 04:49:17+00
1327,Jose,Smith,jose.smith5@example.org,214-555-1474,8,Gold,2025-03-29,True,2025-03-29 18:27:24+00
1328,Colton,Wright,colton.wright@example.net,972-555-1575,7,Bronze,2024-10-02,True,2024-10-02 16:46:45+00
1329,Ava,Perez,ava.perez66@example.com,469-555-9955,8,Silver,2025-07-25,True,2025-09-11 21:22:55+00
1330,Jennifer,Garcia,jennifer.garcia@example.org,713-555-0443,3,Bronze,2024-04-05,True,2025-01-16 20:19:24+00
1331,Santiago,Pham,santiago.pham8@example.net,726-555-9499,16,Silver,2025-06-30,True,2025-06-30 17:22:50+00
1332,Kayla,Flores,kayla.flores54@example.net,726-555-2333,17,Gold,2023-01-17,True,2023-02-22 08:51:01+00
1333,Caleb,O'Brien,caleb.obrien@example.org,713-555-9113,6,Gold,2025-04-11,True,2026-01-06 18:53:37+00
1334,Juan,Turner,juan.turner@example.org,281-555-8964,6,Bronze,2023-03-18,True,2023-03-18 18:52:59+00
1335,Brianna,Scott,brianna.scott9@example.org,726-555-4328,18,Bronze,2024-12-05,True,2025-05-29 12:38:54+00
1336,Destiny,Rivera,destiny.rivera@example.net,832-555-3823,1,Silver,2023-08-03,False,2023-08-03 21:47:11+00
1337,Austin,Adams,austin.adams23@example.org,972-555-1001,11,Silver,2025-11-21,False,2025-11-21 11:21:53+00
1338,Chloe,Ramirez,chloe.ramirez72@example.com,214-555-9612,9,Gold,2025-04-23,True,2025-06-24 06:22:46+00
1339,Valeria,Sanchez,valeria.sanchez5@example.com,512-555-0346,14,Bronze,2023-04-25,True,2026-02-16 06:47:11+00
1340,Jamal,O'Brien,jamal.obrien@example.net,281-555-3989,4,Bronze,2026-02-17,True,2026-02-17 14:22:27+00
1341,Daniel,Jackson,daniel.jackson51@example.com,512-555-4345,13,Silver,2023-10-04,True,2023-10-04 09:29:07+00
1342,Carlos,Miller,carlos.miller@example.net,469-555-6119,8,Bronze,2026-05-05,False,2026-05-05 11:00:04+00
1343,Austin,Nelson,austin.nelson2@example.org,737-555-8810,12,Bronze,2023-04-04,False,2025-02-28 20:15:39+00
1344,Arjun,Rodriguez,arjun.rodriguez37@example.net,281-555-4922,1,Silver,2023-04-26,True,2023-04-26 14:09:25+00
1345,Jose,Jackson,jose.jackson@example.net,469-555-1321,9,Bronze,2023-09-22,True,2023-09-22 18:29:14+00
1346,Jose,Broussard,jose.broussard@example.net,469-555-6713,11,Silver,2024-08-08,True,2026-01-07 15:59:17+00
1347,Caleb,Johnson,caleb.johnson27@example.net,281-555-0462,4,Silver,2024-08-18,False,2025-05-27 12:24:37+00
1348,Carmen,King,carmen.king43@example.org,281-555-5184,3,Bronze,2025-07-26,False,2025-07-26 10:25:56+00
1349,Isabella,Thomas,isabella.thomas@example.org,713-555-9956,4,Bronze,2023-06-30,False,2024-12-12 21:45:12+00
1350,Mai,Nelson,mai.nelson@example.com,469-555-4114,7,Gold,2025-04-01,True,2025-08-31 09:10:42+00
1351,Abigail,Patel,abigail.patel49@example.net,713-555-0733,2,Silver,2023-01-07,True,2023-01-07 08:28:41+00
1352,Joshua,Lewis,joshua.lewis5@example.com,210-555-2671,19,Silver,2023-11-16,True,2024-07-10 10:58:59+00
1353,Anika,Carter,anika.carter@example.net,214-555-4630,8,Bronze,2026-05-30,True,2026-05-30 09:37:22+00
1354,Jamal,O'Brien,jamal.obrien53@example.net,726-555-9918,16,Bronze,2026-05-08,True,2026-05-08 14:47:54+00
1355,Tuan,Tran,tuan.tran26@example.com,281-555-4858,20,Bronze,2026-06-06,True,2026-06-06 13:27:53+00
1356,Rohan,Johnson,rohan.johnson@example.com,281-555-5578,2,Silver,2025-09-14,True,2026-05-19 04:52:57+00
1357,Isabella,Reyes,isabella.reyes@example.net,512-555-2173,13,Bronze,2026-06-21,True,2026-06-27 11:51:42+00
1358,Mai,Patel,mai.patel@example.org,210-555-0410,17,Bronze,2025-07-25,True,2025-07-25 18:40:37+00
1359,James,Wilson,james.wilson@example.com,512-555-9449,13,Bronze,2026-05-28,True,2026-05-28 15:38:30+00
1360,Marcus,Wilson,marcus.wilson@example.com,214-555-5670,8,Silver,2023-02-28,True,2025-02-13 09:08:13+00
1361,Darnell,Hebert,darnell.hebert23@example.org,214-555-6012,9,Bronze,2024-01-15,True,2024-04-17 17:17:58+00
1362,Darnell,Mitchell,darnell.mitchell@example.com,281-555-4577,1,Silver,2025-06-21,False,2025-12-12 04:46:03+00
1363,Robert,Diaz,robert.diaz18@example.net,214-555-0228,11,Gold,2023-02-18,True,2025-06-15 00:55:57+00
1364,Austin,Roberts,austin.roberts@example.org,281-555-1029,20,Bronze,2026-06-24,True,2026-06-24 13:24:15+00
1365,Mia,Wright,mia.wright92@example.org,210-555-8433,19,Bronze,2025-07-02,True,2025-07-02 15:57:46+00
1366,Linda,Rivera,linda.rivera@example.net,832-555-8730,1,Bronze,2026-01-21,True,2026-03-29 13:24:46+00
1367,Pierre,Sanchez,pierre.sanchez39@example.com,737-555-6613,14,Bronze,2025-11-17,False,2025-11-17 16:40:18+00
1368,Minh,Scott,minh.scott@example.com,281-555-0364,6,Silver,2025-04-11,False,2025-04-11 19:39:17+00
1369,Ava,Lewis,ava.lewis3@example.net,210-555-2769,18,Bronze,2024-12-29,True,2024-12-29 11:45:02+00
1370,Brianna,Shah,brianna.shah94@example.com,281-555-6216,1,Bronze,2024-08-10,True,2024-08-10 17:53:55+00
1371,Josette,O'Brien,josette.obrien91@example.net,210-555-2085,19,Bronze,2026-01-06,True,2026-01-27 23:11:19+00
1372,Isabella,Davis,isabella.davis35@example.net,726-555-8588,17,Bronze,2024-03-30,False,2024-03-30 11:21:51+00
1373,Mai,Thibodeaux,mai.thibodeaux36@example.com,713-555-3653,3,Bronze,2025-06-04,True,2026-02-17 22:55:37+00
1374,Ashley,Pham,ashley.pham@example.com,832-555-2350,2,Bronze,2025-09-17,True,2026-01-30 19:44:01+00
1375,Jose,Jones,jose.jones92@example.org,726-555-7579,17,Bronze,2024-05-04,True,2024-05-04 17:01:40+00
1376,Ashley,O'Brien,ashley.obrien@example.com,281-555-7861,3,Gold,2025-07-08,True,2025-10-09 16:58:18+00
1377,Austin,Tran,austin.tran48@example.com,972-555-3656,11,Bronze,2025-05-01,False,2025-05-01 19:25:55+00
1378,Minh,Gomez,minh.gomez26@example.net,210-555-3160,19,Bronze,2023-03-05,True,2024-07-16 14:45:55+00
1379,Olivia,Sanchez,olivia.sanchez53@example.com,737-555-6491,12,Bronze,2026-02-12,False,2026-06-04 00:46:15+00
1380,Ethan,Smith,ethan.smith74@example.net,214-555-7213,8,Bronze,2024-11-06,True,2024-11-06 18:27:37+00
1381,Abigail,Pham,abigail.pham43@example.org,214-555-2664,9,Bronze,2026-02-21,True,2026-06-03 21:23:02+00
1382,Anika,O'Brien,anika.obrien@example.net,713-555-9662,2,Silver,2025-04-26,False,2026-05-21 20:07:33+00
1383,Kayla,Williams,kayla.williams@example.com,713-555-7521,20,Bronze,2026-04-12,True,2026-06-29 11:27:32+00
1384,Tuan,Landry,tuan.landry87@example.com,713-555-0360,6,Silver,2024-08-26,False,2024-08-26 11:15:36+00
1385,Santiago,Kumar,SANTIAGO.KUMAR43@EXAMPLE.ORG,281-555-0984,4,Bronze,2023-12-18,True,2023-12-18 15:56:02+00
1386,Arjun,Broussard,arjun.broussard54@example.org,713-555-3303,6,Bronze,2025-12-13,True,2026-03-27 04:55:32+00
1387,Ava,Reddy,ava.reddy42@example.com,726-555-0182,19,Bronze,2025-11-22,True,2025-11-22 16:53:46+00
1388,Daniel,Walker,daniel.walker28@example.org,713-555-3379,2,Silver,2025-01-21,False,2025-01-21 13:50:57+00
1389,Jennifer,Phillips,jennifer.phillips32@example.net,726-555-0975,17,Gold,2024-12-03,True,2025-10-23 01:49:49+00
1390,Tyrone,Pham,tyrone.pham95@example.net,512-555-1928,14,Bronze,2023-04-25,True,2023-07-09 20:33:54+00
1391,Diego,Harris,Diego.harris6@Example.org,210-555-2578,17,Gold,2024-03-16,False,2024-03-16 21:04:37+00
1392,Anika,Rivera,anika.rivera@example.org,832-555-0671,20,Bronze,2026-04-06,True,2026-04-19 08:55:25+00
1393,Celeste,Martinez,celeste.martinez4@example.com,726-555-2444,17,Silver,2024-07-18,False,2024-07-18 12:50:05+00
1394,Ana,Davis,ana.davis@example.org,726-555-7293,19,Silver,2025-06-24,True,2025-12-17 03:12:41+00
1395,Arjun,Wilson,arjun.wilson@example.com,832-555-3023,3,Bronze,2023-09-04,False,2023-09-04 16:27:56+00
1396,Carlos,Scott,carlos.scott@example.net,726-555-9964,16,Bronze,2025-12-28,False,2026-02-09 06:57:27+00
1397,Mai,Williams,mai.williams99@example.com,469-555-0471,11,Bronze,2023-05-22,True,2023-05-22 15:51:12+00
1398,Andrew,Fontenot,andrew.fontenot99@example.org,972-555-4767,11,Silver,2023-04-18,False,2023-04-18 08:28:16+00
1399,Abigail,Patel,abigail.patel@example.org,210-555-8018,18,Bronze,2025-12-04,False,2026-03-10 15:20:41+00
1400,Diego,Jackson,diego.jackson3@example.net,713-555-3716,20,Bronze,2026-06-09,True,2026-06-13 03:01:55+00
1401,Emily,Jones,emily.jones23@example.com,512-555-4369,14,Bronze,2025-03-16,False,2025-03-16 09:35:25+00
1402,Olivia,Baker,olivia.baker38@example.com,972-555-1290,10,Gold,2025-04-16,True,2026-05-20 12:32:18+00
1403,Valeria,Broussard,valeria.broussard91@example.net,214-555-9566,9,Bronze,2023-12-28,False,2025-11-05 07:02:00+00
1404,Maria,Johnson,maria.johnson77@example.org,214-555-1125,8,Silver,2023-03-12,False,2023-03-12 21:30:28+00
1405,Margot,Garcia,margot.garcia47@example.org,469-555-2766,7,Bronze,2023-12-05,True,2024-07-16 04:16:28+00
1406,Ana,Baker,ana.baker@example.org,972-555-1637,8,Bronze,2023-03-17,True,2025-01-15 09:44:27+00
1407,Mia,Turner,mia.turner90@example.com,832-555-9208,2,Bronze,2025-01-06,True,2026-01-07 16:06:52+00
1408,Robert,Lewis,robert.lewis@example.net,281-555-0289,2,Silver,2025-09-01,False,2026-06-24 15:31:51+00
1409,Ana,Reyes,ana.reyes@example.net,512-555-1251,15,Bronze,2026-02-21,False,2026-02-21 20:04:17+00
1410,Ava,Turner,ava.turner0@example.com,972-555-2019,9,Silver,2025-05-27,False,2025-12-31 21:01:39+00
1411,Michael,Flores,michael.flores80@example.org,210-555-3826,19,Gold,2025-04-28,False,2026-06-25 14:09:08+00
1412,Darnell,Sanchez,darnell.sanchez@example.net,512-555-1638,12,Bronze,2025-08-24,True,2025-08-24 12:33:16+00
1413,Minh,Young,minh.young93@example.net,832-555-9004,1,Bronze,2025-04-23,True,2025-04-23 16:33:54+00
1414,Lucas,Diaz,lucas.diaz82@example.com,713-555-9815,3,Bronze,2026-05-25,False,2026-06-11 11:12:39+00
1415,Remy,Comeaux,remy.comeaux17@example.net,832-555-3822,4,Bronze,2025-12-27,True,2025-12-27 14:29:25+00
1416,Grace,Kumar,grace.kumar82@example.org,281-555-3484,20,Bronze,2026-04-15,True,2026-04-15 13:53:50+00
1417,Wyatt,Rodriguez,wyatt.rodriguez@example.org,713-555-2345,5,Silver,2024-03-28,True,2026-02-20 00:01:26+00
1418,Jennifer,Roberts,jennifer.roberts80@example.net,214-555-6485,10,Bronze,2025-09-20,True,2026-06-05 01:50:03+00
1419,Rohan,Rodriguez,rohan.rodriguez@example.com,210-555-1985,19,Bronze,2023-12-07,True,2023-12-07 18:56:57+00
1420,Camille,McAllister,camille.mcallister1@example.com,713-555-0650,20,Bronze,2026-05-27,True,2026-06-22 09:06:07+00
1421,Kayla,Flores,kayla.flores79@example.net,281-555-0237,5,Silver,2026-04-21,True,2026-04-22 23:46:00+00
1422,Darnell,Landry,darnell.landry@example.net,832-555-3277,1,Silver,2023-10-29,True,2023-10-29 18:54:13+00
1423,Jamal,Ramirez,jamal.ramirez42@example.org,713-555-2996,3,Gold,2024-10-12,True,2025-09-23 16:19:44+00
1424,Rohan,Doucet,Rohan.doucet13@Example.com,713-555-3129,2,Bronze,2025-08-29,True,2026-03-01 18:19:49+00
1425,Carlos,Smith,carlos.smith@example.net,281-555-6204,4,Bronze,2026-04-11,False,2026-05-10 21:09:43+00
1426,Wyatt,Hernandez,wyatt.hernandez@example.net,737-555-6965,12,Silver,2025-01-16,True,2025-01-16 10:15:45+00
1427,Jamal,Comeaux,jamal.comeaux95@example.com,726-555-1080,19,Silver,2025-04-19,False,2025-04-19 16:37:04+00
1428,Matthew,Thomas,matthew.thomas30@example.com,214-555-4113,11,Bronze,2026-05-15,True,2026-05-26 20:35:01+00
1429,Emily,Phillips,emily.phillips@example.com,737-555-7839,13,Silver,2025-04-02,True,2025-05-31 22:11:22+00
1430,Andre,Green,andre.green@example.net,713-555-1105,4,Bronze,2023-06-20,False,2023-06-20 13:25:38+00
1431,Joshua,Mitchell,joshua.mitchell50@example.com,726-555-5493,16,Bronze,2024-06-19,True,2024-06-19 17:50:39+00
1432,Rohan,Wright,rohan.wright96@example.org,512-555-2220,12,Silver,2025-11-09,True,2025-11-09 08:25:02+00
1433,Ava,King,ava.king@example.net,726-555-8022,17,Silver,2025-09-22,True,2026-06-05 00:49:32+00
1434,Carmen,Reyes,carmen.reyes24@example.org,210-555-0539,19,Silver,2024-11-02,False,2025-03-31 01:39:35+00
1435,Noah,Carter,noah.carter@example.org,972-555-8838,7,Bronze,2026-05-22,False,2026-06-11 02:15:09+00
1436,Caleb,Phillips,caleb.phillips78@example.com,713-555-7059,2,Silver,2025-01-02,True,2025-01-02 21:32:50+00
1437,Grace,Robichaux,grace.robichaux@example.com,281-555-1131,5,Bronze,2023-03-13,True,2023-03-13 15:47:12+00
1438,Andrew,Wilson,andrew.wilson48@example.com,214-555-1304,9,Bronze,2025-09-28,True,2026-03-19 21:50:02+00
1439,Darnell,Williams,darnell.williams41@example.com,726-555-7713,19,Bronze,2026-04-11,False,2026-04-11 20:59:48+00
1440,David,Arceneaux,david.arceneaux@example.com,214-555-1744,8,Bronze,2024-02-22,False,2024-02-22 12:48:24+00
1441,Lucia,Shah,lucia.shah54@example.org,737-555-8973,15,Silver,2023-09-18,True,2023-09-18 10:01:38+00
1442,Tyrone,Nguyen,tyrone.nguyen54@example.com,972-555-1676,11,Bronze,2026-01-23,True,2026-05-26 19:17:02+00
1443,Robert,Carter,Robert.carter7@Example.com,832-555-0664,4,Silver,2023-02-02,False,2024-06-14 00:04:10+00
1444,Jamal,Doucet,jamal.doucet50@example.org,214-555-5633,7,Bronze,2024-12-02,True,2024-12-02 16:53:11+00
1445,Celeste,Kumar,celeste.kumar62@example.com,512-555-6067,13,Bronze,2025-08-05,False,2025-11-05 13:24:16+00
1446,Colton,Young,colton.young59@example.org,512-555-5634,13,Bronze,2026-06-09,True,2026-06-21 22:34:40+00
1447,Emily,Carter,emily.carter71@example.org,469-555-1945,9,Bronze,2023-12-03,False,2026-06-24 20:59:17+00
1448,Harper,Patel,harper.patel@example.net,713-555-3380,5,Bronze,2026-04-02,True,2026-04-15 10:49:41+00
1449,Abigail,Nguyen,abigail.nguyen@example.com,512-555-1594,14,Bronze,2024-02-01,False,2024-11-12 08:40:05+00
1450,Matthew,Miller,matthew.miller@example.net,713-555-3381,4,Bronze,2026-05-21,True,2026-05-21 10:35:57+00
1451,Mia,Reddy,mia.reddy@example.com,210-555-0534,19,Bronze,2024-07-09,True,2024-07-09 18:49:13+00
1452,Priya,Hernandez,priya.hernandez@example.net,713-555-8825,4,Bronze,2026-05-28,False,2026-06-01 03:45:08+00
1453,Emily,Boudreaux,emily.boudreaux31@example.com,281-555-4443,3,Bronze,2023-01-04,True,2023-01-04 15:32:23+00
1454,Santiago,Doucet,santiago.doucet@example.org,214-555-3580,10,Gold,2023-07-20,False,2023-07-20 20:43:14+00
1455,Sofia,Miller,sofia.miller98@example.org,972-555-8096,11,Bronze,2026-04-03,True,2026-04-03 10:37:35+00
1456,Daniel,Thomas,daniel.thomas70@example.net,972-555-2485,10,Bronze,2025-11-11,True,2025-11-11 13:58:52+00
1457,Andre,Flores,andre.flores@example.org,469-555-0285,9,Bronze,2026-06-06,True,2026-06-06 10:26:51+00
1458,Remy,Robichaux,REMY.ROBICHAUX39@EXAMPLE.COM,281-555-1130,20,Bronze,2026-05-04,True,2026-05-04 14:06:57+00
1459,Jennifer,Morales,jennifer.morales84@example.org,469-555-2820,10,Bronze,2023-02-24,True,2024-02-08 19:45:29+00
1460,Austin,Morales,austin.morales16@example.com,469-555-8272,10,Silver,2025-11-26,False,2025-11-26 20:49:00+00
1461,Emily,Thibodeaux,emily.thibodeaux78@example.net,214-555-0168,8,Bronze,2026-03-12,False,2026-04-17 04:50:15+00
1462,Sarah,Brown,sarah.brown@example.net,832-555-5321,2,Bronze,2023-02-10,True,2023-02-10 16:35:51+00
1463,Margot,Lopez,margot.lopez@example.com,512-555-0484,12,Bronze,2025-04-10,True,2026-01-30 07:00:37+00
1464,Valeria,King,valeria.king23@example.org,832-555-6133,5,Gold,2024-02-24,True,2026-01-27 13:02:54+00
1465,James,Garcia,james.garcia@example.net,512-555-5991,13,Silver,2023-11-17,True,2023-11-17 19:41:06+00
1466,Celeste,Arceneaux,celeste.arceneaux3@example.org,832-555-1372,1,Bronze,2026-04-16,False,2026-04-16 17:24:30+00
1467,Austin,Martinez,austin.martinez92@example.com,832-555-6456,20,Bronze,2026-05-23,True,2026-05-26 02:33:42+00
1468,Harper,Doucet,harper.doucet90@example.net,214-555-6735,10,Gold,2025-04-05,True,2025-04-05 21:36:21+00
1469,Carmen,Reddy,carmen.reddy19@example.org,210-555-5972,18,Bronze,2023-08-02,False,2023-10-21 07:05:40+00
1470,Mai,LeBlanc,mai.leblanc@example.org,972-555-9371,10,Silver,2023-04-05,True,2024-03-27 00:42:20+00
1471,Grace,Young,grace.young@example.org,713-555-3387,2,Gold,2023-12-23,True,2023-12-23 21:37:41+00
1472,Rohan,Torres,rohan.torres@example.com,210-555-9691,16,Bronze,2024-10-29,True,2026-02-07 05:57:29+00
1473,Anika,Nguyen,anika.nguyen12@example.net,512-555-8021,13,Bronze,2026-05-28,False,2026-05-30 19:41:13+00
1474,Kayla,Flores,kayla.flores@example.net,726-555-4756,16,Silver,2023-06-06,False,2025-04-17 11:35:48+00
1475,Lucas,Robichaux,lucas.robichaux@example.com,972-555-4722,8,Silver,2025-04-01,True,2025-06-03 07:28:16+00
1476,Michael,Jones,michael.jones36@example.org,737-555-2495,13,Bronze,2026-01-10,True,2026-01-10 19:31:25+00
1477,Priya,Torres,priya.torres55@example.org,726-555-1230,17,Bronze,2026-02-14,True,2026-05-25 02:38:24+00
1478,Mai,Harris,mai.harris79@example.org,737-555-9199,13,Bronze,2023-09-20,True,2023-09-20 11:03:33+00
1479,Wyatt,King,wyatt.king40@example.com,972-555-7587,7,Bronze,2023-01-20,True,2023-01-20 17:03:51+00
1480,Valeria,Torres,valeria.torres91@example.net,737-555-9457,13,Bronze,2023-02-28,True,2025-01-10 02:24:55+00
1481,Joshua,Torres, Joshua.Torres@Example.Org,737-555-2749,13,Gold,2025-01-16,False,2025-01-16 21:52:35+00
1482,Ximena,Rivera,ximena.rivera22@example.net,726-555-4286,19,Bronze,2023-03-29,True,2024-11-08 10:57:11+00
1483,James,Flores,james.flores@example.net,214-555-8181,7,Silver,2023-09-28,True,2026-06-20 08:17:50+00
1484,Mateo,McAllister,mateo.mcallister36@example.org,214-555-1282,8,Bronze,2025-09-25,False,2025-09-25 21:33:15+00
1485,Ana,Reddy,ana.reddy85@example.org,210-555-2020,16,Gold,2024-01-12,True,2024-01-12 11:12:56+00
1486,Arjun,Thibodeaux,Arjun.thibodeaux@Example.org,469-555-9423,10,Silver,2025-03-27,True,2025-06-11 18:32:12+00
1487,Rohan,LeBlanc,rohan.leblanc43@example.com,737-555-9002,15,Bronze,2024-01-12,False,2024-01-12 11:36:09+00
1488,Priya,Robichaux,priya.robichaux69@example.net,972-555-4598,9,Bronze,2026-05-07,False,2026-05-07 09:41:48+00
1489,Santiago,Nguyen,santiago.nguyen16@example.net,281-555-2681,4,Bronze,2026-05-12,True,2026-06-04 01:49:07+00
1490,Josette,Thibodeaux,josette.thibodeaux77@example.com,737-555-0082,15,Bronze,2024-05-30,False,2024-05-30 18:50:48+00
1491,Ana,O'Brien,ana.obrien@example.net,281-555-9715,3,Silver,2025-01-20,True,2026-06-17 10:08:21+00
1492,Tuan,Rivera,tuan.rivera@example.net,281-555-1747,4,Silver,2026-06-20,True,2026-06-28 23:48:16+00
1493,Jessica,Broussard,jessica.broussard55@example.org,512-555-7397,13,Bronze,2025-11-01,True,2026-06-20 23:34:45+00
1494,Tuan,Smith,tuan.smith17@example.com,512-555-5476,15,Bronze,2026-03-09,True,2026-03-31 03:38:45+00
1495,Chloe,Arceneaux,chloe.arceneaux15@example.org,210-555-8357,18,Bronze,2025-07-05,True,2025-07-05 15:08:04+00
1496,Robert,Baker,robert.baker@example.com,713-555-4417,6,Bronze,2024-11-06,True,2025-05-09 03:36:11+00
1497,Priya,McAllister,priya.mcallister69@example.com,713-555-6918,3,Bronze,2024-12-06,False,2024-12-26 01:29:02+00
1498,David,Fontenot,david.fontenot@example.com,210-555-2994,19,Bronze,2024-01-21,True,2025-02-13 08:32:48+00
1499,Olivia,Martinez,olivia.martinez@example.org,713-555-8635,3,Bronze,2026-01-07,False,2026-02-19 11:52:12+00
1500,Mai,Walker,mai.walker48@example.com,713-555-8686,4,Bronze,2025-03-28,True,2025-03-28 20:27:55+00
1501,Colton,Reddy,colton.reddy10@example.net,281-555-9640,6,Silver,2025-06-12,True,2025-07-15 21:46:25+00
1502,Andrew,Phillips,andrew.phillips@example.com,469-555-6548,11,Bronze,2025-05-28,True,2026-01-01 19:25:32+00
1503,Jessica,Robichaux,jessica.robichaux48@example.org,726-555-0783,18,Silver,2023-06-22,True,2024-05-07 03:55:01+00
1504,Andrew,Smith,andrew.smith35@example.org,512-555-2069,15,Bronze,2025-08-17,False,2025-10-22 05:15:10+00
1505,Minh,Carter,minh.carter14@example.org,737-555-0898,14,Bronze,2025-07-11,True,2025-07-11 16:23:56+00
1506,Sofia,Jackson,sofia.jackson5@example.net,281-555-8388,4,Bronze,2023-09-24,False,2025-02-26 12:26:48+00
1507,Margot,Wright,margot.wright81@example.org,972-555-5287,7,Bronze,2025-12-11,False,2025-12-11 13:57:23+00
1508,Hannah,Wilson,hannah.wilson88@example.org,469-555-7423,10,Bronze,2024-07-31,True,2024-07-31 10:00:16+00
1509,Linda,LeBlanc,linda.leblanc@example.org,832-555-7866,3,Bronze,2023-12-19,True,2026-02-15 06:54:34+00
1510,Mateo,LeBlanc,mateo.leblanc@example.net,832-555-9335,6,Silver,2023-09-02,False,2024-12-01 20:43:50+00
1511,Pierre,Torres,pierre.torres@example.com,832-555-2481,6,Bronze,2024-02-04,True,2024-07-13 10:03:16+00
1512,Mai,Green,mai.green@example.com,281-555-6208,3,Silver,2023-02-11,False,2026-06-24 00:06:56+00
1513,Mai,Lopez,mai.lopez28@example.org,214-555-1663,11,Silver,2025-01-27,True,2025-08-02 00:20:52+00
1514,Ximena,Jones,ximena.jones@example.net,512-555-5759,14,Bronze,2025-02-14,True,2025-02-14 17:15:56+00
1515,Anika,Sanchez,ANIKA.SANCHEZ55@EXAMPLE.ORG,281-555-3225,2,Bronze,2026-01-15,False,2026-02-01 22:42:30+00
1516,Colton,McAllister,colton.mcallister8@example.com,214-555-8512,10,Bronze,2024-08-24,True,2024-11-16 03:39:05+00
1517,Jessica,Wilson,jessica.wilson@example.com,726-555-5451,16,Silver,2024-02-02,False,2024-02-02 15:02:55+00
1518,Isabella,Le,isabella.le@example.net,512-555-6721,15,Silver,2025-03-04,True,2025-03-04 15:08:10+00
1519,Arjun,Lopez,arjun.lopez76@example.net,210-555-2450,16,Silver,2025-08-13,False,2026-01-23 20:45:01+00
1520,Juan,Hebert,juan.hebert7@example.net,214-555-0614,9,Bronze,2023-04-07,True,2025-07-02 14:04:58+00
1521,Sarah,Nguyen,sarah.nguyen96@example.com,210-555-7530,16,Silver,2024-02-24,True,2026-02-07 11:35:05+00
1522,Carlos,Johnson,carlos.johnson@example.com,281-555-7240,5,Bronze,2025-12-27,True,2025-12-27 10:24:02+00
1523,Ashley,Sanchez,ashley.sanchez@example.com,972-555-9635,7,Bronze,2026-04-17,True,2026-04-17 08:25:54+00
1524,David,Le,david.le50@example.net,713-555-4334,4,Bronze,2025-12-25,False,2026-06-24 19:16:27+00
1525,Marcus,Smith,marcus.smith88@example.org,469-555-6847,9,Bronze,2023-07-20,False,2024-01-22 11:42:41+00
1526,Minh,Arceneaux,minh.arceneaux33@example.com,972-555-8899,8,Silver,2024-05-24,False,2024-09-07 21:47:29+00
1527,Carlos,Pham,carlos.pham@example.com,713-555-5148,5,Gold,2023-05-23,False,2023-05-23 19:58:36+00
1528,Matthew,Perez,matthew.perez@example.net,512-555-3298,15,Bronze,2025-08-07,False,2026-03-25 22:41:53+00
1529,Diego,Rodriguez,diego.rodriguez@example.net,832-555-6199,6,Silver,2024-07-22,True,2024-12-01 05:25:28+00
1530,Austin,Arceneaux, Austin.Arceneaux@Example.Net,281-555-9945,6,Silver,2023-09-24,True,2024-07-26 03:41:58+00
1531,Jose,Walker,jose.walker@example.org,832-555-5594,3,Gold,2023-04-09,False,2023-04-09 13:02:25+00
1532,Tuan,Smith,tuan.smith25@example.net,214-555-1115,9,Silver,2025-03-19,True,2025-11-06 03:24:31+00
1533,Olivia,Reyes,olivia.reyes@example.net,281-555-9383,6,Bronze,2025-06-08,True,2025-06-08 13:00:44+00
1534,Ethan,McAllister,ethan.mcallister34@example.net,972-555-2615,7,Bronze,2025-08-21,True,2026-05-10 22:52:51+00
1535,Linh,Reyes,linh.reyes@example.com,832-555-2290,5,Silver,2025-11-30,True,2026-03-14 03:10:19+00
1536,Lucia,Diaz,lucia.diaz45@example.com,737-555-4846,15,Bronze,2025-06-11,False,2026-02-22 22:25:01+00
1537,Minh,Robinson,minh.robinson84@example.com,726-555-3736,19,Gold,2025-05-11,True,2026-02-02 20:06:06+00
1538,Ximena,Fontenot,ximena.fontenot29@example.com,469-555-6592,10,Gold,2025-06-08,True,2025-07-14 05:30:53+00
1539,Caleb,Thibodeaux,caleb.thibodeaux57@example.org,737-555-0520,13,Gold,2025-12-30,False,2026-03-18 09:39:54+00
1540,Kayla,King,kayla.king@example.org,210-555-4522,17,Bronze,2024-05-22,False,2025-04-26 05:13:58+00
1541,Darnell,Williams,darnell.williams@example.com,713-555-8047,20,Bronze,2026-06-24,True,2026-06-30 07:40:02+00
1542,Darnell,Walker,darnell.walker1@example.net,737-555-0815,12,Silver,2025-06-17,False,2025-06-17 16:03:39+00
1543,Daniel,Thibodeaux,daniel.thibodeaux58@example.net,726-555-8615,18,Bronze,2026-01-04,True,2026-01-15 02:36:15+00
1544,Lucia,Nelson,lucia.nelson34@example.org,210-555-6321,18,Bronze,2025-01-27,True,2025-01-27 10:42:51+00
1545,Valeria,Walker, Valeria.Walker@Example.Net,726-555-0185,16,Bronze,2026-03-13,True,2026-03-13 08:57:46+00
1546,Tuan,Turner,tuan.turner90@example.net,972-555-7501,9,Bronze,2023-05-26,True,2023-05-26 10:58:04+00
1547,Jamal,Garcia,jamal.garcia57@example.org,713-555-3140,2,Gold,2023-07-06,True,2024-08-25 16:52:49+00
1548,Colton,Lopez,colton.lopez83@example.org,281-555-8016,1,Silver,2023-05-06,True,2023-05-06 21:05:07+00
1549,Juan,Carter,juan.carter@example.org,214-555-3589,10,Bronze,2025-09-10,True,2025-09-10 11:30:34+00
1550,Michael,Thibodeaux,michael.thibodeaux51@example.org,469-555-1271,10,Bronze,2025-04-26,False,2026-02-11 17:15:17+00
1551,Santiago,Hill,santiago.hill@example.org,972-555-2090,8,Bronze,2023-04-22,True,2025-02-09 18:34:40+00
1552,Josette,Thomas,josette.thomas@example.org,737-555-0644,12,Bronze,2024-11-16,True,2025-10-31 10:15:41+00
1553,Aaliyah,Arceneaux,aaliyah.arceneaux16@example.org,972-555-0400,11,Bronze,2024-12-24,True,2025-09-16 20:06:16+00
1554,Andre,Williams,andre.williams@example.net,726-555-3603,17,Bronze,2026-03-09,False,2026-05-03 04:26:08+00
1555,Margot,Jones,margot.jones91@example.net,832-555-1086,3,Bronze,2026-02-27,False,2026-06-18 23:40:34+00
1556,Robert,Walker,robert.walker44@example.net,281-555-6224,5,Silver,2025-09-21,False,2025-09-21 16:35:40+00
1557,Jessica,Davis,jessica.davis@example.com,210-555-4721,16,Gold,2024-07-22,False,2024-12-05 00:53:33+00
1558,David,Smith,david.smith@example.com,726-555-6879,17,Bronze,2024-12-23,True,2025-08-13 03:48:53+00
1559,Mia,Perez,mia.perez37@example.com,832-555-0590,20,Bronze,2026-04-10,True,2026-04-10 21:45:06+00
1560,Maria,Mitchell,maria.mitchell28@example.net,726-555-3486,17,Bronze,2024-03-10,True,2025-04-14 21:16:29+00
1561,Hannah,Shah, Hannah.Shah97@Example.Com,210-555-3707,18,Bronze,2025-09-03,False,2026-04-11 11:43:10+00
1562,Jessica,Walker,jessica.walker83@example.org,832-555-2362,6,Bronze,2024-03-29,True,2024-10-12 23:45:27+00
1563,Marcus,Kumar,marcus.kumar@example.com,214-555-7123,8,Bronze,2025-05-26,True,2026-01-14 20:15:18+00
1564,Jennifer,Tran,jennifer.tran19@example.com,713-555-7589,6,Bronze,2024-10-25,True,2026-04-08 18:03:58+00
1565,Robert,Ramirez,robert.ramirez47@example.net,512-555-6105,12,Bronze,2025-01-20,False,2025-10-26 02:30:18+00
1566,Liam,Broussard,liam.broussard4@example.org,210-555-2073,19,Bronze,2025-04-13,True,2025-04-13 15:29:16+00
1567,Darnell,Doucet,darnell.doucet6@example.com,972-555-8310,7,Gold,2025-03-17,False,2025-03-17 14:29:06+00
1568,Hannah,McAllister,hannah.mcallister@example.net,214-555-9034,11,Bronze,2024-09-10,False,2026-01-10 13:51:11+00
1569,Josette,Carter,josette.carter67@example.net,281-555-1370,6,Bronze,2026-01-08,True,2026-01-08 20:51:23+00
1570,Tuan,Robinson,tuan.robinson@example.com,713-555-1776,4,Bronze,2026-01-23,False,2026-01-23 12:16:26+00
1571,Destiny,Hill,destiny.hill@example.org,281-555-8537,4,Bronze,2026-01-14,True,2026-01-14 08:14:14+00
1572,Rohan,Hill,rohan.hill47@example.net,281-555-2501,2,Bronze,2025-03-07,True,2025-09-11 06:57:00+00
1573,Marcus,Jackson,marcus.jackson16@example.com,726-555-8474,19,Gold,2025-08-21,True,2025-08-21 18:09:08+00
1574,Robert,Scott,robert.scott50@example.net,972-555-3599,8,Bronze,2025-02-11,True,2025-09-05 07:52:10+00
1575,Mia,Jones,mia.jones36@example.com,726-555-6753,17,Bronze,2025-04-26,True,2025-05-07 14:55:46+00
1576,Grace,Johnson,grace.johnson27@example.org,512-555-5827,14,Bronze,2025-06-29,False,2025-06-29 11:27:50+00
1577,Mia,Guidry,mia.guidry83@example.org,832-555-5846,4,Bronze,2024-02-07,False,2025-07-02 11:42:39+00
1578,Juan,Brown,juan.brown26@example.com,832-555-6692,4,Silver,2023-03-10,True,2023-08-23 20:00:26+00
1579,Anika,Reyes,anika.reyes77@example.org,726-555-6046,16,Bronze,2024-01-05,True,2024-08-29 19:36:40+00
1580,Andrew,Gonzalez,andrew.gonzalez@example.com,281-555-7716,6,Silver,2025-04-07,True,2025-04-07 16:56:00+00
1581,Andre,Phillips,andre.phillips14@example.net,210-555-7359,19,Silver,2025-06-13,True,2025-12-28 18:30:46+00
1582,Margot,Kumar,margot.kumar@example.net,281-555-9437,3,Gold,2024-07-17,False,2025-12-15 14:55:12+00
1583,Destiny,Williams,destiny.williams61@example.com,512-555-1637,14,Bronze,2025-05-03,True,2025-05-03 15:49:34+00
1584,Diego,Shah,diego.shah@example.org,726-555-6322,16,Bronze,2023-03-23,False,2025-12-27 07:20:11+00
1585,Destiny,Robinson,destiny.robinson53@example.net,832-555-7398,5,Gold,2024-12-06,False,2025-01-19 17:17:41+00
1586,Santiago,Diaz,santiago.diaz@example.org,832-555-0301,6,Bronze,2026-02-18,True,2026-02-18 16:09:32+00
1587,Maria,Nelson,maria.nelson@example.org,726-555-2773,19,Bronze,2024-07-10,True,2024-07-10 08:05:17+00
1588,Kayla,O'Brien,kayla.obrien@example.net,713-555-8140,6,Bronze,2025-02-24,False,2025-02-24 20:44:16+00
1589,Liam,O'Brien,liam.obrien@example.com,972-555-5054,9,Silver,2024-06-22,True,2026-05-20 09:27:52+00
1590,Marcus,Davis,marcus.davis94@example.net,972-555-0807,9,Silver,2024-07-27,True,2026-03-27 05:10:07+00
1591,Linda,Guidry,linda.guidry@example.com,713-555-2428,5,Silver,2024-10-23,False,2024-10-23 16:23:40+00
1592,Margot,King,margot.king@example.org,512-555-3571,15,Gold,2025-05-20,False,2025-06-13 01:25:33+00
1593,Robert,Guidry,robert.guidry@example.com,512-555-6885,15,Bronze,2023-09-30,False,2023-09-30 13:54:56+00
1594,Anika,Fontenot,anika.fontenot10@example.org,469-555-3793,8,Bronze,2023-11-26,False,2024-05-05 05:44:06+00
1595,Isabella,Diaz,isabella.diaz14@example.com,726-555-3607,17,Silver,2024-04-04,False,2024-04-04 10:59:24+00
1596,Juan,Landry,juan.landry71@example.org,713-555-8480,4,Gold,2023-08-10,True,2024-05-29 10:22:36+00
1597,Linda,Thomas, Linda.Thomas@Example.Net,713-555-0713,1,Bronze,2024-01-02,True,2024-01-02 18:40:01+00
1598,Ashley,Johnson,ashley.johnson@example.org,512-555-5790,12,Silver,2024-01-20,False,2024-02-29 22:56:02+00
1599,Mateo,Wright,mateo.wright@example.org,713-555-8391,20,Bronze,2026-06-06,True,2026-06-06 08:59:33+00
1600,Lucia,Robinson,lucia.robinson12@example.org,713-555-9636,1,Bronze,2024-03-25,False,2024-08-28 18:06:24+00
1601,Linda,Martinez,linda.martinez@example.com,832-555-1845,4,Gold,2024-07-07,True,2025-05-15 12:02:48+00
1602,Lucia,Young,lucia.young77@example.net,469-555-0759,11,Bronze,2025-02-01,True,2026-05-20 13:11:50+00
1603,Linh,Comeaux,linh.comeaux@example.com,726-555-6479,16,Bronze,2023-11-29,False,2024-07-25 05:31:57+00
1604,Olivia,Diaz,olivia.diaz@example.org,832-555-6790,2,Silver,2025-07-15,False,2026-02-23 02:43:08+00
1605,Diego,LeBlanc,diego.leblanc18@example.net,469-555-5998,8,Bronze,2024-06-09,True,2024-11-08 06:23:15+00
1606,Emily,Comeaux,emily.comeaux32@example.org,512-555-3515,15,Bronze,2026-02-23,True,2026-02-23 19:35:26+00
1607,Luis,Gonzalez,luis.gonzalez@example.org,214-555-7865,7,Silver,2023-05-06,True,2023-05-06 14:45:59+00
1608,Emily,Patel,emily.patel27@example.org,832-555-4688,4,Bronze,2023-07-10,True,2023-07-10 21:35:23+00
1609,Juan,Shah,juan.shah90@example.org,281-555-5310,4,Silver,2024-05-12,True,2026-01-03 05:33:34+00
1610,Remy,Boudreaux,remy.boudreaux70@example.com,972-555-2406,8,Bronze,2024-02-06,False,2026-03-18 13:11:16+00
1611,Ana,LeBlanc,ana.leblanc75@example.org,214-555-4213,10,Bronze,2024-06-27,False,2026-05-02 07:17:47+00
1612,Isabella,Patel,isabella.patel59@example.net,726-555-8212,17,Silver,2023-06-23,True,2024-03-16 00:51:26+00
1613,Ethan,Robichaux,ethan.robichaux21@example.com,737-555-9392,13,Bronze,2024-06-03,False,2024-06-03 20:36:59+00
1614,Arjun,Broussard,arjun.broussard@example.net,512-555-5373,14,Gold,2025-01-22,True,2025-01-22 16:11:09+00
1615,Abigail,Phillips,abigail.phillips@example.org,281-555-5021,20,Bronze,2026-04-02,True,2026-06-06 00:20:56+00
1616,Linda,Adams,linda.adams@example.org,214-555-7685,8,Bronze,2026-06-24,False,2026-06-25 14:31:22+00
1617,Priya,Thibodeaux,priya.thibodeaux3@example.org,972-555-2591,8,Bronze,2024-01-13,False,2026-01-02 05:23:02+00
1618,Sarah,Walker,sarah.walker87@example.org,726-555-8047,19,Bronze,2024-07-29,False,2026-06-06 07:54:00+00
1619,Santiago,Hill,santiago.hill@example.net,713-555-0109,5,Gold,2024-07-21,True,2024-11-03 12:14:48+00
1620,Matthew,Wilson,matthew.wilson94@example.net,737-555-7521,14,Bronze,2025-05-17,True,2025-09-10 14:05:23+00
1621,Wyatt,Pham,wyatt.pham@example.org,512-555-5969,15,Silver,2024-03-03,True,2025-05-22 18:54:49+00
1622,Kayla,Wright,kayla.wright@example.com,281-555-9628,2,Silver,2025-01-05,False,2025-08-26 14:54:30+00
1623,Olivia,Brown,olivia.brown@example.org,972-555-2198,9,Bronze,2026-02-14,True,2026-02-14 12:39:50+00
1624,Olivia,Reyes,olivia.reyes56@example.net,832-555-7331,4,Bronze,2023-11-24,True,2023-11-24 08:36:03+00
1625,Olivia,Wright,olivia.wright7@example.com,713-555-1628,4,Silver,2025-06-20,True,2026-05-20 10:21:12+00
1626,Camille,Roberts,camille.roberts@example.net,469-555-7195,9,Silver,2023-12-31,True,2025-09-13 11:47:55+00
1627,Mia,McAllister,mia.mcallister@example.com,832-555-6044,6,Bronze,2026-06-05,True,2026-06-09 09:01:56+00
1628,Arjun,Pham,arjun.pham52@example.com,726-555-9555,16,Silver,2024-12-17,False,2024-12-17 16:20:43+00
1629,Camille,Williams,camille.williams@example.org,726-555-1349,18,Silver,2024-11-12,True,2026-02-09 15:47:25+00
1630,Darnell,Johnson,darnell.johnson@example.com,210-555-1698,16,Bronze,2024-08-25,True,2024-08-25 18:55:46+00
1631,Camille,Hill,camille.hill55@example.com,281-555-9971,6,Bronze,2023-09-11,False,2026-02-28 14:27:41+00
1632,Andrew,Robinson,andrew.robinson@example.net,281-555-2459,6,Silver,2023-04-16,True,2023-04-16 11:47:04+00
1633,Olivia,Lopez,olivia.lopez@example.net,281-555-0211,5,Silver,2025-09-23,True,2026-06-11 09:54:52+00
1634,Marcus,Garcia,marcus.garcia@example.org,713-555-3033,3,Gold,2025-08-15,False,2026-04-19 04:03:22+00
1635,Ana,Martinez,ana.martinez33@example.com,210-555-3204,19,Bronze,2025-08-29,True,2026-05-29 17:54:41+00
1636,Jessica,Adams,jessica.adams3@example.org,469-555-0099,8,Bronze,2026-02-17,False,2026-05-27 20:19:31+00
1637,Andrew,Young,andrew.young60@example.com,281-555-3955,5,Silver,2025-08-27,True,2026-02-20 20:49:18+00
1638,Arjun,Turner,arjun.turner58@example.net,726-555-0578,17,Bronze,2026-02-01,False,2026-02-01 10:41:17+00
1639,Ana,Wilson,ana.wilson@example.net,972-555-6263,8,Bronze,2023-03-24,True,2023-03-24 12:12:16+00
1640,Lucas,Thomas,lucas.thomas99@example.net,713-555-7526,1,Bronze,2023-08-06,True,2023-08-06 21:28:38+00
1641,Rohan,Mitchell,rohan.mitchell@example.org,281-555-7264,3,Bronze,2023-10-26,True,2023-10-26 20:51:36+00
1642,Valeria,Doucet,valeria.doucet@example.org,737-555-9539,13,Bronze,2024-02-18,True,2025-06-14 22:58:08+00
1643,Mia,King,mia.king@example.net,210-555-2823,16,Bronze,2025-10-26,True,2025-10-26 20:26:34+00
1644,Lucia,Pham,lucia.pham@example.com,713-555-0666,4,Gold,2023-12-31,True,2023-12-31 19:15:30+00
1645,Tuan,Smith,tuan.smith94@example.com,210-555-6919,19,Bronze,2024-11-02,True,2025-01-16 18:14:01+00
1646,Kayla,Broussard,kayla.broussard@example.net,726-555-0347,17,Gold,2023-10-24,True,2023-10-24 18:01:01+00
1647,Daniel,Torres,daniel.torres@example.org,210-555-1104,17,Bronze,2026-03-29,True,2026-03-29 18:32:17+00
1648,Valeria,Miller,valeria.miller@example.org,713-555-0555,5,Silver,2024-09-13,True,2024-09-13 09:56:13+00
1649,Ashley,Pham,ashley.pham77@example.net,832-555-0812,1,Bronze,2023-06-14,True,2023-06-14 20:47:23+00
1650,Ana,Roberts,ana.roberts12@example.com,726-555-9320,17,Silver,2024-05-21,False,2026-04-21 19:03:40+00
1651,Linda,Brown,linda.brown@example.com,281-555-8236,6,Silver,2023-04-26,False,2023-04-26 12:23:13+00
1652,Arjun,Diaz,arjun.diaz43@example.net,737-555-9107,12,Gold,2025-09-01,True,2025-09-16 10:09:29+00
1653,Mai,Jackson,mai.jackson13@example.net,737-555-2162,15,Bronze,2025-02-10,False,2025-02-10 12:36:07+00
1654,Sofia,Gomez,sofia.gomez57@example.net,832-555-3060,3,Bronze,2025-10-28,False,2025-10-28 12:39:18+00
1655,Colton,Wilson,colton.wilson50@example.com,726-555-0104,16,Gold,2025-08-17,False,2026-05-14 19:38:32+00
1656,Matthew,Lopez,matthew.lopez64@example.com,210-555-3790,19,Bronze,2023-08-29,True,2025-01-22 19:43:32+00
1657,Tuan,Johnson,tuan.johnson52@example.org,737-555-2945,14,Silver,2025-02-14,True,2025-02-14 13:43:01+00
1658,Margot,McAllister,margot.mcallister86@example.net,972-555-4963,9,Bronze,2023-04-20,False,2023-12-27 11:42:18+00
1659,Linh,Arceneaux,linh.arceneaux26@example.net,726-555-5307,18,Bronze,2025-11-18,True,2026-04-18 21:04:52+00
1660,Marcus,Turner,marcus.turner@example.com,469-555-3041,11,Silver,2025-05-10,False,2025-06-12 15:57:05+00
1661,Valeria,Thomas,valeria.thomas95@example.com,512-555-6403,15,Silver,2025-01-15,False,2025-01-15 15:31:01+00
1662,Aaliyah,Morales,aaliyah.morales58@example.com,210-555-8641,16,Bronze,2026-03-01,True,2026-06-15 09:35:28+00
1663,Austin,Turner,austin.turner5@example.net,512-555-2154,15,Bronze,2025-07-17,True,2025-07-27 15:14:11+00
1664,Abigail,Torres,abigail.torres74@example.com,713-555-8636,6,Silver,2025-08-04,True,2025-08-04 11:31:40+00
1665,Ethan,Hernandez,ethan.hernandez19@example.net,832-555-0351,3,Gold,2023-04-20,False,2025-06-17 03:23:14+00
1666,Lucien,Hill,lucien.hill3@example.org,713-555-9180,5,Bronze,2023-01-26,False,2023-01-26 21:22:40+00
1667,Sofia,Nguyen,sofia.nguyen54@example.com,972-555-2768,10,Bronze,2026-05-30,True,2026-06-03 06:00:09+00
1668,Valeria,Landry,valeria.landry46@example.net,469-555-2525,10,Silver,2026-01-11,True,2026-01-29 04:12:08+00
1669,Mateo,Le,mateo.le75@example.org,737-555-7153,12,Silver,2026-05-21,False,2026-05-21 08:44:53+00
1670,Harper,Phillips,harper.phillips@example.com,469-555-9285,8,Bronze,2023-02-17,True,2025-05-29 17:12:08+00
1671,Marcus,Flores,marcus.flores@example.com,210-555-9968,16,Bronze,2026-03-05,True,2026-03-05 12:47:25+00
1672,Wyatt,Carter,wyatt.carter48@example.net,210-555-8887,19,Bronze,2025-06-18,True,2026-04-29 05:19:26+00
1673,Darnell,Mitchell,darnell.mitchell14@example.com,281-555-5626,5,Silver,2025-07-11,True,2025-07-11 08:13:31+00
1674,Emily,Young,emily.young85@example.org,512-555-7511,15,Silver,2024-09-29,True,2024-12-19 21:57:39+00
1675,Ashley,Rodriguez,ashley.rodriguez5@example.com,737-555-8652,14,Bronze,2024-12-25,True,2024-12-25 19:29:31+00
1676,Pierre,Miller,pierre.miller28@example.org,214-555-2393,11,Bronze,2024-07-17,True,2026-01-13 07:12:59+00
1677,Liam,Wilson, Liam.Wilson55@Example.Com,832-555-3688,4,Bronze,2026-01-28,True,2026-01-28 09:38:26+00
1678,Marcus,Harris,marcus.harris@example.com,210-555-1535,16,Bronze,2024-08-30,True,2025-11-03 16:15:14+00
1679,Marcus,Hebert,marcus.hebert@example.org,210-555-9670,19,Bronze,2026-03-19,False,2026-03-19 09:04:51+00
1680,Lucia,McAllister,lucia.mcallister@example.net,512-555-2411,14,Bronze,2026-01-26,True,2026-05-27 10:36:59+00
1681,Darnell,Smith,darnell.smith@example.org,726-555-0392,19,Bronze,2024-05-30,True,2026-01-31 00:37:27+00
1682,James,Boudreaux,james.boudreaux31@example.org,713-555-8898,20,Silver,2026-04-15,True,2026-04-15 17:25:07+00
1683,Joshua,Torres,joshua.torres@example.net,214-555-3079,7,Bronze,2026-04-10,True,2026-04-27 11:11:01+00
1684,Olivia,Nelson,olivia.nelson@example.com,512-555-4063,13,Bronze,2023-02-03,True,2023-02-03 21:18:08+00
1685,Priya,Wilson,priya.wilson@example.org,972-555-9854,10,Gold,2023-11-11,True,2023-11-11 17:34:46+00
1686,Joshua,Hebert,joshua.hebert@example.com,832-555-6751,20,Bronze,2026-05-12,True,2026-05-20 02:38:18+00
1687,Lucia,Adams,lucia.adams63@example.net,832-555-6949,2,Bronze,2025-01-30,True,2025-01-30 13:19:05+00
1688,Jessica,O'Brien,jessica.obrien16@example.net,469-555-2057,8,Bronze,2026-04-04,True,2026-05-19 08:30:30+00
1689,Mia,Mitchell,mia.mitchell@example.org,726-555-8794,18,Gold,2025-12-22,False,2025-12-22 19:30:13+00
1690,Caleb,Kumar,caleb.kumar69@example.com,713-555-0945,6,Silver,2025-01-07,True,2025-06-14 02:30:06+00
1691,Ethan,Rodriguez,ethan.rodriguez48@example.com,726-555-0475,16,Bronze,2024-09-27,True,2025-02-18 23:38:24+00
1692,Jennifer,Davis,jennifer.davis21@example.net,972-555-9818,8,Silver,2023-12-31,True,2023-12-31 10:09:04+00
1693,Joshua,Landry,joshua.landry3@example.org,713-555-7989,20,Bronze,2026-06-14,False,2026-06-14 09:10:54+00
1694,Ethan,Fontenot,ethan.fontenot22@example.org,210-555-2902,18,Bronze,2026-03-09,True,2026-03-09 15:42:58+00
1695,Tuan,Robichaux,tuan.robichaux@example.com,832-555-6801,6,Bronze,2024-05-28,True,2024-05-28 11:11:51+00
1696,Jamal,Brown,jamal.brown@example.com,512-555-1092,15,Silver,2025-02-23,True,2025-04-25 16:39:00+00
1697,Josette,Jackson,josette.jackson@example.org,214-555-6817,7,Silver,2023-05-17,True,2024-11-03 01:44:29+00
1698,Ava,Hebert,ava.hebert@example.com,512-555-2755,12,Bronze,2026-02-10,True,2026-06-25 13:32:03+00
1699,Andre,Wilson,andre.wilson41@example.net,512-555-9684,13,Bronze,2023-08-25,True,2023-08-25 19:36:27+00
1700,Juan,Mitchell,juan.mitchell1@example.org,726-555-9858,17,Bronze,2023-08-02,True,2025-03-28 11:19:20+00
1701,Luis,Morales,luis.morales@example.org,832-555-8187,1,Bronze,2024-10-27,True,2024-10-27 12:00:03+00
1702,Tuan,Sanchez,tuan.sanchez65@example.net,832-555-5251,5,Bronze,2026-03-12,False,2026-04-17 14:25:31+00
1703,Abigail,Arceneaux,abigail.arceneaux@example.com,512-555-5001,14,Silver,2024-09-03,True,2026-01-23 00:43:51+00
1704,Margot,Turner,margot.turner@example.net,512-555-6399,12,Bronze,2026-01-02,True,2026-01-02 09:05:31+00
1705,Michael,Scott,michael.scott@example.com,469-555-9707,10,Bronze,2024-09-24,True,2024-11-15 17:17:48+00
1706,Lucia,Davis,lucia.davis51@example.net,281-555-4643,1,Bronze,2023-05-11,False,2024-10-10 15:27:13+00
1707,Olivia,Thomas,olivia.thomas@example.org,469-555-7589,7,Silver,2024-06-02,False,2024-08-01 10:39:51+00
1708,Brianna,Kumar,brianna.kumar23@example.net,726-555-2317,17,Bronze,2026-06-02,True,2026-06-02 11:26:35+00
1709,Harper,Nelson,harper.nelson71@example.org,281-555-6822,1,Bronze,2023-03-26,True,2025-09-28 11:12:50+00
1710,Santiago,Phillips,santiago.phillips99@example.com,469-555-7820,8,Silver,2023-07-01,True,2024-04-09 16:05:25+00
1711,Jose,Lewis,jose.lewis23@example.net,210-555-7999,19,Bronze,2023-05-02,True,2024-10-07 14:00:12+00
1712,Sofia,Kumar,sofia.kumar78@example.org,713-555-7934,1,Bronze,2026-06-25,True,2026-06-25 19:16:09+00
1713,Arjun,Morales,arjun.morales@example.org,737-555-5819,15,Silver,2024-08-21,True,2026-03-23 10:11:50+00
1714,Tyrone,Carter,tyrone.carter@example.org,281-555-3107,6,Silver,2024-10-27,False,2024-10-27 11:30:27+00
1715,Grace,Turner,grace.turner23@example.org,726-555-0255,17,Bronze,2026-05-22,True,2026-06-13 09:32:16+00
1716,Josette,McAllister,josette.mcallister86@example.org,737-555-7943,15,Bronze,2026-03-22,True,2026-03-22 15:45:21+00
1717,Carmen,Phillips,carmen.phillips@example.net,210-555-6945,18,Gold,2023-01-23,True,2023-01-23 08:34:47+00
1718,Jamal,Reddy,jamal.reddy@example.org,281-555-5221,4,Bronze,2025-02-19,True,2025-02-19 11:29:13+00
1719,Anika,Phillips,anika.phillips@example.com,469-555-0593,11,Silver,2025-12-13,True,2026-05-06 04:06:54+00
1720,Camille,King,camille.king@example.net,737-555-9667,15,Bronze,2023-11-04,True,2023-12-14 16:29:03+00
1721,Priya,Sanchez,priya.sanchez68@example.com,281-555-0151,5,Bronze,2023-08-13,True,2026-05-04 04:33:11+00
1722,Carlos,Williams,carlos.williams48@example.org,832-555-8179,5,Bronze,2023-12-08,True,2025-01-11 12:55:23+00
1723,Hannah,O'Brien,hannah.obrien@example.org,281-555-9046,1,Bronze,2023-08-23,True,2026-01-13 18:36:01+00
1724,Jennifer,Broussard,jennifer.broussard@example.org,726-555-7137,19,Bronze,2023-09-02,False,2024-04-18 13:25:21+00
1725,Grace,Adams,grace.adams@example.net,512-555-8128,14,Silver,2024-06-26,False,2025-03-01 19:41:07+00
1726,Grace,Rivera,grace.rivera74@example.com,737-555-8000,13,Bronze,2025-05-10,True,2026-03-09 09:19:01+00
1727,Destiny,Morales,destiny.morales98@example.org,512-555-2682,15,Gold,2025-02-19,True,2025-08-26 18:15:32+00
1728,Caleb,Scott,caleb.scott@example.org,214-555-6750,11,Bronze,2026-03-16,True,2026-05-09 17:54:27+00
1729,Austin,Comeaux,austin.comeaux46@example.org,972-555-2836,10,Silver,2024-01-27,True,2024-01-27 20:17:32+00
1730,Carmen,Jackson,carmen.jackson31@example.com,469-555-5694,9,Bronze,2024-06-23,True,2025-10-16 19:48:43+00
1731,Josette,Diaz,josette.diaz13@example.net,737-555-3029,13,Bronze,2024-02-21,False,2024-02-21 18:31:53+00
1732,Arjun,Patel,arjun.patel45@example.com,832-555-1855,4,Bronze,2026-04-30,False,2026-05-05 23:19:39+00
1733,Diego,Arceneaux,diego.arceneaux70@example.com,726-555-8734,18,Silver,2024-03-01,False,2024-03-01 21:44:41+00
1734,Marcus,Roberts,marcus.roberts@example.com,726-555-8154,16,Bronze,2023-10-13,False,2025-05-31 16:30:27+00
1735,Linh,Arceneaux,linh.arceneaux69@example.com,972-555-8357,7,Bronze,2024-06-08,True,2025-09-08 11:12:12+00
1736,Lucien,Miller,lucien.miller@example.net,512-555-2054,12,Bronze,2026-02-10,False,2026-02-10 13:38:23+00
1737,Juan,Robinson,juan.robinson76@example.com,281-555-0023,3,Bronze,2026-02-17,True,2026-05-25 03:00:13+00
1738,Olivia,Turner,olivia.turner@example.com,832-555-7262,20,Bronze,2026-05-07,False,2026-06-22 12:37:39+00
1739,Mia,Nelson,mia.nelson@example.net,726-555-6855,18,Silver,2025-11-19,True,2026-01-09 20:53:42+00
1740,Colton,Davis,colton.davis@example.org,210-555-9224,19,Bronze,2023-04-03,True,2023-04-03 12:54:54+00
1741,Abigail,McAllister,abigail.mcallister@example.com,214-555-1420,7,Bronze,2023-05-09,True,2023-05-09 17:45:10+00
1742,Priya,Reyes,  priya.reyes80@example.net ,832-555-3204,4,Silver,2025-11-25,True,2025-12-30 02:49:22+00
1743,Sarah,Green,sarah.green44@example.com,832-555-4569,4,Gold,2025-07-18,True,2025-07-18 12:25:29+00
1744,Aaliyah,Shah,aaliyah.shah@example.net,713-555-9984,2,Bronze,2024-10-07,True,2025-06-27 12:05:18+00
1745,Camille,O'Brien,camille.obrien94@example.com,832-555-6704,3,Bronze,2023-12-19,False,2024-11-06 16:51:03+00
1746,Arjun,Reyes,arjun.reyes27@example.com,713-555-9910,2,Bronze,2024-07-21,True,2026-04-28 02:41:49+00
1747,Mia,Patel,mia.patel@example.org,281-555-0691,20,Bronze,2026-04-07,True,2026-06-22 13:29:21+00
1748,Aaliyah,Thomas,aaliyah.thomas@example.net,832-555-5946,2,Bronze,2025-07-17,True,2025-07-17 11:06:33+00
1749,Isabella,Rodriguez,isabella.rodriguez@example.org,713-555-7694,3,Bronze,2024-08-03,True,2024-08-03 17:16:52+00
1750,Juan,King,juan.king49@example.com,726-555-8441,17,Bronze,2023-01-31,True,2023-01-31 13:48:52+00
1751,Isabella,Martinez,isabella.martinez@example.org,737-555-7072,12,Gold,2025-02-05,True,2025-02-05 12:47:23+00
1752,Valeria,Scott,valeria.scott68@example.org,737-555-7674,15,Bronze,2025-05-01,False,2025-10-23 06:53:59+00
1753,Linda,Garcia,linda.garcia11@example.org,737-555-7446,13,Silver,2023-11-23,True,2023-11-23 08:46:20+00
1754,Jessica,Hernandez,  jessica.hernandez27@example.org ,210-555-6176,18,Bronze,2023-05-08,False,2025-09-26 12:59:43+00
1755,Joshua,Arceneaux,  joshua.arceneaux@example.com ,512-555-4070,13,Bronze,2023-06-05,True,2023-06-05 21:32:55+00
1756,Grace,Lopez,grace.lopez@example.net,972-555-1138,11,Bronze,2026-05-15,False,2026-05-25 21:07:27+00
1757,Ethan,Miller,ethan.miller@example.org,737-555-2595,14,Bronze,2024-05-05,False,2024-05-05 19:48:52+00
1758,Harper,Brown,harper.brown22@example.com,972-555-7666,9,Bronze,2024-08-02,True,2024-08-02 16:25:17+00
1759,Santiago,Flores,santiago.flores3@example.org,214-555-2337,7,Bronze,2025-11-18,True,2026-01-27 22:33:01+00
1760,Arjun,Arceneaux,arjun.arceneaux34@example.org,972-555-3421,9,Bronze,2023-03-08,False,2023-12-13 00:32:24+00
1761,Madison,Williams,madison.williams13@example.net,832-555-0156,4,Bronze,2026-02-06,True,2026-02-14 23:02:50+00
1762,Linh,Martinez,linh.martinez27@example.org,726-555-0933,16,Bronze,2025-07-02,True,2026-01-01 08:43:35+00
1763,Anika,Patel,anika.patel@example.com,713-555-4768,6,Bronze,2024-08-14,True,2024-08-14 18:17:35+00
1764,Sarah,Diaz,sarah.diaz@example.org,281-555-4982,3,Bronze,2026-05-10,True,2026-05-12 21:26:37+00
1765,Grace,Young,grace.young@example.net,281-555-5222,5,Bronze,2025-02-09,True,2026-03-27 23:26:38+00
1766,Mia,Green,mia.green62@example.com,210-555-1908,17,Bronze,2026-06-25,True,2026-06-30 00:22:15+00
1767,Wyatt,Williams,wyatt.williams@example.net,972-555-4595,7,Gold,2025-05-07,True,2025-11-29 03:51:36+00
1768,Tuan,Turner,tuan.turner@example.net,737-555-3701,14,Silver,2025-05-24,True,2026-04-27 03:39:01+00
1769,Abigail,Thomas,abigail.thomas@example.net,210-555-5998,17,Bronze,2025-06-22,False,2025-06-22 18:54:25+00
1770,Linda,Scott,linda.scott30@example.com,713-555-9998,2,Gold,2024-05-24,True,2024-05-24 20:20:04+00
1771,Robert,Fontenot,robert.fontenot81@example.org,737-555-8195,15,Silver,2026-01-26,False,2026-01-26 11:48:50+00
1772,Sarah,Smith,  sarah.smith8@example.com ,713-555-0292,6,Bronze,2026-05-11,True,2026-05-27 05:05:56+00
1773,Colton,Nelson,colton.nelson96@example.org,713-555-8589,4,Bronze,2026-03-08,True,2026-04-29 07:05:22+00
1774,Santiago,Tran,santiago.tran@example.net,737-555-6795,14,Silver,2024-11-27,True,2026-06-13 23:33:57+00
1775,Santiago,Williams,santiago.williams44@example.org,726-555-2092,18,Gold,2023-05-30,False,2024-07-04 06:38:35+00
1776,Joshua,Rodriguez,joshua.rodriguez@example.net,281-555-5162,6,Silver,2024-11-14,True,2025-03-22 15:10:22+00
1777,Ashley,Gonzalez,ashley.gonzalez44@example.org,737-555-0239,12,Silver,2024-09-27,True,2024-12-18 23:35:45+00
1778,Madison,Boudreaux,madison.boudreaux@example.net,832-555-6936,6,Silver,2023-11-17,False,2023-11-17 08:14:01+00
1779,Caleb,Guidry,caleb.guidry@example.com,972-555-1454,11,Gold,2025-04-20,True,2025-04-27 04:47:37+00
1780,Daniel,Broussard,daniel.broussard50@example.com,512-555-8556,12,Bronze,2023-05-27,True,2023-05-27 19:17:04+00
1781,Josette,Adams,josette.adams@example.org,512-555-4728,12,Bronze,2025-02-27,False,2025-02-27 10:10:52+00
1782,Arjun,Turner,arjun.turner589@example.net,737-555-4914,13,Silver,2025-11-19,True,2025-11-19 20:24:44+00
1783,Ethan,Jackson,ethan.jackson86@example.com,281-555-8423,3,Bronze,2024-09-13,True,2025-03-25 06:18:58+00
1784,Remy,Shah,remy.shah@example.org,512-555-1910,14,Bronze,2023-04-25,False,2023-04-25 20:11:21+00
1785,Anika,Adams,anika.adams5@example.org,737-555-7082,13,Bronze,2026-01-31,False,2026-02-27 18:56:24+00
1786,Darnell,Torres,darnell.torres@example.com,737-555-4640,14,Silver,2026-04-11,True,2026-04-22 09:51:00+00
1787,Sofia,Nguyen,sofia.nguyen@example.org,832-555-1817,2,Bronze,2024-08-28,True,2024-10-11 22:22:05+00
1788,Andre,Reddy,andre.reddy81@example.net,469-555-5425,9,Silver,2023-10-26,False,2024-03-26 12:29:14+00
1789,Juan,Flores,juan.flores@example.com,214-555-6354,8,Bronze,2024-11-17,True,2025-10-31 01:18:40+00
1790,Maria,Turner,maria.turner50@example.net,832-555-8409,2,Silver,2023-10-17,True,2023-10-17 14:19:41+00
1791,Arjun,Sanchez,arjun.sanchez83@example.com,713-555-2256,5,Bronze,2024-09-03,False,2024-09-03 13:28:48+00
1792,Remy,Brown,remy.brown@example.net,469-555-8799,9,Gold,2024-10-13,False,2025-12-12 18:05:02+00
1793,Ashley,Diaz,ashley.diaz66@example.org,512-555-9721,15,Silver,2024-12-08,True,2026-02-19 19:36:03+00
1794,Jennifer,Hill,jennifer.hill@example.net,281-555-0948,5,Gold,2025-05-24,False,2026-06-23 00:37:55+00
1795,Ximena,Boudreaux,ximena.boudreaux93@example.com,210-555-2588,17,Bronze,2026-04-26,True,2026-04-26 15:50:23+00
1796,Caleb,Perez,caleb.perez@example.org,469-555-9243,11,Bronze,2025-05-01,False,2025-10-07 22:15:53+00
1797,Diego,Adams,diego.adams93@example.org,512-555-6629,15,Silver,2025-05-22,True,2026-06-20 03:30:52+00
1798,Sarah,Rodriguez,sarah.rodriguez86@example.net,214-555-5702,10,Silver,2025-08-10,True,2026-06-12 05:35:18+00
1799,James,Rodriguez,james.rodriguez34@example.net,469-555-9178,10,Bronze,2023-09-23,True,2023-09-23 11:00:51+00
1800,Isabella,Carter,isabella.carter78@example.org,737-555-2151,12,Silver,2023-11-18,True,2025-06-22 05:17:16+00
1801,Sarah,Diaz,sarah.diaz66@example.com,726-555-3421,19,Silver,2024-08-07,True,2025-10-09 05:58:26+00
1802,Camille,Smith,camille.smith@example.com,469-555-4626,10,Bronze,2024-05-25,False,2026-05-06 19:47:27+00
1803,Arjun,Broussard,arjun.broussard43@example.org,972-555-2901,11,Silver,2025-02-08,True,2025-02-08 10:26:08+00
1804,Sofia,Robinson,sofia.robinson96@example.net,512-555-1928,12,Bronze,2026-04-06,False,2026-04-24 16:16:19+00
1805,Noah,Lewis,noah.lewis@example.net,737-555-2966,15,Bronze,2023-06-02,True,2023-06-02 17:10:22+00
1806,Pierre,Miller,pierre.miller@example.net,713-555-4003,2,Gold,2025-03-29,True,2025-03-29 12:48:47+00
1807,Olivia,Flores,olivia.flores@example.com,972-555-8732,10,Bronze,2026-02-03,True,2026-02-12 03:49:08+00
1808,Camille,Patel,camille.patel@example.com,972-555-6838,10,Silver,2023-11-28,True,2023-11-28 13:39:26+00
1809,Linh,Kumar,linh.kumar67@example.com,726-555-7729,19,Silver,2023-12-07,True,2023-12-07 17:06:55+00
1810,Ximena,Patel,ximena.patel81@example.net,214-555-4180,10,Gold,2024-09-07,True,2025-03-25 21:25:05+00
1811,Andrew,Reyes,andrew.reyes@example.com,469-555-4638,9,Bronze,2026-01-25,True,2026-01-25 21:47:10+00
1812,David,Baker,david.baker@example.org,726-555-9821,19,Bronze,2023-07-05,False,2023-11-11 08:55:56+00
1813,Abigail,Miller,abigail.miller78@example.net,469-555-0963,9,Bronze,2026-03-05,False,2026-03-25 16:17:15+00
1814,Minh,Scott,minh.scott6@example.com,832-555-1977,4,Silver,2025-06-17,False,2026-03-27 10:56:55+00
1815,Remy,Turner,remy.turner@example.org,832-555-2341,5,Bronze,2025-03-10,False,2025-03-10 11:57:58+00
1816,Aaliyah,Thomas,aaliyah.thomas@example.com,713-555-1715,2,Bronze,2026-06-21,True,2026-06-21 20:10:57+00
1817,Lucia,Broussard,lucia.broussard56@example.net,832-555-1414,1,Bronze,2026-06-22,False,2026-06-23 04:36:52+00
1818,Jose,Thibodeaux,jose.thibodeaux87@example.org,214-555-2803,9,Silver,2026-06-12,False,2026-06-12 13:22:25+00
1819,Abigail,Broussard,abigail.broussard51@example.net,737-555-6307,15,Gold,2023-10-01,True,2023-10-01 08:56:26+00
1820,Priya,Rodriguez,priya.rodriguez@example.com,512-555-6633,15,Silver,2023-02-20,True,2023-02-20 17:35:06+00
1821,Minh,Perez,minh.perez22@example.com,713-555-7225,1,Bronze,2026-03-20,False,2026-05-02 09:37:06+00
1822,Abigail,Shah,abigail.shah18@example.net,512-555-1351,12,Bronze,2026-02-15,False,2026-06-23 21:38:06+00
1823,Andrew,Nguyen,andrew.nguyen46@example.com,281-555-4678,3,Bronze,2024-12-03,False,2026-04-11 09:15:12+00
1824,Darnell,Arceneaux,darnell.arceneaux@example.com,726-555-3973,19,Silver,2023-09-29,True,2024-12-25 21:01:39+00
1825,Lucien,Fontenot,lucien.fontenot80@example.net,832-555-7480,4,Bronze,2025-07-25,False,2025-08-03 04:07:54+00
1826,Diego,Miller,diego.miller@example.com,737-555-2491,13,Bronze,2023-12-06,True,2026-06-05 15:36:41+00
1827,Camille,Adams,camille.adams24@example.com,469-555-7843,7,Bronze,2024-10-16,True,2024-10-23 03:22:54+00
1828,Aaliyah,Phillips,aaliyah.phillips31@example.net,512-555-3820,13,Bronze,2023-10-01,True,2023-10-01 21:23:28+00
1829,Celeste,Ramirez,celeste.ramirez@example.net,469-555-5738,8,Silver,2023-04-14,True,2024-08-11 09:00:20+00
1830,Noah,Gomez,noah.gomez1@example.net,512-555-9578,15,Bronze,2023-10-21,True,2024-08-12 20:28:10+00
1831,Chloe,Shah,chloe.shah@example.net,832-555-5644,5,Bronze,2023-09-08,True,2023-09-08 18:45:20+00
1832,Valeria,Smith,valeria.smith@example.org,210-555-6753,18,Bronze,2026-03-12,False,2026-04-20 20:12:37+00
1833,Grace,Davis,grace.davis85@example.org,972-555-7261,10,Bronze,2023-01-23,True,2023-01-23 11:17:14+00
1834,Isabella,Carter,isabella.carter86@example.org,737-555-6365,15,Bronze,2026-02-15,True,2026-02-15 15:12:24+00
1835,Abigail,Hernandez,abigail.hernandez@example.com,210-555-0605,17,Bronze,2024-09-14,False,2025-03-01 16:03:39+00
1836,Minh,Le,minh.le77@example.org,832-555-1817,20,Bronze,2026-06-08,False,2026-06-20 08:06:12+00
1837,Sarah,Nelson,sarah.nelson32@example.com,713-555-7748,5,Silver,2024-11-27,False,2025-07-20 18:52:24+00
1838,Tyrone,Robinson,tyrone.robinson60@example.net,832-555-8533,6,Bronze,2024-12-19,True,2026-05-17 16:31:20+00
1839,Carmen,Torres,carmen.torres35@example.com,281-555-1229,5,Silver,2025-11-24,True,2025-11-24 13:45:27+00
1840,Colton,Rodriguez,colton.rodriguez16@example.net,281-555-3348,6,Bronze,2025-07-05,False,2026-02-13 03:16:04+00
1841,Lucas,Walker,lucas.walker58@example.com,737-555-0440,12,Bronze,2023-09-08,True,2026-05-26 10:59:15+00
1842,Valeria,Hebert,valeria.hebert44@example.net,832-555-6285,20,Bronze,2026-06-05,True,2026-06-15 03:23:16+00
1843,Remy,Phillips,remy.phillips53@example.org,832-555-5517,20,Bronze,2026-05-29,True,2026-06-01 16:17:51+00
1844,Linda,Reddy,linda.reddy92@example.com,214-555-0073,11,Bronze,2024-10-13,True,2024-11-12 07:29:35+00
1845,Tyrone,Smith,tyrone.smith57@example.org,737-555-4159,13,Bronze,2025-05-25,True,2026-04-25 04:26:33+00
1846,Aaliyah,Ramirez,AALIYAH.RAMIREZ21@EXAMPLE.COM,726-555-3595,17,Bronze,2026-04-08,True,2026-05-10 17:32:36+00
1847,Andrew,Lewis,andrew.lewis71@example.net,210-555-7002,19,Bronze,2024-02-16,True,2024-02-16 08:07:28+00
1848,Carlos,Harris,carlos.harris@example.org,713-555-7849,4,Gold,2025-06-13,True,2025-06-13 18:33:57+00
1849,Abigail,Robinson,abigail.robinson56@example.net,214-555-9288,11,Silver,2026-03-10,True,2026-03-10 10:12:54+00
1850,Kayla,Sanchez,kayla.sanchez@example.org,210-555-8926,17,Silver,2023-02-10,True,2024-11-25 05:29:20+00
1851,Jessica,Ramirez,jessica.ramirez@example.net,713-555-4501,6,Bronze,2024-05-31,True,2025-08-26 19:14:57+00
1852,Jamal,Gonzalez,jamal.gonzalez22@example.net,469-555-1643,9,Bronze,2026-06-18,True,2026-06-18 10:44:15+00
1853,Emily,Thomas,emily.thomas@example.org,832-555-2151,20,Silver,2026-04-11,True,2026-04-11 15:52:25+00
1854,Luis,Smith,luis.smith51@example.com,832-555-3746,20,Bronze,2026-05-08,True,2026-05-08 18:53:14+00
1855,Anika,Hill,anika.hill38@example.net,210-555-7886,18,Gold,2024-08-12,False,2025-04-20 07:55:37+00
1856,Grace,Flores,grace.flores@example.com,726-555-8384,16,Bronze,2026-06-05,True,2026-06-23 19:12:45+00
1857,Valeria,Arceneaux,valeria.arceneaux41@example.com,281-555-2624,6,Silver,2024-08-05,True,2025-03-15 09:12:59+00
1858,Camille,Ramirez,CAMILLE.RAMIREZ@EXAMPLE.ORG,214-555-9515,7,Silver,2024-02-08,True,2024-02-08 15:15:00+00
1859,Juan,Broussard,juan.broussard@example.org,214-555-0947,11,Silver,2025-04-25,True,2025-04-25 08:21:02+00
1860,Josette,Young,josette.young82@example.net,469-555-9667,11,Bronze,2026-05-02,False,2026-05-02 08:12:59+00
1861,Rohan,Gonzalez,rohan.gonzalez1@example.net,214-555-6375,10,Silver,2025-09-22,True,2025-09-22 21:20:52+00
1862,Mateo,Tran,mateo.tran@example.com,512-555-3849,13,Silver,2024-01-16,True,2024-01-16 15:27:39+00
1863,Sarah,Brown,sarah.brown49@example.org,469-555-1432,8,Bronze,2023-09-19,True,2025-06-20 00:08:22+00
1864,Arjun,Hernandez,arjun.hernandez@example.org,512-555-2730,15,Bronze,2024-05-14,True,2024-05-14 09:24:20+00
1865,Andre,Thomas,andre.thomas97@example.net,972-555-2279,7,Bronze,2024-07-09,True,2024-07-09 19:00:35+00
1866,Linh,Tran,linh.tran@example.com,972-555-0168,7,Gold,2024-05-16,True,2024-05-16 15:08:45+00
1867,David,Patel,david.patel@example.com,832-555-2683,3,Bronze,2025-07-01,False,2025-07-01 11:04:48+00
1868,Maria,Perez,maria.perez@example.net,832-555-7709,4,Silver,2026-06-22,True,2026-06-24 11:00:54+00
1869,Tuan,Gonzalez,tuan.gonzalez78@example.org,726-555-7278,17,Bronze,2024-08-01,True,2024-08-01 11:19:08+00
1870,Sofia,Broussard,sofia.broussard43@example.org,469-555-5124,9,Silver,2024-04-16,True,2024-04-16 15:02:37+00
1871,Tuan,Garcia,tuan.garcia16@example.net,281-555-9915,5,Silver,2023-08-20,True,2023-08-20 15:50:36+00
1872,Maria,Nelson,maria.nelson68@example.com,737-555-1642,15,Bronze,2024-12-03,True,2024-12-03 11:54:21+00
1873,Hannah,Torres,hannah.torres@example.org,214-555-2723,11,Bronze,2025-05-28,True,2025-05-28 20:15:51+00
1874,Joshua,Walker,joshua.walker32@example.net,713-555-9676,1,Silver,2024-08-21,False,2025-11-18 19:31:00+00
1875,Lucas,Rodriguez,lucas.rodriguez1@example.org,713-555-8528,6,Bronze,2023-04-04,True,2023-04-04 12:02:24+00
1876,Madison,Reddy,madison.reddy28@example.org,281-555-5285,4,Bronze,2023-03-24,True,2023-03-24 10:11:31+00
1877,Liam,Gonzalez,liam.gonzalez90@example.com,512-555-2658,13,Gold,2024-04-07,True,2024-04-07 12:36:11+00
1878,Pierre,Flores,pierre.flores@example.net,281-555-6711,6,Bronze,2025-01-02,True,2025-09-15 15:24:19+00
1879,Arjun,Landry,arjun.landry31@example.org,832-555-5684,2,Bronze,2026-03-04,True,2026-03-04 15:42:31+00
1880,Destiny,Garcia,destiny.garcia10@example.net,281-555-7544,1,Bronze,2023-12-05,False,2023-12-05 13:36:08+00
1881,Santiago,Garcia,santiago.garcia@example.net,737-555-2803,12,Silver,2025-07-31,True,2025-10-13 04:58:04+00
1882,Luis,Lewis,luis.lewis48@example.org,713-555-4586,1,Silver,2023-01-16,True,2023-01-16 17:27:57+00
1883,Colton,Reyes,colton.reyes21@example.net,210-555-3349,17,Bronze,2026-06-22,False,2026-06-22 13:18:09+00
1884,Tuan,Tran,tuan.tran93@example.net,832-555-9253,3,Silver,2023-06-20,True,2023-06-20 12:41:47+00
1885,Andrew,Reddy,andrew.reddy73@example.org,737-555-6750,12,Gold,2025-12-14,True,2025-12-29 11:16:47+00
1886,Valeria,Shah,valeria.shah13@example.com,972-555-4137,9,Silver,2024-06-29,True,2024-08-02 20:25:06+00
1887,Jamal,Shah,jamal.shah90@example.net,469-555-4337,9,Bronze,2023-06-23,True,2023-06-23 08:04:03+00
1888,Luis,O'Brien,Luis.obrien72@Example.org,281-555-9903,2,Bronze,2023-12-07,True,2023-12-07 21:27:03+00
1889,Luis,Shah,luis.shah61@example.org,210-555-7208,16,Gold,2025-11-28,False,2025-12-16 23:08:31+00
1890,Anika,Reyes,anika.reyes62@example.com,210-555-4017,18,Bronze,2026-05-24,False,2026-05-24 15:39:18+00
1891,Marcus,Flores,marcus.flores@example.net,281-555-6864,1,Bronze,2023-09-03,True,2023-10-12 18:28:33+00
1892,Jennifer,Wright,jennifer.wright29@example.com,832-555-2137,4,Bronze,2026-01-13,False,2026-03-12 13:13:59+00
1893,Mai,Landry,mai.landry95@example.com,726-555-9705,18,Silver,2023-03-24,True,2023-03-24 18:04:45+00
1894,Pierre,Nguyen,pierre.nguyen78@example.com,469-555-8095,11,Bronze,2026-05-02,False,2026-06-04 12:30:42+00
1895,Mateo,Hill,mateo.hill85@example.net,832-555-3974,3,Bronze,2023-05-31,True,2023-08-12 23:11:29+00
1896,Marcus,Sanchez,marcus.sanchez@example.net,713-555-5029,4,Silver,2023-11-10,True,2023-11-10 19:44:29+00
1897,Austin,Perez,austin.perez@example.org,512-555-6170,13,Bronze,2024-01-17,True,2025-02-05 14:25:18+00
1898,Robert,Brown,robert.brown46@example.org,512-555-4771,14,Bronze,2026-02-18,True,2026-03-13 08:44:38+00
1899,Tyrone,Jones,Tyrone.jones49@Example.org,737-555-8450,12,Bronze,2026-02-03,False,2026-03-30 15:51:53+00
1900,Joshua,Patel,joshua.patel57@example.org,210-555-6002,19,Bronze,2025-05-25,True,2025-05-25 08:48:08+00
1901,Josette,Robichaux,josette.robichaux@example.com,214-555-7899,10,Gold,2023-11-22,False,2023-11-22 15:51:43+00
1902,Colton,Rivera,colton.rivera@example.org,832-555-6734,6,Bronze,2024-02-27,True,2025-10-15 07:28:30+00
1903,Abigail,Gonzalez,abigail.gonzalez@example.com,469-555-2671,10,Silver,2024-03-01,True,2025-04-13 05:40:16+00
1904,Isabella,Thomas,isabella.thomas7@example.net,469-555-6239,7,Bronze,2023-02-21,True,2023-05-23 08:12:18+00
1905,Emily,Miller,emily.miller@example.com,281-555-7912,5,Bronze,2025-03-19,True,2025-03-19 13:56:40+00
1906,Aaliyah,Harris,aaliyah.harris8@example.net,281-555-8513,1,Bronze,2024-08-09,True,2024-08-09 20:05:16+00
1907,Colton,Carter,colton.carter@example.com,469-555-5086,7,Bronze,2024-06-05,True,2025-11-12 08:36:46+00
1908,Tuan,LeBlanc,tuan.leblanc36@example.com,512-555-5781,14,Bronze,2026-01-24,False,2026-01-24 21:36:25+00
1909,Jennifer,Arceneaux,jennifer.arceneaux61@example.com,713-555-8541,1,Bronze,2023-07-16,True,2023-07-16 17:53:57+00
1910,Carmen,Doucet,carmen.doucet13@example.com,469-555-5534,9,Bronze,2026-04-27,True,2026-06-01 11:10:48+00
1911,Brianna,Davis,brianna.davis@example.net,737-555-4648,13,Bronze,2025-01-15,True,2025-02-23 13:01:46+00
1912,Marcus,Shah,marcus.shah@example.org,512-555-5651,12,Gold,2023-08-31,True,2023-08-31 08:35:05+00
1913,Harper,Boudreaux,harper.boudreaux30@example.com,737-555-2534,15,Bronze,2025-01-13,False,2025-01-13 13:47:17+00
1914,Pierre,LeBlanc,pierre.leblanc80@example.org,210-555-1078,16,Bronze,2025-04-08,True,2026-02-01 08:15:27+00
1915,Liam,Johnson,liam.johnson39@example.net,737-555-0106,14,Silver,2024-02-02,True,2025-01-19 23:59:15+00
1916,Sarah,Adams,  sarah.adams@example.org ,281-555-8844,2,Bronze,2024-01-14,True,2024-01-14 12:09:43+00
1917,Kayla,Reyes,kayla.reyes98@example.net,972-555-1705,10,Bronze,2025-07-04,True,2025-07-04 17:06:04+00
1918,Ximena,Miller,ximena.miller@example.com,737-555-4428,12,Bronze,2023-06-25,True,2024-08-31 02:27:47+00
1919,Jennifer,King,jennifer.king62@example.net,713-555-1976,5,Bronze,2023-01-15,True,2025-02-04 02:58:58+00
1920,Celeste,O'Brien,celeste.obrien@example.net,281-555-5609,1,Silver,2024-12-30,False,2025-04-03 02:03:07+00
1921,Madison,Comeaux,Madison.comeaux@Example.com,832-555-7763,5,Bronze,2026-06-18,True,2026-06-18 14:11:56+00
1922,Brianna,Williams,brianna.williams@example.com,469-555-9682,9,Gold,2024-07-02,True,2024-07-02 18:24:18+00
1923,Tyrone,McAllister,tyrone.mcallister@example.net,214-555-2862,8,Bronze,2023-05-28,True,2025-11-21 20:33:28+00
1924,Isabella,Gonzalez,isabella.gonzalez34@example.org,713-555-4138,4,Bronze,2024-08-13,True,2024-08-13 09:46:46+00
1925,Ximena,Sanchez,ximena.sanchez3@example.org,726-555-4093,17,Bronze,2026-05-16,False,2026-06-16 17:53:58+00
1926,Ana,Harris,ana.harris12@example.net,210-555-0845,19,Bronze,2025-06-25,False,2025-06-25 10:49:48+00
1927,Kayla,Diaz,kayla.diaz@example.net,832-555-2288,4,Gold,2024-11-01,True,2025-07-27 15:51:40+00
1928,Marcus,Miller,Marcus.miller@Example.com,210-555-1337,19,Silver,2024-01-04,True,2024-07-27 15:33:55+00
1929,Carmen,Thomas,carmen.thomas37@example.net,832-555-7088,1,Bronze,2024-11-15,False,2025-02-04 17:47:18+00
1930,Rohan,Torres,rohan.torres75@example.org,726-555-0535,19,Bronze,2026-04-17,False,2026-04-18 20:10:03+00
1931,Ashley,Baker,ashley.baker74@example.org,726-555-5070,19,Silver,2025-01-13,False,2025-01-13 19:51:42+00
1932,Matthew,Rodriguez,matthew.rodriguez90@example.com,832-555-8774,1,Bronze,2024-02-06,True,2025-04-15 23:47:05+00
1933,David,Carter,david.carter64@example.com,512-555-5033,15,Bronze,2024-09-17,True,2024-09-19 08:21:38+00
1934,Brianna,Walker,brianna.walker@example.com,713-555-4923,20,Bronze,2026-06-21,True,2026-06-21 21:22:43+00
1935,Hannah,Sanchez,hannah.sanchez55@example.com,210-555-1823,18,Bronze,2024-03-18,True,2024-10-20 01:34:17+00
1936,Andre,Le,andre.le83@example.org,832-555-1300,20,Bronze,2026-04-06,False,2026-05-13 01:34:50+00
1937,Kayla,Roberts,kayla.roberts@example.net,972-555-2324,11,Silver,2026-05-25,True,2026-06-19 00:13:02+00
1938,Madison,Jones,madison.jones@example.org,713-555-4466,2,Gold,2025-11-07,True,2025-11-07 17:44:51+00
1939,Lucien,Scott,lucien.scott73@example.net,210-555-6578,17,Bronze,2026-03-07,True,2026-03-07 14:15:30+00
1940,Darnell,LeBlanc,darnell.leblanc@example.com,737-555-5922,12,Gold,2024-06-13,True,2024-06-13 11:04:26+00
1941,Mia,Turner,mia.turner2@example.com,737-555-7771,12,Silver,2024-12-09,False,2024-12-09 16:55:01+00
1942,Mai,Gonzalez,mai.gonzalez8@example.net,469-555-1394,8,Bronze,2023-04-29,True,2025-06-03 16:43:37+00
1943,Juan,Walker,juan.walker63@example.com,512-555-6877,12,Bronze,2024-06-12,True,2026-04-09 13:18:25+00
1944,Andre,Phillips,andre.phillips16@example.net,713-555-8636,3,Bronze,2025-01-23,False,2025-01-23 17:17:26+00
1945,Wyatt,Reyes,wyatt.reyes30@example.net,512-555-3212,15,Bronze,2026-03-23,True,2026-06-11 02:33:56+00
1946,Kayla,Wilson,kayla.wilson@example.org,832-555-6191,2,Bronze,2026-05-04,True,2026-05-04 17:43:38+00
1947,Andrew,Thibodeaux,andrew.thibodeaux@example.com,737-555-2557,14,Bronze,2026-04-28,True,2026-06-08 10:40:22+00
1948,Josette,Pham,josette.pham30@example.com,210-555-0916,17,Silver,2025-09-22,True,2025-11-07 14:49:33+00
1949,Mai,Shah,mai.shah8@example.net,469-555-9271,10,Silver,2025-12-08,True,2025-12-08 11:15:26+00
1950,Diego,Fontenot,diego.fontenot@example.org,972-555-5597,10,Bronze,2024-09-18,True,2025-12-04 21:09:36+00
1951,Grace,Roberts,grace.roberts@example.net,832-555-5033,6,Silver,2023-04-11,True,2023-04-11 15:30:35+00
1952,Caleb,Le,caleb.le48@example.net,713-555-4159,20,Bronze,2026-05-16,True,2026-05-16 15:28:14+00
1953,Brianna,Reddy,brianna.reddy@example.net,737-555-6161,15,Silver,2025-04-18,False,2025-04-18 18:17:48+00
1954,Ethan,Phillips,ethan.phillips10@example.net,214-555-0876,7,Bronze,2026-06-04,True,2026-06-04 20:40:06+00
1955,Chloe,Roberts,chloe.roberts19@example.org,281-555-9029,4,Silver,2025-10-23,True,2026-02-06 07:11:17+00
1956,Camille,Reyes,camille.reyes40@example.org,713-555-3753,5,Bronze,2025-06-13,True,2026-04-03 10:08:09+00
1957,Liam,Flores,liam.flores26@example.net,972-555-2532,9,Silver,2023-03-11,True,2023-03-11 14:11:15+00
1958,Mateo,Lewis,mateo.lewis@example.net,210-555-3941,19,Bronze,2025-08-01,True,2026-01-21 08:10:37+00
1959,Colton,Comeaux,colton.comeaux@example.com,512-555-4814,15,Bronze,2024-01-27,True,2025-07-19 20:21:04+00
1960,Harper,Guidry,harper.guidry90@example.net,281-555-9724,4,Silver,2025-06-16,True,2025-12-29 06:49:03+00
1961,Tuan,Harris,tuan.harris55@example.org,726-555-0752,17,Bronze,2024-07-10,True,2024-07-10 15:40:22+00
1962,Sofia,Kumar,sofia.kumar5@example.org,214-555-1807,8,Silver,2024-05-14,True,2024-05-14 16:08:38+00
1963,Juan,Mitchell,juan.mitchell69@example.net,210-555-3827,17,Silver,2023-03-21,False,2023-04-17 19:38:41+00
1964,Matthew,Boudreaux,matthew.boudreaux@example.org,713-555-5743,5,Silver,2023-05-11,True,2025-12-14 09:41:13+00
1965,Arjun,Lewis,arjun.lewis@example.org,512-555-7247,12,Silver,2024-10-14,False,2025-08-09 18:01:08+00
1966,Ethan,Perez,ethan.perez59@example.com,726-555-9507,19,Bronze,2024-09-15,True,2025-03-29 14:24:00+00
1967,Arjun,Roberts,arjun.roberts45@example.com,832-555-1565,6,Bronze,2024-08-31,True,2025-07-01 04:16:32+00
1968,Colton,Miller,colton.miller@example.org,737-555-3089,14,Bronze,2026-04-18,True,2026-04-18 21:56:07+00
1969,Joshua,Lewis,joshua.lewis92@example.com,281-555-7827,20,Bronze,2026-05-05,True,2026-05-05 08:27:34+00
1970,Valeria,Davis,valeria.davis@example.net,281-555-6401,3,Bronze,2023-03-08,False,2023-03-08 12:50:57+00
1971,Andre,Nelson,andre.nelson18@example.com,832-555-3848,2,Bronze,2023-06-07,True,2023-06-07 18:22:51+00
1972,Hannah,Phillips,hannah.phillips@example.net,512-555-7803,13,Bronze,2024-06-30,True,2024-06-30 13:45:07+00
1973,Michael,Hill,michael.hill19@example.com,469-555-0491,7,Gold,2024-11-07,True,2024-11-07 19:47:32+00
1974,Matthew,Wright,matthew.wright@example.org,832-555-9141,2,Bronze,2026-03-20,True,2026-03-20 13:01:28+00
1975,Diego,Fontenot,diego.fontenot9@example.org,214-555-4722,10,Bronze,2025-12-12,False,2025-12-12 16:59:53+00
1976,Harper,Ramirez,harper.ramirez45@example.net,737-555-2903,15,Gold,2025-07-25,True,2025-07-25 13:59:07+00
1977,Lucien,McAllister,lucien.mcallister@example.org,281-555-7850,6,Gold,2024-02-21,True,2024-12-11 16:41:40+00
1978,Robert,Comeaux,robert.comeaux93@example.org,214-555-8957,7,Bronze,2025-05-07,True,2025-07-05 02:39:56+00
1979,Michael,Hill,michael.hill50@example.net,210-555-2960,17,Gold,2023-04-15,True,2023-04-15 21:39:10+00
1980,Liam,Walker,liam.walker@example.com,214-555-2666,11,Bronze,2025-07-28,True,2025-07-28 18:38:18+00
1981,Harper,Harris,harper.harris@example.com,726-555-2253,17,Bronze,2026-05-13,True,2026-05-13 13:11:26+00
1982,Chloe,Morales,chloe.morales@example.com,469-555-7108,9,Bronze,2025-04-13,True,2026-06-26 05:49:40+00
1983,Colton,Broussard,colton.broussard68@example.net,726-555-6789,19,Bronze,2025-11-29,False,2025-11-29 13:40:57+00
1984,Pierre,Guidry,pierre.guidry@example.org,737-555-6961,13,Bronze,2025-02-09,True,2025-02-09 18:18:20+00
1985,Ana,Pham,ana.pham@example.com,832-555-2708,3,Bronze,2026-06-13,False,2026-06-13 16:16:32+00
1986,Lucien,Walker,lucien.walker@example.org,726-555-1350,18,Bronze,2023-01-12,False,2023-06-01 00:06:14+00
1987,Ethan,Gonzalez,ethan.gonzalez85@example.com,972-555-4285,10,Bronze,2023-07-06,True,2025-11-06 10:20:49+00
1988,Isabella,Sanchez,isabella.sanchez85@example.net,281-555-0988,3,Silver,2024-11-17,False,2026-03-12 03:09:37+00
1989,Rohan,Brown,rohan.brown@example.com,832-555-4219,3,Bronze,2024-08-15,True,2024-08-15 15:46:27+00
1990,Carlos,Comeaux,carlos.comeaux@example.com,512-555-5119,14,Gold,2023-05-13,True,2024-07-30 16:03:18+00
1991,Austin,Jackson,austin.jackson90@example.org,832-555-9419,1,Bronze,2025-02-26,False,2025-02-26 21:31:54+00
1992,Hannah,Gonzalez,hannah.gonzalez6@example.com,281-555-2315,6,Bronze,2023-03-06,True,2026-03-19 22:44:49+00
1993,Kayla,Harris,kayla.harris@example.net,281-555-4983,3,Bronze,2025-12-21,False,2025-12-21 11:19:29+00
1994,Linda,Smith,linda.smith@example.org,469-555-0110,9,Bronze,2026-02-26,False,2026-04-06 09:25:39+00
1995,Mateo,Adams,mateo.adams@example.org,972-555-8868,8,Bronze,2026-02-27,False,2026-02-27 10:04:47+00
1996,Celeste,Thomas,celeste.thomas13@example.net,214-555-8673,11,Bronze,2025-06-21,True,2025-06-21 16:32:48+00
1997,Marcus,Thomas,marcus.thomas28@example.org,713-555-9668,6,Silver,2024-07-17,True,2024-07-17 13:55:46+00
1998,Sofia,Harris,sofia.harris18@example.net,713-555-4812,1,Bronze,2025-03-26,True,2025-03-26 10:40:16+00
1999,Tyrone,Morales,tyrone.morales2@example.org,512-555-8982,12,Bronze,2025-02-10,True,2025-03-25 23:00:21+00
2000,Olivia,McAllister,olivia.mcallister@example.com,469-555-9707,8,Silver,2025-11-05,False,2026-02-16 13:57:17+00
2001,Jamal,Lewis,jamal.lewis@example.org,512-555-0598,13,Bronze,2026-02-16,True,2026-06-16 06:08:27+00
2002,Matthew,Hernandez,matthew.hernandez54@example.org,281-555-1630,3,Silver,2025-12-08,True,2025-12-08 19:33:45+00
2003,Diego,Mitchell,diego.mitchell74@example.net,832-555-0348,1,Gold,2024-07-20,False,2024-07-20 21:22:20+00
2004,Jamal,Robinson,jamal.robinson21@example.com,713-555-6378,5,Bronze,2025-09-06,True,2025-12-21 22:20:23+00
2005,Lucas,Gomez,lucas.gomez53@example.net,972-555-1523,9,Silver,2025-03-13,False,2025-03-13 17:38:28+00
2006,Lucas,Turner,lucas.turner76@example.com,214-555-8585,8,Gold,2023-05-26,True,2024-08-26 15:48:30+00
2007,James,Ramirez,james.ramirez18@example.net,210-555-2300,16,Bronze,2024-12-06,True,2026-02-21 13:41:20+00
2008,Jessica,Reddy,jessica.reddy62@example.com,972-555-5475,8,Gold,2025-08-20,True,2026-01-10 17:35:40+00
2009,Darnell,Jackson,darnell.jackson@example.org,214-555-8925,11,Bronze,2023-05-21,True,2023-05-21 11:26:55+00
2010,Grace,Phillips,grace.phillips@example.net,512-555-7152,12,Silver,2025-07-08,False,2025-12-13 16:24:19+00
2011,Santiago,Tran,santiago.tran1@example.net,832-555-3670,1,Bronze,2023-04-26,True,2023-04-26 10:55:28+00
2012,David,McAllister,david.mcallister61@example.org,469-555-5501,10,Bronze,2025-08-12,True,2025-08-12 10:46:06+00
2013,Daniel,Flores,daniel.flores99@example.com,469-555-1740,7,Gold,2025-05-14,False,2025-05-14 12:17:29+00
2014,Tyrone,Wright,tyrone.wright70@example.com,972-555-6742,8,Bronze,2023-06-16,True,2024-09-11 08:28:41+00
2015,Ethan,Ramirez,ethan.ramirez76@example.org,832-555-7416,2,Gold,2025-03-07,True,2025-03-07 19:01:11+00
2016,Daniel,McAllister,daniel.mcallister@example.net,726-555-9283,16,Bronze,2026-04-26,True,2026-04-26 12:04:34+00
2017,Matthew,Young,matthew.young62@example.net,726-555-9811,19,Gold,2024-09-14,False,2025-10-22 19:50:01+00
2018,Valeria,Shah,valeria.shah96@example.org,713-555-1019,1,Gold,2025-10-09,False,2026-01-20 16:29:06+00
2019,Abigail,Jones,abigail.jones5@example.com,512-555-6925,12,Bronze,2026-03-25,True,2026-04-23 05:46:18+00
2020,James,Arceneaux,james.arceneaux@example.org,512-555-1151,15,Gold,2023-07-10,True,2026-05-14 19:49:07+00
2021,Grace,Martinez,grace.martinez1@example.com,713-555-5547,6,Silver,2026-01-29,False,2026-04-04 15:32:11+00
2022,Josette,Mitchell,josette.mitchell30@example.org,726-555-4646,16,Bronze,2026-05-07,False,2026-05-07 13:35:01+00
2023,Wyatt,Thibodeaux,wyatt.thibodeaux91@example.org,737-555-0517,13,Silver,2023-02-23,True,2025-11-11 01:47:23+00
2024,Mai,Scott,mai.scott2@example.org,210-555-6803,19,Bronze,2024-05-14,True,2024-05-14 14:20:43+00
2025,Destiny,Carter,destiny.carter@example.org,832-555-0264,20,Bronze,2026-06-18,True,2026-06-21 13:39:26+00
2026,Minh,Wilson,minh.wilson59@example.net,713-555-7931,1,Bronze,2023-05-17,True,2023-05-17 08:37:23+00
2027,Marcus,Young,marcus.young@example.com,972-555-8094,9,Bronze,2023-10-30,False,2023-10-30 20:27:44+00
2028,Caleb,Rivera,caleb.rivera95@example.net,469-555-9288,11,Bronze,2023-01-23,True,2026-05-23 14:03:28+00
2029,Andre,Wilson,andre.wilson@example.net,281-555-3675,3,Bronze,2025-09-29,True,2026-05-16 14:21:11+00
2030,Sarah,Torres,sarah.torres99@example.net,214-555-9618,7,Silver,2025-12-25,False,2026-03-11 05:07:31+00
2031,David,Nguyen,david.nguyen10@example.com,832-555-4961,20,Bronze,2026-05-25,True,2026-06-27 02:09:12+00
2032,Liam,Baker,liam.baker@example.net,281-555-2690,1,Gold,2025-08-18,False,2025-08-18 15:17:25+00
2033,Remy,Thomas,remy.thomas43@example.org,972-555-1607,9,Bronze,2026-03-03,True,2026-03-03 09:14:15+00
2034,Abigail,Sanchez,abigail.sanchez85@example.com,210-555-3883,17,Gold,2025-09-26,False,2025-09-26 14:59:20+00
2035,Robert,Rivera,robert.rivera3@example.net,469-555-2431,7,Silver,2023-07-09,True,2023-07-09 11:06:03+00
2036,Harper,Gomez,harper.gomez51@example.org,972-555-6647,10,Bronze,2023-11-08,True,2024-04-11 18:14:32+00
2037,Jennifer,Robinson,jennifer.robinson65@example.net,281-555-7317,20,Bronze,2026-06-03,True,2026-06-05 09:16:05+00
2038,Celeste,Comeaux,celeste.comeaux@example.net,469-555-6436,10,Bronze,2023-08-30,True,2024-03-09 23:20:57+00
2039,Liam,Johnson,liam.johnson6@example.org,832-555-7205,3,Bronze,2026-06-02,True,2026-06-02 16:06:26+00
2040,Lucien,Miller,lucien.miller9@example.net,281-555-1965,1,Bronze,2024-04-11,False,2025-05-19 01:21:50+00
2041,Robert,Jones,robert.jones57@example.com,726-555-1843,19,Silver,2024-03-18,True,2024-10-01 11:49:38+00
2042,Tyrone,Phillips,tyrone.phillips@example.com,713-555-9498,6,Silver,2024-05-11,False,2024-05-11 09:45:49+00
2043,Ana,Robichaux,ana.robichaux@example.org,469-555-7042,10,Bronze,2025-05-24,True,2026-06-14 20:17:52+00
2044,Kayla,Arceneaux,kayla.arceneaux8@example.net,281-555-0317,2,Silver,2023-01-07,True,2024-01-12 02:04:54+00
2045,Lucien,Young,lucien.young@example.com,469-555-1803,8,Bronze,2026-01-23,True,2026-06-20 02:22:16+00
2046,Harper,Lopez,harper.lopez@example.com,210-555-1882,19,Bronze,2025-05-04,True,2026-04-15 01:58:21+00
2047,Lucia,Williams,lucia.williams@example.com,469-555-1320,10,Bronze,2025-06-18,True,2026-05-18 23:11:10+00
2048,Wyatt,Torres,wyatt.torres@example.com,832-555-3057,20,Bronze,2026-06-23,True,2026-06-23 20:28:48+00
2049,Lucas,Gonzalez,lucas.gonzalez@example.org,281-555-7880,6,Silver,2025-05-07,True,2026-04-22 10:11:50+00
2050,Liam,Wright,liam.wright@example.com,469-555-2933,10,Bronze,2024-08-02,True,2024-08-02 11:15:36+00
2051,Anika,Scott,anika.scott@example.net,726-555-6315,17,Bronze,2024-05-25,True,2024-06-24 00:56:19+00
2052,Arjun,Shah,arjun.shah11@example.com,469-555-0721,9,Bronze,2024-03-01,True,2024-03-01 09:52:57+00
2053,Darnell,Mitchell,darnell.mitchell@example.org,713-555-6363,6,Bronze,2026-04-23,True,2026-04-23 09:06:57+00
2054,Remy,LeBlanc,remy.leblanc@example.net,210-555-8295,17,Gold,2024-03-06,True,2024-03-06 17:56:48+00
2055,Camille,Sanchez,camille.sanchez72@example.org,214-555-1860,8,Silver,2024-09-19,False,2024-09-19 12:49:32+00
2056,Jose,Diaz,jose.diaz@example.net,972-555-9791,11,Silver,2023-04-16,True,2024-11-13 08:24:04+00
2057,Carmen,Martinez,carmen.martinez3@example.org,281-555-0127,20,Bronze,2026-06-19,False,2026-06-19 14:55:33+00
2058,Caleb,Carter,caleb.carter34@example.com,713-555-8782,4,Bronze,2026-06-09,True,2026-06-28 14:55:15+00
2059,Santiago,Pham,santiago.pham@example.org,832-555-4968,6,Bronze,2024-04-21,False,2024-08-17 12:40:23+00
2060,Tuan,Young,tuan.young57@example.net,281-555-2479,1,Bronze,2026-04-24,True,2026-04-24 11:55:04+00
2061,Madison,Flores,madison.flores44@example.net,214-555-6861,8,Bronze,2025-02-24,True,2025-02-24 11:58:22+00
2062,Michael,Walker,michael.walker@example.org,281-555-3658,4,Bronze,2024-04-18,True,2024-06-13 10:47:48+00
2063,Jennifer,Diaz,jennifer.diaz57@example.net,512-555-0562,14,Bronze,2023-06-14,False,2025-02-06 16:52:11+00
2064,Rohan,Guidry,rohan.guidry54@example.com,713-555-3743,4,Bronze,2024-08-20,True,2024-08-20 14:23:35+00
2065,Priya,Kumar,PRIYA.KUMAR67@EXAMPLE.ORG,737-555-4893,13,Bronze,2023-03-01,False,2026-03-29 01:08:17+00
2066,Matthew,O'Brien,matthew.obrien@example.net,713-555-6765,6,Bronze,2025-07-19,True,2025-09-08 02:13:53+00
2067,Sofia,Nguyen,sofia.nguyen82@example.org,972-555-2328,7,Bronze,2025-04-24,True,2025-04-24 20:30:46+00
2068,Michael,Harris,michael.harris@example.org,972-555-5449,7,Gold,2023-09-04,False,2023-09-04 13:46:33+00
2069,Rohan,Pham,rohan.pham@example.com,737-555-0146,14,Silver,2023-10-16,True,2025-11-02 00:28:48+00
2070,Tuan,Landry,tuan.landry@example.com,972-555-7473,9,Bronze,2023-01-31,True,2023-08-20 01:39:07+00
2071,Joshua,Roberts,joshua.roberts5@example.org,972-555-8404,7,Bronze,2024-02-04,False,2024-02-04 18:17:25+00
2072,Marcus,Phillips,marcus.phillips60@example.org,726-555-9849,17,Bronze,2023-02-11,True,2024-06-07 23:44:42+00
2073,Wyatt,Gomez,wyatt.gomez64@example.net,737-555-4462,12,Bronze,2025-10-23,True,2025-10-23 21:59:39+00
2074,Margot,Carter,margot.carter79@example.com,281-555-6947,4,Bronze,2023-05-28,True,2023-05-28 09:22:39+00
2075,Ashley,Guidry,ashley.guidry@example.net,726-555-5786,18,Bronze,2024-12-23,False,2024-12-23 13:44:33+00
2076,James,Robinson,james.robinson72@example.net,469-555-6136,7,Silver,2024-09-17,True,2024-09-17 15:32:47+00
2077,Darnell,Comeaux,darnell.comeaux1@example.net,832-555-1311,1,Silver,2023-09-17,True,2023-09-17 15:18:50+00
2078,Minh,Young,minh.young45@example.com,469-555-9498,10,Silver,2025-06-04,True,2026-01-18 04:46:21+00
2079,Madison,Adams,madison.adams@example.net,713-555-6773,3,Silver,2023-04-30,False,2026-03-12 02:25:14+00
2080,James,Landry,james.landry@example.com,832-555-2856,5,Silver,2025-08-29,True,2025-08-29 13:38:03+00
2081,Hannah,Harris,hannah.harris@example.net,512-555-9591,15,Silver,2025-03-22,True,2025-05-18 01:13:18+00
2082,Valeria,Robichaux,valeria.robichaux24@example.com,713-555-6678,3,Gold,2024-11-27,False,2024-11-27 18:13:55+00
2083,Remy,Wright,remy.wright85@example.com,726-555-1852,16,Silver,2025-08-22,False,2025-08-22 23:19:36+00
2084,Ashley,Lopez,ashley.lopez35@example.com,726-555-6366,19,Silver,2024-03-17,True,2024-10-05 00:06:04+00
2085,Mai,Robinson,mai.robinson69@example.org,512-555-1766,12,Silver,2023-11-05,True,2026-06-03 05:24:52+00
2086,Abigail,Pham,abigail.pham18@example.org,737-555-1970,14,Silver,2023-06-19,True,2023-06-19 21:35:17+00
2087,Linh,Guidry,linh.guidry75@example.com,737-555-6481,14,Bronze,2025-10-10,True,2026-05-27 03:21:09+00
2088,James,Boudreaux,james.boudreaux72@example.org,281-555-2963,20,Bronze,2026-04-22,True,2026-04-24 01:42:53+00
2089,Sofia,Harris,sofia.harris40@example.com,214-555-6554,7,Bronze,2026-02-26,True,2026-06-16 01:33:21+00
2090,David,Reyes, David.Reyes15@Example.Org,832-555-5502,4,Bronze,2023-12-31,True,2026-03-22 01:51:31+00
2091,Ava,Williams,ava.williams88@example.com,469-555-3215,11,Bronze,2025-11-12,True,2025-11-12 11:34:07+00
2092,Lucas,Turner,lucas.turner95@example.net,972-555-5008,11,Bronze,2025-08-11,True,2025-08-11 16:41:33+00
2093,Pierre,Guidry,pierre.guidry3@example.org,832-555-6721,4,Bronze,2023-12-04,True,2023-12-04 15:39:40+00
2094,Tyrone,Rodriguez,tyrone.rodriguez83@example.org,737-555-3303,12,Gold,2024-06-17,True,2024-06-17 10:58:19+00
2095,Sarah,Perez,sarah.perez@example.org,281-555-2195,1,Bronze,2025-05-20,True,2025-08-10 10:00:14+00
2096,Diego,Scott,diego.scott89@example.com,726-555-8093,19,Bronze,2023-09-05,True,2023-09-05 12:00:57+00
2097,Ashley,Diaz,ashley.diaz@example.net,832-555-1803,6,Bronze,2026-01-05,False,2026-01-05 10:13:45+00
2098,Margot,Flores,margot.flores@example.org,281-555-5544,1,Bronze,2023-11-13,True,2023-11-13 21:23:34+00
2099,Carlos,Arceneaux,carlos.arceneaux60@example.com,281-555-0274,3,Silver,2024-10-09,False,2025-06-14 10:05:15+00
2100,Madison,Johnson,madison.johnson@example.org,832-555-2996,5,Silver,2023-05-30,False,2024-06-13 02:02:07+00
2101,Grace,Nguyen,grace.nguyen@example.com,281-555-4644,6,Bronze,2024-01-01,True,2025-03-30 18:13:25+00
2102,Jennifer,Williams,jennifer.williams@example.org,713-555-6151,1,Bronze,2025-10-03,False,2026-06-01 00:07:55+00
2103,Remy,Green,remy.green5@example.com,713-555-4466,6,Bronze,2023-03-24,True,2026-01-31 21:33:16+00
2104,Minh,Broussard,MINH.BROUSSARD3@EXAMPLE.ORG,281-555-4345,4,Silver,2023-02-25,False,2023-02-25 08:46:54+00
2105,Lucien,Perez,lucien.perez62@example.net,469-555-0402,8,Gold,2026-03-27,True,2026-05-19 06:44:25+00
2106,Chloe,Guidry,chloe.guidry68@example.net,469-555-9578,8,Gold,2023-01-15,True,2024-11-19 18:39:35+00
2107,Chloe,Hernandez,chloe.hernandez5@example.net,972-555-9634,7,Bronze,2023-01-31,True,2023-01-31 14:23:04+00
2108,Austin,Diaz,austin.diaz99@example.net,469-555-0653,7,Silver,2023-07-20,False,2023-07-20 13:53:09+00
2109,Emily,Garcia,emily.garcia33@example.net,713-555-2113,2,Silver,2023-04-23,True,2025-05-14 19:02:59+00
2110,Remy,Jackson,remy.jackson98@example.org,713-555-7093,1,Gold,2025-06-07,False,2025-09-22 13:02:16+00
2111,Ethan,O'Brien,Ethan.obrien65@Example.net,832-555-7216,4,Bronze,2023-05-15,False,2023-05-15 09:07:32+00
2112,Tyrone,Arceneaux,tyrone.arceneaux@example.org,512-555-6960,15,Bronze,2024-07-27,False,2024-07-27 11:42:58+00
2113,Hannah,Davis,hannah.davis@example.com,713-555-7214,20,Bronze,2026-05-29,True,2026-05-29 21:21:46+00
2114,Wyatt,Jones,wyatt.jones68@example.com,726-555-2536,19,Bronze,2024-11-16,True,2025-08-06 03:18:38+00
2115,Linda,Scott,linda.scott98@example.com,214-555-4354,10,Silver,2024-12-17,True,2024-12-17 20:42:19+00
2116,David,Reyes,david.reyes96@example.org,469-555-5288,11,Bronze,2026-03-17,True,2026-03-17 13:37:07+00
2117,Chloe,Rivera,chloe.rivera41@example.net,713-555-3787,6,Bronze,2025-09-01,True,2026-03-31 22:04:03+00
2118,Mia,Davis,mia.davis@example.com,737-555-6137,15,Silver,2023-03-17,True,2024-03-16 21:48:37+00
2119,Michael,Kumar,michael.kumar1@example.org,737-555-6657,15,Bronze,2026-04-22,False,2026-04-22 17:17:00+00
2120,Harper,Jones,harper.jones35@example.com,210-555-5024,17,Gold,2025-07-27,True,2025-07-27 12:53:50+00
2121,Harper,Carter,harper.carter@example.com,210-555-2716,18,Silver,2023-03-16,True,2024-07-23 13:51:47+00
2122,Liam,Gonzalez,liam.gonzalez29@example.org,214-555-4384,9,Bronze,2026-02-07,True,2026-02-07 08:53:37+00
2123,Tyrone,Jones,tyrone.jones36@example.com,512-555-2186,15,Silver,2023-07-09,True,2023-07-09 09:42:27+00
2124,Lucien,Harris,lucien.harris97@example.org,210-555-4086,16,Bronze,2026-06-05,False,2026-06-18 13:17:24+00
2125,Arjun,Morales,arjun.morales9@example.org,832-555-1631,6,Bronze,2023-05-09,False,2026-05-04 17:55:20+00
2126,Colton,Thomas,colton.thomas57@example.com,210-555-5257,19,Gold,2024-09-19,True,2026-01-05 01:47:03+00
2127,David,Williams,david.williams@example.net,713-555-8680,2,Bronze,2024-12-25,True,2024-12-25 19:54:22+00
2128,Emily,Baker,emily.baker88@example.org,713-555-4817,20,Bronze,2026-04-01,False,2026-04-29 00:59:25+00
2129,Liam,Gomez,liam.gomez58@example.org,737-555-1038,15,Silver,2025-10-29,True,2025-10-29 15:05:38+00
2130,Harper,Lewis,HARPER.LEWIS31@EXAMPLE.NET,832-555-4718,2,Bronze,2023-04-15,True,2024-09-25 12:02:25+00
2131,Linh,Roberts,linh.roberts21@example.org,737-555-8858,13,Bronze,2025-01-22,True,2025-01-22 20:55:58+00
2132,Noah,Doucet,noah.doucet86@example.net,832-555-3771,1,Bronze,2025-05-27,True,2025-05-27 21:27:04+00
2133,Robert,Reyes,robert.reyes99@example.net,512-555-6240,15,Bronze,2026-02-04,False,2026-02-04 08:40:09+00
2134,Linh,Gomez,linh.gomez47@example.org,210-555-6847,16,Bronze,2026-04-24,True,2026-04-24 15:04:49+00
2135,Ashley,Thomas,ashley.thomas@example.org,512-555-0603,12,Bronze,2023-04-30,True,2024-09-07 18:19:18+00
2136,Olivia,Smith,olivia.smith@example.org,726-555-2514,17,Bronze,2023-09-22,False,2026-01-13 06:28:38+00
2137,Santiago,Martinez,santiago.martinez15@example.org,832-555-3237,2,Bronze,2025-07-21,True,2026-03-22 17:00:27+00
2138,Margot,Reddy,margot.reddy56@example.net,713-555-2891,6,Bronze,2026-01-24,True,2026-01-24 18:29:12+00
2139,Ana,Johnson,ana.johnson89@example.com,972-555-3201,8,Bronze,2023-02-07,True,2023-05-14 00:51:04+00
2140,Jennifer,Rivera,jennifer.rivera@example.org,281-555-4086,1,Silver,2026-06-08,False,2026-06-12 10:46:36+00
2141,Noah,Reddy,noah.reddy@example.com,214-555-8377,9,Silver,2025-01-19,False,2025-05-25 05:34:47+00
2142,Michael,Ramirez,michael.ramirez23@example.com,281-555-2356,6,Bronze,2023-03-14,True,2023-03-14 12:40:53+00
2143,Mia,Roberts,mia.roberts84@example.com,214-555-9306,8,Silver,2023-02-25,False,2025-05-18 07:30:16+00
2144,Liam,O'Brien,liam.obrien97@example.net,214-555-8889,8,Bronze,2026-02-20,False,2026-06-28 18:57:34+00
2145,Colton,Williams,colton.williams83@example.com,210-555-8666,18,Bronze,2023-02-25,True,2023-02-25 20:30:19+00
2146,Joshua,Hernandez,joshua.hernandez@example.net,281-555-2400,6,Bronze,2024-11-06,True,2024-12-27 12:29:07+00
2147,Matthew,Carter,matthew.carter@example.org,210-555-1061,18,Gold,2023-05-26,False,2023-05-26 10:14:00+00
2148,Mai,Williams,mai.williams@example.com,972-555-3494,8,Bronze,2024-10-27,True,2024-10-27 20:05:34+00
2149,Priya,Arceneaux,priya.arceneaux48@example.org,469-555-6142,7,Bronze,2023-07-13,True,2023-07-13 12:40:35+00
2150,Robert,Turner,robert.turner92@example.org,469-555-2425,10,Bronze,2025-12-01,True,2026-01-29 14:07:00+00
2151,Linda,Le,linda.le@example.com,469-555-5007,8,Bronze,2026-05-08,True,2026-05-19 07:03:02+00
2152,Carmen,Gomez,carmen.gomez@example.net,713-555-4038,6,Silver,2024-02-15,True,2024-02-15 08:49:06+00
2153,Kayla,Smith,kayla.smith@example.org,972-555-4217,10,Bronze,2026-01-04,True,2026-05-27 18:31:31+00
2154,Carlos,Thibodeaux,carlos.thibodeaux9@example.org,832-555-8403,3,Bronze,2023-03-13,True,2023-03-13 09:11:15+00
2155,Santiago,Doucet,santiago.doucet40@example.org,469-555-7372,7,Bronze,2023-03-02,False,2023-03-02 16:28:09+00
2156,Mia,Miller,mia.miller40@example.org,512-555-9281,12,Bronze,2026-03-25,True,2026-06-06 00:20:53+00
2157,Diego,Comeaux,diego.comeaux2@example.com,972-555-8268,8,Bronze,2026-04-10,True,2026-04-10 15:50:24+00
2158,Daniel,Hebert,daniel.hebert34@example.org,726-555-5383,17,Silver,2026-02-16,True,2026-05-08 19:08:39+00
2159,Liam,Diaz,  liam.diaz49@example.org ,832-555-6245,6,Silver,2026-02-26,True,2026-05-14 11:05:01+00
2160,Ana,O'Brien,ana.obrien47@example.com,832-555-7295,20,Bronze,2026-05-06,False,2026-05-17 23:31:48+00
2161,Wyatt,Nelson, Wyatt.Nelson@Example.Net,210-555-7694,16,Gold,2024-08-10,True,2024-08-10 09:58:53+00
2162,Linh,Thomas,linh.thomas@example.org,210-555-4758,19,Bronze,2026-01-07,True,2026-01-07 13:07:34+00
2163,Linda,Le,linda.le74@example.org,210-555-9003,17,Bronze,2025-03-28,True,2025-08-06 03:03:42+00
2164,Brianna,Fontenot,brianna.fontenot@example.net,281-555-2496,3,Silver,2023-08-05,False,2023-08-05 20:31:19+00
2165,Harper,Jones,harper.jones@example.org,214-555-8519,11,Silver,2024-08-22,False,2025-03-03 03:23:03+00
2166,Rohan,Gomez,rohan.gomez34@example.org,713-555-4819,4,Bronze,2025-07-14,True,2025-07-31 14:42:02+00
2167,Hannah,Smith,hannah.smith80@example.org,210-555-6934,16,Bronze,2023-10-23,False,2023-10-23 20:39:29+00
2168,Matthew,Boudreaux,matthew.boudreaux7@example.org,512-555-4270,12,Bronze,2025-07-04,False,2025-07-04 16:13:03+00
2169,Mia,Fontenot,mia.fontenot34@example.org,832-555-3705,6,Bronze,2025-03-03,False,2025-03-03 09:39:04+00
2170,Wyatt,Patel,wyatt.patel85@example.org,726-555-5081,19,Bronze,2024-04-15,False,2024-04-15 20:35:37+00
2171,Tuan,Morales,  tuan.morales@example.net ,832-555-3222,3,Silver,2025-08-25,False,2026-01-26 05:08:59+00
2172,Tuan,Ramirez,tuan.ramirez48@example.com,512-555-3211,12,Bronze,2025-11-25,True,2026-02-22 01:12:54+00
2173,Tyrone,Harris,tyrone.harris@example.org,737-555-7645,14,Bronze,2023-09-17,True,2025-05-05 18:02:30+00
2174,Mai,Rodriguez,mai.rodriguez49@example.org,832-555-0321,2,Silver,2025-12-09,False,2025-12-09 13:34:59+00
2175,Jose,Garcia,jose.garcia@example.net,737-555-7860,12,Bronze,2023-01-03,False,2024-08-31 11:08:29+00
2176,Carlos,Thomas,carlos.thomas40@example.net,726-555-0498,16,Bronze,2023-05-22,True,2026-06-25 12:16:59+00
2177,Kayla,Le,kayla.le@example.net,281-555-4671,2,Gold,2023-02-17,True,2023-02-17 08:08:20+00
2178,Emily,Adams,emily.adams17@example.net,972-555-7815,10,Bronze,2024-02-08,True,2024-11-03 16:46:27+00
2179,Anika,Robinson,anika.robinson@example.com,281-555-1219,6,Gold,2025-10-23,True,2025-10-23 14:19:51+00
2180,Remy,Carter,remy.carter@example.com,737-555-7284,13,Bronze,2024-10-19,True,2024-10-19 20:05:28+00
2181,Mai,Kumar,mai.kumar@example.org,832-555-8116,3,Bronze,2024-11-06,True,2026-05-23 08:52:11+00
2182,Emily,Green,emily.green96@example.com,726-555-0357,19,Silver,2023-04-03,False,2024-05-10 21:19:04+00
2183,Andrew,Hernandez,andrew.hernandez2@example.net,210-555-6344,18,Bronze,2024-07-19,True,2024-07-19 10:08:22+00
2184,Destiny,Doucet,destiny.doucet@example.org,832-555-3567,4,Bronze,2024-02-24,True,2024-02-24 21:04:58+00
2185,Luis,Turner,luis.turner68@example.org,972-555-0895,7,Silver,2026-05-06,True,2026-05-12 01:01:34+00
2186,Andrew,Wright,andrew.wright@example.org,737-555-3115,12,Silver,2023-10-14,False,2023-10-14 13:02:21+00
2187,Santiago,Hebert,santiago.hebert@example.com,512-555-3749,14,Silver,2026-03-05,True,2026-04-11 09:47:30+00
2188,Juan,Roberts,juan.roberts@example.net,469-555-4547,9,Silver,2025-11-09,True,2025-11-09 13:01:40+00
2189,Minh,Gomez,minh.gomez@example.com,713-555-7281,3,Bronze,2026-03-16,False,2026-03-16 16:52:38+00
2190,Juan,Johnson,juan.johnson51@example.org,832-555-5734,3,Bronze,2024-03-27,False,2026-01-25 04:40:26+00
2191,Jamal,Wright,jamal.wright17@example.org,832-555-5644,20,Bronze,2026-06-22,True,2026-06-22 09:25:59+00
2192,Jose,Landry,jose.landry@example.org,469-555-3011,9,Bronze,2025-04-15,True,2025-06-13 19:30:58+00
2193,Minh,Williams,minh.williams8@example.org,210-555-5303,17,Silver,2024-06-01,False,2024-06-01 11:24:57+00
2194,Mia,Gonzalez,mia.gonzalez79@example.net,214-555-7238,10,Bronze,2024-02-28,True,2024-02-28 11:11:01+00
2195,Destiny,Jones,destiny.jones41@example.com,210-555-2927,19,Silver,2024-12-31,True,2024-12-31 13:18:15+00
2196,James,McAllister,james.mcallister@example.org,713-555-3047,2,Bronze,2023-05-25,False,2026-06-28 02:06:07+00
2197,Margot,Green,margot.green@example.org,832-555-8366,3,Bronze,2024-08-07,False,2024-08-10 13:23:30+00
2198,Pierre,Roberts,pierre.roberts@example.com,726-555-4183,19,Silver,2025-08-04,True,2026-05-09 22:59:26+00
2199,Emily,Lopez,emily.lopez36@example.com,210-555-2747,19,Bronze,2024-05-23,False,2025-07-26 16:35:25+00
2200,Jessica,Wright,jessica.wright@example.org,281-555-1278,6,Bronze,2026-06-12,True,2026-06-30 05:21:45+00
2201,Jamal,Tran,jamal.tran@example.com,469-555-5171,7,Silver,2023-09-09,False,2023-09-09 10:43:23+00
2202,Josette,Rivera,josette.rivera55@example.net,214-555-8734,9,Silver,2023-03-03,True,2024-05-15 07:58:43+00
2203,Minh,Jackson,minh.jackson@example.com,469-555-6611,8,Bronze,2024-07-02,True,2024-07-02 09:48:49+00
2204,Diego,Turner,diego.turner72@example.com,713-555-9656,4,Bronze,2024-02-04,False,2025-10-20 02:19:22+00
2205,Ava,LeBlanc,ava.leblanc20@example.com,210-555-3103,18,Bronze,2026-06-03,False,2026-06-20 02:48:09+00
2206,Abigail,Johnson,abigail.johnson7@example.org,281-555-6378,5,Silver,2025-01-22,True,2025-01-22 18:38:44+00
2207,Lucia,Green,lucia.green@example.org,737-555-3144,14,Bronze,2023-07-13,False,2025-07-22 02:36:55+00
2208,Minh,Lopez,minh.lopez27@example.net,281-555-9315,2,Silver,2024-01-10,False,2024-01-10 13:49:09+00
2209,Carlos,Lopez,carlos.lopez39@example.com,832-555-2183,1,Silver,2025-12-18,True,2025-12-18 13:44:40+00
2210,Liam,Patel,liam.patel@example.com,737-555-0043,13,Gold,2023-03-14,True,2023-03-14 18:07:02+00
2211,Jennifer,Wright,jennifer.wright45@example.net,972-555-0095,7,Bronze,2023-09-29,True,2023-09-29 15:13:01+00
2212,Destiny,Wright,destiny.wright@example.net,512-555-0420,13,Bronze,2023-12-15,False,2023-12-15 16:24:38+00
2213,Matthew,Adams,matthew.adams29@example.org,713-555-7273,2,Bronze,2024-07-11,True,2024-07-11 09:07:23+00
2214,Valeria,Nelson,valeria.nelson@example.com,210-555-0791,19,Bronze,2023-09-26,True,2025-02-01 06:57:38+00
2215,Arjun,Garcia,arjun.garcia@example.org,512-555-9976,15,Bronze,2025-11-29,True,2025-12-18 17:30:41+00
2216,Celeste,Rivera,celeste.rivera39@example.org,726-555-7291,18,Gold,2023-01-06,True,2023-01-06 17:21:38+00
2217,Sofia,Walker,sofia.walker60@example.org,713-555-5208,3,Bronze,2025-11-05,True,2025-11-08 01:11:47+00
2218,David,Thibodeaux,david.thibodeaux@example.net,972-555-6744,7,Gold,2026-03-16,True,2026-03-25 08:23:55+00
2219,Rohan,Walker,rohan.walker71@example.net,214-555-6070,7,Bronze,2026-03-13,True,2026-03-13 17:21:28+00
2220,Tyrone,LeBlanc,tyrone.leblanc@example.com,972-555-1351,11,Gold,2023-05-08,False,2023-10-05 14:56:38+00
2221,Ashley,Guidry,ashley.guidry20@example.com,832-555-6449,6,Bronze,2023-04-23,True,2025-11-02 08:34:09+00
2222,James,Johnson,james.johnson58@example.com,713-555-7107,2,Silver,2023-11-12,True,2023-11-12 15:44:01+00
2223,Olivia,Patel,olivia.patel@example.com,972-555-5262,7,Silver,2024-01-01,True,2025-12-08 22:08:23+00
2224,Tyrone,Adams,tyrone.adams7@example.com,832-555-0918,5,Bronze,2024-12-03,False,2025-01-01 18:23:30+00
2225,Minh,Scott,minh.scott69@example.org,972-555-9432,8,Bronze,2026-04-21,True,2026-04-21 17:14:06+00
2226,Linda,Reyes,linda.reyes63@example.net,281-555-5496,4,Bronze,2026-06-16,True,2026-06-16 13:13:41+00
2227,Jose,Jackson,jose.jackson@example.org,713-555-2859,6,Bronze,2023-11-19,False,2023-11-19 08:29:54+00
2228,Sarah,Gonzalez,sarah.gonzalez@example.org,512-555-0074,13,Bronze,2023-10-16,True,2026-01-20 02:36:41+00
2229,Tyrone,Shah,tyrone.shah@example.net,214-555-5748,8,Bronze,2023-10-29,True,2024-06-23 21:42:11+00
2230,Kayla,Landry,kayla.landry@example.net,214-555-0386,7,Silver,2026-01-21,True,2026-01-21 11:04:07+00
2231,Ava,Roberts,ava.roberts38@example.net,972-555-6047,11,Silver,2025-07-07,False,2025-08-30 21:48:25+00
2232,Destiny,Harris,destiny.harris7@example.org,737-555-2485,15,Bronze,2023-09-28,True,2023-09-28 17:08:07+00
2233,Maria,Jones,maria.jones@example.net,469-555-6104,8,Silver,2023-10-27,False,2023-10-27 09:29:20+00
2234,Lucien,Adams,lucien.adams@example.com,737-555-3681,12,Bronze,2025-11-14,False,2025-11-25 05:37:49+00
2235,Matthew,Walker,matthew.walker@example.com,726-555-7034,19,Bronze,2024-12-17,False,2024-12-17 08:33:11+00
2236,Caleb,Perez,caleb.perez@example.com,214-555-0981,11,Silver,2023-07-28,True,2023-07-28 20:50:19+00
2237,Celeste,Flores,celeste.flores@example.net,210-555-8446,18,Bronze,2025-08-09,False,2025-08-09 21:49:24+00
2238,Wyatt,Hernandez,wyatt.hernandez6@example.net,726-555-4788,16,Silver,2023-07-20,True,2023-07-20 12:10:26+00
2239,Lucien,Gomez,lucien.gomez99@example.net,281-555-8835,2,Bronze,2026-03-29,True,2026-05-11 16:11:11+00
2240,Camille,Turner,camille.turner@example.com,214-555-9807,8,Silver,2024-05-02,True,2024-05-02 12:12:59+00
2241,Ximena,Carter,ximena.carter22@example.net,512-555-4382,14,Bronze,2025-01-27,True,2025-01-27 15:28:17+00
2242,Santiago,Nguyen,santiago.nguyen27@example.org,713-555-6724,20,Bronze,2026-04-25,False,2026-04-25 15:42:59+00
2243,Lucas,Morales,lucas.morales@example.net,469-555-0299,9,Silver,2025-04-05,False,2026-04-23 08:47:24+00
2244,Ethan,Boudreaux,ethan.boudreaux94@example.net,832-555-1413,2,Bronze,2023-06-21,False,2023-06-21 17:01:42+00
2245,Arjun,Phillips,arjun.phillips4@example.org,214-555-6116,11,Bronze,2025-05-06,False,2026-04-30 22:54:40+00
2246,Luis,Gonzalez,luis.gonzalez85@example.net,281-555-1341,3,Silver,2023-04-16,True,2026-04-13 09:21:39+00
2247,Noah,Lewis,noah.lewis@example.com,512-555-2850,15,Bronze,2024-05-24,False,2024-07-13 06:04:56+00
2248,Wyatt,McAllister,wyatt.mcallister78@example.net,972-555-8281,10,Bronze,2024-12-02,True,2026-05-09 09:40:07+00
2249,Harper,Baker,harper.baker@example.org,737-555-7949,14,Bronze,2023-10-19,True,2024-06-20 16:33:37+00
2250,Liam,Walker,liam.walker53@example.org,210-555-5979,17,Silver,2024-11-01,True,2025-06-07 12:10:28+00
2251,Noah,Carter,noah.carter@example.net,512-555-9884,13,Silver,2025-01-24,False,2025-08-06 09:00:14+00
2252,Colton,Perez,colton.perez81@example.net,512-555-9211,12,Silver,2024-12-13,False,2025-04-23 22:36:23+00
2253,Carlos,O'Brien,carlos.obrien23@example.net,737-555-9868,15,Silver,2026-03-22,False,2026-05-05 11:24:09+00
2254,Michael,Davis,michael.davis25@example.com,726-555-3521,17,Bronze,2025-04-27,False,2025-11-30 13:29:15+00
2255,Linda,Smith,linda.smith63@example.com,210-555-1796,17,Bronze,2026-04-25,True,2026-05-05 07:29:43+00
2256,Sarah,Gonzalez,sarah.gonzalez16@example.org,281-555-1065,1,Bronze,2026-02-26,True,2026-04-12 08:53:46+00
2257,Colton,Patel,colton.patel7@example.org,972-555-6984,11,Silver,2025-03-14,True,2025-08-26 12:13:39+00
2258,Robert,Ramirez,robert.ramirez@example.org,713-555-9157,4,Bronze,2026-06-25,True,2026-06-25 17:12:45+00
2259,Joshua,Shah,joshua.shah29@example.org,210-555-1608,17,Silver,2025-06-14,True,2026-01-22 01:55:00+00
2260,Tuan,Wilson,tuan.wilson@example.org,737-555-1031,13,Silver,2025-03-14,True,2025-03-14 10:48:43+00
2261,Tuan,Harris,tuan.harris@example.org,214-555-6242,8,Silver,2025-04-20,True,2026-03-28 15:55:14+00
2262,Grace,Sanchez,grace.sanchez15@example.net,281-555-0533,4,Bronze,2025-05-31,False,2026-02-19 07:37:59+00
2263,Lucia,Comeaux,lucia.comeaux@example.com,469-555-6016,7,Bronze,2023-11-13,True,2024-07-02 05:19:33+00
2264,Ava,Wilson,ava.wilson49@example.org,512-555-1495,14,Gold,2025-03-01,True,2025-10-31 18:52:24+00
2265,Emily,O'Brien,emily.obrien6@example.org,832-555-6933,4,Silver,2023-08-07,True,2023-08-07 09:13:40+00
2266,David,Boudreaux,david.boudreaux9@example.org,713-555-4341,2,Bronze,2024-01-28,True,2024-01-28 12:04:37+00
2267,Harper,Pham,harper.pham97@example.net,210-555-7118,18,Silver,2025-10-21,False,2025-10-21 19:43:35+00
2268,Chloe,Arceneaux,chloe.arceneaux81@example.org,512-555-6891,15,Gold,2023-11-07,True,2024-02-03 20:21:49+00
2269,Harper,Pham,harper.pham@example.org,281-555-5826,4,Bronze,2026-02-08,False,2026-06-27 15:37:42+00
2270,Madison,LeBlanc,madison.leblanc47@example.com,281-555-1674,6,Gold,2024-04-08,True,2024-04-08 09:12:38+00
2271,Brianna,Jones,brianna.jones@example.com,281-555-3012,20,Silver,2026-04-26,True,2026-06-13 08:23:02+00
2272,Arjun,Scott,arjun.scott13@example.com,512-555-5484,14,Bronze,2026-01-03,False,2026-02-23 18:11:41+00
2273,Jamal,Reddy,jamal.reddy96@example.net,512-555-4612,12,Bronze,2024-08-23,False,2026-04-27 13:06:55+00
2274,Arjun,Ramirez,arjun.ramirez66@example.org,281-555-5359,6,Bronze,2024-05-09,True,2024-05-09 21:21:09+00
2275,Andrew,Miller,andrew.miller22@example.com,832-555-8002,6,Bronze,2024-07-14,True,2024-07-14 18:45:46+00
2276,Sarah,Nelson,sarah.nelson67@example.net,832-555-9583,1,Silver,2023-02-17,True,2023-03-16 14:50:28+00
2277,James,Diaz,james.diaz8@example.net,737-555-4692,14,Gold,2023-10-21,True,2025-06-05 19:38:32+00
2278,Liam,Carter,liam.carter55@example.com,281-555-7081,1,Bronze,2023-01-05,True,2023-01-05 17:14:43+00
2279,Harper,Young,harper.young@example.net,281-555-4612,1,Bronze,2023-11-28,True,2023-12-12 04:16:29+00
2280,Priya,Phillips,priya.phillips42@example.net,512-555-2766,14,Bronze,2025-10-17,False,2026-06-22 17:40:53+00
2281,Rohan,Kumar,rohan.kumar74@example.org,726-555-6157,19,Bronze,2023-06-16,True,2025-05-19 08:12:33+00
2282,Ashley,Hernandez,ashley.hernandez@example.org,512-555-3103,15,Silver,2025-01-25,False,2025-01-31 00:40:24+00
2283,Celeste,Williams,celeste.williams4@example.org,469-555-5021,10,Bronze,2026-02-22,True,2026-04-26 17:33:37+00
2284,Ava,Ramirez,ava.ramirez53@example.com,214-555-6601,10,Gold,2024-09-07,True,2024-09-07 15:55:33+00
2285,Ana,Broussard,ana.broussard82@example.com,972-555-3218,9,Gold,2025-10-06,False,2025-10-06 12:03:37+00
2286,Tuan,Shah,tuan.shah@example.net,469-555-0929,7,Bronze,2024-01-09,True,2024-01-09 09:53:16+00
2287,Ethan,Carter,ethan.carter@example.net,469-555-4276,11,Bronze,2023-08-05,True,2024-09-01 23:21:32+00
2288,Ava,Martinez,ava.martinez@example.org,972-555-9070,9,Gold,2024-09-17,True,2025-02-19 19:06:34+00
2289,Linh,Shah,linh.shah8@example.com,737-555-2100,12,Silver,2023-11-02,True,2023-11-02 19:18:45+00
2290,Robert,Miller,robert.miller20@example.net,210-555-4857,18,Silver,2025-09-04,True,2025-09-28 05:12:44+00
2291,Diego,Fontenot,diego.fontenot6@example.net,832-555-0317,20,Bronze,2026-05-13,True,2026-06-17 12:20:08+00
2292,Isabella,Jones,isabella.jones2@example.com,832-555-0866,2,Bronze,2024-12-16,True,2025-09-11 00:22:06+00
2293,Rohan,Boudreaux,rohan.boudreaux25@example.org,214-555-3589,8,Silver,2024-12-01,True,2026-03-17 06:39:07+00
2294,Kayla,Patel,kayla.patel@example.org,713-555-2623,4,Bronze,2024-10-22,True,2025-03-03 11:38:05+00
2295,Juan,Robinson,juan.robinson39@example.com,469-555-9978,7,Silver,2025-03-16,True,2026-04-23 18:44:26+00
2296,Daniel,Hill,daniel.hill11@example.com,281-555-3063,6,Bronze,2026-06-04,True,2026-06-04 14:46:25+00
2297,Ava,Comeaux,ava.comeaux94@example.com,281-555-4400,4,Bronze,2025-11-28,True,2026-01-13 09:38:02+00
2298,Caleb,Torres,caleb.torres@example.org,512-555-8472,15,Bronze,2024-01-14,True,2024-01-14 12:11:17+00
2299,Priya,Mitchell,priya.mitchell@example.org,469-555-7387,10,Bronze,2023-01-10,True,2023-01-10 12:03:45+00
2300,Camille,Roberts,camille.roberts2@example.net,210-555-3323,19,Gold,2025-02-04,False,2025-09-14 18:14:23+00
2301,Wyatt,Phillips,wyatt.phillips61@example.net,281-555-2439,1,Bronze,2024-12-26,False,2024-12-26 17:05:28+00
2302,Remy,Wright,remy.wright78@example.com,281-555-4664,2,Bronze,2025-12-11,False,2025-12-11 16:53:26+00
2303,Harper,King,harper.king@example.org,972-555-4159,8,Gold,2024-03-09,False,2024-11-26 15:55:11+00
2304,Tyrone,Miller,tyrone.miller@example.org,832-555-3946,2,Silver,2024-04-10,True,2024-04-10 15:00:16+00
2305,Luis,Tran,luis.tran@example.com,713-555-8437,6,Bronze,2024-09-07,True,2024-09-07 13:54:01+00
2306,Chloe,Hebert,chloe.hebert72@example.org,832-555-5051,20,Bronze,2026-06-24,False,2026-06-24 16:41:13+00
2307,Maria,Torres,maria.torres@example.com,832-555-7723,4,Bronze,2026-05-04,False,2026-06-02 06:26:44+00
2308,Emily,Jones,emily.jones@example.net,832-555-2376,4,Gold,2024-04-14,True,2025-11-30 11:05:49+00
2309,Maria,Perez,maria.perez9@example.net,512-555-8732,12,Silver,2025-05-08,True,2025-12-24 07:33:17+00
2310,Sarah,Mitchell,sarah.mitchell@example.net,214-555-8448,10,Bronze,2024-04-11,True,2026-01-24 09:49:15+00
2311,James,Carter,james.carter76@example.com,512-555-0025,12,Bronze,2023-09-04,True,2023-12-20 17:14:07+00
2312,Rohan,Lewis,rohan.lewis@example.net,972-555-7408,8,Bronze,2025-12-21,True,2025-12-21 21:18:03+00
2313,Ava,Davis,ava.davis@example.com,726-555-5479,17,Silver,2024-07-31,True,2024-08-11 15:44:54+00
2314,Camille,Thomas,camille.thomas45@example.net,281-555-1331,3,Silver,2025-02-13,True,2025-04-15 09:45:57+00
2315,Tyrone,Garcia,tyrone.garcia21@example.org,214-555-5438,8,Bronze,2024-10-10,False,2025-05-06 21:30:43+00
2316,Hannah,Thomas,hannah.thomas17@example.org,737-555-5884,14,Gold,2024-01-29,False,2026-04-05 00:13:41+00
2317,Pierre,Williams,pierre.williams84@example.com,210-555-6718,17,Bronze,2026-02-24,False,2026-02-24 09:56:29+00
2318,Camille,Flores,camille.flores81@example.com,214-555-5082,7,Bronze,2026-04-16,True,2026-04-16 18:18:29+00
2319,Arjun,Garcia,arjun.garcia8@example.org,512-555-4981,12,Bronze,2026-06-25,True,2026-06-29 03:32:34+00
2320,Liam,Roberts,liam.roberts@example.net,713-555-9033,2,Bronze,2026-06-13,True,2026-06-25 19:43:11+00
2321,Mia,Tran,mia.tran@example.com,281-555-9426,4,Bronze,2023-01-25,True,2024-09-19 13:14:45+00
2322,Jessica,Mitchell,jessica.mitchell@example.com,281-555-6643,2,Silver,2023-02-10,False,2023-02-10 16:51:28+00
2323,Sofia,Johnson,sofia.johnson@example.org,512-555-1141,14,Silver,2025-12-03,True,2026-02-04 19:30:49+00
2324,Sofia,Robinson,sofia.robinson77@example.com,832-555-9466,6,Bronze,2024-08-01,True,2024-12-09 03:00:39+00
2325,Arjun,Fontenot,arjun.fontenot71@example.net,512-555-9930,14,Silver,2024-02-29,True,2025-01-03 12:49:33+00
2326,Grace,LeBlanc,grace.leblanc@example.net,713-555-2833,2,Bronze,2025-06-08,True,2025-08-12 14:43:28+00
2327,Liam,Adams,liam.adams@example.com,726-555-4927,17,Bronze,2026-04-23,True,2026-06-06 15:07:09+00
2328,David,Brown,david.brown@example.com,726-555-3448,17,Silver,2024-12-24,True,2024-12-24 11:50:18+00
2329,Tuan,Turner,tuan.turner55@example.com,281-555-3011,2,Bronze,2026-06-04,True,2026-06-11 03:29:46+00
2330,Austin,Johnson,austin.johnson@example.org,713-555-5687,1,Silver,2023-08-06,True,2024-04-19 04:39:53+00
2331,Margot,Morales,margot.morales@example.org,832-555-5670,1,Silver,2023-04-07,False,2026-03-02 18:37:07+00
2332,Maria,Martinez,maria.martinez@example.com,210-555-4111,17,Bronze,2025-03-08,True,2025-12-06 00:59:25+00
2333,Linda,Comeaux,linda.comeaux@example.org,713-555-8048,5,Bronze,2023-01-24,False,2023-01-24 11:13:26+00
2334,Margot,Pham,margot.pham@example.org,214-555-9316,11,Bronze,2026-01-16,True,2026-01-16 11:44:44+00
2335,Abigail,Reddy,abigail.reddy@example.net,214-555-6106,8,Bronze,2026-03-25,True,2026-03-25 10:18:17+00
2336,Michael,Wright,michael.wright70@example.net,210-555-1107,16,Silver,2023-10-15,True,2023-10-15 10:38:05+00
2337,Brianna,Lewis,brianna.lewis88@example.com,469-555-0399,10,Bronze,2025-02-14,True,2025-02-14 15:28:10+00
2338,Kayla,Turner,kayla.turner@example.net,972-555-8709,10,Gold,2024-11-13,True,2024-11-13 11:07:14+00
2339,Jennifer,Guidry,jennifer.guidry@example.com,713-555-4390,20,Bronze,2026-04-08,True,2026-06-06 08:24:51+00
2340,Carlos,Hernandez,carlos.hernandez58@example.org,713-555-4821,3,Bronze,2024-10-31,False,2024-10-31 19:26:42+00
2341,James,Rodriguez,james.rodriguez41@example.net,726-555-5382,17,Gold,2023-02-22,True,2023-02-22 14:49:14+00
2342,Lucien,Flores,lucien.flores37@example.com,281-555-7801,1,Bronze,2025-07-09,True,2025-07-09 11:21:08+00
2343,Luis,Pham,luis.pham@example.net,214-555-0528,10,Silver,2023-08-25,False,2025-02-18 21:56:11+00
2344,Valeria,Brown,valeria.brown@example.org,210-555-9400,18,Silver,2023-05-30,True,2023-05-30 21:31:44+00
2345,David,Phillips,david.phillips@example.com,512-555-0444,13,Gold,2025-08-20,True,2026-03-05 21:42:43+00
2346,Arjun,McAllister,arjun.mcallister73@example.net,737-555-1979,14,Bronze,2026-05-06,True,2026-05-06 20:52:49+00
2347,Darnell,Rodriguez,darnell.rodriguez@example.net,832-555-7801,6,Bronze,2024-08-10,True,2025-08-26 23:36:58+00
2348,Luis,King,luis.king27@example.com,214-555-1710,8,Gold,2024-06-16,True,2025-10-12 17:40:21+00
2349,Daniel,Pham,daniel.pham@example.com,972-555-0066,7,Bronze,2025-04-23,False,2025-08-10 07:39:39+00
2350,Darnell,Fontenot,darnell.fontenot@example.net,972-555-5424,11,Silver,2023-02-18,True,2023-02-18 12:45:07+00
2351,David,Robinson, David.Robinson15@Example.Org,214-555-6135,9,Silver,2023-04-27,True,2023-04-27 21:00:23+00
2352,Mia,Tran,mia.tran3@example.net,214-555-9489,7,Silver,2024-03-31,False,2025-07-09 15:47:12+00
2353,Daniel,Diaz,daniel.diaz85@example.com,832-555-7483,6,Silver,2024-06-02,True,2026-05-04 02:38:24+00
2354,James,Tran,james.tran@example.com,713-555-8333,5,Gold,2025-05-13,True,2025-10-06 00:43:28+00
2355,Lucas,Garcia,lucas.garcia@example.org,214-555-5079,7,Bronze,2024-10-25,False,2025-10-23 12:40:34+00
2356,Celeste,Ramirez,celeste.ramirez20@example.com,281-555-9261,3,Silver,2023-06-12,True,2026-04-05 16:39:39+00
2357,Madison,O'Brien,madison.obrien@example.com,726-555-6674,17,Silver,2025-12-08,False,2025-12-08 10:26:26+00
2358,Hannah,Lopez,hannah.lopez@example.net,737-555-4062,12,Bronze,2024-05-19,True,2024-05-19 21:54:48+00
2359,David,Pham,david.pham@example.org,281-555-5746,3,Gold,2025-11-23,True,2026-02-22 16:17:16+00
2360,Mia,Rivera,mia.rivera17@example.org,737-555-3132,14,Bronze,2025-12-20,False,2025-12-20 08:16:07+00
2361,Luis,LeBlanc,luis.leblanc21@example.org,210-555-1235,17,Bronze,2026-04-05,True,2026-05-13 13:02:39+00
2362,Tyrone,Ramirez,tyrone.ramirez@example.org,281-555-0222,5,Silver,2024-07-08,False,2024-07-08 09:30:38+00
2363,Josette,Tran,josette.tran51@example.org,713-555-2929,3,Gold,2024-04-07,False,2025-06-07 16:34:19+00
2364,Jamal,Nguyen,jamal.nguyen@example.net,713-555-7496,1,Bronze,2024-06-30,True,2024-06-30 19:22:48+00
2365,Sarah,Patel,sarah.patel59@example.com,713-555-4564,1,Silver,2023-12-06,False,2025-06-04 06:06:41+00
2366,Lucas,Gomez,lucas.gomez39@example.com,737-555-5890,15,Bronze,2024-09-04,False,2026-06-25 08:30:21+00
2367,Jennifer,Le,jennifer.le45@example.org,832-555-3441,20,Bronze,2026-05-31,False,2026-06-30 01:44:47+00
2368,Olivia,Robinson,olivia.robinson51@example.net,832-555-7669,1,Bronze,2023-07-23,True,2023-07-23 19:54:22+00
2369,Ximena,Walker,ximena.walker52@example.org,512-555-6998,15,Silver,2023-11-13,True,2023-11-13 17:54:01+00
2370,Aaliyah,Tran,aaliyah.tran6@example.net,281-555-2449,2,Bronze,2023-06-11,True,2023-06-11 10:23:33+00
2371,Linda,Rivera,linda.rivera@example.com,512-555-4633,12,Bronze,2025-07-13,True,2025-07-13 17:18:54+00
2372,Ethan,Doucet,ethan.doucet85@example.org,512-555-1498,15,Silver,2025-01-12,False,2026-04-24 03:55:40+00
2373,Abigail,Doucet,abigail.doucet@example.net,972-555-6239,7,Bronze,2024-02-29,False,2024-02-29 08:39:07+00
2374,Carmen,Turner,carmen.turner4@example.com,832-555-7091,1,Bronze,2024-03-09,True,2024-03-09 10:07:29+00
2375,Brianna,Boudreaux,brianna.boudreaux99@example.net,512-555-5102,12,Bronze,2023-03-28,False,2023-10-02 16:58:15+00
2376,Olivia,Diaz,olivia.diaz52@example.com,713-555-7313,20,Bronze,2026-04-04,False,2026-04-08 17:24:55+00
2377,Remy,Lewis,remy.lewis56@example.com,281-555-8738,6,Silver,2025-10-10,True,2026-04-02 04:14:56+00
2378,Colton,Shah,colton.shah64@example.net,832-555-0499,4,Silver,2023-02-04,True,2026-04-09 08:56:42+00
2379,Rohan,Broussard,rohan.broussard@example.org,281-555-5749,3,Bronze,2023-06-10,True,2026-06-24 03:11:14+00
2380,Matthew,Smith,matthew.smith2@example.org,972-555-3010,11,Bronze,2025-07-16,True,2025-07-16 10:40:01+00
2381,James,Harris,james.harris@example.org,737-555-8382,12,Silver,2024-07-24,False,2024-07-24 15:34:26+00
2382,Emily,Robinson,emily.robinson@example.net,210-555-5648,16,Bronze,2023-02-05,True,2024-11-10 20:14:22+00
2383,Liam,Roberts,liam.roberts7@example.net,512-555-6578,15,Bronze,2026-01-31,True,2026-01-31 08:39:52+00
2384,Ana,Robichaux,ana.robichaux19@example.com,210-555-0979,18,Bronze,2025-04-01,False,2025-04-01 19:15:43+00
2385,Colton,Robichaux,colton.robichaux@example.net,210-555-5253,16,Bronze,2024-01-14,False,2024-01-14 20:47:06+00
2386,Jennifer,Gonzalez,jennifer.gonzalez94@example.com,713-555-4640,5,Bronze,2024-02-23,False,2024-02-23 09:06:39+00
2387,Pierre,LeBlanc,pierre.leblanc8@example.org,469-555-6940,11,Gold,2024-11-22,False,2024-11-22 14:18:17+00
2388,Lucia,Smith,lucia.smith78@example.org,832-555-1444,6,Bronze,2026-06-09,True,2026-06-13 09:53:28+00
2389,Joshua,Robichaux,joshua.robichaux3@example.net,469-555-2126,7,Silver,2025-09-16,False,2025-09-16 17:47:58+00
2390,Pierre,Harris,pierre.harris68@example.net,210-555-7066,19,Bronze,2023-09-29,True,2025-05-24 05:49:57+00
2391,Linda,King,linda.king38@example.org,512-555-0618,14,Bronze,2026-03-04,True,2026-06-05 20:39:44+00
2392,Marcus,Kumar,marcus.kumar48@example.org,832-555-3879,20,Bronze,2026-04-03,True,2026-06-16 15:09:57+00
2393,Lucia,Hill,lucia.hill@example.org,972-555-7090,8,Gold,2024-12-29,True,2024-12-29 19:51:58+00
2394,Kayla,Kumar,kayla.kumar30@example.com,214-555-7568,11,Bronze,2024-08-07,True,2024-08-07 21:16:50+00
2395,Juan,King,juan.king98@example.com,972-555-1734,10,Silver,2024-01-16,False,2024-06-27 20:10:34+00
2396,Madison,Broussard,madison.broussard11@example.com,832-555-7668,3,Bronze,2025-02-01,True,2025-02-01 15:24:50+00
2397,Aaliyah,Pham,aaliyah.pham7@example.net,832-555-3395,5,Silver,2024-02-17,True,2025-04-18 11:22:22+00
2398,Darnell,Reddy,darnell.reddy@example.net,972-555-6316,11,Gold,2023-08-03,False,2023-08-03 14:51:42+00
2399,Ava,Tran,ava.tran44@example.org,832-555-0061,2,Silver,2024-08-14,False,2026-04-24 05:05:00+00
2400,Mateo,Tran,mateo.tran92@example.net,726-555-1799,19,Silver,2024-04-23,False,2024-04-23 11:49:56+00
2401,Carlos,King,carlos.king78@example.net,281-555-1889,3,Gold,2024-03-20,False,2024-03-20 15:33:30+00
2402,Marcus,Sanchez,marcus.sanchez@example.com,713-555-3762,4,Bronze,2026-02-01,True,2026-06-12 17:06:23+00
2403,Celeste,Gomez,celeste.gomez99@example.net,512-555-3522,15,Bronze,2025-09-28,True,2025-09-28 15:53:04+00
2404,Jamal,Comeaux,jamal.comeaux27@example.org,281-555-2745,2,Bronze,2023-08-25,False,2023-08-25 21:38:55+00
2405,Linh,Reddy,linh.reddy98@example.net,726-555-1627,18,Silver,2023-10-30,False,2024-04-16 06:30:34+00
2406,Mia,Robichaux,mia.robichaux84@example.com,737-555-1308,14,Gold,2024-09-11,True,2024-09-11 18:16:44+00
2407,Caleb,Gonzalez,caleb.gonzalez@example.org,713-555-1480,2,Bronze,2023-02-21,True,2023-02-21 19:17:26+00
2408,Grace,Scott,grace.scott87@example.net,512-555-4598,14,Bronze,2023-06-09,True,2024-05-27 07:04:26+00
2409,Caleb,Nguyen,caleb.nguyen28@example.com,737-555-7563,13,Bronze,2024-09-12,True,2025-08-10 01:52:40+00
2410,David,Broussard,david.broussard23@example.net,737-555-4888,15,Bronze,2024-07-12,True,2024-07-12 15:30:03+00
2411,Liam,Adams,liam.adams9@example.com,210-555-2966,17,Bronze,2024-12-16,True,2024-12-16 20:54:31+00
2412,Brianna,Broussard,brianna.broussard50@example.com,512-555-6646,14,Bronze,2023-05-05,True,2023-05-05 20:18:35+00
2413,Abigail,Rodriguez,abigail.rodriguez@example.com,737-555-5478,12,Bronze,2025-07-24,True,2025-07-24 12:57:16+00
2414,Ethan,O'Brien,ethan.obrien@example.net,469-555-3724,7,Silver,2024-06-16,True,2024-06-16 14:45:48+00
2415,Marcus,Thibodeaux,marcus.thibodeaux54@example.org,737-555-8875,14,Bronze,2023-06-19,True,2024-04-16 18:20:34+00
2416,Lucien,Carter,lucien.carter@example.org,210-555-7550,19,Bronze,2026-02-18,True,2026-03-27 20:21:53+00
2417,Isabella,Comeaux,isabella.comeaux@example.com,512-555-1237,12,Bronze,2023-09-07,True,2025-06-02 11:41:07+00
2418,Harper,Sanchez,harper.sanchez94@example.com,512-555-8345,13,Bronze,2024-05-10,True,2024-09-14 13:30:27+00
2419,Lucas,Boudreaux,lucas.boudreaux53@example.org,469-555-8653,9,Bronze,2024-05-29,True,2024-05-29 13:01:09+00
2420,Tuan,Mitchell,tuan.mitchell90@example.com,512-555-4599,15,Bronze,2024-04-20,False,2024-04-20 08:45:06+00
2421,Jessica,Turner,jessica.turner69@example.org,713-555-7809,20,Bronze,2026-04-10,True,2026-05-24 14:16:12+00
2422,Maria,Martinez,maria.martinez11@example.com,713-555-0910,3,Bronze,2026-03-30,False,2026-03-30 18:00:06+00
2423,Lucas,McAllister,lucas.mcallister@example.org,713-555-6654,4,Bronze,2025-11-17,True,2026-03-17 00:05:26+00
2424,Aaliyah,Baker,aaliyah.baker@example.net,972-555-9548,11,Bronze,2024-06-20,True,2026-01-21 02:56:05+00
2425,Olivia,Reddy,olivia.reddy62@example.com,214-555-5904,10,Bronze,2025-11-21,False,2025-11-21 15:51:22+00
2426,Diego,Lopez,diego.lopez78@example.org,512-555-7153,12,Bronze,2025-06-16,True,2026-03-24 08:52:56+00
2427,Brianna,Le,brianna.le@example.com,281-555-0702,1,Bronze,2025-06-17,True,2025-06-17 21:32:49+00
2428,Priya,Broussard,priya.broussard7@example.org,214-555-5900,8,Bronze,2023-09-05,True,2023-09-14 02:12:53+00
2429,Hannah,Garcia,hannah.garcia36@example.com,737-555-8857,12,Bronze,2024-04-25,True,2025-04-17 14:16:24+00
2430,Abigail,O'Brien,abigail.obrien@example.net,737-555-0584,12,Bronze,2024-01-21,False,2024-01-21 21:06:10+00
2431,Aaliyah,Pham,aaliyah.pham64@example.org,737-555-4066,13,Gold,2023-04-16,True,2023-04-16 16:35:44+00
2432,Caleb,Davis,caleb.davis@example.com,512-555-0648,14,Bronze,2023-03-24,False,2023-03-24 17:19:59+00
2433,Jamal,Reyes,jamal.reyes91@example.net,737-555-1652,13,Bronze,2024-11-13,True,2024-11-13 09:20:39+00
2434,Abigail,Green,abigail.green@example.com,726-555-9313,16,Bronze,2024-04-06,True,2024-04-06 14:34:32+00
2435,Sarah,Guidry,sarah.guidry33@example.org,737-555-1176,13,Bronze,2025-06-23,False,2025-06-23 14:25:26+00
2436,Madison,Arceneaux,madison.arceneaux46@example.com,469-555-0238,11,Silver,2025-01-02,True,2026-06-25 21:00:28+00
2437,Harper,Martinez,harper.martinez@example.com,737-555-8642,12,Bronze,2023-04-04,True,2025-10-13 17:26:08+00
2438,Remy,Wilson,remy.wilson@example.org,832-555-0230,2,Bronze,2025-07-07,True,2025-07-07 12:48:11+00
2439,Maria,O'Brien,maria.obrien96@example.org,713-555-1702,6,Gold,2024-06-27,True,2024-06-27 17:31:51+00
2440,Wyatt,Turner,wyatt.turner@example.net,469-555-3718,11,Bronze,2024-09-12,False,2025-06-05 09:55:40+00
2441,Arjun,Davis,arjun.davis60@example.net,726-555-2211,17,Bronze,2026-02-02,True,2026-05-07 15:54:48+00
2442,Austin,Nguyen,austin.nguyen60@example.org,512-555-2375,14,Bronze,2026-06-16,True,2026-06-26 03:23:07+00
2443,Maria,Jackson,maria.jackson@example.net,281-555-2945,2,Gold,2023-01-25,True,2025-11-01 09:00:10+00
2444,Juan,Nelson,juan.nelson@example.net,737-555-6662,12,Bronze,2023-07-14,True,2024-03-30 11:42:01+00
2445,Andre,Nguyen,andre.nguyen90@example.org,713-555-5940,5,Silver,2024-04-12,True,2024-04-12 10:42:43+00
2446,Luis,Adams,luis.adams7@example.com,512-555-9038,15,Bronze,2026-05-15,True,2026-05-15 08:29:41+00
2447,Margot,Wilson,margot.wilson95@example.org,726-555-2936,17,Silver,2023-07-03,True,2023-07-03 13:52:23+00
2448,Madison,Smith,madison.smith86@example.org,512-555-4284,12,Bronze,2025-05-17,True,2025-05-17 17:54:01+00
2449,Carlos,LeBlanc,carlos.leblanc@example.net,737-555-6268,12,Bronze,2026-01-03,False,2026-03-27 04:13:50+00
2450,Tyrone,Torres,tyrone.torres@example.com,214-555-0083,7,Bronze,2023-07-03,True,2023-07-03 11:50:13+00
2451,Robert,Lewis,robert.lewis87@example.com,214-555-7544,9,Bronze,2024-07-07,False,2024-07-07 17:28:21+00
2452,Colton,Reyes,colton.reyes21@example.org,210-555-8944,17,Bronze,2026-05-11,True,2026-05-11 21:16:00+00
2453,Juan,Hebert,juan.hebert@example.com,512-555-8925,14,Silver,2023-10-08,True,2024-04-18 12:46:56+00
2454,Minh,Doucet,minh.doucet66@example.com,972-555-7278,11,Silver,2025-10-24,False,2025-10-24 15:49:31+00
2455,Santiago,Phillips,santiago.phillips40@example.org,214-555-0718,7,Silver,2024-11-23,True,2025-04-03 21:50:55+00
2456,Sarah,Jones,sarah.jones@example.org,713-555-6328,1,Gold,2025-11-22,True,2026-06-29 09:09:54+00
2457,Valeria,Nguyen,valeria.nguyen@example.org,281-555-9854,3,Bronze,2024-01-24,True,2025-12-23 03:34:51+00
2458,Andrew,Thibodeaux,andrew.thibodeaux97@example.org,281-555-3078,4,Silver,2024-11-06,True,2026-03-31 22:39:00+00
2459,Marcus,Williams,marcus.williams@example.org,469-555-7722,8,Bronze,2023-09-19,True,2023-09-19 13:17:36+00
2460,Wyatt,Hill,wyatt.hill@example.net,726-555-3136,19,Gold,2024-02-19,True,2025-10-31 14:37:47+00
2461,Emily,Mitchell,emily.mitchell66@example.net,214-555-0965,10,Silver,2023-07-11,True,2024-11-28 17:40:28+00
2462,Madison,Hernandez,madison.hernandez@example.com,281-555-3485,5,Bronze,2025-07-02,True,2025-07-02 21:07:06+00
2463,Abigail,Young,abigail.young@example.org,281-555-8009,3,Bronze,2023-07-21,True,2023-07-21 18:52:49+00
2464,Sarah,Harris,sarah.harris43@example.net,972-555-4921,7,Bronze,2026-05-09,True,2026-05-14 15:14:12+00
2465,Sarah,Harris,sarah.harris@example.net,726-555-1955,16,Silver,2024-05-23,False,2025-08-24 20:01:14+00
2466,Andrew,LeBlanc,andrew.leblanc26@example.org,972-555-8832,8,Silver,2024-04-15,False,2024-07-09 14:07:01+00
2467,Tuan,Diaz,tuan.diaz@example.net,512-555-3672,15,Bronze,2023-12-10,True,2023-12-10 19:42:10+00
2468,Hannah,Jones,hannah.jones99@example.org,726-555-4141,16,Bronze,2024-01-27,True,2024-01-27 09:45:05+00
2469,Lucien,Williams,lucien.williams27@example.net,281-555-0903,3,Gold,2023-11-20,False,2025-08-25 08:20:58+00
2470,Celeste,Hernandez,celeste.hernandez23@example.com,512-555-7803,12,Bronze,2026-04-04,True,2026-04-04 13:42:27+00
2471,Abigail,Comeaux,abigail.comeaux@example.com,726-555-0260,19,Bronze,2026-04-22,False,2026-04-22 17:55:41+00
2472,Luis,Martinez,luis.martinez77@example.net,972-555-0692,8,Silver,2025-10-05,False,2025-10-05 12:48:17+00
2473,Austin,Thomas,austin.thomas@example.net,281-555-2533,1,Silver,2025-12-17,True,2026-01-15 04:54:56+00
2474,Andrew,Patel,andrew.patel@example.com,210-555-7170,19,Silver,2024-12-14,False,2024-12-14 15:06:50+00
2475,Matthew,Reyes,matthew.reyes47@example.net,726-555-4145,18,Silver,2025-06-23,True,2026-04-11 06:43:21+00
2476,Ximena,Miller,ximena.miller@example.org,214-555-9799,11,Gold,2023-05-02,True,2025-05-31 23:01:08+00
2477,Arjun,Comeaux,arjun.comeaux@example.org,972-555-5240,11,Bronze,2026-05-12,False,2026-06-12 03:46:46+00
2478,Mia,Scott,mia.scott@example.com,713-555-9690,4,Bronze,2024-06-12,False,2025-05-04 16:40:44+00
2479,Joshua,Thibodeaux,joshua.thibodeaux@example.net,726-555-5528,16,Bronze,2025-02-20,True,2025-05-17 08:20:14+00
2480,Mia,Hill,mia.hill39@example.net,214-555-9932,10,Silver,2023-09-26,False,2025-06-30 17:51:20+00
2481,Darnell,Flores,darnell.flores3@example.net,281-555-2177,1,Silver,2023-04-15,True,2024-08-19 04:43:55+00
2482,Juan,Miller,juan.miller90@example.com,512-555-3437,14,Bronze,2025-08-27,False,2025-11-29 12:33:20+00
2483,Luis,Reddy,luis.reddy@example.com,726-555-4756,19,Gold,2024-05-07,False,2024-05-07 21:37:26+00
2484,Andrew,Nelson,andrew.nelson16@example.com,726-555-6879,17,Bronze,2026-04-06,False,2026-04-06 10:43:46+00
2485,Remy,Nelson,remy.nelson@example.com,832-555-4057,6,Bronze,2026-02-24,True,2026-02-24 17:15:44+00
2486,Caleb,Phillips,caleb.phillips61@example.org,281-555-4994,1,Gold,2023-03-01,True,2024-10-10 03:49:21+00
2487,Carlos,Wilson,carlos.wilson24@example.org,726-555-1228,19,Gold,2024-05-08,False,2024-12-21 06:38:53+00
2488,Darnell,Williams,darnell.williams@example.net,210-555-5769,19,Bronze,2025-02-11,True,2025-02-11 13:55:45+00
2489,Austin,Tran,austin.tran@example.net,469-555-8478,11,Bronze,2025-02-28,False,2025-02-28 20:01:27+00
2490,Mia,Turner,mia.turner43@example.com,512-555-8494,13,Bronze,2024-05-11,True,2026-03-08 03:13:14+00
2491,Mateo,McAllister,mateo.mcallister53@example.com,214-555-4272,9,Bronze,2024-02-10,True,2024-02-10 09:43:58+00
2492,Harper,Flores,harper.flores@example.com,469-555-2535,8,Bronze,2025-07-07,True,2025-07-07 21:18:37+00
2493,Darnell,Boudreaux,darnell.boudreaux@example.com,832-555-9009,3,Bronze,2023-07-22,True,2023-07-22 12:42:35+00
2494,Chloe,Kumar,chloe.kumar24@example.com,832-555-5390,2,Bronze,2023-03-23,True,2023-03-23 09:11:16+00
2495,Andrew,Mitchell,andrew.mitchell@example.org,281-555-9237,5,Silver,2023-06-21,True,2025-02-04 07:25:37+00
2496,Abigail,Hernandez,abigail.hernandez12@example.com,210-555-7260,17,Silver,2025-05-27,False,2025-05-27 13:47:46+00
2497,Mia,O'Brien,mia.obrien80@example.org,281-555-9424,3,Silver,2024-05-30,True,2024-05-30 20:54:27+00
2498,Robert,Hill,robert.hill@example.com,281-555-0827,5,Bronze,2023-02-10,True,2023-02-10 14:07:45+00
2499,Aaliyah,Jones,aaliyah.jones@example.com,972-555-8444,11,Bronze,2023-07-04,True,2023-07-04 18:35:07+00
2500,Madison,Green,madison.green@example.org,832-555-0209,4,Bronze,2023-01-31,True,2023-01-31 16:06:10+00
2501,Mateo,LeBlanc,mateo.leblanc35@example.com,210-555-2593,18,Bronze,2026-06-12,False,2026-06-12 14:03:56+00
2502,Austin,Miller,Austin.miller@Example.net,512-555-5575,15,Bronze,2026-05-24,True,2026-05-24 09:19:12+00
2503,Juan,Rodriguez,JUAN.RODRIGUEZ@EXAMPLE.NET,726-555-0664,17,Bronze,2026-03-21,True,2026-03-21 18:41:36+00
2504,Mia,Nelson,  mia.nelson@example.net ,726-555-6855,18,Bronze,2026-05-27,True,2026-05-27 20:32:36+00
2505,Jose,Garcia,Jose.garcia@Example.net,737-555-7860,12,Bronze,2026-06-23,False,2026-06-23 08:56:29+00
2506,Valeria,Nguyen,valeria.nguyen@example.org,281-555-9854,3,Bronze,2026-03-19,True,2026-03-19 21:10:41+00
2507,Austin,Nelson,austin.nelson2@example.org,737-555-8810,12,Bronze,2026-02-08,False,2026-02-08 13:48:02+00
2508,Jessica,Reddy,jessica.reddy@example.com,713-555-5876,1,Bronze,2026-02-16,True,2026-02-16 17:21:19+00
2509,Mai,Torres,MAI.TORRES@EXAMPLE.NET,512-555-7391,12,Bronze,2026-06-17,False,2026-06-17 11:43:46+00
2510,Aaliyah,Tran,aaliyah.tran6@example.net,281-555-2449,2,Bronze,2026-06-06,True,2026-06-06 09:33:17+00
2511,Wyatt,King,Wyatt.king40@Example.com,972-555-7587,7,Bronze,2026-05-06,True,2026-05-06 21:49:00+00
2512,Anika,Hernandez,  anika.hernandez22@example.com ,713-555-9048,6,Bronze,2026-05-03,False,2026-05-03 17:09:06+00
2513,Carlos,Davis,CARLOS.DAVIS@EXAMPLE.COM,832-555-2978,4,Bronze,2026-03-04,True,2026-03-04 11:34:12+00
2514,Priya,Phillips,PRIYA.PHILLIPS42@EXAMPLE.NET,512-555-2766,14,Bronze,2026-04-08,False,2026-04-08 12:59:05+00
2515,Noah,Nelson,NOAH.NELSON@EXAMPLE.NET,726-555-3972,17,Bronze,2026-03-14,True,2026-03-14 18:36:35+00
2516,Wyatt,Gomez,wyatt.gomez83@example.org,832-555-8917,5,Bronze,2026-03-18,False,2026-03-18 12:15:03+00
2517,Madison,Broussard,MADISON.BROUSSARD11@EXAMPLE.COM,832-555-7668,3,Bronze,2026-05-11,True,2026-05-11 17:37:50+00
2518,Darnell,Mitchell,darnell.mitchell14@example.com,281-555-5626,5,Bronze,2026-04-11,True,2026-04-11 08:30:52+00
2519,Ava,King,  ava.king@example.net ,726-555-8022,17,Bronze,2026-03-24,True,2026-03-24 21:49:11+00
2520,David,Tran,david.tran98@example.org,737-555-4789,12,Bronze,2026-02-23,False,2026-02-23 18:08:51+00
2521,Ethan,Harris,ETHAN.HARRIS72@EXAMPLE.NET,210-555-4793,19,Bronze,2026-04-29,True,2026-04-29 12:42:42+00
2522,Harper,Brown,harper.brown22@example.com,972-555-7666,9,Bronze,2026-03-27,True,2026-03-27 15:56:00+00
2523,Luis,Perez,luis.perez72@example.org,469-555-3768,10,Bronze,2026-01-23,True,2026-01-23 10:26:04+00
2524,Hannah,O'Brien,Hannah.obrien@Example.org,281-555-9046,1,Bronze,2026-05-04,True,2026-05-04 14:18:39+00
2525,Diego,Miller,diego.miller@example.com,737-555-2491,13,Bronze,2026-03-09,True,2026-03-09 12:56:50+00
2526,Carlos,Harris,carlos.harris@example.org,713-555-7849,4,Bronze,2026-03-21,True,2026-03-21 13:26:29+00
2527,Darnell,Boudreaux,  darnell.boudreaux@example.com ,832-555-9009,3,Bronze,2026-06-22,True,2026-06-22 19:23:06+00
2528,Emily,Phillips,  emily.phillips@example.com ,737-555-7839,13,Bronze,2026-05-04,True,2026-05-04 13:45:57+00
2529,Hannah,Thomas,  hannah.thomas17@example.org ,737-555-5884,14,Bronze,2026-01-25,False,2026-01-25 08:05:15+00
2530,Caleb,Torres,Caleb.torres@Example.org,512-555-8472,15,Bronze,2026-05-13,True,2026-05-13 14:20:35+00
2531,Destiny,Robinson,  destiny.robinson53@example.net ,832-555-7398,5,Bronze,2026-03-02,False,2026-03-02 08:43:39+00
2532,Luis,Phillips,luis.phillips@example.net,737-555-6040,15,Bronze,2026-05-15,True,2026-05-15 14:41:05+00
2533,Santiago,Williams,santiago.williams44@example.org,726-555-2092,18,Bronze,2026-03-11,False,2026-03-11 17:30:40+00
2534,Caleb,Phillips, Caleb.Phillips61@Example.Org,281-555-4994,1,Bronze,2026-04-16,True,2026-04-16 09:22:03+00
2535,Juan,Roberts,JUAN.ROBERTS@EXAMPLE.NET,469-555-4547,9,Bronze,2026-05-06,True,2026-05-06 08:53:14+00
2536,Camille,Turner,  camille.turner@example.com ,214-555-9807,8,Bronze,2026-02-13,True,2026-02-13 13:19:28+00
2537,Olivia,Smith,olivia.smith@example.org,726-555-2514,17,Bronze,2026-02-05,False,2026-02-05 14:45:16+00
2538,Tyrone,Robinson,TYRONE.ROBINSON10@EXAMPLE.NET,726-555-3179,16,Bronze,2026-05-07,False,2026-05-07 08:53:47+00
2539,Carlos,Patel,CARLOS.PATEL@EXAMPLE.COM,281-555-4235,1,Bronze,2026-01-26,True,2026-01-26 12:33:22+00
2540,Aaliyah,Landry,Aaliyah.landry6@Example.org,737-555-3661,14,Bronze,2026-05-26,False,2026-05-26 18:51:46+00
